time,source,model,temperature_2m,relative_humidity_2m,dew_point_2m,apparent_temperature,wet_bulb_temperature_2m,pressure_msl,surface_pressure,visibility,weather_code,cloud_cover,cloud_cover_low,cloud_cover_mid,cloud_cover_high,precipitation_probability,precipitation,rain,showers,snowfall,wind_speed_10m,wind_direction_10m,wind_gusts_10m,uv_index,uv_index_clear_sky,sunshine_duration,is_day,cape,lifted_index,convective_inhibition,freezing_level_height,boundary_layer_height,total_column_integrated_water_vapour,evapotranspiration,et0_fao_evapotranspiration,vapour_pressure_deficit,shortwave_radiation,direct_radiation,diffuse_radiation,direct_normal_irradiance,terrestrial_radiation,shortwave_radiation_instant,direct_radiation_instant,diffuse_radiation_instant,direct_normal_irradiance_instant,terrestrial_radiation_instant,relative_humidity_925hPa,relative_humidity_850hPa,relative_humidity_700hPa,relative_humidity_500hPa,relative_humidity_300hPa,cloud_cover_925hPa,cloud_cover_850hPa,cloud_cover_700hPa,cloud_cover_500hPa,cloud_cover_300hPa,geopotential_height_925hPa,geopotential_height_850hPa,geopotential_height_700hPa,geopotential_height_500hPa,geopotential_height_300hPa,timezone,latitude_grid,longitude_grid,elevation_m,generationtime_ms,uv_transmission,uv_attenuation,clearness_index,clearness_index_instant,direct_fraction,diffuse_fraction,direct_fraction_instant,diffuse_fraction_instant,sunshine_fraction,ghi_balance_error,ghi_balance_error_instant,upper_air_rh_max,upper_air_cloud_max,sun_score_0_100,sun_score_evidence_weight,air__pm10,air__pm2_5,air__carbon_monoxide,air__carbon_dioxide,air__nitrogen_dioxide,air__sulphur_dioxide,air__ozone,air__methane,air__aerosol_optical_depth,air__dust,air__uv_index,air__uv_index_clear_sky,air__us_aqi,air__us_aqi_pm2_5,air__us_aqi_pm10,air__us_aqi_ozone,p_cloud_lt_30,p_cloud_lt_60,p_precip_gt_0_01in,p_uv_ge_3,p_uv_ge_5,p_uv_ge_6,p_ghi_instant_ge_500,p_ghi_instant_ge_700,p_dni_instant_ge_600,p_dni_instant_ge_800,p_sun_score_ge_70,p_sun_score_ge_85,deterministic_agreement_0_100,ensemble_strong_sun_support_0_100,sun_window_confidence_0_100
2026-10-03T12:00,deterministic,best_match,86.6,20,40.8,85.3,61.0,1011.1,1001.4,79199.48,1,25,0,0,22,0,0.0,0.0,0.0,0.0,4.4,221,3.8,6.1,6.05,3600.0,1,0.0,12.5,0.0,17814.96,1394.357,9.0,0.0,0.024,3.46,804.0,713.0,91.0,961.1,1013.7,835.7,741.1,94.6,998.9,1053.7,12,13,6,10,34,0,0,0,0,0,2568.898,4990.158,10390.42,19389.764,31845.312,America/Los_Angeles,34.03202,-118.52633,86.0,75.58202743530273,1.0082644628099173,-0.008264462809917328,0.7931340633323468,0.7931099933567429,0.8868159203980099,0.11318407960199005,0.8868014837860476,0.11319851621395237,1.0,0.0,0.0,34.0,0.0,99.0,1.0,,,,,,,,,,,,,,,,,84.54564621547544,92.3887834703774,2.382458359687961,,,,98.0392156862745,85.29411764705881,85.29411764705881,29.411764705882355,90.19607843137254,75.49019607843138,63.3,88.6,79.7
2026-09-29T13:00,deterministic,best_match,84.7,20,39.2,82.7,59.8,1005.8,996.1,79199.48,0,0,0,0,0,1,0.0,0.0,0.0,0.0,6.4,219,4.5,6.65,6.65,3600.0,1,0.0,12.0,0.0,16601.051,1525.591,10.0,0.0,0.026,3.26,858.0,783.0,75.0,981.3,1088.0,860.1,784.9,75.2,983.7,1090.8,13,20,3,11,30,0,0,0,0,0,2408.137,4826.116,10206.693,19133.86,31538.396,America/Los_Angeles,34.03202,-118.52633,86.0,75.58202743530273,1.0,0.0,0.7886029411764706,0.7885038503850386,0.9125874125874126,0.08741258741258741,0.9125683060109289,0.08743169398907104,1.0,0.0,0.0,30.0,0.0,98.9,1.0,,,,,,,,,,,,,,,,,80.66097406704617,87.80834914611006,5.3605313092979125,,,,94.77124183006536,86.92810457516339,85.62091503267975,40.64937803078221,87.58169934640523,76.280834914611,19.4,87.8,63.9
2026-09-29T14:00,deterministic,best_match,83.8,22,40.9,81.3,60.1,1005.3,995.6,79199.48,0,0,0,0,0,1,0.0,0.0,0.0,0.0,7.5,219,5.4,6.35,6.35,3600.0,1,0.0,11.4,0.0,16666.666,1427.165,10.4,0.0,0.025,3.09,836.0,760.0,76.0,970.9,1067.7,808.1,734.6,73.5,938.5,1032.2,13,21,4,10,30,0,0,0,0,0,2398.294,4819.554,10203.412,19130.578,31533.104,America/Los_Angeles,34.03202,-118.52633,86.0,75.58202743530273,1.0,0.0,0.7829914770066497,0.7828909126138345,0.9090909090909091,0.09090909090909091,0.9090459101596338,0.09095408984036629,1.0,0.0,0.0,30.0,0.0,98.9,1.0,,,,,,,,,,,,,,,,,81.15117014547755,89.91144845034788,5.3605313092979125,,,,93.4640522875817,84.54564621547543,85.19924098671727,13.367067257010332,88.8888888888889,74.97364537212735,19.1,87.4,63.5
2026-09-29T12:00,deterministic,best_match,85.8,17,36.0,83.5,59.0,1006.3,996.6,79199.48,0,0,0,0,0,1,0.0,0.0,0.0,0.0,4.6,219,4.0,6.25,6.25,3600.0,1,0.0,12.5,0.0,16502.625,1558.399,9.5,0.0,0.024,3.5,811.0,739.0,72.0,976.4,1031.8,843.0,768.2,74.8,1014.9,1072.6,14,19,3,11,30,0,0,0,0,0,2421.26,4829.397,10209.974,19140.42,31548.98,America/Los_Angeles,34.03202,-118.52633,86.0,75.58202743530273,1.0,0.0,0.786005039736383,0.7859407048293866,0.9112207151664612,0.08877928483353884,0.9112692763938316,0.08873072360616845,1.0,0.0,0.0,30.0,0.0,98.9,1.0,,,,,,,,,,,,,,,,,81.4674256799494,87.31815306767868,5.3605313092979125,,,,94.11764705882354,83.89205144423362,83.89205144423362,56.251317731393634,87.58169934640523,79.3168880455408,17.1,86.2,62.0
2026-10-04T13:00,deterministic,best_match,85.4,27,47.7,84.8,63.4,1009.0,999.3,79199.48,0,7,0,0,7,1,0.0,0.0,0.0,0.0,6.6,215,5.4,6.35,6.35,3600.0,1,0.0,9.4,0.0,16929.134,1673.228,14.2,0.0,0.025,3.04,822.0,748.0,74.0,962.0,1063.3,823.2,749.1,74.1,963.5,1065.0,17,23,7,7,16,0,0,0,0,0,2509.843,4934.384,10337.927,19311.024,31734.19,America/Los_Angeles,34.03202,-118.52633,86.0,75.58202743530273,1.0,0.0,0.7730649863632089,0.7729577464788733,0.9099756690997567,0.09002433090024331,0.9099854227405247,0.0900145772594752,1.0,0.0,0.0,23.0,0.0,98.8,1.0,,,,,,,,,,,,,,,,,84.7775669407548,91.50326797385621,0.6535947712418301,,,,97.05882352941177,84.31372549019608,83.33333333333334,17.647058823529413,86.27450980392157,58.8235294117647,64.2,87.7,79.5
2026-10-01T13:00,deterministic,best_match,78.2,47,56.4,78.5,64.6,1009.4,999.5,79199.48,0,0,0,0,0,0,0.0,0.0,0.0,0.0,10.5,153,10.5,6.5,6.5,3600.0,1,0.0,8.5,0.0,17158.792,3133.202,13.7,0.0,0.023,1.75,830.0,748.0,82.0,947.0,1078.3,831.7,749.5,82.2,949.0,1080.6,65,11,6,4,16,0,0,0,0,0,2470.473,4835.958,10206.693,19173.228,31612.478,America/Los_Angeles,34.03202,-118.52633,86.0,75.58202743530273,1.0,0.0,0.7697301307613837,0.7696650009254119,0.9012048192771084,0.09879518072289156,0.9011662859204039,0.098833714079596,1.0,0.0,0.0,65.0,0.0,98.8,1.0,,,,,,,,,,,,,,,,,77.54585705249842,88.75711574952562,1.7868437697659707,,,,94.34956778410289,86.08475648323845,85.43116171199664,30.23402909550917,89.77440438541008,75.2055660974067,24.5,88.2,65.9
2026-09-27T13:00,deterministic,best_match,78.5,41,52.9,79.2,63.0,1010.8,1000.9,79199.48,0,0,0,0,0,1,0.0,0.0,0.0,0.0,7.6,214,5.8,6.65,6.65,3600.0,1,0.0,5.8,0.0,14927.821,1968.504,13.0,0.0,0.023,1.96,852.0,771.0,81.0,956.7,1097.6,854.4,773.2,81.2,959.4,1100.8,30,25,9,9,16,0,0,0,0,0,2526.247,4904.856,10239.501,19078.084,31432.564,America/Los_Angeles,34.03202,-118.52633,86.0,75.58202743530273,1.0,0.0,0.7762390670553937,0.7761627906976745,0.9049295774647887,0.09507042253521127,0.9049625468164795,0.09503745318352061,1.0,0.0,-1.1368683772161603e-13,30.0,0.0,98.8,1.0,,,,,,,,,,,,,,,,,47.422517394054395,58.14358001265022,0.9803921568627451,,,,86.27450980392156,62.59751212312883,56.9470799072317,19.58675943495678,62.59751212312883,43.03183639047017,24.1,65.2,50.8
2026-10-04T14:00,deterministic,best_match,85.3,28,48.5,84.0,63.7,1008.5,998.8,79199.48,0,0,0,0,0,1,0.0,0.0,0.0,0.0,7.9,220,7.4,6.05,6.05,3600.0,1,0.0,9.6,0.0,16929.134,1755.249,14.3,0.0,0.025,2.98,801.0,727.0,74.0,955.4,1040.9,772.8,701.4,71.4,921.8,1004.3,18,23,7,6,18,0,0,0,0,0,2496.719,4921.26,10328.084,19301.182,31734.19,America/Los_Angeles,34.03202,-118.52633,86.0,75.58202743530273,1.0,0.0,0.7695263714093572,0.7694911878920642,0.9076154806491885,0.09238451935081149,0.907608695652174,0.0923913043478261,1.0,0.0,0.0,23.0,0.0,98.7,1.0,,,,,,,,,,,,,,,,,84.7775669407548,91.50326797385621,0.6535947712418301,,,,97.05882352941177,74.50980392156862,83.33333333333334,7.843137254901961,89.2156862745098,56.86274509803922,68.5,84.7,79.0
2026-10-04T12:00,deterministic,best_match,85.4,26,46.7,84.9,63.0,1009.7,1000.0,79199.48,0,18,0,0,18,0,0.0,0.0,0.0,0.0,4.9,204,3.4,6.0,6.05,3600.0,1,0.0,9.1,0.0,16961.944,1459.974,14.0,0.0,0.023,3.08,774.0,700.0,74.0,948.4,1009.1,804.5,727.6,76.9,985.8,1048.9,17,22,7,9,14,0,0,0,0,0,2526.247,4944.226,10347.77,19320.868,31734.19,America/Los_Angeles,34.03202,-118.52633,86.0,75.58202743530273,0.9917355371900827,0.008264462809917328,0.7670201169358835,0.7669939937076937,0.9043927648578811,0.09560723514211886,0.9044126786824115,0.09558732131758857,1.0,0.0,0.0,22.0,0.0,98.7,1.0,,,,,,,,,,,,,,,,,83.47037739827114,89.54248366013071,0.6535947712418301,,,,95.09803921568627,77.45098039215685,80.39215686274511,28.43137254901961,88.23529411764706,60.7843137254902,59.3,84.2,75.5
2026-10-01T14:00,deterministic,best_match,78.4,45,55.3,78.4,64.2,1009.0,999.1,79199.48,0,0,0,0,0,0,0.0,0.0,0.0,0.0,9.8,164,8.7,6.2,6.2,3600.0,1,0.0,8.8,0.0,17158.792,3051.181,13.6,0.0,0.022,1.83,810.0,727.0,83.0,939.2,1057.1,782.4,702.2,80.2,907.1,1021.1,61,12,6,4,14,0,0,0,0,0,2460.63,4829.397,10196.851,19166.666,31601.896,America/Los_Angeles,34.03202,-118.52633,86.0,75.58202743530273,1.0,0.0,0.7662472802951472,0.7662324943688179,0.8975308641975308,0.10246913580246914,0.8974948875255625,0.10250511247443764,1.0,0.0,-1.1368683772161603e-13,61.0,0.0,98.7,1.0,,,,,,,,,,,,,,,,,79.15876027830487,90.40164452877926,1.7868437697659707,,,,94.34956778410289,84.12397216951297,85.43116171199664,11.216529622601728,88.04554079696395,72.59118701243938,30.4,88.0,67.8
2026-10-01T12:00,deterministic,best_match,77.4,50,57.3,77.3,64.8,1009.9,1000.0,79199.48,0,0,0,0,0,0,0.0,0.0,0.0,0.0,11.0,142,12.1,6.15,6.15,3600.0,1,0.0,8.2,0.0,17125.984,3116.798,14.1,0.0,0.021,1.61,783.0,704.0,79.0,939.4,1022.8,813.9,731.7,82.1,976.4,1063.3,70,11,7,3,16,0,0,0,0,0,2480.315,4845.801,10213.255,19183.07,31617.772,America/Los_Angeles,34.03202,-118.52633,86.0,75.58202743530273,1.0,0.0,0.7655455612045367,0.7654471927019656,0.8991060025542784,0.10089399744572158,0.8990047917434575,0.10087234303968547,1.0,0.0,0.09999999999990905,70.0,0.0,98.7,1.0,,,,,,,,,,,,,,,,,79.01644528779254,88.75711574952561,1.7868437697659707,,,,93.69597301286107,84.12397216951297,86.50643052920093,42.33607421463209,89.77440438541008,72.16951296647692,20.2,88.0,64.3
2026-09-27T12:00,deterministic,best_match,79.0,41,53.3,79.9,63.4,1011.5,1001.6,79199.48,0,0,0,0,0,1,0.0,0.0,0.0,0.0,6.4,200,4.5,6.3,6.3,3600.0,1,0.0,5.6,0.0,14862.205,2017.717,13.1,0.0,0.022,1.99,803.0,725.0,78.0,948.8,1040.5,834.7,753.6,81.1,986.3,1081.8,32,25,9,6,18,0,0,0,0,0,2539.37,4917.979,10255.905,19087.926,31443.146,America/Los_Angeles,34.03202,-118.52633,86.0,75.58202743530273,1.0,0.0,0.7717443536761173,0.7715843963764097,0.9028642590286425,0.09713574097135741,0.9028393434766981,0.09716065652330177,1.0,0.0,0.0,32.0,0.0,98.7,1.0,,,,,,,,,,,,,,,,,43.5325743200506,60.24667931688805,0.9803921568627451,,,,85.19924098671727,58.675943495677835,58.675943495677835,22.201138519924097,61.29032258064516,42.37824161922833,24.0,65.0,50.6
2026-09-27T14:00,deterministic,best_match,78.1,42,53.1,78.2,63.0,1010.2,1000.3,79199.48,0,0,0,0,0,1,0.0,0.0,0.0,0.0,8.6,221,7.2,6.35,6.35,3600.0,1,0.0,5.9,0.0,14993.438,1886.483,13.0,0.0,0.023,1.9,832.0,750.0,82.0,947.7,1078.2,804.9,725.5,79.3,916.8,1043.1,28,25,9,13,14,0,0,0,0,0,2509.843,4891.733,10226.378,19064.96,31427.272,America/Los_Angeles,34.03202,-118.52633,86.0,75.58202743530273,1.0,0.0,0.7716564644778334,0.7716422203048605,0.9014423076923077,0.0985576923076923,0.9013542054913655,0.09852155547272953,1.0,0.0,0.10000000000002274,28.0,0.0,98.7,1.0,,,,,,,,,,,,,,,,,48.402909550917144,57.51106894370651,0.9803921568627451,,,,81.93126713050812,51.29664769133459,50.64305292009277,7.526881720430107,62.36559139784945,41.07105207674468,24.2,59.5,47.1
2026-09-24T13:00,deterministic,best_match,81.5,49,60.5,85.0,68.0,1010.8,1001.0,79199.48,0,0,0,0,0,0,0.0,0.0,0.0,0.0,7.2,202,3.8,6.8,6.8,3600.0,1,90.0,0.0,240.0,14009.187,1394.357,23.0,0.0,0.024,1.87,841.0,759.0,82.0,928.5,1111.5,843.8,761.6,82.3,931.6,1115.4,31,26,43,9,12,0,0,0,0,0,2542.651,4967.192,10360.893,19150.262,31390.23,America/Los_Angeles,34.03202,-118.52633,86.0,75.58202743530273,1.0,0.0,0.7566351776878093,0.7564999103460641,0.9024970273483948,0.09750297265160524,0.9025835506044088,0.09753496089120645,1.0,0.0,-0.10000000000002274,43.0,0.0,98.6,1.0,32.6,28.0,153.0,449.0,28.9,7.8,106.0,1409.0,0.17,2.0,7.5,7.5,91.0,91.0,32.0,14.0,98.21315623023403,100.0,0.0,,,,100.0,98.69281045751633,95.42483660130718,2.150537634408602,100.0,70.39848197343453,23.6,98.0,72.0
2026-09-28T13:00,deterministic,best_match,80.8,24,40.6,77.9,58.8,1008.6,998.8,79199.48,0,0,0,0,0,3,0.0,0.0,0.0,0.0,8.6,217,8.1,6.6,6.6,3600.0,1,0.0,13.9,0.0,16765.092,2985.564,9.1,0.0,0.026,2.72,864.0,789.0,75.0,983.9,1092.9,866.3,791.1,75.2,986.5,1095.8,20,23,4,7,14,0,0,0,0,0,2460.63,4835.958,10180.446,19124.016,31548.98,America/Los_Angeles,34.03202,-118.52633,86.0,75.58202743530273,1.0,0.0,0.7905572330496843,0.790563971527651,0.9131944444444444,0.08680555555555555,0.9131940436338452,0.08680595636615492,1.0,0.0,-1.1368683772161603e-13,23.0,0.0,98.6,1.0,,,,,,,,,,,,,,,,,68.61163820366856,80.45540796963947,4.237824161922834,,,,83.04870335230866,78.47353995361586,77.1663504111322,36.26396795277251,78.47353995361586,64.55829643685432,15.3,81.0,58.0
2026-09-28T12:00,deterministic,best_match,80.2,22,37.9,78.4,57.6,1009.4,999.6,79199.48,0,0,0,0,0,3,0.0,0.0,0.0,0.0,4.6,227,5.1,6.25,6.25,3600.0,1,0.0,14.8,0.0,16666.666,2509.843,9.3,0.0,0.023,2.75,814.0,741.0,73.0,974.3,1036.2,846.1,770.3,75.9,1012.8,1077.2,23,26,3,6,14,0,0,0,0,0,2473.754,4845.801,10183.728,19124.016,31543.688,America/Los_Angeles,34.03202,-118.52633,86.0,75.58202743530273,1.0,0.0,0.7855626326963906,0.7854623096917935,0.9103194103194103,0.08968058968058969,0.9104124807942323,0.08970570854508923,1.0,0.0,-0.09999999999990905,26.0,0.0,98.6,1.0,,,,,,,,,,,,,,,,,69.73434535104364,79.47501581277672,4.237824161922834,,,,83.04870335230866,72.82310773771873,72.82310773771873,46.06788952139996,77.81994518237401,65.21189120809613,15.0,77.6,55.7
2026-10-02T13:00,deterministic,best_match,77.1,52,58.1,79.1,65.0,1009.2,999.3,79199.48,0,0,0,0,0,1,0.0,0.0,0.0,0.0,7.9,200,4.0,6.4,6.4,3600.0,1,0.0,8.8,0.0,17585.302,2526.247,15.9,0.0,0.022,1.52,822.0,740.0,82.0,941.8,1073.3,823.5,741.4,82.2,943.5,1075.4,71,22,9,3,22,0,0,0,0,0,2463.911,4832.677,10216.535,19219.16,31638.938,America/Los_Angeles,34.03202,-118.52633,86.0,75.58202743530273,1.0,0.0,0.7658622938600578,0.7657615770875953,0.9002433090024331,0.09975669099756691,0.9003035822707953,0.09981785063752277,1.0,0.0,-0.10000000000002274,71.0,0.0,98.5,1.0,,,,,,,,,,,,,,,,,85.43116171199661,92.62070419565676,0.0,,,,98.0392156862745,92.15686274509804,90.19607843137254,18.627450980392158,94.11764705882354,72.54901960784314,59.7,92.7,81.2
2026-09-24T14:00,deterministic,best_match,80.6,51,60.8,83.3,67.8,1010.5,1000.7,2034.121,45,0,0,0,0,0,0.0,0.0,0.0,0.0,8.6,217,6.3,6.6,6.6,3600.0,1,70.0,-0.1,276.0,14140.42,1361.549,22.2,0.0,0.023,1.75,826.0,744.0,82.0,925.4,1093.5,800.0,720.5,79.4,896.2,1059.1,30,27,34,9,10,0,0,0,0,0,2532.808,4960.63,10351.05,19146.982,31390.23,America/Los_Angeles,34.03202,-118.52633,86.0,75.58202743530273,1.0,0.0,0.7553726566072245,0.7553583231045228,0.9007263922518159,0.09927360774818401,0.900625,0.09925,1.0,0.0,0.10000000000002274,34.0,0.0,98.5,1.0,28.9,24.6,124.0,441.0,22.6,7.5,116.0,1388.0,0.16,2.0,6.4,6.4,92.0,92.0,32.0,21.0,97.89690069576217,100.0,0.0,,,,100.0,97.38562091503267,95.42483660130718,0.0,100.0,68.6696183849884,24.9,97.6,72.2
2026-09-30T13:00,deterministic,best_match,84.6,30,49.8,83.8,64.0,1004.5,994.8,79199.48,0,0,0,0,0,1,0.0,0.0,0.0,0.0,8.4,224,8.3,6.55,6.55,3600.0,1,0.0,7.7,0.0,16437.008,1345.144,19.8,0.0,0.025,2.84,825.0,748.0,77.0,942.2,1083.2,826.8,749.7,77.2,944.3,1085.7,24,30,26,9,8,0,0,0,0,0,2378.609,4806.431,10203.412,19124.016,31591.312,America/Los_Angeles,34.03202,-118.52633,86.0,75.58202743530273,1.0,0.0,0.7616322008862629,0.761536336004421,0.9066666666666666,0.09333333333333334,0.9067489114658926,0.0933720367682632,1.0,0.0,-0.10000000000013642,30.0,0.0,98.5,1.0,,,,,,,,,,,,,,,,,80.48703352308665,88.12460468058191,1.4705882352941175,,,,94.58148850938225,85.89500316255534,83.28062407758803,30.191861690912926,87.85578747628084,74.78389205144423,42.5,87.3,71.6
2026-09-30T12:00,deterministic,best_match,85.0,27,47.3,83.8,63.1,1005.2,995.5,79199.48,0,0,0,0,0,1,0.0,0.0,0.0,0.0,6.7,222,6.0,6.2,6.2,3600.0,1,0.0,8.6,0.0,16404.199,1279.528,19.5,0.0,0.024,3.0,779.0,706.0,73.0,937.4,1027.3,809.7,733.8,75.9,974.4,1068.0,24,31,21,7,8,0,0,0,0,0,2395.013,4819.554,10213.255,19130.578,31591.312,America/Los_Angeles,34.03202,-118.52633,86.0,75.58202743530273,1.0,0.0,0.75829845225348,0.7581460674157304,0.9062901155327343,0.09370988446726572,0.9062615783623563,0.09373842163764358,1.0,0.0,1.1368683772161603e-13,31.0,0.0,98.5,1.0,,,,,,,,,,,,,,,,,79.33270082226439,86.33776091081594,1.4705882352941175,,,,94.58148850938225,81.31983976386253,81.97343453510437,40.18553658022349,85.89500316255534,73.47670250896057,43.3,85.1,70.5
2026-09-28T14:00,deterministic,best_match,80.6,27,43.5,76.8,59.8,1007.9,998.1,79199.48,0,0,0,0,0,3,0.0,0.0,0.0,0.0,11.4,212,10.1,6.3,6.3,3600.0,1,0.0,13.2,0.0,16896.326,3116.798,9.1,0.0,0.026,2.6,844.0,767.0,77.0,974.5,1073.0,816.1,741.7,74.5,942.3,1037.7,18,20,4,7,14,0,0,0,0,0,2444.226,4826.116,10173.885,19124.016,31554.274,America/Los_Angeles,34.03202,-118.52633,86.0,75.58202743530273,1.0,0.0,0.7865796831314072,0.7864508046641611,0.9087677725118484,0.09123222748815166,0.9088347016297023,0.09128783237348365,1.0,0.0,-0.10000000000002274,20.0,0.0,98.5,1.0,,,,,,,,,,,,,,,,,71.37887413029728,82.0999367488931,4.237824161922834,,,,83.70229812355049,77.1663504111322,77.1663504111322,14.442336074214632,78.47353995361586,65.21189120809613,16.2,80.9,58.3
2026-10-03T13:00,deterministic,best_match,85.5,24,44.6,84.5,62.2,1010.6,1000.9,79199.48,1,43,0,0,40,0,0.0,0.0,0.0,0.0,6.0,222,4.7,6.35,6.4,3600.0,1,0.0,11.4,0.0,17782.152,1624.016,9.3,0.0,0.025,3.18,828.0,710.0,118.0,908.3,1068.3,829.4,711.2,118.2,909.9,1070.3,11,13,6,10,40,0,0,0,0,0,2559.055,4980.315,10383.858,19386.482,31840.024,America/Los_Angeles,34.03202,-118.52633,86.0,75.58202743530273,0.9921874999999999,0.007812500000000111,0.7750631844987363,0.774922918807811,0.857487922705314,0.14251207729468598,0.857487340245961,0.14251265975403907,1.0,0.0,-1.1368683772161603e-13,40.0,0.0,98.4,1.0,,,,,,,,,,,,,,,,,86.50643052920093,92.3887834703774,2.382458359687961,,,,99.01960784313725,87.25490196078431,87.25490196078431,19.607843137254903,92.15686274509804,74.50980392156863,64.9,89.8,81.1
2026-10-02T14:00,deterministic,best_match,77.3,52,58.4,78.7,65.2,1008.7,998.8,79199.48,0,0,0,0,0,1,0.0,0.0,0.0,0.0,9.1,205,4.5,6.1,6.1,3600.0,1,0.0,8.7,0.0,17716.536,2345.801,15.8,0.0,0.021,1.54,801.0,718.0,83.0,932.8,1051.7,773.4,693.2,80.1,900.6,1015.5,66,23,8,3,18,0,0,0,0,0,2454.068,4829.397,10213.255,19222.442,31638.938,America/Los_Angeles,34.03202,-118.52633,86.0,75.58202743530273,1.0,0.0,0.7616240372729866,0.7615952732644018,0.8963795255930087,0.10362047440699126,0.896302042927334,0.10356865787432118,1.0,0.0,0.09999999999990905,66.0,0.0,98.4,1.0,,,,,,,,,,,,,,,,,86.08475648323845,93.27429896689858,0.0,,,,97.05882352941177,84.31372549019608,90.19607843137254,1.9607843137254901,95.09803921568627,70.58823529411765,62.6,90.5,80.7
2026-10-02T12:00,deterministic,best_match,75.9,53,57.6,78.3,64.3,1009.7,999.8,79199.48,0,0,0,0,0,1,0.0,0.0,0.0,0.0,5.7,191,3.8,6.05,6.05,3600.0,1,0.0,9.0,0.0,17486.876,2575.459,16.0,0.0,0.02,1.44,774.0,694.0,80.0,930.7,1018.3,804.5,721.3,83.2,967.4,1058.5,76,22,10,4,28,0,0,0,0,0,2473.754,4835.958,10219.816,19219.16,31638.938,America/Los_Angeles,34.03202,-118.52633,86.0,75.58202743530273,1.0,0.0,0.7600903466561917,0.7600377893245158,0.896640826873385,0.10335917312661498,0.8965817277812306,0.10341827221876942,1.0,0.0,0.0,76.0,0.0,98.4,1.0,,,,,,,,,,,,,,,,,84.7775669407548,90.00632511068943,0.0,,,,98.0392156862745,85.29411764705883,85.29411764705883,25.49019607843137,93.13725490196079,71.56862745098039,57.2,88.4,77.5
2026-09-24T12:00,deterministic,best_match,80.4,52,61.2,84.2,67.9,1011.2,1001.4,79199.48,0,0,0,0,0,0,0.0,0.0,0.0,0.0,6.1,204,3.1,6.25,6.25,3600.0,1,100.0,0.0,248.0,13910.762,1328.74,23.5,0.0,0.022,1.7,790.0,709.0,81.0,915.1,1053.2,821.3,737.1,84.2,951.4,1095.0,31,25,44,9,14,0,0,0,0,0,2552.494,4973.754,10364.173,19153.542,31395.52,America/Los_Angeles,34.03202,-118.52633,86.0,75.58202743530273,1.0,0.0,0.750094948727687,0.7500456621004565,0.8974683544303798,0.10253164556962026,0.8974796055034702,0.1025203944965299,1.0,0.0,-1.1368683772161603e-13,44.0,0.0,98.4,1.0,36.3,31.5,194.0,461.0,36.3,7.8,91.0,1436.0,0.18,3.0,7.3,7.3,91.0,91.0,32.0,9.0,95.93611638203669,99.19354838709677,0.0,,,,100.0,91.08159392789373,89.77440438541008,29.032258064516128,99.34640522875816,64.51612903225806,27.5,93.6,70.5
2026-09-30T14:00,deterministic,best_match,84.5,32,51.5,83.4,64.7,1003.9,994.2,79199.48,0,0,0,0,0,1,0.0,0.0,0.0,0.0,9.5,225,10.5,6.25,6.25,3600.0,1,0.0,7.0,0.0,16437.008,1394.357,20.1,0.0,0.025,2.75,805.0,727.0,78.0,933.9,1062.4,777.8,702.5,75.4,902.4,1026.7,24,29,29,9,8,0,0,0,0,0,2362.205,4793.307,10190.289,19114.174,31586.02,America/Los_Angeles,34.03202,-118.52633,86.0,75.58202743530273,1.0,0.0,0.7577183734939759,0.7575728060777247,0.9031055900621118,0.0968944099378882,0.9031884803291335,0.09694008742607356,1.0,0.0,-0.10000000000002274,29.0,0.0,98.4,1.0,,,,,,,,,,,,,,,,,78.70018975332067,88.12460468058191,1.4705882352941175,,,,94.58148850938225,81.97343453510437,83.28062407758803,10.141260805397428,87.20219270503901,72.40143369175627,41.6,86.1,70.5
2026-10-05T13:00,deterministic,best_match,82.3,36,52.7,82.5,64.4,1008.8,999.0,79199.48,0,0,0,0,0,6,0.0,0.0,0.0,0.0,7.7,206,6.0,6.3,6.3,3600.0,1,0.0,8.6,0.0,16863.518,1738.845,14.1,0.0,0.024,2.41,815.0,738.0,77.0,954.2,1058.3,816.1,739.0,77.1,955.5,1059.8,26,24,10,7,30,0,0,0,0,0,2486.877,4891.733,10295.275,19255.25,31681.27,America/Los_Angeles,34.03202,-118.52633,86.0,75.58202743530273,1.0,0.0,0.770102995369933,0.7700509530100019,0.905521472392638,0.09447852760736196,0.9055262835436834,0.09447371645631662,1.0,0.0,0.0,30.0,0.0,97.8,1.0,,,,,,,,,,,,,,,,,86.73835125448028,93.4640522875817,0.6535947712418301,,,,99.01960784313725,89.2156862745098,90.19607843137254,17.647058823529413,96.07843137254902,68.62745098039215,61.3,91.9,81.2
2026-10-05T14:00,deterministic,best_match,81.7,37,52.9,81.2,64.3,1008.3,998.5,79199.48,0,0,0,0,0,6,0.0,0.0,0.0,0.0,8.8,212,7.4,6.0,6.0,3600.0,1,0.0,8.2,0.0,16863.518,1755.249,13.7,0.0,0.023,2.33,794.0,716.0,78.0,946.4,1035.4,765.7,690.5,75.2,912.7,998.7,25,22,10,7,30,0,0,0,0,0,2473.754,4881.89,10285.434,19242.126,31660.106,America/Los_Angeles,34.03202,-118.52633,86.0,75.58202743530273,1.0,0.0,0.766853389994205,0.7666967057174326,0.9017632241813602,0.0982367758186398,0.9017892124853075,0.09821078751469244,1.0,0.0,0.0,30.0,0.0,97.7,1.0,,,,,,,,,,,,,,,,,85.00948766603415,95.42483660130718,0.6535947712418301,,,,98.0392156862745,76.47058823529412,89.2156862745098,2.941176470588235,94.11764705882354,70.58823529411765,63.0,88.2,79.4
2026-10-05T12:00,deterministic,best_match,82.6,34,51.4,82.8,63.9,1009.3,999.5,79199.48,0,0,0,0,0,6,0.0,0.0,0.0,0.0,6.0,193,4.3,6.0,6.0,3600.0,1,0.0,9.1,0.0,16830.708,1591.207,14.3,0.0,0.022,2.51,769.0,695.0,74.0,946.6,1004.4,799.3,722.4,76.9,983.8,1044.1,25,24,9,6,26,0,0,0,0,0,2496.719,4904.856,10308.399,19265.092,31697.146,America/Los_Angeles,34.03202,-118.52633,86.0,75.58202743530273,1.0,0.0,0.7656312226204699,0.7655396992625227,0.9037711313394018,0.09622886866059818,0.9037908169648443,0.09620918303515577,1.0,0.0,0.0,26.0,0.0,97.7,1.0,,,,,,,,,,,,,,,,,88.04554079696395,92.81045751633987,0.6535947712418301,,,,99.01960784313725,80.3921568627451,87.25490196078431,24.509803921568626,94.11764705882354,68.62745098039215,59.9,88.1,78.2
2026-09-23T12:00,deterministic,best_match,72.1,83,66.6,78.4,68.2,1012.5,1002.5,49868.764,0,16,16,0,0,0,0.0,0.0,0.0,0.0,6.0,236,6.3,6.3,6.3,3600.0,1,0.0,2.2,0.0,14829.396,1148.294,20.0,0.0,0.018,0.46,794.0,685.0,109.0,880.5,1057.3,825.6,712.2,113.3,915.5,1099.3,28,25,26,10,8,0,0,0,0,0,2588.583,5006.562,10370.735,19192.914,31448.438,America/Los_Angeles,34.03202,-118.52633,86.0,75.58202743530273,1.0,0.0,0.7509694504870897,0.7510233785135996,0.8627204030226701,0.13727959697732997,0.8626453488372093,0.13723352713178294,1.0,0.0,0.10000000000002274,28.0,0.0,97.3,1.0,32.6,26.7,201.0,471.0,25.9,6.2,84.0,1606.0,0.16,4.0,7.4,7.4,75.0,75.0,24.0,9.0,98.0392156862745,100.0,0.0,,,,100.0,100.0,100.0,48.36601307189542,100.0,84.9673202614379,29.8,100.0,75.4
2026-09-26T15:00,deterministic,best_match,82.4,36,52.8,82.0,64.5,1010.1,1000.3,79199.48,0,9,0,0,5,0,0.0,0.0,0.0,0.0,7.7,216,6.0,5.7,5.7,3600.0,1,0.0,6.5,0.0,15912.073,1624.016,13.0,0.0,0.022,2.42,755.0,678.0,77.0,933.6,989.1,700.9,629.4,71.5,866.7,918.4,25,22,7,13,72,0,0,0,0,0,2526.247,4927.822,10285.434,19169.948,31607.19,America/Los_Angeles,34.03202,-118.52633,86.0,75.58202743530273,1.0,0.0,0.7633201900717824,0.763175087108014,0.8980132450331125,0.10198675496688742,0.8979883007561706,0.10201169924382937,1.0,0.0,0.0,72.0,0.0,97.2,1.0,25.1,22.1,131.0,442.0,18.6,7.3,106.0,1349.0,0.12,1.0,4.05,4.4,90.0,90.0,30.0,25.0,39.53194180898166,53.162555344718534,0.0,,,,98.69281045751633,4.532995994096564,67.44676365169724,0.0,92.81045751633987,20.59877714526671,32.6,50.6,44.3
2026-09-29T15:00,deterministic,best_match,83.8,23,42.1,80.6,60.5,1004.8,995.1,79199.48,0,0,0,0,0,1,0.0,0.0,0.0,0.0,7.8,219,6.7,5.2,5.2,3600.0,1,0.0,10.8,0.0,16633.857,1246.719,10.6,0.0,0.023,3.05,749.0,680.0,69.0,954.3,972.2,693.9,630.0,63.9,884.2,900.8,13,20,6,10,30,0,0,0,0,0,2385.171,4809.712,10196.851,19124.016,31533.104,America/Los_Angeles,34.03202,-118.52633,86.0,75.58202743530273,1.0,0.0,0.770417609545361,0.7703152753108349,0.9078771695594126,0.09212283044058744,0.9079118028534371,0.09208819714656291,1.0,0.0,0.0,30.0,0.0,94.7,1.0,,,,,,,,,,,,,,,,,80.66097406704617,90.0853889943074,5.3605313092979125,,,,92.15686274509805,1.7288635884461312,83.47037739827114,0.0,87.81362007168458,67.5943495677841,17.7,61.9,46.4
2026-09-27T15:00,deterministic,best_match,78.1,42,53.1,77.2,63.0,1009.7,999.8,79199.48,0,0,0,0,0,1,0.0,0.0,0.0,0.0,8.9,221,8.3,5.25,5.25,3600.0,1,0.0,5.9,0.0,14960.63,1788.058,13.2,0.0,0.021,1.9,749.0,675.0,74.0,935.3,983.5,694.9,626.2,68.7,867.7,912.6,28,24,9,23,14,0,0,0,0,0,2496.719,4881.89,10216.535,19055.12,31416.69,America/Los_Angeles,34.03202,-118.52633,86.0,75.58202743530273,1.0,0.0,0.7615658362989324,0.7614507999123383,0.9012016021361816,0.09879839786381843,0.9011368542236294,0.0988631457763707,1.0,0.0,-1.1368683772161603e-13,28.0,0.0,94.7,1.0,,,,,,,,,,,,,,,,,51.02783048703352,60.420619860847566,0.9803921568627451,,,,68.01602361374657,8.602150537634408,50.83280624077588,0.0,61.71199662660763,35.65254058612692,30.7,47.3,41.5
2026-10-03T14:00,deterministic,best_match,84.9,27,47.2,83.5,63.0,1010.1,1000.3,79199.48,2,60,0,0,58,0,0.0,0.0,0.0,0.0,7.0,225,5.6,5.85,6.1,3600.0,1,0.0,10.6,0.0,17749.344,1689.633,9.5,0.0,0.024,2.99,773.0,625.0,148.0,816.6,1046.3,746.0,603.2,142.8,788.2,1009.9,11,13,6,9,46,0,0,0,0,0,2549.213,4973.754,10380.577,19379.922,31829.44,America/Los_Angeles,34.03202,-118.52633,86.0,75.58202743530273,0.9590163934426229,0.040983606557377095,0.73879384497754,0.7386869987127439,0.8085381630012937,0.19146183699870634,0.8085790884718499,0.19142091152815016,1.0,0.0,0.0,46.0,0.0,94.5,1.0,,,,,,,,,,,,,,,,,88.46721484292642,92.3887834703774,2.382458359687961,,,,97.05882352941177,83.33333333333334,87.25490196078431,2.941176470588235,92.15686274509804,71.56862745098039,64.1,88.7,80.1
2026-09-28T15:00,deterministic,best_match,79.5,30,45.4,75.2,60.2,1007.4,997.6,79199.48,0,0,0,0,0,3,0.0,0.0,0.0,0.0,11.8,207,11.0,5.2,5.2,3600.0,1,0.0,13.0,0.0,16863.518,2657.48,9.4,0.0,0.023,2.41,757.0,686.0,71.0,956.6,977.9,701.8,636.0,65.8,886.9,906.7,19,19,4,7,14,0,0,0,0,0,2431.102,4816.273,10170.604,19120.734,31554.274,America/Los_Angeles,34.03202,-118.52633,86.0,75.58202743530273,1.0,0.0,0.7741077819817977,0.7740156611889268,0.9062087186261559,0.09379128137384413,0.9062410943288687,0.09375890567113138,1.0,0.0,0.0,19.0,0.0,94.4,1.0,,,,,,,,,,,,,,,,,73.33965844402277,83.88678051865908,3.431372549019608,,,,80.43432426734135,8.180476491671937,73.47670250896057,0.0,77.81994518237401,61.943917351886995,18.2,59.4,45.0
2026-09-22T13:00,deterministic,best_match,72.0,77,64.4,74.3,66.7,1011.6,1001.6,56430.444,0,10,10,0,0,0,0.0,0.0,0.0,0.0,12.3,258,14.1,6.85,6.85,3600.0,1,0.0,1.9,0.0,14304.462,1591.207,24.5,0.0,0.017,0.62,804.8,629.5,175.3,763.1,1120.5,807.9,631.9,175.9,766.1,1124.8,70,34,36,7,24,0,0,0,0,0,2539.37,4921.26,10262.467,19061.68,31257.936,America/Los_Angeles,34.03202,-118.52633,86.0,75.58202743530273,1.0,0.0,0.7182507809013833,0.7182610241820768,0.7821819085487078,0.21781809145129227,0.7821512563436068,0.2177249659611338,1.0,0.0,0.10000000000002274,70.0,0.0,94.2,1.0,23.0,16.6,122.0,439.0,7.0,5.1,104.0,1378.0,0.19,5.0,7.35,7.35,62.0,62.0,17.0,18.0,97.54901960784314,99.50980392156862,0.0,,,,100.0,100.0,99.34640522875816,0.0,100.0,77.12418300653594,52.8,99.7,83.3
2026-09-23T15:00,deterministic,best_match,72.6,82,66.8,77.6,68.5,1011.9,1001.9,51837.268,0,10,10,0,0,1,0.0,0.0,0.0,0.0,8.2,261,8.9,5.75,5.8,3600.0,1,0.0,1.8,0.0,14665.354,1197.507,17.6,0.0,0.017,0.49,758.0,622.0,136.0,840.6,1005.7,705.2,578.7,126.5,782.1,935.7,25,22,17,7,10,0,0,0,0,0,2572.179,4996.719,10367.454,19186.352,31432.564,America/Los_Angeles,34.03202,-118.52633,86.0,75.58202743530273,0.9913793103448276,0.008620689655172376,0.7537038878393159,0.753660361226889,0.820580474934037,0.17941952506596306,0.8206182643221781,0.1793817356778219,1.0,0.0,0.0,25.0,0.0,94.0,1.0,27.2,21.7,126.0,447.0,12.3,5.6,113.0,1413.0,0.17,3.0,4.45,4.45,77.0,77.0,25.0,25.0,99.01960784313725,100.0,0.0,,,,100.0,35.526038372338185,100.0,0.0,100.0,73.85620915032679,32.4,80.7,63.8
2026-10-01T15:00,deterministic,best_match,78.0,45,54.9,77.4,63.8,1008.8,998.9,79199.48,0,0,0,0,0,0,0.0,0.0,0.0,0.0,9.0,174,6.9,5.1,5.1,3600.0,1,0.0,9.0,0.0,17191.602,2887.139,14.0,0.0,0.02,1.8,728.0,653.0,75.0,928.5,960.7,673.5,604.1,69.4,859.0,888.9,61,16,4,4,14,0,0,0,0,0,2457.349,4826.116,10190.289,19166.666,31601.896,America/Los_Angeles,34.03202,-118.52633,86.0,75.58202743530273,1.0,0.0,0.7577807848443843,0.7576780290246372,0.896978021978022,0.10302197802197802,0.8969561989606534,0.10304380103934671,1.0,0.0,0.0,61.0,0.0,94.0,1.0,,,,,,,,,,,,,,,,,81.11954459203037,90.71790006325111,1.7868437697659707,,,,91.3135146531731,0.0,83.04870335230866,0.0,88.04554079696395,54.374868226860634,36.5,61.9,53.0
2026-09-30T15:00,deterministic,best_match,85.4,31,51.3,83.1,65.0,1003.4,993.7,79199.48,0,0,0,0,0,1,0.0,0.0,0.0,0.0,10.1,229,12.3,5.15,5.15,3600.0,1,0.0,6.6,0.0,16437.008,1476.378,20.2,0.0,0.023,2.87,721.0,650.0,71.0,918.2,966.4,667.5,601.8,65.7,850.1,894.9,25,30,30,9,8,0,0,0,0,0,2355.643,4790.027,10190.289,19110.892,31580.73,America/Los_Angeles,34.03202,-118.52633,86.0,75.58202743530273,1.0,0.0,0.746067880794702,0.7458933959101576,0.9015256588072122,0.09847434119278779,0.9015730337078651,0.09842696629213483,1.0,0.0,0.0,30.0,0.0,93.9,1.0,,,,,,,,,,,,,,,,,79.68058191018343,88.12460468058191,1.4705882352941175,,,,92.85262492093612,1.3071895424836601,81.97343453510437,0.0,86.97027197975963,59.56145899219903,40.6,61.5,54.2
2026-09-24T11:00,deterministic,best_match,79.0,56,61.9,82.2,67.8,1011.7,1001.8,79199.48,0,0,0,0,0,0,0.0,0.0,0.0,0.0,5.5,201,2.9,5.1,5.1,3600.0,1,50.0,0.3,287.0,13845.145,1295.932,23.6,0.0,0.018,1.49,678.0,601.0,77.0,885.5,922.4,734.5,651.0,83.4,959.2,999.3,34,24,42,9,14,0,0,0,0,0,2562.336,4977.034,10367.454,19156.824,31400.812,America/Los_Angeles,34.03202,-118.52633,86.0,75.58202743530273,1.0,0.0,0.7350390286209887,0.7350145101571101,0.8864306784660767,0.11356932153392331,0.8863172226004085,0.11354663036078966,1.0,0.0,0.10000000000002274,42.0,0.0,93.5,1.0,39.7,34.7,226.0,472.0,44.1,7.6,74.0,1465.0,0.19,3.0,5.95,5.95,91.0,91.0,32.0,5.0,94.95572422517394,99.19354838709677,0.0,,,,100.0,53.40501792114696,84.54564621547543,30.10752688172043,93.69597301286107,61.24815517604892,31.1,80.5,63.2
2026-10-02T15:00,deterministic,best_match,76.1,55,58.7,76.8,65.0,1008.4,998.5,79199.48,0,0,0,0,0,1,0.0,0.0,0.0,0.0,8.9,212,5.6,5.0,5.0,3600.0,1,0.0,8.9,0.0,17814.96,1952.1,15.7,0.0,0.019,1.38,717.0,641.0,76.0,917.5,954.9,662.9,592.6,70.3,848.2,882.9,59,23,7,3,14,0,0,0,0,0,2447.507,4829.397,10219.816,19229.002,31649.524,America/Los_Angeles,34.03202,-118.52633,86.0,75.58202743530273,1.0,0.0,0.7508639648130695,0.7508211575489863,0.8940027894002789,0.10599721059972106,0.89395082214512,0.10604917785488008,1.0,0.0,0.0,59.0,0.0,93.2,1.0,,,,,,,,,,,,,,,,,88.69913556820579,93.27429896689858,0.0,,,,97.05882352941177,0.0,87.25490196078431,0.0,95.09803921568627,50.0,64.7,64.2,64.4
2026-09-24T15:00,deterministic,best_match,79.7,54,61.6,81.6,67.8,1010.0,1000.2,1246.719,45,0,0,0,0,0,0.0,0.0,0.0,0.0,8.7,222,8.3,5.6,5.75,3600.0,1,80.0,-0.2,296.0,14238.846,1115.486,21.1,0.0,0.02,1.59,715.0,613.0,102.0,833.8,1000.2,664.7,569.9,94.8,775.1,930.0,26,27,27,9,8,0,0,0,0,0,2522.966,4950.788,10344.488,19143.702,31390.23,America/Los_Angeles,34.03202,-118.52633,86.0,75.58202743530273,0.9739130434782608,0.026086956521739202,0.7148570285942811,0.714731182795699,0.8573426573426574,0.14265734265734265,0.857379268843087,0.14262073115691287,1.0,0.0,1.1368683772161603e-13,27.0,0.0,93.2,1.0,26.9,22.5,115.0,438.0,17.3,7.0,122.0,1376.0,0.14,2.0,4.45,4.45,92.0,92.0,32.0,27.0,98.52941176470588,100.0,0.0,,,,100.0,7.1052076744676365,94.77124183006536,0.0,99.34640522875816,30.803289057558505,27.2,70.3,55.2
2026-09-27T11:00,deterministic,best_match,78.6,42,53.6,78.8,63.4,1011.9,1002.0,79199.48,0,0,0,0,0,1,0.0,0.0,0.0,0.0,5.4,189,3.4,5.0,5.0,3600.0,1,0.0,5.5,0.0,14796.588,1886.483,13.1,0.0,0.019,1.94,683.0,607.0,76.0,907.2,910.8,740.2,657.9,82.4,983.3,987.2,34,24,9,4,18,0,0,0,0,0,2555.775,4931.103,10269.029,19101.05,31448.438,America/Los_Angeles,34.03202,-118.52633,86.0,75.58202743530273,1.0,0.0,0.7498902064119456,0.7497974068071313,0.8887262079062958,0.11127379209370425,0.8888138340988921,0.11132126452310187,1.0,0.0,-0.09999999999990905,34.0,0.0,93.1,1.0,,,,,,,,,,,,,,,,,45.003162555344716,58.63377609108159,1.4705882352941175,,,,80.85599831330381,30.23402909550917,54.564621547543744,23.930002108370232,61.94391735188699,39.11026776301919,25.1,54.7,44.3
2026-09-29T11:00,deterministic,best_match,85.4,16,34.1,82.3,58.2,1006.6,996.9,79199.48,0,0,0,0,0,1,0.0,0.0,0.0,0.0,3.0,228,3.6,4.9,4.9,3600.0,1,0.0,13.2,0.0,16437.008,1443.57,9.2,0.0,0.019,3.5,690.0,619.0,71.0,934.4,902.8,748.1,671.1,77.0,1013.1,978.9,15,18,3,13,30,0,0,0,0,0,2431.102,4835.958,10213.255,19143.702,31554.274,America/Los_Angeles,34.03202,-118.52633,86.0,75.58202743530273,1.0,0.0,0.7642888790429775,0.7642251506793339,0.8971014492753623,0.10289855072463767,0.8970725838791606,0.10292741612083946,1.0,0.0,0.0,30.0,0.0,93.0,1.0,,,,,,,,,,,,,,,,,81.4674256799494,85.21505376344086,4.237824161922834,,,,90.42799915665192,63.86253426101623,83.89205144423362,58.21210204511912,85.8528357579591,77.35610373181531,10.4,79.9,55.6
2026-10-04T15:00,deterministic,best_match,85.4,28,48.6,83.0,63.8,1008.1,998.4,79199.48,0,0,0,0,0,2,0.0,0.0,0.0,0.0,8.4,224,9.4,4.95,4.95,3600.0,1,0.0,9.5,0.0,17125.984,1640.42,14.2,0.0,0.023,2.99,713.0,643.0,70.0,932.7,943.3,658.2,593.6,64.6,861.1,871.0,18,23,7,7,20,0,0,0,0,0,2490.158,4914.698,10324.804,19297.9,31744.774,America/Los_Angeles,34.03202,-118.52633,86.0,75.58202743530273,1.0,0.0,0.7558570974239373,0.755683122847302,0.9018232819074333,0.09817671809256662,0.9018535399574598,0.09814646004254024,1.0,0.0,0.0,23.0,0.0,92.9,1.0,,,,,,,,,,,,,,,,,86.73835125448029,92.81045751633987,0.6535947712418301,,,,94.11764705882354,0.0,78.43137254901961,0.0,89.2156862745098,43.13725490196079,70.7,60.9,64.3
2026-09-28T11:00,deterministic,best_match,79.0,22,36.9,76.7,56.7,1009.9,1000.0,79199.48,0,0,0,0,0,3,0.0,0.0,0.0,0.0,2.0,264,3.1,4.95,4.95,3600.0,1,0.0,15.3,0.0,16535.434,2001.312,9.7,0.0,0.018,2.64,688.0,614.0,74.0,922.2,906.8,745.8,665.6,80.2,999.7,983.1,27,28,3,6,14,0,0,0,0,0,2490.158,4855.643,10190.289,19124.016,31538.396,America/Los_Angeles,34.03202,-118.52633,86.0,75.58202743530273,1.0,0.0,0.7587119541243935,0.7586206896551724,0.8924418604651163,0.10755813953488372,0.8924644676857068,0.10753553231429339,1.0,0.0,-1.1368683772161603e-13,28.0,0.0,92.7,1.0,,,,,,,,,,,,,,,,,67.94750158127766,75.75901328273244,3.7476280834914606,,,,79.78072949609951,55.63989036474805,69.78705460678896,45.41429475015813,75.66940754796542,63.904701665612485,15.1,70.7,51.2
2026-09-22T14:00,deterministic,best_match,71.4,79,64.5,72.9,66.6,1011.2,1001.2,53477.692,0,8,8,0,0,0,0.0,0.0,0.0,0.0,13.7,259,16.6,6.5,6.65,3600.0,1,0.0,2.0,0.0,14435.695,1541.995,24.5,0.0,0.016,0.55,788.3,596.5,191.8,734.4,1103.3,764.0,578.2,185.9,711.8,1069.5,66,36,36,7,22,0,0,0,0,0,2529.528,4917.979,10262.467,19068.242,31268.522,America/Los_Angeles,34.03202,-118.52633,86.0,75.58202743530273,0.9774436090225563,0.022556390977443663,0.7144928849814194,0.7143525011687705,0.7566916148674363,0.24330838513256378,0.7568062827225132,0.24332460732984293,1.0,0.0,-0.10000000000002274,66.0,0.0,92.3,1.0,20.4,14.7,120.0,438.0,5.8,4.2,111.0,1374.0,0.17,5.0,6.3,6.3,62.0,62.0,17.0,22.0,98.0392156862745,100.0,0.0,,,,100.0,99.34640522875816,99.34640522875816,0.0,100.0,81.04575163398692,73.7,99.6,90.5
2026-09-23T11:00,deterministic,best_match,71.4,82,65.6,76.3,67.3,1012.6,1002.6,51509.188,0,10,10,0,0,0,0.0,0.0,0.0,0.0,5.2,227,5.1,5.15,5.15,3600.0,1,0.0,2.5,0.0,14895.014,1066.273,19.9,0.0,0.015,0.47,671.0,538.0,133.0,789.5,926.1,726.9,582.8,144.1,855.2,1003.2,28,25,26,11,10,0,0,0,0,0,2588.583,5003.281,10367.454,19192.914,31443.146,America/Los_Angeles,34.03202,-118.52633,86.0,75.58202743530273,1.0,0.0,0.7245437857682755,0.7245813397129186,0.8017883755588674,0.19821162444113263,0.801760902462512,0.19823909753748797,1.0,0.0,0.0,28.0,0.0,92.2,1.0,33.8,28.3,235.0,481.0,31.9,6.0,70.0,1688.0,0.17,4.0,6.05,6.05,74.0,74.0,23.0,5.0,97.05882352941177,100.0,0.0,,,,100.0,81.04575163398692,98.69281045751633,48.36601307189542,100.0,83.66013071895425,31.3,93.9,72.0
2026-09-30T11:00,deterministic,best_match,84.5,25,44.9,82.2,61.9,1005.7,996.0,79199.48,0,0,0,0,0,2,0.0,0.0,0.0,0.0,5.1,221,4.0,4.9,4.9,3600.0,1,0.0,9.6,0.0,16404.199,1115.486,19.4,0.0,0.02,3.04,659.0,586.0,73.0,889.2,898.7,714.6,635.4,79.2,964.2,974.6,24,33,19,7,8,0,0,0,0,0,2411.417,4832.677,10226.378,19140.42,31596.606,America/Los_Angeles,34.03202,-118.52633,86.0,75.58202743530273,1.0,0.0,0.7332814064760209,0.7332238867227581,0.8892261001517451,0.11077389984825493,0.889168765743073,0.11083123425692695,1.0,0.0,0.0,33.0,0.0,92.1,1.0,,,,,,,,,,,,,,,,,77.54585705249842,86.6540164452878,1.4705882352941175,,,,95.00316255534472,52.3719165085389,82.62702930634619,39.953615854944125,85.89500316255534,69.55513388150959,46.6,76.7,66.2
2026-09-26T11:00,deterministic,best_match,81.7,37,52.9,81.9,64.3,1012.1,1002.3,79199.48,2,74,0,0,73,0,0.0,0.0,0.0,0.0,4.8,169,3.6,4.95,5.05,3600.0,1,0.0,6.4,0.0,16076.115,1509.186,14.7,0.0,0.019,2.33,678.0,571.0,107.0,849.3,914.7,734.7,618.7,115.9,920.3,991.3,27,26,7,13,82,0,0,0,0,2,2578.74,4973.754,10324.804,19212.598,31623.064,America/Los_Angeles,34.03202,-118.52633,86.0,75.58202743530273,0.9801980198019803,0.01980198019801971,0.7412266316825188,0.7411479874911733,0.8421828908554573,0.15781710914454278,0.8421124268408875,0.15775146318225125,1.0,0.0,0.10000000000002274,82.0,2.0,92.1,1.0,38.6,35.2,274.0,484.0,42.2,10.3,64.0,1557.0,0.15,1.0,5.8,5.9,90.0,90.0,31.0,4.0,41.31878557874762,54.142947501581276,0.0,,,,98.69281045751633,29.47501581277673,85.43116171199664,13.409234661606577,95.42483660130718,46.004638414505585,32.5,64.6,53.4
2026-10-03T11:00,deterministic,best_match,86.3,18,37.9,83.7,59.8,1011.4,1001.7,79199.48,0,11,0,0,8,0,0.0,0.0,0.0,0.0,3.0,222,3.1,4.75,4.8,3600.0,1,0.0,13.5,0.0,17847.77,1099.081,8.8,0.0,0.019,3.52,674.0,595.0,79.0,917.2,886.1,731.3,645.6,85.7,995.1,961.6,12,13,6,10,30,0,0,0,0,0,2578.74,4996.719,10393.701,19396.326,31855.898,America/Los_Angeles,34.03202,-118.52633,86.0,75.58202743530273,0.9895833333333334,0.01041666666666663,0.7606364970093669,0.7605033277870216,0.8827893175074184,0.1172106824925816,0.8828114316969781,0.11718856830302203,1.0,0.0,-1.1368683772161603e-13,30.0,0.0,92.0,1.0,,,,,,,,,,,,,,,,,84.7775669407548,92.3887834703774,0.0,,,,95.09803921568627,25.490196078431374,87.25490196078431,28.43137254901961,90.19607843137254,71.56862745098039,67.1,71.7,70.1
2026-09-25T15:00,deterministic,best_match,80.8,49,59.8,82.2,67.3,1010.1,1000.3,79199.48,0,17,0,0,10,0,0.0,0.0,0.0,0.0,8.4,214,6.3,5.6,5.75,3600.0,1,0.0,3.4,0.0,15649.606,1410.761,18.9,0.0,0.021,1.83,721.0,581.0,140.0,795.1,994.7,669.8,539.8,130.1,738.6,924.2,33,21,17,26,90,0,0,0,0,6,2526.247,4940.945,10321.522,19189.632,31533.104,America/Los_Angeles,34.03202,-118.52633,86.0,75.58202743530273,0.9739130434782608,0.026086956521739202,0.7248416608022519,0.7247349058645314,0.8058252427184466,0.1941747572815534,0.8059122126007764,0.19423708569722306,1.0,0.0,-0.10000000000002274,90.0,6.0,92.0,1.0,28.5,23.9,144.0,443.0,15.7,8.1,111.0,1383.0,0.12,1.0,4.55,4.6,86.0,86.0,30.0,24.0,47.77039848197344,60.45224541429475,0.0,,,,100.0,2.382458359687961,76.78684376976598,0.0,98.03921568627452,18.363904701665614,44.1,54.7,51.0
2026-10-05T15:00,deterministic,best_match,80.9,38,52.9,79.6,64.0,1007.9,998.1,79199.48,0,0,0,0,0,6,0.0,0.0,0.0,0.0,8.6,217,8.3,4.9,4.9,3600.0,1,0.0,8.1,0.0,16797.9,1558.399,12.8,0.0,0.021,2.23,708.0,637.0,71.0,930.3,937.5,653.1,587.6,65.5,858.2,865.0,23,19,10,9,24,0,0,0,0,0,2467.192,4875.328,10282.152,19235.564,31644.23,America/Los_Angeles,34.03202,-118.52633,86.0,75.58202743530273,1.0,0.0,0.7552,0.7550289017341041,0.8997175141242938,0.10028248587570622,0.8997090797733884,0.10029092022661154,1.0,0.0,0.0,24.0,0.0,91.9,1.0,,,,,,,,,,,,,,,,,85.00948766603415,94.77124183006536,0.6535947712418301,,,,97.05882352941177,0.0,85.29411764705883,0.0,91.17647058823529,50.0,64.0,63.7,63.8
2026-09-25T14:00,deterministic,best_match,82.7,44,58.6,84.5,67.5,1010.6,1000.8,79199.48,3,100,0,0,100,0,0.0,0.0,0.0,0.0,8.0,210,5.4,6.25,6.6,3600.0,1,0.0,3.3,0.0,15649.606,1706.037,19.4,0.0,0.023,2.14,783.0,575.0,208.0,718.9,1088.4,758.0,556.7,201.4,696.0,1053.9,33,21,20,26,90,0,0,0,0,16,2539.37,4954.069,10331.365,19196.196,31543.688,America/Los_Angeles,34.03202,-118.52633,86.0,75.58202743530273,0.946969696969697,0.05303030303030298,0.7194046306504961,0.719233323844767,0.7343550446998723,0.2656449553001277,0.7344327176781004,0.2656992084432718,1.0,0.0,-0.10000000000002274,90.0,16.0,91.8,1.0,31.3,26.5,149.0,445.0,20.6,9.2,103.0,1387.0,0.12,1.0,6.6,6.6,86.0,86.0,30.0,18.0,48.11827956989247,65.98671726755218,0.0,,,,100.0,93.4640522875817,87.20219270503901,0.0,99.34640522875816,49.88403963736031,51.8,86.8,74.6
2026-10-02T11:00,deterministic,best_match,74.5,56,57.7,76.3,63.8,1010.1,1000.2,79199.48,0,0,0,0,0,1,0.0,0.0,0.0,0.0,4.3,180,3.6,4.8,4.8,3600.0,1,0.0,9.2,0.0,17355.642,2493.438,16.3,0.0,0.017,1.28,654.0,571.0,83.0,875.5,890.4,709.4,619.4,90.0,949.7,966.0,79,22,12,4,30,0,0,0,0,0,2483.596,4839.239,10223.098,19215.878,31638.938,America/Los_Angeles,34.03202,-118.52633,86.0,75.58202743530273,1.0,0.0,0.7345013477088949,0.7343685300207039,0.8730886850152905,0.12691131498470948,0.8731322244149986,0.12686777558500142,1.0,0.0,0.0,79.0,0.0,91.7,1.0,,,,,,,,,,,,,,,,,83.47037739827114,89.3527303394476,0.0,,,,97.05882352941177,27.450980392156865,84.31372549019608,25.490196078431374,92.15686274509804,65.68627450980392,59.3,70.6,66.6
2026-10-04T11:00,deterministic,best_match,84.7,27,47.1,83.7,62.9,1010.1,1000.3,79199.48,1,33,0,0,33,0,0.0,0.0,0.0,0.0,3.4,191,1.8,4.75,4.75,3600.0,1,0.0,8.9,0.0,16961.944,1181.102,13.8,0.0,0.019,2.97,654.0,568.0,86.0,880.3,881.8,709.7,616.4,93.3,955.3,957.1,16,21,7,11,20,0,0,0,0,0,2539.37,4957.349,10357.611,19330.708,31734.19,America/Los_Angeles,34.03202,-118.52633,86.0,75.58202743530273,1.0,0.0,0.7416647765933319,0.7415108139170411,0.8685015290519877,0.13149847094801223,0.8685360011272367,0.13146399887276314,1.0,0.0,1.1368683772161603e-13,21.0,0.0,91.7,1.0,,,,,,,,,,,,,,,,,81.50959308454564,88.8888888888889,4.1113219481340915,,,,89.2156862745098,26.470588235294116,76.47058823529412,29.411764705882355,84.31372549019608,58.82352941176471,58.1,66.9,63.8
2026-10-01T11:00,deterministic,best_match,76.3,54,58.4,75.2,64.9,1010.2,1000.3,79199.48,0,0,0,0,0,4,0.0,0.0,0.0,0.0,11.5,134,13.4,4.85,4.85,3600.0,1,0.0,7.9,0.0,17125.984,3018.373,14.4,0.0,0.018,1.42,665.0,584.0,81.0,890.7,894.5,721.2,633.4,87.8,966.1,970.3,74,12,7,3,16,0,0,0,0,0,2490.158,4852.363,10223.098,19189.632,31628.354,America/Los_Angeles,34.03202,-118.52633,86.0,75.58202743530273,1.0,0.0,0.7434320849636669,0.7432752756879316,0.8781954887218045,0.12180451127819548,0.8782584581253465,0.12174154187465334,1.0,0.0,1.1368683772161603e-13,74.0,0.0,91.6,1.0,,,,,,,,,,,,,,,,,79.01644528779254,86.16382036685641,2.2770398481973433,,,,93.04237824161923,50.83280624077588,83.70229812355049,41.26080539742779,88.04554079696395,72.16951296647692,20.3,76.4,56.8
2026-09-22T12:00,deterministic,best_match,72.4,75,64.0,75.0,66.6,1012.5,1002.5,62664.044,0,13,13,0,0,0,0.0,0.0,0.0,0.0,9.6,248,10.5,6.3,6.3,3600.0,1,0.0,2.1,0.0,14206.037,1656.824,24.2,0.0,0.017,0.68,722.5,528.3,194.3,676.1,1061.3,751.3,549.3,202.0,703.0,1103.5,74,33,36,9,22,0,0,0,0,0,2559.055,4937.664,10275.591,19068.242,31268.522,America/Los_Angeles,34.03202,-118.52633,86.0,75.58202743530273,1.0,0.0,0.6807688683689814,0.6808337109198006,0.7312110726643598,0.26892733564013843,0.7311327033142553,0.2688672966857447,1.0,-0.09999999999990905,0.0,74.0,0.0,91.3,1.0,23.6,17.3,128.0,441.0,9.2,6.0,92.0,1389.0,0.2,5.0,7.15,7.2,62.0,62.0,17.0,14.0,96.07843137254902,99.50980392156862,0.0,,,,100.0,98.69281045751633,96.07843137254902,21.50537634408602,99.34640522875816,65.359477124183,37.7,98.1,77.0
2026-09-23T14:00,deterministic,best_match,72.6,81,66.5,77.8,68.2,1012.1,1002.1,51837.268,1,21,21,0,0,0,0.0,0.0,0.0,0.0,7.2,254,7.8,6.65,6.65,3600.0,1,0.0,2.0,0.0,14730.972,1295.932,18.4,0.0,0.017,0.52,751.0,576.0,175.0,712.7,1098.4,727.7,558.1,169.6,690.5,1064.3,27,23,18,9,10,0,0,0,0,0,2575.459,4996.719,10367.454,19186.352,31437.854,America/Los_Angeles,34.03202,-118.52633,86.0,75.58202743530273,1.0,0.0,0.6837217771303714,0.6837357887813588,0.7669773635153129,0.23302263648468707,0.7669369245568228,0.23306307544317711,1.0,0.0,0.0,27.0,0.0,91.0,1.0,28.4,22.6,126.0,449.0,16.7,6.1,103.0,1424.0,0.17,3.0,6.4,6.4,76.0,76.0,24.0,19.0,99.50980392156862,100.0,0.0,,,,100.0,100.0,100.0,2.150537634408602,100.0,88.23529411764706,28.0,100.0,74.8
2026-10-05T11:00,deterministic,best_match,82.0,35,51.7,81.6,63.9,1009.7,999.9,79199.48,0,0,0,0,0,6,0.0,0.0,0.0,0.0,4.7,175,3.1,4.7,4.7,3600.0,1,0.0,9.5,0.0,16830.708,1377.953,14.4,0.0,0.019,2.43,652.0,578.0,74.0,900.7,877.5,707.7,627.4,80.3,977.7,952.6,25,25,9,6,24,0,0,0,0,0,2509.843,4914.698,10318.241,19278.214,31718.314,America/Los_Angeles,34.03202,-118.52633,86.0,75.58202743530273,1.0,0.0,0.743019943019943,0.7429141297501575,0.8865030674846626,0.11349693251533742,0.8865338420234562,0.11346615797654372,1.0,0.0,1.1368683772161603e-13,25.0,0.0,90.6,1.0,,,,,,,,,,,,,,,,,87.39194602572212,93.4640522875817,0.6535947712418301,,,,95.09803921568627,16.666666666666668,86.27450980392157,27.450980392156865,91.17647058823529,67.6470588235294,62.1,68.8,66.5
2026-09-22T15:00,deterministic,best_match,71.2,79,64.3,71.8,66.4,1010.8,1000.8,54461.94,0,13,13,0,0,0,0.0,0.0,0.0,0.0,14.5,262,18.1,5.55,5.85,3600.0,1,0.0,1.8,0.0,14501.312,1427.165,24.5,0.0,0.015,0.55,726.0,565.5,160.5,759.8,1011.0,675.9,526.5,149.4,707.3,941.3,61,38,33,7,14,0,0,0,0,0,2519.685,4911.418,10265.748,19071.522,31273.812,America/Los_Angeles,34.03202,-118.52633,86.0,75.58202743530273,0.9487179487179488,0.05128205128205121,0.7181008902077152,0.7180495060023372,0.7789256198347108,0.22107438016528927,0.7789613848202397,0.22103861517976034,1.0,0.0,0.0,61.0,0.0,89.6,1.0,17.7,12.5,120.0,438.0,4.6,3.4,112.0,1374.0,0.16,5.0,4.4,4.4,62.0,62.0,17.0,28.0,97.54901960784314,100.0,0.0,,,,100.0,8.644317942230655,99.34640522875816,0.0,100.0,16.445287792536366,72.3,72.4,72.4
2026-09-26T12:00,deterministic,best_match,82.9,35,52.5,83.4,64.6,1011.8,1002.0,79199.48,3,100,0,0,100,0,0.0,0.0,0.0,0.0,5.4,197,3.6,5.8,6.2,3600.0,1,0.0,6.4,0.0,16207.35,1820.866,15.0,0.0,0.022,2.5,734.0,504.0,230.0,656.5,1044.8,763.0,523.9,239.1,682.5,1086.2,29,26,7,13,96,0,0,0,0,46,2572.179,4970.473,10321.522,19212.598,31623.064,America/Los_Angeles,34.03202,-118.52633,86.0,75.58202743530273,0.9354838709677419,0.06451612903225812,0.7025267993874426,0.7024489044374884,0.6866485013623979,0.3133514986376022,0.6866317169069462,0.3133682830930537,1.0,0.0,0.0,96.0,46.0,89.5,1.0,33.4,30.4,232.0,469.0,34.4,10.2,82.0,1480.0,0.13,1.0,7.25,7.25,90.0,90.0,31.0,8.0,41.808981657179,52.182163187855785,0.0,,,,99.34640522875816,88.04554079696395,86.73835125448029,13.83090870756905,96.73202614379085,49.46236559139785,32.6,82.2,64.8
2026-09-26T14:00,deterministic,best_match,83.6,35,53.1,83.6,65.1,1010.7,1000.9,79199.48,3,100,0,0,100,0,0.0,0.0,0.0,0.0,7.6,214,5.1,6.1,6.55,3600.0,1,0.0,6.3,0.0,15748.031,1919.291,13.7,0.0,0.023,2.56,768.0,521.0,247.0,654.8,1083.3,743.2,504.2,239.0,633.7,1048.5,25,24,7,13,92,0,0,0,0,4,2542.651,4947.507,10301.837,19183.07,31612.478,America/Los_Angeles,34.03202,-118.52633,86.0,75.58202743530273,0.9312977099236641,0.06870229007633588,0.7089448906120188,0.7088221268478779,0.6783854166666666,0.3216145833333333,0.6784176533907427,0.3215823466092572,1.0,0.0,0.0,92.0,4.0,89.3,1.0,27.0,24.2,147.0,446.0,22.0,8.4,109.0,1365.0,0.12,1.0,6.15,6.35,90.0,90.0,31.0,18.0,42.4414927261227,54.45920303605313,0.0,,,,99.34640522875816,83.28062407758803,80.6662449926207,1.075268817204301,96.73202614379085,38.81509593084546,34.0,79.1,63.3
2026-09-23T13:00,deterministic,best_match,71.9,83,66.5,77.1,68.0,1012.1,1002.1,49868.764,1,27,27,0,0,0,0.0,0.0,0.0,0.0,6.5,243,7.2,6.85,6.85,3600.0,1,0.0,2.3,0.0,14665.354,1213.911,19.6,0.0,0.017,0.45,717.0,511.0,206.0,622.3,1116.0,719.6,512.9,206.8,624.6,1120.1,28,24,23,9,10,0,0,0,0,0,2575.459,4996.719,10364.173,19183.07,31437.854,America/Los_Angeles,34.03202,-118.52633,86.0,75.58202743530273,1.0,0.0,0.6424731182795699,0.6424426390500849,0.7126917712691772,0.28730822873082285,0.7127570872707059,0.28738187882156757,1.0,0.0,-0.10000000000002274,28.0,0.0,87.8,1.0,30.5,24.6,155.0,458.0,20.9,6.3,94.0,1499.0,0.16,3.0,7.55,7.55,76.0,76.0,24.0,14.0,99.50980392156862,100.0,0.0,,,,100.0,100.0,100.0,31.182795698924732,100.0,87.58169934640523,26.8,100.0,74.4
2026-09-25T13:00,deterministic,best_match,83.5,41,57.3,85.5,67.1,1011.1,1001.3,79199.48,3,100,0,0,100,0,0.0,0.0,0.0,0.0,6.0,207,3.6,6.2,6.75,3600.0,1,0.0,3.6,0.0,15518.373,1722.441,19.6,0.0,0.022,2.31,757.0,489.0,268.0,601.0,1107.0,759.4,490.6,268.9,602.9,1110.6,34,22,21,24,100,0,0,0,0,90,2555.775,4967.192,10347.77,19206.038,31543.688,America/Los_Angeles,34.03202,-118.52633,86.0,75.58202743530273,0.9185185185185185,0.08148148148148149,0.6838301716350497,0.6837745362866919,0.6459709379128138,0.35402906208718626,0.6460363444824863,0.3540953384250724,1.0,0.0,-0.10000000000002274,100.0,90.0,87.6,1.0,34.5,29.3,157.0,448.0,24.5,9.7,94.0,1391.0,0.13,1.0,7.7,7.7,86.0,86.0,29.0,13.0,50.221378874130295,63.5673624288425,0.0,,,,100.0,98.03921568627452,93.4640522875817,1.7288635884461312,98.03921568627452,58.76027830487033,49.5,89.8,75.7
2026-09-25T16:00,deterministic,best_match,79.9,50,59.6,80.6,66.9,1009.7,999.9,13713.911,0,9,0,0,5,0,0.0,0.0,0.0,0.0,7.3,218,6.9,4.35,4.35,3600.0,1,0.0,3.6,0.0,15715.224,1181.102,18.2,0.0,0.017,1.74,608.0,534.0,74.0,873.9,832.1,533.7,468.7,65.0,767.0,730.6,28,20,16,27,62,0,0,0,0,0,2513.123,4934.384,10311.68,19186.352,31538.396,America/Los_Angeles,34.03202,-118.52633,86.0,75.58202743530273,1.0,0.0,0.7306814084845571,0.7304954831645224,0.8782894736842105,0.12171052631578948,0.8782087314970957,0.12179126850290424,1.0,0.0,0.0,62.0,0.0,87.6,1.0,26.3,21.7,142.0,443.0,11.1,6.7,116.0,1382.0,0.11,2.0,2.45,2.5,86.0,86.0,30.0,31.0,45.49335863377609,60.59456040480708,0.0,,,,58.57052498418722,0.0,42.50474383301707,0.0,88.93105629348513,0.0,43.1,42.0,42.4
2026-09-29T16:00,deterministic,best_match,83.9,23,42.2,79.4,60.6,1004.2,994.5,79199.48,0,0,0,0,0,1,0.0,0.0,0.0,0.0,7.5,219,8.3,3.9,3.9,3600.0,1,0.0,10.3,0.0,16633.857,1017.06,10.8,0.0,0.019,3.06,605.0,538.0,67.0,909.0,807.9,528.2,469.7,58.5,793.6,705.5,14,19,8,10,28,0,0,0,0,0,2375.328,4796.588,10193.569,19120.734,31527.814,America/Los_Angeles,34.03202,-118.52633,86.0,75.58202743530273,1.0,0.0,0.7488550563188514,0.7486888731396174,0.8892561983471075,0.11074380165289256,0.8892464975388109,0.11075350246118894,1.0,0.0,0.0,28.0,0.0,86.3,1.0,,,,,,,,,,,,,,,,,80.97722960151803,90.0853889943074,5.3605313092979125,,,,69.5551338815096,0.0,73.2447817836812,0.0,85.19924098671727,1.3071895424836601,22.3,57.8,45.4
2026-09-27T16:00,deterministic,best_match,78.0,42,53.0,75.8,62.9,1009.2,999.3,79199.48,0,0,0,0,0,1,0.0,0.0,0.0,0.0,8.8,218,9.4,4.0,4.0,3600.0,1,0.0,5.8,0.0,14895.014,1640.42,13.5,0.0,0.018,1.9,608.0,537.0,71.0,892.7,820.1,532.3,470.1,62.2,781.5,718.1,30,23,9,33,16,0,0,0,0,0,2486.877,4868.767,10209.974,19045.276,31400.812,America/Los_Angeles,34.03202,-118.52633,86.0,75.58202743530273,1.0,0.0,0.7413730032922814,0.7412616627210694,0.8832236842105263,0.11677631578947369,0.8831486004133009,0.11685139958669924,1.0,0.0,-1.1368683772161603e-13,33.0,0.0,86.3,1.0,,,,,,,,,,,,,,,,,54.42757748260594,60.91081593927893,0.9803921568627451,,,,43.453510436432644,0.0,41.07105207674467,0.0,53.21526460046383,0.0,34.0,41.4,38.8
2026-09-28T16:00,deterministic,best_match,77.7,33,46.3,72.7,59.8,1006.9,997.0,79199.48,0,0,0,0,0,3,0.0,0.0,0.0,0.0,11.0,200,11.0,3.9,3.9,3600.0,1,0.0,12.9,0.0,16830.708,1853.675,9.8,0.0,0.019,2.17,613.0,543.0,70.0,910.0,814.0,535.9,474.7,61.2,795.6,711.8,21,18,3,7,14,0,0,0,0,0,2421.26,4809.712,10167.323,19114.174,31559.562,America/Los_Angeles,34.03202,-118.52633,86.0,75.58202743530273,1.0,0.0,0.7530712530712531,0.7528800224782243,0.8858075040783034,0.11419249592169657,0.8857995894756484,0.11420041052435156,1.0,0.0,0.0,21.0,0.0,86.0,1.0,,,,,,,,,,,,,,,,,77.40354206198609,85.9898798228969,3.431372549019608,,,,66.94075479654227,0.0,66.94075479654227,0.0,77.81994518237401,0.6535947712418301,19.5,55.1,42.6
2026-09-27T10:00,deterministic,best_match,76.7,48,55.6,76.8,63.6,1012.0,1002.1,79199.48,0,0,0,0,0,1,0.0,0.0,0.0,0.0,3.9,190,2.5,3.65,3.65,3600.0,1,0.0,5.4,0.0,14796.588,1443.57,12.9,0.0,0.014,1.63,521.0,454.0,67.0,861.2,717.3,598.2,521.3,76.9,988.9,823.8,33,23,9,4,16,0,0,0,0,0,2552.494,4927.822,10265.748,19097.77,31443.146,America/Los_Angeles,34.03202,-118.52633,86.0,75.58202743530273,1.0,0.0,0.7263348668618431,0.7261471230881282,0.8714011516314779,0.12859884836852206,0.8714476763624205,0.1285523236375794,1.0,0.0,1.1368683772161603e-13,33.0,0.0,85.7,1.0,,,,,,,,,,,,,,,,,41.42947501581277,57.9696394686907,1.4705882352941175,,,,55.871811090027414,0.0,52.60383723381826,13.978494623655914,59.56145899219903,29.15876027830487,30.2,44.8,39.7
2026-09-29T10:00,deterministic,best_match,82.4,18,34.6,78.1,57.2,1006.8,997.0,79199.48,0,0,0,0,0,1,0.0,0.0,0.0,0.0,2.0,264,3.6,3.55,3.55,3600.0,1,0.0,14.2,0.0,16502.625,1049.869,9.0,0.0,0.014,3.1,526.0,463.0,63.0,888.5,709.8,604.6,532.2,72.4,1021.3,816.1,16,17,3,13,30,0,0,0,0,0,2427.822,4829.397,10203.412,19137.138,31548.98,America/Los_Angeles,34.03202,-118.52633,86.0,75.58202743530273,1.0,0.0,0.741053817976895,0.7408405832618552,0.8802281368821293,0.11977186311787072,0.8802514058881906,0.11974859411180946,1.0,0.0,0.0,30.0,0.0,85.6,1.0,,,,,,,,,,,,,,,,,82.764073371284,86.33776091081594,4.237824161922834,,,,82.58486190174995,0.0,82.58486190174995,29.58043432426734,86.50643052920093,70.39848197343453,11.6,60.5,43.4
2026-09-28T10:00,deterministic,best_match,76.5,26,39.1,73.2,56.5,1010.1,1000.2,79199.48,0,0,0,0,0,3,0.0,0.0,0.0,0.0,1.7,310,2.5,3.6,3.6,3600.0,1,0.0,15.3,0.0,16502.625,1492.782,10.4,0.0,0.013,2.31,522.0,456.0,66.0,870.0,713.6,599.7,523.8,75.8,999.5,819.9,32,29,3,6,14,0,0,0,0,0,2483.596,4849.082,10177.165,19107.612,31517.228,America/Los_Angeles,34.03202,-118.52633,86.0,75.58202743530273,1.0,0.0,0.7315022421524664,0.7314306622758874,0.8735632183908046,0.12643678160919541,0.8734367183591795,0.1263965315991329,1.0,0.0,0.10000000000013642,32.0,0.0,85.3,1.0,,,,,,,,,,,,,,,,,66.65085388994308,75.4111321948134,3.7476280834914606,,,,69.13345983554713,0.0,69.13345983554713,26.5022137887413,75.43748682268607,57.17900063251107,16.8,53.7,40.8
2026-10-01T16:00,deterministic,best_match,76.9,47,55.1,75.5,63.5,1008.7,998.8,79199.48,0,0,0,0,0,0,0.0,0.0,0.0,0.0,7.9,188,5.4,3.85,3.85,3600.0,1,0.0,9.2,0.0,17257.218,2641.076,14.8,0.0,0.016,1.67,585.0,512.0,73.0,879.4,795.6,509.4,445.8,63.6,765.7,692.9,62,23,3,6,12,0,0,0,0,0,2450.787,4819.554,10187.008,19163.386,31596.606,America/Los_Angeles,34.03202,-118.52633,86.0,75.58202743530273,1.0,0.0,0.7352941176470588,0.7351710203492567,0.8752136752136752,0.12478632478632479,0.8751472320376915,0.12485276796230861,1.0,0.0,-5.684341886080802e-14,62.0,0.0,85.2,1.0,,,,,,,,,,,,,,,,,80.80328905755852,89.91144845034788,1.7868437697659707,,,,38.30908707569049,0.0,62.639679527725065,0.0,85.66308243727599,0.0,42.7,54.6,50.4
2026-10-03T10:00,deterministic,best_match,83.1,21,39.1,79.7,59.1,1011.4,1001.6,79199.48,0,5,0,0,2,1,0.0,0.0,0.0,0.0,1.9,249,2.9,3.45,3.45,3600.0,1,0.0,14.3,0.0,17782.152,754.593,8.8,0.0,0.013,3.06,514.0,453.0,61.0,890.8,694.3,592.1,521.8,70.3,1026.1,800.1,13,13,6,10,26,0,0,0,0,0,2568.898,4986.877,10383.858,19383.204,31840.024,America/Los_Angeles,34.03202,-118.52633,86.0,75.58202743530273,1.0,0.0,0.7403139853089443,0.7400324959380078,0.8813229571984436,0.11867704280155641,0.8812700557338287,0.11872994426617124,1.0,0.0,1.1368683772161603e-13,26.0,0.0,85.1,1.0,,,,,,,,,,,,,,,,,84.7775669407548,92.81045751633987,0.0,,,,87.25490196078431,0.0,87.25490196078431,10.784313725490197,90.19607843137254,59.803921568627445,65.2,64.1,64.5
2026-09-30T16:00,deterministic,best_match,86.4,30,51.3,82.8,65.4,1003.1,993.4,79199.48,0,0,0,0,0,1,0.0,0.0,0.0,0.0,10.2,232,13.9,3.9,3.9,3600.0,1,0.0,6.4,0.0,16437.008,1525.591,20.3,0.0,0.02,3.01,580.0,510.0,70.0,868.7,801.7,505.7,444.7,61.0,757.5,699.2,26,31,29,9,8,0,0,0,0,0,2352.362,4783.465,10190.289,19110.892,31580.73,America/Los_Angeles,34.03202,-118.52633,86.0,75.58202743530273,1.0,0.0,0.7234626418859922,0.7232551487414187,0.8793103448275862,0.1206896551724138,0.8793751235910618,0.12062487640893811,1.0,0.0,0.0,31.0,0.0,84.8,1.0,,,,,,,,,,,,,,,,,80.66097406704617,88.93105629348514,1.4705882352941175,,,,49.33586337760911,0.0,66.75100147585916,0.0,85.66308243727599,0.6535947712418301,40.4,55.9,50.5
2026-09-30T10:00,deterministic,best_match,82.6,26,44.2,79.5,60.9,1005.8,996.0,79199.48,0,0,0,0,0,2,0.0,0.0,0.0,0.0,3.6,223,2.9,3.55,3.55,3600.0,1,0.0,10.6,0.0,16469.816,803.806,19.9,0.0,0.014,2.81,500.0,435.0,65.0,839.8,706.0,575.0,500.3,74.8,965.8,812.1,24,36,21,7,8,0,0,0,0,0,2408.137,4829.397,10219.816,19133.86,31591.312,America/Los_Angeles,34.03202,-118.52633,86.0,75.58202743530273,1.0,0.0,0.7082152974504249,0.7080408816648196,0.87,0.13,0.8700869565217392,0.13008695652173913,1.0,0.0,-0.10000000000002274,36.0,0.0,84.7,1.0,,,,,,,,,,,,,,,,,78.35230866540164,88.26691967109424,1.4705882352941175,,,,83.04870335230866,0.0,83.04870335230866,19.818680160236138,88.46721484292641,62.17583807716634,48.4,61.5,56.9
2026-09-24T10:00,deterministic,best_match,76.8,61,62.3,79.3,67.2,1011.7,1001.8,79199.48,0,0,0,0,0,0,0.0,0.0,0.0,0.0,4.3,192,2.7,3.5,3.5,3600.0,1,10.0,0.5,65.0,13746.72,1066.273,23.3,0.0,0.013,1.23,513.0,443.0,70.0,826.5,728.1,588.1,507.9,80.3,947.5,834.9,36,24,39,9,14,0,0,0,0,0,2555.775,4973.754,10360.893,19150.262,31390.23,America/Los_Angeles,34.03202,-118.52633,86.0,75.58202743530273,1.0,0.0,0.7045735475896168,0.7043957360162895,0.8635477582846004,0.1364522417153996,0.8636286345859547,0.13654140452304028,1.0,0.0,-0.09999999999990905,39.0,0.0,84.7,1.0,42.5,37.6,244.0,482.0,52.7,6.8,51.0,1501.0,0.19,2.0,3.9,3.9,90.0,90.0,31.0,3.0,84.17141049968374,99.19354838709677,0.0,,,,83.89205144423362,0.0,77.58802445709466,1.075268817204301,87.81362007168458,39.02593295382669,36.7,62.0,53.1
2026-09-25T11:00,deterministic,best_match,79.9,50,59.6,82.3,66.9,1011.9,1002.0,79199.48,3,100,0,0,100,0,0.0,0.0,0.0,0.0,4.0,142,3.6,4.75,5.05,3600.0,1,0.0,3.5,0.0,15551.182,1377.953,20.6,0.0,0.017,1.74,628.0,440.0,188.0,651.3,918.6,680.4,476.7,203.7,705.7,995.4,33,23,28,14,86,0,0,0,0,6,2568.898,4980.315,10354.331,19206.038,31538.396,America/Los_Angeles,34.03202,-118.52633,86.0,75.58202743530273,0.9405940594059407,0.05940594059405935,0.6836490311343348,0.6835443037974683,0.7006369426751592,0.29936305732484075,0.7006172839506173,0.2993827160493827,1.0,0.0,0.0,86.0,6.0,84.6,1.0,36.8,31.4,178.0,457.0,34.3,9.4,67.0,1409.0,0.17,1.0,6.05,6.1,86.0,86.0,30.0,4.0,53.162555344718534,68.61163820366856,0.0,,,,100.0,45.498629559350626,92.1990301496943,9.255745308876238,96.9639468690702,55.07063040269872,30.5,74.6,59.2
2026-09-25T10:00,deterministic,best_match,77.3,57,60.9,79.7,66.6,1012.1,1002.2,79199.48,0,6,0,0,5,0,0.0,0.0,0.0,0.0,3.4,143,3.1,3.45,3.45,3600.0,1,0.0,3.3,0.0,15485.564,1148.294,21.2,0.0,0.013,1.38,512.0,441.0,71.0,827.3,724.5,587.3,505.8,81.4,948.9,831.2,36,24,30,10,70,0,0,0,0,0,2565.617,4970.473,10347.77,19192.914,31527.814,America/Los_Angeles,34.03202,-118.52633,86.0,75.58202743530273,1.0,0.0,0.7066942719116632,0.7065688161693936,0.861328125,0.138671875,0.8612293546739317,0.13860037459560703,1.0,0.0,0.09999999999990905,70.0,0.0,84.5,1.0,37.3,32.1,184.0,462.0,43.1,8.1,46.0,1426.0,0.17,1.0,3.95,4.0,87.0,87.0,30.0,2.0,52.182163187855785,69.4180898165718,0.0,,,,91.7773561037318,0.0,87.20219270503901,0.0,95.23508328062407,40.080118068732865,43.6,59.4,53.9
2026-09-23T10:00,deterministic,best_match,70.8,81,64.7,74.4,66.5,1012.2,1002.2,53477.692,0,11,11,0,0,0,0.0,0.0,0.0,0.0,4.3,223,4.3,3.55,3.55,3600.0,1,0.0,2.8,0.0,14895.014,1049.869,20.0,0.0,0.012,0.49,524.0,437.0,87.0,811.7,731.6,600.6,500.9,99.7,930.4,838.5,28,24,28,11,10,0,0,0,0,0,2572.179,4990.158,10351.05,19176.51,31432.564,America/Los_Angeles,34.03202,-118.52633,86.0,75.58202743530273,1.0,0.0,0.7162383816293056,0.7162790697674419,0.833969465648855,0.16603053435114504,0.8339993339993339,0.166000666000666,1.0,0.0,0.0,28.0,0.0,84.3,1.0,33.3,28.6,247.0,486.0,39.7,5.5,49.0,1723.0,0.18,3.0,3.95,3.95,73.0,73.0,23.0,2.0,97.05882352941177,99.50980392156862,0.0,,,,98.69281045751633,0.0,94.77124183006536,24.119755429053342,100.0,75.16339869281046,35.4,68.1,56.7
2026-10-02T10:00,deterministic,best_match,72.5,61,58.3,73.8,63.3,1010.1,1000.1,79199.48,0,0,0,0,0,1,0.0,0.0,0.0,0.0,3.4,169,3.6,3.45,3.45,3600.0,1,0.0,9.3,0.0,17388.452,2214.567,16.8,0.0,0.012,1.06,494.0,420.0,74.0,820.7,698.3,568.8,483.6,85.2,944.9,804.1,81,24,16,4,28,0,0,0,0,0,2477.034,4829.397,10213.255,19202.756,31628.354,America/Los_Angeles,34.03202,-118.52633,86.0,75.58202743530273,1.0,0.0,0.7074323356723472,0.7073747046387264,0.8502024291497976,0.14979757085020243,0.8502109704641351,0.149789029535865,1.0,0.0,-1.1368683772161603e-13,81.0,0.0,84.2,1.0,,,,,,,,,,,,,,,,,83.47037739827114,91.50326797385621,0.0,,,,79.41176470588235,0.0,80.39215686274511,6.862745098039215,87.25490196078431,49.01960784313725,59.3,61.4,60.7
2026-10-01T10:00,deterministic,best_match,74.4,60,59.6,72.7,64.7,1010.1,1000.2,79199.48,0,0,0,0,0,4,0.0,0.0,0.0,0.0,11.7,126,14.3,3.5,3.5,3600.0,1,0.0,7.6,0.0,17093.176,2772.31,14.3,0.0,0.013,1.16,504.0,432.0,72.0,839.0,702.2,579.9,497.1,82.8,965.4,808.2,76,12,8,3,14,0,0,0,0,0,2477.034,4842.52,10213.255,19176.51,31623.064,America/Los_Angeles,34.03202,-118.52633,86.0,75.58202743530273,1.0,0.0,0.717744232412418,0.7175204157386785,0.8571428571428571,0.14285714285714285,0.8572167615106053,0.14278323848939473,1.0,0.0,0.0,76.0,0.0,84.2,1.0,,,,,,,,,,,,,,,,,79.01644528779254,85.67362428842505,2.2770398481973433,,,,81.97343453510437,0.0,81.97343453510437,20.514442336074215,85.66308243727599,59.32953826691968,23.1,60.5,47.4
2026-10-04T16:00,deterministic,best_match,85.4,29,49.5,81.8,64.2,1007.7,998.0,79199.48,0,0,0,0,0,2,0.0,0.0,0.0,0.0,8.5,227,11.2,3.7,3.7,3600.0,1,0.0,9.3,0.0,17290.028,1394.357,13.9,0.0,0.019,2.95,570.0,502.0,68.0,884.2,777.1,494.2,435.2,59.0,766.6,674.0,19,22,8,9,24,0,0,0,0,0,2480.315,4908.137,10318.241,19297.9,31755.356,America/Los_Angeles,34.03202,-118.52633,86.0,75.58202743530273,1.0,0.0,0.7334963325183373,0.7332344213649852,0.8807017543859649,0.11929824561403508,0.8806151355726427,0.11938486442735735,1.0,0.0,0.0,24.0,0.0,84.1,1.0,,,,,,,,,,,,,,,,,89.12080961416825,92.81045751633987,0.6535947712418301,,,,8.823529411764707,0.0,49.01960784313725,0.0,84.31372549019608,1.9607843137254901,72.3,50.6,58.2
2026-10-02T16:00,deterministic,best_match,74.0,61,59.7,74.1,64.7,1008.2,998.3,79199.48,0,0,0,0,0,1,0.0,0.0,0.0,0.0,8.2,221,6.7,3.7,3.7,3600.0,1,0.0,9.2,0.0,17880.578,1427.165,15.6,0.0,0.015,1.12,575.0,501.0,74.0,867.7,789.4,500.0,435.6,64.3,754.5,686.6,51,22,7,4,12,0,0,0,0,0,2444.226,4832.677,10223.098,19238.846,31654.812,America/Los_Angeles,34.03202,-118.52633,86.0,75.58202743530273,1.0,0.0,0.728401317456296,0.7282260413632391,0.871304347826087,0.12869565217391304,0.8712000000000001,0.1286,1.0,0.0,0.0999999999999659,51.0,0.0,83.8,1.0,,,,,,,,,,,,,,,,,88.04554079696395,91.96710942441491,0.0,,,,19.607843137254903,0.0,61.76470588235294,0.0,91.1764705882353,0.0,65.4,55.0,58.6
2026-10-04T10:00,deterministic,best_match,82.4,31,48.7,81.1,62.7,1010.3,1000.5,79199.48,2,55,0,0,55,0,0.0,0.0,0.0,0.0,2.3,191,1.1,3.4,3.45,3600.0,1,0.0,9.0,0.0,16929.134,803.806,13.7,0.0,0.013,2.61,486.0,405.0,81.0,801.4,690.3,560.2,466.8,93.4,923.8,795.9,16,20,7,13,44,0,0,0,0,28,2539.37,4957.349,10357.611,19327.428,31734.19,America/Los_Angeles,34.03202,-118.52633,86.0,75.58202743530273,0.9855072463768115,0.01449275362318847,0.7040417209908736,0.703857268501068,0.8333333333333334,0.16666666666666666,0.8332738307747233,0.1667261692252767,1.0,0.0,0.0,44.0,28.0,83.7,1.0,,,,,,,,,,,,,,,,,81.93126713050812,87.81362007168458,4.1113219481340915,,,,71.56862745098039,0.0,74.50980392156862,14.705882352941178,82.3529411764706,49.01960784313725,52.2,58.0,56.0
2026-09-24T16:00,deterministic,best_match,79.1,57,62.6,79.9,68.2,1009.6,999.7,79199.48,0,0,0,0,0,0,0.0,0.0,0.0,0.0,9.3,222,10.5,4.2,4.35,3600.0,1,150.0,-0.6,289.0,14238.846,1066.273,21.2,0.0,0.016,1.46,574.0,488.0,86.0,792.5,838.1,504.5,428.9,75.6,696.5,736.7,26,29,27,9,8,0,0,0,0,0,2513.123,4940.945,10341.207,19140.42,31390.23,America/Los_Angeles,34.03202,-118.52633,86.0,75.58202743530273,0.9655172413793105,0.0344827586206895,0.6848824722586804,0.6848106420523957,0.8501742160278746,0.14982578397212543,0.8501486620416253,0.14985133795837463,1.0,0.0,0.0,29.0,0.0,83.5,1.0,25.7,21.1,118.0,438.0,13.1,6.3,124.0,1371.0,0.13,3.0,2.4,2.4,92.0,92.0,32.0,34.0,98.0392156862745,100.0,0.0,,,,89.3527303394476,0.0,64.09445498629559,0.0,98.03921568627452,0.0,29.6,57.4,47.7
2026-10-05T10:00,deterministic,best_match,79.8,40,53.3,79.2,63.7,1009.8,1000.0,79199.48,0,0,0,0,0,6,0.0,0.0,0.0,0.0,3.7,155,2.9,3.4,3.4,3600.0,1,0.0,9.7,0.0,16929.134,1049.869,14.5,0.0,0.014,2.08,492.0,427.0,65.0,850.4,686.3,567.5,492.5,75.0,980.8,791.8,25,25,9,6,24,0,0,0,0,0,2506.562,4911.418,10314.961,19278.214,31718.314,America/Los_Angeles,34.03202,-118.52633,86.0,75.58202743530273,1.0,0.0,0.7168876584584002,0.7167213942914878,0.8678861788617886,0.13211382113821138,0.8678414096916299,0.13215859030837004,1.0,0.0,0.0,25.0,0.0,83.4,1.0,,,,,,,,,,,,,,,,,88.46721484292641,93.4640522875817,0.6535947712418301,,,,80.3921568627451,0.0,85.29411764705883,7.843137254901961,89.2156862745098,51.9607843137255,62.8,63.4,63.2
2026-10-05T16:00,deterministic,best_match,79.7,39,52.5,77.3,63.4,1007.6,997.8,79199.48,0,0,0,0,0,6,0.0,0.0,0.0,0.0,7.8,219,8.7,3.7,3.7,3600.0,1,0.0,8.2,0.0,16699.475,1230.315,11.6,0.0,0.017,2.11,568.0,499.0,69.0,886.4,771.0,491.8,432.0,59.7,767.5,667.7,20,16,10,9,16,0,0,0,0,0,2457.349,4868.767,10275.591,19225.722,31633.646,America/Los_Angeles,34.03202,-118.52633,86.0,75.58202743530273,1.0,0.0,0.7367055771725033,0.7365583345813987,0.8785211267605634,0.12147887323943662,0.8784058560390402,0.12139080927206182,1.0,0.0,0.10000000000002274,20.0,0.0,83.4,1.0,,,,,,,,,,,,,,,,,86.73835125448029,94.11764705882354,0.6535947712418301,,,,2.941176470588235,0.0,51.96078431372548,0.0,89.2156862745098,0.0,64.1,51.9,56.2
2026-09-26T13:00,deterministic,best_match,83.5,34,52.2,83.4,64.6,1011.3,1001.5,79199.48,3,100,0,0,100,0,0.0,0.0,0.0,0.0,5.8,203,3.6,5.85,6.75,3600.0,1,0.0,6.3,0.0,15977.69,1837.27,14.0,0.0,0.022,2.58,717.0,416.0,301.0,513.7,1102.3,719.1,417.2,301.9,515.3,1105.8,27,24,7,13,92,0,0,0,0,22,2559.055,4960.63,10318.241,19202.756,31617.772,America/Los_Angeles,34.03202,-118.52633,86.0,75.58202743530273,0.8666666666666666,0.13333333333333341,0.6504581329946476,0.6502984264785676,0.5801952580195258,0.4198047419804742,0.5801696565150882,0.41983034348491166,1.0,0.0,1.1368683772161603e-13,92.0,22.0,82.7,1.0,29.8,27.1,183.0,456.0,27.5,9.4,99.0,1412.0,0.12,1.0,7.4,7.4,90.0,90.0,31.0,12.0,41.144845034788105,51.549652118912086,0.0,,,,99.34640522875816,96.07843137254902,84.58781362007169,6.451612903225807,96.73202614379085,48.80877082015602,33.6,83.7,66.2
2026-09-25T12:00,deterministic,best_match,82.0,44,58.0,84.3,66.9,1011.6,1001.8,79199.48,3,100,0,0,100,0,0.0,0.0,0.0,0.0,4.1,193,2.2,5.5,6.2,3600.0,1,0.0,3.8,0.0,15551.182,1607.612,20.4,0.0,0.02,2.09,679.0,399.0,280.0,517.3,1049.0,705.9,414.8,291.1,537.8,1090.7,34,23,27,21,94,0,0,0,0,36,2565.617,4973.754,10351.05,19206.038,31538.396,America/Los_Angeles,34.03202,-118.52633,86.0,75.58202743530273,0.8870967741935484,0.11290322580645162,0.6472831267874166,0.6471990464839094,0.5876288659793815,0.41237113402061853,0.5876186428672617,0.4123813571327384,1.0,0.0,-1.1368683772161603e-13,94.0,36.0,81.8,1.0,36.0,30.6,168.0,452.0,28.6,9.8,82.0,1398.0,0.14,1.0,7.5,7.5,86.0,86.0,29.0,8.0,50.885515496521194,70.39848197343454,0.0,,,,100.0,96.07843137254902,93.04237824161923,9.255745308876238,98.03921568627452,60.91081593927894,47.6,90.5,75.5
2026-09-22T16:00,deterministic,best_match,70.7,82,65.0,70.0,66.6,1010.3,1000.3,51837.268,0,16,16,0,0,0,0.0,0.0,0.0,0.0,15.5,267,19.9,4.3,4.45,3600.0,1,10.0,1.4,643.0,14534.121,1361.549,24.7,0.0,0.012,0.46,588.8,455.5,133.3,728.1,849.8,518.8,401.4,117.4,641.6,748.9,55,35,33,7,8,0,0,0,0,0,2509.843,4908.137,10262.467,19074.802,31279.106,America/Los_Angeles,34.03202,-118.52633,86.0,75.58202743530273,0.9662921348314606,0.03370786516853941,0.6928689103318427,0.6927493657364133,0.7736073369565218,0.2263926630434783,0.7737085582112567,0.22629144178874327,1.0,0.0,0.0,55.0,0.0,81.4,1.0,16.2,11.1,124.0,439.0,4.3,2.6,107.0,1382.0,0.15,5.0,2.4,2.4,62.0,62.0,17.0,34.0,98.0392156862745,100.0,0.0,,,,99.34640522875816,0.0,55.57663925785368,0.0,99.34640522875816,0.0,78.9,54.5,63.0
2026-09-23T16:00,deterministic,best_match,71.5,84,66.4,74.5,67.8,1011.6,1001.6,48884.516,0,14,14,0,0,0,0.0,0.0,0.0,0.0,8.1,254,9.2,4.2,4.4,3600.0,1,0.0,2.0,0.0,14534.121,1164.698,18.6,0.0,0.013,0.42,585.0,426.0,159.0,686.0,844.0,514.9,375.0,139.9,603.8,742.9,24,21,19,6,10,0,0,0,0,0,2565.617,4990.158,10364.173,19183.07,31427.272,America/Los_Angeles,34.03202,-118.52633,86.0,75.58202743530273,0.9545454545454545,0.045454545454545525,0.693127962085308,0.6930946291560102,0.7282051282051282,0.2717948717948718,0.7282967566517771,0.271703243348223,1.0,0.0,0.0,24.0,0.0,79.4,1.0,26.4,21.0,143.0,448.0,8.9,4.9,121.0,1433.0,0.17,4.0,2.4,2.4,78.0,78.0,25.0,31.0,99.01960784313725,100.0,0.0,,,,100.0,0.0,87.58169934640523,0.0,100.0,0.0,39.0,65.7,56.4
2026-10-03T15:00,deterministic,best_match,85.8,26,47.0,82.8,63.2,1009.5,999.8,79199.48,2,75,0,0,74,0,0.0,0.0,0.0,0.0,7.3,225,6.5,4.55,5.0,3600.0,1,0.0,10.3,0.0,17749.344,1459.974,9.5,0.0,0.021,3.12,639.0,416.0,223.0,599.4,949.1,590.3,384.3,206.0,553.8,876.9,11,12,6,7,58,0,0,0,0,2,2539.37,4967.192,10377.297,19373.36,31829.44,America/Los_Angeles,34.03202,-118.52633,86.0,75.58202743530273,0.9099999999999999,0.09000000000000008,0.6732694131282267,0.6731668377237997,0.651017214397496,0.3489827856025039,0.6510249025919025,0.3489750974080976,1.0,0.0,0.0,58.0,2.0,78.9,1.0,,,,,,,,,,,,,,,,,89.77440438541008,93.69597301286107,2.382458359687961,,,,93.13725490196079,0.0,85.29411764705883,0.0,91.17647058823529,46.07843137254902,54.5,63.2,60.2
2026-09-22T11:00,deterministic,best_match,71.8,72,62.3,73.1,65.3,1013.6,1003.6,66272.968,1,26,26,0,0,0,0.0,0.0,0.0,0.0,7.3,243,7.8,5.1,5.1,3600.0,1,0.0,2.7,0.0,13910.762,2034.121,24.0,0.0,0.013,0.75,546.0,323.0,223.0,471.8,929.8,591.4,349.8,241.5,511.0,1007.1,80,34,36,9,20,0,0,0,0,0,2585.302,4954.069,10291.995,19078.084,31284.394,America/Los_Angeles,34.03202,-118.52633,86.0,75.58202743530273,1.0,0.0,0.5872230587223058,0.5872306622976864,0.5915750915750916,0.4084249084249084,0.5914778491714576,0.40835306053432535,1.0,0.0,0.10000000000002274,80.0,0.0,78.4,1.0,23.2,17.3,146.0,448.0,14.7,6.5,76.0,1426.0,0.21,5.0,5.55,5.85,62.0,62.0,16.0,12.0,90.89184060721063,99.01960784313725,0.0,,,,100.0,49.947290744254694,91.50326797385621,21.50537634408602,96.73202614379085,50.368964790217156,62.7,81.8,75.1
2026-09-26T16:00,deterministic,best_match,80.4,40,53.9,78.2,64.3,1010.1,1000.3,79199.48,3,100,0,0,100,0,0.0,0.0,0.0,0.0,8.4,220,8.3,4.05,4.3,3600.0,1,0.0,6.4,0.0,15748.031,1197.507,12.5,0.0,0.017,2.13,567.0,398.0,169.0,656.4,826.1,497.0,348.9,148.1,575.4,724.4,22,22,7,13,44,0,0,0,0,0,2522.966,4924.541,10278.871,19160.106,31607.19,America/Los_Angeles,34.03202,-118.52633,86.0,75.58202743530273,0.9418604651162791,0.05813953488372092,0.6863575838276238,0.6860850358917725,0.7019400352733686,0.2980599647266314,0.7020120724346076,0.29798792756539233,1.0,0.0,0.0,44.0,0.0,78.1,1.0,23.5,20.1,128.0,441.0,16.7,6.1,97.0,1354.0,0.12,1.0,2.05,2.35,90.0,90.0,30.0,31.0,42.4414927261227,56.767868437697665,0.0,,,,37.08623234239932,0.0,32.08939489774404,0.0,77.20851781572844,0.6535947712418301,38.0,37.6,37.7
2026-09-29T09:00,deterministic,best_match,78.0,21,34.9,73.5,55.6,1006.8,997.0,79199.48,0,0,0,0,0,1,0.0,0.0,0.0,0.0,2.7,312,3.8,2.1,2.1,3600.0,1,0.0,15.3,0.0,16535.434,508.53,8.9,0.0,0.008,2.59,323.0,274.0,49.0,800.1,466.1,412.3,349.7,62.5,1021.2,595.2,16,17,2,11,32,0,0,0,0,0,2421.26,4822.835,10196.851,19133.86,31538.396,America/Los_Angeles,34.03202,-118.52633,86.0,75.58202743530273,1.0,0.0,0.6929843381248659,0.6927083333333333,0.848297213622291,0.15170278637770898,0.848168809119573,0.15158864904195973,1.0,0.0,0.10000000000002274,32.0,0.0,77.1,1.0,,,,,,,,,,,,,,,,,80.80328905755852,86.82795698924731,4.237824161922834,,,,0.0,0.0,76.93442968585283,1.3071895424836601,80.85599831330381,9.150326797385622,18.9,58.7,44.8
2026-09-27T09:00,deterministic,best_match,74.0,56,57.3,75.6,63.4,1012.0,1002.0,79199.48,0,0,0,0,0,1,0.0,0.0,0.0,0.0,1.9,201,1.6,2.15,2.15,3600.0,1,0.0,5.4,0.0,14796.588,820.21,12.7,0.0,0.008,1.26,322.0,271.0,51.0,778.6,473.2,409.7,344.8,64.9,990.7,602.4,31,21,8,6,14,0,0,0,0,0,2545.932,4924.541,10259.187,19094.488,31437.854,America/Los_Angeles,34.03202,-118.52633,86.0,75.58202743530273,1.0,0.0,0.6804733727810651,0.680112881806109,0.8416149068322981,0.15838509316770186,0.8415914083475714,0.15840859165242863,1.0,0.0,-5.684341886080802e-14,31.0,0.0,77.1,1.0,,,,,,,,,,,,,,,,,37.507906388361796,55.20240354206199,1.4705882352941175,,,,0.0,0.0,34.38751844823951,0.0,44.802867383512535,0.6535947712418301,35.0,37.9,36.9
2026-10-03T09:00,deterministic,best_match,78.5,26,40.8,75.3,57.9,1011.3,1001.4,79199.48,0,3,0,0,2,1,0.0,0.0,0.0,0.0,2.2,294,2.9,2.0,2.0,3600.0,1,0.0,14.9,0.0,17749.344,344.488,8.9,0.0,0.008,2.46,312.0,269.0,43.0,812.9,451.4,400.8,345.6,55.2,1044.2,580.2,14,12,6,9,22,0,0,0,0,0,2559.055,4977.034,10374.016,19373.36,31829.44,America/Los_Angeles,34.03202,-118.52633,86.0,75.58202743530273,1.0,0.0,0.6911829862649536,0.6907962771458117,0.8621794871794872,0.13782051282051283,0.8622754491017964,0.1377245508982036,1.0,0.0,0.0,22.0,0.0,76.7,1.0,,,,,,,,,,,,,,,,,78.47353995361586,91.50326797385621,0.0,,,,0.0,0.0,75.49019607843138,0.9803921568627451,85.29411764705881,5.88235294117647,63.4,59.7,61.0
2026-09-28T09:00,deterministic,best_match,73.5,33,42.6,70.9,56.5,1010.0,1000.0,79199.48,0,0,0,0,0,3,0.0,0.0,0.0,0.0,1.7,337,2.5,2.1,2.1,3600.0,1,0.0,15.0,0.0,16502.625,935.039,11.3,0.0,0.007,1.89,320.0,269.0,51.0,779.1,469.7,407.8,342.8,65.0,992.8,598.8,38,29,2,6,16,0,0,0,0,0,2480.315,4839.239,10167.323,19091.208,31496.062,America/Los_Angeles,34.03202,-118.52633,86.0,75.58202743530273,1.0,0.0,0.6812859271875665,0.6810287241148966,0.840625,0.159375,0.8406081412457087,0.15939185875429132,1.0,0.0,0.0,38.0,0.0,76.5,1.0,,,,,,,,,,,,,,,,,64.37381404174573,73.30803289057559,3.7476280834914606,,,,0.0,0.0,63.06135357368754,0.6535947712418301,69.13345983554713,3.9215686274509802,26.0,51.2,42.4
2026-09-30T09:00,deterministic,best_match,79.8,29,44.7,77.5,60.0,1005.7,995.9,79199.48,0,0,0,0,0,2,0.0,0.0,0.0,0.0,2.2,233,2.2,2.05,2.05,3600.0,1,0.0,11.7,0.0,16568.242,393.701,20.6,0.0,0.008,2.46,305.0,254.0,51.0,747.9,462.5,389.9,324.7,65.2,956.1,591.5,24,38,24,7,8,0,0,0,0,0,2404.856,4822.835,10209.974,19130.578,31580.73,America/Los_Angeles,34.03202,-118.52633,86.0,75.58202743530273,1.0,0.0,0.6594594594594595,0.659171597633136,0.8327868852459016,0.16721311475409836,0.8327776352911003,0.16722236470889973,1.0,0.0,0.0,38.0,0.0,75.9,1.0,,,,,,,,,,,,,,,,,78.17836812144213,88.75711574952561,1.4705882352941175,,,,0.0,0.0,73.94054395951929,0.6535947712418301,81.97343453510437,5.882352941176471,48.0,58.4,54.8
2026-10-01T09:00,deterministic,best_match,72.1,67,60.6,70.9,64.4,1009.8,999.8,79199.48,0,0,0,0,0,4,0.0,0.0,0.0,0.0,11.5,119,15.0,2.05,2.05,3600.0,1,0.0,7.4,0.0,17060.368,2427.822,14.1,0.0,0.008,0.89,307.0,252.0,55.0,748.3,458.8,393.1,322.7,70.4,958.1,587.8,76,12,9,4,10,0,0,0,0,0,2467.192,4835.958,10200.131,19160.106,31623.064,America/Los_Angeles,34.03202,-118.52633,86.0,75.58202743530273,1.0,0.0,0.6691368788142982,0.6687648860156516,0.8208469055374593,0.1791530944625407,0.8209107097430678,0.17908929025693207,1.0,0.0,0.0,76.0,0.0,75.6,1.0,,,,,,,,,,,,,,,,,75.75901328273245,86.6540164452878,2.2770398481973433,,,,0.0,0.0,75.01581277672359,2.6143790849673203,80.01265022137888,5.882352941176471,28.0,58.2,47.6
2026-10-02T09:00,deterministic,best_match,70.2,68,59.2,72.0,62.9,1010.0,1000.0,79199.48,0,0,0,0,0,1,0.0,0.0,0.0,0.0,3.0,153,3.6,2.0,2.0,3600.0,1,0.0,9.3,0.0,17421.26,1804.462,17.5,0.0,0.007,0.81,298.0,242.0,56.0,724.9,455.1,382.2,310.4,71.8,929.6,584.0,81,28,19,6,26,0,0,0,0,0,2467.192,4822.835,10200.131,19186.352,31612.478,America/Los_Angeles,34.03202,-118.52633,86.0,75.58202743530273,1.0,0.0,0.6548011426060206,0.6544520547945205,0.8120805369127517,0.18791946308724833,0.8121402407116692,0.1878597592883307,1.0,0.0,0.0,81.0,0.0,75.5,1.0,,,,,,,,,,,,,,,,,83.47037739827114,92.15686274509805,0.0,,,,0.0,0.0,69.6078431372549,1.9607843137254901,80.3921568627451,6.862745098039216,58.6,57.8,58.1
2026-09-24T17:00,deterministic,best_match,79.7,56,62.6,81.0,68.4,1009.1,999.3,79199.48,0,0,0,0,0,0,0.0,0.0,0.0,0.0,7.3,211,8.3,2.7,2.7,3600.0,1,240.0,-1.2,448.0,14238.846,951.444,21.9,0.0,0.012,1.52,423.0,359.0,64.0,790.9,618.1,336.9,286.0,51.0,629.9,492.6,25,29,31,10,8,0,0,0,0,0,2506.562,4934.384,10337.927,19137.138,31390.23,America/Los_Angeles,34.03202,-118.52633,86.0,75.58202743530273,1.0,0.0,0.6843552823167772,0.6839220462850182,0.8486997635933806,0.15130023640661938,0.8489165924606709,0.15138023152270705,1.0,0.0,-0.10000000000002274,31.0,0.0,75.0,1.0,24.3,19.6,121.0,439.0,11.5,5.6,120.0,1368.0,0.13,3.0,0.9,0.9,92.0,92.0,32.0,41.0,97.05882352941177,100.0,0.0,,,,0.0,0.0,0.0,0.0,26.818469323213154,0.0,45.4,35.0,38.6
2026-09-27T17:00,deterministic,best_match,77.7,42,52.8,75.0,62.7,1008.9,999.0,79199.48,0,0,0,0,0,1,0.0,0.0,0.0,0.0,8.3,216,10.1,2.55,2.55,3600.0,1,0.0,6.0,0.0,14862.205,1443.57,13.8,0.0,0.013,1.88,422.0,361.0,61.0,822.2,598.9,333.0,284.9,48.1,648.8,472.9,30,23,10,39,16,0,0,0,0,0,2473.754,4858.924,10200.131,19035.434,31390.23,America/Los_Angeles,34.03202,-118.52633,86.0,75.58202743530273,1.0,0.0,0.7046251461011855,0.7041657855783464,0.8554502369668247,0.14454976303317535,0.8555555555555555,0.14444444444444446,1.0,0.0,0.0,39.0,0.0,74.9,1.0,,,,,,,,,,,,,,,,,54.11132194813409,61.89120809614168,0.9803921568627451,,,,0.0,0.0,0.0,0.0,18.321737297069365,0.0,35.5,27.2,30.1
2026-10-05T09:00,deterministic,best_match,76.6,47,54.9,76.9,63.2,1009.7,999.8,79199.48,0,0,0,0,0,6,0.0,0.0,0.0,0.0,2.9,122,3.4,1.95,1.95,3600.0,1,0.0,9.8,0.0,17027.558,656.168,14.6,0.0,0.008,1.66,296.0,246.0,50.0,756.9,443.8,381.6,317.1,64.5,975.7,572.4,24,25,8,6,24,0,0,0,0,0,2503.281,4911.418,10311.68,19278.214,31723.604,America/Los_Angeles,34.03202,-118.52633,86.0,75.58202743530273,1.0,0.0,0.6669671022983326,0.6666666666666667,0.831081081081081,0.16891891891891891,0.8309748427672956,0.1690251572327044,1.0,0.0,0.0,25.0,0.0,74.8,1.0,,,,,,,,,,,,,,,,,83.89205144423362,94.77124183006536,0.6535947712418301,,,,0.0,0.0,75.49019607843137,1.9607843137254901,86.27450980392157,3.9215686274509802,63.2,60.3,61.3
2026-10-04T09:00,deterministic,best_match,79.3,37,50.8,79.1,62.4,1010.2,1000.3,79199.48,3,81,0,0,81,0,0.0,0.0,0.0,0.0,1.1,217,1.1,2.0,2.0,3600.0,1,0.0,9.3,0.0,16896.326,360.892,13.7,0.0,0.007,2.15,282.0,218.0,64.0,664.7,447.6,362.9,280.5,82.4,855.3,576.3,15,20,7,14,76,0,0,0,0,54,2536.089,4957.349,10354.331,19324.146,31739.48,America/Los_Angeles,34.03202,-118.52633,86.0,75.58202743530273,1.0,0.0,0.6300268096514745,0.6297067499566198,0.7730496453900709,0.22695035460992907,0.7729402039129237,0.22705979608707635,1.0,0.0,0.0,76.0,54.0,74.8,1.0,,,,,,,,,,,,,,,,,78.89521399957833,87.81362007168458,4.1113219481340915,,,,0.0,0.0,66.66666666666666,3.9215686274509802,71.56862745098039,8.823529411764707,45.1,55.3,51.7
2026-09-24T09:00,deterministic,best_match,74.5,67,62.8,77.7,66.6,1011.6,1001.6,79199.48,0,0,0,0,0,0,0.0,0.0,0.0,0.0,3.1,176,2.2,1.85,1.85,3600.0,1,0.0,0.8,0.0,13648.294,705.381,23.6,0.0,0.008,0.96,312.0,255.0,57.0,715.7,483.6,395.3,323.1,72.2,906.8,613.0,37,24,43,9,14,0,0,0,0,0,2549.213,4967.192,10357.611,19146.982,31390.23,America/Los_Angeles,34.03202,-118.52633,86.0,75.58202743530273,1.0,0.0,0.6451612903225806,0.6448613376835237,0.8173076923076923,0.18269230769230768,0.8173539084239818,0.18264609157601822,1.0,0.0,0.0,43.0,0.0,74.8,1.0,45.3,41.3,255.0,491.0,61.6,5.7,26.0,1540.0,0.19,2.0,1.9,1.9,89.0,89.0,31.0,1.0,66.20809614168247,85.95825426944972,0.0,,,,0.0,0.0,55.36580223487244,0.0,75.62724014336918,0.6535947712418301,42.0,51.6,48.2
2026-09-29T17:00,deterministic,best_match,83.5,25,44.0,79.1,61.1,1003.9,994.2,79199.48,0,0,0,0,0,1,0.0,0.0,0.0,0.0,6.7,217,8.7,2.45,2.45,3600.0,1,0.0,9.8,0.0,16601.051,787.402,11.3,0.0,0.014,2.93,416.0,358.0,58.0,834.3,586.0,326.1,280.7,45.5,654.1,459.7,15,18,10,10,26,0,0,0,0,0,2362.205,4786.746,10187.008,19114.174,31527.814,America/Los_Angeles,34.03202,-118.52633,86.0,75.58202743530273,1.0,0.0,0.7098976109215017,0.7093756797911682,0.8605769230769231,0.13942307692307693,0.8607789021772462,0.1395277522232444,1.0,0.0,-0.0999999999999659,26.0,0.0,74.7,1.0,,,,,,,,,,,,,,,,,80.97722960151803,90.74952561669829,5.3605313092979125,,,,0.0,0.0,0.6535947712418301,0.0,31.16171199662661,0.0,29.7,32.6,31.6
2026-09-25T09:00,deterministic,best_match,74.5,65,61.9,77.4,66.1,1012.1,1002.1,79199.48,0,13,0,0,10,0,0.0,0.0,0.0,0.0,2.8,135,2.9,1.8,1.8,3600.0,1,0.0,3.1,0.0,15354.331,754.593,21.4,0.0,0.008,1.02,311.0,252.0,59.0,712.7,480.2,394.6,319.7,74.9,904.3,609.5,38,25,31,6,74,0,0,0,0,0,2562.336,4967.192,10341.207,19179.792,31511.94,America/Los_Angeles,34.03202,-118.52633,86.0,75.58202743530273,1.0,0.0,0.6476468138275718,0.6474159146841674,0.8102893890675241,0.18971061093247588,0.8101875316776481,0.18981246832235174,1.0,0.0,0.0,74.0,0.0,74.6,1.0,41.0,36.3,189.0,469.0,53.4,6.2,23.0,1448.0,0.18,1.0,1.95,2.0,87.0,87.0,30.0,1.0,52.98861480075901,71.03099304237824,0.0,,,,0.0,0.0,62.53426101623446,0.0,82.47944339025933,0.6535947712418301,44.8,51.1,48.9
2026-09-28T17:00,deterministic,best_match,76.1,36,47.2,71.4,59.5,1006.7,996.8,79199.48,0,0,0,0,0,3,0.0,0.0,0.0,0.0,9.3,197,10.3,2.4,2.4,3600.0,1,0.0,12.7,0.0,16797.9,1213.911,10.3,0.0,0.014,1.97,424.0,363.0,61.0,836.2,592.5,333.5,285.5,48.0,657.8,466.3,23,18,3,7,14,0,0,0,0,0,2408.137,4799.869,10164.042,19110.892,31559.562,America/Los_Angeles,34.03202,-118.52633,86.0,75.58202743530273,1.0,0.0,0.7156118143459915,0.7152048037743941,0.8561320754716981,0.14386792452830188,0.856071964017991,0.14392803598200898,1.0,0.0,0.0,23.0,0.0,74.3,1.0,,,,,,,,,,,,,,,,,79.19038583175205,85.18342820999368,3.431372549019608,,,,0.0,0.0,0.0,0.0,33.733923676997684,0.0,29.1,31.5,30.7
2026-10-01T17:00,deterministic,best_match,75.5,50,55.6,74.2,63.1,1008.7,998.8,79199.48,0,0,0,0,0,0,0.0,0.0,0.0,0.0,7.3,198,4.0,2.45,2.45,3600.0,1,0.0,9.3,0.0,17290.028,2345.801,15.7,0.0,0.011,1.51,397.0,335.0,62.0,799.3,573.1,309.1,260.8,48.3,622.3,446.5,63,29,2,6,12,0,0,0,0,0,2447.507,4816.273,10180.446,19163.386,31596.606,America/Los_Angeles,34.03202,-118.52633,86.0,75.58202743530273,1.0,0.0,0.6927237829349153,0.692273236282195,0.8438287153652393,0.1561712846347607,0.8437398900032351,0.1562601099967648,1.0,0.0,0.0,63.0,0.0,73.6,1.0,,,,,,,,,,,,,,,,,83.08032890575585,89.10499683744466,1.7868437697659707,,,,0.0,0.0,0.0,0.0,21.674045962471013,0.0,48.1,32.6,38.0
2026-09-25T17:00,deterministic,best_match,78.1,54,60.1,78.5,66.4,1009.4,999.5,3674.541,0,6,0,0,5,0,0.0,0.0,0.0,0.0,7.0,222,7.6,2.65,2.65,3600.0,1,0.0,3.9,0.0,15813.648,918.635,17.6,0.0,0.012,1.51,413.0,339.0,74.0,755.0,611.8,328.0,269.2,58.8,599.6,486.1,25,20,13,27,62,0,0,0,0,0,2506.562,4924.541,10305.118,19183.07,31538.396,America/Los_Angeles,34.03202,-118.52633,86.0,75.58202743530273,1.0,0.0,0.6750572082379863,0.6747582801892614,0.8208232445520581,0.1791767554479419,0.8207317073170731,0.17926829268292682,1.0,0.0,0.0,62.0,0.0,73.5,1.0,23.9,19.4,144.0,443.0,9.3,5.4,115.0,1381.0,0.1,2.0,0.9,0.9,87.0,87.0,30.0,37.0,44.86084756483238,58.80771663504112,0.0,,,,0.0,0.0,0.0,0.0,14.948344929369597,0.0,42.6,26.8,32.3
2026-09-22T10:00,deterministic,best_match,71.8,72,62.3,73.5,65.3,1014.2,1004.2,71194.224,1,42,42,0,0,0,0.0,0.0,0.0,0.0,6.2,232,7.2,3.55,3.55,3600.0,1,0.0,3.0,0.0,13615.485,2214.567,24.1,0.0,0.011,0.75,433.5,294.3,139.3,543.7,735.1,496.6,337.1,159.5,622.9,842.1,87,35,34,9,12,13,0,0,0,0,2598.425,4960.63,10295.275,19071.522,31279.106,America/Los_Angeles,34.03202,-118.52633,86.0,75.58202743530273,1.0,0.0,0.5897156849408244,0.5897161857261608,0.6788927335640139,0.3213379469434833,0.6788159484494564,0.3211840515505437,1.0,-0.10000000000002274,0.0,87.0,13.0,73.4,1.0,22.2,17.5,190.0,465.0,27.0,6.1,54.0,1518.0,0.23,4.0,3.55,3.85,61.0,61.0,16.0,11.0,82.27387729285263,99.01960784313725,0.0,,,,92.15686274509805,0.0,79.08496732026144,0.0,94.11764705882354,30.38161501159604,62.8,62.5,62.6
2026-09-30T17:00,deterministic,best_match,86.9,29,50.8,83.1,65.3,1002.9,993.3,79199.48,0,0,0,0,0,1,0.0,0.0,0.0,0.0,9.5,236,14.3,2.45,2.45,3600.0,1,0.0,6.5,0.0,16437.008,1443.57,20.5,0.0,0.016,3.1,397.0,337.0,60.0,794.6,579.6,310.2,263.3,46.9,620.8,453.1,27,33,29,9,8,0,0,0,0,0,2345.801,4780.184,10190.289,19107.612,31575.438,America/Los_Angeles,34.03202,-118.52633,86.0,75.58202743530273,1.0,0.0,0.6849551414768806,0.6846170823217832,0.8488664987405542,0.15113350125944586,0.8488072211476467,0.15119277885235333,1.0,0.0,0.0,33.0,0.0,73.3,1.0,,,,,,,,,,,,,,,,,80.66097406704617,87.3181530676787,1.4705882352941175,,,,0.0,0.0,0.0,0.0,24.89985241408391,0.0,41.5,32.2,35.5
2026-10-04T17:00,deterministic,best_match,85.1,29,49.3,81.5,64.0,1007.5,997.8,79199.48,0,0,0,0,0,3,0.0,0.0,0.0,0.0,7.9,230,11.9,2.25,2.25,3600.0,1,0.0,9.3,0.0,17486.876,1115.486,13.8,0.0,0.014,2.93,385.0,328.0,57.0,811.3,553.8,296.6,252.6,43.9,624.9,426.8,19,22,8,10,26,0,0,0,0,0,2473.754,4901.575,10314.961,19294.62,31765.938,America/Los_Angeles,34.03202,-118.52633,86.0,75.58202743530273,1.0,0.0,0.6951968219573854,0.6949390815370197,0.8519480519480519,0.14805194805194805,0.8516520566419419,0.14801078894133513,1.0,0.0,0.10000000000002274,26.0,0.0,72.3,1.0,,,,,,,,,,,,,,,,,87.39194602572212,92.81045751633987,0.6535947712418301,,,,0.0,0.0,0.0,0.0,8.823529411764707,0.0,73.4,33.5,47.5
2026-10-02T17:00,deterministic,best_match,72.5,65,60.1,72.7,64.3,1008.1,998.1,79199.48,0,0,0,0,0,1,0.0,0.0,0.0,0.0,7.4,229,7.4,2.25,2.25,3600.0,1,0.0,9.3,0.0,17979.002,1000.656,15.6,0.0,0.01,0.95,390.0,327.0,63.0,789.5,566.6,302.6,253.7,48.9,612.6,439.9,46,22,6,4,10,0,0,0,0,0,2437.664,4832.677,10229.659,19245.406,31665.398,America/Los_Angeles,34.03202,-118.52633,86.0,75.58202743530273,1.0,0.0,0.6883162725026474,0.6878836099113436,0.8384615384615385,0.16153846153846155,0.838400528750826,0.16159947124917382,1.0,0.0,5.684341886080802e-14,46.0,0.0,72.1,1.0,,,,,,,,,,,,,,,,,87.39194602572212,91.96710942441491,0.0,,,,0.0,0.0,0.0,0.0,19.607843137254903,0.0,66.6,33.4,45.0
2026-10-05T17:00,deterministic,best_match,78.6,40,52.3,76.4,62.8,1007.5,997.7,79199.48,0,0,0,0,0,6,0.0,0.0,0.0,0.0,6.8,221,8.5,2.25,2.25,3600.0,1,0.0,8.2,0.0,16633.857,935.039,10.8,0.0,0.012,2.0,383.0,325.0,58.0,813.7,547.4,293.9,249.4,44.5,624.4,420.4,18,13,10,10,14,0,0,0,0,0,2450.787,4862.205,10272.31,19219.16,31617.772,America/Los_Angeles,34.03202,-118.52633,86.0,75.58202743530273,1.0,0.0,0.6996711728169529,0.6990960989533778,0.8485639686684073,0.1514360313315927,0.8485879550867643,0.15141204491323582,1.0,0.0,0.0,18.0,0.0,71.8,1.0,,,,,,,,,,,,,,,,,86.31667720851782,93.4640522875817,0.6535947712418301,,,,0.0,0.0,0.0,0.0,7.8431372549019605,0.0,64.8,33.6,44.5
2026-09-26T10:00,deterministic,best_match,79.1,43,54.7,79.2,64.2,1012.0,1002.1,79199.48,3,100,0,0,100,0,0.0,0.0,0.0,0.0,3.4,127,2.9,3.15,3.45,3600.0,1,0.0,6.3,0.0,16141.732,984.252,14.3,0.0,0.013,1.94,451.0,275.0,176.0,518.7,720.9,517.6,315.6,202.0,595.3,827.5,24,26,7,14,70,0,0,0,0,0,2568.898,4967.192,10321.522,19209.318,31607.19,America/Los_Angeles,34.03202,-118.52633,86.0,75.58202743530273,0.9130434782608695,0.08695652173913049,0.6256068802885283,0.6254984894259819,0.6097560975609756,0.3902439024390244,0.6097372488408037,0.3902627511591963,1.0,0.0,0.0,70.0,0.0,71.6,1.0,41.8,38.2,309.0,504.0,51.4,9.0,43.0,1663.0,0.17,1.0,3.55,3.85,89.0,89.0,31.0,2.0,41.14484503478811,54.77545857052498,0.0,,,,85.00948766603415,0.0,78.51570735821211,2.150537634408602,94.77124183006536,25.36369386464263,36.7,53.4,47.6
2026-09-23T09:00,deterministic,best_match,68.4,84,63.4,72.5,64.8,1011.7,1001.6,51509.188,0,13,13,0,0,0,0.0,0.0,0.0,0.0,1.7,157,2.0,1.85,1.85,3600.0,1,0.0,3.6,0.0,14862.205,902.231,21.0,0.0,0.007,0.38,300.0,221.0,79.0,616.7,487.0,379.7,279.7,100.0,780.7,616.4,29,25,30,13,12,0,0,0,0,0,2549.213,4967.192,10328.084,19150.262,31406.106,America/Los_Angeles,34.03202,-118.52633,86.0,75.58202743530273,1.0,0.0,0.6160164271047228,0.6159961064243997,0.7366666666666667,0.2633333333333333,0.7366341848828022,0.2633658151171978,1.0,0.0,0.0,30.0,0.0,71.2,1.0,31.9,28.7,249.0,488.0,48.5,4.8,24.0,1733.0,0.18,2.0,1.95,1.95,72.0,72.0,23.0,0.0,96.07843137254902,99.01960784313725,0.0,,,,0.0,0.0,87.58169934640523,1.3071895424836601,96.73202614379085,4.575163398692811,44.4,65.5,58.1
2026-09-22T17:00,deterministic,best_match,70.2,83,64.8,69.2,66.4,1010.0,1000.0,52493.436,0,11,11,0,0,0,0.0,0.0,0.0,0.0,15.3,265,19.7,2.75,2.75,3600.0,1,0.0,1.5,0.0,14566.93,1230.315,25.5,0.0,0.009,0.43,408.8,294.3,114.5,633.8,630.7,327.6,235.9,91.8,508.0,505.5,49,35,39,9,12,0,0,0,0,0,2503.281,4904.856,10265.748,19078.084,31289.688,America/Los_Angeles,34.03202,-118.52633,86.0,75.58202743530273,1.0,0.0,0.6481687014428412,0.6480712166172107,0.7199119373776908,0.2800880626223092,0.7200854700854701,0.28021978021978017,1.0,0.0,-0.0999999999999659,49.0,0.0,69.8,1.0,16.6,11.1,129.0,440.0,5.5,2.1,100.0,1387.0,0.14,5.0,0.9,0.9,62.0,62.0,17.0,40.0,98.52941176470588,100.0,0.0,,,,0.0,0.0,0.0,0.0,20.451191229179845,0.0,79.1,35.0,50.4
2026-10-03T16:00,deterministic,best_match,87.2,24,46.0,83.2,63.3,1008.9,999.2,79199.48,3,90,0,0,89,0,0.0,0.0,0.0,0.0,6.8,226,7.4,3.4,3.75,3600.0,1,0.0,10.4,0.0,17716.536,1033.465,9.5,0.0,0.017,3.35,489.0,288.0,201.0,503.0,783.3,424.6,250.1,174.5,436.7,680.3,10,12,7,7,72,0,0,0,0,2,2532.808,4963.911,10374.016,19370.078,31829.44,America/Los_Angeles,34.03202,-118.52633,86.0,75.58202743530273,0.9066666666666666,0.09333333333333338,0.6242818843355037,0.6241364104071734,0.588957055214724,0.4110429447852761,0.589024964672633,0.4109750353273669,1.0,0.0,0.0,72.0,2.0,68.8,1.0,,,,,,,,,,,,,,,,,88.46721484292642,93.04237824161923,2.382458359687961,,,,11.764705882352942,0.0,59.80392156862745,0.0,90.19607843137254,0.0,51.9,54.2,53.4
2026-09-26T17:00,deterministic,best_match,78.6,44,54.9,77.2,64.0,1010.1,1000.2,79199.48,3,100,0,0,100,0,0.0,0.0,0.0,0.0,7.0,225,7.6,2.5,2.65,3600.0,1,0.0,6.0,0.0,15748.031,869.423,12.1,0.0,0.012,1.87,390.0,266.0,124.0,599.0,605.4,308.7,210.6,98.2,474.2,479.5,21,21,7,13,30,0,0,0,0,0,2522.966,4924.541,10282.152,19160.106,31601.896,America/Los_Angeles,34.03202,-118.52633,86.0,75.58202743530273,0.9433962264150944,0.05660377358490565,0.6442021803766105,0.6437956204379561,0.6820512820512821,0.31794871794871793,0.6822157434402333,0.3181081956592161,1.0,0.0,-0.10000000000002274,30.0,0.0,67.0,1.0,21.5,18.0,128.0,441.0,15.6,5.2,89.0,1360.0,0.12,1.0,0.75,0.85,90.0,90.0,30.0,36.0,45.06641366223909,58.55471220746363,0.0,,,,0.0,0.0,0.0,0.0,19.05966687750369,0.0,41.8,26.7,32.0
2026-09-26T09:00,deterministic,best_match,76.4,52,57.5,78.4,64.5,1011.9,1002.0,79199.48,3,87,0,0,86,0,0.0,0.0,0.0,0.0,1.2,68,1.8,1.7,1.8,3600.0,1,0.0,5.9,0.0,16076.115,623.36,14.7,0.0,0.007,1.49,283.0,188.0,95.0,535.9,476.7,359.6,238.9,120.7,680.9,606.0,24,27,7,14,100,0,0,0,0,88,2562.336,4960.63,10311.68,19196.196,31591.312,America/Los_Angeles,34.03202,-118.52633,86.0,75.58202743530273,0.9444444444444444,0.05555555555555558,0.5936647786868051,0.5933993399339934,0.6643109540636042,0.33568904593639576,0.664349276974416,0.33565072302558396,1.0,0.0,0.0,100.0,88.0,66.7,1.0,46.0,43.0,337.0,527.0,61.3,6.9,21.0,1779.0,0.17,0.0,1.75,1.9,89.0,89.0,30.0,1.0,39.67425679949399,53.79506641366224,0.0,,,,0.0,0.0,36.93864642631246,0.0,61.03731815306768,1.3071895424836601,39.6,38.7,39.0
2026-09-27T08:00,deterministic,best_match,71.9,62,58.2,74.3,63.1,1011.8,1001.8,79199.48,0,0,0,0,0,1,0.0,0.0,0.0,0.0,0.9,256,0.9,0.6,0.6,3600.0,1,0.0,5.4,0.0,14796.588,360.892,12.5,0.0,0.002,1.02,105.0,75.0,30.0,509.8,195.2,181.6,129.7,51.9,881.7,338.4,30,20,8,7,14,0,0,0,0,0,2542.651,4921.26,10255.905,19091.208,31432.564,America/Los_Angeles,34.03202,-118.52633,86.0,75.58202743530273,1.0,0.0,0.5379098360655739,0.5366430260047281,0.7142857142857143,0.2857142857142857,0.7142070484581498,0.28579295154185025,1.0,0.0,0.0,30.0,0.0,65.3,1.0,,,,,,,,,,,,,,,,,37.507906388361796,54.39595192915876,1.4705882352941175,,,,0.0,0.0,8.49673202614379,0.0,9.572000843348091,0.0,40.0,28.6,32.6
2026-09-29T08:00,deterministic,best_match,74.5,25,36.3,69.8,54.6,1006.7,996.8,79199.48,0,0,0,0,0,1,0.0,0.0,0.0,0.0,3.7,327,4.0,0.55,0.55,3600.0,1,0.0,15.9,0.0,16601.051,114.829,8.9,0.0,0.004,2.18,102.0,72.0,30.0,498.7,188.3,179.2,126.5,52.7,875.9,331.4,17,17,2,11,32,0,0,0,0,0,2417.979,4816.273,10187.008,19127.296,31533.104,America/Los_Angeles,34.03202,-118.52633,86.0,75.58202743530273,1.0,0.0,0.5416887944768985,0.5407362703681352,0.7058823529411765,0.29411764705882354,0.7059151785714286,0.29408482142857145,1.0,0.0,0.0,32.0,0.0,65.0,1.0,,,,,,,,,,,,,,,,,79.01644528779254,88.12460468058191,4.237824161922834,,,,0.0,0.0,20.26143790849673,0.0,20.915032679738562,0.0,30.5,39.1,36.1
2026-09-23T08:00,deterministic,best_match,65.4,87,61.5,68.4,62.6,1011.6,1001.5,49540.684,0,11,11,0,0,0,0.0,0.0,0.0,0.0,2.3,73,2.7,0.55,0.55,3600.0,1,0.0,5.0,0.0,14763.779,311.68,20.5,0.0,0.002,0.28,118.0,80.0,38.0,520.4,208.9,198.8,134.8,64.0,876.9,352.1,29,25,30,13,12,0,0,0,0,0,2545.932,4963.911,10321.522,19143.702,31395.52,America/Los_Angeles,34.03202,-118.52633,86.0,75.58202743530273,1.0,0.0,0.5648635710866443,0.5646123260437376,0.6779661016949152,0.3220338983050847,0.6780684104627767,0.32193158953722334,1.0,0.0,0.0,30.0,0.0,64.8,1.0,42.8,41.0,246.0,489.0,55.1,4.2,6.0,1729.0,0.18,1.0,0.6,0.6,72.0,72.0,22.0,0.0,91.66666666666667,98.52941176470588,0.0,,,,0.0,0.0,26.143790849673206,0.6535947712418301,27.45098039215686,0.0,48.5,43.9,45.5
2026-09-28T08:00,deterministic,best_match,71.0,39,44.8,69.0,56.4,1009.8,999.8,79199.48,0,0,0,0,0,3,0.0,0.0,0.0,0.0,1.6,352,2.7,0.6,0.6,3600.0,1,0.0,14.4,0.0,16469.816,524.934,12.1,0.0,0.002,1.58,102.0,72.0,30.0,494.0,191.8,177.8,125.5,52.3,860.9,334.9,42,28,2,6,16,0,0,0,0,0,2473.754,4832.677,10154.199,19074.802,31474.894,America/Los_Angeles,34.03202,-118.52633,86.0,75.58202743530273,1.0,0.0,0.5318039624608968,0.5309047476858765,0.7058823529411765,0.29411764705882354,0.7058492688413948,0.2941507311586051,1.0,0.0,0.0,42.0,0.0,64.7,1.0,,,,,,,,,,,,,,,,,63.39342188488298,72.99177735610373,2.941176470588235,,,,0.0,0.0,13.725490196078432,0.0,16.10794855576639,0.0,36.5,34.0,34.9
2026-10-03T08:00,deterministic,best_match,74.8,32,43.0,71.9,57.3,1011.0,1001.1,79199.48,0,2,0,0,2,2,0.0,0.0,0.0,0.0,2.8,315,2.7,0.55,0.55,3600.0,1,0.0,14.9,0.0,17683.726,65.617,9.2,0.0,0.003,2.0,90.0,63.0,27.0,454.2,173.9,163.6,114.5,49.1,825.6,317.0,15,12,6,7,18,0,0,0,0,0,2549.213,4967.192,10364.173,19360.236,31813.564,America/Los_Angeles,34.03202,-118.52633,86.0,75.58202743530273,1.0,0.0,0.5175388154111559,0.5160883280757098,0.7,0.3,0.699877750611247,0.3001222493887531,1.0,0.0,0.0,18.0,0.0,63.7,1.0,,,,,,,,,,,,,,,,,77.81994518237401,93.4640522875817,0.0,,,,0.0,0.0,35.294117647058826,0.0,34.31372549019608,0.0,60.2,46.0,51.0
2026-09-24T08:00,deterministic,best_match,71.9,74,63.2,76.0,65.9,1011.4,1001.4,79199.48,0,0,0,0,0,0,0.0,0.0,0.0,0.0,1.6,164,1.6,0.5,0.5,3600.0,1,0.0,0.9,0.0,13582.678,426.509,24.1,0.0,0.002,0.7,104.0,71.0,33.0,467.5,205.5,176.1,120.2,55.9,791.5,348.7,37,23,48,10,14,0,0,0,0,0,2542.651,4960.63,10354.331,19140.42,31379.644,America/Los_Angeles,34.03202,-118.52633,86.0,75.58202743530273,1.0,0.0,0.5060827250608273,0.5050186406653283,0.6826923076923077,0.3173076923076923,0.6825667234525838,0.31743327654741627,1.0,0.0,0.0,48.0,0.0,62.7,1.0,54.8,52.6,258.0,497.0,68.8,4.8,7.0,1565.0,0.19,1.0,0.6,0.6,88.0,88.0,30.0,1.0,61.79633143580013,83.50727387729285,0.0,,,,0.0,0.0,16.99346405228758,0.0,15.032679738562093,0.0,50.2,37.6,42.0
2026-10-01T08:00,deterministic,best_match,70.7,72,61.2,69.9,64.3,1009.3,999.3,79199.48,0,0,0,0,0,4,0.0,0.0,0.0,0.0,11.1,112,15.0,0.55,0.55,3600.0,1,0.0,7.2,0.0,17027.558,2099.738,14.2,0.0,0.004,0.72,93.0,63.0,30.0,445.0,181.1,166.1,112.5,53.6,794.7,324.3,73,13,9,6,8,0,0,0,0,0,2454.068,4826.116,10190.289,19146.982,31617.772,America/Los_Angeles,34.03202,-118.52633,86.0,75.58202743530273,1.0,0.0,0.5135284373274435,0.5121800801726796,0.6774193548387096,0.3225806451612903,0.6773028296207104,0.3226971703792896,1.0,0.0,0.0,73.0,0.0,62.4,1.0,,,,,,,,,,,,,,,,,70.54079696394686,86.6540164452878,3.083491461100569,,,,0.0,0.0,22.222222222222218,0.0,22.222222222222218,0.0,35.3,39.6,38.1
2026-09-25T08:00,deterministic,best_match,72.1,71,62.2,75.9,65.4,1011.8,1001.8,79199.48,1,30,0,0,27,0,0.0,0.0,0.0,0.0,1.2,158,1.8,0.5,0.5,3600.0,1,0.0,3.1,0.0,15288.714,426.509,21.5,0.0,0.002,0.78,102.0,69.0,33.0,460.5,202.1,173.9,117.6,56.3,785.1,345.3,39,26,32,6,70,0,0,0,0,0,2552.494,4957.349,10331.365,19166.666,31496.062,America/Los_Angeles,34.03202,-118.52633,86.0,75.58202743530273,1.0,0.0,0.5047006432459179,0.5036200405444541,0.6764705882352942,0.3235294117647059,0.6762507188039102,0.3237492811960897,1.0,0.0,2.842170943040401e-14,70.0,0.0,62.4,1.0,49.0,46.7,195.0,477.0,61.6,4.8,6.0,1477.0,0.19,1.0,0.6,0.6,88.0,88.0,30.0,1.0,56.878557874762805,71.83744465528146,0.0,,,,0.0,0.0,22.222222222222218,0.0,21.56862745098039,0.0,38.1,37.1,37.4
2026-09-30T08:00,deterministic,best_match,77.5,31,44.5,75.5,59.0,1005.6,995.8,79199.48,0,0,0,0,0,2,0.0,0.0,0.0,0.0,1.5,243,2.0,0.55,0.55,3600.0,1,0.0,12.3,0.0,16633.857,98.425,21.1,0.0,0.002,2.22,93.0,63.0,30.0,440.6,184.7,164.7,111.6,53.1,780.2,327.9,24,40,27,7,8,0,0,0,0,0,2401.575,4819.554,10203.412,19124.016,31575.438,America/Los_Angeles,34.03202,-118.52633,86.0,75.58202743530273,1.0,0.0,0.5035192203573362,0.5022872827081427,0.6774193548387096,0.3225806451612903,0.6775956284153005,0.3224043715846995,1.0,0.0,0.0,40.0,0.0,62.2,1.0,,,,,,,,,,,,,,,,,74.43074003795067,91.52435167615434,1.4705882352941175,,,,0.0,0.0,24.836601307189543,0.0,24.836601307189543,0.0,58.3,41.8,47.6
2026-10-05T08:00,deterministic,best_match,74.3,53,56.1,75.0,62.9,1009.5,999.6,79199.48,0,0,0,0,0,6,0.0,0.0,0.0,0.0,2.9,99,3.6,0.5,0.5,3600.0,1,0.0,9.8,0.0,17125.984,344.488,14.7,0.0,0.003,1.36,84.0,57.0,27.0,419.8,166.6,155.7,105.6,50.0,777.9,309.5,24,25,8,6,24,0,0,0,0,0,2500.0,4908.137,10308.399,19278.214,31723.604,America/Los_Angeles,34.03202,-118.52633,86.0,75.58202743530273,1.0,0.0,0.5042016806722689,0.5030694668820678,0.6785714285714286,0.32142857142857145,0.6782273603082852,0.32113037893384716,1.0,0.0,0.09999999999999432,25.0,0.0,61.2,1.0,,,,,,,,,,,,,,,,,79.97048281678263,94.11764705882354,0.6535947712418301,,,,0.0,0.0,27.450980392156865,0.0,28.431372549019606,0.0,62.5,43.3,50.0
2026-10-02T08:00,deterministic,best_match,68.5,73,59.5,70.4,62.5,1009.7,999.7,79199.48,0,0,0,0,0,1,0.0,0.0,0.0,0.0,3.0,144,3.8,0.55,0.55,3600.0,1,0.0,9.4,0.0,17454.068,1492.782,18.2,0.0,0.002,0.64,87.0,57.0,30.0,406.7,177.5,156.7,102.7,54.0,732.7,320.6,81,31,20,7,24,0,0,0,0,0,2460.63,4812.992,10190.289,19173.228,31601.896,America/Los_Angeles,34.03202,-118.52633,86.0,75.58202743530273,1.0,0.0,0.49014084507042255,0.4887710542732376,0.6551724137931034,0.3448275862068966,0.6553924696873007,0.3446075303126995,1.0,0.0,0.0,81.0,0.0,60.8,1.0,,,,,,,,,,,,,,,,,80.20240354206199,92.15686274509805,0.0,,,,0.0,0.0,28.431372549019606,0.0,31.372549019607842,0.0,52.7,43.4,46.7
2026-09-24T18:00,deterministic,best_match,77.5,62,63.5,78.8,68.1,1009.5,999.6,79199.48,0,0,0,0,0,0,0.0,0.0,0.0,0.0,8.4,197,8.3,1.15,1.15,3600.0,1,130.0,-0.6,503.0,14206.037,820.21,24.6,0.0,0.007,1.22,213.0,166.0,47.0,637.0,355.3,128.1,99.9,28.3,383.2,214.1,32,28,44,9,6,0,0,0,0,0,2509.843,4934.384,10337.927,19140.42,31400.812,America/Los_Angeles,34.03202,-118.52633,86.0,75.58202743530273,1.0,0.0,0.5994933858710948,0.5983185427370388,0.7793427230046949,0.22065727699530516,0.7798594847775177,0.22092115534738488,1.0,0.0,-0.10000000000002274,44.0,0.0,59.1,1.0,22.4,17.9,122.0,439.0,12.8,4.7,107.0,1367.0,0.12,3.0,0.15,0.15,92.0,92.0,32.0,47.0,96.56862745098039,100.0,0.0,,,,0.0,0.0,0.0,0.0,0.0,0.0,70.8,35.0,47.5
2026-09-27T18:00,deterministic,best_match,76.8,42,52.0,74.3,61.9,1008.9,999.0,79199.48,0,0,0,0,0,1,0.0,0.0,0.0,0.0,7.4,221,9.8,1.15,1.15,3600.0,1,0.0,6.8,0.0,14829.396,1164.698,13.9,0.0,0.008,1.83,206.0,158.0,48.0,643.9,335.2,118.8,91.1,27.7,371.2,193.7,27,24,11,33,14,0,0,0,0,0,2477.034,4862.205,10196.851,19035.434,31395.52,America/Los_Angeles,34.03202,-118.52633,86.0,75.58202743530273,1.0,0.0,0.6145584725536993,0.6133195663397006,0.7669902912621359,0.23300970873786409,0.7668350168350168,0.23316498316498316,1.0,0.0,0.0,33.0,0.0,58.8,1.0,,,,,,,,,,,,,,,,,54.11132194813409,64.48450347881088,0.49019607843137253,,,,0.0,0.0,0.0,0.0,0.0,0.0,52.2,27.8,36.3
2026-10-03T17:00,deterministic,best_match,88.0,22,44.4,84.0,63.0,1008.5,998.8,79199.48,3,100,0,0,100,0,0.0,0.0,0.0,0.0,5.9,230,7.8,2.1,2.3,3600.0,1,0.0,10.5,0.0,17716.536,672.572,9.5,0.0,0.013,3.52,318.0,174.0,144.0,425.2,560.2,245.8,134.5,111.3,328.7,433.3,10,11,7,6,80,0,0,0,0,4,2522.966,4957.349,10370.735,19363.518,31829.44,America/Los_Angeles,34.03202,-118.52633,86.0,75.58202743530273,0.9130434782608696,0.08695652173913038,0.567654409139593,0.5672744057235172,0.5471698113207547,0.4528301886792453,0.5471928397070789,0.45280716029292106,1.0,0.0,0.0,80.0,4.0,58.3,1.0,,,,,,,,,,,,,,,,,88.46721484292642,92.3887834703774,2.382458359687961,,,,0.0,0.0,0.0,0.0,16.666666666666664,0.0,51.6,33.1,39.6
2026-09-28T18:00,deterministic,best_match,74.6,41,49.4,71.7,59.9,1006.8,996.9,79199.48,0,0,0,0,0,3,0.0,0.0,0.0,0.0,6.6,204,8.3,1.05,1.05,3600.0,1,0.0,12.1,0.0,16896.326,918.635,10.8,0.0,0.007,1.73,205.0,157.0,48.0,653.3,328.5,116.3,89.1,27.2,370.7,186.8,23,19,3,7,12,0,0,0,0,0,2414.698,4803.15,10167.323,19120.734,31564.856,America/Los_Angeles,34.03202,-118.52633,86.0,75.58202743530273,1.0,0.0,0.624048706240487,0.6225910064239828,0.7658536585365854,0.23414634146341465,0.766122098022356,0.23387790197764402,1.0,0.0,0.0,23.0,0.0,58.1,1.0,,,,,,,,,,,,,,,,,79.99683744465528,86.48007590132826,4.728020240354207,,,,0.0,0.0,0.0,0.0,0.0,0.0,47.1,31.6,37.0
2026-09-29T18:00,deterministic,best_match,82.0,29,46.6,79.0,61.7,1004.1,994.4,79199.48,0,0,0,0,0,1,0.0,0.0,0.0,0.0,5.1,209,7.4,1.05,1.05,3600.0,1,0.0,9.5,0.0,16601.051,590.551,12.4,0.0,0.007,2.65,198.0,152.0,46.0,646.2,321.7,110.5,84.8,25.7,360.6,180.0,16,17,13,10,24,0,0,0,0,0,2368.766,4793.307,10193.569,19120.734,31533.104,America/Los_Angeles,34.03202,-118.52633,86.0,75.58202743530273,1.0,0.0,0.615480261112838,0.6138888888888889,0.7676767676767676,0.23232323232323232,0.767420814479638,0.232579185520362,1.0,0.0,0.0,24.0,0.0,58.0,1.0,,,,,,,,,,,,,,,,,81.4674256799494,91.23972169512966,2.9411764705882355,,,,0.0,0.0,0.0,0.0,0.0,0.0,68.8,32.8,45.4
2026-09-25T18:00,deterministic,best_match,77.0,57,60.6,78.1,66.3,1009.5,999.6,79199.48,0,10,0,0,10,0,0.0,0.0,0.0,0.0,6.0,222,7.4,1.1,1.1,3600.0,1,0.0,3.8,0.0,15879.266,705.381,17.1,0.0,0.006,1.36,200.0,152.0,48.0,594.8,348.6,118.7,90.2,28.5,353.0,207.3,24,20,11,27,60,0,0,0,0,0,2509.843,4931.103,10308.399,19192.914,31554.274,America/Los_Angeles,34.03202,-118.52633,86.0,75.58202743530273,1.0,0.0,0.5737234652897303,0.5726000964785335,0.76,0.24,0.7598989048020219,0.2401010951979781,1.0,0.0,0.0,60.0,0.0,57.4,1.0,21.3,17.2,150.0,444.0,10.8,4.5,106.0,1380.0,0.09,2.0,0.15,0.15,87.0,87.0,30.0,43.0,47.106261859582546,59.61416824794434,0.0,,,,0.0,0.0,0.0,0.0,0.0,0.0,50.6,26.9,35.2
2026-10-01T18:00,deterministic,best_match,73.7,55,56.5,73.0,62.8,1008.8,998.9,79199.48,0,0,0,0,0,0,0.0,0.0,0.0,0.0,6.4,205,3.4,1.05,1.05,3600.0,1,0.0,9.4,0.0,17257.218,1902.887,16.8,0.0,0.006,1.28,182.0,136.0,46.0,604.1,308.3,98.0,73.2,24.8,325.1,166.4,62,36,2,6,10,0,0,0,0,0,2450.787,4819.554,10187.008,19169.948,31601.896,America/Los_Angeles,34.03202,-118.52633,86.0,75.58202743530273,1.0,0.0,0.5903340901719104,0.5889423076923077,0.7472527472527473,0.25274725274725274,0.7469387755102042,0.2530612244897959,1.0,0.0,0.0,62.0,0.0,56.7,1.0,,,,,,,,,,,,,,,,,82.764073371284,87.98228969006958,0.49019607843137253,,,,0.0,0.0,0.0,0.0,0.0,0.0,69.6,32.5,45.5
2026-09-30T18:00,deterministic,best_match,86.2,30,51.1,83.4,65.2,1003.0,993.3,79199.48,0,0,0,0,0,2,0.0,0.0,0.0,0.0,7.4,241,12.5,1.05,1.05,3600.0,1,0.0,6.9,0.0,16535.434,1082.677,20.8,0.0,0.009,2.99,186.0,140.0,46.0,608.2,315.0,102.0,76.8,25.2,333.5,173.2,26,36,29,9,8,0,0,0,0,0,2352.362,4786.746,10193.569,19117.456,31591.312,America/Los_Angeles,34.03202,-118.52633,86.0,75.58202743530273,1.0,0.0,0.5904761904761905,0.5889145496535797,0.7526881720430108,0.24731182795698925,0.7529411764705882,0.24705882352941175,1.0,0.0,0.0,36.0,0.0,56.6,1.0,,,,,,,,,,,,,,,,,81.15117014547755,86.51170145477546,1.2966476913345983,,,,0.0,0.0,0.0,0.0,0.0,0.0,62.5,32.1,42.7
2026-09-22T18:00,deterministic,best_match,69.2,83,63.8,68.1,65.4,1010.0,1000.0,52165.356,0,3,3,0,0,0,0.0,0.0,0.0,0.0,14.4,266,17.9,1.2,1.2,3600.0,1,0.0,1.9,0.0,14665.354,1115.486,24.2,0.0,0.005,0.41,208.0,134.8,73.3,496.6,368.6,128.5,83.2,45.2,306.8,227.7,42,35,41,9,10,0,0,0,0,0,2506.562,4908.137,10272.31,19087.926,31316.146,America/Los_Angeles,34.03202,-118.52633,86.0,75.58202743530273,1.0,0.0,0.5642973412913728,0.5643390425999122,0.6480769230769231,0.3524038461538461,0.6474708171206226,0.35175097276264594,1.0,-0.10000000000002274,0.09999999999999432,42.0,0.0,55.4,1.0,16.5,11.3,132.0,441.0,7.3,1.9,91.0,1385.0,0.13,4.0,0.15,0.15,62.0,62.0,17.0,44.0,98.52941176470588,100.0,0.0,,,,0.0,0.0,0.0,0.0,0.0,0.0,80.9,35.0,51.1
2026-10-02T18:00,deterministic,best_match,72.1,67,60.6,73.1,64.4,1008.3,998.3,79199.48,0,0,0,0,0,1,0.0,0.0,0.0,0.0,6.2,229,6.9,0.9,0.9,3600.0,1,0.0,9.1,0.0,18011.81,787.402,15.9,0.0,0.005,0.89,177.0,130.0,47.0,590.6,301.7,93.4,68.6,24.8,311.7,159.7,46,23,6,4,10,0,0,0,0,0,2450.787,4845.801,10242.782,19261.81,31686.562,America/Los_Angeles,34.03202,-118.52633,86.0,75.58202743530273,1.0,0.0,0.5866755054690089,0.5848465873512837,0.7344632768361582,0.2655367231638418,0.7344753747323339,0.26552462526766596,1.0,0.0,1.4210854715202004e-14,46.0,0.0,55.2,1.0,,,,,,,,,,,,,,,,,88.04554079696395,93.04237824161923,1.3071895424836601,,,,0.0,0.0,0.0,0.0,0.0,0.0,74.3,33.4,47.7
2026-10-04T18:00,deterministic,best_match,84.4,29,48.7,81.3,63.4,1007.5,997.8,79199.48,0,0,0,0,0,4,0.0,0.0,0.0,0.0,6.5,236,10.3,0.9,0.9,3600.0,1,0.0,9.6,0.0,17421.26,787.402,13.8,0.0,0.008,2.86,171.0,129.0,42.0,613.7,288.4,86.4,65.2,21.2,310.3,146.3,19,22,8,10,24,0,0,0,0,0,2480.315,4908.137,10321.522,19301.182,31776.522,America/Los_Angeles,34.03202,-118.52633,86.0,75.58202743530273,1.0,0.0,0.5929264909847435,0.5905673274094326,0.7543859649122807,0.24561403508771928,0.7546296296296297,0.24537037037037035,1.0,0.0,0.0,24.0,0.0,55.0,1.0,,,,,,,,,,,,,,,,,86.31667720851782,92.81045751633987,0.6535947712418301,,,,0.0,0.0,0.0,0.0,0.0,0.0,80.8,33.5,50.1
2026-10-05T18:00,deterministic,best_match,77.7,42,52.8,76.3,62.7,1007.6,997.7,79199.48,0,2,0,0,2,6,0.0,0.0,0.0,0.0,5.4,218,7.2,0.9,0.9,3600.0,1,0.0,8.2,0.0,16633.857,705.381,10.6,0.0,0.006,1.88,169.0,127.0,42.0,618.6,281.9,83.5,62.7,20.7,305.5,139.7,17,11,10,11,30,0,0,0,0,0,2457.349,4868.767,10275.591,19222.442,31617.772,America/Los_Angeles,34.03202,-118.52633,86.0,75.58202743530273,1.0,0.0,0.5995033699893579,0.5977093772369363,0.7514792899408284,0.2485207100591716,0.7508982035928145,0.24790419161676647,1.0,0.0,0.09999999999999432,30.0,0.0,54.6,1.0,,,,,,,,,,,,,,,,,86.31667720851782,91.73518869913558,3.036053130929791,,,,0.0,0.0,0.0,0.0,0.0,0.0,73.7,32.9,47.2
2026-09-26T18:00,deterministic,best_match,77.9,45,54.8,77.2,63.7,1010.3,1000.4,79199.48,3,100,0,0,100,0,0.0,0.0,0.0,0.0,5.1,218,6.0,1.05,1.1,3600.0,1,0.0,5.8,0.0,15616.798,656.168,11.7,0.0,0.006,1.79,182.0,107.0,75.0,427.2,341.9,106.5,62.6,43.9,250.0,200.5,21,19,7,13,28,0,0,0,0,0,2529.528,4931.103,10288.714,19163.386,31607.19,America/Los_Angeles,34.03202,-118.52633,86.0,75.58202743530273,0.9545454545454545,0.045454545454545525,0.532319391634981,0.5311720698254364,0.5879120879120879,0.41208791208791207,0.587793427230047,0.41220657276995304,1.0,0.0,0.0,28.0,0.0,51.5,1.0,,,127.0,441.0,,,,1360.0,,,,,89.0,89.0,30.0,40.0,48.29222011385199,57.89057558507274,0.0,,,,0.0,0.0,0.0,0.0,0.0,0.0,50.4,26.6,34.9
2026-09-26T08:00,deterministic,best_match,73.4,62,59.6,76.6,64.4,1011.7,1001.7,79199.48,3,100,0,0,100,0,0.0,0.0,0.0,0.0,0.0,270,0.4,0.45,0.5,3600.0,1,0.0,5.4,0.0,16108.924,262.467,15.2,0.0,0.001,1.07,83.0,43.0,40.0,289.6,198.7,142.5,73.8,68.7,497.2,341.9,25,27,7,16,72,0,0,0,0,0,2555.775,4950.788,10301.837,19186.352,31580.73,America/Los_Angeles,34.03202,-118.52633,86.0,75.58202743530273,0.9,0.09999999999999998,0.41771514846502267,0.41678853465925714,0.5180722891566265,0.4819277108433735,0.5178947368421053,0.48210526315789476,1.0,0.0,0.0,72.0,0.0,50.6,1.0,53.2,50.8,345.0,538.0,69.4,5.3,5.0,1835.0,0.18,0.0,0.55,0.6,89.0,89.0,30.0,1.0,37.713472485768506,52.00822264389627,0.0,,,,0.0,0.0,17.647058823529413,0.0,16.99346405228758,0.0,45.8,31.6,36.6
2026-09-22T09:00,deterministic,best_match,70.4,71,60.5,73.7,63.8,1013.2,1003.2,69225.72,2,55,55,0,0,0,0.0,0.0,0.0,0.0,0.7,108,2.5,1.85,1.85,3600.0,1,0.0,3.2,0.0,13582.678,2542.651,24.1,0.0,0.005,0.74,185.3,74.8,110.5,207.1,490.3,234.2,94.5,139.7,261.7,619.8,95,37,32,7,6,46,0,0,0,0,2568.898,4924.541,10252.625,19025.59,31231.478,America/Los_Angeles,34.03202,-118.52633,86.0,75.58202743530273,1.0,0.0,0.37793187844177034,0.377863827040981,0.40366972477064217,0.5963302752293578,0.4035012809564475,0.5964987190435525,1.0,0.0,0.0,95.0,46.0,49.0,1.0,23.6,20.3,247.0,488.0,42.7,5.3,29.0,1636.0,0.24,2.0,1.8,1.9,61.0,61.0,16.0,12.0,69.10183428209993,92.82099936748894,0.0,,,,0.0,0.0,46.95340501792114,0.0,70.44064937803078,0.6535947712418301,56.8,50.0,52.4
2026-10-04T08:00,deterministic,best_match,76.8,42,52.0,77.0,61.9,1010.2,1000.3,79199.48,3,100,0,0,100,0,0.0,0.0,0.0,0.0,0.9,270,1.1,0.5,0.55,3600.0,1,0.0,9.3,0.0,16863.518,49.213,13.8,0.0,0.002,1.83,66.0,33.0,33.0,240.4,170.3,121.1,60.6,60.6,441.2,313.3,15,19,7,16,100,0,0,0,0,82,2536.089,4957.349,10354.331,19320.868,31739.48,America/Los_Angeles,34.03202,-118.52633,86.0,75.58202743530273,0.9090909090909091,0.09090909090909094,0.3875513799177921,0.3865304819661666,0.5,0.5,0.5004128819157722,0.5004128819157722,1.0,0.0,-0.10000000000000853,100.0,82.0,49.0,1.0,,,,,,,,,,,,,,,,,78.2416192283365,85.8528357579591,4.1113219481340915,,,,0.0,0.0,26.47058823529412,0.0,25.49019607843137,0.0,32.9,40.8,38.0
2026-10-03T18:00,deterministic,best_match,87.9,21,43.1,84.2,62.4,1008.4,998.7,79199.48,3,100,0,0,100,1,0.0,0.0,0.0,0.0,4.5,252,7.4,0.9,0.9,3600.0,1,0.0,10.8,0.0,17683.726,426.509,9.5,0.0,0.007,3.56,134.0,70.0,64.0,325.4,295.0,69.3,36.2,33.1,168.2,153.0,10,11,7,6,76,0,0,0,0,2,2529.528,4963.911,10377.297,19370.078,31834.73,America/Los_Angeles,34.03202,-118.52633,86.0,75.58202743530273,1.0,0.0,0.4542372881355932,0.45294117647058824,0.5223880597014925,0.47761194029850745,0.5223665223665225,0.4776334776334777,1.0,0.0,-1.4210854715202004e-14,76.0,2.0,47.2,1.0,,,,,,,,,,,,,,,,,89.12080961416825,93.04237824161923,0.6535947712418301,,,,0.0,0.0,0.0,0.0,0.0,0.0,58.8,33.5,42.4
2026-09-23T18:00,deterministic,best_match,68.1,90,65.1,71.3,65.9,1011.8,1001.7,42650.916,2,67,67,0,0,0,0.0,0.0,0.0,0.0,5.8,257,6.7,1.15,1.15,1917.49,1,0.0,2.4,0.0,14402.888,1033.465,20.3,0.0,0.003,0.23,125.0,33.0,92.0,123.9,362.0,76.3,20.1,56.2,75.6,220.9,30,21,26,6,8,0,0,0,0,0,2562.336,4983.596,10367.454,19179.792,31427.272,America/Los_Angeles,34.03202,-118.52633,86.0,75.58202743530273,1.0,0.0,0.3453038674033149,0.34540516070620186,0.264,0.736,0.2634338138925295,0.7365661861074706,0.5326361111111111,0.0,-1.4210854715202004e-14,30.0,0.0,33.8,1.0,24.9,19.6,183.0,453.0,16.0,3.8,106.0,1437.0,0.16,4.0,0.15,0.15,79.0,79.0,26.0,44.0,98.0392156862745,100.0,0.0,,,,0.0,0.0,0.0,0.0,0.0,0.0,50.8,35.0,40.5
2026-09-23T17:00,deterministic,best_match,68.9,89,65.6,71.9,66.5,1011.6,1001.5,43963.252,3,100,100,0,0,0,0.0,0.0,0.0,0.0,6.6,246,7.6,2.6,2.75,746.65,1,0.0,2.4,0.0,14435.695,1181.102,19.7,0.0,0.004,0.27,169.0,39.0,130.0,84.9,624.4,135.1,31.2,103.9,67.8,499.1,26,21,21,6,10,0,0,0,0,0,2559.055,4983.596,10364.173,19176.51,31421.978,America/Los_Angeles,34.03202,-118.52633,86.0,75.58202743530273,0.9454545454545454,0.054545454545454564,0.2706598334401025,0.27068723702664793,0.23076923076923078,0.7692307692307693,0.230940044411547,0.7690599555884531,0.20740277777777777,0.0,0.0,26.0,0.0,33.4,1.0,25.4,20.0,162.0,450.0,9.4,4.3,120.0,1447.0,0.16,4.0,0.9,0.9,78.0,78.0,26.0,38.0,98.52941176470588,100.0,0.0,,,,0.0,0.0,0.0,0.0,47.944339025932955,0.0,28.2,35.0,32.6
2026-09-22T08:00,deterministic,best_match,67.8,73,58.8,69.4,61.8,1013.6,1003.5,69553.808,2,50,50,0,0,0,0.0,0.0,0.0,0.0,3.0,48,4.9,0.55,0.55,407.31,1,0.0,3.9,0.0,13812.336,2198.163,23.6,0.0,0.002,0.63,62.8,11.5,51.3,73.6,212.3,105.1,19.3,85.8,123.2,355.4,97,39,31,7,6,58,0,0,0,0,2578.74,4927.822,10255.905,19028.872,31236.772,America/Los_Angeles,34.03202,-118.52633,86.0,75.58202743530273,1.0,0.0,0.29580781912388127,0.29572312886888014,0.18312101910828027,0.8168789808917197,0.18363463368220745,0.8163653663177926,0.11314166666666667,0.0,0.0,97.0,58.0,26.8,1.0,33.8,31.4,283.0,503.0,53.7,4.6,12.0,1705.0,0.25,1.0,0.6,0.6,60.0,60.0,16.0,15.0,59.78810879190386,90.05376344086022,0.0,,,,0.0,0.0,18.954248366013072,0.0,18.300653594771244,0.0,57.9,39.6,46.0
2026-09-24T07:00,deterministic,best_match,70.3,79,63.5,74.4,65.6,1010.9,1000.9,79199.48,0,0,0,0,0,0,0.0,0.0,0.0,0.0,1.7,203,1.8,0.0,0.0,0.0,1,0.0,1.0,0.0,13549.869,229.659,24.0,0.0,0.0,0.53,2.0,1.0,1.0,19.1,6.1,19.3,9.7,9.7,184.4,60.1,39,23,46,10,14,0,0,0,0,0,2529.528,4944.226,10341.207,19124.016,31369.062,America/Los_Angeles,34.03202,-118.52633,86.0,75.58202743530273,,,0.3278688524590164,0.3211314475873544,0.5,0.5,0.5025906735751294,0.5025906735751294,0.0,0.0,-0.09999999999999787,46.0,0.0,18.3,0.85,51.7,49.2,251.0,498.0,73.6,4.4,0.0,1566.0,0.19,1.0,0.05,0.05,87.0,87.0,30.0,2.0,57.874762808349146,74.68374446552815,0.0,,,,0.0,0.0,0.0,0.0,0.0,0.0,67.4,29.9,43.0
2026-09-22T07:00,deterministic,best_match,63.1,71,53.5,62.7,56.9,1013.0,1002.8,72834.648,3,100,100,0,0,0,0.0,0.0,0.0,0.0,3.5,40,3.8,0.0,0.0,0.0,1,0.0,5.2,0.0,14009.187,1870.079,22.6,0.0,0.001,0.57,1.5,0.8,0.8,14.3,7.6,13.2,6.6,6.6,126.1,66.9,96,39,28,4,4,52,0,0,0,0,2562.336,4911.418,10239.501,19019.03,31226.19,America/Los_Angeles,34.03202,-118.52633,86.0,75.58202743530273,,,0.19736842105263158,0.1973094170403587,0.5333333333333333,0.5333333333333333,0.5,0.5,0.0,-0.10000000000000009,0.0,96.0,52.0,8.8,0.85,31.7,29.3,282.0,506.0,56.6,4.3,8.0,1683.0,0.25,1.0,0.05,0.05,59.0,59.0,15.0,18.0,57.479443390259334,85.1518026565465,0.0,,,,0.0,0.0,0.0,0.0,0.0,0.0,64.2,32.0,43.3
2026-09-26T07:00,deterministic,best_match,71.9,67,60.4,74.9,64.3,1011.1,1001.1,79199.48,3,100,0,0,100,0,0.0,0.0,0.0,0.0,1.5,117,1.8,0.0,0.0,0.0,1,0.0,5.4,0.0,16076.115,98.425,15.2,0.0,0.001,0.88,1.0,0.0,1.0,0.0,4.8,10.9,0.0,10.9,0.0,53.2,25,26,7,17,78,0,0,0,0,4,2539.37,4937.664,10291.995,19176.51,31575.438,America/Los_Angeles,34.03202,-118.52633,86.0,75.58202743530273,,,0.20833333333333334,0.20488721804511278,0.0,1.0,0.0,1.0,0.0,0.0,0.0,78.0,4.0,4.6,0.85,50.5,47.8,316.0,529.0,74.7,4.9,0.0,1783.0,0.18,0.0,0.05,0.05,88.0,88.0,30.0,3.0,36.24288425047438,50.53763440860215,0.0,,,,0.0,0.0,0.0,0.0,0.0,0.0,65.1,25.1,39.1
2026-09-25T07:00,deterministic,best_match,70.3,77,62.8,74.8,65.1,1011.5,1001.5,79199.48,0,14,0,0,10,0,0.0,0.0,0.0,0.0,0.2,360,1.1,0.0,0.0,0.0,1,0.0,3.3,0.0,14796.588,229.659,21.6,0.0,0.0,0.58,1.0,0.0,1.0,0.0,5.4,10.2,0.0,10.2,0.0,56.6,38,26,34,6,70,0,0,0,0,0,2542.651,4950.788,10328.084,19150.262,31480.188,America/Los_Angeles,34.03202,-118.52633,86.0,75.58202743530273,,,0.18518518518518517,0.1802120141342756,0.0,1.0,0.0,1.0,0.0,0.0,0.0,70.0,0.0,4.1,0.85,45.8,42.6,205.0,491.0,65.9,4.2,0.0,1526.0,0.2,1.0,0.05,0.05,88.0,88.0,30.0,2.0,55.40796963946869,71.66350411132194,0.0,,,,0.0,0.0,0.0,0.0,0.0,0.0,68.0,29.3,42.8
2026-10-05T07:00,deterministic,best_match,73.5,55,56.3,74.3,62.7,1009.3,999.3,79199.48,0,0,0,0,0,6,0.0,0.0,0.0,0.0,2.9,86,3.1,0.0,0.0,0.0,1,0.0,9.7,0.0,17191.602,213.255,14.9,0.0,0.002,1.27,0.0,0.0,0.0,0.0,0.8,0.0,0.0,0.0,0.0,21.1,24,25,8,6,22,0,0,0,0,0,2493.438,4901.575,10305.118,19274.934,31723.604,America/Los_Angeles,34.03202,-118.52633,86.0,75.58202743530273,,,0.0,0.0,,,,,0.0,0.0,0.0,25.0,0.0,0.0,0.75,,,,,,,,,,,,,,,,,79.97048281678263,88.23529411764706,0.6535947712418301,,,,0.0,0.0,0.0,0.0,0.0,0.0,84.8,32.5,50.8
2026-10-03T07:00,deterministic,best_match,73.1,39,46.7,71.2,58.0,1010.5,1000.5,79199.48,0,3,0,0,3,2,0.0,0.0,0.0,0.0,2.5,315,2.2,0.0,0.0,0.0,1,0.0,14.0,0.0,17716.536,0.0,9.6,0.0,0.002,1.7,0.0,0.0,0.0,0.0,1.4,0.0,0.0,0.0,0.0,28.4,16,12,6,7,16,0,0,0,0,0,2532.808,4950.788,10347.77,19350.394,31802.978,America/Los_Angeles,34.03202,-118.52633,86.0,75.58202743530273,,,0.0,0.0,,,,,0.0,0.0,0.0,16.0,0.0,0.0,0.75,,,,,,,,,,,,,,,,,76.74467636516972,87.81362007168458,0.0,,,,0.0,0.0,0.0,0.0,0.0,0.0,78.2,32.6,48.6
2026-10-02T07:00,deterministic,best_match,67.9,74,59.3,69.6,62.1,1009.3,999.2,79199.48,0,0,0,0,0,1,0.0,0.0,0.0,0.0,3.3,138,4.3,0.0,0.0,0.0,1,0.0,9.5,0.0,17421.26,1410.761,18.9,0.0,0.001,0.61,0.0,0.0,0.0,0.0,1.7,0.0,0.0,0.0,0.0,32.0,81,34,18,10,24,0,0,0,0,0,2447.507,4799.869,10180.446,19160.106,31596.606,America/Los_Angeles,34.03202,-118.52633,86.0,75.58202743530273,,,0.0,0.0,,,,,0.0,0.0,0.0,81.0,0.0,0.0,0.75,,,,,,,,,,,,,,,,,79.3168880455408,90.19607843137256,0.0,,,,0.0,0.0,0.0,0.0,0.0,0.0,73.2,33.0,47.1
2026-09-23T07:00,deterministic,best_match,60.7,84,55.8,60.6,57.3,1011.5,1001.3,45275.588,0,10,10,0,0,0,0.0,0.0,0.0,0.0,4.5,63,4.7,0.0,0.0,0.0,1,0.0,5.5,0.0,14796.588,213.255,20.8,0.0,0.001,0.29,0.0,0.0,0.0,0.0,6.8,0.0,0.0,0.0,0.0,63.5,30,25,31,11,12,0,0,0,0,0,2542.651,4957.349,10318.241,19140.42,31395.52,America/Los_Angeles,34.03202,-118.52633,86.0,75.58202743530273,,,0.0,0.0,,,,,0.0,0.0,0.0,31.0,0.0,0.0,0.75,39.9,38.0,238.0,489.0,58.0,3.8,0.0,1710.0,0.18,1.0,0.05,0.05,71.0,71.0,22.0,0.0,90.19607843137254,96.56862745098039,0.0,,,,0.0,0.0,0.0,0.0,0.0,0.0,68.0,34.3,46.1
2026-09-30T07:00,deterministic,best_match,76.3,33,45.1,74.2,58.7,1005.4,995.5,79199.48,0,0,0,0,0,2,0.0,0.0,0.0,0.0,1.8,240,2.0,0.0,0.0,0.0,1,0.0,12.2,0.0,16568.242,0.0,21.1,0.0,0.002,2.07,0.0,0.0,0.0,0.0,2.6,0.0,0.0,0.0,0.0,39.2,23,40,26,7,8,0,0,0,0,0,2395.013,4809.712,10196.851,19117.456,31564.856,America/Los_Angeles,34.03202,-118.52633,86.0,75.58202743530273,,,0.0,0.0,,,,,0.0,0.0,0.0,40.0,0.0,0.0,0.75,,,,,,,,,,,,,,,,,73.45034788108791,90.22770398481973,1.4705882352941175,,,,0.0,0.0,0.0,0.0,0.0,0.0,69.0,32.8,45.5
2026-10-04T07:00,deterministic,best_match,75.5,46,53.3,76.2,62.0,1010.1,1000.2,79199.48,3,100,0,0,100,0,0.0,0.0,0.0,0.0,0.9,315,1.1,0.0,0.0,0.0,1,0.0,8.9,0.0,16929.134,0.0,14.0,0.0,0.001,1.63,0.0,0.0,0.0,0.0,1.0,0.0,0.0,0.0,0.0,24.8,15,18,7,17,100,0,0,0,0,88,2532.808,4954.069,10351.05,19320.868,31739.48,America/Los_Angeles,34.03202,-118.52633,86.0,75.58202743530273,,,0.0,0.0,,,,,0.0,0.0,0.0,100.0,88.0,0.0,0.75,,,,,,,,,,,,,,,,,74.32005060088552,85.19924098671727,4.1113219481340915,,,,0.0,0.0,0.0,0.0,0.0,0.0,64.8,31.4,43.1
2026-09-29T07:00,deterministic,best_match,73.0,28,38.0,68.6,54.6,1006.5,996.6,79199.48,0,0,0,0,0,1,0.0,0.0,0.0,0.0,3.9,329,3.8,0.0,0.0,0.0,1,0.0,15.6,0.0,16633.857,0.0,9.0,0.0,0.004,2.0,0.0,0.0,0.0,0.0,3.1,0.0,0.0,0.0,0.0,42.7,18,17,2,11,32,0,0,0,0,0,2411.417,4806.431,10177.165,19120.734,31527.814,America/Los_Angeles,34.03202,-118.52633,86.0,75.58202743530273,,,0.0,0.0,,,,,0.0,0.0,0.0,32.0,0.0,0.0,0.75,,,,,,,,,,,,,,,,,77.22960151802657,86.48007590132826,4.237824161922834,,,,0.0,0.0,0.0,0.0,0.0,0.0,63.2,31.7,42.7
2026-09-28T07:00,deterministic,best_match,69.9,44,47.0,68.7,56.7,1009.5,999.5,79199.48,0,0,0,0,0,3,0.0,0.0,0.0,0.0,0.8,34,2.9,0.0,0.0,0.0,1,0.0,13.5,0.0,16338.583,360.892,12.5,0.0,0.001,1.4,0.0,0.0,0.0,0.0,3.6,0.0,0.0,0.0,0.0,46.2,43,26,2,6,16,0,0,0,0,0,2463.911,4826.116,10144.357,19058.398,31448.438,America/Los_Angeles,34.03202,-118.52633,86.0,75.58202743530273,,,0.0,0.0,,,,,0.0,0.0,0.0,43.0,0.0,0.0,0.75,,,,,,,,,,,,,,,,,65.00632511068943,71.52118912080962,2.941176470588235,,,,0.0,0.0,0.0,0.0,0.0,0.0,66.2,28.9,42.0
2026-10-01T07:00,deterministic,best_match,70.6,72,61.1,70.2,64.2,1008.6,998.6,79199.48,0,0,0,0,0,4,0.0,0.0,0.0,0.0,10.1,108,14.3,0.0,0.0,0.0,1,0.0,7.2,0.0,16961.944,1820.866,14.7,0.0,0.003,0.72,0.0,0.0,0.0,0.0,2.1,0.0,0.0,0.0,0.0,35.6,62,14,8,6,8,0,0,0,0,0,2437.664,4816.273,10180.446,19130.578,31612.478,America/Los_Angeles,34.03202,-118.52633,86.0,75.58202743530273,,,0.0,0.0,,,,,0.0,0.0,0.0,62.0,0.0,0.0,0.75,,,,,,,,,,,,,,,,,70.22454142947501,83.71283997469956,3.083491461100569,,,,0.0,0.0,0.0,0.0,0.0,0.0,62.0,31.3,42.0
2026-09-27T07:00,deterministic,best_match,71.0,65,58.6,73.5,62.9,1011.5,1001.5,79199.48,0,0,0,0,0,1,0.0,0.0,0.0,0.0,0.7,288,0.7,0.0,0.0,0.0,1,0.0,5.6,0.0,14862.205,196.85,12.4,0.0,0.001,0.91,0.0,0.0,0.0,0.0,4.2,0.0,0.0,0.0,0.0,49.7,30,19,8,7,14,0,0,0,0,0,2536.089,4914.698,10249.344,19091.208,31437.854,America/Los_Angeles,34.03202,-118.52633,86.0,75.58202743530273,,,0.0,0.0,,,,,0.0,0.0,0.0,30.0,0.0,0.0,0.75,,,,,,,,,,,,,,,,,39.61100569259962,55.376344086021504,1.4705882352941175,,,,0.0,0.0,0.0,0.0,0.0,0.0,67.6,25.9,40.5
