time,temperature_2m__count,temperature_2m__mean,temperature_2m__median,temperature_2m__std,temperature_2m__min,temperature_2m__max,cloud_cover__count,cloud_cover__mean,cloud_cover__median,cloud_cover__std,cloud_cover__min,cloud_cover__max,cloud_cover_low__count,cloud_cover_low__mean,cloud_cover_low__median,cloud_cover_low__std,cloud_cover_low__min,cloud_cover_low__max,cloud_cover_mid__count,cloud_cover_mid__mean,cloud_cover_mid__median,cloud_cover_mid__std,cloud_cover_mid__min,cloud_cover_mid__max,cloud_cover_high__count,cloud_cover_high__mean,cloud_cover_high__median,cloud_cover_high__std,cloud_cover_high__min,cloud_cover_high__max,precipitation_probability__count,precipitation_probability__mean,precipitation_probability__median,precipitation_probability__std,precipitation_probability__min,precipitation_probability__max,shortwave_radiation_instant__count,shortwave_radiation_instant__mean,shortwave_radiation_instant__median,shortwave_radiation_instant__std,shortwave_radiation_instant__min,shortwave_radiation_instant__max,direct_normal_irradiance_instant__count,direct_normal_irradiance_instant__mean,direct_normal_irradiance_instant__median,direct_normal_irradiance_instant__std,direct_normal_irradiance_instant__min,direct_normal_irradiance_instant__max,diffuse_radiation_instant__count,diffuse_radiation_instant__mean,diffuse_radiation_instant__median,diffuse_radiation_instant__std,diffuse_radiation_instant__min,diffuse_radiation_instant__max,sun_score_0_100__count,sun_score_0_100__mean,sun_score_0_100__median,sun_score_0_100__std,sun_score_0_100__min,sun_score_0_100__max,deterministic_agreement_0_100
2026-09-22T00:00,12,65.01666666666665,65.15,3.0087246870433746,60.9,69.1,12,3.0,0.0,5.427204202399745,0.0,18.0,11,1.7272727272727273,0.0,2.8316394223456167,0.0,8.0,11,0.0,0.0,0.0,0.0,0.0,11,0.0,0.0,0.0,0.0,0.0,7,0.0,0.0,0.0,0.0,0.0,11,0.0,0.0,0.0,0.0,0.0,11,0.0,0.0,0.0,0.0,0.0,11,0.0,0.0,0.0,0.0,0.0,11,0.0,0.0,0.0,0.0,0.0,86.7
2026-09-22T01:00,12,64.50833333333334,64.85,2.9779365440865364,60.4,68.7,12,4.083333333333333,1.0,5.434876152027642,0.0,15.0,11,3.5454545454545454,0.0,5.354692080103884,0.0,15.0,11,0.0,0.0,0.0,0.0,0.0,11,0.0,0.0,0.0,0.0,0.0,7,0.0,0.0,0.0,0.0,0.0,11,0.0,0.0,0.0,0.0,0.0,11,0.0,0.0,0.0,0.0,0.0,11,0.0,0.0,0.0,0.0,0.0,11,0.0,0.0,0.0,0.0,0.0,86.8
2026-09-22T02:00,12,64.00833333333333,64.69999999999999,2.9800727060481798,60.0,68.3,12,5.916666666666667,1.0,8.084309531806698,0.0,25.0,11,6.454545454545454,4.0,8.054360761272573,0.0,25.0,11,0.0,0.0,0.0,0.0,0.0,11,0.0,0.0,0.0,0.0,0.0,7,0.0,0.0,0.0,0.0,0.0,11,0.0,0.0,0.0,0.0,0.0,11,0.0,0.0,0.0,0.0,0.0,11,0.0,0.0,0.0,0.0,0.0,11,0.0,0.0,0.0,0.0,0.0,84.9
2026-09-22T03:00,12,63.46666666666667,64.25,2.965968593388966,59.6,67.8,12,11.666666666666666,1.5,16.983057511067976,0.0,52.0,11,12.363636363636363,4.0,17.368205015330325,0.0,52.0,11,0.0,0.0,0.0,0.0,0.0,11,0.0,0.0,0.0,0.0,0.0,7,0.0,0.0,0.0,0.0,0.0,11,0.0,0.0,0.0,0.0,0.0,11,0.0,0.0,0.0,0.0,0.0,11,0.0,0.0,0.0,0.0,0.0,11,0.0,0.0,0.0,0.0,0.0,78.6
2026-09-22T04:00,12,63.083333333333336,63.9,2.93469321095481,59.5,67.4,12,15.083333333333334,5.0,20.593283694771294,0.0,64.0,11,16.09090909090909,7.0,20.781985205723466,0.0,64.0,11,0.0,0.0,0.0,0.0,0.0,11,0.0,0.0,0.0,0.0,0.0,7,0.0,0.0,0.0,0.0,0.0,11,0.0,0.0,0.0,0.0,0.0,11,0.0,0.0,0.0,0.0,0.0,11,0.0,0.0,0.0,0.0,0.0,11,0.0,0.0,0.0,0.0,0.0,76.1
2026-09-22T05:00,12,63.79166666666668,64.35,2.5400280361134633,59.2,67.1,12,28.583333333333332,15.5,33.63023080864038,0.0,95.0,11,17.272727272727273,12.0,14.45746111245615,0.0,44.0,11,0.0,0.0,0.0,0.0,0.0,11,0.0,0.0,0.0,0.0,0.0,7,0.0,0.0,0.0,0.0,0.0,11,0.0,0.0,0.0,0.0,0.0,11,0.0,0.0,0.0,0.0,0.0,11,0.0,0.0,0.0,0.0,0.0,11,0.0,0.0,0.0,0.0,0.0,68.0
2026-09-22T06:00,12,63.05000000000001,63.75,2.859275178337084,58.5,66.7,12,14.166666666666666,15.0,15.729724804466303,0.0,43.0,11,18.636363636363637,18.0,15.16754909187854,0.0,43.0,11,0.0,0.0,0.0,0.0,0.0,11,0.0,0.0,0.0,0.0,0.0,7,0.0,0.0,0.0,0.0,0.0,11,0.0,0.0,0.0,0.0,0.0,11,0.0,0.0,0.0,0.0,0.0,11,0.0,0.0,0.0,0.0,0.0,11,0.0,0.0,0.0,0.0,0.0,79.8
2026-09-22T07:00,12,63.35833333333333,63.650000000000006,2.948484459185875,58.3,67.6,12,19.833333333333332,14.5,27.790885796126283,0.0,100.0,11,27.454545454545453,18.0,27.598418927045937,0.0,100.0,11,0.0,0.0,0.0,0.0,0.0,11,0.0,0.0,0.0,0.0,0.0,7,0.0,0.0,0.0,0.0,0.0,11,15.67272727272727,17.6,12.83581636742213,0.0,40.7,11,15.072727272727274,0.0,49.99058093099322,0.0,165.8,11,14.890909090909089,17.6,12.987798469752642,0.0,40.7,11,8.227272727272727,8.7,6.3990766379362745,0.0,17.7,64.2
2026-09-22T08:00,12,65.925,66.30000000000001,2.210357848444864,61.2,68.7,12,11.833333333333334,4.5,16.134848413707935,0.0,50.0,11,21.363636363636363,15.0,20.843573241038722,0.0,50.0,11,0.0,0.0,0.0,0.0,0.0,11,0.0,0.0,0.0,0.0,0.0,7,0.0,0.0,0.0,0.0,0.0,11,178.45454545454547,172.4,18.359812833270585,155.5,212.1,11,507.0454545454546,452.4,210.9357217904846,267.8,977.3,11,99.00909090909092,111.8,25.032956459254045,57.0,123.9,11,62.07272727272727,60.3,11.585084454512272,45.0,88.4,57.9
2026-09-22T09:00,12,68.85000000000001,68.9,0.9501196096951534,67.2,70.3,12,17.666666666666668,11.0,19.713093633574122,0.0,56.0,11,26.09090909090909,24.0,22.673572922918638,0.0,56.0,11,0.0,0.0,0.0,0.0,0.0,11,0.0,0.0,0.0,0.0,0.0,7,0.0,0.0,0.0,0.0,0.0,11,364.88181818181823,376.9,50.74827717631049,244.0,419.8,11,621.9909090909091,624.0,190.9136111153181,255.6,914.7,11,140.16363636363639,159.9,32.319971309618225,88.4,168.5,11,73.36363636363636,74.4,11.736547424798554,47.0,92.4,56.8
2026-09-22T10:00,12,71.29166666666667,71.4,1.2427669519944957,68.7,73.0,12,17.333333333333332,7.5,20.742285897229948,0.0,65.0,11,19.181818181818183,9.0,20.85578184493778,0.0,65.0,11,0.0,0.0,0.0,0.0,0.0,11,0.0,0.0,0.0,0.0,0.0,7,0.0,0.0,0.0,0.0,0.0,11,546.0818181818182,547.7,39.29717084426861,489.1,610.7,11,703.4181818181819,710.9,130.50835849233422,525.8,925.5,11,165.24545454545455,179.5,36.75925362779728,100.8,204.5,11,81.33636363636364,83.5,6.847667154188023,71.6,94.4,62.8
2026-09-22T11:00,12,73.13333333333334,72.69999999999999,2.5367600428797985,68.6,76.9,12,8.583333333333334,5.0,9.519915329391743,0.0,26.0,11,8.909090909090908,4.0,10.104004606635387,0.0,26.0,11,0.0,0.0,0.0,0.0,0.0,11,0.0,0.0,0.0,0.0,0.0,7,0.0,0.0,0.0,0.0,0.0,11,675.3000000000001,682.3,57.35968967837953,556.7,750.6,11,711.5909090909091,753.9,146.38557616476737,438.3,932.8,11,188.0636363636364,191.7,47.10380606123613,97.5,256.8,11,83.96363636363637,87.6,8.790480388155443,65.9,95.6,62.7
2026-09-22T12:00,12,74.08333333333333,74.25,3.3854859550019034,66.8,78.5,12,6.0,3.5,6.741998624632421,0.0,17.0,11,6.363636363636363,3.0,7.365768490425521,0.0,19.0,11,0.0,0.0,0.0,0.0,0.0,11,0.0,0.0,0.0,0.0,0.0,7,0.0,0.0,0.0,0.0,0.0,11,752.1909090909091,807.9,157.92354133912684,291.1,844.4,11,728.9363636363637,812.6,251.27513316174873,42.1,933.8,11,182.5727272727273,197.1,56.89525623299522,95.6,258.3,11,83.69090909090909,93.2,24.367661132962866,12.7,98.1,37.7
2026-09-22T13:00,12,74.55,75.05,2.7658633371878696,69.0,77.7,12,4.916666666666667,1.0,6.666856057915882,0.0,20.0,11,5.363636363636363,0.0,7.2701131665570005,0.0,20.0,11,0.0,0.0,0.0,0.0,0.0,11,0.0,0.0,0.0,0.0,0.0,7,0.0,0.0,0.0,0.0,0.0,11,793.2909090909092,829.2,101.93306092279833,501.9,862.4,11,728.5363636363637,777.5,196.29326158952716,208.1,908.9,11,192.33636363636361,206.2,69.4892117199105,97.4,330.3,11,86.87272727272727,91.4,13.8547530406782,48.7,98.3,52.8
2026-09-22T14:00,12,74.37499999999999,74.75,2.508576198853561,69.5,78.3,12,2.5833333333333335,0.0,3.6296339242742413,0.0,10.0,11,2.6363636363636362,0.0,4.006812380751743,0.0,11.0,11,0.0,0.0,0.0,0.0,0.0,11,0.0,0.0,0.0,0.0,0.0,7,0.0,0.0,0.0,0.0,0.0,11,765.6909090909091,772.4,40.1594435854247,668.8,810.4,11,718.8454545454545,728.9,103.10075037201587,502.4,864.2,11,181.89090909090913,198.4,51.9544503299853,94.0,260.8,11,87.86363636363636,88.3,7.22374871202933,72.4,96.6,73.7
2026-09-22T15:00,12,74.10833333333333,73.9,2.6548269360932113,69.8,79.6,12,3.1666666666666665,2.0,3.9504506839170395,0.0,13.0,11,2.8181818181818183,0.0,4.166969685951215,0.0,13.0,11,0.0,0.0,0.0,0.0,0.0,11,0.09090909090909091,0.0,0.30151134457776363,0.0,1.0,7,0.0,0.0,0.0,0.0,0.0,11,653.7454545454547,661.9,42.04044156847935,537.2,693.6,11,658.7272727272727,662.1,107.60185956487084,398.4,815.6,11,163.60000000000002,181.3,46.61617744946489,84.7,240.7,11,84.23636363636363,84.5,7.709769481284473,65.1,94.7,72.3
2026-09-22T16:00,12,74.225,74.15,3.0754526643909057,69.4,81.0,12,2.5833333333333335,1.5,4.461111425588376,0.0,16.0,11,2.1818181818181817,0.0,4.707827138249276,0.0,16.0,11,0.18181818181818182,0.0,0.40451991747794525,0.0,1.0,11,0.09090909090909091,0.0,0.30151134457776363,0.0,1.0,7,0.0,0.0,0.0,0.0,0.0,11,520.3545454545455,525.3,18.65429514274736,487.3,544.6,11,621.7727272727273,610.1,57.5906952711823,535.3,733.8,11,131.55454545454543,142.9,28.252835738607327,74.9,159.5,11,82.29090909090908,82.1,3.8880469507079085,75.7,90.1,78.9
2026-09-22T17:00,12,74.25000000000001,74.35,3.237423217762715,68.6,80.8,12,1.9166666666666667,1.0,3.146667308679955,0.0,11.0,11,1.1818181818181819,0.0,3.311138227805714,0.0,11.0,11,0.36363636363636365,0.0,0.674199862463242,0.0,2.0,11,0.2727272727272727,0.0,0.6466697906828632,0.0,2.0,7,0.0,0.0,0.0,0.0,0.0,11,336.0454545454545,338.2,19.340080849694697,300.5,379.1,11,512.9454545454545,491.5,58.39195772769333,452.3,616.8,11,98.09090909090907,110.8,22.69041447596119,56.9,117.7,11,75.41818181818182,74.7,3.6096587599988386,71.0,82.4,79.1
2026-09-22T18:00,12,73.60000000000001,74.25,2.936293272447111,68.5,77.6,12,1.0833333333333333,0.0,1.6213537179739277,0.0,5.0,11,0.45454545454545453,0.0,1.0357254813546264,0.0,3.0,11,0.18181818181818182,0.0,0.40451991747794525,0.0,1.0,11,0.18181818181818182,0.0,0.6030226891555273,0.0,2.0,7,0.0,0.0,0.0,0.0,0.0,11,126.35454545454544,127.2,13.098959014850276,108.6,148.7,11,257.98181818181814,227.7,69.48428337662868,175.2,385.1,11,56.49090909090909,65.5,13.81828169820362,30.8,65.9,11,57.72727272727273,56.2,5.339679935930786,50.7,67.9,80.9
2026-09-22T19:00,12,71.58333333333333,72.4,2.3151019350553312,68.0,74.8,12,0.8333333333333334,0.0,1.5275252316519468,0.0,5.0,11,0.2727272727272727,0.0,0.6466697906828632,0.0,2.0,11,0.18181818181818182,0.0,0.6030226891555273,0.0,2.0,11,0.09090909090909091,0.0,0.30151134457776363,0.0,1.0,7,0.0,0.0,0.0,0.0,0.0,11,0.0,0.0,0.0,0.0,0.0,11,0.0,0.0,0.0,0.0,0.0,11,0.0,0.0,0.0,0.0,0.0,11,21.19090909090909,15.9,15.97344387071583,0.0,42.0,91.7
2026-09-22T20:00,12,70.18333333333335,69.7,1.7533517685400202,67.4,73.9,12,0.9166666666666666,0.0,2.3143164446679725,0.0,8.0,11,0.09090909090909091,0.0,0.30151134457776363,0.0,1.0,11,0.18181818181818182,0.0,0.6030226891555273,0.0,2.0,11,0.09090909090909091,0.0,0.30151134457776363,0.0,1.0,7,0.0,0.0,0.0,0.0,0.0,11,0.0,0.0,0.0,0.0,0.0,11,0.0,0.0,0.0,0.0,0.0,11,0.0,0.0,0.0,0.0,0.0,11,0.0,0.0,0.0,0.0,0.0,92.9
2026-09-22T21:00,12,68.79166666666667,68.7,1.72545558322925,67.0,72.7,12,0.9166666666666666,0.0,2.3143164446679725,0.0,8.0,11,0.09090909090909091,0.0,0.30151134457776363,0.0,1.0,11,0.18181818181818182,0.0,0.6030226891555273,0.0,2.0,11,0.09090909090909091,0.0,0.30151134457776363,0.0,1.0,7,0.0,0.0,0.0,0.0,0.0,11,0.0,0.0,0.0,0.0,0.0,11,0.0,0.0,0.0,0.0,0.0,11,0.0,0.0,0.0,0.0,0.0,11,0.0,0.0,0.0,0.0,0.0,93.0
2026-09-22T22:00,12,67.38333333333334,67.75,1.9848669904295821,64.6,71.6,12,1.6666666666666667,0.0,3.498917581542075,0.0,10.0,11,0.7272727272727273,0.0,2.412090756622109,0.0,8.0,11,0.18181818181818182,0.0,0.6030226891555273,0.0,2.0,11,0.18181818181818182,0.0,0.6030226891555273,0.0,2.0,7,0.0,0.0,0.0,0.0,0.0,11,0.0,0.0,0.0,0.0,0.0,11,0.0,0.0,0.0,0.0,0.0,11,0.0,0.0,0.0,0.0,0.0,11,0.0,0.0,0.0,0.0,0.0,91.3
2026-09-22T23:00,12,66.44166666666668,66.8,2.3090566091463467,63.1,71.2,12,3.25,0.0,6.524429616309906,0.0,19.0,11,1.6363636363636365,0.0,4.478230169893622,0.0,15.0,11,0.18181818181818182,0.0,0.6030226891555273,0.0,2.0,11,0.18181818181818182,0.0,0.6030226891555273,0.0,2.0,7,0.0,0.0,0.0,0.0,0.0,11,0.0,0.0,0.0,0.0,0.0,11,0.0,0.0,0.0,0.0,0.0,11,0.0,0.0,0.0,0.0,0.0,11,0.0,0.0,0.0,0.0,0.0,88.1
2026-09-23T00:00,12,65.75833333333334,65.6,2.4246680497575626,62.6,71.0,12,3.3333333333333335,0.0,5.913518155015419,0.0,17.0,11,2.1818181818181817,0.0,5.153992274308953,0.0,17.0,11,0.18181818181818182,0.0,0.6030226891555273,0.0,2.0,11,0.18181818181818182,0.0,0.6030226891555273,0.0,2.0,7,0.0,0.0,0.0,0.0,0.0,11,0.0,0.0,0.0,0.0,0.0,11,0.0,0.0,0.0,0.0,0.0,11,0.0,0.0,0.0,0.0,0.0,11,0.0,0.0,0.0,0.0,0.0,88.2
2026-09-23T01:00,12,65.15833333333335,64.6,2.6134123751188296,62.1,71.0,12,3.75,0.0,5.956280108194436,0.0,16.0,11,2.6363636363636362,0.0,5.518563713009523,0.0,16.0,11,0.09090909090909091,0.0,0.30151134457776363,0.0,1.0,11,0.2727272727272727,0.0,0.904534033733291,0.0,3.0,7,0.0,0.0,0.0,0.0,0.0,11,0.0,0.0,0.0,0.0,0.0,11,0.0,0.0,0.0,0.0,0.0,11,0.0,0.0,0.0,0.0,0.0,11,0.0,0.0,0.0,0.0,0.0,87.6
2026-09-23T02:00,12,64.62500000000001,63.650000000000006,2.802636745508189,61.6,70.7,12,4.25,0.0,6.9167123036099385,0.0,19.0,11,2.909090909090909,0.0,6.1555592021285195,0.0,18.0,11,0.09090909090909091,0.0,0.30151134457776363,0.0,1.0,11,0.2727272727272727,0.0,0.904534033733291,0.0,3.0,7,0.0,0.0,0.0,0.0,0.0,11,0.0,0.0,0.0,0.0,0.0,11,0.0,0.0,0.0,0.0,0.0,11,0.0,0.0,0.0,0.0,0.0,11,0.0,0.0,0.0,0.0,0.0,86.3
2026-09-23T03:00,12,64.24166666666666,62.849999999999994,3.031188885669463,61.0,70.3,12,5.166666666666667,0.0,8.462036433746938,0.0,25.0,11,3.8181818181818183,0.0,8.060002255808392,0.0,25.0,11,0.09090909090909091,0.0,0.30151134457776363,0.0,1.0,11,0.2727272727272727,0.0,0.904534033733291,0.0,3.0,7,0.0,0.0,0.0,0.0,0.0,11,0.0,0.0,0.0,0.0,0.0,11,0.0,0.0,0.0,0.0,0.0,11,0.0,0.0,0.0,0.0,0.0,11,0.0,0.0,0.0,0.0,0.0,84.5
2026-09-23T04:00,12,63.85,62.65,3.025197213706599,60.3,69.6,12,6.833333333333333,0.0,10.827854092220871,0.0,30.0,11,4.818181818181818,0.0,9.537485851294164,0.0,30.0,11,0.09090909090909091,0.0,0.30151134457776363,0.0,1.0,11,0.2727272727272727,0.0,0.904534033733291,0.0,3.0,7,0.0,0.0,0.0,0.0,0.0,11,0.0,0.0,0.0,0.0,0.0,11,0.0,0.0,0.0,0.0,0.0,11,0.0,0.0,0.0,0.0,0.0,11,0.0,0.0,0.0,0.0,0.0,82.8
2026-09-23T05:00,12,63.68333333333333,62.849999999999994,2.7921426550340533,60.3,69.2,12,10.25,1.5,13.328881832662892,0.0,33.0,11,8.272727272727273,0.0,12.665629941624768,0.0,32.0,11,0.09090909090909091,0.0,0.30151134457776363,0.0,1.0,11,0.2727272727272727,0.0,0.904534033733291,0.0,3.0,7,0.0,0.0,0.0,0.0,0.0,11,0.0,0.0,0.0,0.0,0.0,11,0.0,0.0,0.0,0.0,0.0,11,0.0,0.0,0.0,0.0,0.0,11,0.0,0.0,0.0,0.0,0.0,81.8
2026-09-23T06:00,12,63.933333333333344,64.5,2.853174733626749,60.7,69.4,12,13.416666666666666,6.0,15.482884000395307,0.0,39.0,11,10.181818181818182,0.0,15.848142994169265,0.0,39.0,11,0.09090909090909091,0.0,0.30151134457776363,0.0,1.0,11,0.2727272727272727,0.0,0.904534033733291,0.0,3.0,7,0.0,0.0,0.0,0.0,0.0,11,0.0,0.0,0.0,0.0,0.0,11,0.0,0.0,0.0,0.0,0.0,11,0.0,0.0,0.0,0.0,0.0,11,0.0,0.0,0.0,0.0,0.0,80.0
2026-09-23T07:00,12,64.59166666666667,65.5,3.4684181181662987,60.4,70.0,12,12.25,1.5,16.728446105090246,0.0,48.0,11,10.272727272727273,0.0,16.60175237190887,0.0,48.0,11,0.09090909090909091,0.0,0.30151134457776363,0.0,1.0,11,0.36363636363636365,0.0,0.9244162777371754,0.0,3.0,7,0.0,0.0,0.0,0.0,0.0,11,13.972727272727274,18.3,14.957345413481024,0.0,42.7,11,32.23636363636364,0.0,71.73154498165047,0.0,180.0,11,12.281818181818183,9.1,14.860674155758762,0.0,42.7,11,9.445454545454545,10.4,9.961261329406396,0.0,27.3,68.0
2026-09-23T08:00,12,67.675,66.85,2.786044768941344,63.7,72.1,12,9.75,0.0,16.50963905778021,0.0,52.0,11,7.7272727272727275,0.0,16.285520618579618,0.0,52.0,11,0.09090909090909091,0.0,0.30151134457776363,0.0,1.0,11,0.36363636363636365,0.0,0.9244162777371754,0.0,3.0,7,0.0,0.0,0.0,0.0,0.0,11,170.55454545454546,183.3,43.37366398256812,70.8,236.8,11,544.8636363636364,480.4,292.725257785273,27.6,876.9,11,86.53636363636362,89.2,27.104400850314796,53.8,125.3,11,61.5,63.9,24.881036955882685,6.7,86.1,48.5
2026-09-23T09:00,12,71.85000000000001,72.6,2.6544987542591967,66.7,75.1,12,9.083333333333334,0.0,15.605700201781358,0.0,51.0,11,7.363636363636363,0.0,15.692499656031394,0.0,51.0,11,0.09090909090909091,0.0,0.30151134457776363,0.0,1.0,11,0.36363636363636365,0.0,0.9244162777371754,0.0,3.0,7,0.0,0.0,0.0,0.0,0.0,11,342.5818181818182,365.8,80.44779447793228,139.3,415.4,11,592.8545454545455,661.2,266.349782667966,49.8,934.0,11,129.9181818181818,121.5,36.48163423372967,70.9,167.7,11,69.41818181818182,75.2,22.75072826007195,9.8,91.8,44.4
2026-09-23T10:00,12,75.62500000000001,76.7,3.6866158416136003,67.6,80.7,12,7.666666666666667,0.0,13.686976778431875,0.0,46.0,11,6.2727272727272725,0.0,13.957728390328485,0.0,46.0,11,0.18181818181818182,0.0,0.6030226891555273,0.0,2.0,11,0.45454545454545453,0.0,1.0357254813546264,0.0,3.0,7,0.0,0.0,0.0,0.0,0.0,11,536.8545454545455,591.6,132.10585425056954,204.0,637.3,11,726.7272727272726,876.9,303.84344683046595,54.1,988.4,11,145.43636363636367,165.4,50.47475156406959,77.9,222.0,11,79.22727272727273,87.5,25.684006342823185,11.1,96.1,35.4
2026-09-23T11:00,12,77.81666666666668,79.1,4.718596350097287,68.0,85.1,12,6.166666666666667,0.0,10.590161242942203,0.0,35.0,11,4.818181818181818,0.0,10.647236090349287,0.0,35.0,11,0.18181818181818182,0.0,0.6030226891555273,0.0,2.0,11,0.45454545454545453,0.0,1.0357254813546264,0.0,3.0,7,0.0,0.0,0.0,0.0,0.0,11,667.2272727272726,726.9,154.0179930456769,266.5,771.3,11,736.5636363636363,855.2,294.4732560784673,55.5,984.2,11,165.17272727272726,173.7,62.51443178833334,81.2,267.4,11,81.92727272727274,94.0,25.653463349383877,12.5,97.2,31.3
2026-09-23T12:00,12,79.02499999999999,79.95,5.386873777146541,67.8,87.3,12,6.416666666666667,1.5,10.228821431562285,0.0,34.0,11,5.454545454545454,0.0,10.661741287084736,0.0,34.0,11,0.18181818181818182,0.0,0.6030226891555273,0.0,2.0,11,0.45454545454545453,0.0,1.0357254813546264,0.0,3.0,7,0.0,0.0,0.0,0.0,0.0,11,749.818181818182,786.1,151.67649665114118,311.9,856.8,11,738.3272727272728,734.5,264.1545422320392,54.8,968.6,11,175.33636363636361,214.8,71.6899752089129,82.1,269.3,11,83.39999999999999,87.8,24.34727910876285,13.1,98.6,29.8
2026-09-23T13:00,12,79.68333333333334,80.3,5.850848164362516,67.4,88.4,12,7.083333333333333,1.5,10.858246412359371,0.0,31.0,11,6.545454545454546,0.0,11.553039741675233,0.0,31.0,11,0.18181818181818182,0.0,0.6030226891555273,0.0,2.0,11,0.45454545454545453,0.0,1.0357254813546264,0.0,3.0,7,0.0,0.0,0.0,0.0,0.0,11,766.5636363636364,816.9,159.48057105946964,321.2,875.3,11,708.4727272727273,806.0,260.07343997766895,49.7,947.1,11,184.83636363636361,197.6,72.04157511780642,81.3,280.4,11,82.58181818181818,93.5,24.62067497782375,12.9,98.8,26.8
2026-09-23T14:00,12,80.02499999999999,79.95,6.038531579478876,67.3,89.1,12,7.666666666666667,1.5,10.982079065735258,0.0,31.0,11,6.909090909090909,0.0,11.682932384076743,0.0,31.0,11,0.18181818181818182,0.0,0.6030226891555273,0.0,2.0,11,0.45454545454545453,0.0,1.0357254813546264,0.0,3.0,7,0.0,0.0,0.0,0.0,0.0,11,730.7181818181818,773.2,150.1876813735522,300.4,822.7,11,690.5727272727273,763.6,244.54496556220124,46.8,910.0,11,172.67272727272726,190.3,64.61236864423238,79.4,262.6,11,82.5,91.3,24.3700225687216,12.6,98.8,28.0
2026-09-23T15:00,12,80.19999999999999,79.75,6.334752632036313,67.3,89.9,12,6.166666666666667,1.5,9.494815172056546,0.0,31.0,11,5.181818181818182,0.0,9.95809401259279,0.0,31.0,11,0.18181818181818182,0.0,0.6030226891555273,0.0,2.0,11,0.36363636363636365,0.0,0.9244162777371754,0.0,3.0,7,0.2857142857142857,0.0,0.4879500364742666,0.0,1.0,11,634.9545454545455,671.7,135.14986025620865,235.4,706.2,11,653.3363636363637,677.1,222.7203595216534,35.4,826.2,11,151.70909090909092,175.8,45.74235355871962,85.6,209.2,11,81.14545454545454,85.9,24.06883310991057,10.8,95.5,32.4
2026-09-23T16:00,12,79.95,79.8,6.520527028336952,66.9,90.1,12,6.0,1.0,9.657780659795876,0.0,32.0,11,5.090909090909091,0.0,10.084191047917978,0.0,32.0,11,0.18181818181818182,0.0,0.6030226891555273,0.0,2.0,11,0.36363636363636365,0.0,0.9244162777371754,0.0,3.0,7,0.0,0.0,0.0,0.0,0.0,11,492.90909090909093,521.0,103.99905244323578,182.2,542.3,11,592.3545454545455,627.9,192.43396978515182,38.8,763.8,11,125.26363636363637,141.8,32.213359735590224,67.8,158.1,11,77.31818181818181,82.8,22.290169051930416,11.0,91.8,39.0
2026-09-23T17:00,12,79.20833333333333,79.75,6.686955868545771,66.5,89.0,12,13.416666666666666,1.0,28.823785422123272,0.0,100.0,11,12.818181818181818,0.0,30.4197902090668,0.0,100.0,11,0.18181818181818182,0.0,0.6030226891555273,0.0,2.0,11,0.36363636363636365,0.0,0.9244162777371754,0.0,3.0,7,0.0,0.0,0.0,0.0,0.0,11,289.6636363636364,325.9,80.67048125215658,121.5,343.6,11,418.34545454545446,465.1,191.3384768604389,39.3,617.3,11,97.65454545454546,103.9,23.827352502381107,54.3,119.6,11,62.654545454545456,72.8,24.601152966329185,11.4,79.1,28.2
2026-09-23T18:00,12,77.58333333333333,78.4,5.994062718956813,66.0,85.1,12,11.666666666666666,0.5,20.482069024274658,0.0,67.0,11,10.272727272727273,0.0,21.3264666979362,0.0,67.0,11,0.18181818181818182,0.0,0.6030226891555273,0.0,2.0,11,0.36363636363636365,0.0,0.9244162777371754,0.0,3.0,7,0.0,0.0,0.0,0.0,0.0,11,116.64545454545456,132.7,30.46852026719918,46.4,145.6,11,239.84545454545452,267.3,116.54888556855757,17.3,403.7,11,52.89090909090908,59.2,13.873965153873966,28.6,64.3,11,51.82727272727273,60.0,18.0156093934727,8.3,65.3,50.8
2026-09-23T19:00,12,74.63333333333333,75.35,4.572115749217468,66.0,79.8,12,15.916666666666666,2.0,29.30547058248009,0.0,100.0,11,14.272727272727273,0.0,30.640140042404862,0.0,100.0,11,0.18181818181818182,0.0,0.6030226891555273,0.0,2.0,11,0.45454545454545453,0.0,1.2135597524338357,0.0,4.0,7,0.0,0.0,0.0,0.0,0.0,11,0.0,0.0,0.0,0.0,0.0,11,0.0,0.0,0.0,0.0,0.0,11,0.0,0.0,0.0,0.0,0.0,11,25.836363636363636,35.7,18.06794247983277,0.0,43.9,64.8
2026-09-23T20:00,12,72.62499999999999,73.55000000000001,3.4996428389194274,65.3,76.4,12,16.083333333333332,2.5,29.641673162606526,0.0,100.0,11,13.818181818181818,0.0,30.58698475436303,0.0,100.0,11,0.18181818181818182,0.0,0.6030226891555273,0.0,2.0,11,0.45454545454545453,0.0,1.2135597524338357,0.0,4.0,7,0.0,0.0,0.0,0.0,0.0,11,0.0,0.0,0.0,0.0,0.0,11,0.0,0.0,0.0,0.0,0.0,11,0.0,0.0,0.0,0.0,0.0,11,0.0,0.0,0.0,0.0,0.0,67.9
2026-09-23T21:00,12,70.89999999999999,71.55,2.5856245948425207,65.8,73.4,12,18.25,5.0,29.74780358584173,0.0,100.0,11,15.545454545454545,0.0,30.342589330390492,0.0,100.0,11,0.18181818181818182,0.0,0.6030226891555273,0.0,2.0,11,0.45454545454545453,0.0,1.2135597524338357,0.0,4.0,7,1.1428571428571428,0.0,1.9518001458970664,0.0,4.0,10,0.0,0.0,0.0,0.0,0.0,10,0.0,0.0,0.0,0.0,0.0,10,0.0,0.0,0.0,0.0,0.0,10,0.0,0.0,0.0,0.0,0.0,70.7
2026-09-23T22:00,12,69.375,69.80000000000001,2.059622648580426,65.8,72.5,12,28.916666666666668,8.5,37.664688872719864,0.0,100.0,11,26.454545454545453,0.0,39.38873858443206,0.0,100.0,11,0.09090909090909091,0.0,0.30151134457776363,0.0,1.0,11,0.45454545454545453,0.0,1.2135597524338357,0.0,4.0,7,1.1428571428571428,0.0,1.9518001458970664,0.0,4.0,10,0.0,0.0,0.0,0.0,0.0,10,0.0,0.0,0.0,0.0,0.0,10,0.0,0.0,0.0,0.0,0.0,10,0.0,0.0,0.0,0.0,0.0,68.6
2026-09-23T23:00,12,68.41666666666667,68.75,1.9111316653815975,65.6,72.1,12,24.25,5.0,31.838013300284466,0.0,94.0,11,20.90909090909091,3.0,32.395847096362665,0.0,94.0,11,0.2727272727272727,0.0,0.6466697906828632,0.0,2.0,11,0.45454545454545453,0.0,1.2135597524338357,0.0,4.0,7,1.1428571428571428,0.0,1.9518001458970664,0.0,4.0,10,0.0,0.0,0.0,0.0,0.0,10,0.0,0.0,0.0,0.0,0.0,10,0.0,0.0,0.0,0.0,0.0,10,0.0,0.0,0.0,0.0,0.0,71.3
2026-09-24T00:00,12,67.60000000000001,67.4,2.095449615454663,64.6,71.9,12,25.25,7.0,34.59407463713981,0.0,91.0,11,22.0,3.0,35.20227265390688,0.0,91.0,11,0.09090909090909091,0.0,0.30151134457776363,0.0,1.0,11,0.45454545454545453,0.0,1.2135597524338357,0.0,4.0,7,0.0,0.0,0.0,0.0,0.0,10,0.0,0.0,0.0,0.0,0.0,10,0.0,0.0,0.0,0.0,0.0,10,0.0,0.0,0.0,0.0,0.0,10,0.0,0.0,0.0,0.0,0.0,68.7
2026-09-24T01:00,12,67.06666666666668,66.05000000000001,2.214962890447739,64.9,71.9,12,28.166666666666668,28.5,28.443990684512013,0.0,92.0,11,18.727272727272727,1.0,29.769416887439732,0.0,92.0,11,0.18181818181818182,0.0,0.6030226891555273,0.0,2.0,11,0.45454545454545453,0.0,1.2135597524338357,0.0,4.0,7,0.0,0.0,0.0,0.0,0.0,10,0.0,0.0,0.0,0.0,0.0,10,0.0,0.0,0.0,0.0,0.0,10,0.0,0.0,0.0,0.0,0.0,10,0.0,0.0,0.0,0.0,0.0,72.8
2026-09-24T02:00,12,66.88333333333333,65.85,2.2024091492286484,64.4,71.8,12,40.416666666666664,34.0,38.67688605810343,0.0,100.0,11,25.545454545454547,5.0,37.46828962299623,0.0,100.0,11,0.18181818181818182,0.0,0.6030226891555273,0.0,2.0,11,0.36363636363636365,0.0,1.2060453783110545,0.0,4.0,7,0.0,0.0,0.0,0.0,0.0,10,0.0,0.0,0.0,0.0,0.0,10,0.0,0.0,0.0,0.0,0.0,10,0.0,0.0,0.0,0.0,0.0,10,0.0,0.0,0.0,0.0,0.0,68.1
2026-09-24T03:00,12,66.48333333333333,65.7,2.547309929864813,63.4,71.6,12,40.416666666666664,40.5,35.73503077153319,0.0,100.0,11,27.727272727272727,8.0,36.739871826371164,0.0,100.0,11,0.18181818181818182,0.0,0.6030226891555273,0.0,2.0,11,0.36363636363636365,0.0,1.2060453783110545,0.0,4.0,7,0.0,0.0,0.0,0.0,0.0,10,0.0,0.0,0.0,0.0,0.0,10,0.0,0.0,0.0,0.0,0.0,10,0.0,0.0,0.0,0.0,0.0,10,0.0,0.0,0.0,0.0,0.0,67.0
2026-09-24T04:00,12,66.175,65.1,2.7538815581581644,62.9,71.4,12,28.0,10.5,34.40401667881766,0.0,100.0,11,25.454545454545453,0.0,35.28842200032083,0.0,100.0,11,0.09090909090909091,0.0,0.30151134457776363,0.0,1.0,11,0.36363636363636365,0.0,1.2060453783110545,0.0,4.0,7,0.0,0.0,0.0,0.0,0.0,10,0.0,0.0,0.0,0.0,0.0,10,0.0,0.0,0.0,0.0,0.0,10,0.0,0.0,0.0,0.0,0.0,10,0.0,0.0,0.0,0.0,0.0,66.8
2026-09-24T05:00,12,66.08333333333334,64.7,2.6866110228089943,63.2,71.0,12,22.083333333333332,2.0,32.18259928858601,0.0,100.0,11,19.181818181818183,0.0,32.486360774387094,0.0,100.0,11,0.09090909090909091,0.0,0.30151134457776363,0.0,1.0,11,0.36363636363636365,0.0,1.2060453783110545,0.0,4.0,7,0.0,0.0,0.0,0.0,0.0,10,0.0,0.0,0.0,0.0,0.0,10,0.0,0.0,0.0,0.0,0.0,10,0.0,0.0,0.0,0.0,0.0,10,0.0,0.0,0.0,0.0,0.0,68.6
2026-09-24T06:00,11,66.4909090909091,65.6,2.4849364359896775,64.0,70.5,11,15.181818181818182,4.0,21.127319668231376,0.0,51.0,10,11.1,0.0,19.41620171117124,0.0,50.0,10,0.1,0.0,0.31622776601683794,0.0,1.0,10,0.4,0.0,1.2649110640673518,0.0,4.0,7,0.0,0.0,0.0,0.0,0.0,8,0.0,0.0,0.0,0.0,0.0,8,0.0,0.0,0.0,0.0,0.0,8,0.0,0.0,0.0,0.0,0.0,8,0.0,0.0,0.0,0.0,0.0,77.1
2026-09-24T07:00,11,67.07272727272729,67.1,2.4033688477180988,63.7,70.3,11,16.454545454545453,4.0,20.081651507600842,0.0,47.0,10,10.9,0.5,18.633601667716068,0.0,46.0,10,0.1,0.0,0.31622776601683794,0.0,1.0,10,0.4,0.0,1.2649110640673518,0.0,4.0,7,0.0,0.0,0.0,0.0,0.0,8,19.075,19.6,14.656227345398271,0.0,45.0,8,46.8625,0.0,86.78780259098295,0.0,190.5,8,16.637500000000003,14.75,15.239135474166506,0.0,45.0,8,13.2875,14.05,10.191654499077734,0.0,29.0,67.4
2026-09-24T08:00,11,69.12727272727274,69.9,2.2140871297629237,63.8,71.9,11,16.363636363636363,4.0,20.170635722617803,0.0,49.0,10,10.6,0.5,18.12426243710041,0.0,49.0,10,0.1,0.0,0.31622776601683794,0.0,1.0,10,0.4,0.0,1.2649110640673518,0.0,4.0,7,0.0,0.0,0.0,0.0,0.0,8,170.15,176.45,34.60685316110503,103.5,221.5,8,495.30000000000007,488.3,236.92579308418794,101.5,791.5,8,94.95,102.05,24.851616791324805,55.9,121.2,8,58.7625,63.849999999999994,19.96324748130925,15.0,80.7,50.2
2026-09-24T09:00,11,72.48181818181818,72.8,3.1562060077942276,64.9,76.0,11,13.636363636363637,4.0,17.642407586680037,0.0,47.0,10,9.1,0.0,16.596184300414755,0.0,47.0,10,0.1,0.0,0.31622776601683794,0.0,1.0,10,0.5,0.0,1.2692955176439846,0.0,4.0,7,0.0,0.0,0.0,0.0,0.0,8,358.2625,388.1,75.52184050231524,196.5,422.1,8,621.7499999999999,692.85,256.29771750836954,128.4,906.8,8,136.8,154.5,37.729450414383564,72.2,167.5,8,71.45,75.9,20.965958804009627,24.8,90.8,42.0
2026-09-24T10:00,11,75.51818181818182,74.9,4.190421979184959,66.0,80.8,11,10.181818181818182,2.0,14.864845655560515,0.0,44.0,10,7.3,0.0,14.877649157190273,0.0,44.0,10,0.1,0.0,0.31622776601683794,0.0,1.0,10,0.5,0.0,1.2692955176439846,0.0,4.0,7,0.0,0.0,0.0,0.0,0.0,8,517.35,557.55,104.95761049109299,271.8,588.1,8,670.1374999999999,739.5,258.37780719326497,122.5,947.5,8,158.2875,176.8,48.585783855538885,80.3,206.2,8,76.6875,85.15,21.560376189402902,25.9,93.8,36.7
2026-09-24T11:00,11,77.25454545454545,76.7,4.649379235201974,66.3,83.2,11,7.090909090909091,0.0,12.1774754810227,0.0,36.0,10,5.5,0.0,12.267844146385295,0.0,36.0,10,0.1,0.0,0.31622776601683794,0.0,1.0,10,0.5,0.0,1.2692955176439846,0.0,4.0,7,0.0,0.0,0.0,0.0,0.0,8,664.5999999999999,705.9000000000001,149.06525895919353,322.9,782.2,8,729.5500000000001,855.85,288.0961297900408,101.6,959.2,8,169.54999999999998,169.2,61.156333628309845,83.4,254.0,8,81.5375,92.4,24.92290613070634,22.8,96.1,31.1
2026-09-24T12:00,11,78.54545454545455,78.2,5.307421904533997,66.0,85.8,11,7.0,0.0,11.28716084761797,0.0,36.0,10,5.8,0.0,11.707547423208101,0.0,36.0,10,0.1,0.0,0.31622776601683794,0.0,1.0,10,0.5,0.0,1.2692955176439846,0.0,4.0,7,0.0,0.0,0.0,0.0,0.0,8,710.4624999999999,750.7,164.80600663030634,311.9,821.3,8,667.8000000000001,674.3,277.67524196442145,56.0,951.4,8,193.12499999999997,228.6,70.66372579235504,84.2,268.5,8,77.9375,83.7,26.973263878991624,13.1,98.4,27.5
2026-09-24T13:00,11,79.49090909090908,79.6,5.662765145307462,66.5,87.5,11,8.0,0.0,12.13260071048248,0.0,36.0,10,7.1,0.0,12.862088995701022,0.0,36.0,10,0.1,0.0,0.31622776601683794,0.0,1.0,10,0.5,0.0,1.2692955176439846,0.0,4.0,7,0.0,0.0,0.0,0.0,0.0,8,757.8125000000001,811.35,199.18106219145005,281.0,892.1,8,702.5250000000001,804.8,293.9902269998589,31.1,931.6,8,183.6,185.55,64.29170130851148,82.3,255.5,8,81.1125,91.94999999999999,29.492102453756274,10.0,98.6,23.6
2026-09-24T14:00,11,79.72727272727275,80.6,5.8431311655808145,66.2,88.2,11,6.7272727272727275,0.0,11.009912888764461,0.0,36.0,10,5.8,0.0,11.640923980127655,0.0,36.0,10,0.1,0.0,0.31622776601683794,0.0,1.0,10,0.5,0.0,1.2692955176439846,0.0,4.0,7,0.0,0.0,0.0,0.0,0.0,8,698.5250000000001,753.3,172.6393246875446,275.1,800.0,8,640.9,674.1,262.99277556617403,35.0,896.2,8,183.275,211.6,61.31333460186292,79.4,246.9,8,77.0625,85.0,31.70047036604617,0.0,98.5,24.9
2026-09-24T15:00,11,79.55454545454546,79.7,5.931334358534103,66.0,87.4,11,7.636363636363637,0.0,12.61168289541667,0.0,36.0,10,6.9,0.0,13.453211099543815,0.0,36.0,10,0.2,0.0,0.6324555320336759,0.0,2.0,10,0.5,0.0,1.2692955176439846,0.0,4.0,7,0.0,0.0,0.0,0.0,0.0,8,609.1625,663.55,151.35575818486157,236.2,679.8,8,615.4499999999999,674.2,242.43079130223657,37.0,801.5,8,156.7,175.6,44.42743682520007,90.2,209.0,8,77.4625,85.7,27.25907122933051,10.8,93.2,27.2
2026-09-24T16:00,11,78.94545454545454,79.1,5.93285152963795,65.4,85.7,11,7.090909090909091,0.0,12.045368781855915,0.0,36.0,10,6.3,0.0,12.841339493993607,0.0,36.0,10,0.2,0.0,0.6324555320336759,0.0,2.0,10,0.5,0.0,1.2692955176439846,0.0,4.0,7,0.0,0.0,0.0,0.0,0.0,8,482.06250000000006,512.05,140.05253032344683,147.7,586.3,8,586.675,656.3,238.1839970035171,21.2,741.1,8,120.8,129.8,27.900076804809803,75.6,153.6,8,74.45,82.94999999999999,30.443061606875215,0.0,91.3,29.6
2026-09-24T17:00,11,77.92727272727272,78.0,5.634020040626575,64.9,84.0,11,6.090909090909091,0.0,9.68973214753169,0.0,25.0,10,5.0,0.0,10.28483241369434,0.0,25.0,10,0.3,0.0,0.9486832980505139,0.0,3.0,10,0.5,0.0,1.2692955176439846,0.0,4.0,7,0.0,0.0,0.0,0.0,0.0,8,292.725,314.75,82.41299741458954,91.6,342.6,8,439.725,460.5,186.03279088836538,18.8,629.9,8,93.1375,99.85,26.589145878937668,51.0,117.6,8,65.45,72.25,23.57444136590061,7.8,80.1,45.4
2026-09-24T18:00,10,77.10999999999999,76.45,3.462962764903933,72.8,81.3,10,5.9,1.5,9.527154174603593,0.0,30.0,9,4.555555555555555,0.0,10.088497300281036,0.0,30.0,9,0.3333333333333333,0.0,1.0,0.0,3.0,9,0.5555555555555556,0.0,1.3333333333333335,0.0,4.0,7,0.0,0.0,0.0,0.0,0.0,7,119.5,123.2,17.016658504731968,100.6,144.3,7,263.90000000000003,267.6,91.64172994147734,148.7,383.2,7,50.771428571428565,61.8,15.203586669567404,28.3,63.0,7,57.55714285714286,59.1,7.329815173399016,48.0,66.1,70.8
2026-09-24T19:00,10,74.04999999999998,73.55000000000001,2.9338067799741383,68.6,78.3,10,10.4,2.0,21.84897658421963,0.0,71.0,9,9.555555555555555,0.0,23.377933565175898,0.0,71.0,9,0.2222222222222222,0.0,0.6666666666666666,0.0,2.0,9,0.5555555555555556,0.0,1.3333333333333335,0.0,4.0,7,0.0,0.0,0.0,0.0,0.0,7,0.0,0.0,0.0,0.0,0.0,7,0.0,0.0,0.0,0.0,0.0,7,0.0,0.0,0.0,0.0,0.0,7,24.314285714285713,35.0,17.80004012836568,0.0,42.2,75.2
2026-09-24T20:00,10,71.81,72.1,2.3577060414262383,67.0,75.7,10,12.7,1.0,31.112876934014174,0.0,100.0,9,11.666666666666666,0.0,33.166247903554,0.0,100.0,9,0.2222222222222222,0.0,0.6666666666666666,0.0,2.0,9,0.4444444444444444,0.0,1.3333333333333333,0.0,4.0,7,0.0,0.0,0.0,0.0,0.0,7,0.0,0.0,0.0,0.0,0.0,7,0.0,0.0,0.0,0.0,0.0,7,0.0,0.0,0.0,0.0,0.0,7,0.0,0.0,0.0,0.0,0.0,70.4
2026-09-24T21:00,10,70.35000000000001,70.2,1.9603004304896172,66.4,73.0,10,14.9,4.5,30.049773524752045,0.0,98.0,9,12.777777777777779,0.0,32.14334214801635,0.0,98.0,9,0.2222222222222222,0.0,0.6666666666666666,0.0,2.0,9,1.0,0.0,1.9999999999999998,0.0,5.0,7,0.0,0.0,0.0,0.0,0.0,7,0.0,0.0,0.0,0.0,0.0,7,0.0,0.0,0.0,0.0,0.0,7,0.0,0.0,0.0,0.0,0.0,7,0.0,0.0,0.0,0.0,0.0,72.4
2026-09-24T22:00,10,69.31,69.0,1.8716896703840151,65.8,72.8,10,17.1,4.5,31.15712866530975,0.0,100.0,9,14.777777777777779,1.0,32.64497579175767,0.0,100.0,9,0.3333333333333333,0.0,1.0,0.0,3.0,9,0.4444444444444444,0.0,1.3333333333333333,0.0,4.0,7,0.0,0.0,0.0,0.0,0.0,7,0.0,0.0,0.0,0.0,0.0,7,0.0,0.0,0.0,0.0,0.0,7,0.0,0.0,0.0,0.0,0.0,7,0.0,0.0,0.0,0.0,0.0,71.9
2026-09-24T23:00,10,68.44,68.05,2.0194608741498863,65.3,72.5,10,16.4,6.0,29.281013947228292,0.0,92.0,9,13.222222222222221,0.0,29.898903733154572,0.0,92.0,9,0.3333333333333333,0.0,1.0,0.0,3.0,9,0.4444444444444444,0.0,1.3333333333333333,0.0,4.0,7,0.0,0.0,0.0,0.0,0.0,7,0.0,0.0,0.0,0.0,0.0,7,0.0,0.0,0.0,0.0,0.0,7,0.0,0.0,0.0,0.0,0.0,7,0.0,0.0,0.0,0.0,0.0,72.8
2026-09-25T00:00,10,67.66,67.05,2.1521049127669314,65.0,71.9,10,17.8,8.5,23.63519033606927,0.0,68.0,9,14.0,0.0,22.907422377910613,0.0,68.0,9,0.2222222222222222,0.0,0.6666666666666666,0.0,2.0,9,0.4444444444444444,0.0,1.3333333333333333,0.0,4.0,7,0.0,0.0,0.0,0.0,0.0,7,0.0,0.0,0.0,0.0,0.0,7,0.0,0.0,0.0,0.0,0.0,7,0.0,0.0,0.0,0.0,0.0,7,0.0,0.0,0.0,0.0,0.0,76.4
2026-09-25T01:00,10,66.97999999999999,66.0,2.43712034080297,64.5,71.8,10,19.9,12.5,23.951107606028486,0.0,73.0,9,15.666666666666666,7.0,20.60946384552495,0.0,60.0,9,0.2222222222222222,0.0,0.6666666666666666,0.0,2.0,9,0.4444444444444444,0.0,1.3333333333333333,0.0,4.0,7,0.0,0.0,0.0,0.0,0.0,7,0.0,0.0,0.0,0.0,0.0,7,0.0,0.0,0.0,0.0,0.0,7,0.0,0.0,0.0,0.0,0.0,7,0.0,0.0,0.0,0.0,0.0,75.3
2026-09-25T02:00,10,66.44999999999999,65.2,2.653823237854731,63.8,71.6,10,21.3,9.5,31.386656754458926,0.0,100.0,9,16.555555555555557,0.0,26.500524103831943,0.0,80.0,9,0.1111111111111111,0.0,0.3333333333333333,0.0,1.0,9,0.4444444444444444,0.0,1.3333333333333333,0.0,4.0,7,0.0,0.0,0.0,0.0,0.0,7,0.0,0.0,0.0,0.0,0.0,7,0.0,0.0,0.0,0.0,0.0,7,0.0,0.0,0.0,0.0,0.0,7,0.0,0.0,0.0,0.0,0.0,69.3
2026-09-25T03:00,10,66.12,65.0,2.7242939962085213,63.0,71.4,10,22.9,8.0,31.708568768289325,0.0,100.0,9,18.0,0.0,29.432125305522877,0.0,87.0,9,0.1111111111111111,0.0,0.3333333333333333,0.0,1.0,9,1.2222222222222223,0.0,1.986062547968831,0.0,5.0,7,0.0,0.0,0.0,0.0,0.0,7,0.0,0.0,0.0,0.0,0.0,7,0.0,0.0,0.0,0.0,0.0,7,0.0,0.0,0.0,0.0,0.0,7,0.0,0.0,0.0,0.0,0.0,68.8
2026-09-25T04:00,10,66.05,65.3,2.63744404890627,62.5,71.2,10,30.9,19.0,34.26514263796373,0.0,100.0,9,18.444444444444443,0.0,29.69053347075087,0.0,85.0,9,0.5555555555555556,0.0,1.6666666666666667,0.0,5.0,9,8.333333333333334,0.0,21.714050750608465,0.0,66.0,7,0.0,0.0,0.0,0.0,0.0,7,0.0,0.0,0.0,0.0,0.0,7,0.0,0.0,0.0,0.0,0.0,7,0.0,0.0,0.0,0.0,0.0,7,0.0,0.0,0.0,0.0,0.0,67.3
2026-09-25T05:00,10,66.19,65.65,2.438328206875449,62.9,70.7,10,32.9,18.5,37.16464867466274,0.0,100.0,9,17.77777777777778,0.0,28.021321247301035,0.0,77.0,9,0.3333333333333333,0.0,0.9999999999999999,0.0,3.0,9,10.666666666666666,0.0,27.941904015295734,0.0,85.0,7,0.0,0.0,0.0,0.0,0.0,7,0.0,0.0,0.0,0.0,0.0,7,0.0,0.0,0.0,0.0,0.0,7,0.0,0.0,0.0,0.0,0.0,7,0.0,0.0,0.0,0.0,0.0,67.4
2026-09-25T06:00,10,66.58000000000001,65.75,2.2180071135042754,64.1,70.3,10,31.6,17.5,36.1853254480014,0.0,100.0,9,15.0,0.0,22.798026230355994,0.0,58.0,9,0.0,0.0,0.0,0.0,0.0,9,11.0,4.0,24.176434807473164,0.0,75.0,7,0.0,0.0,0.0,0.0,0.0,7,0.0,0.0,0.0,0.0,0.0,7,0.0,0.0,0.0,0.0,0.0,7,0.0,0.0,0.0,0.0,0.0,7,0.0,0.0,0.0,0.0,0.0,68.1
2026-09-25T07:00,10,67.32,67.69999999999999,2.234477318947063,64.4,70.3,10,24.6,10.5,32.479737273157454,0.0,100.0,9,10.88888888888889,0.0,15.901607186417074,0.0,38.0,9,0.0,0.0,0.0,0.0,0.0,9,5.666666666666667,4.0,6.745368781616021,0.0,18.0,7,0.0,0.0,0.0,0.0,0.0,7,14.285714285714286,10.6,13.41981477411028,0.0,38.0,7,0.0,0.0,0.0,0.0,0.0,7,14.285714285714286,10.6,13.41981477411028,0.0,38.0,7,7.885714285714286,6.5,7.3112763526460895,0.0,19.5,68.0
2026-09-25T08:00,10,69.89,70.4,1.7123408279636145,66.1,72.1,10,29.5,24.0,31.962651816004115,0.0,100.0,9,6.888888888888889,0.0,11.08427314311187,0.0,31.0,9,0.0,0.0,0.0,0.0,0.0,9,15.11111111111111,4.0,17.9265476629247,0.0,48.0,7,0.0,0.0,0.0,0.0,0.0,7,203.8714285714286,173.9,62.50879176259166,133.1,285.3,7,628.2142857142857,746.3,258.81373243172027,216.5,832.9,7,109.64285714285714,106.8,42.42573343081835,56.3,160.8,7,69.31428571428572,76.8,19.64717355172058,37.4,89.0,38.1
2026-09-25T09:00,10,73.51000000000002,73.6,2.4632634180425526,69.1,77.0,10,21.7,7.5,32.238865433579456,0.0,100.0,9,4.111111111111111,0.0,7.959969290839703,0.0,23.0,9,0.0,0.0,0.0,0.0,0.0,9,11.777777777777779,4.0,19.116601278586224,0.0,56.0,7,0.0,0.0,0.0,0.0,0.0,7,357.61428571428576,352.9,35.881119852991795,310.9,398.8,7,620.4142857142858,538.4,194.75842667752465,408.6,904.3,7,138.25714285714284,159.9,41.205414577166806,74.9,166.6,7,73.21428571428571,71.3,9.716725883998265,61.9,90.5,44.8
2026-09-25T10:00,10,77.42,76.7,4.13489217916662,73.2,84.6,10,20.0,5.5,32.28002478313795,0.0,100.0,9,2.2222222222222223,0.0,4.969350505291858,0.0,15.0,9,0.0,0.0,0.0,0.0,0.0,9,15.555555555555555,5.0,27.59579275501572,0.0,82.0,7,0.0,0.0,0.0,0.0,0.0,7,549.4142857142857,570.3,40.16741749940401,476.1,587.3,7,742.5428571428572,748.0,148.6431392871627,511.7,948.9,7,153.70000000000002,175.5,47.686580921680665,81.4,203.5,7,83.51428571428572,84.4,7.252454428543158,70.5,93.9,43.6
2026-09-25T11:00,10,79.98,79.2,4.697942812196276,74.7,87.9,10,30.8,8.0,39.111805549390496,3.0,100.0,9,1.2222222222222223,0.0,3.3082388735465345,0.0,10.0,9,0.0,0.0,0.0,0.0,0.0,9,30.22222222222222,9.0,41.75756751110443,0.0,100.0,7,0.0,0.0,0.0,0.0,0.0,7,719.5714285714287,680.4,89.68512909592303,613.3,843.0,7,805.9285714285714,736.1,173.92567104260095,568.1,1008.5,7,175.27142857142854,169.0,44.44523650087877,93.2,229.7,7,88.35714285714286,86.6,8.096266041177488,75.4,96.5,30.5
2026-09-25T12:00,10,80.61,81.05,3.420997255512231,75.4,84.6,10,31.8,11.5,38.62871700921191,3.0,100.0,9,2.2222222222222223,0.0,4.65772953749404,0.0,13.0,9,0.0,0.0,0.0,0.0,0.0,9,31.0,10.0,41.934472692523514,0.0,100.0,7,0.0,0.0,0.0,0.0,0.0,7,746.8857142857142,750.7,33.18345112509288,705.9,805.9,7,693.8999999999999,681.4,121.20512915439404,537.8,921.7,7,211.77142857142857,225.5,61.78243316363518,95.7,291.1,7,85.24285714285715,84.1,5.489036692309841,78.7,95.8,47.6
2026-09-25T13:00,10,81.71000000000001,82.3,3.7539460719503075,75.9,86.1,10,36.1,27.0,36.84034624038041,4.0,100.0,9,1.5555555555555556,0.0,3.431876713662333,0.0,10.0,9,0.0,0.0,0.0,0.0,0.0,9,31.666666666666668,8.0,42.22558466143482,0.0,100.0,7,0.0,0.0,0.0,0.0,0.0,7,779.1999999999999,779.1,25.724372360338226,747.4,829.8,7,700.8142857142857,679.5,101.48557251437978,602.9,905.6,7,209.04285714285714,227.9,58.816036847752585,93.3,268.9,7,86.08571428571429,84.7,3.8181271898792497,80.4,92.3,49.5
2026-09-25T14:00,10,82.29999999999998,82.7,4.21294301989581,76.1,87.5,10,38.2,31.5,34.18836709239628,4.0,100.0,9,2.2222222222222223,0.0,5.629781918018178,0.0,17.0,9,0.0,0.0,0.0,0.0,0.0,9,32.22222222222222,7.0,40.3043973338449,0.0,100.0,7,0.0,0.0,0.0,0.0,0.0,7,749.7428571428572,753.3,20.463696077269557,719.3,784.4,7,703.9142857142857,681.8,77.48024325747889,618.7,866.9,7,186.79999999999998,208.1,46.26741113714202,91.0,224.7,7,87.31428571428572,85.5,4.93370333232842,81.0,95.8,51.8
2026-09-25T15:00,10,81.97,81.44999999999999,4.341543504331145,76.0,88.1,10,34.3,33.5,20.06129496207948,5.0,63.0,9,0.7777777777777778,0.0,1.986062547968831,0.0,6.0,9,0.0,0.0,0.0,0.0,0.0,9,26.0,31.0,24.20743687382041,0.0,63.0,7,0.0,0.0,0.0,0.0,0.0,7,692.5428571428572,654.5,114.21034479040354,619.7,947.0,7,644.5714285714286,652.6,121.73503623698082,435.8,810.9,7,221.57142857142858,178.4,183.5083260080744,87.4,628.5,7,83.11428571428571,84.1,9.505687520537121,65.7,94.1,44.1
2026-09-25T16:00,10,81.33000000000001,80.15,4.496924875215653,75.7,88.6,10,25.6,20.0,20.172588662175546,2.0,62.0,9,0.8888888888888888,0.0,2.315407331574968,0.0,7.0,9,0.0,0.0,0.0,0.0,0.0,9,22.555555555555557,8.0,25.417076499428052,0.0,62.0,7,0.0,0.0,0.0,0.0,0.0,6,486.5666666666666,497.9,51.76321731371288,389.8,533.7,7,530.2,582.8,212.628220140225,166.5,767.0,7,228.15714285714287,143.7,274.6690545434806,65.0,843.7,7,74.35714285714286,79.6,15.819487680585304,45.4,88.9,43.1
2026-09-25T17:00,10,80.25999999999999,78.55,4.7507192437917585,75.0,89.2,10,34.5,28.5,32.25678223257862,0.0,86.0,9,0.2222222222222222,0.0,0.6666666666666667,0.0,2.0,9,0.0,0.0,0.0,0.0,0.0,9,30.88888888888889,5.0,37.38129359868531,0.0,86.0,7,0.0,0.0,0.0,0.0,0.0,6,321.8666666666667,328.55,24.26863545127057,285.2,352.7,7,459.92857142857144,502.6,161.80176878190298,135.6,602.3,7,185.39999999999995,109.1,250.61771685178203,58.0,751.1,7,69.75714285714285,73.6,14.476976795686905,39.0,82.5,42.6
2026-09-25T18:00,9,77.44444444444446,76.8,3.153613447741778,74.0,82.6,9,37.77777777777778,24.0,34.76268753195651,0.0,90.0,8,1.75,0.0,4.949747468305833,0.0,14.0,8,0.0,0.0,0.0,0.0,0.0,8,37.375,27.0,40.15661304727493,0.0,91.0,7,0.0,0.0,0.0,0.0,0.0,5,118.1,118.7,14.235167719419394,97.4,137.6,6,224.5,258.5,126.91107122706042,0.0,353.0,6,98.94999999999999,56.849999999999994,122.08665365223177,28.5,346.9,6,53.06666666666666,56.95,13.69622819124545,27.3,65.1,50.6
2026-09-25T19:00,9,75.33333333333333,74.6,2.571964229922339,72.9,80.2,9,40.22222222222222,27.0,35.042038246147214,0.0,94.0,8,3.375,0.0,9.545941546018392,0.0,27.0,8,0.0,0.0,0.0,0.0,0.0,8,37.875,26.0,41.26374229964399,0.0,95.0,7,0.0,0.0,0.0,0.0,0.0,6,0.0,0.0,0.0,0.0,0.0,6,0.0,0.0,0.0,0.0,0.0,6,0.0,0.0,0.0,0.0,0.0,6,34.88333333333333,36.95,8.957548027594754,22.8,46.7,67.0
2026-09-25T20:00,9,73.34444444444443,72.2,2.197220466356933,71.3,77.3,9,41.77777777777778,41.0,34.12395704551927,0.0,94.0,8,5.125,0.0,14.495689014324224,0.0,41.0,8,0.0,0.0,0.0,0.0,0.0,8,36.875,24.5,40.38895711878257,0.0,94.0,7,0.0,0.0,0.0,0.0,0.0,6,0.0,0.0,0.0,0.0,0.0,6,0.0,0.0,0.0,0.0,0.0,6,0.0,0.0,0.0,0.0,0.0,6,0.0,0.0,0.0,0.0,0.0,68.8
2026-09-25T21:00,9,71.73333333333333,71.0,2.110094784600923,69.4,75.7,9,48.0,50.0,34.35476677260377,0.0,100.0,8,5.125,0.0,14.495689014324224,0.0,41.0,8,0.0,0.0,0.0,0.0,0.0,8,43.875,48.0,40.044395006399725,0.0,100.0,7,0.0,0.0,0.0,0.0,0.0,6,0.0,0.0,0.0,0.0,0.0,6,0.0,0.0,0.0,0.0,0.0,6,0.0,0.0,0.0,0.0,0.0,6,0.0,0.0,0.0,0.0,0.0,68.9
2026-09-25T22:00,9,70.17777777777776,70.3,2.0939065032719193,67.8,74.6,9,43.333333333333336,46.0,35.749125863438955,0.0,100.0,8,5.25,0.0,14.449419167762914,0.0,41.0,8,0.0,0.0,0.0,0.0,0.0,8,38.75,28.0,38.780517936569275,0.0,100.0,7,0.0,0.0,0.0,0.0,0.0,6,0.0,0.0,0.0,0.0,0.0,6,0.0,0.0,0.0,0.0,0.0,6,0.0,0.0,0.0,0.0,0.0,6,0.0,0.0,0.0,0.0,0.0,68.5
2026-09-25T23:00,9,69.03333333333333,68.4,2.3711811402758705,66.4,74.1,9,41.0,48.0,37.99671038392666,0.0,100.0,8,5.625,0.0,14.362028308802943,0.0,41.0,8,0.0,0.0,0.0,0.0,0.0,8,36.125,22.0,39.007096423965876,0.0,100.0,7,0.0,0.0,0.0,0.0,0.0,6,0.0,0.0,0.0,0.0,0.0,6,0.0,0.0,0.0,0.0,0.0,6,0.0,0.0,0.0,0.0,0.0,6,0.0,0.0,0.0,0.0,0.0,67.6
2026-09-26T00:00,9,68.26666666666668,67.5,2.587469806587119,65.2,73.7,9,46.0,64.0,29.004310024546353,0.0,81.0,8,11.125,1.0,17.963753187222,0.0,48.0,8,0.0,0.0,0.0,0.0,0.0,8,37.75,33.5,29.759752303116656,0.0,81.0,7,0.0,0.0,0.0,0.0,0.0,6,0.0,0.0,0.0,0.0,0.0,6,0.0,0.0,0.0,0.0,0.0,6,0.0,0.0,0.0,0.0,0.0,6,0.0,0.0,0.0,0.0,0.0,71.2
2026-09-26T01:00,9,67.71111111111111,66.8,2.8250860360546683,64.4,73.6,9,62.666666666666664,70.0,31.835514759463212,3.0,100.0,8,18.5,2.5,27.609522166921224,0.0,68.0,8,0.0,0.0,0.0,0.0,0.0,8,51.375,61.0,36.81978311412804,0.0,100.0,7,0.0,0.0,0.0,0.0,0.0,6,0.0,0.0,0.0,0.0,0.0,6,0.0,0.0,0.0,0.0,0.0,6,0.0,0.0,0.0,0.0,0.0,6,0.0,0.0,0.0,0.0,0.0,68.4
2026-09-26T02:00,9,67.18888888888888,66.6,2.825086036054681,63.8,72.7,9,73.22222222222223,88.0,35.29085496902057,8.0,100.0,8,24.75,4.5,36.51516319088747,0.0,97.0,8,0.0,0.0,0.0,0.0,0.0,8,59.25,73.5,41.447901894167956,0.0,100.0,7,0.0,0.0,0.0,0.0,0.0,6,0.0,0.0,0.0,0.0,0.0,6,0.0,0.0,0.0,0.0,0.0,6,0.0,0.0,0.0,0.0,0.0,6,0.0,0.0,0.0,0.0,0.0,66.2
2026-09-26T03:00,9,66.66666666666666,66.0,2.9444863728670887,63.0,72.3,9,73.22222222222223,83.0,32.26367065980627,17.0,100.0,8,26.25,6.0,37.02412341009189,0.0,100.0,8,0.0,0.0,0.0,0.0,0.0,8,58.125,71.0,40.318154365354715,0.0,100.0,7,0.0,0.0,0.0,0.0,0.0,6,0.0,0.0,0.0,0.0,0.0,6,0.0,0.0,0.0,0.0,0.0,6,0.0,0.0,0.0,0.0,0.0,6,0.0,0.0,0.0,0.0,0.0,67.8
2026-09-26T04:00,9,66.34444444444443,65.8,3.08751968054906,62.3,72.3,9,73.0,87.0,30.84234102658227,26.0,100.0,8,27.0,7.5,36.87430386752116,0.0,100.0,8,0.0,0.0,0.0,0.0,0.0,8,57.125,64.0,40.3712680716656,0.0,100.0,7,0.0,0.0,0.0,0.0,0.0,6,0.0,0.0,0.0,0.0,0.0,6,0.0,0.0,0.0,0.0,0.0,6,0.0,0.0,0.0,0.0,0.0,6,0.0,0.0,0.0,0.0,0.0,68.3
2026-09-26T05:00,9,66.37777777777778,65.6,2.973540725203616,62.3,72.1,9,71.22222222222223,89.0,30.35530339898523,27.0,100.0,8,27.0,8.0,36.691766300979765,0.0,100.0,8,0.0,0.0,0.0,0.0,0.0,8,54.5,59.0,40.266966255586865,0.0,99.0,7,0.0,0.0,0.0,0.0,0.0,6,0.0,0.0,0.0,0.0,0.0,6,0.0,0.0,0.0,0.0,0.0,6,0.0,0.0,0.0,0.0,0.0,6,0.0,0.0,0.0,0.0,0.0,69.0
2026-09-26T06:00,9,66.87777777777778,66.6,2.700822919860618,63.1,71.8,9,67.11111111111111,64.0,30.90891636908533,25.0,100.0,8,24.125,7.5,34.786850964121484,0.0,98.0,8,0.0,0.0,0.0,0.0,0.0,8,49.875,48.5,40.23302658974874,0.0,100.0,7,0.0,0.0,0.0,0.0,0.0,6,0.0,0.0,0.0,0.0,0.0,6,0.0,0.0,0.0,0.0,0.0,6,0.0,0.0,0.0,0.0,0.0,6,0.0,0.0,0.0,0.0,0.0,69.5
2026-09-26T07:00,9,67.88888888888889,68.3,2.4876919244776103,64.5,71.9,9,61.44444444444444,60.0,34.975388171938526,15.0,100.0,8,20.5,6.0,32.92415526630866,0.0,94.0,8,0.0,0.0,0.0,0.0,0.0,8,43.75,29.5,42.13837748588402,0.0,100.0,7,0.0,0.0,0.0,0.0,0.0,6,14.016666666666666,10.95,15.238427302929484,0.0,40.2,6,0.0,0.0,0.0,0.0,0.0,6,14.016666666666666,10.95,15.238427302929484,0.0,40.2,6,7.983333333333333,5.85,8.646251596308463,0.0,21.9,65.1
2026-09-26T08:00,9,69.65555555555554,70.7,2.5441654383663352,66.4,73.4,9,54.111111111111114,58.0,40.42723229595505,0.0,100.0,8,15.375,0.0,29.374126126819256,0.0,83.0,8,0.0,0.0,0.0,0.0,0.0,8,37.625,12.5,46.07738056790989,0.0,100.0,7,0.0,0.0,0.0,0.0,0.0,6,171.53333333333333,152.3,37.28440245822194,142.5,223.4,6,487.90000000000003,491.79999999999995,160.4089149642251,269.9,689.3,6,99.01666666666667,98.75,20.044292620760316,68.7,121.2,6,61.199999999999996,59.0,12.962870052577092,46.4,78.8,45.8
2026-09-26T09:00,9,72.54444444444445,72.6,2.596685922050981,67.7,76.4,9,51.55555555555556,56.0,32.04337338324069,8.0,94.0,8,10.375,0.0,20.191493965812153,0.0,57.0,8,0.0,0.0,0.0,0.0,0.0,8,38.875,22.0,40.3216974557655,0.0,94.0,7,0.0,0.0,0.0,0.0,0.0,5,357.5,367.6,31.82475451594246,302.5,380.3,6,537.4166666666666,651.4,298.5432592886108,0.0,800.9,6,290.7833333333333,140.45,392.0974032898798,96.6,1089.2,6,66.93333333333334,71.35,21.894535086789734,27.3,87.7,39.6
2026-09-26T10:00,9,75.76666666666667,76.1,2.9206163733020487,69.3,79.1,9,51.0,54.0,34.583232931581165,3.0,100.0,8,4.75,0.0,8.811518435709996,0.0,24.0,8,0.0,0.0,0.0,0.0,0.0,8,44.0,42.0,42.768479715122645,0.0,100.0,7,0.0,0.0,0.0,0.0,0.0,5,521.2,523.9,31.997109244430163,469.4,548.8,6,547.5666666666666,611.4,289.5072756713839,0.0,781.5,6,405.6499999999999,195.75,571.3468779996964,133.1,1570.1,6,70.6,74.85,22.65603672313408,27.3,88.5,36.7
2026-09-26T11:00,9,78.3888888888889,79.0,3.479383725763962,71.1,82.3,9,47.888888888888886,51.0,38.181947450478624,0.0,100.0,8,1.0,0.0,2.138089935299395,0.0,6.0,8,0.0,0.0,0.0,0.0,0.0,8,44.875,48.0,42.909997170156714,0.0,100.0,7,0.0,0.0,0.0,0.0,0.0,5,663.1600000000001,647.0,47.96731178625712,611.2,734.7,6,599.55,658.6500000000001,319.1027091705741,0.0,920.3,6,470.0833333333333,198.9,713.2784040377688,115.9,1923.6,6,74.61666666666666,81.35,24.036340542326045,27.3,92.1,32.5
2026-09-26T12:00,9,79.84444444444443,80.6,3.5451061729908435,73.3,84.0,9,53.0,45.0,40.34538387473838,0.0,100.0,8,1.25,0.0,2.5495097567963922,0.0,7.0,8,0.0,0.0,0.0,0.0,0.0,8,51.5,60.5,45.575682739185126,0.0,100.0,7,0.0,0.0,0.0,0.0,0.0,5,730.14,713.2,45.38841261820025,675.7,789.2,6,536.6,611.4,282.26129738240775,0.0,813.4,6,569.1999999999999,241.75,817.6528652184861,165.3,2236.2,6,73.2,79.15,23.72593517651096,27.3,92.4,32.6
2026-09-26T13:00,9,80.64444444444445,80.9,3.42348912336198,75.5,84.7,9,56.22222222222222,61.0,40.4962275334931,0.0,100.0,8,1.75,0.0,4.5591352563522705,0.0,13.0,8,0.0,0.0,0.0,0.0,0.0,8,55.625,71.0,45.69756948835307,0.0,100.0,7,0.0,0.0,0.0,0.0,0.0,5,735.7599999999999,731.8,41.139129791477096,681.1,791.5,6,491.01666666666665,555.5999999999999,261.23292607683794,0.0,744.9,6,596.4,275.45,828.5399712747719,188.6,2285.0,6,71.3,80.4,22.5053771352537,27.3,88.3,33.6
2026-09-26T14:00,9,80.96666666666667,81.8,3.3948490393535904,76.3,84.7,9,59.111111111111114,80.0,41.64265975068248,0.0,100.0,8,2.0,0.0,5.656854249492381,0.0,16.0,8,0.0,0.0,0.0,0.0,0.0,8,59.75,81.0,46.011644488883775,0.0,100.0,7,0.0,0.0,0.0,0.0,0.0,5,705.8399999999999,720.2,39.162520347904064,641.6,743.2,6,487.3,611.75,252.91614420594036,0.0,641.2,6,561.1999999999999,234.6,785.946519809077,210.1,2164.0,6,71.11666666666666,80.35,22.653425053767624,27.3,89.3,34.0
2026-09-26T15:00,9,80.65555555555555,82.1,3.4037152903522645,76.1,85.4,9,44.666666666666664,33.0,38.40247387864485,0.0,100.0,8,1.625,0.0,4.596194077712559,0.0,13.0,8,0.0,0.0,0.0,0.0,0.0,8,45.0,42.5,42.38261098948145,0.0,100.0,7,0.0,0.0,0.0,0.0,0.0,5,621.78,612.3,48.953723045341455,575.6,700.9,6,504.1833333333334,550.0,284.95885609446617,0.0,866.7,6,452.56666666666666,201.8,664.2694443271245,71.5,1803.0,6,71.3,76.35,23.52930088209167,27.3,97.2,32.6
2026-09-26T16:00,9,79.80000000000001,80.4,3.466987164671944,75.6,85.7,9,50.44444444444444,41.0,39.93466887026582,0.0,100.0,8,1.0,0.0,2.8284271247461903,0.0,8.0,8,0.0,0.0,0.0,0.0,0.0,8,53.75,57.0,41.547735025080314,0.0,100.0,7,0.0,0.0,0.0,0.0,0.0,5,465.24000000000007,479.0,32.119044194994366,426.2,497.0,6,408.68333333333334,466.05,216.82350810432584,0.0,575.4,6,373.20000000000005,171.75,503.1125599704305,148.1,1399.2,6,65.21666666666667,71.4,19.541178743020257,27.3,78.2,38.0
2026-09-26T17:00,9,78.53333333333333,78.6,3.424908757908742,74.1,84.9,9,46.0,36.0,41.433681950799404,0.0,100.0,8,0.5,0.0,1.4142135623730951,0.0,4.0,8,0.0,0.0,0.0,0.0,0.0,8,50.25,47.0,42.0637271631645,0.0,100.0,7,0.0,0.0,0.0,0.0,0.0,5,289.84,308.7,30.136240641460248,249.6,313.6,6,321.09999999999997,378.45000000000005,183.18012992680184,0.0,474.2,6,248.20000000000002,121.30000000000001,317.13486720952017,98.2,894.8,6,58.79999999999999,63.4,16.948746266317162,27.3,72.2,41.8
2026-09-26T18:00,9,76.64444444444445,75.6,3.246194353050629,71.8,82.4,9,46.55555555555556,36.0,34.90025469502734,0.0,100.0,8,4.125,0.0,10.480423928176078,0.0,30.0,8,0.0,0.0,0.0,0.0,0.0,8,50.375,38.0,34.89960089825015,0.0,100.0,7,0.0,0.0,0.0,0.0,0.0,5,105.28,106.5,21.273739680648536,78.1,126.3,6,165.6833333333333,199.7,116.09582966957369,0.0,273.5,6,132.5666666666667,59.05,188.5541160162426,43.9,517.2,6,45.86666666666667,49.75,16.10896230881017,25.3,62.2,50.4
2026-09-26T19:00,9,74.23333333333335,73.9,3.251538097577819,69.0,79.0,9,46.44444444444444,49.0,33.12518343764722,0.0,92.0,8,9.25,0.0,24.961398770329932,0.0,71.0,8,0.0,0.0,0.0,0.0,0.0,8,48.75,51.5,30.53686296920494,0.0,89.0,7,0.0,0.0,0.0,0.0,0.0,6,0.0,0.0,0.0,0.0,0.0,6,0.0,0.0,0.0,0.0,0.0,6,0.0,0.0,0.0,0.0,0.0,6,26.900000000000002,30.1,9.159694318043588,10.7,34.6,66.2
2026-09-26T20:00,9,72.1,72.2,3.281386901905962,66.9,75.9,9,47.888888888888886,38.0,41.15958103663242,0.0,100.0,8,13.375,0.0,35.038499234005855,0.0,100.0,8,0.0,0.0,0.0,0.0,0.0,8,49.375,47.5,38.47796215275143,0.0,100.0,7,0.0,0.0,0.0,0.0,0.0,6,0.0,0.0,0.0,0.0,0.0,6,0.0,0.0,0.0,0.0,0.0,6,0.0,0.0,0.0,0.0,0.0,6,0.0,0.0,0.0,0.0,0.0,64.7
2026-09-26T21:00,9,70.5111111111111,70.5,2.948069047887295,66.3,75.2,9,50.22222222222222,44.0,38.110949141217205,4.0,100.0,8,15.125,0.0,34.74576027579275,0.0,100.0,8,0.0,0.0,0.0,0.0,0.0,8,49.0,43.0,39.2319112094078,0.0,100.0,7,0.0,0.0,0.0,0.0,0.0,6,0.0,0.0,0.0,0.0,0.0,6,0.0,0.0,0.0,0.0,0.0,6,0.0,0.0,0.0,0.0,0.0,6,0.0,0.0,0.0,0.0,0.0,65.8
2026-09-26T22:00,9,69.30000000000001,69.4,2.635336790620886,65.7,74.5,9,54.666666666666664,51.0,34.3874977280988,4.0,100.0,8,16.375,0.0,32.76294727715616,0.0,93.0,8,0.0,0.0,0.0,0.0,0.0,8,48.25,39.5,38.986261316373636,0.0,100.0,7,0.0,0.0,0.0,0.0,0.0,6,0.0,0.0,0.0,0.0,0.0,6,0.0,0.0,0.0,0.0,0.0,6,0.0,0.0,0.0,0.0,0.0,6,0.0,0.0,0.0,0.0,0.0,67.2
2026-09-26T23:00,9,68.43333333333334,67.9,2.4834451876375296,65.7,73.7,8,60.5,56.5,33.17486139490908,7.0,100.0,7,20.0,5.0,32.25419869309007,0.0,86.0,7,0.0,0.0,0.0,0.0,0.0,7,48.42857142857143,30.0,40.261052904170064,0.0,100.0,7,0.0,0.0,0.0,0.0,0.0,6,0.0,0.0,0.0,0.0,0.0,6,0.0,0.0,0.0,0.0,0.0,6,0.0,0.0,0.0,0.0,0.0,6,0.0,0.0,0.0,0.0,0.0,68.5
2026-09-27T00:00,9,67.9,67.3,2.404682931282211,65.5,73.1,8,64.75,67.5,32.517028505955814,14.0,100.0,7,23.0,14.0,31.606961258558215,0.0,89.0,7,1.4285714285714286,0.0,3.3594217189442417,0.0,9.0,7,49.57142857142857,39.0,38.26598638851107,0.0,100.0,7,0.0,0.0,0.0,0.0,0.0,6,0.0,0.0,0.0,0.0,0.0,6,0.0,0.0,0.0,0.0,0.0,6,0.0,0.0,0.0,0.0,0.0,6,0.0,0.0,0.0,0.0,0.0,69.3
2026-09-27T01:00,9,67.63333333333334,66.8,2.30162985729678,65.6,72.5,8,70.0,84.5,33.114519905495065,15.0,100.0,7,25.0,14.0,33.8673884437522,0.0,95.0,7,3.4285714285714284,0.0,8.223080178318074,0.0,22.0,7,52.285714285714285,68.0,39.245867237686255,0.0,100.0,7,0.0,0.0,0.0,0.0,0.0,5,0.0,0.0,0.0,0.0,0.0,5,0.0,0.0,0.0,0.0,0.0,5,0.0,0.0,0.0,0.0,0.0,5,0.0,0.0,0.0,0.0,0.0,69.2
2026-09-27T02:00,8,67.6375,67.15,2.2148443995652918,65.4,71.9,8,73.25,90.0,34.68532007307167,7.0,100.0,7,24.285714285714285,10.0,35.910603288881525,0.0,100.0,7,5.714285714285714,0.0,13.840933081675836,0.0,37.0,7,54.285714285714285,63.0,43.710083831667816,0.0,100.0,7,0.0,0.0,0.0,0.0,0.0,5,0.0,0.0,0.0,0.0,0.0,5,0.0,0.0,0.0,0.0,0.0,5,0.0,0.0,0.0,0.0,0.0,5,0.0,0.0,0.0,0.0,0.0,68.3
2026-09-27T03:00,8,67.3625,66.85,2.007085662631981,65.3,71.3,8,71.5,75.5,28.490599953568644,17.0,100.0,7,24.0,14.0,35.5715241918776,0.0,100.0,7,8.142857142857142,0.0,19.428746497810675,0.0,52.0,7,52.285714285714285,68.0,38.853203581833874,0.0,100.0,7,0.0,0.0,0.0,0.0,0.0,5,0.0,0.0,0.0,0.0,0.0,5,0.0,0.0,0.0,0.0,0.0,5,0.0,0.0,0.0,0.0,0.0,5,0.0,0.0,0.0,0.0,0.0,73.4
2026-09-27T04:00,8,67.175,66.75,1.7441739755949928,65.4,70.8,8,66.875,62.0,29.107865898118625,28.0,100.0,7,23.142857142857142,5.0,36.23271344806408,0.0,100.0,7,10.285714285714286,0.0,23.87267814688503,0.0,64.0,7,48.857142857142854,31.0,38.6972375044549,0.0,100.0,7,0.0,0.0,0.0,0.0,0.0,5,0.0,0.0,0.0,0.0,0.0,5,0.0,0.0,0.0,0.0,0.0,5,0.0,0.0,0.0,0.0,0.0,5,0.0,0.0,0.0,0.0,0.0,73.8
2026-09-27T05:00,8,67.1875,66.6,1.5338443765351706,65.5,70.5,8,62.375,60.0,34.10042940659671,2.0,100.0,7,23.0,6.0,36.57412564459561,0.0,100.0,7,12.0,0.0,26.832815729997478,0.0,72.0,7,45.285714285714285,33.0,40.92152769107513,0.0,96.0,7,0.0,0.0,0.0,0.0,0.0,5,0.0,0.0,0.0,0.0,0.0,5,0.0,0.0,0.0,0.0,0.0,5,0.0,0.0,0.0,0.0,0.0,5,0.0,0.0,0.0,0.0,0.0,70.8
2026-09-27T06:00,8,67.3875,67.25,1.5505183465077599,65.3,70.6,8,62.5,62.5,34.11325674447232,0.0,99.0,7,21.857142857142858,4.0,35.872127394531866,0.0,98.0,7,13.285714285714286,0.0,28.02804717727278,0.0,75.0,7,45.0,55.0,39.26406329796582,0.0,94.0,7,0.42857142857142855,0.0,0.5345224838248488,0.0,1.0,5,0.0,0.0,0.0,0.0,0.0,5,0.0,0.0,0.0,0.0,0.0,5,0.0,0.0,0.0,0.0,0.0,5,0.0,0.0,0.0,0.0,0.0,70.8
2026-09-27T07:00,8,67.83749999999999,68.19999999999999,1.951510404057045,65.1,71.0,8,61.75,70.0,35.31794363856909,0.0,97.0,7,20.142857142857142,2.0,35.02584080089333,0.0,96.0,7,14.285714285714286,0.0,28.05776354662102,0.0,74.0,7,43.57142857142857,38.0,40.04105036441619,0.0,90.0,7,0.42857142857142855,0.0,0.5345224838248488,0.0,1.0,5,6.619999999999999,0.0,9.691852248151536,0.0,21.4,5,0.0,0.0,0.0,0.0,0.0,5,6.619999999999999,0.0,9.691852248151536,0.0,21.4,5,4.08,0.0,5.762985337479178,0.0,12.2,67.6
2026-09-27T08:00,8,68.9625,69.3,2.2846928521294494,65.7,71.9,8,60.375,67.5,36.897299552754724,0.0,100.0,7,17.0,1.0,32.202484376209235,0.0,88.0,7,15.0,0.0,27.75487945088815,0.0,71.0,7,41.57142857142857,20.0,43.52722191478624,0.0,100.0,7,0.7142857142857143,1.0,0.7559289460184545,0.0,2.0,4,155.54999999999998,153.5,20.81690018550633,133.6,181.6,5,376.32000000000005,218.4,348.69596642347335,0.0,881.7,5,184.06,101.1,219.71525436346013,51.9,574.8,5,47.1,37.7,18.51229321288964,27.3,68.3,40.0
2026-09-27T09:00,8,71.27499999999999,71.55000000000001,2.112378483402741,67.7,74.0,8,52.5,49.5,31.84785258515422,0.0,92.0,7,13.0,1.0,26.40075756488817,0.0,72.0,7,15.428571428571429,0.0,27.244920889694544,0.0,66.0,7,34.142857142857146,15.0,38.015034619777175,0.0,87.0,7,0.7142857142857143,1.0,0.7559289460184545,0.0,2.0,4,341.625,361.6,76.72328525291393,233.6,409.7,5,498.5,493.9,408.4486075383291,0.0,990.7,5,263.1,161.0,312.17052231112405,64.9,815.9,5,60.620000000000005,68.2,24.850593554279545,27.3,87.4,35.0
2026-09-27T10:00,8,74.12499999999999,74.6,2.2556278821776288,70.4,76.7,8,44.0,39.0,29.880715233359844,0.0,90.0,7,8.285714285714286,0.0,18.92717874481285,0.0,51.0,7,15.571428571428571,0.0,26.78219024437162,0.0,60.0,7,28.0,17.0,33.773757070640904,0.0,78.0,7,0.7142857142857143,1.0,0.7559289460184545,0.0,2.0,4,499.45,534.05,117.81104928372945,331.5,598.2,5,523.9,581.7,414.17860277904265,0.0,988.9,5,359.12,202.1,461.5350983403104,76.9,1178.2,5,65.5,75.4,27.32151167120883,27.3,91.6,30.2
2026-09-27T11:00,8,76.275,76.25,2.6617663308412305,72.5,79.8,8,37.75,38.0,30.013092381254456,0.0,89.0,7,4.714285714285714,0.0,12.472827609304499,0.0,33.0,7,15.285714285714286,0.0,26.106923000833103,0.0,54.0,7,24.428571428571427,15.0,31.511146931718958,0.0,76.0,7,0.7142857142857143,1.0,0.7559289460184545,0.0,2.0,4,623.45,669.4000000000001,144.96789299703573,414.8,740.2,5,542.4,660.9,419.86680626122376,0.0,983.3,5,424.9,198.3,574.5434361299414,82.4,1444.8,5,68.86,81.5,29.68556888456073,27.3,93.8,25.1
2026-09-27T12:00,8,77.28750000000001,77.75,2.5947405595605457,73.1,80.5,8,36.25,26.5,26.250170067476294,0.0,87.0,7,2.857142857142857,0.0,7.12807995252044,0.0,19.0,7,15.714285714285714,0.0,23.513926977533163,0.0,53.0,7,23.857142857142858,15.0,26.460212719153585,0.0,74.0,7,1.0,1.0,1.1547005383792515,0.0,3.0,4,735.45,816.15,173.99541181690202,474.8,834.7,5,607.0600000000001,892.2,462.1937991795216,0.0,986.3,5,549.7,132.0,885.6640079623876,81.1,2125.9,5,73.5,95.7,33.08292611000424,27.3,98.9,24.0
2026-09-27T13:00,8,77.675,78.15,2.262583857956592,73.6,80.1,8,36.875,33.5,28.602884469927154,0.0,85.0,7,1.2857142857142858,0.0,2.984084768360628,0.0,8.0,7,15.571428571428571,0.0,21.26700999872136,0.0,51.0,7,25.142857142857142,12.0,30.383266071027606,0.0,71.0,7,1.0,1.0,1.1547005383792515,0.0,3.0,4,752.85,827.95,168.33507259827545,501.1,854.4,5,585.8399999999999,869.6,440.42923154577284,0.0,959.4,5,564.42,131.4,902.9220243188222,81.2,2171.2,5,73.66,95.7,32.83584931138526,27.3,99.0,24.1
2026-09-27T14:00,8,77.71249999999999,78.35,2.0392137840704376,73.8,79.9,8,36.125,29.0,33.98502821621813,0.0,87.0,7,0.2857142857142857,0.0,0.7559289460184545,0.0,2.0,7,15.0,0.0,19.72308292331602,0.0,47.0,7,24.0,3.0,37.389838191679836,0.0,87.0,7,1.1428571428571428,1.0,1.4638501094227998,0.0,4.0,4,698.425,752.7,145.44855619771548,483.4,804.9,5,537.86,764.2,397.73924624054894,0.0,916.8,5,544.0200000000001,147.1,848.4083904582747,79.3,2054.8,5,71.7,89.9,30.93145648041812,27.3,98.9,24.2
2026-09-27T15:00,8,77.375,78.25,2.2333511015640024,73.6,79.3,8,36.625,34.0,30.03777383800033,0.0,80.0,7,1.2857142857142858,0.0,2.627691364061218,0.0,7.0,7,14.285714285714286,0.0,20.039247205706822,0.0,43.0,7,21.714285714285715,3.0,31.542110929751704,0.0,68.0,7,1.2857142857142858,1.0,1.6035674514745462,0.0,4.0,4,574.5,591.55,114.39379353793629,420.0,694.9,5,444.24000000000007,532.1,335.33243654618326,0.0,867.7,5,474.06000000000006,194.9,674.9550822091793,68.7,1675.6,5,65.38000000000001,74.4,26.316287732125144,27.3,94.9,30.7
2026-09-27T16:00,8,76.8625,77.6,2.1993099567169443,73.0,79.4,8,33.375,29.0,30.789318648796744,0.0,78.0,7,0.5714285714285714,0.0,1.1338934190276817,0.0,3.0,7,13.857142857142858,0.0,21.957751641341996,0.0,51.0,7,16.428571428571427,2.0,24.1720026949716,0.0,65.0,7,1.2857142857142858,1.0,1.6035674514745462,0.0,4.0,4,436.4,446.6,87.42730313428027,320.1,532.3,5,390.48,477.0,296.3349068199695,0.0,781.5,5,373.71999999999997,159.4,518.7183310815225,62.2,1297.6,5,61.4,71.2,22.98858412342961,27.3,86.5,34.0
2026-09-27T17:00,8,76.0,76.30000000000001,2.2129489052264324,72.3,79.2,8,30.5,15.0,35.50855027816741,0.0,77.0,7,0.14285714285714285,0.0,0.37796447300922725,0.0,1.0,7,14.285714285714286,0.0,25.210542012646783,0.0,61.0,7,11.142857142857142,0.0,24.155251819763553,0.0,65.0,7,1.2857142857142858,1.0,1.6035674514745462,0.0,4.0,4,274.2,281.9,55.57571412046812,200.0,333.0,5,323.78000000000003,364.6,248.36682950829004,0.0,648.8,5,242.13999999999996,112.1,327.0713194396598,48.1,824.9,5,56.64,64.1,19.38370449630307,27.3,75.1,35.5
2026-09-27T18:00,8,74.55000000000001,74.3,2.336664289109582,71.2,78.5,8,27.625,14.0,32.531029143616976,0.0,77.0,7,0.14285714285714285,0.0,0.37796447300922725,0.0,1.0,7,13.142857142857142,0.0,22.71144037285006,0.0,52.0,7,9.571428571428571,0.0,24.885451860187594,0.0,66.0,7,1.1428571428571428,1.0,1.3451854182690985,0.0,3.0,5,116.46000000000001,118.8,35.74686000196381,75.9,171.4,5,271.78000000000003,348.3,123.08012430932952,94.7,371.2,5,49.7,49.1,22.785411999786177,27.7,85.8,5,57.54,59.0,12.175302870976147,39.7,69.4,52.2
2026-09-27T19:00,8,72.6125,72.05,2.6658890235180976,69.8,77.3,8,24.0,13.0,29.515129292328318,0.0,79.0,7,0.0,0.0,0.0,0.0,0.0,7,12.142857142857142,0.0,20.73988565886652,0.0,43.0,7,9.857142857142858,0.0,26.079548637636677,0.0,69.0,7,1.1428571428571428,1.0,1.3451854182690985,0.0,3.0,5,0.0,0.0,0.0,0.0,0.0,5,0.0,0.0,0.0,0.0,0.0,5,0.0,0.0,0.0,0.0,0.0,5,28.560000000000002,26.1,10.269274560551976,14.3,39.6,70.6
2026-09-27T20:00,8,70.8,70.2,2.946183972531245,67.7,75.7,8,21.5,13.0,28.415287635858473,0.0,81.0,7,0.0,0.0,0.0,0.0,0.0,7,11.428571428571429,0.0,19.932027350114545,0.0,47.0,7,10.285714285714286,0.0,27.21344205666436,0.0,72.0,7,1.1428571428571428,1.0,1.4638501094227998,0.0,4.0,5,0.0,0.0,0.0,0.0,0.0,5,0.0,0.0,0.0,0.0,0.0,5,0.0,0.0,0.0,0.0,0.0,5,0.0,0.0,0.0,0.0,0.0,70.5
2026-09-27T21:00,8,69.35,68.4,3.195085511934135,66.0,74.1,8,20.75,11.0,28.788638632031812,0.0,83.0,7,0.0,0.0,0.0,0.0,0.0,7,10.428571428571429,0.0,19.679576069766195,0.0,51.0,7,10.714285714285714,0.0,28.34733547569204,0.0,75.0,7,1.1428571428571428,1.0,1.4638501094227998,0.0,4.0,5,0.0,0.0,0.0,0.0,0.0,5,0.0,0.0,0.0,0.0,0.0,5,0.0,0.0,0.0,0.0,0.0,5,0.0,0.0,0.0,0.0,0.0,69.5
2026-09-27T22:00,8,68.21249999999999,67.19999999999999,3.473753630543518,64.3,73.6,8,21.0,5.5,30.336211271114827,0.0,85.0,7,0.0,0.0,0.0,0.0,0.0,7,9.428571428571429,0.0,20.508999186187697,0.0,55.0,7,11.142857142857142,0.0,29.481228894719724,0.0,78.0,7,1.1428571428571428,1.0,1.4638501094227998,0.0,4.0,5,0.0,0.0,0.0,0.0,0.0,5,0.0,0.0,0.0,0.0,0.0,5,0.0,0.0,0.0,0.0,0.0,5,0.0,0.0,0.0,0.0,0.0,67.5
2026-09-27T23:00,8,67.3,66.25,3.6637217611135755,62.8,73.0,8,21.375,0.0,32.76294727715616,0.0,87.0,7,3.2857142857142856,0.0,8.693182879212227,0.0,23.0,7,8.428571428571429,0.0,22.299903907544405,0.0,59.0,7,11.428571428571429,0.0,30.237157840738178,0.0,80.0,7,1.1428571428571428,1.0,1.4638501094227998,0.0,4.0,5,0.0,0.0,0.0,0.0,0.0,5,0.0,0.0,0.0,0.0,0.0,5,0.0,0.0,0.0,0.0,0.0,5,0.0,0.0,0.0,0.0,0.0,65.1
2026-09-28T00:00,8,66.46249999999999,65.94999999999999,3.850765230073483,61.8,72.2,8,26.125,14.0,31.894636808448798,0.0,88.0,7,6.142857142857143,0.0,15.815905195177958,0.0,42.0,7,11.142857142857142,0.0,23.20508975367668,0.0,62.0,7,13.428571428571429,0.0,30.18750924282615,0.0,81.0,7,2.5714285714285716,2.0,1.8126539343499315,0.0,5.0,5,0.0,0.0,0.0,0.0,0.0,5,0.0,0.0,0.0,0.0,0.0,5,0.0,0.0,0.0,0.0,0.0,5,0.0,0.0,0.0,0.0,0.0,65.2
2026-09-28T01:00,8,65.85,66.2,3.9540214610299853,60.8,71.3,8,31.75,31.0,31.94973731168559,0.0,89.0,7,8.142857142857142,0.0,20.667434701550583,0.0,55.0,7,14.0,0.0,25.84569596664017,0.0,66.0,7,16.285714285714285,0.0,31.073645241127224,0.0,81.0,7,3.0,4.0,1.7320508075688772,0.0,5.0,5,0.0,0.0,0.0,0.0,0.0,5,0.0,0.0,0.0,0.0,0.0,5,0.0,0.0,0.0,0.0,0.0,5,0.0,0.0,0.0,0.0,0.0,64.8
2026-09-28T02:00,8,65.2875,66.25,4.079368823727512,60.0,70.5,8,37.25,46.0,33.843125488895716,0.0,91.0,7,9.571428571428571,0.0,24.012893362088786,0.0,64.0,7,16.857142857142858,0.0,29.48122889471972,0.0,70.0,7,19.571428571428573,0.0,34.19481999200631,0.0,81.0,7,3.2857142857142856,4.0,1.7994708216848745,0.0,5.0,5,0.0,0.0,0.0,0.0,0.0,5,0.0,0.0,0.0,0.0,0.0,5,0.0,0.0,0.0,0.0,0.0,5,0.0,0.0,0.0,0.0,0.0,63.1
2026-09-28T03:00,8,64.8125,65.95,4.120484541548832,59.5,69.9,8,39.375,43.5,35.600712272168295,0.0,92.0,7,9.857142857142858,0.0,23.905568189779352,0.0,64.0,7,16.285714285714285,0.0,29.307076993531133,0.0,73.0,7,22.714285714285715,0.0,38.80169363019388,0.0,81.0,7,3.2857142857142856,4.0,1.6035674514745462,0.0,5.0,5,0.0,0.0,0.0,0.0,0.0,5,0.0,0.0,0.0,0.0,0.0,5,0.0,0.0,0.0,0.0,0.0,5,0.0,0.0,0.0,0.0,0.0,62.1
2026-09-28T04:00,8,64.55,65.5,3.9706062869181933,59.4,69.4,8,40.375,40.5,38.05236054250962,0.0,92.0,7,8.714285714285714,0.0,20.467163015541797,0.0,55.0,7,15.714285714285714,0.0,29.44890652024443,0.0,76.0,7,25.0,0.0,42.86023798347368,0.0,94.0,7,3.0,4.0,1.8257418583505538,0.0,5.0,5,0.0,0.0,0.0,0.0,0.0,5,0.0,0.0,0.0,0.0,0.0,5,0.0,0.0,0.0,0.0,0.0,5,0.0,0.0,0.0,0.0,0.0,62.6
2026-09-28T05:00,8,64.64999999999999,65.3,3.697875838138119,59.8,69.2,8,40.625,37.0,40.57422651318023,0.0,100.0,7,8.0,0.0,18.175074506954115,0.0,49.0,7,15.857142857142858,0.0,29.122892321039426,0.0,78.0,7,25.857142857142858,0.0,44.49879613138828,0.0,100.0,7,2.857142857142857,4.0,2.0354009783964297,0.0,5.0,5,0.0,0.0,0.0,0.0,0.0,5,0.0,0.0,0.0,0.0,0.0,5,0.0,0.0,0.0,0.0,0.0,5,0.0,0.0,0.0,0.0,0.0,63.4
2026-09-28T06:00,8,65.2625,65.4,3.1762230490226684,60.9,69.4,8,39.125,31.5,41.0241653523523,0.0,100.0,7,9.0,0.0,20.404247923737188,0.0,55.0,7,16.428571428571427,0.0,28.86668866159945,0.0,79.0,7,25.142857142857142,0.0,43.07910774156684,0.0,94.0,7,2.5714285714285716,3.0,1.7182493859684491,0.0,5.0,5,0.0,0.0,0.0,0.0,0.0,5,0.0,0.0,0.0,0.0,0.0,5,0.0,0.0,0.0,0.0,0.0,5,0.0,0.0,0.0,0.0,0.0,65.1
2026-09-28T07:00,8,66.35,66.1,2.598351125507981,62.5,69.9,8,37.5,25.0,41.86372449473922,0.0,100.0,7,10.571428571428571,0.0,23.74066232477619,0.0,64.0,7,17.714285714285715,0.0,30.059464875001158,0.0,79.0,7,23.0,0.0,39.30648801406709,0.0,83.0,7,2.5714285714285716,3.0,1.618347187425374,0.0,5.0,5,2.2800000000000002,0.0,5.09823498869952,0.0,11.4,5,0.0,0.0,0.0,0.0,0.0,5,2.2800000000000002,0.0,5.09823498869952,0.0,11.4,5,0.0,0.0,0.0,0.0,0.0,66.2
2026-09-28T08:00,8,67.9625,67.75,2.172515000770171,64.6,71.0,8,35.0,19.0,42.61119906449812,0.0,100.0,7,8.428571428571429,0.0,18.19209666180292,0.0,49.0,7,19.428571428571427,0.0,33.78292045228942,0.0,79.0,7,20.142857142857142,0.0,35.40446568550627,0.0,85.0,7,2.5714285714285716,3.0,2.0701966780270626,0.0,5.0,5,170.16,180.3,48.4072618519164,88.0,216.3,5,674.96,754.5,366.36694446961235,64.5,1026.1,5,71.96000000000001,78.5,32.87032095979593,31.5,119.0,5,61.8,74.2,34.55343687681444,1.8,88.0,36.5
2026-09-28T09:00,8,70.14999999999999,70.4,2.1507473784046094,66.8,73.5,8,32.375,16.0,42.26088194604016,0.0,100.0,7,4.285714285714286,0.0,7.454624643228429,0.0,19.0,7,22.0,0.0,37.57658845611187,0.0,78.0,7,17.0,0.0,32.81767816284388,0.0,86.0,7,2.5714285714285716,3.0,2.0701966780270626,0.0,6.0,4,340.6,400.4,124.58742579677399,153.8,407.8,5,588.54,908.5,507.08660305711095,0.0,992.8,5,268.62,85.4,407.161149914871,65.0,995.5,5,57.8,76.8,41.29388574595517,2.7,92.9,26.0
2026-09-28T10:00,8,72.5,72.4,2.612606798910678,68.8,76.5,8,29.0,7.0,42.89522117905443,0.0,100.0,7,1.5714285714285714,0.0,4.1576092031015,0.0,11.0,7,24.0,0.0,41.13392760240627,0.0,90.0,7,14.428571428571429,0.0,32.801713079538715,0.0,88.0,7,2.5714285714285716,3.0,2.14919697074224,0.0,6.0,4,492.87499999999994,580.3499999999999,188.093671256283,211.1,599.7,5,581.86,911.9,503.6228479725676,0.0,999.5,5,377.67999999999995,98.8,595.5761345117851,75.8,1440.8,5,60.48,85.4,43.03355667383304,2.6,94.7,16.8
2026-09-28T11:00,8,74.2875,73.9,3.158859423453801,70.3,79.0,8,26.125,0.0,43.274662662710945,0.0,97.0,7,1.5714285714285714,0.0,4.1576092031015,0.0,11.0,7,24.571428571428573,0.0,42.28418594406638,0.0,95.0,7,12.714285714285714,0.0,33.63883809782122,0.0,89.0,7,2.5714285714285716,3.0,1.9023794624226837,0.0,5.0,4,607.3249999999999,713.95,235.0154516196754,255.6,745.8,5,573.3,900.3,500.9658122067812,0.0,999.7,5,457.93999999999994,112.8,734.3410093410281,80.2,1768.1,5,62.18000000000001,92.7,44.703769416012335,1.9,95.5,15.1
2026-09-28T12:00,8,75.2375,75.25,3.2093334866559817,71.4,80.2,8,24.875,2.5,40.53724037404196,0.0,94.0,7,2.142857142857143,0.0,3.9339789623472154,0.0,10.0,7,23.714285714285715,0.0,40.64773173546213,0.0,89.0,7,12.857142857142858,0.0,34.01680257083045,0.0,90.0,7,2.4285714285714284,3.0,1.7182493859684491,0.0,4.0,4,684.7750000000001,806.25,270.34964243857746,280.5,846.1,5,581.1,886.9,513.2997954412217,0.0,1012.8,5,553.6,119.5,944.1687878764051,75.9,2238.1,5,63.67999999999999,94.8,46.44515044652132,1.0,98.6,15.0
2026-09-28T13:00,8,75.74999999999999,76.15,3.1052950170405915,72.3,80.8,8,23.125,5.0,37.50595190861617,0.0,95.0,7,2.7142857142857144,0.0,4.347960660443227,0.0,10.0,7,21.428571428571427,0.0,36.60080665257321,0.0,76.0,7,13.142857142857142,0.0,34.77273151684891,0.0,92.0,7,2.142857142857143,3.0,1.4638501094227998,0.0,4.0,4,698.3499999999999,821.75,277.55427697419225,283.6,866.3,5,561.42,852.4,498.47756920447284,0.0,986.5,5,565.5,123.3,963.8963040701007,75.2,2285.1,5,63.58,94.5,46.481146715630835,0.4,98.6,15.3
2026-09-28T14:00,8,75.875,76.2,2.9163333142835324,72.7,80.6,8,21.125,4.0,34.52716321970283,0.0,95.0,7,3.142857142857143,0.0,5.669467095138408,0.0,15.0,7,18.571428571428573,0.0,32.34634004467452,0.0,76.0,7,13.285714285714286,0.0,35.150695989858136,0.0,93.0,7,1.8571428571428572,3.0,1.4638501094228,0.0,3.0,4,655.6500000000001,772.3,263.6763862515312,261.9,816.1,5,534.2,805.6,475.0668637149933,0.0,942.3,5,536.08,120.9,910.2217790187182,74.5,2160.4,5,63.0,92.1,46.13393544886453,0.0,98.5,16.2
2026-09-28T15:00,8,75.65,75.5,2.616431593929847,72.6,79.5,8,18.0,3.0,33.075670817082454,0.0,95.0,7,2.142857142857143,0.0,3.670993118515816,0.0,10.0,7,15.428571428571429,0.0,29.004925690056755,0.0,75.0,7,13.571428571428571,0.0,35.906624935876586,0.0,95.0,7,1.8571428571428572,3.0,1.4638501094228,0.0,3.0,4,563.925,667.6500000000001,231.05975237298827,218.6,701.8,5,503.68,766.2,446.97832945233483,0.0,886.9,5,502.9599999999999,103.8,875.0091616663221,65.8,2065.7,5,61.580000000000005,90.4,44.849659976414536,0.0,95.8,18.2
2026-09-28T16:00,8,75.075,74.55,2.298912786514529,72.2,78.3,8,15.375,2.5,32.697476966885375,0.0,95.0,7,1.1428571428571428,0.0,1.864454471471609,0.0,5.0,7,12.571428571428571,0.0,27.585365340201335,0.0,74.0,7,13.714285714285714,0.0,35.845568232415594,0.0,95.0,7,2.0,3.0,1.414213562373095,0.0,3.0,4,426.9,506.8,180.21638845195702,158.1,535.9,5,448.93999999999994,666.2,398.82533520326916,0.0,795.6,5,392.62,92.7,673.210061570681,61.2,1595.7,5,57.86,84.7,41.569736588051654,0.0,91.3,19.5
2026-09-28T17:00,8,74.3125,74.15,2.034304022790805,71.6,77.6,8,13.375,0.0,33.09267290504048,0.0,95.0,7,0.2857142857142857,0.0,0.7559289460184545,0.0,2.0,7,10.571428571428571,0.0,27.097706808616007,0.0,72.0,7,14.0,0.0,35.73513677041127,0.0,95.0,7,2.0,3.0,1.414213562373095,0.0,3.0,4,262.95,312.85,114.67904487452505,92.6,333.5,5,367.14,525.1,328.49999695585996,0.0,657.8,5,252.42,69.2,422.5409885443068,48.0,1007.9,5,52.5,74.3,36.951792919965335,0.0,84.5,29.1
2026-09-28T18:00,7,73.02857142857144,72.6,2.0113961036340617,70.5,76.5,7,14.428571428571429,0.0,35.18454747403157,0.0,94.0,6,0.3333333333333333,0.0,0.816496580927726,0.0,2.0,6,11.5,0.0,28.16913204200655,0.0,69.0,6,15.666666666666666,0.0,38.37533930360313,0.0,94.0,7,2.0,2.0,1.1547005383792515,0.0,3.0,5,106.51999999999998,113.4,49.32024939109696,32.0,169.8,5,264.23999999999995,328.1,147.59896002343646,8.8,370.7,5,42.92,30.2,27.032517455834558,27.2,90.9,5,52.1,59.8,25.231329731110087,7.6,67.8,47.1
2026-09-28T19:00,7,71.48571428571428,70.8,1.8836388289943562,69.2,74.7,7,14.714285714285714,0.0,35.122235529240285,0.0,94.0,6,0.16666666666666666,0.0,0.408248290463863,0.0,1.0,6,11.0,0.0,26.94438717061496,0.0,66.0,6,15.5,0.0,37.96709101313926,0.0,93.0,7,2.4285714285714284,3.0,1.3972762620115438,0.0,4.0,5,0.0,0.0,0.0,0.0,0.0,5,0.0,0.0,0.0,0.0,0.0,5,0.0,0.0,0.0,0.0,0.0,5,27.439999999999998,33.3,13.210526106101906,5.5,37.1,69.1
2026-09-28T20:00,7,69.97142857142856,69.4,1.9830231850336353,67.9,72.5,7,14.857142857142858,0.0,34.700761621942206,0.0,93.0,6,0.16666666666666666,0.0,0.408248290463863,0.0,1.0,6,10.333333333333334,0.0,25.311394008759507,0.0,62.0,6,15.166666666666666,0.0,37.150594432211534,0.0,91.0,7,2.4285714285714284,3.0,1.8126539343499315,0.0,5.0,5,0.0,0.0,0.0,0.0,0.0,5,0.0,0.0,0.0,0.0,0.0,5,0.0,0.0,0.0,0.0,0.0,5,0.0,0.0,0.0,0.0,0.0,69.0
2026-09-28T21:00,7,68.84285714285716,69.0,2.4527923834255683,65.6,72.7,7,15.0,0.0,33.916564291409784,0.0,91.0,6,0.0,0.0,0.0,0.0,0.0,6,9.666666666666666,0.0,23.678400846904054,0.0,58.0,6,14.666666666666666,0.0,35.92584956081994,0.0,88.0,7,2.7142857142857144,3.0,1.7043362064926935,0.0,5.0,5,0.0,0.0,0.0,0.0,0.0,5,0.0,0.0,0.0,0.0,0.0,5,0.0,0.0,0.0,0.0,0.0,5,0.0,0.0,0.0,0.0,0.0,68.1
2026-09-28T22:00,7,67.9,68.4,3.2114378918692035,63.6,73.3,7,15.285714285714286,0.0,33.18992962588846,0.0,89.0,6,0.0,0.0,0.0,0.0,0.0,6,9.0,0.0,22.045407685048602,0.0,54.0,6,14.166666666666666,0.0,34.701104689428355,0.0,85.0,7,3.0,3.0,1.632993161855452,0.0,5.0,5,0.0,0.0,0.0,0.0,0.0,5,0.0,0.0,0.0,0.0,0.0,5,0.0,0.0,0.0,0.0,0.0,5,0.0,0.0,0.0,0.0,0.0,66.3
2026-09-28T23:00,7,67.12857142857142,66.8,3.849118637521361,62.0,73.7,7,15.142857142857142,0.0,31.78274464458438,0.0,85.0,6,0.0,0.0,0.0,0.0,0.0,6,8.333333333333334,0.0,20.412414523193153,0.0,50.0,6,13.333333333333334,0.0,32.659863237109036,0.0,80.0,7,3.142857142857143,3.0,1.5735915849388864,0.0,5.0,5,0.0,0.0,0.0,0.0,0.0,5,0.0,0.0,0.0,0.0,0.0,5,0.0,0.0,0.0,0.0,0.0,5,0.0,0.0,0.0,0.0,0.0,65.3
2026-09-29T00:00,7,66.32857142857144,66.2,4.19273748511013,60.8,73.6,7,16.428571428571427,0.0,29.33630937284115,0.0,80.0,6,2.3333333333333335,0.0,5.240865068542279,0.0,13.0,6,7.666666666666667,0.0,18.779421361337697,0.0,46.0,6,12.166666666666666,0.0,29.802125203862,0.0,73.0,7,2.5714285714285716,3.0,1.9023794624226837,0.0,5.0,5,0.0,0.0,0.0,0.0,0.0,5,0.0,0.0,0.0,0.0,0.0,5,0.0,0.0,0.0,0.0,0.0,5,0.0,0.0,0.0,0.0,0.0,65.9
2026-09-29T01:00,7,65.5,65.9,4.325505750776435,59.9,73.0,7,17.571428571428573,0.0,27.446050977977038,0.0,74.0,6,4.666666666666667,0.0,10.481730137084558,0.0,26.0,6,6.833333333333333,0.0,16.73817990901838,0.0,41.0,6,10.833333333333334,0.0,26.536138880151096,0.0,65.0,7,2.4285714285714284,3.0,1.8126539343499315,0.0,5.0,5,0.0,0.0,0.0,0.0,0.0,5,0.0,0.0,0.0,0.0,0.0,5,0.0,0.0,0.0,0.0,0.0,5,0.0,0.0,0.0,0.0,0.0,66.9
2026-09-29T02:00,7,64.87142857142857,65.7,4.49025399642169,59.3,72.7,7,18.285714285714285,0.0,26.030202238388938,0.0,66.0,6,7.166666666666667,0.0,15.676946981688326,0.0,39.0,6,6.0,0.0,14.696938456699069,0.0,36.0,6,9.166666666666666,0.0,22.453655975512465,0.0,55.0,7,2.4285714285714284,2.0,1.9880595947760098,0.0,5.0,5,0.0,0.0,0.0,0.0,0.0,5,0.0,0.0,0.0,0.0,0.0,5,0.0,0.0,0.0,0.0,0.0,5,0.0,0.0,0.0,0.0,0.0,67.4
2026-09-29T03:00,7,64.5142857142857,65.4,4.600155276882361,58.7,72.4,7,18.714285714285715,0.0,25.525897213838117,0.0,59.0,6,8.833333333333334,0.0,19.291621670213903,0.0,48.0,6,5.166666666666667,0.0,12.655697004379753,0.0,31.0,6,7.5,0.0,18.371173070873837,0.0,45.0,7,2.142857142857143,1.0,2.0354009783964297,0.0,5.0,5,0.0,0.0,0.0,0.0,0.0,5,0.0,0.0,0.0,0.0,0.0,5,0.0,0.0,0.0,0.0,0.0,5,0.0,0.0,0.0,0.0,0.0,67.4
2026-09-29T04:00,7,64.45714285714286,65.1,4.637476735919061,58.2,72.2,7,18.714285714285715,0.0,25.368709635522034,0.0,56.0,6,10.333333333333334,0.0,22.500370367322105,0.0,56.0,6,4.5,0.0,11.022703842524301,0.0,27.0,6,6.0,0.0,14.696938456699069,0.0,36.0,7,2.0,1.0,2.081665999466133,0.0,5.0,5,0.0,0.0,0.0,0.0,0.0,5,0.0,0.0,0.0,0.0,0.0,5,0.0,0.0,0.0,0.0,0.0,5,0.0,0.0,0.0,0.0,0.0,67.4
2026-09-29T05:00,7,64.85714285714286,65.3,4.5799771261645486,58.1,72.3,7,19.142857142857142,0.0,26.648505720637644,0.0,65.0,6,12.0,0.0,26.115129714401192,0.0,65.0,6,3.8333333333333335,0.0,9.389710680668848,0.0,23.0,6,4.833333333333333,0.0,11.839200423452027,0.0,29.0,7,1.7142857142857142,1.0,2.2886885410853175,0.0,5.0,5,0.0,0.0,0.0,0.0,0.0,5,0.0,0.0,0.0,0.0,0.0,5,0.0,0.0,0.0,0.0,0.0,5,0.0,0.0,0.0,0.0,0.0,66.7
2026-09-29T06:00,7,65.82857142857142,66.0,4.429715673988674,58.2,72.5,7,19.0,0.0,27.874719729532707,0.0,72.0,6,13.166666666666666,0.0,28.958015585786725,0.0,72.0,6,3.3333333333333335,0.0,8.164965809277259,0.0,20.0,6,3.8333333333333335,0.0,9.389710680668848,0.0,23.0,7,1.4285714285714286,1.0,1.9023794624226835,0.0,5.0,5,0.0,0.0,0.0,0.0,0.0,5,0.0,0.0,0.0,0.0,0.0,5,0.0,0.0,0.0,0.0,0.0,5,0.0,0.0,0.0,0.0,0.0,66.2
2026-09-29T07:00,7,67.39999999999999,67.5,4.448969918232007,58.7,73.0,7,19.0,0.0,29.8942580885806,0.0,80.0,6,14.333333333333334,0.0,32.25936556516056,0.0,80.0,6,2.8333333333333335,0.0,6.940220937885671,0.0,17.0,6,3.0,0.0,7.3484692283495345,0.0,18.0,7,1.1428571428571428,1.0,1.7728105208558365,0.0,5.0,5,7.640000000000001,0.0,11.136561408262427,0.0,24.5,5,0.0,0.0,0.0,0.0,0.0,5,7.640000000000001,0.0,11.136561408262427,0.0,24.5,5,5.7,0.0,8.136338242723197,0.0,17.5,63.2
2026-09-29T08:00,7,69.60000000000001,70.0,4.679031238764418,60.6,74.5,7,18.714285714285715,0.0,31.97767078089692,0.0,87.0,6,15.333333333333334,0.0,35.166271719741154,0.0,87.0,6,2.3333333333333335,0.0,5.715476066494083,0.0,14.0,6,2.3333333333333335,0.0,5.715476066494083,0.0,14.0,7,1.0,0.0,1.8257418583505538,0.0,5.0,4,163.05,178.7,50.460446556354086,89.7,205.1,5,532.74,609.6,448.9298029759219,0.0,1032.0,5,287.36,68.6,494.08500584413616,30.0,1169.4,5,54.6,65.2,30.143241365188313,18.8,88.5,30.5
2026-09-29T09:00,7,72.52857142857142,73.9,4.782507809965492,65.2,78.0,7,17.571428571428573,0.0,31.85308537047938,0.0,87.0,6,15.166666666666666,0.0,35.22735679364358,0.0,87.0,6,2.0,0.0,4.898979485566356,0.0,12.0,6,1.8333333333333333,0.0,4.490731195102493,0.0,11.0,7,1.1428571428571428,1.0,1.7728105208558365,0.0,5.0,4,333.025,392.25,132.41982165320516,135.3,412.3,5,553.42,648.8,478.4252940637651,0.0,1021.2,5,293.52000000000004,97.0,443.47894764013324,62.5,1083.9,5,58.660000000000004,77.3,34.29362914595071,16.8,93.4,18.9
2026-09-29T10:00,7,75.67142857142858,77.3,5.083212332673861,69.3,82.4,7,16.428571428571427,0.0,31.4952755338381,0.0,86.0,6,14.833333333333334,0.0,34.88504932871196,0.0,86.0,6,1.6666666666666667,0.0,4.0824829046386295,0.0,10.0,6,1.3333333333333333,0.0,3.265986323710904,0.0,8.0,7,1.4285714285714286,1.0,1.8126539343499313,0.0,4.0,4,481.52500000000003,557.3,185.84765042008652,206.9,604.6,5,553.9199999999998,660.3,464.02603051984056,0.0,1021.3,5,410.9599999999999,133.3,650.7580141650196,72.4,1572.6,5,62.779999999999994,80.7,33.73376646625751,25.9,94.9,11.6
2026-09-29T11:00,7,78.02857142857144,79.1,5.470135368743714,70.0,85.4,7,15.571428571428571,0.0,31.558713233469785,0.0,86.0,6,14.666666666666666,0.0,34.955209435314025,0.0,86.0,6,1.3333333333333333,0.0,3.265986323710904,0.0,8.0,6,0.8333333333333334,0.0,2.0412414523193148,0.0,5.0,7,1.5714285714285714,1.0,2.0701966780270626,0.0,5.0,4,602.475,683.45,209.58136645863036,294.9,748.1,5,556.7800000000001,657.8,446.47925147760225,0.0,1013.1,5,499.2799999999999,169.1,802.0309763344555,77.0,1931.1,5,67.12,81.5,32.26417517929136,26.4,95.7,10.4
2026-09-29T12:00,7,79.35714285714286,80.3,5.4530899934065316,70.8,85.8,7,15.0,0.0,32.05204101665498,0.0,87.0,6,12.666666666666666,0.0,30.539591789456956,0.0,75.0,6,5.0,0.0,9.252026804976301,0.0,23.0,6,0.5,0.0,1.224744871391589,0.0,3.0,7,1.4285714285714286,1.0,1.8126539343499313,0.0,4.0,4,733.3,766.5,129.06548725356438,557.2,843.0,5,615.68,643.8,415.4058340948043,0.0,1014.9,5,658.02,215.2,1136.626878971283,74.8,2687.2,5,73.38,81.4,30.078015227072413,26.6,99.1,17.1
2026-09-29T13:00,7,80.12857142857142,81.4,5.199587895758117,71.7,84.7,7,14.714285714285714,0.0,32.11808569282155,0.0,87.0,6,10.833333333333334,0.0,26.04931221100985,0.0,64.0,6,8.666666666666666,0.0,18.446318512556015,0.0,46.0,6,0.3333333333333333,0.0,0.816496580927726,0.0,2.0,7,1.2857142857142858,1.0,1.3801311186847085,0.0,4.0,4,757.8000000000001,786.3,118.39918355574368,598.5,860.1,5,600.98,631.2,400.9318670297986,0.0,983.7,5,675.24,234.4,1158.3812360358745,75.2,2742.8,5,73.67999999999999,81.2,29.796593765059793,26.9,99.1,19.4
2026-09-29T14:00,7,80.57142857142857,82.8,5.155487136929705,72.1,84.7,7,14.571428571428571,0.0,32.56714675280976,0.0,88.0,6,9.0,0.0,21.559220765138985,0.0,53.0,6,12.5,0.0,27.783088381243722,0.0,69.0,6,0.3333333333333333,0.0,0.816496580927726,0.0,2.0,7,0.8571428571428571,1.0,1.0690449676496976,0.0,3.0,4,710.925,744.7,119.17576305608445,546.2,808.1,5,568.24,618.4,387.8798177270893,0.0,938.5,5,642.28,217.5,1092.358376175145,73.5,2591.7,5,72.96000000000001,80.9,29.912505745925063,27.3,99.1,19.1
2026-09-29T15:00,7,80.7,83.7,5.364388750516377,71.7,84.9,7,13.428571428571429,0.0,30.39110145452197,0.0,82.0,6,9.166666666666666,0.0,22.453655975512465,0.0,55.0,6,9.5,0.0,20.91650066335189,0.0,52.0,6,0.16666666666666666,0.0,0.408248290463863,0.0,1.0,7,1.0,1.0,0.9999999999999999,0.0,3.0,4,595.675,643.8,135.2753087842222,401.2,693.9,5,508.02,591.3,385.75484053994717,0.0,884.2,5,476.68,185.7,749.0915010864827,63.9,1810.4,5,69.08,79.7,30.519207067025846,27.3,96.3,17.7
2026-09-29T16:00,7,80.48571428571428,83.4,5.611128398527512,70.9,84.9,7,12.714285714285714,0.0,28.511484736939988,0.0,77.0,6,9.333333333333334,0.0,22.861904265976328,0.0,56.0,6,6.666666666666667,0.0,14.023789311975086,0.0,35.0,6,0.16666666666666666,0.0,0.408248290463863,0.0,1.0,7,1.2857142857142858,1.0,1.1126972805283737,0.0,3.0,4,453.5,493.15000000000003,106.84309367791009,299.5,528.2,5,453.4,531.5,351.4555661815587,0.0,793.6,5,373.44,149.6,573.3869749131035,58.5,1394.5,5,65.11999999999999,76.3,28.05872413350257,27.3,91.8,22.3
2026-09-29T17:00,7,79.87142857142858,82.7,5.555692061815004,70.4,84.2,7,11.857142857142858,0.0,26.238829822920653,0.0,71.0,6,9.666666666666666,0.0,23.678400846904054,0.0,58.0,6,3.8333333333333335,0.0,7.2226495600068175,0.0,18.0,6,0.16666666666666666,0.0,0.408248290463863,0.0,1.0,7,1.4285714285714286,1.0,1.2724180205607036,0.0,3.0,4,282.725,308.5,66.27007243092469,186.6,327.3,5,373.4,424.6,291.316262848472,0.0,654.1,5,241.21999999999997,109.8,356.3725115661981,45.5,875.9,5,59.720000000000006,70.0,24.17389087424695,27.3,85.1,29.7
2026-09-29T18:00,6,79.85000000000001,81.35,3.8443464984311735,72.2,82.3,6,3.6666666666666665,4.5,3.011090610836324,0.0,7.0,5,0.0,0.0,0.0,0.0,0.0,5,1.0,0.0,2.23606797749979,0.0,5.0,5,3.6,1.0,5.128352561983234,0.0,12.0,6,1.0,1.0,0.8944271909999159,0.0,2.0,3,110.06666666666666,110.5,2.2810816147900836,107.6,112.1,4,235.95000000000002,291.6,167.23423692533777,0.0,360.6,4,111.2,41.4,150.55244933245027,25.7,336.3,4,53.0,58.45,17.696892382562538,27.3,67.8,68.8
2026-09-29T19:00,6,77.58333333333334,79.3,3.7461535828989487,70.7,80.3,6,6.333333333333333,7.5,5.391351098441527,0.0,13.0,5,0.0,0.0,0.0,0.0,0.0,5,0.8,0.0,1.7888543819998317,0.0,4.0,5,8.8,1.0,13.065221008463652,0.0,30.0,6,0.8333333333333334,1.0,0.752772652709081,0.0,2.0,4,0.0,0.0,0.0,0.0,0.0,4,0.0,0.0,0.0,0.0,0.0,4,0.0,0.0,0.0,0.0,0.0,4,35.974999999999994,36.7,8.252019954734314,25.2,45.3,84.4
2026-09-29T20:00,6,75.26666666666667,76.44999999999999,3.732916643412584,69.4,78.7,6,9.166666666666666,9.0,8.931218655181759,0.0,22.0,5,0.0,0.0,0.0,0.0,0.0,5,0.8,0.0,1.7888543819998317,0.0,4.0,5,14.8,1.0,22.30919093109385,0.0,51.0,6,0.6666666666666666,0.5,0.816496580927726,0.0,2.0,4,0.0,0.0,0.0,0.0,0.0,4,0.0,0.0,0.0,0.0,0.0,4,0.0,0.0,0.0,0.0,0.0,4,0.0,0.0,0.0,0.0,0.0,82.0
2026-09-29T21:00,6,73.26666666666667,73.5,3.776064971192456,68.6,77.3,6,12.333333333333334,11.0,12.675435561221029,0.0,31.0,5,0.0,0.0,0.0,0.0,0.0,5,0.6,0.0,1.3416407864998738,0.0,3.0,5,20.4,1.0,30.74573141104306,0.0,70.0,6,0.6666666666666666,0.5,0.816496580927726,0.0,2.0,4,0.0,0.0,0.0,0.0,0.0,4,0.0,0.0,0.0,0.0,0.0,4,0.0,0.0,0.0,0.0,0.0,4,0.0,0.0,0.0,0.0,0.0,79.1
2026-09-29T22:00,6,71.6,70.9,3.960303018709554,67.8,76.4,6,15.333333333333334,13.5,16.09554803871762,0.0,39.0,5,0.2,0.0,0.4472135954999579,0.0,1.0,5,0.6,0.0,1.3416407864998738,0.0,3.0,5,25.2,1.0,37.890632087628205,0.0,86.0,6,0.6666666666666666,0.5,0.816496580927726,0.0,2.0,4,0.0,0.0,0.0,0.0,0.0,4,0.0,0.0,0.0,0.0,0.0,4,0.0,0.0,0.0,0.0,0.0,4,0.0,0.0,0.0,0.0,0.0,76.1
2026-09-29T23:00,6,70.28333333333333,69.75,4.303215851740032,65.9,75.9,6,17.166666666666668,15.5,18.18149242132413,0.0,44.0,5,0.2,0.0,0.4472135954999579,0.0,1.0,5,0.6,0.0,1.3416407864998738,0.0,3.0,5,27.8,1.0,41.55959576319289,0.0,94.0,6,0.6666666666666666,0.5,0.816496580927726,0.0,2.0,4,0.0,0.0,0.0,0.0,0.0,4,0.0,0.0,0.0,0.0,0.0,4,0.0,0.0,0.0,0.0,0.0,4,0.0,0.0,0.0,0.0,0.0,73.6
2026-09-30T00:00,6,69.39999999999999,69.05,4.547526800360828,64.3,75.7,6,18.333333333333332,16.5,19.500427345744672,0.0,47.0,5,0.2,0.0,0.4472135954999579,0.0,1.0,5,0.6,0.0,1.3416407864998738,0.0,3.0,5,28.2,1.0,41.48132109757354,0.0,93.0,6,1.3333333333333333,2.0,1.0327955589886446,0.0,2.0,4,0.0,0.0,0.0,0.0,0.0,4,0.0,0.0,0.0,0.0,0.0,4,0.0,0.0,0.0,0.0,0.0,4,0.0,0.0,0.0,0.0,0.0,71.9
2026-09-30T01:00,6,68.68333333333334,68.35,4.764626603068355,63.1,75.9,6,19.0,15.5,20.25833161936096,0.0,49.0,5,0.4,0.0,0.8944271909999159,0.0,2.0,5,0.6,0.0,1.3416407864998738,0.0,3.0,5,27.0,1.0,38.67169507533902,0.0,85.0,6,1.6666666666666667,2.0,1.505545305418162,0.0,4.0,4,0.0,0.0,0.0,0.0,0.0,4,0.0,0.0,0.0,0.0,0.0,4,0.0,0.0,0.0,0.0,0.0,4,0.0,0.0,0.0,0.0,0.0,70.6
2026-09-30T02:00,6,68.08333333333333,67.75,4.858566318027028,62.4,75.9,6,19.0,14.0,20.610676844781203,0.0,49.0,5,0.4,0.0,0.8944271909999159,0.0,2.0,5,0.6,0.0,1.3416407864998738,0.0,3.0,5,24.8,1.0,34.651118308071965,0.0,74.0,6,2.1666666666666665,2.0,2.562550812504343,0.0,7.0,4,0.0,0.0,0.0,0.0,0.0,4,0.0,0.0,0.0,0.0,0.0,4,0.0,0.0,0.0,0.0,0.0,4,0.0,0.0,0.0,0.0,0.0,70.1
2026-09-30T03:00,6,67.53333333333333,67.15,4.893941833191998,62.1,75.6,6,19.333333333333332,12.5,21.369760566432806,0.0,48.0,5,0.6,0.0,1.3416407864998738,0.0,3.0,5,0.6,0.0,1.3416407864998738,0.0,3.0,5,21.8,1.0,29.7018517941222,0.0,60.0,6,2.6666666666666665,2.0,3.723797345005051,0.0,10.0,4,0.0,0.0,0.0,0.0,0.0,4,0.0,0.0,0.0,0.0,0.0,4,0.0,0.0,0.0,0.0,0.0,4,0.0,0.0,0.0,0.0,0.0,69.4
2026-09-30T04:00,6,67.38333333333334,67.19999999999999,4.805587026229645,62.2,75.2,6,19.0,11.0,21.577766334817884,0.0,47.0,5,0.6,0.0,1.3416407864998738,0.0,3.0,5,0.6,0.0,1.3416407864998738,0.0,3.0,5,19.2,2.0,25.390943267236057,0.0,47.0,6,3.0,2.0,4.516635916254486,0.0,12.0,4,0.0,0.0,0.0,0.0,0.0,4,0.0,0.0,0.0,0.0,0.0,4,0.0,0.0,0.0,0.0,0.0,4,0.0,0.0,0.0,0.0,0.0,69.6
2026-09-30T05:00,6,67.73333333333335,67.65,4.77981868554307,62.6,75.2,6,18.333333333333332,10.0,21.153407920868606,0.0,46.0,5,0.6,0.0,1.3416407864998738,0.0,3.0,5,0.8,0.0,1.7888543819998317,0.0,4.0,5,16.6,2.0,21.97271034715563,0.0,44.0,6,3.3333333333333335,2.0,5.316640543300503,0.0,14.0,4,0.0,0.0,0.0,0.0,0.0,4,0.0,0.0,0.0,0.0,0.0,4,0.0,0.0,0.0,0.0,0.0,4,0.0,0.0,0.0,0.0,0.0,70.0
2026-09-30T06:00,6,68.71666666666667,68.85,4.94829937116447,62.3,75.5,6,17.0,9.0,19.8292712927127,0.0,44.0,5,0.6,0.0,1.3416407864998738,0.0,3.0,5,1.0,0.0,2.23606797749979,0.0,5.0,5,14.2,2.0,18.952572384771415,0.0,40.0,6,3.5,2.0,5.718391382198319,0.0,15.0,4,0.0,0.0,0.0,0.0,0.0,4,0.0,0.0,0.0,0.0,0.0,4,0.0,0.0,0.0,0.0,0.0,4,0.0,0.0,0.0,0.0,0.0,70.4
2026-09-30T07:00,6,70.38333333333333,70.75,5.415317780764728,62.2,76.3,6,14.833333333333334,8.5,17.081178725915453,0.0,39.0,5,0.6,0.0,0.8944271909999159,0.0,2.0,5,1.2,0.0,2.6832815729997477,0.0,6.0,5,11.4,3.0,14.909728367747013,0.0,33.0,6,3.3333333333333335,1.5,5.785038173311103,0.0,15.0,4,6.6,0.0,13.200000000000001,0.0,26.4,4,0.0,0.0,0.0,0.0,0.0,4,6.6,0.0,13.200000000000001,0.0,26.4,4,5.15,0.0,10.3,0.0,20.6,69.0
2026-09-30T08:00,6,72.75,73.35,5.723198406485663,64.0,78.7,6,12.666666666666666,8.0,14.472963299430655,0.0,34.0,5,0.6,0.0,0.8944271909999159,0.0,2.0,5,1.6,0.0,3.5777087639996634,0.0,8.0,5,8.6,4.0,11.081516141756055,0.0,26.0,6,3.1666666666666665,1.5,5.382068994974578,0.0,14.0,4,186.075,186.95,27.405641146790703,160.1,210.3,4,727.5250000000001,714.1,97.18639736780733,643.8,838.1,4,81.95,84.9,40.66329220972318,40.9,117.1,4,74.1,74.7,9.045072323278204,62.5,84.5,58.3
2026-09-30T09:00,6,75.88333333333334,76.5,5.385319551026345,69.2,82.3,6,10.5,8.0,11.91217864204529,0.0,28.0,5,0.4,0.0,0.5477225575051661,0.0,1.0,5,1.8,0.0,4.024922359499621,0.0,9.0,5,6.0,5.0,7.3824115301167,0.0,18.0,6,3.0,1.5,4.979959839195493,0.0,13.0,3,378.23333333333335,378.8,11.960072463548583,366.0,389.9,4,604.875,731.7,422.71213510693855,0.0,956.1,4,394.17499999999995,123.45,581.5897544661528,65.2,1264.6,4,67.0,77.4,28.5499562171293,24.9,88.3,48.0
2026-09-30T10:00,6,79.16666666666667,79.35,5.1063359335894285,72.2,85.5,6,8.5,6.5,9.751922887307918,0.0,22.0,5,0.4,0.0,0.894427190999916,0.0,2.0,5,2.0,0.0,4.47213595499958,0.0,10.0,5,3.8,2.0,5.019960159204453,0.0,12.0,6,2.6666666666666665,1.0,4.676180777800049,0.0,12.0,3,545.7666666666667,539.6,26.68976083319837,522.7,575.0,4,604.55,726.2,423.0642307420156,0.0,965.8,4,555.5,154.60000000000002,856.1591830183606,74.8,1838.0,4,70.0,82.65,30.178469146065044,25.1,89.6,48.4
2026-09-30T11:00,6,81.48333333333333,83.2,5.3368217758012735,73.0,87.5,6,7.333333333333333,4.5,8.617811013631401,0.0,18.0,5,0.4,0.0,0.894427190999916,0.0,2.0,5,2.2,0.0,4.919349550499537,0.0,11.0,5,2.8,0.0,3.898717737923586,0.0,8.0,6,2.3333333333333335,1.0,3.8815804341359033,0.0,10.0,3,673.6666666666666,672.5,40.36264774929082,633.9,714.6,4,601.25,720.4000000000001,422.1582207340434,0.0,964.2,4,673.35,178.2,1057.669568753241,79.2,2257.8,4,72.3,85.6,31.655120702133914,25.5,92.5,46.6
2026-09-30T12:00,6,82.64999999999999,85.0,5.677587515838043,73.5,88.5,6,7.333333333333333,5.5,7.73735527597555,0.0,18.0,5,0.4,0.0,0.894427190999916,0.0,2.0,5,3.0,0.0,4.795831523312719,0.0,11.0,5,3.2,2.0,3.5637059362410923,0.0,7.0,6,1.8333333333333333,1.0,3.0605010483034745,0.0,8.0,3,769.8000000000001,799.5,60.490743093468446,700.2,809.7,4,632.725,778.25,451.4810544197841,0.0,974.4,4,716.425,163.6,1166.2962441706936,75.9,2462.6,4,75.125,88.1,33.98022709361039,25.8,98.5,43.3
2026-09-30T13:00,6,83.15,85.69999999999999,5.982892277151576,73.9,89.0,6,7.833333333333333,8.0,7.11102430502573,0.0,18.0,5,0.2,0.0,0.447213595499958,0.0,1.0,5,4.0,0.0,5.522680508593631,0.0,11.0,5,4.4,7.0,4.03732584763727,0.0,8.0,6,1.8333333333333333,1.0,2.6394443859772205,0.0,7.0,3,789.0,824.0,63.06219152550913,716.2,826.8,4,616.675,761.2,440.80648342933125,0.0,944.3,4,730.4,165.85,1190.5380828292164,77.2,2512.7,4,75.125,88.05000000000001,33.94381386939306,26.0,98.4,42.5
2026-09-30T14:00,6,83.25,86.0,6.32131315471714,73.9,88.8,6,8.833333333333334,10.5,7.386925386564201,0.0,18.0,5,0.2,0.0,0.447213595499958,0.0,1.0,5,5.2,0.0,7.259476565152615,0.0,15.0,5,6.4,8.0,6.2289646009589745,0.0,14.0,6,1.6666666666666667,1.0,1.96638416050035,0.0,5.0,3,744.9,777.8,60.56987700169116,675.0,781.9,4,593.25,735.3,423.54992228386334,0.0,902.4,4,690.0,156.15,1123.639939363733,75.4,2372.3,4,74.95,87.65,33.6741740804433,26.4,98.1,41.6
2026-09-30T15:00,6,83.3,86.55000000000001,6.670532212649904,73.9,88.6,6,10.0,11.0,8.579044235810887,0.0,20.0,5,0.2,0.0,0.447213595499958,0.0,1.0,5,6.4,0.0,9.44986772394196,0.0,21.0,5,8.4,8.0,8.96102672688794,0.0,21.0,6,1.1666666666666667,1.0,1.1690451944500122,0.0,3.0,3,641.8333333333334,667.5,53.7149265412635,580.1,677.9,4,559.675,694.3,398.9407422579616,0.0,850.1,4,711.15,137.65,1196.326718194769,65.7,2503.6,4,73.375,85.1,32.37430822941755,26.7,96.6,40.6
2026-09-30T16:00,6,83.01666666666667,86.95,6.900845358843127,73.8,88.4,6,11.333333333333334,12.0,10.112698288126007,0.0,25.0,5,0.2,0.0,0.447213595499958,0.0,1.0,5,7.6,0.0,11.844830095868831,0.0,27.0,5,10.2,9.0,11.34460224071342,0.0,27.0,6,0.6666666666666666,1.0,0.5163977794943223,0.0,1.0,3,488.4666666666667,505.7,41.89824976455861,440.7,519.0,4,502.35,623.3,358.4535348781856,0.0,762.8,4,467.65000000000003,112.6,745.6824636979649,61.0,1584.4,4,69.375,79.0,29.28154993620841,27.1,92.4,40.4
2026-09-30T17:00,6,82.4,86.75,7.05265907300218,73.2,87.3,6,12.5,13.5,11.166915420114902,0.0,28.0,5,0.4,0.0,0.894427190999916,0.0,2.0,5,8.6,0.0,13.557285864065861,0.0,31.0,5,10.8,10.0,12.070625501605125,0.0,29.0,6,0.3333333333333333,0.0,0.5163977794943222,0.0,1.0,3,302.0,310.2,25.316397848035155,273.6,322.2,4,410.75,503.2,296.91598699519926,0.0,636.6,4,211.225,81.3,284.28408766584175,46.9,635.4,4,63.25,70.15,25.17068400606812,27.3,85.4,41.5
2026-09-30T18:00,6,81.13333333333333,85.15,6.862555403540778,71.8,86.2,6,13.5,15.0,11.74308307047174,0.0,29.0,5,1.0,0.0,2.2360679774997894,0.0,5.0,5,9.6,0.0,14.926486525636232,0.0,34.0,5,10.4,11.0,11.23832727766904,0.0,27.0,6,0.6666666666666666,0.0,1.0327955589886444,0.0,2.0,4,108.6,103.65,13.545725032890145,98.6,128.5,4,294.275,317.05,57.543975937248774,209.5,333.5,4,40.875,40.4,15.782558939115882,25.2,57.5,4,61.725,61.55,5.831737877054034,56.4,67.4,62.5
2026-09-30T19:00,6,79.23333333333333,82.5,6.544208635630945,69.9,84.8,6,14.666666666666666,17.5,12.192894105447921,0.0,29.0,5,1.6,0.0,3.577708763999664,0.0,8.0,5,10.6,0.0,16.303373883954205,0.0,37.0,5,9.2,11.0,9.628083921528727,0.0,23.0,6,0.8333333333333334,0.5,0.983192080250175,0.0,2.0,4,0.0,0.0,0.0,0.0,0.0,4,0.0,0.0,0.0,0.0,0.0,4,0.0,0.0,0.0,0.0,0.0,4,27.5,28.7,9.39538893997121,17.1,35.5,70.8
2026-09-30T20:00,6,77.2,79.80000000000001,6.37589209444451,67.8,83.3,6,16.0,20.0,12.915107432770352,0.0,29.0,5,2.6,0.0,5.813776741499454,0.0,13.0,5,11.4,0.0,17.28583234906552,0.0,39.0,5,7.4,8.0,7.334848328356899,0.0,16.0,6,0.8333333333333334,0.5,0.983192080250175,0.0,2.0,4,0.0,0.0,0.0,0.0,0.0,4,0.0,0.0,0.0,0.0,0.0,4,0.0,0.0,0.0,0.0,0.0,4,0.0,0.0,0.0,0.0,0.0,70.9
2026-09-30T21:00,6,75.14999999999999,77.1,6.187002505252443,65.8,81.6,6,17.5,23.5,13.86722755275906,0.0,31.0,5,3.4,0.0,7.602631123499285,0.0,17.0,5,12.2,0.0,18.00555469848124,0.0,40.0,5,5.8,5.0,6.180614856144977,0.0,14.0,6,0.8333333333333334,0.5,0.983192080250175,0.0,2.0,4,0.0,0.0,0.0,0.0,0.0,4,0.0,0.0,0.0,0.0,0.0,4,0.0,0.0,0.0,0.0,0.0,4,0.0,0.0,0.0,0.0,0.0,70.8
2026-09-30T22:00,6,73.23333333333333,74.6,5.91968467628696,64.1,79.6,6,18.833333333333332,24.5,15.11842143435176,0.0,35.0,5,4.2,0.0,9.391485505499118,0.0,21.0,5,13.0,0.0,18.788294228055936,0.0,41.0,5,4.4,2.0,6.6932802122726045,0.0,16.0,6,1.0,1.0,1.0954451150103321,0.0,2.0,4,0.0,0.0,0.0,0.0,0.0,4,0.0,0.0,0.0,0.0,0.0,4,0.0,0.0,0.0,0.0,0.0,4,0.0,0.0,0.0,0.0,0.0,70.7
2026-09-30T23:00,6,71.66666666666667,72.55,5.6947929432655116,62.8,77.7,6,19.833333333333332,24.0,16.36357744097136,0.0,39.0,5,4.6,0.0,10.285912696499032,0.0,23.0,5,13.8,0.0,19.447364860052378,0.0,41.0,5,3.8,0.0,8.497058314499201,0.0,19.0,6,1.0,1.0,1.0954451150103321,0.0,2.0,4,0.0,0.0,0.0,0.0,0.0,4,0.0,0.0,0.0,0.0,0.0,4,0.0,0.0,0.0,0.0,0.0,4,0.0,0.0,0.0,0.0,0.0,70.5
2026-10-01T00:00,6,70.33333333333333,71.0,5.4342126077902675,61.8,75.7,6,21.166666666666668,23.5,18.25833143161408,0.0,45.0,5,4.8,0.0,10.73312629199899,0.0,24.0,5,14.8,0.0,20.46216019876689,0.0,41.0,5,4.8,0.0,10.73312629199899,0.0,24.0,6,1.3333333333333333,1.0,1.505545305418162,0.0,3.0,4,0.0,0.0,0.0,0.0,0.0,4,0.0,0.0,0.0,0.0,0.0,4,0.0,0.0,0.0,0.0,0.0,4,0.0,0.0,0.0,0.0,0.0,70.0
2026-10-01T01:00,6,69.24999999999999,70.1,5.159360425479111,61.0,73.8,6,22.666666666666668,23.0,20.61714496885218,0.0,52.0,5,4.6,0.0,10.285912696499032,0.0,23.0,5,16.0,0.0,21.908902300206645,0.0,40.0,5,6.0,0.0,13.416407864998739,0.0,30.0,6,1.3333333333333333,1.0,1.505545305418162,0.0,3.0,4,0.0,0.0,0.0,0.0,0.0,4,0.0,0.0,0.0,0.0,0.0,4,0.0,0.0,0.0,0.0,0.0,4,0.0,0.0,0.0,0.0,0.0,69.2
2026-10-01T02:00,6,68.36666666666666,69.55000000000001,4.987851909055307,60.4,72.7,6,24.166666666666668,22.0,23.438572197697255,0.0,60.0,5,4.6,0.0,9.736529155710468,0.0,22.0,5,17.2,0.0,23.721298446754556,0.0,47.0,5,7.2,0.0,16.099689437998485,0.0,36.0,6,1.3333333333333333,1.0,1.505545305418162,0.0,3.0,4,0.0,0.0,0.0,0.0,0.0,4,0.0,0.0,0.0,0.0,0.0,4,0.0,0.0,0.0,0.0,0.0,4,0.0,0.0,0.0,0.0,0.0,67.7
2026-10-01T03:00,6,67.83333333333333,69.2,4.937475738337016,60.1,72.1,6,25.333333333333332,20.5,26.333755270881262,0.0,68.0,5,4.2,0.0,8.843076387773657,0.0,20.0,5,18.2,0.0,25.635912310662945,0.0,54.0,5,8.6,0.0,19.23018460649819,0.0,43.0,6,1.5,1.5,1.378404875209022,0.0,3.0,4,0.0,0.0,0.0,0.0,0.0,4,0.0,0.0,0.0,0.0,0.0,4,0.0,0.0,0.0,0.0,0.0,4,0.0,0.0,0.0,0.0,0.0,65.8
2026-10-01T04:00,6,67.7,69.1,4.925850180425708,60.2,72.0,6,26.0,19.5,28.40422503783548,0.0,74.0,5,4.0,0.0,7.874007874011811,0.0,18.0,5,19.0,0.0,27.477263328068172,0.0,60.0,5,9.6,0.0,21.46625258399798,0.0,48.0,6,1.6666666666666667,2.0,1.3662601021279464,0.0,3.0,4,0.0,0.0,0.0,0.0,0.0,4,0.0,0.0,0.0,0.0,0.0,4,0.0,0.0,0.0,0.0,0.0,4,0.0,0.0,0.0,0.0,0.0,64.3
2026-10-01T05:00,6,67.86666666666667,69.25,4.858669227953956,60.8,72.4,6,25.833333333333332,17.5,29.63387701038571,0.0,77.0,5,3.6,0.0,6.985699678629192,0.0,16.0,5,19.0,0.0,28.231188426986208,0.0,63.0,5,10.0,0.0,22.360679774997898,0.0,50.0,6,1.8333333333333333,2.5,1.4719601443879746,0.0,3.0,4,0.0,0.0,0.0,0.0,0.0,4,0.0,0.0,0.0,0.0,0.0,4,0.0,0.0,0.0,0.0,0.0,4,0.0,0.0,0.0,0.0,0.0,63.6
2026-10-01T06:00,6,68.41666666666667,69.55,4.798506712162302,62.2,74.0,6,24.666666666666668,15.0,29.95107121067069,0.0,78.0,5,3.4,0.0,6.06630035524124,0.0,14.0,5,18.4,0.0,28.22764602300376,0.0,64.0,5,9.8,0.0,21.913466179497938,0.0,49.0,6,2.1666666666666665,2.5,1.8348478592697182,0.0,4.0,4,0.0,0.0,0.0,0.0,0.0,4,0.0,0.0,0.0,0.0,0.0,4,0.0,0.0,0.0,0.0,0.0,4,0.0,0.0,0.0,0.0,0.0,63.6
2026-10-01T07:00,6,69.41666666666667,69.75,5.008160008093458,63.5,76.7,6,22.833333333333332,12.0,29.62037586977361,0.0,77.0,5,2.8,0.0,4.764451699828638,0.0,11.0,5,17.2,0.0,27.842413688471765,0.0,64.0,5,9.4,0.0,21.019038988498025,0.0,47.0,6,2.1666666666666665,2.5,1.8348478592697182,0.0,4.0,4,7.699999999999999,7.2,8.928605714219886,0.0,16.4,4,0.0,0.0,0.0,0.0,0.0,4,7.699999999999999,7.2,8.928605714219886,0.0,16.4,4,4.050000000000001,0.05,8.033471644729113,0.0,16.1,62.0
2026-10-01T08:00,6,71.05,70.45,5.23746121704018,65.3,79.9,6,20.5,9.0,28.863471724655717,0.0,75.0,5,2.6,0.0,3.9749213828703582,0.0,9.0,5,15.4,0.0,26.847718711279736,0.0,62.0,5,8.6,0.0,19.23018460649819,0.0,43.0,6,2.1666666666666665,2.5,1.8348478592697182,0.0,4.0,3,156.33333333333331,166.1,19.212062183256982,134.2,168.7,4,501.2,518.15,455.74303432233967,0.0,968.5,4,343.625,76.6,564.2826855102562,32.3,1189.0,4,51.55,46.1,28.407217392768338,27.3,86.7,35.3
2026-10-01T09:00,6,73.39999999999999,71.75,5.052919947911308,69.3,83.0,6,17.666666666666668,5.5,27.58743675419423,0.0,71.0,5,2.2,0.0,3.03315017762062,0.0,6.0,5,13.6,0.0,25.676837811537464,0.0,59.0,5,7.6,0.0,16.994116628998402,0.0,38.0,6,2.0,2.0,1.7888543819998317,0.0,4.0,3,342.23333333333335,387.1,82.96175825844902,246.5,393.1,4,538.825,598.6,487.17228557598935,0.0,958.1,4,391.04999999999995,115.5,582.7149360250402,70.4,1262.8,4,58.15,56.75,30.66708333050276,27.3,91.8,28.0
2026-10-01T10:00,6,76.01666666666667,75.0,5.073624608370892,71.5,85.7,6,15.333333333333334,3.0,26.303358467440365,0.0,67.0,5,2.0,0.0,2.8284271247461903,0.0,6.0,5,11.8,0.0,24.211567483333248,0.0,55.0,5,6.6,0.0,14.758048651498612,0.0,33.0,6,1.8333333333333333,1.5,1.8348478592697182,0.0,4.0,3,502.0333333333333,567.6,124.36906099723248,358.6,579.9,4,538.375,594.05,475.4107723853131,0.0,965.4,4,559.175,157.45,855.220487652161,82.8,1839.0,4,61.5,62.6,32.521172590585756,27.3,93.5,23.1
2026-10-01T11:00,6,77.98333333333333,76.4,5.487227593846159,73.0,87.4,6,13.333333333333334,1.0,24.646838877768214,0.0,62.0,5,1.6,0.0,2.6076809620810595,0.0,6.0,5,10.2,0.0,22.807893370497855,0.0,51.0,5,5.6,0.0,12.521980673998822,0.0,28.0,6,1.6666666666666667,1.0,1.96638416050035,0.0,4.0,3,628.6333333333333,701.9,143.9397211798513,462.8,721.2,4,540.725,598.4,465.4894726700773,0.0,966.1,4,682.125,190.15,1054.8763636085512,87.8,2260.4,4,64.425,67.95,34.12461232991031,27.3,94.5,20.3
2026-10-01T12:00,6,79.01666666666667,77.35,5.6700676068867715,73.8,87.9,6,11.833333333333334,0.5,22.328606464951335,0.0,56.0,5,1.4,0.0,2.6076809620810595,0.0,6.0,5,9.0,0.0,20.12461179749811,0.0,45.0,5,4.8,0.0,10.73312629199899,0.0,24.0,6,0.3333333333333333,0.0,0.816496580927726,0.0,2.0,3,718.9,799.5,152.2444087643287,543.3,813.9,4,565.5,642.8,478.665631382353,0.0,976.4,4,675.4499999999999,189.8,1047.5472956705423,82.1,2240.1,4,70.3,77.6,34.07902580767238,27.3,98.7,20.2
2026-10-01T13:00,6,79.61666666666666,78.25,5.6282916294970615,74.1,87.8,6,10.166666666666666,0.0,19.250108224804002,0.0,48.0,5,1.2,0.0,2.6832815729997477,0.0,6.0,5,7.6,0.0,16.994116628998402,0.0,38.0,5,3.8,0.0,8.497058314499201,0.0,19.0,6,0.3333333333333333,0.0,0.816496580927726,0.0,2.0,3,744.8333333333334,816.9,137.83908492634927,585.9,831.7,4,559.7,644.9,457.67334056799365,0.0,949.0,4,687.7750000000001,192.04999999999998,1069.0551166801458,82.2,2284.8,4,71.2,79.35,33.817253978800025,27.3,98.8,24.5
2026-10-01T14:00,6,79.86666666666667,78.85,5.51966182538991,74.1,87.2,6,8.666666666666666,0.0,15.743781841306959,0.0,39.0,5,1.4,0.0,3.1304951684997055,0.0,7.0,5,6.0,0.0,13.416407864998739,0.0,30.0,5,2.8,0.0,6.260990336999411,0.0,14.0,6,0.3333333333333333,0.0,0.816496580927726,0.0,2.0,3,709.9,771.0,115.84131387376443,576.3,782.4,4,546.725,639.9,431.6456986541933,0.0,907.1,4,648.225,178.35,1008.7260426729681,80.2,2156.0,4,71.8,80.6,33.51984486837612,27.3,98.7,30.4
2026-10-01T15:00,6,79.7,79.0,5.307730211681827,73.9,86.3,6,7.333333333333333,0.0,12.43650540411842,0.0,30.0,5,1.2,0.0,2.6832815729997477,0.0,6.0,5,4.4,0.0,9.838699100999074,0.0,22.0,5,1.8,0.0,4.024922359499621,0.0,9.0,6,0.3333333333333333,0.0,0.816496580927726,0.0,2.0,3,615.4666666666667,665.4,93.58954713713139,507.5,673.5,4,522.075,614.65,402.93347155578925,0.0,859.0,4,613.0500000000001,154.25,976.4509153050142,69.4,2074.3,4,70.5,79.94999999999999,31.81079481350107,27.3,94.8,36.5
2026-10-01T16:00,6,79.13333333333334,78.65,5.09143070920804,73.3,85.1,6,6.166666666666667,0.0,9.806460455570432,0.0,22.0,5,1.2,0.0,2.6832815729997477,0.0,6.0,5,2.8,0.0,6.260990336999411,0.0,14.0,5,1.0,0.0,2.23606797749979,0.0,5.0,6,0.3333333333333333,0.0,0.816496580927726,0.0,2.0,3,469.8333333333333,507.9,67.23662196551321,392.2,509.4,4,473.125,563.4000000000001,359.58769329145105,0.0,765.7,4,474.5,122.15,745.1699179829166,63.6,1590.1,4,66.95,75.0,28.661297946883,27.3,90.5,42.7
2026-10-01T17:00,6,78.41666666666667,77.9,5.0376251018378415,72.6,84.1,6,5.333333333333333,0.0,8.262364471909157,0.0,16.0,5,1.2,0.0,2.6832815729997477,0.0,6.0,5,1.8,0.0,4.024922359499621,0.0,9.0,5,0.4,0.0,0.8944271909999159,0.0,2.0,6,0.3333333333333333,0.0,0.816496580927726,0.0,2.0,3,289.2666666666667,309.1,38.04764556885662,245.4,313.3,4,388.0,464.85,295.4112726352872,0.0,622.3,4,300.875,84.6,457.6960882142938,48.3,986.0,4,61.275,67.1,24.547148510570434,27.3,83.6,48.1
2026-10-01T18:00,5,76.16,73.7,4.687536666523255,71.4,82.6,5,6.0,0.0,8.48528137423857,0.0,18.0,5,1.0,0.0,2.23606797749979,0.0,5.0,5,1.2,0.0,2.6832815729997477,0.0,6.0,5,0.0,0.0,0.0,0.0,0.0,6,0.3333333333333333,0.0,0.816496580927726,0.0,2.0,3,95.26666666666665,98.0,7.674199198179141,86.6,101.2,3,270.40000000000003,315.5,86.56252075812026,170.6,325.1,3,34.43333333333334,29.8,12.605686547480598,24.8,48.7,3,58.03333333333333,56.8,6.735230755759844,52.0,65.3,69.6
2026-10-01T19:00,5,74.66,72.8,4.678995618719896,69.9,80.9,5,6.0,0.0,9.246621004453464,0.0,21.0,5,0.8,0.0,1.7888543819998317,0.0,4.0,5,0.8,0.0,1.7888543819998317,0.0,4.0,5,0.0,0.0,0.0,0.0,0.0,6,0.16666666666666666,0.0,0.408248290463863,0.0,1.0,3,0.0,0.0,0.0,0.0,0.0,3,0.0,0.0,0.0,0.0,0.0,3,0.0,0.0,0.0,0.0,0.0,3,29.933333333333334,34.6,8.873744042586155,19.7,35.5,78.8
2026-10-01T20:00,5,73.08,71.8,4.606191485381384,68.0,79.1,5,6.2,0.0,10.825894882179487,0.0,25.0,4,0.75,0.0,1.5,0.0,3.0,4,0.5,0.0,1.0,0.0,2.0,4,0.0,0.0,0.0,0.0,0.0,6,0.16666666666666666,0.0,0.408248290463863,0.0,1.0,3,0.0,0.0,0.0,0.0,0.0,3,0.0,0.0,0.0,0.0,0.0,3,0.0,0.0,0.0,0.0,0.0,3,0.0,0.0,0.0,0.0,0.0,77.9
2026-10-01T21:00,5,71.72,70.8,4.330935233872706,66.1,77.2,5,6.8,0.0,12.597618822618822,0.0,29.0,4,0.5,0.0,1.0,0.0,2.0,4,0.5,0.0,1.0,0.0,2.0,4,0.0,0.0,0.0,0.0,0.0,6,0.16666666666666666,0.0,0.408248290463863,0.0,1.0,3,0.0,0.0,0.0,0.0,0.0,3,0.0,0.0,0.0,0.0,0.0,3,0.0,0.0,0.0,0.0,0.0,3,0.0,0.0,0.0,0.0,0.0,77.5
2026-10-01T22:00,5,70.56,70.2,4.124075654010241,64.4,75.4,5,7.2,0.0,13.971399357258385,0.0,32.0,4,0.5,0.0,1.0,0.0,2.0,4,0.5,0.0,1.0,0.0,2.0,4,0.25,0.0,0.5,0.0,1.0,6,0.0,0.0,0.0,0.0,0.0,3,0.0,0.0,0.0,0.0,0.0,3,0.0,0.0,0.0,0.0,0.0,3,0.0,0.0,0.0,0.0,0.0,3,0.0,0.0,0.0,0.0,0.0,77.1
2026-10-01T23:00,5,69.7,70.5,4.106701839676213,63.1,74.0,5,7.8,0.0,15.303594349041013,0.0,35.0,4,0.5,0.0,1.0,0.0,2.0,4,0.25,0.0,0.5,0.0,1.0,4,0.25,0.0,0.5,0.0,1.0,6,0.0,0.0,0.0,0.0,0.0,3,0.0,0.0,0.0,0.0,0.0,3,0.0,0.0,0.0,0.0,0.0,3,0.0,0.0,0.0,0.0,0.0,3,0.0,0.0,0.0,0.0,0.0,76.2
2026-10-02T00:00,5,68.79999999999998,70.1,4.153311931459038,61.9,72.8,5,8.6,0.0,16.57709262808168,0.0,38.0,4,0.75,0.0,1.5,0.0,3.0,4,0.0,0.0,0.0,0.0,0.0,4,0.25,0.0,0.5,0.0,1.0,5,0.6,1.0,0.5477225575051661,0.0,1.0,3,0.0,0.0,0.0,0.0,0.0,3,0.0,0.0,0.0,0.0,0.0,3,0.0,0.0,0.0,0.0,0.0,3,0.0,0.0,0.0,0.0,0.0,75.2
2026-10-02T01:00,5,67.82000000000001,69.5,4.168572897287512,60.7,71.4,5,9.4,0.0,17.37239189058317,0.0,40.0,4,1.5,0.0,3.0,0.0,6.0,4,0.0,0.0,0.0,0.0,0.0,4,0.25,0.0,0.5,0.0,1.0,5,0.8,1.0,0.8366600265340756,0.0,2.0,3,0.0,0.0,0.0,0.0,0.0,3,0.0,0.0,0.0,0.0,0.0,3,0.0,0.0,0.0,0.0,0.0,3,0.0,0.0,0.0,0.0,0.0,74.6
2026-10-02T02:00,5,66.98,68.5,4.256406935432749,59.6,70.3,5,10.6,0.0,18.622566955175646,0.0,43.0,4,2.25,0.0,4.5,0.0,9.0,4,0.0,0.0,0.0,0.0,0.0,4,0.25,0.0,0.5,0.0,1.0,5,1.0,1.0,1.224744871391589,0.0,3.0,3,0.0,0.0,0.0,0.0,0.0,3,0.0,0.0,0.0,0.0,0.0,3,0.0,0.0,0.0,0.0,0.0,3,0.0,0.0,0.0,0.0,0.0,73.4
2026-10-02T03:00,5,66.38000000000001,67.8,4.228711387645174,59.0,69.5,5,11.4,0.0,19.48845812269406,0.0,45.0,4,2.75,0.0,5.5,0.0,11.0,4,0.0,0.0,0.0,0.0,0.0,4,0.25,0.0,0.5,0.0,1.0,5,1.2,1.0,1.6431676725154984,0.0,4.0,3,0.0,0.0,0.0,0.0,0.0,3,0.0,0.0,0.0,0.0,0.0,3,0.0,0.0,0.0,0.0,0.0,3,0.0,0.0,0.0,0.0,0.0,72.9
2026-10-02T04:00,5,66.16,67.5,4.211650507817567,58.8,69.3,5,11.8,0.0,19.524343778985248,0.0,45.0,4,3.25,0.0,6.5,0.0,13.0,4,0.0,0.0,0.0,0.0,0.0,4,0.25,0.0,0.5,0.0,1.0,5,1.4,1.0,2.073644135332772,0.0,5.0,3,0.0,0.0,0.0,0.0,0.0,3,0.0,0.0,0.0,0.0,0.0,3,0.0,0.0,0.0,0.0,0.0,3,0.0,0.0,0.0,0.0,0.0,72.9
2026-10-02T05:00,5,66.44000000000001,67.9,4.12165015497434,59.3,69.9,5,12.0,0.0,19.557607215607945,0.0,45.0,4,3.5,0.0,7.0,0.0,14.0,4,0.0,0.0,0.0,0.0,0.0,4,0.25,0.0,0.5,0.0,1.0,5,1.6,1.0,2.5099800796022267,0.0,6.0,3,0.0,0.0,0.0,0.0,0.0,3,0.0,0.0,0.0,0.0,0.0,3,0.0,0.0,0.0,0.0,0.0,3,0.0,0.0,0.0,0.0,0.0,73.2
2026-10-02T06:00,5,67.44,67.8,4.1149726609055355,60.7,71.8,5,11.4,0.0,18.676188047886,0.0,43.0,4,3.25,0.0,6.5,0.0,13.0,4,0.0,0.0,0.0,0.0,0.0,4,0.25,0.0,0.5,0.0,1.0,5,1.6,1.0,2.5099800796022267,0.0,6.0,3,0.0,0.0,0.0,0.0,0.0,3,0.0,0.0,0.0,0.0,0.0,3,0.0,0.0,0.0,0.0,0.0,3,0.0,0.0,0.0,0.0,0.0,73.8
2026-10-02T07:00,5,69.16000000000001,68.7,4.327585932133523,63.1,74.8,5,10.4,1.0,16.772000476985447,0.0,39.0,4,2.75,0.0,5.5,0.0,11.0,4,0.0,0.0,0.0,0.0,0.0,4,0.5,0.5,0.5773502691896257,0.0,1.0,5,1.6,1.0,2.5099800796022267,0.0,6.0,3,5.233333333333333,0.0,9.064399226277123,0.0,15.7,3,0.0,0.0,0.0,0.0,0.0,3,5.233333333333333,0.0,9.064399226277123,0.0,15.7,3,4.7,0.0,8.140638795573722,0.0,14.1,73.2
2026-10-02T08:00,5,71.38,70.0,4.8401446259383665,66.1,78.4,5,8.8,1.0,14.584238067173752,0.0,34.0,4,2.0,0.0,4.0,0.0,8.0,4,0.0,0.0,0.0,0.0,0.0,4,0.5,0.5,0.5773502691896257,0.0,1.0,5,1.4,1.0,2.073644135332772,0.0,5.0,3,179.03333333333333,168.4,29.143152426141775,156.7,212.0,3,799.8333333333334,732.7,176.6420202933983,666.6,1000.2,3,66.8,54.0,45.5688490089447,29.0,117.4,3,75.03333333333333,77.1,14.113941098549807,60.0,88.0,52.7
2026-10-02T09:00,5,73.82000000000001,71.2,5.4057376924893425,69.1,82.0,5,7.4,2.0,12.320714265009153,0.0,29.0,4,1.25,0.0,2.5,0.0,5.0,4,0.0,0.0,0.0,0.0,0.0,4,0.75,0.5,0.9574271077563382,0.0,2.0,5,1.2,1.0,1.6431676725154984,0.0,4.0,3,388.43333333333334,391.5,5.398456569551491,382.2,391.6,3,870.3000000000001,929.6,149.35672063887853,700.4,980.9,3,97.60000000000001,71.8,50.24171573503436,65.5,155.5,3,83.43333333333334,82.1,9.172967531466217,75.0,93.2,58.6
2026-10-02T10:00,5,76.14000000000001,72.5,5.792495144581475,71.7,85.0,5,6.2,2.0,10.639548862616309,0.0,25.0,4,0.75,0.0,1.5,0.0,3.0,4,0.0,0.0,0.0,0.0,0.0,4,0.75,0.5,0.9574271077563382,0.0,2.0,5,1.2,1.0,1.6431676725154984,0.0,4.0,3,562.5,568.8,15.258767971235422,545.1,573.6,3,867.7333333333332,938.7,128.32467936189565,719.6,944.9,3,118.2,94.5,49.3233210560684,85.2,174.9,3,87.7,84.8,6.091797764207216,83.6,94.7,59.3
2026-10-02T11:00,5,77.82,74.5,5.985983628444035,73.2,87.0,5,5.0,2.0,9.0,0.0,21.0,4,0.25,0.0,0.5,0.0,1.0,4,0.0,0.0,0.0,0.0,0.0,4,0.75,0.5,0.9574271077563382,0.0,2.0,5,1.0,1.0,1.224744871391589,0.0,3.0,3,694.5,707.5,24.18077748956803,666.6,709.4,3,862.6999999999999,914.9,121.79999999999997,723.5,949.7,3,131.70000000000002,111.8,54.449334247536946,90.0,193.3,3,90.96666666666665,91.3,4.7088569030427525,86.1,95.5,59.3
2026-10-02T12:00,5,78.84,75.9,5.916333323943137,73.8,87.8,5,4.2,1.0,7.758865896508329,0.0,18.0,4,0.0,0.0,0.0,0.0,0.0,4,0.0,0.0,0.0,0.0,0.0,4,0.75,0.5,0.9574271077563382,0.0,2.0,5,1.0,1.0,1.224744871391589,0.0,3.0,3,781.9,797.4,33.18599102030859,743.8,804.5,3,880.1,956.0,141.4502386000109,716.9,967.4,3,125.56666666666666,85.3,71.57026850119631,83.2,208.2,3,93.86666666666667,97.1,6.395571384429486,86.5,98.0,57.2
2026-10-02T13:00,5,79.52,77.1,5.772088010417029,74.1,88.0,5,3.6,1.0,6.4265076052238514,0.0,15.0,4,0.0,0.0,0.0,0.0,0.0,4,0.0,0.0,0.0,0.0,0.0,4,0.75,0.5,0.9574271077563382,0.0,2.0,5,1.2,1.0,1.0954451150103321,0.0,3.0,3,799.7333333333332,811.7,31.503386061395588,764.0,823.5,3,856.5,922.5,132.91726750125432,703.5,943.5,3,126.76666666666667,87.2,72.90448088652255,82.2,210.9,3,93.83333333333333,97.0,6.551590137770624,86.3,98.2,59.7
2026-10-02T14:00,5,79.74,77.3,5.593120774665963,74.4,87.6,5,3.0,1.0,5.612486080160912,0.0,13.0,4,0.0,0.0,0.0,0.0,0.0,4,0.0,0.0,0.0,0.0,0.0,4,0.5,0.5,0.5773502691896257,0.0,1.0,5,1.2,1.0,1.0954451150103321,0.0,3.0,3,752.3666666666667,762.9,27.837085575421412,720.8,773.4,3,819.9666666666667,878.3,120.86406965402638,681.0,900.6,3,121.3,86.9,65.55974374568589,80.1,196.9,3,93.39999999999999,96.7,6.963476143421474,85.4,98.1,62.6
2026-10-02T15:00,5,79.44,76.1,5.455089366820678,74.5,86.8,5,2.6,1.0,4.722287581247038,0.0,11.0,4,0.0,0.0,0.0,0.0,0.0,4,0.0,0.0,0.0,0.0,0.0,4,0.25,0.0,0.5,0.0,1.0,5,1.2,1.0,1.0954451150103321,0.0,3.0,3,644.6,654.7,24.93451423228449,616.2,662.9,3,767.8000000000001,817.6,113.78980622182293,637.6,848.2,3,108.3,83.2,55.025539524842465,70.3,171.4,3,90.23333333333333,92.8,6.258061467685771,83.1,94.8,64.7
2026-10-02T16:00,5,78.7,75.8,5.522680508593632,74.0,85.7,5,2.4,0.0,4.8270073544588685,0.0,11.0,4,0.0,0.0,0.0,0.0,0.0,4,0.0,0.0,0.0,0.0,0.0,4,0.0,0.0,0.0,0.0,0.0,5,1.4,1.0,1.140175425099138,0.0,3.0,3,486.23333333333335,496.7,21.05144492269673,462.0,500.0,3,682.1666666666666,735.9,109.57232010564229,556.1,754.5,3,92.53333333333335,71.3,42.98212806892341,64.3,142.0,3,83.93333333333334,83.4,6.01775151807827,78.2,90.2,65.4
2026-10-02T17:00,5,77.94000000000001,75.4,5.524762438331628,72.5,84.7,5,2.4,0.0,4.8270073544588685,0.0,11.0,4,0.0,0.0,0.0,0.0,0.0,4,0.0,0.0,0.0,0.0,0.0,4,0.0,0.0,0.0,0.0,0.0,5,1.4,1.0,1.140175425099138,0.0,3.0,3,295.46666666666664,302.6,13.319284265054652,280.1,303.7,3,547.9,608.0,108.10444024183276,423.1,612.6,3,68.73333333333333,51.3,32.29618140482452,48.9,106.0,3,74.96666666666665,71.8,7.008803987367129,70.1,83.0,66.6
2026-10-02T18:00,5,77.02,74.4,5.094310551978552,72.1,83.2,5,2.8,0.0,5.718391382198319,0.0,13.0,4,0.0,0.0,0.0,0.0,0.0,4,0.0,0.0,0.0,0.0,0.0,4,0.0,0.0,0.0,0.0,0.0,5,1.6,1.0,0.894427190999916,1.0,3.0,3,93.66666666666667,93.7,0.25166114784235816,93.4,93.9,3,276.79999999999995,306.9,56.34279013325481,211.8,311.7,3,32.833333333333336,26.0,12.888884099615971,24.8,47.7,3,59.0,57.4,4.995998398718716,55.0,64.6,74.3
2026-10-02T19:00,5,75.78,72.9,4.391696710839676,72.3,81.3,5,3.4,0.0,7.602631123499285,0.0,17.0,4,0.0,0.0,0.0,0.0,0.0,4,0.0,0.0,0.0,0.0,0.0,4,0.0,0.0,0.0,0.0,0.0,5,1.6,1.0,0.8944271909999159,1.0,3.0,3,0.0,0.0,0.0,0.0,0.0,3,0.0,0.0,0.0,0.0,0.0,3,0.0,0.0,0.0,0.0,0.0,3,29.600000000000005,33.0,6.954135460285484,21.6,34.2,80.8
2026-10-02T20:00,5,74.34,72.5,3.6664696916789072,71.1,79.2,5,4.4,0.0,9.838699100999074,0.0,22.0,4,0.0,0.0,0.0,0.0,0.0,4,0.0,0.0,0.0,0.0,0.0,4,0.0,0.0,0.0,0.0,0.0,5,1.8,1.0,1.0954451150103321,1.0,3.0,3,0.0,0.0,0.0,0.0,0.0,3,0.0,0.0,0.0,0.0,0.0,3,0.0,0.0,0.0,0.0,0.0,3,0.0,0.0,0.0,0.0,0.0,81.5
2026-10-02T21:00,5,72.78,72.4,3.19874975576396,69.2,77.0,5,5.2,0.0,11.627553482998907,0.0,26.0,4,0.0,0.0,0.0,0.0,0.0,4,0.0,0.0,0.0,0.0,0.0,4,0.0,0.0,0.0,0.0,0.0,5,2.0,1.0,1.4142135623730951,1.0,4.0,3,0.0,0.0,0.0,0.0,0.0,3,0.0,0.0,0.0,0.0,0.0,3,0.0,0.0,0.0,0.0,0.0,3,0.0,0.0,0.0,0.0,0.0,81.7
2026-10-02T22:00,5,71.35999999999999,72.3,2.997165327438574,67.4,75.1,5,6.2,0.0,13.863621460498695,0.0,31.0,4,0.0,0.0,0.0,0.0,0.0,4,0.0,0.0,0.0,0.0,0.0,4,0.0,0.0,0.0,0.0,0.0,5,2.0,1.0,2.0,0.0,5.0,3,0.0,0.0,0.0,0.0,0.0,3,0.0,0.0,0.0,0.0,0.0,3,0.0,0.0,0.0,0.0,0.0,3,0.0,0.0,0.0,0.0,0.0,80.7
2026-10-02T23:00,5,70.28,70.8,3.019437033620673,66.0,73.7,5,7.0,0.0,15.0996688705415,0.0,34.0,4,0.0,0.0,0.0,0.0,0.0,4,0.0,0.0,0.0,0.0,0.0,4,0.0,0.0,0.0,0.0,0.0,5,2.0,1.0,2.0,0.0,5.0,3,0.0,0.0,0.0,0.0,0.0,3,0.0,0.0,0.0,0.0,0.0,3,0.0,0.0,0.0,0.0,0.0,3,0.0,0.0,0.0,0.0,0.0,79.8
2026-10-03T00:00,5,69.41999999999999,69.2,3.1236196951613637,64.9,72.6,5,8.6,3.0,15.42076522096099,0.0,36.0,4,0.5,0.0,1.0,0.0,2.0,4,1.5,0.0,3.0,0.0,6.0,4,0.25,0.0,0.5,0.0,1.0,5,1.6,0.0,2.3021728866442674,0.0,5.0,3,0.0,0.0,0.0,0.0,0.0,3,0.0,0.0,0.0,0.0,0.0,3,0.0,0.0,0.0,0.0,0.0,3,0.0,0.0,0.0,0.0,0.0,79.2
2026-10-03T01:00,5,68.52,67.9,3.4368590311503877,63.5,72.0,5,10.4,6.0,15.372052563011877,0.0,37.0,4,1.0,0.0,2.0,0.0,4.0,4,3.5,0.0,7.0,0.0,14.0,4,0.25,0.0,0.5,0.0,1.0,5,1.4,0.0,1.949358868961793,0.0,4.0,3,0.0,0.0,0.0,0.0,0.0,3,0.0,0.0,0.0,0.0,0.0,3,0.0,0.0,0.0,0.0,0.0,3,0.0,0.0,0.0,0.0,0.0,78.3
2026-10-03T02:00,5,67.82000000000001,67.7,3.7532652450899384,62.4,71.9,5,12.4,9.0,15.662056059151366,0.0,38.0,4,1.75,0.0,3.5,0.0,7.0,4,6.0,0.0,12.0,0.0,24.0,4,0.75,0.5,0.9574271077563382,0.0,2.0,5,1.2,0.0,1.6431676725154984,0.0,3.0,3,0.0,0.0,0.0,0.0,0.0,3,0.0,0.0,0.0,0.0,0.0,3,0.0,0.0,0.0,0.0,0.0,3,0.0,0.0,0.0,0.0,0.0,77.1
2026-10-03T03:00,5,67.42,67.6,4.0431423422877435,61.7,71.9,5,14.8,12.0,15.927962832703999,0.0,39.0,4,2.5,0.0,5.0,0.0,10.0,4,8.5,0.0,17.0,0.0,34.0,4,1.5,1.5,1.2909944487358054,0.0,3.0,5,1.0,0.0,1.4142135623730951,0.0,3.0,3,0.0,0.0,0.0,0.0,0.0,3,0.0,0.0,0.0,0.0,0.0,3,0.0,0.0,0.0,0.0,0.0,3,0.0,0.0,0.0,0.0,0.0,76.0
2026-10-03T04:00,5,67.3,67.6,4.101219330881974,61.6,71.8,5,17.0,14.0,16.217274740226856,0.0,40.0,4,3.0,0.0,6.0,0.0,12.0,4,10.5,0.0,21.0,0.0,42.0,4,2.25,2.5,2.0615528128088303,0.0,4.0,5,0.8,0.0,1.3038404810405297,0.0,3.0,3,0.0,0.0,0.0,0.0,0.0,3,0.0,0.0,0.0,0.0,0.0,3,0.0,0.0,0.0,0.0,0.0,3,0.0,0.0,0.0,0.0,0.0,75.6
2026-10-03T05:00,5,67.7,67.5,3.984344362627308,62.3,71.9,5,18.0,15.0,16.446884203398525,0.0,40.0,4,3.25,0.0,6.5,0.0,13.0,4,11.5,0.0,22.999999999999996,0.0,46.0,4,2.5,2.5,2.3804761428476167,0.0,5.0,5,0.6,0.0,1.3416407864998738,0.0,3.0,3,0.0,0.0,0.0,0.0,0.0,3,0.0,0.0,0.0,0.0,0.0,3,0.0,0.0,0.0,0.0,0.0,3,0.0,0.0,0.0,0.0,0.0,75.8
2026-10-03T06:00,4,69.225,69.80000000000001,4.190763653560057,64.3,73.0,4,12.0,9.5,12.727922061357855,0.0,29.0,4,3.0,0.0,6.0,0.0,12.0,4,11.5,0.0,22.999999999999996,0.0,46.0,4,2.25,2.5,2.0615528128088303,0.0,4.0,3,1.0,0.0,1.7320508075688772,0.0,3.0,3,0.0,0.0,0.0,0.0,0.0,3,0.0,0.0,0.0,0.0,0.0,3,0.0,0.0,0.0,0.0,0.0,3,0.0,0.0,0.0,0.0,0.0,77.8
2026-10-03T07:00,4,71.55,71.44999999999999,3.6482872693909356,67.5,75.8,4,10.75,7.5,12.579745625409123,0.0,28.0,4,2.5,0.0,5.0,0.0,10.0,4,11.0,0.0,22.0,0.0,44.0,4,1.75,2.0,1.5,0.0,3.0,3,0.6666666666666666,0.0,1.1547005383792517,0.0,2.0,3,5.8,0.0,10.045894683899487,0.0,17.4,3,0.0,0.0,0.0,0.0,0.0,3,5.8,0.0,10.045894683899487,0.0,17.4,3,5.8,0.0,10.045894683899487,0.0,17.4,78.2
2026-10-03T08:00,4,74.55,73.9,3.4307433596816868,71.2,79.2,4,9.0,5.5,11.343133018115703,0.0,25.0,4,2.0,0.0,4.0,0.0,8.0,4,9.75,0.0,19.5,0.0,39.0,4,1.25,1.5,0.9574271077563382,0.0,2.0,3,0.6666666666666666,0.0,1.1547005383792517,0.0,2.0,3,179.4333333333333,166.3,25.122168165453665,163.6,208.4,3,829.6333333333333,825.6,175.08484609849404,656.6,1006.7,3,64.26666666666667,49.1,46.35000898957122,27.4,116.3,3,76.10000000000001,76.5,12.204917041913879,63.7,88.1,60.2
2026-10-03T09:00,4,78.125,77.45,3.235609164696299,75.1,82.5,4,7.5,4.5,9.327379053088816,0.0,21.0,4,1.25,0.0,2.5,0.0,5.0,4,8.5,0.0,17.0,0.0,34.0,4,1.0,1.0,0.816496580927726,0.0,2.0,3,0.3333333333333333,0.0,0.5773502691896258,0.0,1.0,3,392.5,389.7,7.313685801290627,387.0,400.8,3,909.9666666666667,991.3,188.55063864472416,694.4,1044.2,3,91.10000000000001,63.0,55.562667322582705,55.2,155.1,3,83.89999999999999,81.7,8.515867542417505,76.7,93.3,63.4
2026-10-03T10:00,4,81.625,81.25,3.1899582024429933,78.6,85.4,4,6.75,4.5,7.804912982645397,0.0,18.0,4,0.75,0.0,1.5,0.0,3.0,4,7.25,0.0,14.500000000000002,0.0,29.0,4,1.0,1.0,0.816496580927726,0.0,2.0,3,0.3333333333333333,0.0,0.5773502691896258,0.0,1.0,3,569.3333333333334,572.8,24.68326018445163,543.1,592.1,3,899.9666666666666,952.0,158.68277579287968,721.8,1026.1,3,111.43333333333332,89.9,55.14864761110043,70.3,174.1,3,88.3,85.1,5.716642371182583,84.9,94.9,65.2
2026-10-03T11:00,4,84.07499999999999,83.94999999999999,3.1148836254345076,81.2,87.2,4,7.0,6.5,7.164728420068227,0.0,15.0,4,0.25,0.0,0.5,0.0,1.0,4,6.0,0.0,12.0,0.0,24.0,4,2.25,0.5,3.862210075418823,0.0,8.0,3,0.0,0.0,0.0,0.0,0.0,3,701.9333333333334,706.6,31.956585132540937,667.9,731.3,3,885.0333333333334,926.7,135.7825221938868,733.3,995.1,3,127.56666666666668,106.4,55.56098751222239,85.7,190.6,3,91.46666666666665,92.0,4.5236416008933915,86.7,95.7,67.1
2026-10-03T12:00,4,85.17500000000001,84.85,2.519755279122689,83.0,88.0,4,9.5,6.5,11.676186592091328,0.0,25.0,4,0.0,0.0,0.0,0.0,0.0,4,5.0,0.0,10.0,0.0,20.0,4,5.75,0.5,10.843584893075414,0.0,22.0,3,0.3333333333333333,0.0,0.5773502691896258,0.0,1.0,3,793.6999999999999,796.4,43.413016481235175,749.0,835.7,3,900.5333333333333,967.9,144.36378816494576,734.8,998.9,3,125.5,94.6,67.48266444058059,79.0,202.9,3,94.7,97.4,6.114736298484178,87.7,99.0,63.3
2026-10-03T13:00,4,85.55,84.9,1.791647286716892,84.3,88.1,4,13.5,5.5,20.174241001832016,0.0,43.0,4,0.0,0.0,0.0,0.0,0.0,4,3.75,0.0,7.5,0.0,15.0,4,10.25,0.5,19.83893478323202,0.0,40.0,3,0.6666666666666666,0.0,1.1547005383792517,0.0,2.0,3,805.3000000000001,812.6,28.46102598291213,773.9,829.4,3,858.3333333333334,909.9,111.66854227280541,730.2,934.9,3,134.36666666666667,118.2,61.85534199512061,82.2,202.7,3,94.63333333333333,97.4,5.680082159030222,88.1,98.4,64.9
2026-10-03T14:00,4,85.75,85.19999999999999,1.3102162671355693,84.9,87.7,4,17.0,4.0,28.832851633741214,0.0,60.0,4,0.0,0.0,0.0,0.0,0.0,4,2.75,0.0,5.5,0.0,11.0,4,14.75,0.5,28.8371866404012,0.0,58.0,3,1.0,0.0,1.7320508075688772,0.0,3.0,3,748.1999999999999,746.0,16.311652276823462,733.1,765.5,3,797.1666666666666,788.2,89.18869509827653,712.8,890.5,3,138.20000000000002,142.8,52.05266563779419,84.0,187.8,3,93.10000000000001,94.5,4.950757517794626,87.6,97.2,64.1
2026-10-03T15:00,4,86.025,85.85,0.6075908711186111,85.5,86.9,4,20.0,2.5,36.70603946673263,0.0,75.0,4,0.0,0.0,0.0,0.0,0.0,4,1.5,0.0,3.0,0.0,6.0,4,18.75,0.5,36.83634980106833,0.0,74.0,3,1.3333333333333333,0.0,2.3094010767585034,0.0,4.0,3,625.3333333333334,627.7,33.91199394511232,590.3,658.0,3,684.6999999999999,669.8,138.9504587973714,553.8,830.5,3,150.33333333333334,163.7,63.4154818110951,81.3,206.0,3,86.73333333333335,85.4,8.578072821638514,78.9,95.9,54.5
2026-10-03T16:00,4,86.2,86.05,0.74386378681405,85.5,87.2,4,23.25,1.5,44.50749000636484,0.0,90.0,4,0.0,0.0,0.0,0.0,0.0,4,0.75,0.0,1.5,0.0,3.0,4,22.5,0.5,44.335839528159,0.0,89.0,3,1.6666666666666667,0.0,2.8867513459481287,0.0,5.0,3,464.43333333333334,469.2,37.676827538068174,424.6,499.5,3,588.4,581.4,155.31835049343013,436.7,747.1,3,127.7,137.4,52.32867282857458,71.2,174.5,3,80.13333333333334,80.2,11.30014749166282,68.8,91.4,51.9
2026-10-03T17:00,4,86.05,85.75,1.5198684153570616,84.7,88.0,4,25.25,0.5,49.83556293785927,0.0,100.0,4,0.0,0.0,0.0,0.0,0.0,4,0.0,0.0,0.0,0.0,0.0,4,25.25,0.5,49.83556293785927,0.0,100.0,3,1.6666666666666667,0.0,2.8867513459481287,0.0,5.0,3,277.90000000000003,283.7,29.628871055104334,245.8,304.2,3,462.7333333333333,442.6,145.1510362806044,328.7,616.9,3,88.7,103.7,32.783532451522056,51.1,111.3,3,71.43333333333334,71.8,12.953892593862797,58.3,84.2,51.6
2026-10-03T18:00,4,85.225,85.0,2.3185843381972,83.0,87.9,4,25.25,0.5,49.83556293785927,0.0,100.0,4,0.0,0.0,0.0,0.0,0.0,4,0.0,0.0,0.0,0.0,0.0,4,25.25,0.5,49.83556293785927,0.0,100.0,3,2.0,1.0,2.6457513110645907,0.0,5.0,3,84.69999999999999,92.2,13.338290745069257,69.3,92.6,3,230.83333333333334,216.7,70.76654105813944,168.2,307.6,3,35.1,33.1,10.24743870437877,26.0,46.2,3,57.06666666666666,58.4,9.172967531466215,47.3,65.5,58.8
2026-10-03T19:00,4,83.925,83.75,3.1340867888429624,81.0,87.2,4,25.25,0.5,49.83556293785927,0.0,100.0,4,0.0,0.0,0.0,0.0,0.0,4,0.0,0.0,0.0,0.0,0.0,4,25.25,0.5,49.83556293785927,0.0,100.0,3,2.3333333333333335,2.0,2.5166114784235836,0.0,5.0,3,0.0,0.0,0.0,0.0,0.0,3,0.0,0.0,0.0,0.0,0.0,3,0.0,0.0,0.0,0.0,0.0,3,27.733333333333334,26.1,6.115826463637872,22.6,34.5,65.2
2026-10-03T20:00,4,82.2,82.15,4.052159917870962,78.5,86.0,4,25.25,0.5,49.83556293785927,0.0,100.0,4,0.0,0.0,0.0,0.0,0.0,4,0.0,0.0,0.0,0.0,0.0,4,25.25,0.5,49.83556293785927,0.0,100.0,3,2.6666666666666665,3.0,2.516611478423583,0.0,5.0,3,0.0,0.0,0.0,0.0,0.0,3,0.0,0.0,0.0,0.0,0.0,3,0.0,0.0,0.0,0.0,0.0,3,0.0,0.0,0.0,0.0,0.0,62.3
2026-10-03T21:00,4,80.225,80.1,4.7119528860123365,76.1,84.6,4,25.5,1.0,49.67561440653418,0.0,100.0,4,0.0,0.0,0.0,0.0,0.0,4,0.0,0.0,0.0,0.0,0.0,4,25.0,0.5,49.33558553417604,0.0,99.0,3,3.0,4.0,2.6457513110645907,0.0,5.0,3,0.0,0.0,0.0,0.0,0.0,3,0.0,0.0,0.0,0.0,0.0,3,0.0,0.0,0.0,0.0,0.0,3,0.0,0.0,0.0,0.0,0.0,60.3
2026-10-03T22:00,4,78.15,77.7,5.040171954738582,73.7,83.5,4,25.25,1.0,49.175705383857995,0.0,99.0,4,0.0,0.0,0.0,0.0,0.0,4,0.0,0.0,0.0,0.0,0.0,4,24.75,0.5,48.835608593184,0.0,98.0,3,3.3333333333333335,5.0,2.8867513459481287,0.0,5.0,3,0.0,0.0,0.0,0.0,0.0,3,0.0,0.0,0.0,0.0,0.0,3,0.0,0.0,0.0,0.0,0.0,3,0.0,0.0,0.0,0.0,0.0,59.2
2026-10-03T23:00,4,76.375,75.65,5.163574343417547,71.9,82.3,4,25.0,1.5,48.02082881417187,0.0,97.0,4,0.25,0.0,0.5,0.0,1.0,4,0.0,0.0,0.0,0.0,0.0,4,24.0,0.5,47.33568069296845,0.0,95.0,3,3.6666666666666665,5.0,3.2145502536643185,0.0,6.0,3,0.0,0.0,0.0,0.0,0.0,3,0.0,0.0,0.0,0.0,0.0,3,0.0,0.0,0.0,0.0,0.0,3,0.0,0.0,0.0,0.0,0.0,58.9
2026-10-04T00:00,4,74.75,74.05,4.969574093085508,70.4,80.5,4,24.25,2.0,45.87210481327405,0.0,93.0,4,0.5,0.0,1.0,0.0,2.0,4,0.0,0.0,0.0,0.0,0.0,4,22.75,0.5,44.83581157958446,0.0,90.0,3,3.3333333333333335,5.0,2.8867513459481287,0.0,5.0,3,0.0,0.0,0.0,0.0,0.0,3,0.0,0.0,0.0,0.0,0.0,3,0.0,0.0,0.0,0.0,0.0,3,0.0,0.0,0.0,0.0,0.0,59.5
2026-10-04T01:00,4,73.1,72.7,4.532107677449863,69.0,78.0,4,23.75,3.5,42.96025294773453,0.0,88.0,4,1.0,0.0,2.0,0.0,4.0,4,0.0,0.0,0.0,0.0,0.0,4,21.5,1.0,41.677331968349414,0.0,84.0,3,3.0,4.0,2.6457513110645907,0.0,5.0,3,0.0,0.0,0.0,0.0,0.0,3,0.0,0.0,0.0,0.0,0.0,3,0.0,0.0,0.0,0.0,0.0,3,0.0,0.0,0.0,0.0,0.0,60.8
2026-10-04T02:00,4,71.625,71.65,4.030198506277331,67.8,75.4,4,23.75,4.5,41.7163037672323,0.0,86.0,4,1.5,0.0,3.0,0.0,6.0,4,0.0,0.0,0.0,0.0,0.0,4,20.75,1.0,40.1777301499226,0.0,81.0,3,2.6666666666666665,3.0,2.516611478423583,0.0,5.0,3,0.0,0.0,0.0,0.0,0.0,3,0.0,0.0,0.0,0.0,0.0,3,0.0,0.0,0.0,0.0,0.0,3,0.0,0.0,0.0,0.0,0.0,62.4
2026-10-04T03:00,4,70.55000000000001,70.35,3.690076783302306,67.1,74.4,4,25.0,5.5,42.98061578587879,0.0,89.0,4,2.0,0.0,4.0,0.0,8.0,4,0.0,0.0,0.0,0.0,0.0,4,22.25,1.5,42.52352290203623,0.0,86.0,3,2.3333333333333335,2.0,2.5166114784235836,0.0,5.0,3,0.0,0.0,0.0,0.0,0.0,3,0.0,0.0,0.0,0.0,0.0,3,0.0,0.0,0.0,0.0,0.0,3,0.0,0.0,0.0,0.0,0.0,63.5
2026-10-04T04:00,4,70.125,69.55,3.5169826082405753,67.0,74.4,4,26.75,6.0,45.850299889968,0.0,95.0,4,2.5,0.0,5.0,0.0,10.0,4,0.0,0.0,0.0,0.0,0.0,4,24.25,1.5,46.521500405726385,0.0,94.0,3,2.0,1.0,2.6457513110645907,0.0,5.0,3,0.0,0.0,0.0,0.0,0.0,3,0.0,0.0,0.0,0.0,0.0,3,0.0,0.0,0.0,0.0,0.0,3,0.0,0.0,0.0,0.0,0.0,64.0
2026-10-04T05:00,4,70.44999999999999,69.80000000000001,3.337164465031153,67.6,74.6,4,28.25,6.5,48.22430231048794,0.0,100.0,4,2.5,0.0,5.0,0.0,10.0,4,0.0,0.0,0.0,0.0,0.0,4,25.75,1.5,49.520197899443005,0.0,100.0,3,1.6666666666666667,0.0,2.8867513459481287,0.0,5.0,3,0.0,0.0,0.0,0.0,0.0,3,0.0,0.0,0.0,0.0,0.0,3,0.0,0.0,0.0,0.0,0.0,3,0.0,0.0,0.0,0.0,0.0,64.6
2026-10-04T06:00,4,71.925,71.65,2.8998563182796917,69.4,75.0,4,28.0,6.0,48.33218389437828,0.0,100.0,4,2.25,0.0,4.5,0.0,9.0,4,0.0,0.0,0.0,0.0,0.0,4,25.75,1.5,49.520197899443005,0.0,100.0,3,1.6666666666666667,0.0,2.8867513459481287,0.0,5.0,3,0.0,0.0,0.0,0.0,0.0,3,0.0,0.0,0.0,0.0,0.0,3,0.0,0.0,0.0,0.0,0.0,3,0.0,0.0,0.0,0.0,0.0,65.9
2026-10-04T07:00,4,74.3,73.95,2.7507574714370304,71.7,77.6,4,27.5,5.0,48.56267428111155,0.0,100.0,4,2.0,0.0,4.0,0.0,8.0,4,0.0,0.0,0.0,0.0,0.0,4,25.75,1.5,49.520197899443005,0.0,100.0,3,1.6666666666666667,0.0,2.8867513459481287,0.0,5.0,3,6.5,0.0,11.258330249197702,0.0,19.5,3,0.0,0.0,0.0,0.0,0.0,3,6.5,0.0,11.258330249197702,0.0,19.5,3,7.366666666666667,0.0,12.75944094909073,0.0,22.1,64.8
2026-10-04T08:00,4,77.44999999999999,76.4,3.422961680572354,74.6,82.4,4,27.0,4.0,48.81256668796127,0.0,100.0,4,1.5,0.0,3.0,0.0,6.0,4,0.0,0.0,0.0,0.0,0.0,4,25.5,1.0,49.67561440653418,0.0,100.0,3,1.6666666666666667,0.0,2.8867513459481287,0.0,5.0,3,167.06666666666666,166.1,46.45754334156438,121.1,214.0,3,714.5,688.5,287.18406989246455,441.2,1013.8,3,68.86666666666666,60.6,45.86222119929794,27.7,118.3,3,72.03333333333335,78.9,20.57798176044807,48.9,88.3,32.9
2026-10-04T09:00,4,80.94999999999999,79.5,4.264973622427229,77.6,87.2,4,21.75,3.0,39.60113634733226,0.0,81.0,4,0.75,0.0,1.5,0.0,3.0,4,0.0,0.0,0.0,0.0,0.0,4,20.75,1.0,40.1777301499226,0.0,81.0,3,1.6666666666666667,0.0,2.8867513459481287,0.0,5.0,3,384.1333333333334,392.9,18.481432123440378,362.9,396.6,3,865.3666666666667,855.3,139.77214791700573,730.9,1009.9,3,100.06666666666666,82.4,48.2879211949876,63.1,154.7,3,84.26666666666667,84.3,9.4500440916079,74.8,93.7,45.1
2026-10-04T10:00,4,84.17500000000001,82.65,4.903994970089862,80.1,91.3,4,14.5,1.5,27.03701166919155,0.0,55.0,4,0.25,0.0,0.5,0.0,1.0,4,0.0,0.0,0.0,0.0,0.0,4,14.0,0.5,27.337398071750233,0.0,55.0,3,1.6666666666666667,0.0,2.8867513459481287,0.0,5.0,3,563.5333333333333,560.2,12.926458653990736,552.6,577.8,3,881.1666666666666,923.8,114.08945320814422,751.9,967.8,3,118.0,93.4,45.58464653806147,90.0,170.6,3,88.63333333333333,87.0,6.0185823358439965,83.6,95.3,52.2
2026-10-04T11:00,4,86.425,85.0,5.212405075074914,81.8,93.9,4,8.75,1.0,16.194134740701646,0.0,33.0,4,0.0,0.0,0.0,0.0,0.0,4,0.0,0.0,0.0,0.0,0.0,4,8.5,0.5,16.34013463836819,0.0,33.0,3,1.6666666666666667,0.0,2.8867513459481287,0.0,5.0,3,699.8666666666667,709.7,21.14103434870992,675.6,714.3,3,885.3000000000001,943.7,111.34882127800006,756.9,955.3,3,128.4333333333333,106.4,49.93919636251001,93.3,185.6,3,92.06666666666666,91.7,3.863073042712668,88.4,96.1,58.1
2026-10-04T12:00,4,87.45,86.1,5.250079364479487,82.7,94.9,4,4.75,0.5,8.845903006477066,0.0,18.0,4,0.0,0.0,0.0,0.0,0.0,4,0.0,0.0,0.0,0.0,0.0,4,4.75,0.5,8.845903006477066,0.0,18.0,3,1.6666666666666667,0.0,2.8867513459481287,0.0,5.0,3,788.1333333333333,804.5,31.249373327049803,752.1,807.8,3,906.1999999999999,984.2,136.48794818591128,748.6,985.8,3,119.16666666666667,82.1,68.75386049767194,76.9,198.5,3,95.03333333333335,97.8,5.58957362715023,88.6,98.7,59.3
2026-10-04T13:00,4,87.9,86.7,5.200640986134946,83.1,95.1,4,2.0,0.5,3.366501646120693,0.0,7.0,4,0.0,0.0,0.0,0.0,0.0,4,0.0,0.0,0.0,0.0,0.0,4,2.0,0.5,3.366501646120693,0.0,7.0,3,2.0,1.0,1.7320508075688772,1.0,4.0,3,805.7666666666668,823.2,30.368788802540845,770.7,823.4,3,882.0666666666666,950.0,129.53132182346218,732.7,963.5,3,119.96666666666665,85.1,70.13311153323609,74.1,200.7,3,94.93333333333334,97.7,5.770904030854557,88.3,98.8,64.2
2026-10-04T14:00,4,87.925,87.0,4.934487477607643,83.2,94.5,4,0.25,0.0,0.5,0.0,1.0,4,0.0,0.0,0.0,0.0,0.0,4,0.0,0.0,0.0,0.0,0.0,4,0.25,0.0,0.5,0.0,1.0,3,1.6666666666666667,1.0,1.1547005383792517,1.0,3.0,3,757.5666666666666,772.8,27.343067372431545,726.0,773.9,3,845.6,906.8,119.22801684168026,708.2,921.8,3,114.26666666666667,84.0,63.647885537017906,71.4,187.4,3,94.5,97.5,6.26418390534633,87.3,98.7,68.5
2026-10-04T15:00,4,87.675,87.2,4.488039661143826,83.0,93.3,4,0.5,0.0,1.0,0.0,2.0,4,0.0,0.0,0.0,0.0,0.0,4,0.0,0.0,0.0,0.0,0.0,4,0.25,0.0,0.5,0.0,1.0,3,1.6666666666666667,2.0,0.5773502691896257,1.0,2.0,3,647.0666666666667,658.2,24.478834394908077,619.0,664.0,3,789.4333333333334,846.2,111.4757522214286,661.0,861.1,3,103.0,80.3,53.493270604815336,64.6,164.1,3,91.5,93.0,6.18789140176199,84.7,96.8,70.7
2026-10-04T16:00,4,87.10000000000001,87.1,4.157723736212726,82.3,91.9,4,0.5,0.0,1.0,0.0,2.0,4,0.0,0.0,0.0,0.0,0.0,4,0.0,0.0,0.0,0.0,0.0,4,0.25,0.0,0.5,0.0,1.0,3,1.6666666666666667,2.0,0.5773502691896258,1.0,2.0,3,485.7333333333333,494.2,21.207860178088016,461.6,501.4,3,700.4,761.5,110.27452108261451,573.1,766.6,3,88.26666666666667,68.5,42.72895193347637,59.0,137.3,3,85.26666666666667,84.1,6.331139971074195,79.6,92.1,72.3
2026-10-04T17:00,4,86.275,86.6,3.9296946446257066,81.4,90.5,4,0.75,0.0,1.5,0.0,3.0,4,0.0,0.0,0.0,0.0,0.0,4,0.0,0.0,0.0,0.0,0.0,4,0.5,0.0,1.0,0.0,2.0,3,1.6666666666666667,2.0,1.5275252316519465,0.0,3.0,3,292.1,296.6,13.811227316933133,276.6,303.1,3,562.1999999999999,624.9,112.86970364096821,431.9,629.8,3,64.89999999999999,47.8,33.05313903398587,43.9,103.0,3,76.06666666666666,72.3,7.677456175930502,71.0,84.9,73.4
2026-10-04T18:00,4,84.94999999999999,85.5,3.7572152808518484,80.0,88.8,4,1.0,0.0,2.0,0.0,4.0,4,0.0,0.0,0.0,0.0,0.0,4,0.0,0.0,0.0,0.0,0.0,4,0.75,0.0,1.5,0.0,3.0,3,2.0,2.0,2.0,0.0,4.0,3,87.5,87.6,1.0535653752852707,86.4,88.5,3,276.43333333333334,310.3,58.74541116830603,208.6,310.4,3,29.5,22.9,12.931743888586722,21.2,44.4,3,59.5,57.8,5.452522352086232,55.1,65.6,80.8
2026-10-04T19:00,4,83.05,83.85,3.6097091295560064,78.0,86.5,4,1.25,0.0,2.5,0.0,5.0,4,0.0,0.0,0.0,0.0,0.0,4,0.0,0.0,0.0,0.0,0.0,4,1.0,0.0,2.0,0.0,4.0,3,2.6666666666666665,2.0,3.0550504633038935,0.0,6.0,3,0.0,0.0,0.0,0.0,0.0,3,0.0,0.0,0.0,0.0,0.0,3,0.0,0.0,0.0,0.0,0.0,3,29.2,32.6,6.06300255648965,22.2,32.8,86.9
2026-10-04T20:00,4,80.9,81.95,3.617549815367671,75.7,84.0,4,1.75,0.0,3.5,0.0,7.0,4,0.0,0.0,0.0,0.0,0.0,4,0.0,0.0,0.0,0.0,0.0,4,1.25,0.0,2.5,0.0,5.0,3,3.0,2.0,3.605551275463989,0.0,7.0,3,0.0,0.0,0.0,0.0,0.0,3,0.0,0.0,0.0,0.0,0.0,3,0.0,0.0,0.0,0.0,0.0,3,0.0,0.0,0.0,0.0,0.0,86.2
2026-10-04T21:00,4,78.69999999999999,80.0,3.8427420765212275,73.3,81.5,4,2.0,0.0,4.0,0.0,8.0,4,0.0,0.0,0.0,0.0,0.0,4,0.0,0.0,0.0,0.0,0.0,4,1.75,0.0,3.5,0.0,7.0,3,3.3333333333333335,2.0,4.163331998932265,0.0,8.0,3,0.0,0.0,0.0,0.0,0.0,3,0.0,0.0,0.0,0.0,0.0,3,0.0,0.0,0.0,0.0,0.0,3,0.0,0.0,0.0,0.0,0.0,85.1
2026-10-04T22:00,4,76.67500000000001,77.55000000000001,4.041761167280093,71.3,80.3,4,2.5,0.0,5.0,0.0,10.0,4,0.0,0.0,0.0,0.0,0.0,4,0.0,0.0,0.0,0.0,0.0,4,2.0,0.0,4.0,0.0,8.0,3,3.6666666666666665,2.0,4.725815626252609,0.0,9.0,3,0.0,0.0,0.0,0.0,0.0,3,0.0,0.0,0.0,0.0,0.0,3,0.0,0.0,0.0,0.0,0.0,3,0.0,0.0,0.0,0.0,0.0,83.8
2026-10-04T23:00,4,74.95,75.5,4.12997175131582,69.7,79.1,4,2.75,0.0,5.5,0.0,11.0,4,0.0,0.0,0.0,0.0,0.0,4,0.0,0.0,0.0,0.0,0.0,4,2.25,0.0,4.5,0.0,9.0,3,4.0,2.0,5.291502622129181,0.0,10.0,3,0.0,0.0,0.0,0.0,0.0,3,0.0,0.0,0.0,0.0,0.0,3,0.0,0.0,0.0,0.0,0.0,3,0.0,0.0,0.0,0.0,0.0,83.2
2026-10-05T00:00,4,73.375,73.69999999999999,3.879325542754396,68.6,77.5,4,3.0,0.0,6.0,0.0,12.0,4,0.0,0.0,0.0,0.0,0.0,4,0.0,0.0,0.0,0.0,0.0,4,2.5,0.0,5.0,0.0,10.0,3,4.0,2.0,5.291502622129181,0.0,10.0,3,0.0,0.0,0.0,0.0,0.0,3,0.0,0.0,0.0,0.0,0.0,3,0.0,0.0,0.0,0.0,0.0,3,0.0,0.0,0.0,0.0,0.0,83.6
2026-10-05T01:00,4,71.80000000000001,71.85,3.512833614050056,67.7,75.8,4,3.25,0.0,6.5,0.0,13.0,4,0.25,0.0,0.5,0.0,1.0,4,0.0,0.0,0.0,0.0,0.0,4,2.75,0.0,5.5,0.0,11.0,3,3.3333333333333335,1.0,4.932882862316247,0.0,9.0,3,0.0,0.0,0.0,0.0,0.0,3,0.0,0.0,0.0,0.0,0.0,3,0.0,0.0,0.0,0.0,0.0,3,0.0,0.0,0.0,0.0,0.0,84.4
2026-10-05T02:00,4,70.475,70.2,3.256148031032986,67.0,74.5,4,3.5,0.0,7.0,0.0,14.0,4,0.5,0.0,1.0,0.0,2.0,4,0.0,0.0,0.0,0.0,0.0,4,2.75,0.0,5.5,0.0,11.0,3,3.0,1.0,4.358898943540674,0.0,8.0,3,0.0,0.0,0.0,0.0,0.0,3,0.0,0.0,0.0,0.0,0.0,3,0.0,0.0,0.0,0.0,0.0,3,0.0,0.0,0.0,0.0,0.0,84.8
2026-10-05T03:00,4,69.67500000000001,69.05000000000001,3.093406967514403,66.8,73.8,4,3.75,0.0,7.5,0.0,15.0,4,0.5,0.0,1.0,0.0,2.0,4,0.0,0.0,0.0,0.0,0.0,4,3.0,0.0,6.0,0.0,12.0,3,2.6666666666666665,1.0,3.7859388972001824,0.0,7.0,3,0.0,0.0,0.0,0.0,0.0,3,0.0,0.0,0.0,0.0,0.0,3,0.0,0.0,0.0,0.0,0.0,3,0.0,0.0,0.0,0.0,0.0,85.0
2026-10-05T04:00,4,69.4,68.55000000000001,3.05395917894569,66.9,73.6,4,4.0,0.0,8.0,0.0,16.0,4,0.75,0.0,1.5,0.0,3.0,4,0.0,0.0,0.0,0.0,0.0,4,3.0,0.0,6.0,0.0,12.0,3,2.3333333333333335,0.0,4.041451884327381,0.0,7.0,3,0.0,0.0,0.0,0.0,0.0,3,0.0,0.0,0.0,0.0,0.0,3,0.0,0.0,0.0,0.0,0.0,3,0.0,0.0,0.0,0.0,0.0,84.7
2026-10-05T05:00,4,69.925,69.25,2.765712686933815,67.6,73.6,4,4.0,0.0,8.0,0.0,16.0,4,0.75,0.0,1.5,0.0,3.0,4,0.0,0.0,0.0,0.0,0.0,4,3.0,0.0,6.0,0.0,12.0,3,2.0,0.0,3.4641016151377544,0.0,6.0,3,0.0,0.0,0.0,0.0,0.0,3,0.0,0.0,0.0,0.0,0.0,3,0.0,0.0,0.0,0.0,0.0,3,0.0,0.0,0.0,0.0,0.0,85.6
2026-10-05T06:00,4,71.35,71.44999999999999,2.215851980616036,69.1,73.4,4,4.0,0.0,8.0,0.0,16.0,4,0.75,0.0,1.5,0.0,3.0,4,0.0,0.0,0.0,0.0,0.0,4,3.0,0.0,6.0,0.0,12.0,3,2.3333333333333335,1.0,3.2145502536643185,0.0,6.0,3,0.0,0.0,0.0,0.0,0.0,3,0.0,0.0,0.0,0.0,0.0,3,0.0,0.0,0.0,0.0,0.0,3,0.0,0.0,0.0,0.0,0.0,87.4
2026-10-05T07:00,4,73.825,73.15,2.586342333618399,71.5,77.5,4,3.75,0.0,7.5,0.0,15.0,4,0.5,0.0,1.0,0.0,2.0,4,0.0,0.0,0.0,0.0,0.0,4,2.75,0.0,5.5,0.0,11.0,3,2.6666666666666665,2.0,3.0550504633038935,0.0,6.0,3,7.3999999999999995,0.0,12.817175976009691,0.0,22.2,3,0.0,0.0,0.0,0.0,0.0,3,7.3999999999999995,0.0,12.817175976009691,0.0,22.2,3,9.066666666666666,0.0,15.70392732195782,0.0,27.2,84.8
2026-10-05T08:00,4,76.92500000000001,75.35,3.9752358420601954,74.3,82.7,4,3.25,0.0,6.5,0.0,13.0,4,0.5,0.0,1.0,0.0,2.0,4,0.0,0.0,0.0,0.0,0.0,4,2.5,0.0,5.0,0.0,10.0,3,3.0,3.0,3.0,0.0,6.0,3,175.5,162.1,28.929569647680566,155.7,208.7,3,814.2666666666668,777.9,164.29687560429545,671.2,993.7,3,64.8,50.0,46.02086483324711,28.0,116.4,3,75.7,78.0,13.596690773861118,61.1,88.0,62.5
2026-10-05T09:00,4,80.45,78.65,5.196473162957095,76.6,87.9,4,3.0,0.0,6.0,0.0,12.0,4,0.25,0.0,0.5,0.0,1.0,4,0.0,0.0,0.0,0.0,0.0,4,2.25,0.0,4.5,0.0,9.0,3,3.3333333333333335,4.0,3.0550504633038935,0.0,6.0,3,385.7,385.9,4.003748243833527,381.6,389.6,3,898.2000000000002,975.7,156.74632372084528,717.8,1001.1,3,93.5,64.5,52.49723802258553,61.9,154.1,3,83.86666666666667,83.4,9.308777220093598,74.8,93.4,63.2
2026-10-05T10:00,4,83.8,81.65,5.943624034767568,79.6,92.3,4,2.75,0.0,5.5,0.0,11.0,4,0.0,0.0,0.0,0.0,0.0,4,0.0,0.0,0.0,0.0,0.0,4,2.25,0.0,4.5,0.0,9.0,3,3.6666666666666665,5.0,3.2145502536643185,0.0,6.0,3,561.6,567.5,12.538341198101095,547.2,570.1,3,895.1,958.5,129.60489959874204,746.0,980.8,3,111.86666666666667,90.0,51.41452453668451,75.0,170.6,3,88.39999999999999,86.7,6.032412452742264,83.4,95.1,62.8
2026-10-05T11:00,4,86.04999999999998,83.95,6.373120638012956,81.2,95.1,4,2.5,0.0,5.0,0.0,10.0,4,0.0,0.0,0.0,0.0,0.0,4,0.0,0.0,0.0,0.0,0.0,4,2.0,0.0,4.0,0.0,8.0,3,3.6666666666666665,5.0,3.2145502536643185,0.0,6.0,3,695.3333333333334,705.8,19.79705365283769,672.5,707.7,3,889.7666666666668,933.8,116.37526942324705,757.8,977.7,3,124.13333333333333,107.5,54.10289579434111,80.3,184.6,3,91.63333333333333,90.6,3.855299383100274,88.4,95.9,62.1
2026-10-05T12:00,4,87.125,85.1,6.539813962695476,82.1,96.2,4,2.25,0.0,4.5,0.0,9.0,4,0.0,0.0,0.0,0.0,0.0,4,0.0,0.0,0.0,0.0,0.0,4,2.0,0.0,4.0,0.0,8.0,3,3.6666666666666665,5.0,3.2145502536643185,0.0,6.0,3,783.5999999999999,798.4,26.4176077645194,753.1,799.3,3,906.3000000000001,976.6,128.0491702433093,758.5,983.8,3,118.06666666666666,82.1,66.85000623285934,76.9,195.2,3,94.86666666666667,97.6,4.821134029803922,89.3,97.7,59.9
2026-10-05T13:00,4,87.45,85.65,6.633500835406093,82.3,96.2,4,2.25,0.0,4.5,0.0,9.0,4,0.0,0.0,0.0,0.0,0.0,4,0.0,0.0,0.0,0.0,0.0,4,1.75,0.0,3.5,0.0,7.0,3,3.3333333333333335,4.0,3.0550504633038935,0.0,6.0,3,802.0,814.3,22.88077795880201,775.6,816.1,3,883.3666666666667,944.5,115.54329635826274,750.1,955.5,3,118.76666666666665,84.1,66.19919435562139,77.1,195.1,3,95.0,97.7,4.763402145525822,89.5,97.8,61.3
2026-10-05T14:00,4,87.275,86.0,6.602209226211077,81.7,95.4,4,2.25,0.0,4.5,0.0,9.0,4,0.0,0.0,0.0,0.0,0.0,4,0.0,0.0,0.0,0.0,0.0,4,1.75,0.0,3.5,0.0,7.0,3,3.0,3.0,3.0,0.0,6.0,3,754.3666666666667,765.7,19.803366717135066,731.5,765.9,3,846.7000000000002,900.2,103.67858988238604,727.2,912.7,3,113.90000000000002,84.9,58.830179330000334,75.2,181.6,3,94.60000000000001,97.5,5.197114584074513,88.6,97.7,63.0
2026-10-05T15:00,4,86.725,86.05000000000001,6.433441277160039,80.9,93.9,4,2.25,0.0,4.5,0.0,9.0,4,0.0,0.0,0.0,0.0,0.0,4,0.0,0.0,0.0,0.0,0.0,4,1.75,0.0,3.5,0.0,7.0,3,2.6666666666666665,2.0,3.0550504633038935,0.0,6.0,3,643.8000000000001,653.1,18.766193007640098,622.2,656.1,3,791.6666666666666,840.5,100.30166166785742,676.3,858.2,3,101.90000000000002,80.3,50.77164563021372,65.5,159.9,3,91.46666666666665,91.9,5.3631458430042045,85.9,96.6,64.0
2026-10-05T16:00,4,85.825,85.69999999999999,6.337915009422783,79.7,92.2,4,2.0,0.0,4.0,0.0,8.0,4,0.0,0.0,0.0,0.0,0.0,4,0.0,0.0,0.0,0.0,0.0,4,1.75,0.0,3.5,0.0,7.0,3,2.3333333333333335,1.0,3.2145502536643185,0.0,6.0,3,482.1333333333334,491.8,19.219087734159878,460.0,494.6,3,700.6999999999999,756.1,105.98169653293907,578.5,767.5,3,87.86666666666667,68.4,41.48039697656392,59.7,135.5,3,85.16666666666667,83.4,6.240459384799592,80.0,92.1,64.1
2026-10-05T17:00,4,84.75,84.94999999999999,6.170089140360944,78.6,90.5,4,2.0,0.0,4.0,0.0,8.0,4,0.0,0.0,0.0,0.0,0.0,4,0.0,0.0,0.0,0.0,0.0,4,1.75,0.0,3.5,0.0,7.0,3,2.0,0.0,3.4641016151377544,0.0,6.0,3,287.8666666666667,293.9,13.501975164150394,272.4,297.3,3,558.6,621.7,111.63883732823443,429.7,624.4,3,64.93333333333334,48.4,32.07340539034378,44.5,101.9,3,75.8,71.8,7.720751258783046,70.9,84.7,64.8
2026-10-05T18:00,4,83.32500000000002,83.65,5.559601304650052,77.7,88.3,4,2.5,1.0,3.785938897200182,0.0,8.0,4,0.0,0.0,0.0,0.0,0.0,4,0.0,0.0,0.0,0.0,0.0,4,2.25,1.0,3.304037933599835,0.0,7.0,3,2.0,0.0,3.4641016151377544,0.0,6.0,3,83.2,83.5,0.9848857801796156,82.1,84.0,3,266.73333333333335,298.6,61.26747369798542,196.1,305.5,3,28.5,22.4,12.067725552066554,20.7,42.4,3,58.866666666666674,56.7,5.575242894559243,54.7,65.2,73.7
2026-10-05T19:00,4,81.375,81.55000000000001,4.672169374783698,76.8,85.6,4,2.75,2.0,3.4034296427770228,0.0,7.0,4,0.0,0.0,0.0,0.0,0.0,4,0.0,0.0,0.0,0.0,0.0,4,2.5,2.0,3.0,0.0,6.0,3,2.3333333333333335,1.0,3.214550253664318,0.0,6.0,3,0.0,0.0,0.0,0.0,0.0,3,0.0,0.0,0.0,0.0,0.0,3,0.0,0.0,0.0,0.0,0.0,3,28.233333333333334,31.4,5.746593193652505,21.6,31.7,83.0
2026-10-05T20:00,4,79.175,79.1,3.514138111495711,75.9,82.6,4,3.25,3.0,3.774917217635375,0.0,7.0,4,0.0,0.0,0.0,0.0,0.0,4,0.0,0.0,0.0,0.0,0.0,4,2.75,2.5,3.2015621187164243,0.0,6.0,3,2.3333333333333335,1.0,3.214550253664318,0.0,6.0,3,0.0,0.0,0.0,0.0,0.0,3,0.0,0.0,0.0,0.0,0.0,3,0.0,0.0,0.0,0.0,0.0,3,0.0,0.0,0.0,0.0,0.0,86.3
2026-10-05T21:00,4,76.875,76.6,2.437724348649786,74.8,79.5,4,3.0,3.0,3.4641016151377544,0.0,6.0,4,0.0,0.0,0.0,0.0,0.0,4,0.0,0.0,0.0,0.0,0.0,4,2.75,2.5,3.2015621187164243,0.0,6.0,3,2.3333333333333335,1.0,3.214550253664318,0.0,6.0,3,0.0,0.0,0.0,0.0,0.0,3,0.0,0.0,0.0,0.0,0.0,3,0.0,0.0,0.0,0.0,0.0,3,0.0,0.0,0.0,0.0,0.0,89.9
2026-10-05T22:00,4,74.80000000000001,74.55000000000001,1.61451747177498,73.3,76.8,4,2.75,2.5,3.2015621187164243,0.0,6.0,4,0.0,0.0,0.0,0.0,0.0,4,0.0,0.0,0.0,0.0,0.0,4,2.25,2.0,2.6299556396765835,0.0,5.0,3,2.6666666666666665,2.0,3.0550504633038935,0.0,6.0,3,0.0,0.0,0.0,0.0,0.0,3,0.0,0.0,0.0,0.0,0.0,3,0.0,0.0,0.0,0.0,0.0,3,0.0,0.0,0.0,0.0,0.0,92.7
2026-10-05T23:00,4,73.15,72.80000000000001,1.1387127235025787,72.2,74.8,4,2.5,2.0,3.0,0.0,6.0,4,0.0,0.0,0.0,0.0,0.0,4,0.0,0.0,0.0,0.0,0.0,4,2.0,1.5,2.449489742783178,0.0,5.0,3,2.6666666666666665,2.0,3.0550504633038935,0.0,6.0,3,0.0,0.0,0.0,0.0,0.0,3,0.0,0.0,0.0,0.0,0.0,3,0.0,0.0,0.0,0.0,0.0,3,0.0,0.0,0.0,0.0,0.0,94.3
