time,source,model,temperature_2m,relative_humidity_2m,dew_point_2m,apparent_temperature,wet_bulb_temperature_2m,pressure_msl,surface_pressure,visibility,weather_code,cloud_cover,cloud_cover_low,cloud_cover_mid,cloud_cover_high,precipitation_probability,precipitation,rain,showers,snowfall,wind_speed_10m,wind_direction_10m,wind_gusts_10m,uv_index,uv_index_clear_sky,sunshine_duration,is_day,cape,lifted_index,convective_inhibition,freezing_level_height,boundary_layer_height,total_column_integrated_water_vapour,evapotranspiration,et0_fao_evapotranspiration,vapour_pressure_deficit,shortwave_radiation,direct_radiation,diffuse_radiation,direct_normal_irradiance,terrestrial_radiation,shortwave_radiation_instant,direct_radiation_instant,diffuse_radiation_instant,direct_normal_irradiance_instant,terrestrial_radiation_instant,relative_humidity_925hPa,relative_humidity_850hPa,relative_humidity_700hPa,relative_humidity_500hPa,relative_humidity_300hPa,cloud_cover_925hPa,cloud_cover_850hPa,cloud_cover_700hPa,cloud_cover_500hPa,cloud_cover_300hPa,geopotential_height_925hPa,geopotential_height_850hPa,geopotential_height_700hPa,geopotential_height_500hPa,geopotential_height_300hPa,timezone,latitude_grid,longitude_grid,elevation_m,generationtime_ms,uv_transmission,uv_attenuation,clearness_index,clearness_index_instant,direct_fraction,diffuse_fraction,direct_fraction_instant,diffuse_fraction_instant,sunshine_fraction,ghi_balance_error,ghi_balance_error_instant,upper_air_rh_max,upper_air_cloud_max,sun_score_0_100,sun_score_evidence_weight,air__pm10,air__pm2_5,air__carbon_monoxide,air__carbon_dioxide,air__nitrogen_dioxide,air__sulphur_dioxide,air__ozone,air__methane,air__aerosol_optical_depth,air__dust,air__uv_index,air__uv_index_clear_sky,air__us_aqi,air__us_aqi_pm2_5,air__us_aqi_pm10,air__us_aqi_ozone
2026-09-22T00:00,deterministic,best_match,65.9,76,58.1,66.7,60.6,1012.7,1002.6,64304.46,0,6,6,0,0,0,0.0,0.0,0.0,0.0,4.3,354,6.3,0.0,0.0,0.0,0,0.0,3.3,0.0,13188.977,475.722,28.1,0.0,0.001,0.52,0.0,0.0,0.0,0.0,0.0,0.0,0.0,0.0,0.0,0.0,90,55,36,7,2,24,0,0,0,0,2559.055,4911.418,10236.221,18996.062,31268.522,America/Los_Angeles,34.03202,-118.52633,86.0,62.02268600463867,,,,,,,,,0.0,0.0,0.0,90.0,24.0,0.0,0.6,13.1,11.0,163.0,455.0,23.6,4.3,53.0,1400.0,0.17,1.0,0.0,0.0,59.0,59.0,15.0,36.0
2026-09-22T01:00,deterministic,best_match,65.6,73,56.7,65.7,59.7,1012.8,1002.7,68897.64,0,12,12,0,0,0,0.0,0.0,0.0,0.0,4.9,16,5.4,0.0,0.0,0.0,0,0.0,4.0,0.0,13385.827,1181.102,26.6,0.0,0.001,0.58,0.0,0.0,0.0,0.0,0.0,0.0,0.0,0.0,0.0,0.0,91,53,33,9,2,27,0,0,0,0,2559.055,4908.137,10232.939,18992.784,31263.228,America/Los_Angeles,34.03202,-118.52633,86.0,62.02268600463867,,,,,,,,,0.0,0.0,0.0,91.0,27.0,0.0,0.6,14.1,11.9,170.0,458.0,26.3,4.4,51.0,1414.0,0.18,1.0,0.0,0.0,59.0,59.0,15.0,33.0
2026-09-22T02:00,deterministic,best_match,65.3,69,54.9,65.4,58.6,1012.6,1002.5,76115.488,0,15,15,0,0,0,0.0,0.0,0.0,0.0,3.5,27,3.6,0.0,0.0,0.0,0,0.0,4.8,0.0,13648.294,2050.525,25.3,0.0,0.001,0.66,0.0,0.0,0.0,0.0,0.0,0.0,0.0,0.0,0.0,0.0,91,52,31,9,4,27,0,0,0,0,2555.775,4901.575,10229.659,18996.062,31279.106,America/Los_Angeles,34.03202,-118.52633,86.0,62.02268600463867,,,,,,,,,0.0,0.0,0.0,91.0,27.0,0.0,0.6,15.6,13.3,180.0,463.0,30.3,4.4,46.0,1435.0,0.19,1.0,0.0,0.0,59.0,59.0,15.0,31.0
2026-09-22T03:00,deterministic,best_match,64.9,68,54.1,65.0,58.0,1012.6,1002.5,77755.904,2,52,52,0,0,0,0.0,0.0,0.0,0.0,2.7,55,2.9,0.0,0.0,0.0,0,0.0,4.4,0.0,13484.252,2099.738,24.4,0.0,0.0,0.67,0.0,0.0,0.0,0.0,0.0,0.0,0.0,0.0,0.0,0.0,91,57,23,9,4,27,0,0,0,0,2555.775,4901.575,10219.816,18979.658,31247.354,America/Los_Angeles,34.03202,-118.52633,86.0,62.02268600463867,,,,,,,,,0.0,0.0,0.0,91.0,27.0,0.0,0.6,18.8,16.4,197.0,473.0,37.1,4.3,37.0,1466.0,0.21,1.0,0.0,0.0,58.0,58.0,15.0,28.0
2026-09-22T04:00,deterministic,best_match,64.4,68,53.6,64.2,57.5,1012.6,1002.4,78083.992,2,64,64,0,0,0,0.0,0.0,0.0,0.0,3.0,42,3.1,0.0,0.0,0.0,0,0.0,5.0,0.0,13582.678,1935.696,24.2,0.0,0.001,0.66,0.0,0.0,0.0,0.0,0.0,0.0,0.0,0.0,0.0,0.0,93,54,22,9,6,36,0,0,0,0,2552.494,4898.294,10219.816,18982.94,31236.772,America/Los_Angeles,34.03202,-118.52633,86.0,62.02268600463867,,,,,,,,,0.0,0.0,0.0,93.0,36.0,0.0,0.6,21.7,19.3,218.0,485.0,45.1,4.1,27.0,1505.0,0.23,1.0,0.0,0.0,58.0,58.0,15.0,26.0
2026-09-22T05:00,deterministic,best_match,63.5,69,53.2,63.3,56.9,1012.4,1002.2,76115.488,1,34,34,0,0,0,0.0,0.0,0.0,0.0,2.8,45,2.7,0.0,0.0,0.0,0,0.0,5.2,0.0,13648.294,1788.058,23.8,0.0,0.0,0.62,0.0,0.0,0.0,0.0,0.0,0.0,0.0,0.0,0.0,0.0,94,52,23,10,6,41,0,0,0,0,2545.932,4888.452,10209.974,18976.378,31205.02,America/Los_Angeles,34.03202,-118.52633,86.0,62.02268600463867,,,,,,,,,0.0,0.0,0.0,94.0,41.0,0.0,0.6,16.9,14.1,238.0,494.0,30.0,2.8,40.0,1548.0,0.27,2.0,0.0,0.0,58.0,58.0,15.0,23.0
2026-09-22T06:00,deterministic,best_match,63.6,68,52.9,62.7,56.8,1012.7,1002.5,78412.072,1,43,43,0,0,0,0.0,0.0,0.0,0.0,4.3,9,4.3,0.0,0.0,0.0,0,0.0,5.9,0.0,13779.527,1509.186,23.8,0.0,0.001,0.64,0.0,0.0,0.0,0.0,0.0,0.0,0.0,0.0,0.0,0.0,96,49,26,7,4,52,0,0,0,0,2552.494,4898.294,10226.378,18999.344,31210.312,America/Los_Angeles,34.03202,-118.52633,86.0,62.02268600463867,,,,,,,,,0.0,0.0,0.0,96.0,52.0,0.0,0.6,19.2,16.8,261.0,501.0,30.7,2.5,36.0,1613.0,0.27,2.0,0.0,0.0,58.0,58.0,15.0,22.0
2026-09-22T07:00,deterministic,best_match,63.1,71,53.5,62.7,56.9,1013.0,1002.8,72834.648,3,100,100,0,0,0,0.0,0.0,0.0,0.0,3.5,40,3.8,0.0,0.0,0.0,1,0.0,5.2,0.0,14009.187,1870.079,22.6,0.0,0.001,0.57,1.5,0.8,0.8,14.3,7.6,13.2,6.6,6.6,126.1,66.9,96,39,28,4,4,52,0,0,0,0,2562.336,4911.418,10239.501,19019.03,31226.19,America/Los_Angeles,34.03202,-118.52633,86.0,62.02268600463867,,,0.19736842105263158,0.1973094170403587,0.5333333333333333,0.5333333333333333,0.5,0.5,0.0,-0.10000000000000009,0.0,96.0,52.0,8.8,0.85,21.3,18.3,282.0,506.0,31.4,2.1,31.0,1683.0,0.28,2.0,0.0,0.05,58.0,58.0,15.0,20.0
2026-09-22T08:00,deterministic,best_match,67.8,72,58.4,69.3,61.5,1013.6,1003.5,69553.808,3,83,83,0,0,0,0.0,0.0,0.0,0.0,3.0,48,4.9,0.45,0.55,407.31,1,0.0,4.8,4.0,13549.869,2411.417,24.5,0.0,0.002,0.65,62.8,11.5,51.3,73.6,212.3,105.1,19.3,85.8,123.2,355.4,98,46,34,6,6,66,0,0,0,0,2575.459,4917.979,10249.344,19022.31,31231.478,America/Los_Angeles,34.03202,-118.52633,86.0,62.02268600463867,0.8181818181818181,0.18181818181818188,0.29580781912388127,0.29572312886888014,0.18312101910828027,0.8168789808917197,0.18363463368220745,0.8163653663177926,0.11314166666666667,0.0,0.0,98.0,66.0,21.9,1.0,22.6,19.4,283.0,503.0,30.0,2.1,31.0,1705.0,0.29,2.0,0.25,0.6,58.0,58.0,15.0,19.0
2026-09-22T09:00,deterministic,best_match,71.1,66,59.2,74.1,63.2,1013.5,1003.5,79396.328,3,92,92,0,0,0,0.0,0.0,0.0,0.0,0.2,180,3.6,1.5,1.85,3600.0,1,0.0,4.1,2.0,13385.827,2690.289,25.6,0.0,0.005,0.88,194.5,86.5,108.0,239.6,490.3,245.9,109.3,136.5,302.9,619.8,98,43,36,9,8,66,0,0,0,0,2572.179,4921.26,10259.187,19032.152,31242.064,America/Los_Angeles,34.03202,-118.52633,86.0,62.02268600463867,0.8108108108108107,0.18918918918918926,0.3966959004691005,0.3967408841561795,0.44473007712082263,0.5552699228791774,0.44448962993086616,0.555103700691338,1.0,0.0,0.09999999999999432,98.0,66.0,44.3,1.0,20.0,16.5,247.0,488.0,24.8,2.8,40.0,1636.0,0.28,3.0,1.0,1.9,58.0,58.0,15.0,17.0
2026-09-22T10:00,deterministic,best_match,71.7,69,61.0,73.8,64.5,1013.4,1003.4,73818.896,2,71,71,0,0,0,0.0,0.0,0.0,0.0,4.2,234,5.4,2.95,3.5,3600.0,1,10.0,3.2,0.0,13517.061,2608.268,25.3,0.0,0.009,0.82,330.0,135.8,194.3,250.8,735.1,378.0,155.5,222.5,287.4,842.1,95,37,37,7,18,46,0,0,0,0,2575.459,4927.822,10269.029,19048.556,31247.354,America/Los_Angeles,34.03202,-118.52633,86.0,62.02268600463867,0.8428571428571429,0.15714285714285714,0.44891851448782477,0.44887780548628425,0.41151515151515156,0.5887878787878789,0.4113756613756614,0.5886243386243386,1.0,-0.10000000000002274,0.0,95.0,46.0,53.4,1.0,19.0,14.9,190.0,465.0,17.5,3.9,55.0,1518.0,0.25,3.0,3.0,3.8,58.0,58.0,15.0,17.0
2026-09-22T11:00,deterministic,best_match,72.4,72,62.8,73.7,65.8,1013.2,1003.2,67913.384,1,44,44,0,0,0,0.0,0.0,0.0,0.0,7.5,233,7.8,5.1,5.1,3600.0,1,0.0,3.3,0.0,13713.911,2050.525,24.6,0.0,0.013,0.76,508.8,336.8,172.0,491.9,929.8,551.0,364.7,186.3,532.8,1007.1,89,35,34,9,22,20,0,0,0,0,2572.179,4937.664,10278.871,19064.96,31257.936,America/Los_Angeles,34.03202,-118.52633,86.0,62.02268600463867,1.0,0.0,0.5472144547214455,0.5471154800913514,0.6619496855345912,0.3380503144654088,0.6618874773139746,0.33811252268602543,1.0,0.0,0.0,89.0,20.0,78.0,1.0,19.2,14.7,146.0,448.0,11.6,4.6,70.0,1426.0,0.22,4.0,5.55,5.8,58.0,58.0,15.0,17.0
2026-09-22T12:00,deterministic,best_match,72.1,78,64.9,74.4,67.0,1012.6,1002.6,57414.7,1,40,40,0,0,0,0.0,0.0,0.0,0.0,9.7,257,10.5,6.3,6.3,3600.0,1,0.0,2.7,0.0,14009.187,1492.782,24.9,0.0,0.015,0.59,644.8,418.8,226.0,535.9,1061.3,670.4,435.4,235.0,557.3,1103.5,84,32,39,9,28,3,0,0,0,0,2562.336,4934.384,10278.871,19071.522,31273.812,America/Los_Angeles,34.03202,-118.52633,86.0,62.02268600463867,1.0,0.0,0.6075567699990577,0.6075215224286361,0.6495037220843674,0.35049627791563276,0.6494630071599046,0.3505369928400955,1.0,0.0,0.0,84.0,3.0,84.3,1.0,19.0,14.4,128.0,441.0,8.3,4.6,85.0,1389.0,0.21,4.0,7.05,7.15,58.0,58.0,15.0,19.0
2026-09-22T13:00,deterministic,best_match,72.4,78,65.1,75.2,67.3,1012.0,1002.0,58398.948,1,43,43,0,0,0,0.0,0.0,0.0,0.0,10.5,253,11.0,6.8,6.85,3600.0,1,0.0,2.5,0.0,14370.079,1591.207,24.5,0.0,0.017,0.6,739.3,528.0,211.3,640.1,1120.5,742.1,530.0,212.1,642.5,1124.8,82,30,37,9,32,0,0,0,0,0,2549.213,4927.822,10272.31,19074.802,31279.106,America/Los_Angeles,34.03202,-118.52633,86.0,62.02268600463867,0.9927007299270073,0.007299270072992692,0.6597947344935297,0.6597617354196302,0.7141890977952118,0.28581090220478833,0.7141894623366123,0.28581053766338765,1.0,0.0,0.0,82.0,0.0,87.7,1.0,18.6,13.9,122.0,439.0,6.3,4.2,100.0,1378.0,0.2,4.0,7.3,7.3,58.0,58.0,15.0,22.0
2026-09-22T14:00,deterministic,best_match,72.4,79,65.5,74.1,67.5,1011.3,1001.3,55446.196,0,18,18,0,0,0,0.0,0.0,0.0,0.0,12.6,257,13.9,6.45,6.65,3600.0,1,0.0,2.4,0.0,14632.546,1558.399,24.7,0.0,0.015,0.57,703.5,482.0,221.5,593.4,1103.3,681.9,467.2,214.7,575.2,1069.5,76,33,39,10,30,0,0,0,0,0,2529.528,4911.418,10262.467,19071.522,31273.812,America/Los_Angeles,34.03202,-118.52633,86.0,62.02268600463867,0.9699248120300752,0.03007518796992481,0.6376325568748301,0.6375876577840112,0.6851457000710732,0.3148542999289268,0.6851444493327468,0.31485555066725324,1.0,0.0,0.0,76.0,0.0,86.3,1.0,17.9,13.1,120.0,438.0,5.1,3.7,110.0,1374.0,0.18,4.0,6.25,6.25,58.0,58.0,15.0,26.0
2026-09-22T15:00,deterministic,best_match,71.4,82,65.6,72.7,67.3,1010.8,1000.8,51509.188,1,35,35,0,0,0,0.0,0.0,0.0,0.0,13.9,267,16.3,5.5,5.8,3600.0,1,0.0,2.4,0.0,14501.312,1476.378,26.5,0.0,0.015,0.47,712.3,553.5,158.8,743.6,1011.0,663.1,515.3,147.8,692.3,941.3,79,37,43,9,12,0,0,0,0,0,2516.404,4904.856,10252.625,19058.398,31268.522,America/Los_Angeles,34.03202,-118.52633,86.0,62.02268600463867,0.9482758620689655,0.051724137931034475,0.7045499505440158,0.7044512907680868,0.7770602274322618,0.22293977256773834,0.7771075252601417,0.22289247473985824,1.0,0.0,1.1368683772161603e-13,79.0,0.0,87.6,1.0,15.6,11.1,120.0,438.0,4.3,3.1,111.0,1374.0,0.16,4.0,4.4,4.4,58.0,58.0,15.0,30.0
2026-09-22T16:00,deterministic,best_match,70.9,85,66.2,70.7,67.5,1010.4,1000.4,47900.26,1,22,22,0,0,0,0.0,0.0,0.0,0.0,15.0,265,18.1,4.25,4.4,3600.0,1,0.0,1.6,0.0,14665.354,1427.165,27.2,0.0,0.011,0.39,556.5,383.3,173.3,612.6,849.8,490.4,337.7,152.7,539.9,748.9,69,37,41,10,8,0,0,0,0,0,2506.562,4898.294,10252.625,19064.96,31279.106,America/Los_Angeles,34.03202,-118.52633,86.0,62.02268600463867,0.9659090909090908,0.03409090909090917,0.6548599670510709,0.6548270797169181,0.6887690925426775,0.3114106019766397,0.6886215334420881,0.3113784665579119,1.0,-0.10000000000002274,0.0,69.0,0.0,76.8,1.0,14.5,9.9,124.0,439.0,4.3,2.3,107.0,1382.0,0.14,4.0,2.4,2.4,58.0,58.0,15.0,35.0
2026-09-22T17:00,deterministic,best_match,70.6,82,64.8,69.9,66.5,1010.0,1000.0,53149.604,1,33,33,0,0,0,0.0,0.0,0.0,0.0,14.4,265,17.4,2.75,2.75,3600.0,1,0.0,2.5,0.0,14763.779,1295.932,26.3,0.0,0.008,0.46,366.8,242.0,124.8,521.2,630.7,294.0,194.0,100.0,417.8,505.5,63,33,39,10,10,0,0,0,0,0,2496.719,4895.013,10252.625,19071.522,31294.98,America/Los_Angeles,34.03202,-118.52633,86.0,62.02268600463867,1.0,0.0,0.5815760266370699,0.5816023738872403,0.6597600872410032,0.34023991275899673,0.6598639455782312,0.3401360544217687,1.0,0.0,0.0,63.0,0.0,64.7,1.0,15.2,10.1,129.0,440.0,5.5,1.8,100.0,1387.0,0.13,4.0,0.9,0.9,57.0,57.0,15.0,39.0
2026-09-22T18:00,deterministic,best_match,68.8,83,63.4,68.9,65.0,1009.7,999.7,52165.356,0,13,13,0,0,0,0.0,0.0,0.0,0.0,11.0,264,14.1,1.2,1.2,3600.0,1,0.0,2.7,0.0,14993.438,1115.486,26.9,0.0,0.004,0.41,181.3,101.8,79.5,375.0,368.6,112.0,62.9,49.1,231.7,227.7,64,30,44,7,8,0,0,0,0,0,2493.438,4895.013,10252.625,19074.802,31300.27,America/Los_Angeles,34.03202,-118.52633,86.0,62.02268600463867,1.0,0.0,0.49186109603906675,0.49187527448397017,0.56150027578599,0.4384997242140099,0.5616071428571429,0.43839285714285714,1.0,0.0,0.0,64.0,0.0,50.9,1.0,15.5,10.4,132.0,441.0,7.4,1.6,92.0,1385.0,0.12,4.0,0.15,0.15,58.0,58.0,15.0,43.0
2026-09-22T19:00,deterministic,best_match,67.1,88,63.4,68.1,64.4,1009.7,999.6,46587.924,0,6,6,0,0,0,0.0,0.0,0.0,0.0,9.0,266,13.2,0.15,0.15,2796.74,0,0.0,3.1,0.0,15026.247,656.168,27.3,0.0,0.001,0.27,32.8,16.5,16.3,156.3,88.6,0.0,0.0,0.0,0.0,0.0,58,33,46,11,8,0,0,0,0,0,2493.438,4898.294,10259.187,19087.926,31332.022,America/Los_Angeles,34.03202,-118.52633,86.0,62.02268600463867,1.0,0.0,0.37020316027088035,,0.5030487804878049,0.4969512195121952,,,0.7768722222222222,0.0,0.0,58.0,0.0,35.4,1.0,15.3,10.7,136.0,442.0,10.5,1.6,81.0,1381.0,0.12,3.0,0.0,0.0,58.0,58.0,15.0,45.0
2026-09-22T20:00,deterministic,best_match,66.4,88,62.8,67.8,63.8,1010.8,1000.7,44947.508,0,3,3,0,0,0,0.0,0.0,0.0,0.0,7.5,261,9.8,0.0,0.0,0.0,0,0.0,2.4,0.0,14927.821,508.53,25.6,0.0,0.001,0.27,0.0,0.0,0.0,0.0,0.0,0.0,0.0,0.0,0.0,0.0,47,35,38,10,8,0,0,0,0,0,2526.247,4934.384,10295.275,19127.296,31369.062,America/Los_Angeles,34.03202,-118.52633,86.0,62.02268600463867,,,,,,,,,0.0,0.0,0.0,47.0,0.0,0.0,0.6,15.5,11.3,144.0,445.0,17.5,1.8,68.0,1381.0,0.12,3.0,0.0,0.0,58.0,58.0,15.0,46.0
2026-09-22T21:00,deterministic,best_match,65.9,89,62.5,68.0,63.5,1010.6,1000.5,49212.596,0,5,5,0,0,0,0.0,0.0,0.0,0.0,5.4,265,7.6,0.0,0.0,0.0,0,0.0,2.2,0.0,15124.672,344.488,23.1,0.0,0.0,0.24,0.0,0.0,0.0,0.0,0.0,0.0,0.0,0.0,0.0,0.0,42,37,33,9,6,0,0,0,0,0,2522.966,4931.103,10295.275,19133.86,31374.356,America/Los_Angeles,34.03202,-118.52633,86.0,62.02268600463867,,,,,,,,,0.0,0.0,0.0,42.0,0.0,0.0,0.6,16.2,12.4,159.0,449.0,32.2,2.1,48.0,1385.0,0.12,3.0,0.0,0.0,58.0,58.0,15.0,45.0
2026-09-22T22:00,deterministic,best_match,64.9,90,61.9,67.6,62.7,1010.5,1000.4,47900.26,0,11,11,0,0,0,0.0,0.0,0.0,0.0,3.3,250,4.7,0.0,0.0,0.0,0,0.0,1.9,0.0,15026.247,311.68,24.3,0.001,0.0,0.21,0.0,0.0,0.0,0.0,0.0,0.0,0.0,0.0,0.0,0.0,43,35,40,10,10,0,0,0,0,0,2522.966,4931.103,10298.557,19137.138,31379.644,America/Los_Angeles,34.03202,-118.52633,86.0,62.02268600463867,,,,,,,,,0.0,0.0,0.0,43.0,0.0,0.0,0.6,18.0,14.3,177.0,455.0,50.7,2.6,26.0,1393.0,0.13,2.0,0.0,0.0,58.0,58.0,15.0,42.0
2026-09-22T23:00,deterministic,best_match,64.4,83,59.2,65.4,60.8,1010.8,1000.7,52493.436,1,23,23,0,0,0,0.0,0.0,0.0,0.0,4.9,246,5.8,0.0,0.0,0.0,0,0.0,2.6,0.0,15387.14,836.614,24.7,0.0,0.001,0.35,0.0,0.0,0.0,0.0,0.0,0.0,0.0,0.0,0.0,0.0,41,32,42,10,10,0,0,0,0,0,2526.247,4937.664,10305.118,19153.542,31395.52,America/Los_Angeles,34.03202,-118.52633,86.0,62.02268600463867,,,,,,,,,0.0,0.0,0.0,42.0,0.0,0.0,0.6,21.0,17.5,197.0,462.0,64.0,2.9,9.0,1408.0,0.15,2.0,0.0,0.0,59.0,59.0,16.0,37.0
2026-09-23T00:00,deterministic,best_match,64.1,85,59.5,65.7,60.9,1010.5,1000.4,50524.932,1,32,32,0,0,0,0.0,0.0,0.0,0.0,3.6,281,4.3,0.0,0.0,0.0,0,0.0,2.5,0.0,15091.863,820.21,25.3,0.0,0.0,0.31,0.0,0.0,0.0,0.0,0.0,0.0,0.0,0.0,0.0,0.0,44,32,42,11,10,0,0,0,0,0,2513.123,4924.541,10291.995,19130.578,31363.772,America/Los_Angeles,34.03202,-118.52633,86.0,62.02268600463867,,,,,,,,,0.0,0.0,0.0,44.0,0.0,0.0,0.6,23.4,20.2,220.0,473.0,67.6,3.0,2.0,1434.0,0.17,2.0,0.0,0.0,59.0,59.0,16.0,31.0
2026-09-23T01:00,deterministic,best_match,62.9,86,58.7,64.5,59.9,1010.6,1000.4,47900.26,0,18,18,0,0,0,0.0,0.0,0.0,0.0,3.1,330,3.6,0.0,0.0,0.0,0,0.0,2.8,0.0,15026.247,656.168,25.1,0.0,0.0,0.27,0.0,0.0,0.0,0.0,0.0,0.0,0.0,0.0,0.0,0.0,43,32,42,11,8,0,0,0,0,0,2516.404,4927.822,10291.995,19127.296,31369.062,America/Los_Angeles,34.03202,-118.52633,86.0,62.02268600463867,,,,,,,,,0.0,0.0,0.0,43.0,0.0,0.0,0.6,24.9,22.1,245.0,485.0,66.1,3.0,0.0,1467.0,0.17,1.0,0.0,0.0,60.0,60.0,16.0,25.0
2026-09-23T02:00,deterministic,best_match,62.0,87,58.1,63.9,59.3,1010.3,1000.1,49540.684,0,11,11,0,0,0,0.0,0.0,0.0,0.0,1.7,40,2.0,0.0,0.0,0.0,0,0.0,3.1,0.0,14927.821,557.743,24.7,0.0,0.0,0.25,0.0,0.0,0.0,0.0,0.0,0.0,0.0,0.0,0.0,0.0,40,31,41,14,8,0,0,0,0,0,2506.562,4921.26,10285.434,19114.174,31353.186,America/Los_Angeles,34.03202,-118.52633,86.0,62.02268600463867,,,,,,,,,0.0,0.0,0.0,41.0,0.0,0.0,0.6,26.8,24.0,258.0,493.0,63.9,3.0,0.0,1505.0,0.17,1.0,0.0,0.0,61.0,61.0,17.0,19.0
2026-09-23T03:00,deterministic,best_match,61.3,86,57.1,61.7,58.3,1010.8,1000.6,47244.092,0,8,8,0,0,0,0.0,0.0,0.0,0.0,4.5,57,4.5,0.0,0.0,0.0,0,0.0,3.7,0.0,14993.438,508.53,24.3,0.0,0.0,0.26,0.0,0.0,0.0,0.0,0.0,0.0,0.0,0.0,0.0,0.0,37,30,40,17,12,0,0,0,0,0,2522.966,4937.664,10301.837,19133.86,31369.062,America/Los_Angeles,34.03202,-118.52633,86.0,62.02268600463867,,,,,,,,,0.0,0.0,0.0,40.0,0.0,0.0,0.6,29.0,26.5,251.0,493.0,62.4,3.0,0.0,1548.0,0.17,1.0,0.0,0.0,62.0,62.0,17.0,14.0
2026-09-23T04:00,deterministic,best_match,61.0,85,56.5,61.3,57.9,1010.8,1000.6,49540.684,0,7,7,0,0,0,0.0,0.0,0.0,0.0,4.2,32,4.3,0.0,0.0,0.0,0,0.0,4.4,0.0,14960.63,393.701,23.4,0.0,0.0,0.28,0.0,0.0,0.0,0.0,0.0,0.0,0.0,0.0,0.0,0.0,36,29,36,19,12,0,0,0,0,0,2526.247,4937.664,10301.837,19133.86,31363.772,America/Los_Angeles,34.03202,-118.52633,86.0,62.02268600463867,,,,,,,,,0.0,0.0,0.0,36.0,0.0,0.0,0.6,31.4,29.0,233.0,490.0,60.3,3.0,0.0,1595.0,0.17,1.0,0.0,0.0,63.0,63.0,18.0,9.0
2026-09-23T05:00,deterministic,best_match,60.8,81,55.0,61.3,56.9,1010.9,1000.7,52821.524,0,7,7,0,0,0,0.0,0.0,0.0,0.0,2.5,45,2.5,0.0,0.0,0.0,0,0.0,4.6,0.0,14895.014,360.892,21.0,0.0,0.0,0.35,0.0,0.0,0.0,0.0,0.0,0.0,0.0,0.0,0.0,0.0,34,26,28,19,12,0,0,0,0,0,2529.528,4940.945,10308.399,19137.138,31369.062,America/Los_Angeles,34.03202,-118.52633,86.0,62.02268600463867,,,,,,,,,0.0,0.0,0.0,34.0,0.0,0.0,0.6,33.6,31.4,222.0,487.0,58.3,3.1,0.0,1638.0,0.17,1.0,0.0,0.0,63.0,63.0,18.0,5.0
2026-09-23T06:00,deterministic,best_match,60.3,84,55.4,61.6,57.0,1010.9,1000.7,48556.428,1,29,29,0,0,0,0.0,0.0,0.0,0.0,0.9,45,1.6,0.0,0.0,0.0,0,0.0,4.5,0.0,14895.014,442.913,20.4,0.0,0.0,0.29,0.0,0.0,0.0,0.0,0.0,0.0,0.0,0.0,0.0,0.0,31,26,20,17,12,0,0,0,0,0,2529.528,4944.226,10311.68,19140.42,31374.356,America/Los_Angeles,34.03202,-118.52633,86.0,62.02268600463867,,,,,,,,,0.0,0.0,0.0,31.0,0.0,0.0,0.6,35.7,33.8,227.0,487.0,57.1,3.2,0.0,1676.0,0.17,1.0,0.0,0.0,65.0,65.0,19.0,2.0
2026-09-23T07:00,deterministic,best_match,59.9,87,56.0,60.5,57.1,1011.2,1001.0,44619.42,1,42,42,0,0,0,0.0,0.0,0.0,0.0,3.0,42,2.9,0.0,0.0,0.0,1,0.0,4.4,0.0,14960.63,442.913,18.7,0.0,0.001,0.23,0.0,0.0,0.0,0.0,6.8,0.0,0.0,0.0,0.0,63.5,29,22,20,17,12,0,0,0,0,0,2539.37,4957.349,10321.522,19153.542,31390.23,America/Los_Angeles,34.03202,-118.52633,86.0,62.02268600463867,,,0.0,0.0,,,,,0.0,0.0,0.0,29.0,0.0,0.0,0.75,38.1,36.2,238.0,489.0,56.0,3.4,0.0,1710.0,0.16,1.0,0.05,0.05,66.0,66.0,19.0,1.0
2026-09-23T08:00,deterministic,best_match,64.3,97,63.4,67.9,63.6,1011.6,1001.5,41010.5,3,100,100,0,0,0,0.0,0.0,0.0,0.0,2.7,55,2.7,0.55,0.55,3600.0,1,0.0,3.6,0.0,15091.863,229.659,19.7,0.0,0.002,0.06,93.5,41.8,51.8,271.6,208.9,157.6,70.4,87.2,457.6,352.1,28,24,22,17,12,0,0,0,0,0,2549.213,4967.192,10331.365,19163.386,31395.52,America/Los_Angeles,34.03202,-118.52633,86.0,62.02268600463867,1.0,0.0,0.4475825753949258,0.4476001136040897,0.44705882352941173,0.5540106951871657,0.44670050761421326,0.5532994923857868,1.0,-0.09999999999999432,-2.842170943040401e-14,28.0,0.0,46.6,1.0,41.0,39.3,246.0,489.0,53.2,3.8,6.0,1729.0,0.16,1.0,0.65,0.65,67.0,67.0,20.0,0.0
2026-09-23T09:00,deterministic,best_match,68.2,90,65.2,73.3,66.0,1011.9,1001.8,48884.516,2,55,55,0,0,0,0.0,0.0,0.0,0.0,1.1,169,1.3,1.85,1.85,3600.0,1,0.0,2.4,0.0,15190.289,754.593,19.6,0.0,0.006,0.24,290.8,191.0,99.8,533.0,487.0,368.0,241.8,126.3,674.7,616.4,27,25,23,17,12,0,0,0,0,0,2562.336,4980.315,10344.488,19183.07,31411.396,America/Los_Angeles,34.03202,-118.52633,86.0,62.02268600463867,1.0,0.0,0.5971252566735114,0.5970149253731344,0.6568088033012379,0.343191196698762,0.6570652173913044,0.3432065217391304,1.0,0.0,-0.10000000000002274,27.0,0.0,65.4,1.0,29.2,26.1,249.0,488.0,47.2,4.4,23.0,1733.0,0.16,2.0,2.0,2.0,69.0,69.0,21.0,0.0
2026-09-23T10:00,deterministic,best_match,71.2,83,65.8,75.4,67.3,1012.0,1002.0,57086.612,0,15,15,0,0,0,0.0,0.0,0.0,0.0,3.9,211,3.8,3.55,3.55,3600.0,1,0.0,2.1,0.0,15223.098,935.039,19.0,0.0,0.012,0.44,506.3,391.8,114.5,727.7,731.6,580.2,449.0,131.2,834.0,838.5,26,24,22,16,12,0,0,0,0,0,2572.179,4986.877,10357.611,19196.196,31432.564,America/Los_Angeles,34.03202,-118.52633,86.0,62.02268600463867,1.0,0.0,0.6920448332422089,0.6919499105545618,0.77384949634604,0.2261505036539601,0.7738710789382971,0.22612892106170282,1.0,0.0,0.0,26.0,0.0,82.7,1.0,30.0,25.5,247.0,486.0,39.5,5.2,45.0,1723.0,0.16,3.0,4.0,4.0,70.0,70.0,21.0,2.0
2026-09-23T11:00,deterministic,best_match,71.9,82,66.1,77.0,67.8,1011.9,1001.9,55118.108,0,10,10,0,0,0,0.0,0.0,0.0,0.0,5.1,236,5.1,5.15,5.15,3600.0,1,0.0,1.9,0.0,15124.672,1066.273,18.6,0.0,0.015,0.48,663.8,524.5,139.3,769.7,926.1,719.0,568.2,150.8,833.7,1003.2,25,22,20,16,12,0,0,0,0,0,2572.179,4990.158,10360.893,19196.196,31432.564,America/Los_Angeles,34.03202,-118.52633,86.0,62.02268600463867,1.0,0.0,0.7167692473814922,0.7167065390749601,0.790147634829768,0.20985236517023204,0.7902642559109876,0.20973574408901252,1.0,0.0,0.0,25.0,0.0,91.6,1.0,30.4,25.1,235.0,481.0,32.5,5.8,65.0,1688.0,0.15,4.0,6.1,6.1,71.0,71.0,21.0,4.0
2026-09-23T12:00,deterministic,best_match,73.0,80,66.5,79.1,68.4,1011.5,1001.5,56840.552,0,9,9,0,0,0,0.0,0.0,0.0,0.0,6.0,248,6.3,6.3,6.3,3600.0,1,0.0,1.8,0.0,15157.48,1164.698,17.9,0.0,0.018,0.55,778.4,637.0,141.4,818.8,1057.3,809.3,662.3,147.0,851.4,1099.3,24,21,18,16,12,0,0,0,0,0,2568.898,4986.877,10357.611,19192.914,31427.272,America/Los_Angeles,34.03202,-118.52633,86.0,62.02268600463867,1.0,0.0,0.7362148869762603,0.7361957609387793,0.8183453237410072,0.18165467625899281,0.8183615470159397,0.1816384529840603,1.0,0.0,0.0,24.0,0.0,96.9,1.0,29.5,24.0,201.0,471.0,27.1,6.1,78.0,1606.0,0.15,4.0,7.5,7.5,71.0,71.0,22.0,8.0
2026-09-23T13:00,deterministic,best_match,73.8,78,66.5,80.0,68.6,1011.5,1001.5,58562.992,0,8,8,0,0,0,0.0,0.0,0.0,0.0,7.2,249,7.7,6.85,6.85,3600.0,1,10.0,1.6,803.0,15157.48,1197.507,17.2,0.0,0.02,0.63,845.8,717.3,128.5,873.4,1116.0,848.9,719.9,129.0,876.6,1120.1,23,20,16,14,10,0,0,0,0,0,2568.898,4990.158,10360.893,19199.474,31432.564,America/Los_Angeles,34.03202,-118.52633,86.0,62.02268600463867,1.0,0.0,0.7578853046594982,0.7578787608249263,0.8480728304563726,0.15192716954362734,0.8480386382377194,0.1519613617622806,1.0,0.0,0.0,23.0,0.0,97.7,1.0,28.2,22.6,155.0,458.0,22.5,6.2,88.0,1499.0,0.14,3.0,7.6,7.6,72.0,72.0,22.0,13.0
2026-09-23T14:00,deterministic,best_match,73.1,81,66.9,78.7,68.7,1011.5,1001.5,54133.86,0,14,14,0,0,0,0.0,0.0,0.0,0.0,8.2,253,8.8,6.65,6.65,3600.0,1,0.0,1.5,0.0,15026.247,1164.698,15.6,0.0,0.019,0.53,824.6,679.5,145.1,840.7,1098.4,799.0,658.4,140.6,814.6,1064.3,20,17,14,16,10,0,0,0,0,0,2568.898,4990.158,10364.173,19196.196,31443.146,America/Los_Angeles,34.03202,-118.52633,86.0,62.02268600463867,1.0,0.0,0.7507283321194465,0.7507281781452598,0.8240358961920932,0.17596410380790686,0.8240300375469336,0.17596996245306631,1.0,0.0,0.0,20.0,0.0,96.1,1.0,26.5,21.0,126.0,449.0,18.5,6.0,96.0,1424.0,0.14,3.0,6.45,6.5,73.0,73.0,23.0,18.0
2026-09-23T15:00,deterministic,best_match,72.3,83,66.8,76.4,68.4,1011.3,1001.3,50196.852,0,19,19,0,0,0,0.0,0.0,0.0,0.0,9.0,256,10.1,5.6,5.8,3600.0,1,10.0,1.3,848.0,15026.247,1181.102,16.2,0.0,0.016,0.46,715.0,556.0,159.0,751.4,1005.7,665.2,517.3,147.9,699.1,935.7,18,18,17,14,10,0,0,0,0,0,2562.336,4986.877,10367.454,19199.474,31443.146,America/Los_Angeles,34.03202,-118.52633,86.0,62.02268600463867,0.9655172413793103,0.034482758620689724,0.7109475986874814,0.7109116169712515,0.7776223776223776,0.22237762237762237,0.7776608538785327,0.2223391461214672,1.0,0.0,1.1368683772161603e-13,18.0,0.0,89.4,1.0,24.7,19.4,126.0,447.0,14.0,5.5,106.0,1413.0,0.15,3.0,4.45,4.5,73.0,73.0,23.0,23.0
2026-09-23T16:00,deterministic,best_match,71.6,83,66.2,74.1,67.7,1011.0,1001.0,49868.764,1,22,22,0,0,0,0.0,0.0,0.0,0.0,9.6,259,11.0,4.2,4.4,3600.0,1,0.0,1.4,0.0,14960.63,1131.89,15.1,0.0,0.013,0.45,596.0,468.0,128.0,753.7,844.0,524.6,411.9,112.7,663.4,742.9,18,15,14,14,8,0,0,0,0,0,2555.775,4983.596,10364.173,19199.474,31443.146,America/Los_Angeles,34.03202,-118.52633,86.0,62.02268600463867,0.9545454545454545,0.045454545454545525,0.7061611374407583,0.706151568178759,0.785234899328859,0.21476510067114093,0.7851696530690049,0.21483034693099504,1.0,0.0,0.0,18.0,0.0,81.3,1.0,23.6,18.5,143.0,448.0,10.1,4.7,115.0,1433.0,0.15,4.0,2.4,2.4,74.0,74.0,23.0,29.0
2026-09-23T17:00,deterministic,best_match,70.4,87,66.3,72.8,67.4,1010.9,1000.9,46259.844,1,36,36,0,0,0,0.0,0.0,0.0,0.0,8.7,258,10.7,2.75,2.75,3600.0,1,30.0,1.3,834.0,14927.821,869.423,15.2,0.0,0.007,0.33,300.0,165.0,135.0,359.1,624.4,239.8,131.9,107.9,287.0,499.1,18,15,12,13,8,0,0,0,0,0,2555.775,4980.315,10367.454,19202.756,31448.438,America/Los_Angeles,34.03202,-118.52633,86.0,62.02268600463867,1.0,0.0,0.4804612427930814,0.48046483670607093,0.55,0.45,0.5500417014178482,0.4499582985821518,1.0,0.0,0.0,18.0,0.0,58.4,1.0,23.1,17.9,162.0,450.0,9.8,4.0,116.0,1447.0,0.15,4.0,0.9,0.9,75.0,75.0,24.0,36.0
2026-09-23T18:00,deterministic,best_match,69.2,90,66.2,72.5,67.0,1011.0,1001.0,42979.004,1,34,34,0,0,0,0.0,0.0,0.0,0.0,6.5,254,10.5,1.15,1.15,3600.0,1,60.0,1.2,820.0,14993.438,754.593,15.6,0.0,0.004,0.24,165.0,91.0,74.0,341.7,362.0,100.7,55.5,45.2,208.6,220.9,20,16,13,13,8,0,0,0,0,0,2559.055,4986.877,10377.297,19209.318,31448.438,America/Los_Angeles,34.03202,-118.52633,86.0,62.02268600463867,1.0,0.0,0.4558011049723757,0.4558623811679493,0.5515151515151515,0.4484848484848485,0.551142005958292,0.44885799404170806,1.0,0.0,0.0,20.0,0.0,48.2,1.0,23.3,18.2,183.0,453.0,14.6,3.5,106.0,1437.0,0.15,4.0,0.15,0.15,75.0,75.0,24.0,41.0
2026-09-23T19:00,deterministic,best_match,68.2,92,65.8,72.3,66.4,1011.3,1001.2,41338.584,2,62,62,0,0,1,0.0,0.0,0.0,0.0,4.2,238,5.1,0.15,0.15,0.0,0,30.0,1.1,860.0,14730.972,738.189,18.2,0.0,0.001,0.19,0.0,0.0,0.0,0.0,83.4,0.0,0.0,0.0,0.0,0.0,26,16,17,13,6,0,0,0,0,0,2562.336,4990.158,10383.858,19209.318,31448.438,America/Los_Angeles,34.03202,-118.52633,86.0,62.02268600463867,1.0,0.0,0.0,,,,,,0.0,0.0,0.0,26.0,0.0,14.2,0.9,24.2,19.3,207.0,457.0,23.1,3.2,89.0,1419.0,0.15,3.0,0.0,0.0,76.0,76.0,24.0,45.0
2026-09-23T20:00,deterministic,best_match,67.6,95,66.1,72.6,66.5,1011.4,1001.3,40026.248,3,100,100,0,0,0,0.0,0.0,0.0,0.0,2.4,221,3.6,0.0,0.0,0.0,0,40.0,1.2,800.0,14501.312,721.785,19.4,0.0,0.0,0.12,0.0,0.0,0.0,0.0,0.0,0.0,0.0,0.0,0.0,0.0,29,16,22,11,6,0,0,0,0,0,2562.336,4986.877,10383.858,19202.756,31443.146,America/Los_Angeles,34.03202,-118.52633,86.0,62.02268600463867,,,,,,,,,0.0,0.0,0.0,29.0,0.0,0.0,0.6,25.3,21.1,221.0,460.0,34.2,3.0,70.0,1407.0,0.14,3.0,0.0,0.0,77.0,77.0,25.0,46.0
2026-09-23T21:00,deterministic,best_match,67.8,94,66.0,73.2,66.4,1011.9,1001.8,40026.248,3,100,100,0,0,0,0.0,0.0,0.0,0.0,1.4,189,3.4,0.0,0.0,0.0,0,30.0,1.1,770.0,14238.846,1082.677,20.9,0.0,0.0,0.14,0.0,0.0,0.0,0.0,0.0,0.0,0.0,0.0,0.0,0.0,29,18,27,11,6,0,0,0,0,0,2568.898,4993.439,10390.42,19199.474,31437.854,America/Los_Angeles,34.03202,-118.52633,86.0,62.02268600463867,,,,,,,,,0.0,0.0,0.0,29.0,0.0,0.0,0.6,28.2,23.8,217.0,461.0,50.4,3.2,49.0,1403.0,0.14,3.0,0.0,0.0,77.0,77.0,25.0,46.0
2026-09-23T22:00,deterministic,best_match,68.1,92,65.7,73.1,66.4,1012.8,1002.7,41666.668,3,100,100,0,0,0,0.0,0.0,0.0,0.0,2.0,153,5.1,0.0,0.0,0.0,0,10.0,1.2,755.0,14041.995,1279.528,22.4,0.0,0.0,0.19,0.0,0.0,0.0,0.0,0.0,0.0,0.0,0.0,0.0,0.0,34,19,32,10,6,0,0,0,0,0,2582.021,5003.281,10400.263,19206.038,31443.146,America/Los_Angeles,34.03202,-118.52633,86.0,62.02268600463867,,,,,,,,,0.0,0.0,0.0,34.0,0.0,0.0,0.6,32.1,27.6,204.0,461.0,69.3,3.6,27.0,1405.0,0.15,3.0,0.0,0.0,78.0,78.0,25.0,43.0
2026-09-23T23:00,deterministic,best_match,68.4,88,64.7,72.6,65.7,1013.5,1003.4,46587.924,3,100,100,0,0,0,0.0,0.0,0.0,0.0,2.7,171,4.5,0.0,0.0,0.0,0,0.0,1.5,1.0,13910.762,1410.761,23.7,0.0,0.0,0.28,0.0,0.0,0.0,0.0,0.0,0.0,0.0,0.0,0.0,0.0,40,20,39,10,6,0,0,0,0,0,2595.144,5016.405,10413.386,19209.318,31443.146,America/Los_Angeles,34.03202,-118.52633,86.0,62.02268600463867,,,,,,,,,0.0,0.0,0.0,40.0,0.0,0.0,0.6,31.4,27.5,198.0,464.0,82.3,3.9,11.0,1415.0,0.17,3.0,0.0,0.0,79.0,79.0,26.0,39.0
2026-09-24T00:00,deterministic,best_match,67.5,86,63.2,72.1,64.4,1013.4,1003.3,48228.348,2,60,60,0,0,0,0.0,0.0,0.0,0.0,0.2,360,3.1,0.0,0.0,0.0,0,0.0,1.9,0.0,13943.569,1181.102,23.7,0.0,0.0,0.32,0.0,0.0,0.0,0.0,0.0,0.0,0.0,0.0,0.0,0.0,39,20,43,9,6,0,0,0,0,0,2591.864,5013.124,10410.105,19209.318,31437.854,America/Los_Angeles,34.03202,-118.52633,86.0,62.02268600463867,,,,,,,,,0.0,0.0,0.0,43.0,0.0,0.0,0.6,29.6,26.3,208.0,471.0,84.5,4.0,5.0,1439.0,0.19,3.0,0.0,0.0,80.0,80.0,26.0,34.0
2026-09-24T01:00,deterministic,best_match,67.3,88,63.6,71.3,64.7,1013.2,1003.1,45931.756,3,100,100,0,0,0,0.0,0.0,0.0,0.0,2.2,37,4.3,0.0,0.0,0.0,0,0.0,1.9,0.0,13910.762,1115.486,23.3,0.0,0.0,0.27,0.0,0.0,0.0,0.0,0.0,0.0,0.0,0.0,0.0,0.0,37,19,44,9,6,0,0,0,0,0,2585.302,5006.562,10400.263,19196.196,31416.69,America/Los_Angeles,34.03202,-118.52633,86.0,62.02268600463867,,,,,,,,,0.0,0.0,0.0,44.0,0.0,0.0,0.6,30.2,27.0,224.0,480.0,80.8,4.0,4.0,1471.0,0.19,2.0,0.0,0.0,81.0,81.0,27.0,27.0
2026-09-24T02:00,deterministic,best_match,66.4,93,64.3,70.4,64.9,1013.5,1003.4,40682.416,3,100,100,0,0,0,0.0,0.0,0.0,0.0,3.0,73,4.0,0.0,0.0,0.0,0,0.0,1.7,0.0,13812.336,1099.081,23.7,0.0,0.0,0.16,0.0,0.0,0.0,0.0,0.0,0.0,0.0,0.0,0.0,0.0,37,19,46,7,6,0,0,0,0,0,2595.144,5013.124,10406.824,19196.196,31416.69,America/Los_Angeles,34.03202,-118.52633,86.0,62.02268600463867,,,,,,,,,0.0,0.0,0.0,46.0,0.0,0.0,0.6,32.4,29.2,235.0,487.0,77.4,4.0,4.0,1499.0,0.19,2.0,0.0,0.0,81.0,81.0,27.0,21.0
2026-09-24T03:00,deterministic,best_match,66.2,92,63.8,70.1,64.5,1013.5,1003.4,41666.668,3,83,83,0,0,0,0.0,0.0,0.0,0.0,2.7,125,3.6,0.0,0.0,0.0,0,0.0,2.0,0.0,13812.336,951.444,23.8,0.0,0.0,0.18,0.0,0.0,0.0,0.0,0.0,0.0,0.0,0.0,0.0,0.0,39,19,46,6,6,0,0,0,0,0,2591.864,5006.562,10403.543,19189.632,31406.106,America/Los_Angeles,34.03202,-118.52633,86.0,62.02268600463867,,,,,,,,,0.0,0.0,0.0,46.0,0.0,0.0,0.6,36.1,32.9,234.0,491.0,76.9,3.9,2.0,1516.0,0.18,2.0,0.0,0.0,81.0,81.0,27.0,15.0
2026-09-24T04:00,deterministic,best_match,65.5,94,63.7,69.8,64.2,1013.6,1003.5,40026.248,3,100,100,0,0,0,0.0,0.0,0.0,0.0,1.6,82,1.6,0.0,0.0,0.0,0,0.0,2.3,0.0,13648.294,1033.465,24.1,0.0,0.0,0.13,0.0,0.0,0.0,0.0,0.0,0.0,0.0,0.0,0.0,0.0,40,20,46,6,6,0,0,0,0,0,2591.864,5006.562,10400.263,19183.07,31400.812,America/Los_Angeles,34.03202,-118.52633,86.0,62.02268600463867,,,,,,,,,0.0,0.0,0.0,46.0,0.0,0.0,0.6,39.0,36.2,228.0,493.0,76.7,3.8,0.0,1528.0,0.18,1.0,0.0,0.0,82.0,82.0,27.0,10.0
2026-09-24T05:00,deterministic,best_match,65.1,94,63.3,69.2,63.8,1013.7,1003.5,40026.248,3,100,100,0,0,0,0.0,0.0,0.0,0.0,1.6,82,1.6,0.0,0.0,0.0,0,0.0,2.8,0.0,13451.443,951.444,24.2,0.0,0.0,0.13,0.0,0.0,0.0,0.0,0.0,0.0,0.0,0.0,0.0,0.0,40,20,46,7,6,0,0,0,0,0,2591.864,5009.843,10403.543,19179.792,31395.52,America/Los_Angeles,34.03202,-118.52633,86.0,62.02268600463867,,,,,,,,,0.0,0.0,0.0,46.0,0.0,0.0,0.6,41.0,38.4,226.0,494.0,75.1,3.8,0.0,1539.0,0.18,1.0,0.0,0.0,83.0,83.0,27.0,6.0
2026-09-24T06:00,deterministic,best_match,64.7,94,62.9,67.4,63.4,1014.2,1004.0,40026.248,2,60,60,0,0,0,0.0,0.0,0.0,0.0,4.6,113,5.6,0.0,0.0,0.0,0,0.0,2.8,0.0,13451.443,656.168,24.0,0.0,0.0,0.13,0.0,0.0,0.0,0.0,0.0,0.0,0.0,0.0,0.0,0.0,45,20,47,7,6,0,0,0,0,0,2604.987,5019.685,10410.105,19183.07,31395.52,America/Los_Angeles,34.03202,-118.52633,86.0,62.02268600463867,,,,,,,,,0.0,0.0,0.0,47.0,0.0,0.0,0.6,42.4,40.0,236.0,496.0,71.4,3.8,0.0,1553.0,0.18,1.0,0.0,0.0,83.0,83.0,28.0,3.0
2026-09-24T07:00,deterministic,best_match,64.1,96,62.9,66.7,63.2,1014.9,1004.7,1640.42,45,100,100,0,0,0,0.0,0.0,0.0,0.0,4.6,61,6.5,0.0,0.0,0.0,1,0.0,3.5,0.0,13418.636,1066.273,25.0,0.0,0.001,0.08,0.0,0.0,0.0,0.0,6.1,0.0,0.0,0.0,0.0,60.1,49,21,47,7,6,0,0,0,0,0,2624.672,5036.09,10423.229,19192.914,31411.396,America/Los_Angeles,34.03202,-118.52633,86.0,62.02268600463867,,,0.0,0.0,,,,,0.0,0.0,0.0,49.0,0.0,0.0,0.75,44.1,41.8,251.0,498.0,66.2,3.9,0.0,1566.0,0.18,1.0,0.05,0.05,84.0,84.0,28.0,2.0
2026-09-24T08:00,deterministic,best_match,65.4,92,63.0,69.2,63.7,1014.7,1004.5,41338.584,2,65,65,0,0,0,0.0,0.0,0.0,0.0,2.1,131,4.9,0.5,0.5,1772.24,1,0.0,3.0,0.0,13517.061,672.572,24.2,0.0,0.002,0.17,81.0,18.0,63.0,119.1,205.5,137.4,30.5,106.9,202.0,348.7,40,23,47,7,6,0,0,0,0,0,2627.953,5042.651,10426.509,19192.914,31406.106,America/Los_Angeles,34.03202,-118.52633,86.0,62.02268600463867,1.0,0.0,0.39416058394160586,0.394034987094924,0.2222222222222222,0.7777777777777778,0.22197962154294032,0.7780203784570597,0.4922888888888889,0.0,0.0,47.0,0.0,33.7,1.0,46.8,44.5,258.0,497.0,59.9,4.1,7.0,1565.0,0.18,1.0,0.6,0.6,84.0,84.0,28.0,1.0
2026-09-24T09:00,deterministic,best_match,67.9,87,63.8,71.8,65.0,1014.9,1004.8,46587.924,0,16,16,0,0,0,0.0,0.0,0.0,0.0,2.6,200,2.7,1.85,1.85,3600.0,1,0.0,2.3,0.0,13681.103,1131.89,24.2,0.0,0.006,0.3,267.0,144.0,123.0,404.9,483.6,338.4,182.5,155.9,513.2,613.0,44,24,44,7,6,0,0,0,0,0,2634.515,5049.213,10433.071,19202.756,31416.69,America/Los_Angeles,34.03202,-118.52633,86.0,62.02268600463867,1.0,0.0,0.5521091811414391,0.5520391517128874,0.5393258426966292,0.4606741573033708,0.5393026004728133,0.4606973995271868,1.0,0.0,0.0,44.0,0.0,61.5,1.0,38.5,34.3,255.0,491.0,52.0,4.6,26.0,1540.0,0.18,2.0,1.9,1.9,84.0,84.0,28.0,1.0
2026-09-24T10:00,deterministic,best_match,69.8,84,64.7,73.2,66.1,1015.2,1005.1,49540.684,0,15,15,0,0,0,0.0,0.0,0.0,0.0,4.6,231,4.5,3.5,3.5,3600.0,1,0.0,2.1,0.0,13582.678,1279.528,25.7,0.0,0.011,0.4,500.0,341.0,159.0,636.8,728.1,573.4,391.0,182.3,730.3,834.9,44,29,44,7,6,0,0,0,0,0,2647.638,5062.336,10446.194,19215.878,31432.564,America/Los_Angeles,34.03202,-118.52633,86.0,62.02268600463867,1.0,0.0,0.6867188572998214,0.6867888369864654,0.682,0.318,0.6818974537844437,0.3179281478897803,1.0,0.0,0.10000000000002274,44.0,0.0,79.0,1.0,36.9,31.8,244.0,482.0,43.0,5.3,52.0,1501.0,0.17,3.0,3.9,3.9,85.0,85.0,29.0,2.0
2026-09-24T11:00,deterministic,best_match,70.8,82,65.1,75.0,66.7,1015.4,1005.3,52165.356,0,15,15,0,0,0,0.0,0.0,0.0,0.0,6.1,234,6.3,5.1,5.1,3600.0,1,0.0,2.1,0.0,13582.678,1312.336,24.8,0.0,0.015,0.46,665.0,512.0,153.0,754.8,922.4,720.5,554.7,165.8,817.8,999.3,41,27,41,6,6,0,0,0,0,0,2654.2,5068.898,10452.756,19225.722,31443.146,America/Los_Angeles,34.03202,-118.52633,86.0,62.02268600463867,1.0,0.0,0.7209453599306158,0.7210047032923046,0.7699248120300752,0.23007518796992482,0.769882026370576,0.23011797362942402,1.0,0.0,0.0,41.0,0.0,90.6,1.0,35.4,30.3,226.0,472.0,34.7,5.9,76.0,1465.0,0.17,4.0,5.95,5.95,86.0,86.0,29.0,5.0
2026-09-24T12:00,deterministic,best_match,71.1,82,65.3,75.3,67.0,1015.2,1005.1,50524.932,1,27,27,0,0,1,0.0,0.0,0.0,0.0,7.4,249,8.1,6.25,6.25,3600.0,1,0.0,1.8,0.0,13681.103,1295.932,25.2,0.0,0.016,0.47,714.0,503.0,211.0,649.4,1053.2,742.4,523.0,219.4,675.3,1095.0,39,29,39,6,6,0,0,0,0,0,2654.2,5068.898,10452.756,19229.002,31443.146,America/Los_Angeles,34.03202,-118.52633,86.0,62.02268600463867,1.0,0.0,0.6779339156855297,0.6779908675799087,0.7044817927170869,0.29551820728291317,0.7044719827586207,0.29552801724137934,1.0,0.0,0.0,39.0,0.0,89.4,1.0,33.2,28.3,194.0,461.0,27.7,6.3,96.0,1436.0,0.16,4.0,7.3,7.3,86.0,86.0,29.0,9.0
2026-09-24T13:00,deterministic,best_match,71.5,84,66.4,75.6,67.8,1014.9,1004.9,48228.348,1,27,27,0,0,1,0.0,0.0,0.0,0.0,8.8,255,9.6,6.8,6.8,3600.0,1,0.0,1.1,0.0,13812.336,1295.932,25.4,0.0,0.016,0.42,727.0,495.0,232.0,605.6,1111.5,729.5,496.7,232.8,607.7,1115.4,37,30,41,6,6,0,0,0,0,0,2650.919,5068.898,10452.756,19229.002,31443.146,America/Los_Angeles,34.03202,-118.52633,86.0,62.02268600463867,1.0,0.0,0.6540710751237067,0.6540254617177693,0.6808803301237965,0.31911966987620355,0.6808773132282385,0.3191226867717615,1.0,0.0,0.0,41.0,0.0,87.2,1.0,31.0,26.4,153.0,449.0,21.4,6.6,113.0,1409.0,0.16,3.0,7.5,7.5,86.0,86.0,29.0,15.0
2026-09-24T14:00,deterministic,best_match,71.4,85,66.6,74.6,67.9,1015.0,1005.0,46587.924,1,43,43,0,0,1,0.0,0.0,0.0,0.0,10.6,257,12.1,6.55,6.6,3600.0,1,0.0,0.8,0.0,13877.953,1230.315,26.6,0.0,0.015,0.39,704.0,504.0,200.0,626.8,1093.5,681.9,488.2,193.7,607.1,1059.1,35,31,44,6,6,0,0,0,0,0,2657.48,5075.46,10462.599,19238.846,31464.312,America/Los_Angeles,34.03202,-118.52633,86.0,62.02268600463867,0.9924242424242424,0.007575757575757569,0.6438042981252858,0.6438485506562176,0.7159090909090909,0.2840909090909091,0.7159407537762136,0.2840592462237865,1.0,0.0,0.0,44.0,0.0,86.4,1.0,28.3,23.8,124.0,441.0,16.3,6.5,123.0,1388.0,0.15,3.0,5.9,6.4,87.0,87.0,30.0,21.0
2026-09-24T15:00,deterministic,best_match,71.9,82,65.6,73.4,67.6,1013.6,1003.6,31692.914,3,70,70,0,0,1,0.0,0.0,0.0,0.0,11.2,249,12.9,5.55,5.75,3600.0,1,32.5,0.9,80.0,13968.176,1189.305,27.25,0.0,0.011,0.54,491.8,279.8,212.0,380.4,1000.2,457.2,260.1,197.1,353.7,930.0,32,30,53,8,6,0,0,0,0,0,2618.11,5041.831,10433.071,19217.52,31452.406,America/Los_Angeles,34.03202,-118.52633,86.0,62.02268600463867,0.9652173913043478,0.034782608695652195,0.4917016596680664,0.4916129032258064,0.5689304595363969,0.4310695404636031,0.5688976377952757,0.4311023622047244,1.0,0.0,-5.684341886080802e-14,53.0,0.0,72.0,1.0,26.1,21.2,115.0,438.0,11.9,5.8,124.0,1376.0,0.14,3.0,4.15,4.5,87.0,87.0,30.0,29.0
2026-09-24T16:00,deterministic,best_match,73.2,76,64.5,74.4,67.3,1012.0,1002.0,60597.112,3,50,50,0,0,1,0.0,0.0,0.0,0.0,10.0,238,12.0,4.2,4.35,1800.0,1,50.0,1.2,178.5,14009.187,1099.081,27.5,0.0,0.01,0.75,403.5,240.5,163.0,390.5,838.1,354.6,211.4,143.3,343.2,736.7,31,29,56,7,6,0,0,0,0,0,2572.179,5000.0,10396.981,19189.632,31435.208,America/Los_Angeles,34.03202,-118.52633,86.0,62.02268600463867,0.9655172413793105,0.0344827586206895,0.48144612814699916,0.4813356861680467,0.5960346964064436,0.40396530359355637,0.596164692611393,0.40411731528482797,0.5,0.0,-0.10000000000002274,56.0,0.0,61.1,1.0,24.4,19.3,118.0,438.0,8.7,4.8,118.0,1371.0,0.12,3.0,2.35,2.45,87.0,87.0,30.0,36.0
2026-09-24T17:00,deterministic,best_match,74.6,70,63.6,75.8,67.1,1010.7,1000.8,70226.376,3,25,25,0,0,1,0.0,0.0,0.0,0.0,8.5,221,9.6,2.65,2.7,2700.0,1,52.5,1.5,290.3,13976.378,1008.858,28.23,0.0,0.009,0.93,343.3,249.8,93.5,550.2,618.1,273.4,198.9,74.5,438.2,492.6,33,28,59,8,6,0,0,0,0,0,2535.269,4965.552,10367.454,19166.666,31423.3,America/Los_Angeles,34.03202,-118.52633,86.0,62.02268600463867,0.9814814814814814,0.0185185185185186,0.5554117456722213,0.5550142103126268,0.7276434605301486,0.27235653946985144,0.7275054864667155,0.2724945135332846,0.75,0.0,0.0,59.0,0.0,62.3,1.0,22.2,17.1,121.0,439.0,8.7,3.9,107.0,1368.0,0.11,3.0,0.9,0.9,87.0,87.0,30.0,42.0
2026-09-24T18:00,deterministic,best_match,75.5,65,63.0,77.2,67.1,1009.7,999.8,79199.48,0,0,0,0,0,4,0.0,0.0,0.0,0.0,7.0,202,7.4,1.15,1.15,3600.0,1,20.0,0.4,433.0,13910.762,869.423,28.6,0.0,0.006,1.06,209.0,161.0,48.0,617.8,355.3,125.7,96.8,28.9,371.6,214.1,34,27,59,9,10,0,0,0,0,0,2509.843,4937.664,10347.77,19150.262,31421.978,America/Los_Angeles,34.03202,-118.52633,86.0,62.02268600463867,1.0,0.0,0.5882352941176471,0.5871088276506305,0.7703349282296651,0.22966507177033493,0.7700875099443119,0.22991249005568812,1.0,0.0,1.4210854715202004e-14,59.0,0.0,57.8,1.0,20.5,15.7,122.0,439.0,12.9,3.2,91.0,1367.0,0.1,3.0,0.15,0.15,87.0,87.0,30.0,47.0
2026-09-24T19:00,deterministic,best_match,74.1,69,63.3,76.8,66.7,1010.1,1000.2,79199.48,0,0,0,0,0,4,0.0,0.0,0.0,0.0,4.7,188,4.5,0.15,0.15,2616.0,0,10.0,1.0,452.0,13779.527,672.572,29.1,0.0,0.002,0.89,30.0,17.0,13.0,169.8,78.3,0.0,0.0,0.0,0.0,0.0,35,28,58,9,10,0,0,0,0,0,2519.685,4944.226,10351.05,19153.542,31443.146,America/Los_Angeles,34.03202,-118.52633,86.0,62.02268600463867,1.0,0.0,0.3831417624521073,,0.5666666666666667,0.43333333333333335,,,0.7266666666666667,0.0,0.0,58.0,0.0,35.3,1.0,19.5,15.2,124.0,439.0,20.3,2.7,70.0,1369.0,0.09,2.0,0.0,0.0,87.0,87.0,30.0,49.0
2026-09-24T20:00,deterministic,best_match,73.4,71,63.4,76.2,66.6,1010.5,1000.5,79199.48,0,0,0,0,0,4,0.0,0.0,0.0,0.0,4.6,194,4.5,0.0,0.0,0.0,0,0.0,1.3,367.0,13746.72,705.381,29.5,0.0,0.001,0.81,0.0,0.0,0.0,0.0,0.0,0.0,0.0,0.0,0.0,0.0,38,28,60,7,12,0,0,0,0,0,2526.247,4950.788,10357.611,19163.386,31459.022,America/Los_Angeles,34.03202,-118.52633,86.0,62.02268600463867,,,,,,,,,0.0,0.0,0.0,60.0,0.0,0.0,0.6,19.0,14.8,128.0,441.0,29.9,2.5,50.0,1373.0,0.09,2.0,0.0,0.0,86.0,86.0,29.0,49.0
2026-09-24T21:00,deterministic,best_match,72.7,74,63.9,75.8,66.6,1011.1,1001.1,79199.48,0,0,0,0,0,4,0.0,0.0,0.0,0.0,4.3,192,4.0,0.0,0.0,0.0,0,0.0,1.4,0.0,13746.72,688.976,29.9,0.0,0.001,0.71,0.0,0.0,0.0,0.0,0.0,0.0,0.0,0.0,0.0,0.0,42,28,62,7,12,0,0,0,0,0,2539.37,4960.63,10364.173,19176.51,31480.188,America/Los_Angeles,34.03202,-118.52633,86.0,62.02268600463867,,,,,,,,,0.0,0.0,0.0,62.0,0.0,0.0,0.6,20.4,16.2,136.0,444.0,43.6,2.8,32.0,1376.0,0.09,2.0,0.0,0.0,86.0,86.0,29.0,46.0
2026-09-24T22:00,deterministic,best_match,72.5,74,63.7,76.1,66.4,1011.2,1001.2,79199.48,0,0,0,0,0,4,0.0,0.0,0.0,0.0,3.0,144,2.9,0.0,0.0,0.0,0,0.0,1.6,0.0,13812.336,590.551,29.6,0.0,0.001,0.71,0.0,0.0,0.0,0.0,0.0,0.0,0.0,0.0,0.0,0.0,41,29,63,6,20,0,0,0,0,0,2542.651,4963.911,10367.454,19183.07,31490.77,America/Los_Angeles,34.03202,-118.52633,86.0,62.02268600463867,,,,,,,,,0.0,0.0,0.0,63.0,0.0,0.0,0.6,24.6,20.5,146.0,448.0,59.5,3.4,16.0,1380.0,0.1,2.0,0.0,0.0,85.0,85.0,29.0,41.0
2026-09-24T23:00,deterministic,best_match,72.7,72,63.1,76.2,66.1,1010.9,1000.9,79199.48,0,0,0,0,0,4,0.0,0.0,0.0,0.0,2.8,104,3.8,0.0,0.0,0.0,0,0.0,2.0,0.0,14041.995,639.764,28.9,0.0,0.001,0.77,0.0,0.0,0.0,0.0,0.0,0.0,0.0,0.0,0.0,0.0,40,30,63,6,30,0,0,0,0,0,2532.808,4957.349,10360.893,19186.352,31480.188,America/Los_Angeles,34.03202,-118.52633,86.0,62.02268600463867,,,,,,,,,0.0,0.0,0.0,63.0,0.0,0.0,0.6,28.1,24.1,158.0,454.0,70.6,3.9,4.0,1393.0,0.11,2.0,0.0,0.0,85.0,85.0,29.0,35.0
2026-09-25T00:00,deterministic,best_match,72.8,71,62.9,76.7,66.1,1010.6,1000.6,79199.48,0,0,0,0,0,0,0.0,0.0,0.0,0.0,1.6,146,2.2,0.0,0.0,0.0,0,0.0,2.4,0.0,13943.569,442.913,28.9,0.0,0.0,0.8,0.0,0.0,0.0,0.0,0.0,0.0,0.0,0.0,0.0,0.0,41,31,64,6,34,0,0,0,0,0,2526.247,4947.507,10347.77,19173.228,31480.188,America/Los_Angeles,34.03202,-118.52633,86.0,62.02268600463867,,,,,,,,,0.0,0.0,0.0,64.0,0.0,0.0,0.6,30.4,26.5,173.0,461.0,72.8,4.1,0.0,1417.0,0.12,2.0,0.0,0.0,85.0,85.0,28.0,28.0
2026-09-25T01:00,deterministic,best_match,72.5,72,62.9,75.6,66.0,1010.7,1000.7,79199.48,0,0,0,0,0,0,0.0,0.0,0.0,0.0,3.5,215,3.6,0.0,0.0,0.0,0,0.0,2.4,0.0,13615.485,410.105,29.3,0.0,0.001,0.76,0.0,0.0,0.0,0.0,0.0,0.0,0.0,0.0,0.0,0.0,41,30,69,6,32,0,0,0,0,0,2526.247,4947.507,10341.207,19163.386,31485.48,America/Los_Angeles,34.03202,-118.52633,86.0,62.02268600463867,,,,,,,,,0.0,0.0,0.0,69.0,0.0,0.0,0.6,32.0,28.4,190.0,470.0,70.3,4.2,0.0,1449.0,0.13,1.0,0.0,0.0,85.0,85.0,28.0,21.0
2026-09-25T02:00,deterministic,best_match,72.1,73,63.0,76.1,65.9,1010.6,1000.6,79199.48,0,0,0,0,0,0,0.0,0.0,0.0,0.0,1.6,196,2.2,0.0,0.0,0.0,0,0.0,2.1,0.0,14140.42,393.701,28.8,0.0,0.0,0.73,0.0,0.0,0.0,0.0,0.0,0.0,0.0,0.0,0.0,0.0,41,30,69,6,30,0,0,0,0,0,2522.966,4944.226,10337.927,19160.106,31490.77,America/Los_Angeles,34.03202,-118.52633,86.0,62.02268600463867,,,,,,,,,0.0,0.0,0.0,69.0,0.0,0.0,0.6,34.6,31.1,204.0,480.0,68.7,4.4,1.0,1485.0,0.14,1.0,0.0,0.0,85.0,85.0,28.0,15.0
2026-09-25T03:00,deterministic,best_match,71.8,74,63.0,75.5,65.8,1010.6,1000.6,79199.48,3,100,0,0,100,0,0.0,0.0,0.0,0.0,2.2,204,2.5,0.0,0.0,0.0,0,0.0,2.0,0.0,14402.888,360.892,28.5,0.0,0.0,0.69,0.0,0.0,0.0,0.0,0.0,0.0,0.0,0.0,0.0,0.0,42,30,71,6,30,0,0,0,0,0,2522.966,4937.664,10328.084,19153.542,31490.77,America/Los_Angeles,34.03202,-118.52633,86.0,62.02268600463867,,,,,,,,,0.0,0.0,0.0,71.0,0.0,0.0,0.6,38.6,35.2,214.0,494.0,70.6,4.7,0.0,1534.0,0.15,1.0,0.0,0.0,85.0,85.0,29.0,10.0
2026-09-25T04:00,deterministic,best_match,71.6,74,62.9,75.4,65.6,1010.5,1000.5,79199.48,0,6,0,0,6,0,0.0,0.0,0.0,0.0,1.8,240,1.8,0.0,0.0,0.0,0,0.0,2.1,0.0,15091.863,311.68,27.9,0.0,0.0,0.69,0.0,0.0,0.0,0.0,0.0,0.0,0.0,0.0,0.0,0.0,41,30,69,6,42,0,0,0,0,0,2519.685,4934.384,10324.804,19150.262,31490.77,America/Los_Angeles,34.03202,-118.52633,86.0,62.02268600463867,,,,,,,,,0.0,0.0,0.0,69.0,0.0,0.0,0.6,42.6,39.0,221.0,508.0,73.4,5.0,0.0,1586.0,0.16,1.0,0.0,0.0,85.0,85.0,29.0,6.0
2026-09-25T05:00,deterministic,best_match,71.6,73,62.5,75.4,65.4,1010.7,1000.7,79199.48,2,69,0,0,67,0,0.0,0.0,0.0,0.0,1.4,219,1.3,0.0,0.0,0.0,0,0.0,2.4,0.0,15059.056,262.467,27.5,0.0,0.0,0.71,0.0,0.0,0.0,0.0,0.0,0.0,0.0,0.0,0.0,0.0,40,30,66,6,50,0,0,0,0,0,2526.247,4937.664,10328.084,19153.542,31496.062,America/Los_Angeles,34.03202,-118.52633,86.0,62.02268600463867,,,,,,,,,0.0,0.0,0.0,66.0,0.0,0.0,0.6,46.3,42.7,223.0,515.0,74.5,5.2,0.0,1610.0,0.17,1.0,0.0,0.0,85.0,85.0,29.0,3.0
2026-09-25T06:00,deterministic,best_match,71.4,74,62.7,75.3,65.4,1011.1,1001.1,79199.48,1,33,0,0,29,0,0.0,0.0,0.0,0.0,1.4,231,1.3,0.0,0.0,0.0,0,0.0,2.9,0.0,15091.863,229.659,27.2,0.0,0.0,0.68,0.0,0.0,0.0,0.0,0.0,0.0,0.0,0.0,0.0,0.0,41,31,62,6,48,0,0,0,0,0,2532.808,4944.226,10328.084,19156.824,31506.646,America/Los_Angeles,34.03202,-118.52633,86.0,62.02268600463867,,,,,,,,,0.0,0.0,0.0,62.0,0.0,0.0,0.6,49.6,46.1,217.0,507.0,73.2,5.2,0.0,1582.0,0.17,1.0,0.0,0.0,86.0,86.0,29.0,1.0
2026-09-25T07:00,deterministic,best_match,71.4,73,62.3,75.2,65.2,1011.5,1001.5,79199.48,0,16,0,0,14,0,0.0,0.0,0.0,0.0,1.2,158,2.0,0.0,0.0,0.0,1,0.0,3.0,0.0,14960.63,229.659,26.1,0.0,0.0,0.71,1.0,0.0,1.0,0.0,5.4,10.2,0.0,10.2,0.0,56.6,39,31,59,6,28,0,0,0,0,0,2545.932,4954.069,10337.927,19163.386,31517.228,America/Los_Angeles,34.03202,-118.52633,86.0,62.02268600463867,,,0.18518518518518517,0.1802120141342756,0.0,1.0,0.0,1.0,0.0,0.0,0.0,59.0,0.0,4.1,0.85,52.7,49.6,205.0,491.0,70.3,5.1,0.0,1526.0,0.17,1.0,0.05,0.05,86.0,86.0,29.0,0.0
2026-09-25T08:00,deterministic,best_match,72.8,69,62.1,76.7,65.6,1011.7,1001.7,79199.48,1,49,0,0,47,0,0.0,0.0,0.0,0.0,0.9,135,1.8,0.5,0.5,3600.0,1,0.0,3.0,0.0,15059.056,410.105,25.0,0.0,0.002,0.85,98.0,63.0,35.0,420.5,202.1,167.1,107.4,59.7,716.8,345.3,38,31,58,6,86,0,0,0,0,4,2552.494,4960.63,10344.488,19176.51,31527.814,America/Los_Angeles,34.03202,-118.52633,86.0,62.02268600463867,1.0,0.0,0.48490846115784264,0.4839270199826238,0.6428571428571429,0.35714285714285715,0.6427289048473969,0.35727109515260325,1.0,0.0,-2.842170943040401e-14,86.0,4.0,60.1,1.0,54.9,52.4,195.0,477.0,65.8,5.5,6.0,1477.0,0.16,1.0,0.6,0.6,87.0,87.0,30.0,0.0
2026-09-25T09:00,deterministic,best_match,75.4,63,61.9,78.3,66.4,1011.8,1001.9,79199.48,0,10,0,0,10,0,0.0,0.0,0.0,0.0,3.0,117,3.6,1.8,1.8,3600.0,1,0.0,2.7,0.0,15157.48,754.593,24.1,0.0,0.008,1.11,309.0,252.0,57.0,712.7,480.2,392.1,319.7,72.3,904.3,609.5,36,32,58,6,74,0,0,0,0,2,2559.055,4967.192,10351.05,19189.632,31538.396,America/Los_Angeles,34.03202,-118.52633,86.0,62.02268600463867,1.0,0.0,0.643481882548938,0.6433141919606234,0.8155339805825242,0.18446601941747573,0.8153532262178015,0.18439173680183624,1.0,0.0,0.10000000000002274,74.0,2.0,74.5,1.0,47.0,42.5,189.0,469.0,58.8,6.9,20.0,1448.0,0.16,1.0,2.0,2.0,87.0,87.0,30.0,0.0
2026-09-25T10:00,deterministic,best_match,78.2,55,60.8,80.5,66.9,1011.9,1002.0,79199.48,0,6,0,0,5,0,0.0,0.0,0.0,0.0,3.5,140,3.1,3.5,3.5,3600.0,1,0.0,2.8,0.0,15157.48,1082.677,23.9,0.0,0.014,1.48,509.0,439.0,70.0,823.5,724.5,583.8,503.5,80.3,944.6,831.2,35,32,57,6,64,0,0,0,0,0,2565.617,4977.034,10357.611,19196.196,31554.274,America/Los_Angeles,34.03202,-118.52633,86.0,62.02268600463867,1.0,0.0,0.7025534851621809,0.7023580365736284,0.862475442043222,0.137524557956778,0.8624528948269956,0.13754710517300445,1.0,0.0,0.0,64.0,0.0,84.6,1.0,40.3,35.7,184.0,462.0,50.3,8.7,39.0,1426.0,0.15,1.0,4.05,4.05,88.0,88.0,30.0,2.0
2026-09-25T11:00,deterministic,best_match,80.9,49,60.0,83.8,67.5,1011.8,1002.0,79199.48,0,0,0,0,0,0,0.0,0.0,0.0,0.0,4.4,165,3.4,5.05,5.05,3600.0,1,0.0,2.8,0.0,15255.905,1410.761,23.4,0.0,0.019,1.84,674.0,597.0,77.0,883.7,918.6,730.2,646.8,83.4,957.5,995.4,34,32,57,7,54,0,0,0,0,0,2568.898,4980.315,10364.173,19209.318,31570.148,America/Los_Angeles,34.03202,-118.52633,86.0,62.02268600463867,1.0,0.0,0.733725234051818,0.733574442435202,0.8857566765578635,0.1142433234421365,0.8857847165160229,0.114215283483977,1.0,0.0,1.1368683772161603e-13,57.0,0.0,93.2,1.0,37.5,33.3,178.0,457.0,42.8,10.0,56.0,1409.0,0.14,1.0,6.2,6.2,88.0,88.0,30.0,4.0
2026-09-25T12:00,deterministic,best_match,82.9,44,58.8,85.9,67.6,1011.4,1001.6,79199.48,0,5,0,0,5,0,0.0,0.0,0.0,0.0,5.8,182,3.8,6.25,6.25,3600.0,1,0.0,2.8,0.0,15255.905,1673.228,23.0,0.0,0.023,2.15,787.0,707.0,80.0,916.7,1049.0,818.1,735.0,83.2,953.0,1090.7,35,32,57,9,56,0,0,0,0,0,2562.336,4977.034,10360.893,19206.038,31570.148,America/Los_Angeles,34.03202,-118.52633,86.0,62.02268600463867,1.0,0.0,0.7502383222116301,0.7500687631796095,0.8983481575603558,0.10165184243964422,0.8984231756508984,0.10169905879476837,1.0,0.0,-0.10000000000002274,57.0,0.0,98.4,1.0,35.2,31.3,168.0,452.0,37.8,10.4,71.0,1398.0,0.12,1.0,7.65,7.65,88.0,88.0,30.0,7.0
2026-09-25T13:00,deterministic,best_match,84.2,41,57.9,87.1,67.7,1010.9,1001.1,79199.48,0,0,0,0,0,0,0.0,0.0,0.0,0.0,6.4,200,3.6,6.75,6.75,3600.0,1,0.0,2.8,0.0,15419.947,1788.058,22.5,0.0,0.025,2.36,839.0,758.0,81.0,931.6,1107.0,841.7,760.4,81.3,934.6,1110.6,34,33,57,9,68,0,0,0,0,0,2552.494,4970.473,10354.331,19206.038,31570.148,America/Los_Angeles,34.03202,-118.52633,86.0,62.02268600463867,1.0,0.0,0.7579042457091237,0.7578786241671169,0.9034564958283671,0.09654350417163289,0.9034097659498633,0.09659023405013661,1.0,0.0,1.1368683772161603e-13,68.0,0.0,98.6,1.0,33.3,29.5,157.0,448.0,33.8,10.3,84.0,1391.0,0.11,1.0,7.85,7.85,89.0,89.0,31.0,11.0
2026-09-25T14:00,deterministic,best_match,83.1,45,59.6,85.2,68.1,1010.5,1000.7,79199.48,0,14,0,0,14,0,0.0,0.0,0.0,0.0,8.8,210,5.8,6.6,6.6,3600.0,1,0.0,2.7,0.0,15419.947,1673.228,22.2,0.0,0.024,2.13,823.0,741.0,82.0,926.5,1088.4,796.7,717.4,79.4,896.9,1053.9,32,32,56,10,76,0,0,0,0,6,2539.37,4957.349,10341.207,19196.196,31559.562,America/Los_Angeles,34.03202,-118.52633,86.0,62.02268600463867,1.0,0.0,0.7561558250643146,0.7559540753392162,0.9003645200486027,0.09963547995139732,0.9004644157148236,0.0996611020459395,1.0,0.0,-0.09999999999990905,76.0,6.0,98.5,1.0,31.1,27.3,149.0,445.0,29.7,9.8,95.0,1387.0,0.11,1.0,6.7,6.7,89.0,89.0,31.0,16.0
2026-09-25T15:00,deterministic,best_match,79.9,51,60.1,80.1,67.1,1010.0,1000.2,79199.48,3,100,0,0,100,0,0.0,0.0,0.0,0.0,7.7,218,6.0,4.6,5.75,3600.0,1,0.0,3.2,0.0,15551.182,1115.486,21.4,0.0,0.017,1.71,555.0,280.0,275.0,383.2,994.7,515.6,260.1,255.5,356.0,924.2,27,32,52,11,98,0,0,0,0,90,2522.966,4944.226,10331.365,19192.914,31548.98,America/Los_Angeles,34.03202,-118.52633,86.0,62.02268600463867,0.7999999999999999,0.20000000000000007,0.55795717301699,0.5578879030512875,0.5045045045045045,0.4954954954954955,0.5044608223429015,0.4955391776570985,1.0,0.0,0.0,98.0,90.0,69.1,1.0,28.9,25.1,144.0,443.0,23.9,8.6,103.0,1383.0,0.1,1.0,4.65,4.65,89.0,89.0,31.0,22.0
2026-09-25T16:00,deterministic,best_match,78.8,52,59.7,79.4,66.5,1009.3,999.4,79199.48,3,100,0,0,100,0,0.0,0.0,0.0,0.0,6.2,221,6.0,2.75,4.35,3600.0,1,0.0,3.5,0.0,15616.798,820.21,20.0,0.0,0.011,1.61,322.0,148.0,174.0,242.2,832.1,282.6,129.9,152.7,212.6,730.6,22,29,46,11,86,0,0,0,0,44,2506.562,4931.103,10321.522,19186.352,31548.98,America/Los_Angeles,34.03202,-118.52633,86.0,62.02268600463867,0.632183908045977,0.367816091954023,0.38697271962504504,0.38680536545305233,0.45962732919254656,0.5403726708074534,0.4596602972399151,0.5403397027600848,1.0,0.0,0.0,86.0,44.0,50.3,1.0,26.5,22.6,142.0,443.0,17.8,7.1,109.0,1382.0,0.11,1.0,2.4,2.5,90.0,90.0,31.0,27.0
2026-09-25T17:00,deterministic,best_match,78.6,52,59.5,79.0,66.3,1009.1,999.2,79199.48,3,100,0,0,100,0,0.0,0.0,0.0,0.0,6.7,228,7.4,2.45,2.65,3600.0,1,0.0,3.9,0.0,15780.84,787.402,19.3,0.0,0.011,1.6,355.0,207.0,148.0,461.0,611.8,281.9,164.4,117.5,366.1,486.1,21,28,38,13,70,0,0,0,0,18,2500.0,4924.541,10311.68,19189.632,31554.274,America/Los_Angeles,34.03202,-118.52633,86.0,62.02268600463867,0.9245283018867926,0.07547169811320742,0.5802549852893103,0.5799218267846121,0.5830985915492958,0.4169014084507042,0.5831855267825471,0.416814473217453,1.0,0.0,0.0,70.0,18.0,61.7,1.0,24.3,20.1,144.0,443.0,15.0,5.7,108.0,1381.0,0.1,1.0,0.85,0.9,90.0,90.0,31.0,33.0
2026-09-25T18:00,deterministic,best_match,77.2,54,59.2,77.9,65.6,1009.1,999.2,79199.48,3,100,0,0,100,0,0.0,0.0,0.0,0.0,5.5,223,6.7,1.05,1.1,3600.0,1,0.0,4.1,0.0,15748.031,623.36,18.6,0.0,0.006,1.46,172.0,96.0,76.0,375.7,348.6,102.1,57.0,45.1,223.0,207.3,20,27,31,14,84,0,0,0,0,10,2500.0,4924.541,10314.961,19189.632,31559.562,America/Los_Angeles,34.03202,-118.52633,86.0,62.02268600463867,0.9545454545454545,0.045454545454545525,0.4934021801491681,0.4925229136517124,0.5581395348837209,0.4418604651162791,0.5582761998041137,0.4417238001958864,1.0,0.0,0.0,84.0,10.0,49.9,1.0,21.6,17.7,150.0,444.0,16.4,4.7,99.0,1380.0,0.09,1.0,0.15,0.15,90.0,90.0,31.0,39.0
2026-09-25T19:00,deterministic,best_match,75.9,58,60.1,77.5,65.6,1009.4,999.5,79199.48,3,100,0,0,100,0,0.0,0.0,0.0,0.0,4.4,210,4.9,0.15,0.15,2531.34,0,0.0,4.0,0.0,15879.266,442.913,18.4,0.0,0.002,1.28,28.0,15.0,13.0,153.8,73.4,0.0,0.0,0.0,0.0,0.0,20,26,24,14,98,0,0,0,0,58,2509.843,4931.103,10321.522,19199.474,31570.148,America/Los_Angeles,34.03202,-118.52633,86.0,62.02268600463867,1.0,0.0,0.38147138964577654,,0.5357142857142857,0.4642857142857143,,,0.70315,0.0,0.0,98.0,58.0,35.5,1.0,19.9,16.6,160.0,446.0,21.0,4.0,84.0,1381.0,0.08,1.0,0.0,0.0,90.0,90.0,31.0,42.0
2026-09-25T20:00,deterministic,best_match,75.7,59,60.4,78.1,65.7,1009.8,999.9,79199.48,3,100,0,0,100,0,0.0,0.0,0.0,0.0,2.7,185,2.7,0.0,0.0,0.0,0,0.0,3.9,0.0,15944.882,344.488,18.2,0.0,0.001,1.24,0.0,0.0,0.0,0.0,0.0,0.0,0.0,0.0,0.0,0.0,21,25,22,14,98,0,0,0,0,22,2519.685,4940.945,10328.084,19209.318,31580.73,America/Los_Angeles,34.03202,-118.52633,86.0,62.02268600463867,,,,,,,,,0.0,0.0,0.0,98.0,22.0,0.0,0.6,20.3,16.9,171.0,450.0,28.9,3.6,68.0,1386.0,0.08,1.0,0.0,0.0,90.0,90.0,31.0,44.0
2026-09-25T21:00,deterministic,best_match,75.7,59,60.4,78.3,65.7,1010.1,1000.2,79199.48,2,56,0,0,53,0,0.0,0.0,0.0,0.0,2.2,143,1.8,0.0,0.0,0.0,0,0.0,4.1,0.0,16010.499,295.276,17.8,0.0,0.001,1.24,0.0,0.0,0.0,0.0,0.0,0.0,0.0,0.0,0.0,0.0,23,25,18,13,62,0,0,0,0,0,2529.528,4947.507,10331.365,19215.878,31596.606,America/Los_Angeles,34.03202,-118.52633,86.0,62.02268600463867,,,,,,,,,0.0,0.0,0.0,62.0,0.0,0.0,0.6,21.1,17.8,185.0,456.0,42.5,3.7,50.0,1398.0,0.08,1.0,0.0,0.0,90.0,90.0,31.0,43.0
2026-09-25T22:00,deterministic,best_match,75.4,59,60.0,77.1,65.4,1010.4,1000.5,79199.48,3,100,0,0,100,0,0.0,0.0,0.0,0.0,3.9,149,4.0,0.0,0.0,0.0,0,0.0,4.3,0.0,16043.308,377.297,17.4,0.0,0.001,1.23,0.0,0.0,0.0,0.0,0.0,0.0,0.0,0.0,0.0,0.0,26,25,16,13,72,0,0,0,0,0,2532.808,4947.507,10328.084,19212.598,31596.606,America/Los_Angeles,34.03202,-118.52633,86.0,62.02268600463867,,,,,,,,,0.0,0.0,0.0,72.0,0.0,0.0,0.6,23.1,20.0,200.0,464.0,59.5,4.2,30.0,1415.0,0.07,1.0,0.0,0.0,91.0,91.0,31.0,42.0
2026-09-25T23:00,deterministic,best_match,74.3,62,60.4,76.6,65.2,1010.4,1000.5,79199.48,0,18,0,0,14,0,0.0,0.0,0.0,0.0,2.9,157,3.6,0.0,0.0,0.0,0,0.0,4.4,0.0,16010.499,344.488,16.1,0.0,0.001,1.1,0.0,0.0,0.0,0.0,0.0,0.0,0.0,0.0,0.0,0.0,25,23,11,11,80,0,0,0,0,2,2529.528,4944.226,10318.241,19206.038,31601.896,America/Los_Angeles,34.03202,-118.52633,86.0,62.02268600463867,,,,,,,,,0.0,0.0,0.0,80.0,2.0,0.0,0.6,26.1,23.1,211.0,470.0,73.1,4.7,14.0,1433.0,0.08,1.0,0.0,0.0,91.0,91.0,31.0,38.0
2026-09-26T00:00,deterministic,best_match,73.7,64,60.8,76.5,65.2,1010.2,1000.2,79199.48,0,11,0,0,10,0,0.0,0.0,0.0,0.0,2.2,143,3.4,0.0,0.0,0.0,0,0.0,4.3,0.0,16010.499,328.084,14.8,0.0,0.0,1.02,0.0,0.0,0.0,0.0,0.0,0.0,0.0,0.0,0.0,0.0,23,22,8,11,90,0,0,0,0,8,2522.966,4934.384,10305.118,19196.196,31591.312,America/Los_Angeles,34.03202,-118.52633,86.0,62.02268600463867,,,,,,,,,0.0,0.0,0.0,90.0,8.0,0.0,0.6,32.2,29.2,213.0,474.0,80.2,5.1,6.0,1450.0,0.09,1.0,0.0,0.0,90.0,90.0,31.0,33.0
2026-09-26T01:00,deterministic,best_match,73.2,66,61.2,76.2,65.2,1010.3,1000.3,79199.48,0,17,0,0,14,0,0.0,0.0,0.0,0.0,2.1,212,2.2,0.0,0.0,0.0,0,0.0,4.4,0.0,16043.308,246.063,14.8,0.0,0.0,0.95,0.0,0.0,0.0,0.0,0.0,0.0,0.0,0.0,0.0,0.0,23,23,8,11,74,0,0,0,0,8,2522.966,4931.103,10295.275,19189.632,31575.438,America/Los_Angeles,34.03202,-118.52633,86.0,62.02268600463867,,,,,,,,,0.0,0.0,0.0,74.0,8.0,0.0,0.6,36.4,33.3,211.0,478.0,83.8,5.5,2.0,1468.0,0.1,1.0,0.0,0.0,91.0,91.0,31.0,27.0
2026-09-26T02:00,deterministic,best_match,72.7,67,61.1,76.2,64.9,1010.2,1000.2,79199.48,1,34,0,0,29,0,0.0,0.0,0.0,0.0,0.7,288,1.1,0.0,0.0,0.0,0,0.0,4.7,0.0,16108.924,180.446,14.6,0.0,0.0,0.9,0.0,0.0,0.0,0.0,0.0,0.0,0.0,0.0,0.0,0.0,23,23,8,10,86,0,0,0,0,4,2519.685,4924.541,10288.714,19179.792,31564.856,America/Los_Angeles,34.03202,-118.52633,86.0,62.02268600463867,,,,,,,,,0.0,0.0,0.0,86.0,4.0,0.0,0.6,39.7,36.6,211.0,481.0,86.2,5.9,0.0,1490.0,0.12,1.0,0.0,0.0,91.0,91.0,31.0,20.0
2026-09-26T03:00,deterministic,best_match,72.8,64,60.0,75.5,64.4,1009.8,999.8,79199.48,3,80,0,0,74,0,0.0,0.0,0.0,0.0,1.6,45,1.8,0.0,0.0,0.0,0,0.0,5.3,0.0,16207.35,82.021,14.2,0.0,0.0,0.99,0.0,0.0,0.0,0.0,0.0,0.0,0.0,0.0,0.0,0.0,23,22,7,10,100,0,0,0,0,58,2506.562,4914.698,10278.871,19176.51,31554.274,America/Los_Angeles,34.03202,-118.52633,86.0,62.02268600463867,,,,,,,,,0.0,0.0,0.0,100.0,58.0,0.0,0.6,43.4,40.2,211.0,484.0,88.2,6.2,0.0,1511.0,0.14,1.0,0.0,0.0,91.0,91.0,31.0,15.0
2026-09-26T04:00,deterministic,best_match,73.0,62,59.2,75.6,64.0,1009.8,999.8,79199.48,3,100,0,0,100,0,0.0,0.0,0.0,0.0,1.1,90,1.6,0.0,0.0,0.0,0,0.0,5.5,0.0,16174.541,49.213,14.3,0.0,0.0,1.05,0.0,0.0,0.0,0.0,0.0,0.0,0.0,0.0,0.0,0.0,23,22,8,9,98,0,0,0,0,18,2509.843,4914.698,10275.591,19173.228,31548.98,America/Los_Angeles,34.03202,-118.52633,86.0,62.02268600463867,,,,,,,,,0.0,0.0,0.0,98.0,18.0,0.0,0.6,46.6,43.2,214.0,487.0,88.9,6.4,0.0,1537.0,0.15,1.0,0.0,0.0,92.0,92.0,32.0,10.0
2026-09-26T05:00,deterministic,best_match,73.0,62,59.2,75.9,64.0,1009.8,999.8,79199.48,3,100,0,0,100,0,0.0,0.0,0.0,0.0,0.5,27,0.9,0.0,0.0,0.0,0,0.0,5.6,0.0,16076.115,49.213,14.2,0.0,0.0,1.05,0.0,0.0,0.0,0.0,0.0,0.0,0.0,0.0,0.0,0.0,23,23,8,7,76,0,0,0,0,2,2509.843,4914.698,10272.31,19163.386,31548.98,America/Los_Angeles,34.03202,-118.52633,86.0,62.02268600463867,,,,,,,,,0.0,0.0,0.0,76.0,2.0,0.0,0.6,47.8,44.9,227.0,493.0,88.2,6.5,1.0,1580.0,0.15,1.0,0.0,0.0,92.0,92.0,32.0,6.0
2026-09-26T06:00,deterministic,best_match,72.8,62,59.1,75.6,63.9,1009.9,999.9,79199.48,3,100,0,0,100,0,0.0,0.0,0.0,0.0,0.6,45,0.9,0.0,0.0,0.0,0,0.0,5.9,0.0,16141.732,32.808,14.0,0.0,0.0,1.05,0.0,0.0,0.0,0.0,0.0,0.0,0.0,0.0,0.0,0.0,24,23,8,6,48,0,0,0,0,0,2509.843,4914.698,10272.31,19166.666,31554.274,America/Los_Angeles,34.03202,-118.52633,86.0,62.02268600463867,,,,,,,,,0.0,0.0,0.0,48.0,0.0,0.0,0.6,47.8,45.3,266.0,509.0,86.0,6.3,0.0,1673.0,0.16,1.0,0.0,0.0,92.0,92.0,32.0,3.0
2026-09-26T07:00,deterministic,best_match,73.0,60,58.3,75.6,63.5,1010.2,1000.2,79199.48,3,100,0,0,100,0,0.0,0.0,0.0,0.0,0.5,27,0.7,0.0,0.0,0.0,1,0.0,6.3,0.0,16076.115,32.808,13.7,0.0,0.0,1.11,1.0,0.0,1.0,0.0,4.8,10.9,0.0,10.9,0.0,53.2,24,24,7,6,34,0,0,0,0,0,2519.685,4921.26,10275.591,19166.666,31564.856,America/Los_Angeles,34.03202,-118.52633,86.0,62.02268600463867,,,0.20833333333333334,0.20488721804511278,0.0,1.0,0.0,1.0,0.0,0.0,0.0,34.0,0.0,4.6,0.85,47.0,45.2,316.0,529.0,82.4,6.0,0.0,1783.0,0.14,0.0,0.05,0.05,92.0,92.0,32.0,1.0
2026-09-26T08:00,deterministic,best_match,74.5,57,58.2,76.9,64.1,1010.8,1000.9,79199.48,3,100,0,0,100,0,0.0,0.0,0.0,0.0,0.6,135,1.1,0.45,0.5,3600.0,1,0.0,6.3,0.0,16010.499,147.638,13.9,0.0,0.002,1.25,74.0,37.0,37.0,249.2,198.7,127.1,63.5,63.5,427.8,341.9,25,26,7,6,30,0,0,0,0,0,2536.089,4937.664,10288.714,19173.228,31575.438,America/Los_Angeles,34.03202,-118.52633,86.0,62.02268600463867,0.9,0.09999999999999998,0.3724207347760443,0.3717461245978356,0.5,0.5,0.4996066089693155,0.4996066089693155,1.0,0.0,0.09999999999999432,30.0,0.0,48.0,1.0,45.9,44.7,345.0,538.0,76.7,6.3,6.0,1835.0,0.14,0.0,0.55,0.6,92.0,92.0,32.0,1.0
2026-09-26T09:00,deterministic,best_match,77.3,48,56.1,78.2,64.1,1011.3,1001.4,79199.48,3,100,0,0,100,0,0.0,0.0,0.0,0.0,2.7,114,2.7,1.75,1.8,3600.0,1,0.0,6.2,0.0,15912.073,606.955,14.0,0.0,0.008,1.67,291.0,201.0,90.0,572.9,476.7,369.7,255.4,114.4,727.9,606.0,26,27,7,4,34,0,0,0,0,0,2552.494,4950.788,10301.837,19183.07,31586.02,America/Los_Angeles,34.03202,-118.52633,86.0,62.02268600463867,0.9722222222222222,0.02777777777777779,0.6104468219005664,0.61006600660066,0.6907216494845361,0.30927835051546393,0.6908304030294834,0.3094400865566676,1.0,0.0,-0.10000000000002274,34.0,0.0,69.1,1.0,41.3,40.7,337.0,527.0,67.9,7.7,23.0,1779.0,0.14,0.0,1.8,1.95,91.0,91.0,31.0,1.0
2026-09-26T10:00,deterministic,best_match,80.0,42,54.9,80.1,64.6,1011.7,1001.8,79199.48,2,57,0,0,56,0,0.0,0.0,0.0,0.0,3.5,153,3.4,3.5,3.5,3600.0,1,0.0,6.3,0.0,15846.457,1000.656,14.4,0.0,0.014,2.03,522.0,454.0,68.0,856.4,720.9,599.0,521.0,78.0,982.8,827.5,27,27,7,4,70,0,0,0,0,0,2565.617,4963.911,10311.68,19189.632,31601.896,America/Los_Angeles,34.03202,-118.52633,86.0,62.02268600463867,1.0,0.0,0.7240948813982522,0.7238670694864048,0.8697318007662835,0.13026819923371646,0.8697829716193656,0.1302170283806344,1.0,0.0,0.0,70.0,0.0,85.1,1.0,36.7,35.7,309.0,504.0,57.1,9.6,47.0,1663.0,0.14,1.0,3.8,3.9,91.0,91.0,31.0,2.0
2026-09-26T11:00,deterministic,best_match,82.6,37,53.7,83.9,65.0,1011.6,1001.8,79199.48,0,16,0,0,14,0,0.0,0.0,0.0,0.0,3.3,160,2.7,5.05,5.05,3600.0,1,0.0,6.2,0.0,15813.648,1345.144,13.8,0.0,0.019,2.39,689.0,615.0,74.0,914.7,914.7,746.6,666.4,80.2,991.2,991.3,26,27,7,3,66,0,0,0,0,0,2568.898,4970.473,10321.522,19199.474,31607.19,America/Los_Angeles,34.03202,-118.52633,86.0,62.02268600463867,1.0,0.0,0.7532524324915273,0.7531524261071321,0.8925979680696662,0.10740203193033382,0.8925796946155906,0.10742030538440932,1.0,0.0,0.0,66.0,0.0,93.7,1.0,33.4,32.5,274.0,484.0,47.3,10.8,68.0,1557.0,0.14,1.0,5.8,5.95,91.0,91.0,31.0,4.0
2026-09-26T12:00,deterministic,best_match,84.5,32,51.5,85.5,64.7,1011.2,1001.4,79199.48,3,96,0,0,95,0,0.0,0.0,0.0,0.0,4.7,177,3.6,6.1,6.25,3600.0,1,0.0,6.3,0.0,15748.031,1771.654,13.1,0.0,0.023,2.75,784.0,642.0,142.0,836.3,1044.8,815.0,667.4,147.6,869.3,1086.2,27,25,6,3,56,0,0,0,0,0,2562.336,4963.911,10321.522,19196.196,31601.896,America/Los_Angeles,34.03202,-118.52633,86.0,62.02268600463867,0.976,0.02400000000000002,0.7503828483920368,0.7503222242680906,0.8188775510204082,0.18112244897959184,0.8188957055214724,0.1811042944785276,1.0,0.0,0.0,56.0,0.0,97.3,1.0,29.8,28.9,232.0,469.0,39.2,10.7,85.0,1480.0,0.14,1.0,7.05,7.3,91.0,91.0,31.0,8.0
2026-09-26T13:00,deterministic,best_match,85.4,31,51.4,85.1,65.0,1010.8,1001.1,79199.48,3,100,0,0,100,0,0.0,0.0,0.0,0.0,7.1,200,5.8,6.2,6.75,3600.0,1,0.0,6.5,0.0,15813.648,2083.333,13.1,0.0,0.024,2.88,773.0,505.0,268.0,623.6,1102.3,775.3,506.5,268.8,625.5,1105.8,27,25,7,3,46,0,0,0,0,0,2552.494,4954.069,10311.68,19186.352,31596.606,America/Los_Angeles,34.03202,-118.52633,86.0,62.02268600463867,0.9185185185185185,0.08148148148148149,0.7012609997278418,0.7011213601012841,0.6532988357050453,0.34670116429495473,0.6532954985167032,0.34670450148329685,1.0,0.0,0.0,46.0,0.0,88.5,1.0,27.4,26.1,183.0,456.0,32.1,9.9,99.0,1412.0,0.13,1.0,7.05,7.5,91.0,91.0,30.0,13.0
2026-09-26T14:00,deterministic,best_match,83.5,34,52.2,82.9,64.6,1010.3,1000.5,79199.48,3,100,0,0,100,0,0.0,0.0,0.0,0.0,8.1,222,6.0,6.15,6.6,3600.0,1,0.0,6.3,0.0,15518.373,1738.845,12.6,0.0,0.023,2.58,768.0,523.0,245.0,657.3,1083.3,743.2,506.1,237.1,636.1,1048.5,26,23,6,3,26,0,0,0,0,0,2536.089,4940.945,10298.557,19166.666,31580.73,America/Los_Angeles,34.03202,-118.52633,86.0,62.02268600463867,0.9318181818181819,0.06818181818181812,0.7089448906120188,0.7088221268478779,0.6809895833333334,0.3190104166666667,0.6809741657696448,0.3190258342303552,1.0,0.0,0.0,26.0,0.0,89.4,1.0,25.6,24.0,147.0,446.0,26.4,8.9,107.0,1365.0,0.12,1.0,6.0,6.4,91.0,91.0,30.0,19.0
2026-09-26T15:00,deterministic,best_match,83.3,32,50.4,82.3,63.8,1009.5,999.7,79199.48,3,100,0,0,100,0,0.0,0.0,0.0,0.0,6.4,216,5.6,5.4,5.75,3600.0,1,0.0,6.8,0.0,15321.522,1410.761,11.5,0.0,0.021,2.64,704.0,502.0,202.0,691.2,989.1,653.6,466.0,187.5,641.7,918.4,24,20,6,3,18,0,0,0,0,0,2516.404,4924.541,10288.714,19150.262,31564.856,America/Los_Angeles,34.03202,-118.52633,86.0,62.02268600463867,0.9391304347826087,0.060869565217391286,0.7117581639874634,0.7116724738675959,0.7130681818181818,0.2869318181818182,0.7129742962056304,0.2868727050183598,1.0,0.0,0.10000000000002274,24.0,0.0,87.0,1.0,24.4,22.2,131.0,442.0,22.1,7.9,107.0,1349.0,0.11,1.0,4.2,4.45,90.0,90.0,30.0,25.0
2026-09-26T16:00,deterministic,best_match,82.2,33,50.2,79.3,63.3,1009.4,999.6,79199.48,3,100,0,0,100,0,0.0,0.0,0.0,0.0,7.6,225,7.6,4.05,4.3,3600.0,1,0.0,7.0,0.0,15354.331,1213.911,11.3,0.0,0.018,2.52,572.0,406.0,166.0,669.6,826.1,501.4,355.9,145.5,587.0,724.4,22,20,6,3,18,0,0,0,0,0,2509.843,4917.979,10278.871,19143.702,31564.856,America/Los_Angeles,34.03202,-118.52633,86.0,62.02268600463867,0.9418604651162791,0.05813953488372092,0.6924101198402131,0.6921590281612369,0.7097902097902098,0.2902097902097902,0.7098125249301954,0.2901874750698046,1.0,0.0,0.0,22.0,0.0,78.6,1.0,23.5,20.7,128.0,441.0,19.4,6.8,102.0,1354.0,0.11,1.0,2.25,2.4,90.0,90.0,30.0,31.0
2026-09-26T17:00,deterministic,best_match,81.3,35,51.0,79.3,63.3,1009.3,999.5,79199.48,3,100,0,0,100,0,0.0,0.0,0.0,0.0,5.4,228,6.3,2.45,2.65,3600.0,1,0.0,6.8,0.0,15387.14,836.614,10.6,0.0,0.012,2.37,381.0,247.0,134.0,556.3,605.4,301.6,195.5,106.1,440.4,479.5,21,17,6,3,16,0,0,0,0,0,2509.843,4917.979,10285.434,19150.262,31559.562,America/Los_Angeles,34.03202,-118.52633,86.0,62.02268600463867,0.9245283018867926,0.07547169811320742,0.6293359762140733,0.6289885297184568,0.6482939632545932,0.35170603674540685,0.648209549071618,0.3517904509283819,1.0,0.0,0.0,21.0,0.0,65.1,1.0,22.6,19.2,147.3,441.0,18.9,5.8,93.0,1360.0,0.11,1.0,0.8,0.85,90.0,90.0,30.0,37.0
2026-09-26T18:00,deterministic,best_match,80.6,37,51.9,78.8,63.4,1009.3,999.5,79199.48,3,100,0,0,100,0,0.0,0.0,0.0,0.0,5.5,227,6.7,1.05,1.1,3600.0,1,0.0,6.3,0.0,15518.373,656.168,10.4,0.0,0.007,2.25,185.0,110.0,75.0,439.2,341.9,108.3,64.4,43.9,257.0,200.5,21,16,6,4,16,0,0,0,0,0,2509.843,4917.979,10282.152,19156.824,31548.98,America/Los_Angeles,34.03202,-118.52633,86.0,62.02268600463867,0.9545454545454545,0.045454545454545525,0.5410938871014918,0.540149625935162,0.5945945945945946,0.40540540540540543,0.5946445060018468,0.4053554939981533,1.0,0.0,-1.4210854715202004e-14,21.0,0.0,51.9,1.0,20.1,17.1,162.5,441.0,20.9,4.9,81.0,1360.0,0.11,1.0,0.15,0.15,90.0,90.0,30.0,41.0
2026-09-26T19:00,deterministic,best_match,77.5,46,55.1,76.7,63.7,1009.9,1000.0,79199.48,0,5,0,0,5,0,0.0,0.0,0.0,0.0,5.8,216,6.9,0.15,0.15,2446.65,0,0.0,5.7,0.0,15551.182,508.53,10.8,0.0,0.003,1.74,29.0,18.0,11.0,189.5,68.6,0.0,0.0,0.0,0.0,0.0,21,17,6,6,18,0,0,0,0,0,2522.966,4927.822,10288.714,19160.106,31543.688,America/Los_Angeles,34.03202,-118.52633,86.0,62.02268600463867,1.0,0.0,0.42274052478134116,,0.6206896551724138,0.3793103448275862,,,0.679625,0.0,0.0,21.0,0.0,36.9,1.0,18.3,15.7,178.0,441.0,25.1,4.2,66.0,1360.0,0.1,0.0,0.0,0.0,90.0,90.0,30.0,43.0
2026-09-26T20:00,deterministic,best_match,76.3,49,55.7,76.5,63.5,1010.4,1000.5,79199.48,0,0,0,0,0,0,0.0,0.0,0.0,0.0,3.8,230,5.1,0.0,0.0,0.0,0,0.0,5.9,0.0,15583.989,410.105,10.9,0.0,0.002,1.58,0.0,0.0,0.0,0.0,0.0,0.0,0.0,0.0,0.0,0.0,22,16,7,6,28,0,0,0,0,0,2536.089,4937.664,10298.557,19169.948,31548.98,America/Los_Angeles,34.03202,-118.52633,86.0,62.02268600463867,,,,,,,,,0.0,0.0,0.0,28.0,0.0,0.0,0.6,18.0,15.4,200.0,,32.2,3.7,50.0,,0.1,0.0,0.0,0.0,90.0,90.0,30.0,43.0
2026-09-26T21:00,deterministic,best_match,76.6,47,54.9,77.6,63.2,1011.0,1001.1,79199.48,0,0,0,0,0,0,0.0,0.0,0.0,0.0,1.4,171,1.6,0.0,0.0,0.0,0,0.0,6.7,0.0,15583.989,278.871,10.5,0.0,0.0,1.66,0.0,0.0,0.0,0.0,0.0,0.0,0.0,0.0,0.0,0.0,21,15,7,6,14,0,0,0,0,0,2552.494,4957.349,10318.241,19183.07,31559.562,America/Los_Angeles,34.03202,-118.52633,86.0,62.02268600463867,,,,,,,,,0.0,0.0,0.0,21.0,0.0,0.0,0.6,18.7,16.1,216.0,,44.5,3.6,33.0,,0.1,0.0,0.0,0.0,90.0,90.0,29.0,41.0
2026-09-26T22:00,deterministic,best_match,76.3,47,54.6,76.6,62.9,1011.2,1001.3,79199.48,0,0,0,0,0,0,0.0,0.0,0.0,0.0,2.5,170,2.5,0.0,0.0,0.0,0,0.0,6.9,0.0,15616.798,278.871,10.7,0.0,0.001,1.64,0.0,0.0,0.0,0.0,0.0,0.0,0.0,0.0,0.0,0.0,22,14,7,6,10,0,0,0,0,0,2555.775,4954.069,10314.961,19186.352,31554.274,America/Los_Angeles,34.03202,-118.52633,86.0,62.02268600463867,,,,,,,,,0.0,0.0,0.0,22.0,0.0,0.0,0.6,20.4,17.8,239.0,,59.5,3.8,16.0,,0.11,0.0,0.0,0.0,90.0,90.0,29.0,37.0
2026-09-26T23:00,deterministic,best_match,75.0,51,55.7,75.1,62.9,1011.2,1001.3,79199.48,0,0,0,0,0,0,0.0,0.0,0.0,0.0,3.9,204,4.3,0.0,0.0,0.0,0,0.0,7.0,0.0,15682.415,278.871,11.6,0.0,0.002,1.45,0.0,0.0,0.0,0.0,0.0,0.0,0.0,0.0,0.0,0.0,24,14,10,6,10,0,0,0,0,0,2549.213,4947.507,10311.68,19183.07,31548.98,America/Los_Angeles,34.03202,-118.52633,86.0,62.02268600463867,,,,,,,,,0.0,0.0,0.0,24.0,0.0,0.0,0.6,23.1,20.5,263.0,,70.8,4.1,4.0,,0.11,0.0,0.0,0.0,89.0,89.0,29.0,32.0
2026-09-27T00:00,deterministic,best_match,73.6,55,56.4,74.5,62.7,1011.0,1001.0,79199.48,0,0,0,0,0,0,0.0,0.0,0.0,0.0,2.6,200,2.9,0.0,0.0,0.0,0,0.0,7.2,0.0,15682.415,246.063,12.2,0.0,0.001,1.27,0.0,0.0,0.0,0.0,0.0,0.0,0.0,0.0,0.0,0.0,24,13,16,7,12,0,0,0,0,0,2542.651,4937.664,10298.557,19169.948,31538.396,America/Los_Angeles,34.03202,-118.52633,86.0,62.02268600463867,,,,,,,,,0.0,0.0,0.0,24.0,0.0,0.0,0.6,27.1,24.6,285.0,,75.1,4.4,0.0,,0.12,0.0,0.0,0.0,89.0,89.0,29.0,26.0
2026-09-27T01:00,deterministic,best_match,73.0,57,56.9,74.2,62.8,1011.0,1001.0,79199.48,0,0,0,0,0,0,0.0,0.0,0.0,0.0,2.5,190,2.7,0.0,0.0,0.0,0,0.0,7.0,0.0,15583.989,229.659,13.0,0.0,0.001,1.19,0.0,0.0,0.0,0.0,0.0,0.0,0.0,0.0,0.0,0.0,24,12,19,19,12,0,0,0,0,0,2539.37,4931.103,10288.714,19156.824,31533.104,America/Los_Angeles,34.03202,-118.52633,86.0,62.02268600463867,,,,,,,,,0.0,0.0,0.0,24.0,0.0,0.0,0.6,30.3,27.8,307.0,,75.6,4.6,0.0,,0.13,0.0,0.0,0.0,89.0,89.0,29.0,20.0
2026-09-27T02:00,deterministic,best_match,72.5,59,57.3,73.8,62.8,1010.9,1000.9,79199.48,0,0,0,0,0,0,0.0,0.0,0.0,0.0,2.6,195,2.7,0.0,0.0,0.0,0,0.0,6.5,0.0,15583.989,229.659,13.3,0.0,0.001,1.12,0.0,0.0,0.0,0.0,0.0,0.0,0.0,0.0,0.0,0.0,26,12,18,43,12,0,0,0,0,0,2532.808,4921.26,10275.591,19143.702,31517.228,America/Los_Angeles,34.03202,-118.52633,86.0,62.02268600463867,,,,,,,,,0.0,0.0,0.0,43.0,0.0,0.0,0.6,34.5,31.9,327.0,,75.3,4.9,0.0,,0.14,0.0,0.0,0.0,88.0,88.0,29.0,14.0
2026-09-27T03:00,deterministic,best_match,71.8,62,58.0,73.5,62.9,1010.8,1000.8,79199.48,0,0,0,0,0,0,0.0,0.0,0.0,0.0,2.1,198,2.0,0.0,0.0,0.0,0,0.0,5.8,0.0,15419.947,196.85,13.5,0.0,0.0,1.01,0.0,0.0,0.0,0.0,0.0,0.0,0.0,0.0,0.0,0.0,27,11,13,67,14,0,0,0,0,0,2526.247,4914.698,10265.748,19127.296,31506.646,America/Los_Angeles,34.03202,-118.52633,86.0,62.02268600463867,,,,,,,,,0.0,0.0,0.0,67.0,0.0,0.0,0.6,38.4,35.7,345.0,,75.0,5.1,0.0,,0.15,0.0,0.0,0.0,88.0,88.0,29.0,10.0
2026-09-27T04:00,deterministic,best_match,71.4,62,57.7,73.3,62.6,1010.6,1000.6,79199.48,0,0,0,0,0,0,0.0,0.0,0.0,0.0,1.4,219,1.3,0.0,0.0,0.0,0,0.0,5.6,0.0,15419.947,180.446,13.4,0.0,0.0,1.0,0.0,0.0,0.0,0.0,0.0,0.0,0.0,0.0,0.0,0.0,28,12,10,70,22,0,0,0,0,0,2516.404,4904.856,10255.905,19114.174,31490.77,America/Los_Angeles,34.03202,-118.52633,86.0,62.02268600463867,,,,,,,,,0.0,0.0,0.0,70.0,0.0,0.0,0.6,41.7,39.0,362.0,,74.0,5.2,0.0,,0.16,0.0,0.0,0.0,88.0,88.0,28.0,6.0
2026-09-27T05:00,deterministic,best_match,71.2,62,57.5,73.2,62.4,1010.7,1000.7,79199.48,0,0,0,0,0,0,0.0,0.0,0.0,0.0,1.1,270,1.1,0.0,0.0,0.0,0,0.0,5.4,0.0,15354.331,114.829,13.4,0.0,0.0,0.99,0.0,0.0,0.0,0.0,0.0,0.0,0.0,0.0,0.0,0.0,27,12,9,80,28,0,0,0,4,0,2519.685,4904.856,10255.905,19114.174,31490.77,America/Los_Angeles,34.03202,-118.52633,86.0,62.02268600463867,,,,,,,,,0.0,0.0,0.0,80.0,4.0,0.0,0.6,44.2,41.6,373.0,,73.2,5.3,0.0,,0.17,0.0,0.0,0.0,87.0,87.0,28.0,3.0
2026-09-27T06:00,deterministic,best_match,71.0,61,56.9,73.1,62.0,1010.8,1000.8,79199.48,0,6,0,5,0,0,0.0,0.0,0.0,0.0,0.5,243,0.4,0.0,0.0,0.0,0,0.0,5.4,0.0,15387.14,65.617,13.3,0.0,0.0,1.01,0.0,0.0,0.0,0.0,0.0,0.0,0.0,0.0,0.0,0.0,26,12,8,87,24,0,0,0,6,0,2522.966,4908.137,10255.905,19110.892,31496.062,America/Los_Angeles,34.03202,-118.52633,86.0,62.02268600463867,,,,,,,,,0.0,0.0,0.0,87.0,6.0,0.0,0.6,,,,,,,,,,,,,87.0,87.0,28.0,1.0
2026-09-27T07:00,deterministic,best_match,71.2,59,56.2,72.6,61.7,1011.2,1001.2,79199.48,0,6,0,5,0,0,0.0,0.0,0.0,0.0,1.5,297,1.6,0.0,0.0,0.0,1,0.0,5.9,0.0,15223.098,49.213,14.1,0.0,0.001,1.07,1.0,0.0,1.0,0.0,4.2,11.6,0.0,11.6,0.0,49.7,26,13,8,80,22,0,0,0,4,0,2532.808,4917.979,10262.467,19114.174,31496.062,America/Los_Angeles,34.03202,-118.52633,86.0,62.02268600463867,,,0.23809523809523808,0.2334004024144869,0.0,1.0,0.0,1.0,0.0,0.0,0.0,80.0,4.0,5.3,0.85,,,,,,,,,,,,,,,,
2026-09-27T08:00,deterministic,best_match,73.2,55,56.1,74.9,62.4,1011.6,1001.6,79199.48,0,10,0,10,0,0,0.0,0.0,0.0,0.0,0.6,225,0.4,0.5,0.5,3600.0,1,0.0,5.5,0.0,14927.821,246.063,15.4,0.0,0.002,1.26,102.0,71.0,31.0,482.6,195.2,176.4,122.8,53.6,834.7,338.4,26,14,8,96,20,0,0,0,39,0,2545.932,4927.822,10272.31,19114.174,31506.646,America/Los_Angeles,34.03202,-118.52633,86.0,62.02268600463867,1.0,0.0,0.5225409836065574,0.5212765957446809,0.696078431372549,0.30392156862745096,0.6961451247165532,0.30385487528344673,1.0,0.0,0.0,96.0,39.0,64.1,1.0,,,,,,,,,,,,,,,,
2026-09-27T09:00,deterministic,best_match,75.5,50,55.6,76.6,63.1,1012.0,1002.1,79199.48,3,91,0,90,0,0,0.0,0.0,0.0,0.0,1.6,196,0.9,1.7,1.8,3600.0,1,0.0,5.1,0.0,14763.779,656.168,15.5,0.0,0.007,1.51,272.0,162.0,110.0,465.4,473.2,346.1,206.1,140.0,592.2,602.4,26,15,8,94,20,0,0,0,53,0,2555.775,4940.945,10282.152,19120.734,31522.522,America/Los_Angeles,34.03202,-118.52633,86.0,62.02268600463867,0.9444444444444444,0.05555555555555558,0.5748098055790364,0.574535192563081,0.5955882352941176,0.40441176470588236,0.595492632187229,0.40450736781277086,1.0,0.0,0.0,94.0,53.0,63.6,1.0,,,,,,,,,,,,,,,,
2026-09-27T10:00,deterministic,best_match,77.7,44,54.1,77.4,63.3,1012.0,1002.1,79199.48,3,83,0,79,0,0,0.0,0.0,0.0,0.0,3.6,187,2.0,3.15,3.45,3600.0,1,0.0,5.2,0.0,14632.546,1164.698,16.5,0.0,0.013,1.82,453.0,286.0,167.0,542.5,717.3,520.1,328.4,191.7,622.9,823.8,26,16,7,87,20,0,0,0,4,0,2562.336,4944.226,10285.434,19127.296,31522.522,America/Los_Angeles,34.03202,-118.52633,86.0,62.02268600463867,0.9130434782608695,0.08695652173913049,0.6315349226265161,0.6313425588735131,0.6313465783664459,0.3686534216335541,0.6314170351855412,0.36858296481445874,1.0,0.0,1.1368683772161603e-13,87.0,4.0,72.6,1.0,,,,,,,,,,,,,,,,
2026-09-27T11:00,deterministic,best_match,79.5,39,52.4,79.4,63.2,1011.9,1002.0,79199.48,2,69,0,65,0,0,0.0,0.0,0.0,0.0,5.0,193,2.9,5.0,5.05,3600.0,1,0.0,5.6,0.0,14534.121,1689.633,18.3,0.0,0.019,2.1,670.0,562.0,108.0,840.0,910.8,726.1,609.1,117.1,910.4,987.2,27,17,7,91,28,0,0,0,13,0,2562.336,4944.226,10285.434,19127.296,31522.522,America/Los_Angeles,34.03202,-118.52633,86.0,62.02268600463867,0.9900990099009901,0.00990099009900991,0.735617039964866,0.7355145867098866,0.8388059701492537,0.16119402985074627,0.8388651700867649,0.161272551990084,1.0,0.0,-0.10000000000002274,91.0,13.0,92.4,1.0,,,,,,,,,,,,,,,,
2026-09-27T12:00,deterministic,best_match,78.2,42,53.3,76.5,63.1,1011.8,1001.9,79199.48,3,83,1,80,17,0,0.0,0.0,0.0,0.0,6.4,205,4.9,4.15,6.3,3600.0,1,0.0,5.8,0.0,14074.804,1574.803,20.4,0.0,0.016,1.91,498.0,297.0,201.0,388.7,1040.5,517.7,308.7,208.9,404.0,1081.8,27,18,11,93,38,0,0,0,24,0,2552.494,4934.384,10275.591,19107.612,31511.94,America/Los_Angeles,34.03202,-118.52633,86.0,62.02268600463867,0.6587301587301588,0.34126984126984117,0.47861604997597307,0.4785542614161583,0.5963855421686747,0.4036144578313253,0.5962912883909599,0.4035155495460691,1.0,0.0,0.10000000000002274,93.0,24.0,65.3,1.0,,,,,,,,,,,,,,,,
2026-09-27T13:00,deterministic,best_match,75.7,48,54.6,73.8,62.7,1011.5,1001.6,79199.48,3,93,2,92,40,0,0.0,0.0,0.0,0.0,8.0,216,7.6,4.0,6.75,3600.0,1,0.0,6.1,0.0,13615.485,1230.315,22.7,0.0,0.014,1.58,464.0,257.0,207.0,318.9,1097.6,465.3,257.7,207.6,319.8,1100.8,27,19,17,94,52,0,0,0,37,0,2542.651,4927.822,10262.467,19087.926,31506.646,America/Los_Angeles,34.03202,-118.52633,86.0,62.02268600463867,0.5925925925925926,0.40740740740740744,0.42274052478134116,0.42269258720930236,0.5538793103448276,0.44612068965517243,0.5538362346872985,0.44616376531270147,1.0,0.0,5.684341886080802e-14,94.0,37.0,60.0,1.0,,,,,,,,,,,,,,,,
2026-09-27T14:00,deterministic,best_match,74.1,52,55.4,72.0,62.4,1011.2,1001.2,79199.48,3,100,3,100,52,0,0.0,0.0,0.0,0.0,9.1,220,9.2,3.6,6.45,3600.0,1,0.0,6.3,0.0,13156.168,984.252,23.9,0.0,0.013,1.38,415.0,221.0,194.0,279.3,1078.2,401.5,213.8,187.7,270.1,1043.1,27,20,20,94,62,0,0,0,49,0,2532.808,4917.979,10252.625,19068.242,31496.062,America/Los_Angeles,34.03202,-118.52633,86.0,62.02268600463867,0.5581395348837209,0.4418604651162791,0.38490076052680394,0.38491036334004414,0.5325301204819277,0.4674698795180723,0.5325031133250312,0.46749688667496886,1.0,0.0,0.0,94.0,49.0,55.3,1.0,,,,,,,,,,,,,,,,
2026-09-27T15:00,deterministic,best_match,74.7,50,54.9,72.5,62.4,1010.7,1000.8,79199.48,3,100,3,100,40,0,0.0,0.0,0.0,0.0,8.9,217,9.2,3.05,5.3,3600.0,1,0.0,6.3,0.0,13582.678,1033.465,23.0,0.0,0.011,1.47,301.0,153.0,148.0,212.0,983.5,279.3,141.9,137.3,196.7,912.6,27,21,20,96,70,0,0,0,43,0,2519.685,4904.856,10239.501,19055.12,31485.48,America/Los_Angeles,34.03202,-118.52633,86.0,62.02268600463867,0.5754716981132075,0.42452830188679247,0.30604982206405695,0.3060486522024984,0.5083056478405316,0.49169435215946844,0.5080558539205156,0.4915861081274615,1.0,0.0,0.0999999999999659,96.0,43.0,49.3,1.0,,,,,,,,,,,,,,,,
2026-09-27T16:00,deterministic,best_match,76.4,46,54.1,74.2,62.7,1010.1,1000.2,79199.48,3,100,3,100,17,0,0.0,0.0,0.0,0.0,8.1,208,8.3,2.55,4.05,3600.0,1,0.0,6.3,0.0,13976.378,1181.102,20.8,0.0,0.011,1.67,274.0,148.0,126.0,246.0,820.1,239.9,129.6,110.3,215.4,718.1,26,23,19,94,78,0,0,0,39,0,2509.843,4891.733,10226.378,19045.276,31474.894,America/Los_Angeles,34.03202,-118.52633,86.0,62.02268600463867,0.6296296296296297,0.37037037037037035,0.33410559687842944,0.3340760339785545,0.5401459854014599,0.45985401459854014,0.5402250937890788,0.4597749062109212,1.0,0.0,2.842170943040401e-14,94.0,39.0,48.9,1.0,,,,,,,,,,,,,,,,
2026-09-27T17:00,deterministic,best_match,77.2,43,52.9,75.0,62.5,1009.7,999.8,79199.48,3,97,2,96,0,0,0.0,0.0,0.0,0.0,7.3,203,7.6,1.9,2.6,3600.0,1,0.0,6.3,0.0,14402.888,1230.315,18.6,0.0,0.009,1.82,232.0,135.0,97.0,307.5,598.9,183.1,106.5,76.5,242.6,472.9,26,24,17,87,76,0,0,0,33,0,2496.719,4878.609,10213.255,19032.152,31464.312,America/Los_Angeles,34.03202,-118.52633,86.0,62.02268600463867,0.7307692307692307,0.2692307692307693,0.38737685757221574,0.38718545146965533,0.5818965517241379,0.41810344827586204,0.5816493719279082,0.417804478427089,1.0,0.0,0.09999999999999432,87.0,33.0,49.3,1.0,,,,,,,,,,,,,,,,
2026-09-27T18:00,deterministic,best_match,76.4,44,52.8,74.7,62.1,1009.6,999.7,79199.48,2,79,1,78,0,0,0.0,0.0,0.0,0.0,5.9,209,7.4,1.05,1.15,3600.0,1,0.0,6.2,0.0,14402.888,1033.465,16.5,0.0,0.007,1.74,191.0,127.0,64.0,517.6,335.2,110.1,73.2,36.9,298.4,193.7,26,24,14,66,58,0,0,0,21,0,2496.719,4878.609,10209.974,19028.872,31459.022,America/Los_Angeles,34.03202,-118.52633,86.0,62.02268600463867,0.9130434782608696,0.08695652173913038,0.5698090692124105,0.5684047496128033,0.6649214659685864,0.33507853403141363,0.6648501362397821,0.335149863760218,1.0,0.0,0.0,66.0,21.0,53.5,1.0,,,,,,,,,,,,,,,,
2026-09-27T19:00,deterministic,best_match,74.8,48,53.8,74.1,62.0,1009.7,999.8,79199.48,2,54,1,54,0,0,0.0,0.0,0.0,0.0,4.6,231,7.2,0.15,0.15,2362.03,0,0.0,6.2,0.0,14402.888,721.785,14.3,0.0,0.003,1.53,25.0,17.0,8.0,184.0,64.0,0.0,0.0,0.0,0.0,0.0,27,23,11,37,34,0,0,0,11,0,2496.719,4878.609,10206.693,19022.31,31448.438,America/Los_Angeles,34.03202,-118.52633,86.0,62.02268600463867,1.0,0.0,0.390625,,0.68,0.32,,,0.6561194444444445,0.0,0.0,37.0,11.0,36.6,1.0,,,,,,,,,,,,,,,,
2026-09-27T20:00,deterministic,best_match,73.6,50,53.8,73.2,61.4,1009.8,999.8,79199.48,1,33,0,33,0,0,0.0,0.0,0.0,0.0,3.7,253,6.7,0.0,0.0,0.0,0,0.0,6.4,0.0,14402.888,492.126,12.9,0.0,0.002,1.41,0.0,0.0,0.0,0.0,0.0,0.0,0.0,0.0,0.0,0.0,27,23,10,16,14,0,0,0,0,0,2496.719,4878.609,10203.412,19019.03,31443.146,America/Los_Angeles,34.03202,-118.52633,86.0,62.02268600463867,,,,,,,,,0.0,0.0,0.0,27.0,0.0,0.0,0.6,,,,,,,,,,,,,,,,
2026-09-27T21:00,deterministic,best_match,73.0,50,53.3,72.9,61.0,1009.9,999.9,79199.48,0,18,0,19,0,0,0.0,0.0,0.0,0.0,2.8,256,5.6,0.0,0.0,0.0,0,0.0,7.1,0.0,14402.888,410.105,12.9,0.0,0.001,1.39,0.0,0.0,0.0,0.0,0.0,0.0,0.0,0.0,0.0,0.0,27,23,10,11,8,0,0,0,0,0,2496.719,4878.609,10200.131,19019.03,31437.854,America/Los_Angeles,34.03202,-118.52633,86.0,62.02268600463867,,,,,,,,,0.0,0.0,0.0,27.0,0.0,0.0,0.6,,,,,,,,,,,,,,,,
2026-09-27T22:00,deterministic,best_match,72.7,49,52.4,72.9,60.4,1010.1,1000.1,79199.48,0,7,0,7,0,0,0.0,0.0,0.0,0.0,1.3,239,4.3,0.0,0.0,0.0,0,0.0,8.1,0.0,14402.888,410.105,13.6,0.0,0.0,1.4,0.0,0.0,0.0,0.0,0.0,0.0,0.0,0.0,0.0,0.0,27,24,11,16,8,0,0,0,0,0,2496.719,4875.328,10200.131,19019.03,31432.564,America/Los_Angeles,34.03202,-118.52633,86.0,62.02268600463867,,,,,,,,,0.0,0.0,0.0,27.0,0.0,0.0,0.6,,,,,,,,,,,,,,,,
2026-09-27T23:00,deterministic,best_match,72.3,49,52.1,72.6,60.1,1010.1,1000.1,79199.48,0,0,0,0,0,0,0.0,0.0,0.0,0.0,0.7,198,3.4,0.0,0.0,0.0,0,0.0,8.9,0.0,14402.888,426.509,14.2,0.0,0.0,1.38,0.0,0.0,0.0,0.0,0.0,0.0,0.0,0.0,0.0,0.0,27,24,13,17,8,0,0,0,0,0,2496.719,4875.328,10196.851,19019.03,31427.272,America/Los_Angeles,34.03202,-118.52633,86.0,62.02268600463867,,,,,,,,,0.0,0.0,0.0,27.0,0.0,0.0,0.6,,,,,,,,,,,,,,,,
2026-09-28T00:00,deterministic,best_match,71.7,50,52.0,72.0,59.8,1009.8,999.8,79199.48,0,0,0,0,0,1,0.0,0.0,0.0,0.0,0.7,198,3.1,0.0,0.0,0.0,0,0.0,9.3,0.0,14698.163,442.913,14.5,0.0,0.0,1.33,0.0,0.0,0.0,0.0,0.0,0.0,0.0,0.0,0.0,0.0,28,24,18,13,6,0,0,0,0,0,2483.596,4858.924,10180.446,19015.748,31416.69,America/Los_Angeles,34.03202,-118.52633,86.0,62.02268600463867,,,,,,,,,0.0,0.0,0.0,28.0,0.0,0.0,0.6,,,,,,,,,,,,,,,,
2026-09-28T01:00,deterministic,best_match,71.0,52,52.5,71.3,59.7,1009.4,999.4,79199.48,0,0,0,0,0,1,0.0,0.0,0.0,0.0,0.9,225,3.6,0.0,0.0,0.0,0,0.0,9.4,0.0,14993.438,475.722,14.6,0.0,0.0,1.24,0.0,0.0,0.0,0.0,0.0,0.0,0.0,0.0,0.0,0.0,30,24,22,9,6,0,0,0,0,0,2470.473,4845.801,10164.042,19009.186,31400.812,America/Los_Angeles,34.03202,-118.52633,86.0,62.02268600463867,,,,,,,,,0.0,0.0,0.0,30.0,0.0,0.0,0.6,,,,,,,,,,,,,,,,
2026-09-28T02:00,deterministic,best_match,70.3,53,52.4,70.7,59.4,1009.0,999.0,79199.48,0,0,0,0,0,1,0.0,0.0,0.0,0.0,0.9,225,3.6,0.0,0.0,0.0,0,0.0,9.6,0.0,15288.714,475.722,14.4,0.0,0.0,1.19,0.0,0.0,0.0,0.0,0.0,0.0,0.0,0.0,0.0,0.0,33,23,23,4,6,0,0,0,0,0,2457.349,4829.397,10147.638,19005.906,31390.23,America/Los_Angeles,34.03202,-118.52633,86.0,62.02268600463867,,,,,,,,,0.0,0.0,0.0,33.0,0.0,0.0,0.6,,,,,,,,,,,,,,,,
2026-09-28T03:00,deterministic,best_match,69.8,55,52.9,70.4,59.4,1008.8,998.8,79199.48,0,0,0,0,0,1,0.0,0.0,0.0,0.0,0.7,162,3.1,0.0,0.0,0.0,0,0.0,9.6,0.0,15485.564,393.701,13.7,0.0,0.0,1.12,0.0,0.0,0.0,0.0,0.0,0.0,0.0,0.0,0.0,0.0,37,20,18,4,6,0,0,0,0,0,2454.068,4822.835,10137.795,19005.906,31384.938,America/Los_Angeles,34.03202,-118.52633,86.0,62.02268600463867,,,,,,,,,0.0,0.0,0.0,37.0,0.0,0.0,0.6,,,,,,,,,,,,,,,,
2026-09-28T04:00,deterministic,best_match,69.2,56,52.9,69.4,59.2,1008.8,998.8,79199.48,0,0,0,0,0,1,0.0,0.0,0.0,0.0,1.7,113,2.5,0.0,0.0,0.0,0,0.0,9.6,0.0,15715.224,295.276,12.7,0.0,0.0,1.07,0.0,0.0,0.0,0.0,0.0,0.0,0.0,0.0,0.0,0.0,41,17,9,6,6,0,0,0,0,0,2447.507,4812.992,10131.233,19002.624,31379.644,America/Los_Angeles,34.03202,-118.52633,86.0,62.02268600463867,,,,,,,,,0.0,0.0,0.0,41.0,0.0,0.0,0.6,,,,,,,,,,,,,,,,
2026-09-28T05:00,deterministic,best_match,69.1,55,52.2,68.7,58.8,1008.8,998.8,79199.48,0,0,0,0,0,1,0.0,0.0,0.0,0.0,2.5,95,2.5,0.0,0.0,0.0,0,0.0,10.2,0.0,15912.073,262.467,11.8,0.0,0.001,1.09,0.0,0.0,0.0,0.0,0.0,0.0,0.0,0.0,0.0,0.0,44,15,2,7,6,0,0,0,0,0,2444.226,4806.431,10121.392,19002.624,31374.356,America/Los_Angeles,34.03202,-118.52633,86.0,62.02268600463867,,,,,,,,,0.0,0.0,0.0,44.0,0.0,0.0,0.6,,,,,,,,,,,,,,,,
2026-09-28T06:00,deterministic,best_match,69.1,50,49.6,67.9,57.6,1008.9,998.9,79199.48,0,0,0,0,0,1,0.0,0.0,0.0,0.0,2.6,59,3.8,0.0,0.0,0.0,0,0.0,11.9,0.0,16010.499,278.871,11.0,0.0,0.001,1.21,0.0,0.0,0.0,0.0,0.0,0.0,0.0,0.0,0.0,0.0,44,17,0,7,8,0,0,0,0,0,2447.507,4809.712,10124.672,19015.748,31395.52,America/Los_Angeles,34.03202,-118.52633,86.0,62.02268600463867,,,,,,,,,0.0,0.0,0.0,44.0,0.0,0.0,0.6,,,,,,,,,,,,,,,,
2026-09-28T07:00,deterministic,best_match,69.4,42,45.3,66.7,55.9,1009.1,999.1,79199.48,0,0,0,0,0,1,0.0,0.0,0.0,0.0,3.6,22,5.8,0.0,0.0,0.0,1,0.0,14.2,0.0,16141.732,360.892,10.3,0.0,0.003,1.42,0.0,0.0,0.0,0.0,3.6,0.0,0.0,0.0,0.0,46.2,43,20,0,6,8,0,0,0,0,0,2454.068,4812.992,10124.672,19032.152,31421.978,America/Los_Angeles,34.03202,-118.52633,86.0,62.02268600463867,,,0.0,0.0,,,,,0.0,0.0,0.0,43.0,0.0,0.0,0.75,,,,,,,,,,,,,,,,
2026-09-28T08:00,deterministic,best_match,70.7,35,41.7,66.6,55.0,1009.3,999.3,79199.48,0,0,0,0,0,1,0.0,0.0,0.0,0.0,4.7,5,7.2,0.6,0.6,3600.0,1,0.0,15.9,0.0,16240.157,656.168,9.5,0.0,0.004,1.67,102.0,72.0,30.0,494.0,191.8,177.8,125.5,52.3,860.9,334.9,40,22,1,4,10,0,0,0,0,0,2457.349,4816.273,10127.953,19045.276,31443.146,America/Los_Angeles,34.03202,-118.52633,86.0,62.02268600463867,1.0,0.0,0.5318039624608968,0.5309047476858765,0.7058823529411765,0.29411764705882354,0.7058492688413948,0.2941507311586051,1.0,0.0,0.0,40.0,0.0,65.1,1.0,,,,,,,,,,,,,,,,
2026-09-28T09:00,deterministic,best_match,73.5,28,38.4,68.8,54.9,1009.5,999.5,79199.48,0,0,0,0,0,1,0.0,0.0,0.0,0.0,4.7,357,7.4,2.1,2.1,3600.0,1,0.0,16.7,0.0,16404.199,1345.144,8.3,0.0,0.009,2.03,324.0,273.0,51.0,790.7,469.7,412.9,347.9,65.0,1007.6,598.8,34,20,2,4,10,0,0,0,0,0,2467.192,4826.116,10141.076,19064.96,31464.312,America/Los_Angeles,34.03202,-118.52633,86.0,62.02268600463867,1.0,0.0,0.6898020012774111,0.6895457581830328,0.8425925925925926,0.1574074074074074,0.8425768951319932,0.15742310486800679,1.0,0.0,0.0,34.0,0.0,77.0,1.0,,,,,,,,,,,,,,,,
2026-09-28T10:00,deterministic,best_match,77.1,22,35.3,72.0,55.4,1009.6,999.7,79199.48,0,0,0,0,0,1,0.0,0.0,0.0,0.0,4.3,351,6.9,3.6,3.6,3600.0,1,0.0,17.1,0.0,16601.051,2247.375,7.0,0.0,0.015,2.48,529.0,464.0,65.0,885.3,713.6,607.7,533.0,74.7,1017.0,819.9,25,17,2,4,12,0,0,0,0,0,2473.754,4835.958,10150.919,19081.366,31490.77,America/Los_Angeles,34.03202,-118.52633,86.0,62.02268600463867,1.0,0.0,0.741311659192825,0.7411879497499696,0.8771266540642723,0.12287334593572778,0.8770775053480335,0.12292249465196643,1.0,0.0,0.0,25.0,0.0,85.8,1.0,,,,,,,,,,,,,,,,
2026-09-28T11:00,deterministic,best_match,80.2,17,31.5,76.4,55.3,1009.4,999.6,79199.48,0,0,0,0,0,1,0.0,0.0,0.0,0.0,3.6,338,7.2,4.95,4.95,3600.0,1,0.0,16.9,0.0,16765.092,2969.16,6.2,0.0,0.019,2.92,698.0,625.0,73.0,938.8,906.8,756.6,677.5,79.1,1017.6,983.1,19,15,3,4,12,0,0,0,0,0,2483.596,4845.801,10164.042,19101.05,31511.94,America/Los_Angeles,34.03202,-118.52633,86.0,62.02268600463867,1.0,0.0,0.7697397441552714,0.7696063472688435,0.8954154727793696,0.10458452722063037,0.8954533439069521,0.10454665609304784,1.0,0.0,0.0,19.0,0.0,93.3,1.0,,,,,,,,,,,,,,,,
2026-09-28T12:00,deterministic,best_match,82.7,15,30.3,80.3,55.9,1008.8,999.0,79199.48,0,0,0,0,0,1,0.0,0.0,0.0,0.0,3.3,318,8.7,6.25,6.25,3600.0,1,0.0,16.0,0.0,16797.9,3444.882,6.2,0.0,0.023,3.24,826.0,755.0,71.0,992.8,1036.2,858.6,784.8,73.8,1032.0,1077.2,16,15,3,6,12,0,0,0,0,0,2467.192,4835.958,10164.042,19107.612,31527.814,America/Los_Angeles,34.03202,-118.52633,86.0,62.02268600463867,1.0,0.0,0.7971434086083767,0.7970664686223542,0.914043583535109,0.08595641646489104,0.9140461215932913,0.0859538784067086,1.0,0.0,1.1368683772161603e-13,16.0,0.0,99.0,1.0,,,,,,,,,,,,,,,,
2026-09-28T13:00,deterministic,best_match,84.6,15,31.9,82.9,57.1,1007.9,998.2,79199.48,0,0,0,0,0,1,0.0,0.0,0.0,0.0,3.6,292,10.7,6.6,6.6,3600.0,1,0.0,14.7,0.0,16830.708,3756.562,6.6,0.0,0.025,3.45,877.0,804.0,73.0,1002.6,1092.9,879.3,806.1,73.2,1005.2,1095.8,15,16,2,7,10,0,0,0,0,0,2450.787,4829.397,10160.762,19110.892,31538.396,America/Los_Angeles,34.03202,-118.52633,86.0,62.02268600463867,1.0,0.0,0.8024521914173299,0.8024274502646468,0.9167616875712656,0.08323831242873432,0.9167519617877858,0.08324803821221427,1.0,0.0,-1.1368683772161603e-13,16.0,0.0,99.0,1.0,,,,,,,,,,,,,,,,
2026-09-28T14:00,deterministic,best_match,85.6,16,34.3,84.3,58.3,1007.0,997.3,79199.48,0,0,0,0,0,1,0.0,0.0,0.0,0.0,3.1,270,12.1,6.3,6.3,3600.0,1,0.0,13.6,0.0,16863.518,3756.562,7.1,0.0,0.024,3.52,856.0,781.0,75.0,992.2,1073.0,827.7,755.2,72.5,959.5,1037.7,15,16,2,9,10,0,0,0,0,0,2434.383,4819.554,10160.762,19117.456,31554.274,America/Los_Angeles,34.03202,-118.52633,86.0,62.02268600463867,1.0,0.0,0.7977632805219013,0.7976293726510553,0.9123831775700935,0.08761682242990654,0.9124078772502114,0.08759212274978856,1.0,0.0,0.0,16.0,0.0,98.9,1.0,,,,,,,,,,,,,,,,
2026-09-28T15:00,deterministic,best_match,85.2,19,38.3,84.0,59.6,1006.2,996.5,79199.48,0,0,0,0,0,1,0.0,0.0,0.0,0.0,2.2,204,12.1,5.2,5.2,3600.0,1,0.0,13.0,0.0,16896.326,3264.436,7.5,0.0,0.021,3.35,766.0,697.0,69.0,971.9,977.9,710.2,646.2,64.0,901.1,906.7,15,16,2,9,10,0,0,0,0,0,2417.979,4806.431,10157.48,19120.734,31559.562,America/Los_Angeles,34.03202,-118.52633,86.0,62.02268600463867,1.0,0.0,0.7833111770119644,0.7832800264696151,0.9099216710182768,0.09007832898172324,0.9098845395663193,0.09011546043368064,1.0,0.0,0.0,16.0,0.0,94.9,1.0,,,,,,,,,,,,,,,,
2026-09-28T16:00,deterministic,best_match,83.8,23,42.1,80.5,60.5,1005.3,995.6,79199.48,0,0,0,0,0,1,0.0,0.0,0.0,0.0,5.1,151,11.2,4.0,4.0,3600.0,1,0.0,12.6,0.0,16961.944,2444.226,8.0,0.0,0.019,3.05,620.0,553.0,67.0,926.7,814.0,542.1,483.5,58.6,810.2,711.8,15,15,2,9,12,0,0,0,0,0,2401.575,4793.307,10157.48,19120.734,31564.856,America/Los_Angeles,34.03202,-118.52633,86.0,62.02268600463867,1.0,0.0,0.7616707616707616,0.7615903343635854,0.8919354838709678,0.10806451612903226,0.8919018631248846,0.1080981368751153,1.0,0.0,0.0,15.0,0.0,87.4,1.0,,,,,,,,,,,,,,,,
2026-09-28T17:00,deterministic,best_match,82.2,27,44.9,77.8,61.0,1004.9,995.1,79199.48,0,0,0,0,0,1,0.0,0.0,0.0,0.0,7.3,140,10.1,2.55,2.55,3600.0,1,0.0,12.3,0.0,16994.75,1722.441,8.5,0.0,0.014,2.74,429.0,371.0,58.0,854.7,592.5,337.4,291.8,45.6,672.3,466.3,15,15,2,9,12,0,0,0,0,0,2385.171,4780.184,10154.199,19124.016,31570.148,America/Los_Angeles,34.03202,-118.52633,86.0,62.02268600463867,1.0,0.0,0.7240506329113924,0.723568518121381,0.8648018648018648,0.1351981351981352,0.8648488441019563,0.13515115589804388,1.0,0.0,-5.684341886080802e-14,15.0,0.0,76.0,1.0,,,,,,,,,,,,,,,,
2026-09-28T18:00,deterministic,best_match,80.3,32,47.8,76.8,61.5,1005.1,995.3,79199.48,0,0,0,0,0,1,0.0,0.0,0.0,0.0,7.0,132,8.3,1.15,1.15,3600.0,1,0.0,11.8,0.0,17027.558,1213.911,9.0,0.0,0.009,2.4,207.0,162.0,45.0,674.1,328.5,117.5,91.9,25.5,382.5,186.8,14,16,2,9,12,0,0,0,0,0,2395.013,4790.027,10164.042,19137.138,31580.73,America/Los_Angeles,34.03202,-118.52633,86.0,62.02268600463867,1.0,0.0,0.6301369863013698,0.6290149892933619,0.782608695652174,0.21739130434782608,0.7821276595744682,0.2170212765957447,1.0,0.0,0.09999999999999432,16.0,0.0,59.5,1.0,,,,,,,,,,,,,,,,
2026-09-28T19:00,deterministic,best_match,78.2,36,49.0,75.7,61.2,1005.6,995.8,79199.48,0,0,0,0,0,1,0.0,0.0,0.0,0.0,5.3,118,6.0,0.15,0.15,2277.57,0,0.0,11.3,0.0,17093.176,803.806,9.4,0.0,0.004,2.11,24.0,18.0,6.0,200.4,59.5,0.0,0.0,0.0,0.0,0.0,14,17,2,7,12,0,0,0,0,0,2401.575,4799.869,10170.604,19150.262,31591.312,America/Los_Angeles,34.03202,-118.52633,86.0,62.02268600463867,1.0,0.0,0.40336134453781514,,0.75,0.25,,,0.6326583333333334,0.0,0.0,17.0,0.0,37.2,1.0,,,,,,,,,,,,,,,,
2026-09-28T20:00,deterministic,best_match,76.6,38,49.1,74.9,60.6,1006.1,996.2,79199.48,0,0,0,0,0,1,0.0,0.0,0.0,0.0,3.6,94,4.5,0.0,0.0,0.0,0,0.0,11.3,0.0,17125.984,492.126,9.5,0.0,0.002,1.94,0.0,0.0,0.0,0.0,0.0,0.0,0.0,0.0,0.0,0.0,13,18,2,7,12,0,0,0,0,0,2411.417,4809.712,10180.446,19163.386,31601.896,America/Los_Angeles,34.03202,-118.52633,86.0,62.02268600463867,,,,,,,,,0.0,0.0,0.0,18.0,0.0,0.0,0.6,,,,,,,,,,,,,,,,
2026-09-28T21:00,deterministic,best_match,76.3,35,46.6,74.3,59.4,1006.3,996.4,79199.48,0,0,0,0,0,1,0.0,0.0,0.0,0.0,2.5,45,4.5,0.0,0.0,0.0,0,0.0,12.3,0.0,17060.368,311.68,9.1,0.0,0.001,2.01,0.0,0.0,0.0,0.0,0.0,0.0,0.0,0.0,0.0,0.0,13,17,2,7,12,0,0,0,0,0,2414.698,4816.273,10187.008,19169.948,31607.19,America/Los_Angeles,34.03202,-118.52633,86.0,62.02268600463867,,,,,,,,,0.0,0.0,0.0,17.0,0.0,0.0,0.6,,,,,,,,,,,,,,,,
2026-09-28T22:00,deterministic,best_match,76.5,29,41.9,73.0,57.6,1006.4,996.5,79199.48,0,0,0,0,0,1,0.0,0.0,0.0,0.0,3.6,353,5.4,0.0,0.0,0.0,0,0.0,13.8,0.0,17027.558,213.255,8.5,0.0,0.002,2.22,0.0,0.0,0.0,0.0,0.0,0.0,0.0,0.0,0.0,0.0,13,15,3,9,12,0,0,0,0,0,2417.979,4819.554,10196.851,19179.792,31617.772,America/Los_Angeles,34.03202,-118.52633,86.0,62.02268600463867,,,,,,,,,0.0,0.0,0.0,15.0,0.0,0.0,0.6,,,,,,,,,,,,,,,,
2026-09-28T23:00,deterministic,best_match,76.6,24,37.1,71.3,55.8,1006.4,996.5,79199.48,0,0,0,0,0,1,0.0,0.0,0.0,0.0,5.5,339,6.0,0.0,0.0,0.0,0,0.0,15.0,0.0,16961.944,164.042,8.0,0.0,0.004,2.38,0.0,0.0,0.0,0.0,0.0,0.0,0.0,0.0,0.0,0.0,13,13,3,9,12,0,0,0,0,0,2421.26,4826.116,10203.412,19186.352,31623.064,America/Los_Angeles,34.03202,-118.52633,86.0,62.02268600463867,,,,,,,,,0.0,0.0,0.0,13.0,0.0,0.0,0.6,,,,,,,,,,,,,,,,
2026-09-29T00:00,deterministic,best_match,76.2,23,35.7,70.4,55.1,1006.3,996.4,79199.48,0,0,0,0,0,1,0.0,0.0,0.0,0.0,6.1,343,6.3,0.0,0.0,0.0,0,0.0,15.7,0.0,16929.134,131.234,7.8,0.0,0.004,2.37,0.0,0.0,0.0,0.0,0.0,0.0,0.0,0.0,0.0,0.0,13,12,3,9,12,0,0,0,0,0,2417.979,4822.835,10200.131,19179.792,31617.772,America/Los_Angeles,34.03202,-118.52633,86.0,62.02268600463867,,,,,,,,,0.0,0.0,0.0,13.0,0.0,0.0,0.6,,,,,,,,,,,,,,,,
2026-09-29T01:00,deterministic,best_match,75.5,23,35.1,69.6,54.6,1006.0,996.1,79199.48,0,0,0,0,0,1,0.0,0.0,0.0,0.0,5.9,351,6.3,0.0,0.0,0.0,0,0.0,16.1,0.0,16863.518,147.638,7.8,0.0,0.004,2.32,0.0,0.0,0.0,0.0,0.0,0.0,0.0,0.0,0.0,0.0,12,12,2,9,10,0,0,0,0,0,2411.417,4819.554,10200.131,19169.948,31607.19,America/Los_Angeles,34.03202,-118.52633,86.0,62.02268600463867,,,,,,,,,0.0,0.0,0.0,12.0,0.0,0.0,0.6,,,,,,,,,,,,,,,,
2026-09-29T02:00,deterministic,best_match,74.8,23,34.5,68.9,54.2,1005.9,996.0,79199.48,0,0,0,0,0,1,0.0,0.0,0.0,0.0,6.0,358,6.5,0.0,0.0,0.0,0,0.0,16.5,0.0,16830.708,147.638,7.8,0.0,0.004,2.27,0.0,0.0,0.0,0.0,0.0,0.0,0.0,0.0,0.0,0.0,12,12,2,9,10,0,0,0,0,0,2408.137,4816.273,10196.851,19163.386,31601.896,America/Los_Angeles,34.03202,-118.52633,86.0,62.02268600463867,,,,,,,,,0.0,0.0,0.0,12.0,0.0,0.0,0.6,,,,,,,,,,,,,,,,
2026-09-29T03:00,deterministic,best_match,74.3,23,34.1,68.1,53.8,1005.9,996.0,79199.48,0,0,0,0,0,1,0.0,0.0,0.0,0.0,6.3,356,6.9,0.0,0.0,0.0,0,0.0,16.8,0.0,16797.9,147.638,7.6,0.0,0.004,2.23,0.0,0.0,0.0,0.0,0.0,0.0,0.0,0.0,0.0,0.0,12,11,2,9,10,0,0,0,0,0,2411.417,4819.554,10196.851,19160.106,31591.312,America/Los_Angeles,34.03202,-118.52633,86.0,62.02268600463867,,,,,,,,,0.0,0.0,0.0,12.0,0.0,0.0,0.6,,,,,,,,,,,,,,,,
2026-09-29T04:00,deterministic,best_match,73.7,22,32.5,67.2,53.0,1006.0,996.1,79199.48,0,0,0,0,0,1,0.0,0.0,0.0,0.0,6.6,350,7.4,0.0,0.0,0.0,0,0.0,17.0,0.0,16797.9,131.234,7.4,0.0,0.004,2.22,0.0,0.0,0.0,0.0,0.0,0.0,0.0,0.0,0.0,0.0,11,11,2,9,10,0,0,0,0,0,2411.417,4819.554,10196.851,19156.824,31580.73,America/Los_Angeles,34.03202,-118.52633,86.0,62.02268600463867,,,,,,,,,0.0,0.0,0.0,11.0,0.0,0.0,0.6,,,,,,,,,,,,,,,,
2026-09-29T05:00,deterministic,best_match,73.6,22,32.4,66.9,52.9,1006.1,996.2,79199.48,0,0,0,0,0,1,0.0,0.0,0.0,0.0,6.8,349,7.8,0.0,0.0,0.0,0,0.0,17.1,0.0,16765.092,147.638,7.3,0.0,0.005,2.2,0.0,0.0,0.0,0.0,0.0,0.0,0.0,0.0,0.0,0.0,11,10,2,9,10,0,0,0,0,0,2414.698,4822.835,10196.851,19153.542,31570.148,America/Los_Angeles,34.03202,-118.52633,86.0,62.02268600463867,,,,,,,,,0.0,0.0,0.0,11.0,0.0,0.0,0.6,,,,,,,,,,,,,,,,
2026-09-29T06:00,deterministic,best_match,73.6,21,31.2,66.7,52.5,1006.4,996.5,79199.48,0,0,0,0,0,1,0.0,0.0,0.0,0.0,7.0,351,8.5,0.0,0.0,0.0,0,0.0,17.3,0.0,16765.092,131.234,7.6,0.0,0.005,2.23,0.0,0.0,0.0,0.0,0.0,0.0,0.0,0.0,0.0,0.0,11,10,2,9,10,0,0,0,0,0,2421.26,4829.397,10206.693,19163.386,31575.438,America/Los_Angeles,34.03202,-118.52633,86.0,62.02268600463867,,,,,,,,,0.0,0.0,0.0,11.0,0.0,0.0,0.6,,,,,,,,,,,,,,,,
2026-09-29T07:00,deterministic,best_match,73.8,20,30.2,66.8,52.3,1006.7,996.8,79199.48,0,0,0,0,0,1,0.0,0.0,0.0,0.0,7.0,354,9.2,0.0,0.0,0.0,1,0.0,17.5,0.0,16765.092,131.234,8.1,0.0,0.007,2.28,0.0,0.0,0.0,0.0,3.1,0.0,0.0,0.0,0.0,42.7,11,10,2,9,10,0,0,0,0,0,2431.102,4839.239,10216.535,19169.948,31586.02,America/Los_Angeles,34.03202,-118.52633,86.0,62.02268600463867,,,0.0,0.0,,,,,0.0,0.0,0.0,11.0,0.0,0.0,0.75,,,,,,,,,,,,,,,,
2026-09-29T08:00,deterministic,best_match,75.4,19,30.2,68.4,53.0,1007.0,997.1,79199.48,0,0,0,0,0,1,0.0,0.0,0.0,0.0,6.7,358,9.2,0.55,0.55,3600.0,1,0.0,17.4,0.0,16765.092,278.871,8.5,0.0,0.006,2.43,102.0,72.0,30.0,498.7,188.3,179.2,126.5,52.7,875.9,331.4,11,10,2,9,10,0,0,0,0,0,2437.664,4845.801,10226.378,19179.792,31591.312,America/Los_Angeles,34.03202,-118.52633,86.0,62.02268600463867,1.0,0.0,0.5416887944768985,0.5407362703681352,0.7058823529411765,0.29411764705882354,0.7059151785714286,0.29408482142857145,1.0,0.0,0.0,11.0,0.0,65.0,1.0,,,,,,,,,,,,,,,,
2026-09-29T09:00,deterministic,best_match,79.0,17,30.4,72.3,54.5,1007.3,997.5,79199.48,0,0,0,0,0,1,0.0,0.0,0.0,0.0,6.3,2,8.3,2.1,2.1,3600.0,1,0.0,16.6,0.0,16699.475,672.572,8.7,0.0,0.011,2.81,324.0,274.0,50.0,800.1,466.1,413.5,349.7,63.8,1021.2,595.2,11,10,2,9,10,0,0,0,0,0,2447.507,4855.643,10236.221,19186.352,31601.896,America/Los_Angeles,34.03202,-118.52633,86.0,62.02268600463867,1.0,0.0,0.6951298004720017,0.6947244623655914,0.845679012345679,0.15432098765432098,0.8457073760580411,0.1542926239419589,1.0,0.0,0.0,11.0,0.0,77.1,1.0,,,,,,,,,,,,,,,,
2026-09-29T10:00,deterministic,best_match,83.7,15,31.2,77.4,56.5,1007.5,997.8,79199.48,0,0,0,0,0,1,0.0,0.0,0.0,0.0,5.6,7,6.9,3.55,3.55,3600.0,1,0.0,15.5,0.0,16633.857,1213.911,8.9,0.0,0.017,3.36,527.0,464.0,63.0,890.5,709.8,605.7,533.3,72.4,1023.5,816.1,12,10,3,9,10,0,0,0,0,0,2460.63,4868.767,10249.344,19189.632,31607.19,America/Los_Angeles,34.03202,-118.52633,86.0,62.02268600463867,1.0,0.0,0.7424626655395886,0.7421884572969,0.8804554079696395,0.11954459203036052,0.8804688789829948,0.11953112101700512,1.0,0.0,1.1368683772161603e-13,12.0,0.0,85.6,1.0,,,,,,,,,,,,,,,,
2026-09-29T11:00,deterministic,best_match,87.8,13,30.8,83.5,57.9,1007.5,997.8,79199.48,0,0,0,0,0,1,0.0,0.0,0.0,0.0,4.3,9,5.8,4.9,4.9,3600.0,1,0.0,14.6,0.0,16568.242,1722.441,9.2,0.0,0.021,3.91,691.0,621.0,70.0,937.5,902.8,749.2,673.3,75.9,1016.4,978.9,12,10,3,9,10,0,0,0,0,0,2470.473,4878.609,10259.187,19196.196,31617.772,America/Los_Angeles,34.03202,-118.52633,86.0,62.02268600463867,1.0,0.0,0.7653965440850687,0.7653488609663909,0.8986975397973951,0.10130246020260492,0.8986919380672717,0.10130806193272825,1.0,0.0,1.1368683772161603e-13,12.0,0.0,93.0,1.0,,,,,,,,,,,,,,,,
2026-09-29T12:00,deterministic,best_match,90.5,12,31.0,88.9,58.9,1006.9,997.3,79199.48,0,0,0,0,0,2,0.0,0.0,0.0,0.0,1.6,16,4.9,6.25,6.25,3600.0,1,0.0,14.0,0.0,16568.242,2198.163,9.6,0.0,0.023,4.3,812.0,741.0,71.0,979.1,1031.8,844.0,770.2,73.8,1017.7,1072.6,11,11,3,9,8,0,0,0,0,0,2457.349,4868.767,10252.625,19189.632,31612.478,America/Los_Angeles,34.03202,-118.52633,86.0,62.02268600463867,1.0,0.0,0.7869742198100408,0.786873018832743,0.9125615763546798,0.0874384236453202,0.9125592417061612,0.08744075829383886,1.0,0.0,0.0,11.0,0.0,98.8,1.0,,,,,,,,,,,,,,,,
2026-09-29T13:00,deterministic,best_match,92.4,10,27.9,90.9,58.6,1006.1,996.5,79199.48,0,0,0,0,0,2,0.0,0.0,0.0,0.0,1.8,180,4.0,6.65,6.65,3600.0,1,0.0,13.6,0.0,16601.051,2641.076,10.0,0.0,0.024,4.67,859.0,785.0,74.0,983.8,1088.0,861.1,786.9,74.2,986.2,1090.8,10,13,4,9,8,0,0,0,0,0,2444.226,4862.205,10246.063,19183.07,31607.19,America/Los_Angeles,34.03202,-118.52633,86.0,62.02268600463867,1.0,0.0,0.7895220588235294,0.7894206087275395,0.9138533178114087,0.08614668218859138,0.9138311462083382,0.08616885379166182,1.0,0.0,0.0,13.0,0.0,98.8,1.0,,,,,,,,,,,,,,,,
2026-09-29T14:00,deterministic,best_match,93.2,10,28.6,90.3,59.1,1005.4,995.8,79199.48,0,0,0,0,0,2,0.0,0.0,0.0,0.0,4.1,193,3.8,6.35,6.35,3600.0,1,0.0,13.2,0.0,16601.051,2788.714,10.6,0.0,0.026,4.79,837.0,762.0,75.0,973.4,1067.7,809.1,736.6,72.5,940.9,1032.2,9,16,4,9,6,0,0,0,0,0,2431.102,4852.363,10239.501,19176.51,31601.896,America/Los_Angeles,34.03202,-118.52633,86.0,62.02268600463867,1.0,0.0,0.7839280696824951,0.7838597171090874,0.910394265232975,0.08960573476702509,0.910394265232975,0.08960573476702509,1.0,0.0,0.0,16.0,0.0,98.7,1.0,,,,,,,,,,,,,,,,
2026-09-29T15:00,deterministic,best_match,92.3,11,30.2,88.0,59.3,1004.9,995.3,79199.48,0,0,0,0,0,2,0.0,0.0,0.0,0.0,5.4,210,4.7,5.2,5.2,3600.0,1,0.0,12.7,0.0,16568.242,2427.822,11.2,0.0,0.024,4.6,749.0,681.0,68.0,955.7,972.2,693.9,630.9,63.0,885.5,900.8,9,19,4,9,6,0,0,0,0,0,2421.26,4845.801,10236.221,19173.228,31601.896,America/Los_Angeles,34.03202,-118.52633,86.0,62.02268600463867,1.0,0.0,0.770417609545361,0.7703152753108349,0.9092122830440588,0.09078771695594126,0.9092088197146563,0.0907911802853437,1.0,0.0,0.0,19.0,0.0,94.5,1.0,,,,,,,,,,,,,,,,
2026-09-29T16:00,deterministic,best_match,90.3,12,30.8,84.2,58.8,1004.6,995.0,79199.48,0,0,0,0,0,2,0.0,0.0,0.0,0.0,6.3,228,6.0,3.9,3.9,3600.0,1,0.0,12.1,0.0,16568.242,1755.249,12.0,0.0,0.02,4.28,605.0,539.0,66.0,910.6,807.9,528.2,470.6,57.6,795.1,705.5,10,23,4,9,4,0,0,0,0,0,2408.137,4835.958,10229.659,19166.666,31607.19,America/Los_Angeles,34.03202,-118.52633,86.0,62.02268600463867,1.0,0.0,0.7488550563188514,0.7486888731396174,0.8909090909090909,0.10909090909090909,0.8909503975766755,0.1090496024233245,1.0,0.0,0.0,23.0,0.0,86.2,1.0,,,,,,,,,,,,,,,,
2026-09-29T17:00,deterministic,best_match,88.5,13,31.4,81.7,58.3,1004.5,994.9,79199.48,0,0,0,0,0,2,0.0,0.0,0.0,0.0,6.8,238,6.9,2.45,2.45,3600.0,1,0.0,11.8,0.0,16535.434,1164.698,12.9,0.0,0.015,4.0,416.0,358.0,58.0,834.3,586.0,326.1,280.7,45.5,654.1,459.7,12,26,6,9,4,0,0,0,0,0,2398.294,4829.397,10226.378,19163.386,31607.19,America/Los_Angeles,34.03202,-118.52633,86.0,62.02268600463867,1.0,0.0,0.7098976109215017,0.7093756797911682,0.8605769230769231,0.13942307692307693,0.8607789021772462,0.1395277522232444,1.0,0.0,-0.0999999999999659,26.0,0.0,74.5,1.0,,,,,,,,,,,,,,,,
2026-09-29T18:00,deterministic,best_match,87.3,13,30.5,80.7,57.6,1004.6,994.9,79199.48,0,0,0,0,0,1,0.0,0.0,0.0,0.0,6.0,243,6.3,1.05,1.05,3600.0,1,0.0,12.0,0.0,16502.625,738.189,14.0,0.0,0.009,3.85,198.0,152.0,46.0,646.2,321.7,110.5,84.8,25.7,360.6,180.0,16,26,9,9,4,0,0,0,0,0,2408.137,4839.239,10236.221,19169.948,31623.064,America/Los_Angeles,34.03202,-118.52633,86.0,62.02268600463867,1.0,0.0,0.615480261112838,0.6138888888888889,0.7676767676767676,0.23232323232323232,0.767420814479638,0.232579185520362,1.0,0.0,0.0,26.0,0.0,58.0,1.0,,,,,,,,,,,,,,,,
2026-09-29T19:00,deterministic,best_match,86.3,14,31.5,80.4,57.6,1005.0,995.3,79199.48,0,0,0,0,0,1,0.0,0.0,0.0,0.0,4.6,247,5.1,0.1,0.1,2193.39,0,0.0,12.5,0.0,16469.816,360.892,15.2,0.0,0.004,3.68,21.0,16.0,5.0,183.3,55.2,0.0,0.0,0.0,0.0,0.0,22,26,13,7,4,0,0,0,0,0,2417.979,4849.082,10249.344,19176.51,31638.938,America/Los_Angeles,34.03202,-118.52633,86.0,62.02268600463867,1.0,0.0,0.3804347826086956,,0.7619047619047619,0.23809523809523808,,,0.609275,0.0,0.0,26.0,0.0,36.3,1.0,,,,,,,,,,,,,,,,
2026-09-29T20:00,deterministic,best_match,85.1,15,32.3,80.0,57.4,1005.4,995.7,79199.48,0,0,0,0,0,1,0.0,0.0,0.0,0.0,3.1,249,4.0,0.0,0.0,0.0,0,0.0,12.6,0.0,16437.008,114.829,16.6,0.0,0.002,3.5,0.0,0.0,0.0,0.0,0.0,0.0,0.0,0.0,0.0,0.0,25,27,21,7,4,0,0,0,0,0,2427.822,4858.924,10259.187,19183.07,31654.812,America/Los_Angeles,34.03202,-118.52633,86.0,62.02268600463867,,,,,,,,,0.0,0.0,0.0,27.0,0.0,0.0,0.6,,,,,,,,,,,,,,,,
2026-09-29T21:00,deterministic,best_match,83.5,19,36.9,79.5,58.4,1006.0,996.3,79199.48,0,0,0,0,0,1,0.0,0.0,0.0,0.0,2.2,225,3.6,0.0,0.0,0.0,0,0.0,12.0,0.0,16404.199,65.617,18.3,0.0,0.001,3.17,0.0,0.0,0.0,0.0,0.0,0.0,0.0,0.0,0.0,0.0,24,33,33,7,4,0,0,0,0,0,2437.664,4865.486,10265.748,19186.352,31670.688,America/Los_Angeles,34.03202,-118.52633,86.0,62.02268600463867,,,,,,,,,0.0,0.0,0.0,33.0,0.0,0.0,0.6,,,,,,,,,,,,,,,,
2026-09-29T22:00,deterministic,best_match,81.7,24,41.4,78.4,59.4,1006.6,996.8,79199.48,0,0,0,0,0,1,0.0,0.0,0.0,0.0,2.7,185,3.4,0.0,0.0,0.0,0,0.0,11.2,0.0,16404.199,147.638,20.2,0.0,0.002,2.81,0.0,0.0,0.0,0.0,0.0,0.0,0.0,0.0,0.0,0.0,22,40,49,7,4,0,0,0,0,0,2447.507,4872.048,10269.029,19186.352,31681.27,America/Los_Angeles,34.03202,-118.52633,86.0,62.02268600463867,,,,,,,,,0.0,0.0,0.0,49.0,0.0,0.0,0.6,,,,,,,,,,,,,,,,
2026-09-29T23:00,deterministic,best_match,80.4,27,43.4,77.5,59.7,1007.0,997.2,79199.48,0,0,0,0,0,1,0.0,0.0,0.0,0.0,3.0,167,3.1,0.0,0.0,0.0,0,0.0,10.6,0.0,16371.392,196.85,22.0,0.0,0.002,2.59,0.0,0.0,0.0,0.0,0.0,0.0,0.0,0.0,0.0,0.0,20,46,60,7,6,0,0,0,0,0,2457.349,4878.609,10275.591,19189.632,31697.146,America/Los_Angeles,34.03202,-118.52633,86.0,62.02268600463867,,,,,,,,,0.0,0.0,0.0,60.0,0.0,0.0,0.6,,,,,,,,,,,,,,,,
2026-09-30T00:00,deterministic,best_match,80.0,27,43.1,77.4,59.4,1007.0,997.2,79199.48,0,0,0,0,0,1,0.0,0.0,0.0,0.0,2.1,148,2.9,0.0,0.0,0.0,0,0.0,10.6,0.0,16272.966,147.638,23.6,0.0,0.001,2.56,0.0,0.0,0.0,0.0,0.0,0.0,0.0,0.0,0.0,0.0,20,49,62,6,8,0,0,0,0,0,2454.068,4875.328,10272.31,19183.07,31697.146,America/Los_Angeles,34.03202,-118.52633,86.0,62.02268600463867,,,,,,,,,0.0,0.0,0.0,62.0,0.0,0.0,0.6,,,,,,,,,,,,,,,,
2026-09-30T01:00,deterministic,best_match,80.2,25,41.2,77.6,58.8,1006.8,997.0,79199.48,0,0,0,0,0,1,0.0,0.0,0.0,0.0,1.1,79,2.5,0.0,0.0,0.0,0,0.0,11.0,0.0,16174.541,82.021,25.1,0.0,0.0,2.64,0.0,0.0,0.0,0.0,0.0,0.0,0.0,0.0,0.0,0.0,21,51,61,6,10,0,0,0,0,0,2447.507,4868.767,10269.029,19176.51,31691.856,America/Los_Angeles,34.03202,-118.52633,86.0,62.02268600463867,,,,,,,,,0.0,0.0,0.0,61.0,0.0,0.0,0.6,,,,,,,,,,,,,,,,
2026-09-30T02:00,deterministic,best_match,80.4,23,39.2,76.9,58.1,1006.6,996.8,79199.48,0,0,0,0,0,1,0.0,0.0,0.0,0.0,2.1,32,2.5,0.0,0.0,0.0,0,0.0,11.3,0.0,16076.115,32.808,26.5,0.0,0.001,2.73,0.0,0.0,0.0,0.0,0.0,0.0,0.0,0.0,0.0,0.0,21,51,60,6,12,0,0,0,0,0,2444.226,4865.486,10265.748,19169.948,31691.856,America/Los_Angeles,34.03202,-118.52633,86.0,62.02268600463867,,,,,,,,,0.0,0.0,0.0,60.0,0.0,0.0,0.6,,,,,,,,,,,,,,,,
2026-09-30T03:00,deterministic,best_match,80.5,21,37.0,76.2,57.3,1006.4,996.6,79199.48,0,0,0,0,0,1,0.0,0.0,0.0,0.0,3.0,17,2.9,0.0,0.0,0.0,0,0.0,11.6,0.0,15780.84,16.404,28.0,0.0,0.002,2.81,0.0,0.0,0.0,0.0,0.0,0.0,0.0,0.0,0.0,0.0,21,50,62,7,12,0,0,0,0,0,2440.945,4865.486,10265.748,19163.386,31691.856,America/Los_Angeles,34.03202,-118.52633,86.0,62.02268600463867,,,,,,,,,0.0,0.0,0.0,62.0,0.0,0.0,0.6,,,,,,,,,,,,,,,,
2026-09-30T04:00,deterministic,best_match,80.6,20,35.8,75.8,56.9,1006.2,996.4,79199.48,0,0,0,0,0,1,0.0,0.0,0.0,0.0,3.8,7,3.8,0.0,0.0,0.0,0,0.0,11.9,0.0,15485.564,16.404,29.4,0.0,0.003,2.85,0.0,0.0,0.0,0.0,0.0,0.0,0.0,0.0,0.0,0.0,21,47,64,11,12,0,0,0,0,0,2440.945,4862.205,10265.748,19153.542,31686.562,America/Los_Angeles,34.03202,-118.52633,86.0,62.02268600463867,,,,,,,,,0.0,0.0,0.0,64.0,0.0,0.0,0.6,,,,,,,,,,,,,,,,
2026-09-30T05:00,deterministic,best_match,80.8,18,33.3,75.3,56.1,1006.1,996.3,79199.48,0,0,0,0,0,1,0.0,0.0,0.0,0.0,4.3,360,4.3,0.0,0.0,0.0,0,0.0,12.2,0.0,15190.289,32.808,30.3,0.0,0.003,2.94,0.0,0.0,0.0,0.0,0.0,0.0,0.0,0.0,0.0,0.0,21,45,66,17,12,0,0,0,0,0,2437.664,4862.205,10265.748,19146.982,31686.562,America/Los_Angeles,34.03202,-118.52633,86.0,62.02268600463867,,,,,,,,,0.0,0.0,0.0,66.0,0.0,0.0,0.6,,,,,,,,,,,,,,,,
2026-09-30T06:00,deterministic,best_match,80.9,17,32.0,75.1,55.7,1006.4,996.6,79199.48,0,0,0,0,0,1,0.0,0.0,0.0,0.0,4.5,354,4.3,0.0,0.0,0.0,0,0.0,12.5,0.0,15059.056,0.0,30.2,0.0,0.003,2.98,0.0,0.0,0.0,0.0,0.0,0.0,0.0,0.0,0.0,0.0,20,44,63,29,14,0,0,0,0,0,2447.507,4872.048,10278.871,19153.542,31697.146,America/Los_Angeles,34.03202,-118.52633,86.0,62.02268600463867,,,,,,,,,0.0,0.0,0.0,63.0,0.0,0.0,0.6,,,,,,,,,,,,,,,,
2026-09-30T07:00,deterministic,best_match,81.0,16,30.6,75.0,55.3,1006.8,997.0,79199.48,0,0,0,0,0,1,0.0,0.0,0.0,0.0,4.7,352,4.3,0.0,0.0,0.0,1,0.0,12.6,0.0,14960.63,0.0,29.6,0.0,0.006,3.04,0.0,0.0,0.0,0.0,2.6,0.0,0.0,0.0,0.0,39.2,18,44,60,43,16,0,0,0,0,0,2457.349,4885.171,10288.714,19160.106,31702.44,America/Los_Angeles,34.03202,-118.52633,86.0,62.02268600463867,,,0.0,0.0,,,,,0.0,0.0,0.0,60.0,0.0,0.0,0.75,,,,,,,,,,,,,,,,
2026-09-30T08:00,deterministic,best_match,82.0,15,29.8,76.1,55.5,1007.2,997.4,79199.48,0,0,0,0,0,1,0.0,0.0,0.0,0.0,4.2,344,4.0,0.55,0.55,3600.0,1,0.0,12.4,0.0,14829.396,98.425,28.9,0.0,0.005,3.18,90.0,60.0,30.0,419.6,184.7,159.4,106.2,53.1,743.1,327.9,17,43,58,53,16,0,0,0,0,0,2467.192,4895.013,10301.837,19166.666,31713.022,America/Los_Angeles,34.03202,-118.52633,86.0,62.02268600463867,1.0,0.0,0.4872766648619383,0.4861238182372675,0.6666666666666666,0.3333333333333333,0.6662484316185696,0.3331242158092848,1.0,0.0,0.09999999999999432,58.0,0.0,61.1,1.0,,,,,,,,,,,,,,,,
2026-09-30T09:00,deterministic,best_match,84.7,14,30.3,79.3,56.6,1007.5,997.8,79199.48,0,0,0,0,0,1,0.0,0.0,0.0,0.0,3.0,324,3.6,2.1,2.1,3600.0,1,0.0,11.4,0.0,14862.205,475.722,28.2,0.0,0.009,3.5,299.0,248.0,51.0,730.2,462.5,382.2,317.0,65.2,933.5,591.5,16,41,58,53,14,0,0,0,0,0,2473.754,4901.575,10308.399,19173.228,31723.604,America/Los_Angeles,34.03202,-118.52633,86.0,62.02268600463867,1.0,0.0,0.6464864864864864,0.6461538461538462,0.8294314381270903,0.1705685618729097,0.8294086865515438,0.17059131344845632,1.0,0.0,0.0,58.0,0.0,76.0,1.0,,,,,,,,,,,,,,,,
2026-09-30T10:00,deterministic,best_match,88.3,13,31.3,83.3,58.2,1007.8,998.1,79199.48,0,0,0,0,0,1,0.0,0.0,0.0,0.0,2.5,280,3.1,3.6,3.6,3600.0,1,0.0,10.0,0.0,14895.014,984.252,27.5,0.0,0.014,3.97,493.0,428.0,65.0,826.3,706.0,567.0,492.2,74.8,950.2,812.1,15,37,58,47,12,0,0,0,0,0,2483.596,4911.418,10314.961,19183.07,31739.48,America/Los_Angeles,34.03202,-118.52633,86.0,62.02268600463867,1.0,0.0,0.6983002832861189,0.6981898780938308,0.8681541582150102,0.13184584178498987,0.8680776014109347,0.13192239858906524,1.0,0.0,0.0,58.0,0.0,84.9,1.0,,,,,,,,,,,,,,,,
2026-09-30T11:00,deterministic,best_match,90.7,13,33.1,86.7,59.7,1007.8,998.2,79199.48,0,0,0,0,0,1,0.0,0.0,0.0,0.0,3.5,243,3.1,4.95,4.95,3600.0,1,0.0,8.8,0.0,14927.821,1410.761,27.0,0.0,0.02,4.28,651.0,578.0,73.0,877.0,898.7,705.9,626.8,79.2,951.0,974.6,15,34,58,44,12,0,0,0,0,0,2490.158,4917.979,10321.522,19189.632,31750.062,America/Los_Angeles,34.03202,-118.52633,86.0,62.02268600463867,1.0,0.0,0.7243796595081784,0.7242971475477118,0.8878648233486943,0.11213517665130568,0.8879444680549653,0.11219719507012325,1.0,0.0,-0.10000000000002274,58.0,0.0,92.4,1.0,,,,,,,,,,,,,,,,
2026-09-30T12:00,deterministic,best_match,90.8,15,36.8,88.8,61.0,1007.5,997.9,79199.48,0,0,0,0,0,2,0.0,0.0,0.0,0.0,5.2,230,4.3,6.75,6.25,3600.0,1,0.0,8.1,0.0,14862.205,1673.228,26.9,0.0,0.027,4.2,848.0,784.0,64.0,1041.0,1027.3,881.4,814.9,66.5,1082.0,1068.0,14,31,58,47,14,0,0,0,0,0,2477.034,4904.856,10311.68,19179.792,31744.774,America/Los_Angeles,34.03202,-118.52633,86.0,62.02268600463867,1.08,-0.08000000000000007,0.8254648106687433,0.8252808988764044,0.9245283018867925,0.07547169811320754,0.9245518493306104,0.0754481506693896,1.0,0.0,0.0,58.0,0.0,99.6,1.0,,,,,,,,,,,,,,,,
2026-09-30T13:00,deterministic,best_match,89.9,17,39.2,87.1,61.6,1006.9,997.3,79199.48,0,0,0,0,0,2,0.0,0.0,0.0,0.0,7.1,221,5.6,6.75,6.65,3600.0,1,0.0,7.6,0.0,14829.396,1837.27,27.0,0.0,0.027,3.98,832.0,757.0,75.0,953.5,1083.2,833.9,758.7,75.2,955.7,1085.7,14,27,57,53,16,0,0,0,0,0,2460.63,4895.013,10301.837,19173.228,31744.774,America/Los_Angeles,34.03202,-118.52633,86.0,62.02268600463867,1.0150375939849623,-0.015037593984962294,0.7680945347119645,0.7680758957354702,0.9098557692307693,0.09014423076923077,0.9098213215013792,0.09017867849862095,1.0,0.0,-1.1368683772161603e-13,57.0,0.0,98.7,1.0,,,,,,,,,,,,,,,,
2026-09-30T14:00,deterministic,best_match,88.9,20,42.6,85.0,62.6,1006.4,996.8,79199.48,0,4,0,3,0,2,0.0,0.0,0.0,0.0,8.3,218,7.2,5.7,6.3,3600.0,1,0.0,7.1,0.0,14763.779,1870.079,27.3,0.0,0.024,3.72,702.0,613.0,89.0,787.4,1062.4,678.3,592.3,86.0,760.9,1026.7,15,24,57,59,18,0,0,0,0,0,2447.507,4881.89,10291.995,19163.386,31739.48,America/Los_Angeles,34.03202,-118.52633,86.0,62.02268600463867,0.9047619047619048,0.09523809523809523,0.6607680722891566,0.6606603681698645,0.8732193732193733,0.1267806267806268,0.8732124428718856,0.1267875571281144,1.0,0.0,0.0,59.0,0.0,91.1,1.0,,,,,,,,,,,,,,,,
2026-09-30T15:00,deterministic,best_match,88.1,23,45.7,83.4,63.6,1006.1,996.4,79199.48,1,27,0,26,0,2,0.0,0.0,0.0,0.0,8.6,217,8.7,3.8,5.15,3600.0,1,0.0,6.3,0.0,14829.396,1689.633,27.7,0.0,0.017,3.5,395.0,272.0,123.0,384.2,966.4,365.7,251.8,113.9,355.7,894.9,18,22,58,66,22,0,0,0,0,0,2440.945,4875.328,10285.434,19160.106,31744.774,America/Los_Angeles,34.03202,-118.52633,86.0,62.02268600463867,0.7378640776699028,0.2621359223300972,0.40873344370860926,0.4086490110626886,0.6886075949367089,0.31139240506329113,0.6885425211922341,0.311457478807766,1.0,0.0,-5.684341886080802e-14,66.0,0.0,62.8,1.0,,,,,,,,,,,,,,,,
2026-09-30T16:00,deterministic,best_match,87.3,26,48.3,83.5,64.4,1005.8,996.1,79199.48,2,57,0,57,0,2,0.0,0.0,0.0,0.0,8.0,216,10.1,2.8,3.9,3600.0,1,0.0,5.4,0.0,14862.205,1377.953,28.3,0.0,0.015,3.28,308.0,192.0,116.0,327.1,801.7,268.5,167.4,101.1,285.2,699.2,23,20,60,71,26,0,0,0,1,0,2434.383,4865.486,10278.871,19153.542,31744.774,America/Los_Angeles,34.03202,-118.52633,86.0,62.02268600463867,0.717948717948718,0.28205128205128205,0.3841836098291131,0.3840102974828375,0.6233766233766234,0.37662337662337664,0.623463687150838,0.376536312849162,1.0,0.0,0.0,71.0,1.0,54.7,1.0,,,,,,,,,,,,,,,,
2026-09-30T17:00,deterministic,best_match,86.5,29,50.5,83.7,65.0,1005.7,996.0,79199.48,2,75,0,75,0,2,0.0,0.0,0.0,0.0,7.1,215,10.3,1.9,2.45,3600.0,1,0.0,4.8,0.0,14927.821,1066.273,28.8,0.0,0.011,3.06,232.0,141.0,91.0,332.5,579.6,181.3,110.2,71.1,259.8,453.1,27,19,62,76,28,0,0,0,1,0,2427.822,4858.924,10272.31,19150.262,31750.062,America/Los_Angeles,34.03202,-118.52633,86.0,62.02268600463867,0.7755102040816325,0.22448979591836749,0.4002760524499655,0.40013242109909514,0.6077586206896551,0.3922413793103448,0.6078323221180364,0.39216767788196355,1.0,0.0,0.0,76.0,1.0,50.7,1.0,,,,,,,,,,,,,,,,
2026-09-30T18:00,deterministic,best_match,85.7,31,51.6,84.0,65.2,1005.8,996.1,79199.48,2,71,0,70,0,1,0.0,0.0,0.0,0.0,5.1,214,8.3,0.95,1.05,3600.0,1,0.0,4.4,0.0,14895.014,770.997,29.1,0.0,0.007,2.9,163.0,111.0,52.0,482.2,315.0,89.4,60.9,28.5,264.4,173.2,29,18,62,77,26,0,0,0,1,0,2434.383,4865.486,10275.591,19156.824,31755.356,America/Los_Angeles,34.03202,-118.52633,86.0,62.02268600463867,0.9047619047619047,0.09523809523809534,0.5174603174603175,0.5161662817551964,0.6809815950920245,0.31901840490797545,0.6812080536912751,0.3187919463087248,1.0,0.0,0.0,77.0,1.0,51.1,1.0,,,,,,,,,,,,,,,,
2026-09-30T19:00,deterministic,best_match,84.8,33,52.5,84.4,65.3,1005.9,996.2,79199.48,2,55,0,52,0,1,0.0,0.0,0.0,0.0,2.9,219,5.4,0.1,0.1,2109.57,0,0.0,4.3,0.0,14895.014,459.318,29.3,0.0,0.002,2.74,17.0,12.0,5.0,141.7,51.1,0.0,0.0,0.0,0.0,0.0,30,18,62,74,20,0,0,0,3,0,2437.664,4868.767,10282.152,19160.106,31760.648,America/Los_Angeles,34.03202,-118.52633,86.0,62.02268600463867,1.0,0.0,0.33268101761252444,,0.7058823529411765,0.29411764705882354,,,0.5859916666666667,0.0,0.0,74.0,3.0,34.6,1.0,,,,,,,,,,,,,,,,
2026-09-30T20:00,deterministic,best_match,84.2,34,52.8,84.6,65.2,1006.1,996.4,79199.48,1,39,0,36,0,1,0.0,0.0,0.0,0.0,0.9,225,2.9,0.0,0.0,0.0,0,0.0,4.4,0.0,14862.205,229.659,29.9,0.0,0.0,2.64,0.0,0.0,0.0,0.0,0.0,0.0,0.0,0.0,0.0,0.0,31,19,63,67,16,0,0,0,3,0,2444.226,4875.328,10285.434,19166.666,31765.938,America/Los_Angeles,34.03202,-118.52633,86.0,62.02268600463867,,,,,,,,,0.0,0.0,0.0,67.0,3.0,0.0,0.6,,,,,,,,,,,,,,,,
2026-09-30T21:00,deterministic,best_match,83.8,34,52.5,84.6,64.9,1006.2,996.5,79199.48,1,28,0,25,0,1,0.0,0.0,0.0,0.0,0.0,270,2.0,0.0,0.0,0.0,0,0.0,4.9,0.0,14895.014,114.829,31.3,0.0,0.0,2.61,0.0,0.0,0.0,0.0,0.0,0.0,0.0,0.0,0.0,0.0,31,23,69,49,16,0,0,0,1,0,2447.507,4878.609,10288.714,19169.948,31765.938,America/Los_Angeles,34.03202,-118.52633,86.0,62.02268600463867,,,,,,,,,0.0,0.0,0.0,69.0,1.0,0.0,0.6,,,,,,,,,,,,,,,,
2026-09-30T22:00,deterministic,best_match,83.6,33,51.5,83.9,64.4,1006.4,996.7,79199.48,0,17,0,14,0,1,0.0,0.0,0.0,0.0,0.5,27,2.0,0.0,0.0,0.0,0,0.0,5.7,0.0,14927.821,65.617,33.1,0.0,0.0,2.64,0.0,0.0,0.0,0.0,0.0,0.0,0.0,0.0,0.0,0.0,30,28,77,23,18,0,0,0,1,0,2447.507,4878.609,10291.995,19169.948,31771.23,America/Los_Angeles,34.03202,-118.52633,86.0,62.02268600463867,,,,,,,,,0.0,0.0,0.0,77.0,1.0,0.0,0.6,,,,,,,,,,,,,,,,
2026-09-30T23:00,deterministic,best_match,83.5,33,51.3,83.6,64.3,1006.3,996.6,79199.48,0,9,0,7,0,1,0.0,0.0,0.0,0.0,0.7,18,2.0,0.0,0.0,0.0,0,0.0,6.3,0.0,14960.63,32.808,34.3,0.0,0.0,2.62,0.0,0.0,0.0,0.0,0.0,0.0,0.0,0.0,0.0,0.0,30,32,81,6,20,0,0,0,0,0,2450.787,4881.89,10295.275,19173.228,31771.23,America/Los_Angeles,34.03202,-118.52633,86.0,62.02268600463867,,,,,,,,,0.0,0.0,0.0,81.0,0.0,0.0,0.6,,,,,,,,,,,,,,,,
2026-10-01T00:00,deterministic,best_match,83.2,33,51.1,83.1,64.1,1005.9,996.2,79199.48,0,3,0,1,0,1,0.0,0.0,0.0,0.0,1.1,349,2.2,0.0,0.0,0.0,0,0.0,6.7,0.0,14829.396,16.404,34.3,0.0,0.0,2.6,0.0,0.0,0.0,0.0,0.0,0.0,0.0,0.0,0.0,0.0,30,34,81,3,20,0,0,0,0,0,2437.664,4868.767,10285.434,19163.386,31755.356,America/Los_Angeles,34.03202,-118.52633,86.0,62.02268600463867,,,,,,,,,0.0,0.0,0.0,81.0,0.0,0.0,0.6,,,,,,,,,,,,,,,,
2026-10-01T01:00,deterministic,best_match,82.8,34,51.6,82.5,64.2,1005.4,995.7,79199.48,0,0,0,0,0,1,0.0,0.0,0.0,0.0,2.0,333,2.9,0.0,0.0,0.0,0,0.0,6.9,0.0,14730.972,32.808,33.8,0.0,0.001,2.53,0.0,0.0,0.0,0.0,0.0,0.0,0.0,0.0,0.0,0.0,30,35,78,6,20,0,0,0,0,0,2424.541,4858.924,10272.31,19153.542,31734.19,America/Los_Angeles,34.03202,-118.52633,86.0,62.02268600463867,,,,,,,,,0.0,0.0,0.0,78.0,0.0,0.0,0.6,,,,,,,,,,,,,,,,
2026-10-01T02:00,deterministic,best_match,82.6,34,51.4,82.0,63.9,1005.0,995.3,79199.48,0,6,0,5,0,1,0.0,0.0,0.0,0.0,2.4,326,3.1,0.0,0.0,0.0,0,0.0,7.0,0.0,14599.737,49.213,33.5,0.0,0.001,2.51,0.0,0.0,0.0,0.0,0.0,0.0,0.0,0.0,0.0,0.0,30,36,77,11,20,0,0,0,0,0,2411.417,4845.801,10262.467,19143.702,31718.314,America/Los_Angeles,34.03202,-118.52633,86.0,62.02268600463867,,,,,,,,,0.0,0.0,0.0,77.0,0.0,0.0,0.6,,,,,,,,,,,,,,,,
2026-10-01T03:00,deterministic,best_match,82.4,35,52.0,82.1,64.2,1004.8,995.1,79199.48,1,34,1,33,0,1,0.0,0.0,0.0,0.0,2.0,333,2.9,0.0,0.0,0.0,0,0.0,6.8,0.0,14599.737,49.213,33.8,0.0,0.001,2.46,0.0,0.0,0.0,0.0,0.0,0.0,0.0,0.0,0.0,0.0,31,36,78,16,20,0,0,0,0,0,2408.137,4842.52,10255.905,19133.86,31707.728,America/Los_Angeles,34.03202,-118.52633,86.0,62.02268600463867,,,,,,,,,0.0,0.0,0.0,78.0,0.0,0.0,0.6,,,,,,,,,,,,,,,,
2026-10-01T04:00,deterministic,best_match,82.3,35,51.9,82.4,64.1,1004.8,995.1,79199.48,2,72,3,71,0,1,0.0,0.0,0.0,0.0,1.1,360,2.2,0.0,0.0,0.0,0,0.0,6.5,0.0,14566.93,32.808,34.4,0.0,0.0,2.45,0.0,0.0,0.0,0.0,0.0,0.0,0.0,0.0,0.0,0.0,32,35,80,21,18,0,0,1,0,0,2408.137,4835.958,10249.344,19127.296,31702.44,America/Los_Angeles,34.03202,-118.52633,86.0,62.02268600463867,,,,,,,,,0.0,0.0,0.0,80.0,1.0,0.0,0.6,,,,,,,,,,,,,,,,
2026-10-01T05:00,deterministic,best_match,82.2,36,52.6,82.6,64.4,1004.9,995.1,79199.48,3,92,4,92,0,1,0.0,0.0,0.0,0.0,0.9,45,1.8,0.0,0.0,0.0,0,0.0,6.2,0.0,14566.93,32.808,34.7,0.0,0.0,2.4,0.0,0.0,0.0,0.0,0.0,0.0,0.0,0.0,0.0,0.0,33,34,81,27,16,0,0,1,0,0,2404.856,4832.677,10242.782,19117.456,31691.856,America/Los_Angeles,34.03202,-118.52633,86.0,62.02268600463867,,,,,,,,,0.0,0.0,0.0,81.0,1.0,0.0,0.6,,,,,,,,,,,,,,,,
2026-10-01T06:00,deterministic,best_match,82.0,36,52.4,82.3,64.2,1005.2,995.4,79199.48,2,79,4,78,0,0,0.0,0.0,0.0,0.0,1.1,53,1.3,0.0,0.0,0.0,0,0.0,6.1,0.0,14927.821,0.0,34.5,0.0,0.0,2.39,0.0,0.0,0.0,0.0,0.0,0.0,0.0,0.0,0.0,0.0,33,34,81,31,12,0,0,1,0,0,2414.698,4842.52,10252.625,19130.578,31697.146,America/Los_Angeles,34.03202,-118.52633,86.0,62.02268600463867,,,,,,,,,0.0,0.0,0.0,81.0,1.0,0.0,0.6,,,,,,,,,,,,,,,,
2026-10-01T07:00,deterministic,best_match,82.0,37,53.2,82.4,64.6,1005.7,995.9,79199.48,1,48,4,47,0,0,0.0,0.0,0.0,0.0,1.3,31,1.1,0.0,0.0,0.0,1,0.0,6.1,0.0,15288.714,0.0,34.0,0.0,0.002,2.35,0.0,0.0,0.0,0.0,2.1,0.0,0.0,0.0,0.0,35.6,32,35,80,33,8,0,0,0,0,0,2427.822,4855.643,10262.467,19143.702,31697.146,America/Los_Angeles,34.03202,-118.52633,86.0,62.02268600463867,,,0.0,0.0,,,,,0.0,0.0,0.0,80.0,0.0,0.0,0.75,,,,,,,,,,,,,,,,
2026-10-01T08:00,deterministic,best_match,82.6,36,52.9,83.1,64.7,1006.1,996.3,79199.48,1,23,3,21,0,0,0.0,0.0,0.0,0.0,0.8,34,1.1,0.55,0.55,3600.0,1,0.0,5.8,0.0,15649.606,98.425,33.8,0.0,0.002,2.43,87.0,57.0,30.0,402.6,181.1,155.4,101.8,53.6,719.0,324.3,32,35,80,36,6,0,0,0,0,0,2437.664,4865.486,10272.31,19156.824,31702.44,America/Los_Angeles,34.03202,-118.52633,86.0,62.02268600463867,1.0,0.0,0.4803975704030922,0.4791859389454209,0.6551724137931034,0.3448275862068966,0.6550836550836551,0.34491634491634493,1.0,0.0,0.0,80.0,0.0,60.3,1.0,,,,,,,,,,,,,,,,
2026-10-01T09:00,deterministic,best_match,84.5,34,53.0,85.0,65.4,1006.4,996.7,79199.48,0,11,2,9,0,0,0.0,0.0,0.0,0.0,0.9,180,1.6,2.05,2.05,3600.0,1,0.0,5.0,0.0,15748.031,524.934,34.0,0.0,0.007,2.67,293.0,242.0,51.0,718.6,458.8,375.1,309.9,65.3,920.1,587.8,32,35,81,37,4,0,0,0,0,0,2444.226,4872.048,10278.871,19166.666,31707.728,America/Los_Angeles,34.03202,-118.52633,86.0,62.02268600463867,1.0,0.0,0.6386224934612031,0.6381422252466826,0.825938566552901,0.17406143344709898,0.826179685417222,0.17408691015729136,1.0,0.0,-0.0999999999999659,81.0,0.0,75.7,1.0,,,,,,,,,,,,,,,,
2026-10-01T10:00,deterministic,best_match,87.1,31,52.8,86.6,66.3,1006.7,997.0,79199.48,0,3,1,2,0,0,0.0,0.0,0.0,0.0,3.0,193,2.2,3.55,3.55,3600.0,1,0.0,4.0,0.0,15846.457,1099.081,34.3,0.0,0.014,3.03,484.0,418.0,66.0,811.8,702.2,556.9,481.0,75.9,934.2,808.2,32,36,82,39,4,0,0,0,0,0,2454.068,4881.89,10288.714,19173.228,31707.728,America/Los_Angeles,34.03202,-118.52633,86.0,62.02268600463867,1.0,0.0,0.6892623184277983,0.6890621133382825,0.8636363636363636,0.13636363636363635,0.863709822230203,0.1362901777697971,1.0,0.0,0.0,82.0,0.0,84.6,1.0,,,,,,,,,,,,,,,,
2026-10-01T11:00,deterministic,best_match,88.7,30,53.3,88.6,67.1,1006.8,997.1,79199.48,0,0,0,0,0,0,0.0,0.0,0.0,0.0,5.0,198,3.4,4.95,4.95,3600.0,1,0.0,3.3,0.0,15944.882,1525.591,34.7,0.0,0.02,3.23,639.0,564.0,75.0,860.2,894.5,693.0,611.7,81.3,933.0,970.3,32,36,83,39,4,0,0,0,0,0,2460.63,4888.452,10295.275,19183.07,31713.022,America/Los_Angeles,34.03202,-118.52633,86.0,62.02268600463867,1.0,0.0,0.7143655673560648,0.7142120993507163,0.8826291079812206,0.11737089201877934,0.8826839826839827,0.11731601731601732,1.0,0.0,0.0,83.0,0.0,92.3,1.0,,,,,,,,,,,,,,,,
2026-10-01T12:00,deterministic,best_match,88.6,31,54.1,89.7,67.4,1006.5,996.8,79199.48,0,0,0,0,0,0,0.0,0.0,0.0,0.0,6.5,207,5.1,6.5,6.25,3600.0,1,0.0,3.2,0.0,16010.499,1673.228,35.1,0.0,0.025,3.18,801.0,733.0,68.0,978.1,1022.8,832.6,761.9,70.7,1016.6,1063.3,32,36,83,36,4,0,0,0,0,0,2447.507,4878.609,10285.434,19176.51,31702.44,America/Los_Angeles,34.03202,-118.52633,86.0,62.02268600463867,1.04,-0.040000000000000036,0.7831443097379742,0.783033950907552,0.9151061173533084,0.08489388264669163,0.915085275042037,0.08491472495796301,1.0,0.0,0.0,83.0,0.0,99.8,1.0,,,,,,,,,,,,,,,,
2026-10-01T13:00,deterministic,best_match,87.7,33,55.0,88.6,67.6,1006.0,996.3,79199.48,0,5,0,5,0,0,0.0,0.0,0.0,0.0,7.8,213,7.4,6.7,6.65,3600.0,1,0.0,3.3,0.0,16076.115,1673.228,35.5,0.0,0.025,3.0,808.0,730.0,78.0,924.2,1078.3,809.7,731.5,78.2,926.1,1080.6,31,37,82,31,4,0,0,0,0,0,2437.664,4865.486,10275.591,19169.948,31691.856,America/Los_Angeles,34.03202,-118.52633,86.0,62.02268600463867,1.0075187969924813,-0.007518796992481258,0.7493276453677085,0.7493059411438091,0.9034653465346535,0.09653465346534654,0.9034210201309126,0.09657897986908731,1.0,0.0,0.0,82.0,0.0,98.6,1.0,,,,,,,,,,,,,,,,
2026-10-01T14:00,deterministic,best_match,86.7,35,55.8,86.6,67.6,1005.6,995.9,79199.48,0,15,0,15,0,0,0.0,0.0,0.0,0.0,8.6,217,9.2,6.0,6.3,3600.0,1,0.0,3.5,0.0,16141.732,1591.207,36.0,0.0,0.023,2.82,721.0,630.0,91.0,813.8,1057.1,696.4,608.5,87.9,786.1,1021.1,31,37,82,27,4,0,0,0,0,0,2424.541,4855.643,10265.748,19163.386,31681.27,America/Los_Angeles,34.03202,-118.52633,86.0,62.02268600463867,0.9523809523809524,0.04761904761904756,0.6820546778923471,0.6820095974928998,0.8737864077669902,0.1262135922330097,0.8737794371051121,0.126220562894888,1.0,0.0,0.0,82.0,0.0,94.6,1.0,,,,,,,,,,,,,,,,
2026-10-01T15:00,deterministic,best_match,86.1,36,56.0,84.5,67.4,1005.2,995.5,79199.48,1,35,11,35,0,0,0.0,0.0,0.0,0.0,8.5,215,10.1,4.3,5.2,3600.0,1,0.0,3.6,0.0,16141.732,1394.357,36.5,0.0,0.019,2.72,560.0,432.0,128.0,614.3,960.7,518.1,399.7,118.4,568.3,888.9,31,38,82,26,4,0,0,0,0,0,2414.698,4845.801,10259.187,19156.824,31675.98,America/Los_Angeles,34.03202,-118.52633,86.0,62.02268600463867,0.8269230769230769,0.17307692307692313,0.5829082960341417,0.5828552143098211,0.7714285714285715,0.22857142857142856,0.7714726886701408,0.2285273113298591,1.0,0.0,0.0,82.0,0.0,75.6,1.0,,,,,,,,,,,,,,,,
2026-10-01T16:00,deterministic,best_match,85.4,37,56.1,84.0,67.2,1004.9,995.2,79199.48,2,61,26,60,0,0,0.0,0.0,0.0,0.0,7.8,211,10.3,3.0,3.9,3600.0,1,0.0,3.6,0.0,16141.732,1131.89,37.0,0.0,0.015,2.62,388.0,275.0,113.0,472.3,795.6,337.8,239.4,98.4,411.3,692.9,32,38,81,26,4,0,0,1,0,0,2408.137,4839.239,10249.344,19153.542,31670.688,America/Los_Angeles,34.03202,-118.52633,86.0,62.02268600463867,0.7692307692307693,0.23076923076923073,0.48768225238813473,0.48751623610910666,0.7087628865979382,0.2912371134020619,0.7087033747779752,0.2912966252220249,1.0,0.0,0.0,81.0,1.0,61.4,1.0,,,,,,,,,,,,,,,,
2026-10-01T17:00,deterministic,best_match,84.7,38,56.3,83.8,67.1,1004.7,995.0,79199.48,3,81,36,80,0,0,0.0,0.0,0.0,0.0,6.9,205,9.8,1.7,2.45,3600.0,1,0.0,3.7,0.0,16141.732,885.827,37.4,0.0,0.01,2.53,219.0,139.0,80.0,331.6,573.1,170.5,108.2,62.3,258.2,446.5,32,39,81,26,4,0,0,1,0,0,2398.294,4829.397,10242.782,19146.982,31665.398,America/Los_Angeles,34.03202,-118.52633,86.0,62.02268600463867,0.693877551020408,0.30612244897959195,0.3821322631303437,0.3818589025755879,0.634703196347032,0.365296803652968,0.6346041055718475,0.36539589442815246,1.0,0.0,0.0,81.0,1.0,46.9,1.0,,,,,,,,,,,,,,,,
2026-10-01T18:00,deterministic,best_match,84.2,39,56.6,83.9,67.0,1004.8,995.1,79199.48,3,93,36,92,0,0,0.0,0.0,0.0,0.0,5.7,201,8.3,0.65,1.05,1931.12,1,0.0,3.8,0.0,15780.84,705.381,37.6,0.0,0.006,2.44,64.0,28.0,36.0,124.4,308.3,34.4,15.1,19.4,66.9,166.4,33,40,80,26,4,0,0,2,0,0,2404.856,4835.958,10249.344,19146.982,31665.398,America/Los_Angeles,34.03202,-118.52633,86.0,62.02268600463867,0.6190476190476191,0.38095238095238093,0.2075900097307817,0.20673076923076922,0.4375,0.5625,0.438953488372093,0.563953488372093,0.5364222222222222,0.0,-0.10000000000000142,80.0,2.0,26.0,1.0,,,,,,,,,,,,,,,,
2026-10-01T19:00,deterministic,best_match,83.6,40,56.7,83.9,66.8,1005.0,995.3,79199.48,3,99,30,99,0,0,0.0,0.0,0.0,0.0,4.3,192,6.3,0.05,0.1,0.0,0,0.0,3.9,0.0,15419.947,557.743,37.7,0.0,0.004,2.35,5.0,2.0,3.0,24.3,47.2,0.0,0.0,0.0,0.0,0.0,33,41,79,26,4,0,0,3,0,0,2411.417,4839.239,10252.625,19150.262,31670.688,America/Los_Angeles,34.03202,-118.52633,86.0,62.02268600463867,0.5,0.5,0.1059322033898305,,0.4,0.6,,,0.0,0.0,0.0,79.0,3.0,12.3,1.0,,,,,,,,,,,,,,,,
2026-10-01T20:00,deterministic,best_match,82.7,42,57.3,83.7,66.8,1005.3,995.6,79199.48,3,100,23,100,0,0,0.0,0.0,0.0,0.0,3.4,176,4.9,0.0,0.0,0.0,0,0.0,4.0,0.0,15059.056,475.722,37.7,0.0,0.002,2.22,0.0,0.0,0.0,0.0,0.0,0.0,0.0,0.0,0.0,0.0,34,42,79,26,4,0,0,4,0,0,2417.979,4845.801,10259.187,19150.262,31670.688,America/Los_Angeles,34.03202,-118.52633,86.0,62.02268600463867,,,,,,,,,0.0,0.0,0.0,79.0,4.0,0.0,0.6,,,,,,,,,,,,,,,,
2026-10-01T21:00,deterministic,best_match,81.5,44,57.5,82.3,66.4,1005.6,995.8,79199.48,3,94,16,94,0,0,0.0,0.0,0.0,0.0,3.7,155,5.1,0.0,0.0,0.0,0,0.0,4.3,0.0,15124.672,492.126,37.6,0.0,0.002,2.05,0.0,0.0,0.0,0.0,0.0,0.0,0.0,0.0,0.0,0.0,35,44,80,26,4,0,0,3,0,0,2417.979,4845.801,10252.625,19143.702,31660.106,America/Los_Angeles,34.03202,-118.52633,86.0,62.02268600463867,,,,,,,,,0.0,0.0,0.0,80.0,3.0,0.0,0.6,,,,,,,,,,,,,,,,
2026-10-01T22:00,deterministic,best_match,80.0,46,57.3,80.2,65.8,1005.9,996.1,79199.48,3,82,9,82,0,0,0.0,0.0,0.0,0.0,4.9,141,6.0,0.0,0.0,0.0,0,0.0,4.7,0.0,15190.289,557.743,37.3,0.0,0.003,1.88,0.0,0.0,0.0,0.0,0.0,0.0,0.0,0.0,0.0,0.0,36,47,81,24,6,0,0,1,0,0,2417.979,4842.52,10246.063,19137.138,31654.812,America/Los_Angeles,34.03202,-118.52633,86.0,62.02268600463867,,,,,,,,,0.0,0.0,0.0,81.0,1.0,0.0,0.6,,,,,,,,,,,,,,,,
2026-10-01T23:00,deterministic,best_match,78.6,48,57.3,78.6,65.2,1006.0,996.2,79199.48,2,69,3,68,0,0,0.0,0.0,0.0,0.0,5.5,137,6.3,0.0,0.0,0.0,0,0.0,4.9,0.0,15255.905,590.551,37.0,0.0,0.003,1.74,0.0,0.0,0.0,0.0,0.0,0.0,0.0,0.0,0.0,0.0,36,49,82,24,6,0,0,0,0,0,2417.979,4842.52,10239.501,19130.578,31644.23,America/Los_Angeles,34.03202,-118.52633,86.0,62.02268600463867,,,,,,,,,0.0,0.0,0.0,82.0,0.0,0.0,0.6,,,,,,,,,,,,,,,,
2026-10-02T00:00,deterministic,best_match,77.6,50,57.5,78.0,64.9,1005.9,996.1,79199.48,2,50,1,48,0,0,0.0,0.0,0.0,0.0,4.8,139,5.1,0.0,0.0,0.0,0,0.0,4.9,0.0,15026.247,557.743,36.6,0.0,0.002,1.62,0.0,0.0,0.0,0.0,0.0,0.0,0.0,0.0,0.0,0.0,36,50,83,24,6,0,0,0,0,0,2408.137,4829.397,10226.378,19110.892,31617.772,America/Los_Angeles,34.03202,-118.52633,86.0,62.02268600463867,,,,,,,,,0.0,0.0,0.0,83.0,0.0,0.0,0.6,,,,,,,,,,,,,,,,
2026-10-02T01:00,deterministic,best_match,76.8,52,57.9,77.9,64.8,1005.6,995.7,79199.48,1,28,0,27,0,0,0.0,0.0,0.0,0.0,3.4,148,3.1,0.0,0.0,0.0,0,0.0,4.8,0.0,14796.588,492.126,36.2,0.0,0.001,1.51,0.0,0.0,0.0,0.0,0.0,0.0,0.0,0.0,0.0,0.0,35,51,86,26,4,0,0,1,0,0,2398.294,4819.554,10213.255,19091.208,31591.312,America/Los_Angeles,34.03202,-118.52633,86.0,62.02268600463867,,,,,,,,,0.0,0.0,0.0,86.0,1.0,0.0,0.6,,,,,,,,,,,,,,,,
2026-10-02T02:00,deterministic,best_match,76.3,54,58.4,78.0,64.9,1005.4,995.5,79199.48,1,21,0,20,0,0,0.0,0.0,0.0,0.0,2.6,165,2.0,0.0,0.0,0.0,0,0.0,4.6,0.0,14566.93,459.318,35.7,0.0,0.001,1.42,0.0,0.0,0.0,0.0,0.0,0.0,0.0,0.0,0.0,0.0,35,52,84,26,4,0,0,1,0,0,2388.452,4806.431,10200.131,19071.522,31564.856,America/Los_Angeles,34.03202,-118.52633,86.0,62.02268600463867,,,,,,,,,0.0,0.0,0.0,84.0,1.0,0.0,0.6,,,,,,,,,,,,,,,,
2026-10-02T03:00,deterministic,best_match,75.9,55,58.6,77.6,64.8,1005.3,995.4,79199.48,1,41,0,40,0,0,0.0,0.0,0.0,0.0,2.7,185,2.2,0.0,0.0,0.0,0,0.0,4.5,0.0,14435.695,459.318,35.3,0.0,0.001,1.37,0.0,0.0,0.0,0.0,0.0,0.0,0.0,0.0,0.0,0.0,35,52,79,26,4,0,0,1,0,0,2385.171,4799.869,10193.569,19058.398,31548.98,America/Los_Angeles,34.03202,-118.52633,86.0,62.02268600463867,,,,,,,,,0.0,0.0,0.0,79.0,1.0,0.0,0.6,,,,,,,,,,,,,,,,
2026-10-02T04:00,deterministic,best_match,75.7,54,57.9,76.9,64.4,1005.2,995.3,79199.48,2,75,0,75,0,0,0.0,0.0,0.0,0.0,3.3,196,2.9,0.0,0.0,0.0,0,0.0,4.3,0.0,14304.462,492.126,34.8,0.0,0.001,1.4,0.0,0.0,0.0,0.0,0.0,0.0,0.0,0.0,0.0,0.0,35,52,72,24,4,0,0,0,0,0,2378.609,4796.588,10183.728,19045.276,31527.814,America/Los_Angeles,34.03202,-118.52633,86.0,62.02268600463867,,,,,,,,,0.0,0.0,0.0,72.0,0.0,0.0,0.6,,,,,,,,,,,,,,,,
2026-10-02T05:00,deterministic,best_match,75.7,54,57.9,76.8,64.4,1005.2,995.3,79199.48,3,100,0,100,0,0,0.0,0.0,0.0,0.0,3.5,198,3.4,0.0,0.0,0.0,0,0.0,4.2,0.0,14173.229,508.53,34.4,0.0,0.001,1.4,0.0,0.0,0.0,0.0,0.0,0.0,0.0,0.0,0.0,0.0,35,52,68,24,4,0,0,0,0,0,2375.328,4790.027,10177.165,19032.152,31511.94,America/Los_Angeles,34.03202,-118.52633,86.0,62.02268600463867,,,,,,,,,0.0,0.0,0.0,68.0,0.0,0.0,0.6,,,,,,,,,,,,,,,,
2026-10-02T06:00,deterministic,best_match,75.6,54,57.8,77.0,64.3,1005.3,995.4,79199.48,3,100,1,100,0,0,0.0,0.0,0.0,0.0,2.8,198,2.9,0.0,0.0,0.0,0,0.0,4.1,0.0,13976.378,475.722,33.9,0.0,0.001,1.39,0.0,0.0,0.0,0.0,0.0,0.0,0.0,0.0,0.0,0.0,35,52,71,26,4,0,0,0,0,0,2381.89,4793.307,10180.446,19032.152,31511.94,America/Los_Angeles,34.03202,-118.52633,86.0,62.02268600463867,,,,,,,,,0.0,0.0,0.0,71.0,0.0,0.0,0.6,,,,,,,,,,,,,,,,
2026-10-02T07:00,deterministic,best_match,75.8,54,58.0,77.6,64.5,1005.5,995.6,79199.48,3,100,2,100,0,0,0.0,0.0,0.0,0.0,2.0,186,1.8,0.0,0.0,0.0,1,0.0,4.0,0.0,13746.72,426.509,33.4,0.0,0.002,1.4,0.0,0.0,0.0,0.0,1.7,0.0,0.0,0.0,0.0,32.0,35,52,78,27,4,0,0,0,0,0,2388.452,4799.869,10183.728,19028.872,31517.228,America/Los_Angeles,34.03202,-118.52633,86.0,62.02268600463867,,,0.0,0.0,,,,,0.0,0.0,0.0,78.0,0.0,0.0,0.75,,,,,,,,,,,,,,,,
2026-10-02T08:00,deterministic,best_match,76.4,52,57.5,78.2,64.5,1005.7,995.8,79199.48,3,100,3,100,0,0,0.0,0.0,0.0,0.0,1.6,172,1.3,0.45,0.55,2331.89,1,0.0,3.9,0.0,13549.869,492.126,33.1,0.0,0.002,1.49,39.0,18.0,21.0,128.4,177.5,70.3,32.4,37.8,231.4,320.6,35,52,82,27,4,0,0,0,0,0,2395.013,4803.15,10187.008,19028.872,31517.228,America/Los_Angeles,34.03202,-118.52633,86.0,62.02268600463867,0.8181818181818181,0.18181818181818188,0.21971830985915494,0.21927635683094196,0.46153846153846156,0.5384615384615384,0.46088193456614507,0.5376955903271693,0.6477472222222221,0.0,0.10000000000000853,82.0,0.0,35.1,1.0,,,,,,,,,,,,,,,,
2026-10-02T09:00,deterministic,best_match,78.2,48,57.0,79.5,64.9,1005.9,996.1,79199.48,2,77,2,77,0,0,0.0,0.0,0.0,0.0,2.3,163,1.6,1.95,2.05,3600.0,1,0.0,3.8,0.0,14009.187,754.593,33.0,0.0,0.007,1.72,257.0,195.0,62.0,584.1,455.1,329.6,250.1,79.5,749.1,584.0,35,52,83,27,4,0,0,0,0,0,2401.575,4809.712,10190.289,19028.872,31527.814,America/Los_Angeles,34.03202,-118.52633,86.0,62.02268600463867,0.951219512195122,0.04878048780487798,0.5647110525159306,0.5643835616438356,0.7587548638132295,0.24124513618677043,0.7587985436893203,0.2412014563106796,1.0,0.0,0.0,83.0,0.0,70.0,1.0,,,,,,,,,,,,,,,,
2026-10-02T10:00,deterministic,best_match,80.7,43,56.1,81.2,65.4,1006.2,996.4,79199.48,1,45,1,45,0,0,0.0,0.0,0.0,0.0,3.5,165,2.0,3.45,3.5,3600.0,1,0.0,3.6,0.0,14468.504,1115.486,33.1,0.0,0.013,2.04,464.0,370.0,94.0,723.0,698.3,534.2,426.0,108.2,832.4,804.1,35,51,83,26,4,0,0,0,0,0,2404.856,4812.992,10193.569,19032.152,31538.396,America/Los_Angeles,34.03202,-118.52633,86.0,62.02268600463867,0.9857142857142858,0.014285714285714235,0.6644708577975083,0.6643452306926999,0.7974137931034483,0.2025862068965517,0.7974541370273305,0.2025458629726694,1.0,0.0,0.0,83.0,0.0,82.3,1.0,,,,,,,,,,,,,,,,
2026-10-02T11:00,deterministic,best_match,82.4,39,55.0,83.0,65.5,1006.2,996.4,79199.48,1,20,0,20,0,0,0.0,0.0,0.0,0.0,4.3,174,2.7,4.75,4.85,3600.0,1,0.0,3.5,0.0,14927.821,1410.761,33.1,0.0,0.018,2.3,632.0,521.0,111.0,798.8,890.4,685.6,565.2,120.4,866.6,966.0,35,50,82,23,4,0,0,0,0,0,2411.417,4819.554,10196.851,19032.152,31548.98,America/Los_Angeles,34.03202,-118.52633,86.0,62.02268600463867,0.9793814432989691,0.020618556701030855,0.7097933513027853,0.7097308488612837,0.8243670886075949,0.17563291139240506,0.82438739789965,0.17561260210035007,1.0,0.0,0.0,82.0,0.0,90.3,1.0,,,,,,,,,,,,,,,,
2026-10-02T12:00,deterministic,best_match,82.7,39,55.3,84.1,65.8,1005.8,996.1,79199.48,0,8,0,8,0,0,0.0,0.0,0.0,0.0,5.0,193,3.6,6.0,6.15,3600.0,1,0.0,3.4,0.0,14927.821,1558.399,33.1,0.0,0.021,2.33,720.0,613.0,107.0,822.1,1018.3,748.4,637.1,111.2,854.5,1058.5,35,49,79,19,4,0,0,0,0,0,2398.294,4806.431,10187.008,19019.03,31538.396,America/Los_Angeles,34.03202,-118.52633,86.0,62.02268600463867,0.975609756097561,0.024390243902439046,0.7070607875871551,0.7070382616910722,0.8513888888888889,0.1486111111111111,0.8512827365045431,0.1485836451095671,1.0,0.0,0.09999999999990905,79.0,0.0,96.7,1.0,,,,,,,,,,,,,,,,
2026-10-02T13:00,deterministic,best_match,82.4,40,55.6,83.6,65.9,1005.2,995.4,79199.48,0,3,0,3,0,0,0.0,0.0,0.0,0.0,6.6,213,4.9,6.35,6.55,3600.0,1,0.0,3.4,0.0,14960.63,1624.016,33.1,0.0,0.022,2.27,768.0,662.0,106.0,842.5,1073.3,769.4,663.2,106.2,844.1,1075.4,34,48,74,14,4,0,0,0,0,0,2381.89,4796.588,10173.885,19009.186,31533.104,America/Los_Angeles,34.03202,-118.52633,86.0,62.02268600463867,0.9694656488549618,0.03053435114503822,0.7155501723656015,0.7154547145248279,0.8619791666666666,0.13802083333333334,0.8619703665193659,0.13802963348063427,1.0,0.0,-1.1368683772161603e-13,74.0,0.0,96.8,1.0,,,,,,,,,,,,,,,,
2026-10-02T14:00,deterministic,best_match,81.8,41,55.8,82.4,65.8,1004.6,994.8,79199.48,0,0,0,0,0,0,0.0,0.0,0.0,0.0,7.9,220,6.0,6.1,6.2,3600.0,1,0.0,3.4,0.0,14960.63,1607.612,33.0,0.0,0.022,2.19,755.0,655.0,100.0,851.0,1051.7,729.0,632.4,96.6,821.6,1015.5,34,47,71,10,4,0,0,0,0,0,2368.766,4783.465,10164.042,18996.062,31522.522,America/Los_Angeles,34.03202,-118.52633,86.0,62.02268600463867,0.9838709677419354,0.016129032258064613,0.7178853285157364,0.7178729689807977,0.8675496688741722,0.13245033112582782,0.8674897119341564,0.1325102880658436,1.0,0.0,0.0,71.0,0.0,96.6,1.0,,,,,,,,,,,,,,,,
2026-10-02T15:00,deterministic,best_match,81.3,41,55.4,80.9,65.3,1004.0,994.2,79199.48,0,0,0,0,0,0,0.0,0.0,0.0,0.0,8.2,221,7.2,5.05,5.1,3600.0,1,0.0,3.6,0.0,14927.821,1443.57,32.8,0.0,0.02,2.15,691.0,613.0,78.0,877.4,954.9,638.8,566.7,72.1,811.2,882.9,33,48,70,9,4,0,0,0,0,0,2355.643,4770.342,10150.919,18982.94,31511.94,America/Los_Angeles,34.03202,-118.52633,86.0,62.02268600463867,0.9901960784313726,0.009803921568627416,0.7236359828254267,0.7235247479895798,0.8871201157742402,0.11287988422575977,0.8871321227301191,0.11286787726988103,1.0,0.0,-1.1368683772161603e-13,70.0,0.0,92.0,1.0,,,,,,,,,,,,,,,,
2026-10-02T16:00,deterministic,best_match,80.7,42,55.5,79.1,65.1,1003.4,993.6,79199.48,0,0,0,0,0,0,0.0,0.0,0.0,0.0,8.0,218,8.3,3.85,3.85,3600.0,1,0.0,3.8,0.0,14927.821,1197.507,32.4,0.0,0.017,2.07,556.0,484.0,72.0,838.3,789.4,483.4,420.8,62.6,728.9,686.6,33,49,71,10,4,0,0,0,0,0,2339.239,4757.218,10137.795,18973.098,31501.356,America/Los_Angeles,34.03202,-118.52633,86.0,62.02268600463867,1.0,0.0,0.70433240435774,0.7040489367899796,0.8705035971223022,0.12949640287769784,0.8705006206040546,0.12949937939594539,1.0,0.0,-5.684341886080802e-14,71.0,0.0,83.6,1.0,,,,,,,,,,,,,,,,
2026-10-02T17:00,deterministic,best_match,79.9,43,55.4,78.4,64.8,1003.1,993.3,79199.48,0,0,0,0,0,0,0.0,0.0,0.0,0.0,7.4,215,8.7,2.45,2.45,3600.0,1,0.0,3.9,0.0,14895.014,967.848,32.0,0.0,0.012,1.98,377.0,317.0,60.0,765.4,566.6,292.5,246.0,46.6,593.9,439.9,32,50,72,10,4,0,0,0,0,0,2326.116,4744.095,10124.672,18959.974,31490.77,America/Los_Angeles,34.03202,-118.52633,86.0,62.02268600463867,1.0,0.0,0.6653723967525591,0.6649238463287112,0.8408488063660478,0.15915119363395225,0.841025641025641,0.1593162393162393,1.0,0.0,-0.10000000000002274,72.0,0.0,72.4,1.0,,,,,,,,,,,,,,,,
2026-10-02T18:00,deterministic,best_match,78.8,46,56.3,78.1,64.8,1003.2,993.4,79199.48,0,0,0,0,0,0,0.0,0.0,0.0,0.0,6.4,209,8.1,1.05,1.05,3600.0,1,0.0,3.8,0.0,14829.396,803.806,31.6,0.0,0.007,1.81,169.0,125.0,44.0,567.9,301.7,89.2,66.0,23.2,299.7,159.7,31,50,74,10,4,0,0,0,0,0,2329.396,4747.376,10121.392,18956.694,31490.77,America/Los_Angeles,34.03202,-118.52633,86.0,62.02268600463867,1.0,0.0,0.5601590984421612,0.5585472761427678,0.7396449704142012,0.2603550295857988,0.7399103139013453,0.2600896860986547,1.0,0.0,0.0,74.0,0.0,55.4,1.0,,,,,,,,,,,,,,,,
2026-10-02T19:00,deterministic,best_match,77.6,49,56.9,77.6,64.6,1003.5,993.7,79199.48,0,0,0,0,0,0,0.0,0.0,0.0,0.0,5.4,199,6.7,0.1,0.1,1813.98,0,0.0,3.5,0.0,14796.588,672.572,31.1,0.0,0.003,1.65,14.0,10.0,4.0,125.6,43.4,0.0,0.0,0.0,0.0,0.0,31,50,78,9,4,0,0,0,0,0,2335.958,4747.376,10121.392,18956.694,31485.48,America/Los_Angeles,34.03202,-118.52633,86.0,62.02268600463867,1.0,0.0,0.3225806451612903,,0.7142857142857143,0.2857142857142857,,,0.5038833333333333,0.0,0.0,78.0,0.0,33.9,1.0,,,,,,,,,,,,,,,,
2026-10-02T20:00,deterministic,best_match,76.4,53,58.0,77.1,64.7,1003.8,994.0,79199.48,0,0,0,0,0,0,0.0,0.0,0.0,0.0,4.7,188,5.6,0.0,0.0,0.0,0,0.0,3.4,0.0,14730.972,590.551,30.5,0.0,0.002,1.46,0.0,0.0,0.0,0.0,0.0,0.0,0.0,0.0,0.0,0.0,30,50,81,7,4,0,0,0,0,0,2339.239,4750.656,10118.11,18953.412,31485.48,America/Los_Angeles,34.03202,-118.52633,86.0,62.02268600463867,,,,,,,,,0.0,0.0,0.0,81.0,0.0,0.0,0.6,,,,,,,,,,,,,,,,
2026-10-02T21:00,deterministic,best_match,75.4,56,58.6,76.3,64.6,1004.1,994.2,79199.48,0,0,0,0,0,0,0.0,0.0,0.0,0.0,4.5,183,5.1,0.0,0.0,0.0,0,0.0,3.5,0.0,14632.546,574.147,29.8,0.0,0.002,1.32,0.0,0.0,0.0,0.0,0.0,0.0,0.0,0.0,0.0,0.0,29,50,86,6,4,0,0,0,0,0,2345.801,4750.656,10118.11,18950.13,31469.606,America/Los_Angeles,34.03202,-118.52633,86.0,62.02268600463867,,,,,,,,,0.0,0.0,0.0,86.0,0.0,0.0,0.6,,,,,,,,,,,,,,,,
2026-10-02T22:00,deterministic,best_match,74.2,59,58.9,75.4,64.3,1004.5,994.6,79199.48,0,0,0,0,0,0,0.0,0.0,0.0,0.0,4.3,177,4.9,0.0,0.0,0.0,0,0.0,3.7,0.0,14501.312,606.955,29.0,0.0,0.001,1.18,0.0,0.0,0.0,0.0,0.0,0.0,0.0,0.0,0.0,0.0,29,49,89,4,2,0,0,1,0,0,2349.081,4753.937,10114.829,18943.57,31448.438,America/Los_Angeles,34.03202,-118.52633,86.0,62.02268600463867,,,,,,,,,0.0,0.0,0.0,89.0,1.0,0.0,0.6,,,,,,,,,,,,,,,,
2026-10-02T23:00,deterministic,best_match,73.3,62,59.5,74.8,64.3,1004.8,994.9,79199.48,0,0,0,0,0,0,0.0,0.0,0.0,0.0,4.0,177,4.7,0.0,0.0,0.0,0,0.0,3.8,0.0,14402.888,623.36,28.4,0.0,0.001,1.06,0.0,0.0,0.0,0.0,0.0,0.0,0.0,0.0,0.0,0.0,29,49,92,3,2,0,0,1,0,0,2355.643,4753.937,10114.829,18940.29,31432.564,America/Los_Angeles,34.03202,-118.52633,86.0,62.02268600463867,,,,,,,,,0.0,0.0,0.0,92.0,1.0,0.0,0.6,,,,,,,,,,,,,,,,
2026-10-03T00:00,deterministic,best_match,72.6,63,59.3,74.1,63.9,1004.9,995.0,79199.48,0,5,5,0,0,1,0.0,0.0,0.0,0.0,3.8,177,4.0,0.0,0.0,0.0,0,0.0,3.7,0.0,14271.653,606.955,28.0,0.0,0.001,1.01,0.0,0.0,0.0,0.0,0.0,0.0,0.0,0.0,0.0,0.0,30,48,96,3,2,0,0,4,0,0,2352.362,4750.656,10104.987,18923.884,31421.978,America/Los_Angeles,34.03202,-118.52633,86.0,62.02268600463867,,,,,,,,,0.0,0.0,0.0,96.0,4.0,0.0,0.6,,,,,,,,,,,,,,,,
2026-10-03T01:00,deterministic,best_match,72.0,64,59.2,73.7,63.6,1004.9,995.0,79199.48,0,11,11,0,0,1,0.0,0.0,0.0,0.0,3.4,180,3.4,0.0,0.0,0.0,0,0.0,3.5,0.0,14140.42,590.551,27.7,0.0,0.001,0.97,0.0,0.0,0.0,0.0,0.0,0.0,0.0,0.0,0.0,0.0,31,48,97,3,2,0,0,9,0,0,2352.362,4747.376,10098.425,18904.2,31406.106,America/Los_Angeles,34.03202,-118.52633,86.0,62.02268600463867,,,,,,,,,0.0,0.0,0.0,97.0,9.0,0.0,0.6,,,,,,,,,,,,,,,,
2026-10-03T02:00,deterministic,best_match,71.6,65,59.2,73.3,63.4,1004.9,995.0,79199.48,0,15,15,0,0,1,0.0,0.0,0.0,0.0,3.1,184,2.7,0.0,0.0,0.0,0,0.0,3.4,0.0,14009.187,557.743,27.3,0.0,0.001,0.92,0.0,0.0,0.0,0.0,0.0,0.0,0.0,0.0,0.0,0.0,32,47,93,3,2,0,0,12,0,0,2349.081,4744.095,10088.583,18887.794,31395.52,America/Los_Angeles,34.03202,-118.52633,86.0,62.02268600463867,,,,,,,,,0.0,0.0,0.0,93.0,12.0,0.0,0.6,,,,,,,,,,,,,,,,
2026-10-03T03:00,deterministic,best_match,71.1,66,59.2,73.1,63.3,1004.8,994.8,79199.48,0,14,14,0,0,1,0.0,0.0,0.0,0.0,2.7,189,2.2,0.0,0.0,0.0,0,0.0,3.6,0.0,13910.762,524.934,26.7,0.0,0.001,0.88,0.0,0.0,0.0,0.0,0.0,0.0,0.0,0.0,0.0,0.0,33,46,80,3,2,0,0,8,0,0,2345.801,4740.814,10082.021,18881.234,31416.69,America/Los_Angeles,34.03202,-118.52633,86.0,62.02268600463867,,,,,,,,,0.0,0.0,0.0,80.0,8.0,0.0,0.6,,,,,,,,,,,,,,,,
2026-10-03T04:00,deterministic,best_match,70.9,67,59.4,72.9,63.3,1004.7,994.7,79199.48,0,10,10,0,0,1,0.0,0.0,0.0,0.0,2.6,200,2.0,0.0,0.0,0.0,0,0.0,4.0,0.0,13845.145,475.722,26.1,0.0,0.001,0.85,0.0,0.0,0.0,0.0,0.0,0.0,0.0,0.0,0.0,0.0,34,46,61,3,4,0,0,4,0,0,2345.801,4734.252,10075.459,18874.672,31437.854,America/Los_Angeles,34.03202,-118.52633,86.0,62.02268600463867,,,,,,,,,0.0,0.0,0.0,61.0,4.0,0.0,0.6,,,,,,,,,,,,,,,,
2026-10-03T05:00,deterministic,best_match,70.7,68,59.6,72.9,63.3,1004.7,994.7,79199.48,0,7,7,0,0,1,0.0,0.0,0.0,0.0,2.4,202,2.0,0.0,0.0,0.0,0,0.0,4.5,0.0,13746.72,475.722,25.4,0.0,0.0,0.82,0.0,0.0,0.0,0.0,0.0,0.0,0.0,0.0,0.0,0.0,35,45,46,3,4,0,0,0,0,0,2342.52,4730.971,10068.897,18868.112,31459.022,America/Los_Angeles,34.03202,-118.52633,86.0,62.02268600463867,,,,,,,,,0.0,0.0,0.0,46.0,0.0,0.0,0.6,,,,,,,,,,,,,,,,
2026-10-03T06:00,deterministic,best_match,70.6,69,59.9,73.0,63.5,1005.0,995.0,79199.48,0,4,4,0,0,1,0.0,0.0,0.0,0.0,2.3,191,2.2,0.0,0.0,0.0,0,0.0,5.0,0.0,13779.527,524.934,24.7,0.0,0.0,0.79,0.0,0.0,0.0,0.0,0.0,0.0,0.0,0.0,0.0,0.0,36,45,34,3,4,0,0,0,0,0,2352.362,4740.814,10075.459,18877.954,31485.48,America/Los_Angeles,34.03202,-118.52633,86.0,62.02268600463867,,,,,,,,,0.0,0.0,0.0,45.0,0.0,0.0,0.6,,,,,,,,,,,,,,,,
2026-10-03T07:00,deterministic,best_match,70.7,69,60.0,73.1,63.6,1005.6,995.6,79199.48,0,2,2,0,0,1,0.0,0.0,0.0,0.0,2.3,169,2.7,0.0,0.0,0.0,1,0.0,5.5,0.0,13845.145,606.955,24.0,0.0,0.001,0.79,0.0,0.0,0.0,0.0,1.4,0.0,0.0,0.0,0.0,28.4,37,44,27,1,4,0,0,0,0,0,2365.486,4750.656,10082.021,18887.794,31511.94,America/Los_Angeles,34.03202,-118.52633,86.0,62.02268600463867,,,0.0,0.0,,,,,0.0,0.0,0.0,44.0,0.0,0.0,0.75,,,,,,,,,,,,,,,,
2026-10-03T08:00,deterministic,best_match,71.4,67,59.9,73.6,63.8,1006.0,996.0,79199.48,0,0,0,0,0,1,0.0,0.0,0.0,0.0,2.7,156,3.1,0.55,0.55,3600.0,1,0.0,6.2,0.0,13877.953,770.997,23.3,0.0,0.002,0.87,84.0,54.0,30.0,389.3,173.9,152.7,98.2,54.5,707.7,317.0,38,44,20,1,4,0,0,0,0,0,2375.328,4760.499,10088.583,18897.638,31538.396,America/Los_Angeles,34.03202,-118.52633,86.0,62.02268600463867,1.0,0.0,0.48303622771707877,0.48170347003154573,0.6428571428571429,0.35714285714285715,0.6430910281597905,0.3569089718402096,1.0,0.0,0.0,44.0,0.0,59.9,1.0,,,,,,,,,,,,,,,,
2026-10-03T09:00,deterministic,best_match,73.3,62,59.5,75.0,64.3,1006.3,996.4,79199.48,0,0,0,0,0,1,0.0,0.0,0.0,0.0,3.6,158,3.6,2.0,2.0,3600.0,1,0.0,7.3,0.0,13877.953,1099.081,22.7,0.0,0.007,1.06,293.0,240.0,53.0,725.2,451.4,376.4,308.3,68.1,931.6,580.2,40,43,16,1,4,0,0,0,0,0,2385.171,4770.342,10098.425,18914.042,31564.856,America/Los_Angeles,34.03202,-118.52633,86.0,62.02268600463867,1.0,0.0,0.6490917146654852,0.648741813167873,0.8191126279863481,0.18088737201365188,0.8190754516471839,0.18092454835281616,1.0,0.0,0.0,43.0,0.0,75.5,1.0,,,,,,,,,,,,,,,,
2026-10-03T10:00,deterministic,best_match,75.7,54,57.9,76.3,64.4,1006.6,996.7,79199.48,0,0,0,0,0,1,0.0,0.0,0.0,0.0,4.7,163,3.8,3.45,3.45,3600.0,1,0.0,8.6,0.0,13877.953,1492.782,22.1,0.0,0.013,1.4,486.0,417.0,69.0,820.0,694.3,559.9,480.4,79.5,944.6,800.1,43,43,13,1,6,0,0,0,0,0,2391.733,4776.903,10104.987,18930.448,31591.312,America/Los_Angeles,34.03202,-118.52633,86.0,62.02268600463867,1.0,0.0,0.699985597004177,0.6997875265591801,0.8580246913580247,0.1419753086419753,0.8580103589926773,0.14198964100732275,1.0,0.0,0.0,43.0,0.0,84.1,1.0,,,,,,,,,,,,,,,,
2026-10-03T11:00,deterministic,best_match,77.5,49,56.9,78.4,64.6,1006.6,996.7,79199.48,0,0,0,0,0,1,0.0,0.0,0.0,0.0,5.4,171,4.3,4.8,4.8,3600.0,1,0.0,9.7,0.0,13877.953,1771.654,21.4,0.0,0.017,1.64,642.0,562.0,80.0,866.3,886.1,696.6,609.8,86.8,939.9,961.6,43,43,12,1,6,0,0,0,0,0,2401.575,4786.746,10114.829,18946.85,31617.772,America/Los_Angeles,34.03202,-118.52633,86.0,62.02268600463867,1.0,0.0,0.7245231915133732,0.7244176372712147,0.8753894080996885,0.12461059190031153,0.8753947746195807,0.12460522538041917,1.0,0.0,1.1368683772161603e-13,43.0,0.0,91.5,1.0,,,,,,,,,,,,,,,,
2026-10-03T12:00,deterministic,best_match,78.2,48,56.9,79.9,64.8,1006.3,996.5,53477.692,0,0,0,0,0,0,0.0,0.0,0.0,0.0,6.3,188,4.7,6.1,6.1,3600.0,1,0.0,10.2,0.0,14468.504,1837.27,20.6,0.0,0.021,1.71,759.0,676.0,83.0,911.2,1013.7,788.9,702.6,86.3,947.1,1053.7,40,45,11,1,6,0,0,0,0,0,2388.452,4776.903,10108.268,18953.412,31623.064,America/Los_Angeles,34.03202,-118.52633,86.0,62.02268600463867,1.0,0.0,0.748742231429417,0.7486950744993831,0.8906455862977603,0.10935441370223979,0.8906071745468375,0.10939282545316263,1.0,0.0,0.0,45.0,0.0,98.3,1.0,,,,,,,,,,,,,,,,
2026-10-03T13:00,deterministic,best_match,78.1,49,57.4,79.7,65.0,1005.7,995.9,27690.29,0,0,0,0,0,0,0.0,0.0,0.0,0.0,7.6,204,5.1,6.45,6.5,3600.0,1,0.0,10.5,0.0,15026.247,1788.058,19.8,0.0,0.022,1.67,800.0,710.0,90.0,908.3,1068.3,801.3,711.2,90.2,909.9,1070.3,35,47,11,1,8,0,0,0,0,0,2378.609,4770.342,10101.706,18959.974,31633.646,America/Los_Angeles,34.03202,-118.52633,86.0,62.02268600463867,0.9923076923076923,0.007692307692307665,0.748853318356267,0.7486685975894609,0.8875,0.1125,0.8875577187071011,0.11256707849744167,1.0,0.0,-0.10000000000013642,47.0,0.0,98.2,1.0,,,,,,,,,,,,,,,,
2026-10-03T14:00,deterministic,best_match,77.9,49,57.2,78.8,64.9,1005.2,995.4,1968.504,45,0,0,0,0,0,0.0,0.0,0.0,0.0,8.6,213,5.6,6.05,6.15,3600.0,1,0.0,10.8,0.0,15616.798,1673.228,18.8,0.0,0.021,1.66,772.0,678.0,94.0,885.9,1046.3,745.1,654.4,90.7,855.0,1009.9,31,49,11,1,8,0,0,0,0,0,2365.486,4760.499,10095.145,18966.536,31638.938,America/Los_Angeles,34.03202,-118.52633,86.0,62.02268600463867,0.9837398373983739,0.016260162601626105,0.7378380961483323,0.7377958213684523,0.8782383419689119,0.12176165803108809,0.8782713729700711,0.12172862702992887,1.0,0.0,0.0,49.0,0.0,97.7,1.0,,,,,,,,,,,,,,,,
2026-10-03T15:00,deterministic,best_match,77.6,48,56.4,77.2,64.4,1004.7,994.9,27690.29,0,0,0,0,0,0,0.0,0.0,0.0,0.0,8.6,217,6.5,4.9,5.0,3600.0,1,0.0,11.3,0.0,16043.308,1476.378,17.5,0.0,0.019,1.68,668.0,575.0,93.0,828.5,949.1,617.1,531.2,85.9,765.4,876.9,28,50,10,1,8,0,0,0,0,0,2355.643,4753.937,10091.863,18976.378,31644.23,America/Los_Angeles,34.03202,-118.52633,86.0,62.02268600463867,0.9800000000000001,0.019999999999999907,0.7038246760088505,0.7037290455011974,0.8607784431137725,0.13922155688622753,0.8608005185545293,0.13919948144547076,1.0,0.0,0.0,50.0,0.0,89.4,1.0,,,,,,,,,,,,,,,,
2026-10-03T16:00,deterministic,best_match,77.3,46,54.9,75.5,63.5,1004.2,994.4,53477.692,0,0,0,0,0,0,0.0,0.0,0.0,0.0,7.8,219,7.4,3.65,3.75,3600.0,1,0.0,11.9,0.0,16437.008,1230.315,16.1,0.0,0.016,1.73,539.0,452.0,87.0,789.5,783.3,468.0,392.5,75.5,685.5,680.3,27,51,9,1,6,0,0,0,0,0,2349.081,4747.376,10091.863,18982.94,31654.812,America/Los_Angeles,34.03202,-118.52633,86.0,62.02268600463867,0.9733333333333333,0.026666666666666727,0.6881143878462914,0.6879317947964134,0.8385899814471243,0.1614100185528757,0.8386752136752137,0.16132478632478633,1.0,0.0,0.0,51.0,0.0,80.6,1.0,,,,,,,,,,,,,,,,
2026-10-03T17:00,deterministic,best_match,76.8,46,54.5,75.2,63.1,1004.0,994.2,79199.48,0,0,0,0,0,0,0.0,0.0,0.0,0.0,7.0,220,7.6,2.25,2.3,3600.0,1,0.0,12.1,0.0,16863.518,984.252,15.2,0.0,0.011,1.7,371.0,302.0,69.0,738.0,560.2,286.8,233.5,53.3,570.5,433.3,26,51,9,1,4,0,0,0,0,0,2339.239,4740.814,10088.583,18992.784,31660.106,America/Los_Angeles,34.03202,-118.52633,86.0,62.02268600463867,0.9782608695652175,0.021739130434782483,0.6622634773295251,0.6618970690053081,0.8140161725067385,0.18598382749326145,0.8141562064156206,0.18584379358437933,1.0,0.0,0.0,51.0,0.0,70.2,1.0,,,,,,,,,,,,,,,,
2026-10-03T18:00,deterministic,best_match,76.3,48,55.1,75.4,63.2,1004.2,994.3,79199.48,0,0,0,0,0,0,0.0,0.0,0.0,0.0,5.8,216,6.7,0.9,0.9,3600.0,1,0.0,11.8,0.0,16994.75,787.402,15.1,0.0,0.006,1.61,176.0,132.0,44.0,613.5,295.0,91.0,68.2,22.7,317.1,153.0,28,51,10,1,4,0,0,0,0,0,2352.362,4750.656,10101.706,19012.466,31675.98,America/Los_Angeles,34.03202,-118.52633,86.0,62.02268600463867,1.0,0.0,0.5966101694915255,0.5947712418300654,0.75,0.25,0.7494505494505495,0.24945054945054945,1.0,0.0,0.09999999999999432,51.0,0.0,55.9,1.0,,,,,,,,,,,,,,,,
2026-10-03T19:00,deterministic,best_match,75.6,50,55.7,75.6,63.2,1004.7,994.8,79199.48,0,0,0,0,0,0,0.0,0.0,0.0,0.0,4.4,204,5.1,0.05,0.05,1578.21,0,0.0,11.3,0.0,17158.792,590.551,15.5,0.0,0.002,1.51,13.0,9.0,4.0,116.7,39.8,0.0,0.0,0.0,0.0,0.0,30,50,11,1,2,0,0,0,0,0,2362.205,4763.78,10111.549,19032.152,31686.562,America/Los_Angeles,34.03202,-118.52633,86.0,62.02268600463867,1.0,0.0,0.32663316582914576,,0.6923076923076923,0.3076923076923077,,,0.4383916666666667,0.0,0.0,50.0,0.0,32.8,1.0,,,,,,,,,,,,,,,,
2026-10-03T20:00,deterministic,best_match,75.0,53,56.7,75.6,63.5,1005.1,995.2,79199.48,0,0,0,0,0,0,0.0,0.0,0.0,0.0,3.6,191,3.8,0.0,0.0,0.0,0,0.0,10.8,0.0,17290.028,459.318,15.8,0.0,0.001,1.39,0.0,0.0,0.0,0.0,0.0,0.0,0.0,0.0,0.0,0.0,33,49,11,1,2,0,0,0,0,0,2375.328,4773.622,10124.672,19051.838,31702.44,America/Los_Angeles,34.03202,-118.52633,86.0,62.02268600463867,,,,,,,,,0.0,0.0,0.0,49.0,0.0,0.0,0.6,,,,,,,,,,,,,,,,
2026-10-03T21:00,deterministic,best_match,74.4,56,57.7,75.5,63.7,1005.5,995.6,79199.48,0,0,0,0,0,0,0.0,0.0,0.0,0.0,3.4,180,3.4,0.0,0.0,0.0,0,0.0,10.6,0.0,17388.452,410.105,15.7,0.0,0.001,1.28,0.0,0.0,0.0,0.0,0.0,0.0,0.0,0.0,0.0,0.0,35,46,10,1,2,0,0,0,0,0,2381.89,4780.184,10131.233,19068.242,31718.314,America/Los_Angeles,34.03202,-118.52633,86.0,62.02268600463867,,,,,,,,,0.0,0.0,0.0,46.0,0.0,0.0,0.6,,,,,,,,,,,,,,,,
2026-10-03T22:00,deterministic,best_match,73.8,58,58.1,75.2,63.8,1005.9,996.0,79199.48,0,0,0,0,0,0,0.0,0.0,0.0,0.0,3.1,176,3.4,0.0,0.0,0.0,0,0.0,10.5,0.0,17454.068,426.509,15.4,0.0,0.001,1.2,0.0,0.0,0.0,0.0,0.0,0.0,0.0,0.0,0.0,0.0,36,42,8,3,2,0,0,0,0,0,2391.733,4790.027,10141.076,19084.646,31728.896,America/Los_Angeles,34.03202,-118.52633,86.0,62.02268600463867,,,,,,,,,0.0,0.0,0.0,42.0,0.0,0.0,0.6,,,,,,,,,,,,,,,,
2026-10-03T23:00,deterministic,best_match,73.4,60,58.7,75.0,63.9,1006.1,996.2,79199.48,0,0,0,0,0,0,0.0,0.0,0.0,0.0,2.9,171,3.4,0.0,0.0,0.0,0,0.0,10.4,0.0,17552.494,410.105,15.0,0.0,0.001,1.12,0.0,0.0,0.0,0.0,0.0,0.0,0.0,0.0,0.0,0.0,37,38,7,3,2,0,0,0,0,0,2398.294,4796.588,10147.638,19101.05,31744.774,America/Los_Angeles,34.03202,-118.52633,86.0,62.02268600463867,,,,,,,,,0.0,0.0,0.0,38.0,0.0,0.0,0.6,,,,,,,,,,,,,,,,
2026-10-04T00:00,deterministic,best_match,73.1,61,58.9,75.0,63.9,1006.2,996.3,79199.48,0,0,0,0,0,1,0.0,0.0,0.0,0.0,2.4,158,2.9,0.0,0.0,0.0,0,0.0,10.3,0.0,17552.494,360.892,14.5,0.0,0.001,1.09,0.0,0.0,0.0,0.0,0.0,0.0,0.0,0.0,0.0,0.0,37,33,6,3,2,0,0,0,0,0,2398.294,4793.307,10147.638,19107.612,31750.062,America/Los_Angeles,34.03202,-118.52633,86.0,62.02268600463867,,,,,,,,,0.0,0.0,0.0,37.0,0.0,0.0,0.6,,,,,,,,,,,,,,,,
2026-10-04T01:00,deterministic,best_match,72.9,60,58.2,74.9,63.5,1006.1,996.2,79199.48,0,0,0,0,0,1,0.0,0.0,0.0,0.0,1.7,140,2.2,0.0,0.0,0.0,0,0.0,10.2,0.0,17519.686,278.871,14.0,0.0,0.0,1.11,0.0,0.0,0.0,0.0,0.0,0.0,0.0,0.0,0.0,0.0,37,28,4,3,4,0,0,0,0,0,2395.013,4793.307,10147.638,19110.892,31755.356,America/Los_Angeles,34.03202,-118.52633,86.0,62.02268600463867,,,,,,,,,0.0,0.0,0.0,37.0,0.0,0.0,0.6,,,,,,,,,,,,,,,,
2026-10-04T02:00,deterministic,best_match,72.8,60,58.2,74.9,63.4,1006.0,996.1,79199.48,0,0,0,0,0,2,0.0,0.0,0.0,0.0,1.5,117,1.8,0.0,0.0,0.0,0,0.0,10.3,0.0,17519.686,213.255,13.6,0.0,0.0,1.1,0.0,0.0,0.0,0.0,0.0,0.0,0.0,0.0,0.0,0.0,37,24,3,3,4,0,0,0,0,0,2395.013,4790.027,10147.638,19117.456,31760.648,America/Los_Angeles,34.03202,-118.52633,86.0,62.02268600463867,,,,,,,,,0.0,0.0,0.0,37.0,0.0,0.0,0.6,,,,,,,,,,,,,,,,
2026-10-04T03:00,deterministic,best_match,72.6,60,57.9,74.7,63.1,1005.7,995.8,79199.48,0,0,0,0,0,2,0.0,0.0,0.0,0.0,1.2,112,1.1,0.0,0.0,0.0,0,0.0,10.8,0.0,17683.726,147.638,13.4,0.0,0.0,1.09,0.0,0.0,0.0,0.0,0.0,0.0,0.0,0.0,0.0,0.0,37,22,3,3,4,0,0,0,0,0,2388.452,4783.465,10144.357,19124.016,31765.938,America/Los_Angeles,34.03202,-118.52633,86.0,62.02268600463867,,,,,,,,,0.0,0.0,0.0,37.0,0.0,0.0,0.6,,,,,,,,,,,,,,,,
2026-10-04T04:00,deterministic,best_match,72.4,59,57.3,74.4,62.7,1005.4,995.5,79199.48,0,0,0,0,0,3,0.0,0.0,0.0,0.0,0.9,135,0.4,0.0,0.0,0.0,0,0.0,11.5,0.0,17847.77,82.021,13.2,0.0,0.0,1.11,0.0,0.0,0.0,0.0,0.0,0.0,0.0,0.0,0.0,0.0,37,21,3,1,4,0,0,0,0,0,2381.89,4780.184,10141.076,19127.296,31765.938,America/Los_Angeles,34.03202,-118.52633,86.0,62.02268600463867,,,,,,,,,0.0,0.0,0.0,37.0,0.0,0.0,0.6,,,,,,,,,,,,,,,,
2026-10-04T05:00,deterministic,best_match,72.5,58,56.9,74.5,62.5,1005.2,995.3,79199.48,0,0,0,0,0,3,0.0,0.0,0.0,0.0,0.4,180,0.4,0.0,0.0,0.0,0,0.0,12.1,0.0,18011.81,49.213,13.1,0.0,0.0,1.14,0.0,0.0,0.0,0.0,0.0,0.0,0.0,0.0,0.0,0.0,37,20,4,1,4,0,0,0,0,0,2375.328,4773.622,10137.795,19133.86,31771.23,America/Los_Angeles,34.03202,-118.52633,86.0,62.02268600463867,,,,,,,,,0.0,0.0,0.0,37.0,0.0,0.0,0.6,,,,,,,,,,,,,,,,
2026-10-04T06:00,deterministic,best_match,72.9,55,55.8,74.3,62.2,1005.3,995.4,79199.48,0,0,0,0,0,3,0.0,0.0,0.0,0.0,1.1,307,1.3,0.0,0.0,0.0,0,0.0,12.6,0.0,18077.428,32.808,13.0,0.0,0.0,1.24,0.0,0.0,0.0,0.0,0.0,0.0,0.0,0.0,0.0,0.0,36,20,6,1,4,0,0,0,0,0,2385.171,4783.465,10150.919,19146.982,31787.106,America/Los_Angeles,34.03202,-118.52633,86.0,62.02268600463867,,,,,,,,,0.0,0.0,0.0,36.0,0.0,0.0,0.6,,,,,,,,,,,,,,,,
2026-10-04T07:00,deterministic,best_match,73.7,52,55.0,74.1,62.1,1005.6,995.7,79199.48,0,0,0,0,0,2,0.0,0.0,0.0,0.0,2.8,315,2.9,0.0,0.0,0.0,1,0.0,12.9,0.0,18175.854,49.213,12.8,0.0,0.002,1.36,0.0,0.0,0.0,0.0,1.0,0.0,0.0,0.0,0.0,24.8,34,20,6,1,6,0,0,0,0,0,2391.733,4793.307,10160.762,19160.106,31797.69,America/Los_Angeles,34.03202,-118.52633,86.0,62.02268600463867,,,0.0,0.0,,,,,0.0,0.0,0.0,34.0,0.0,0.0,0.75,,,,,,,,,,,,,,,,
2026-10-04T08:00,deterministic,best_match,75.2,48,54.2,74.9,62.3,1005.8,995.9,79199.48,0,0,0,0,0,2,0.0,0.0,0.0,0.0,3.6,313,4.0,0.55,0.55,3600.0,1,0.0,12.9,0.0,18241.47,196.85,12.6,0.0,0.003,1.55,87.0,60.0,27.0,437.1,170.3,159.7,110.1,49.5,802.2,313.3,33,19,7,1,6,0,0,0,0,0,2401.575,4803.15,10173.885,19173.228,31813.564,America/Los_Angeles,34.03202,-118.52633,86.0,62.02268600463867,1.0,0.0,0.5108631826189077,0.5097350781998085,0.6896551724137931,0.3103448275862069,0.6894176581089543,0.3099561678146525,1.0,0.0,0.09999999999999432,33.0,0.0,63.0,1.0,,,,,,,,,,,,,,,,
2026-10-04T09:00,deterministic,best_match,78.0,43,53.7,77.9,63.2,1005.9,996.1,79199.48,0,0,0,0,0,1,0.0,0.0,0.0,0.0,2.8,288,4.0,2.0,2.0,3600.0,1,0.0,12.3,0.0,18175.854,574.147,12.3,0.0,0.008,1.86,301.0,252.0,49.0,768.4,447.6,387.3,324.3,63.1,988.7,576.3,33,17,7,1,6,0,0,0,0,0,2404.856,4806.431,10183.728,19183.07,31824.146,America/Los_Angeles,34.03202,-118.52633,86.0,62.02268600463867,1.0,0.0,0.6724754244861483,0.6720458094742322,0.8372093023255814,0.16279069767441862,0.8373353989155693,0.16292279886392977,1.0,0.0,-0.10000000000002274,33.0,0.0,76.1,1.0,,,,,,,,,,,,,,,,
2026-10-04T10:00,deterministic,best_match,81.4,38,53.4,81.3,64.4,1005.9,996.1,79199.48,0,0,0,0,0,1,0.0,0.0,0.0,0.0,2.7,235,3.8,3.45,3.45,3600.0,1,0.0,11.3,0.0,18077.428,1082.677,11.9,0.0,0.014,2.27,500.0,436.0,64.0,862.8,690.3,576.3,502.6,73.8,994.5,795.9,33,14,7,1,6,0,0,0,0,0,2404.856,4812.992,10196.851,19196.196,31834.73,America/Los_Angeles,34.03202,-118.52633,86.0,62.02268600463867,1.0,0.0,0.7243227582210634,0.7240859404447795,0.872,0.128,0.8721152177685234,0.12805830296720458,1.0,0.0,-0.10000000000002274,33.0,0.0,84.7,1.0,,,,,,,,,,,,,,,,
2026-10-04T11:00,deterministic,best_match,84.0,34,52.6,84.3,65.1,1005.7,996.0,79199.48,0,0,0,0,0,0,0.0,0.0,0.0,0.0,4.2,212,3.8,4.8,4.8,3600.0,1,0.0,10.5,0.0,18011.81,1525.591,11.4,0.0,0.019,2.63,662.0,590.0,72.0,914.4,881.8,718.4,640.3,78.1,992.3,957.1,32,12,7,1,6,0,0,0,0,0,2408.137,4816.273,10206.693,19206.038,31845.312,America/Los_Angeles,34.03202,-118.52633,86.0,62.02268600463867,1.0,0.0,0.7507371286005897,0.7506007731689478,0.8912386706948641,0.10876132930513595,0.8912861915367483,0.10871380846325167,1.0,0.0,0.0,32.0,0.0,92.3,1.0,,,,,,,,,,,,,,,,
2026-10-04T12:00,deterministic,best_match,85.1,32,51.9,85.9,65.2,1005.2,995.5,79199.48,0,0,0,0,0,0,0.0,0.0,0.0,0.0,5.3,213,4.5,6.1,6.1,3600.0,1,0.0,10.3,0.0,18011.81,1870.079,10.6,0.0,0.023,2.8,784.0,711.0,73.0,963.3,1009.1,814.9,739.0,75.9,1001.3,1048.9,28,10,7,1,6,0,0,0,0,0,2391.733,4806.431,10203.412,19202.756,31845.312,America/Los_Angeles,34.03202,-118.52633,86.0,62.02268600463867,1.0,0.0,0.77692993756813,0.7769091429116216,0.9068877551020408,0.09311224489795919,0.9068597373910909,0.09314026260890908,1.0,0.0,0.0,28.0,0.0,99.0,1.0,,,,,,,,,,,,,,,,
2026-10-04T13:00,deterministic,best_match,85.3,30,50.3,85.6,64.5,1004.5,994.8,79199.48,0,0,0,0,0,0,0.0,0.0,0.0,0.0,6.4,219,5.4,6.5,6.5,3600.0,1,0.0,10.3,0.0,17979.002,2148.95,9.6,0.0,0.025,2.9,832.0,756.0,76.0,972.3,1063.3,833.2,757.1,76.1,973.8,1065.0,21,8,8,3,4,0,0,0,0,0,2378.609,4796.588,10200.131,19202.756,31840.024,America/Los_Angeles,34.03202,-118.52633,86.0,62.02268600463867,1.0,0.0,0.7824696698956081,0.7823474178403756,0.9086538461538461,0.09134615384615384,0.9086653864618339,0.09133461353816609,1.0,0.0,0.0,21.0,0.0,99.1,1.0,,,,,,,,,,,,,,,,
2026-10-04T14:00,deterministic,best_match,85.3,30,50.3,85.0,64.5,1003.8,994.1,79199.48,0,0,0,0,0,0,0.0,0.0,0.0,0.0,7.1,221,6.5,6.15,6.15,3600.0,1,0.0,10.1,0.0,17979.002,2198.163,9.2,0.0,0.025,2.9,811.0,734.0,77.0,964.6,1040.9,782.4,708.1,74.3,930.6,1004.3,17,8,8,3,4,0,0,0,0,0,2362.205,4786.746,10196.851,19199.474,31840.024,America/Los_Angeles,34.03202,-118.52633,86.0,62.02268600463867,1.0,0.0,0.779133442213469,0.779050084636065,0.905055487053021,0.09494451294697903,0.9050357873210635,0.09496421267893661,1.0,0.0,0.0,17.0,0.0,99.0,1.0,,,,,,,,,,,,,,,,
2026-10-04T15:00,deterministic,best_match,85.4,31,51.3,84.3,65.0,1003.2,993.5,79199.48,0,0,0,0,0,0,0.0,0.0,0.0,0.0,7.6,220,7.8,5.0,5.0,3600.0,1,0.0,9.5,0.0,18044.62,1902.887,9.8,0.0,0.023,2.87,726.0,657.0,69.0,953.0,943.3,670.2,606.5,63.7,879.8,871.0,15,10,8,3,4,0,0,0,0,0,2352.362,4780.184,10193.569,19199.474,31840.024,America/Los_Angeles,34.03202,-118.52633,86.0,62.02268600463867,1.0,0.0,0.7696385031273191,0.7694603903559128,0.9049586776859504,0.09504132231404959,0.9049537451507013,0.09504625484929871,1.0,0.0,0.0,15.0,0.0,93.8,1.0,,,,,,,,,,,,,,,,
2026-10-04T16:00,deterministic,best_match,85.2,34,53.7,83.2,66.0,1002.6,992.9,79199.48,0,0,0,0,0,0,0.0,0.0,0.0,0.0,8.0,218,9.2,3.75,3.75,3600.0,1,0.0,8.7,0.0,18077.428,1377.953,11.0,0.0,0.019,2.73,582.0,515.0,67.0,907.1,777.1,504.6,446.5,58.1,786.5,674.0,15,13,7,3,6,0,0,0,0,0,2339.239,4773.622,10193.569,19202.756,31840.024,America/Los_Angeles,34.03202,-118.52633,86.0,62.02268600463867,1.0,0.0,0.748938360571355,0.7486646884272997,0.8848797250859106,0.11512027491408934,0.8848592944906857,0.11514070550931431,1.0,0.0,0.0,15.0,0.0,85.5,1.0,,,,,,,,,,,,,,,,
2026-10-04T17:00,deterministic,best_match,85.0,36,55.1,83.5,66.6,1002.3,992.6,79199.48,0,0,0,0,0,0,0.0,0.0,0.0,0.0,7.2,216,9.6,2.3,2.3,3600.0,1,0.0,8.1,0.0,18143.044,918.635,11.9,0.0,0.014,2.63,393.0,336.0,57.0,831.1,553.8,302.7,258.8,43.9,640.1,426.8,16,16,7,3,8,0,0,0,0,0,2329.396,4767.061,10190.289,19202.756,31840.024,America/Los_Angeles,34.03202,-118.52633,86.0,62.02268600463867,1.0,0.0,0.7096424702058506,0.7092314901593252,0.8549618320610687,0.1450381679389313,0.8549719193921375,0.14502808060786257,1.0,0.0,0.0,16.0,0.0,73.7,1.0,,,,,,,,,,,,,,,,
2026-10-04T18:00,deterministic,best_match,84.8,36,54.9,84.4,66.4,1002.3,992.6,79199.48,0,0,0,0,0,1,0.0,0.0,0.0,0.0,4.5,213,8.1,0.9,0.9,3600.0,1,0.0,8.1,0.0,18044.62,590.551,12.1,0.0,0.006,2.61,174.0,132.0,42.0,628.0,288.4,88.0,66.7,21.2,317.5,146.3,18,17,7,3,12,0,0,0,0,0,2339.239,4773.622,10200.131,19212.598,31850.606,America/Los_Angeles,34.03202,-118.52633,86.0,62.02268600463867,1.0,0.0,0.6033287101248267,0.6015037593984962,0.7586206896551724,0.2413793103448276,0.7579545454545454,0.2409090909090909,1.0,0.0,0.09999999999999432,18.0,0.0,55.9,1.0,,,,,,,,,,,,,,,,
2026-10-04T19:00,deterministic,best_match,84.5,35,53.9,85.3,65.9,1002.6,992.9,79199.48,0,0,0,0,0,1,0.0,0.0,0.0,0.0,1.1,169,5.4,0.05,0.05,1620.75,0,0.0,8.3,0.0,17979.002,311.68,12.0,0.0,0.001,2.63,12.0,9.0,3.0,120.6,36.4,0.0,0.0,0.0,0.0,0.0,20,17,7,1,18,0,0,0,0,0,2345.801,4783.465,10209.974,19222.442,31866.48,America/Los_Angeles,34.03202,-118.52633,86.0,62.02268600463867,1.0,0.0,0.32967032967032966,,0.75,0.25,,,0.4502083333333333,0.0,0.0,20.0,0.0,33.4,1.0,,,,,,,,,,,,,,,,
2026-10-04T20:00,deterministic,best_match,83.9,36,54.1,84.3,65.7,1002.9,993.2,79199.48,0,0,0,0,0,2,0.0,0.0,0.0,0.0,2.1,72,3.6,0.0,0.0,0.0,0,0.0,8.4,0.0,17880.578,131.234,12.2,0.0,0.001,2.54,0.0,0.0,0.0,0.0,0.0,0.0,0.0,0.0,0.0,0.0,22,17,7,1,22,0,0,0,0,0,2355.643,4790.027,10219.816,19232.284,31877.064,America/Los_Angeles,34.03202,-118.52633,86.0,62.02268600463867,,,,,,,,,0.0,0.0,0.0,22.0,0.0,0.0,0.6,,,,,,,,,,,,,,,,
2026-10-04T21:00,deterministic,best_match,82.6,39,55.1,83.0,65.7,1003.3,993.6,79199.48,0,0,0,0,0,2,0.0,0.0,0.0,0.0,2.7,85,3.4,0.0,0.0,0.0,0,0.0,8.3,0.0,17847.77,114.829,12.9,0.0,0.001,2.32,0.0,0.0,0.0,0.0,0.0,0.0,0.0,0.0,0.0,0.0,23,15,6,1,26,0,0,0,0,0,2365.486,4799.869,10229.659,19238.846,31877.064,America/Los_Angeles,34.03202,-118.52633,86.0,62.02268600463867,,,,,,,,,0.0,0.0,0.0,26.0,0.0,0.0,0.6,,,,,,,,,,,,,,,,
2026-10-04T22:00,deterministic,best_match,80.8,43,56.2,81.5,65.5,1003.9,994.1,79199.48,0,0,0,0,0,3,0.0,0.0,0.0,0.0,3.0,117,3.6,0.0,0.0,0.0,0,0.0,8.1,0.0,17847.77,180.446,13.9,0.0,0.001,2.04,0.0,0.0,0.0,0.0,0.0,0.0,0.0,0.0,0.0,0.0,23,13,4,3,28,0,0,0,0,0,2372.047,4806.431,10239.501,19245.406,31877.064,America/Los_Angeles,34.03202,-118.52633,86.0,62.02268600463867,,,,,,,,,0.0,0.0,0.0,28.0,0.0,0.0,0.6,,,,,,,,,,,,,,,,
2026-10-04T23:00,deterministic,best_match,79.2,47,57.3,80.2,65.4,1004.3,994.5,79199.48,0,0,0,0,0,3,0.0,0.0,0.0,0.0,3.3,132,3.8,0.0,0.0,0.0,0,0.0,8.0,0.0,17814.96,229.659,15.1,0.0,0.002,1.81,0.0,0.0,0.0,0.0,0.0,0.0,0.0,0.0,0.0,0.0,22,12,6,3,30,0,0,0,0,0,2381.89,4816.273,10249.344,19251.968,31877.064,America/Los_Angeles,34.03202,-118.52633,86.0,62.02268600463867,,,,,,,,,0.0,0.0,0.0,30.0,0.0,0.0,0.6,,,,,,,,,,,,,,,,
2026-10-05T00:00,deterministic,best_match,78.2,49,57.5,79.5,65.2,1004.5,994.7,79199.48,0,0,0,0,0,3,0.0,0.0,0.0,0.0,2.8,135,3.1,0.0,0.0,0.0,0,0.0,8.0,0.0,17814.96,196.85,16.6,0.0,0.001,1.68,0.0,0.0,0.0,0.0,0.0,0.0,0.0,0.0,0.0,0.0,20,13,9,3,30,0,0,0,0,0,2381.89,4816.273,10246.063,19245.406,31866.48,America/Los_Angeles,34.03202,-118.52633,86.0,62.02268600463867,,,,,,,,,0.0,0.0,0.0,30.0,0.0,0.0,0.6,,,,,,,,,,,,,,,,
2026-10-05T01:00,deterministic,best_match,77.6,51,58.1,79.5,65.2,1004.6,994.8,79199.48,0,0,0,0,0,3,0.0,0.0,0.0,0.0,1.7,130,2.2,0.0,0.0,0.0,0,0.0,8.0,0.0,17847.77,114.829,18.4,0.0,0.0,1.58,0.0,0.0,0.0,0.0,0.0,0.0,0.0,0.0,0.0,0.0,18,16,12,3,30,0,0,0,0,0,2385.171,4812.992,10239.501,19242.126,31855.898,America/Los_Angeles,34.03202,-118.52633,86.0,62.02268600463867,,,,,,,,,0.0,0.0,0.0,30.0,0.0,0.0,0.6,,,,,,,,,,,,,,,,
2026-10-05T02:00,deterministic,best_match,77.2,52,58.2,79.4,65.1,1004.7,994.9,79199.48,0,0,0,0,0,3,0.0,0.0,0.0,0.0,1.1,127,1.6,0.0,0.0,0.0,0,0.0,8.1,0.0,17847.77,65.617,20.0,0.0,0.0,1.53,0.0,0.0,0.0,0.0,0.0,0.0,0.0,0.0,0.0,0.0,17,19,18,3,30,0,0,0,0,0,2385.171,4812.992,10236.221,19235.564,31845.312,America/Los_Angeles,34.03202,-118.52633,86.0,62.02268600463867,,,,,,,,,0.0,0.0,0.0,30.0,0.0,0.0,0.6,,,,,,,,,,,,,,,,
2026-10-05T03:00,deterministic,best_match,76.8,52,57.9,78.8,64.8,1004.7,994.9,79199.48,0,0,0,0,0,3,0.0,0.0,0.0,0.0,1.3,149,1.8,0.0,0.0,0.0,0,0.0,8.3,0.0,17814.96,32.808,21.5,0.0,0.0,1.51,0.0,0.0,0.0,0.0,0.0,0.0,0.0,0.0,0.0,0.0,18,21,23,3,28,0,0,0,0,0,2385.171,4812.992,10236.221,19232.284,31834.73,America/Los_Angeles,34.03202,-118.52633,86.0,62.02268600463867,,,,,,,,,0.0,0.0,0.0,28.0,0.0,0.0,0.6,,,,,,,,,,,,,,,,
2026-10-05T04:00,deterministic,best_match,76.7,51,57.2,78.4,64.4,1004.7,994.9,79199.48,0,0,0,0,0,3,0.0,0.0,0.0,0.0,1.6,164,2.2,0.0,0.0,0.0,0,0.0,8.5,0.0,17782.152,32.808,22.8,0.0,0.0,1.54,0.0,0.0,0.0,0.0,0.0,0.0,0.0,0.0,0.0,0.0,20,24,30,3,26,0,0,0,0,0,2388.452,4816.273,10236.221,19229.002,31818.854,America/Los_Angeles,34.03202,-118.52633,86.0,62.02268600463867,,,,,,,,,0.0,0.0,0.0,30.0,0.0,0.0,0.6,,,,,,,,,,,,,,,,
2026-10-05T05:00,deterministic,best_match,76.8,50,56.8,78.1,64.2,1004.8,995.0,79199.48,0,0,0,0,0,3,0.0,0.0,0.0,0.0,2.1,167,2.5,0.0,0.0,0.0,0,0.0,8.7,0.0,17749.344,32.808,24.1,0.0,0.001,1.57,0.0,0.0,0.0,0.0,0.0,0.0,0.0,0.0,0.0,0.0,21,27,37,3,24,0,0,0,0,0,2388.452,4816.273,10236.221,19225.722,31808.272,America/Los_Angeles,34.03202,-118.52633,86.0,62.02268600463867,,,,,,,,,0.0,0.0,0.0,37.0,0.0,0.0,0.6,,,,,,,,,,,,,,,,
2026-10-05T06:00,deterministic,best_match,77.2,49,56.5,78.5,64.3,1005.2,995.4,79199.48,0,0,0,0,0,4,0.0,0.0,0.0,0.0,1.7,157,2.2,0.0,0.0,0.0,0,0.0,8.9,0.0,17716.536,16.404,25.2,0.0,0.0,1.62,0.0,0.0,0.0,0.0,0.0,0.0,0.0,0.0,0.0,0.0,22,30,43,3,20,0,0,0,0,0,2401.575,4829.397,10246.063,19232.284,31813.564,America/Los_Angeles,34.03202,-118.52633,86.0,62.02268600463867,,,,,,,,,0.0,0.0,0.0,43.0,0.0,0.0,0.6,,,,,,,,,,,,,,,,
2026-10-05T07:00,deterministic,best_match,77.8,47,56.0,79.1,64.2,1005.8,996.0,79199.48,0,0,0,0,0,6,0.0,0.0,0.0,0.0,1.3,121,2.0,0.0,0.0,0.0,1,0.0,9.2,0.0,17650.918,32.808,26.2,0.0,0.001,1.72,0.0,0.0,0.0,0.0,0.8,0.0,0.0,0.0,0.0,21.1,22,34,50,4,14,0,0,0,0,0,2414.698,4839.239,10259.187,19238.846,31824.146,America/Los_Angeles,34.03202,-118.52633,86.0,62.02268600463867,,,0.0,0.0,,,,,0.0,0.0,0.0,50.0,0.0,0.0,0.75,,,,,,,,,,,,,,,,
2026-10-05T08:00,deterministic,best_match,79.0,44,55.2,79.9,64.3,1006.3,996.5,79199.48,0,0,0,0,0,7,0.0,0.0,0.0,0.0,1.6,106,2.0,0.5,0.5,3600.0,1,0.0,9.3,0.0,17618.112,147.638,27.2,0.0,0.002,1.89,78.0,51.0,27.0,375.6,166.6,144.6,94.5,50.0,696.0,309.5,22,38,57,4,10,0,0,0,0,0,2427.822,4852.363,10269.029,19245.406,31829.44,America/Los_Angeles,34.03202,-118.52633,86.0,62.02268600463867,1.0,0.0,0.468187274909964,0.46720516962843295,0.6538461538461539,0.34615384615384615,0.6535269709543569,0.3457814661134163,1.0,0.0,0.09999999999999432,57.0,0.0,58.1,1.0,,,,,,,,,,,,,,,,
2026-10-05T09:00,deterministic,best_match,81.1,40,54.5,81.6,64.8,1006.8,997.0,79199.48,0,0,0,0,0,8,0.0,0.0,0.0,0.0,2.3,119,2.5,2.0,2.0,3600.0,1,0.0,9.3,0.0,17618.112,492.126,28.2,0.0,0.008,2.18,284.0,233.0,51.0,716.9,443.8,366.1,300.3,65.7,924.2,572.4,22,42,64,4,10,0,0,0,0,0,2440.945,4865.486,10282.152,19255.25,31840.024,America/Los_Angeles,34.03202,-118.52633,86.0,62.02268600463867,1.0,0.0,0.6399278954484001,0.6395877009084557,0.8204225352112676,0.1795774647887324,0.8202676864244741,0.17945916416279706,1.0,0.0,0.10000000000002274,64.0,0.0,74.1,1.0,,,,,,,,,,,,,,,,
2026-10-05T10:00,deterministic,best_match,83.8,36,54.0,83.7,65.6,1007.2,997.5,79199.48,0,0,0,0,0,9,0.0,0.0,0.0,0.0,3.3,138,3.4,3.45,3.45,3600.0,1,0.0,9.1,0.0,17585.302,951.444,29.0,0.0,0.014,2.53,475.0,409.0,66.0,814.6,686.3,547.9,471.7,76.1,939.5,791.8,23,46,72,4,12,0,0,0,0,0,2450.787,4878.609,10295.275,19265.092,31850.606,America/Los_Angeles,34.03202,-118.52633,86.0,62.02268600463867,1.0,0.0,0.6921171499344311,0.6919676686031826,0.8610526315789474,0.13894736842105262,0.8609235261909107,0.138893958751597,1.0,0.0,0.10000000000002274,72.0,0.0,82.5,1.0,,,,,,,,,,,,,,,,
2026-10-05T11:00,deterministic,best_match,86.0,32,52.7,86.0,65.8,1007.4,997.7,79199.48,0,0,0,0,0,10,0.0,0.0,0.0,0.0,4.0,153,4.0,4.8,4.8,3600.0,1,0.0,8.9,0.0,17585.302,1295.932,29.7,0.0,0.019,2.88,630.0,555.0,75.0,864.9,877.5,683.8,602.4,81.4,938.8,952.6,23,50,76,4,12,0,0,0,0,0,2463.911,4891.733,10308.399,19274.934,31861.188,America/Los_Angeles,34.03202,-118.52633,86.0,62.02268600463867,1.0,0.0,0.717948717948718,0.7178249002729371,0.8809523809523809,0.11904761904761904,0.8809593448376719,0.11904065516232819,1.0,0.0,0.0,76.0,0.0,89.8,1.0,,,,,,,,,,,,,,,,
2026-10-05T12:00,deterministic,best_match,87.2,30,52.0,88.0,65.9,1007.1,997.4,79199.48,0,0,0,0,0,11,0.0,0.0,0.0,0.0,4.5,177,4.5,6.1,6.1,3600.0,1,0.0,8.5,0.0,17519.686,1459.974,30.0,0.0,0.022,3.08,743.0,667.0,76.0,908.4,1004.4,772.3,693.3,79.0,944.2,1044.1,23,53,70,4,12,0,0,0,0,0,2454.068,4885.171,10305.118,19274.934,31861.188,America/Los_Angeles,34.03202,-118.52633,86.0,62.02268600463867,1.0,0.0,0.7397451214655516,0.7396801072694187,0.8977119784656796,0.10228802153432032,0.8977081445034313,0.1022918554965687,1.0,0.0,0.0,70.0,0.0,96.2,1.0,,,,,,,,,,,,,,,,
2026-10-05T13:00,deterministic,best_match,87.9,29,51.7,88.5,66.1,1006.5,996.8,79199.48,0,0,0,0,0,11,0.0,0.0,0.0,0.0,5.5,201,4.9,6.4,6.4,3600.0,1,0.0,8.1,0.0,17486.876,1509.186,30.1,0.0,0.024,3.2,786.0,707.0,79.0,914.2,1058.3,787.0,707.9,79.1,915.4,1059.8,23,56,61,4,10,0,0,0,0,0,2444.226,4875.328,10305.118,19271.654,31855.898,America/Los_Angeles,34.03202,-118.52633,86.0,62.02268600463867,1.0,0.0,0.742700557497874,0.7425929420645405,0.8994910941475827,0.1005089058524173,0.8994917407878017,0.10050825921219822,1.0,0.0,0.0,61.0,0.0,96.3,1.0,,,,,,,,,,,,,,,,
2026-10-05T14:00,deterministic,best_match,88.0,29,51.7,87.8,66.1,1006.0,996.3,79199.48,0,0,0,0,0,11,0.0,0.0,0.0,0.0,6.8,214,5.6,6.1,6.1,3600.0,1,0.0,8.0,0.0,17421.26,1492.782,30.2,0.0,0.024,3.21,764.0,684.0,80.0,904.1,1035.4,736.8,659.6,77.2,872.0,998.7,24,58,54,4,10,0,0,0,0,0,2434.383,4868.767,10301.837,19271.654,31855.898,America/Los_Angeles,34.03202,-118.52633,86.0,62.02268600463867,1.0,0.0,0.7378790805485802,0.7377590868128566,0.8952879581151832,0.10471204188481675,0.8952225841476656,0.10477741585233442,1.0,0.0,-1.1368683772161603e-13,58.0,0.0,96.2,1.0,,,,,,,,,,,,,,,,
2026-10-05T15:00,deterministic,best_match,87.5,28,50.4,85.9,65.4,1005.7,996.0,79199.48,0,0,0,0,0,11,0.0,0.0,0.0,0.0,7.2,219,6.7,4.95,4.95,3600.0,1,0.0,8.4,0.0,17454.068,1361.549,30.4,0.0,0.022,3.21,679.0,607.0,72.0,886.5,937.5,626.4,560.0,66.4,817.8,865.0,26,58,56,4,10,0,0,0,0,0,2431.102,4865.486,10301.837,19271.654,31861.188,America/Los_Angeles,34.03202,-118.52633,86.0,62.02268600463867,1.0,0.0,0.7242666666666666,0.7241618497109826,0.8939617083946981,0.10603829160530191,0.8939974457215837,0.10600255427841636,1.0,0.0,0.0,58.0,0.0,89.9,1.0,,,,,,,,,,,,,,,,
2026-10-05T16:00,deterministic,best_match,86.5,28,49.6,83.5,64.6,1005.5,995.8,79199.48,0,0,0,0,0,11,0.0,0.0,0.0,0.0,7.0,220,8.1,3.7,3.7,3600.0,1,0.0,9.1,0.0,17519.686,1164.698,30.6,0.0,0.018,3.11,542.0,472.0,70.0,838.5,771.0,469.3,408.7,60.6,725.9,667.7,28,57,60,3,8,0,0,0,0,0,2424.541,4862.205,10301.837,19271.654,31871.772,America/Los_Angeles,34.03202,-118.52633,86.0,62.02268600463867,1.0,0.0,0.7029831387808041,0.7028605661225101,0.8708487084870848,0.12915129151291513,0.8708715107607073,0.12912848923929257,1.0,0.0,0.0,60.0,0.0,80.8,1.0,,,,,,,,,,,,,,,,
2026-10-05T17:00,deterministic,best_match,85.3,29,49.4,82.4,64.1,1005.6,995.9,79199.48,0,0,0,0,0,10,0.0,0.0,0.0,0.0,6.5,221,8.7,2.3,2.3,3600.0,1,0.0,9.6,0.0,17552.494,951.444,30.6,0.0,0.013,2.94,363.0,304.0,59.0,761.1,547.4,278.6,233.3,45.3,584.1,420.4,29,56,62,3,8,0,0,0,0,0,2421.26,4858.924,10301.837,19271.654,31877.064,America/Los_Angeles,34.03202,-118.52633,86.0,62.02268600463867,1.0,0.0,0.6631348191450493,0.6627021883920077,0.837465564738292,0.162534435261708,0.8374012921751615,0.16259870782483846,1.0,0.0,0.0,62.0,0.0,69.6,1.0,,,,,,,,,,,,,,,,
2026-10-05T18:00,deterministic,best_match,83.7,31,49.9,81.2,63.7,1006.1,996.4,79199.48,0,0,0,0,0,9,0.0,0.0,0.0,0.0,5.9,220,8.1,0.9,0.9,3600.0,1,0.0,9.9,0.0,17650.918,754.593,30.2,0.0,0.007,2.72,158.0,116.0,42.0,565.0,281.9,78.0,57.3,20.7,279.0,139.7,28,56,61,3,8,0,0,0,0,0,2437.664,4872.048,10314.961,19281.496,31892.94,America/Los_Angeles,34.03202,-118.52633,86.0,62.02268600463867,1.0,0.0,0.5604824405817667,0.5583392984967789,0.7341772151898734,0.26582278481012656,0.7346153846153846,0.2653846153846154,1.0,0.0,0.0,61.0,0.0,52.5,1.0,,,,,,,,,,,,,,,,
2026-10-05T19:00,deterministic,best_match,82.0,35,51.7,80.4,63.9,1006.8,997.0,79199.48,0,0,0,0,0,8,0.0,0.0,0.0,0.0,5.0,216,6.5,0.05,0.05,1104.6,0,0.0,10.0,0.0,17749.344,574.147,29.6,0.0,0.004,2.43,10.0,7.0,3.0,97.0,33.2,0.0,0.0,0.0,0.0,0.0,27,57,58,3,6,0,0,0,0,0,2450.787,4885.171,10324.804,19294.62,31914.104,America/Los_Angeles,34.03202,-118.52633,86.0,62.02268600463867,1.0,0.0,0.3012048192771084,,0.7,0.3,,,0.3068333333333333,0.0,0.0,58.0,0.0,29.7,1.0,,,,,,,,,,,,,,,,
2026-10-05T20:00,deterministic,best_match,80.6,38,52.6,79.7,63.8,1007.5,997.7,79199.48,0,0,0,0,0,7,0.0,0.0,0.0,0.0,4.1,209,5.1,0.0,0.0,0.0,0,0.0,10.1,0.0,17847.77,426.509,29.2,0.0,0.002,2.21,0.0,0.0,0.0,0.0,0.0,0.0,0.0,0.0,0.0,0.0,26,57,57,3,6,0,0,0,0,0,2467.192,4898.294,10337.927,19304.462,31929.98,America/Los_Angeles,34.03202,-118.52633,86.0,62.02268600463867,,,,,,,,,0.0,0.0,0.0,57.0,0.0,0.0,0.6,,,,,,,,,,,,,,,,
2026-10-05T21:00,deterministic,best_match,79.5,41,53.7,79.3,63.8,1008.0,998.2,79199.48,0,0,0,0,0,6,0.0,0.0,0.0,0.0,3.2,205,4.0,0.0,0.0,0.0,0,0.0,10.0,0.0,17847.77,360.892,29.3,0.0,0.002,2.03,0.0,0.0,0.0,0.0,0.0,0.0,0.0,0.0,0.0,0.0,26,57,58,3,6,0,0,0,0,0,2477.034,4908.137,10341.207,19311.024,31935.274,America/Los_Angeles,34.03202,-118.52633,86.0,62.02268600463867,,,,,,,,,0.0,0.0,0.0,58.0,0.0,0.0,0.6,,,,,,,,,,,,,,,,
2026-10-05T22:00,deterministic,best_match,78.8,43,54.4,79.1,63.9,1008.5,998.7,79199.48,0,0,0,0,0,4,0.0,0.0,0.0,0.0,2.5,190,2.7,0.0,0.0,0.0,0,0.0,9.8,0.0,17847.77,328.084,29.6,0.0,0.001,1.91,0.0,0.0,0.0,0.0,0.0,0.0,0.0,0.0,0.0,0.0,26,58,61,3,6,0,0,0,0,0,2490.158,4914.698,10347.77,19320.868,31940.562,America/Los_Angeles,34.03202,-118.52633,86.0,62.02268600463867,,,,,,,,,0.0,0.0,0.0,61.0,0.0,0.0,0.6,,,,,,,,,,,,,,,,
2026-10-05T23:00,deterministic,best_match,78.2,44,54.5,78.9,63.7,1008.8,998.9,79199.48,0,0,0,0,0,3,0.0,0.0,0.0,0.0,1.8,180,1.8,0.0,0.0,0.0,0,0.0,9.8,0.0,17847.77,311.68,29.8,0.0,0.001,1.85,0.0,0.0,0.0,0.0,0.0,0.0,0.0,0.0,0.0,0.0,26,58,62,3,6,0,0,0,0,0,2500.0,4924.541,10351.05,19327.428,31945.856,America/Los_Angeles,34.03202,-118.52633,86.0,62.02268600463867,,,,,,,,,0.0,0.0,0.0,62.0,0.0,0.0,0.6,,,,,,,,,,,,,,,,
