time,temperature_2m__count,temperature_2m__mean,temperature_2m__median,temperature_2m__std,temperature_2m__min,temperature_2m__max,cloud_cover__count,cloud_cover__mean,cloud_cover__median,cloud_cover__std,cloud_cover__min,cloud_cover__max,cloud_cover_low__count,cloud_cover_low__mean,cloud_cover_low__median,cloud_cover_low__std,cloud_cover_low__min,cloud_cover_low__max,cloud_cover_mid__count,cloud_cover_mid__mean,cloud_cover_mid__median,cloud_cover_mid__std,cloud_cover_mid__min,cloud_cover_mid__max,cloud_cover_high__count,cloud_cover_high__mean,cloud_cover_high__median,cloud_cover_high__std,cloud_cover_high__min,cloud_cover_high__max,precipitation_probability__count,precipitation_probability__mean,precipitation_probability__median,precipitation_probability__std,precipitation_probability__min,precipitation_probability__max,shortwave_radiation_instant__count,shortwave_radiation_instant__mean,shortwave_radiation_instant__median,shortwave_radiation_instant__std,shortwave_radiation_instant__min,shortwave_radiation_instant__max,direct_normal_irradiance_instant__count,direct_normal_irradiance_instant__mean,direct_normal_irradiance_instant__median,direct_normal_irradiance_instant__std,direct_normal_irradiance_instant__min,direct_normal_irradiance_instant__max,diffuse_radiation_instant__count,diffuse_radiation_instant__mean,diffuse_radiation_instant__median,diffuse_radiation_instant__std,diffuse_radiation_instant__min,diffuse_radiation_instant__max,sun_score_0_100__count,sun_score_0_100__mean,sun_score_0_100__median,sun_score_0_100__std,sun_score_0_100__min,sun_score_0_100__max,deterministic_agreement_0_100
2026-09-22T00:00,12,65.03333333333332,65.15,3.023042817888601,60.9,69.1,12,2.75,0.0,5.2418768325164535,0.0,18.0,11,1.4545454545454546,0.0,2.252271580588645,0.0,6.0,11,0.0,0.0,0.0,0.0,0.0,11,0.0,0.0,0.0,0.0,0.0,7,0.0,0.0,0.0,0.0,0.0,11,0.0,0.0,0.0,0.0,0.0,11,0.0,0.0,0.0,0.0,0.0,11,0.0,0.0,0.0,0.0,0.0,11,0.0,0.0,0.0,0.0,0.0,86.8
2026-09-22T01:00,12,64.54166666666667,64.85,3.017662651587793,60.4,68.7,12,3.5833333333333335,1.0,4.541892543729748,0.0,12.0,11,3.0,0.0,4.266145801540309,0.0,12.0,11,0.0,0.0,0.0,0.0,0.0,11,0.0,0.0,0.0,0.0,0.0,7,0.0,0.0,0.0,0.0,0.0,11,0.0,0.0,0.0,0.0,0.0,11,0.0,0.0,0.0,0.0,0.0,11,0.0,0.0,0.0,0.0,0.0,11,0.0,0.0,0.0,0.0,0.0,87.3
2026-09-22T02:00,12,64.08333333333333,64.69999999999999,3.0210875023689185,60.0,68.3,12,5.0,1.0,6.105139414683933,0.0,15.0,11,5.454545454545454,4.0,5.922223169784069,0.0,15.0,11,0.0,0.0,0.0,0.0,0.0,11,0.0,0.0,0.0,0.0,0.0,7,0.0,0.0,0.0,0.0,0.0,11,0.0,0.0,0.0,0.0,0.0,11,0.0,0.0,0.0,0.0,0.0,11,0.0,0.0,0.0,0.0,0.0,11,0.0,0.0,0.0,0.0,0.0,86.2
2026-09-22T03:00,12,63.59166666666667,64.55000000000001,3.0031675197223295,59.6,67.8,12,10.416666666666666,1.5,15.692837586464453,0.0,52.0,11,11.0,4.0,16.037456157383563,0.0,52.0,11,0.0,0.0,0.0,0.0,0.0,11,0.0,0.0,0.0,0.0,0.0,7,0.0,0.0,0.0,0.0,0.0,11,0.0,0.0,0.0,0.0,0.0,11,0.0,0.0,0.0,0.0,0.0,11,0.0,0.0,0.0,0.0,0.0,11,0.0,0.0,0.0,0.0,0.0,79.4
2026-09-22T04:00,12,63.25833333333333,64.2,2.957104951970711,59.5,67.4,12,13.583333333333334,5.0,19.138055060929037,0.0,64.0,11,14.454545454545455,7.0,19.27881550491957,0.0,64.0,11,0.0,0.0,0.0,0.0,0.0,11,0.0,0.0,0.0,0.0,0.0,7,0.0,0.0,0.0,0.0,0.0,11,0.0,0.0,0.0,0.0,0.0,11,0.0,0.0,0.0,0.0,0.0,11,0.0,0.0,0.0,0.0,0.0,11,0.0,0.0,0.0,0.0,0.0,77.1
2026-09-22T05:00,12,64.04166666666667,64.7,2.44222638118781,59.2,67.1,12,28.0,19.0,32.937958207956534,0.0,95.0,11,16.636363636363637,21.0,11.935432353063103,0.0,34.0,11,0.0,0.0,0.0,0.0,0.0,11,0.0,0.0,0.0,0.0,0.0,7,0.0,0.0,0.0,0.0,0.0,11,0.0,0.0,0.0,0.0,0.0,11,0.0,0.0,0.0,0.0,0.0,11,0.0,0.0,0.0,0.0,0.0,11,0.0,0.0,0.0,0.0,0.0,68.8
2026-09-22T06:00,12,63.341666666666676,63.75,2.888679576721812,58.5,66.7,12,19.166666666666668,15.0,26.84579985206195,0.0,93.0,11,24.0,23.0,26.370437994087244,0.0,93.0,11,0.0,0.0,0.0,0.0,0.0,11,0.0,0.0,0.0,0.0,0.0,7,0.0,0.0,0.0,0.0,0.0,11,0.0,0.0,0.0,0.0,0.0,11,0.0,0.0,0.0,0.0,0.0,11,0.0,0.0,0.0,0.0,0.0,11,0.0,0.0,0.0,0.0,0.0,71.8
2026-09-22T07:00,12,63.616666666666674,63.650000000000006,3.079206903005241,58.3,67.8,12,25.583333333333332,15.5,35.86960813667732,0.0,100.0,11,33.72727272727273,23.0,34.90584738719548,0.0,100.0,11,0.0,0.0,0.0,0.0,0.0,11,0.0,0.0,0.0,0.0,0.0,7,0.0,0.0,0.0,0.0,0.0,11,14.881818181818181,17.5,12.382311430570482,0.0,40.7,11,15.072727272727274,0.0,49.99058093099322,0.0,165.8,11,14.1,17.5,12.48543151036439,0.0,40.7,11,7.5,8.3,6.352952069707436,0.0,18.5,58.7
2026-09-22T08:00,12,66.05,66.35,2.4167972796469797,61.2,69.4,12,21.416666666666668,9.5,33.88337842266224,0.0,100.0,11,31.90909090909091,21.0,34.38154896293808,0.0,100.0,11,0.0,0.0,0.0,0.0,0.0,11,0.0,0.0,0.0,0.0,0.0,7,0.0,0.0,0.0,0.0,0.0,11,169.46363636363637,167.5,29.60652876401666,130.8,220.4,11,441.58181818181816,394.8,214.99776658459416,199.4,977.3,11,100.23636363636365,111.8,23.691613399144966,56.8,123.9,11,56.127272727272725,57.6,15.454972721366474,34.9,88.4,42.6
2026-09-22T09:00,12,68.94166666666666,68.9,1.331750954968909,67.2,71.2,12,23.25,11.0,30.009468202855277,0.0,92.0,11,32.27272727272727,24.0,30.980932552429433,0.0,92.0,11,0.0,0.0,0.0,0.0,0.0,11,0.0,0.0,0.0,0.0,0.0,7,0.0,0.0,0.0,0.0,0.0,11,349.3636363636364,345.0,54.52565034416871,268.1,419.8,11,565.3,594.3,181.03233965233946,228.2,914.7,11,145.0818181818182,159.9,33.30023477940714,85.9,185.9,11,69.58181818181818,74.4,13.269198783786319,45.2,92.4,48.7
2026-09-22T10:00,12,71.31666666666666,71.25,1.2911118065333105,68.7,73.0,12,18.333333333333332,9.5,22.612680808195506,0.0,71.0,11,19.90909090909091,9.0,22.87118075419171,0.0,71.0,11,0.0,0.0,0.0,0.0,0.0,11,0.0,0.0,0.0,0.0,0.0,7,0.0,0.0,0.0,0.0,0.0,11,511.91818181818184,535.5,94.50591323490629,260.1,610.7,11,630.6999999999999,706.3,203.55106484614615,124.9,925.5,11,170.44545454545457,179.5,30.73012735529625,110.0,204.2,11,75.45454545454545,83.5,18.67310170466405,24.7,94.4,46.3
2026-09-22T11:00,12,73.39166666666667,73.4,2.2496295991414432,69.6,76.9,12,14.416666666666666,11.0,15.512214151396567,0.0,47.0,11,13.454545454545455,8.0,17.066714015085836,0.0,46.0,11,0.0,0.0,0.0,0.0,0.0,11,0.0,0.0,0.0,0.0,0.0,7,0.0,0.0,0.0,0.0,0.0,11,675.6,682.3,56.95961727399508,556.7,750.6,11,714.6272727272728,769.9,139.75935811894018,438.3,902.1,11,186.2727272727273,191.7,43.6056897872076,131.0,256.8,11,84.22727272727273,88.4,8.905401833616596,65.5,95.6,60.0
2026-09-22T12:00,12,74.28333333333335,74.35,2.7603798596745674,69.7,78.2,12,9.333333333333334,6.0,12.455983106584366,0.0,40.0,11,9.818181818181818,7.0,12.99860132335923,0.0,40.0,11,0.0,0.0,0.0,0.0,0.0,11,0.0,0.0,0.0,0.0,0.0,7,0.0,0.0,0.0,0.0,0.0,11,768.4545454545455,784.0,85.77188774460274,530.3,844.4,11,736.9454545454545,768.7,179.74854860964172,277.5,928.5,11,192.6090909090909,202.1,62.45765692924215,97.7,313.6,11,86.51818181818182,89.3,12.135305367547875,53.9,97.0,52.6
2026-09-22T13:00,12,74.59166666666665,74.85,2.482835012031556,69.9,77.3,12,8.166666666666666,1.0,13.058145025812491,0.0,43.0,11,9.0,0.0,13.66747965061591,0.0,43.0,11,0.0,0.0,0.0,0.0,0.0,11,0.0,0.0,0.0,0.0,0.0,7,0.0,0.0,0.0,0.0,0.0,11,770.1909090909089,828.2,144.56715709002137,351.4,862.4,11,691.0363636363637,757.8,233.30862509871884,66.6,887.2,11,200.1909090909091,211.4,63.78574220851325,105.4,296.5,11,82.34545454545454,89.2,22.87257587751601,17.0,97.9,39.5
2026-09-22T14:00,12,74.70833333333333,74.75,1.9104774906876623,72.0,77.8,12,3.6666666666666665,0.5,5.694228870026426,0.0,18.0,11,3.909090909090909,0.0,6.057302129736397,0.0,18.0,11,0.0,0.0,0.0,0.0,0.0,11,0.0,0.0,0.0,0.0,0.0,7,0.0,0.0,0.0,0.0,0.0,11,772.5818181818181,766.7,24.643937111663703,736.7,810.4,11,733.5272727272727,733.9,71.80295385162215,626.6,837.9,11,176.84545454545457,198.4,44.970642949292234,105.7,227.9,11,88.9090909090909,88.5,5.09596988716663,81.2,95.8,79.4
2026-09-22T15:00,12,74.35833333333333,73.9,2.1714922951460798,71.4,78.8,12,5.75,1.0,10.558279818572377,0.0,35.0,11,7.181818181818182,3.0,10.684738478953818,0.0,35.0,11,0.0,0.0,0.0,0.0,0.0,11,0.0,0.0,0.0,0.0,0.0,7,0.0,0.0,0.0,0.0,0.0,11,676.5272727272728,685.3,21.238459968137576,646.1,699.2,11,706.9272727272728,699.9,55.1187643350083,619.1,795.6,11,150.50909090909087,170.6,35.65519469994393,93.1,191.1,11,87.49090909090908,87.4,3.607063776939508,81.7,93.4,77.2
2026-09-22T16:00,12,74.44166666666668,74.05000000000001,2.395624167417575,70.9,79.6,12,7.0,1.0,15.195693169746844,0.0,51.0,11,6.909090909090909,0.0,15.397756625265549,0.0,49.0,11,0.09090909090909091,0.0,0.30151134457776363,0.0,1.0,11,0.0,0.0,0.0,0.0,0.0,7,0.0,0.0,0.0,0.0,0.0,11,518.2818181818182,512.2,18.06968833056167,489.9,555.2,11,616.6999999999999,624.0,52.42535646039992,551.0,726.7,11,132.62727272727273,139.0,24.248096457622847,76.7,156.9,11,81.81818181818181,79.9,3.7317068968015636,77.7,89.6,73.9
2026-09-22T17:00,12,74.66666666666667,74.35,2.6800045228365352,70.6,79.2,12,3.0833333333333335,0.0,9.452833469709525,0.0,33.0,11,3.0,0.0,9.9498743710662,0.0,33.0,11,0.09090909090909091,0.0,0.30151134457776363,0.0,1.0,11,0.0,0.0,0.0,0.0,0.0,7,0.0,0.0,0.0,0.0,0.0,11,334.2181818181818,336.6,18.63227405239726,303.7,375.9,11,508.0727272727272,481.0,56.51994499128763,444.2,616.8,11,98.5181818181818,110.9,22.644682297697102,56.1,118.5,11,74.93636363636364,74.1,3.4124105049869726,71.2,81.4,76.6
2026-09-22T18:00,12,73.18333333333335,73.85,2.529043417195643,68.8,76.6,12,1.5,0.0,3.89638527122488,0.0,13.0,11,1.1818181818181819,0.0,3.919647479510927,0.0,13.0,11,0.0,0.0,0.0,0.0,0.0,11,0.0,0.0,0.0,0.0,0.0,7,0.0,0.0,0.0,0.0,0.0,11,125.35454545454544,127.2,14.891632794046703,93.3,145.6,11,253.48181818181817,230.0,70.0300623758371,154.8,380.5,11,56.699999999999996,65.5,13.608085831592922,31.4,66.0,11,57.22727272727273,56.2,5.6917643853362225,46.7,67.2,80.2
2026-09-22T19:00,12,71.15833333333335,71.5,2.228924866523334,67.1,74.6,12,0.9166666666666666,0.0,1.9752253419585195,0.0,6.0,11,0.5454545454545454,0.0,1.8090680674665818,0.0,6.0,11,0.09090909090909091,0.0,0.30151134457776363,0.0,1.0,11,0.0,0.0,0.0,0.0,0.0,7,0.0,0.0,0.0,0.0,0.0,11,0.0,0.0,0.0,0.0,0.0,11,0.0,0.0,0.0,0.0,0.0,11,0.0,0.0,0.0,0.0,0.0,11,21.28181818181818,17.4,15.629511712258845,0.0,41.5,91.6
2026-09-22T20:00,12,69.75833333333333,69.6,1.7819592553924437,66.8,72.8,12,1.1666666666666667,0.0,2.6227443411030134,0.0,9.0,11,0.36363636363636365,0.0,0.9244162777371753,0.0,3.0,11,0.09090909090909091,0.0,0.30151134457776363,0.0,1.0,11,0.0,0.0,0.0,0.0,0.0,7,0.0,0.0,0.0,0.0,0.0,11,0.0,0.0,0.0,0.0,0.0,11,0.0,0.0,0.0,0.0,0.0,11,0.0,0.0,0.0,0.0,0.0,11,0.0,0.0,0.0,0.0,0.0,92.6
2026-09-22T21:00,12,68.35000000000001,68.45,1.697859615141156,66.2,71.6,12,1.75,0.0,3.840572873934304,0.0,13.0,11,0.6363636363636364,0.0,1.5666989036012806,0.0,5.0,11,0.09090909090909091,0.0,0.30151134457776363,0.0,1.0,11,0.0,0.0,0.0,0.0,0.0,7,0.0,0.0,0.0,0.0,0.0,11,0.0,0.0,0.0,0.0,0.0,11,0.0,0.0,0.0,0.0,0.0,11,0.0,0.0,0.0,0.0,0.0,11,0.0,0.0,0.0,0.0,0.0,92.0
2026-09-22T22:00,12,67.11666666666667,67.3,1.83839521586001,64.2,70.5,12,2.4166666666666665,0.0,5.0893531171962465,0.0,15.0,11,1.2727272727272727,0.0,3.349355433241121,0.0,11.0,11,0.0,0.0,0.0,0.0,0.0,11,0.0,0.0,0.0,0.0,0.0,7,0.0,0.0,0.0,0.0,0.0,11,0.0,0.0,0.0,0.0,0.0,11,0.0,0.0,0.0,0.0,0.0,11,0.0,0.0,0.0,0.0,0.0,11,0.0,0.0,0.0,0.0,0.0,90.6
2026-09-22T23:00,12,66.19166666666668,66.44999999999999,2.163523360940049,62.7,70.3,12,4.25,0.0,8.324389139477717,0.0,23.0,11,2.8181818181818183,0.0,7.011678569617718,0.0,23.0,11,0.0,0.0,0.0,0.0,0.0,11,0.0,0.0,0.0,0.0,0.0,7,0.0,0.0,0.0,0.0,0.0,11,0.0,0.0,0.0,0.0,0.0,11,0.0,0.0,0.0,0.0,0.0,11,0.0,0.0,0.0,0.0,0.0,11,0.0,0.0,0.0,0.0,0.0,87.3
2026-09-23T00:00,12,65.59166666666668,65.5,2.317701970539444,62.2,70.3,12,5.5,0.0,9.940733464799356,0.0,32.0,11,4.363636363636363,0.0,9.69817227391561,0.0,32.0,11,0.0,0.0,0.0,0.0,0.0,11,0.0,0.0,0.0,0.0,0.0,7,0.0,0.0,0.0,0.0,0.0,11,0.0,0.0,0.0,0.0,0.0,11,0.0,0.0,0.0,0.0,0.0,11,0.0,0.0,0.0,0.0,0.0,11,0.0,0.0,0.0,0.0,0.0,85.7
2026-09-23T01:00,12,65.00000000000001,64.55,2.5775252401550524,61.7,70.3,12,5.75,0.0,8.874119674649425,0.0,25.0,11,4.090909090909091,0.0,6.759505092157938,0.0,18.0,11,0.0,0.0,0.0,0.0,0.0,11,0.0,0.0,0.0,0.0,0.0,7,0.0,0.0,0.0,0.0,0.0,11,0.0,0.0,0.0,0.0,0.0,11,0.0,0.0,0.0,0.0,0.0,11,0.0,0.0,0.0,0.0,0.0,11,0.0,0.0,0.0,0.0,0.0,85.6
2026-09-23T02:00,12,64.50833333333334,63.6,2.7124153387151018,61.6,70.1,12,5.666666666666667,0.0,8.293845838203094,0.0,20.0,11,4.545454545454546,0.0,7.4748061695757215,0.0,20.0,11,0.0,0.0,0.0,0.0,0.0,11,0.0,0.0,0.0,0.0,0.0,7,0.0,0.0,0.0,0.0,0.0,11,0.0,0.0,0.0,0.0,0.0,11,0.0,0.0,0.0,0.0,0.0,11,0.0,0.0,0.0,0.0,0.0,11,0.0,0.0,0.0,0.0,0.0,85.6
2026-09-23T03:00,12,64.14999999999999,62.849999999999994,2.8735470636954488,61.5,70.0,12,6.25,0.0,9.854625125474655,0.0,28.0,11,4.818181818181818,0.0,8.658154327778893,0.0,27.0,11,0.0,0.0,0.0,0.0,0.0,11,0.0,0.0,0.0,0.0,0.0,7,0.0,0.0,0.0,0.0,0.0,11,0.0,0.0,0.0,0.0,0.0,11,0.0,0.0,0.0,0.0,0.0,11,0.0,0.0,0.0,0.0,0.0,11,0.0,0.0,0.0,0.0,0.0,84.0
2026-09-23T04:00,12,63.708333333333336,62.6,2.9015539201460916,60.9,69.8,12,9.0,2.0,12.030264865216921,0.0,33.0,11,7.545454545454546,0.0,11.21038479592593,0.0,32.0,11,0.0,0.0,0.0,0.0,0.0,11,0.0,0.0,0.0,0.0,0.0,7,0.0,0.0,0.0,0.0,0.0,11,0.0,0.0,0.0,0.0,0.0,11,0.0,0.0,0.0,0.0,0.0,11,0.0,0.0,0.0,0.0,0.0,11,0.0,0.0,0.0,0.0,0.0,82.3
2026-09-23T05:00,12,63.658333333333324,62.55,2.8461962921297834,60.9,69.4,12,11.666666666666666,2.0,15.686319073020478,0.0,39.0,11,10.272727272727273,0.0,15.453743294690184,0.0,39.0,11,0.0,0.0,0.0,0.0,0.0,11,0.0,0.0,0.0,0.0,0.0,7,0.0,0.0,0.0,0.0,0.0,11,0.0,0.0,0.0,0.0,0.0,11,0.0,0.0,0.0,0.0,0.0,11,0.0,0.0,0.0,0.0,0.0,11,0.0,0.0,0.0,0.0,0.0,79.9
2026-09-23T06:00,12,63.90833333333333,64.45,2.980987735430638,60.3,69.6,12,14.916666666666666,10.5,15.65804082330361,0.0,36.0,11,12.363636363636363,0.0,16.31117854278303,0.0,36.0,11,0.0,0.0,0.0,0.0,0.0,11,0.0,0.0,0.0,0.0,0.0,7,0.0,0.0,0.0,0.0,0.0,11,0.0,0.0,0.0,0.0,0.0,11,0.0,0.0,0.0,0.0,0.0,11,0.0,0.0,0.0,0.0,0.0,11,0.0,0.0,0.0,0.0,0.0,79.5
2026-09-23T07:00,12,64.60000000000001,65.6,3.7123871271485394,60.2,70.0,12,13.916666666666666,1.5,17.453618188753524,0.0,42.0,11,13.272727272727273,0.0,18.006059586099948,0.0,42.0,11,0.0,0.0,0.0,0.0,0.0,11,0.0,0.0,0.0,0.0,0.0,7,0.0,0.0,0.0,0.0,0.0,9,17.07777777777778,18.7,14.832293971076911,0.0,42.7,11,35.654545454545456,0.0,70.43317916488455,0.0,180.0,11,8.736363636363638,9.1,19.46434035498109,-19.5,42.7,11,9.572727272727272,10.4,9.798682657285203,0.0,27.3,66.8
2026-09-23T08:00,12,67.76666666666668,66.85,3.3336666500016654,63.7,73.3,12,16.0,0.0,30.310514227364617,0.0,100.0,11,15.818181818181818,0.0,31.688541089227133,0.0,100.0,11,0.0,0.0,0.0,0.0,0.0,11,0.09090909090909091,0.0,0.30151134457776363,0.0,1.0,7,0.0,0.0,0.0,0.0,0.0,11,171.93636363636367,181.6,41.30949703705609,75.9,235.1,11,518.6363636363636,552.5,270.9838455433359,35.5,835.3,11,91.94545454545454,107.2,27.086836789716276,53.8,124.8,11,60.07272727272727,68.8,23.3625808038877,8.0,85.0,37.2
2026-09-23T09:00,12,72.04166666666667,71.75,3.1915964467312996,67.0,78.6,12,11.5,0.0,19.860879775441607,0.0,55.0,11,11.181818181818182,0.0,20.692115318730377,0.0,55.0,11,0.0,0.0,0.0,0.0,0.0,11,0.09090909090909091,0.0,0.30151134457776363,0.0,1.0,7,0.0,0.0,0.0,0.0,0.0,11,358.91818181818184,391.1,69.52488501510545,170.9,414.1,11,631.6454545454545,661.2,239.57916171335253,86.9,934.0,11,132.32727272727274,139.8,35.42838102169195,70.9,167.9,11,72.30909090909091,78.6,20.538181737702804,15.6,91.8,42.2
2026-09-23T10:00,12,75.98333333333333,76.75,3.8517607150575444,69.2,84.4,12,6.75,0.0,12.270622715175536,0.0,41.0,11,6.2727272727272725,0.0,12.720777563426767,0.0,41.0,11,0.0,0.0,0.0,0.0,0.0,11,0.09090909090909091,0.0,0.30151134457776363,0.0,1.0,7,0.0,0.0,0.0,0.0,0.0,11,548.5181818181818,575.4,84.75736921568317,329.0,624.7,11,731.4727272727272,787.2,233.99795337100318,201.8,988.4,11,154.54545454545453,172.4,51.83462864989704,77.9,220.4,11,82.33636363636363,85.9,15.040829280812464,43.9,96.1,44.0
2026-09-23T11:00,12,78.63333333333333,79.15,4.538789052225938,71.9,88.8,12,5.166666666666667,0.0,9.552090045766123,0.0,32.0,11,4.545454545454546,0.0,9.801669616587128,0.0,32.0,11,0.0,0.0,0.0,0.0,0.0,11,0.09090909090909091,0.0,0.30151134457776363,0.0,1.0,7,0.0,0.0,0.0,0.0,0.0,11,720.1909090909089,743.2,57.02889538725883,604.4,771.3,11,827.6545454545455,869.5,155.75386585016994,537.8,984.2,11,156.08181818181816,174.6,56.94595364346475,81.2,237.9,11,90.24545454545455,94.4,8.345461477517423,73.3,97.2,55.5
2026-09-23T12:00,12,80.01666666666667,79.85,5.0764757519962656,72.9,91.0,12,4.916666666666667,0.0,8.9489291724392,0.0,31.0,11,4.454545454545454,0.0,9.299071312379924,0.0,31.0,11,0.0,0.0,0.0,0.0,0.0,11,0.09090909090909091,0.0,0.30151134457776363,0.0,1.0,7,0.0,0.0,0.0,0.0,0.0,11,808.2454545454547,817.3,40.49341585088526,726.8,856.8,11,828.781818181818,838.3,123.25719304107021,621.5,969.9,11,163.43636363636364,190.3,61.830401466063165,81.1,243.3,11,91.95454545454545,93.4,6.268869696582254,80.0,98.7,59.8
2026-09-23T13:00,12,80.77500000000002,80.55000000000001,5.179702518660524,73.5,91.9,12,5.75,0.0,9.545346319732792,0.0,31.0,11,5.454545454545454,0.0,10.01362707877257,0.0,31.0,11,0.0,0.0,0.0,0.0,0.0,11,0.09090909090909091,0.0,0.30151134457776363,0.0,1.0,7,0.0,0.0,0.0,0.0,0.0,11,833.7272727272727,853.1,38.04471292858159,765.8,875.3,11,814.6272727272727,800.7,115.03556920282605,636.6,947.1,11,164.81818181818184,198.9,64.02713203294083,79.3,243.0,11,92.10909090909091,93.1,6.159132170274404,81.7,98.8,60.2
2026-09-23T14:00,12,80.98333333333335,80.85,5.472050194701563,73.0,92.2,12,5.75,0.0,9.430366810565651,0.0,31.0,11,5.2727272727272725,0.0,9.880191385706139,0.0,31.0,11,0.0,0.0,0.0,0.0,0.0,11,0.09090909090909091,0.0,0.30151134457776363,0.0,1.0,7,0.0,0.0,0.0,0.0,0.0,11,789.7272727272727,797.4,32.4634283743751,729.6,830.4,11,779.1727272727272,804.2,98.35449243333106,621.1,898.0,11,160.09090909090907,180.6,54.457937062387046,85.3,227.7,11,91.2909090909091,92.5,5.912098535284158,81.2,98.6,61.8
2026-09-23T15:00,12,81.075,81.0,5.666348030257231,72.3,92.2,12,6.75,0.0,10.419605646001285,0.0,31.0,11,6.181818181818182,0.0,10.916209798443614,0.0,31.0,11,0.0,0.0,0.0,0.0,0.0,11,0.0,0.0,0.0,0.0,0.0,7,0.0,0.0,0.0,0.0,0.0,11,678.4454545454545,677.3,24.899813799960963,631.7,713.6,11,718.081818181818,705.9,74.71974060690816,587.6,818.6,11,147.27272727272725,162.0,39.44931155062382,88.4,197.0,11,88.25454545454545,88.0,4.984649162451379,79.4,94.8,63.9
2026-09-23T16:00,12,80.69166666666668,80.69999999999999,5.556070935690464,71.6,91.6,12,6.666666666666667,1.0,10.26320287889377,0.0,31.0,11,5.909090909090909,0.0,10.653211210283455,0.0,31.0,11,0.0,0.0,0.0,0.0,0.0,11,0.0,0.0,0.0,0.0,0.0,7,0.0,0.0,0.0,0.0,0.0,11,525.6363636363635,525.7,13.567702290901938,503.4,548.4,11,649.3454545454545,632.1,50.802546464451204,564.2,734.1,11,122.62727272727274,138.8,29.057256956192237,73.0,153.3,11,83.98181818181818,83.5,3.0967138007307606,78.7,89.9,68.3
2026-09-23T17:00,12,79.95833333333333,80.8,5.433642396861402,70.4,89.9,12,7.25,0.0,12.877923322139678,0.0,36.0,11,6.545454545454546,0.0,13.456326663422201,0.0,36.0,11,0.0,0.0,0.0,0.0,0.0,11,0.0,0.0,0.0,0.0,0.0,7,0.0,0.0,0.0,0.0,0.0,11,329.40909090909093,337.3,31.72350720035395,239.8,358.8,11,506.1272727272728,508.0,90.26964152924383,287.0,644.2,11,97.09090909090911,111.0,23.57466668037767,50.3,116.2,11,74.48181818181818,75.5,6.80644079998029,55.5,82.2,60.4
2026-09-23T18:00,12,78.09166666666665,79.4,4.900177795166467,69.2,86.4,12,8.0,0.0,12.820438228221233,0.0,34.0,11,7.090909090909091,0.0,13.164000497223824,0.0,34.0,11,0.0,0.0,0.0,0.0,0.0,11,0.0,0.0,0.0,0.0,0.0,7,0.0,0.0,0.0,0.0,0.0,11,124.8090909090909,122.1,12.224766218251746,100.7,145.6,11,267.1545454545454,233.0,69.24370532599139,208.5,401.4,11,53.790909090909096,64.0,14.29282719026957,28.0,64.3,11,57.96363636363637,55.5,4.473538359570136,51.4,65.3,66.9
2026-09-23T19:00,12,75.01666666666667,75.35,3.776442128712579,68.2,81.9,12,10.75,0.5,19.231248245782414,0.0,62.0,11,9.909090909090908,0.0,20.12190122952871,0.0,62.0,11,0.09090909090909091,0.0,0.30151134457776363,0.0,1.0,11,0.0,0.0,0.0,0.0,0.0,7,0.2857142857142857,0.0,0.4879500364742666,0.0,1.0,11,0.0,0.0,0.0,0.0,0.0,11,0.0,0.0,0.0,0.0,0.0,11,0.0,0.0,0.0,0.0,0.0,11,23.2,28.5,15.561812233798479,0.0,41.5,74.5
2026-09-23T20:00,12,73.08333333333333,73.2,2.9288015958543134,67.6,78.1,12,14.5,0.5,29.42324374924139,0.0,100.0,11,13.181818181818182,0.0,30.740260837599223,0.0,100.0,11,0.36363636363636365,0.0,0.9244162777371754,0.0,3.0,11,0.0,0.0,0.0,0.0,0.0,7,0.0,0.0,0.0,0.0,0.0,11,0.0,0.0,0.0,0.0,0.0,11,0.0,0.0,0.0,0.0,0.0,11,0.0,0.0,0.0,0.0,0.0,11,0.0,0.0,0.0,0.0,0.0,69.8
2026-09-23T21:00,12,71.31666666666666,71.25,2.104036524628244,67.8,75.4,12,16.166666666666668,2.5,29.90236638046419,0.0,100.0,11,13.636363636363637,0.0,30.98474698064429,0.0,100.0,11,0.5454545454545454,0.0,1.507556722888818,0.0,5.0,11,0.09090909090909091,0.0,0.30151134457776363,0.0,1.0,7,0.0,0.0,0.0,0.0,0.0,11,0.0,0.0,0.0,0.0,0.0,11,0.0,0.0,0.0,0.0,0.0,11,0.0,0.0,0.0,0.0,0.0,11,0.0,0.0,0.0,0.0,0.0,72.1
2026-09-23T22:00,12,69.53333333333332,69.55,2.1756225162774263,66.9,73.3,12,28.166666666666668,2.0,38.72944224965933,0.0,100.0,11,25.454545454545453,2.0,39.960889970979466,0.0,100.0,11,0.0,0.0,0.0,0.0,0.0,11,0.18181818181818182,0.0,0.6030226891555273,0.0,2.0,7,0.0,0.0,0.0,0.0,0.0,11,0.0,0.0,0.0,0.0,0.0,11,0.0,0.0,0.0,0.0,0.0,11,0.0,0.0,0.0,0.0,0.0,11,0.0,0.0,0.0,0.0,0.0,68.2
2026-09-23T23:00,12,68.72500000000001,68.6,2.1179428269388705,65.9,72.5,12,31.0,15.0,36.58862217585233,0.0,100.0,11,23.0,2.0,39.42841614876256,0.0,100.0,11,0.45454545454545453,0.0,1.507556722888818,0.0,5.0,11,0.2727272727272727,0.0,0.904534033733291,0.0,3.0,7,0.0,0.0,0.0,0.0,0.0,11,0.0,0.0,0.0,0.0,0.0,11,0.0,0.0,0.0,0.0,0.0,11,0.0,0.0,0.0,0.0,0.0,11,0.0,0.0,0.0,0.0,0.0,68.4
2026-09-24T00:00,12,68.11666666666667,67.65,1.8044557645064627,65.9,71.9,12,35.166666666666664,28.0,35.03201998518533,0.0,91.0,11,22.636363636363637,9.0,30.388394914087602,0.0,91.0,11,0.0,0.0,0.0,0.0,0.0,11,0.2727272727272727,0.0,0.904534033733291,0.0,3.0,7,0.0,0.0,0.0,0.0,0.0,11,0.0,0.0,0.0,0.0,0.0,11,0.0,0.0,0.0,0.0,0.0,11,0.0,0.0,0.0,0.0,0.0,11,0.0,0.0,0.0,0.0,0.0,69.4
2026-09-24T01:00,12,67.65,66.94999999999999,1.8293068732073485,65.3,71.6,12,38.083333333333336,34.5,37.21548634966933,0.0,100.0,11,29.363636363636363,18.0,36.436994187975294,0.0,100.0,11,0.0,0.0,0.0,0.0,0.0,11,0.36363636363636365,0.0,1.2060453783110545,0.0,4.0,7,0.0,0.0,0.0,0.0,0.0,11,0.0,0.0,0.0,0.0,0.0,11,0.0,0.0,0.0,0.0,0.0,11,0.0,0.0,0.0,0.0,0.0,11,0.0,0.0,0.0,0.0,0.0,69.3
2026-09-24T02:00,12,67.10833333333333,66.55,1.9938351957668894,64.7,71.2,12,37.583333333333336,40.5,35.63312639903629,0.0,100.0,11,32.36363636363637,28.0,36.38206351287053,0.0,100.0,11,0.0,0.0,0.0,0.0,0.0,11,0.36363636363636365,0.0,1.2060453783110545,0.0,4.0,7,0.0,0.0,0.0,0.0,0.0,11,0.0,0.0,0.0,0.0,0.0,11,0.0,0.0,0.0,0.0,0.0,11,0.0,0.0,0.0,0.0,0.0,11,0.0,0.0,0.0,0.0,0.0,68.8
2026-09-24T03:00,12,66.64166666666667,66.15,2.312204117025117,63.9,71.0,12,31.833333333333332,20.0,32.439687626938294,0.0,92.0,11,30.636363636363637,26.0,33.103693833989965,0.0,92.0,11,0.0,0.0,0.0,0.0,0.0,11,0.36363636363636365,0.0,1.2060453783110545,0.0,4.0,7,0.0,0.0,0.0,0.0,0.0,11,0.0,0.0,0.0,0.0,0.0,11,0.0,0.0,0.0,0.0,0.0,11,0.0,0.0,0.0,0.0,0.0,11,0.0,0.0,0.0,0.0,0.0,69.6
2026-09-24T04:00,12,66.25,65.65,2.5407586554914148,63.7,70.9,12,28.833333333333332,12.0,34.64582706955245,0.0,100.0,11,26.636363636363637,0.0,35.77505479317321,0.0,100.0,11,0.0,0.0,0.0,0.0,0.0,11,0.36363636363636365,0.0,1.2060453783110545,0.0,4.0,7,0.0,0.0,0.0,0.0,0.0,11,0.0,0.0,0.0,0.0,0.0,11,0.0,0.0,0.0,0.0,0.0,11,0.0,0.0,0.0,0.0,0.0,11,0.0,0.0,0.0,0.0,0.0,67.3
2026-09-24T05:00,12,66.15833333333333,65.44999999999999,2.5072470717477917,63.0,70.9,12,23.666666666666668,2.0,33.28481317175729,0.0,100.0,11,20.636363636363637,0.0,33.497082640948676,0.0,100.0,11,0.0,0.0,0.0,0.0,0.0,11,0.36363636363636365,0.0,1.2060453783110545,0.0,4.0,7,0.0,0.0,0.0,0.0,0.0,11,0.0,0.0,0.0,0.0,0.0,11,0.0,0.0,0.0,0.0,0.0,11,0.0,0.0,0.0,0.0,0.0,11,0.0,0.0,0.0,0.0,0.0,68.4
2026-09-24T06:00,12,66.29166666666667,66.2,2.171492295146081,63.2,70.7,12,20.416666666666668,4.5,24.835672047693937,0.0,60.0,11,17.09090909090909,0.0,24.74047107657631,0.0,60.0,11,0.0,0.0,0.0,0.0,0.0,11,0.36363636363636365,0.0,1.2060453783110545,0.0,4.0,7,0.0,0.0,0.0,0.0,0.0,10,0.0,0.0,0.0,0.0,0.0,10,0.0,0.0,0.0,0.0,0.0,10,0.0,0.0,0.0,0.0,0.0,10,0.0,0.0,0.0,0.0,0.0,75.5
2026-09-24T07:00,12,66.76666666666667,66.65,2.4069344264714254,63.8,70.3,12,24.916666666666668,10.0,32.241865311856245,0.0,100.0,11,19.636363636363637,0.0,32.93713019457744,0.0,100.0,11,0.0,0.0,0.0,0.0,0.0,11,0.36363636363636365,0.0,1.2060453783110545,0.0,4.0,7,0.0,0.0,0.0,0.0,0.0,8,17.825,19.6,16.720111927171505,0.0,45.0,10,18.44,0.0,58.31240005350492,0.0,184.4,10,-29.839999999999996,4.85,99.0898043863915,-215.7,45.0,10,8.55,5.9,9.330624606935784,0.0,21.9,61.3
2026-09-24T08:00,12,69.05833333333332,68.65,2.541101526837712,65.4,74.0,12,20.75,8.0,24.13644923799236,0.0,65.0,11,15.636363636363637,0.0,23.896747591556167,0.0,65.0,11,0.0,0.0,0.0,0.0,0.0,11,0.36363636363636365,0.0,1.2060453783110545,0.0,4.0,7,0.0,0.0,0.0,0.0,0.0,10,159.01999999999998,168.05,44.04388720356094,81.5,226.5,10,435.7700000000001,473.3,272.4371529974084,46.9,813.8,10,92.86,99.2,24.558012948933797,54.2,122.4,10,52.3,62.599999999999994,24.905911837241458,9.2,81.3,43.7
2026-09-24T09:00,12,72.73333333333333,73.05000000000001,3.0392383415865445,67.9,78.4,12,14.25,5.5,17.46229704769158,0.0,50.0,11,10.0,0.0,16.44992401198255,0.0,50.0,11,0.0,0.0,0.0,0.0,0.0,11,0.36363636363636365,0.0,1.2060453783110545,0.0,4.0,7,0.0,0.0,0.0,0.0,0.0,9,369.85555555555555,385.5,44.69432601323996,309.3,422.1,9,643.2777777777778,670.3,186.02785260397016,399.0,913.9,9,140.7888888888889,158.2,36.90228463267702,72.2,167.5,9,75.07777777777778,74.9,10.93272356023166,58.7,90.9,53.2
2026-09-24T10:00,12,75.49999999999999,75.15,4.072077870303835,69.2,83.3,12,13.083333333333334,8.0,15.305722835434839,0.0,50.0,11,10.636363636363637,2.0,15.982945456158744,0.0,50.0,11,0.0,0.0,0.0,0.0,0.0,11,0.36363636363636365,0.0,1.2060453783110545,0.0,4.0,7,0.0,0.0,0.0,0.0,0.0,9,548.5444444444444,560.7,35.11983453517084,483.9,590.4,9,717.2777777777778,710.9,137.89611830811063,524.6,953.9,9,164.23333333333335,182.3,45.321904196536146,79.1,202.9,9,81.95555555555556,84.4,6.7043103879353465,71.4,93.9,57.7
2026-09-24T11:00,12,77.06666666666668,76.55,4.919411149782668,68.3,87.1,12,14.916666666666666,9.5,18.932695785253873,0.0,60.0,11,12.909090909090908,0.0,17.084815161157266,0.0,46.0,11,2.272727272727273,0.0,7.53778361444409,0.0,25.0,11,0.36363636363636365,0.0,1.2060453783110545,0.0,4.0,7,0.0,0.0,0.0,0.0,0.0,9,677.4444444444445,720.5,105.25665194075752,433.4,770.3,9,733.588888888889,817.8,231.58649272164195,235.3,967.2,9,179.6777777777778,172.2,62.046852816596946,81.2,273.8,9,83.47777777777777,90.5,15.208285388052278,48.2,95.6,33.3
2026-09-24T12:00,12,78.175,78.4,5.545206775388827,67.6,89.2,12,15.5,9.5,18.367461347819308,0.0,54.0,11,14.090909090909092,0.0,17.524009503846692,0.0,43.0,11,1.2727272727272727,0.0,4.221158824088691,0.0,14.0,11,0.36363636363636365,0.0,1.2060453783110545,0.0,4.0,7,0.2857142857142857,0.0,0.4879500364742666,0.0,1.0,9,731.6777777777778,757.4,152.59969509944784,343.1,831.8,9,688.8777777777777,683.9,259.7732462060796,77.0,955.4,9,198.0888888888889,219.4,65.07525344638398,83.2,283.5,9,80.3,83.6,24.61173500588693,17.7,98.4,23.4
2026-09-24T13:00,12,78.92500000000001,80.0,6.105902509420332,66.6,90.4,12,14.166666666666666,8.0,17.27232854404215,0.0,52.0,11,12.454545454545455,0.0,15.927106682405542,0.0,39.0,11,2.0,0.0,6.6332495807108005,0.0,22.0,11,0.36363636363636365,0.0,1.2060453783110545,0.0,4.0,7,0.2857142857142857,0.0,0.4879500364742666,0.0,1.0,9,744.1666666666666,786.2,168.2438854758175,311.1,846.9,9,665.8444444444444,680.9,256.967303908061,45.5,930.4,9,199.94444444444446,216.7,61.09636059355562,82.3,273.9,9,79.41111111111111,84.3,26.230728375535268,12.1,98.6,20.2
2026-09-24T14:00,12,79.33333333333333,80.55000000000001,6.420610751653021,66.2,90.9,12,14.666666666666666,6.5,17.525738647814965,0.0,43.0,11,10.363636363636363,0.0,16.602847510428607,0.0,43.0,11,3.8181818181818183,0.0,12.66347647226607,0.0,42.0,11,0.45454545454545453,0.0,1.2135597524338357,0.0,4.0,7,0.2857142857142857,0.0,0.4879500364742666,0.0,1.0,9,694.5111111111112,753.6,151.6458245752619,301.2,788.3,9,627.6111111111112,674.1,235.52983061835525,48.6,855.3,9,189.96666666666667,210.1,53.88313743649306,100.7,262.2,9,77.9,85.0,25.3298736672728,12.6,97.9,22.8
2026-09-24T15:00,12,79.05000000000001,79.9,6.698100137691696,66.5,91.1,12,19.25,5.0,28.37452442532978,0.0,93.0,11,14.818181818181818,0.0,28.97522452654399,0.0,93.0,11,4.2727272727272725,0.0,14.171033195154891,0.0,47.0,11,0.45454545454545453,0.0,1.2135597524338357,0.0,4.0,7,0.2857142857142857,0.0,0.4879500364742666,0.0,1.0,9,589.0888888888888,657.2,164.9557853217374,243.6,723.4,9,574.0333333333333,666.7,273.63489360825315,41.1,815.4,9,167.10000000000002,176.7,49.60163807778933,88.3,231.5,9,73.6,84.9,27.865076709027736,11.4,92.7,10.9
2026-09-24T16:00,12,78.33333333333336,78.35,6.561642440361363,66.5,90.6,12,17.0,4.0,28.759188255076136,0.0,100.0,11,15.181818181818182,0.0,30.66534911530662,0.0,100.0,11,1.2727272727272727,0.0,4.221158824088691,0.0,14.0,11,0.45454545454545453,0.0,1.2135597524338357,0.0,4.0,7,0.2857142857142857,0.0,0.4879500364742666,0.0,1.0,9,428.5222222222222,488.8,136.4481382960004,174.1,524.1,9,465.31111111111113,540.2,263.852920414217,0.0,713.1,9,141.97777777777776,152.5,39.6088619433132,78.2,208.3,9,63.25555555555556,76.9,31.864718385351807,4.7,83.5,15.0
2026-09-24T17:00,12,77.24166666666667,77.05,5.985658364842252,66.7,88.7,12,15.833333333333334,3.5,28.81235004562306,0.0,100.0,11,14.818181818181818,0.0,30.429650611921858,0.0,100.0,11,0.0,0.0,0.0,0.0,0.0,11,0.45454545454545453,0.0,1.2135597524338357,0.0,4.0,7,0.2857142857142857,0.0,0.4879500364742666,0.0,1.0,9,281.1,324.2,101.65392269853633,90.1,353.8,9,407.9555555555556,522.1,232.0766474201525,0.0,588.8,9,95.92222222222223,110.1,23.285713311909607,58.9,121.1,9,59.56666666666667,72.6,30.977774290610352,3.4,78.8,23.4
2026-09-24T18:00,11,76.31818181818183,75.4,4.515709951229853,67.3,84.6,11,7.454545454545454,2.0,10.829253310950266,0.0,27.0,10,5.1,0.0,9.882082551545274,0.0,27.0,10,0.0,0.0,0.0,0.0,0.0,10,0.5,0.0,1.2692955176439846,0.0,4.0,7,1.1428571428571428,0.0,1.9518001458970664,0.0,4.0,8,116.55000000000001,128.45,35.93287392585553,32.6,146.1,8,261.1875,271.8,112.83894258759126,6.5,371.6,8,48.475,52.650000000000006,15.903615941036806,28.9,63.3,8,53.875,60.849999999999994,19.904396499266188,5.2,66.7,61.9
2026-09-24T19:00,11,73.61818181818182,73.2,3.331911818106284,67.2,79.1,11,8.272727272727273,2.0,12.884804298792504,0.0,33.0,10,5.5,0.0,11.501207666057413,0.0,33.0,10,0.0,0.0,0.0,0.0,0.0,10,0.5,0.0,1.2692955176439846,0.0,4.0,7,1.1428571428571428,0.0,1.9518001458970664,0.0,4.0,8,0.0,0.0,0.0,0.0,0.0,8,0.0,0.0,0.0,0.0,0.0,8,0.0,0.0,0.0,0.0,0.0,8,21.4875,26.65,18.255835661899614,0.0,42.2,80.4
2026-09-24T20:00,11,71.35454545454546,70.9,2.629206586163831,67.0,76.0,11,10.636363636363637,2.0,16.354037588759095,0.0,37.0,10,7.7,0.0,15.2319109474521,0.0,37.0,10,0.0,0.0,0.0,0.0,0.0,10,0.5,0.0,1.2692955176439846,0.0,4.0,7,1.1428571428571428,0.0,1.9518001458970664,0.0,4.0,8,0.0,0.0,0.0,0.0,0.0,8,0.0,0.0,0.0,0.0,0.0,8,0.0,0.0,0.0,0.0,0.0,8,0.0,0.0,0.0,0.0,0.0,80.1
2026-09-24T21:00,11,70.10909090909091,70.1,2.070485230787482,67.2,73.2,11,17.09090909090909,2.0,30.227320574124807,0.0,94.0,10,14.4,0.0,31.29146138414688,0.0,94.0,10,0.0,0.0,0.0,0.0,0.0,10,0.4,0.0,1.2649110640673518,0.0,4.0,7,1.1428571428571428,0.0,1.9518001458970664,0.0,4.0,8,0.0,0.0,0.0,0.0,0.0,8,0.0,0.0,0.0,0.0,0.0,8,0.0,0.0,0.0,0.0,0.0,8,0.0,0.0,0.0,0.0,0.0,71.9
2026-09-24T22:00,11,69.12727272727273,68.9,1.9990452266474166,65.9,72.5,11,18.454545454545453,4.0,31.50353515516516,0.0,97.0,10,15.8,0.5,32.457835896915725,0.0,97.0,10,0.0,0.0,0.0,0.0,0.0,10,0.4,0.0,1.2649110640673518,0.0,4.0,7,1.1428571428571428,0.0,1.9518001458970664,0.0,4.0,8,0.0,0.0,0.0,0.0,0.0,8,0.0,0.0,0.0,0.0,0.0,8,0.0,0.0,0.0,0.0,0.0,8,0.0,0.0,0.0,0.0,0.0,71.3
2026-09-24T23:00,11,68.47272727272728,67.9,2.0243966553474215,65.8,72.7,11,17.454545454545453,7.0,23.001580973331535,0.0,61.0,10,13.8,2.5,23.16990385056538,0.0,61.0,10,0.6,0.0,1.8973665961010275,0.0,6.0,10,0.4,0.0,1.2649110640673518,0.0,4.0,7,1.1428571428571428,0.0,1.9518001458970664,0.0,4.0,8,0.0,0.0,0.0,0.0,0.0,8,0.0,0.0,0.0,0.0,0.0,8,0.0,0.0,0.0,0.0,0.0,8,0.0,0.0,0.0,0.0,0.0,77.2
2026-09-25T00:00,11,67.87272727272726,67.2,2.1872772613872726,65.7,72.8,11,20.727272727272727,12.0,20.05537787772102,0.0,55.0,10,15.2,8.0,19.158983967493334,0.0,55.0,10,2.2,0.0,6.957010852370435,0.0,22.0,10,0.4,0.0,1.2649110640673518,0.0,4.0,7,0.0,0.0,0.0,0.0,0.0,8,0.0,0.0,0.0,0.0,0.0,8,0.0,0.0,0.0,0.0,0.0,8,0.0,0.0,0.0,0.0,0.0,8,0.0,0.0,0.0,0.0,0.0,78.8
2026-09-25T01:00,11,67.27272727272727,66.6,2.3221071935166577,65.1,72.5,11,22.90909090909091,16.0,24.877518145725652,0.0,73.0,10,18.6,16.5,22.38650387076007,0.0,60.0,10,0.3,0.0,0.9486832980505138,0.0,3.0,10,0.4,0.0,1.2649110640673518,0.0,4.0,7,0.0,0.0,0.0,0.0,0.0,8,0.0,0.0,0.0,0.0,0.0,8,0.0,0.0,0.0,0.0,0.0,8,0.0,0.0,0.0,0.0,0.0,8,0.0,0.0,0.0,0.0,0.0,75.0
2026-09-25T02:00,11,66.77272727272727,66.1,2.451159280459316,64.5,72.1,11,26.272727272727273,21.0,31.2572900587716,0.0,100.0,10,21.8,15.5,27.31218694201465,0.0,80.0,10,0.0,0.0,0.0,0.0,0.0,10,0.4,0.0,1.2649110640673518,0.0,4.0,7,0.0,0.0,0.0,0.0,0.0,8,0.0,0.0,0.0,0.0,0.0,8,0.0,0.0,0.0,0.0,0.0,8,0.0,0.0,0.0,0.0,0.0,8,0.0,0.0,0.0,0.0,0.0,70.0
2026-09-25T03:00,11,66.48181818181817,65.9,2.4551245108214705,64.1,71.8,11,34.81818181818182,25.0,37.79105233204861,0.0,100.0,10,21.7,6.0,29.71363323459452,0.0,87.0,10,0.0,0.0,0.0,0.0,0.0,10,10.4,0.0,31.50731837384945,0.0,100.0,7,0.0,0.0,0.0,0.0,0.0,8,0.0,0.0,0.0,0.0,0.0,8,0.0,0.0,0.0,0.0,0.0,8,0.0,0.0,0.0,0.0,0.0,8,0.0,0.0,0.0,0.0,0.0,67.3
2026-09-25T04:00,11,66.31818181818181,65.6,2.431796941283618,63.9,71.6,11,25.90909090909091,6.0,32.512934489075406,0.0,100.0,10,20.7,1.0,29.586220516389794,0.0,85.0,10,0.0,0.0,0.0,0.0,0.0,10,1.0,0.0,2.160246899469287,0.0,6.0,7,0.0,0.0,0.0,0.0,0.0,8,0.0,0.0,0.0,0.0,0.0,8,0.0,0.0,0.0,0.0,0.0,8,0.0,0.0,0.0,0.0,0.0,8,0.0,0.0,0.0,0.0,0.0,69.2
2026-09-25T05:00,11,66.39999999999999,65.6,2.3375200533899156,64.3,71.6,11,33.09090909090909,28.0,33.35402388154852,0.0,100.0,10,21.3,6.5,27.288784835125544,0.0,77.0,10,0.0,0.0,0.0,0.0,0.0,10,7.3,0.0,21.018774676200536,0.0,67.0,7,0.0,0.0,0.0,0.0,0.0,8,0.0,0.0,0.0,0.0,0.0,8,0.0,0.0,0.0,0.0,0.0,8,0.0,0.0,0.0,0.0,0.0,8,0.0,0.0,0.0,0.0,0.0,68.9
2026-09-25T06:00,10,67.0,66.6,2.2345767682792546,64.4,71.4,10,30.7,23.5,29.92230680352777,1.0,100.0,9,16.88888888888889,1.0,22.16102685145955,0.0,58.0,9,0.0,0.0,0.0,0.0,0.0,9,4.777777777777778,1.0,9.391189724653872,0.0,29.0,7,0.0,0.0,0.0,0.0,0.0,7,0.0,0.0,0.0,0.0,0.0,7,0.0,0.0,0.0,0.0,0.0,7,0.0,0.0,0.0,0.0,0.0,7,0.0,0.0,0.0,0.0,0.0,71.6
2026-09-25T07:00,10,67.92,68.15,2.446221576227302,65.1,71.4,10,34.5,32.0,29.47786363433491,4.0,100.0,9,15.444444444444445,1.0,18.908404950650326,0.0,45.0,9,0.0,0.0,0.0,0.0,0.0,9,10.333333333333334,4.0,16.97056274847714,0.0,52.0,7,0.0,0.0,0.0,0.0,0.0,7,15.799999999999999,20.6,13.53218385922982,0.0,38.0,7,0.0,0.0,0.0,0.0,0.0,7,15.799999999999999,20.6,13.53218385922982,0.0,38.0,7,8.528571428571428,10.3,7.403088158715543,0.0,19.5,69.4
2026-09-25T08:00,10,70.45000000000002,70.6,2.3547823678633226,66.1,74.2,10,31.6,26.5,33.22382010278502,0.0,100.0,9,13.555555555555555,0.0,21.46573496942925,0.0,63.0,9,0.0,0.0,0.0,0.0,0.0,9,10.777777777777779,4.0,17.13751570223772,0.0,47.0,7,0.0,0.0,0.0,0.0,0.0,7,173.58571428571426,169.5,35.51912295142006,114.3,229.7,7,511.41428571428565,504.5,220.12801902962,136.8,716.8,7,96.84285714285716,107.7,25.223458469108813,59.7,123.2,7,60.1,66.2,19.46261373334356,20.6,77.9,42.0
2026-09-25T09:00,10,74.14000000000001,74.55000000000001,2.819062097774919,69.1,78.2,10,20.2,9.0,31.011825701389032,0.0,100.0,9,5.0,0.0,7.858116822750856,0.0,23.0,9,0.0,0.0,0.0,0.0,0.0,9,9.222222222222221,1.0,18.136825644098927,0.0,56.0,7,0.0,0.0,0.0,0.0,0.0,7,353.81428571428575,352.9,44.1688588853968,280.5,403.8,7,606.2142857142857,538.4,216.53067087267664,316.0,904.3,7,139.45714285714286,162.9,42.19237123552303,72.3,168.8,7,72.14285714285714,71.3,11.613333880050284,54.6,90.4,41.3
2026-09-25T10:00,10,77.41000000000001,77.15,3.380811868307504,72.9,82.5,10,18.2,5.0,30.71300846366062,0.0,100.0,9,2.2222222222222223,0.0,4.969350505291858,0.0,15.0,9,0.0,0.0,0.0,0.0,0.0,9,13.222222222222221,5.0,26.16188916046478,0.0,82.0,7,0.0,0.0,0.0,0.0,0.0,7,564.5142857142857,576.1,65.80054276806102,476.1,637.9,7,770.2428571428571,889.4,185.52801097716446,511.7,944.6,7,154.0285714285714,164.4,49.85220537701799,80.3,203.5,7,84.91428571428571,84.6,10.493399285809565,70.5,94.9,39.8
2026-09-25T11:00,10,79.76000000000002,79.25,3.7765945859552748,74.6,86.0,10,33.3,14.0,42.648563867966296,0.0,100.0,9,1.1111111111111112,0.0,3.3333333333333335,0.0,10.0,9,0.0,0.0,0.0,0.0,0.0,9,33.888888888888886,5.0,45.048430728618186,0.0,100.0,7,0.0,0.0,0.0,0.0,0.0,7,665.2428571428571,662.1,52.55920018236128,587.3,730.2,7,709.9285714285714,670.5,178.58127668082224,469.9,957.5,7,185.7571428571429,209.6,69.91422976626092,83.4,269.8,7,83.2,82.6,9.422137054122418,68.7,95.7,38.0
2026-09-25T12:00,10,81.41999999999999,80.69999999999999,4.078888737552584,76.4,88.3,10,23.9,4.5,37.11678266708411,0.0,100.0,9,1.7777777777777777,0.0,3.5629263877386586,0.0,9.0,9,0.0,0.0,0.0,0.0,0.0,9,24.22222222222222,5.0,38.551192516502574,0.0,100.0,7,0.0,0.0,0.0,0.0,0.0,7,791.7285714285715,800.7,64.11371965202962,709.0,866.1,7,801.2142857142857,890.7,137.96895095843638,601.4,953.0,7,173.91428571428574,177.1,57.42364288256851,83.2,245.4,7,90.47142857142856,95.4,7.940972712397873,78.5,98.4,39.6
2026-09-25T13:00,10,82.74000000000001,82.15,4.585532805586632,76.5,89.9,10,17.7,4.0,30.250987128062814,0.0,100.0,9,1.7777777777777777,0.0,4.055175020198813,0.0,12.0,9,0.0,0.0,0.0,0.0,0.0,9,16.77777777777778,4.0,31.91307638640381,0.0,100.0,7,0.0,0.0,0.0,0.0,0.0,7,790.6714285714286,780.6,31.478866682570505,747.4,841.7,7,747.3142857142857,693.9,113.47689087168698,618.3,934.6,7,182.67142857142858,224.2,64.16496225318286,81.3,244.5,7,88.42857142857143,85.5,6.498644547317609,80.4,98.6,48.3
2026-09-25T14:00,10,83.29,83.35,4.85167783120208,76.5,90.7,10,17.7,8.5,26.71682782234614,3.0,91.0,9,1.7777777777777777,0.0,4.323707257024283,0.0,13.0,9,0.0,0.0,0.0,0.0,0.0,9,16.88888888888889,4.0,28.954466168643332,0.0,91.0,7,0.0,0.0,0.0,0.0,0.0,7,787.8714285714286,789.2,57.009435309304,719.3,860.7,7,793.5714285714286,870.5,110.76014196279743,618.7,896.9,7,153.2571428571429,164.7,54.158189812894626,79.4,224.7,7,91.88571428571429,96.2,6.709055713841446,81.0,98.5,46.8
2026-09-25T15:00,10,82.92,82.15,5.014822473871273,76.4,91.1,10,25.9,17.0,31.327836397257524,0.0,100.0,9,1.3333333333333333,0.0,3.640054944640259,0.0,11.0,9,0.0,0.0,0.0,0.0,0.0,9,23.666666666666668,4.0,35.4471437495322,0.0,100.0,7,0.0,0.0,0.0,0.0,0.0,7,623.4857142857143,629.0,53.673190966919684,515.6,684.9,7,613.5,599.7,142.04777365379576,356.0,824.9,7,175.22857142857143,190.8,54.54330738919653,81.8,255.5,7,81.89999999999999,80.3,7.885429601486527,69.2,94.8,40.3
2026-09-25T16:00,10,82.08999999999999,80.35,5.011420291028616,76.1,90.8,10,36.8,26.0,34.41188425206876,4.0,100.0,9,1.7777777777777777,0.0,4.9693505052918585,0.0,15.0,9,0.0,0.0,0.0,0.0,0.0,9,32.666666666666664,18.0,39.84030622372273,0.0,100.0,7,0.0,0.0,0.0,0.0,0.0,7,467.0714285714285,488.1,83.81234424366762,282.6,526.9,7,542.4142857142857,553.8,161.55365907928163,212.6,742.1,7,135.65714285714284,152.3,29.63949263751867,72.9,153.3,7,76.41428571428571,77.9,12.405970144978392,50.3,90.0,32.0
2026-09-25T17:00,10,81.02,78.9,4.792772336202362,75.2,89.1,10,31.4,14.5,39.2320730468778,0.0,100.0,9,1.1111111111111112,0.0,2.260776661041756,0.0,6.0,9,0.0,0.0,0.0,0.0,0.0,9,34.22222222222222,18.0,41.22431860497447,0.0,100.0,7,0.0,0.0,0.0,0.0,0.0,7,308.7,309.1,25.635652257484434,270.1,343.1,7,450.9428571428571,430.2,90.28798105954924,346.4,607.6,7,106.21428571428574,114.4,21.775783841339944,57.2,117.5,7,71.05714285714286,70.2,7.595581422304492,61.7,82.8,47.4
2026-09-25T18:00,10,79.23,77.30000000000001,4.318706081944241,73.7,84.8,10,19.6,8.0,30.449229145506386,0.0,100.0,9,4.111111111111111,0.0,10.588253449512393,0.0,32.0,9,0.0,0.0,0.0,0.0,0.0,9,17.88888888888889,2.0,33.228167435341824,0.0,100.0,7,0.0,0.0,0.0,0.0,0.0,7,103.54285714285713,102.1,30.049451306297154,66.0,142.3,7,206.5142857142857,223.0,118.06693622082105,54.0,348.1,7,50.84285714285715,52.2,9.759586251963952,33.4,62.0,7,48.214285714285715,49.9,19.314884465219095,21.9,66.7,48.8
2026-09-25T19:00,10,76.17999999999999,75.95,3.221731763439584,72.3,80.7,10,22.9,14.5,30.79844873438343,0.0,100.0,9,6.333333333333333,0.0,14.7648230602334,0.0,44.0,9,0.0,0.0,0.0,0.0,0.0,9,18.77777777777778,4.0,32.75583069385425,0.0,100.0,7,0.0,0.0,0.0,0.0,0.0,7,0.0,0.0,0.0,0.0,0.0,7,0.0,0.0,0.0,0.0,0.0,7,0.0,0.0,0.0,0.0,0.0,7,30.928571428571427,33.4,9.481686609057533,13.1,41.6,67.9
2026-09-25T20:00,10,74.09,74.4,2.4365047825841732,70.9,77.6,10,30.1,14.5,34.520364360121626,0.0,100.0,9,7.666666666666667,0.0,17.804493814764857,0.0,53.0,9,0.0,0.0,0.0,0.0,0.0,9,26.0,18.0,33.730549951045866,0.0,100.0,7,0.0,0.0,0.0,0.0,0.0,7,0.0,0.0,0.0,0.0,0.0,7,0.0,0.0,0.0,0.0,0.0,7,0.0,0.0,0.0,0.0,0.0,7,0.0,0.0,0.0,0.0,0.0,67.7
2026-09-25T21:00,10,72.49000000000001,72.35,2.05720954477445,69.4,75.7,10,23.2,13.5,21.76031045530167,0.0,61.0,9,7.0,0.0,16.97056274847714,0.0,51.0,9,0.0,0.0,0.0,0.0,0.0,9,14.666666666666666,5.0,18.048545647780045,0.0,53.0,7,0.0,0.0,0.0,0.0,0.0,7,0.0,0.0,0.0,0.0,0.0,7,0.0,0.0,0.0,0.0,0.0,7,0.0,0.0,0.0,0.0,0.0,7,0.0,0.0,0.0,0.0,0.0,78.0
2026-09-25T22:00,10,71.08,71.1,1.9572088970436108,67.8,75.4,10,28.9,22.5,31.50467337466688,0.0,100.0,9,6.555555555555555,0.0,18.554723866923425,0.0,56.0,9,0.0,0.0,0.0,0.0,0.0,9,17.22222222222222,0.0,32.892923926650916,0.0,100.0,7,0.0,0.0,0.0,0.0,0.0,7,0.0,0.0,0.0,0.0,0.0,7,0.0,0.0,0.0,0.0,0.0,7,0.0,0.0,0.0,0.0,0.0,7,0.0,0.0,0.0,0.0,0.0,71.4
2026-09-25T23:00,10,69.94,70.05000000000001,1.9856149341366935,66.6,74.3,10,35.6,36.5,27.45986970916731,0.0,76.0,9,8.444444444444445,0.0,23.14147311166205,0.0,70.0,9,0.0,0.0,0.0,0.0,0.0,9,16.666666666666668,6.0,24.60182920028509,0.0,76.0,7,0.0,0.0,0.0,0.0,0.0,7,0.0,0.0,0.0,0.0,0.0,7,0.0,0.0,0.0,0.0,0.0,7,0.0,0.0,0.0,0.0,0.0,7,0.0,0.0,0.0,0.0,0.0,74.2
2026-09-26T00:00,10,68.97999999999999,68.8,2.053614699337087,66.4,73.7,10,30.8,28.5,20.23638087976976,5.0,64.0,9,11.88888888888889,0.0,21.83142485297538,0.0,64.0,9,0.0,0.0,0.0,0.0,0.0,9,12.666666666666666,5.0,15.580436450882884,0.0,41.0,7,0.0,0.0,0.0,0.0,0.0,7,0.0,0.0,0.0,0.0,0.0,7,0.0,0.0,0.0,0.0,0.0,7,0.0,0.0,0.0,0.0,0.0,7,0.0,0.0,0.0,0.0,0.0,79.1
2026-09-26T01:00,10,68.23,67.8,2.1684864152983176,65.9,73.2,10,35.8,29.5,27.21845778960381,5.0,70.0,9,16.333333333333332,0.0,27.189152248645048,0.0,68.0,9,0.0,0.0,0.0,0.0,0.0,9,16.88888888888889,5.0,23.661384387036847,0.0,70.0,7,0.0,0.0,0.0,0.0,0.0,7,0.0,0.0,0.0,0.0,0.0,7,0.0,0.0,0.0,0.0,0.0,7,0.0,0.0,0.0,0.0,0.0,7,0.0,0.0,0.0,0.0,0.0,73.8
2026-09-26T02:00,10,67.58000000000001,66.8,2.3198658965073333,64.7,72.7,10,42.2,42.5,36.11032477776343,4.0,100.0,9,20.11111111111111,0.0,34.268952582638285,0.0,97.0,9,0.0,0.0,0.0,0.0,0.0,9,21.77777777777778,4.0,31.003136042091686,0.0,93.0,7,0.0,0.0,0.0,0.0,0.0,7,0.0,0.0,0.0,0.0,0.0,7,0.0,0.0,0.0,0.0,0.0,7,0.0,0.0,0.0,0.0,0.0,7,0.0,0.0,0.0,0.0,0.0,67.8
2026-09-26T03:00,10,67.21000000000001,66.35,2.5221022976873915,63.9,72.8,10,56.5,64.5,32.353086749523946,11.0,100.0,9,21.333333333333332,0.0,35.62653505464712,0.0,100.0,9,0.3333333333333333,0.0,0.9999999999999999,0.0,3.0,9,33.888888888888886,33.0,34.217847844525686,0.0,98.0,7,0.0,0.0,0.0,0.0,0.0,7,0.0,0.0,0.0,0.0,0.0,7,0.0,0.0,0.0,0.0,0.0,7,0.0,0.0,0.0,0.0,0.0,7,0.0,0.0,0.0,0.0,0.0,69.0
2026-09-26T04:00,10,67.07000000000001,66.25,2.634409062979991,63.7,73.0,10,64.4,71.0,32.452358243362774,12.0,100.0,9,21.88888888888889,0.0,36.05011943268858,0.0,100.0,9,0.7777777777777778,0.0,2.333333333333333,0.0,7.0,9,43.111111111111114,39.0,39.25698805449943,0.0,100.0,7,0.0,0.0,0.0,0.0,0.0,7,0.0,0.0,0.0,0.0,0.0,7,0.0,0.0,0.0,0.0,0.0,7,0.0,0.0,0.0,0.0,0.0,7,0.0,0.0,0.0,0.0,0.0,68.6
2026-09-26T05:00,10,67.17,66.45,2.5751159628689,64.1,73.0,10,71.8,75.0,30.290445871777973,12.0,100.0,9,22.0,0.0,36.190468358395144,0.0,100.0,9,1.1111111111111112,0.0,3.3333333333333335,0.0,10.0,9,49.77777777777778,51.0,43.51659964248637,0.0,100.0,7,0.0,0.0,0.0,0.0,0.0,7,0.0,0.0,0.0,0.0,0.0,7,0.0,0.0,0.0,0.0,0.0,7,0.0,0.0,0.0,0.0,0.0,7,0.0,0.0,0.0,0.0,0.0,70.3
2026-09-26T06:00,9,67.96666666666665,67.7,2.258317958127242,65.5,72.8,9,72.22222222222223,72.0,27.761384051312074,12.0,100.0,8,24.875,0.0,37.33033044896028,0.0,98.0,8,0.875,0.0,2.4748737341529163,0.0,7.0,8,52.75,56.5,38.71046370169182,0.0,100.0,7,0.0,0.0,0.0,0.0,0.0,6,0.0,0.0,0.0,0.0,0.0,6,0.0,0.0,0.0,0.0,0.0,6,0.0,0.0,0.0,0.0,0.0,6,0.0,0.0,0.0,0.0,0.0,73.1
2026-09-26T07:00,9,68.98888888888888,69.3,2.2674018415603174,65.8,73.0,9,66.11111111111111,68.0,31.25877654533381,12.0,100.0,8,24.125,0.0,36.183806559604214,0.0,94.0,8,0.625,0.0,1.7677669529663689,0.0,5.0,8,48.125,49.0,39.284448031541146,0.0,100.0,7,0.0,0.0,0.0,0.0,0.0,6,14.016666666666666,10.95,15.238427302929484,0.0,40.2,6,0.0,0.0,0.0,0.0,0.0,6,14.016666666666666,10.95,15.238427302929484,0.0,40.2,6,7.966666666666666,5.85,8.614096973372583,0.0,21.8,68.5
2026-09-26T08:00,9,70.74444444444444,71.3,2.817406214548724,66.4,74.5,9,60.888888888888886,64.0,34.577609968173206,5.0,100.0,8,22.125,0.0,33.46826855396018,0.0,83.0,8,0.25,0.0,0.7071067811865476,0.0,2.0,8,45.75,49.5,41.90039208817571,0.0,100.0,7,0.0,0.0,0.0,0.0,0.0,5,164.28,151.2,37.10885339107098,127.1,222.8,6,394.23333333333335,348.85,291.1634294801919,0.0,770.3,6,173.38333333333333,111.5,196.33281352506174,62.1,570.6,6,52.51666666666667,47.15,21.58169749270587,27.3,80.9,36.3
2026-09-26T09:00,9,73.65555555555555,74.6,3.311008574102123,67.7,77.3,9,57.55555555555556,57.0,30.980280466415696,10.0,100.0,8,14.875,0.0,22.68062420405828,0.0,57.0,8,0.125,0.0,0.3535533905932738,0.0,1.0,8,47.5,46.0,39.8855505522632,0.0,100.0,7,0.0,0.0,0.0,0.0,0.0,5,353.38,369.7,48.461397008340555,299.9,400.6,6,502.3833333333334,526.9,340.40823971617766,0.0,942.7,6,284.46666666666664,162.6,352.2099638946444,71.2,997.7,6,63.416666666666664,64.94999999999999,22.62365281440348,27.3,92.6,35.8
2026-09-26T10:00,9,76.9888888888889,77.4,3.926653933199502,69.3,82.5,9,50.77777777777778,53.0,27.05909171506768,10.0,100.0,8,7.125,0.0,10.384569596968653,0.0,24.0,8,0.125,0.0,0.3535533905932738,0.0,1.0,8,46.375,54.0,33.98292638538191,0.0,100.0,7,0.0,0.0,0.0,0.0,0.0,5,525.08,539.9,71.12522056204811,433.8,599.0,6,570.1166666666667,585.5,373.3766163897609,0.0,982.8,6,375.1666666666667,194.10000000000002,525.8528108384196,78.0,1439.3,6,69.14999999999999,75.4,24.22880517070538,27.3,94.6,33.5
2026-09-26T11:00,9,79.6,79.5,4.513313638558702,71.1,86.4,9,44.22222222222222,47.0,35.5414468535602,0.0,100.0,8,0.625,0.0,1.7677669529663689,0.0,5.0,8,0.0,0.0,0.0,0.0,0.0,8,44.0,41.0,38.61531894394836,0.0,100.0,7,0.0,0.0,0.0,0.0,0.0,5,654.02,655.1,81.34944375962264,544.0,746.6,6,583.1166666666667,611.45,361.9124005428202,0.0,991.2,6,446.8333333333333,220.45,649.4869133913836,80.2,1763.2,6,72.51666666666667,78.30000000000001,25.291533497727393,27.3,95.2,24.6
2026-09-26T12:00,9,81.02222222222221,80.9,4.515467245418179,73.3,87.2,9,49.111111111111114,43.0,37.21372208085495,0.0,96.0,8,1.0,0.0,2.138089935299395,0.0,6.0,8,0.0,0.0,0.0,0.0,0.0,8,51.375,54.0,38.703774271473094,0.0,95.0,7,0.0,0.0,0.0,0.0,0.0,5,744.9,728.3,56.165247261985755,683.0,815.0,6,579.8333333333334,623.3,313.00527578088304,0.0,869.3,6,567.0,238.75,874.2290546532986,147.6,2348.5,6,75.33333333333333,80.0,25.190050946091123,27.3,97.3,28.1
2026-09-26T13:00,9,81.72222222222223,82.1,4.231659774183702,75.5,87.6,9,44.666666666666664,39.0,36.932370625238775,0.0,100.0,8,1.875,0.0,5.303300858899107,0.0,15.0,8,0.0,0.0,0.0,0.0,0.0,8,47.625,53.5,37.511664852416246,0.0,100.0,7,0.0,0.0,0.0,0.0,0.0,5,757.4199999999998,750.8,38.153335371891174,705.1,808.6,6,535.6666666666666,625.55,275.85537998499626,0.0,797.0,6,597.3000000000001,254.85000000000002,883.6617837159193,163.5,2399.3,6,74.01666666666667,81.1,23.67297333810577,27.3,91.6,31.5
2026-09-26T14:00,9,81.6888888888889,82.7,3.8879443297340424,76.6,88.0,9,41.0,36.0,36.83069372140579,0.0,100.0,8,2.5,0.0,7.071067811865475,0.0,20.0,8,0.0,0.0,0.0,0.0,0.0,8,44.125,50.5,36.992035822399856,0.0,100.0,7,0.0,0.0,0.0,0.0,0.0,5,721.14,722.0,40.916475899080034,656.2,765.7,6,526.0833333333334,628.95,271.07632443034686,0.0,764.0,6,561.15,228.89999999999998,839.0184950285661,157.8,2272.4,6,73.75,81.8,23.628944115215983,27.3,89.8,32.2
2026-09-26T15:00,9,81.43333333333334,82.3,3.9217343102255167,76.4,87.1,9,42.666666666666664,35.0,38.91015291668744,0.0,100.0,8,2.125,0.0,6.010407640085654,0.0,17.0,8,0.0,0.0,0.0,0.0,0.0,8,46.5,55.5,39.250113739598625,0.0,100.0,7,0.0,0.0,0.0,0.0,0.0,5,631.26,634.1,39.95789033470109,565.4,670.5,6,517.3166666666667,618.35,270.5884655092798,0.0,761.7,6,493.76666666666665,186.25,768.2275669791254,117.0,2060.2,6,73.08333333333333,81.7,23.432235630999163,27.3,90.4,32.2
2026-09-26T16:00,9,80.6,81.1,4.053702011741862,75.6,86.6,9,45.77777777777778,36.0,41.48125413297487,0.0,100.0,8,1.25,0.0,3.5355339059327373,0.0,10.0,8,0.0,0.0,0.0,0.0,0.0,8,49.75,59.5,42.92435206266951,0.0,100.0,7,0.0,0.0,0.0,0.0,0.0,5,483.84000000000003,499.1,43.25769295743824,407.7,515.7,6,462.3333333333333,579.15,250.04138590774662,0.0,673.3,6,389.48333333333335,146.7,593.200813946396,107.0,1599.1,6,69.01666666666667,79.0,21.857851373514887,27.3,85.8,31.3
2026-09-26T17:00,9,79.35555555555555,79.3,4.040455144878826,74.1,86.0,9,48.333333333333336,37.0,43.91184350491334,0.0,100.0,8,0.75,0.0,2.1213203435596424,0.0,6.0,8,0.0,0.0,0.0,0.0,0.0,8,51.875,59.5,46.2985266658516,0.0,100.0,7,0.0,0.0,0.0,0.0,0.0,5,301.71999999999997,319.9,39.49021397764261,233.6,329.4,6,360.8666666666666,454.75,209.13429815950005,0.0,537.7,6,261.6666666666667,110.3,372.99178900703254,84.8,1022.3,6,61.98333333333333,69.3,19.431975367076472,27.3,77.9,36.0
2026-09-26T18:00,9,77.34444444444443,77.3,3.7202523809249537,71.8,82.9,9,52.111111111111114,38.0,39.95135931493584,2.0,100.0,8,7.125,0.0,11.4572185604909,0.0,30.0,8,0.0,0.0,0.0,0.0,0.0,8,54.375,58.5,42.96156920517951,0.0,100.0,7,0.0,0.0,0.0,0.0,0.0,6,122.81666666666665,123.2,32.05192141926388,75.0,172.2,6,254.08333333333337,280.4,111.21660697335926,39.7,363.4,6,59.23333333333333,59.8,13.620817400826823,43.9,81.1,6,54.9,61.900000000000006,19.308547330133358,17.5,70.6,47.8
2026-09-26T19:00,9,74.49999999999999,72.9,3.344398301638132,69.0,78.9,9,46.333333333333336,41.0,37.881393849751625,2.0,100.0,8,14.875,0.0,26.07920627626539,0.0,71.0,8,0.0,0.0,0.0,0.0,0.0,8,45.25,46.5,40.19150585456015,0.0,100.0,7,0.0,0.0,0.0,0.0,0.0,6,0.0,0.0,0.0,0.0,0.0,6,0.0,0.0,0.0,0.0,0.0,6,0.0,0.0,0.0,0.0,0.0,6,30.416666666666668,35.1,11.851989987620927,7.5,39.6,64.5
2026-09-26T20:00,9,72.18888888888888,71.9,3.353149431670339,66.9,76.3,9,49.333333333333336,43.0,41.36725758374611,0.0,100.0,8,21.25,0.5,37.212709042553115,0.0,100.0,8,0.0,0.0,0.0,0.0,0.0,8,46.375,54.5,42.19660616007609,0.0,100.0,7,0.0,0.0,0.0,0.0,0.0,6,0.0,0.0,0.0,0.0,0.0,6,0.0,0.0,0.0,0.0,0.0,6,0.0,0.0,0.0,0.0,0.0,6,0.0,0.0,0.0,0.0,0.0,64.5
2026-09-26T21:00,9,70.82222222222222,71.2,3.379266850138422,66.3,76.6,9,50.44444444444444,47.0,41.10082453890406,0.0,100.0,8,21.5,1.0,37.80778453478293,0.0,100.0,8,0.0,0.0,0.0,0.0,0.0,8,46.25,52.0,42.52982147018388,0.0,94.0,7,0.0,0.0,0.0,0.0,0.0,6,0.0,0.0,0.0,0.0,0.0,6,0.0,0.0,0.0,0.0,0.0,6,0.0,0.0,0.0,0.0,0.0,6,0.0,0.0,0.0,0.0,0.0,64.4
2026-09-26T22:00,9,69.82222222222222,70.6,3.2529900775201317,65.6,76.3,9,51.55555555555556,51.0,41.07648692108148,0.0,100.0,8,20.75,2.0,36.764695798317945,0.0,93.0,8,0.0,0.0,0.0,0.0,0.0,8,45.375,50.0,42.24059489570261,0.0,87.0,7,0.0,0.0,0.0,0.0,0.0,6,0.0,0.0,0.0,0.0,0.0,6,0.0,0.0,0.0,0.0,0.0,6,0.0,0.0,0.0,0.0,0.0,6,0.0,0.0,0.0,0.0,0.0,64.8
2026-09-26T23:00,9,68.92222222222222,69.1,3.0404678002643695,64.7,75.0,9,52.44444444444444,53.0,40.991191465701235,0.0,98.0,8,20.25,0.0,35.70814232876625,0.0,86.0,8,0.0,0.0,0.0,0.0,0.0,8,44.625,48.5,41.08853680946618,0.0,91.0,7,0.0,0.0,0.0,0.0,0.0,6,0.0,0.0,0.0,0.0,0.0,6,0.0,0.0,0.0,0.0,0.0,6,0.0,0.0,0.0,0.0,0.0,6,0.0,0.0,0.0,0.0,0.0,65.5
2026-09-27T00:00,9,68.16666666666667,68.6,2.9141894241795616,63.8,73.6,9,52.22222222222222,49.0,40.797603415451306,0.0,98.0,8,20.625,3.0,33.91559902379519,0.0,89.0,8,0.75,0.0,1.752549163769328,0.0,5.0,8,44.125,48.0,40.129922928978,0.0,94.0,7,0.0,0.0,0.0,0.0,0.0,6,0.0,0.0,0.0,0.0,0.0,6,0.0,0.0,0.0,0.0,0.0,6,0.0,0.0,0.0,0.0,0.0,6,0.0,0.0,0.0,0.0,0.0,65.9
2026-09-27T01:00,9,67.6,67.8,3.005411785429742,63.0,73.0,9,51.77777777777778,43.0,40.88024516125661,0.0,99.0,8,20.75,3.0,33.98213816530258,0.0,95.0,8,1.875,0.0,4.54933276112317,0.0,13.0,8,43.0,45.5,39.47512779315242,0.0,97.0,7,0.0,0.0,0.0,0.0,0.0,6,0.0,0.0,0.0,0.0,0.0,6,0.0,0.0,0.0,0.0,0.0,6,0.0,0.0,0.0,0.0,0.0,6,0.0,0.0,0.0,0.0,0.0,65.6
2026-09-27T02:00,9,67.18888888888888,67.2,3.126277516649969,62.3,72.5,9,52.0,40.0,40.73389252207552,0.0,100.0,8,20.375,1.0,35.01810756084425,0.0,100.0,8,3.0,0.0,7.3484692283495345,0.0,21.0,8,42.25,43.5,38.850445851458936,0.0,98.0,7,0.0,0.0,0.0,0.0,0.0,6,0.0,0.0,0.0,0.0,0.0,6,0.0,0.0,0.0,0.0,0.0,6,0.0,0.0,0.0,0.0,0.0,6,0.0,0.0,0.0,0.0,0.0,65.2
2026-09-27T03:00,9,66.82222222222222,66.9,3.236038387356436,61.4,71.8,9,54.111111111111114,44.0,40.194665207103185,0.0,100.0,8,19.875,1.5,34.7786367103222,0.0,100.0,8,4.875,0.0,10.357019703701308,0.0,30.0,8,43.625,47.0,39.50745860865118,0.0,97.0,7,0.14285714285714285,0.0,0.37796447300922725,0.0,1.0,6,0.0,0.0,0.0,0.0,0.0,6,0.0,0.0,0.0,0.0,0.0,6,0.0,0.0,0.0,0.0,0.0,6,0.0,0.0,0.0,0.0,0.0,64.9
2026-09-27T04:00,9,66.64444444444445,66.9,3.394889950760965,60.7,71.4,9,56.55555555555556,50.0,39.37674158405921,0.0,100.0,8,19.25,2.0,35.13138604886357,0.0,100.0,8,6.25,0.0,12.76994238716168,0.0,37.0,8,45.5,50.0,39.982138869393026,0.0,95.0,7,0.42857142857142855,0.0,1.1338934190276817,0.0,3.0,6,0.0,0.0,0.0,0.0,0.0,6,0.0,0.0,0.0,0.0,0.0,6,0.0,0.0,0.0,0.0,0.0,6,0.0,0.0,0.0,0.0,0.0,64.4
2026-09-27T05:00,9,66.73333333333335,67.4,3.3726843908080095,60.7,71.2,9,57.22222222222222,54.0,39.162411116329956,0.0,100.0,8,18.0,0.0,35.90463559406859,0.0,100.0,8,7.75,1.0,14.089002803605371,0.0,41.0,8,44.625,49.0,41.67197585222677,0.0,93.0,7,0.5714285714285714,0.0,1.511857892036909,0.0,4.0,6,0.0,0.0,0.0,0.0,0.0,6,0.0,0.0,0.0,0.0,0.0,6,0.0,0.0,0.0,0.0,0.0,6,0.0,0.0,0.0,0.0,0.0,64.5
2026-09-27T06:00,9,67.07777777777777,68.2,3.143158354974252,61.8,71.0,9,52.888888888888886,52.0,36.65530126886302,2.0,99.0,8,17.375,0.0,34.99770400632427,0.0,98.0,8,9.25,6.0,13.905291901184341,0.0,42.0,8,38.875,40.0,37.536410894718514,0.0,96.0,7,0.5714285714285714,0.0,1.511857892036909,0.0,4.0,6,0.0,0.0,0.0,0.0,0.0,6,0.0,0.0,0.0,0.0,0.0,6,0.0,0.0,0.0,0.0,0.0,6,0.0,0.0,0.0,0.0,0.0,65.2
2026-09-27T07:00,9,67.75555555555555,68.7,2.9542812624694004,63.2,71.2,9,46.333333333333336,33.0,38.4252521136817,3.0,100.0,8,16.25,0.0,33.9611122146661,0.0,96.0,8,10.375,4.5,14.019756468233371,0.0,40.0,8,32.5,24.5,36.22942766000353,0.0,100.0,7,0.2857142857142857,0.0,0.7559289460184545,0.0,2.0,6,15.116666666666667,17.55,13.404389828211752,0.0,32.1,6,0.0,0.0,0.0,0.0,0.0,6,15.116666666666667,17.55,13.404389828211752,0.0,32.1,6,9.483333333333333,10.799999999999999,8.741719891798562,0.0,18.8,63.9
2026-09-27T08:00,9,69.24444444444445,69.9,3.0639480703461355,64.5,73.2,9,39.111111111111114,28.0,39.77576034610917,0.0,94.0,8,14.125,0.0,30.893538390506745,0.0,88.0,8,11.0,5.0,13.846092795958207,0.0,36.0,8,25.0,8.0,35.681127464569514,0.0,94.0,7,0.2857142857142857,0.0,0.7559289460184545,0.0,2.0,5,153.38,155.8,29.860040187514816,104.2,178.1,6,393.96666666666664,384.29999999999995,268.43495053116067,0.0,834.7,6,261.43333333333334,104.95,436.1324324865862,43.4,1149.7,6,52.949999999999996,56.2,13.174634719793941,27.3,64.1,36.3
2026-09-27T09:00,9,71.81111111111112,71.4,2.736075859897002,67.7,75.5,9,42.888888888888886,37.0,35.61405777373748,0.0,91.0,8,12.125,0.5,24.827619988345926,0.0,72.0,8,20.125,9.5,30.81019080016963,0.0,90.0,8,19.625,5.0,28.430052007389246,0.0,66.0,7,0.42857142857142855,0.0,1.1338934190276817,0.0,3.0,5,326.96000000000004,316.9,19.800959572707583,305.7,350.0,6,427.18333333333334,488.15000000000003,219.6713765301858,0.0,592.2,6,319.96666666666664,163.7,420.5647520497488,109.5,1177.3,6,59.93333333333333,63.849999999999994,16.419338192103446,27.3,71.3,41.7
2026-09-27T10:00,9,74.8111111111111,75.5,2.723712743868397,70.4,77.9,9,35.22222222222222,26.0,30.206695357891178,0.0,83.0,8,9.5,0.5,17.800481534417624,0.0,51.0,8,17.25,4.0,27.3848237428794,0.0,79.0,8,14.125,3.0,21.437200643474217,0.0,61.0,7,0.7142857142857143,0.0,1.889822365046136,0.0,5.0,5,489.08000000000004,484.8,28.80854040037435,447.3,520.1,6,473.8499999999999,569.55,241.96167258472983,0.0,631.3,6,441.40000000000003,196.55,617.7658164709343,152.8,1701.8,6,65.2,72.35,19.007156546943055,27.3,77.3,41.7
2026-09-27T11:00,9,76.96666666666667,77.2,2.9790938219532443,72.5,81.1,8,31.875,29.0,26.851110644759984,0.0,69.0,7,8.714285714285714,0.0,14.360992139754662,0.0,33.0,7,16.571428571428573,0.0,24.548300300001376,0.0,65.0,7,10.428571428571429,0.0,21.070177525412095,0.0,56.0,7,0.8571428571428571,0.0,2.2677868380553634,0.0,6.0,5,631.6,638.6,63.079632211990585,559.9,726.1,6,546.6666666666666,598.95,308.6208007679759,0.0,910.4,6,508.3333333333333,216.05,774.5516139462021,117.1,2086.5,6,70.75,76.75,22.905610666384778,27.3,92.4,37.7
2026-09-27T12:00,9,77.75555555555556,78.2,2.829801720576509,73.1,82.2,8,29.5,22.0,28.928483245015503,0.0,83.0,7,6.285714285714286,1.0,8.400680244565232,0.0,19.0,7,18.857142857142858,0.0,29.706500811711074,0.0,80.0,7,11.285714285714286,0.0,18.44554404830867,0.0,50.0,7,0.7142857142857143,0.0,1.889822365046136,0.0,5.0,5,673.78,641.0,113.64262844549131,517.7,792.3,6,513.8666666666667,484.1,321.1222114190588,0.0,901.7,6,578.9666666666667,239.35000000000002,924.0964704329665,104.0,2460.7,6,69.85,70.1,24.17401497476164,27.3,94.7,29.7
2026-09-27T13:00,9,77.84444444444443,78.9,2.657588714940252,73.5,82.1,8,28.75,17.0,30.292620506368497,0.0,93.0,7,5.142857142857143,2.0,6.491753010001008,0.0,17.0,7,20.714285714285715,0.0,34.10138944243712,0.0,92.0,7,12.428571428571429,0.0,19.61170690223183,0.0,42.0,7,0.42857142857142855,0.0,1.1338934190276817,0.0,3.0,4,696.15,743.9,168.31457651275085,465.3,831.5,5,513.8399999999999,504.3,375.39310462500504,0.0,920.3,5,645.4799999999999,207.6,1046.2709864083968,90.3,2513.2,5,69.8,72.2,28.085850530115692,27.3,95.8,21.7
2026-09-27T14:00,8,77.525,78.05000000000001,2.8514407385941376,73.6,81.6,8,27.625,23.0,33.359245880479456,0.0,100.0,7,3.7142857142857144,0.0,8.577378887016042,0.0,23.0,7,22.0,0.0,37.322915213043046,0.0,100.0,7,12.142857142857142,0.0,21.45094070531307,0.0,52.0,7,0.2857142857142857,0.0,0.7559289460184545,0.0,2.0,4,655.125,713.75,178.8153680010008,401.5,791.5,5,497.64,521.6,370.66003696109453,0.0,891.3,5,606.02,187.7,992.8802430303465,86.1,2378.9,5,69.17999999999999,74.0,28.591554697147902,27.3,95.8,17.4
2026-09-27T15:00,8,77.2,77.69999999999999,2.8670542373662866,73.3,80.9,8,27.625,23.0,31.91926198573967,0.0,100.0,7,4.428571428571429,0.0,7.764387566686396,0.0,21.0,7,21.857142857142858,0.0,37.870078652451426,0.0,100.0,7,9.571428571428571,0.0,16.04012825028884,0.0,40.0,7,0.2857142857142857,0.0,0.7559289460184545,0.0,2.0,4,550.85,624.7,186.11004808983316,279.3,674.7,5,463.43999999999994,521.9,359.0979295401186,0.0,820.0,5,518.6800000000001,137.3,864.2278299152371,82.6,2062.5,5,67.46000000000001,74.6,28.740789829091337,27.3,93.7,18.2
2026-09-27T16:00,8,76.8625,77.0,2.5867450589495693,72.8,80.3,8,24.75,18.0,32.587245533008335,0.0,100.0,7,3.0,0.0,5.477225575051661,0.0,15.0,7,21.714285714285715,0.0,38.23922194864973,0.0,100.0,7,4.857142857142857,0.0,7.967194642795572,0.0,17.0,7,0.2857142857142857,0.0,0.7559289460184545,0.0,2.0,4,429.15,478.65,129.21074516721382,239.9,519.4,5,424.64,492.7,312.2916153213211,0.0,733.0,5,407.32,110.3,665.7411786873334,78.0,1597.0,5,65.08000000000001,73.3,26.48531668679837,27.3,89.2,25.7
2026-09-27T17:00,8,76.125,76.55000000000001,2.5381376749780267,72.0,79.8,8,22.25,12.5,32.415825059463074,0.0,97.0,7,1.5714285714285714,0.0,3.3594217189442417,0.0,9.0,7,20.714285714285715,0.0,37.08869677639575,0.0,96.0,7,1.5714285714285714,0.0,4.157609203101499,0.0,11.0,7,0.2857142857142857,0.0,0.7559289460184545,0.0,2.0,4,277.125,299.2,64.24486360791809,183.1,327.0,5,359.1,411.0,243.5593972730266,0.0,604.9,5,267.08000000000004,76.5,418.63790081644544,60.8,1015.1,5,61.08,68.8,22.721509632944727,27.3,82.2,35.6
2026-09-27T18:00,8,74.65,74.6,2.520770857155749,70.8,78.4,8,20.375,12.5,25.872972660398233,0.0,79.0,7,1.4285714285714286,0.0,2.29906813420444,0.0,6.0,7,18.857142857142858,2.0,30.002380857906218,0.0,78.0,7,1.1428571428571428,0.0,3.023715784073818,0.0,8.0,7,0.42857142857142855,0.0,0.7867957924694432,0.0,2.0,5,124.1,115.3,26.947634404526124,105.0,171.4,5,302.71999999999997,298.4,47.661326041141585,242.5,352.1,5,49.82000000000001,38.1,22.18213244933859,31.8,85.8,5,61.9,60.3,6.450581369148059,53.4,69.4,65.1
2026-09-27T19:00,8,72.7375,72.85,2.569567779107718,69.4,76.4,8,17.75,15.0,18.599155126740875,0.0,54.0,7,1.5714285714285714,0.0,2.439750182371333,0.0,6.0,7,15.571428571428571,1.0,21.40760879420479,0.0,54.0,7,1.0,0.0,2.6457513110645907,0.0,7.0,7,0.5714285714285714,0.0,0.9759000729485332,0.0,2.0,5,0.0,0.0,0.0,0.0,0.0,5,0.0,0.0,0.0,0.0,0.0,5,0.0,0.0,0.0,0.0,0.0,5,32.58,34.5,5.288856209049365,26.1,38.1,78.7
2026-09-27T20:00,8,70.8625,71.2,2.5773394365951465,67.6,73.8,8,16.25,11.5,15.818163158669394,0.0,39.0,7,1.5714285714285714,0.0,3.3594217189442417,0.0,9.0,7,12.857142857142858,1.0,15.983622570499795,0.0,33.0,7,1.1428571428571428,0.0,2.2677868380553634,0.0,6.0,7,0.7142857142857143,0.0,1.2535663410560174,0.0,3.0,5,0.0,0.0,0.0,0.0,0.0,5,0.0,0.0,0.0,0.0,0.0,5,0.0,0.0,0.0,0.0,0.0,5,0.0,0.0,0.0,0.0,0.0,80.6
2026-09-27T21:00,8,69.3375,69.9,2.5939145816974905,65.7,73.0,8,16.375,10.5,13.989153961960266,0.0,40.0,7,1.1428571428571428,0.0,2.1930626551751344,0.0,6.0,7,9.714285714285714,0.0,13.671311638052945,0.0,35.0,7,2.2857142857142856,0.0,3.946064947695181,0.0,9.0,7,0.7142857142857143,0.0,1.2535663410560174,0.0,3.0,5,0.0,0.0,0.0,0.0,0.0,5,0.0,0.0,0.0,0.0,0.0,5,0.0,0.0,0.0,0.0,0.0,5,0.0,0.0,0.0,0.0,0.0,81.9
2026-09-27T22:00,8,68.0625,68.5,2.8218218532410178,64.3,72.7,8,18.25,14.0,16.237082778099552,0.0,41.0,7,3.0,1.0,5.416025603090641,0.0,15.0,7,7.285714285714286,0.0,13.88901587243538,0.0,38.0,7,3.5714285714285716,0.0,6.876460883747852,0.0,18.0,7,0.7142857142857143,0.0,1.2535663410560174,0.0,3.0,5,0.0,0.0,0.0,0.0,0.0,5,0.0,0.0,0.0,0.0,0.0,5,0.0,0.0,0.0,0.0,0.0,5,0.0,0.0,0.0,0.0,0.0,79.6
2026-09-27T23:00,8,67.05,66.85,3.0109324611678483,62.8,72.3,8,21.125,19.5,20.746342190509495,0.0,45.0,7,6.571428571428571,0.0,15.661599991243369,0.0,42.0,7,5.857142857142857,0.0,15.496543393378316,0.0,41.0,7,5.0,0.0,10.472185381603339,0.0,28.0,7,0.7142857142857143,0.0,1.2535663410560174,0.0,3.0,5,0.0,0.0,0.0,0.0,0.0,5,0.0,0.0,0.0,0.0,0.0,5,0.0,0.0,0.0,0.0,0.0,5,0.0,0.0,0.0,0.0,0.0,75.8
2026-09-28T00:00,8,66.25,66.0,3.0218253707698897,61.8,71.7,8,26.25,25.0,23.389558109793963,0.0,62.0,7,10.142857142857142,1.0,23.814761328698157,0.0,64.0,7,5.428571428571429,0.0,14.362649974350635,0.0,38.0,7,8.857142857142858,0.0,15.453463165566603,0.0,42.0,7,0.8571428571428571,1.0,1.0690449676496976,0.0,3.0,5,0.0,0.0,0.0,0.0,0.0,5,0.0,0.0,0.0,0.0,0.0,5,0.0,0.0,0.0,0.0,0.0,5,0.0,0.0,0.0,0.0,0.0,73.8
2026-09-28T01:00,8,65.4875,64.9,3.0851892741196445,60.8,71.0,8,32.375,33.0,27.753699882049187,0.0,80.0,7,12.0,0.0,27.537852736430512,0.0,74.0,7,5.142857142857143,0.0,13.60672102833218,0.0,36.0,7,13.571428571428571,0.0,22.255015486081206,0.0,56.0,7,0.7142857142857143,0.0,1.1126972805283735,0.0,3.0,5,0.0,0.0,0.0,0.0,0.0,5,0.0,0.0,0.0,0.0,0.0,5,0.0,0.0,0.0,0.0,0.0,5,0.0,0.0,0.0,0.0,0.0,70.5
2026-09-28T02:00,8,64.9,64.65,3.232425007416481,60.0,70.3,8,36.75,37.5,31.39949954105274,0.0,92.0,7,16.428571428571427,0.0,37.15668240867378,0.0,100.0,7,4.714285714285714,0.0,12.472827609304497,0.0,33.0,7,17.428571428571427,0.0,27.825989906663054,0.0,60.0,7,0.7142857142857143,0.0,1.1126972805283735,0.0,3.0,5,0.0,0.0,0.0,0.0,0.0,5,0.0,0.0,0.0,0.0,0.0,5,0.0,0.0,0.0,0.0,0.0,5,0.0,0.0,0.0,0.0,0.0,67.5
2026-09-28T03:00,8,64.48750000000001,64.45,3.4039630264904845,59.5,69.8,8,39.75,44.0,32.398192189424044,0.0,92.0,7,17.0,0.0,37.063009411901064,0.0,100.0,7,6.714285714285714,0.0,17.764330231433682,0.0,47.0,7,18.428571428571427,0.0,31.00460795245949,0.0,78.0,7,0.8571428571428571,0.0,1.4638501094227998,0.0,4.0,5,0.0,0.0,0.0,0.0,0.0,5,0.0,0.0,0.0,0.0,0.0,5,0.0,0.0,0.0,0.0,0.0,5,0.0,0.0,0.0,0.0,0.0,66.2
2026-09-28T04:00,8,64.28750000000001,64.15,3.3774197674725412,59.4,69.2,8,40.0,33.5,35.375536341214264,0.0,88.0,7,13.857142857142858,0.0,27.413066053912875,0.0,74.0,7,8.714285714285714,0.0,23.055832853562862,0.0,61.0,7,16.857142857142858,0.0,34.719968180806134,0.0,94.0,7,1.2857142857142858,1.0,2.138089935299395,0.0,6.0,5,0.0,0.0,0.0,0.0,0.0,5,0.0,0.0,0.0,0.0,0.0,5,0.0,0.0,0.0,0.0,0.0,5,0.0,0.0,0.0,0.0,0.0,64.4
2026-09-28T05:00,8,64.5375,64.35,3.218667648044984,59.8,69.1,8,40.375,34.0,40.679715900117664,0.0,100.0,7,14.142857142857142,0.0,27.388735953724794,0.0,74.0,7,11.571428571428571,0.0,28.058612123298513,0.0,75.0,7,15.0,0.0,37.52776749732568,0.0,100.0,7,1.4285714285714286,1.0,2.1491969707422394,0.0,6.0,5,0.0,0.0,0.0,0.0,0.0,5,0.0,0.0,0.0,0.0,0.0,5,0.0,0.0,0.0,0.0,0.0,5,0.0,0.0,0.0,0.0,0.0,64.9
2026-09-28T06:00,8,65.25,65.19999999999999,2.640887296778434,60.9,69.1,8,40.125,32.5,41.031129297504975,0.0,100.0,7,17.857142857142858,0.0,36.88915184453993,0.0,100.0,7,12.857142857142858,0.0,26.928476695551446,0.0,72.0,7,14.142857142857142,0.0,35.244047116397645,0.0,94.0,7,1.2857142857142858,1.0,1.3801311186847085,0.0,4.0,5,0.0,0.0,0.0,0.0,0.0,5,0.0,0.0,0.0,0.0,0.0,5,0.0,0.0,0.0,0.0,0.0,5,0.0,0.0,0.0,0.0,0.0,66.7
2026-09-28T07:00,8,66.45,66.55,2.0563490531938973,62.5,69.4,8,39.875,29.5,42.04568094007143,0.0,100.0,7,17.714285714285715,0.0,36.79544485265482,0.0,100.0,7,15.0,0.0,27.331300737432898,0.0,69.0,7,12.0,0.0,29.143323992525858,0.0,78.0,7,1.4285714285714286,1.0,1.3972762620115435,0.0,4.0,5,11.919999999999998,0.0,16.62940167294061,0.0,34.3,5,0.0,0.0,0.0,0.0,0.0,5,11.919999999999998,0.0,16.62940167294061,0.0,34.3,5,7.159999999999999,0.0,10.307667049337596,0.0,22.4,66.3
2026-09-28T08:00,8,68.27499999999999,68.85,2.0720934893414986,64.6,70.7,8,38.125,25.5,41.55009884808596,0.0,100.0,7,13.571428571428571,0.0,27.11615227656229,0.0,74.0,7,17.571428571428573,0.0,30.12118381282041,0.0,66.0,7,8.857142857142858,0.0,20.836095055044673,0.0,56.0,7,1.4285714285714286,1.0,1.7182493859684491,0.0,5.0,4,176.55,175.55,42.472461666355066,125.6,229.5,5,533.1800000000001,720.8,373.0904340773158,0.0,860.9,5,295.08000000000004,83.7,483.4225863569058,52.3,1158.4,5,59.68000000000001,65.2,24.865779698211757,22.7,82.2,37.6
2026-09-28T09:00,8,70.8,71.7,2.607133072388685,66.8,73.5,8,34.25,20.5,38.857799364201924,0.0,100.0,7,7.0,0.0,11.761519176251568,0.0,32.0,7,20.571428571428573,0.0,35.20822414747793,0.0,76.0,7,5.285714285714286,0.0,12.257165057144954,0.0,33.0,7,1.4285714285714286,1.0,1.7182493859684491,0.0,5.0,5,431.7,412.0,122.38139155933797,299.5,633.5,5,760.2,731.5,221.56878164579055,494.9,1007.6,5,169.1,128.7,148.0061991944932,65.0,424.5,5,79.17999999999999,77.2,9.693915617540723,67.0,92.6,27.7
2026-09-28T10:00,8,73.6,75.05,3.3079989635514013,68.8,77.1,8,28.875,14.5,37.380046243187785,0.0,100.0,7,2.142857142857143,0.0,4.180453381654971,0.0,11.0,7,22.714285714285715,0.0,39.262850489634964,0.0,90.0,7,2.2857142857142856,0.0,4.785891965429423,0.0,13.0,7,1.4285714285714286,1.0,1.7182493859684491,0.0,5.0,5,622.16,583.9,179.44463770199434,429.7,918.0,5,779.3399999999999,755.4,214.03380106889654,484.5,1017.0,5,213.58,173.5,198.7494327035929,74.7,558.8,5,83.32000000000001,86.0,9.94645665551306,67.8,94.6,18.3
2026-09-28T11:00,8,75.69999999999999,76.9,3.8589413796310224,70.3,80.2,8,24.375,5.0,37.89812471802341,0.0,97.0,7,1.7142857142857142,0.0,4.111540089159037,0.0,11.0,7,23.714285714285715,0.0,41.08817463988994,0.0,95.0,7,0.14285714285714285,0.0,0.37796447300922725,0.0,1.0,7,1.5714285714285714,1.0,1.7182493859684491,0.0,5.0,5,760.5,718.9,226.12064257824846,504.1,1125.3,5,788.76,798.6,224.21851618454716,433.1,1017.6,5,235.3,190.2,208.7892837288351,79.1,593.9,5,85.92,88.6,12.33499087960749,64.7,95.5,15.5
2026-09-28T12:00,8,76.4375,76.30000000000001,3.934803498451807,71.4,82.7,8,22.5,0.5,37.89459064299283,0.0,86.0,7,1.4285714285714286,0.0,3.779644730092272,0.0,10.0,7,24.285714285714285,0.0,41.53999793658431,0.0,89.0,7,4.857142857142857,0.0,12.415428190072912,0.0,33.0,7,2.0,1.0,2.309401076758503,0.0,7.0,4,757.4749999999999,799.25,127.43111537872791,572.8,858.6,5,628.56,752.5,432.8352261542491,0.0,1032.0,5,642.64,204.8,1083.0256474340763,73.8,2573.9,5,74.7,89.0,30.930082444119027,26.0,99.0,20.0
2026-09-28T13:00,8,77.175,76.35,4.321953923202527,72.1,84.6,8,21.125,0.0,36.860499570291076,0.0,90.0,7,1.1428571428571428,0.0,3.023715784073818,0.0,8.0,7,23.428571428571427,0.0,40.27760810035415,0.0,90.0,7,9.571428571428571,0.0,25.323619691618227,0.0,67.0,7,2.4285714285714284,2.0,2.9920529661723827,0.0,9.0,4,757.9499999999999,821.55,168.6253144301491,509.4,879.3,5,595.22,742.6,434.9262604166367,0.0,1005.2,5,654.78,206.8,1106.8877955782148,73.2,2629.0,5,73.11999999999999,89.1,31.966576294623728,25.7,98.8,13.1
2026-09-28T14:00,8,77.5625,76.75,4.613315355731556,72.5,85.6,8,19.625,0.0,36.9475980274767,0.0,100.0,7,0.8571428571428571,0.0,2.2677868380553634,0.0,6.0,7,22.0,0.0,39.84971769034255,0.0,100.0,7,14.285714285714286,0.0,37.79644730092272,0.0,100.0,7,2.857142857142857,2.0,3.338091841585121,0.0,10.0,4,693.5000000000001,779.75,206.04570690342794,386.8,827.7,5,553.22,730.2,436.03536209807567,0.0,959.5,5,616.46,190.9,1047.1823924226383,72.5,2485.3,5,71.02000000000001,88.9,33.576881927897944,25.5,98.6,10.6
2026-09-28T15:00,8,77.55,76.55,4.556000752539762,72.5,85.2,8,17.25,0.0,35.32198829543514,0.0,100.0,7,0.42857142857142855,0.0,1.1338934190276817,0.0,3.0,7,19.0,0.0,37.77565353504821,0.0,100.0,7,14.285714285714286,0.0,37.79644730092272,0.0,100.0,7,2.7142857142857144,2.0,2.984084768360628,0.0,9.0,4,567.1,676.6500000000001,242.1645859052613,204.9,710.2,5,492.56000000000006,699.5,445.1125677848245,0.0,901.1,5,462.14,164.3,754.1447593134889,64.0,1808.0,5,62.739999999999995,87.5,41.58007936500363,9.8,96.1,10.8
2026-09-28T16:00,8,77.2,76.05000000000001,4.277849927241485,72.2,83.8,8,15.25,0.0,34.751156198648374,0.0,100.0,7,0.14285714285714285,0.0,0.37796447300922725,0.0,1.0,7,16.285714285714285,0.0,37.281426500400464,0.0,100.0,7,14.428571428571429,0.0,37.73529357183247,0.0,100.0,7,2.4285714285714284,2.0,2.29906813420444,0.0,7.0,4,429.65000000000003,521.35,197.57973074179452,133.8,542.1,5,442.03999999999996,634.3,405.27384939075455,0.0,810.2,5,359.34000000000003,129.4,580.6950042836602,58.6,1396.4,5,59.160000000000004,84.0,39.66652240870126,6.9,91.8,11.8
2026-09-28T17:00,8,76.52499999999999,75.05,4.02944519399738,71.6,82.4,8,13.875,0.0,34.889365960745934,0.0,100.0,7,0.0,0.0,0.0,0.0,0.0,7,14.571428571428571,0.0,37.67783231051181,0.0,100.0,7,14.714285714285714,0.0,37.624080434894736,0.0,100.0,7,2.142857142857143,2.0,1.6761634196950517,0.0,5.0,4,267.15,329.8,130.44371710946194,71.6,337.4,5,363.4,509.5,336.33262553609035,0.0,672.3,5,232.5,70.8,363.80096206579776,45.6,882.0,5,53.8,75.6,35.718132649958065,5.1,84.9,19.4
2026-09-28T18:00,7,75.31428571428572,73.4,4.136596254341067,70.5,81.0,7,15.0,0.0,37.52776749732568,0.0,100.0,6,4.333333333333333,0.0,10.614455552060438,0.0,26.0,6,16.666666666666668,0.0,40.824829046386306,0.0,100.0,6,16.666666666666668,0.0,40.824829046386306,0.0,100.0,7,1.8571428571428572,2.0,1.2149857925879117,0.0,3.0,4,94.875,116.9,49.73988171812769,20.5,125.2,5,204.66000000000003,289.1,186.58513606394268,0.0,382.5,5,128.57999999999998,33.1,213.14081495574703,18.7,509.0,5,43.54,59.2,29.27401578191827,0.0,67.2,36.5
2026-09-28T19:00,7,73.34285714285714,71.5,3.9731839217673404,69.2,78.8,7,15.142857142857142,0.0,37.48523518857601,0.0,100.0,6,8.666666666666666,0.0,21.228911104120876,0.0,52.0,6,16.666666666666668,0.0,40.824829046386306,0.0,100.0,6,16.666666666666668,0.0,40.824829046386306,0.0,100.0,7,1.5714285714285714,1.0,1.1338934190276817,0.0,3.0,5,0.0,0.0,0.0,0.0,0.0,5,0.0,0.0,0.0,0.0,0.0,5,0.0,0.0,0.0,0.0,0.0,5,27.04,33.9,15.6581608115385,0.0,37.3,62.6
2026-09-28T20:00,7,71.39999999999999,69.4,3.7735924528226383,67.9,76.6,7,15.428571428571429,0.0,37.41148283106469,0.0,100.0,6,13.0,0.0,31.843366656181317,0.0,78.0,6,16.666666666666668,0.0,40.824829046386306,0.0,100.0,6,16.666666666666668,0.0,40.824829046386306,0.0,100.0,7,1.2857142857142858,1.0,1.1126972805283737,0.0,3.0,5,0.0,0.0,0.0,0.0,0.0,5,0.0,0.0,0.0,0.0,0.0,5,0.0,0.0,0.0,0.0,0.0,5,0.0,0.0,0.0,0.0,0.0,63.2
2026-09-28T21:00,7,69.9,68.6,3.760319135392629,65.7,76.3,7,15.857142857142858,0.0,37.32929399916627,0.0,100.0,6,12.166666666666666,0.0,29.802125203862,0.0,73.0,6,16.666666666666668,0.0,40.824829046386306,0.0,100.0,6,16.666666666666668,0.0,40.824829046386306,0.0,100.0,7,1.4285714285714286,1.0,0.9759000729485333,0.0,3.0,5,0.0,0.0,0.0,0.0,0.0,5,0.0,0.0,0.0,0.0,0.0,5,0.0,0.0,0.0,0.0,0.0,5,0.0,0.0,0.0,0.0,0.0,63.2
2026-09-28T22:00,7,68.77142857142857,68.7,4.111655905558525,63.8,76.5,7,16.428571428571427,0.0,37.273123216142146,0.0,100.0,6,11.5,0.0,28.16913204200655,0.0,69.0,6,16.666666666666668,0.0,40.824829046386306,0.0,100.0,6,16.666666666666668,0.0,40.824829046386306,0.0,100.0,7,1.8571428571428572,2.0,1.3451854182690985,0.0,4.0,5,0.0,0.0,0.0,0.0,0.0,5,0.0,0.0,0.0,0.0,0.0,5,0.0,0.0,0.0,0.0,0.0,5,0.0,0.0,0.0,0.0,0.0,62.2
2026-09-28T23:00,7,67.84285714285714,67.4,4.5923331553278866,62.2,76.6,7,16.857142857142858,0.0,37.27120681092654,0.0,100.0,6,10.666666666666666,0.0,26.127890589687233,0.0,64.0,6,16.666666666666668,0.0,40.824829046386306,0.0,100.0,6,16.666666666666668,0.0,40.824829046386306,0.0,100.0,7,1.8571428571428572,1.0,1.6761634196950517,0.0,5.0,5,0.0,0.0,0.0,0.0,0.0,5,0.0,0.0,0.0,0.0,0.0,5,0.0,0.0,0.0,0.0,0.0,5,0.0,0.0,0.0,0.0,0.0,60.6
2026-09-29T00:00,7,67.0,66.4,4.9453682033461055,60.7,76.2,7,17.142857142857142,0.0,37.204070437827866,0.0,100.0,6,11.666666666666666,0.0,28.577380332470412,0.0,70.0,6,16.666666666666668,0.0,40.824829046386306,0.0,100.0,6,16.5,0.0,40.41658075592244,0.0,99.0,7,1.7142857142857142,1.0,1.3801311186847085,0.0,4.0,5,0.0,0.0,0.0,0.0,0.0,5,0.0,0.0,0.0,0.0,0.0,5,0.0,0.0,0.0,0.0,0.0,5,0.0,0.0,0.0,0.0,0.0,59.5
2026-09-29T01:00,7,66.15714285714286,65.6,5.202197337938762,59.6,75.5,7,17.428571428571427,0.0,37.14322344141725,0.0,100.0,6,12.666666666666666,0.0,30.539591789456956,0.0,75.0,6,16.666666666666668,0.0,40.824829046386306,0.0,100.0,6,16.5,0.0,39.92868642968361,0.0,98.0,7,1.2857142857142858,1.0,1.1126972805283737,0.0,3.0,5,0.0,0.0,0.0,0.0,0.0,5,0.0,0.0,0.0,0.0,0.0,5,0.0,0.0,0.0,0.0,0.0,5,0.0,0.0,0.0,0.0,0.0,58.7
2026-09-29T02:00,7,65.45714285714287,64.9,5.445749762538714,58.6,74.8,7,17.714285714285715,0.0,37.08869677639575,0.0,100.0,6,13.833333333333334,0.0,32.91453579600762,0.0,81.0,6,16.666666666666668,0.0,40.824829046386306,0.0,100.0,6,16.333333333333332,0.0,39.520458836742606,0.0,97.0,7,1.0,1.0,1.1547005383792515,0.0,3.0,5,0.0,0.0,0.0,0.0,0.0,5,0.0,0.0,0.0,0.0,0.0,5,0.0,0.0,0.0,0.0,0.0,5,0.0,0.0,0.0,0.0,0.0,58.0
2026-09-29T03:00,7,64.98571428571428,64.7,5.620921802050075,57.7,74.3,7,18.285714285714285,0.0,36.99871297632881,0.0,100.0,6,13.5,0.0,32.09828655863113,0.0,79.0,6,16.666666666666668,0.0,40.824829046386306,0.0,100.0,6,11.166666666666666,0.0,26.3849704693158,0.0,65.0,7,0.8571428571428571,1.0,0.8997354108424375,0.0,2.0,5,0.0,0.0,0.0,0.0,0.0,5,0.0,0.0,0.0,0.0,0.0,5,0.0,0.0,0.0,0.0,0.0,5,0.0,0.0,0.0,0.0,0.0,57.4
2026-09-29T04:00,7,64.81428571428572,65.1,5.599829929390291,57.0,73.7,7,18.857142857142858,0.0,37.019943145231736,0.0,100.0,6,13.5,0.0,31.62119542332326,0.0,78.0,6,16.666666666666668,0.0,40.824829046386306,0.0,100.0,6,5.666666666666667,0.0,12.925427136720344,0.0,32.0,7,0.7142857142857143,1.0,0.7559289460184545,0.0,2.0,5,0.0,0.0,0.0,0.0,0.0,5,0.0,0.0,0.0,0.0,0.0,5,0.0,0.0,0.0,0.0,0.0,5,0.0,0.0,0.0,0.0,0.0,57.5
2026-09-29T05:00,7,65.24285714285713,65.3,5.51901474989185,56.7,73.6,7,19.0,0.0,37.05401462729781,0.0,100.0,6,13.166666666666666,0.0,30.805302573853528,0.0,76.0,6,16.666666666666668,0.0,40.824829046386306,0.0,100.0,6,0.3333333333333333,0.0,0.816496580927726,0.0,2.0,7,0.5714285714285714,0.0,0.7867957924694431,0.0,2.0,5,0.0,0.0,0.0,0.0,0.0,5,0.0,0.0,0.0,0.0,0.0,5,0.0,0.0,0.0,0.0,0.0,5,0.0,0.0,0.0,0.0,0.0,57.8
2026-09-29T06:00,7,66.34285714285714,66.8,5.525051174078887,56.3,73.6,7,18.428571428571427,0.0,35.59895664602706,0.0,96.0,6,12.333333333333334,0.0,28.765720339784068,0.0,71.0,6,14.666666666666666,0.0,35.92584956081995,0.0,88.0,6,0.3333333333333333,0.0,0.816496580927726,0.0,2.0,7,0.5714285714285714,0.0,0.7867957924694431,0.0,2.0,5,0.0,0.0,0.0,0.0,0.0,5,0.0,0.0,0.0,0.0,0.0,5,0.0,0.0,0.0,0.0,0.0,5,0.0,0.0,0.0,0.0,0.0,57.7
2026-09-29T07:00,7,68.15714285714284,69.1,5.910684433819018,56.4,73.8,7,17.428571428571427,0.0,33.80264852964997,0.0,91.0,6,11.333333333333334,0.0,26.793033920529915,0.0,66.0,6,12.5,0.0,30.618621784789728,0.0,75.0,6,0.3333333333333333,0.0,0.816496580927726,0.0,2.0,7,0.5714285714285714,1.0,0.5345224838248488,0.0,1.0,5,7.340000000000001,0.0,16.412738954848457,0.0,36.7,5,0.0,0.0,0.0,0.0,0.0,5,7.340000000000001,0.0,16.412738954848457,0.0,36.7,5,5.3,0.0,11.851160280748886,0.0,26.5,55.1
2026-09-29T08:00,7,70.82857142857144,70.7,6.6195957292758925,58.3,78.5,7,16.285714285714285,0.0,32.3970898163929,0.0,87.0,6,10.5,0.0,24.752777621915484,0.0,61.0,6,10.5,0.0,25.71964229922337,0.0,63.0,6,0.16666666666666666,0.0,0.408248290463863,0.0,1.0,7,0.5714285714285714,1.0,0.5345224838248488,0.0,1.0,5,180.32,179.2,52.46472148024804,96.7,234.7,5,716.28,746.9,287.3582641929757,268.1,1032.0,5,76.82000000000001,58.0,42.387875624994464,30.0,125.6,5,70.8,76.9,18.88941502535216,40.7,88.3,23.9
2026-09-29T09:00,7,74.38571428571429,75.0,6.903967113534212,63.4,83.3,7,14.857142857142858,0.0,29.840847683606285,0.0,80.0,6,10.5,0.0,25.232915011944222,0.0,62.0,6,7.0,0.0,17.146428199482248,0.0,42.0,6,0.16666666666666666,0.0,0.408248290463863,0.0,1.0,7,0.7142857142857143,1.0,0.7559289460184545,0.0,2.0,4,371.925,407.35,80.71630876099329,251.5,421.5,5,621.46,765.2,443.1693897371523,0.0,1021.2,5,337.58000000000004,137.9,520.2836313012356,63.8,1265.2,5,67.32,77.3,27.356023102783055,27.3,93.3,20.9
2026-09-29T10:00,7,78.24285714285715,78.8,7.011147586250805,70.4,87.5,7,13.285714285714286,0.0,26.924055450558743,0.0,72.0,6,10.666666666666666,0.0,26.127890589687233,0.0,64.0,6,3.5,0.0,8.573214099741124,0.0,21.0,6,0.0,0.0,0.0,0.0,0.0,7,0.7142857142857143,0.0,1.1126972805283735,0.0,3.0,4,540.1,584.25,103.1006304539405,386.2,605.7,5,626.1,789.5,432.9926616006327,0.0,1023.5,5,472.84,169.8,763.6708898471907,72.4,1835.8,5,70.67999999999999,85.8,28.68391535338229,27.3,95.0,19.5
2026-09-29T11:00,7,81.25714285714287,81.4,7.39974259526576,72.6,90.6,7,11.857142857142858,0.0,24.375045787502785,0.0,65.0,6,10.833333333333334,0.0,26.536138880151096,0.0,65.0,6,0.0,0.0,0.0,0.0,0.0,6,0.0,0.0,0.0,0.0,0.0,7,0.8571428571428571,0.0,1.4638501094227998,0.0,4.0,4,668.6,714.85,116.64581718461521,495.5,749.2,5,627.26,789.2,421.926069353388,0.0,1016.4,5,570.0799999999999,184.1,943.3980374158087,75.9,2254.2,5,73.16,90.6,29.68506358423374,27.3,95.8,18.3
2026-09-29T12:00,7,83.1857142857143,83.0,7.821003467464725,73.3,92.5,7,10.571428571428571,0.0,22.074549016587273,0.0,59.0,6,9.833333333333334,0.0,24.08664913736792,0.0,59.0,6,0.0,0.0,0.0,0.0,0.0,6,0.0,0.0,0.0,0.0,0.0,7,1.2857142857142858,0.0,1.889822365046136,0.0,5.0,4,757.9749999999999,802.3499999999999,118.87484665254742,583.2,844.0,5,647.6,775.8,420.9781051313714,0.0,1017.7,5,608.4799999999999,198.2,1038.1211740447259,73.8,2461.6,5,75.86,90.6,30.465603555485323,27.3,99.1,18.3
2026-09-29T13:00,7,84.58571428571427,84.2,8.21491094928983,73.7,93.7,7,9.285714285714286,0.0,20.138804050177075,0.0,54.0,6,9.0,0.0,22.045407685048602,0.0,54.0,6,0.0,0.0,0.0,0.0,0.0,6,0.0,0.0,0.0,0.0,0.0,7,1.5714285714285714,1.0,2.14919697074224,0.0,6.0,4,782.325,822.35,108.04092974424097,623.5,861.1,5,638.8,761.3,403.83483628830237,0.0,986.2,5,618.74,200.6,1061.0531315631654,74.2,2513.2,5,76.4,90.3,30.159907161660826,27.3,99.1,20.6
2026-09-29T14:00,7,85.35714285714286,84.7,8.504284634397957,73.8,94.3,7,8.0,0.0,17.88854381999832,0.0,48.0,6,8.0,0.0,19.595917942265423,0.0,48.0,6,0.0,0.0,0.0,0.0,0.0,6,0.0,0.0,0.0,0.0,0.0,7,1.5714285714285714,1.0,2.14919697074224,0.0,6.0,4,747.15,779.95,86.51876482397714,619.6,809.1,5,623.82,747.0,383.48764256492024,0.0,940.9,5,584.4,185.4,1002.6821056546287,72.5,2375.1,5,76.9,90.1,29.924237667817028,27.3,99.1,25.2
2026-09-29T15:00,7,85.54285714285716,85.6,8.558398826660888,73.5,94.4,7,7.0,0.0,15.286159317064136,0.0,41.0,6,6.833333333333333,0.0,16.73817990901838,0.0,41.0,6,0.0,0.0,0.0,0.0,0.0,6,0.0,0.0,0.0,0.0,0.0,7,1.8571428571428572,1.0,2.410295378065479,0.0,7.0,4,662.8,676.15,39.82603838361703,605.0,693.9,5,613.5999999999999,716.3,358.0748385463575,0.0,885.5,5,455.2,159.4,758.8448326239035,63.0,1810.4,5,77.14,88.7,28.851828364940758,27.1,96.5,33.5
2026-09-29T16:00,7,85.08571428571427,86.3,8.524362844504093,72.6,93.9,7,6.0,0.0,12.36931687685298,0.0,33.0,6,5.5,0.0,13.472193585307478,0.0,33.0,6,0.0,0.0,0.0,0.0,0.0,6,0.0,0.0,0.0,0.0,0.0,7,2.5714285714285716,2.0,2.760262237369417,0.0,8.0,4,508.275,521.5,31.20869269931057,461.9,528.2,5,553.7,652.6,323.3011057822104,0.0,795.1,5,357.9,131.0,580.4574747559031,57.6,1394.5,5,73.1,85.4,26.727046226622196,26.6,92.1,36.8
2026-09-29T17:00,7,84.15714285714286,85.8,8.403344005584355,71.8,92.9,7,5.142857142857143,0.0,9.92351704166373,0.0,26.0,6,4.333333333333333,0.0,10.614455552060438,0.0,26.0,6,0.0,0.0,0.0,0.0,0.0,6,0.0,0.0,0.0,0.0,0.0,7,2.7142857142857144,2.0,2.870208222079931,0.0,8.0,4,315.225,327.05,26.221158759037845,276.0,330.8,5,450.08000000000004,528.7,267.5637438069665,0.0,654.1,5,234.38000000000002,91.8,359.50244366346107,45.5,875.9,5,66.42,74.9,23.337459159043,26.4,85.3,39.3
2026-09-29T18:00,7,82.55714285714285,83.2,8.060781009070425,71.0,91.1,7,5.571428571428571,0.0,10.70602856427385,0.0,28.0,6,4.666666666666667,0.0,11.430952132988164,0.0,28.0,6,0.0,0.0,0.0,0.0,0.0,6,0.0,0.0,0.0,0.0,0.0,7,2.4285714285714284,1.0,2.9920529661723823,0.0,8.0,4,108.05000000000001,111.3,16.688818612072772,84.9,124.7,5,237.48000000000002,295.6,150.24370868691975,0.0,360.6,5,165.2,41.9,283.947301448702,25.7,672.7,5,53.44,58.3,16.840219713531056,26.4,67.8,50.0
2026-09-29T19:00,7,80.28571428571429,79.4,7.601190382966032,70.1,88.4,7,5.857142857142857,0.0,11.408017231002816,0.0,30.0,6,5.0,0.0,12.24744871391589,0.0,30.0,6,0.0,0.0,0.0,0.0,0.0,6,0.0,0.0,0.0,0.0,0.0,7,2.5714285714285716,1.0,2.9920529661723827,0.0,8.0,5,0.0,0.0,0.0,0.0,0.0,5,0.0,0.0,0.0,0.0,0.0,5,0.0,0.0,0.0,0.0,0.0,5,30.560000000000002,33.5,7.478168224906418,19.5,36.8,68.1
2026-09-29T20:00,7,77.82857142857144,75.9,6.938230870981996,69.3,85.1,7,6.428571428571429,0.0,12.272695205986647,0.0,32.0,6,5.333333333333333,0.0,13.063945294843617,0.0,32.0,6,0.0,0.0,0.0,0.0,0.0,6,0.0,0.0,0.0,0.0,0.0,7,2.7142857142857144,1.0,3.3022358947782493,0.0,9.0,5,0.0,0.0,0.0,0.0,0.0,5,0.0,0.0,0.0,0.0,0.0,5,0.0,0.0,0.0,0.0,0.0,5,0.0,0.0,0.0,0.0,0.0,69.6
2026-09-29T21:00,7,75.48571428571428,73.2,6.204146079149694,68.7,83.5,7,6.714285714285714,0.0,12.06529852806919,0.0,30.0,6,5.0,0.0,12.24744871391589,0.0,30.0,6,0.0,0.0,0.0,0.0,0.0,6,0.0,0.0,0.0,0.0,0.0,7,2.857142857142857,1.0,3.184785258515422,0.0,9.0,5,0.0,0.0,0.0,0.0,0.0,5,0.0,0.0,0.0,0.0,0.0,5,0.0,0.0,0.0,0.0,0.0,5,0.0,0.0,0.0,0.0,0.0,72.0
2026-09-29T22:00,7,73.38571428571427,70.8,5.579853215341952,68.1,81.7,7,7.0,0.0,12.041594578792296,0.0,27.0,6,4.5,0.0,11.022703842524301,0.0,27.0,6,0.0,0.0,0.0,0.0,0.0,6,0.0,0.0,0.0,0.0,0.0,7,3.142857142857143,2.0,3.132015933791495,0.0,9.0,5,0.0,0.0,0.0,0.0,0.0,5,0.0,0.0,0.0,0.0,0.0,5,0.0,0.0,0.0,0.0,0.0,5,0.0,0.0,0.0,0.0,0.0,74.0
2026-09-29T23:00,7,71.74285714285716,68.8,5.288937241342269,66.3,80.4,7,7.285714285714286,0.0,12.446074156325837,0.0,26.0,6,4.166666666666667,0.0,10.206207261596576,0.0,25.0,6,0.0,0.0,0.0,0.0,0.0,6,0.0,0.0,0.0,0.0,0.0,7,3.2857142857142856,3.0,3.093772546815388,0.0,9.0,5,0.0,0.0,0.0,0.0,0.0,5,0.0,0.0,0.0,0.0,0.0,5,0.0,0.0,0.0,0.0,0.0,5,0.0,0.0,0.0,0.0,0.0,74.6
2026-09-30T00:00,7,70.55714285714285,68.1,5.28326197938898,65.0,80.0,7,10.0,0.0,17.426034163476974,0.0,41.0,6,6.833333333333333,0.0,16.73817990901838,0.0,41.0,6,0.0,0.0,0.0,0.0,0.0,6,0.0,0.0,0.0,0.0,0.0,7,4.714285714285714,4.0,3.6839419880650364,1.0,11.0,5,0.0,0.0,0.0,0.0,0.0,5,0.0,0.0,0.0,0.0,0.0,5,0.0,0.0,0.0,0.0,0.0,5,0.0,0.0,0.0,0.0,0.0,71.0
2026-09-30T01:00,7,69.62857142857143,67.7,5.508996970324785,64.1,80.2,7,12.571428571428571,0.0,22.74391598396622,0.0,57.0,6,9.5,0.0,23.270152556440195,0.0,57.0,6,0.0,0.0,0.0,0.0,0.0,6,0.0,0.0,0.0,0.0,0.0,7,4.571428571428571,3.0,3.735288603626359,1.0,11.0,5,0.0,0.0,0.0,0.0,0.0,5,0.0,0.0,0.0,0.0,0.0,5,0.0,0.0,0.0,0.0,0.0,5,0.0,0.0,0.0,0.0,0.0,66.5
2026-09-30T02:00,7,68.92857142857143,67.5,5.713642820978078,63.8,80.4,7,15.142857142857142,0.0,28.133186639202293,0.0,73.0,6,12.166666666666666,0.0,29.802125203862,0.0,73.0,6,0.0,0.0,0.0,0.0,0.0,6,0.16666666666666666,0.0,0.408248290463863,0.0,1.0,7,4.428571428571429,3.0,3.8234863173611093,1.0,11.0,5,0.0,0.0,0.0,0.0,0.0,5,0.0,0.0,0.0,0.0,0.0,5,0.0,0.0,0.0,0.0,0.0,5,0.0,0.0,0.0,0.0,0.0,62.0
2026-09-30T03:00,7,68.38571428571427,67.1,5.945426413479123,62.7,80.5,7,15.571428571428571,0.0,29.165374121019735,0.0,76.0,6,12.166666666666666,0.0,29.802125203862,0.0,73.0,6,0.8333333333333334,0.0,2.0412414523193148,0.0,5.0,6,0.16666666666666666,0.0,0.408248290463863,0.0,1.0,7,3.857142857142857,2.0,3.484660262185848,1.0,9.0,5,0.0,0.0,0.0,0.0,0.0,5,0.0,0.0,0.0,0.0,0.0,5,0.0,0.0,0.0,0.0,0.0,5,0.0,0.0,0.0,0.0,0.0,60.6
2026-09-30T04:00,7,68.18571428571428,66.6,6.117578107777773,61.7,80.6,7,15.857142857142858,0.0,30.118812346154304,0.0,79.0,6,12.333333333333334,0.0,30.210373494325864,0.0,74.0,6,1.5,0.0,3.6742346141747673,0.0,9.0,6,0.16666666666666666,0.0,0.408248290463863,0.0,1.0,7,3.4285714285714284,1.0,3.1547394428670255,1.0,8.0,5,0.0,0.0,0.0,0.0,0.0,5,0.0,0.0,0.0,0.0,0.0,5,0.0,0.0,0.0,0.0,0.0,5,0.0,0.0,0.0,0.0,0.0,59.4
2026-09-30T05:00,7,68.48571428571428,66.9,6.2191715877675575,61.2,80.8,7,16.142857142857142,0.0,31.093560809426826,0.0,82.0,6,12.333333333333334,0.0,30.210373494325864,0.0,74.0,6,2.3333333333333335,0.0,5.715476066494082,0.0,14.0,6,0.16666666666666666,0.0,0.408248290463863,0.0,1.0,7,3.0,1.0,3.265986323710904,0.0,8.0,5,0.0,0.0,0.0,0.0,0.0,5,0.0,0.0,0.0,0.0,0.0,5,0.0,0.0,0.0,0.0,0.0,5,0.0,0.0,0.0,0.0,0.0,58.4
2026-09-30T06:00,6,69.91666666666667,68.45,6.795120798533801,60.8,80.9,6,4.833333333333333,0.0,11.35634917861663,0.0,28.0,5,0.0,0.0,0.0,0.0,0.0,5,0.0,0.0,0.0,0.0,0.0,5,0.2,0.0,0.4472135954999579,0.0,1.0,6,2.1666666666666665,1.0,2.786873995477131,0.0,7.0,4,0.0,0.0,0.0,0.0,0.0,4,0.0,0.0,0.0,0.0,0.0,4,0.0,0.0,0.0,0.0,0.0,4,0.0,0.0,0.0,0.0,0.0,70.7
2026-09-30T07:00,6,71.78333333333333,71.4,6.988395142424808,60.9,81.0,6,4.5,0.0,10.540398474441087,0.0,26.0,5,0.0,0.0,0.0,0.0,0.0,5,0.0,0.0,0.0,0.0,0.0,5,0.2,0.0,0.4472135954999579,0.0,1.0,6,2.3333333333333335,1.0,3.444802848737017,0.0,9.0,4,6.6,0.0,13.200000000000001,0.0,26.4,4,0.0,0.0,0.0,0.0,0.0,4,6.6,0.0,13.200000000000001,0.0,26.4,4,5.175,0.0,10.35,0.0,20.7,68.8
2026-09-30T08:00,6,74.48333333333333,75.2,7.241661871881805,63.0,82.0,6,4.0,0.0,9.316651759081692,0.0,23.0,5,0.0,0.0,0.0,0.0,0.0,5,0.0,0.0,0.0,0.0,0.0,5,0.2,0.0,0.4472135954999579,0.0,1.0,6,2.5,1.0,4.230839160261236,0.0,11.0,4,193.10000000000002,190.0,34.079319242027104,159.4,233.0,4,784.2,744.0,151.3271290945546,648.0,1000.8,4,80.89999999999999,84.9,47.50999894758997,28.5,125.3,4,77.0,79.4,11.642737364268482,61.2,88.0,50.8
2026-09-30T09:00,6,78.08333333333333,79.05,7.008970442701746,68.6,85.5,6,3.3333333333333335,0.0,8.164965809277259,0.0,20.0,5,0.0,0.0,0.0,0.0,0.0,5,0.0,0.0,0.0,0.0,0.0,5,0.0,0.0,0.0,0.0,0.0,6,2.3333333333333335,1.0,4.273952113286562,0.0,11.0,3,396.93333333333334,390.3,18.942104775693057,382.2,418.3,4,665.425,848.45,452.3564698700941,0.0,964.8,4,387.625,110.94999999999999,586.2600468222272,64.0,1264.6,4,70.72500000000001,81.45,29.888947232491596,27.1,92.9,44.6
2026-09-30T10:00,6,81.89999999999999,82.4,6.687301398920198,73.1,89.1,6,2.6666666666666665,0.0,6.531972647421808,0.0,16.0,5,0.0,0.0,0.0,0.0,0.0,5,0.0,0.0,0.0,0.0,0.0,5,0.0,0.0,0.0,0.0,0.0,6,2.1666666666666665,0.5,4.355073669487885,0.0,11.0,3,572.2333333333333,570.7,6.145187819207258,567.0,579.0,4,666.25,857.4,450.07544923045964,0.0,950.2,4,543.325,130.25,864.1099057218744,74.8,1838.0,4,74.075,87.3,31.41383718469724,27.3,94.4,48.6
2026-09-30T11:00,6,84.65,85.30000000000001,6.653345023369825,74.3,91.3,6,2.1666666666666665,0.0,5.307227776030219,0.0,13.0,5,0.0,0.0,0.0,0.0,0.0,5,0.0,0.0,0.0,0.0,0.0,5,0.0,0.0,0.0,0.0,0.0,6,2.1666666666666665,0.5,4.355073669487885,0.0,11.0,3,705.1,705.1,0.8000000000000256,704.3,705.9,4,661.325,847.1500000000001,446.2409018680381,0.0,951.0,4,657.2750000000001,146.05,1067.9221237992965,79.2,2257.8,4,76.4,91.55,32.78973416584323,27.3,95.2,50.3
2026-09-30T12:00,6,85.89999999999999,87.85,6.681616570860676,74.9,92.3,6,2.0,0.0,4.898979485566356,0.0,12.0,5,0.0,0.0,0.0,0.0,0.0,5,0.0,0.0,0.0,0.0,0.0,5,0.2,0.0,0.447213595499958,0.0,1.0,6,2.6666666666666665,1.5,4.17931413830866,0.0,11.0,3,821.0666666666666,800.6,53.14295186883516,781.2,881.4,4,702.225,863.45,484.94604768640676,0.0,1082.0,4,702.4749999999999,140.4,1174.8623334246442,66.5,2462.6,4,78.65,93.75,34.46065389203558,27.3,99.8,43.2
2026-09-30T13:00,6,86.38333333333333,88.55000000000001,6.673354978319872,75.2,92.4,6,2.3333333333333335,0.5,4.760952285695233,0.0,12.0,5,0.2,0.0,0.447213595499958,0.0,1.0,5,0.0,0.0,0.0,0.0,0.0,5,0.6,0.0,1.3416407864998738,0.0,3.0,6,3.0,2.0,4.0,0.0,11.0,3,818.7666666666668,820.0,15.786175386499867,802.4,833.9,4,659.35,840.85,448.0001078868918,0.0,955.7,4,718.775,143.6,1197.2705302061017,75.2,2512.7,4,78.275,93.65,34.32223526131906,27.1,98.7,48.6
2026-09-30T14:00,6,86.38333333333334,88.55000000000001,6.7783232931652515,75.2,92.6,6,3.1666666666666665,1.5,4.5789372857319925,0.0,12.0,5,0.2,0.0,0.447213595499958,0.0,1.0,5,0.6,0.0,1.3416407864998738,0.0,3.0,5,1.0,0.0,2.2360679774997894,0.0,5.0,6,3.3333333333333335,2.0,3.8815804341359033,0.0,11.0,3,738.1333333333333,761.0,52.29458225603617,678.3,775.1,4,595.65,749.95,402.10007460829945,0.0,882.7,4,683.0500000000001,136.95,1127.131593914393,86.0,2372.3,4,76.075,90.2,32.944637904622155,26.9,97.0,43.3
2026-09-30T15:00,6,86.03333333333335,88.4,6.926952191741092,74.8,92.9,6,7.0,2.0,10.620734437881403,0.0,27.0,5,0.4,0.0,0.894427190999916,0.0,2.0,5,5.2,0.0,11.627553482998907,0.0,26.0,5,1.4,0.0,3.1304951684997055,0.0,7.0,6,3.1666666666666665,2.0,3.488074922742725,0.0,10.0,3,565.2666666666667,658.7,172.94641752095745,365.7,671.4,4,471.95000000000005,530.05,372.75636815485797,0.0,827.7,4,543.2,137.35000000000002,847.0400108613525,85.2,1812.9,4,68.25,75.35,31.038954020177076,26.7,95.6,21.7
2026-09-30T16:00,6,85.41666666666667,87.85,6.876457421279273,74.6,92.7,6,12.333333333333334,2.5,22.3308456325923,0.0,57.0,5,0.4,0.0,0.894427190999916,0.0,2.0,5,11.4,0.0,25.4911749434976,0.0,57.0,5,2.0,0.0,4.472135954999579,0.0,10.0,6,2.6666666666666665,2.0,2.503331114069145,0.0,7.0,3,430.0,506.0,139.94373869523423,268.5,515.5,4,417.625,460.5,341.4129305791839,0.0,749.5,4,425.9,117.55,645.5181949410877,75.0,1393.5,4,64.275,69.55,29.665173183381217,26.6,91.4,18.1
2026-09-30T17:00,6,84.38333333333334,86.7,6.710414790954924,74.1,91.8,6,15.666666666666666,3.0,29.466365005997375,0.0,75.0,5,0.4,0.0,0.894427190999916,0.0,2.0,5,15.0,0.0,33.54101966249684,0.0,75.0,5,2.6,0.0,5.813776741499454,0.0,13.0,6,2.5,2.0,2.5099800796022267,0.0,6.0,3,273.8666666666667,318.8,80.17645123933418,181.3,321.5,4,348.75,383.8,278.377076402973,0.0,627.4,4,274.875,87.9,396.62968770210165,54.7,869.0,4,59.8,64.0,26.544553741461417,26.4,84.8,21.8
2026-09-30T18:00,6,82.76666666666667,84.7,6.353161942424158,73.5,89.9,6,15.666666666666666,3.5,27.65260686927485,0.0,71.0,5,0.4,0.0,0.894427190999916,0.0,2.0,5,14.0,0.0,31.304951684997057,0.0,70.0,5,3.6,0.0,7.503332592921628,0.0,17.0,6,2.3333333333333335,1.0,2.8751811537130436,0.0,6.0,3,104.63333333333333,108.0,13.860134679480327,89.4,116.5,4,220.04999999999998,271.0,150.17806098095687,0.0,338.2,4,111.1,41.6,148.1759089730851,28.5,332.7,4,52.275,57.75,18.724560519987293,26.2,67.4,43.5
2026-09-30T19:00,6,80.56666666666666,82.1,6.031473009693957,72.6,87.1,6,14.166666666666666,4.5,21.12265766106781,0.0,55.0,5,0.4,0.0,0.894427190999916,0.0,2.0,5,10.4,0.0,23.255106965997815,0.0,52.0,5,4.8,0.0,9.148770409186143,0.0,21.0,6,2.3333333333333335,1.0,2.8751811537130436,0.0,6.0,4,0.0,0.0,0.0,0.0,0.0,4,0.0,0.0,0.0,0.0,0.0,4,0.0,0.0,0.0,0.0,0.0,4,36.325,35.95,5.876152369252063,29.6,43.8,66.1
2026-09-30T20:00,6,78.25,79.15,5.93051431159221,71.5,84.2,6,12.5,6.0,15.449919093639293,0.0,39.0,5,0.2,0.0,0.447213595499958,0.0,1.0,5,7.2,0.0,16.099689437998485,0.0,36.0,5,6.2,0.0,11.278297743897348,0.0,26.0,6,2.3333333333333335,1.0,2.8751811537130436,0.0,6.0,4,0.0,0.0,0.0,0.0,0.0,4,0.0,0.0,0.0,0.0,0.0,4,0.0,0.0,0.0,0.0,0.0,4,0.0,0.0,0.0,0.0,0.0,70.4
2026-09-30T21:00,6,76.06666666666666,76.2,6.042405701925903,69.4,83.8,6,11.833333333333334,7.5,12.576432986608987,0.0,28.0,5,0.2,0.0,0.447213595499958,0.0,1.0,5,5.0,0.0,11.180339887498947,0.0,25.0,5,7.4,0.0,13.446189051177289,0.0,31.0,6,2.3333333333333335,1.0,2.8751811537130436,0.0,6.0,4,0.0,0.0,0.0,0.0,0.0,4,0.0,0.0,0.0,0.0,0.0,4,0.0,0.0,0.0,0.0,0.0,4,0.0,0.0,0.0,0.0,0.0,72.1
2026-09-30T22:00,6,74.2,73.3,6.29158167713016,67.3,83.6,6,11.0,9.0,11.730302638892145,0.0,31.0,5,0.0,0.0,0.0,0.0,0.0,5,2.8,0.0,6.260990336999411,0.0,14.0,5,8.6,0.0,15.159155649309762,0.0,35.0,6,2.1666666666666665,1.0,2.6394443859772205,0.0,6.0,4,0.0,0.0,0.0,0.0,0.0,4,0.0,0.0,0.0,0.0,0.0,4,0.0,0.0,0.0,0.0,0.0,4,0.0,0.0,0.0,0.0,0.0,72.0
2026-09-30T23:00,6,72.73333333333333,71.30000000000001,6.638875406773852,65.7,83.5,6,10.5,9.0,12.469963913339926,0.0,34.0,5,0.0,0.0,0.0,0.0,0.0,5,1.4,0.0,3.1304951684997055,0.0,7.0,5,9.2,0.0,16.02186006679624,0.0,37.0,6,2.1666666666666665,1.0,2.6394443859772205,0.0,6.0,4,0.0,0.0,0.0,0.0,0.0,4,0.0,0.0,0.0,0.0,0.0,4,0.0,0.0,0.0,0.0,0.0,4,0.0,0.0,0.0,0.0,0.0,70.3
2026-10-01T00:00,6,71.55,70.05000000000001,6.838055279097999,64.6,83.2,6,10.166666666666666,6.5,13.991664185030551,0.0,37.0,5,0.0,0.0,0.0,0.0,0.0,5,0.2,0.0,0.447213595499958,0.0,1.0,5,9.4,0.0,16.45600194457937,0.0,38.0,6,2.0,1.0,2.449489742783178,0.0,6.0,4,0.0,0.0,0.0,0.0,0.0,4,0.0,0.0,0.0,0.0,0.0,4,0.0,0.0,0.0,0.0,0.0,4,0.0,0.0,0.0,0.0,0.0,68.6
2026-10-01T01:00,6,70.5,68.85,6.952121978216437,63.7,82.8,6,10.333333333333334,5.0,15.88290485606039,0.0,41.0,5,0.0,0.0,0.0,0.0,0.0,5,0.0,0.0,0.0,0.0,0.0,5,9.4,0.0,16.45600194457937,0.0,38.0,6,2.0,1.0,2.449489742783178,0.0,6.0,4,0.0,0.0,0.0,0.0,0.0,4,0.0,0.0,0.0,0.0,0.0,4,0.0,0.0,0.0,0.0,0.0,4,0.0,0.0,0.0,0.0,0.0,66.9
2026-10-01T02:00,6,69.66666666666667,67.85,7.0930012453591615,63.1,82.6,6,11.833333333333334,8.0,16.448910804872966,0.0,44.0,5,0.2,0.0,0.4472135954999579,0.0,1.0,5,1.0,0.0,2.2360679774997894,0.0,5.0,5,9.0,0.0,16.0312195418814,0.0,37.0,6,1.8333333333333333,1.0,2.3166067138525404,0.0,6.0,4,0.0,0.0,0.0,0.0,0.0,4,0.0,0.0,0.0,0.0,0.0,4,0.0,0.0,0.0,0.0,0.0,4,0.0,0.0,0.0,0.0,0.0,66.1
2026-10-01T03:00,6,69.15,67.2,7.1307082397192545,63.0,82.4,6,16.833333333333332,10.0,19.312344929258764,0.0,47.0,5,0.4,0.0,0.5477225575051661,0.0,1.0,5,6.6,0.0,14.758048651498612,0.0,33.0,5,8.6,0.0,15.159155649309762,0.0,35.0,6,1.8333333333333333,1.0,2.1369760566432805,0.0,6.0,4,0.0,0.0,0.0,0.0,0.0,4,0.0,0.0,0.0,0.0,0.0,4,0.0,0.0,0.0,0.0,0.0,4,0.0,0.0,0.0,0.0,0.0,63.9
2026-10-01T04:00,6,69.01666666666667,67.0,7.1165768924860675,63.3,82.3,6,23.333333333333332,10.0,29.736621641784843,0.0,72.0,5,0.8,0.0,1.3038404810405297,0.0,3.0,5,14.2,0.0,31.752165280497014,0.0,71.0,5,8.0,0.0,14.300349646075091,0.0,33.0,6,1.8333333333333333,1.0,2.1369760566432805,0.0,6.0,4,0.0,0.0,0.0,0.0,0.0,4,0.0,0.0,0.0,0.0,0.0,4,0.0,0.0,0.0,0.0,0.0,4,0.0,0.0,0.0,0.0,0.0,56.5
2026-10-01T05:00,6,69.41666666666667,67.45,6.910113361347026,63.4,82.2,6,26.5,9.5,36.702860923911636,0.0,92.0,5,1.0,0.0,1.7320508075688774,0.0,4.0,5,18.4,0.0,41.14365078599613,0.0,92.0,5,7.4,0.0,12.992305415129373,0.0,30.0,6,1.8333333333333333,1.0,2.3166067138525404,0.0,6.0,4,0.0,0.0,0.0,0.0,0.0,4,0.0,0.0,0.0,0.0,0.0,4,0.0,0.0,0.0,0.0,0.0,4,0.0,0.0,0.0,0.0,0.0,53.4
2026-10-01T06:00,6,70.5,68.75,6.601817931448878,63.4,82.0,6,23.666666666666668,9.0,31.841273006377534,0.0,79.0,5,1.0,0.0,1.7320508075688774,0.0,4.0,5,15.8,0.0,34.77355316903925,0.0,78.0,5,6.6,0.0,11.260550608207398,0.0,26.0,6,1.3333333333333333,0.0,2.422120283277993,0.0,6.0,4,0.0,0.0,0.0,0.0,0.0,4,0.0,0.0,0.0,0.0,0.0,4,0.0,0.0,0.0,0.0,0.0,4,0.0,0.0,0.0,0.0,0.0,56.6
2026-10-01T07:00,6,72.33333333333334,71.0,6.444118765717054,63.7,82.0,6,17.5,8.0,21.342445970413046,0.0,48.0,5,1.0,0.0,1.7320508075688774,0.0,4.0,5,9.6,0.0,20.911719202399404,0.0,47.0,5,5.4,0.0,9.09945053286186,0.0,21.0,6,1.3333333333333333,0.5,2.3380903889000244,0.0,6.0,4,11.274999999999999,8.2,13.954061535385794,0.0,28.7,4,0.0,0.0,0.0,0.0,0.0,4,11.274999999999999,8.2,13.954061535385794,0.0,28.7,4,10.125,8.05,12.172475782135146,0.0,24.4,62.7
2026-10-01T08:00,6,74.91666666666667,74.8,6.4057526229684125,65.8,82.6,6,12.0,7.0,14.071247279470288,0.0,35.0,5,0.8,0.0,1.3038404810405297,0.0,3.0,5,4.6,0.0,9.20869154657707,0.0,21.0,5,4.4,0.0,6.985699678629193,0.0,16.0,6,1.1666666666666667,0.0,2.401388487243717,0.0,6.0,3,185.20000000000002,172.3,37.932439942613755,155.4,227.9,4,617.05,724.35,434.2812184134454,0.0,1019.5,4,348.675,88.5,561.6488189548104,28.7,1189.0,4,64.425,71.1,27.482767327909322,27.3,88.2,39.7
2026-10-01T09:00,6,78.35000000000001,78.65,6.0228730685612115,71.4,85.0,6,8.666666666666666,6.5,10.424330514074594,0.0,28.0,5,0.4,0.0,0.894427190999916,0.0,2.0,5,2.4,0.0,3.9115214431215892,0.0,9.0,5,3.2,0.0,4.604345773288535,0.0,10.0,6,1.1666666666666667,0.0,2.401388487243717,0.0,6.0,3,395.0333333333333,396.1,19.421980674826454,375.1,413.9,4,667.05,839.1,455.1837760729176,0.0,990.0,4,296.8,110.75,405.50090012230555,64.1,901.6,4,70.65,81.05000000000001,29.784168053962276,27.3,93.2,46.0
2026-10-01T10:00,6,81.86666666666666,82.0,5.852406912259833,73.0,88.4,6,6.5,3.5,8.734987120768983,0.0,23.0,5,0.2,0.0,0.447213595499958,0.0,1.0,5,1.4,0.0,2.1908902300206643,0.0,5.0,5,2.4,0.0,3.361547262794322,0.0,7.0,6,1.3333333333333333,0.0,2.422120283277993,0.0,6.0,3,569.8333333333334,573.5,11.545273203061665,556.9,579.1,4,665.6750000000001,857.3,450.24237454212744,0.0,948.1,4,412.67499999999995,130.85,601.6744323136891,75.9,1313.1,4,73.89999999999999,86.85,31.334645362601435,27.3,94.6,48.9
2026-10-01T11:00,6,84.36666666666667,85.75,6.133405796673382,73.8,90.8,6,5.833333333333333,2.0,7.9603182515943836,0.0,19.0,5,0.0,0.0,0.0,0.0,0.0,5,1.2,0.0,2.6832815729997477,0.0,6.0,5,2.6,0.0,4.77493455452533,0.0,11.0,6,1.3333333333333333,0.0,2.422120283277993,0.0,6.0,3,701.6333333333333,696.9,11.738966450813864,693.0,715.0,4,659.325,852.15,445.16905683871005,0.0,933.0,4,497.275,146.89999999999998,745.7474522249472,81.3,1614.0,4,76.22500000000001,91.1,32.69427829656641,27.3,95.4,48.5
2026-10-01T12:00,6,85.46666666666665,87.8,6.380804546972631,74.2,92.0,6,6.666666666666667,2.5,8.524474568362947,0.0,18.0,5,0.2,0.0,0.447213595499958,0.0,1.0,5,1.4,0.0,3.1304951684997055,0.0,7.0,5,3.4,0.0,7.602631123499285,0.0,17.0,6,1.3333333333333333,0.0,2.422120283277993,0.0,6.0,3,805.4666666666667,810.9,30.218592510792682,772.9,832.6,4,687.8,867.3,471.3197004157582,0.0,1016.6,4,760.6,141.8,1286.2645710221,70.7,2688.1,4,78.5,93.44999999999999,34.39370097367637,27.3,99.8,44.8
2026-10-01T13:00,6,85.81666666666666,87.9,6.468513481988482,74.5,92.4,6,8.833333333333334,5.0,10.361788777362076,0.0,27.0,5,0.2,0.0,0.447213595499958,0.0,1.0,5,2.8,0.0,4.08656334834051,0.0,9.0,5,5.2,0.0,11.627553482998906,0.0,26.0,6,1.3333333333333333,0.0,2.422120283277993,0.0,6.0,3,810.2666666666668,809.7,17.356939054261026,793.2,827.9,4,653.175,837.85,443.8393280982056,0.0,937.0,4,777.5,144.5,1311.3786587659063,78.2,2742.8,4,78.15,93.35,34.13527012734288,27.3,98.6,45.0
2026-10-01T14:00,6,85.81666666666666,87.65,6.5810080281569805,74.6,92.3,6,12.333333333333334,10.0,13.544986772480312,0.0,37.0,5,0.4,0.0,0.894427190999916,0.0,2.0,5,5.2,0.0,7.259476565152615,0.0,15.0,5,7.2,0.0,16.099689437998485,0.0,36.0,6,1.3333333333333333,0.0,2.422120283277993,0.0,6.0,3,743.3000000000001,752.9,42.91305162768085,696.4,780.6,4,603.125,759.45,407.60722413454187,0.0,893.6,4,737.4000000000001,137.45,1233.791557219722,87.9,2586.8,4,76.95,91.8,33.26584835332878,27.3,96.9,38.8
2026-10-01T15:00,6,85.58333333333333,87.5,6.685033034074452,74.5,91.9,6,17.5,10.0,19.097120201747696,0.0,47.0,5,2.8,0.0,4.764451699828638,0.0,11.0,5,9.4,0.0,15.224979474534607,0.0,35.0,5,9.4,0.0,21.019038988498025,0.0,47.0,6,1.3333333333333333,0.0,2.422120283277993,0.0,6.0,3,614.2333333333333,652.7,83.80556862961633,518.1,671.9,4,526.225,634.9,367.33642504748514,0.0,835.1,4,544.525,139.3,847.7531927591504,84.2,1815.3,4,71.60000000000001,81.7,30.65572268489741,27.3,95.7,28.8
2026-10-01T16:00,6,85.0,87.0,6.682215201563028,74.3,91.0,6,24.0,11.5,27.18087562975115,0.0,61.0,5,6.0,0.0,11.313708498984761,0.0,26.0,5,15.0,0.0,25.98076211353316,0.0,60.0,5,11.2,0.0,25.043961347997644,0.0,56.0,6,1.3333333333333333,0.0,2.422120283277993,0.0,6.0,3,450.90000000000003,502.7,98.06258205860178,337.8,512.2,4,450.875,524.4,332.66247534099784,0.0,754.7,4,423.75,115.60000000000001,645.6422358138187,72.3,1391.5,4,66.10000000000001,72.85,28.860930915916995,27.3,91.4,21.1
2026-10-01T17:00,6,84.05,86.0,6.513908197081071,73.9,89.9,6,29.166666666666668,13.0,34.42334479196737,0.0,81.0,5,8.0,0.0,15.748015748023622,0.0,36.0,5,19.4,0.0,34.666987178005535,0.0,80.0,5,12.8,0.0,28.621670111997307,0.0,64.0,6,1.3333333333333333,0.0,2.422120283277993,0.0,6.0,3,267.7,315.7,84.17980755501878,170.5,316.9,4,349.7,384.95,279.79693827250264,0.0,628.9,4,270.075,83.0,395.85827745966526,51.4,862.9,4,59.00000000000001,62.150000000000006,26.67720625053031,27.3,84.4,18.4
2026-10-01T18:00,6,82.53333333333335,84.15,6.114136624795573,73.4,88.4,6,33.166666666666664,16.0,38.75263431905845,0.0,93.0,5,8.0,0.0,15.748015748023622,0.0,36.0,5,22.4,0.0,39.859754138729954,0.0,92.0,5,14.0,0.0,31.304951684997057,0.0,70.0,6,1.0,0.0,1.6733200530681511,0.0,4.0,3,82.93333333333334,101.2,42.45719412930314,34.4,113.2,4,167.95,170.95,159.2752439437257,0.0,329.9,4,106.675,39.3,148.6814127589592,19.4,328.7,4,46.0,45.8,22.306052990163902,26.1,66.3,34.1
2026-10-01T19:00,6,80.4,81.69999999999999,5.717691841993583,72.6,86.1,6,36.0,19.5,41.182520563948,0.0,99.0,5,6.6,0.0,13.145341380123988,0.0,30.0,5,24.4,0.0,42.87540087276153,0.0,99.0,5,15.0,0.0,33.54101966249684,0.0,75.0,6,0.5,0.0,0.8366600265340756,0.0,2.0,4,0.0,0.0,0.0,0.0,0.0,4,0.0,0.0,0.0,0.0,0.0,4,0.0,0.0,0.0,0.0,0.0,4,30.674999999999997,33.0,13.486382020393755,12.3,44.4,57.1
2026-10-01T20:00,6,78.11666666666667,79.3,5.5754521490787345,71.6,83.7,6,38.333333333333336,24.0,41.745259211875386,0.0,100.0,5,5.2,0.0,10.03493896344168,0.0,23.0,5,25.4,0.0,43.310506808394656,0.0,100.0,5,15.8,0.0,35.32987404449668,0.0,79.0,6,0.3333333333333333,0.0,0.816496580927726,0.0,2.0,4,0.0,0.0,0.0,0.0,0.0,4,0.0,0.0,0.0,0.0,0.0,4,0.0,0.0,0.0,0.0,0.0,4,0.0,0.0,0.0,0.0,0.0,57.6
2026-10-01T21:00,6,75.83333333333333,76.15,5.429425997899471,69.5,81.5,6,39.166666666666664,28.5,40.50884677038667,0.0,94.0,5,3.6,0.0,6.985699678629192,0.0,16.0,5,25.0,0.0,40.84115571332428,0.0,94.0,5,16.4,0.0,36.67151483099655,0.0,82.0,6,0.5,0.0,0.8366600265340756,0.0,2.0,4,0.0,0.0,0.0,0.0,0.0,4,0.0,0.0,0.0,0.0,0.0,4,0.0,0.0,0.0,0.0,0.0,4,0.0,0.0,0.0,0.0,0.0,58.0
2026-10-01T22:00,6,73.78333333333332,73.45,5.208230665654763,67.5,80.0,6,38.833333333333336,32.5,38.28010797616259,0.0,85.0,5,2.0,0.0,3.9370039370059056,0.0,9.0,5,23.2,0.0,36.01666281042707,0.0,82.0,5,17.0,0.0,38.01315561749642,0.0,85.0,6,1.0,0.0,1.6733200530681511,0.0,4.0,4,0.0,0.0,0.0,0.0,0.0,4,0.0,0.0,0.0,0.0,0.0,4,0.0,0.0,0.0,0.0,0.0,4,0.0,0.0,0.0,0.0,0.0,58.7
2026-10-01T23:00,6,72.13333333333334,71.6,5.051996305092343,66.1,78.6,6,38.0,35.5,36.199447509596055,0.0,87.0,5,0.8,0.0,1.3038404810405297,0.0,3.0,5,21.0,0.0,30.773365106858236,0.0,68.0,5,17.4,0.0,38.90758280849634,0.0,87.0,6,1.3333333333333333,0.0,2.422120283277993,0.0,6.0,4,0.0,0.0,0.0,0.0,0.0,4,0.0,0.0,0.0,0.0,0.0,4,0.0,0.0,0.0,0.0,0.0,4,0.0,0.0,0.0,0.0,0.0,59.2
2026-10-02T00:00,6,70.88333333333334,70.44999999999999,4.884021566973948,65.5,77.6,6,36.0,37.0,34.42673379802388,0.0,89.0,5,0.4,0.0,0.5477225575051661,0.0,1.0,5,17.6,0.0,24.26520142096496,0.0,48.0,5,17.8,0.0,39.802009999496256,0.0,89.0,6,1.3333333333333333,0.0,2.422120283277993,0.0,6.0,4,0.0,0.0,0.0,0.0,0.0,4,0.0,0.0,0.0,0.0,0.0,4,0.0,0.0,0.0,0.0,0.0,4,0.0,0.0,0.0,0.0,0.0,60.1
2026-10-02T01:00,6,69.83333333333333,69.45,4.743275942496561,64.7,76.8,6,32.833333333333336,27.0,34.35355391610403,0.0,90.0,5,0.0,0.0,0.0,0.0,0.0,5,14.2,0.0,20.351904087824312,0.0,44.0,5,18.0,0.0,40.24922359499622,0.0,90.0,6,1.1666666666666667,0.0,2.401388487243717,0.0,6.0,4,0.0,0.0,0.0,0.0,0.0,4,0.0,0.0,0.0,0.0,0.0,4,0.0,0.0,0.0,0.0,0.0,4,0.0,0.0,0.0,0.0,0.0,60.6
2026-10-02T02:00,6,69.0,68.55,4.653600756403586,63.4,76.3,6,32.166666666666664,24.5,34.73566850755383,0.0,90.0,5,0.0,0.0,0.0,0.0,0.0,5,13.4,0.0,20.68332661831747,0.0,47.0,5,18.2,0.0,40.69643719049618,0.0,91.0,6,1.1666666666666667,0.0,2.401388487243717,0.0,6.0,4,0.0,0.0,0.0,0.0,0.0,4,0.0,0.0,0.0,0.0,0.0,4,0.0,0.0,0.0,0.0,0.0,4,0.0,0.0,0.0,0.0,0.0,60.6
2026-10-02T03:00,6,68.51666666666667,68.0,4.574458073549989,62.5,75.9,6,36.0,35.5,34.438350715445125,0.0,90.0,5,0.0,0.0,0.0,0.0,0.0,5,17.8,0.0,24.580480060405655,0.0,49.0,5,18.0,0.0,40.24922359499622,0.0,90.0,6,1.1666666666666667,0.0,2.401388487243717,0.0,6.0,4,0.0,0.0,0.0,0.0,0.0,4,0.0,0.0,0.0,0.0,0.0,4,0.0,0.0,0.0,0.0,0.0,4,0.0,0.0,0.0,0.0,0.0,61.1
2026-10-02T04:00,6,68.41666666666667,67.95,4.588427472093972,61.7,75.7,6,41.166666666666664,42.0,37.46153582898953,0.0,88.0,5,0.0,0.0,0.0,0.0,0.0,5,25.0,0.0,35.35533905932738,0.0,75.0,5,17.6,0.0,39.354796403996296,0.0,88.0,6,1.0,0.0,2.449489742783178,0.0,6.0,4,0.0,0.0,0.0,0.0,0.0,4,0.0,0.0,0.0,0.0,0.0,4,0.0,0.0,0.0,0.0,0.0,4,0.0,0.0,0.0,0.0,0.0,60.7
2026-10-02T05:00,6,68.78333333333333,68.45,4.666226169686451,61.3,75.7,6,44.166666666666664,40.5,42.1825398318625,0.0,100.0,5,0.0,0.0,0.0,0.0,0.0,5,29.6,0.0,44.50617934624359,0.0,100.0,5,16.8,0.0,37.56594202199647,0.0,84.0,6,1.0,0.0,2.449489742783178,0.0,6.0,4,0.0,0.0,0.0,0.0,0.0,4,0.0,0.0,0.0,0.0,0.0,4,0.0,0.0,0.0,0.0,0.0,4,0.0,0.0,0.0,0.0,0.0,60.4
2026-10-02T06:00,5,71.5,70.4,2.6598872156540727,68.7,75.6,5,50.4,49.0,39.70264474817767,0.0,100.0,5,0.2,0.0,0.447213595499958,0.0,1.0,5,28.6,0.0,44.043160649526506,0.0,100.0,5,15.4,0.0,34.435446853496764,0.0,77.0,6,1.3333333333333333,0.0,2.422120283277993,0.0,6.0,3,0.0,0.0,0.0,0.0,0.0,3,0.0,0.0,0.0,0.0,0.0,3,0.0,0.0,0.0,0.0,0.0,3,0.0,0.0,0.0,0.0,0.0,66.7
2026-10-02T07:00,5,73.47999999999999,73.4,2.365797962633327,69.8,75.8,5,46.6,44.0,39.18928424965171,0.0,100.0,5,0.4,0.0,0.894427190999916,0.0,2.0,5,27.0,0.0,43.53159771935783,0.0,100.0,5,13.6,0.0,30.41052449399714,0.0,68.0,6,1.6666666666666667,0.0,2.6583202716502514,0.0,6.0,3,10.5,0.0,18.186533479473212,0.0,31.5,3,0.0,0.0,0.0,0.0,0.0,3,10.5,0.0,18.186533479473212,0.0,31.5,3,9.1,0.0,15.761662348876785,0.0,27.3,65.1
2026-10-02T08:00,5,75.92,76.5,2.866531004541901,71.1,78.8,5,42.0,38.0,39.04484601070928,0.0,100.0,4,0.75,0.0,1.5,0.0,3.0,4,31.25,12.5,47.32423621500228,0.0,100.0,4,14.25,0.0,28.5,0.0,57.0,6,2.0,0.0,3.0983866769659336,0.0,6.0,3,148.4,161.1,72.5880844216184,70.3,213.8,3,622.5333333333334,675.0,367.7180622886688,231.4,961.2,3,61.0,37.8,49.6471550040886,27.2,118.0,3,66.83333333333333,78.1,27.86419446769156,35.1,87.3,31.0
2026-10-02T09:00,5,78.64000000000001,80.0,3.79315172383072,72.4,82.4,5,32.8,32.0,30.70342000494408,0.0,77.0,4,0.5,0.0,1.0,0.0,2.0,4,23.0,7.5,36.68787265568828,0.0,77.0,4,11.25,0.0,22.5,0.0,45.0,6,2.3333333333333335,0.0,3.6696957185394363,0.0,8.0,3,364.90000000000003,374.9,31.51333051265764,329.6,390.2,3,794.6999999999999,749.1,127.28126335010977,696.5,938.5,3,99.3,79.5,49.373272121665174,62.9,155.5,3,81.43333333333334,82.1,11.115004873293284,70.0,92.2,49.1
2026-10-02T10:00,5,81.2,83.1,4.5623458878081555,73.6,85.4,5,22.2,26.0,19.677398201998148,0.0,45.0,4,0.25,0.0,0.5,0.0,1.0,4,12.75,3.0,21.68524844220144,0.0,45.0,4,8.75,0.0,17.5,0.0,35.0,6,2.5,0.0,3.987480407475377,0.0,9.0,3,542.9333333333334,545.1,7.876759062795619,534.2,549.5,3,817.4666666666667,832.4,91.3203883770395,719.6,900.4,3,124.3,108.2,44.77622136804311,89.8,174.9,3,86.96666666666665,84.9,5.974389787529213,82.3,93.7,61.5
2026-10-02T11:00,5,82.92,85.0,5.1387741728937755,74.3,87.4,5,14.0,20.0,13.114877048604,0.0,28.0,4,0.0,0.0,0.0,0.0,0.0,4,5.0,0.0,10.0,0.0,20.0,4,6.75,0.0,13.5,0.0,27.0,6,2.6666666666666665,0.0,4.320493798938573,0.0,10.0,3,677.1666666666667,678.2,8.994628026401864,667.7,685.6,3,822.9666666666666,866.6,84.29426631351228,725.8,876.5,3,140.23333333333335,120.4,46.07150239935022,107.4,192.9,3,90.33333333333333,90.3,4.050102879351752,86.3,94.4,64.9
2026-10-02T12:00,5,83.78,85.9,5.441231478259307,74.8,88.3,5,9.8,8.0,9.909591313469996,0.0,22.0,4,0.0,0.0,0.0,0.0,0.0,4,2.0,0.0,4.0,0.0,8.0,4,5.25,0.0,10.5,0.0,21.0,5,1.8,0.0,4.024922359499621,0.0,9.0,3,756.6,748.4,15.51998711339672,746.9,774.5,3,835.6666666666666,854.5,104.53029863792283,723.0,929.5,3,133.36666666666667,111.2,65.23835783749722,82.1,206.8,3,93.33333333333333,96.4,5.573448962117925,86.9,96.7,63.3
2026-10-02T13:00,5,84.1,86.2,5.7157676649772915,74.9,88.6,5,7.6,3.0,8.264381404557755,0.0,18.0,4,0.25,0.0,0.5,0.0,1.0,4,1.0,0.5,1.4142135623730951,0.0,3.0,4,4.25,0.0,8.5,0.0,17.0,5,1.4,0.0,3.1304951684997055,0.0,7.0,3,777.0333333333333,773.0,10.26271568997867,769.4,788.7,3,820.0666666666667,844.1,90.08730950213435,720.4,895.7,3,132.66666666666666,106.2,64.88338256698192,85.2,206.6,3,93.56666666666666,96.4,5.257692776621062,87.5,96.8,65.8
2026-10-02T14:00,5,84.08,85.9,5.920895202585509,74.9,89.6,5,6.0,3.0,7.035623639735144,0.0,15.0,4,0.5,0.0,1.0,0.0,2.0,4,0.25,0.0,0.5,0.0,1.0,4,3.5,0.0,7.0,0.0,14.0,5,1.0,0.0,2.23606797749979,0.0,5.0,3,736.6,740.1,6.5886265640116735,729.0,740.7,3,796.5666666666667,821.6,70.08725514195389,717.4,850.7,3,123.56666666666666,96.6,56.13825196186049,86.0,188.1,3,93.5,96.0,4.859012245302532,87.9,96.6,68.5
2026-10-02T15:00,5,83.82,85.3,6.00308254149483,74.8,90.2,5,5.0,4.0,5.385164807134504,0.0,12.0,4,0.5,0.0,1.0,0.0,2.0,4,0.25,0.0,0.5,0.0,1.0,4,2.75,0.0,5.5,0.0,11.0,5,0.6,0.0,1.3416407864998738,0.0,3.0,3,639.9666666666666,638.8,6.232442004008884,634.4,646.7,3,766.5,789.8,59.85390546990231,698.5,811.2,3,104.63333333333333,82.3,47.78884109636196,72.1,159.5,3,90.76666666666667,92.0,2.8571547618799613,87.5,92.8,70.5
2026-10-02T16:00,5,83.28,84.3,5.957096608248006,74.6,90.2,5,4.6,5.0,4.560701700396552,0.0,10.0,4,0.75,0.0,1.5,0.0,3.0,4,0.5,0.0,1.0,0.0,2.0,4,2.25,0.0,4.5,0.0,9.0,5,0.2,0.0,0.4472135954999579,0.0,1.0,3,488.5333333333333,483.4,11.77171751841395,480.2,502.0,3,693.0999999999999,705.8,43.56133606766433,644.6,728.9,3,88.63333333333333,72.2,37.089126888258406,62.6,131.1,3,85.56666666666666,84.9,2.2744962812309235,83.7,88.1,72.1
2026-10-02T17:00,5,82.44000000000001,83.0,5.864554544038278,74.1,89.6,5,4.2,5.0,4.024922359499622,0.0,8.0,4,0.75,0.0,1.5,0.0,3.0,4,0.5,0.0,1.0,0.0,2.0,4,1.75,0.0,3.5,0.0,7.0,5,0.0,0.0,0.0,0.0,0.0,3,300.8666666666667,292.5,14.92659818355588,292.0,318.1,3,564.9,578.1,37.39037309254879,522.7,593.9,3,67.16666666666667,52.0,31.063537038356298,46.6,102.9,3,77.23333333333333,78.4,4.368447474027053,72.4,80.9,73.0
2026-10-02T18:00,5,81.14,81.2,5.483429583755035,73.5,88.0,5,4.2,5.0,4.266145801540308,0.0,10.0,4,0.75,0.0,1.5,0.0,3.0,4,0.5,0.0,1.0,0.0,2.0,4,1.25,0.0,2.5,0.0,5.0,5,0.2,0.0,0.4472135954999579,0.0,1.0,3,96.56666666666668,89.2,13.723094889030437,88.1,112.4,3,285.7333333333333,279.4,12.112940738455405,278.1,299.7,3,33.833333333333336,26.5,15.6468314151247,23.2,51.8,3,60.9,61.8,5.010987926547023,55.5,65.4,76.7
2026-10-02T19:00,5,79.34,78.8,4.853658414021325,72.6,85.4,5,4.4,4.0,5.727128425310541,0.0,14.0,4,0.5,0.0,1.0,0.0,2.0,4,0.5,0.0,1.0,0.0,2.0,4,1.0,0.0,2.0,0.0,4.0,5,0.6,0.0,0.8944271909999159,0.0,2.0,3,0.0,0.0,0.0,0.0,0.0,3,0.0,0.0,0.0,0.0,0.0,3,0.0,0.0,0.0,0.0,0.0,3,32.5,33.0,1.8027756377319946,30.5,34.0,80.7
2026-10-02T20:00,5,77.28,76.4,4.1577638220562765,71.5,82.2,5,5.0,3.0,7.968688725254614,0.0,19.0,4,0.5,0.0,1.0,0.0,2.0,4,0.5,0.0,1.0,0.0,2.0,4,0.75,0.0,1.5,0.0,3.0,5,1.0,0.0,1.7320508075688772,0.0,4.0,3,0.0,0.0,0.0,0.0,0.0,3,0.0,0.0,0.0,0.0,0.0,3,0.0,0.0,0.0,0.0,0.0,3,0.0,0.0,0.0,0.0,0.0,81.3
2026-10-02T21:00,5,75.2,75.4,3.5064226784573447,70.4,78.9,5,5.6,2.0,10.334408546211051,0.0,24.0,4,0.25,0.0,0.5,0.0,1.0,4,0.25,0.0,0.5,0.0,1.0,4,0.5,0.0,1.0,0.0,2.0,5,1.4,0.0,2.6076809620810595,0.0,6.0,3,0.0,0.0,0.0,0.0,0.0,3,0.0,0.0,0.0,0.0,0.0,3,0.0,0.0,0.0,0.0,0.0,3,0.0,0.0,0.0,0.0,0.0,81.7
2026-10-02T22:00,5,73.30000000000001,74.2,3.018277654557307,69.4,76.2,5,6.2,1.0,12.214745187681975,0.0,28.0,4,0.0,0.0,0.0,0.0,0.0,4,0.25,0.0,0.5,0.0,1.0,4,0.25,0.0,0.5,0.0,1.0,5,2.0,0.0,3.4641016151377544,0.0,8.0,3,0.0,0.0,0.0,0.0,0.0,3,0.0,0.0,0.0,0.0,0.0,3,0.0,0.0,0.0,0.0,0.0,3,0.0,0.0,0.0,0.0,0.0,81.8
2026-10-02T23:00,5,71.92,73.3,2.6975915183733776,68.7,74.8,5,6.8,1.0,14.096098751072937,0.0,32.0,4,0.0,0.0,0.0,0.0,0.0,4,0.25,0.0,0.5,0.0,1.0,4,0.25,0.0,0.5,0.0,1.0,5,2.4,0.0,4.33589667773576,0.0,10.0,3,0.0,0.0,0.0,0.0,0.0,3,0.0,0.0,0.0,0.0,0.0,3,0.0,0.0,0.0,0.0,0.0,3,0.0,0.0,0.0,0.0,0.0,81.5
2026-10-03T00:00,5,70.84,71.4,2.394368392708186,68.2,73.5,5,8.6,2.0,14.876155417311288,0.0,35.0,4,1.5,0.5,2.380476142847616,0.0,5.0,4,0.25,0.0,0.5,0.0,1.0,4,0.25,0.0,0.5,0.0,1.0,5,3.0,1.0,4.527692569068709,0.0,11.0,3,0.0,0.0,0.0,0.0,0.0,3,0.0,0.0,0.0,0.0,0.0,3,0.0,0.0,0.0,0.0,0.0,3,0.0,0.0,0.0,0.0,0.0,81.9
2026-10-03T01:00,5,69.88,69.5,2.13939243711854,67.7,72.2,5,10.4,4.0,15.533834040570925,0.0,37.0,4,3.5,1.5,5.196152422706632,0.0,11.0,4,0.25,0.0,0.5,0.0,1.0,4,0.25,0.0,0.5,0.0,1.0,5,2.8,1.0,4.604345773288535,0.0,11.0,3,0.0,0.0,0.0,0.0,0.0,3,0.0,0.0,0.0,0.0,0.0,3,0.0,0.0,0.0,0.0,0.0,3,0.0,0.0,0.0,0.0,0.0,82.2
2026-10-03T02:00,5,69.17999999999999,68.0,2.0474374227311616,67.3,71.6,5,12.2,6.0,16.70927885936434,0.0,40.0,4,5.0,2.5,7.0710678118654755,0.0,15.0,4,0.0,0.0,0.0,0.0,0.0,4,0.25,0.0,0.5,0.0,1.0,5,2.8,1.0,4.604345773288535,0.0,11.0,3,0.0,0.0,0.0,0.0,0.0,3,0.0,0.0,0.0,0.0,0.0,3,0.0,0.0,0.0,0.0,0.0,3,0.0,0.0,0.0,0.0,0.0,81.7
2026-10-03T03:00,5,68.74000000000001,68.4,2.0032473636573234,66.6,71.1,5,12.8,9.0,16.873055443517043,0.0,41.0,4,5.25,3.5,6.701989754294367,0.0,14.0,4,0.0,0.0,0.0,0.0,0.0,4,0.25,0.0,0.5,0.0,1.0,5,2.8,1.0,4.604345773288535,0.0,11.0,3,0.0,0.0,0.0,0.0,0.0,3,0.0,0.0,0.0,0.0,0.0,3,0.0,0.0,0.0,0.0,0.0,3,0.0,0.0,0.0,0.0,0.0,81.7
2026-10-03T04:00,5,68.78,69.1,2.0849460424672874,66.2,70.9,5,12.6,10.0,17.25688268488837,0.0,42.0,4,4.5,4.0,5.259911279353167,0.0,10.0,4,0.0,0.0,0.0,0.0,0.0,4,0.5,0.0,1.0,0.0,2.0,5,2.4,1.0,4.277849927241488,0.0,10.0,3,0.0,0.0,0.0,0.0,0.0,3,0.0,0.0,0.0,0.0,0.0,3,0.0,0.0,0.0,0.0,0.0,3,0.0,0.0,0.0,0.0,0.0,81.2
2026-10-03T05:00,5,69.3,70.3,2.172556098240046,66.5,71.5,5,12.0,7.0,16.98528775146303,0.0,41.0,4,4.0,3.5,4.69041575982343,0.0,9.0,4,0.0,0.0,0.0,0.0,0.0,4,0.5,0.0,1.0,0.0,2.0,5,2.4,1.0,4.277849927241488,0.0,10.0,3,0.0,0.0,0.0,0.0,0.0,3,0.0,0.0,0.0,0.0,0.0,3,0.0,0.0,0.0,0.0,0.0,3,0.0,0.0,0.0,0.0,0.0,81.1
2026-10-03T06:00,5,70.61999999999999,70.6,2.4014578905323343,68.3,73.8,5,10.8,4.0,15.974980438172686,0.0,38.0,4,3.25,2.0,4.272001872658765,0.0,9.0,4,0.0,0.0,0.0,0.0,0.0,4,0.5,0.0,1.0,0.0,2.0,5,2.4,1.0,4.277849927241488,0.0,10.0,3,0.0,0.0,0.0,0.0,0.0,3,0.0,0.0,0.0,0.0,0.0,3,0.0,0.0,0.0,0.0,0.0,3,0.0,0.0,0.0,0.0,0.0,81.1
2026-10-03T07:00,5,72.72,71.2,3.3191866473580505,69.4,77.4,5,9.6,2.0,14.328293687665674,0.0,34.0,4,2.5,1.5,3.1091263510296048,0.0,7.0,4,0.0,0.0,0.0,0.0,0.0,4,0.75,0.0,1.5,0.0,3.0,5,2.6,1.0,4.722287581247038,0.0,11.0,3,5.8,0.0,10.045894683899487,0.0,17.4,3,0.0,0.0,0.0,0.0,0.0,3,5.8,0.0,10.045894683899487,0.0,17.4,3,5.866666666666667,0.0,10.161364737737413,0.0,17.6,78.0
2026-10-03T08:00,5,75.36,74.8,4.536849126872078,70.9,81.6,5,7.8,1.0,12.049896265113654,0.0,28.0,4,1.75,0.5,2.8722813232690148,0.0,6.0,4,0.0,0.0,0.0,0.0,0.0,4,0.75,0.0,1.5,0.0,3.0,5,2.6,1.0,4.722287581247038,0.0,11.0,3,175.76666666666665,157.2,36.125660316917866,152.7,217.4,3,781.9,707.7,137.44628041529532,697.5,940.5,3,67.13333333333334,54.5,47.33184269953297,27.4,119.5,3,75.5,79.5,13.840520221436769,60.1,86.9,58.5
2026-10-03T09:00,5,78.25999999999999,78.6,5.580143367333857,72.4,85.8,5,6.2,1.0,9.444575162494075,0.0,22.0,4,1.25,0.5,1.892969448600091,0.0,4.0,4,0.0,0.0,0.0,0.0,0.0,4,0.75,0.0,1.5,0.0,3.0,5,2.6,1.0,4.722287581247038,0.0,11.0,3,380.93333333333334,376.4,13.388552324031657,370.4,396.0,3,861.9333333333334,931.6,121.70691571695237,721.4,932.8,3,95.36666666666667,68.1,51.7068983147639,63.0,155.0,3,83.7,83.6,8.150460109711604,75.6,91.9,61.8
2026-10-03T10:00,5,80.96000000000001,82.0,6.384199245011073,73.7,89.5,5,5.2,2.0,7.19027120489902,0.0,17.0,4,1.0,1.0,1.1547005383792515,0.0,2.0,4,0.0,0.0,0.0,0.0,0.0,4,1.0,0.0,2.0,0.0,4.0,5,2.6,1.0,4.722287581247038,0.0,11.0,3,552.4666666666666,552.3,7.351417096950248,545.2,559.9,3,861.3000000000001,895.2,104.46037526258466,744.1,944.6,3,114.16666666666667,91.1,50.333818982204534,79.5,171.9,3,88.06666666666666,86.5,4.7479820274863505,84.3,93.4,63.4
2026-10-03T11:00,5,82.84,84.4,6.949316513154372,74.5,92.0,5,4.2,2.0,5.495452665613635,0.0,13.0,4,0.75,0.5,0.9574271077563382,0.0,2.0,4,0.0,0.0,0.0,0.0,0.0,4,1.0,0.0,2.0,0.0,4.0,5,2.4,1.0,4.277849927241488,0.0,10.0,3,682.3666666666667,675.4,12.327340886555124,675.1,696.6,3,854.0666666666666,873.0,96.70027576658376,749.3,939.9,3,128.06666666666666,109.6,52.971816405833536,86.8,187.8,3,91.23333333333333,91.7,3.22541986930901,87.8,94.2,63.0
2026-10-03T12:00,5,83.84,85.9,7.391413937806489,74.8,93.4,5,3.8,2.0,4.711687595755898,0.0,11.0,4,0.5,0.0,1.0,0.0,2.0,4,0.0,0.0,0.0,0.0,0.0,4,1.0,0.0,2.0,0.0,4.0,5,1.8,0.0,4.024922359499621,0.0,9.0,3,769.4333333333333,767.3,18.492521010758132,752.1,788.9,3,869.3666666666668,920.2,112.15143036686312,740.8,947.1,3,124.36666666666667,86.3,66.80129739259061,85.3,201.5,3,94.16666666666667,96.1,5.367805262240173,88.1,98.3,59.8
2026-10-03T13:00,5,84.3,87.1,7.719132075563938,74.9,94.0,5,3.4,2.0,3.9749213828703582,0.0,9.0,4,0.5,0.0,1.0,0.0,2.0,4,0.25,0.0,0.5,0.0,1.0,4,1.25,0.0,2.5,0.0,5.0,5,1.4,0.0,3.1304951684997055,0.0,7.0,3,786.9,784.5,13.362634470792038,774.9,801.3,3,844.0,890.0,97.41770886240344,732.1,909.9,3,127.2,90.2,64.95382975621992,89.2,202.2,3,94.23333333333333,96.2,5.234819321937803,88.3,98.2,61.4
2026-10-03T14:00,5,84.43999999999998,87.6,7.890690717548117,74.8,94.0,5,3.2,2.0,3.6331804249169903,0.0,8.0,4,0.5,0.0,1.0,0.0,2.0,4,0.25,0.0,0.5,0.0,1.0,4,1.25,0.0,2.5,0.0,5.0,5,1.0,0.0,2.23606797749979,0.0,5.0,3,740.5,739.5,4.190465367951384,736.9,745.1,3,808.0,848.9,76.18470975202308,720.1,855.0,3,122.2,90.7,55.34085290271554,89.8,186.1,3,93.93333333333334,96.0,5.122824741617979,88.1,97.7,64.5
2026-10-03T15:00,5,84.28,87.4,7.927609980315633,74.6,93.7,5,3.4,2.0,3.847076812334269,0.0,8.0,4,0.25,0.0,0.5,0.0,1.0,4,0.5,0.0,1.0,0.0,2.0,4,1.5,0.0,3.0,0.0,6.0,5,0.6,0.0,1.3416407864998738,0.0,3.0,3,630.2666666666668,635.8,11.450909716408205,617.1,637.9,3,749.5333333333333,765.4,53.39825215616455,690.0,793.2,3,110.23333333333335,85.9,42.92835116019871,85.0,159.8,3,89.8,89.4,3.2186953878862217,86.8,93.2,65.5
2026-10-03T16:00,5,83.85999999999999,86.8,7.733239941964822,74.4,92.9,5,3.2,2.0,3.5637059362410923,0.0,7.0,4,0.25,0.0,0.5,0.0,1.0,4,0.5,0.0,1.0,0.0,2.0,4,1.5,0.0,3.0,0.0,6.0,5,0.2,0.0,0.4472135954999579,0.0,1.0,3,479.76666666666665,483.0,10.52916584223715,468.0,488.3,3,674.3333333333334,685.5,45.97850947272366,623.8,713.7,3,93.86666666666667,75.5,33.29509473380927,73.8,132.3,3,84.3,83.4,4.222558466143487,80.6,88.9,67.2
2026-10-03T17:00,5,83.24000000000001,86.0,7.427179814707597,74.3,92.0,5,3.4,2.0,3.847076812334269,0.0,8.0,4,0.25,0.0,0.5,0.0,1.0,4,0.5,0.0,1.0,0.0,2.0,4,1.75,0.0,3.5,0.0,7.0,5,0.0,0.0,0.0,0.0,0.0,3,295.1666666666667,294.9,8.503136676152687,286.8,303.8,3,552.3333333333334,570.5,49.800435071727385,496.0,590.5,3,69.33333333333333,53.3,28.378924104576853,52.6,102.1,3,76.2,76.3,5.950630218724728,70.2,82.1,67.9
2026-10-03T18:00,4,84.275,85.05000000000001,5.953360395608519,76.3,90.7,4,2.75,1.0,4.272001872658765,0.0,9.0,4,0.25,0.0,0.5,0.0,1.0,4,0.5,0.0,1.0,0.0,2.0,4,2.0,0.0,4.0,0.0,8.0,3,0.0,0.0,0.0,0.0,0.0,3,94.46666666666665,91.0,6.888637988262511,90.0,102.4,3,289.3666666666667,295.6,31.318737735313242,255.4,317.1,3,32.300000000000004,26.0,13.868309197591463,22.7,48.2,3,61.06666666666666,63.0,4.4286943147313,56.0,64.2,74.3
2026-10-03T19:00,4,82.525,82.80000000000001,5.439592509247978,75.6,88.9,4,2.75,0.5,4.856267428111155,0.0,10.0,4,0.25,0.0,0.5,0.0,1.0,4,0.5,0.0,1.0,0.0,2.0,4,2.25,0.0,4.5,0.0,9.0,3,0.0,0.0,0.0,0.0,0.0,3,0.0,0.0,0.0,0.0,0.0,3,0.0,0.0,0.0,0.0,0.0,3,0.0,0.0,0.0,0.0,0.0,3,30.3,31.7,3.5156791662493863,26.3,32.9,79.5
2026-10-03T20:00,4,80.525,80.25,4.775894331606034,75.0,86.6,4,3.0,0.5,5.354126134736337,0.0,11.0,4,0.0,0.0,0.0,0.0,0.0,4,0.25,0.0,0.5,0.0,1.0,4,2.5,0.0,5.0,0.0,10.0,3,0.0,0.0,0.0,0.0,0.0,3,0.0,0.0,0.0,0.0,0.0,3,0.0,0.0,0.0,0.0,0.0,3,0.0,0.0,0.0,0.0,0.0,3,0.0,0.0,0.0,0.0,0.0,81.3
2026-10-03T21:00,4,78.45,77.5,4.321650919112587,74.4,84.4,4,3.25,0.5,5.852349955359813,0.0,12.0,4,0.25,0.0,0.5,0.0,1.0,4,0.25,0.0,0.5,0.0,1.0,4,2.75,0.0,5.5,0.0,11.0,3,0.0,0.0,0.0,0.0,0.0,3,0.0,0.0,0.0,0.0,0.0,3,0.0,0.0,0.0,0.0,0.0,3,0.0,0.0,0.0,0.0,0.0,3,0.0,0.0,0.0,0.0,0.0,82.3
2026-10-03T22:00,4,76.525,75.19999999999999,4.104773643779478,73.4,82.3,4,3.5,0.0,7.0,0.0,14.0,4,0.5,0.0,1.0,0.0,2.0,4,0.0,0.0,0.0,0.0,0.0,4,3.0,0.0,6.0,0.0,12.0,3,0.0,0.0,0.0,0.0,0.0,3,0.0,0.0,0.0,0.0,0.0,3,0.0,0.0,0.0,0.0,0.0,3,0.0,0.0,0.0,0.0,0.0,3,0.0,0.0,0.0,0.0,0.0,82.2
2026-10-03T23:00,4,75.0,74.15,4.125530268947253,71.0,80.7,4,4.0,0.0,8.0,0.0,16.0,4,1.0,0.0,2.0,0.0,4.0,4,0.0,0.0,0.0,0.0,0.0,4,3.0,0.0,6.0,0.0,12.0,3,0.0,0.0,0.0,0.0,0.0,3,0.0,0.0,0.0,0.0,0.0,3,0.0,0.0,0.0,0.0,0.0,3,0.0,0.0,0.0,0.0,0.0,3,0.0,0.0,0.0,0.0,0.0,81.4
2026-10-04T00:00,4,73.75,73.25,4.165333119931705,69.2,79.3,4,4.75,0.0,9.5,0.0,19.0,4,2.0,0.0,4.0,0.0,8.0,4,0.0,0.0,0.0,0.0,0.0,4,2.75,0.0,5.5,0.0,11.0,3,0.3333333333333333,0.0,0.5773502691896258,0.0,1.0,3,0.0,0.0,0.0,0.0,0.0,3,0.0,0.0,0.0,0.0,0.0,3,0.0,0.0,0.0,0.0,0.0,3,0.0,0.0,0.0,0.0,0.0,80.2
2026-10-04T01:00,4,72.47500000000001,72.35,4.190763653560057,67.5,77.7,4,6.0,0.0,12.0,0.0,24.0,4,3.5,0.0,7.0,0.0,14.0,4,0.0,0.0,0.0,0.0,0.0,4,2.5,0.0,5.0,0.0,10.0,3,0.3333333333333333,0.0,0.5773502691896258,0.0,1.0,3,0.0,0.0,0.0,0.0,0.0,3,0.0,0.0,0.0,0.0,0.0,3,0.0,0.0,0.0,0.0,0.0,3,0.0,0.0,0.0,0.0,0.0,78.3
2026-10-04T02:00,4,71.4,71.55,4.330511901996498,66.1,76.4,4,7.25,0.0,14.5,0.0,29.0,4,5.25,0.0,10.5,0.0,21.0,4,0.0,0.0,0.0,0.0,0.0,4,2.0,0.0,4.0,0.0,8.0,3,0.6666666666666666,0.0,1.1547005383792517,0.0,2.0,3,0.0,0.0,0.0,0.0,0.0,3,0.0,0.0,0.0,0.0,0.0,3,0.0,0.0,0.0,0.0,0.0,3,0.0,0.0,0.0,0.0,0.0,76.1
2026-10-04T03:00,4,70.6,70.94999999999999,4.433959855479078,65.1,75.4,4,8.25,0.0,16.5,0.0,33.0,4,6.75,0.0,13.5,0.0,27.0,4,0.0,0.0,0.0,0.0,0.0,4,1.5,0.0,3.0,0.0,6.0,3,0.6666666666666666,0.0,1.1547005383792517,0.0,2.0,3,0.0,0.0,0.0,0.0,0.0,3,0.0,0.0,0.0,0.0,0.0,3,0.0,0.0,0.0,0.0,0.0,3,0.0,0.0,0.0,0.0,0.0,74.4
2026-10-04T04:00,4,70.25,70.6,4.51109742745598,64.7,75.1,4,9.0,0.0,18.0,0.0,36.0,4,8.0,0.0,16.0,0.0,32.0,4,0.0,0.0,0.0,0.0,0.0,4,1.25,0.0,2.5,0.0,5.0,3,1.0,0.0,1.7320508075688772,0.0,3.0,3,0.0,0.0,0.0,0.0,0.0,3,0.0,0.0,0.0,0.0,0.0,3,0.0,0.0,0.0,0.0,0.0,3,0.0,0.0,0.0,0.0,0.0,73.0
2026-10-04T05:00,4,70.65,70.85,4.577116996538326,65.1,75.8,4,9.25,0.0,18.5,0.0,37.0,4,8.5,0.0,17.0,0.0,34.0,4,0.0,0.0,0.0,0.0,0.0,4,1.0,0.0,2.0,0.0,4.0,3,1.0,0.0,1.7320508075688772,0.0,3.0,3,0.0,0.0,0.0,0.0,0.0,3,0.0,0.0,0.0,0.0,0.0,3,0.0,0.0,0.0,0.0,0.0,3,0.0,0.0,0.0,0.0,0.0,72.5
2026-10-04T06:00,4,72.075,71.9,4.689260780407366,66.6,77.9,4,8.75,0.0,17.5,0.0,35.0,4,8.0,0.0,16.0,0.0,32.0,4,0.0,0.0,0.0,0.0,0.0,4,1.0,0.0,2.0,0.0,4.0,3,1.3333333333333333,1.0,1.5275252316519468,0.0,3.0,3,0.0,0.0,0.0,0.0,0.0,3,0.0,0.0,0.0,0.0,0.0,3,0.0,0.0,0.0,0.0,0.0,3,0.0,0.0,0.0,0.0,0.0,72.8
2026-10-04T07:00,4,74.475,73.7,5.0202091589892905,69.2,81.3,4,7.75,0.0,15.5,0.0,31.0,4,7.0,0.0,14.0,0.0,28.0,4,0.0,0.0,0.0,0.0,0.0,4,1.25,0.0,2.5,0.0,5.0,3,1.3333333333333333,2.0,1.1547005383792517,0.0,2.0,3,6.5,0.0,11.258330249197702,0.0,19.5,3,0.0,0.0,0.0,0.0,0.0,3,6.5,0.0,11.258330249197702,0.0,19.5,3,7.033333333333334,0.0,12.182090679901103,0.0,21.1,71.7
2026-10-04T08:00,4,77.55,76.2,5.668921120166224,72.3,85.5,4,6.5,0.0,13.0,0.0,26.0,4,5.5,0.0,11.0,0.0,22.0,4,0.0,0.0,0.0,0.0,0.0,4,1.25,0.0,2.5,0.0,5.0,3,1.6666666666666667,2.0,1.5275252316519468,0.0,3.0,3,175.0,159.7,29.04806361876812,156.8,208.5,3,804.1333333333333,802.2,141.10993350339774,664.0,946.2,3,64.5,49.5,46.16535497534921,27.7,116.3,3,75.46666666666667,76.4,12.126967194370291,62.9,87.1,54.9
2026-10-04T09:00,4,80.975,79.35,6.115758334008954,75.6,89.6,4,5.0,0.0,10.0,0.0,20.0,4,3.75,0.0,7.5,0.0,15.0,4,0.0,0.0,0.0,0.0,0.0,4,1.5,0.0,3.0,0.0,6.0,3,1.6666666666666667,1.0,2.0816659994661326,0.0,4.0,3,380.7,383.8,8.580792504192138,371.0,387.3,3,875.9666666666667,946.8,160.3478822227888,692.4,988.7,3,93.16666666666667,63.1,53.206797811307275,61.8,154.6,3,83.10000000000001,81.0,8.25287828578612,76.1,92.2,56.5
2026-10-04T10:00,4,84.15,82.55000000000001,6.349015671739984,78.4,93.1,4,3.75,0.0,7.5,0.0,15.0,4,2.25,0.0,4.5,0.0,9.0,4,0.0,0.0,0.0,0.0,0.0,4,1.75,0.0,3.5,0.0,7.0,3,2.0,1.0,2.6457513110645907,0.0,5.0,3,554.3000000000001,546.6,19.336235414371664,540.0,576.3,3,875.4666666666666,910.6,139.94757351713292,721.3,994.5,3,111.66666666666667,87.6,54.077845124721215,73.8,173.6,3,87.7,84.7,5.370288632839022,84.5,93.9,58.1
2026-10-04T11:00,4,86.375,84.8,6.460327649069612,80.4,95.5,4,2.75,0.0,5.5,0.0,11.0,4,1.25,0.0,2.5,0.0,5.0,4,0.0,0.0,0.0,0.0,0.0,4,1.75,0.0,3.5,0.0,7.0,3,1.6666666666666667,0.0,2.8867513459481287,0.0,5.0,3,686.5,677.4,28.462782717085105,663.7,718.4,3,870.7000000000002,888.1,131.16844132641052,731.7,992.3,3,124.46666666666665,105.3,58.360289010022335,78.1,190.0,3,91.13333333333333,92.3,4.271221527073179,86.4,94.7,58.8
2026-10-04T12:00,4,87.4,85.75,6.474050766972195,81.5,96.6,4,2.0,0.0,4.0,0.0,8.0,4,0.75,0.0,1.5,0.0,3.0,4,0.0,0.0,0.0,0.0,0.0,4,1.5,0.0,3.0,0.0,6.0,3,1.6666666666666667,0.0,2.8867513459481287,0.0,5.0,3,777.7333333333332,773.5,35.24121639974047,744.8,814.9,3,890.6666666666666,936.2,139.10615850253836,734.5,1001.3,3,120.26666666666667,83.2,70.61772676413005,75.9,201.7,3,94.36666666666667,96.6,6.066575090883924,87.5,99.0,58.1
2026-10-04T13:00,4,87.77499999999999,85.94999999999999,6.420994211698582,82.2,97.0,4,1.75,0.5,2.8722813232690148,0.0,6.0,4,0.75,0.5,0.9574271077563381,0.0,2.0,4,0.0,0.0,0.0,0.0,0.0,4,1.25,0.0,2.5,0.0,5.0,3,2.0,1.0,2.6457513110645907,0.0,5.0,3,797.7666666666668,790.4,32.384615689140595,769.7,833.2,3,870.2666666666668,906.2,125.42190133040296,730.8,973.8,3,121.09999999999998,86.1,69.46221994724903,76.1,201.1,3,94.53333333333335,96.5,5.805457202781992,88.0,99.1,60.8
2026-10-04T14:00,4,87.75,85.8,6.308459928276213,82.5,96.9,4,1.75,1.0,2.362907813126304,0.0,5.0,4,0.75,0.5,0.9574271077563382,0.0,2.0,4,0.0,0.0,0.0,0.0,0.0,4,1.0,0.0,2.0,0.0,4.0,3,2.0,1.0,2.6457513110645907,0.0,5.0,3,753.0666666666666,745.0,26.246777579987537,731.8,782.4,3,838.6333333333333,866.2,108.41126940190925,719.1,930.6,3,115.03333333333335,85.9,60.78366008503711,74.3,184.9,3,94.43333333333334,96.3,5.732654998631383,88.0,99.0,64.1
2026-10-04T15:00,4,87.42499999999998,85.5,6.095011621536633,82.4,96.3,4,1.25,1.0,1.5000000000000002,0.0,3.0,4,0.75,0.5,0.9574271077563382,0.0,2.0,4,0.0,0.0,0.0,0.0,0.0,4,0.75,0.0,1.5,0.0,3.0,3,2.0,1.0,2.6457513110645907,0.0,5.0,3,646.4333333333334,640.0,21.29186072970924,629.1,670.2,3,790.4,810.0,100.64174084344924,681.4,879.8,3,101.73333333333333,81.3,51.39263890221373,63.7,160.2,3,91.39999999999999,93.9,4.504442251822083,86.2,94.1,66.9
2026-10-04T16:00,4,86.725,84.85,5.890316912809808,81.9,95.3,4,1.25,1.0,1.5,0.0,3.0,4,1.0,0.5,1.4142135623730951,0.0,3.0,4,0.0,0.0,0.0,0.0,0.0,4,0.5,0.0,1.0,0.0,2.0,3,2.3333333333333335,2.0,2.5166114784235836,0.0,5.0,3,488.0,484.0,15.005332385522177,475.4,504.6,3,706.7666666666668,729.5,93.20307577185068,604.3,786.5,3,87.0,69.4,40.66460377281451,58.1,133.5,3,85.63333333333333,85.5,3.8017539811688663,81.9,89.5,69.1
2026-10-04T17:00,4,85.82499999999999,84.1,5.678247969224314,81.1,94.0,4,1.25,1.0,1.5,0.0,3.0,4,1.0,0.5,1.4142135623730951,0.0,3.0,4,0.0,0.0,0.0,0.0,0.0,4,0.25,0.0,0.5,0.0,1.0,3,2.3333333333333335,2.0,2.5166114784235836,0.0,5.0,3,295.1,293.0,6.797793759742942,289.6,302.7,3,570.3333333333334,603.1,90.70316054765311,467.8,640.1,3,64.73333333333333,48.6,32.10020768364799,43.9,101.7,3,76.76666666666667,73.9,5.05206228517952,73.8,82.6,71.2
2026-10-04T18:00,4,84.575,83.1,5.556002759778533,79.8,92.3,4,1.25,1.0,1.5,0.0,3.0,4,1.0,0.5,1.4142135623730951,0.0,3.0,4,0.0,0.0,0.0,0.0,0.0,4,0.5,0.5,0.5773502691896257,0.0,1.0,3,2.6666666666666665,2.0,2.0816659994661326,1.0,5.0,3,88.86666666666667,88.0,3.873413653785679,85.5,93.1,3,282.2,298.4,45.61129246140697,230.7,317.5,3,29.63333333333333,22.4,13.580991618189497,21.2,45.3,3,60.199999999999996,60.4,4.103656905736639,56.0,64.2,76.5
2026-10-04T19:00,4,82.775,81.75,5.590095407653316,77.7,89.9,4,1.5,1.5,1.2909944487358054,0.0,3.0,4,1.0,0.5,1.4142135623730951,0.0,3.0,4,0.0,0.0,0.0,0.0,0.0,4,1.0,0.5,1.4142135623730951,0.0,3.0,3,2.6666666666666665,2.0,2.0816659994661326,1.0,5.0,3,0.0,0.0,0.0,0.0,0.0,3,0.0,0.0,0.0,0.0,0.0,3,0.0,0.0,0.0,0.0,0.0,3,28.866666666666664,29.7,5.10130702206144,23.4,33.5,81.6
2026-10-04T20:00,4,80.625,80.05000000000001,5.790437519451071,75.3,87.1,4,1.75,2.0,1.2583057392117916,0.0,3.0,4,1.0,0.5,1.4142135623730951,0.0,3.0,4,0.0,0.0,0.0,0.0,0.0,4,1.75,0.5,2.8722813232690143,0.0,6.0,3,3.0,2.0,1.7320508075688772,2.0,5.0,3,0.0,0.0,0.0,0.0,0.0,3,0.0,0.0,0.0,0.0,0.0,3,0.0,0.0,0.0,0.0,0.0,3,0.0,0.0,0.0,0.0,0.0,81.0
2026-10-04T21:00,4,78.27499999999999,78.0,6.020728084431863,72.8,84.3,4,2.0,2.5,1.4142135623730951,0.0,3.0,4,1.0,1.0,1.1547005383792515,0.0,2.0,4,0.0,0.0,0.0,0.0,0.0,4,2.5,1.0,3.785938897200183,0.0,8.0,3,3.0,2.0,1.7320508075688772,2.0,5.0,3,0.0,0.0,0.0,0.0,0.0,3,0.0,0.0,0.0,0.0,0.0,3,0.0,0.0,0.0,0.0,0.0,3,0.0,0.0,0.0,0.0,0.0,80.2
2026-10-04T22:00,4,75.975,75.85,6.104301761872519,70.5,81.7,4,2.5,2.5,2.0816659994661326,0.0,5.0,4,1.25,1.0,1.5000000000000002,0.0,3.0,4,0.0,0.0,0.0,0.0,0.0,4,3.25,1.0,5.251983752196243,0.0,11.0,3,3.3333333333333335,3.0,1.5275252316519465,2.0,5.0,3,0.0,0.0,0.0,0.0,0.0,3,0.0,0.0,0.0,0.0,0.0,3,0.0,0.0,0.0,0.0,0.0,3,0.0,0.0,0.0,0.0,0.0,79.4
2026-10-04T23:00,4,74.125,74.1,6.094464701678074,68.7,79.6,4,3.25,3.0,2.9860788111948193,0.0,7.0,4,1.75,1.0,2.362907813126304,0.0,5.0,4,0.0,0.0,0.0,0.0,0.0,4,3.75,1.0,6.238322424070967,0.0,13.0,3,3.3333333333333335,3.0,1.5275252316519465,2.0,5.0,3,0.0,0.0,0.0,0.0,0.0,3,0.0,0.0,0.0,0.0,0.0,3,0.0,0.0,0.0,0.0,0.0,3,0.0,0.0,0.0,0.0,0.0,78.8
2026-10-05T00:00,4,72.675,72.65,6.152167639675194,67.2,78.2,4,4.5,3.5,4.795831523312719,0.0,11.0,4,2.75,1.0,4.272001872658765,0.0,9.0,4,0.0,0.0,0.0,0.0,0.0,4,4.25,1.0,7.22841614740048,0.0,15.0,3,3.3333333333333335,3.0,1.5275252316519465,2.0,5.0,3,0.0,0.0,0.0,0.0,0.0,3,0.0,0.0,0.0,0.0,0.0,3,0.0,0.0,0.0,0.0,0.0,3,0.0,0.0,0.0,0.0,0.0,77.3
2026-10-05T01:00,4,71.375,71.15,6.356296091278315,65.6,77.6,4,5.75,3.5,7.135591542869214,0.0,16.0,4,4.0,1.0,6.733003292241386,0.0,14.0,4,0.0,0.0,0.0,0.0,0.0,4,5.0,1.0,8.717797887081348,0.0,18.0,3,3.3333333333333335,3.0,1.5275252316519465,2.0,5.0,3,0.0,0.0,0.0,0.0,0.0,3,0.0,0.0,0.0,0.0,0.0,3,0.0,0.0,0.0,0.0,0.0,3,0.0,0.0,0.0,0.0,0.0,75.0
2026-10-05T02:00,4,70.3,69.85,6.560995859369728,64.3,77.2,4,7.5,4.0,9.983319421247959,0.0,22.0,4,5.5,1.0,9.71253485622231,0.0,20.0,4,0.0,0.0,0.0,0.0,0.0,4,5.25,0.5,9.844626283748237,0.0,20.0,3,3.3333333333333335,3.0,1.5275252316519465,2.0,5.0,3,0.0,0.0,0.0,0.0,0.0,3,0.0,0.0,0.0,0.0,0.0,3,0.0,0.0,0.0,0.0,0.0,3,0.0,0.0,0.0,0.0,0.0,72.4
2026-10-05T03:00,4,69.52499999999999,68.95,6.6006944079139585,63.4,76.8,4,8.75,4.0,12.553220038433698,0.0,27.0,4,6.5,0.5,12.342339054382412,0.0,25.0,4,0.0,0.0,0.0,0.0,0.0,4,5.75,0.5,10.843584893075414,0.0,22.0,3,3.3333333333333335,3.0,1.5275252316519465,2.0,5.0,3,0.0,0.0,0.0,0.0,0.0,3,0.0,0.0,0.0,0.0,0.0,3,0.0,0.0,0.0,0.0,0.0,3,0.0,0.0,0.0,0.0,0.0,70.4
2026-10-05T04:00,4,69.275,68.7,6.636954622917544,63.0,76.7,4,9.75,4.0,14.499999999999998,0.0,31.0,4,7.5,0.5,14.341083176199302,0.0,29.0,4,0.0,0.0,0.0,0.0,0.0,4,6.0,0.5,11.343133018115703,0.0,23.0,3,3.3333333333333335,3.0,1.5275252316519465,2.0,5.0,3,0.0,0.0,0.0,0.0,0.0,3,0.0,0.0,0.0,0.0,0.0,3,0.0,0.0,0.0,0.0,0.0,3,0.0,0.0,0.0,0.0,0.0,68.9
2026-10-05T05:00,4,69.625,69.1,6.450516775163572,63.5,76.8,4,10.25,4.0,15.478479684172257,0.0,33.0,4,8.0,0.5,15.340577998671801,0.0,31.0,4,0.0,0.0,0.0,0.0,0.0,4,6.0,0.5,11.343133018115703,0.0,23.0,3,3.3333333333333335,3.0,1.5275252316519465,2.0,5.0,3,0.0,0.0,0.0,0.0,0.0,3,0.0,0.0,0.0,0.0,0.0,3,0.0,0.0,0.0,0.0,0.0,3,0.0,0.0,0.0,0.0,0.0,68.8
2026-10-05T06:00,4,70.875,70.65,6.075840133951302,65.0,77.2,4,9.75,3.5,15.063753405664428,0.0,32.0,4,7.5,0.5,14.341083176199302,0.0,29.0,4,0.0,0.0,0.0,0.0,0.0,4,5.5,0.5,10.344080432788601,0.0,21.0,3,4.0,4.0,2.0,2.0,6.0,3,0.0,0.0,0.0,0.0,0.0,3,0.0,0.0,0.0,0.0,0.0,3,0.0,0.0,0.0,0.0,0.0,3,0.0,0.0,0.0,0.0,0.0,70.3
2026-10-05T07:00,4,73.025,73.4,5.547597077414083,67.5,77.8,4,8.75,3.0,13.671747023210555,0.0,29.0,4,6.5,0.5,12.342339054382412,0.0,25.0,4,0.0,0.0,0.0,0.0,0.0,4,4.5,1.0,7.724420150837646,0.0,16.0,3,4.666666666666667,6.0,3.214550253664318,1.0,7.0,3,7.3999999999999995,0.0,12.817175976009691,0.0,22.2,3,0.0,0.0,0.0,0.0,0.0,3,7.3999999999999995,0.0,12.817175976009691,0.0,22.2,3,8.666666666666666,0.0,15.011106998930272,0.0,26.0,71.1
2026-10-05T08:00,4,75.775,75.55,5.170025789748704,70.7,81.3,4,6.75,1.5,11.586630226256467,0.0,24.0,4,5.0,0.0,10.0,0.0,20.0,4,0.0,0.0,0.0,0.0,0.0,4,3.5,1.5,5.196152422706632,0.0,11.0,3,5.333333333333333,7.0,3.7859388972001824,1.0,8.0,3,173.6,158.4,38.89524392518963,144.6,217.8,3,785.9,709.4,144.2622958364381,696.0,952.3,3,66.7,50.0,47.505052362880306,29.8,120.3,3,75.03333333333333,79.9,15.10011037487254,58.1,87.1,55.7
2026-10-05T09:00,4,78.75,78.1,5.099346363342397,74.0,84.8,4,5.25,1.0,9.21502396451939,0.0,19.0,4,3.5,0.0,7.0,0.0,14.0,4,0.0,0.0,0.0,0.0,0.0,4,2.25,1.5,2.8722813232690143,0.0,6.0,3,6.0,8.0,4.358898943540674,1.0,9.0,3,383.06666666666666,378.1,19.919923025286348,366.1,405.0,3,883.9,924.2,107.28546033829564,762.3,965.2,3,95.46666666666665,65.8,51.47080078387487,65.7,154.9,3,84.13333333333334,85.9,9.375677753279138,74.0,92.5,64.0
2026-10-05T10:00,4,81.55,80.69999999999999,5.177837386399847,77.0,87.8,4,3.75,0.5,6.849574196011505,0.0,14.0,4,2.25,0.0,4.5,0.0,9.0,4,0.0,0.0,0.0,0.0,0.0,4,1.5,1.0,1.9148542155126762,0.0,4.0,3,6.333333333333333,9.0,5.507570547286102,0.0,10.0,3,557.3333333333334,558.5,8.907487487127499,547.9,565.6,3,885.1333333333333,926.2,82.91479562378073,789.7,939.5,3,112.56666666666666,94.6,48.03960171913724,76.1,167.0,3,88.66666666666667,89.2,5.918051481132389,82.5,94.3,69.4
2026-10-05T11:00,4,83.52499999999999,82.65,5.2181574014844205,79.1,89.7,4,2.75,0.0,5.5,0.0,11.0,4,1.25,0.0,2.5,0.0,5.0,4,0.0,0.0,0.0,0.0,0.0,4,1.0,0.0,2.0,0.0,4.0,3,6.666666666666667,10.0,5.773502691896257,0.0,10.0,3,688.4,688.7,4.457577817604582,683.8,692.7,3,879.0666666666666,906.7,77.34535107770428,791.7,938.8,3,124.09999999999998,111.8,49.99789995589815,81.4,179.1,3,91.83333333333333,90.5,2.9365512652316057,89.8,95.2,71.4
2026-10-05T12:00,4,84.525,84.15,5.224541447183025,79.3,90.5,4,2.25,0.0,4.5,0.0,9.0,4,0.75,0.0,1.5,0.0,3.0,4,0.0,0.0,0.0,0.0,0.0,4,1.25,0.5,1.892969448600091,0.0,4.0,3,7.0,10.0,6.082762530298219,0.0,11.0,3,776.6999999999999,772.3,15.864425612041522,763.5,794.3,3,896.9333333333334,944.2,103.26007618306963,778.5,968.1,3,118.03333333333335,84.2,63.15792375730329,79.0,190.9,3,94.7,96.2,3.6864617182333563,90.5,97.4,67.9
2026-10-05T13:00,4,85.0,85.30000000000001,5.3503893939288885,78.7,90.7,4,2.0,0.5,3.366501646120693,0.0,7.0,4,0.5,0.0,1.0,0.0,2.0,4,0.0,0.0,0.0,0.0,0.0,4,1.75,1.5,2.0615528128088303,0.0,4.0,3,6.666666666666667,9.0,5.8594652770823155,0.0,11.0,3,792.9666666666667,787.0,15.251994405104291,781.6,810.3,3,871.1333333333332,915.4,95.8044536195125,761.2,936.8,3,119.23333333333333,86.1,63.54725275992137,79.1,192.5,3,94.63333333333333,96.3,3.97156560229507,90.1,97.5,69.2
2026-10-05T14:00,4,84.94999999999999,86.05,5.570457790882182,77.5,90.2,4,1.75,1.0,2.362907813126304,0.0,5.0,4,0.25,0.0,0.5,0.0,1.0,4,0.0,0.0,0.0,0.0,0.0,4,2.75,1.5,3.774917217635375,0.0,8.0,3,6.333333333333333,8.0,5.686240703077327,0.0,11.0,3,744.7666666666668,736.8,14.146495443512991,736.4,761.1,3,833.6333333333332,872.0,84.92009970162151,736.3,892.6,3,114.23333333333335,85.9,56.77608064434645,77.2,179.6,3,94.23333333333333,96.2,4.393555887129844,89.2,97.3,70.4
2026-10-05T15:00,4,84.5,86.25,5.882743124314259,76.1,89.4,4,2.0,2.0,2.309401076758503,0.0,4.0,4,0.0,0.0,0.0,0.0,0.0,4,0.0,0.0,0.0,0.0,0.0,4,3.5,1.0,5.744562646538029,0.0,12.0,3,6.0,7.0,5.5677643628300215,0.0,11.0,3,635.5333333333333,629.6,13.145848520857585,626.4,650.6,3,780.4,817.8,77.76605943469166,691.0,832.4,3,101.3,80.3,48.90715694047242,66.4,157.2,3,90.93333333333334,89.9,4.63716867639439,86.9,96.0,70.4
2026-10-05T16:00,4,83.675,85.95,6.158665981092552,74.6,88.2,4,2.0,1.5,2.449489742783178,0.0,5.0,4,0.0,0.0,0.0,0.0,0.0,4,0.0,0.0,0.0,0.0,0.0,4,4.0,0.5,7.3484692283495345,0.0,15.0,3,5.666666666666667,6.0,5.507570547286102,0.0,11.0,3,477.5333333333333,473.0,11.209965804289212,469.3,490.3,3,693.5,725.9,75.04318756556117,607.7,746.9,3,87.33333333333333,69.3,39.01234847241746,60.6,132.1,3,84.8,82.2,5.758472019555192,80.8,91.4,69.9
2026-10-05T17:00,4,82.57499999999999,85.25,6.282449097817395,73.2,86.6,4,1.75,1.0,2.362907813126304,0.0,5.0,4,0.0,0.0,0.0,0.0,0.0,4,0.0,0.0,0.0,0.0,0.0,4,4.25,0.5,7.847504911329036,0.0,16.0,3,5.0,5.0,5.0,0.0,10.0,3,285.8666666666667,285.5,7.456764266981568,278.6,293.5,3,553.9333333333334,584.1,77.76942415456949,465.6,612.1,3,64.8,48.4,31.128925455273915,45.3,100.7,3,75.8,73.9,7.3368930754100585,69.6,83.9,69.9
2026-10-05T18:00,4,81.0,83.80000000000001,6.076183012385321,71.9,84.5,4,3.0,3.0,2.943920288775949,0.0,6.0,4,1.5,0.0,3.0,0.0,6.0,4,0.0,0.0,0.0,0.0,0.0,4,4.0,0.5,7.3484692283495345,0.0,15.0,3,4.666666666666667,5.0,4.509249752822894,0.0,9.0,3,82.83333333333333,81.6,5.553677460326031,78.0,88.9,3,263.23333333333335,279.0,34.01122363769546,224.2,286.5,3,28.866666666666664,22.4,12.701312268160853,20.7,43.5,3,58.800000000000004,60.2,5.632051136131489,52.6,63.6,74.7
2026-10-05T19:00,4,78.9,81.65,5.737014322217903,70.3,82.0,4,4.75,2.5,6.3966136874651625,0.0,14.0,4,3.5,0.0,7.0,0.0,14.0,4,0.0,0.0,0.0,0.0,0.0,4,3.25,0.5,5.852349955359813,0.0,12.0,3,4.333333333333333,5.0,4.041451884327381,0.0,8.0,3,0.0,0.0,0.0,0.0,0.0,3,0.0,0.0,0.0,0.0,0.0,3,0.0,0.0,0.0,0.0,0.0,3,27.366666666666664,28.0,2.7061657993059742,24.4,29.7,77.5
2026-10-05T20:00,4,76.625,78.65,5.4408179532125525,68.6,80.6,4,7.0,2.0,11.40175425099138,0.0,24.0,4,6.0,0.0,12.0,0.0,24.0,4,0.0,0.0,0.0,0.0,0.0,4,2.5,0.5,4.358898943540674,0.0,9.0,3,4.0,5.0,3.605551275463989,0.0,7.0,3,0.0,0.0,0.0,0.0,0.0,3,0.0,0.0,0.0,0.0,0.0,3,0.0,0.0,0.0,0.0,0.0,3,0.0,0.0,0.0,0.0,0.0,74.9
2026-10-05T21:00,4,74.4,75.55,5.308483775994801,67.0,79.5,4,9.0,1.5,16.020819787597222,0.0,33.0,4,8.25,0.0,16.5,0.0,33.0,4,0.0,0.0,0.0,0.0,0.0,4,1.5,0.5,2.380476142847616,0.0,5.0,3,3.6666666666666665,5.0,3.2145502536643185,0.0,6.0,3,0.0,0.0,0.0,0.0,0.0,3,0.0,0.0,0.0,0.0,0.0,3,0.0,0.0,0.0,0.0,0.0,3,0.0,0.0,0.0,0.0,0.0,72.0
2026-10-05T22:00,4,72.475,72.7,5.416256394718893,65.7,78.8,4,11.0,1.5,20.016659728003237,0.0,41.0,4,10.5,0.5,20.33879708012907,0.0,41.0,4,0.0,0.0,0.0,0.0,0.0,4,0.75,0.5,0.9574271077563382,0.0,2.0,3,3.0,4.0,2.6457513110645907,0.0,5.0,3,0.0,0.0,0.0,0.0,0.0,3,0.0,0.0,0.0,0.0,0.0,3,0.0,0.0,0.0,0.0,0.0,3,0.0,0.0,0.0,0.0,0.0,68.8
2026-10-05T23:00,4,71.05000000000001,70.65,5.624055476255552,64.7,78.2,4,11.75,1.0,22.18670773233379,0.0,45.0,4,11.5,0.5,22.338307903688676,0.0,45.0,4,0.0,0.0,0.0,0.0,0.0,4,0.25,0.0,0.5,0.0,1.0,3,2.6666666666666665,3.0,2.516611478423583,0.0,5.0,3,0.0,0.0,0.0,0.0,0.0,3,0.0,0.0,0.0,0.0,0.0,3,0.0,0.0,0.0,0.0,0.0,3,0.0,0.0,0.0,0.0,0.0,66.6
