dt,is_day,terrestrial_radiation,terrestrial_radiation_instant,latitude_grid,longitude_grid,elevation_m,generationtime_ms,uv_transmission,uv_attenuation,clearness_index,clearness_index_instant,direct_fraction,diffuse_fraction,direct_fraction_instant,diffuse_fraction_instant,sunshine_fraction,ghi_balance_error,ghi_balance_error_instant,upper_air_rh_max,upper_air_cloud_max,sun_score_0_100,sun_score_evidence_weight,air__pm10,air__pm2_5,air__carbon_monoxide,air__carbon_dioxide,air__nitrogen_dioxide,air__sulphur_dioxide,air__ozone,air__methane,air__aerosol_optical_depth,air__dust,air__uv_index,air__uv_index_clear_sky,air__us_aqi,air__us_aqi_pm2_5,air__us_aqi_pm10,air__us_aqi_ozone,sza,solar_elevation_deg,solar_azimuth_deg,clear_ghi,clear_dni,clear_dhi,ghi,dni,dhi,kt,cloud,temp_c,rh,pressure_kpa,aod55,aod340,aod380,ozone_du,cams_forecast_albedo,albedo,predicted_uva_wm2,predicted_uvb_wm2,tan_score_absolute_0_100,local_tan_score_0_100,atmospheric_quality_percentile_0_100,ensemble_strong_sun_support_0_100,deterministic_agreement_0_100,sun_window_confidence_0_100,tan_forecast_confidence_0_100,uv_input_disagree,humidity_context_pct,wet_bulb_context_f,wind_context_mph,precipitation_context_probability_pct,torso_lift_deg,outdoor_feasibility_0_100,outdoor_blocked,minimum_tan_temperature_f,overall_components_unblocked_0_100,overall_tan_opportunity_0_100,uv_index,shortwave_radiation_instant,time,subhour_source,weather_code,sun_compass,sun_posture_guidance,outdoor_block_reason,outdoor_flags,fitzpatrick_type,fitzpatrick_label,skin_response_note,personal_uv_risk_context
2026-09-22 00:00:00,0.0,0.0,0.0,34.03202,-118.52633,86.0,62.02268600463867,,,,,,,,,0.0,0.0,0.0,90.0,24.0,0.0,0.6,13.1,11.0,163.0,455.0,23.6,4.3,53.0,1400.0,0.17,1.0,0.0,0.0,59.0,59.0,15.0,36.0,143.96353081855682,-53.963530818556826,339.78496191178397,0.0,0.0,0.0,0.0,0.0,0.0,,6.0,18.833333333333336,76.0,100.26,0.17,,,,,0.2,0.0,0.0,0.0,0.0,,,,,,False,76.0,60.6,4.3,0.0,,100.0,False,50.0,0.0,0.0,0.0,0.0,2026-09-22T00:00,interpolated_hourly,0,NNW,sun below horizon — no direct-sun posture,,,,not specified,Environmental scores are skin-type independent.,not personalized
2026-09-22 00:30:00,0.0,0.0,0.0,34.03202,-118.52633,86.0,62.02268600463867,,,,,,,,,0.0,0.0,0.0,90.5,25.5,0.0,0.6,13.6,11.450000000000001,166.5,456.5,24.950000000000003,4.35,52.0,1407.0,0.175,1.0,0.0,0.0,59.0,59.0,15.0,34.5,144.76345012987827,-54.76345012987828,172.79059882268007,0.0,0.0,0.0,0.0,0.0,0.0,,9.0,18.75,74.5,100.26500000000001,0.175,,,,,0.2,0.0,0.0,0.0,0.0,,,,,,False,74.5,60.150000000000006,4.6,0.0,,100.0,False,50.0,0.0,0.0,0.0,0.0,2026-09-22T00:30,interpolated_hourly,0,S,sun below horizon — no direct-sun posture,,,,not specified,Environmental scores are skin-type independent.,not personalized
2026-09-22 01:00:00,0.0,0.0,0.0,34.03202,-118.52633,86.0,62.02268600463867,,,,,,,,,0.0,0.0,0.0,91.0,27.0,0.0,0.6,14.1,11.9,170.0,458.0,26.3,4.4,51.0,1414.0,0.18,1.0,0.0,0.0,59.0,59.0,15.0,33.0,145.56336944119974,-55.56336944119973,5.796235733576168,0.0,0.0,0.0,0.0,0.0,0.0,,12.0,18.666666666666664,73.0,100.27000000000001,0.18,,,,,0.2,0.0,0.0,0.0,0.0,,,,,,False,73.0,59.7,4.9,0.0,,100.0,False,50.0,0.0,0.0,0.0,0.0,2026-09-22T01:00,interpolated_hourly,0,N,sun below horizon — no direct-sun posture,,,,not specified,Environmental scores are skin-type independent.,not personalized
2026-09-22 01:30:00,0.0,0.0,0.0,34.03202,-118.52633,86.0,62.02268600463867,,,,,,,,,0.0,0.0,0.0,91.0,27.0,0.0,0.6,14.85,12.600000000000001,175.0,460.5,28.3,4.4,48.5,1424.5,0.185,1.0,0.0,0.0,59.0,59.0,15.0,32.0,143.61704931527478,-53.617049315274784,18.08626876476859,0.0,0.0,0.0,0.0,0.0,0.0,,13.5,18.583333333333332,71.0,100.26,0.185,,,,,0.2,0.0,0.0,0.0,0.0,,,,,,False,71.0,59.150000000000006,4.2,0.0,,100.0,False,50.0,0.0,0.0,0.0,0.0,2026-09-22T01:30,interpolated_hourly,0,NNE,sun below horizon — no direct-sun posture,,,,not specified,Environmental scores are skin-type independent.,not personalized
2026-09-22 02:00:00,0.0,0.0,0.0,34.03202,-118.52633,86.0,62.02268600463867,,,,,,,,,0.0,0.0,0.0,91.0,27.0,0.0,0.6,15.6,13.3,180.0,463.0,30.3,4.4,46.0,1435.0,0.19,1.0,0.0,0.0,59.0,59.0,15.0,31.0,141.67072918934983,-51.67072918934983,30.376301795961012,0.0,0.0,0.0,0.0,0.0,0.0,,15.0,18.5,69.0,100.25,0.19,,,,,0.2,0.0,0.0,0.0,0.0,,,,,,False,69.0,58.6,3.5,0.0,,100.0,False,50.0,0.0,0.0,0.0,0.0,2026-09-22T02:00,interpolated_hourly,0,NNE,sun below horizon — no direct-sun posture,,,,not specified,Environmental scores are skin-type independent.,not personalized
2026-09-22 02:30:00,0.0,0.0,0.0,34.03202,-118.52633,86.0,62.02268600463867,,,,,,,,,0.0,0.0,0.0,91.0,27.0,0.0,0.6,17.2,14.85,188.5,468.0,33.7,4.35,41.5,1450.5,0.2,1.0,0.0,0.0,58.5,58.5,15.0,29.5,137.67110842978613,-47.67110842978613,39.86032483300539,0.0,0.0,0.0,0.0,0.0,0.0,,33.5,18.388888888888893,68.5,100.25,0.2,,,,,0.2,0.0,0.0,0.0,0.0,,,,,,False,68.5,58.3,3.1,0.0,,100.0,False,50.0,0.0,0.0,0.0,0.0,2026-09-22T02:30,interpolated_hourly,0,NE,sun below horizon — no direct-sun posture,,,,not specified,Environmental scores are skin-type independent.,not personalized
2026-09-22 03:00:00,0.0,0.0,0.0,34.03202,-118.52633,86.0,62.02268600463867,,,,,,,,,0.0,0.0,0.0,91.0,27.0,0.0,0.6,18.8,16.4,197.0,473.0,37.1,4.3,37.0,1466.0,0.21,1.0,0.0,0.0,58.0,58.0,15.0,28.0,133.67148767022243,-43.67148767022243,49.34434787004977,0.0,0.0,0.0,0.0,0.0,0.0,,52.0,18.277777777777782,68.0,100.25,0.21,,,,,0.2,0.0,0.0,0.0,0.0,,,,,,False,68.0,58.0,2.7,0.0,,100.0,False,50.0,0.0,0.0,0.0,0.0,2026-09-22T03:00,interpolated_hourly,2,NE,sun below horizon — no direct-sun posture,,,,not specified,Environmental scores are skin-type independent.,not personalized
2026-09-22 03:30:00,0.0,0.0,0.0,34.03202,-118.52633,86.0,62.02268600463867,,,,,,,,,0.0,0.0,0.0,92.0,31.5,0.0,0.6,20.25,17.85,207.5,479.0,41.1,4.199999999999999,32.0,1485.5,0.22,1.0,0.0,0.0,58.0,58.0,15.0,27.0,128.49713709416739,-38.49713709416738,56.31849162135552,0.0,0.0,0.0,0.0,0.0,0.0,,58.0,18.138888888888893,68.0,100.245,0.22,,,,,0.18263522,0.0,0.0,0.0,0.0,,,,,,False,68.0,57.75,2.85,0.0,,100.0,False,50.0,0.0,0.0,0.0,0.0,2026-09-22T03:30,interpolated_hourly,2,ENE,sun below horizon — no direct-sun posture,,,,not specified,Environmental scores are skin-type independent.,not personalized
2026-09-22 04:00:00,0.0,0.0,0.0,34.03202,-118.52633,86.0,62.02268600463867,,,,,,,,,0.0,0.0,0.0,93.0,36.0,0.0,0.6,21.7,19.3,218.0,485.0,45.1,4.1,27.0,1505.0,0.23,1.0,0.0,0.0,58.0,58.0,15.0,26.0,123.32278651811232,-33.32278651811232,63.292635372661266,0.0,0.0,0.0,0.0,0.0,0.0,,64.0,18.000000000000004,68.0,100.24,0.23,0.14969054,0.13757436,287.52646,0.16527045,0.16527045,0.0,0.0,0.0,0.0,,,,,,False,68.0,57.5,3.0,0.0,,100.0,False,50.0,0.0,0.0,0.0,0.0,2026-09-22T04:00,interpolated_hourly,2,ENE,sun below horizon — no direct-sun posture,,,,not specified,Environmental scores are skin-type independent.,not personalized
2026-09-22 04:30:00,0.0,0.0,0.0,34.03202,-118.52633,86.0,62.02268600463867,,,,,,,,,0.0,0.0,0.0,93.5,38.5,0.0,0.6,19.299999999999997,16.7,228.0,489.5,37.550000000000004,3.4499999999999997,33.5,1526.5,0.25,1.5,0.0,0.0,58.0,58.0,15.0,24.5,117.53745252663538,-27.53745252663537,68.69665854997527,0.0,0.0,0.0,0.0,0.0,0.0,,49.0,17.75,68.5,100.22999999999999,0.25,0.14969054,0.13757436,287.52646,0.16527045,0.16527045,0.0,0.0,0.0,0.0,,,,,,False,68.5,57.2,2.9,0.0,,100.0,False,50.0,0.0,0.0,0.0,0.0,2026-09-22T04:30,interpolated_hourly,2,ENE,sun below horizon — no direct-sun posture,,,,not specified,Environmental scores are skin-type independent.,not personalized
2026-09-22 05:00:00,0.0,0.0,0.0,34.03202,-118.52633,86.0,62.02268600463867,,,,,,,,,0.0,0.0,0.0,94.0,41.0,0.0,0.6,16.9,14.1,238.0,494.0,30.0,2.8,40.0,1548.0,0.27,2.0,0.0,0.0,58.0,58.0,15.0,23.0,111.75211853515842,-21.75211853515842,74.10068172728927,0.0,0.0,0.0,0.0,0.0,0.0,,34.0,17.5,69.0,100.22,0.27,0.14969054,0.13757436,287.52646,0.16527045,0.16527045,0.0,0.0,0.0,0.0,,,,,,False,69.0,56.9,2.8,0.0,,100.0,False,50.0,0.0,0.0,0.0,0.0,2026-09-22T05:00,interpolated_hourly,1,ENE,sun below horizon — no direct-sun posture,,,,not specified,Environmental scores are skin-type independent.,not personalized
2026-09-22 05:30:00,0.0,0.0,0.0,34.03202,-118.52633,86.0,62.02268600463867,,,,,,,,,0.0,0.0,0.0,95.0,46.5,0.0,0.6,18.049999999999997,15.45,249.5,497.5,30.35,2.65,38.0,1580.5,0.27,2.0,0.0,0.0,58.0,58.0,15.0,22.5,105.66622079800044,-15.666220798000447,78.66697719597596,0.0,0.0,0.0,0.0,0.0,0.0,,38.5,17.52777777777778,68.5,100.235,0.27,0.15343635,0.14107636,287.1723,0.16514713,0.16514713,0.0,0.0,0.0,0.0,,,,,,False,68.5,56.849999999999994,3.55,0.0,,100.0,False,50.0,0.0,0.0,0.0,0.0,2026-09-22T05:30,interpolated_hourly,1,ENE,sun below horizon — no direct-sun posture,,,,not specified,Environmental scores are skin-type independent.,not personalized
2026-09-22 06:00:00,0.0,0.0,0.0,34.03202,-118.52633,86.0,62.02268600463867,,,,,,,,,0.0,0.0,0.0,96.0,52.0,0.0,0.6,19.2,16.8,261.0,501.0,30.7,2.5,36.0,1613.0,0.27,2.0,0.0,0.0,58.0,58.0,15.0,22.0,99.58032306084247,-9.580323060842474,83.23327266466265,0.0,0.0,0.0,0.0,0.0,0.0,,43.0,17.555555555555557,68.0,100.25,0.27,0.15718216,0.14457837,286.81818,0.1650238,0.1650238,0.0,0.0,0.0,0.0,0.0,,,,,False,68.0,56.8,4.3,0.0,,100.0,False,50.0,0.0,0.0,0.0,0.0,2026-09-22T06:00,interpolated_hourly,1,E,sun below horizon — no direct-sun posture,,,,not specified,Environmental scores are skin-type independent.,not personalized
2026-09-22 06:30:00,0.0,3.8,33.45,34.03202,-118.52633,86.0,62.02268600463867,,,,,,,,,0.0,-0.050000000000000044,0.0,96.0,52.0,4.4,0.725,20.25,17.55,271.5,503.5,31.049999999999997,2.3,33.5,1648.0,0.275,2.0,0.0,0.025,58.0,58.0,15.0,21.0,93.2637308724349,-3.26373087243491,87.47209919550181,2.7991944534825923,9.00230585610314,2.3197561888052847,0.75,7.15,0.4,,71.5,17.416666666666668,69.5,100.265,0.275,0.16496474,0.15187782,286.28223,0.16492209,0.16492209,0.0,0.0,0.0,0.5,3.5000000000000004,,,,,False,69.5,56.849999999999994,3.9,0.0,,100.0,False,50.0,0.0,0.0,0.0,0.0,2026-09-22T06:30,interpolated_hourly,1,E,sun below horizon — no direct-sun posture,,,,not specified,Environmental scores are skin-type independent.,not personalized
2026-09-22 07:00:00,1.0,7.6,66.9,34.03202,-118.52633,86.0,62.02268600463867,,,0.19736842105263158,0.1973094170403587,0.5333333333333333,0.5333333333333333,0.5,0.5,0.0,-0.10000000000000009,0.0,96.0,52.0,8.8,0.85,21.3,18.3,282.0,506.0,31.4,2.1,31.0,1683.0,0.28,2.0,0.0,0.05,58.0,58.0,15.0,20.0,86.94713868402735,3.0528613159726543,91.71092572634097,5.598388906965185,18.00461171220628,4.639512377610569,1.5,14.3,0.8,0.19736842105263158,100.0,17.27777777777778,71.0,100.28,0.28,0.17274731,0.15917727,285.74628,0.16482037,0.16482037,0.731,0.0021,0.4,1.0,7.0,30.4,58.7,40.3,40.3,False,71.0,56.9,3.5,0.0,86.9,100.0,False,50.0,1.2,1.2,0.0,13.2,2026-09-22T07:00,interpolated_hourly,3,E,"sun low 3° (E) — face E, lift torso ~87° toward the sun if comfortable",,,,not specified,Environmental scores are skin-type independent.,not personalized
2026-09-22 07:30:00,1.0,109.95,211.15,34.03202,-118.52633,86.0,62.02268600463867,,,0.24658812008825642,0.24651627295461942,0.3582271762208068,0.6751061571125265,0.3418173168411037,0.6581826831588963,0.056570833333333334,-0.050000000000000044,0.0,97.0,59.0,15.35,0.925,21.950000000000003,18.85,282.5,504.5,30.7,2.1,31.0,1694.0,0.28500000000000003,2.0,0.125,0.32499999999999996,58.0,58.0,15.0,19.5,80.86161333850933,9.138386661490678,96.03736610934047,87.34942712125473,207.9211307509538,34.63551689674555,32.15,43.95,26.05,0.24658812008825642,91.5,18.583333333333336,71.5,100.315,0.28500000000000003,0.18683103,0.17253038,285.43448,0.1647625,0.1647625,2.360832672018201,0.018372456062516515,2.069719395769326,8.8,21.95,34.2,50.650000000000006,39.95,39.95,False,71.5,59.2,3.25,0.0,80.9,100.0,False,50.0,5.1,5.1,0.21198987764442132,52.50733316408218,2026-09-22T07:30,interpolated_hourly,3,E,"sun low 9° (E) — face E, lift torso ~81° toward the sun if comfortable",,,,not specified,Environmental scores are skin-type independent.,not personalized
2026-09-22 08:00:00,1.0,212.3,355.4,34.03202,-118.52633,86.0,62.02268600463867,0.8181818181818181,0.18181818181818188,0.29580781912388127,0.29572312886888014,0.18312101910828027,0.8168789808917197,0.18363463368220745,0.8163653663177926,0.11314166666666667,0.0,0.0,98.0,66.0,21.9,1.0,22.6,19.4,283.0,503.0,30.0,2.1,31.0,1705.0,0.29,2.0,0.25,0.6,58.0,58.0,15.0,19.0,74.7760879929913,15.223912007008702,100.36380649233996,169.1004653355443,397.83764978970135,64.63152141588053,62.8,73.6,51.3,0.29580781912388127,83.0,19.88888888888889,72.0,100.35,0.29,0.20091474,0.1858835,285.12268,0.16470462,0.16470462,4.588,0.0369,4.2,16.6,36.9,38.0,42.6,39.6,39.6,False,72.0,61.5,3.0,0.0,74.8,100.0,False,50.0,9.0,9.0,0.45,105.1,2026-09-22T08:00,interpolated_hourly,3,E,"sun low 15° (E) — face E, lift torso ~75° toward the sun if comfortable",,,,not specified,Environmental scores are skin-type independent.,not personalized
2026-09-22 08:30:00,1.0,351.3,487.59999999999997,34.03202,-118.52633,86.0,62.02268600463867,0.8144963144963144,0.18550368550368557,0.34625185979649087,0.34623200651252983,0.3139255481145514,0.6860744518854486,0.3140621318065368,0.6857345335045653,0.5565708333333333,0.0,0.04999999999999716,98.0,66.0,33.099999999999994,1.0,21.3,17.95,265.0,495.5,27.4,2.45,35.5,1670.5,0.28500000000000003,2.5,0.625,1.25,58.0,58.0,15.0,18.0,68.79971453962816,21.200285460371845,105.22013349519727,274.3626112778019,506.48721801990615,81.65071711987267,128.64999999999998,156.6,79.65,0.34625185979649087,87.5,20.805555555555557,69.0,100.35,0.28500000000000003,0.2162581,0.2004474,285.01254,0.16472673,0.16472673,7.927278548567893,0.11539315165772815,7.79944852082629,22.85,27.1,39.7,45.650000000000006,41.8,41.8,False,69.0,62.35,1.6,0.0,68.8,100.0,False,50.0,13.4,13.4,0.9603783428620142,170.27567288093323,2026-09-22T08:30,interpolated_hourly,3,ESE,"sun low 21° (ESE) — face ESE, lift torso ~69° toward the sun if comfortable",,,,not specified,Environmental scores are skin-type independent.,not personalized
2026-09-22 09:00:00,1.0,490.3,619.8,34.03202,-118.52633,86.0,62.02268600463867,0.8108108108108107,0.18918918918918926,0.3966959004691005,0.3967408841561795,0.44473007712082263,0.5552699228791774,0.44448962993086616,0.555103700691338,1.0,0.0,0.09999999999999432,98.0,66.0,44.3,1.0,20.0,16.5,247.0,488.0,24.8,2.8,40.0,1636.0,0.28,3.0,1.0,1.9,58.0,58.0,15.0,17.0,62.82334108626502,27.176658913734986,110.07646049805459,379.62475722005945,615.136786250111,98.66991282386482,194.5,239.6,108.0,0.3966959004691005,92.0,21.72222222222222,66.0,100.35,0.28,0.23160145,0.21501128,284.9024,0.16474885,0.16474885,11.753,0.1974,11.8,29.1,17.3,41.4,48.7,44.0,44.0,False,66.0,63.2,0.2,0.0,62.8,100.0,False,50.0,17.1,17.1,1.5,245.9,2026-09-22T09:00,interpolated_hourly,3,ESE,"sun low 27° (ESE) — face ESE, lift torso ~63° toward the sun if comfortable",,,,not specified,Environmental scores are skin-type independent.,not personalized
2026-09-22 09:30:00,1.0,612.7,730.95,34.03202,-118.52633,86.0,62.02268600463867,0.8268339768339767,0.1731660231660232,0.4228072074784627,0.4228093448212319,0.4281226143179871,0.5720289008335282,0.4279326456532638,0.5718640196578383,1.0,-0.05000000000001137,0.04999999999999716,96.5,56.0,48.849999999999994,1.0,19.5,15.7,218.5,476.5,21.15,3.3499999999999996,47.5,1577.0,0.265,3.0,2.0,2.8499999999999996,58.0,58.0,15.0,17.0,57.24805295853841,32.7519470414616,116.0601798640759,472.50478468222076,667.7482743552002,108.66108877607252,262.25,245.2,151.15,0.4228072074784627,81.5,21.88888888888889,67.5,100.345,0.265,0.24996187,0.23233011,284.87503,0.16474885,0.16474885,16.399116528947523,0.32357785132270916,16.9311331416748,35.7,12.4,48.4,47.5,48.1,48.1,False,67.5,63.85,2.2,0.0,57.2,100.0,False,50.0,21.5,21.5,2.2241603929349028,311.7146148252859,2026-09-22T09:30,interpolated_hourly,3,ESE,"sun 33° up (ESE) — lay flat, or lift torso ~57° toward ESE to face it",,,,not specified,Environmental scores are skin-type independent.,not personalized
2026-09-22 10:00:00,1.0,735.1,842.1,34.03202,-118.52633,86.0,62.02268600463867,0.8428571428571429,0.15714285714285714,0.44891851448782477,0.44887780548628425,0.41151515151515156,0.5887878787878789,0.4113756613756614,0.5886243386243386,1.0,-0.10000000000002274,0.0,95.0,46.0,53.4,1.0,19.0,14.9,190.0,465.0,17.5,3.9,55.0,1518.0,0.25,3.0,3.0,3.8,58.0,58.0,15.0,17.0,51.67276483081179,38.32723516918821,122.04389923009722,565.3848121443821,720.3597624602896,118.65226472828022,330.0,250.8,194.3,0.44891851448782477,71.0,22.055555555555557,69.0,100.34,0.25,0.2683223,0.24964894,284.84766,0.16474885,0.16474885,21.07,0.45,22.1,42.3,7.5,55.4,46.3,52.2,52.2,False,69.0,64.5,4.2,0.0,51.7,100.0,False,50.0,24.9,24.9,2.95,378.0,2026-09-22T10:00,interpolated_hourly,2,ESE,"sun 38° up (ESE) — lay flat, or lift torso ~52° toward ESE to face it",,,,not specified,Environmental scores are skin-type independent.,not personalized
2026-09-22 10:30:00,1.0,832.45,924.6,34.03202,-118.52633,86.0,62.02268600463867,0.9214285714285715,0.07857142857142857,0.4980664846046351,0.49799664278881783,0.5367324185248714,0.4634190966266438,0.536631569344818,0.463368430655182,1.0,-0.05000000000001137,0.0,92.0,33.0,65.7,1.0,19.1,14.8,168.0,456.5,14.55,4.25,62.5,1472.0,0.235,3.5,4.275,4.8,58.0,58.0,15.0,17.0,46.907534696257386,43.092465303742614,130.01835140294418,635.3517188467499,747.446433663033,124.83479915315104,419.4,371.35,183.15,0.4980664846046351,57.5,22.250000000000004,70.5,100.33000000000001,0.235,0.28918305,0.26952174,285.11932,0.16474885,0.16474885,26.46127351970844,0.6386429657342646,28.766978558671774,51.349999999999994,9.5,65.05,53.15,60.9,60.9,False,70.5,65.15,5.85,0.0,46.9,100.0,False,50.0,31.4,31.4,4.0246405778619305,464.41704639554786,2026-09-22T10:30,interpolated_hourly,2,SE,"sun 43° up (SE) — lay flat, or lift torso ~47° toward SE to face it",,,,not specified,Environmental scores are skin-type independent.,not personalized
2026-09-22 11:00:00,1.0,929.8,1007.1,34.03202,-118.52633,86.0,62.02268600463867,1.0,0.0,0.5472144547214455,0.5471154800913514,0.6619496855345912,0.3380503144654088,0.6618874773139746,0.33811252268602543,1.0,0.0,0.0,89.0,20.0,78.0,1.0,19.2,14.7,146.0,448.0,11.6,4.6,70.0,1426.0,0.22,4.0,5.55,5.8,58.0,58.0,15.0,17.0,42.14230456170297,47.85769543829703,137.99280357579113,705.3186255491177,774.5331048657762,131.01733357802186,508.8,491.9,172.0,0.5472144547214455,44.0,22.44444444444445,72.0,100.32000000000001,0.22,0.3100438,0.28939453,285.391,0.16474885,0.16474885,31.862,0.8274,35.5,60.4,11.5,74.7,60.0,69.6,69.6,False,72.0,65.8,7.5,0.0,42.1,100.0,False,50.0,38.0,38.0,5.1,551.0,2026-09-22T11:00,interpolated_hourly,1,SE,"sun 48° up (SE) — lay flat, or lift torso ~42° toward SE to face it",,,,not specified,Environmental scores are skin-type independent.,not personalized
2026-09-22 11:30:00,1.0,995.55,1055.3,34.03202,-118.52633,86.0,62.02268600463867,1.0,0.0,0.5773856123602517,0.5773185012599937,0.6557267038094793,0.3442732961905208,0.6556752422369396,0.3443247577630605,1.0,0.0,0.0,86.5,11.5,81.15,1.0,19.1,14.55,137.0,444.5,9.95,4.6,77.5,1407.5,0.215,4.0,6.3,6.475,58.0,58.0,15.0,18.0,38.90635345905324,51.09364654094676,148.83695003430861,746.4405851909398,787.2832069128272,134.32246451640236,576.8,513.9,199.0,0.5773856123602517,42.0,22.361111111111114,75.0,100.29,0.215,0.3332501,0.3116811,285.80334,0.16471958,0.16471958,36.15095894881417,0.9854503901070036,40.0246071417479,67.5,13.5,86.6,56.3,76.0,76.0,False,75.0,66.4,8.6,0.0,38.9,100.0,False,50.0,42.8,42.8,5.7176987211013035,614.4983822988189,2026-09-22T11:30,interpolated_hourly,1,SSE,"sun 51° up (SSE) — lay flat, or lift torso ~39° toward SSE to face it",,,,not specified,Environmental scores are skin-type independent.,not personalized
2026-09-22 12:00:00,1.0,1061.3,1103.5,34.03202,-118.52633,86.0,62.02268600463867,1.0,0.0,0.6075567699990577,0.6075215224286361,0.6495037220843674,0.35049627791563276,0.6494630071599046,0.3505369928400955,1.0,0.0,0.0,84.0,3.0,84.3,1.0,19.0,14.4,128.0,441.0,8.3,4.6,85.0,1389.0,0.21,4.0,7.05,7.15,58.0,58.0,15.0,19.0,35.670402356403514,54.329597643596486,159.6810964928261,787.5625448327621,800.0333089598781,137.62759545478286,644.8,535.9,226.0,0.6075567699990577,40.0,22.277777777777775,78.0,100.26,0.21,0.35645637,0.3339677,286.2157,0.16469032,0.16469032,39.993,1.1374,44.2,74.6,15.5,98.5,52.6,82.4,82.4,False,78.0,67.0,9.7,0.0,35.7,100.0,False,50.0,47.3,47.3,6.3,670.4,2026-09-22T12:00,interpolated_hourly,1,SSE,"sun 54° up (SSE) — lay flat, or lift torso ~36° toward SSE to face it",,,,not specified,Environmental scores are skin-type independent.,not personalized
2026-09-22 12:30:00,1.0,1090.9,1114.15,34.03202,-118.52633,86.0,62.02268600463867,0.9963503649635036,0.0036496350364963463,0.6336757522462937,0.6336416289241331,0.6818464099397896,0.31815359006021054,0.6818262347482584,0.31817376525174157,1.0,0.0,0.0,83.0,1.5,86.0,1.0,18.8,14.15,125.0,440.0,7.300000000000001,4.4,92.5,1383.5,0.20500000000000002,4.0,7.175,7.225,58.0,58.0,15.0,20.5,34.888205018651874,55.111794981348126,172.8022990523761,796.6372973802626,802.5983471831365,138.33155917055086,692.05,588.0,218.65,0.6336757522462937,41.5,22.361111111111114,78.0,100.23,0.20500000000000002,0.366287,0.34350416,286.48083,0.16473371,0.16473371,42.806422188469476,1.2203911381806054,46.755183402701256,78.5,22.05,99.15,46.05,80.55,80.55,False,78.0,67.15,10.1,0.0,34.9,100.0,False,50.0,50.9,50.9,6.5768981035732805,712.0624554397759,2026-09-22T12:30,interpolated_hourly,1,S,"sun 55° up (S) — lay flat on back, face up",,,,not specified,Environmental scores are skin-type independent.,not personalized
2026-09-22 13:00:00,1.0,1120.5,1124.8,34.03202,-118.52633,86.0,62.02268600463867,0.9927007299270073,0.007299270072992692,0.6597947344935297,0.6597617354196302,0.7141890977952118,0.28581090220478833,0.7141894623366123,0.28581053766338765,1.0,0.0,0.0,82.0,0.0,87.7,1.0,18.6,13.9,122.0,439.0,6.3,4.2,100.0,1378.0,0.2,4.0,7.3,7.3,58.0,58.0,15.0,22.0,34.106007680900234,55.893992319099766,185.9235016119261,805.712049927763,805.1633854063949,139.03552288631886,739.3,640.1,211.3,0.6597947344935297,43.0,22.44444444444445,78.0,100.2,0.2,0.37611765,0.35304064,286.746,0.1647771,0.1647771,44.92099999999999,1.2933999999999999,48.72847694235388,82.4,28.6,99.8,39.5,78.7,78.7,False,78.0,67.3,10.5,0.0,34.1,100.0,False,50.0,53.7,53.7,6.799999999999999,742.0999999999999,2026-09-22T13:00,interpolated_hourly,1,S,"sun 56° up (S) — lay flat on back, face up",,,,not specified,Environmental scores are skin-type independent.,not personalized
2026-09-22 13:30:00,1.0,1111.9,1097.15,34.03202,-118.52633,86.0,62.02268600463867,0.9813127709785412,0.01868722902145875,0.6487136456841799,0.6486746966018206,0.6996673989331424,0.30033260106685755,0.6996669558346795,0.3003330441653205,1.0,0.0,0.0,79.0,0.0,87.0,1.0,18.25,13.5,121.0,438.5,5.699999999999999,3.95,105.0,1376.0,0.19,4.0,6.775,6.775,58.0,58.0,15.0,24.0,36.08828731588328,53.91171268411672,198.28247082075876,782.0453143833483,798.2945745104049,137.18133609968083,721.4,616.75,216.4,0.6487136456841799,30.5,22.44444444444445,78.5,100.16499999999999,0.19,0.38122976,0.35794574,287.00833,0.16487119,0.16487119,44.12764417422882,1.2321171857876747,47.77588469072744,80.2,34.7,99.25,59.45,85.30000000000001,85.30000000000001,False,78.5,67.4,11.55,0.0,36.1,100.0,False,50.0,54.6,54.6,6.652087324458759,717.8341440757367,2026-09-22T13:30,interpolated_hourly,1,SSW,"sun 54° up (SSW) — lay flat, or lift torso ~36° toward SSW to face it",,,,not specified,Environmental scores are skin-type independent.,not personalized
2026-09-22 14:00:00,1.0,1103.3,1069.5,34.03202,-118.52633,86.0,62.02268600463867,0.9699248120300752,0.03007518796992481,0.6376325568748301,0.6375876577840112,0.6851457000710732,0.3148542999289268,0.6851444493327468,0.31485555066725324,1.0,0.0,0.0,76.0,0.0,86.3,1.0,17.9,13.1,120.0,438.0,5.1,3.7,110.0,1374.0,0.18,4.0,6.25,6.25,58.0,58.0,15.0,26.0,38.070566950866315,51.929433049133685,210.6414400295914,758.3785788389338,791.4257636144149,135.3271493130428,703.5,593.4,221.5,0.6376325568748301,18.0,22.44444444444445,79.0,100.13,0.18,0.3863419,0.36285084,287.27066,0.16496527,0.16496527,42.617,1.1608,46.2,78.0,40.8,98.7,79.4,91.9,91.9,False,79.0,67.5,12.6,0.0,38.1,100.0,False,50.0,54.7,54.7,6.45,681.9,2026-09-22T14:00,interpolated_hourly,0,SSW,"sun 52° up (SSW) — lay flat, or lift torso ~38° toward SSW to face it",,,,not specified,Environmental scores are skin-type independent.,not personalized
2026-09-22 14:30:00,1.0,1057.15,1005.4,34.03202,-118.52633,86.0,62.02268600463867,0.9591003370495204,0.04089966295047964,0.6710912537094229,0.6710194742760489,0.7311029637516675,0.26889703624833255,0.7311259872964442,0.2688740127035557,1.0,0.0,5.684341886080802e-14,77.5,0.0,86.94999999999999,1.0,16.75,12.1,120.0,438.0,4.699999999999999,3.4000000000000004,110.5,1374.0,0.16999999999999998,4.0,5.325,5.325,58.0,58.0,15.0,28.0,42.10473930968621,47.89526069031379,220.13095807381467,703.7702807975535,773.0420232174656,130.7885568872872,707.9,668.5,190.15,0.6710912537094229,26.5,22.16666666666667,80.5,100.10499999999999,0.16999999999999998,0.3865456,0.3631268,287.578,0.16508162,0.16508162,42.07469366428261,1.0695305289097141,44.45152723167696,74.35,50.0,83.75,78.30000000000001,81.80000000000001,81.80000000000001,False,80.5,67.4,13.25,0.0,42.1,100.0,False,50.0,53.2,53.2,6.010293825756446,680.468267260595,2026-09-22T14:30,interpolated_hourly,0,SW,"sun 48° up (SW) — lay flat, or lift torso ~42° toward SW to face it",,,,not specified,Environmental scores are skin-type independent.,not personalized
2026-09-22 15:00:00,1.0,1011.0,941.3,34.03202,-118.52633,86.0,62.02268600463867,0.9482758620689655,0.051724137931034475,0.7045499505440158,0.7044512907680868,0.7770602274322618,0.22293977256773834,0.7771075252601417,0.22289247473985824,1.0,0.0,1.1368683772161603e-13,79.0,0.0,87.6,1.0,15.6,11.1,120.0,438.0,4.3,3.1,111.0,1374.0,0.16,4.0,4.4,4.4,58.0,58.0,15.0,30.0,46.13891166850611,43.86108833149389,229.6204761180379,649.1619827561732,754.6582828205164,126.24996446153159,712.3,743.6,158.8,0.7045499505440158,35.0,21.888888888888893,82.0,100.08,0.16,0.38674933,0.36340275,287.8853,0.16519797,0.16519797,40.547,0.9657,41.9,70.7,59.2,68.8,77.2,71.7,71.7,False,82.0,67.3,13.9,0.0,46.1,100.0,False,50.0,50.9,50.9,5.5,663.1,2026-09-22T15:00,interpolated_hourly,1,SW,"sun 44° up (SW) — lay flat, or lift torso ~46° toward SW to face it",,,,not specified,Environmental scores are skin-type independent.,not personalized
2026-09-22 15:30:00,1.0,930.4,845.0999999999999,34.03202,-118.52633,86.0,62.02268600463867,0.9570924764890282,0.04290752351097182,0.6797049587975433,0.6796391852425024,0.7329146599874696,0.26717518727218903,0.7328645293511149,0.2671354706488851,1.0,-0.05000000000001137,5.684341886080802e-14,74.0,0.0,82.19999999999999,1.0,15.05,10.5,122.0,438.5,4.3,2.7,109.0,1378.0,0.15000000000000002,4.0,3.4000000000000004,3.4000000000000004,58.0,58.0,15.0,32.5,51.336751930725654,38.663248069274346,236.57624734097882,567.9663709272421,718.1967444249676,118.54457090995095,634.4,678.1,166.05,0.6797049587975433,28.5,21.750000000000004,83.5,100.06,0.15000000000000002,0.37510467,0.35224572,287.83713,0.16529968,0.16529968,35.69645817101967,0.7672548332865324,37.002852690058155,63.3,71.15,54.4,75.55000000000001,61.8,61.8,False,83.5,67.4,14.45,0.0,51.3,100.0,False,50.0,46.2,46.2,4.885856328485201,579.3216345921436,2026-09-22T15:30,interpolated_hourly,1,WSW,"sun 39° up (WSW) — lay flat, or lift torso ~51° toward WSW to face it",,,,not specified,Environmental scores are skin-type independent.,not personalized
2026-09-22 16:00:00,1.0,849.8,748.9,34.03202,-118.52633,86.0,62.02268600463867,0.9659090909090908,0.03409090909090917,0.6548599670510709,0.6548270797169181,0.6887690925426775,0.3114106019766397,0.6886215334420881,0.3113784665579119,1.0,-0.10000000000002274,0.0,69.0,0.0,76.8,1.0,14.5,9.9,124.0,439.0,4.3,2.3,107.0,1382.0,0.14,4.0,2.4,2.4,58.0,58.0,15.0,35.0,56.534592192945205,33.465407807054795,243.53201856391973,486.770759098311,681.7352060294188,110.8391773583703,556.5,612.6,173.3,0.6548599670510709,22.0,21.611111111111114,85.0,100.03999999999999,0.14,0.36346,0.34108868,287.78894,0.1654014,0.1654014,30.529,0.5654,31.9,55.9,83.1,40.0,73.9,51.9,51.9,False,85.0,67.5,15.0,0.0,56.5,100.0,False,50.0,41.1,41.1,4.25,490.4,2026-09-22T16:00,interpolated_hourly,1,WSW,"sun 33° up (WSW) — lay flat, or lift torso ~56° toward WSW to face it",,,,not specified,Environmental scores are skin-type independent.,not personalized
2026-09-22 16:30:00,1.0,740.25,627.1999999999999,34.03202,-118.52633,86.0,62.02268600463867,0.9829545454545454,0.017045454545454586,0.6182179968440704,0.6182147268020792,0.6742645898918403,0.3258252573678182,0.6742427395101597,0.32575726048984033,1.0,-0.05000000000001137,0.0,66.0,0.0,70.75,1.0,14.85,10.0,126.5,439.5,4.9,2.05,103.5,1384.5,0.135,4.0,1.65,1.65,57.5,57.5,15.0,37.0,62.33102136383711,27.668978636162883,248.91541951962586,386.5643123064008,609.8814832019216,98.37922660483935,461.65,566.9000000000001,149.05,0.6182179968440704,27.5,21.52777777777778,83.5,100.02,0.135,0.37861243,0.35534638,287.35217,0.16544479,0.16544479,24.161378858091656,0.38435854675688874,25.671295190484294,47.45,88.1,37.5,75.25,50.75,50.75,False,83.5,67.0,14.7,0.0,62.3,100.0,False,50.0,35.3,35.3,3.4950764189376735,391.0973312756576,2026-09-22T16:30,interpolated_hourly,1,WSW,"sun low 28° (WSW) — face WSW, lift torso ~62° toward the sun if comfortable",,,,not specified,Environmental scores are skin-type independent.,not personalized
2026-09-22 17:00:00,1.0,630.7,505.5,34.03202,-118.52633,86.0,62.02268600463867,1.0,0.0,0.5815760266370699,0.5816023738872403,0.6597600872410032,0.34023991275899673,0.6598639455782312,0.3401360544217687,1.0,0.0,0.0,63.0,0.0,64.7,1.0,15.2,10.1,129.0,440.0,5.5,1.8,100.0,1387.0,0.13,4.0,0.9,0.9,57.0,57.0,15.0,39.0,68.12745053472902,21.872549465270975,254.298820475332,286.35786551449064,538.0277603744242,85.91927585130838,366.8,521.2,124.8,0.5815760266370699,33.0,21.444444444444443,82.0,100.0,0.13,0.39376485,0.36960405,286.91544,0.16548818,0.16548818,17.93,0.2044,19.6,39.0,93.1,35.0,76.6,49.6,49.6,False,82.0,66.5,14.4,0.0,68.1,100.0,False,50.0,29.2,29.2,2.75,294.0,2026-09-22T17:00,interpolated_hourly,1,WSW,"sun low 22° (WSW) — face WSW, lift torso ~68° toward the sun if comfortable",,,,not specified,Environmental scores are skin-type independent.,not personalized
2026-09-22 17:30:00,1.0,499.65000000000003,366.6,34.03202,-118.52633,86.0,62.02268600463867,1.0,0.0,0.5367185613380683,0.5367388241856053,0.6106301815134967,0.3893698184865033,0.610735544217687,0.38926445578231295,1.0,0.0,0.0,63.5,0.0,57.8,1.0,15.35,10.25,130.5,440.5,6.45,1.7000000000000002,96.0,1386.0,0.125,4.0,0.525,0.525,57.5,57.5,15.0,41.0,74.20130874317269,15.798691256827304,258.84758749426766,182.73311627015246,384.43692177207276,63.01695533100795,274.05,448.1,102.15,0.5367185613380683,23.0,20.944444444444443,82.5,99.985,0.125,0.38200068,0.35837162,286.71817,0.16548818,0.16548818,12.297126439582991,0.11866203743950084,13.641285320282618,30.35,96.3,35.0,78.4,50.2,50.2,False,82.5,65.75,12.7,0.0,74.2,100.0,False,50.0,22.7,22.7,1.952979366191785,198.498462725457,2026-09-22T17:30,interpolated_hourly,1,W,"sun low 16° (W) — face W, lift torso ~74° toward the sun if comfortable",,,,not specified,Environmental scores are skin-type independent.,not personalized
2026-09-22 18:00:00,1.0,368.6,227.7,34.03202,-118.52633,86.0,62.02268600463867,1.0,0.0,0.49186109603906675,0.49187527448397017,0.56150027578599,0.4384997242140099,0.5616071428571429,0.43839285714285714,1.0,0.0,0.0,64.0,0.0,50.9,1.0,15.5,10.4,132.0,441.0,7.4,1.6,92.0,1385.0,0.12,4.0,0.15,0.15,58.0,58.0,15.0,43.0,80.27516695161637,9.724833048383633,263.39635451320333,79.10836702581427,230.84608316972125,40.11463481070751,181.3,375.0,79.5,0.49186109603906675,13.0,20.444444444444443,83.0,99.97,0.12,0.37023655,0.3471392,286.5209,0.16548818,0.16548818,7.222,0.0356,8.2,21.7,99.5,35.0,80.2,50.8,50.8,False,83.0,65.0,11.0,0.0,80.3,100.0,False,50.0,16.0,16.0,1.2,112.0,2026-09-22T18:00,interpolated_hourly,0,W,"sun low 10° (W) — face W, lift torso ~80° toward the sun if comfortable",,,,not specified,Environmental scores are skin-type independent.,not personalized
2026-09-22 18:30:00,1.0,228.60000000000002,113.85,34.03202,-118.52633,86.0,62.02268600463867,1.0,0.0,0.43103212815497355,0.4729569946961252,0.5322745281368975,0.46772547186310254,0.5575033344556096,0.4424966655443903,0.8884361111111111,0.0,0.0,61.0,0.0,43.15,1.0,15.4,10.55,134.0,441.5,8.95,1.6,86.5,1383.0,0.12,3.5,0.075,0.075,58.0,58.0,15.0,44.0,86.53120419820513,3.468795801794866,267.62095373192915,39.55418351290714,115.42304158486063,20.057317405353754,107.05000000000001,265.65,47.900000000000006,0.43103212815497355,9.5,19.97222222222222,85.5,99.965,0.12,0.365039,0.3418671,286.33435,0.16548818,0.16548818,2.5277,0.014892548472306545,3.3342565393970887,11.35,63.95,34.98461538461538,79.68461538461538,50.61153846153846,50.61153846153846,False,85.5,64.7,10.0,0.0,86.5,100.0,False,50.0,8.1,8.1,0.564745517910501,38.52941050041939,2026-09-22T18:30,interpolated_hourly,0,W,"sun low 3° (W) — face W, lift torso ~86° toward the sun if comfortable",,,,not specified,Environmental scores are skin-type independent.,not personalized
2026-09-22 19:00:00,0.0,88.6,0.0,34.03202,-118.52633,86.0,62.02268600463867,1.0,0.0,0.37020316027088035,0.4540387149082802,0.5030487804878049,0.4969512195121952,0.5533995260540765,0.44660047394592356,0.7768722222222222,0.0,0.0,58.0,0.0,35.4,1.0,15.3,10.7,136.0,442.0,10.5,1.6,81.0,1381.0,0.12,3.0,0.0,0.0,58.0,58.0,15.0,45.0,92.7872414447939,-2.7872414447939007,271.845552950655,0.0,0.0,0.0,32.8,156.3,16.3,0.37020316027088035,6.0,19.499999999999996,88.0,99.96000000000001,0.12,0.35984147,0.336595,286.14777,0.16548818,0.16548818,0.0,0.0,0.0,1.0,28.4,34.96923076923077,79.16923076923077,50.42307692307692,50.42307692307692,False,88.0,64.4,9.0,0.0,,100.0,False,50.0,0.0,0.0,0.0,0.0,2026-09-22T19:00,interpolated_hourly,0,W,sun below horizon — no direct-sun posture,,,,not specified,Environmental scores are skin-type independent.,not personalized
2026-09-22 19:30:00,0.0,44.3,0.0,34.03202,-118.52633,86.0,62.02268600463867,1.0,0.0,0.354778028592927,0.43512043512043513,0.5008953206047898,0.49914581473046327,0.5492957176525433,0.45070428234745674,0.3884361111111111,0.0,0.0,52.5,0.0,17.7,0.8,15.4,11.0,140.0,443.5,14.0,1.7000000000000002,74.5,1381.0,0.12,3.0,0.0,0.0,58.0,58.0,15.0,45.5,98.96702959242472,-8.967029592424714,276.1601733759107,0.0,0.0,0.0,16.4,78.15,8.15,0.354778028592927,4.5,19.305555555555557,88.0,100.01500000000001,0.12,0.36599192,0.34235984,286.03833,0.16548818,0.16548818,0.0,0.0,0.0,0.5,27.10909090909091,34.95384615384616,78.65384615384616,50.23461538461538,50.23461538461538,False,88.0,64.1,8.25,0.0,,100.0,False,50.0,0.0,0.0,0.0,0.0,2026-09-22T19:30,interpolated_hourly,0,W,sun below horizon — no direct-sun posture,,,,not specified,Environmental scores are skin-type independent.,not personalized
2026-09-22 20:00:00,0.0,0.0,0.0,34.03202,-118.52633,86.0,62.02268600463867,1.0,0.0,0.33935289691497367,0.41620215533259014,0.4987418607217746,0.5013404099487314,0.54519190925101,0.4548080907489899,0.0,0.0,0.0,47.0,0.0,0.0,0.6,15.5,11.3,144.0,445.0,17.5,1.8,68.0,1381.0,0.12,3.0,0.0,0.0,58.0,58.0,15.0,46.0,105.14681774005552,-15.146817740055527,280.47479380116636,0.0,0.0,0.0,0.0,0.0,0.0,0.33935289691497367,3.0,19.111111111111114,88.0,100.07000000000001,0.12,0.37214237,0.34812468,285.92892,0.16548818,0.16548818,0.0,0.0,0.0,0.0,25.818181818181817,34.93846153846154,78.13846153846154,50.04615384615384,50.04615384615384,False,88.0,63.8,7.5,0.0,,100.0,False,50.0,0.0,0.0,0.0,0.0,2026-09-22T20:00,interpolated_hourly,0,W,sun below horizon — no direct-sun posture,,,,not specified,Environmental scores are skin-type independent.,not personalized
2026-09-22 20:30:00,0.0,0.0,0.0,34.03202,-118.52633,86.0,62.02268600463867,1.0,0.0,0.3239277652370203,0.39728387554474515,0.4965884008387595,0.5035350051669994,0.5410881008494769,0.45891189915052316,0.0,0.0,0.0,44.5,0.0,0.0,0.6,15.85,11.850000000000001,151.5,447.0,24.85,1.9500000000000002,58.0,1383.0,0.12,3.0,0.0,0.0,58.0,58.0,15.0,45.5,111.14368363899695,-21.14368363899695,285.32077457507705,0.0,0.0,0.0,0.0,0.0,0.0,0.3239277652370203,4.0,18.972222222222225,88.5,100.06,0.12,0.36660004,0.34276247,286.0457,0.16548818,0.16548818,0.0,0.0,0.0,0.0,24.527272727272727,34.92307692307692,77.62307692307692,49.857692307692304,49.857692307692304,False,88.5,63.65,6.45,0.0,,100.0,False,50.0,0.0,0.0,0.0,0.0,2026-09-22T20:30,interpolated_hourly,0,WNW,sun below horizon — no direct-sun posture,,,,not specified,Environmental scores are skin-type independent.,not personalized
2026-09-22 21:00:00,0.0,0.0,0.0,34.03202,-118.52633,86.0,62.02268600463867,1.0,0.0,0.30850263355906693,0.3783655957569001,0.4944349409557444,0.5057296003852676,0.5369842924479437,0.46301570755205634,0.0,0.0,0.0,42.0,0.0,0.0,0.6,16.2,12.4,159.0,449.0,32.2,2.1,48.0,1385.0,0.12,3.0,0.0,0.0,58.0,58.0,15.0,45.0,117.14054953793837,-27.140549537938377,290.1667553489878,0.0,0.0,0.0,0.0,0.0,0.0,0.30850263355906693,5.0,18.833333333333336,89.0,100.05,0.12,0.36105773,0.3374003,286.16245,0.16548818,0.16548818,0.0,0.0,0.0,0.0,23.236363636363635,34.90769230769231,77.1076923076923,49.669230769230765,49.669230769230765,False,89.0,63.5,5.4,0.0,,100.0,False,50.0,0.0,0.0,0.0,0.0,2026-09-22T21:00,interpolated_hourly,0,WNW,sun below horizon — no direct-sun posture,,,,not specified,Environmental scores are skin-type independent.,not personalized
2026-09-22 21:30:00,0.0,0.0,0.0,34.03202,-118.52633,86.0,62.02268600463867,1.0,0.0,0.2930775018811136,0.3594473159690551,0.4922814810727293,0.5079241956035356,0.5328804840464104,0.4671195159535896,0.0,0.0,0.0,42.5,0.0,0.0,0.6,17.1,13.350000000000001,168.0,452.0,41.45,2.35,37.0,1389.0,0.125,2.5,0.0,0.0,58.0,58.0,15.0,43.5,122.72821253471027,-32.72821253471028,296.1411024031407,0.0,0.0,0.0,0.0,0.0,0.0,0.2930775018811136,8.0,18.555555555555557,89.5,100.04499999999999,0.125,0.36631817,0.3423674,286.3122,0.16548818,0.16548818,0.0,0.0,0.0,0.0,21.945454545454545,34.892307692307696,76.5923076923077,49.480769230769226,49.480769230769226,False,89.5,63.1,4.35,0.0,,100.0,False,50.0,0.0,0.0,0.0,0.0,2026-09-22T21:30,native_HRRR_radiation_weather_plus_interpolated_UV,0,WNW,sun below horizon — no direct-sun posture,,,,not specified,Environmental scores are skin-type independent.,not personalized
2026-09-22 22:00:00,0.0,0.0,0.0,34.03202,-118.52633,86.0,62.02268600463867,1.0,0.0,0.27765237020316025,0.3405290361812101,0.49012802118971416,0.5101187908218038,0.5287766756448773,0.47122332435512276,0.0,0.0,0.0,43.0,0.0,0.0,0.6,18.0,14.3,177.0,455.0,50.7,2.6,26.0,1393.0,0.13,2.0,0.0,0.0,58.0,58.0,15.0,42.0,128.31587553148216,-38.31587553148218,302.11544945729355,0.0,0.0,0.0,0.0,0.0,0.0,0.27765237020316025,11.0,18.277777777777782,90.0,100.03999999999999,0.13,0.37157857,0.34733456,286.46194,0.16548818,0.16548818,0.0,0.0,0.0,0.0,20.654545454545453,34.87692307692308,76.07692307692308,49.29230769230769,49.29230769230769,False,90.0,62.7,3.3,0.0,,100.0,False,50.0,0.0,0.0,0.0,0.0,2026-09-22T22:00,native_HRRR_radiation_weather_plus_interpolated_UV,0,WNW,sun below horizon — no direct-sun posture,,,,not specified,Environmental scores are skin-type independent.,not personalized
2026-09-22 22:30:00,0.0,0.0,0.0,34.03202,-118.52633,86.0,62.02268600463867,1.0,0.0,0.2622272385252069,0.3216107563933651,0.48797456130669903,0.5123133860400718,0.524672867243344,0.47532713275665595,0.0,0.0,0.0,42.5,0.0,0.0,0.6,19.5,15.9,187.0,458.5,57.35,2.75,17.5,1400.5,0.14,2.0,0.0,0.0,58.5,58.5,15.5,39.5,133.09192210940557,-43.09192210940557,310.0826343428407,0.0,0.0,0.0,0.0,0.0,0.0,0.2622272385252069,17.0,18.138888888888893,86.5,100.055,0.14,0.36139,0.33757508,286.50555,0.16548818,0.16548818,0.0,0.0,0.0,0.0,19.363636363636363,34.86153846153846,75.56153846153846,49.10384615384615,49.10384615384615,False,86.5,61.75,4.1,0.0,,100.0,False,50.0,0.0,0.0,0.0,0.0,2026-09-22T22:30,native_HRRR_radiation_weather_plus_interpolated_UV,0,NW,sun below horizon — no direct-sun posture,,,,not specified,Environmental scores are skin-type independent.,not personalized
2026-09-22 23:00:00,0.0,0.0,0.0,34.03202,-118.52633,86.0,62.02268600463867,1.0,0.0,0.24680210684725357,0.3026924766055201,0.4858211014236839,0.51450798125834,0.5205690588418108,0.4794309411581892,0.0,0.0,0.0,42.0,0.0,0.0,0.6,21.0,17.5,197.0,462.0,64.0,2.9,9.0,1408.0,0.15,2.0,0.0,0.0,59.0,59.0,16.0,37.0,137.86796868732898,-47.867968687328975,318.04981922838783,0.0,0.0,0.0,0.0,0.0,0.0,0.24680210684725357,23.0,18.000000000000004,83.0,100.07000000000001,0.15,0.3512014,0.32781556,286.5492,0.16548818,0.16548818,0.0,0.0,0.0,0.0,18.07272727272727,34.84615384615385,75.04615384615384,48.91538461538461,48.91538461538461,False,83.0,60.8,4.9,0.0,,100.0,False,50.0,0.0,0.0,0.0,0.0,2026-09-22T23:00,native_HRRR_radiation_weather_plus_interpolated_UV,1,NW,sun below horizon — no direct-sun posture,,,,not specified,Environmental scores are skin-type independent.,not personalized
2026-09-22 23:30:00,0.0,0.0,0.0,34.03202,-118.52633,86.0,62.02268600463867,1.0,0.0,0.23137697516930023,0.28377419681767513,0.48366764154066877,0.5167025764766081,0.5164652504402777,0.48353474955972237,0.0,0.0,0.0,43.0,0.0,0.0,0.6,22.2,18.85,208.5,467.5,65.8,2.95,5.5,1421.0,0.16,2.0,0.0,0.0,59.0,59.0,16.0,34.0,141.11472705913064,-51.11472705913063,328.8943685961938,0.0,0.0,0.0,0.0,0.0,0.0,0.23137697516930023,27.5,17.916666666666668,84.0,100.05499999999999,0.16,0.33653748,0.3139261,286.50824,0.16548818,0.16548818,0.0,0.0,0.0,0.0,16.78181818181818,34.830769230769235,74.53076923076924,48.72692307692307,48.72692307692307,False,84.0,60.849999999999994,4.25,0.0,,100.0,False,50.0,0.0,0.0,0.0,0.0,2026-09-22T23:30,native_HRRR_radiation_weather_plus_interpolated_UV,1,NNW,sun below horizon — no direct-sun posture,,,,not specified,Environmental scores are skin-type independent.,not personalized
2026-09-23 00:00:00,0.0,0.0,0.0,34.03202,-118.52633,86.0,62.02268600463867,1.0,0.0,0.21595184349134688,0.2648559170298301,0.4815141816576537,0.5188971716948761,0.5123614420387445,0.48763855796125555,0.0,0.0,0.0,44.0,0.0,0.0,0.6,23.4,20.2,220.0,473.0,67.6,3.0,2.0,1434.0,0.17,2.0,0.0,0.0,59.0,59.0,16.0,31.0,144.36148543093228,-54.36148543093228,339.73891796399965,0.0,0.0,0.0,0.0,0.0,0.0,0.21595184349134688,32.0,17.833333333333332,85.0,100.03999999999999,0.17,0.3218736,0.3000366,286.46732,0.16548818,0.16548818,0.0,0.0,0.0,0.0,15.49090909090909,34.815384615384616,74.01538461538462,48.53846153846153,48.53846153846153,False,85.0,60.9,3.6,0.0,,100.0,False,50.0,0.0,0.0,0.0,0.0,2026-09-23T00:00,native_HRRR_radiation_weather_plus_interpolated_UV,1,NNW,sun below horizon — no direct-sun posture,,,,not specified,Environmental scores are skin-type independent.,not personalized
2026-09-23 00:30:00,0.0,0.0,0.0,34.03202,-118.52633,86.0,62.02268600463867,1.0,0.0,0.20052671181339352,0.24593763724198509,0.47936072177463857,0.5210917669131443,0.5082576336372112,0.4917423663627888,0.0,0.0,0.0,43.5,0.0,0.0,0.6,24.15,21.150000000000002,232.5,479.0,66.85,3.0,1.0,1450.5,0.17,1.5,0.0,0.0,59.5,59.5,16.0,28.0,145.15245524673833,-55.15245524673833,172.87513857207054,0.0,0.0,0.0,0.0,0.0,0.0,0.20052671181339352,25.0,17.5,85.5,100.03999999999999,0.17,0.31175116,0.29041347,286.2583,0.16548818,0.16548818,0.0,0.0,0.0,0.0,14.2,34.8,73.5,48.349999999999994,48.349999999999994,False,85.5,60.4,3.35,0.0,,100.0,False,50.0,0.0,0.0,0.0,0.0,2026-09-23T00:30,native_HRRR_radiation_weather_plus_interpolated_UV,1,S,sun below horizon — no direct-sun posture,,,,not specified,Environmental scores are skin-type independent.,not personalized
2026-09-23 01:00:00,0.0,0.0,0.0,34.03202,-118.52633,86.0,62.02268600463867,1.0,0.0,0.18510158013544017,0.2270193574541401,0.47720726189162344,0.5232863621314123,0.5041538252356781,0.49584617476432197,0.0,0.0,0.0,43.0,0.0,0.0,0.6,24.9,22.1,245.0,485.0,66.1,3.0,0.0,1467.0,0.17,1.0,0.0,0.0,60.0,60.0,16.0,25.0,145.94342506254438,-55.94342506254438,6.011359180141426,0.0,0.0,0.0,0.0,0.0,0.0,0.18510158013544017,18.0,17.166666666666668,86.0,100.03999999999999,0.17,0.3016287,0.28079033,286.0493,0.16548818,0.16548818,0.0,0.0,0.0,0.0,12.909090909090908,34.784615384615385,72.98461538461538,48.161538461538456,48.161538461538456,False,86.0,59.9,3.1,0.0,,100.0,False,50.0,0.0,0.0,0.0,0.0,2026-09-23T01:00,native_HRRR_radiation_weather_plus_interpolated_UV,0,N,sun below horizon — no direct-sun posture,,,,not specified,Environmental scores are skin-type independent.,not personalized
2026-09-23 01:30:00,0.0,0.0,0.0,34.03202,-118.52633,86.0,62.02268600463867,1.0,0.0,0.16967644845748683,0.20810107766629504,0.4750538020086083,0.5254809573496805,0.5000500168341449,0.49994998316585515,0.0,0.0,0.0,42.0,0.0,0.0,0.6,25.85,23.05,251.5,489.0,65.0,3.0,0.0,1486.0,0.17,1.0,0.0,0.0,60.5,60.5,16.5,22.0,143.96486710411511,-53.96486710411512,18.391196333860336,0.0,0.0,0.0,0.0,0.0,0.0,0.16967644845748683,14.5,16.916666666666668,86.5,100.025,0.17,0.2969702,0.27633998,285.76434,0.16548818,0.16548818,0.0,0.0,0.0,0.0,11.618181818181817,34.769230769230774,72.46923076923076,47.973076923076924,47.973076923076924,False,86.5,59.599999999999994,2.4,0.0,,100.0,False,50.0,0.0,0.0,0.0,0.0,2026-09-23T01:30,native_HRRR_radiation_weather_plus_interpolated_UV,0,NNE,sun below horizon — no direct-sun posture,,,,not specified,Environmental scores are skin-type independent.,not personalized
2026-09-23 02:00:00,0.0,0.0,0.0,34.03202,-118.52633,86.0,62.02268600463867,1.0,0.0,0.1542513167795335,0.18918279787845005,0.4729003421255932,0.5276755525679485,0.49594620843261167,0.5040537915673884,0.0,0.0,0.0,41.0,0.0,0.0,0.6,26.8,24.0,258.0,493.0,63.9,3.0,0.0,1505.0,0.17,1.0,0.0,0.0,61.0,61.0,17.0,19.0,141.98630914568588,-51.986309145685865,30.771033487579246,0.0,0.0,0.0,0.0,0.0,0.0,0.1542513167795335,11.0,16.666666666666668,87.0,100.01,0.17,0.2923117,0.27188963,285.47937,0.16548818,0.16548818,0.0,0.0,0.0,0.0,10.327272727272728,34.753846153846155,71.95384615384616,47.784615384615385,47.784615384615385,False,87.0,59.3,1.7,0.0,,100.0,False,50.0,0.0,0.0,0.0,0.0,2026-09-23T02:00,native_HRRR_radiation_weather_plus_interpolated_UV,0,NNE,sun below horizon — no direct-sun posture,,,,not specified,Environmental scores are skin-type independent.,not personalized
2026-09-23 02:30:00,0.0,0.0,0.0,34.03202,-118.52633,86.0,62.02268600463867,1.0,0.0,0.13882618510158012,0.17026451809060505,0.47074688224257805,0.5298701477862167,0.4918424000310785,0.5081575999689216,0.0,0.0,0.0,40.5,0.0,0.0,0.6,27.9,25.25,254.5,493.0,63.15,3.0,0.0,1526.5,0.17,1.0,0.0,0.0,61.5,61.5,17.0,16.5,137.9520310218026,-47.9520310218026,40.275045291296095,0.0,0.0,0.0,0.0,0.0,0.0,0.13882618510158012,9.5,16.47222222222222,86.5,100.035,0.17,0.2835736,0.2636624,285.2433,0.16548818,0.16548818,0.0,0.0,0.0,0.0,9.036363636363635,34.738461538461536,71.43846153846154,47.59615384615385,47.59615384615385,False,86.5,58.8,3.0999999999999996,0.0,,100.0,False,50.0,0.0,0.0,0.0,0.0,2026-09-23T02:30,native_HRRR_radiation_weather_plus_interpolated_UV,0,NE,sun below horizon — no direct-sun posture,,,,not specified,Environmental scores are skin-type independent.,not personalized
2026-09-23 03:00:00,0.0,0.0,0.0,34.03202,-118.52633,86.0,62.02268600463867,1.0,0.0,0.12340105342362678,0.15134623830276006,0.4685934223595629,0.5320647430044847,0.48773859162954525,0.5122614083704548,0.0,0.0,0.0,40.0,0.0,0.0,0.6,29.0,26.5,251.0,493.0,62.4,3.0,0.0,1548.0,0.17,1.0,0.0,0.0,62.0,62.0,17.0,14.0,133.91775289791934,-43.917752897919335,49.779057095012945,0.0,0.0,0.0,0.0,0.0,0.0,0.12340105342362678,8.0,16.27777777777778,86.0,100.06,0.17,0.2748355,0.2554352,285.0072,0.16548818,0.16548818,0.0,0.0,0.0,0.0,7.745454545454546,34.723076923076924,70.92307692307692,47.40769230769231,47.40769230769231,False,86.0,58.3,4.5,0.0,,100.0,False,50.0,0.0,0.0,0.0,0.0,2026-09-23T03:00,native_HRRR_radiation_weather_plus_interpolated_UV,0,NE,sun below horizon — no direct-sun posture,,,,not specified,Environmental scores are skin-type independent.,not personalized
2026-09-23 03:30:00,0.0,0.0,0.0,34.03202,-118.52633,86.0,62.02268600463867,1.0,0.0,0.10797592174567344,0.132427958514915,0.46643996247654784,0.5342593382227528,0.48363478322801207,0.516365216771988,0.0,0.0,0.0,38.0,0.0,0.0,0.6,30.2,27.75,242.0,491.5,61.349999999999994,3.0,0.0,1571.5,0.17,1.0,0.0,0.0,62.5,62.5,17.5,11.5,128.71806313708436,-38.71806313708436,56.74410445640609,0.0,0.0,0.0,0.0,0.0,0.0,0.10797592174567344,7.5,16.194444444444443,85.5,100.06,0.17,0.26590875,0.24710685,284.78418,0.16546643,0.16546643,0.0,0.0,0.0,0.0,6.454545454545457,34.70769230769231,70.4076923076923,47.21923076923077,47.21923076923077,False,85.5,58.099999999999994,4.35,0.0,,100.0,False,50.0,0.0,0.0,0.0,0.0,2026-09-23T03:30,native_HRRR_radiation_weather_plus_interpolated_UV,0,ENE,sun below horizon — no direct-sun posture,,,,not specified,Environmental scores are skin-type independent.,not personalized
2026-09-23 04:00:00,0.0,0.0,0.0,34.03202,-118.52633,86.0,62.02268600463867,1.0,0.0,0.0925507900677201,0.11350967872707002,0.4642865025935327,0.536453933441021,0.4795309748264789,0.5204690251735212,0.0,0.0,0.0,36.0,0.0,0.0,0.6,31.4,29.0,233.0,490.0,60.3,3.0,0.0,1595.0,0.17,1.0,0.0,0.0,63.0,63.0,18.0,9.0,123.51837337624937,-33.51837337624937,63.70915181779924,0.0,0.0,0.0,0.0,0.0,0.0,0.0925507900677201,7.0,16.11111111111111,85.0,100.06,0.17,0.256982,0.23877849,284.56113,0.16544467,0.16544467,0.0,0.0,0.0,0.0,5.163636363636364,34.69230769230769,69.8923076923077,47.03076923076923,47.03076923076923,False,85.0,57.9,4.2,0.0,,100.0,False,50.0,0.0,0.0,0.0,0.0,2026-09-23T04:00,native_HRRR_radiation_weather_plus_interpolated_UV,0,ENE,sun below horizon — no direct-sun posture,,,,not specified,Environmental scores are skin-type independent.,not personalized
2026-09-23 04:30:00,0.0,0.0,0.0,34.03202,-118.52633,86.0,62.02268600463867,1.0,0.0,0.07712565838976676,0.09459139893922502,0.4621330427105176,0.538648528659289,0.47542716642494565,0.5245728335750544,0.0,0.0,0.0,35.0,0.0,0.0,0.6,32.5,30.2,227.5,488.5,59.3,3.05,0.0,1616.5,0.17,1.0,0.0,0.0,63.0,63.0,18.0,7.0,117.71738323634051,-27.717383236340503,69.10071119470237,0.0,0.0,0.0,0.0,0.0,0.0,0.07712565838976676,7.0,16.055555555555557,83.0,100.065,0.17,0.25412136,0.23624668,284.19885,0.16505715,0.16505715,0.0,0.0,0.0,0.0,3.872727272727275,34.676923076923075,69.37692307692308,46.84230769230769,46.84230769230769,False,83.0,57.4,3.35,0.0,,100.0,False,50.0,0.0,0.0,0.0,0.0,2026-09-23T04:30,native_HRRR_radiation_weather_plus_interpolated_UV,0,ENE,sun below horizon — no direct-sun posture,,,,not specified,Environmental scores are skin-type independent.,not personalized
2026-09-23 05:00:00,0.0,0.0,0.0,34.03202,-118.52633,86.0,62.02268600463867,1.0,0.0,0.06170052671181342,0.07567311915138003,0.45997958282750245,0.5408431238775572,0.47132335802341246,0.5286766419765876,0.0,0.0,0.0,34.0,0.0,0.0,0.6,33.6,31.4,222.0,487.0,58.3,3.1,0.0,1638.0,0.17,1.0,0.0,0.0,63.0,63.0,18.0,5.0,111.91639309643163,-21.916393096431637,74.4922705716055,0.0,0.0,0.0,0.0,0.0,0.0,0.06170052671181342,7.0,16.0,81.0,100.07000000000001,0.17,0.2512607,0.23371488,283.83658,0.16466963,0.16466963,0.0,0.0,0.0,0.0,2.581818181818182,34.66153846153846,68.86153846153846,46.65384615384615,46.65384615384615,False,81.0,56.9,2.5,0.0,,100.0,False,50.0,0.0,0.0,0.0,0.0,2026-09-23T05:00,native_HRRR_radiation_weather_plus_interpolated_UV,0,ENE,sun below horizon — no direct-sun posture,,,,not specified,Environmental scores are skin-type independent.,not personalized
2026-09-23 05:30:00,0.0,0.0,0.0,34.03202,-118.52633,86.0,62.02268600463867,1.0,0.0,0.04627539503386002,0.05675483936353498,0.4578261229444873,0.5430377190958252,0.4672195496218793,0.5327804503781208,0.0,0.0,0.0,32.5,0.0,0.0,0.6,34.650000000000006,32.599999999999994,224.5,487.0,57.7,3.1500000000000004,0.0,1657.0,0.17,1.0,0.0,0.0,64.0,64.0,18.5,3.5,105.82252348741815,-15.82252348741816,79.05058019307464,0.0,0.0,0.0,0.0,0.0,0.0,0.04627539503386002,18.0,15.86111111111111,82.5,100.07000000000001,0.17,0.2440458,0.22696151,283.65906,0.16454631,0.16454631,0.0,0.0,0.0,0.0,1.2909090909090928,34.64615384615385,68.34615384615384,46.465384615384615,46.465384615384615,False,82.5,56.95,1.7,0.0,,100.0,False,50.0,0.0,0.0,0.0,0.0,2026-09-23T05:30,native_HRRR_radiation_weather_plus_interpolated_UV,0,E,sun below horizon — no direct-sun posture,,,,not specified,Environmental scores are skin-type independent.,not personalized
2026-09-23 06:00:00,0.0,0.0,0.0,34.03202,-118.52633,86.0,62.02268600463867,1.0,0.0,0.030850263355906682,0.03783655957568999,0.4556726630614722,0.5452323143140934,0.46311574122034604,0.536884258779654,0.0,0.0,0.0,31.0,0.0,0.0,0.6,35.7,33.8,227.0,487.0,57.1,3.2,0.0,1676.0,0.17,1.0,0.0,0.0,65.0,65.0,19.0,2.0,99.72865387840469,-9.72865387840468,83.60888981454377,0.0,0.0,0.0,0.0,0.0,0.0,0.030850263355906682,29.0,15.722222222222221,84.0,100.07000000000001,0.17,0.23683089,0.22020814,283.48154,0.16442299,0.16442299,0.0,0.0,0.0,0.0,0.0,34.63076923076923,67.83076923076923,46.276923076923076,46.276923076923076,False,84.0,57.0,0.9,0.0,,100.0,False,50.0,0.0,0.0,0.0,0.0,2026-09-23T06:00,native_HRRR_radiation_weather_plus_interpolated_UV,1,E,sun below horizon — no direct-sun posture,,,,not specified,Environmental scores are skin-type independent.,not personalized
2026-09-23 06:30:00,0.0,0.0,0.0,34.03202,-118.52633,86.0,62.02268600463867,1.0,0.0,0.015425131677953341,0.018918279787844994,0.45351920317845706,0.5474269095323614,0.45901193281881286,0.5409880671811872,0.0,0.0,0.0,30.0,0.0,0.0,0.675,36.900000000000006,35.0,232.5,488.0,56.55,3.3,0.0,1693.0,0.165,1.0,0.025,0.025,65.5,65.5,19.0,1.5,93.40689714944324,-3.4068971494432416,87.84592021641026,2.4757536272542877,7.895635491468803,2.07424512790791,0.0,0.0,0.0,0.015425131677953341,35.5,15.61111111111111,85.5,100.08500000000001,0.165,0.23172413,0.21547282,283.37225,0.16432172,0.16432172,0.0,0.0,0.0,0.0,0.0,34.61538461538461,67.31538461538462,46.08846153846154,46.08846153846154,False,85.5,57.05,1.9500000000000002,0.0,,100.0,False,50.0,0.0,0.0,0.0,0.0,2026-09-23T06:30,native_HRRR_radiation_weather_plus_interpolated_UV,1,E,sun below horizon — no direct-sun posture,,,,not specified,Environmental scores are skin-type independent.,not personalized
2026-09-23 07:00:00,1.0,27.4,63.5,34.03202,-118.52633,86.0,62.02268600463867,1.0,0.0,0.0,0.0,0.451365743295442,0.5496215047506295,0.4549081244172797,0.5450918755827204,0.0,0.0,0.0,29.0,0.0,0.0,0.75,38.1,36.2,238.0,489.0,56.0,3.4,0.0,1710.0,0.16,1.0,0.05,0.05,66.0,66.0,19.0,1.0,87.0851404204818,2.914859579518197,92.08295061827675,4.951507254508575,15.791270982937604,4.14849025581582,0.0,0.0,0.0,0.0,42.0,15.5,87.0,100.1,0.16,0.22661737,0.21073748,283.263,0.16422045,0.16422045,0.036,0.0,0.018,0.0,0.0,34.6,66.8,45.9,45.9,False,87.0,57.1,3.0,0.0,87.1,100.0,False,50.0,0.5,0.5,0.0,0.0,2026-09-23T07:00,native_HRRR_radiation_weather_plus_interpolated_UV,1,E,"sun low 3° (E) — face E, lift torso ~87° toward the sun if comfortable",,,,not specified,Environmental scores are skin-type independent.,not personalized
2026-09-23 07:30:00,1.0,173.3,209.6,34.03202,-118.52633,86.0,62.02268600463867,1.0,0.0,0.2237912876974629,0.22380005680204484,0.44921228341242686,0.5518160999688976,0.45080431601574644,0.5491956839842536,0.5,-0.04999999999999716,-1.4210854715202004e-14,28.5,0.0,23.3,0.875,39.55,37.75,242.0,489.0,54.6,3.5999999999999996,3.0,1719.5,0.16,1.0,0.35,0.35,66.5,66.5,19.5,0.5,81.00725154680904,8.992748453190964,96.41396803742174,85.75248483642383,204.94420782278655,34.11643742931314,46.75,135.8,25.9,0.2237912876974629,71.0,16.72222222222222,92.0,100.125,0.16,0.21899158,0.20355472,283.21295,0.16415498,0.16415498,2.8953225000000002,0.019686869989919677,2.629738326648835,8.95,21.45,38.75,52.0,43.4,43.4,False,92.0,60.35,2.85,0.0,81.0,100.0,False,50.0,5.9,5.9,0.2864491665199953,87.1,2026-09-23T07:30,native_HRRR_radiation_weather_plus_interpolated_UV,2,E,"sun low 9° (E) — face E, lift torso ~81° toward the sun if comfortable",,,,not specified,Environmental scores are skin-type independent.,not personalized
2026-09-23 08:00:00,1.0,316.8,352.1,34.03202,-118.52633,86.0,62.02268600463867,1.0,0.0,0.4475825753949258,0.4476001136040897,0.44705882352941173,0.5540106951871657,0.44670050761421326,0.5532994923857868,1.0,-0.09999999999999432,-2.842170943040401e-14,28.0,0.0,46.6,1.0,41.0,39.3,246.0,489.0,53.2,3.8,6.0,1729.0,0.16,1.0,0.65,0.65,67.0,67.0,20.0,0.0,74.92936267313627,15.070637326863732,100.74498545656672,166.5534624183391,394.0971446626355,64.08438460281045,93.5,271.6,51.8,0.4475825753949258,100.0,17.944444444444443,97.0,100.15,0.16,0.21136579,0.19637197,283.16293,0.1640895,0.1640895,5.755083121827411,0.039385711740935976,5.239868779545902,17.9,42.9,42.9,37.2,40.9,40.9,False,97.0,63.6,2.7,0.0,74.9,100.0,False,50.0,10.6,10.6,0.573072525331079,171.1,2026-09-23T08:00,native_HRRR_radiation_weather_plus_interpolated_UV,3,E,"sun low 15° (E) — face E, lift torso ~75° toward the sun if comfortable",,,,not specified,Environmental scores are skin-type independent.,not personalized
2026-09-23 08:30:00,1.0,454.9,488.4,34.03202,-118.52633,86.0,62.02268600463867,1.0,0.0,0.5223539160342185,0.522307519488612,0.5519338134153249,0.4486009459429639,0.5518828625027589,0.44825300706245863,1.0,-0.04999999999999716,-0.05000000000002558,27.5,0.0,56.0,1.0,35.1,32.7,247.5,488.5,50.2,4.1,14.5,1731.0,0.16,1.5,1.3250000000000002,1.3250000000000002,68.0,68.0,20.5,0.0,68.96438939221035,21.035610607789646,105.61163108226759,271.66261765687955,503.6874018327291,81.21417901494429,192.15,402.3,75.8,0.5223539160342185,77.5,19.02777777777778,93.5,100.16499999999999,0.16,0.2090435,0.19427726,283.18277,0.16411829,0.16411829,11.262925418569255,0.14364627359527368,10.591325163531732,26.849999999999998,43.8,54.7,39.7,49.45,49.45,False,93.5,64.8,1.9000000000000001,0.0,69.0,100.0,False,50.0,17.7,17.7,1.2199258904057215,271.6,2026-09-23T08:30,native_HRRR_radiation_weather_plus_interpolated_UV,3,ESE,"sun low 21° (ESE) — face ESE, lift torso ~69° toward the sun if comfortable",,,,not specified,Environmental scores are skin-type independent.,not personalized
2026-09-23 09:00:00,1.0,585.2,616.4,34.03202,-118.52633,86.0,62.02268600463867,1.0,0.0,0.5971252566735114,0.5970149253731344,0.6568088033012379,0.343191196698762,0.6570652173913044,0.3432065217391304,1.0,0.0,-0.10000000000002274,27.0,0.0,65.4,1.0,29.2,26.1,249.0,488.0,47.2,4.4,23.0,1733.0,0.16,2.0,2.0,2.0,69.0,69.0,21.0,0.0,62.99941611128444,27.00058388871556,110.47827670796846,376.77177289542004,613.2776590028227,98.34397342707814,290.8,533.0,99.8,0.5971252566735114,55.0,20.111111111111114,90.0,100.17999999999999,0.16,0.20672122,0.19218253,283.2026,0.16414708,0.16414708,18.27000543478261,0.2576348396640013,17.07181177439396,35.8,44.7,66.5,42.2,58.0,58.0,False,90.0,66.0,1.1,0.0,63.0,100.0,False,50.0,25.2,25.2,1.9469953160882454,407.6,2026-09-23T09:00,native_HRRR_radiation_weather_plus_interpolated_UV,2,ESE,"sun low 27° (ESE) — face ESE, lift torso ~63° toward the sun if comfortable",,,,not specified,Environmental scores are skin-type independent.,not personalized
2026-09-23 09:30:00,1.0,705.4,733.8,34.03202,-118.52633,86.0,62.02268600463867,1.0,0.0,0.6445850449578601,0.6444824179638481,0.7153291498236389,0.28467085017636107,0.7154681481648008,0.28466772140041663,1.0,0.0,-0.05000000000001137,26.5,0.0,74.05000000000001,1.0,29.6,25.8,248.0,487.0,43.35,4.800000000000001,34.0,1728.0,0.16,2.5,3.0,3.0,69.5,69.5,21.0,1.0,57.44394115495677,32.55605884504323,116.47453024730154,469.5415759773622,666.2611630261986,108.37083087693767,398.55,630.35,107.15,0.6445850449578601,35.0,20.944444444444446,86.5,100.19,0.16,0.20500346,0.19058695,283.20172,0.16414708,0.16414708,24.69831723265134,0.46032854251318117,23.668050440938778,44.4,43.150000000000006,67.2,43.1,58.75,58.75,False,86.5,66.65,2.5,0.0,57.4,100.0,False,50.0,31.7,31.7,2.805297516726305,511.8,2026-09-23T09:30,native_HRRR_radiation_weather_plus_interpolated_UV,1,ESE,"sun 33° up (ESE) — lay flat, or lift torso ~57° toward ESE to face it",,,,not specified,Environmental scores are skin-type independent.,not personalized
2026-09-23 10:00:00,1.0,813.5,838.5,34.03202,-118.52633,86.0,62.02268600463867,1.0,0.0,0.6920448332422089,0.6919499105545618,0.77384949634604,0.2261505036539601,0.7738710789382971,0.22612892106170282,1.0,0.0,0.0,26.0,0.0,82.7,1.0,30.0,25.5,247.0,486.0,39.5,5.2,45.0,1723.0,0.16,3.0,4.0,4.0,70.0,70.0,21.0,2.0,51.8884661986291,38.1115338013709,122.47078378663463,562.3113790593044,719.2446670495743,118.39768832679721,506.3,727.7,114.5,0.6920448332422089,15.0,21.77777777777778,83.0,100.2,0.16,0.2032857,0.18899138,283.2008,0.16414708,0.16414708,29.580747156153052,0.6447723213712043,29.055035393550995,53.0,41.6,67.9,44.0,59.5,59.5,False,83.0,67.3,3.9,0.0,51.9,100.0,False,50.0,36.7,36.7,3.5692214889564564,586.5,2026-09-23T10:00,native_HRRR_radiation_weather_plus_interpolated_UV,0,ESE,"sun 38° up (ESE) — lay flat, or lift torso ~52° toward ESE to face it",,,,not specified,Environmental scores are skin-type independent.,not personalized
2026-09-23 10:30:00,1.0,907.5,928.9,34.03202,-118.52633,86.0,62.02268600463867,1.0,0.0,0.7044070403118505,0.7043282248147609,0.781998565587904,0.21800143441209607,0.7820676674246423,0.21793233257535766,1.0,0.0,0.0,25.5,0.0,87.15,1.0,30.2,25.3,241.0,483.5,36.0,5.5,55.0,1705.5,0.155,3.5,5.05,5.05,70.5,70.5,21.0,3.0,47.153191938910275,42.846808061089725,130.44598250063783,632.1423243423608,746.4808169894427,124.5893564278264,585.05,748.7,126.9,0.7044070403118505,12.5,21.972222222222225,82.5,100.195,0.155,0.20229082,0.18814787,283.4246,0.16414708,0.16414708,35.38514762931035,0.8630599156874929,35.24873728396764,60.55,36.95,79.55000000000001,49.75,69.1,69.1,False,82.5,67.55,4.5,0.0,47.2,100.0,False,50.0,42.5,42.5,4.41579702804116,669.4,2026-09-23T10:30,native_HRRR_radiation_weather_plus_interpolated_UV,0,SE,"sun 43° up (SE) — lay flat, or lift torso ~47° toward SE to face it",,,,not specified,Environmental scores are skin-type independent.,not personalized
2026-09-23 11:00:00,1.0,986.0,1003.2,34.03202,-118.52633,86.0,62.02268600463867,1.0,0.0,0.7167692473814922,0.7167065390749601,0.790147634829768,0.20985236517023204,0.7902642559109876,0.20973574408901252,1.0,0.0,0.0,25.0,0.0,91.6,1.0,30.4,25.1,235.0,481.0,32.5,5.8,65.0,1688.0,0.15,4.0,6.1,6.1,71.0,71.0,21.0,4.0,42.417917679191454,47.582082320808546,138.42118121464102,701.9732696254171,773.7169669293112,130.7810245288556,663.8,769.7,139.3,0.7167692473814922,10.0,22.16666666666667,82.0,100.19,0.15,0.20129594,0.18730436,283.64838,0.16414708,0.16414708,39.60038052851182,1.0616011773389282,40.18721260815129,68.1,32.3,91.2,55.5,78.7,78.7,False,82.0,67.8,5.1,0.0,42.4,100.0,False,50.0,47.1,47.1,5.162162272963347,722.4,2026-09-23T11:00,native_HRRR_radiation_weather_plus_interpolated_UV,0,SE,"sun 48° up (SE) — lay flat, or lift torso ~42° toward SE to face it",,,,not specified,Environmental scores are skin-type independent.,not personalized
2026-09-23 11:30:00,1.0,1047.6,1060.4,34.03202,-118.52633,86.0,62.02268600463867,1.0,0.0,0.7264920671788762,0.7264511500068697,0.8042464792853876,0.19575352071461244,0.8043129014634636,0.1956870985365364,1.0,0.0,0.0,24.5,0.0,94.25,1.0,29.95,24.55,218.0,476.0,29.8,5.949999999999999,71.5,1647.0,0.15,4.0,6.8,6.8,71.0,71.0,21.5,6.0,39.21797354004714,50.78202645995286,149.21796963019182,742.9283062201939,786.5086868707275,134.08231253929432,721.0999999999999,794.25,140.35000000000002,0.7264920671788762,9.5,22.472222222222225,81.0,100.17,0.15,0.20717347,0.19293669,283.93887,0.16411829,0.16411829,41.89436812144212,1.1877758908027352,43.07858039430013,75.35,36.599999999999994,95.35,57.65,82.15,82.15,False,81.0,68.1,5.55,0.0,39.2,100.0,False,50.0,50.8,50.8,5.629619152947809,738.9,2026-09-23T11:30,native_HRRR_radiation_weather_plus_interpolated_UV,0,SSE,"sun 51° up (SSE) — lay flat, or lift torso ~39° toward SSE to face it",,,,not specified,Environmental scores are skin-type independent.,not personalized
2026-09-23 12:00:00,1.0,1091.1,1099.3,34.03202,-118.52633,86.0,62.02268600463867,1.0,0.0,0.7362148869762603,0.7361957609387793,0.8183453237410072,0.18165467625899281,0.8183615470159397,0.1816384529840603,1.0,0.0,0.0,24.0,0.0,96.9,1.0,29.5,24.0,201.0,471.0,27.1,6.1,78.0,1606.0,0.15,4.0,7.5,7.5,71.0,71.0,22.0,8.0,36.01802940090283,53.98197059909717,160.0147580457426,783.8833428149709,799.3004068121438,137.38360054973305,778.4,818.8,141.4,0.7362148869762603,9.0,22.77777777777778,80.0,100.15,0.15,0.21305098,0.198569,284.22937,0.1640895,0.1640895,48.22443543803287,1.3707922806649109,49.20379671411904,82.6,40.9,99.5,59.8,85.6,85.6,False,80.0,68.4,6.0,0.0,36.0,100.0,False,50.0,56.7,56.7,6.365439204090026,826.2,2026-09-23T12:00,native_HRRR_radiation_weather_plus_interpolated_UV,0,SSE,"sun 54° up (SSE) — lay flat, or lift torso ~36° toward SSE to face it",,,,not specified,Environmental scores are skin-type independent.,not personalized
2026-09-23 12:30:00,1.0,1115.9,1119.3,34.03202,-118.52633,86.0,62.02268600463867,1.0,0.0,0.7470500958178792,0.7470372608818527,0.8332090770986899,0.1667909229013101,0.8332000926268296,0.16679990737317046,1.0,0.0,0.0,23.5,0.0,97.30000000000001,1.0,28.85,23.3,178.0,464.5,24.8,6.15,83.0,1552.5,0.14500000000000002,3.5,7.55,7.55,71.5,71.5,22.0,10.5,35.2595579871934,54.7404420128066,173.01714264626898,792.7681822788597,801.8311244706433,138.07480161443482,812.0999999999999,846.0999999999999,134.95,0.7470500958178792,8.5,23.0,79.0,100.15,0.14500000000000002,0.22406574,0.20890342,284.5238,0.1641329,0.1641329,49.93622771680135,1.4302595812416172,51.126414691149016,85.69999999999999,47.9,99.65,60.0,85.75,85.75,False,79.0,68.5,6.6,0.0,35.3,100.0,False,50.0,59.3,59.3,6.644027657668245,846.6,2026-09-23T12:30,native_HRRR_radiation_weather_plus_interpolated_UV,0,S,"sun 55° up (S) — lay flat, or lift torso ~35° toward S to face it",,,,not specified,Environmental scores are skin-type independent.,not personalized
2026-09-23 13:00:00,1.0,1121.5,1120.1,34.03202,-118.52633,86.0,62.02268600463867,1.0,0.0,0.7578853046594982,0.7578787608249263,0.8480728304563726,0.15192716954362734,0.8480386382377194,0.1519613617622806,1.0,0.0,0.0,23.0,0.0,97.7,1.0,28.2,22.6,155.0,458.0,22.5,6.2,88.0,1499.0,0.14,3.0,7.6,7.6,72.0,72.0,22.0,13.0,34.501086573483974,55.498913426516026,186.01952724679535,801.6530217427486,804.3618421291427,138.7660026791366,845.8,873.4,128.5,0.7578853046594982,8.0,23.22222222222222,78.0,100.15,0.14,0.2350805,0.21923783,284.81824,0.16417629,0.16417629,49.920673813169984,1.464605594482945,51.65798038242847,88.8,54.9,99.8,60.2,85.9,85.9,False,78.0,68.6,7.2,0.0,34.5,100.0,False,50.0,60.8,60.8,6.805880416666558,838.0,2026-09-23T13:00,native_HRRR_radiation_weather_plus_interpolated_UV,0,S,"sun 55° up (S) — lay flat on back, face up",,,,not specified,Environmental scores are skin-type independent.,not personalized
2026-09-23 13:30:00,1.0,1107.9,1101.7,34.03202,-118.52633,86.0,62.02268600463867,1.0,0.0,0.7543068183894723,0.7543034694850931,0.8360543633242329,0.16394563667576711,0.8360343378923265,0.16396566210767344,1.0,0.0,0.0,21.5,0.0,96.9,1.0,27.349999999999998,21.8,140.5,453.5,20.5,6.1,92.0,1461.5,0.14,3.0,7.025,7.05,72.5,72.5,22.5,15.5,36.480708716720294,53.519291283279706,198.26250856098176,777.7869849702574,797.3761823959306,136.89018439476337,835.2,857.05,136.8,0.7543068183894723,11.0,23.02777777777778,79.5,100.15,0.14,0.22832969,0.21274391,285.09174,0.16427085,0.16427085,49.48269967837854,1.4017293720249986,51.25099654375844,87.0,59.3,99.8,61.0,86.2,86.2,False,79.5,68.65,7.699999999999999,0.0,36.5,100.0,False,50.0,60.9,60.9,6.7600280507046335,826.4,2026-09-23T13:30,native_HRRR_radiation_weather_plus_interpolated_UV,0,SSW,"sun 54° up (SSW) — lay flat, or lift torso ~36° toward SSW to face it",,,,not specified,Environmental scores are skin-type independent.,not personalized
2026-09-23 14:00:00,1.0,1075.2,1064.3,34.03202,-118.52633,86.0,62.02268600463867,1.0,0.0,0.7507283321194465,0.7507281781452598,0.8240358961920932,0.17596410380790686,0.8240300375469336,0.17596996245306631,1.0,0.0,0.0,20.0,0.0,96.1,1.0,26.5,21.0,126.0,449.0,18.5,6.0,96.0,1424.0,0.14,3.0,6.45,6.5,73.0,73.0,23.0,18.0,38.46033085995662,51.53966914004338,210.50548987516817,753.9209481977663,790.3905226627186,135.01436611039014,824.6,840.7,145.1,0.7507283321194465,14.0,22.833333333333332,81.0,100.15,0.14,0.2215789,0.20624998,285.36526,0.16436541,0.16436541,47.066512640800994,1.310858669309407,49.24196661378579,85.2,63.7,99.8,61.8,86.5,86.5,False,81.0,68.7,8.2,0.0,38.5,100.0,False,50.0,59.7,59.7,6.578033618252006,781.8,2026-09-23T14:00,native_HRRR_radiation_weather_plus_interpolated_UV,0,SSW,"sun 52° up (SSW) — lay flat, or lift torso ~38° toward SSW to face it",,,,not specified,Environmental scores are skin-type independent.,not personalized
2026-09-23 14:30:00,1.0,1024.0,1008.7,34.03202,-118.52633,86.0,62.02268600463867,0.9827586206896551,0.017241379310344862,0.7308379654034639,0.7308198975582556,0.8008291369072353,0.1991708630927646,0.8008454457127332,0.19915455428726675,1.0,0.0,5.684341886080802e-14,19.0,0.0,92.75,1.0,25.599999999999998,20.2,126.0,448.0,16.25,5.75,101.0,1418.5,0.14500000000000002,3.0,5.45,5.5,73.0,73.0,23.0,20.5,42.478305362676664,47.521694637323336,219.94072759530522,699.1223183209723,771.7601907358741,130.44110034025704,769.8000000000001,796.05,152.04999999999998,0.7308379654034639,16.5,22.61111111111111,82.0,100.14,0.14500000000000002,0.21102977,0.19636557,285.4707,0.16448128,0.16448128,43.8193880617402,1.1449700931564912,45.69215044220607,78.7,63.9,89.85,62.849999999999994,80.4,80.4,False,82.0,68.55000000000001,8.6,0.0,42.5,100.0,False,50.0,55.8,55.8,6.078389443626009,721.0,2026-09-23T14:30,native_HRRR_radiation_weather_plus_interpolated_UV,0,SW,"sun 48° up (SW) — lay flat, or lift torso ~42° toward SW to face it",,,,not specified,Environmental scores are skin-type independent.,not personalized
2026-09-23 15:00:00,1.0,955.3,935.7,34.03202,-118.52633,86.0,62.02268600463867,0.9655172413793103,0.034482758620689724,0.7109475986874814,0.7109116169712515,0.7776223776223776,0.22237762237762237,0.7776608538785327,0.2223391461214672,1.0,0.0,1.1368683772161603e-13,18.0,0.0,89.4,1.0,24.7,19.4,126.0,447.0,14.0,5.5,106.0,1413.0,0.15,3.0,4.45,4.5,73.0,73.0,23.0,23.0,46.4962798653967,43.5037201346033,229.37596531544227,644.3236884441785,753.1298588090295,125.86783457012393,715.0,751.4,159.0,0.7109475986874814,19.0,22.38888888888889,83.0,100.13,0.15,0.20048065,0.18648113,285.57617,0.16459715,0.16459715,41.18102826217679,0.9858377065287929,42.63352586962679,72.2,64.1,79.9,63.9,74.3,74.3,False,83.0,68.4,9.0,0.0,46.5,100.0,False,50.0,52.2,52.2,5.620168132506607,670.0,2026-09-23T15:00,native_HRRR_radiation_weather_plus_interpolated_UV,0,SW,"sun 44° up (SW) — lay flat, or lift torso ~46° toward SW to face it",,,,not specified,Environmental scores are skin-type independent.,not personalized
2026-09-23 15:30:00,1.0,924.85,839.3,34.03202,-118.52633,86.0,62.02268600463867,0.9600313479623823,0.039968652037617625,0.7085543680641198,0.7085315925750053,0.7814286384756183,0.21857136152438164,0.7814152534737688,0.2185847465262311,1.0,0.0,5.684341886080802e-14,18.0,0.0,85.35,1.0,24.15,18.95,134.5,447.5,12.049999999999999,5.1,110.5,1423.0,0.15,3.5,3.425,3.45,73.5,73.5,23.0,26.0,51.6785286728561,38.3214713271439,236.31688969670878,562.974688535009,716.1559837455784,118.10071889924379,655.5,752.55,143.5,0.7085543680641198,20.5,22.194444444444443,83.0,100.115,0.15,0.18867072,0.1753362,285.47476,0.16469887,0.16469887,36.7294236269373,0.7872477289320854,37.71661003221426,64.55,75.35,71.75,66.1,69.75,69.75,False,83.0,68.05000000000001,9.3,0.0,51.7,100.0,False,50.0,48.0,48.0,4.9202983058255345,599.8389687776923,2026-09-23T15:30,interpolated_hourly,0,WSW,"sun 38° up (WSW) — lay flat, or lift torso ~52° toward WSW to face it",,,,not specified,Environmental scores are skin-type independent.,not personalized
2026-09-23 16:00:00,1.0,844.0,742.9,34.03202,-118.52633,86.0,62.02268600463867,0.9545454545454545,0.045454545454545525,0.7061611374407583,0.706151568178759,0.785234899328859,0.21476510067114093,0.7851696530690049,0.21483034693099504,1.0,0.0,0.0,18.0,0.0,81.3,1.0,23.6,18.5,143.0,448.0,10.1,4.7,115.0,1433.0,0.15,4.0,2.4,2.4,74.0,74.0,23.0,29.0,56.86077748031551,33.13922251968449,243.2578140779753,481.62568862583953,679.1821086821271,110.33360322836364,596.0,753.7,128.0,0.7061611374407583,22.0,21.999999999999996,83.0,100.1,0.15,0.17686081,0.16419126,285.37335,0.16480058,0.16480058,31.968,0.5857,32.6,56.9,86.6,63.6,68.3,65.2,65.2,False,83.0,67.7,9.6,0.0,56.9,100.0,False,50.0,43.4,43.4,4.2,524.6,2026-09-23T16:00,interpolated_hourly,1,WSW,"sun 33° up (WSW) — lay flat, or lift torso ~57° toward WSW to face it",,,,not specified,Environmental scores are skin-type independent.,not personalized
2026-09-23 16:30:00,1.0,734.2,621.0,34.03202,-118.52633,86.0,62.02268600463867,0.9772727272727273,0.022727272727272763,0.5933111901169198,0.593308202442415,0.6676174496644296,0.33238255033557046,0.6676056772434266,0.33239432275657343,1.0,0.0,0.0,18.0,0.0,69.85,1.0,23.35,18.2,152.5,449.0,9.95,4.35,115.5,1440.0,0.15,4.0,1.65,1.65,74.5,74.5,23.5,32.5,62.64631162224174,27.35368837775826,248.63996844868706,381.37070604854597,606.1458441367265,97.73706652804853,448.0,556.4000000000001,131.5,0.5933111901169198,29.0,21.666666666666664,85.0,100.095,0.15,0.16692986,0.15492055,285.1454,0.1648435,0.1648435,23.034217383830228,0.37792419520143644,24.78759509904901,47.3,88.45,49.3,64.35,54.55,54.55,False,85.0,67.55000000000001,9.149999999999999,0.0,62.6,100.0,False,50.0,34.9,34.9,3.4267099238747334,371.6513797745658,2026-09-23T16:30,interpolated_hourly,1,WSW,"sun low 27° (WSW) — face WSW, lift torso ~63° toward the sun if comfortable",,,,not specified,Environmental scores are skin-type independent.,not personalized
2026-09-23 17:00:00,1.0,624.4,499.1,34.03202,-118.52633,86.0,62.02268600463867,1.0,0.0,0.4804612427930814,0.48046483670607093,0.55,0.45,0.5500417014178482,0.4499582985821518,1.0,0.0,0.0,18.0,0.0,58.4,1.0,23.1,17.9,162.0,450.0,9.8,4.0,116.0,1447.0,0.15,4.0,0.9,0.9,75.0,75.0,24.0,36.0,68.43184576416796,21.568154235832036,254.02212281939882,281.1157234712524,533.1095795913258,85.14052982773342,300.0,359.1,135.0,0.4804612427930814,36.0,21.333333333333336,87.0,100.09,0.15,0.1569989,0.14564984,284.9174,0.16488642,0.16488642,15.408,0.1808,18.1,37.7,90.3,35.0,60.4,43.9,43.9,False,87.0,67.4,8.7,0.0,68.4,100.0,False,50.0,27.1,27.1,2.75,239.8,2026-09-23T17:00,interpolated_hourly,1,WSW,"sun low 22° (WSW) — face WSW, lift torso ~68° toward the sun if comfortable",,,,not specified,Environmental scores are skin-type independent.,not personalized
2026-09-23 17:30:00,1.0,493.2,360.0,34.03202,-118.52633,86.0,62.02268600463867,1.0,0.0,0.4681311738827285,0.46816360893701015,0.5507575757575758,0.4492424242424242,0.5505918536880701,0.44940814631192993,1.0,0.0,0.0,19.0,0.0,53.3,1.0,23.200000000000003,18.049999999999997,172.5,451.5,12.2,3.75,111.0,1442.0,0.15,4.0,0.525,0.525,75.0,75.0,24.0,38.5,74.49891130509874,15.501088694901243,258.57222310669954,177.96065314764897,376.9484320459413,61.87823838717241,232.5,350.4,104.5,0.4681311738827285,35.0,21.0,88.5,100.095,0.15,0.15284695,0.14170343,284.91428,0.16488642,0.16488642,11.0846521426939,0.10703316356117225,12.914014474957655,29.450000000000003,94.75,35.0,63.650000000000006,45.05,45.05,False,88.5,67.2,7.6,0.0,74.5,100.0,False,50.0,21.5,21.5,1.9487830900493546,170.03757510417051,2026-09-23T17:30,interpolated_hourly,1,WSW,"sun low 16° (WSW) — face WSW, lift torso ~74° toward the sun if comfortable",,,,not specified,Environmental scores are skin-type independent.,not personalized
2026-09-23 18:00:00,1.0,362.0,220.9,34.03202,-118.52633,86.0,62.02268600463867,1.0,0.0,0.4558011049723757,0.4558623811679493,0.5515151515151515,0.4484848484848485,0.551142005958292,0.44885799404170806,1.0,0.0,0.0,20.0,0.0,48.2,1.0,23.3,18.2,183.0,453.0,14.6,3.5,106.0,1437.0,0.15,4.0,0.15,0.15,75.0,75.0,24.0,41.0,80.56597684602954,9.43402315397045,263.1223233940002,74.80558282404554,220.7872845005568,38.6159469466114,165.0,341.7,74.0,0.4558011049723757,34.0,20.666666666666668,90.0,100.1,0.15,0.14869499,0.137757,284.91116,0.16488642,0.16488642,6.789,0.0334,7.8,21.2,99.2,35.0,66.9,46.2,46.2,False,90.0,67.0,6.5,0.0,80.6,100.0,False,50.0,15.3,15.3,1.15,100.7,2026-09-23T18:00,interpolated_hourly,1,W,"sun low 9° (W) — face W, lift torso ~81° toward the sun if comfortable",,,,not specified,Environmental scores are skin-type independent.,not personalized
2026-09-23 18:30:00,1.0,222.7,110.44999999999999,34.03202,-118.52633,86.0,62.02268600463867,1.0,0.0,0.22790055248618782,0.4383292126614897,0.5397546897546898,0.46024531024531024,0.5393862065148866,0.4606137934851135,0.5,0.0,0.0,23.0,0.0,31.200000000000003,0.95,23.75,18.75,195.0,455.0,18.85,3.35,97.5,1428.0,0.15,3.5,0.075,0.075,75.5,75.5,24.0,43.0,86.82202007269277,3.1779799273072387,267.3472225109464,37.40279141202277,110.39364225027842,19.3079734733057,82.5,170.85,37.0,0.22790055248618782,48.0,20.388888888888893,91.0,100.11,0.15,0.14865924,0.13781878,284.68805,0.16488642,0.16488642,2.3761499999999995,0.013972222443119062,3.1758355587344718,11.049999999999999,63.95,34.91923076923077,66.68461538461538,46.06923076923077,46.06923076923077,False,91.0,66.7,5.35,0.5,86.8,100.0,False,50.0,7.7,7.7,0.543829017247149,32.694624012170536,2026-09-23T18:30,interpolated_hourly,1,W,"sun low 3° (W) — face W, lift torso ~87° toward the sun if comfortable",,,,not specified,Environmental scores are skin-type independent.,not personalized
2026-09-23 19:00:00,0.0,83.4,0.0,34.03202,-118.52633,86.0,62.02268600463867,1.0,0.0,0.0,0.42079604415503014,0.527994227994228,0.472005772005772,0.5276304070714811,0.4723695929285189,0.0,0.0,0.0,26.0,0.0,14.2,0.9,24.2,19.3,207.0,457.0,23.1,3.2,89.0,1419.0,0.15,3.0,0.0,0.0,76.0,76.0,24.0,45.0,93.07806329935597,-3.0780632993559727,271.5721216278925,0.0,0.0,0.0,0.0,0.0,0.0,0.0,62.0,20.111111111111114,92.0,100.12,0.15,0.1486235,0.13788058,284.4649,0.16488642,0.16488642,0.0,0.0,0.0,0.9,28.7,34.83846153846154,66.46923076923078,45.93846153846154,45.93846153846154,False,92.0,66.4,4.2,1.0,,100.0,False,50.0,0.0,0.0,0.0,0.0,2026-09-23T19:00,interpolated_hourly,2,W,sun below horizon — no direct-sun posture,,,,not specified,Environmental scores are skin-type independent.,not personalized
2026-09-23 19:30:00,0.0,41.7,0.0,34.03202,-118.52633,86.0,62.02268600463867,1.0,0.0,0.0,0.40326287564857055,0.5162337662337663,0.4837662337662338,0.5158746076280758,0.4841253923719243,0.0,0.0,0.0,27.5,0.0,7.1000000000000005,0.75,24.75,20.200000000000003,214.0,458.5,28.650000000000002,3.1,79.5,1413.0,0.14500000000000002,3.0,0.0,0.0,76.5,76.5,24.5,45.5,99.26093884870531,-9.260938848705305,275.88539731800347,0.0,0.0,0.0,0.0,0.0,0.0,0.0,81.0,19.944444444444443,93.5,100.125,0.14500000000000002,0.15074122,0.13994518,284.25418,0.16488642,0.16488642,0.0,0.0,0.0,0.45,27.395454545454545,34.75769230769231,66.25384615384615,45.80769230769231,45.80769230769231,False,93.5,66.45,3.3000000000000003,0.5,,100.0,False,50.0,0.0,0.0,0.0,0.0,2026-09-23T19:30,interpolated_hourly,2,W,sun below horizon — no direct-sun posture,,,,not specified,Environmental scores are skin-type independent.,not personalized
2026-09-23 20:00:00,0.0,0.0,0.0,34.03202,-118.52633,86.0,62.02268600463867,1.0,0.0,0.0,0.38572970714211097,0.5044733044733045,0.49552669552669554,0.5041188081846704,0.49588119181532975,0.0,0.0,0.0,29.0,0.0,0.0,0.6,25.3,21.1,221.0,460.0,34.2,3.0,70.0,1407.0,0.14,3.0,0.0,0.0,77.0,77.0,25.0,46.0,105.44381439805464,-15.443814398054636,280.1986730081145,0.0,0.0,0.0,0.0,0.0,0.0,0.0,100.0,19.777777777777775,95.0,100.13,0.14,0.15285893,0.1420098,284.04346,0.16488642,0.16488642,0.0,0.0,0.0,0.0,26.09090909090909,34.676923076923075,66.03846153846155,45.67692307692308,45.67692307692308,False,95.0,66.5,2.4,0.0,,100.0,False,50.0,0.0,0.0,0.0,0.0,2026-09-23T20:00,interpolated_hourly,3,W,sun below horizon — no direct-sun posture,,,,not specified,Environmental scores are skin-type independent.,not personalized
2026-09-23 20:30:00,0.0,0.0,0.0,34.03202,-118.52633,86.0,62.02268600463867,1.0,0.0,0.0,0.3681965386356514,0.4927128427128427,0.5072871572871573,0.49236300874126493,0.5076369912587352,0.0,0.0,0.0,29.0,0.0,0.0,0.6,26.75,22.450000000000003,219.0,460.5,42.3,3.1,59.5,1405.0,0.14,3.0,0.0,0.0,77.0,77.0,25.0,46.0,111.44848213255344,-21.448482132553426,285.0432671899622,0.0,0.0,0.0,0.0,0.0,0.0,0.0,100.0,19.833333333333332,94.5,100.155,0.14,0.15769254,0.14667842,283.77252,0.16488642,0.16488642,0.0,0.0,0.0,0.0,24.786363636363635,34.59615384615385,65.82307692307693,45.54615384615385,45.54615384615385,False,94.5,66.45,1.9,0.0,,100.0,False,50.0,0.0,0.0,0.0,0.0,2026-09-23T20:30,interpolated_hourly,3,WNW,sun below horizon — no direct-sun posture,,,,not specified,Environmental scores are skin-type independent.,not personalized
2026-09-23 21:00:00,0.0,0.0,0.0,34.03202,-118.52633,86.0,62.02268600463867,1.0,0.0,0.0,0.3506633701291918,0.48095238095238096,0.5190476190476191,0.4806072092978595,0.5193927907021405,0.0,0.0,0.0,29.0,0.0,0.0,0.6,28.2,23.8,217.0,461.0,50.4,3.2,49.0,1403.0,0.14,3.0,0.0,0.0,77.0,77.0,25.0,46.0,117.45314986705222,-27.453149867052215,289.88786137180983,0.0,0.0,0.0,0.0,0.0,0.0,0.0,100.0,19.88888888888889,94.0,100.17999999999999,0.14,0.16252615,0.15134704,283.50156,0.16488642,0.16488642,0.0,0.0,0.0,0.0,23.48181818181818,34.51538461538461,65.60769230769232,45.41538461538462,45.41538461538462,False,94.0,66.4,1.4,0.0,,100.0,False,50.0,0.0,0.0,0.0,0.0,2026-09-23T21:00,interpolated_hourly,3,WNW,sun below horizon — no direct-sun posture,,,,not specified,Environmental scores are skin-type independent.,not personalized
2026-09-23 21:30:00,0.0,0.0,0.0,34.03202,-118.52633,86.0,62.02268600463867,1.0,0.0,0.0,0.3331302016227322,0.46919191919191916,0.5308080808080808,0.46885140985445406,0.5311485901455459,0.0,0.0,0.0,31.5,0.0,0.0,0.6,30.15,25.700000000000003,210.5,461.0,59.849999999999994,3.4000000000000004,38.0,1404.0,0.14500000000000002,3.0,0.0,0.0,77.5,77.5,25.0,44.5,123.05377116767093,-33.05377116767094,295.866838682928,0.0,0.0,0.0,0.0,0.0,0.0,0.0,100.0,19.97222222222222,93.0,100.225,0.14500000000000002,0.16639346,0.15503827,283.4957,0.16488642,0.16488642,0.0,0.0,0.0,0.0,22.177272727272726,34.434615384615384,65.3923076923077,45.284615384615385,45.284615384615385,False,93.0,66.4,1.7,0.0,,100.0,False,50.0,0.0,0.0,0.0,0.0,2026-09-23T21:30,interpolated_hourly,3,WNW,sun below horizon — no direct-sun posture,,,,not specified,Environmental scores are skin-type independent.,not personalized
2026-09-23 22:00:00,0.0,0.0,0.0,34.03202,-118.52633,86.0,62.02268600463867,1.0,0.0,0.0,0.31559703311627263,0.4574314574314574,0.5425685425685426,0.4570956104110486,0.5429043895889514,0.0,0.0,0.0,34.0,0.0,0.0,0.6,32.1,27.6,204.0,461.0,69.3,3.6,27.0,1405.0,0.15,3.0,0.0,0.0,78.0,78.0,25.0,43.0,128.65439246828964,-38.65439246828966,301.84581599404623,0.0,0.0,0.0,0.0,0.0,0.0,0.0,100.0,20.055555555555554,92.0,100.27000000000001,0.15,0.17026076,0.15872951,283.48984,0.16488642,0.16488642,0.0,0.0,0.0,0.0,20.87272727272727,34.353846153846156,65.17692307692307,45.15384615384615,45.15384615384615,False,92.0,66.4,2.0,0.0,,100.0,False,50.0,0.0,0.0,0.0,0.0,2026-09-23T22:00,interpolated_hourly,3,WNW,sun below horizon — no direct-sun posture,,,,not specified,Environmental scores are skin-type independent.,not personalized
2026-09-23 22:30:00,0.0,0.0,0.0,34.03202,-118.52633,86.0,62.02268600463867,1.0,0.0,0.0,0.29806386460981305,0.44567099567099566,0.5543290043290043,0.44533981096764325,0.5546601890323568,0.0,0.0,0.0,37.0,0.0,0.0,0.6,31.75,27.55,201.0,462.5,75.8,3.75,19.0,1410.0,0.16,3.0,0.0,0.0,78.5,78.5,25.5,41.0,133.4473883782847,-43.4473883782847,309.840859176167,0.0,0.0,0.0,0.0,0.0,0.0,0.0,100.0,20.13888888888889,90.0,100.305,0.16,0.17267951,0.16103667,283.87753,0.16488642,0.16488642,0.0,0.0,0.0,0.0,19.56818181818182,34.27307692307692,64.96153846153847,45.02307692307692,45.02307692307692,False,90.0,66.05000000000001,2.35,0.0,,100.0,False,50.0,0.0,0.0,0.0,0.0,2026-09-23T22:30,interpolated_hourly,3,NW,sun below horizon — no direct-sun posture,,,,not specified,Environmental scores are skin-type independent.,not personalized
2026-09-23 23:00:00,0.0,0.0,0.0,34.03202,-118.52633,86.0,62.02268600463867,1.0,0.0,0.0,0.28053069610335346,0.4339105339105339,0.5660894660894661,0.4335840115242378,0.5664159884757622,0.0,0.0,0.0,40.0,0.0,0.0,0.6,31.4,27.5,198.0,464.0,82.3,3.9,11.0,1415.0,0.17,3.0,0.0,0.0,79.0,79.0,26.0,39.0,138.24038428827976,-48.24038428827975,317.83590235828774,0.0,0.0,0.0,0.0,0.0,0.0,0.0,100.0,20.222222222222225,88.0,100.34,0.17,0.17509827,0.16334385,284.26523,0.16488642,0.16488642,0.0,0.0,0.0,0.0,18.263636363636365,34.19230769230769,64.74615384615385,44.892307692307696,44.892307692307696,False,88.0,65.7,2.7,0.0,,100.0,False,50.0,0.0,0.0,0.0,0.0,2026-09-23T23:00,interpolated_hourly,3,NW,sun below horizon — no direct-sun posture,,,,not specified,Environmental scores are skin-type independent.,not personalized
2026-09-23 23:30:00,0.0,0.0,0.0,34.03202,-118.52633,86.0,62.02268600463867,1.0,0.0,0.0,0.2629975275968938,0.42215007215007216,0.5778499278499278,0.42182821208083243,0.5781717879191677,0.0,0.0,0.0,41.5,0.0,0.0,0.6,30.5,26.9,203.0,467.5,83.4,3.95,8.0,1427.0,0.18,3.0,0.0,0.0,79.5,79.5,26.0,36.5,141.49991276268764,-51.49991276268763,328.76349965924845,0.0,0.0,0.0,0.0,0.0,0.0,0.0,80.0,19.97222222222222,87.0,100.33500000000001,0.18,0.17610802,0.16419199,284.81927,0.16488642,0.16488642,0.0,0.0,0.0,0.0,16.95909090909091,34.11153846153846,64.53076923076924,44.761538461538464,44.761538461538464,False,87.0,65.05000000000001,1.4500000000000002,0.0,,100.0,False,50.0,0.0,0.0,0.0,0.0,2026-09-23T23:30,interpolated_hourly,3,NNW,sun below horizon — no direct-sun posture,,,,not specified,Environmental scores are skin-type independent.,not personalized
2026-09-24 00:00:00,0.0,0.0,0.0,34.03202,-118.52633,86.0,62.02268600463867,1.0,0.0,0.0,0.24546435909043424,0.4103896103896104,0.5896103896103896,0.410072412637427,0.5899275873625731,0.0,0.0,0.0,43.0,0.0,0.0,0.6,29.6,26.3,208.0,471.0,84.5,4.0,5.0,1439.0,0.19,3.0,0.0,0.0,80.0,80.0,26.0,34.0,144.75944123709553,-54.759441237095515,339.69109696020917,0.0,0.0,0.0,0.0,0.0,0.0,0.0,60.0,19.72222222222222,86.0,100.33,0.19,0.17711776,0.16504015,285.3733,0.16488642,0.16488642,0.0,0.0,0.0,0.0,15.654545454545454,34.03076923076923,64.31538461538462,44.63076923076923,44.63076923076923,False,86.0,64.4,0.2,0.0,,100.0,False,50.0,0.0,0.0,0.0,0.0,2026-09-24T00:00,interpolated_hourly,2,NNW,sun below horizon — no direct-sun posture,,,,not specified,Environmental scores are skin-type independent.,not personalized
2026-09-24 00:30:00,0.0,0.0,0.0,34.03202,-118.52633,86.0,62.02268600463867,1.0,0.0,0.0,0.22793119058397465,0.39862914862914867,0.6013708513708513,0.39831661319402156,0.6016833868059785,0.0,0.0,0.0,43.5,0.0,0.0,0.6,29.9,26.65,216.0,475.5,82.64999999999999,4.0,4.5,1455.0,0.19,2.5,0.0,0.0,80.5,80.5,26.5,30.5,145.5413712784172,-55.54137127841718,172.96049994235275,0.0,0.0,0.0,0.0,0.0,0.0,0.0,80.0,19.666666666666664,87.0,100.32,0.19,0.1813873,0.16911122,285.55627,0.16488642,0.16488642,0.0,0.0,0.0,0.0,14.35,33.95,64.1,44.5,44.5,False,87.0,64.55000000000001,1.2,0.0,,100.0,False,50.0,0.0,0.0,0.0,0.0,2026-09-24T00:30,interpolated_hourly,2,S,sun below horizon — no direct-sun posture,,,,not specified,Environmental scores are skin-type independent.,not personalized
2026-09-24 01:00:00,0.0,0.0,0.0,34.03202,-118.52633,86.0,62.02268600463867,1.0,0.0,0.0,0.21039802207751507,0.38686868686868686,0.6131313131313132,0.38656081375061613,0.6134391862493839,0.0,0.0,0.0,44.0,0.0,0.0,0.6,30.2,27.0,224.0,480.0,80.8,4.0,4.0,1471.0,0.19,2.0,0.0,0.0,81.0,81.0,27.0,27.0,146.32330131973885,-56.323301319738846,6.2299029244963435,0.0,0.0,0.0,0.0,0.0,0.0,0.0,100.0,19.61111111111111,88.0,100.31,0.19,0.18565686,0.17318228,285.73923,0.16488642,0.16488642,0.0,0.0,0.0,0.0,13.045454545454545,33.86923076923077,63.88461538461539,44.36923076923077,44.36923076923077,False,88.0,64.7,2.2,0.0,,100.0,False,50.0,0.0,0.0,0.0,0.0,2026-09-24T01:00,interpolated_hourly,3,N,sun below horizon — no direct-sun posture,,,,not specified,Environmental scores are skin-type independent.,not personalized
2026-09-24 01:30:00,0.0,0.0,0.0,34.03202,-118.52633,86.0,62.02268600463867,1.0,0.0,0.0,0.19286485357105548,0.3751082251082251,0.6248917748917748,0.37480501430721075,0.6251949856927893,0.0,0.0,0.0,45.0,0.0,0.0,0.6,31.299999999999997,28.1,229.5,483.5,79.1,4.0,4.0,1485.0,0.19,2.0,0.0,0.0,81.0,81.0,27.0,24.0,144.31210123880192,-54.31210123880193,18.70032417438756,0.0,0.0,0.0,0.0,0.0,0.0,0.0,100.0,19.361111111111114,90.5,100.325,0.19,0.18496102,0.17247479,285.71194,0.16488642,0.16488642,0.0,0.0,0.0,0.0,11.740909090909092,33.78846153846154,63.66923076923077,44.238461538461536,44.238461538461536,False,90.5,64.80000000000001,2.6,0.0,,100.0,False,50.0,0.0,0.0,0.0,0.0,2026-09-24T01:30,interpolated_hourly,3,NNE,sun below horizon — no direct-sun posture,,,,not specified,Environmental scores are skin-type independent.,not personalized
2026-09-24 02:00:00,0.0,0.0,0.0,34.03202,-118.52633,86.0,62.02268600463867,1.0,0.0,0.0,0.1753316850645959,0.3633477633477633,0.6366522366522367,0.3630492148638053,0.6369507851361947,0.0,0.0,0.0,46.0,0.0,0.0,0.6,32.4,29.2,235.0,487.0,77.4,4.0,4.0,1499.0,0.19,2.0,0.0,0.0,81.0,81.0,27.0,21.0,142.300901157865,-52.30090115786502,31.170745424278778,0.0,0.0,0.0,0.0,0.0,0.0,0.0,100.0,19.111111111111114,93.0,100.34,0.19,0.18426517,0.1717673,285.68466,0.16488642,0.16488642,0.0,0.0,0.0,0.0,10.436363636363637,33.707692307692305,63.45384615384616,44.107692307692304,44.107692307692304,False,93.0,64.9,3.0,0.0,,100.0,False,50.0,0.0,0.0,0.0,0.0,2026-09-24T02:00,interpolated_hourly,3,NNE,sun below horizon — no direct-sun posture,,,,not specified,Environmental scores are skin-type independent.,not personalized
2026-09-24 02:30:00,0.0,0.0,0.0,34.03202,-118.52633,86.0,62.02268600463867,1.0,0.0,0.0,0.15779851655813631,0.35158730158730156,0.6484126984126984,0.35129341542039993,0.6487065845796002,0.0,0.0,0.0,46.0,0.0,0.0,0.6,34.25,31.049999999999997,234.5,489.0,77.15,3.95,3.0,1507.5,0.185,2.0,0.0,0.0,81.0,81.0,27.0,18.0,138.23184423374616,-48.23184423374616,40.69386003230042,0.0,0.0,0.0,0.0,0.0,0.0,0.0,91.5,19.055555555555557,92.5,100.34,0.185,0.18117744,0.16885737,285.84576,0.16488642,0.16488642,0.0,0.0,0.0,0.0,9.131818181818183,33.62692307692308,63.238461538461536,43.97692307692308,43.97692307692308,False,92.5,64.7,2.85,0.0,,100.0,False,50.0,0.0,0.0,0.0,0.0,2026-09-24T02:30,interpolated_hourly,3,NE,sun below horizon — no direct-sun posture,,,,not specified,Environmental scores are skin-type independent.,not personalized
2026-09-24 03:00:00,0.0,0.0,0.0,34.03202,-118.52633,86.0,62.02268600463867,1.0,0.0,0.0,0.14026534805167673,0.3398268398268398,0.6601731601731602,0.3395376159769945,0.6604623840230055,0.0,0.0,0.0,46.0,0.0,0.0,0.6,36.1,32.9,234.0,491.0,76.9,3.9,2.0,1516.0,0.18,2.0,0.0,0.0,81.0,81.0,27.0,15.0,134.1627873096273,-44.162787309627305,50.216974640322064,0.0,0.0,0.0,0.0,0.0,0.0,0.0,83.0,19.000000000000004,92.0,100.34,0.18,0.17808972,0.16594742,286.00684,0.16488642,0.16488642,0.0,0.0,0.0,0.0,7.827272727272728,33.54615384615384,63.02307692307692,43.84615384615385,43.84615384615385,False,92.0,64.5,2.7,0.0,,100.0,False,50.0,0.0,0.0,0.0,0.0,2026-09-24T03:00,interpolated_hourly,3,NE,sun below horizon — no direct-sun posture,,,,not specified,Environmental scores are skin-type independent.,not personalized
2026-09-24 03:30:00,0.0,0.0,0.0,34.03202,-118.52633,86.0,62.02268600463867,1.0,0.0,0.0,0.12273217954521715,0.32806637806637806,0.6719336219336219,0.32778181653358907,0.6722181834664109,0.0,0.0,0.0,46.0,0.0,0.0,0.6,37.55,34.55,231.0,492.0,76.80000000000001,3.8499999999999996,1.0,1522.0,0.18,1.5,0.0,0.0,81.5,81.5,27.0,12.5,128.93790814158268,-38.937908141582696,57.172130177903796,0.0,0.0,0.0,0.0,0.0,0.0,0.0,91.5,18.805555555555557,93.0,100.345,0.18,0.17281193,0.16101447,286.16464,0.16486481,0.16486481,0.0,0.0,0.0,0.0,6.522727272727273,33.465384615384615,62.80769230769231,43.715384615384615,43.715384615384615,False,93.0,64.35,2.1500000000000004,0.0,,100.0,False,50.0,0.0,0.0,0.0,0.0,2026-09-24T03:30,interpolated_hourly,3,ENE,sun below horizon — no direct-sun posture,,,,not specified,Environmental scores are skin-type independent.,not personalized
2026-09-24 04:00:00,0.0,0.0,0.0,34.03202,-118.52633,86.0,62.02268600463867,1.0,0.0,0.0,0.10519901103875756,0.3163059163059163,0.6836940836940837,0.31602601709018363,0.6839739829098164,0.0,0.0,0.0,46.0,0.0,0.0,0.6,39.0,36.2,228.0,493.0,76.7,3.8,0.0,1528.0,0.18,1.0,0.0,0.0,82.0,82.0,27.0,10.0,123.71302897353809,-33.713028973538094,64.12728571548553,0.0,0.0,0.0,0.0,0.0,0.0,0.0,100.0,18.61111111111111,94.0,100.35,0.18,0.16753414,0.15608153,286.32245,0.1648432,0.1648432,0.0,0.0,0.0,0.0,5.218181818181819,33.38461538461539,62.59230769230769,43.58461538461538,43.58461538461538,False,94.0,64.2,1.6,0.0,,100.0,False,50.0,0.0,0.0,0.0,0.0,2026-09-24T04:00,interpolated_hourly,3,ENE,sun below horizon — no direct-sun posture,,,,not specified,Environmental scores are skin-type independent.,not personalized
2026-09-24 04:30:00,0.0,0.0,0.0,34.03202,-118.52633,86.0,62.02268600463867,1.0,0.0,0.0,0.08766584253229798,0.30454545454545456,0.6954545454545454,0.30427021764677825,0.6957297823532218,0.0,0.0,0.0,46.0,0.0,0.0,0.6,40.0,37.3,227.0,493.5,75.9,3.8,0.0,1533.5,0.18,1.0,0.0,0.0,82.5,82.5,27.0,8.0,117.89662753159783,-27.896627531597833,69.50592441874264,0.0,0.0,0.0,0.0,0.0,0.0,0.0,100.0,18.499999999999996,94.0,100.35,0.18,0.16518693,0.15392777,286.1786,0.16445568,0.16445568,0.0,0.0,0.0,0.0,3.913636363636364,33.30384615384615,62.37692307692308,43.45384615384615,43.45384615384615,False,94.0,64.0,1.6,0.0,,100.0,False,50.0,0.0,0.0,0.0,0.0,2026-09-24T04:30,interpolated_hourly,3,ENE,sun below horizon — no direct-sun posture,,,,not specified,Environmental scores are skin-type independent.,not personalized
2026-09-24 05:00:00,0.0,0.0,0.0,34.03202,-118.52633,86.0,62.02268600463867,1.0,0.0,0.0,0.07013267402583834,0.29278499278499276,0.7072150072150072,0.2925144182033728,0.7074855817966272,0.0,0.0,0.0,46.0,0.0,0.0,0.6,41.0,38.4,226.0,494.0,75.1,3.8,0.0,1539.0,0.18,1.0,0.0,0.0,83.0,83.0,27.0,6.0,112.08022608965757,-22.08022608965757,74.88456312199975,0.0,0.0,0.0,0.0,0.0,0.0,0.0,100.0,18.388888888888886,94.0,100.35,0.18,0.16283971,0.151774,286.03476,0.16406816,0.16406816,0.0,0.0,0.0,0.0,2.6090909090909093,33.223076923076924,62.16153846153846,43.32307692307692,43.32307692307692,False,94.0,63.8,1.6,0.0,,100.0,False,50.0,0.0,0.0,0.0,0.0,2026-09-24T05:00,interpolated_hourly,3,ENE,sun below horizon — no direct-sun posture,,,,not specified,Environmental scores are skin-type independent.,not personalized
2026-09-24 05:30:00,0.0,0.0,0.0,34.03202,-118.52633,86.0,62.02268600463867,1.0,0.0,0.0,0.05259950551937875,0.281024531024531,0.718975468975469,0.2807586187599674,0.7192413812400327,0.0,0.0,0.0,46.5,0.0,0.0,0.6,41.7,39.2,231.0,495.0,73.25,3.8,0.0,1546.0,0.18,1.0,0.0,0.0,83.0,83.0,27.5,4.5,105.97864812036772,-15.978648120367728,79.43461594554131,0.0,0.0,0.0,0.0,0.0,0.0,0.0,80.0,18.27777777777778,94.0,100.375,0.18,0.16351306,0.152453,285.75842,0.16394517,0.16394517,0.0,0.0,0.0,0.0,1.3045454545454547,33.14230769230769,61.94615384615384,43.19230769230769,43.19230769230769,False,94.0,63.599999999999994,3.0999999999999996,0.0,,100.0,False,50.0,0.0,0.0,0.0,0.0,2026-09-24T05:30,interpolated_hourly,3,E,sun below horizon — no direct-sun posture,,,,not specified,Environmental scores are skin-type independent.,not personalized
2026-09-24 06:00:00,0.0,0.0,0.0,34.03202,-118.52633,86.0,62.02268600463867,1.0,0.0,0.0,0.03506633701291917,0.26926406926406926,0.7307359307359307,0.269002819316562,0.7309971806834381,0.0,0.0,0.0,47.0,0.0,0.0,0.6,42.4,40.0,236.0,496.0,71.4,3.8,0.0,1553.0,0.18,1.0,0.0,0.0,83.0,83.0,28.0,3.0,99.87707015107789,-9.877070151077884,83.98466876908287,0.0,0.0,0.0,0.0,0.0,0.0,0.0,60.0,18.166666666666668,94.0,100.4,0.18,0.1641864,0.15313202,285.48212,0.16382217,0.16382217,0.0,0.0,0.0,0.0,0.0,33.06153846153846,61.730769230769226,43.06153846153846,43.06153846153846,False,94.0,63.4,4.6,0.0,,100.0,False,50.0,0.0,0.0,0.0,0.0,2026-09-24T06:00,interpolated_hourly,2,E,sun below horizon — no direct-sun posture,,,,not specified,Environmental scores are skin-type independent.,not personalized
2026-09-24 06:30:00,0.0,3.05,30.05,34.03202,-118.52633,86.0,62.02268600463867,1.0,0.0,0.0,0.017533168506459584,0.2575036075036075,0.7424963924963925,0.25724701987315657,0.7427529801268435,0.0,0.0,0.0,48.0,0.0,0.0,0.675,43.25,40.9,243.5,497.0,68.80000000000001,3.8499999999999996,0.0,1559.5,0.18,1.0,0.025,0.025,83.5,83.5,28.0,2.5,93.55020530116563,-3.5502053011656347,88.21969262074276,2.174528734330684,6.870473168869318,1.841703197034099,0.0,0.0,0.0,0.0,80.0,18.0,95.0,100.435,0.18,0.16558972,0.15446344,285.06403,0.1637209,0.1637209,0.0,0.0,0.0,0.0,0.0,32.980769230769226,61.51538461538461,42.93076923076923,42.93076923076923,False,95.0,63.3,4.6,0.0,,100.0,False,50.0,0.0,0.0,0.0,0.0,2026-09-24T06:30,interpolated_hourly,2,E,sun below horizon — no direct-sun posture,,,,not specified,Environmental scores are skin-type independent.,not personalized
2026-09-24 07:00:00,1.0,6.1,60.1,34.03202,-118.52633,86.0,62.02268600463867,1.0,0.0,0.0,0.0,0.24574314574314576,0.7542568542568542,0.24549122042975113,0.754508779570249,0.0,0.0,0.0,49.0,0.0,0.0,0.75,44.1,41.8,251.0,498.0,66.2,3.9,0.0,1566.0,0.18,1.0,0.05,0.05,84.0,84.0,28.0,2.0,87.22334045125338,2.7766595487466157,92.45471647240265,4.349057468661368,13.740946337738636,3.683406394068198,0.0,0.0,0.0,0.0,100.0,17.833333333333332,96.0,100.47,0.18,0.16699302,0.15579484,284.64597,0.16361964,0.16361964,0.0,0.0,0.0,0.0,0.0,32.9,61.3,42.8,42.8,False,96.0,63.2,4.6,0.0,87.2,100.0,False,50.0,0.5,0.5,0.0,0.0,2026-09-24T07:00,interpolated_hourly,45,E,"sun low 3° (E) — face E, lift torso ~87° toward the sun if comfortable",,,,not specified,Environmental scores are skin-type independent.,not personalized
2026-09-24 07:30:00,1.0,105.8,204.39999999999998,34.03202,-118.52633,86.0,62.02268600463867,1.0,0.0,0.19708029197080293,0.197017493547462,0.23398268398268396,0.766017316017316,0.23373542098634575,0.7662645790136543,0.24614444444444447,0.0,0.0,48.0,0.0,16.85,0.875,45.45,43.15,254.5,497.5,63.05,4.0,3.5000000000000004,1565.5,0.18,1.0,0.32499999999999996,0.32499999999999996,84.0,84.0,28.0,1.5,81.15354534802431,8.846454651975684,96.79006773307674,84.16928921049742,202.0132554938539,33.60537313503766,40.5,59.54999999999999,31.500000000000004,0.19708029197080293,82.5,18.194444444444446,94.0,100.46000000000001,0.18,0.173866,0.16226697,284.14328,0.16355416,0.16355416,1.84975,0.016775033532008213,1.7694192721889763,8.8,21.15,36.2,52.5,41.9,41.9,False,94.0,63.45,3.3499999999999996,0.0,81.2,100.0,False,50.0,4.6,4.6,0.2091650066335189,40.62444776795416,2026-09-24T07:30,interpolated_hourly,45,E,"sun low 9° (E) — face E, lift torso ~81° toward the sun if comfortable",,,,not specified,Environmental scores are skin-type independent.,not personalized
2026-09-24 08:00:00,1.0,205.5,348.7,34.03202,-118.52633,86.0,62.02268600463867,1.0,0.0,0.39416058394160586,0.394034987094924,0.2222222222222222,0.7777777777777778,0.22197962154294032,0.7780203784570597,0.4922888888888889,0.0,0.0,47.0,0.0,33.7,1.0,46.8,44.5,258.0,497.0,59.9,4.1,7.0,1565.0,0.18,1.0,0.6,0.6,84.0,84.0,28.0,1.0,75.08375024479524,14.916249755204754,101.12541899375083,163.98952095233346,390.28556464996916,63.52733987600712,81.0,119.1,63.0,0.39416058394160586,65.0,18.55555555555556,92.0,100.45,0.18,0.18073899,0.16873908,283.6406,0.16348869,0.16348869,5.285,0.0401,4.7,17.6,42.3,39.5,43.7,41.0,41.0,False,92.0,63.7,2.1,0.0,75.1,100.0,False,50.0,9.9,9.9,0.5,137.4,2026-09-24T08:00,interpolated_hourly,2,E,"sun low 15° (E) — face E, lift torso ~75° toward the sun if comfortable",,,,not specified,Environmental scores are skin-type independent.,not personalized
2026-09-24 08:30:00,1.0,344.55,480.85,34.03202,-118.52633,86.0,62.02268600463867,1.0,0.0,0.4731348825415225,0.4730370694039057,0.3807740324594257,0.6192259675405742,0.3806411110078768,0.6193588889921233,0.7461444444444445,0.0,0.0,45.5,0.0,47.6,1.0,42.65,39.4,256.5,494.0,55.95,4.35,16.5,1552.5,0.18,1.5,1.25,1.25,84.0,84.0,28.0,1.0,69.130427444729,20.869572555271006,106.00199922364538,268.9373193289425,500.83039124568285,80.76953082125651,174.0,262.0,93.0,0.4731348825415225,40.5,19.250000000000007,89.5,100.465,0.18,0.19040787,0.17768596,283.10284,0.16351047,0.16351047,9.81349399155662,0.13037364932270587,9.537320617629135,26.45,42.599999999999994,47.9,48.45,48.1,48.1,False,89.5,64.35,2.35,0.0,69.1,100.0,False,50.0,16.5,16.5,1.153966387602105,229.45896315212732,2026-09-24T08:30,interpolated_hourly,2,ESE,"sun low 21° (ESE) — face ESE, lift torso ~69° toward the sun if comfortable",,,,not specified,Environmental scores are skin-type independent.,not personalized
2026-09-24 09:00:00,1.0,483.6,613.0,34.03202,-118.52633,86.0,62.02268600463867,1.0,0.0,0.5521091811414391,0.5520391517128874,0.5393258426966292,0.4606741573033708,0.5393026004728133,0.4606973995271868,1.0,0.0,0.0,44.0,0.0,61.5,1.0,38.5,34.3,255.0,491.0,52.0,4.6,26.0,1540.0,0.18,2.0,1.9,1.9,84.0,84.0,28.0,1.0,63.17710464466274,26.82289535533726,110.87857945353994,373.88511770555164,611.3752178413965,98.0117217665059,267.0,404.9,123.0,0.5521091811414391,16.0,19.94444444444445,87.0,100.47999999999999,0.18,0.20007676,0.18663284,282.56506,0.16353226,0.16353226,15.064000000000004,0.2254,14.905396979305936,35.3,42.9,56.3,53.2,55.2,55.2,False,87.0,65.0,2.6,0.0,63.2,100.0,False,50.0,22.9,22.9,1.85,338.40000000000003,2026-09-24T09:00,interpolated_hourly,0,ESE,"sun low 27° (ESE) — face ESE, lift torso ~63° toward the sun if comfortable",,,,not specified,Environmental scores are skin-type independent.,not personalized
2026-09-24 09:30:00,1.0,605.85,723.95,34.03202,-118.52633,86.0,62.02268600463867,1.0,0.0,0.6194140192206303,0.6194139943496764,0.6106629213483146,0.38933707865168543,0.6106000271286285,0.38931277370848355,1.0,0.0,0.05000000000001137,44.0,0.0,70.25,1.0,37.7,33.05,249.5,486.5,47.5,4.949999999999999,39.0,1520.5,0.175,2.5,2.9,2.9,84.5,84.5,28.5,1.5,57.641629220608486,32.358370779391514,116.8866814303893,466.54007117043113,664.7373977312344,108.07483286344078,383.5,520.8499999999999,141.0,0.6194140192206303,15.5,20.472222222222225,85.5,100.495,0.175,0.22066689,0.2060983,282.20416,0.16353226,0.16353226,21.710792757589857,0.43300103660880096,21.476337505553207,44.0,41.75,60.9,55.45,59.0,59.0,False,85.5,65.55,3.5999999999999996,0.0,57.6,100.0,False,50.0,29.7,29.7,2.664545141312497,452.3433228154018,2026-09-24T09:30,interpolated_hourly,0,ESE,"sun 32° up (ESE) — lay flat, or lift torso ~58° toward ESE to face it",,,,not specified,Environmental scores are skin-type independent.,not personalized
2026-09-24 10:00:00,1.0,728.1,834.9,34.03202,-118.52633,86.0,62.02268600463867,1.0,0.0,0.6867188572998214,0.6867888369864654,0.682,0.318,0.6818974537844437,0.3179281478897803,1.0,0.0,0.10000000000002274,44.0,0.0,79.0,1.0,36.9,31.8,244.0,482.0,43.0,5.3,52.0,1501.0,0.17,3.0,3.9,3.9,85.0,85.0,29.0,2.0,52.10615379655423,37.89384620344577,122.89478340723866,559.1950246353106,718.0995776210723,118.13794396037565,500.0,636.8,159.0,0.6867188572998214,15.0,21.0,84.0,100.51,0.17,0.24125701,0.22556376,281.84326,0.16353226,0.16353226,28.699,0.644,28.3,52.7,40.6,65.5,57.7,62.8,62.8,False,84.0,66.1,4.6,0.0,52.1,100.0,False,50.0,36.3,36.3,3.5,573.4,2026-09-24T10:00,interpolated_hourly,0,ESE,"sun 38° up (ESE) — lay flat, or lift torso ~52° toward ESE to face it",,,,not specified,Environmental scores are skin-type independent.,not personalized
2026-09-24 10:30:00,1.0,825.25,917.0999999999999,34.03202,-118.52633,86.0,62.02268600463867,1.0,0.0,0.7038321086152186,0.703896770139385,0.7259624060150376,0.2740375939849624,0.7258897400775098,0.27402306075960214,1.0,0.0,0.05000000000001137,42.5,0.0,84.8,1.0,36.15,31.05,235.0,477.0,38.85,5.6,64.0,1483.0,0.17,3.5,4.925,4.925,85.5,85.5,29.0,3.5,47.40082538942468,42.59917461057532,130.8696462065812,628.8872242182792,745.4881027584867,124.33893122509352,582.5,695.8,156.0,0.7038321086152186,15.0,21.27777777777778,83.0,100.52000000000001,0.17,0.25139663,0.23501977,281.7655,0.16353226,0.16353226,34.13277438414519,0.8493074016889894,34.18434831346577,60.4,36.400000000000006,76.35,45.5,65.55,65.55,False,83.0,66.4,5.35,0.0,47.4,100.0,False,50.0,41.3,41.3,4.314006056656612,651.1713839795565,2026-09-24T10:30,interpolated_hourly,0,SE,"sun 43° up (SE) — lay flat, or lift torso ~47° toward SE to face it",,,,not specified,Environmental scores are skin-type independent.,not personalized
2026-09-24 11:00:00,1.0,922.4,999.3,34.03202,-118.52633,86.0,62.02268600463867,1.0,0.0,0.7209453599306158,0.7210047032923046,0.7699248120300752,0.23007518796992482,0.769882026370576,0.23011797362942402,1.0,0.0,0.0,41.0,0.0,90.6,1.0,35.4,30.3,226.0,472.0,34.7,5.9,76.0,1465.0,0.17,4.0,5.95,5.95,86.0,86.0,29.0,5.0,42.695496982295126,47.304503017704874,138.84450900592373,698.5794238012479,772.876627895901,130.53991848981138,665.0,754.8,153.0,0.7209453599306158,15.0,21.555555555555554,82.0,100.53,0.17,0.26153624,0.24447578,281.6877,0.16353226,0.16353226,39.124,1.0491,39.7,68.1,32.2,87.2,33.3,68.3,68.3,False,82.0,66.7,6.1,0.0,42.7,100.0,False,50.0,45.7,45.7,5.1,720.5,2026-09-24T11:00,interpolated_hourly,0,SE,"sun 47° up (SE) — lay flat, or lift torso ~43° toward SE to face it",,,,not specified,Environmental scores are skin-type independent.,not personalized
2026-09-24 11:30:00,1.0,987.8,1047.15,34.03202,-118.52633,86.0,62.02268600463867,1.0,0.0,0.6994396378080727,0.6994977854361066,0.7372033023735811,0.262796697626419,0.7371770045645983,0.26282299543540166,1.0,0.0,0.0,40.0,0.0,90.0,1.0,34.3,29.3,210.0,466.5,31.200000000000003,6.1,86.0,1450.5,0.165,4.0,6.625,6.625,86.0,86.0,29.0,7.0,39.5311617389389,50.4688382610611,149.59329845241675,739.3664354103328,785.7110256131582,133.83742473954152,689.5,702.0999999999999,182.0,0.6994396378080727,21.0,21.638888888888886,82.0,100.52000000000001,0.165,0.2675708,0.25012195,281.66998,0.16351065,0.16351065,41.73842198798422,1.1509335069464321,43.23534148510786,73.6,30.75,92.45,28.349999999999998,70.0,70.0,False,82.0,66.85,6.75,0.5,39.5,100.0,False,50.0,48.7,48.7,5.703661225098024,738.8569400559307,2026-09-24T11:30,interpolated_hourly,0,SSE,"sun 50° up (SSE) — lay flat, or lift torso ~40° toward SSE to face it",,,,not specified,Environmental scores are skin-type independent.,not personalized
2026-09-24 12:00:00,1.0,1053.2,1095.0,34.03202,-118.52633,86.0,62.02268600463867,1.0,0.0,0.6779339156855297,0.6779908675799087,0.7044817927170869,0.29551820728291317,0.7044719827586207,0.29552801724137934,1.0,0.0,0.0,39.0,0.0,89.4,1.0,33.2,28.3,194.0,461.0,27.7,6.3,96.0,1436.0,0.16,4.0,7.3,7.3,86.0,86.0,29.0,9.0,36.36682649558267,53.63317350441733,160.34208789890977,780.1534470194175,798.5454233304155,137.13493098927165,714.0,649.4,211.0,0.6779339156855297,27.0,21.72222222222222,82.0,100.51,0.16,0.27360538,0.25576815,281.65228,0.16348904,0.16348904,43.516,1.2412,46.1,79.1,29.3,97.7,23.4,71.7,71.7,False,82.0,67.0,7.4,1.0,36.4,100.0,False,50.0,51.0,51.0,6.25,742.4,2026-09-24T12:00,interpolated_hourly,1,SSE,"sun 54° up (SSE) — lay flat, or lift torso ~36° toward SSE to face it",,,,not specified,Environmental scores are skin-type independent.,not personalized
2026-09-24 12:30:00,1.0,1082.3500000000001,1105.2,34.03202,-118.52633,86.0,62.02268600463867,1.0,0.0,0.6660024954046182,0.6660081646488389,0.6926810614204417,0.3073189385795584,0.6926746479934296,0.3073253520065704,1.0,0.0,0.0,40.0,0.0,88.30000000000001,1.0,32.1,27.349999999999998,173.5,455.0,24.549999999999997,6.449999999999999,104.5,1422.5,0.16,3.5,7.4,7.4,86.0,86.0,29.0,12.0,35.631566346145355,54.368433653854645,173.2273926266072,788.8489527775055,801.0415912982148,137.81337562650447,720.5,627.5,221.5,0.6660024954046182,27.0,21.833333333333336,83.0,100.5,0.16,0.27478373,0.25681287,281.64026,0.16353273,0.16353273,44.29208742566848,1.2764762586496954,47.54680111195139,81.19999999999999,31.15,98.55000000000001,21.799999999999997,71.7,71.7,False,83.0,67.4,8.100000000000001,1.0,35.6,100.0,False,50.0,52.5,52.5,6.55388723113606,742.4807639865774,2026-09-24T12:30,interpolated_hourly,1,S,"sun 54° up (S) — lay flat, or lift torso ~36° toward S to face it",,,,not specified,Environmental scores are skin-type independent.,not personalized
2026-09-24 13:00:00,1.0,1111.5,1115.4,34.03202,-118.52633,86.0,62.02268600463867,1.0,0.0,0.6540710751237067,0.6540254617177693,0.6808803301237965,0.31911966987620355,0.6808773132282385,0.3191226867717615,1.0,0.0,0.0,41.0,0.0,87.2,1.0,31.0,26.4,153.0,449.0,21.4,6.6,113.0,1409.0,0.16,3.0,7.5,7.5,86.0,86.0,29.0,15.0,34.89630619670804,55.10369380329196,186.11269735430466,797.5444585355935,803.5377592660143,138.49182026373728,727.0,605.6,232.0,0.6540710751237067,27.0,21.944444444444446,84.0,100.49,0.16,0.2759621,0.25785756,281.62823,0.16357642,0.16357642,44.289,1.3005,48.4,83.3,33.0,99.4,20.2,71.7,71.7,False,84.0,67.8,8.8,1.0,34.9,100.0,False,50.0,53.6,53.6,6.8,729.5,2026-09-24T13:00,interpolated_hourly,1,S,"sun 55° up (S) — lay flat on back, face up",,,,not specified,Environmental scores are skin-type independent.,not personalized
2026-09-24 13:30:00,1.0,1102.5,1087.25,34.03202,-118.52633,86.0,62.02268600463867,0.9962121212121212,0.0037878787878787845,0.6489376866244962,0.6489370061869935,0.6983947105164436,0.30160528948355636,0.698409033502226,0.30159096649777395,1.0,0.0,0.0,42.5,0.0,86.80000000000001,1.0,29.65,25.1,138.5,445.0,18.85,6.55,118.0,1398.5,0.155,3.0,6.7,6.95,86.5,86.5,29.5,18.0,36.87321507893162,53.12678492106838,198.24184601760282,773.4813557262783,796.4335899189691,136.5943057299084,715.5,616.2,216.0,0.6489376866244962,35.0,21.916666666666668,84.5,100.495,0.155,0.27426434,0.256142,281.76752,0.16367051,0.16367051,43.827633962981025,1.24852606404949,47.76994795339987,81.69999999999999,40.65,99.2,21.5,72.0,72.0,False,84.5,67.85,9.7,1.0,36.9,100.0,False,50.0,54.2,54.2,6.703327148626862,711.702362917661,2026-09-24T13:30,interpolated_hourly,1,SSW,"sun 53° up (SSW) — lay flat, or lift torso ~37° toward SSW to face it",,,,not specified,Environmental scores are skin-type independent.,not personalized
2026-09-24 14:00:00,1.0,1093.5,1059.1,34.03202,-118.52633,86.0,62.02268600463867,0.9924242424242424,0.007575757575757569,0.6438042981252858,0.6438485506562176,0.7159090909090909,0.2840909090909091,0.7159407537762136,0.2840592462237865,1.0,0.0,0.0,44.0,0.0,86.4,1.0,28.3,23.8,124.0,441.0,16.3,6.5,123.0,1388.0,0.15,3.0,5.9,6.4,87.0,87.0,30.0,21.0,38.8501239611552,51.1498760388448,210.37099468090096,749.4182529169628,789.3294205719238,134.69679119607952,704.0,626.8,200.0,0.6438042981252858,43.0,21.888888888888893,85.0,100.5,0.15,0.27256656,0.25442642,281.90683,0.1637646,0.1637646,42.627,1.186,46.6,80.1,48.3,99.0,22.8,72.3,72.3,False,85.0,67.9,10.6,1.0,38.9,100.0,False,50.0,54.2,54.2,6.55,681.9,2026-09-24T14:00,interpolated_hourly,1,SSW,"sun 51° up (SSW) — lay flat, or lift torso ~39° toward SSW to face it",,,,not specified,Environmental scores are skin-type independent.,not personalized
2026-09-24 14:30:00,1.0,1046.85,994.55,34.03202,-118.52633,86.0,62.02268600463867,0.9788208168642951,0.021179183135704882,0.5677529788966761,0.567730726941012,0.6424197752227438,0.3575802247772561,0.6424191957857446,0.3575808042142554,1.0,0.0,-2.842170943040401e-14,48.5,0.0,79.2,1.0,27.200000000000003,22.5,119.5,439.5,14.100000000000001,6.15,123.5,1382.0,0.14500000000000002,3.0,5.025,5.45,87.0,87.0,30.0,25.0,42.852014387424354,47.147985612575646,219.75232799839898,694.4331451400907,770.4484187300227,130.08860014258323,597.9,503.59999999999997,206.0,0.5677529788966761,56.5,22.027777777777782,83.5,100.43,0.14500000000000002,0.272117,0.25391442,282.02255,0.16388762,0.16388762,36.60693357916306,0.9786057954094571,41.385150685041985,71.3,41.7,84.9,16.85,61.05,61.05,False,83.5,67.75,10.899999999999999,1.0,42.9,100.0,False,50.0,47.6,47.6,6.050035828967112,569.5567459334359,2026-09-24T14:30,interpolated_hourly,1,SW,"sun 47° up (SW) — lay flat, or lift torso ~43° toward SW to face it",,,,not specified,Environmental scores are skin-type independent.,not personalized
2026-09-24 15:00:00,1.0,1000.2,930.0,34.03202,-118.52633,86.0,62.02268600463867,0.9652173913043478,0.034782608695652195,0.4917016596680664,0.4916129032258064,0.5689304595363969,0.4310695404636031,0.5688976377952757,0.4311023622047244,1.0,0.0,-5.684341886080802e-14,53.0,0.0,72.0,1.0,26.1,21.2,115.0,438.0,11.9,5.8,124.0,1376.0,0.14,3.0,4.15,4.5,87.0,87.0,30.0,29.0,46.85390481369351,43.14609518630649,229.13366131589703,639.4480373632185,751.5674168881216,125.48040908908695,491.8,380.4,212.0,0.4917016596680664,70.0,22.16666666666667,82.0,100.36,0.14,0.27166742,0.2534024,282.13828,0.16401064,0.16401064,30.586,0.7712,36.2,62.5,35.1,70.8,10.9,49.8,49.8,False,82.0,67.6,11.2,1.0,46.9,100.0,False,50.0,41.1,41.1,5.55,457.2,2026-09-24T15:00,interpolated_hourly,3,SW,"sun 43° up (SW) — lay flat, or lift torso ~47° toward SW to face it",,,,not specified,Environmental scores are skin-type independent.,not personalized
2026-09-24 15:30:00,1.0,919.1500000000001,833.35,34.03202,-118.52633,86.0,62.02268600463867,0.9653673163418292,0.03463268365817085,0.4865738939075328,0.48647429469692655,0.5824825779714202,0.4175174220285797,0.5825311652033344,0.4176098387447762,0.75,0.0,-0.05000000000003979,54.5,0.0,66.55,1.0,25.25,20.25,116.5,438.0,10.3,5.3,121.0,1373.5,0.13,3.0,3.2500000000000004,3.475,87.0,87.0,30.0,32.5,52.02056264077205,37.97943735922795,236.0593860446122,557.9512958285841,714.0715748065209,117.65074800500383,447.65,385.45,187.5,0.4865738939075328,60.0,22.527777777777782,79.0,100.28,0.13,0.2626519,0.24493492,281.88635,0.16410473,0.16410473,27.401620840792077,0.6166008923874653,32.17131531825301,57.25,52.849999999999994,64.95,12.95,46.75,46.75,False,79.0,67.44999999999999,10.6,1.0,52.0,100.0,False,50.0,39.0,39.0,4.893259564364144,408.94633327612854,2026-09-24T15:30,interpolated_hourly,3,SW,"sun 38° up (SW) — lay flat, or lift torso ~52° toward SW to face it",,,,not specified,Environmental scores are skin-type independent.,not personalized
2026-09-24 16:00:00,1.0,838.1,736.7,34.03202,-118.52633,86.0,62.02268600463867,0.9655172413793105,0.0344827586206895,0.48144612814699916,0.4813356861680467,0.5960346964064436,0.40396530359355637,0.596164692611393,0.40411731528482797,0.5,0.0,-0.10000000000002274,56.0,0.0,61.1,1.0,24.4,19.3,118.0,438.0,8.7,4.8,118.0,1371.0,0.12,3.0,2.35,2.45,87.0,87.0,30.0,36.0,57.18722046785059,32.81277953214941,242.9851107733274,476.45455429394974,676.5757327249202,109.82108692092072,403.5,390.5,163.0,0.48144612814699916,50.0,22.888888888888893,76.0,100.2,0.12,0.25363636,0.23646744,281.63443,0.16419882,0.16419882,23.809,0.4574,27.8,52.0,70.6,59.1,15.0,43.7,43.7,False,76.0,67.3,10.0,1.0,57.2,100.0,False,50.0,35.9,35.9,4.2,354.6,2026-09-24T16:00,interpolated_hourly,3,WSW,"sun 33° up (WSW) — lay flat, or lift torso ~57° toward WSW to face it",,,,not specified,Environmental scores are skin-type independent.,not personalized
2026-09-24 16:30:00,1.0,728.1,614.6500000000001,34.03202,-118.52633,86.0,62.02268600463867,0.973499361430396,0.02650063856960405,0.5184289369096102,0.5181749482403367,0.6618390784682961,0.3381609215317039,0.6618350895390543,0.3383059144090563,0.625,0.0,-0.05000000000001137,57.5,0.0,61.7,1.0,23.299999999999997,18.200000000000003,119.5,438.5,8.7,4.35,112.5,1369.5,0.11499999999999999,3.0,1.625,1.675,87.0,87.0,30.0,39.0,62.96176116565128,27.038238834348718,248.36562564067856,376.1602997486631,602.3318951228414,97.08513412458296,373.40000000000003,470.35,128.25,0.5184289369096102,37.5,23.27777777777778,73.0,100.14,0.11499999999999999,0.24301606,0.2265497,281.01794,0.16423553,0.16423553,20.926817362386203,0.3294671174558139,23.67815350309289,45.15,81.75,47.0,19.2,37.3,37.3,False,73.0,67.19999999999999,9.25,1.0,63.0,100.0,False,50.0,31.6,31.6,3.46461429931275,321.3055915011132,2026-09-24T16:30,interpolated_hourly,3,WSW,"sun low 27° (WSW) — face WSW, lift torso ~63° toward the sun if comfortable",,,,not specified,Environmental scores are skin-type independent.,not personalized
2026-09-24 17:00:00,1.0,618.1,492.6,34.03202,-118.52633,86.0,62.02268600463867,0.9814814814814814,0.0185185185185186,0.5554117456722213,0.5550142103126268,0.7276434605301486,0.27235653946985144,0.7275054864667155,0.2724945135332846,0.75,0.0,0.0,59.0,0.0,62.3,1.0,22.2,17.1,121.0,439.0,8.7,3.9,107.0,1368.0,0.11,3.0,0.9,0.9,87.0,87.0,30.0,42.0,68.73630186345197,21.263698136548026,253.74614050802975,275.8660452033764,528.0880575207627,84.34918132824521,343.3,550.2,93.5,0.5554117456722213,25.0,23.666666666666664,70.0,100.08,0.11,0.23239578,0.21663196,280.4015,0.16427225,0.16427225,17.093,0.194,18.7,38.3,92.9,34.9,23.4,30.9,30.9,False,70.0,67.1,8.5,1.0,68.7,100.0,False,50.0,26.4,26.4,2.65,273.4,2026-09-24T17:00,interpolated_hourly,3,WSW,"sun low 21° (WSW) — face WSW, lift torso ~69° toward the sun if comfortable",,,,not specified,Environmental scores are skin-type independent.,not personalized
2026-09-24 17:30:00,1.0,486.70000000000005,353.35,34.03202,-118.52633,86.0,62.02268600463867,0.9907407407407407,0.0092592592592593,0.5718235198949342,0.5710615189816286,0.7489891943799069,0.2510108056200932,0.7487964982055137,0.25120350179448636,0.875,0.0,7.105427357601002e-15,59.0,0.0,60.05,1.0,21.349999999999998,16.4,121.5,439.0,10.8,3.55,99.0,1367.5,0.10500000000000001,3.0,0.525,0.525,87.0,87.0,30.0,44.5,74.79637872001786,15.203621279982153,258.29724613861384,173.21620760979016,369.3590566396813,60.72232786806226,276.15,584.0,70.75,0.5718235198949342,12.5,23.916666666666664,67.5,100.03,0.10500000000000001,0.21408683,0.1994803,280.05856,0.16427225,0.16427225,12.787075779502272,0.12121266753101614,13.816433994818054,30.5,96.45,34.9,42.65,37.599999999999994,37.599999999999994,False,67.5,67.1,7.75,2.5,74.8,100.0,False,50.0,22.0,22.0,1.9192005692410887,203.60350862155818,2026-09-24T17:30,interpolated_hourly,3,WSW,"sun low 15° (WSW) — face WSW, lift torso ~75° toward the sun if comfortable",,,,not specified,Environmental scores are skin-type independent.,not personalized
2026-09-24 18:00:00,1.0,355.3,214.1,34.03202,-118.52633,86.0,62.02268600463867,1.0,0.0,0.5882352941176471,0.5871088276506305,0.7703349282296651,0.22966507177033493,0.7700875099443119,0.22991249005568812,1.0,0.0,1.4210854715202004e-14,59.0,0.0,57.8,1.0,20.5,15.7,122.0,439.0,12.9,3.2,91.0,1367.0,0.1,3.0,0.15,0.15,87.0,87.0,30.0,47.0,80.85645557658373,9.14354442341628,262.8483517691979,70.56637001620392,210.63005575859984,37.09547440787931,209.0,617.8,48.0,0.5882352941176471,0.0,24.166666666666668,65.0,99.97999999999999,0.1,0.19577786,0.18232863,279.71564,0.16427225,0.16427225,7.972000000000002,0.046,8.459592102027926,22.7,100.0,34.9,61.9,44.3,44.3,False,65.0,67.1,7.0,4.0,80.9,100.0,False,50.0,16.1,16.1,1.15,125.70000000000002,2026-09-24T18:00,interpolated_hourly,0,W,"sun low 9° (W) — face W, lift torso ~81° toward the sun if comfortable",,,,not specified,Environmental scores are skin-type independent.,not personalized
2026-09-24 18:30:00,1.0,216.8,107.05,34.03202,-118.52633,86.0,62.02268600463867,1.0,0.0,0.4856885282848772,0.5714589502076938,0.6685007974481658,0.3314992025518341,0.7404687595618383,0.25953124043816167,0.8633333333333333,0.0,7.105427357601002e-15,58.5,0.0,46.55,1.0,20.0,15.45,123.0,439.0,16.6,2.95,80.5,1368.0,0.095,2.5,0.075,0.075,87.0,87.0,30.0,48.0,87.11242991501399,2.8875700849860175,267.0732501308206,35.28318500810196,105.31502787929992,18.547737203939654,119.5,393.79999999999995,30.5,0.4856885282848772,0.0,23.77777777777778,67.0,100.0,0.095,0.17460637,0.16252738,279.59528,0.16427225,0.16427225,2.7901999999999996,0.01924318061028374,3.4240254744233543,11.799999999999999,64.9,34.78076923076923,62.18846153846154,44.32692307692307,44.32692307692307,False,67.0,66.9,5.85,4.0,87.1,100.0,False,50.0,8.1,8.1,0.543829017247149,38.697211404037674,2026-09-24T18:30,interpolated_hourly,0,W,"sun low 3° (W) — face W, lift torso ~87° toward the sun if comfortable",,,,not specified,Environmental scores are skin-type independent.,not personalized
2026-09-24 19:00:00,0.0,78.3,0.0,34.03202,-118.52633,86.0,62.02268600463867,1.0,0.0,0.3831417624521073,0.5558090727647571,0.5666666666666667,0.43333333333333335,0.7108500091793648,0.2891499908206352,0.7266666666666667,0.0,0.0,58.0,0.0,35.3,1.0,19.5,15.2,124.0,439.0,20.3,2.7,70.0,1369.0,0.09,2.0,0.0,0.0,87.0,87.0,30.0,49.0,93.36840425344424,-3.3684042534442447,271.2981484924434,0.0,0.0,0.0,30.0,169.8,13.0,0.3831417624521073,0.0,23.388888888888886,69.0,100.02000000000001,0.09,0.15343487,0.14272612,279.47495,0.16427225,0.16427225,0.0,0.0,0.0,0.9,29.8,34.66153846153846,62.47692307692308,44.35384615384615,44.35384615384615,False,69.0,66.7,4.7,4.0,,100.0,False,50.0,0.0,0.0,0.0,0.0,2026-09-24T19:00,interpolated_hourly,0,W,sun below horizon — no direct-sun posture,,,,not specified,Environmental scores are skin-type independent.,not personalized
2026-09-24 19:30:00,0.0,39.15,0.0,34.03202,-118.52633,86.0,62.02268600463867,1.0,0.0,0.3748935717326522,0.5401591953218203,0.5430555555555555,0.4569444444444445,0.6812312587968913,0.3187687412031087,0.36333333333333334,0.0,0.0,59.0,0.0,17.65,0.8,19.25,15.0,126.0,440.0,25.1,2.6,60.0,1371.0,0.09,2.0,0.0,0.0,86.5,86.5,29.5,49.0,99.55423237662555,-9.554232376625558,275.6097467486968,0.0,0.0,0.0,15.0,84.9,6.5,0.3748935717326522,0.0,23.194444444444443,70.0,100.035,0.09,0.13766807,0.12801857,279.5101,0.16427225,0.16427225,0.0,0.0,0.0,0.45,28.445454545454545,34.54230769230769,62.76538461538461,44.380769230769225,44.380769230769225,False,70.0,66.65,4.65,4.0,,100.0,False,50.0,0.0,0.0,0.0,0.0,2026-09-24T19:30,interpolated_hourly,0,W,sun below horizon — no direct-sun posture,,,,not specified,Environmental scores are skin-type independent.,not personalized
2026-09-24 20:00:00,0.0,0.0,0.0,34.03202,-118.52633,86.0,62.02268600463867,1.0,0.0,0.3666453810131971,0.5245093178788837,0.5194444444444444,0.48055555555555557,0.6516125084144178,0.34838749158558224,0.0,0.0,0.0,60.0,0.0,0.0,0.6,19.0,14.8,128.0,441.0,29.9,2.5,50.0,1373.0,0.09,2.0,0.0,0.0,86.0,86.0,29.0,49.0,105.74006049980687,-15.740060499806871,279.9213450049502,0.0,0.0,0.0,0.0,0.0,0.0,0.3666453810131971,0.0,23.000000000000004,71.0,100.05,0.09,0.12190128,0.113311015,279.54526,0.16427225,0.16427225,0.0,0.0,0.0,0.0,27.09090909090909,34.42307692307692,63.05384615384615,44.40769230769231,44.40769230769231,False,71.0,66.6,4.6,4.0,,100.0,False,50.0,0.0,0.0,0.0,0.0,2026-09-24T20:00,interpolated_hourly,0,W,sun below horizon — no direct-sun posture,,,,not specified,Environmental scores are skin-type independent.,not personalized
2026-09-24 20:30:00,0.0,0.0,0.0,34.03202,-118.52633,86.0,62.02268600463867,1.0,0.0,0.358397190293742,0.5088594404359469,0.49583333333333335,0.5041666666666667,0.6219937580319442,0.37800624196805577,0.0,0.0,0.0,61.0,0.0,0.0,0.6,19.7,15.5,132.0,442.5,36.75,2.65,41.0,1374.5,0.09,2.0,0.0,0.0,86.0,86.0,29.0,47.5,111.75243146695314,-21.752431466953144,284.76412485407275,0.0,0.0,0.0,0.0,0.0,0.0,0.358397190293742,0.0,22.805555555555557,72.5,100.08,0.09,0.11491451,0.1068058,279.4771,0.16427225,0.16427225,0.0,0.0,0.0,0.0,25.736363636363638,34.30384615384615,63.34230769230769,44.434615384615384,44.434615384615384,False,72.5,66.6,4.449999999999999,4.0,,100.0,False,50.0,0.0,0.0,0.0,0.0,2026-09-24T20:30,interpolated_hourly,0,WNW,sun below horizon — no direct-sun posture,,,,not specified,Environmental scores are skin-type independent.,not personalized
2026-09-24 21:00:00,0.0,0.0,0.0,34.03202,-118.52633,86.0,62.02268600463867,1.0,0.0,0.3501489995742869,0.49320956299301016,0.4722222222222222,0.5277777777777778,0.5923750076494707,0.4076249923505293,0.0,0.0,0.0,62.0,0.0,0.0,0.6,20.4,16.2,136.0,444.0,43.6,2.8,32.0,1376.0,0.09,2.0,0.0,0.0,86.0,86.0,29.0,46.0,117.76480243409941,-27.764802434099416,289.6069047031953,0.0,0.0,0.0,0.0,0.0,0.0,0.3501489995742869,0.0,22.611111111111114,74.0,100.11,0.09,0.10792773,0.10030058,279.40894,0.16427225,0.16427225,0.0,0.0,0.0,0.0,24.381818181818183,34.184615384615384,63.63076923076923,44.46153846153846,44.46153846153846,False,74.0,66.6,4.3,4.0,,100.0,False,50.0,0.0,0.0,0.0,0.0,2026-09-24T21:00,interpolated_hourly,0,WNW,sun below horizon — no direct-sun posture,,,,not specified,Environmental scores are skin-type independent.,not personalized
2026-09-24 21:30:00,0.0,0.0,0.0,34.03202,-118.52633,86.0,62.02268600463867,1.0,0.0,0.3419008088548319,0.47755968555007344,0.44861111111111107,0.5513888888888889,0.5627562572669971,0.4372437427330028,0.0,0.0,0.0,62.5,0.0,0.0,0.6,22.5,18.35,141.0,446.0,51.55,3.0999999999999996,24.0,1378.0,0.095,2.0,0.0,0.0,85.5,85.5,29.0,43.5,123.37837093819724,-33.378370938197236,295.5899655451735,0.0,0.0,0.0,0.0,0.0,0.0,0.3419008088548319,0.0,22.555555555555557,74.0,100.11500000000001,0.095,0.10866393,0.10116856,279.15698,0.16427225,0.16427225,0.0,0.0,0.0,0.0,23.027272727272727,34.065384615384616,63.91923076923077,44.488461538461536,44.488461538461536,False,74.0,66.5,3.65,4.0,,100.0,False,50.0,0.0,0.0,0.0,0.0,2026-09-24T21:30,interpolated_hourly,0,WNW,sun below horizon — no direct-sun posture,,,,not specified,Environmental scores are skin-type independent.,not personalized
2026-09-24 22:00:00,0.0,0.0,0.0,34.03202,-118.52633,86.0,62.02268600463867,1.0,0.0,0.3336526181353768,0.46190980810713667,0.425,0.575,0.5331375068845237,0.46686249311547634,0.0,0.0,0.0,63.0,0.0,0.0,0.6,24.6,20.5,146.0,448.0,59.5,3.4,16.0,1380.0,0.1,2.0,0.0,0.0,85.0,85.0,29.0,41.0,128.99193944229506,-38.991939442295056,301.57302638715174,0.0,0.0,0.0,0.0,0.0,0.0,0.3336526181353768,0.0,22.5,74.0,100.12,0.1,0.10940014,0.102036536,278.90503,0.16427225,0.16427225,0.0,0.0,0.0,0.0,21.672727272727272,33.94615384615385,64.20769230769231,44.51538461538461,44.51538461538461,False,74.0,66.4,3.0,4.0,,100.0,False,50.0,0.0,0.0,0.0,0.0,2026-09-24T22:00,interpolated_hourly,0,WNW,sun below horizon — no direct-sun posture,,,,not specified,Environmental scores are skin-type independent.,not personalized
2026-09-24 22:30:00,0.0,0.0,0.0,34.03202,-118.52633,86.0,62.02268600463867,1.0,0.0,0.3254044274159217,0.4462599306642,0.4013888888888889,0.5986111111111111,0.50351875650205,0.49648124349794986,0.0,0.0,0.0,63.0,0.0,0.0,0.6,26.35,22.3,152.0,451.0,65.05,3.65,10.0,1386.5,0.10500000000000001,2.0,0.0,0.0,85.0,85.0,29.0,38.0,133.80204039624402,-43.80204039624401,309.5955421302221,0.0,0.0,0.0,0.0,0.0,0.0,0.3254044274159217,0.0,22.555555555555557,73.0,100.105,0.10500000000000001,0.10571156,0.09856171,278.64655,0.16427225,0.16427225,0.0,0.0,0.0,0.0,20.31818181818182,33.82692307692307,64.49615384615385,44.54230769230769,44.54230769230769,False,73.0,66.25,2.9,4.0,,100.0,False,50.0,0.0,0.0,0.0,0.0,2026-09-24T22:30,interpolated_hourly,0,NW,sun below horizon — no direct-sun posture,,,,not specified,Environmental scores are skin-type independent.,not personalized
2026-09-24 23:00:00,0.0,0.0,0.0,34.03202,-118.52633,86.0,62.02268600463867,1.0,0.0,0.3171562366964666,0.4306100532212632,0.37777777777777777,0.6222222222222222,0.47390000611957656,0.5260999938804234,0.0,0.0,0.0,63.0,0.0,0.0,0.6,28.1,24.1,158.0,454.0,70.6,3.9,4.0,1393.0,0.11,2.0,0.0,0.0,85.0,85.0,29.0,35.0,138.61214135019296,-48.612141350192964,317.61805787329246,0.0,0.0,0.0,0.0,0.0,0.0,0.3171562366964666,0.0,22.611111111111114,72.0,100.09,0.11,0.102022976,0.09508689,278.38803,0.16427225,0.16427225,0.0,0.0,0.0,0.0,18.96363636363636,33.707692307692305,64.78461538461539,44.56923076923077,44.56923076923077,False,72.0,66.1,2.8,4.0,,100.0,False,50.0,0.0,0.0,0.0,0.0,2026-09-24T23:00,interpolated_hourly,0,NW,sun below horizon — no direct-sun posture,,,,not specified,Environmental scores are skin-type independent.,not personalized
2026-09-24 23:30:00,0.0,0.0,0.0,34.03202,-118.52633,86.0,62.02268600463867,1.0,0.0,0.3089080459770115,0.4149601757783265,0.35416666666666663,0.6458333333333334,0.44428125573710303,0.5557187442628969,0.0,0.0,0.0,63.5,0.0,0.0,0.6,29.25,25.3,165.5,457.5,71.69999999999999,4.0,2.0,1405.0,0.11499999999999999,2.0,0.0,0.0,85.0,85.0,28.5,31.5,141.8847124348564,-51.8847124348564,328.6296854700751,0.0,0.0,0.0,0.0,0.0,0.0,0.3089080459770115,0.0,22.638888888888893,71.5,100.075,0.11499999999999999,0.10079847,0.09397867,278.1425,0.16427225,0.16427225,0.0,0.0,0.0,0.0,17.60909090909091,33.58846153846154,65.07307692307693,44.59615384615385,44.59615384615385,False,71.5,66.1,2.2,2.0,,100.0,False,50.0,0.0,0.0,0.0,0.0,2026-09-24T23:30,interpolated_hourly,0,NNW,sun below horizon — no direct-sun posture,,,,not specified,Environmental scores are skin-type independent.,not personalized
2026-09-25 00:00:00,0.0,0.0,0.0,34.03202,-118.52633,86.0,62.02268600463867,1.0,0.0,0.3006598552575564,0.3993102983353898,0.33055555555555555,0.6694444444444445,0.41466250535462945,0.5853374946453705,0.0,0.0,0.0,64.0,0.0,0.0,0.6,30.4,26.5,173.0,461.0,72.8,4.1,0.0,1417.0,0.12,2.0,0.0,0.0,85.0,85.0,28.0,28.0,145.1572835195198,-55.15728351951982,339.6413130668578,0.0,0.0,0.0,0.0,0.0,0.0,0.3006598552575564,0.0,22.666666666666668,71.0,100.06,0.12,0.09957398,0.09287047,277.89694,0.16427225,0.16427225,0.0,0.0,0.0,0.0,16.254545454545454,33.46923076923077,65.36153846153846,44.62307692307692,44.62307692307692,False,71.0,66.1,1.6,0.0,,100.0,False,50.0,0.0,0.0,0.0,0.0,2026-09-25T00:00,interpolated_hourly,0,NNW,sun below horizon — no direct-sun posture,,,,not specified,Environmental scores are skin-type independent.,not personalized
2026-09-25 00:30:00,0.0,0.0,0.0,34.03202,-118.52633,86.0,62.02268600463867,1.0,0.0,0.2924116645381013,0.38366042089245306,0.30694444444444446,0.6930555555555555,0.3850437549721559,0.6149562450278441,0.0,0.0,0.0,66.5,0.0,0.0,0.6,31.2,27.45,181.5,465.5,71.55,4.15,0.0,1433.0,0.125,1.5,0.0,0.0,85.0,85.0,28.0,24.5,145.93009797058536,-55.93009797058537,173.04655004797453,0.0,0.0,0.0,0.0,0.0,0.0,0.2924116645381013,0.0,22.583333333333336,71.5,100.065,0.125,0.10046995,0.093669094,277.69824,0.16427225,0.16427225,0.0,0.0,0.0,0.0,14.9,33.35,65.65,44.65,44.65,False,71.5,66.05,2.55,0.0,,100.0,False,50.0,0.0,0.0,0.0,0.0,2026-09-25T00:30,interpolated_hourly,0,S,sun below horizon — no direct-sun posture,,,,not specified,Environmental scores are skin-type independent.,not personalized
2026-09-25 01:00:00,0.0,0.0,0.0,34.03202,-118.52633,86.0,62.02268600463867,1.0,0.0,0.28416347381864626,0.36801054344951634,0.2833333333333333,0.7166666666666667,0.3554250045896824,0.6445749954103176,0.0,0.0,0.0,69.0,0.0,0.0,0.6,32.0,28.4,190.0,470.0,70.3,4.2,0.0,1449.0,0.13,1.0,0.0,0.0,85.0,85.0,28.0,21.0,146.70291242165092,-56.70291242165092,6.451787029091292,0.0,0.0,0.0,0.0,0.0,0.0,0.28416347381864626,0.0,22.5,72.0,100.07000000000001,0.13,0.10136591,0.09446772,277.4995,0.16427225,0.16427225,0.0,0.0,0.0,0.0,13.545454545454547,33.23076923076923,65.93846153846154,44.676923076923075,44.676923076923075,False,72.0,66.0,3.5,0.0,,100.0,False,50.0,0.0,0.0,0.0,0.0,2026-09-25T01:00,interpolated_hourly,0,N,sun below horizon — no direct-sun posture,,,,not specified,Environmental scores are skin-type independent.,not personalized
2026-09-25 01:30:00,0.0,0.0,0.0,34.03202,-118.52633,86.0,62.02268600463867,1.0,0.0,0.27591528309919117,0.35236066600657956,0.25972222222222224,0.7402777777777778,0.3258062542072089,0.6741937457927911,0.0,0.0,0.0,69.0,0.0,0.0,0.6,33.3,29.75,197.0,475.0,69.5,4.300000000000001,0.5,1467.0,0.135,1.0,0.0,0.0,85.0,85.0,28.0,18.0,144.65867788179486,-54.658677881794844,19.013562829860746,0.0,0.0,0.0,0.0,0.0,0.0,0.27591528309919117,0.0,22.388888888888886,72.5,100.065,0.135,0.10296041,0.096009135,277.399,0.16427225,0.16427225,0.0,0.0,0.0,0.0,12.190909090909091,33.11153846153846,66.22692307692309,44.70384615384615,44.70384615384615,False,72.5,65.95,2.55,0.0,,100.0,False,50.0,0.0,0.0,0.0,0.0,2026-09-25T01:30,interpolated_hourly,0,NNE,sun below horizon — no direct-sun posture,,,,not specified,Environmental scores are skin-type independent.,not personalized
2026-09-25 02:00:00,0.0,0.0,0.0,34.03202,-118.52633,86.0,62.02268600463867,1.0,0.0,0.26766709237973607,0.33671078856364284,0.2361111111111111,0.7638888888888888,0.29618750382473535,0.7038124961752646,0.0,0.0,0.0,69.0,0.0,0.0,0.6,34.6,31.1,204.0,480.0,68.7,4.4,1.0,1485.0,0.14,1.0,0.0,0.0,85.0,85.0,28.0,15.0,142.61444334193877,-52.61444334193876,31.5753386306302,0.0,0.0,0.0,0.0,0.0,0.0,0.26766709237973607,0.0,22.277777777777775,73.0,100.06,0.14,0.10455491,0.09755055,277.29843,0.16427225,0.16427225,0.0,0.0,0.0,0.0,10.836363636363636,32.99230769230769,66.51538461538462,44.730769230769226,44.730769230769226,False,73.0,65.9,1.6,0.0,,100.0,False,50.0,0.0,0.0,0.0,0.0,2026-09-25T02:00,interpolated_hourly,0,NNE,sun below horizon — no direct-sun posture,,,,not specified,Environmental scores are skin-type independent.,not personalized
2026-09-25 02:30:00,0.0,0.0,0.0,34.03202,-118.52633,86.0,62.02268600463867,1.0,0.0,0.259418901660281,0.3210609111207061,0.21250000000000002,0.7875,0.26656875344226183,0.7334312465577382,0.0,0.0,0.0,70.0,0.0,0.0,0.6,36.6,33.150000000000006,209.0,487.0,69.65,4.550000000000001,0.5,1509.5,0.14500000000000002,1.0,0.0,0.0,85.0,85.0,28.5,12.5,138.5105049883715,-48.51050498837152,41.11664563337533,0.0,0.0,0.0,0.0,0.0,0.0,0.259418901660281,50.0,22.194444444444443,73.5,100.06,0.14500000000000002,0.106212825,0.099178225,277.4516,0.16427225,0.16427225,0.0,0.0,0.0,0.0,9.48181818181818,32.87307692307692,66.80384615384615,44.75769230769231,44.75769230769231,False,73.5,65.85,1.9000000000000001,0.0,,100.0,False,50.0,0.0,0.0,0.0,0.0,2026-09-25T02:30,interpolated_hourly,0,NE,sun below horizon — no direct-sun posture,,,,not specified,Environmental scores are skin-type independent.,not personalized
2026-09-25 03:00:00,0.0,0.0,0.0,34.03202,-118.52633,86.0,62.02268600463867,1.0,0.0,0.2511707109408259,0.3054110336777694,0.18888888888888888,0.8111111111111111,0.2369500030597883,0.7630499969402117,0.0,0.0,0.0,71.0,0.0,0.0,0.6,38.6,35.2,214.0,494.0,70.6,4.7,0.0,1534.0,0.15,1.0,0.0,0.0,85.0,85.0,29.0,10.0,134.40656663480428,-44.40656663480429,50.657952636120456,0.0,0.0,0.0,0.0,0.0,0.0,0.2511707109408259,100.0,22.11111111111111,74.0,100.06,0.15,0.107870735,0.10080591,277.60474,0.16427225,0.16427225,0.0,0.0,0.0,0.0,8.127272727272725,32.753846153846155,67.0923076923077,44.784615384615385,44.784615384615385,False,74.0,65.8,2.2,0.0,,100.0,False,50.0,0.0,0.0,0.0,0.0,2026-09-25T03:00,interpolated_hourly,3,NE,sun below horizon — no direct-sun posture,,,,not specified,Environmental scores are skin-type independent.,not personalized
2026-09-25 03:30:00,0.0,0.0,0.0,34.03202,-118.52633,86.0,62.02268600463867,1.0,0.0,0.24292252022137079,0.2897611562348327,0.1652777777777778,0.8347222222222221,0.20733125267731478,0.7926687473226852,0.0,0.0,0.0,70.0,0.0,0.0,0.6,40.6,37.1,217.5,501.0,72.0,4.85,0.0,1560.0,0.155,1.0,0.0,0.0,85.0,85.0,29.0,8.0,129.15666275650688,-39.156662756506876,57.6024213669655,0.0,0.0,0.0,0.0,0.0,0.0,0.24292252022137079,53.0,22.055555555555554,74.0,100.055,0.155,0.1072242,0.10016646,278.2621,0.16425017,0.16425017,0.0,0.0,0.0,0.0,6.772727272727273,32.63461538461539,67.38076923076923,44.81153846153846,44.81153846153846,False,74.0,65.69999999999999,2.0,0.0,,100.0,False,50.0,0.0,0.0,0.0,0.0,2026-09-25T03:30,interpolated_hourly,3,ENE,sun below horizon — no direct-sun posture,,,,not specified,Environmental scores are skin-type independent.,not personalized
2026-09-25 04:00:00,0.0,0.0,0.0,34.03202,-118.52633,86.0,62.02268600463867,1.0,0.0,0.23467432950191572,0.27411127879189595,0.14166666666666666,0.8583333333333334,0.17771250229484126,0.8222874977051587,0.0,0.0,0.0,69.0,0.0,0.0,0.6,42.6,39.0,221.0,508.0,73.4,5.0,0.0,1586.0,0.16,1.0,0.0,0.0,85.0,85.0,29.0,6.0,123.90675887820944,-33.90675887820945,64.54689009781055,0.0,0.0,0.0,0.0,0.0,0.0,0.23467432950191572,6.0,21.999999999999996,74.0,100.05,0.16,0.10657767,0.09952702,278.91946,0.16422808,0.16422808,0.0,0.0,0.0,0.0,5.418181818181818,32.51538461538462,67.66923076923078,44.83846153846154,44.83846153846154,False,74.0,65.6,1.8,0.0,,100.0,False,50.0,0.0,0.0,0.0,0.0,2026-09-25T04:00,interpolated_hourly,0,ENE,sun below horizon — no direct-sun posture,,,,not specified,Environmental scores are skin-type independent.,not personalized
2026-09-25 04:30:00,0.0,0.0,0.0,34.03202,-118.52633,86.0,62.02268600463867,1.0,0.0,0.22642613878246062,0.25846140134895923,0.11805555555555558,0.8819444444444444,0.14809375191236773,0.8519062480876323,0.0,0.0,0.0,67.5,0.0,0.0,0.6,44.45,40.85,222.0,511.5,73.95,5.1,0.0,1598.0,0.165,1.0,0.0,0.0,85.0,85.0,29.0,4.5,118.07519944675897,-28.075199446758976,69.91215766518701,0.0,0.0,0.0,0.0,0.0,0.0,0.22642613878246062,37.5,21.999999999999996,73.5,100.06,0.165,0.10516804,0.098252654,279.03577,0.16384774,0.16384774,0.0,0.0,0.0,0.0,4.063636363636363,32.396153846153844,67.95769230769231,44.86538461538461,44.86538461538461,False,73.5,65.5,1.6,0.0,,100.0,False,50.0,0.0,0.0,0.0,0.0,2026-09-25T04:30,interpolated_hourly,0,ENE,sun below horizon — no direct-sun posture,,,,not specified,Environmental scores are skin-type independent.,not personalized
2026-09-25 05:00:00,0.0,0.0,0.0,34.03202,-118.52633,86.0,62.02268600463867,1.0,0.0,0.21817794806300553,0.24281152390602245,0.09444444444444444,0.9055555555555556,0.11847500152989421,0.8815249984701058,0.0,0.0,0.0,66.0,0.0,0.0,0.6,46.3,42.7,223.0,515.0,74.5,5.2,0.0,1610.0,0.17,1.0,0.0,0.0,85.0,85.0,29.0,3.0,112.2436400153085,-22.2436400153085,75.27742523256347,0.0,0.0,0.0,0.0,0.0,0.0,0.21817794806300553,69.0,21.999999999999996,73.0,100.07000000000001,0.17,0.1037584,0.09697829,279.15207,0.1634674,0.1634674,0.0,0.0,0.0,0.0,2.709090909090907,32.276923076923076,68.24615384615385,44.89230769230769,44.89230769230769,False,73.0,65.4,1.4,0.0,,100.0,False,50.0,0.0,0.0,0.0,0.0,2026-09-25T05:00,interpolated_hourly,2,ENE,sun below horizon — no direct-sun posture,,,,not specified,Environmental scores are skin-type independent.,not personalized
2026-09-25 05:30:00,0.0,0.0,0.0,34.03202,-118.52633,86.0,62.02268600463867,1.0,0.0,0.20992975734355043,0.22716164646308573,0.07083333333333336,0.9291666666666667,0.08885625114742057,0.9111437488525794,0.0,0.0,0.0,64.0,0.0,0.0,0.6,47.95,44.400000000000006,220.0,511.0,73.85,5.2,0.0,1596.0,0.17,1.0,0.0,0.0,85.5,85.5,29.0,2.0,106.1346209787918,-16.134620978791805,79.81895437658068,0.0,0.0,0.0,0.0,0.0,0.0,0.20992975734355043,51.0,21.944444444444443,73.5,100.09,0.17,0.1055039,0.09866831,279.45227,0.16334438,0.16334438,0.0,0.0,0.0,0.0,1.3545454545454554,32.15769230769231,68.53461538461539,44.91923076923077,44.91923076923077,False,73.5,65.4,1.4,0.0,,100.0,False,50.0,0.0,0.0,0.0,0.0,2026-09-25T05:30,interpolated_hourly,2,E,sun below horizon — no direct-sun posture,,,,not specified,Environmental scores are skin-type independent.,not personalized
2026-09-25 06:00:00,0.0,0.0,0.0,34.03202,-118.52633,86.0,62.02268600463867,1.0,0.0,0.20168156662409537,0.211511769020149,0.047222222222222276,0.9527777777777777,0.05923750076494705,0.940762499235053,0.0,0.0,0.0,62.0,0.0,0.0,0.6,49.6,46.1,217.0,507.0,73.2,5.2,0.0,1582.0,0.17,1.0,0.0,0.0,86.0,86.0,29.0,1.0,100.0256019422751,-10.025601942275108,84.36048352059788,0.0,0.0,0.0,0.0,0.0,0.0,0.20168156662409537,33.0,21.888888888888893,74.0,100.11,0.17,0.1072494,0.10035833,279.75247,0.16322136,0.16322136,0.0,0.0,0.0,0.0,0.0,32.03846153846154,68.82307692307693,44.94615384615385,44.94615384615385,False,74.0,65.4,1.4,0.0,,100.0,False,50.0,0.0,0.0,0.0,0.0,2026-09-25T06:00,interpolated_hourly,1,E,sun below horizon — no direct-sun posture,,,,not specified,Environmental scores are skin-type independent.,not personalized
2026-09-25 06:30:00,0.0,2.7,28.3,34.03202,-118.52633,86.0,62.02268600463867,1.0,0.0,0.19343337590464027,0.1958618915772123,0.023611111111111138,0.9763888888888889,0.029618750382473524,0.9703812496175265,0.0,0.0,0.0,60.5,0.0,2.05,0.725,51.150000000000006,47.85,211.0,499.0,71.75,5.15,0.0,1554.0,0.17,1.0,0.025,0.025,86.0,86.0,29.0,0.5,93.69366851882047,-3.693668518820478,88.59329063568708,1.8955513761401295,5.927441127088573,1.6227104369470533,0.5,0.0,0.5,0.19343337590464027,24.5,21.888888888888893,73.5,100.13,0.17,0.10872098,0.10176732,280.34943,0.16311994,0.16311994,0.0,0.0,0.0,0.4,3.2,31.91923076923077,69.11153846153847,44.973076923076924,44.973076923076924,False,73.5,65.30000000000001,1.2999999999999998,0.0,,100.0,False,50.0,0.0,0.0,0.0,0.0,2026-09-25T06:30,interpolated_hourly,1,E,sun below horizon — no direct-sun posture,,,,not specified,Environmental scores are skin-type independent.,not personalized
2026-09-25 07:00:00,1.0,5.4,56.6,34.03202,-118.52633,86.0,62.02268600463867,1.0,0.0,0.18518518518518517,0.1802120141342756,0.0,1.0,0.0,1.0,0.0,0.0,0.0,59.0,0.0,4.1,0.85,52.7,49.6,205.0,491.0,70.3,5.1,0.0,1526.0,0.17,1.0,0.05,0.05,86.0,86.0,29.0,0.0,87.36173509536584,2.6382649046341515,92.82609775077628,3.7911027522802585,11.854882254177147,3.2454208738941066,1.0,0.0,1.0,0.18518518518518517,16.0,21.888888888888893,73.0,100.15,0.17,0.11019256,0.103176296,280.94638,0.16301852,0.16301852,0.81,0.0049,0.4,0.8,6.4,31.8,69.4,45.0,45.0,False,73.0,65.2,1.2,0.0,87.4,100.0,False,50.0,1.2,1.2,0.0,10.2,2026-09-25T07:00,interpolated_hourly,0,E,"sun low 3° (E) — face E, lift torso ~87° toward the sun if comfortable",,,,not specified,Environmental scores are skin-type independent.,not personalized
2026-09-25 07:30:00,1.0,103.75,200.95,34.03202,-118.52633,86.0,62.02268600463867,1.0,0.0,0.3350468231715139,0.33206951705844967,0.32142857142857145,0.6785714285714286,0.32136445242369843,0.6786355475763016,0.5,0.0,-1.4210854715202004e-14,72.5,2.0,32.1,0.925,53.8,51.0,200.0,484.0,68.05,5.3,3.0,1501.5,0.165,1.0,0.32499999999999996,0.32499999999999996,86.5,86.5,29.5,0.0,81.30050501692949,8.699494983070513,97.16553598013519,82.59977954010952,199.12790201573466,33.102752763905855,49.5,210.25,18.0,0.3350468231715139,32.5,22.27777777777778,71.0,100.16,0.165,0.10795368,0.101056896,281.47614,0.1629529,0.1629529,2.4321566342224594,0.018347255860202548,2.130534616934103,9.35,25.050000000000004,35.9,55.7,42.85,42.85,False,71.0,65.4,1.05,0.0,81.3,100.0,False,50.0,5.3,5.3,0.21790090095252435,67.34677045879153,2026-09-25T07:30,interpolated_hourly,0,E,"sun low 9° (E) — face E, lift torso ~81° toward the sun if comfortable",,,,not specified,Environmental scores are skin-type independent.,not personalized
2026-09-25 08:00:00,1.0,202.1,345.3,34.03202,-118.52633,86.0,62.02268600463867,1.0,0.0,0.48490846115784264,0.4839270199826238,0.6428571428571429,0.35714285714285715,0.6427289048473969,0.35727109515260325,1.0,0.0,-2.842170943040401e-14,86.0,4.0,60.1,1.0,54.9,52.4,195.0,477.0,65.8,5.5,6.0,1477.0,0.16,1.0,0.6,0.6,87.0,87.0,30.0,0.0,75.23927493849312,14.760725061506875,101.5049742094941,161.4084563279388,386.4009217772922,62.960084653917605,98.0,420.5,35.0,0.48490846115784264,49.0,22.666666666666668,69.0,100.17,0.16,0.10571481,0.0989375,282.0059,0.16288728,0.16288728,5.593,0.0372,4.9,17.9,43.7,40.0,42.0,40.7,40.7,False,69.0,65.6,0.9,0.0,75.2,100.0,False,50.0,10.2,10.2,0.5,167.1,2026-09-25T08:00,interpolated_hourly,1,ESE,"sun low 15° (ESE) — face ESE, lift torso ~75° toward the sun if comfortable",,,,not specified,Environmental scores are skin-type independent.,not personalized
2026-09-25 08:30:00,1.0,341.15,477.4,34.03202,-118.52633,86.0,62.02268600463867,1.0,0.0,0.5641951718533903,0.5636206059716236,0.7291955617198336,0.2708044382801664,0.7290410655325992,0.2708314159772197,1.0,0.0,0.04999999999999716,80.0,3.0,67.3,1.0,50.95,47.45,192.0,473.0,62.3,6.2,13.0,1462.5,0.16,1.0,1.2999999999999998,1.2999999999999998,87.0,87.0,30.0,0.0,69.2978461189287,20.702153881071297,106.39109811716827,266.18645571931904,497.9145805503,80.3165421562806,203.5,566.6,46.0,0.5641951718533903,29.5,23.388888888888893,66.0,100.18,0.16,0.10862969,0.10161237,282.34814,0.16290236,0.16290236,11.116801888530603,0.14307172259677756,10.211402089168804,27.05,45.25,48.45,41.65,46.05,46.05,False,66.0,66.0,1.9500000000000002,0.0,69.3,100.0,False,50.0,17.2,17.2,1.1331438084455525,271.46356402036304,2026-09-25T08:30,interpolated_hourly,1,ESE,"sun low 21° (ESE) — face ESE, lift torso ~69° toward the sun if comfortable",,,,not specified,Environmental scores are skin-type independent.,not personalized
2026-09-25 09:00:00,1.0,480.2,609.5,34.03202,-118.52633,86.0,62.02268600463867,1.0,0.0,0.643481882548938,0.6433141919606234,0.8155339805825242,0.18446601941747573,0.8153532262178015,0.18439173680183624,1.0,0.0,0.10000000000002274,74.0,2.0,74.5,1.0,47.0,42.5,189.0,469.0,58.8,6.9,20.0,1448.0,0.16,1.0,2.0,2.0,87.0,87.0,30.0,0.0,63.35641729936428,26.643582700635715,111.27722202484244,370.96445511069925,609.4282393233078,97.67299965864362,309.0,712.7,57.0,0.643481882548938,10.0,24.111111111111114,63.0,100.19,0.16,0.11154456,0.10428724,282.69037,0.16291744,0.16291744,17.307,0.2532,16.0,36.2,46.8,56.9,41.3,51.4,51.4,False,63.0,66.4,3.0,0.0,63.4,100.0,False,50.0,24.0,24.0,1.8,392.1,2026-09-25T09:00,interpolated_hourly,0,ESE,"sun low 27° (ESE) — face ESE, lift torso ~63° toward the sun if comfortable",,,,not specified,Environmental scores are skin-type independent.,not personalized
2026-09-25 09:30:00,1.0,602.35,720.35,34.03202,-118.52633,86.0,62.02268600463867,1.0,0.0,0.6730176838555595,0.672836114267126,0.8390047113128731,0.16099528868712687,0.8389030605223986,0.16096942098742034,1.0,0.0,0.05000000000001137,69.0,1.0,79.55,1.0,43.65,39.1,186.5,465.5,54.55,7.8,29.5,1437.0,0.155,1.0,3.025,3.025,87.5,87.5,30.0,1.0,57.84111477024736,32.15888522975264,117.29648115080224,463.5000390989102,663.17600527079,107.77297250299702,409.0,768.1,63.5,0.6730176838555595,8.0,24.888888888888893,59.0,100.195,0.155,0.1172014,0.1094832,283.0598,0.16292444,0.16292444,23.334423674866112,0.4467542109630691,22.368899942528785,44.8,44.7,59.75,40.55,53.0,53.0,False,59.0,66.65,3.25,0.0,57.8,100.0,False,50.0,30.3,30.3,2.652696973005004,488.9437038755924,2026-09-25T09:30,interpolated_hourly,0,ESE,"sun 32° up (ESE) — lay flat, or lift torso ~58° toward ESE to face it",,,,not specified,Environmental scores are skin-type independent.,not personalized
2026-09-25 10:00:00,1.0,724.5,831.2,34.03202,-118.52633,86.0,62.02268600463867,1.0,0.0,0.7025534851621809,0.7023580365736284,0.862475442043222,0.137524557956778,0.8624528948269956,0.13754710517300445,1.0,0.0,0.0,64.0,0.0,84.6,1.0,40.3,35.7,184.0,462.0,50.3,8.7,39.0,1426.0,0.15,1.0,4.05,4.05,88.0,88.0,30.0,2.0,52.32581224113043,37.67418775886957,123.31574027676203,556.0356230871212,716.9237712182722,117.87294534735042,509.0,823.5,70.0,0.7025534851621809,6.0,25.666666666666668,55.0,100.2,0.15,0.122858256,0.11467916,283.42923,0.16293144,0.16293144,29.267,0.6394,28.6,53.4,42.6,62.6,39.8,54.6,54.6,False,55.0,66.9,3.5,0.0,52.3,100.0,False,50.0,36.0,36.0,3.5,583.8,2026-09-25T10:00,interpolated_hourly,0,ESE,"sun 38° up (ESE) — lay flat, or lift torso ~52° toward ESE to face it",,,,not specified,Environmental scores are skin-type independent.,not personalized
2026-09-25 10:30:00,1.0,821.55,913.3,34.03202,-118.52633,86.0,62.02268600463867,1.0,0.0,0.7181393596069994,0.7179662395044152,0.8741160593005428,0.12588394069945724,0.8741188056715092,0.1258811943284907,1.0,0.0,5.684341886080802e-14,60.5,0.0,88.9,1.0,38.9,34.5,181.0,459.5,46.55,9.35,47.5,1417.5,0.14500000000000002,1.0,5.125,5.125,88.0,88.0,30.0,3.0,47.65040027132649,42.34959972867351,131.28919764534314,625.5864666736509,744.4676910778318,124.08345947405945,591.5,853.6,73.5,0.7181393596069994,3.0,26.41666666666667,52.0,100.2,0.14500000000000002,0.12643838,0.11797763,283.88043,0.16293144,0.16293144,34.84117890984929,0.8592549074055688,34.51031109391671,61.349999999999994,39.0,71.85,38.9,60.3,60.3,False,52.0,67.2,3.95,0.0,47.7,100.0,False,50.0,41.4,41.4,4.289501639701999,661.464906194619,2026-09-25T10:30,interpolated_hourly,0,SE,"sun 42° up (SE) — lay flat, or lift torso ~48° toward SE to face it",,,,not specified,Environmental scores are skin-type independent.,not personalized
2026-09-25 11:00:00,1.0,918.6,995.4,34.03202,-118.52633,86.0,62.02268600463867,1.0,0.0,0.733725234051818,0.733574442435202,0.8857566765578635,0.1142433234421365,0.8857847165160229,0.114215283483977,1.0,0.0,1.1368683772161603e-13,57.0,0.0,93.2,1.0,37.5,33.3,178.0,457.0,42.8,10.0,56.0,1409.0,0.14,1.0,6.2,6.2,88.0,88.0,30.0,4.0,42.97498830152255,47.02501169847745,139.26265501392425,695.1373102601807,772.0116109373913,130.29397360076848,674.0,883.7,77.0,0.733725234051818,0.0,27.16666666666667,49.0,100.2,0.14,0.13001852,0.121276096,284.33167,0.16293144,0.16293144,39.945,1.0733,40.0,69.3,35.4,81.1,38.0,66.0,66.0,False,49.0,67.5,4.4,0.0,43.0,100.0,False,50.0,46.3,46.3,5.05,730.2,2026-09-25T11:00,interpolated_hourly,0,SE,"sun 47° up (SE) — lay flat, or lift torso ~43° toward SE to face it",,,,not specified,Environmental scores are skin-type independent.,not personalized
2026-09-25 11:30:00,1.0,983.8,1043.05,34.03202,-118.52633,86.0,62.02268600463867,1.0,0.0,0.7419817781317241,0.7418216028074057,0.8920524170591096,0.10794758294089035,0.8921039460834606,0.10795717113937268,1.0,0.0,-0.049999999999954525,57.0,0.0,95.80000000000001,1.0,36.35,32.3,173.0,454.5,40.3,10.2,63.5,1403.5,0.13,1.0,6.925000000000001,6.925000000000001,88.0,88.0,30.0,5.5,39.845847333146764,50.154152666853236,149.962847192747,735.7554102327338,784.8898179848081,133.58777738820083,730.5,900.2,78.5,0.7419817781317241,2.5,27.72222222222223,46.5,100.18,0.13,0.13631405,0.12717539,284.58603,0.1629022,0.1629022,44.15334367293549,1.2132678932738545,44.531320404195384,76.69999999999999,41.2,87.8,38.8,70.65,70.65,False,46.5,67.55,5.1,0.0,39.8,100.0,False,50.0,51.4,51.4,5.673229824544632,780.5288806166126,2026-09-25T11:30,interpolated_hourly,0,SSE,"sun 50° up (SSE) — lay flat, or lift torso ~40° toward SSE to face it",,,,not specified,Environmental scores are skin-type independent.,not personalized
2026-09-25 12:00:00,1.0,1049.0,1090.7,34.03202,-118.52633,86.0,62.02268600463867,1.0,0.0,0.7502383222116301,0.7500687631796095,0.8983481575603558,0.10165184243964422,0.8984231756508984,0.10169905879476837,1.0,0.0,-0.10000000000002274,57.0,0.0,98.4,1.0,35.2,31.3,168.0,452.0,37.8,10.4,71.0,1398.0,0.12,1.0,7.65,7.65,88.0,88.0,30.0,7.0,36.716706364770985,53.283293635229015,160.66303937156977,776.3735102052868,797.7680250322248,136.8815811756332,787.0,916.7,80.0,0.7502383222116301,5.0,28.277777777777782,44.0,100.16,0.12,0.14260958,0.1330747,284.8404,0.16287297,0.16287297,47.64,1.3433,48.5,84.1,47.0,94.5,39.6,75.3,75.3,False,44.0,67.6,5.8,0.0,36.7,100.0,False,50.0,56.1,56.1,6.25,818.1,2026-09-25T12:00,interpolated_hourly,0,SSE,"sun 53° up (SSE) — lay flat, or lift torso ~37° toward SSE to face it",,,,not specified,Environmental scores are skin-type independent.,not personalized
2026-09-25 12:30:00,1.0,1078.0,1100.65,34.03202,-118.52633,86.0,62.02268600463867,1.0,0.0,0.7540712839603769,0.7539736936733632,0.9009023266943614,0.09909767330563855,0.9009164708003808,0.09914464642245249,1.0,0.0,-0.049999999999954525,62.5,0.0,98.5,1.0,34.25,30.4,162.5,450.0,35.8,10.350000000000001,77.5,1394.5,0.11499999999999999,1.0,7.75,7.75,88.5,88.5,30.5,9.0,36.00413651156439,53.99586348843561,173.43298861483356,784.8804994876969,800.2294644267004,137.54729232424364,813.0,924.1500000000001,80.5,0.7540712839603769,2.5,28.638888888888893,42.5,100.13499999999999,0.11499999999999999,0.14295132,0.1333167,284.99335,0.16292381,0.16292381,49.43995286988629,1.4021603855664335,50.45180626958263,86.65,51.95,94.8,43.95,77.0,77.0,False,42.5,67.65,6.1,0.0,36.0,100.0,False,50.0,58.5,58.5,6.528216106426342,837.1207297319847,2026-09-25T12:30,interpolated_hourly,0,S,"sun 54° up (S) — lay flat, or lift torso ~36° toward S to face it",,,,not specified,Environmental scores are skin-type independent.,not personalized
2026-09-25 13:00:00,1.0,1107.0,1110.6,34.03202,-118.52633,86.0,62.02268600463867,1.0,0.0,0.7579042457091237,0.7578786241671169,0.9034564958283671,0.09654350417163289,0.9034097659498633,0.09659023405013661,1.0,0.0,1.1368683772161603e-13,68.0,0.0,98.6,1.0,33.3,29.5,157.0,448.0,33.8,10.3,84.0,1391.0,0.11,1.0,7.85,7.85,89.0,89.0,31.0,11.0,35.291566658357794,54.708433341642206,186.20293785809739,793.3874887701069,802.6909038211759,138.2130034728541,839.0,931.6,81.0,0.7579042457091237,0.0,29.000000000000004,41.0,100.11,0.11,0.14329307,0.13355869,285.14633,0.16297466,0.16297466,50.387,1.4489,51.7,89.2,56.9,95.1,48.3,78.7,78.7,False,41.0,67.7,6.4,0.0,35.3,100.0,False,50.0,60.3,60.3,6.75,841.7,2026-09-25T13:00,interpolated_hourly,0,S,"sun 55° up (S) — lay flat, or lift torso ~35° toward S to face it",,,,not specified,Environmental scores are skin-type independent.,not personalized
2026-09-25 13:30:00,1.0,1097.7,1082.25,34.03202,-118.52633,86.0,62.02268600463867,1.0,0.0,0.7570300353867192,0.7569163497531666,0.9019105079384848,0.0980894920615151,0.9019370908323434,0.09812566804803806,1.0,0.0,-0.04999999999989768,72.0,3.0,98.55,1.0,32.2,28.4,153.0,446.5,31.75,10.05,89.5,1389.0,0.11,1.0,7.275,7.275,89.0,89.0,31.0,13.5,37.26569462245408,52.73430537754592,198.22037516401065,769.1297980339984,795.466605768525,136.29374366137125,831.0,929.05,81.5,0.7570300353867192,7.000000000000001,28.694444444444443,43.0,100.09,0.11,0.13724066,0.12783682,285.2204,0.16306874,0.16306874,49.54879382728726,1.3933851973962608,51.10246895524126,87.65,61.849999999999994,94.85,47.55,78.30000000000001,78.30000000000001,False,43.0,67.9,7.6000000000000005,0.0,37.3,100.0,False,50.0,60.2,60.2,6.704037332050341,826.3428080600509,2026-09-25T13:30,interpolated_hourly,0,SSW,"sun 53° up (SSW) — lay flat, or lift torso ~37° toward SSW to face it",,,,not specified,Environmental scores are skin-type independent.,not personalized
2026-09-25 14:00:00,1.0,1088.4,1053.9,34.03202,-118.52633,86.0,62.02268600463867,1.0,0.0,0.7561558250643146,0.7559540753392162,0.9003645200486027,0.09963547995139732,0.9004644157148236,0.0996611020459395,1.0,0.0,-0.09999999999990905,76.0,6.0,98.5,1.0,31.1,27.3,149.0,445.0,29.7,9.8,95.0,1387.0,0.11,1.0,6.7,6.7,89.0,89.0,31.0,16.0,39.23982258655036,50.76017741344964,210.23781246992388,744.8721072978899,788.2423077158743,134.3744838498884,823.0,926.5,82.0,0.7561558250643146,14.0,28.388888888888886,45.0,100.07000000000001,0.11,0.13118826,0.12211497,285.29446,0.16316283,0.16316283,47.854,1.3258,49.8,86.1,66.8,94.6,46.8,77.9,77.9,False,45.0,68.1,8.8,0.0,39.2,100.0,False,50.0,59.5,59.5,6.6,796.7,2026-09-25T14:00,interpolated_hourly,0,SSW,"sun 51° up (SSW) — lay flat, or lift torso ~39° toward SSW to face it",,,,not specified,Environmental scores are skin-type independent.,not personalized
2026-09-25 14:30:00,1.0,1041.5500000000002,989.0500000000001,34.03202,-118.52633,86.0,62.02268600463867,0.8999999999999999,0.10000000000000003,0.6570564990406522,0.6569209891952519,0.7024345122765536,0.2975654877234464,0.7024626190288625,0.297600139851519,1.0,0.0,-0.049999999999954525,87.0,48.0,83.8,1.0,30.0,26.200000000000003,146.5,444.0,26.799999999999997,9.2,99.0,1385.0,0.10500000000000001,1.0,5.675000000000001,5.675000000000001,89.0,89.0,31.0,19.0,43.225734255074585,46.774265744925415,219.5656412551551,689.7046077969435,769.1065939701402,129.7311293004266,689.0,654.85,178.5,0.6570564990406522,57.0,27.5,48.0,100.04500000000002,0.10500000000000001,0.12824354,0.11938578,285.33664,0.16328633,0.16328633,40.97250620335331,1.072654654502028,42.43494066727232,73.75,49.7,78.1,43.55,66.0,66.0,False,48.0,67.6,8.25,0.0,43.2,100.0,False,50.0,50.0,50.0,5.596893608396325,655.4222523119187,2026-09-25T14:30,interpolated_hourly,0,SW,"sun 47° up (SW) — lay flat, or lift torso ~43° toward SW to face it",,,,not specified,Environmental scores are skin-type independent.,not personalized
2026-09-25 15:00:00,1.0,994.7,924.2,34.03202,-118.52633,86.0,62.02268600463867,0.7999999999999999,0.20000000000000007,0.55795717301699,0.5578879030512875,0.5045045045045045,0.4954954954954955,0.5044608223429015,0.4955391776570985,1.0,0.0,0.0,98.0,90.0,69.1,1.0,28.9,25.1,144.0,443.0,23.9,8.6,103.0,1383.0,0.1,1.0,4.65,4.65,89.0,89.0,31.0,22.0,47.2116459235988,42.7883540764012,228.89347004038632,634.5371082959971,749.9708802244062,125.0877747509648,555.0,383.2,275.0,0.55795717301699,100.0,26.611111111111114,51.0,100.02000000000001,0.1,0.12529883,0.11665658,285.3788,0.16340983,0.16340983,34.182,0.8207,35.2,61.4,32.6,61.6,40.3,54.1,54.1,False,51.0,67.1,7.7,0.0,47.2,100.0,False,50.0,40.5,40.5,4.6,515.6,2026-09-25T15:00,interpolated_hourly,3,SW,"sun 43° up (SW) — lay flat, or lift torso ~47° toward SW to face it",,,,not specified,Environmental scores are skin-type independent.,not personalized
2026-09-25 15:30:00,1.0,913.4000000000001,827.4000000000001,34.03202,-118.52633,86.0,62.02268600463867,0.7160919540229884,0.2839080459770115,0.47246494632101754,0.47234663425216994,0.4820659168485255,0.5179340831514745,0.48206055979140827,0.5179394402085916,1.0,0.0,0.0,92.0,67.0,59.699999999999996,1.0,27.7,23.85,143.0,443.0,20.85,7.85,106.0,1382.5,0.10500000000000001,1.0,3.5250000000000004,3.575,89.5,89.5,31.0,24.5,52.3627117889142,37.6372882110858,235.80366825072477,552.8984862252332,711.9434563473947,117.19475180526578,438.5,312.7,224.5,0.47246494632101754,100.0,26.305555555555557,51.5,99.98,0.10500000000000001,0.12188658,0.11338008,285.34436,0.16350392,0.16350392,26.923514100274794,0.5995757965442811,27.80051757775681,51.5,30.200000000000003,53.85,36.15,47.650000000000006,47.650000000000006,False,51.5,66.8,6.95,0.0,52.4,100.0,False,50.0,33.3,33.3,3.652616746457079,394.25322340970007,2026-09-25T15:30,interpolated_hourly,3,SW,"sun 38° up (SW) — lay flat, or lift torso ~52° toward SW to face it",,,,not specified,Environmental scores are skin-type independent.,not personalized
2026-09-25 16:00:00,1.0,832.1,730.6,34.03202,-118.52633,86.0,62.02268600463867,0.632183908045977,0.367816091954023,0.38697271962504504,0.38680536545305233,0.45962732919254656,0.5403726708074534,0.4596602972399151,0.5403397027600848,1.0,0.0,0.0,86.0,44.0,50.3,1.0,26.5,22.6,142.0,443.0,17.8,7.1,109.0,1382.0,0.11,1.0,2.4,2.5,90.0,90.0,31.0,27.0,57.513777654229585,32.486222345770415,242.71386646106322,471.2598641544693,673.9160324703832,109.30172885956677,322.0,242.2,174.0,0.38697271962504504,100.0,26.0,52.0,99.94,0.11,0.118474334,0.110103585,285.30994,0.163598,0.163598,20.327,0.3858,21.0,41.6,27.8,46.1,32.0,41.2,41.2,False,52.0,66.5,6.2,0.0,57.5,100.0,False,50.0,26.5,26.5,2.75,282.6,2026-09-25T16:00,interpolated_hourly,3,WSW,"sun 32° up (WSW) — lay flat, or lift torso ~58° toward WSW to face it",,,,not specified,Environmental scores are skin-type independent.,not personalized
2026-09-25 16:30:00,1.0,721.9499999999999,608.35,34.03202,-118.52633,86.0,62.02268600463867,0.7783561049663847,0.2216438950336152,0.4836138524571777,0.48336359611883223,0.5213629603709211,0.47863703962907883,0.521422912011231,0.4785770879887689,1.0,0.0,0.0,78.0,31.0,56.0,1.0,25.4,21.35,143.0,443.0,16.4,6.4,108.5,1381.5,0.10500000000000001,1.0,1.625,1.7,90.0,90.0,31.0,30.0,63.27722701906707,26.72277298093293,248.09236236859994,370.9358649630914,598.4395946902923,96.42350937868444,338.5,351.59999999999997,161.0,0.4836138524571777,100.0,25.944444444444443,52.0,99.93,0.10500000000000001,0.11724222,0.10888994,285.21924,0.16363442,0.16363442,19.89046792796214,0.29854729352122855,20.428612470849856,39.9,60.60000000000001,37.7,39.7,38.400000000000006,38.400000000000006,False,52.0,66.4,6.45,0.0,63.3,100.0,False,50.0,27.7,27.7,2.6656008350109692,296.67263311054046,2026-09-25T16:30,interpolated_hourly,3,WSW,"sun low 27° (WSW) — face WSW, lift torso ~63° toward the sun if comfortable",,,,not specified,Environmental scores are skin-type independent.,not personalized
2026-09-25 17:00:00,1.0,611.8,486.1,34.03202,-118.52633,86.0,62.02268600463867,0.9245283018867926,0.07547169811320742,0.5802549852893103,0.5799218267846121,0.5830985915492958,0.4169014084507042,0.5831855267825471,0.416814473217453,1.0,0.0,0.0,70.0,18.0,61.7,1.0,24.3,20.1,144.0,443.0,15.0,5.7,108.0,1381.0,0.1,1.0,0.85,0.9,90.0,90.0,31.0,33.0,69.04067638390455,20.959323616095443,253.47085827613665,270.6118657717134,522.9631569102015,83.54528989780212,355.0,461.0,148.0,0.5802549852893103,100.0,25.888888888888886,52.0,99.92,0.1,0.11601011,0.10767628,285.1285,0.16367084,0.16367084,17.52,0.1966,18.3,38.2,93.4,29.3,47.4,35.6,35.6,False,52.0,66.3,6.7,0.0,69.0,100.0,False,50.0,26.6,26.6,2.45,281.9,2026-09-25T17:00,interpolated_hourly,3,WSW,"sun low 21° (WSW) — face WSW, lift torso ~69° toward the sun if comfortable",,,,not specified,Environmental scores are skin-type independent.,not personalized
2026-09-25 17:30:00,1.0,480.2,346.70000000000005,34.03202,-118.52633,86.0,62.02268600463867,0.9395368782161235,0.06046312178387647,0.5368285827192392,0.5362223702181623,0.5706190632165083,0.42938093678349165,0.5707308632933303,0.4292691367066697,1.0,0.0,0.0,77.0,14.0,55.8,1.0,22.950000000000003,18.9,147.0,443.5,15.7,5.2,103.5,1380.5,0.095,1.0,0.5,0.525,90.0,90.0,31.0,36.0,75.09356430165346,14.906435698346531,258.02264699808325,168.5044257502278,361.6775325303062,59.55004336472938,263.5,418.35,112.0,0.5368285827192392,100.0,25.5,53.0,99.92,0.095,0.116093144,0.107797526,285.20795,0.16367084,0.16367084,12.072243830374855,0.11273509272389828,12.771908742507316,29.75,96.7,29.15,48.099999999999994,35.75,35.75,False,53.0,65.94999999999999,6.1,0.0,75.1,100.0,False,50.0,20.7,20.7,1.7298238690646384,187.5983016010661,2026-09-25T17:30,interpolated_hourly,3,WSW,"sun low 15° (WSW) — face WSW, lift torso ~75° toward the sun if comfortable",,,,not specified,Environmental scores are skin-type independent.,not personalized
2026-09-25 18:00:00,1.0,348.6,207.3,34.03202,-118.52633,86.0,62.02268600463867,0.9545454545454545,0.045454545454545525,0.4934021801491681,0.4925229136517124,0.5581395348837209,0.4418604651162791,0.5582761998041137,0.4417238001958864,1.0,0.0,0.0,84.0,10.0,49.9,1.0,21.6,17.7,150.0,444.0,16.4,4.7,99.0,1380.0,0.09,1.0,0.15,0.15,90.0,90.0,31.0,39.0,81.14645221940238,8.853547780597617,262.5744357200299,66.3969857287422,200.3919081504109,35.554796831656645,172.0,375.7,76.0,0.4934021801491681,100.0,25.111111111111114,54.0,99.92,0.09,0.11617617,0.10791877,285.28735,0.16367084,0.16367084,7.191,0.0315,7.7,21.3,100.0,29.0,48.8,35.9,35.9,False,54.0,65.6,5.5,0.0,81.1,100.0,False,50.0,14.6,14.6,1.05,102.1,2026-09-25T18:00,interpolated_hourly,3,W,"sun low 9° (W) — face W, lift torso ~81° toward the sun if comfortable",,,,not specified,Environmental scores are skin-type independent.,not personalized
2026-09-25 18:30:00,1.0,211.0,103.65,34.03202,-118.52633,86.0,62.02268600463867,0.9772727272727273,0.022727272727272763,0.43743678489747234,0.4814600022822278,0.5469269102990033,0.4530730897009967,0.5368040382731862,0.4631959617268139,0.851575,0.0,0.0,91.0,34.0,42.7,1.0,20.75,17.15,155.0,445.0,18.7,4.35,91.5,1380.5,0.08499999999999999,1.0,0.075,0.075,90.0,90.0,31.0,40.5,87.4022873280227,2.597712671977302,266.7990338437006,33.1984928643711,100.19595407520545,17.777398415828323,100.0,264.75,44.5,0.43743678489747234,100.0,24.750000000000004,56.0,99.935,0.08499999999999999,0.11573383,0.10754722,285.24255,0.16367084,0.16367084,2.5168500000000003,0.01317739541791169,3.1256343188114597,11.05,66.1,28.81153846153846,49.55769230769231,36.04230769230769,36.04230769230769,False,56.0,65.6,4.95,0.0,87.4,100.0,False,50.0,7.4,7.4,0.5019960159204454,29.29722926491629,2026-09-25T18:30,interpolated_hourly,3,W,"sun low 3° (W) — face W, lift torso ~87° toward the sun if comfortable",,,,not specified,Environmental scores are skin-type independent.,not personalized
2026-09-25 19:00:00,0.0,73.4,0.0,34.03202,-118.52633,86.0,62.02268600463867,1.0,0.0,0.38147138964577654,0.47039709091274323,0.5357142857142857,0.4642857142857143,0.5153318767422588,0.48466812325774133,0.70315,0.0,0.0,98.0,58.0,35.5,1.0,19.9,16.6,160.0,446.0,21.0,4.0,84.0,1381.0,0.08,1.0,0.0,0.0,90.0,90.0,31.0,42.0,93.65812243664301,-3.6581224366430147,271.02363196737133,0.0,0.0,0.0,28.0,153.8,13.0,0.38147138964577654,100.0,24.388888888888893,58.0,99.95,0.08,0.1152915,0.10717567,285.19778,0.16367084,0.16367084,0.0,0.0,0.0,0.8,32.2,28.623076923076923,50.315384615384616,36.184615384615384,36.184615384615384,False,58.0,65.6,4.4,0.0,,100.0,False,50.0,0.0,0.0,0.0,0.0,2026-09-25T19:00,interpolated_hourly,3,W,sun below horizon — no direct-sun posture,,,,not specified,Environmental scores are skin-type independent.,not personalized
2026-09-25 19:30:00,0.0,36.7,0.0,34.03202,-118.52633,86.0,62.02268600463867,0.9961538461538462,0.0038461538461538455,0.3742573039660914,0.4593341795432586,0.5133928571428571,0.48660714285714285,0.4938597152113313,0.5061402847886688,0.351575,0.0,0.0,98.0,40.0,17.75,0.8,20.1,16.75,165.5,448.0,24.95,3.8,76.0,1383.5,0.08,1.0,0.0,0.0,90.0,90.0,31.0,43.0,99.84676691466356,-9.846766914663569,275.33321718013127,0.0,0.0,0.0,13.999999999999998,76.9,6.5,0.3742573039660914,100.0,24.333333333333336,58.5,99.97,0.08,0.11641519,0.108322814,285.18588,0.16367084,0.16367084,0.0,0.0,0.0,0.4,30.736363636363638,28.434615384615384,51.07307692307692,36.32692307692307,36.32692307692307,False,58.5,65.65,3.5500000000000003,0.0,,100.0,False,50.0,0.0,0.0,0.0,0.0,2026-09-25T19:30,interpolated_hourly,3,W,sun below horizon — no direct-sun posture,,,,not specified,Environmental scores are skin-type independent.,not personalized
2026-09-25 20:00:00,0.0,0.0,0.0,34.03202,-118.52633,86.0,62.02268600463867,0.9923076923076923,0.007692307692307691,0.3670432182864063,0.448271268173774,0.49107142857142855,0.5089285714285714,0.4723875536804039,0.5276124463195963,0.0,0.0,0.0,98.0,22.0,0.0,0.6,20.3,16.9,171.0,450.0,28.9,3.6,68.0,1386.0,0.08,1.0,0.0,0.0,90.0,90.0,31.0,44.0,106.03541139268413,-16.035411392684125,279.6428023928912,0.0,0.0,0.0,0.0,0.0,0.0,0.3670432182864063,100.0,24.277777777777782,59.0,99.99,0.08,0.11753887,0.10946996,285.17398,0.16367084,0.16367084,0.0,0.0,0.0,0.0,29.272727272727273,28.246153846153845,51.83076923076923,36.46923076923077,36.46923076923077,False,59.0,65.7,2.7,0.0,,100.0,False,50.0,0.0,0.0,0.0,0.0,2026-09-25T20:00,interpolated_hourly,3,W,sun below horizon — no direct-sun posture,,,,not specified,Environmental scores are skin-type independent.,not personalized
2026-09-25 20:30:00,0.0,0.0,0.0,34.03202,-118.52633,86.0,62.02268600463867,0.9884615384615385,0.011538461538461537,0.3598291326067211,0.4372083568042894,0.46875,0.53125,0.45091539214947646,0.5490846078505236,0.0,0.0,0.0,80.0,11.0,0.0,0.6,20.700000000000003,17.35,178.0,453.0,35.7,3.6500000000000004,59.0,1392.0,0.08,1.0,0.0,0.0,90.0,90.0,31.0,43.5,112.05538475400266,-22.055384754002663,284.48333060721427,0.0,0.0,0.0,0.0,0.0,0.0,0.3598291326067211,78.0,24.277777777777782,59.0,100.00500000000001,0.08,0.11955945,0.11137882,284.98645,0.16367084,0.16367084,0.0,0.0,0.0,0.0,27.809090909090912,28.057692307692307,52.58846153846154,36.61153846153846,36.61153846153846,False,59.0,65.7,2.45,0.0,,100.0,False,50.0,0.0,0.0,0.0,0.0,2026-09-25T20:30,interpolated_hourly,3,WNW,sun below horizon — no direct-sun posture,,,,not specified,Environmental scores are skin-type independent.,not personalized
2026-09-25 21:00:00,0.0,0.0,0.0,34.03202,-118.52633,86.0,62.02268600463867,0.9846153846153847,0.015384615384615382,0.352615046927036,0.4261454454348048,0.4464285714285714,0.5535714285714286,0.429443230618549,0.5705567693814511,0.0,0.0,0.0,62.0,0.0,0.0,0.6,21.1,17.8,185.0,456.0,42.5,3.7,50.0,1398.0,0.08,1.0,0.0,0.0,90.0,90.0,31.0,43.0,118.0753581153212,-28.0753581153212,289.3238588215374,0.0,0.0,0.0,0.0,0.0,0.0,0.352615046927036,56.0,24.277777777777782,59.0,100.02000000000001,0.08,0.12158004,0.11328769,284.79895,0.16367084,0.16367084,0.0,0.0,0.0,0.0,26.345454545454547,27.869230769230768,53.34615384615385,36.753846153846155,36.753846153846155,False,59.0,65.7,2.2,0.0,,100.0,False,50.0,0.0,0.0,0.0,0.0,2026-09-25T21:00,interpolated_hourly,2,WNW,sun below horizon — no direct-sun posture,,,,not specified,Environmental scores are skin-type independent.,not personalized
2026-09-25 21:30:00,0.0,0.0,0.0,34.03202,-118.52633,86.0,62.02268600463867,0.9807692307692307,0.01923076923076923,0.34540096124735087,0.4150825340653202,0.42410714285714285,0.5758928571428572,0.40797106908762154,0.5920289309123785,0.0,0.0,0.0,67.0,0.0,0.0,0.6,22.1,18.9,192.5,460.0,51.0,3.95,40.0,1406.5,0.07500000000000001,1.0,0.0,0.0,90.5,90.5,31.0,42.5,123.70186091736326,-33.70186091736326,295.3104333425092,0.0,0.0,0.0,0.0,0.0,0.0,0.34540096124735087,78.0,24.19444444444445,59.0,100.035,0.07500000000000001,0.122989774,0.11457834,284.54385,0.16367084,0.16367084,0.0,0.0,0.0,0.0,24.881818181818183,27.68076923076923,54.10384615384615,36.896153846153844,36.896153846153844,False,59.0,65.55000000000001,3.05,0.0,,100.0,False,50.0,0.0,0.0,0.0,0.0,2026-09-25T21:30,interpolated_hourly,2,WNW,sun below horizon — no direct-sun posture,,,,not specified,Environmental scores are skin-type independent.,not personalized
2026-09-25 22:00:00,0.0,0.0,0.0,34.03202,-118.52633,86.0,62.02268600463867,0.9769230769230769,0.023076923076923075,0.33818687556766575,0.4040196226958356,0.4017857142857143,0.5982142857142857,0.38649890755669414,0.613501092443306,0.0,0.0,0.0,72.0,0.0,0.0,0.6,23.1,20.0,200.0,464.0,59.5,4.2,30.0,1415.0,0.07,1.0,0.0,0.0,91.0,91.0,31.0,42.0,129.32836371940533,-39.32836371940533,301.297007863481,0.0,0.0,0.0,0.0,0.0,0.0,0.33818687556766575,100.0,24.111111111111114,59.0,100.05,0.07,0.12439951,0.11586898,284.28876,0.16367084,0.16367084,0.0,0.0,0.0,0.0,23.41818181818182,27.492307692307694,54.86153846153846,37.03846153846154,37.03846153846154,False,59.0,65.4,3.9,0.0,,100.0,False,50.0,0.0,0.0,0.0,0.0,2026-09-25T22:00,interpolated_hourly,3,WNW,sun below horizon — no direct-sun posture,,,,not specified,Environmental scores are skin-type independent.,not personalized
2026-09-25 22:30:00,0.0,0.0,0.0,34.03202,-118.52633,86.0,62.02268600463867,0.9730769230769231,0.026923076923076918,0.3309727898879806,0.392956711326351,0.3794642857142857,0.6205357142857143,0.3650267460257667,0.6349732539742334,0.0,0.0,0.0,76.0,1.0,0.0,0.6,24.6,21.55,205.5,467.0,66.3,4.45,22.0,1424.0,0.07500000000000001,1.0,0.0,0.0,91.0,91.0,31.0,40.0,134.1557289216679,-44.1557289216679,309.34656772937893,0.0,0.0,0.0,0.0,0.0,0.0,0.3309727898879806,59.0,23.805555555555557,60.5,100.05,0.07500000000000001,0.12735313,0.11860992,284.0882,0.16367084,0.16367084,0.0,0.0,0.0,0.0,21.954545454545457,27.303846153846155,55.61923076923077,37.18076923076923,37.18076923076923,False,60.5,65.30000000000001,3.4,0.0,,100.0,False,50.0,0.0,0.0,0.0,0.0,2026-09-25T22:30,interpolated_hourly,3,NW,sun below horizon — no direct-sun posture,,,,not specified,Environmental scores are skin-type independent.,not personalized
2026-09-25 23:00:00,0.0,0.0,0.0,34.03202,-118.52633,86.0,62.02268600463867,0.9692307692307692,0.030769230769230764,0.3237587042082955,0.3818937999568664,0.3571428571428571,0.6428571428571429,0.3435545844948392,0.6564454155051609,0.0,0.0,0.0,80.0,2.0,0.0,0.6,26.1,23.1,211.0,470.0,73.1,4.7,14.0,1433.0,0.08,1.0,0.0,0.0,91.0,91.0,31.0,38.0,138.98309412393047,-48.983094123930464,317.3961275952769,0.0,0.0,0.0,0.0,0.0,0.0,0.3237587042082955,18.0,23.5,62.0,100.05,0.08,0.13030674,0.12135087,283.88766,0.16367084,0.16367084,0.0,0.0,0.0,0.0,20.490909090909092,27.115384615384617,56.37692307692308,37.323076923076925,37.323076923076925,False,62.0,65.2,2.9,0.0,,100.0,False,50.0,0.0,0.0,0.0,0.0,2026-09-25T23:00,interpolated_hourly,0,NW,sun below horizon — no direct-sun posture,,,,not specified,Environmental scores are skin-type independent.,not personalized
2026-09-25 23:30:00,0.0,0.0,0.0,34.03202,-118.52633,86.0,62.02268600463867,0.9653846153846154,0.03461538461538461,0.3165446185286104,0.3708308885873818,0.33482142857142855,0.6651785714285714,0.32208242296391176,0.6779175770360883,0.0,0.0,0.0,85.0,5.0,0.0,0.6,29.150000000000002,26.15,212.0,472.0,76.64999999999999,4.9,10.0,1441.5,0.08499999999999999,1.0,0.0,0.0,90.5,90.5,31.0,35.5,142.2689960526638,-52.26899605266378,328.4927479382586,0.0,0.0,0.0,0.0,0.0,0.0,0.3165446185286104,14.5,23.333333333333336,63.0,100.035,0.08499999999999999,0.13163108,0.12248446,283.74298,0.16367084,0.16367084,0.0,0.0,0.0,0.0,19.02727272727273,26.926923076923078,57.13461538461539,37.465384615384615,37.465384615384615,False,63.0,65.2,2.55,0.0,,100.0,False,50.0,0.0,0.0,0.0,0.0,2026-09-25T23:30,interpolated_hourly,0,NNW,sun below horizon — no direct-sun posture,,,,not specified,Environmental scores are skin-type independent.,not personalized
2026-09-26 00:00:00,0.0,0.0,0.0,34.03202,-118.52633,86.0,62.02268600463867,0.9615384615384616,0.03846153846153846,0.3093305328489252,0.3597679772178972,0.3125,0.6875,0.3006102614329843,0.6993897385670158,0.0,0.0,0.0,90.0,8.0,0.0,0.6,32.2,29.2,213.0,474.0,80.2,5.1,6.0,1450.0,0.09,1.0,0.0,0.0,90.0,90.0,31.0,33.0,145.5548979813971,-55.55489798139709,339.58936828124035,0.0,0.0,0.0,0.0,0.0,0.0,0.3093305328489252,11.0,23.166666666666668,64.0,100.02000000000001,0.09,0.13295543,0.12361806,283.5983,0.16367084,0.16367084,0.0,0.0,0.0,0.0,17.563636363636363,26.73846153846154,57.89230769230769,37.60769230769231,37.60769230769231,False,64.0,65.2,2.2,0.0,,100.0,False,50.0,0.0,0.0,0.0,0.0,2026-09-26T00:00,interpolated_hourly,0,NNW,sun below horizon — no direct-sun posture,,,,not specified,Environmental scores are skin-type independent.,not personalized
2026-09-26 00:30:00,0.0,0.0,0.0,34.03202,-118.52633,86.0,62.02268600463867,0.9576923076923077,0.0423076923076923,0.3021164471692401,0.3487050658484126,0.2901785714285714,0.7098214285714286,0.27913809990205685,0.7208619000979433,0.0,0.0,0.0,82.0,8.0,0.0,0.6,34.3,31.25,212.0,476.0,82.0,5.3,4.0,1459.0,0.095,1.0,0.0,0.0,90.5,90.5,31.0,30.0,146.31853666768183,-56.31853666768184,173.1331454612093,0.0,0.0,0.0,0.0,0.0,0.0,0.3021164471692401,14.0,23.02777777777778,65.0,100.025,0.095,0.13347945,0.12403605,283.49408,0.16367084,0.16367084,0.0,0.0,0.0,0.0,16.1,26.55,58.65,37.75,37.75,False,65.0,65.2,2.1500000000000004,0.0,,100.0,False,50.0,0.0,0.0,0.0,0.0,2026-09-26T00:30,interpolated_hourly,0,S,sun below horizon — no direct-sun posture,,,,not specified,Environmental scores are skin-type independent.,not personalized
2026-09-26 01:00:00,0.0,0.0,0.0,34.03202,-118.52633,86.0,62.02268600463867,0.9538461538461539,0.04615384615384615,0.29490236148955495,0.337642154478928,0.26785714285714285,0.7321428571428572,0.2576659383711294,0.7423340616288707,0.0,0.0,0.0,74.0,8.0,0.0,0.6,36.4,33.3,211.0,478.0,83.8,5.5,2.0,1468.0,0.1,1.0,0.0,0.0,91.0,91.0,31.0,27.0,147.0821753539666,-57.0821753539666,6.676922641178237,0.0,0.0,0.0,0.0,0.0,0.0,0.29490236148955495,17.0,22.888888888888893,66.0,100.03,0.1,0.13400348,0.124454044,283.38983,0.16367084,0.16367084,0.0,0.0,0.0,0.0,14.636363636363637,26.361538461538462,59.40769230769231,37.89230769230769,37.89230769230769,False,66.0,65.2,2.1,0.0,,100.0,False,50.0,0.0,0.0,0.0,0.0,2026-09-26T01:00,interpolated_hourly,0,N,sun below horizon — no direct-sun posture,,,,not specified,Environmental scores are skin-type independent.,not personalized
2026-09-26 01:30:00,0.0,0.0,0.0,34.03202,-118.52633,86.0,62.02268600463867,0.95,0.04999999999999999,0.28768827580986983,0.3265792431094434,0.2455357142857143,0.7544642857142857,0.23619377684020193,0.7638062231597982,0.0,0.0,0.0,80.0,6.0,0.0,0.6,38.05,34.95,211.0,479.5,85.0,5.7,1.0,1479.0,0.11,1.0,0.0,0.0,91.0,91.0,31.0,23.5,145.00452684131687,-55.004526841316874,19.330814732966445,0.0,0.0,0.0,0.0,0.0,0.0,0.28768827580986983,25.5,22.750000000000004,66.5,100.025,0.11,0.13270545,0.123243615,283.54117,0.16367084,0.16367084,0.0,0.0,0.0,0.0,13.172727272727276,26.173076923076923,60.16538461538461,38.034615384615385,38.034615384615385,False,66.5,65.05000000000001,1.4,0.0,,100.0,False,50.0,0.0,0.0,0.0,0.0,2026-09-26T01:30,interpolated_hourly,0,NNE,sun below horizon — no direct-sun posture,,,,not specified,Environmental scores are skin-type independent.,not personalized
2026-09-26 02:00:00,0.0,0.0,0.0,34.03202,-118.52633,86.0,62.02268600463867,0.9461538461538461,0.053846153846153835,0.2804741901301847,0.3155163317399588,0.2232142857142857,0.7767857142857143,0.21472161530927453,0.7852783846907256,0.0,0.0,0.0,86.0,4.0,0.0,0.6,39.7,36.6,211.0,481.0,86.2,5.9,0.0,1490.0,0.12,1.0,0.0,0.0,91.0,91.0,31.0,20.0,142.92687832866716,-52.92687832866716,31.984706824754653,0.0,0.0,0.0,0.0,0.0,0.0,0.2804741901301847,34.0,22.611111111111114,67.0,100.02000000000001,0.12,0.13140744,0.12203319,283.6925,0.16367084,0.16367084,0.0,0.0,0.0,0.0,11.70909090909091,25.984615384615385,60.92307692307692,38.176923076923075,38.176923076923075,False,67.0,64.9,0.7,0.0,,100.0,False,50.0,0.0,0.0,0.0,0.0,2026-09-26T02:00,interpolated_hourly,1,NNE,sun below horizon — no direct-sun posture,,,,not specified,Environmental scores are skin-type independent.,not personalized
2026-09-26 02:30:00,0.0,0.0,0.0,34.03202,-118.52633,86.0,62.02268600463867,0.9423076923076923,0.05769230769230768,0.27326010445049953,0.3044534203704742,0.20089285714285715,0.7991071428571428,0.19324945377834707,0.806750546221653,0.0,0.0,0.0,93.0,30.999999999999996,0.0,0.6,41.55,38.400000000000006,211.0,482.5,87.2,6.050000000000001,0.0,1500.5,0.13,1.0,0.0,0.0,91.0,91.0,31.0,17.5,138.78797508718958,-48.787975087189565,41.543272825955285,0.0,0.0,0.0,0.0,0.0,0.0,0.27326010445049953,57.0,22.638888888888893,65.5,100.0,0.13,0.1262658,0.11721901,283.99225,0.16367084,0.16367084,0.0,0.0,0.0,0.0,10.245454545454546,25.796153846153846,61.68076923076923,38.31923076923077,38.31923076923077,False,65.5,64.65,1.15,0.0,,100.0,False,50.0,0.0,0.0,0.0,0.0,2026-09-26T02:30,interpolated_hourly,1,NE,sun below horizon — no direct-sun posture,,,,not specified,Environmental scores are skin-type independent.,not personalized
2026-09-26 03:00:00,0.0,0.0,0.0,34.03202,-118.52633,86.0,62.02268600463867,0.9384615384615385,0.06153846153846153,0.2660460187708144,0.2933905090009896,0.17857142857142855,0.8214285714285714,0.1717772922474196,0.8282227077525804,0.0,0.0,0.0,100.0,58.0,0.0,0.6,43.4,40.2,211.0,484.0,88.2,6.2,0.0,1511.0,0.14,1.0,0.0,0.0,91.0,91.0,31.0,15.0,134.64907184571197,-44.64907184571198,51.101838827155916,0.0,0.0,0.0,0.0,0.0,0.0,0.2660460187708144,80.0,22.666666666666668,64.0,99.97999999999999,0.14,0.12112413,0.11240482,284.292,0.16367084,0.16367084,0.0,0.0,0.0,0.0,8.781818181818181,25.607692307692307,62.43846153846154,38.46153846153846,38.46153846153846,False,64.0,64.4,1.6,0.0,,100.0,False,50.0,0.0,0.0,0.0,0.0,2026-09-26T03:00,interpolated_hourly,3,NE,sun below horizon — no direct-sun posture,,,,not specified,Environmental scores are skin-type independent.,not personalized
2026-09-26 03:30:00,0.0,0.0,0.0,34.03202,-118.52633,86.0,62.02268600463867,0.9346153846153846,0.06538461538461537,0.2588319330911293,0.282327597631505,0.15625,0.84375,0.15030513071649215,0.8496948692835079,0.0,0.0,0.0,99.0,38.0,0.0,0.6,45.0,41.7,212.5,485.5,88.55000000000001,6.300000000000001,0.0,1524.0,0.14500000000000002,1.0,0.0,0.0,91.5,91.5,31.5,12.5,129.37432268258812,-39.374322682588115,58.034827521111936,0.0,0.0,0.0,0.0,0.0,0.0,0.2588319330911293,90.0,22.72222222222222,63.0,99.97999999999999,0.14500000000000002,0.11757792,0.109106556,284.63013,0.16364953,0.16364953,0.0,0.0,0.0,0.0,7.31818181818182,25.41923076923077,63.19615384615385,38.603846153846156,38.603846153846156,False,63.0,64.2,1.35,0.0,,100.0,False,50.0,0.0,0.0,0.0,0.0,2026-09-26T03:30,interpolated_hourly,3,ENE,sun below horizon — no direct-sun posture,,,,not specified,Environmental scores are skin-type independent.,not personalized
2026-09-26 04:00:00,0.0,0.0,0.0,34.03202,-118.52633,86.0,62.02268600463867,0.9307692307692308,0.06923076923076922,0.25161784741144416,0.2712646862620204,0.1339285714285714,0.8660714285714286,0.1288329691855647,0.8711670308144354,0.0,0.0,0.0,98.0,18.0,0.0,0.6,46.6,43.2,214.0,487.0,88.9,6.4,0.0,1537.0,0.15,1.0,0.0,0.0,92.0,92.0,32.0,10.0,124.09957351946424,-34.09957351946424,64.96781621506796,0.0,0.0,0.0,0.0,0.0,0.0,0.25161784741144416,100.0,22.77777777777778,62.0,99.97999999999999,0.15,0.1140317,0.10580828,284.96823,0.16362822,0.16362822,0.0,0.0,0.0,0.0,5.854545454545455,25.230769230769234,63.95384615384615,38.746153846153845,38.746153846153845,False,62.0,64.0,1.1,0.0,,100.0,False,50.0,0.0,0.0,0.0,0.0,2026-09-26T04:00,interpolated_hourly,3,ENE,sun below horizon — no direct-sun posture,,,,not specified,Environmental scores are skin-type independent.,not personalized
2026-09-26 04:30:00,0.0,0.0,0.0,34.03202,-118.52633,86.0,62.02268600463867,0.926923076923077,0.07307692307692307,0.244403761731759,0.2602017748925358,0.11160714285714285,0.8883928571428572,0.10736080765463724,0.8926391923453627,0.0,0.0,0.0,87.0,10.0,0.0,0.6,47.2,44.05,220.5,490.0,88.55000000000001,6.45,0.5,1558.5,0.15,1.0,0.0,0.0,92.0,92.0,32.0,8.0,118.25311751342736,-28.25311751342736,70.31926918020167,0.0,0.0,0.0,0.0,0.0,0.0,0.244403761731759,100.0,22.77777777777778,62.0,99.97999999999999,0.15,0.113171235,0.104994275,285.0639,0.16324788,0.16324788,0.0,0.0,0.0,0.0,4.390909090909091,25.042307692307695,64.71153846153845,38.88846153846154,38.88846153846154,False,62.0,64.0,0.8,0.0,,100.0,False,50.0,0.0,0.0,0.0,0.0,2026-09-26T04:30,interpolated_hourly,3,ENE,sun below horizon — no direct-sun posture,,,,not specified,Environmental scores are skin-type independent.,not personalized
2026-09-26 05:00:00,0.0,0.0,0.0,34.03202,-118.52633,86.0,62.02268600463867,0.9230769230769231,0.07692307692307691,0.2371896760520739,0.24913886352305117,0.0892857142857143,0.9107142857142857,0.08588864612370983,0.9141113538762902,0.0,0.0,0.0,76.0,2.0,0.0,0.6,47.8,44.9,227.0,493.0,88.2,6.5,1.0,1580.0,0.15,1.0,0.0,0.0,92.0,92.0,32.0,6.0,112.40666150739048,-22.406661507390474,75.67072214533539,0.0,0.0,0.0,0.0,0.0,0.0,0.2371896760520739,100.0,22.77777777777778,62.0,99.97999999999999,0.15,0.11231077,0.10418027,285.15958,0.16286755,0.16286755,0.0,0.0,0.0,0.0,2.927272727272726,24.853846153846156,65.46923076923076,39.03076923076923,39.03076923076923,False,62.0,64.0,0.5,0.0,,100.0,False,50.0,0.0,0.0,0.0,0.0,2026-09-26T05:00,interpolated_hourly,3,ENE,sun below horizon — no direct-sun posture,,,,not specified,Environmental scores are skin-type independent.,not personalized
2026-09-26 05:30:00,0.0,0.0,0.0,34.03202,-118.52633,86.0,62.02268600463867,0.9192307692307693,0.08076923076923076,0.22997559037238874,0.23807595215356658,0.0669642857142857,0.9330357142857143,0.06441648459278237,0.9355835154072176,0.0,0.0,0.0,62.0,1.0,0.0,0.6,47.8,45.099999999999994,246.5,501.0,87.1,6.4,0.5,1626.5,0.155,1.0,0.0,0.0,92.0,92.0,32.0,4.5,106.2904721008782,-16.290472100878198,80.20346500760547,0.0,0.0,0.0,0.0,0.0,0.0,0.22997559037238874,100.0,22.72222222222222,62.0,99.98499999999999,0.155,0.11347619,0.10526615,285.1618,0.1627442,0.1627442,0.0,0.0,0.0,0.0,1.4636363636363647,24.665384615384617,66.22692307692307,39.17307692307693,39.17307692307693,False,62.0,63.95,0.55,0.0,,100.0,False,50.0,0.0,0.0,0.0,0.0,2026-09-26T05:30,interpolated_hourly,3,E,sun below horizon — no direct-sun posture,,,,not specified,Environmental scores are skin-type independent.,not personalized
2026-09-26 06:00:00,0.0,0.0,0.0,34.03202,-118.52633,86.0,62.02268600463867,0.9153846153846154,0.0846153846153846,0.22276150469270362,0.22701304078408197,0.04464285714285715,0.9553571428571428,0.04294432306185492,0.9570556769381451,0.0,0.0,0.0,48.0,0.0,0.0,0.6,47.8,45.3,266.0,509.0,86.0,6.3,0.0,1673.0,0.16,1.0,0.0,0.0,92.0,92.0,32.0,3.0,100.17428269436593,-10.174282694365921,84.73620786987556,0.0,0.0,0.0,0.0,0.0,0.0,0.22276150469270362,100.0,22.666666666666668,62.0,99.99,0.16,0.11464161,0.106352024,285.16403,0.16262084,0.16262084,0.0,0.0,0.0,0.0,0.0,24.47692307692308,66.98461538461538,39.315384615384616,39.315384615384616,False,62.0,63.9,0.6,0.0,,100.0,False,50.0,0.0,0.0,0.0,0.0,2026-09-26T06:00,interpolated_hourly,3,E,sun below horizon — no direct-sun posture,,,,not specified,Environmental scores are skin-type independent.,not personalized
2026-09-26 06:30:00,0.0,2.4,26.6,34.03202,-118.52633,86.0,62.02268600463867,0.9115384615384615,0.08846153846153845,0.2155474190130185,0.2159501294145974,0.022321428571428603,0.9776785714285714,0.02147216153092746,0.9785278384690725,0.0,0.0,0.0,41.0,0.0,2.3,0.725,47.4,45.25,291.0,519.0,84.2,6.15,0.0,1728.0,0.15000000000000002,0.5,0.025,0.025,92.0,92.0,32.0,2.0,93.83730123614907,-3.837301236149071,88.96658836989639,1.638756720944625,5.066584244470532,1.4177836707629456,0.5,0.0,0.5,0.2155474190130185,100.0,22.72222222222222,61.0,100.00500000000001,0.15000000000000002,0.115599565,0.10716644,285.0849,0.16251913,0.16251913,0.0,0.0,0.0,0.4,3.25,24.28846153846154,67.74230769230769,39.45769230769231,39.45769230769231,False,61.0,63.7,0.55,0.0,,100.0,False,50.0,0.0,0.0,0.0,0.0,2026-09-26T06:30,interpolated_hourly,3,E,sun below horizon — no direct-sun posture,,,,not specified,Environmental scores are skin-type independent.,not personalized
2026-09-26 07:00:00,1.0,4.8,53.2,34.03202,-118.52633,86.0,62.02268600463867,0.9076923076923077,0.0923076923076923,0.20833333333333334,0.20488721804511278,0.0,1.0,0.0,1.0,0.0,0.0,0.0,34.0,0.0,4.6,0.85,47.0,45.2,316.0,529.0,82.4,6.0,0.0,1783.0,0.14,0.0,0.05,0.05,92.0,92.0,32.0,1.0,87.50031977793222,2.4996802220677785,93.19696886991721,3.27751344188925,10.133168488941063,2.8355673415258913,1.0,0.0,1.0,0.20833333333333334,100.0,22.77777777777778,60.0,100.02000000000001,0.14,0.11655752,0.10798085,285.00577,0.16241741,0.16241741,0.839,0.0028,0.4,0.8,6.5,24.1,68.5,39.6,39.6,False,60.0,63.5,0.5,0.0,87.5,100.0,False,50.0,1.2,1.2,0.0,10.9,2026-09-26T07:00,interpolated_hourly,3,E,"sun low 2° (E) — face E, lift torso ~88° toward the sun if comfortable",,,,not specified,Environmental scores are skin-type independent.,not personalized
2026-09-26 07:30:00,1.0,101.74999999999999,197.55,34.03202,-118.52633,86.0,62.02268600463867,0.9038461538461539,0.09615384615384615,0.29037703405468884,0.2883166713214742,0.25,0.75,0.24980330448465776,0.7498033044846577,0.5,0.0,0.04999999999999716,32.0,0.0,26.299999999999997,0.925,46.45,44.95,330.5,533.5,79.55000000000001,6.15,3.0,1809.0,0.14,0.0,0.3,0.32499999999999996,92.0,92.0,32.0,1.0,81.4481413049067,8.551858695093301,97.54024358849256,81.04379260891903,196.28715514800237,32.60893440658111,37.5,124.60000000000001,19.0,0.29037703405468884,100.0,23.194444444444443,58.5,100.055,0.14,0.11988053,0.11095784,285.0204,0.16235194,0.16235194,2.3263336524986897,0.016844280070743387,2.0274003863747154,8.950000000000001,23.4,28.0,52.4,36.5,36.5,False,58.5,63.8,0.55,0.0,81.4,100.0,False,50.0,5.0,5.0,0.20541804964321203,57.51236905138287,2026-09-26T07:30,interpolated_hourly,3,E,"sun low 9° (E) — face E, lift torso ~81° toward the sun if comfortable",,,,not specified,Environmental scores are skin-type independent.,not personalized
2026-09-26 08:00:00,1.0,198.7,341.9,34.03202,-118.52633,86.0,62.02268600463867,0.9,0.09999999999999998,0.3724207347760443,0.3717461245978356,0.5,0.5,0.4996066089693155,0.4996066089693155,1.0,0.0,0.09999999999999432,30.0,0.0,48.0,1.0,45.9,44.7,345.0,538.0,76.7,6.3,6.0,1835.0,0.14,0.0,0.55,0.6,92.0,92.0,32.0,1.0,75.39596283188118,14.604037168118824,101.8835183070679,158.8100717759488,382.4411418070637,62.38230147163634,74.0,249.2,37.0,0.3724207347760443,100.0,23.61111111111111,57.0,100.09,0.14,0.12320352,0.11393483,285.03497,0.16228646,0.16228646,4.743,0.0341,4.2,17.1,40.3,31.9,36.3,33.4,33.4,False,57.0,64.1,0.6,0.0,75.4,100.0,False,50.0,8.9,8.9,0.45,127.1,2026-09-26T08:00,interpolated_hourly,3,ESE,"sun low 15° (ESE) — face ESE, lift torso ~75° toward the sun if comfortable",,,,not specified,Environmental scores are skin-type independent.,not personalized
2026-09-26 08:30:00,1.0,337.7,473.95,34.03202,-118.52633,86.0,62.02268600463867,0.9361111111111111,0.06388888888888888,0.49143377833830537,0.4909060655992478,0.595360824742268,0.40463917525773196,0.5952185059993995,0.4045233477629916,1.0,0.0,-1.4210854715202004e-14,32.0,0.0,58.55,1.0,43.599999999999994,42.7,341.0,532.5,72.30000000000001,7.0,14.5,1807.0,0.14,0.0,1.175,1.275,91.5,91.5,31.5,1.0,69.46666431740769,20.53333568259231,106.77878827001393,263.4097523821624,494.9382966539922,79.85497192755271,182.5,411.04999999999995,63.5,0.49143377833830537,100.0,24.38888888888889,52.5,100.11500000000001,0.14,0.12871535,0.118940786,285.17603,0.16229439,0.16229439,10.111254932607991,0.1269621047143305,9.420217760981481,26.55,43.2,35.75,36.05,35.849999999999994,35.849999999999994,False,52.5,64.1,1.65,0.0,69.5,100.0,False,50.0,15.7,15.7,1.069359228068634,234.75425042151832,2026-09-26T08:30,interpolated_hourly,3,ESE,"sun low 21° (ESE) — face ESE, lift torso ~70° toward the sun if comfortable",,,,not specified,Environmental scores are skin-type independent.,not personalized
2026-09-26 09:00:00,1.0,476.7,606.0,34.03202,-118.52633,86.0,62.02268600463867,0.9722222222222222,0.02777777777777779,0.6104468219005664,0.61006600660066,0.6907216494845361,0.30927835051546393,0.6908304030294834,0.3094400865566676,1.0,0.0,-0.10000000000002274,34.0,0.0,69.1,1.0,41.3,40.7,337.0,527.0,67.9,7.7,23.0,1779.0,0.14,0.0,1.8,1.95,91.0,91.0,31.0,1.0,63.537365802934204,26.462634197065796,111.67405823295996,368.009432988376,607.4354515009207,97.32764238346908,291.0,572.9,90.0,0.6104468219005664,100.0,25.166666666666668,48.0,100.14,0.14,0.13422717,0.123946734,285.31708,0.16230232,0.16230232,16.655,0.2271,15.5,36.0,46.1,39.6,35.8,38.3,38.3,False,48.0,64.1,2.7,0.0,63.5,100.0,False,50.0,22.5,22.5,1.75,369.7,2026-09-26T09:00,interpolated_hourly,3,ESE,"sun low 26° (ESE) — face ESE, lift torso ~64° toward the sun if comfortable",,,,not specified,Environmental scores are skin-type independent.,not personalized
2026-09-26 09:30:00,1.0,598.8,716.75,34.03202,-118.52633,86.0,62.02268600463867,0.986111111111111,0.013888888888888897,0.6672708516494094,0.6669665380435325,0.7802267251254098,0.2197732748745902,0.7803066873244244,0.219828557468651,1.0,0.0,-0.05000000000001137,52.0,0.0,77.1,1.0,39.0,38.2,323.0,515.5,62.5,8.65,35.0,1721.0,0.14,0.5,2.8,2.925,91.0,91.0,31.0,1.5,58.04239620359537,31.957603796404623,117.70377822402227,460.4212400900723,661.5759783588053,107.46512314564154,406.5,714.65,79.0,0.6672708516494094,78.5,25.916666666666668,45.0,100.16,0.14,0.14032528,0.12957625,285.54602,0.16231647,0.16231647,23.409822340598772,0.42189824903735423,22.29905361857954,45.25,46.150000000000006,45.400000000000006,34.65,41.65,41.65,False,45.0,64.35,3.1,0.0,58.0,100.0,False,50.0,29.3,29.3,2.619401380612712,482.286152729435,2026-09-26T09:30,interpolated_hourly,3,ESE,"sun 32° up (ESE) — lay flat, or lift torso ~58° toward ESE to face it",,,,not specified,Environmental scores are skin-type independent.,not personalized
2026-09-26 10:00:00,1.0,720.9,827.5,34.03202,-118.52633,86.0,62.02268600463867,1.0,0.0,0.7240948813982522,0.7238670694864048,0.8697318007662835,0.13026819923371646,0.8697829716193656,0.1302170283806344,1.0,0.0,0.0,70.0,0.0,85.1,1.0,36.7,35.7,309.0,504.0,57.1,9.6,47.0,1663.0,0.14,1.0,3.8,3.9,91.0,91.0,31.0,2.0,52.54742660425655,37.45257339574345,123.73349821508458,552.8330471917686,715.7165052166897,117.602603907814,522.0,856.4,68.0,0.7240948813982522,57.0,26.666666666666668,42.0,100.17999999999999,0.14,0.1464234,0.13520576,285.77493,0.16233063,0.16233063,30.365,0.6185,29.3,54.5,46.2,51.2,33.5,45.0,45.0,False,42.0,64.6,3.5,0.0,52.5,100.0,False,50.0,35.9,35.9,3.5,599.0,2026-09-26T10:00,interpolated_hourly,2,ESE,"sun 37° up (ESE) — lay flat, or lift torso ~52° toward ESE to face it",,,,not specified,Environmental scores are skin-type independent.,not personalized
2026-09-26 10:30:00,1.0,817.8,909.4,34.03202,-118.52633,86.0,62.02268600463867,1.0,0.0,0.7386736569448897,0.7385097477967684,0.8811648844179749,0.11883511558202514,0.881181333117478,0.11881866688252185,1.0,0.0,0.0,68.0,0.0,89.4,1.0,35.05,34.1,291.5,494.0,52.2,10.2,57.5,1610.0,0.14,1.0,4.8,4.925,91.0,91.0,31.0,3.0,47.90188221692942,42.09811778307058,131.70449426302096,622.2401064824826,743.4189692136026,123.82287595022865,605.5,885.55,71.0,0.7386736569448897,36.5,27.38888888888889,39.5,100.17999999999999,0.14,0.1502748,0.13877976,286.04077,0.16233063,0.16233063,35.58551704152143,0.83556687731793,34.94032664172389,62.35,42.150000000000006,58.2,29.05,48.0,48.0,False,39.5,64.8,3.4,0.0,47.9,100.0,False,50.0,40.7,40.7,4.289975860846876,677.522061988981,2026-09-26T10:30,interpolated_hourly,2,SE,"sun 42° up (SE) — lay flat, or lift torso ~48° toward SE to face it",,,,not specified,Environmental scores are skin-type independent.,not personalized
2026-09-26 11:00:00,1.0,914.7,991.3,34.03202,-118.52633,86.0,62.02268600463867,1.0,0.0,0.7532524324915273,0.7531524261071321,0.8925979680696662,0.10740203193033382,0.8925796946155906,0.10742030538440932,1.0,0.0,0.0,66.0,0.0,93.7,1.0,33.4,32.5,274.0,484.0,47.3,10.8,68.0,1557.0,0.14,1.0,5.8,5.95,91.0,91.0,31.0,4.0,43.256337829602295,46.743662170397705,139.67549031095734,691.6471657731964,771.1214332105155,130.0431479926433,689.0,914.7,74.0,0.7532524324915273,16.0,28.11111111111111,37.0,100.17999999999999,0.14,0.1541262,0.14235374,286.3066,0.16233063,0.16233063,40.31,1.0468,40.2,70.2,38.1,65.2,24.6,51.0,51.0,False,37.0,65.0,3.3,0.0,43.3,100.0,False,50.0,45.1,45.1,5.05,746.6,2026-09-26T11:00,interpolated_hourly,0,SE,"sun 47° up (SE) — lay flat, or lift torso ~43° toward SE to face it",,,,not specified,Environmental scores are skin-type independent.,not personalized
2026-09-26 11:30:00,1.0,979.75,1038.75,34.03202,-118.52633,86.0,62.02268600463867,0.988,0.01200000000000001,0.751817640441782,0.7517373251876114,0.8557377595450372,0.14426224045496283,0.8557377000685316,0.14426229993146847,1.0,0.0,0.0,61.0,0.0,95.5,1.0,31.6,30.7,253.0,476.5,43.25,10.75,76.5,1518.5,0.14,1.0,6.425,6.625,91.0,91.0,31.0,6.0,40.161960268237166,49.838039731762834,150.32652839744975,732.0956901721247,784.044657015582,133.33334754952483,736.5,875.5,108.0,0.751817640441782,56.0,28.63888888888889,34.5,100.16,0.14,0.15865056,0.14662093,286.5094,0.16230139,0.16230139,43.920679382036724,1.1853796000679615,44.15027666033326,76.65,40.85,74.5,26.35,57.65,57.65,False,34.5,64.85,4.0,0.0,40.2,100.0,False,50.0,49.5,49.5,5.599704503985837,787.735252021277,2026-09-26T11:30,interpolated_hourly,0,SSE,"sun 50° up (SSE) — lay flat, or lift torso ~40° toward SSE to face it",,,,not specified,Environmental scores are skin-type independent.,not personalized
2026-09-26 12:00:00,1.0,1044.8,1086.2,34.03202,-118.52633,86.0,62.02268600463867,0.976,0.02400000000000002,0.7503828483920368,0.7503222242680906,0.8188775510204082,0.18112244897959184,0.8188957055214724,0.1811042944785276,1.0,0.0,0.0,56.0,0.0,97.3,1.0,29.8,28.9,232.0,469.0,39.2,10.7,85.0,1480.0,0.14,1.0,7.05,7.3,91.0,91.0,31.0,8.0,37.06758270687204,52.93241729312796,160.97756648394216,772.5442145710529,796.9678808206484,136.62354710640636,784.0,836.3,142.0,0.7503828483920368,96.0,29.166666666666668,32.0,100.14,0.14,0.16317493,0.15088812,286.7122,0.16227216,0.16227216,46.758,1.3135,47.5,83.1,43.6,83.8,28.1,64.3,64.3,False,32.0,64.7,4.7,0.0,37.1,100.0,False,50.0,53.6,53.6,6.1,815.0,2026-09-26T12:00,interpolated_hourly,3,SSE,"sun 53° up (SSE) — lay flat, or lift torso ~37° toward SSE to face it",,,,not specified,Environmental scores are skin-type independent.,not personalized
2026-09-26 12:30:00,1.0,1073.55,1096.0,34.03202,-118.52633,86.0,62.02268600463867,0.9472592592592592,0.052740740740740755,0.7258219240599393,0.7257217921846874,0.7360881933627268,0.2639118066372733,0.7360956020190879,0.26390439798091225,1.0,0.0,0.0,51.0,0.0,92.9,1.0,28.6,27.5,207.5,462.5,35.65,10.3,92.0,1446.0,0.135,1.0,7.05,7.4,91.0,91.0,30.5,10.5,36.3771758553269,53.6228241446731,173.6338700891651,780.863748519883,799.3944666474719,137.2765650844113,778.5,729.95,205.0,0.7258219240599393,98.0,29.41666666666667,31.5,100.125,0.135,0.16574639,0.15319946,286.78073,0.162323,0.162323,47.22301221369597,1.3421103572072384,47.996736844406044,83.4,39.5,84.19999999999999,29.8,65.15,65.15,False,31.5,64.85,5.9,0.0,36.4,100.0,False,50.0,53.5,53.5,6.177896558380687,802.3800023873143,2026-09-26T12:30,interpolated_hourly,3,S,"sun 54° up (S) — lay flat, or lift torso ~36° toward S to face it",,,,not specified,Environmental scores are skin-type independent.,not personalized
2026-09-26 13:00:00,1.0,1102.3,1105.8,34.03202,-118.52633,86.0,62.02268600463867,0.9185185185185185,0.08148148148148149,0.7012609997278418,0.7011213601012841,0.6532988357050453,0.34670116429495473,0.6532954985167032,0.34670450148329685,1.0,0.0,0.0,46.0,0.0,88.5,1.0,27.4,26.1,183.0,456.0,32.1,9.9,99.0,1412.0,0.13,1.0,7.05,7.5,91.0,91.0,30.0,13.0,35.68676900378176,54.31323099621824,186.29017369438807,789.1832824687131,801.8210524742954,137.9295830624162,773.0,623.6,268.0,0.7012609997278418,100.0,29.66666666666667,31.0,100.11,0.13,0.16831785,0.15551083,286.84927,0.16237384,0.16237384,46.837,1.3586,47.8,83.7,35.4,84.6,31.5,66.0,66.0,False,31.0,65.0,7.1,0.0,35.7,100.0,False,50.0,53.0,53.0,6.2,775.3,2026-09-26T13:00,interpolated_hourly,3,S,"sun 54° up (S) — lay flat, or lift torso ~36° toward S to face it",,,,not specified,Environmental scores are skin-type independent.,not personalized
2026-09-26 13:30:00,1.0,1092.8,1077.15,34.03202,-118.52633,86.0,62.02268600463867,0.9251683501683502,0.0748316498316498,0.7051029451699303,0.704971743474581,0.6671442095191894,0.3328557904808107,0.6671348321431739,0.332865167856826,1.0,0.0,0.0,36.0,0.0,88.95,1.0,26.5,25.05,165.0,451.0,29.25,9.4,103.0,1388.5,0.125,1.0,6.525,6.95,91.0,91.0,30.0,16.0,37.65803644085139,52.34196355914861,198.19798716715889,764.7337289883511,794.4750527759222,135.9885453118692,770.5,640.45,256.5,0.7051029451699303,100.0,29.138888888888893,32.5,100.08,0.125,0.1701748,0.15715754,286.8233,0.16247556,0.16247556,46.52473224239824,1.2999217901272817,47.67510773290992,82.85,45.05,83.0,31.85,65.1,65.1,False,32.5,64.8,7.6,0.0,37.7,100.0,False,50.0,54.0,54.0,6.202539932802198,766.0374725950852,2026-09-26T13:30,interpolated_hourly,3,SSW,"sun 52° up (SSW) — lay flat, or lift torso ~38° toward SSW to face it",,,,not specified,Environmental scores are skin-type independent.,not personalized
2026-09-26 14:00:00,1.0,1083.3,1048.5,34.03202,-118.52633,86.0,62.02268600463867,0.9318181818181819,0.06818181818181812,0.7089448906120188,0.7088221268478779,0.6809895833333334,0.3190104166666667,0.6809741657696448,0.3190258342303552,1.0,0.0,0.0,26.0,0.0,89.4,1.0,25.6,24.0,147.0,446.0,26.4,8.9,107.0,1365.0,0.12,1.0,6.0,6.4,91.0,91.0,30.0,19.0,39.629303877921025,50.370696122078975,210.10580063992967,740.2841755079892,787.1290530775492,134.04750756132216,768.0,657.3,245.0,0.7089448906120188,100.0,28.61111111111111,34.0,100.05,0.12,0.17203176,0.15880424,286.7973,0.16257727,0.16257727,45.388,1.2297,46.8,82.0,54.7,81.4,32.2,64.2,64.2,False,34.0,64.6,8.1,0.0,39.6,100.0,False,50.0,54.2,54.2,6.15,743.2,2026-09-26T14:00,interpolated_hourly,3,SSW,"sun 50° up (SSW) — lay flat, or lift torso ~40° toward SSW to face it",,,,not specified,Environmental scores are skin-type independent.,not personalized
2026-09-26 14:30:00,1.0,1036.2,983.45,34.03202,-118.52633,86.0,62.02268600463867,0.9354743083003954,0.0645256916996047,0.7103515272997412,0.710247300357737,0.6970288825757576,0.30297111742424243,0.6969742309876376,0.30294926962435753,1.0,0.0,0.05000000000001137,25.0,0.0,88.2,1.0,25.0,23.099999999999998,139.0,444.0,24.25,8.4,107.0,1357.0,0.11499999999999999,1.0,5.1,5.425,90.5,90.5,30.0,22.0,43.599333342587165,46.400666657412835,219.38054740412608,684.9386045529644,767.7346290683513,129.36876582386932,736.0,674.25,223.5,0.7103515272997412,100.0,28.555555555555557,33.0,100.00999999999999,0.11499999999999999,0.1701245,0.15698993,286.71817,0.16269314,0.16269314,42.95333246440463,1.0890385609098463,44.263845593899866,76.9,59.5,65.9,32.2,54.1,54.1,False,33.0,64.19999999999999,7.25,0.0,43.6,100.0,False,50.0,51.0,51.0,5.800772633512602,704.6475399175571,2026-09-26T14:30,interpolated_hourly,3,SW,"sun 46° up (SW) — lay flat, or lift torso ~44° toward SW to face it",,,,not specified,Environmental scores are skin-type independent.,not personalized
2026-09-26 15:00:00,1.0,989.1,918.4,34.03202,-118.52633,86.0,62.02268600463867,0.9391304347826087,0.060869565217391286,0.7117581639874634,0.7116724738675959,0.7130681818181818,0.2869318181818182,0.7129742962056304,0.2868727050183598,1.0,0.0,0.10000000000002274,24.0,0.0,87.0,1.0,24.4,22.2,131.0,442.0,22.1,7.9,107.0,1349.0,0.11,1.0,4.2,4.45,90.0,90.0,30.0,25.0,47.569362807253306,42.430637192746694,228.65529416832248,629.5930335979396,748.3402050591534,124.69002408641649,704.0,691.2,202.0,0.7117581639874634,100.0,28.5,32.0,99.97,0.11,0.16821723,0.15517563,286.63904,0.16280901,0.16280901,39.757,0.9387,41.1,71.8,64.3,50.4,32.2,44.0,44.0,False,32.0,63.8,6.4,0.0,47.6,100.0,False,50.0,47.2,47.2,5.4,653.6,2026-09-26T15:00,interpolated_hourly,3,SW,"sun 42° up (SW) — lay flat, or lift torso ~48° toward SW to face it",,,,not specified,Environmental scores are skin-type independent.,not personalized
2026-09-26 15:30:00,1.0,907.6,821.4,34.03202,-118.52633,86.0,62.02268600463867,0.9404954499494439,0.059504550050556104,0.7020841419138382,0.7019157510144164,0.7114291958041958,0.28857080419580416,0.7113934105679129,0.2885300900440822,1.0,0.0,0.05000000000001137,23.0,0.0,82.8,1.0,23.95,21.45,129.5,441.5,20.75,7.35,104.5,1351.5,0.11,1.0,3.225,3.425,90.0,90.0,30.0,28.0,52.7048339165151,37.2951660834849,235.54966460734065,547.818605932749,709.7716150525807,116.73283104472631,638.0,680.4000000000001,184.0,0.7020841419138382,100.0,28.194444444444446,32.5,99.965,0.11,0.1645039,0.15176803,286.5257,0.16290358,0.16290358,35.213356366976164,0.7461732145343233,36.242591044336024,64.0,74.9,44.95,31.75,40.3,40.3,False,32.5,63.55,7.0,0.0,52.7,100.0,False,50.0,43.1,43.1,4.7419884851038026,581.6602062820169,2026-09-26T15:30,interpolated_hourly,3,SW,"sun 37° up (SW) — lay flat, or lift torso ~53° toward SW to face it",,,,not specified,Environmental scores are skin-type independent.,not personalized
2026-09-26 16:00:00,1.0,826.1,724.4,34.03202,-118.52633,86.0,62.02268600463867,0.9418604651162791,0.05813953488372092,0.6924101198402131,0.6921590281612369,0.7097902097902098,0.2902097902097902,0.7098125249301954,0.2901874750698046,1.0,0.0,0.0,22.0,0.0,78.6,1.0,23.5,20.7,128.0,441.0,19.4,6.8,102.0,1354.0,0.11,1.0,2.25,2.4,90.0,90.0,30.0,31.0,57.8403050257769,32.1596949742231,242.4440350463588,466.04417826755844,671.2030250460081,108.77563800303614,572.0,669.6,166.0,0.6924101198402131,100.0,27.888888888888893,33.0,99.96000000000001,0.11,0.16079059,0.14836043,286.41235,0.16299814,0.16299814,30.166,0.5483,31.0,56.2,85.5,39.5,31.3,36.6,36.6,False,33.0,63.3,7.6,0.0,57.8,100.0,False,50.0,38.5,38.5,4.05,501.4,2026-09-26T16:00,interpolated_hourly,3,WSW,"sun 32° up (WSW) — lay flat, or lift torso ~58° toward WSW to face it",,,,not specified,Environmental scores are skin-type independent.,not personalized
2026-09-26 16:30:00,1.0,715.75,601.9499999999999,34.03202,-118.52633,86.0,62.02268600463867,0.9331943835015358,0.06680561649846417,0.6608730480271432,0.6605737789398468,0.6790420865224015,0.32095791347759856,0.6790110370009067,0.32098896299909324,1.0,0.0,0.0,21.5,0.0,71.85,1.0,23.05,19.95,137.65,441.0,19.15,6.3,97.5,1357.0,0.11,1.0,1.525,1.625,90.0,90.0,30.0,34.0,63.592565481200786,26.407434518799214,247.82014624399338,365.7002233737,594.4690139188656,95.7522848695834,476.5,612.95,150.0,0.6608730480271432,100.0,27.638888888888893,34.0,99.95500000000001,0.11,0.15735665,0.1452635,286.22284,0.16302693,0.16302693,24.19107562933249,0.37800217575832845,24.8682513621783,47.5,90.55,32.85,33.65,33.1,33.1,False,34.0,63.3,6.5,0.0,63.6,100.0,False,50.0,32.6,32.6,3.2487295285325066,401.186157173771,2026-09-26T16:30,interpolated_hourly,3,WSW,"sun low 26° (WSW) — face WSW, lift torso ~64° toward the sun if comfortable",,,,not specified,Environmental scores are skin-type independent.,not personalized
2026-09-26 17:00:00,1.0,605.4,479.5,34.03202,-118.52633,86.0,62.02268600463867,0.9245283018867926,0.07547169811320742,0.6293359762140733,0.6289885297184568,0.6482939632545932,0.35170603674540685,0.648209549071618,0.3517904509283819,1.0,0.0,0.0,21.0,0.0,65.1,1.0,22.6,19.2,147.3,441.0,18.9,5.8,93.0,1360.0,0.11,1.0,0.8,0.85,90.0,90.0,30.0,37.0,69.34482593662467,20.65517406337533,253.19625744162795,265.35626847984156,517.7350027917231,82.72893173613068,381.0,556.3,134.0,0.6293359762140733,100.0,27.38888888888889,35.0,99.95,0.11,0.15392269,0.14216654,286.03333,0.16305572,0.16305572,18.254,0.208,18.8,38.8,95.6,26.2,36.0,29.6,29.6,False,35.0,63.3,5.4,0.0,69.3,100.0,False,50.0,26.4,26.4,2.45,301.6,2026-09-26T17:00,interpolated_hourly,3,WSW,"sun low 21° (WSW) — face WSW, lift torso ~69° toward the sun if comfortable",,,,not specified,Environmental scores are skin-type independent.,not personalized
2026-09-26 17:30:00,1.0,473.65,340.0,34.03202,-118.52633,86.0,62.02268600463867,0.9395368782161235,0.06046312178387647,0.5852149316577826,0.5845690778268093,0.621444278924594,0.37855572107540614,0.6214270275367324,0.3785729724632676,1.0,0.0,-7.105427357601002e-15,21.0,0.0,58.5,1.0,21.35,18.15,154.9,441.0,19.9,5.35,87.0,1360.0,0.11,1.0,0.47500000000000003,0.5,90.0,90.0,30.0,39.0,75.39031991183882,14.609680088161179,257.7484130134892,163.830049935641,353.91376533743687,58.36235121659696,283.0,497.75,104.5,0.5852149316577826,100.0,27.194444444444443,36.0,99.95,0.11,0.15281108,0.14129227,286.00775,0.16305572,0.16305572,12.46155353348162,0.11985403782858123,13.003066653858106,30.15,97.8,26.45,41.9,31.85,31.85,False,36.0,63.349999999999994,5.45,0.0,75.4,100.0,False,50.0,20.6,20.6,1.731279952125606,200.58868224520384,2026-09-26T17:30,interpolated_hourly,3,WSW,"sun low 15° (WSW) — face WSW, lift torso ~75° toward the sun if comfortable",,,,not specified,Environmental scores are skin-type independent.,not personalized
2026-09-26 18:00:00,1.0,341.9,200.5,34.03202,-118.52633,86.0,62.02268600463867,0.9545454545454545,0.045454545454545525,0.5410938871014918,0.540149625935162,0.5945945945945946,0.40540540540540543,0.5946445060018468,0.4053554939981533,1.0,0.0,-1.4210854715202004e-14,21.0,0.0,51.9,1.0,20.1,17.1,162.5,441.0,20.9,4.9,81.0,1360.0,0.11,1.0,0.15,0.15,90.0,90.0,30.0,41.0,81.43581388705297,8.564186112947027,262.30056858535045,62.30383139144042,190.0925278831507,33.99577069706325,185.0,439.2,75.0,0.5410938871014918,100.0,26.999999999999996,37.0,99.95,0.11,0.15169947,0.14041801,285.9822,0.16305572,0.16305572,7.211,0.0343,7.7,21.5,100.0,26.7,47.8,34.1,34.1,False,37.0,63.4,5.5,0.0,81.4,100.0,False,50.0,14.5,14.5,1.05,108.3,2026-09-26T18:00,interpolated_hourly,3,W,"sun low 9° (W) — face W, lift torso ~81° toward the sun if comfortable",,,,not specified,Environmental scores are skin-type independent.,not personalized
2026-09-26 18:30:00,1.0,205.25,100.25,34.03202,-118.52633,86.0,62.02268600463867,0.9772727272727273,0.022727272727272763,0.48191720594141646,0.5283515788766745,0.6076421248835042,0.3923578751164958,0.5717735634633142,0.42822643653668585,0.8398125000000001,0.0,-7.105427357601002e-15,21.0,0.0,44.4,1.0,19.2,16.4,170.25,441.0,23.0,4.550000000000001,73.5,1360.0,0.10500000000000001,0.5,0.075,0.075,90.0,90.0,30.0,42.0,87.69144436255802,2.308555637441983,266.52456845949985,31.15191569572021,95.04626394157535,16.997885348531625,107.0,314.35,43.0,0.48191720594141646,52.5,26.138888888888886,41.5,99.975,0.10500000000000001,0.15290672,0.14182112,285.91013,0.16305572,0.16305572,2.52385,0.014348719455059394,3.129810695284293,11.15,67.75,26.703846153846154,48.419230769230765,34.31923076923077,34.31923076923077,False,41.5,63.55,5.65,0.0,87.7,100.0,False,50.0,7.4,7.4,0.5019960159204454,28.526510803584006,2026-09-26T18:30,interpolated_hourly,3,W,"sun low 2° (W) — face W, lift torso ~88° toward the sun if comfortable",,,,not specified,Environmental scores are skin-type independent.,not personalized
2026-09-26 19:00:00,0.0,68.6,0.0,34.03202,-118.52633,86.0,62.02268600463867,1.0,0.0,0.42274052478134116,0.516553531818187,0.6206896551724138,0.3793103448275862,0.5489026209247817,0.4510973790752184,0.679625,0.0,0.0,21.0,0.0,36.9,1.0,18.3,15.7,178.0,441.0,25.1,4.2,66.0,1360.0,0.1,0.0,0.0,0.0,90.0,90.0,30.0,43.0,93.94707483806306,-3.947074838063061,270.7485683336492,0.0,0.0,0.0,29.0,189.5,11.0,0.42274052478134116,5.0,25.27777777777778,46.0,100.0,0.1,0.15411398,0.14322424,285.83804,0.16305572,0.16305572,0.0,0.0,0.0,0.8,35.5,26.70769230769231,49.03846153846153,34.53846153846154,34.53846153846154,False,46.0,63.7,5.8,0.0,,100.0,False,50.0,0.0,0.0,0.0,0.0,2026-09-26T19:00,interpolated_hourly,0,W,sun below horizon — no direct-sun posture,,,,not specified,Environmental scores are skin-type independent.,not personalized
2026-09-26 19:30:00,0.0,34.3,0.0,34.03202,-118.52633,86.0,62.02268600463867,1.0,0.0,0.4150469711694202,0.5047554847596996,0.5948275862068966,0.4051724137931034,0.5260316783862491,0.473968321613751,0.3398125,0.0,0.0,24.5,0.0,18.45,0.8,18.15,15.55,189.0,441.0,28.650000000000002,3.95,58.0,1360.0,0.1,0.0,0.0,0.0,90.0,90.0,30.0,43.0,100.13839807038417,-10.138398070384177,275.05580222217657,0.0,0.0,0.0,14.5,94.75,5.5,0.4150469711694202,2.5,24.944444444444443,47.5,100.025,0.1,0.15411536,0.14339304,285.84702,0.16305572,0.16305572,0.0,0.0,0.0,0.4,33.88636363636363,26.71153846153846,49.65769230769231,34.75769230769231,34.75769230769231,False,47.5,63.6,4.8,0.0,,100.0,False,50.0,0.0,0.0,0.0,0.0,2026-09-26T19:30,interpolated_hourly,0,W,sun below horizon — no direct-sun posture,,,,not specified,Environmental scores are skin-type independent.,not personalized
2026-09-26 20:00:00,0.0,0.0,0.0,34.03202,-118.52633,86.0,62.02268600463867,1.0,0.0,0.40735341755749926,0.49295743770121203,0.5689655172413793,0.43103448275862066,0.5031607358477166,0.4968392641522835,0.0,0.0,0.0,28.0,0.0,0.0,0.6,18.0,15.4,200.0,441.0,32.2,3.7,50.0,1360.0,0.1,0.0,0.0,0.0,90.0,90.0,30.0,43.0,106.3297213027053,-16.329721302705295,279.3630361107039,0.0,0.0,0.0,0.0,0.0,0.0,0.40735341755749926,0.0,24.61111111111111,49.0,100.05,0.1,0.15411675,0.14356183,285.856,0.16305572,0.16305572,0.0,0.0,0.0,0.0,32.27272727272727,26.715384615384615,50.276923076923076,34.97692307692308,34.97692307692308,False,49.0,63.5,3.8,0.0,,100.0,False,50.0,0.0,0.0,0.0,0.0,2026-09-26T20:00,interpolated_hourly,0,W,sun below horizon — no direct-sun posture,,,,not specified,Environmental scores are skin-type independent.,not personalized
2026-09-26 20:30:00,0.0,0.0,0.0,34.03202,-118.52633,86.0,62.02268600463867,1.0,0.0,0.3996598639455783,0.4811593906427245,0.5431034482758621,0.4568965517241379,0.480289793309184,0.5197102066908161,0.0,0.0,0.0,24.5,0.0,0.0,0.6,18.35,15.75,208.0,441.0,38.35,3.6500000000000004,41.5,1360.0,0.1,0.0,0.0,0.0,90.0,90.0,29.5,42.0,112.35719397520648,-22.357193975206485,284.2008659302635,0.0,0.0,0.0,0.0,0.0,0.0,0.3996598639455783,0.0,24.694444444444443,48.0,100.08,0.1,0.15214679,0.14172488,285.75253,0.16305572,0.16305572,0.0,0.0,0.0,0.0,30.65909090909091,26.71923076923077,50.896153846153844,35.19615384615385,35.19615384615385,False,48.0,63.35,2.5999999999999996,0.0,,100.0,False,50.0,0.0,0.0,0.0,0.0,2026-09-26T20:30,interpolated_hourly,0,WNW,sun below horizon — no direct-sun posture,,,,not specified,Environmental scores are skin-type independent.,not personalized
2026-09-26 21:00:00,0.0,0.0,0.0,34.03202,-118.52633,86.0,62.02268600463867,1.0,0.0,0.3919663103336573,0.469361343584237,0.5172413793103449,0.48275862068965514,0.4574188507706514,0.5425811492293486,0.0,0.0,0.0,21.0,0.0,0.0,0.6,18.7,16.1,216.0,441.0,44.5,3.6,33.0,1360.0,0.1,0.0,0.0,0.0,90.0,90.0,29.0,41.0,118.38466664770768,-28.38466664770767,289.0386957498231,0.0,0.0,0.0,0.0,0.0,0.0,0.3919663103336573,0.0,24.777777777777775,47.0,100.11,0.1,0.15017682,0.13988796,285.64908,0.16305572,0.16305572,0.0,0.0,0.0,0.0,29.045454545454547,26.723076923076924,51.51538461538461,35.41538461538462,35.41538461538462,False,47.0,63.2,1.4,0.0,,100.0,False,50.0,0.0,0.0,0.0,0.0,2026-09-26T21:00,interpolated_hourly,0,WNW,sun below horizon — no direct-sun posture,,,,not specified,Environmental scores are skin-type independent.,not personalized
2026-09-26 21:30:00,0.0,0.0,0.0,34.03202,-118.52633,86.0,62.02268600463867,1.0,0.0,0.38427275672173633,0.45756329652574945,0.4913793103448276,0.5086206896551724,0.43454790823211886,0.5654520917678812,0.0,0.0,0.0,21.5,0.0,0.0,0.6,19.55,16.950000000000003,227.5,441.0,52.0,3.7,24.5,1360.0,0.10500000000000001,0.0,0.0,0.0,90.0,90.0,29.0,39.0,124.02408897750485,-34.02408897750486,295.02819056522776,0.0,0.0,0.0,0.0,0.0,0.0,0.38427275672173633,0.0,24.694444444444443,47.0,100.12,0.10500000000000001,0.15120117,0.140865,285.27417,0.16305572,0.16305572,0.0,0.0,0.0,0.0,27.43181818181818,26.726923076923075,52.13461538461538,35.63461538461539,35.63461538461539,False,47.0,63.05,1.95,0.0,,100.0,False,50.0,0.0,0.0,0.0,0.0,2026-09-26T21:30,interpolated_hourly,0,WNW,sun below horizon — no direct-sun posture,,,,not specified,Environmental scores are skin-type independent.,not personalized
2026-09-26 22:00:00,0.0,0.0,0.0,34.03202,-118.52633,86.0,62.02268600463867,1.0,0.0,0.3765792031098154,0.445765249467262,0.4655172413793104,0.5344827586206896,0.41167696569358625,0.5883230343064139,0.0,0.0,0.0,22.0,0.0,0.0,0.6,20.4,17.8,239.0,441.0,59.5,3.8,16.0,1360.0,0.11,0.0,0.0,0.0,90.0,90.0,29.0,37.0,129.66351130730203,-39.663511307302045,301.0176853806324,0.0,0.0,0.0,0.0,0.0,0.0,0.3765792031098154,0.0,24.61111111111111,47.0,100.13,0.11,0.15222552,0.14184204,284.89926,0.16305572,0.16305572,0.0,0.0,0.0,0.0,25.81818181818182,26.73076923076923,52.753846153846155,35.853846153846156,35.853846153846156,False,47.0,62.9,2.5,0.0,,100.0,False,50.0,0.0,0.0,0.0,0.0,2026-09-26T22:00,interpolated_hourly,0,WNW,sun below horizon — no direct-sun posture,,,,not specified,Environmental scores are skin-type independent.,not personalized
2026-09-26 22:30:00,0.0,0.0,0.0,34.03202,-118.52633,86.0,62.02268600463867,1.0,0.0,0.36888564949789443,0.43396720240877446,0.43965517241379315,0.5603448275862069,0.3888060231550537,0.6111939768449464,0.0,0.0,0.0,23.0,0.0,0.0,0.6,21.75,19.15,251.0,441.0,65.15,3.9499999999999997,10.0,1360.0,0.11,0.0,0.0,0.0,89.5,89.5,29.0,34.5,134.50830347061077,-44.5083034706108,309.0938162069291,0.0,0.0,0.0,0.0,0.0,0.0,0.36888564949789443,0.0,24.25,49.0,100.13,0.11,0.15475538,0.14417538,284.3595,0.16305587,0.16305587,0.0,0.0,0.0,0.0,24.204545454545453,26.734615384615385,53.37307692307692,36.073076923076925,36.073076923076925,False,49.0,62.9,3.2,0.0,,100.0,False,50.0,0.0,0.0,0.0,0.0,2026-09-26T22:30,interpolated_hourly,0,NW,sun below horizon — no direct-sun posture,,,,not specified,Environmental scores are skin-type independent.,not personalized
2026-09-26 23:00:00,0.0,0.0,0.0,34.03202,-118.52633,86.0,62.02268600463867,1.0,0.0,0.36119209588597345,0.422169155350287,0.4137931034482759,0.5862068965517241,0.36593508061652114,0.634064919383479,0.0,0.0,0.0,24.0,0.0,0.0,0.6,23.1,20.5,263.0,441.0,70.8,4.1,4.0,1360.0,0.11,0.0,0.0,0.0,89.0,89.0,29.0,32.0,139.35309563391954,-49.353095633919544,317.16994703322575,0.0,0.0,0.0,0.0,0.0,0.0,0.36119209588597345,0.0,23.88888888888889,51.0,100.13,0.11,0.15728524,0.14650872,283.8197,0.16305602,0.16305602,0.0,0.0,0.0,0.0,22.590909090909093,26.73846153846154,53.99230769230769,36.292307692307695,36.292307692307695,False,51.0,62.9,3.9,0.0,,100.0,False,50.0,0.0,0.0,0.0,0.0,2026-09-26T23:00,interpolated_hourly,0,NW,sun below horizon — no direct-sun posture,,,,not specified,Environmental scores are skin-type independent.,not personalized
2026-09-26 23:30:00,0.0,0.0,0.0,34.03202,-118.52633,86.0,62.02268600463867,1.0,0.0,0.35349854227405253,0.41037110829179946,0.3879310344827587,0.6120689655172413,0.3430641380779886,0.6569358619220116,0.0,0.0,0.0,24.0,0.0,0.0,0.6,25.1,22.55,274.0,441.0,72.94999999999999,4.25,2.0,1360.0,0.11499999999999999,0.0,0.0,0.0,89.0,89.0,29.0,29.0,142.65263307675264,-52.65263307675262,328.35249974774695,0.0,0.0,0.0,0.0,0.0,0.0,0.35349854227405253,0.0,23.5,53.0,100.115,0.11499999999999999,0.16163468,0.15060538,283.3633,0.16305602,0.16305602,0.0,0.0,0.0,0.0,20.977272727272727,26.74230769230769,54.61153846153846,36.511538461538464,36.511538461538464,False,53.0,62.8,3.25,0.0,,100.0,False,50.0,0.0,0.0,0.0,0.0,2026-09-26T23:30,interpolated_hourly,0,NNW,sun below horizon — no direct-sun posture,,,,not specified,Environmental scores are skin-type independent.,not personalized
2026-09-27 00:00:00,0.0,0.0,0.0,34.03202,-118.52633,86.0,62.02268600463867,1.0,0.0,0.34580498866213155,0.39857306123331193,0.3620689655172414,0.6379310344827587,0.320193195539456,0.6798068044605441,0.0,0.0,0.0,24.0,0.0,0.0,0.6,27.1,24.6,285.0,441.0,75.1,4.4,0.0,1360.0,0.12,0.0,0.0,0.0,89.0,89.0,29.0,26.0,145.9521705195857,-55.95217051958571,339.53505246226814,0.0,0.0,0.0,0.0,0.0,0.0,0.34580498866213155,0.0,23.11111111111111,55.0,100.1,0.12,0.16598411,0.15470204,282.90692,0.16305602,0.16305602,0.0,0.0,0.0,0.0,19.363636363636363,26.746153846153845,55.230769230769226,36.73076923076923,36.73076923076923,False,55.0,62.7,2.6,0.0,,100.0,False,50.0,0.0,0.0,0.0,0.0,2026-09-27T00:00,interpolated_hourly,0,NNW,sun below horizon — no direct-sun posture,,,,not specified,Environmental scores are skin-type independent.,not personalized
2026-09-27 00:30:00,0.0,0.0,0.0,34.03202,-118.52633,86.0,62.02268600463867,1.0,0.0,0.3381114350502106,0.38677501417482446,0.33620689655172414,0.6637931034482758,0.2973222530009234,0.7026777469990766,0.0,0.0,0.0,24.0,0.0,0.0,0.6,28.700000000000003,26.200000000000003,296.0,441.0,75.35,4.5,0.0,1360.0,0.125,0.0,0.0,0.0,89.0,89.0,29.0,23.0,146.70659008086483,-56.706590080864835,173.22013222782817,0.0,0.0,0.0,0.0,0.0,0.0,0.3381114350502106,0.0,22.944444444444443,56.0,100.1,0.125,0.1732086,0.16152413,282.58643,0.16305602,0.16305602,0.0,0.0,0.0,0.0,17.75,26.75,55.849999999999994,36.95,36.95,False,56.0,62.75,2.55,0.0,,100.0,False,50.0,0.0,0.0,0.0,0.0,2026-09-27T00:30,interpolated_hourly,0,S,sun below horizon — no direct-sun posture,,,,not specified,Environmental scores are skin-type independent.,not personalized
2026-09-27 01:00:00,0.0,0.0,0.0,34.03202,-118.52633,86.0,62.02268600463867,1.0,0.0,0.33041788143828965,0.37497696711633693,0.3103448275862069,0.6896551724137931,0.27445131046239085,0.7255486895376092,0.0,0.0,0.0,24.0,0.0,0.0,0.6,30.3,27.8,307.0,441.0,75.6,4.6,0.0,1360.0,0.13,0.0,0.0,0.0,89.0,89.0,29.0,20.0,147.46100964214395,-57.461009642143964,6.905211993388207,0.0,0.0,0.0,0.0,0.0,0.0,0.33041788143828965,0.0,22.77777777777778,57.0,100.1,0.13,0.18043306,0.16834623,282.2659,0.16305602,0.16305602,0.0,0.0,0.0,0.0,16.136363636363637,26.753846153846155,56.46923076923077,37.169230769230765,37.169230769230765,False,57.0,62.8,2.5,0.0,,100.0,False,50.0,0.0,0.0,0.0,0.0,2026-09-27T01:00,interpolated_hourly,0,N,sun below horizon — no direct-sun posture,,,,not specified,Environmental scores are skin-type independent.,not personalized
2026-09-27 01:30:00,0.0,0.0,0.0,34.03202,-118.52633,86.0,62.02268600463867,1.0,0.0,0.3227243278263687,0.36317892005784946,0.28448275862068967,0.7155172413793103,0.2515803679238583,0.7484196320761418,0.0,0.0,0.0,33.5,0.0,0.0,0.6,32.4,29.85,317.0,441.0,75.44999999999999,4.75,0.0,1360.0,0.135,0.0,0.0,0.0,88.5,88.5,29.0,17.0,145.34958130936155,-55.349581309361554,19.651974240786444,0.0,0.0,0.0,0.0,0.0,0.0,0.3227243278263687,0.0,22.63888888888889,58.0,100.095,0.135,0.18873045,0.17610738,281.9942,0.16305602,0.16305602,0.0,0.0,0.0,0.0,14.522727272727273,26.75769230769231,57.08846153846154,37.388461538461534,37.388461538461534,False,58.0,62.8,2.55,0.0,,100.0,False,50.0,0.0,0.0,0.0,0.0,2026-09-27T01:30,interpolated_hourly,0,NNE,sun below horizon — no direct-sun posture,,,,not specified,Environmental scores are skin-type independent.,not personalized
2026-09-27 02:00:00,0.0,0.0,0.0,34.03202,-118.52633,86.0,62.02268600463867,1.0,0.0,0.3150307742144477,0.35138087299936194,0.25862068965517243,0.7413793103448276,0.22870942538532574,0.7712905746146743,0.0,0.0,0.0,43.0,0.0,0.0,0.6,34.5,31.9,327.0,441.0,75.3,4.9,0.0,1360.0,0.14,0.0,0.0,0.0,88.0,88.0,29.0,14.0,143.23815297657916,-53.23815297657915,32.39873648818468,0.0,0.0,0.0,0.0,0.0,0.0,0.3150307742144477,0.0,22.5,59.0,100.09,0.14,0.19702782,0.18386854,281.72253,0.16305602,0.16305602,0.0,0.0,0.0,0.0,12.90909090909091,26.76153846153846,57.707692307692305,37.607692307692304,37.607692307692304,False,59.0,62.8,2.6,0.0,,100.0,False,50.0,0.0,0.0,0.0,0.0,2026-09-27T02:00,interpolated_hourly,0,NNE,sun below horizon — no direct-sun posture,,,,not specified,Environmental scores are skin-type independent.,not personalized
2026-09-27 02:30:00,0.0,0.0,0.0,34.03202,-118.52633,86.0,62.02268600463867,1.0,0.0,0.3073372206025267,0.3395828259408744,0.2327586206896552,0.7672413793103448,0.20583848284679312,0.7941615171532069,0.0,0.0,0.0,55.0,0.0,0.0,0.6,36.45,33.800000000000004,336.0,441.0,75.15,5.0,0.0,1360.0,0.14500000000000002,0.0,0.0,0.0,88.0,88.0,29.0,12.0,139.0642208763678,-49.0642208763678,41.973606589324675,0.0,0.0,0.0,0.0,0.0,0.0,0.3073372206025267,0.0,22.305555555555557,60.5,100.08500000000001,0.14500000000000002,0.202849,0.18934846,281.68036,0.16305602,0.16305602,0.0,0.0,0.0,0.0,11.295454545454547,26.765384615384615,58.32692307692307,37.82692307692307,37.82692307692307,False,60.5,62.849999999999994,2.35,0.0,,100.0,False,50.0,0.0,0.0,0.0,0.0,2026-09-27T02:30,interpolated_hourly,0,NE,sun below horizon — no direct-sun posture,,,,not specified,Environmental scores are skin-type independent.,not personalized
2026-09-27 03:00:00,0.0,0.0,0.0,34.03202,-118.52633,86.0,62.02268600463867,1.0,0.0,0.29964366699060574,0.3277847788823869,0.20689655172413796,0.7931034482758621,0.18296754030826057,0.8170324596917395,0.0,0.0,0.0,67.0,0.0,0.0,0.6,38.4,35.7,345.0,441.0,75.0,5.1,0.0,1360.0,0.15,0.0,0.0,0.0,88.0,88.0,29.0,10.0,134.89028877615644,-44.89028877615644,51.54847669046467,0.0,0.0,0.0,0.0,0.0,0.0,0.29964366699060574,0.0,22.11111111111111,62.0,100.08,0.15,0.20867017,0.19482836,281.63815,0.16305602,0.16305602,0.0,0.0,0.0,0.0,9.681818181818183,26.76923076923077,58.94615384615385,38.04615384615384,38.04615384615384,False,62.0,62.9,2.1,0.0,,100.0,False,50.0,0.0,0.0,0.0,0.0,2026-09-27T03:00,interpolated_hourly,0,NE,sun below horizon — no direct-sun posture,,,,not specified,Environmental scores are skin-type independent.,not personalized
2026-09-27 03:30:00,0.0,0.0,0.0,34.03202,-118.52633,86.0,62.02268600463867,1.0,0.0,0.2919501133786848,0.3159867318238994,0.18103448275862072,0.8189655172413792,0.160096597769728,0.839903402230272,0.0,0.0,0.0,68.5,0.0,0.0,0.6,40.05,37.35,353.5,441.0,74.5,5.15,0.0,1360.0,0.155,0.0,0.0,0.0,88.0,88.0,28.5,8.0,129.59088825534076,-39.590888255340765,58.46919513434105,0.0,0.0,0.0,0.0,0.0,0.0,0.2919501133786848,0.0,22.0,62.0,100.07,0.155,0.21056455,0.19662982,281.7865,0.16304156,0.16304156,0.0,0.0,0.0,0.0,8.06818181818182,26.773076923076925,59.565384615384616,38.26538461538461,38.26538461538461,False,62.0,62.75,1.75,0.0,,100.0,False,50.0,0.0,0.0,0.0,0.0,2026-09-27T03:30,interpolated_hourly,0,ENE,sun below horizon — no direct-sun posture,,,,not specified,Environmental scores are skin-type independent.,not personalized
2026-09-27 04:00:00,0.0,0.0,0.0,34.03202,-118.52633,86.0,62.02268600463867,1.0,0.0,0.28425655976676384,0.30418868476541194,0.15517241379310348,0.8448275862068966,0.13722565523119545,0.8627743447688045,0.0,0.0,0.0,70.0,0.0,0.0,0.6,41.7,39.0,362.0,441.0,74.0,5.2,0.0,1360.0,0.16,0.0,0.0,0.0,88.0,88.0,28.0,6.0,124.29148773452509,-34.29148773452509,65.38991357821743,0.0,0.0,0.0,0.0,0.0,0.0,0.28425655976676384,0.0,21.888888888888893,62.0,100.06,0.16,0.21245894,0.19843128,281.9348,0.16302711,0.16302711,0.0,0.0,0.0,0.0,6.454545454545453,26.776923076923076,60.184615384615384,38.48461538461538,38.48461538461538,False,62.0,62.6,1.4,0.0,,100.0,False,50.0,0.0,0.0,0.0,0.0,2026-09-27T04:00,interpolated_hourly,0,ENE,sun below horizon — no direct-sun posture,,,,not specified,Environmental scores are skin-type independent.,not personalized
2026-09-27 04:30:00,0.0,0.0,0.0,34.03202,-118.52633,86.0,62.02268600463867,1.0,0.0,0.27656300615484286,0.2923906377069244,0.12931034482758624,0.8706896551724137,0.1143547126926629,0.8856452873073372,0.0,0.0,0.0,75.0,2.0,0.0,0.6,42.95,40.3,367.5,441.0,73.6,5.25,0.0,1360.0,0.165,0.0,0.0,0.0,87.5,87.5,28.0,4.5,118.43040428706544,-28.430404287065436,70.72711601500347,0.0,0.0,0.0,0.0,0.0,0.0,0.27656300615484286,0.0,21.833333333333336,62.0,100.065,0.165,0.21065691,0.19675657,281.88367,0.16264674,0.16264674,0.0,0.0,0.0,0.0,4.84090909090909,26.78076923076923,60.80384615384615,38.70384615384615,38.70384615384615,False,62.0,62.5,1.25,0.0,,100.0,False,50.0,0.0,0.0,0.0,0.0,2026-09-27T04:30,interpolated_hourly,0,ENE,sun below horizon — no direct-sun posture,,,,not specified,Environmental scores are skin-type independent.,not personalized
2026-09-27 05:00:00,0.0,0.0,0.0,34.03202,-118.52633,86.0,62.02268600463867,1.0,0.0,0.26886945254292194,0.2805925906484369,0.10344827586206895,0.896551724137931,0.09148377015413034,0.9085162298458698,0.0,0.0,0.0,80.0,4.0,0.0,0.6,44.2,41.6,373.0,441.0,73.2,5.3,0.0,1360.0,0.17,0.0,0.0,0.0,87.0,87.0,28.0,3.0,112.56932083960578,-22.569320839605776,76.06431845178952,0.0,0.0,0.0,0.0,0.0,0.0,0.26886945254292194,0.0,21.77777777777778,62.0,100.07000000000001,0.17,0.2088549,0.19508184,281.83255,0.16226637,0.16226637,0.0,0.0,0.0,0.0,3.2272727272727266,26.784615384615385,61.42307692307692,38.92307692307692,38.92307692307692,False,62.0,62.4,1.1,0.0,,100.0,False,50.0,0.0,0.0,0.0,0.0,2026-09-27T05:00,interpolated_hourly,0,ENE,sun below horizon — no direct-sun posture,,,,not specified,Environmental scores are skin-type independent.,not personalized
2026-09-27 05:30:00,0.0,0.0,0.0,34.03202,-118.52633,86.0,62.02268600463867,1.0,0.0,0.26117589893100096,0.2687945435899494,0.07758620689655171,0.9224137931034483,0.06861282761559773,0.9313871723844023,0.0,0.0,0.0,83.5,5.0,0.0,0.6,44.2,41.6,373.0,441.0,73.2,5.3,0.0,1360.0,0.17,0.0,0.0,0.0,87.0,87.0,28.0,2.0,106.44623477529504,-16.44623477529504,80.58801689311687,0.0,0.0,0.0,0.0,0.0,0.0,0.26117589893100096,3.0,21.72222222222222,61.5,100.075,0.17,0.2088549,0.19508184,281.83255,0.16226637,0.16226637,0.0,0.0,0.0,0.0,1.6136363636363669,26.78846153846154,62.04230769230769,39.14230769230769,39.14230769230769,False,61.5,62.2,0.8,0.0,,100.0,False,50.0,0.0,0.0,0.0,0.0,2026-09-27T05:30,interpolated_hourly,0,E,sun below horizon — no direct-sun posture,,,,not specified,Environmental scores are skin-type independent.,not personalized
2026-09-27 06:00:00,0.0,0.0,0.0,34.03202,-118.52633,86.0,62.02268600463867,1.0,0.0,0.25348234531908,0.2569964965314619,0.051724137931034475,0.9482758620689655,0.045741885077065225,0.9542581149229349,0.0,0.0,0.0,87.0,6.0,0.0,0.6,44.2,41.6,373.0,441.0,73.2,5.3,0.0,1360.0,0.17,0.0,0.0,0.0,87.0,87.0,28.0,1.0,100.3231487109843,-10.323148710984302,85.11171533444423,0.0,0.0,0.0,0.0,0.0,0.0,0.25348234531908,6.0,21.666666666666668,61.0,100.08,0.17,0.2088549,0.19508184,281.83255,0.16226637,0.16226637,0.0,0.0,0.0,0.0,0.0,26.79230769230769,62.66153846153846,39.36153846153846,39.36153846153846,False,61.0,62.0,0.5,0.0,,100.0,False,50.0,0.0,0.0,0.0,0.0,2026-09-27T06:00,interpolated_hourly,0,E,sun below horizon — no direct-sun posture,,,,not specified,Environmental scores are skin-type independent.,not personalized
2026-09-27 06:30:00,0.0,2.1,24.85,34.03202,-118.52633,86.0,62.02268600463867,1.0,0.0,0.24578879170715903,0.24519844947297437,0.025862068965517238,0.9741379310344828,0.022870942538532613,0.9771290574614674,0.0,0.0,0.0,83.5,5.0,2.65,0.725,44.2,41.6,373.0,441.0,73.2,5.3,0.0,1360.0,0.17,0.0,0.0,0.0,87.0,87.0,28.0,1.0,93.9811184324596,-3.9811184324596045,89.33945970917696,1.4039739889444587,4.287321587472343,1.2273619542604488,0.5,0.0,0.5,0.24578879170715903,6.0,21.72222222222222,60.0,100.1,0.17,0.2088549,0.19508184,281.83255,0.16226637,0.18113318,0.0,0.0,0.0,0.4,3.3,26.796153846153846,63.28076923076923,39.58076923076923,39.58076923076923,False,60.0,61.85,1.0,0.0,,100.0,False,50.0,0.0,0.0,0.0,0.0,2026-09-27T06:30,interpolated_hourly,0,E,sun below horizon — no direct-sun posture,,,,not specified,Environmental scores are skin-type independent.,not personalized
2026-09-27 07:00:00,1.0,4.2,49.7,34.03202,-118.52633,86.0,62.02268600463867,1.0,0.0,0.23809523809523808,0.2334004024144869,0.0,1.0,0.0,1.0,0.0,0.0,0.0,80.0,4.0,5.3,0.85,44.2,41.6,373.0,441.0,73.2,5.3,0.0,1360.0,0.17,0.0,0.0,0.0,87.0,87.0,28.0,1.0,87.6390881539349,2.3609118460650933,93.5672040839097,2.8079479778889174,8.574643174944686,2.4547239085208976,1.0,0.0,1.0,0.23809523809523808,6.0,21.77777777777778,59.0,100.12,0.17,0.2088549,0.19508184,281.83255,0.16226637,0.2,0.762,0.0055,0.4,0.8,6.6,26.8,63.9,39.8,39.8,False,59.0,61.7,1.5,0.0,87.6,100.0,False,50.0,1.2,1.2,0.0,11.6,2026-09-27T07:00,interpolated_hourly,0,E,"sun low 2° (E) — face E, lift torso ~88° toward the sun if comfortable",,,,not specified,Environmental scores are skin-type independent.,not personalized
2026-09-27 07:30:00,1.0,99.7,194.05,34.03202,-118.52633,86.0,62.02268600463867,1.0,0.0,0.38031811085089773,0.3773384990795839,0.3480392156862745,0.6519607843137255,0.3480725623582766,0.6519274376417233,0.5,0.0,0.0,88.0,21.5,34.7,0.925,44.2,41.6,373.0,441.0,73.2,5.3,0.0,1360.0,0.17,0.0,0.0,0.0,87.0,87.0,28.0,1.0,81.59646472143022,8.403535278569775,97.91406127435926,79.50105875166751,193.48936040109984,32.12419180924309,51.5,241.3,16.0,0.38031811085089773,8.0,22.333333333333336,57.0,100.14,0.17,0.2088549,0.19508184,281.83255,0.16226637,0.2,2.5551432098601117,0.020488567401221316,2.213283198456963,9.5,25.85,27.950000000000003,50.099999999999994,35.7,35.7,False,57.0,62.05,1.05,0.0,81.6,100.0,False,50.0,5.3,5.3,0.2217377424374601,73.94811013757713,2026-09-27T07:30,interpolated_hourly,0,E,"sun low 8° (E) — face E, lift torso ~82° toward the sun if comfortable",,,,not specified,Environmental scores are skin-type independent.,not personalized
2026-09-27 08:00:00,1.0,195.2,338.4,34.03202,-118.52633,86.0,62.02268600463867,1.0,0.0,0.5225409836065574,0.5212765957446809,0.696078431372549,0.30392156862745096,0.6961451247165532,0.30385487528344673,1.0,0.0,0.0,96.0,39.0,64.1,1.0,44.2,41.6,373.0,441.0,73.2,5.3,0.0,1360.0,0.17,0.0,0.0,0.0,87.0,87.0,28.0,1.0,75.55384128892554,14.446158711074457,102.26091846480881,156.1941695254461,378.404077627255,61.79365970996528,102.0,482.6,31.0,0.5225409836065574,10.0,22.888888888888893,55.0,100.16,0.17,0.2088549,0.19508184,281.83255,0.16226637,0.2,5.734,0.0407,5.0,18.2,45.1,29.1,36.3,31.6,31.6,False,55.0,62.4,0.6,0.0,75.6,100.0,False,50.0,10.0,10.0,0.5,176.4,2026-09-27T08:00,interpolated_hourly,0,ESE,"sun low 14° (ESE) — face ESE, lift torso ~76° toward the sun if comfortable",,,,not specified,Environmental scores are skin-type independent.,not personalized
2026-09-27 08:30:00,1.0,334.2,470.4,34.03202,-118.52633,86.0,62.02268600463867,0.9722222222222222,0.027777777777777787,0.5486753945927969,0.547905894153881,0.6458333333333333,0.35416666666666663,0.6458188784518911,0.35418112154810877,1.0,0.0,0.0,95.0,46.0,63.849999999999994,1.0,44.2,41.6,373.0,441.0,73.2,5.3,0.0,1360.0,0.17,0.0,0.0,0.0,87.0,87.0,28.0,1.0,69.63690185423934,20.363098145760667,107.16493038761956,260.60693174316265,491.89980860315944,79.38456972469625,187.0,474.0,70.5,0.5486753945927969,50.5,23.52777777777778,52.5,100.185,0.17,0.2088549,0.19508184,281.83255,0.16226637,0.2,10.647457339278763,0.12910904973232132,9.822163684827096,26.85,44.7,34.75,39.0,36.25,36.25,False,52.5,62.75,1.1,0.0,69.6,100.0,False,50.0,16.2,16.2,1.0975266978790839,260.0765022567039,2026-09-27T08:30,interpolated_hourly,0,ESE,"sun low 20° (ESE) — face ESE, lift torso ~70° toward the sun if comfortable",,,,not specified,Environmental scores are skin-type independent.,not personalized
2026-09-27 09:00:00,1.0,473.2,602.4,34.03202,-118.52633,86.0,62.02268600463867,0.9444444444444444,0.05555555555555558,0.5748098055790364,0.574535192563081,0.5955882352941176,0.40441176470588236,0.595492632187229,0.40450736781277086,1.0,0.0,0.0,94.0,53.0,63.6,1.0,44.2,41.6,373.0,441.0,73.2,5.3,0.0,1360.0,0.17,0.0,0.0,0.0,87.0,87.0,28.0,1.0,63.71996241955313,26.280037580446873,112.06894231043032,365.0196939608792,605.3955395790639,96.97547973942721,272.0,465.4,110.0,0.5748098055790364,91.0,24.166666666666668,50.0,100.21000000000001,0.17,0.2088549,0.19508184,281.83255,0.16226637,0.2,15.657,0.2181,14.7,35.5,44.3,40.4,41.7,40.9,40.9,False,50.0,63.1,1.6,0.0,63.7,100.0,False,50.0,21.8,21.8,1.7,346.1,2026-09-27T09:00,interpolated_hourly,3,ESE,"sun low 26° (ESE) — face ESE, lift torso ~64° toward the sun if comfortable",,,,not specified,Environmental scores are skin-type independent.,not personalized
2026-09-27 09:30:00,1.0,595.25,713.0999999999999,34.03202,-118.52633,86.0,62.02268600463867,0.9287439613526569,0.07125603864734303,0.6031723641027762,0.6029388757182971,0.6134674068302818,0.3865325931697182,0.6134548336863851,0.3865451663136148,1.0,0.0,5.684341886080802e-14,90.5,28.5,68.1,1.0,44.2,41.6,373.0,441.0,73.2,5.3,0.0,1360.0,0.17,0.0,0.0,0.0,87.0,87.0,28.0,1.0,58.24547212562006,31.75452787437994,118.10842246773575,457.30343585576975,659.9362803281551,107.15115467009312,362.5,503.95,138.5,0.6031723641027762,87.0,24.77777777777778,47.0,100.21000000000001,0.17,0.2088549,0.19508184,281.83255,0.16226637,0.2,21.585411114784556,0.41227875515233625,20.60085620222206,43.45,40.2,43.25,41.7,42.75,42.75,False,47.0,63.2,2.6,0.0,58.2,100.0,False,50.0,27.5,27.5,2.4269352621541818,433.7915434927934,2026-09-27T09:30,interpolated_hourly,3,ESE,"sun 32° up (ESE) — lay flat, or lift torso ~58° toward ESE to face it",,,,not specified,Environmental scores are skin-type independent.,not personalized
2026-09-27 10:00:00,1.0,717.3,823.8,34.03202,-118.52633,86.0,62.02268600463867,0.9130434782608695,0.08695652173913049,0.6315349226265161,0.6313425588735131,0.6313465783664459,0.3686534216335541,0.6314170351855412,0.36858296481445874,1.0,0.0,1.1368683772161603e-13,87.0,4.0,72.6,1.0,44.2,41.6,373.0,441.0,73.2,5.3,0.0,1360.0,0.17,0.0,0.0,0.0,87.0,87.0,28.0,1.0,52.770981831686996,37.229018168313004,124.14790262504118,549.5871777506603,714.4770210772465,117.32682960075903,453.0,542.5,167.0,0.6315349226265161,83.0,25.388888888888893,44.0,100.21000000000001,0.17,0.2088549,0.19508184,281.83255,0.16226637,0.2,27.445,0.6058,26.4,51.4,36.1,46.1,41.7,44.6,44.6,False,44.0,63.3,3.6,0.0,52.8,100.0,False,50.0,32.6,32.6,3.15,520.1,2026-09-27T10:00,interpolated_hourly,3,SE,"sun 37° up (SE) — lay flat, or lift torso ~53° toward SE to face it",,,,not specified,Environmental scores are skin-type independent.,not personalized
2026-09-27 10:30:00,1.0,814.05,905.5,34.03202,-118.52633,86.0,62.02268600463867,0.9515712440809299,0.0484287559190702,0.6835759812956911,0.6834285727916998,0.7350762742578498,0.2649237257421502,0.735141102636153,0.26492775840227134,1.0,0.0,-0.049999999999954525,89.0,8.5,82.5,1.0,44.2,41.6,373.0,441.0,73.2,5.3,0.0,1360.0,0.17,0.0,0.0,0.0,87.0,87.0,28.0,1.0,48.155236692117946,41.844763307882054,132.11539580487965,618.8482138106472,742.3413148698098,123.55711503479816,561.5,691.25,137.5,0.6835759812956911,76.0,25.888888888888893,41.5,100.20500000000001,0.17,0.2088549,0.19508184,281.83255,0.16226637,0.2,33.889402605708206,0.830570238193587,33.25312116087862,60.95,37.400000000000006,52.85,39.7,48.25,48.25,False,41.5,63.25,4.3,0.0,48.2,100.0,False,50.0,39.0,39.0,4.079028286398153,624.3325231315479,2026-09-27T10:30,interpolated_hourly,3,SE,"sun 42° up (SE) — lay flat, or lift torso ~48° toward SE to face it",,,,not specified,Environmental scores are skin-type independent.,not personalized
2026-09-27 11:00:00,1.0,910.8,987.2,34.03202,-118.52633,86.0,62.02268600463867,0.9900990099009901,0.00990099009900991,0.735617039964866,0.7355145867098866,0.8388059701492537,0.16119402985074627,0.8388651700867649,0.161272551990084,1.0,0.0,-0.10000000000002274,91.0,13.0,92.4,1.0,44.2,41.6,373.0,441.0,73.2,5.3,0.0,1360.0,0.17,0.0,0.0,0.0,87.0,87.0,28.0,1.0,43.539491552548895,46.460508447451105,140.08288898471812,688.109249870634,770.205608662373,129.7874004688373,670.0,840.0,108.0,0.735617039964866,69.0,26.38888888888889,39.0,100.2,0.17,0.2088549,0.19508184,281.83255,0.16226637,0.2,40.2,1.0537,40.0,70.5,38.7,59.6,37.7,51.9,51.9,False,39.0,63.2,5.0,0.0,43.5,100.0,False,50.0,45.1,45.1,5.0,726.1,2026-09-27T11:00,interpolated_hourly,2,SE,"sun 46° up (SE) — lay flat, or lift torso ~44° toward SE to face it",,,,not specified,Environmental scores are skin-type independent.,not personalized
2026-09-27 11:30:00,1.0,975.65,1034.5,34.03202,-118.52633,86.0,62.02268600463867,0.8244145843155745,0.17558541568442554,0.6071165449704196,0.6070344240630224,0.7175957561589642,0.2824042438410358,0.7175782292388624,0.28239405076807655,1.0,0.0,0.0,92.0,18.5,78.85000000000001,1.0,44.2,41.6,373.0,441.0,73.2,5.3,0.0,1360.0,0.17,0.0,0.0,0.0,87.0,87.0,28.0,1.0,40.47943059686614,49.52056940313386,150.68425661100792,728.3877640537612,783.1751364684462,133.07411369554376,584.0,614.35,154.5,0.6071165449704196,76.0,26.02777777777778,40.5,100.195,0.17,0.2088549,0.19508184,281.83255,0.16226637,0.2,37.15856308532837,0.9781117875387179,36.94951798206317,64.75,20.900000000000002,62.75,33.7,52.55,52.55,False,40.5,63.150000000000006,5.7,0.0,40.5,100.0,False,50.0,40.0,40.0,4.617543522845562,633.5200368112978,2026-09-27T11:30,interpolated_hourly,2,SSE,"sun 50° up (SSE) — lay flat, or lift torso ~40° toward SSE to face it",,,,not specified,Environmental scores are skin-type independent.,not personalized
2026-09-27 12:00:00,1.0,1040.5,1081.8,34.03202,-118.52633,86.0,62.02268600463867,0.6587301587301588,0.34126984126984117,0.47861604997597307,0.4785542614161583,0.5963855421686747,0.4036144578313253,0.5962912883909599,0.4035155495460691,1.0,0.0,0.10000000000002274,93.0,24.0,65.3,1.0,44.2,41.6,373.0,441.0,73.2,5.3,0.0,1360.0,0.17,0.0,0.0,0.0,87.0,87.0,28.0,1.0,37.41936964118338,52.58063035881662,161.28562423729772,768.6662782368884,796.1446642745195,136.36082692225023,498.0,388.7,201.0,0.47861604997597307,83.0,25.666666666666668,42.0,100.19,0.17,0.2088549,0.19508184,281.83255,0.16226637,0.2,32.754,0.8845,32.8,59.0,3.1,65.9,29.7,53.2,53.2,False,42.0,63.1,6.4,0.0,37.4,100.0,False,50.0,30.4,30.4,4.15,517.7,2026-09-27T12:00,interpolated_hourly,3,SSE,"sun 53° up (SSE) — lay flat, or lift torso ~37° toward SSE to face it",,,,not specified,Environmental scores are skin-type independent.,not personalized
2026-09-27 12:30:00,1.0,1069.05,1091.3,34.03202,-118.52633,86.0,62.02268600463867,0.6256613756613757,0.3743386243386243,0.4506782873786571,0.45062342431273034,0.5751324262567512,0.4248675737432489,0.5750637615391292,0.4248396574293853,1.0,0.0,0.05000000000003979,93.5,30.5,62.65,1.0,44.2,41.6,373.0,441.0,73.2,5.3,0.0,1360.0,0.17,0.0,0.0,0.0,87.0,87.0,28.0,1.0,36.75059220106644,53.24940779893356,173.82997693044655,776.7996670144282,798.5363289607551,137.0012100331346,481.0,353.79999999999995,204.0,0.4506782873786571,88.0,24.972222222222225,45.0,100.175,0.17,0.2088549,0.19508184,281.83255,0.16226637,0.2,31.972013329189,0.8677399660682676,32.19875128524167,57.85,2.45,67.15,25.7,52.650000000000006,52.650000000000006,False,45.0,62.900000000000006,7.2,0.0,36.8,100.0,False,50.0,29.3,29.3,4.094060856464272,496.10874668654765,2026-09-27T12:30,interpolated_hourly,3,S,"sun 53° up (S) — lay flat, or lift torso ~37° toward S to face it",,,,not specified,Environmental scores are skin-type independent.,not personalized
2026-09-27 13:00:00,1.0,1097.6,1100.8,34.03202,-118.52633,86.0,62.02268600463867,0.5925925925925926,0.40740740740740744,0.42274052478134116,0.42269258720930236,0.5538793103448276,0.44612068965517243,0.5538362346872985,0.44616376531270147,1.0,0.0,5.684341886080802e-14,94.0,37.0,60.0,1.0,44.2,41.6,373.0,441.0,73.2,5.3,0.0,1360.0,0.17,0.0,0.0,0.0,87.0,87.0,28.0,1.0,36.081814760949506,53.918185239050494,186.37432962359534,784.9330557919682,800.9279936469906,137.641593144019,464.0,318.9,207.0,0.42274052478134116,93.0,24.277777777777782,48.0,100.16,0.17,0.2088549,0.19508184,281.83255,0.16226637,0.2,30.596,0.8429,31.1,56.7,1.8,68.4,21.7,52.1,52.1,False,48.0,62.7,8.0,0.0,36.1,100.0,False,50.0,27.7,27.7,4.0,465.3,2026-09-27T13:00,interpolated_hourly,3,S,"sun 54° up (S) — lay flat, or lift torso ~36° toward S to face it",,,,not specified,Environmental scores are skin-type independent.,not personalized
2026-09-27 13:30:00,1.0,1087.9,1071.9499999999998,34.03202,-118.52633,86.0,62.02268600463867,0.5753660637381568,0.42463393626184326,0.4038206426540726,0.40380147527467325,0.5432047154133777,0.45679528458662233,0.5431696740061649,0.45683032599383516,1.0,0.0,2.842170943040401e-14,94.0,43.0,57.65,1.0,44.2,41.6,373.0,441.0,73.2,5.3,0.0,1360.0,0.17,0.0,0.0,0.0,87.0,87.0,28.0,1.0,38.05013013548793,51.94986986451207,198.17457333123545,760.2946149849614,793.4587700070674,135.67876175776627,439.5,299.1,200.5,0.4038206426540726,96.5,23.833333333333336,50.0,100.14,0.17,0.2088549,0.19508184,281.83255,0.16226637,0.2,29.42801345935169,0.8019671861601012,29.79113244398587,55.1,2.0,67.80000000000001,19.549999999999997,50.95,50.95,False,50.0,62.55,8.55,0.0,38.1,100.0,False,50.0,27.0,27.0,3.8143504692513726,436.6795984963543,2026-09-27T13:30,interpolated_hourly,3,SSW,"sun 52° up (SSW) — lay flat, or lift torso ~38° toward SSW to face it",,,,not specified,Environmental scores are skin-type independent.,not personalized
2026-09-27 14:00:00,1.0,1078.2,1043.1,34.03202,-118.52633,86.0,62.02268600463867,0.5581395348837209,0.4418604651162791,0.38490076052680394,0.38491036334004414,0.5325301204819277,0.4674698795180723,0.5325031133250312,0.46749688667496886,1.0,0.0,0.0,94.0,49.0,55.3,1.0,44.2,41.6,373.0,441.0,73.2,5.3,0.0,1360.0,0.17,0.0,0.0,0.0,87.0,87.0,28.0,1.0,40.01844551002636,49.98155448997364,209.97481703887556,735.6561741779547,785.9895463671444,133.71593037151354,415.0,279.3,194.0,0.38490076052680394,100.0,23.388888888888886,52.0,100.12,0.17,0.2088549,0.19508184,281.83255,0.16226637,0.2,27.818,0.755,28.1,53.5,2.2,67.2,17.4,49.8,49.8,False,52.0,62.4,9.1,0.0,40.0,100.0,False,50.0,26.1,26.1,3.6,401.5,2026-09-27T14:00,interpolated_hourly,3,SSW,"sun 50° up (SSW) — lay flat, or lift torso ~40° toward SSW to face it",,,,not specified,Environmental scores are skin-type independent.,not personalized
2026-09-27 14:30:00,1.0,1030.85,977.8499999999999,34.03202,-118.52633,86.0,62.02268600463867,0.5668056164984643,0.4331943835015358,0.3454752912954304,0.34547950777127123,0.5204178841612297,0.47958211583877036,0.5202794836227733,0.4795414974012152,1.0,0.0,0.04999999999998295,95.0,46.0,52.3,1.0,44.2,41.6,373.0,441.0,73.2,5.3,0.0,1360.0,0.17,0.0,0.0,0.0,87.0,87.0,28.0,1.0,43.972680349879184,46.027319650120816,219.19692566801652,680.1370869799762,766.3324648332084,129.0015930460474,358.0,245.65,171.0,0.3454752912954304,100.0,23.555555555555557,51.0,100.1,0.17,0.2088549,0.19508184,281.83255,0.16226637,0.2,24.627756241134353,0.6297369481321055,25.382855497581968,49.2,2.45,57.8,17.799999999999997,43.8,43.8,False,51.0,62.4,9.0,0.0,44.0,100.0,False,50.0,24.1,24.1,3.327044335487806,340.8187102137263,2026-09-27T14:30,interpolated_hourly,3,SW,"sun 46° up (SW) — lay flat, or lift torso ~44° toward SW to face it",,,,not specified,Environmental scores are skin-type independent.,not personalized
2026-09-27 15:00:00,1.0,983.5,912.6,34.03202,-118.52633,86.0,62.02268600463867,0.5754716981132075,0.42452830188679247,0.30604982206405695,0.3060486522024984,0.5083056478405316,0.49169435215946844,0.5080558539205156,0.4915861081274615,1.0,0.0,0.0999999999999659,96.0,43.0,49.3,1.0,44.2,41.6,373.0,441.0,73.2,5.3,0.0,1360.0,0.17,0.0,0.0,0.0,87.0,87.0,28.0,1.0,47.926915189732014,42.073084810267986,228.41903429715748,624.6179997819978,746.6753832992725,124.28725572058124,301.0,212.0,148.0,0.30604982206405695,100.0,23.722222222222225,50.0,100.08,0.17,0.2088549,0.19508184,281.83255,0.16226637,0.2,21.377,0.5037,22.6,44.9,2.7,48.4,18.2,37.8,37.8,False,50.0,62.4,8.9,0.0,47.9,100.0,False,50.0,21.9,21.9,3.05,279.3,2026-09-27T15:00,interpolated_hourly,3,SW,"sun 42° up (SW) — lay flat, or lift torso ~48° toward SW to face it",,,,not specified,Environmental scores are skin-type independent.,not personalized
2026-09-27 15:30:00,1.0,901.8,815.35,34.03202,-118.52633,86.0,62.02268600463867,0.6025506638714186,0.3974493361285814,0.3200777094712432,0.32006234309052645,0.5242258166209957,0.4757741833790043,0.5241404738547972,0.47568050716919136,1.0,0.0,0.04999999999999716,95.0,41.0,49.099999999999994,1.0,44.2,41.6,373.0,441.0,73.2,5.3,0.0,1360.0,0.17,0.0,0.0,0.0,87.0,87.0,28.0,1.0,53.04678663844248,36.95321336155752,235.29730093088298,542.7140536209502,707.5560889944293,116.26509398374824,287.5,229.0,137.0,0.3200777094712432,100.0,24.194444444444446,48.0,100.05,0.17,0.2088549,0.19508184,281.83255,0.16226637,0.2,19.684681881812296,0.42110919210895775,20.822913038602607,41.9,10.0,46.0,21.95,37.55,37.55,False,48.0,62.55,8.5,0.0,53.0,100.0,False,50.0,23.5,23.5,2.8198152287578178,263.2873108618926,2026-09-27T15:30,interpolated_hourly,3,SW,"sun 37° up (SW) — lay flat, or lift torso ~53° toward SW to face it",,,,not specified,Environmental scores are skin-type independent.,not personalized
2026-09-27 16:00:00,1.0,820.1,718.1,34.03202,-118.52633,86.0,62.02268600463867,0.6296296296296297,0.37037037037037035,0.33410559687842944,0.3340760339785545,0.5401459854014599,0.45985401459854014,0.5402250937890788,0.4597749062109212,1.0,0.0,2.842170943040401e-14,94.0,39.0,48.9,1.0,44.2,41.6,373.0,441.0,73.2,5.3,0.0,1360.0,0.17,0.0,0.0,0.0,87.0,87.0,28.0,1.0,58.16665808715294,31.833341912847057,242.17556756460849,460.81010745990244,668.436794689586,108.24293224691525,274.0,246.0,126.0,0.33410559687842944,100.0,24.66666666666667,46.0,100.02000000000001,0.17,0.2088549,0.19508184,281.83255,0.16226637,0.2,17.441,0.3326,18.6,38.9,17.3,43.6,25.7,37.3,37.3,False,46.0,62.7,8.1,0.0,58.2,100.0,False,50.0,22.9,22.9,2.55,239.9,2026-09-27T16:00,interpolated_hourly,3,WSW,"sun 32° up (WSW) — lay flat, or lift torso ~58° toward WSW to face it",,,,not specified,Environmental scores are skin-type independent.,not personalized
2026-09-27 16:30:00,1.0,709.5,595.5,34.03202,-118.52633,86.0,62.02268600463867,0.6801994301994302,0.3198005698005698,0.3607412272253226,0.3606307427241049,0.5610212685627989,0.4389787314372011,0.5609372328584935,0.4387896923190051,1.0,0.0,0.05000000000001137,90.5,36.0,49.099999999999994,1.0,44.2,41.6,373.0,441.0,73.2,5.3,0.0,1360.0,0.17,0.0,0.0,0.0,87.0,87.0,28.0,1.0,63.90763218769246,26.09236781230754,247.5489421990789,360.456244576342,590.4203445868025,95.07156657554103,253.0,276.75,111.5,0.3607412272253226,98.5,24.888888888888893,44.5,100.0,0.17,0.2088549,0.19508184,281.83255,0.16226637,0.2,14.970761443122797,0.23103506507876387,16.19311404539829,36.099999999999994,46.45,35.95,30.65,34.099999999999994,34.099999999999994,False,44.5,62.6,7.699999999999999,0.0,63.9,100.0,False,50.0,22.7,22.7,2.2521490462223417,216.6928582822661,2026-09-27T16:30,interpolated_hourly,3,WSW,"sun low 26° (WSW) — face WSW, lift torso ~64° toward the sun if comfortable",,,,not specified,Environmental scores are skin-type independent.,not personalized
2026-09-27 17:00:00,1.0,598.9,472.9,34.03202,-118.52633,86.0,62.02268600463867,0.7307692307692307,0.2692307692307693,0.38737685757221574,0.38718545146965533,0.5818965517241379,0.41810344827586204,0.5816493719279082,0.417804478427089,1.0,0.0,0.09999999999999432,87.0,33.0,49.3,1.0,44.2,41.6,373.0,441.0,73.2,5.3,0.0,1360.0,0.17,0.0,0.0,0.0,87.0,87.0,28.0,1.0,69.64860628823197,20.351393711768022,252.9223168335493,260.10238169278153,512.4038944840189,81.90020090416681,232.0,307.5,97.0,0.38737685757221574,97.0,25.111111111111114,43.0,99.97999999999999,0.17,0.2088549,0.19508184,281.83255,0.16226637,0.2,11.783,0.1239,13.2,33.3,75.6,28.3,35.6,30.9,30.9,False,43.0,62.5,7.3,0.0,69.6,100.0,False,50.0,20.5,20.5,1.9,183.1,2026-09-27T17:00,interpolated_hourly,3,WSW,"sun low 20° (WSW) — face WSW, lift torso ~70° toward the sun if comfortable",,,,not specified,Environmental scores are skin-type independent.,not personalized
2026-09-27 17:30:00,1.0,467.04999999999995,333.29999999999995,34.03202,-118.52633,86.0,62.02268600463867,0.8219063545150502,0.17809364548494983,0.4785929633923131,0.4777951005412293,0.6234090088463622,0.3765909911536378,0.6232497540838451,0.37647717109365353,1.0,0.0,0.04999999999999716,76.5,27.0,51.4,1.0,44.2,41.6,373.0,441.0,73.2,5.3,0.0,1360.0,0.17,0.0,0.0,0.0,87.0,87.0,28.0,1.0,75.68649602416338,14.313503975836614,257.47452933585055,159.19791060213643,346.07889448111086,57.1603787437367,211.5,412.55,80.5,0.4785929633923131,88.0,24.888888888888893,43.5,99.975,0.17,0.2088549,0.19508184,281.83255,0.16226637,0.2,10.428487874441913,0.08696582717191312,11.199595188227573,27.5,87.8,28.6,50.349999999999994,36.25,36.25,False,43.5,62.3,6.6,0.0,75.7,100.0,False,50.0,18.8,18.8,1.5445465993807568,160.75036248285414,2026-09-27T17:30,interpolated_hourly,3,WSW,"sun low 14° (WSW) — face WSW, lift torso ~76° toward the sun if comfortable",,,,not specified,Environmental scores are skin-type independent.,not personalized
2026-09-27 18:00:00,1.0,335.2,193.7,34.03202,-118.52633,86.0,62.02268600463867,0.9130434782608696,0.08695652173913038,0.5698090692124105,0.5684047496128033,0.6649214659685864,0.33507853403141363,0.6648501362397821,0.335149863760218,1.0,0.0,0.0,66.0,21.0,53.5,1.0,44.2,41.6,373.0,441.0,73.2,5.3,0.0,1360.0,0.17,0.0,0.0,0.0,87.0,87.0,28.0,1.0,81.72438576009479,8.275614239905204,262.0267418381518,58.29343951149134,179.75389447820282,32.42055658330659,191.0,517.6,64.0,0.5698090692124105,79.0,24.66666666666667,44.0,99.97,0.17,0.2088549,0.19508184,281.83255,0.16226637,0.2,7.238,0.0422,7.7,21.7,100.0,28.9,65.1,41.6,41.6,False,44.0,62.1,5.9,0.0,81.7,100.0,False,50.0,15.0,15.0,1.05,110.1,2026-09-27T18:00,interpolated_hourly,2,W,"sun low 8° (W) — face W, lift torso ~82° toward the sun if comfortable",,,,not specified,Environmental scores are skin-type independent.,not personalized
2026-09-27 18:30:00,1.0,199.6,96.85,34.03202,-118.52633,86.0,62.02268600463867,0.9565217391304348,0.04347826086956519,0.48021703460620524,0.5465430284738493,0.6724607329842932,0.3275392670157068,0.6663143909755539,0.3336856090244461,0.8280597222222222,0.0,0.0,51.5,16.0,45.05,1.0,44.2,41.6,373.0,441.0,73.2,5.3,0.0,1360.0,0.17,0.0,0.0,0.0,87.0,87.0,28.0,1.0,87.97975159349839,2.0202484065016026,266.24984722811365,29.146719755745675,89.87694723910141,16.210278291653296,108.0,350.8,36.0,0.48021703460620524,66.5,24.222222222222225,46.0,99.975,0.17,0.2088549,0.19508184,281.83255,0.16226637,0.2,2.5333,0.017653526559868994,3.1354473174026247,11.25,70.05,28.996153846153845,65.14615384615384,41.67692307692308,41.67692307692308,False,46.0,62.05,5.25,0.0,88.0,100.0,False,50.0,7.6,7.6,0.5019960159204454,25.76529852616924,2026-09-27T18:30,interpolated_hourly,2,W,"sun low 2° (W) — face W, lift torso ~88° toward the sun if comfortable",,,,not specified,Environmental scores are skin-type independent.,not personalized
2026-09-27 19:00:00,0.0,64.0,0.0,34.03202,-118.52633,86.0,62.02268600463867,1.0,0.0,0.390625,0.5246813073348954,0.68,0.32,0.6677786457113258,0.3322213542886742,0.6561194444444445,0.0,0.0,37.0,11.0,36.6,1.0,44.2,41.6,373.0,441.0,73.2,5.3,0.0,1360.0,0.17,0.0,0.0,0.0,87.0,87.0,28.0,1.0,94.235117426902,-4.235117426901998,270.4729526180755,0.0,0.0,0.0,25.0,184.0,8.0,0.390625,54.0,23.77777777777778,48.0,99.97999999999999,0.17,0.2088549,0.19508184,281.83255,0.16226637,0.2,0.0,0.0,0.0,0.8,40.1,29.092307692307692,65.1923076923077,41.753846153846155,41.753846153846155,False,48.0,62.0,4.6,0.0,,100.0,False,50.0,0.0,0.0,0.0,0.0,2026-09-27T19:00,interpolated_hourly,2,W,sun below horizon — no direct-sun posture,,,,not specified,Environmental scores are skin-type independent.,not personalized
2026-09-27 19:30:00,0.0,32.0,0.0,34.03202,-118.52633,86.0,62.02268600463867,1.0,0.0,0.3743489583333333,0.5028195861959414,0.6809954751131222,0.31900452488687786,0.6692429004470977,0.33075709955290233,0.32805972222222224,0.0,0.0,32.0,5.5,18.3,0.8,44.2,41.6,373.0,441.0,73.2,5.3,0.0,1360.0,0.17,0.0,0.0,0.0,87.0,87.0,28.0,1.0,100.42898042739779,-10.428980427397782,274.77749450445845,0.0,0.0,0.0,12.5,92.0,4.0,0.3743489583333333,43.5,23.444444444444443,49.0,99.97999999999999,0.17,0.2088549,0.19508184,281.83255,0.16226637,0.2,0.0,0.0,0.0,0.4,38.27727272727273,29.18846153846154,65.23846153846154,41.830769230769235,41.830769230769235,False,49.0,61.7,4.15,0.0,,100.0,False,50.0,0.0,0.0,0.0,0.0,2026-09-27T19:30,interpolated_hourly,2,W,sun below horizon — no direct-sun posture,,,,not specified,Environmental scores are skin-type independent.,not personalized
2026-09-27 20:00:00,0.0,0.0,0.0,34.03202,-118.52633,86.0,62.02268600463867,1.0,0.0,0.3580729166666667,0.4809578650569874,0.6819909502262443,0.31800904977375566,0.6707071551828696,0.32929284481713045,0.0,0.0,0.0,27.0,0.0,0.0,0.6,44.2,41.6,373.0,441.0,73.2,5.3,0.0,1360.0,0.17,0.0,0.0,0.0,87.0,87.0,28.0,1.0,106.62284342789357,-16.622843427893567,279.0820363908413,0.0,0.0,0.0,0.0,0.0,0.0,0.3580729166666667,33.0,23.11111111111111,50.0,99.97999999999999,0.17,0.2088549,0.19508184,281.83255,0.16226637,0.2,0.0,0.0,0.0,0.0,36.45454545454545,29.284615384615382,65.28461538461538,41.90769230769231,41.90769230769231,False,50.0,61.4,3.7,0.0,,100.0,False,50.0,0.0,0.0,0.0,0.0,2026-09-27T20:00,interpolated_hourly,1,W,sun below horizon — no direct-sun posture,,,,not specified,Environmental scores are skin-type independent.,not personalized
2026-09-27 20:30:00,0.0,0.0,0.0,34.03202,-118.52633,86.0,62.02268600463867,1.0,0.0,0.341796875,0.45909614391803344,0.6829864253393666,0.3170135746606335,0.6721714099186414,0.32782859008135856,0.0,0.0,0.0,27.0,0.0,0.0,0.6,44.2,41.6,373.0,441.0,73.2,5.3,0.0,1360.0,0.17,0.0,0.0,0.0,87.0,87.0,28.0,1.0,112.65771004528223,-22.65771004528223,283.9167117712452,0.0,0.0,0.0,0.0,0.0,0.0,0.341796875,25.5,22.944444444444443,50.0,99.98499999999999,0.17,0.2088549,0.19508184,281.83255,0.16226637,0.2,0.0,0.0,0.0,0.0,34.63181818181818,29.38076923076923,65.33076923076922,41.98461538461539,41.98461538461539,False,50.0,61.2,3.25,0.0,,100.0,False,50.0,0.0,0.0,0.0,0.0,2026-09-27T20:30,interpolated_hourly,1,WNW,sun below horizon — no direct-sun posture,,,,not specified,Environmental scores are skin-type independent.,not personalized
2026-09-27 21:00:00,0.0,0.0,0.0,34.03202,-118.52633,86.0,62.02268600463867,1.0,0.0,0.3255208333333333,0.4372344227790794,0.6839819004524887,0.3160180995475113,0.6736356646544134,0.3263643353455867,0.0,0.0,0.0,27.0,0.0,0.0,0.6,44.2,41.6,373.0,441.0,73.2,5.3,0.0,1360.0,0.17,0.0,0.0,0.0,87.0,87.0,28.0,1.0,118.69257666267089,-28.692576662670888,288.7513871516491,0.0,0.0,0.0,0.0,0.0,0.0,0.3255208333333333,18.0,22.77777777777778,50.0,99.99,0.17,0.2088549,0.19508184,281.83255,0.16226637,0.2,0.0,0.0,0.0,0.0,32.80909090909091,29.476923076923075,65.37692307692308,42.06153846153846,42.06153846153846,False,50.0,61.0,2.8,0.0,,100.0,False,50.0,0.0,0.0,0.0,0.0,2026-09-27T21:00,interpolated_hourly,0,WNW,sun below horizon — no direct-sun posture,,,,not specified,Environmental scores are skin-type independent.,not personalized
2026-09-27 21:30:00,0.0,0.0,0.0,34.03202,-118.52633,86.0,62.02268600463867,1.0,0.0,0.3092447916666667,0.4153727016401255,0.6849773755656109,0.31502262443438916,0.6750999193901852,0.3249000806098148,0.0,0.0,0.0,27.0,0.0,0.0,0.6,44.2,41.6,373.0,441.0,73.2,5.3,0.0,1360.0,0.17,0.0,0.0,0.0,87.0,87.0,28.0,1.0,124.34490176346945,-34.34490176346945,294.7431850346374,0.0,0.0,0.0,0.0,0.0,0.0,0.3092447916666667,12.5,22.694444444444446,49.5,100.0,0.17,0.2088549,0.19508184,281.83255,0.16226637,0.2,0.0,0.0,0.0,0.0,30.986363636363638,29.573076923076922,65.42307692307692,42.13846153846154,42.13846153846154,False,49.5,60.7,2.05,0.0,,100.0,False,50.0,0.0,0.0,0.0,0.0,2026-09-27T21:30,interpolated_hourly,0,WNW,sun below horizon — no direct-sun posture,,,,not specified,Environmental scores are skin-type independent.,not personalized
2026-09-27 22:00:00,0.0,0.0,0.0,34.03202,-118.52633,86.0,62.02268600463867,1.0,0.0,0.29296875,0.3935109805011715,0.685972850678733,0.31402714932126696,0.6765641741259572,0.3234358258740429,0.0,0.0,0.0,27.0,0.0,0.0,0.6,44.2,41.6,373.0,441.0,73.2,5.3,0.0,1360.0,0.17,0.0,0.0,0.0,87.0,87.0,28.0,1.0,129.99722686426801,-39.99722686426801,300.7349829176257,0.0,0.0,0.0,0.0,0.0,0.0,0.29296875,7.0,22.611111111111114,49.0,100.01,0.17,0.2088549,0.19508184,281.83255,0.16226637,0.2,0.0,0.0,0.0,0.0,29.163636363636364,29.66923076923077,65.46923076923076,42.215384615384615,42.215384615384615,False,49.0,60.4,1.3,0.0,,100.0,False,50.0,0.0,0.0,0.0,0.0,2026-09-27T22:00,interpolated_hourly,0,WNW,sun below horizon — no direct-sun posture,,,,not specified,Environmental scores are skin-type independent.,not personalized
2026-09-27 22:30:00,0.0,0.0,0.0,34.03202,-118.52633,86.0,62.02268600463867,1.0,0.0,0.2766927083333333,0.37164925936221754,0.6869683257918553,0.3130316742081448,0.678028428861729,0.321971571138271,0.0,0.0,0.0,27.0,0.0,0.0,0.6,44.2,41.6,373.0,441.0,73.2,5.3,0.0,1360.0,0.17,0.0,0.0,0.0,87.0,87.0,28.0,1.0,134.85961211696144,-44.85961211696146,308.837164826969,0.0,0.0,0.0,0.0,0.0,0.0,0.2766927083333333,3.4999999999999996,22.5,49.0,100.01,0.17,0.2088549,0.19508184,281.83255,0.16226637,0.2,0.0,0.0,0.0,0.0,27.340909090909093,29.765384615384615,65.5153846153846,42.292307692307695,42.292307692307695,False,49.0,60.25,1.0,0.0,,100.0,False,50.0,0.0,0.0,0.0,0.0,2026-09-27T22:30,interpolated_hourly,0,NW,sun below horizon — no direct-sun posture,,,,not specified,Environmental scores are skin-type independent.,not personalized
2026-09-27 23:00:00,0.0,0.0,0.0,34.03202,-118.52633,86.0,62.02268600463867,1.0,0.0,0.26041666666666663,0.3497875382232636,0.6879638009049774,0.3120361990950226,0.6794926835975009,0.32050731640249913,0.0,0.0,0.0,27.0,0.0,0.0,0.6,44.2,41.6,373.0,441.0,73.2,5.3,0.0,1360.0,0.17,0.0,0.0,0.0,87.0,87.0,28.0,1.0,139.7219973696549,-49.7219973696549,316.93934673631225,0.0,0.0,0.0,0.0,0.0,0.0,0.26041666666666663,0.0,22.38888888888889,49.0,100.01,0.17,0.2088549,0.19508184,281.83255,0.16226637,0.2,0.0,0.0,0.0,0.0,25.51818181818182,29.86153846153846,65.56153846153846,42.36923076923077,42.36923076923077,False,49.0,60.1,0.7,0.0,,100.0,False,50.0,0.0,0.0,0.0,0.0,2026-09-27T23:00,interpolated_hourly,0,NW,sun below horizon — no direct-sun posture,,,,not specified,Environmental scores are skin-type independent.,not personalized
2026-09-27 23:30:00,0.0,0.0,0.0,34.03202,-118.52633,86.0,62.02268600463867,1.0,0.0,0.244140625,0.32792581708430957,0.6889592760180996,0.31104072398190047,0.6809569383332728,0.31904306166672725,0.0,0.0,0.0,27.5,0.0,0.0,0.6,44.2,41.6,373.0,441.0,73.2,5.3,0.0,1360.0,0.17,0.0,0.0,0.0,87.0,87.0,28.0,1.0,143.03549201707938,-53.03549201707936,328.20874547447465,0.0,0.0,0.0,0.0,0.0,0.0,0.244140625,0.0,22.22222222222222,49.5,99.99499999999999,0.17,0.2088549,0.19508184,281.83255,0.16226637,0.2,0.0,0.0,0.0,0.0,23.69545454545455,29.957692307692305,65.6076923076923,42.44615384615385,42.44615384615385,False,49.5,59.95,0.7,0.5,,100.0,False,50.0,0.0,0.0,0.0,0.0,2026-09-27T23:30,interpolated_hourly,0,NNW,sun below horizon — no direct-sun posture,,,,not specified,Environmental scores are skin-type independent.,not personalized
2026-09-28 00:00:00,0.0,0.0,0.0,34.03202,-118.52633,86.0,62.02268600463867,1.0,0.0,0.22786458333333334,0.3060640959453556,0.6899547511312217,0.31004524886877827,0.6824211930690447,0.31757880693095536,0.0,0.0,0.0,28.0,0.0,0.0,0.6,44.2,41.6,373.0,441.0,73.2,5.3,0.0,1360.0,0.17,0.0,0.0,0.0,87.0,87.0,28.0,1.0,146.34898666450383,-56.34898666450383,339.478144212637,0.0,0.0,0.0,0.0,0.0,0.0,0.22786458333333334,0.0,22.055555555555557,50.0,99.97999999999999,0.17,0.2088549,0.19508184,281.83255,0.16226637,0.2,0.0,0.0,0.0,0.0,21.872727272727275,30.053846153846152,65.65384615384615,42.52307692307692,42.52307692307692,False,50.0,59.8,0.7,1.0,,100.0,False,50.0,0.0,0.0,0.0,0.0,2026-09-28T00:00,interpolated_hourly,0,NNW,sun below horizon — no direct-sun posture,,,,not specified,Environmental scores are skin-type independent.,not personalized
2026-09-28 00:30:00,0.0,0.0,0.0,34.03202,-118.52633,86.0,62.02268600463867,1.0,0.0,0.21158854166666666,0.28420237480640165,0.690950226244344,0.3090497737556561,0.6838854478048165,0.3161145521951835,0.0,0.0,0.0,29.0,0.0,0.0,0.6,44.2,41.6,373.0,441.0,73.2,5.3,0.0,1360.0,0.17,0.0,0.0,0.0,87.0,87.0,28.0,1.0,147.09416164433532,-57.09416164433533,173.30734658447201,0.0,0.0,0.0,0.0,0.0,0.0,0.21158854166666666,0.0,21.861111111111114,51.0,99.96,0.17,0.2088549,0.19508184,281.83255,0.16226637,0.2,0.0,0.0,0.0,0.0,20.05,30.15,65.69999999999999,42.6,42.6,False,51.0,59.75,0.8,1.0,,100.0,False,50.0,0.0,0.0,0.0,0.0,2026-09-28T00:30,interpolated_hourly,0,S,sun below horizon — no direct-sun posture,,,,not specified,Environmental scores are skin-type independent.,not personalized
2026-09-28 01:00:00,0.0,0.0,0.0,34.03202,-118.52633,86.0,62.02268600463867,1.0,0.0,0.1953125,0.2623406536674477,0.6919457013574661,0.3080542986425339,0.6853497025405884,0.31465029745941153,0.0,0.0,0.0,30.0,0.0,0.0,0.6,44.2,41.6,373.0,441.0,73.2,5.3,0.0,1360.0,0.17,0.0,0.0,0.0,87.0,87.0,28.0,1.0,147.83933662416683,-57.83933662416683,7.136548956307024,0.0,0.0,0.0,0.0,0.0,0.0,0.1953125,0.0,21.666666666666668,52.0,99.94,0.17,0.2088549,0.19508184,281.83255,0.16226637,0.2,0.0,0.0,0.0,0.0,18.22727272727273,30.246153846153845,65.74615384615385,42.67692307692308,42.67692307692308,False,52.0,59.7,0.9,1.0,,100.0,False,50.0,0.0,0.0,0.0,0.0,2026-09-28T01:00,interpolated_hourly,0,N,sun below horizon — no direct-sun posture,,,,not specified,Environmental scores are skin-type independent.,not personalized
2026-09-28 01:30:00,0.0,0.0,0.0,34.03202,-118.52633,86.0,62.02268600463867,1.0,0.0,0.17903645833333334,0.24047893252849367,0.6929411764705883,0.3070588235294118,0.6868139572763603,0.31318604272363965,0.0,0.0,0.0,31.5,0.0,0.0,0.6,44.2,41.6,373.0,441.0,73.2,5.3,0.0,1360.0,0.17,0.0,0.0,0.0,87.0,87.0,28.0,1.0,145.6937770719854,-55.6937770719854,19.976928027641776,0.0,0.0,0.0,0.0,0.0,0.0,0.17903645833333334,0.0,21.47222222222222,52.5,99.92,0.17,0.2088549,0.19508184,281.83255,0.16226637,0.2,0.0,0.0,0.0,0.0,16.404545454545456,30.342307692307692,65.79230769230769,42.753846153846155,42.753846153846155,False,52.5,59.55,0.9,1.0,,100.0,False,50.0,0.0,0.0,0.0,0.0,2026-09-28T01:30,interpolated_hourly,0,NNE,sun below horizon — no direct-sun posture,,,,not specified,Environmental scores are skin-type independent.,not personalized
2026-09-28 02:00:00,0.0,0.0,0.0,34.03202,-118.52633,86.0,62.02268600463867,1.0,0.0,0.16276041666666666,0.2186172113895397,0.6939366515837104,0.3060633484162896,0.6882782120121321,0.31172178798786776,0.0,0.0,0.0,33.0,0.0,0.0,0.6,44.2,41.6,373.0,441.0,73.2,5.3,0.0,1360.0,0.17,0.0,0.0,0.0,87.0,87.0,28.0,1.0,143.54821751980398,-53.54821751980397,32.81730709897653,0.0,0.0,0.0,0.0,0.0,0.0,0.16276041666666666,0.0,21.27777777777778,53.0,99.9,0.17,0.2088549,0.19508184,281.83255,0.16226637,0.2,0.0,0.0,0.0,0.0,14.581818181818186,30.43846153846154,65.83846153846153,42.830769230769235,42.830769230769235,False,53.0,59.4,0.9,1.0,,100.0,False,50.0,0.0,0.0,0.0,0.0,2026-09-28T02:00,interpolated_hourly,0,NNE,sun below horizon — no direct-sun posture,,,,not specified,Environmental scores are skin-type independent.,not personalized
2026-09-28 02:30:00,0.0,0.0,0.0,34.03202,-118.52633,86.0,62.02268600463867,1.0,0.0,0.146484375,0.19675549025058575,0.6949321266968326,0.3050678733031674,0.6897424667479041,0.3102575332520959,0.0,0.0,0.0,35.0,0.0,0.0,0.6,44.2,41.6,373.0,441.0,73.2,5.3,0.0,1360.0,0.17,0.0,0.0,0.0,87.0,87.0,28.0,1.0,139.3392123439781,-49.339212343978076,42.40750629054244,0.0,0.0,0.0,0.0,0.0,0.0,0.146484375,0.0,21.13888888888889,54.0,99.89,0.17,0.2088549,0.19508184,281.83255,0.16226637,0.2,0.0,0.0,0.0,0.0,12.759090909090911,30.534615384615382,65.88461538461539,42.90769230769231,42.90769230769231,False,54.0,59.4,0.8,1.0,,100.0,False,50.0,0.0,0.0,0.0,0.0,2026-09-28T02:30,interpolated_hourly,0,NE,sun below horizon — no direct-sun posture,,,,not specified,Environmental scores are skin-type independent.,not personalized
2026-09-28 03:00:00,0.0,0.0,0.0,34.03202,-118.52633,86.0,62.02268600463867,1.0,0.0,0.13020833333333331,0.1748937691116318,0.6959276018099548,0.3040723981900453,0.6912067214836759,0.308793278516324,0.0,0.0,0.0,37.0,0.0,0.0,0.6,44.2,41.6,373.0,441.0,73.2,5.3,0.0,1360.0,0.17,0.0,0.0,0.0,87.0,87.0,28.0,1.0,135.1302071681522,-45.13020716815218,51.99770548210836,0.0,0.0,0.0,0.0,0.0,0.0,0.13020833333333331,0.0,21.0,55.0,99.88,0.17,0.2088549,0.19508184,281.83255,0.16226637,0.2,0.0,0.0,0.0,0.0,10.936363636363637,30.63076923076923,65.93076923076923,42.98461538461539,42.98461538461539,False,55.0,59.4,0.7,1.0,,100.0,False,50.0,0.0,0.0,0.0,0.0,2026-09-28T03:00,interpolated_hourly,0,NE,sun below horizon — no direct-sun posture,,,,not specified,Environmental scores are skin-type independent.,not personalized
2026-09-28 03:30:00,0.0,0.0,0.0,34.03202,-118.52633,86.0,62.02268600463867,1.0,0.0,0.11393229166666669,0.15303204797267783,0.696923076923077,0.3030769230769231,0.6926709762194478,0.3073290237805521,0.0,0.0,0.0,39.0,0.0,0.0,0.6,44.2,41.6,373.0,441.0,73.2,5.3,0.0,1360.0,0.17,0.0,0.0,0.0,87.0,87.0,28.0,1.0,129.80636346039614,-39.80636346039614,58.905367661464766,0.0,0.0,0.0,0.0,0.0,0.0,0.11393229166666669,0.0,20.833333333333336,55.5,99.88,0.17,0.2088549,0.19508184,281.83255,0.16226637,0.2,0.0,0.0,0.0,0.0,9.113636363636367,30.726923076923075,65.97692307692307,43.06153846153846,43.06153846153846,False,55.5,59.3,1.2,1.0,,100.0,False,50.0,0.0,0.0,0.0,0.0,2026-09-28T03:30,interpolated_hourly,0,ENE,sun below horizon — no direct-sun posture,,,,not specified,Environmental scores are skin-type independent.,not personalized
2026-09-28 04:00:00,0.0,0.0,0.0,34.03202,-118.52633,86.0,62.02268600463867,1.0,0.0,0.09765625,0.13117032683372382,0.6979185520361991,0.30208144796380093,0.6941352309552197,0.3058647690447802,0.0,0.0,0.0,41.0,0.0,0.0,0.6,44.2,41.6,373.0,441.0,73.2,5.3,0.0,1360.0,0.17,0.0,0.0,0.0,87.0,87.0,28.0,1.0,124.4825197526401,-34.4825197526401,65.81302984082117,0.0,0.0,0.0,0.0,0.0,0.0,0.09765625,0.0,20.666666666666668,56.0,99.88,0.17,0.2088549,0.19508184,281.83255,0.16226637,0.2,0.0,0.0,0.0,0.0,7.290909090909096,30.823076923076922,66.02307692307691,43.13846153846154,43.13846153846154,False,56.0,59.2,1.7,1.0,,100.0,False,50.0,0.0,0.0,0.0,0.0,2026-09-28T04:00,interpolated_hourly,0,ENE,sun below horizon — no direct-sun posture,,,,not specified,Environmental scores are skin-type independent.,not personalized
2026-09-28 04:30:00,0.0,0.0,0.0,34.03202,-118.52633,86.0,62.02268600463867,1.0,0.0,0.08138020833333331,0.10930860569476986,0.6989140271493213,0.30108597285067873,0.6955994856909916,0.30440051430900833,0.0,0.0,0.0,42.5,0.0,0.0,0.6,44.2,41.6,373.0,441.0,73.2,5.3,0.0,1360.0,0.17,0.0,0.0,0.0,87.0,87.0,28.0,1.0,118.60708531558262,-28.607085315582612,71.13555385304812,0.0,0.0,0.0,0.0,0.0,0.0,0.08138020833333331,0.0,20.63888888888889,55.5,99.88,0.17,0.2088549,0.19508184,281.83255,0.16226637,0.2,0.0,0.0,0.0,0.0,5.468181818181819,30.91923076923077,66.06923076923077,43.215384615384615,43.215384615384615,False,55.5,59.0,2.1,1.0,,100.0,False,50.0,0.0,0.0,0.0,0.0,2026-09-28T04:30,interpolated_hourly,0,ENE,sun below horizon — no direct-sun posture,,,,not specified,Environmental scores are skin-type independent.,not personalized
2026-09-28 05:00:00,0.0,0.0,0.0,34.03202,-118.52633,86.0,62.02268600463867,1.0,0.0,0.06510416666666669,0.0874468845558159,0.6999095022624435,0.3000904977375566,0.6970637404267634,0.30293625957323644,0.0,0.0,0.0,44.0,0.0,0.0,0.6,44.2,41.6,373.0,441.0,73.2,5.3,0.0,1360.0,0.17,0.0,0.0,0.0,87.0,87.0,28.0,1.0,112.73165087852513,-22.731650878525123,76.45807786527507,0.0,0.0,0.0,0.0,0.0,0.0,0.06510416666666669,0.0,20.611111111111107,55.0,99.88,0.17,0.2088549,0.19508184,281.83255,0.16226637,0.2,0.0,0.0,0.0,0.0,3.645454545454548,31.015384615384615,66.11538461538461,43.292307692307695,43.292307692307695,False,55.0,58.8,2.5,1.0,,100.0,False,50.0,0.0,0.0,0.0,0.0,2026-09-28T05:00,interpolated_hourly,0,ENE,sun below horizon — no direct-sun posture,,,,not specified,Environmental scores are skin-type independent.,not personalized
2026-09-28 05:30:00,0.0,0.0,0.0,34.03202,-118.52633,86.0,62.02268600463867,1.0,0.0,0.048828125,0.06558516341686194,0.7009049773755657,0.2990950226244344,0.6985279951625354,0.30147200483746456,0.0,0.0,0.0,44.0,0.0,0.0,0.6,44.2,41.6,373.0,441.0,73.2,5.3,0.0,1360.0,0.17,0.0,0.0,0.0,87.0,87.0,28.0,1.0,106.60194448333576,-16.601944483335757,80.97247836550298,0.0,0.0,0.0,0.0,0.0,0.0,0.048828125,0.0,20.611111111111107,52.5,99.88499999999999,0.17,0.2088549,0.19508184,281.83255,0.16226637,0.2,0.0,0.0,0.0,0.0,1.8227272727272776,31.11153846153846,66.16153846153846,43.36923076923077,43.36923076923077,False,52.5,58.2,2.55,1.0,,100.0,False,50.0,0.0,0.0,0.0,0.0,2026-09-28T05:30,interpolated_hourly,0,E,sun below horizon — no direct-sun posture,,,,not specified,Environmental scores are skin-type independent.,not personalized
2026-09-28 06:00:00,0.0,0.0,0.0,34.03202,-118.52633,86.0,62.02268600463867,1.0,0.0,0.032552083333333315,0.04372344227790792,0.7019004524886878,0.29809954751131224,0.6999922498983072,0.30000775010169267,0.0,0.0,0.0,44.0,0.0,0.0,0.6,44.2,41.6,373.0,441.0,73.2,5.3,0.0,1360.0,0.17,0.0,0.0,0.0,87.0,87.0,28.0,1.0,100.4722380881464,-10.472238088146394,85.48687886573089,0.0,0.0,0.0,0.0,0.0,0.0,0.032552083333333315,0.0,20.611111111111107,50.0,99.89,0.17,0.2088549,0.19508184,281.83255,0.16226637,0.2,0.0,0.0,0.0,0.0,0.0,31.207692307692305,66.2076923076923,43.44615384615385,43.44615384615385,False,50.0,57.6,2.6,1.0,,100.0,False,50.0,0.0,0.0,0.0,0.0,2026-09-28T06:00,interpolated_hourly,0,E,sun below horizon — no direct-sun posture,,,,not specified,Environmental scores are skin-type independent.,not personalized
2026-09-28 06:30:00,0.0,1.8,23.1,34.03202,-118.52633,86.0,62.02268600463867,1.0,0.0,0.016276041666666685,0.021861721138954016,0.70289592760181,0.29710407239819003,0.7014565046340792,0.2985434953659208,0.0,0.0,0.0,43.5,0.0,0.0,0.675,44.2,41.6,373.0,441.0,73.2,5.3,0.0,1360.0,0.17,0.0,0.0,0.0,87.0,87.0,28.0,1.0,94.1251343995597,-4.1251343995597,89.71177802315472,1.190917264507739,3.5884061421475324,1.0517913132939154,0.0,0.0,0.0,0.016276041666666685,0.0,20.694444444444443,46.0,99.9,0.17,0.2088549,0.19508184,281.83255,0.16226637,0.2,0.0,0.0,0.0,0.0,0.0,31.303846153846152,66.25384615384615,43.52307692307692,43.52307692307692,False,46.0,56.75,3.1,1.0,,100.0,False,50.0,0.0,0.0,0.0,0.0,2026-09-28T06:30,interpolated_hourly,0,E,sun below horizon — no direct-sun posture,,,,not specified,Environmental scores are skin-type independent.,not personalized
2026-09-28 07:00:00,1.0,3.6,46.2,34.03202,-118.52633,86.0,62.02268600463867,1.0,0.0,0.0,0.0,0.7038914027149322,0.2961085972850679,0.702920759369851,0.2970792406301489,0.0,0.0,0.0,43.0,0.0,0.0,0.75,44.2,41.6,373.0,441.0,73.2,5.3,0.0,1360.0,0.17,0.0,0.0,0.0,87.0,87.0,28.0,1.0,87.77803071097301,2.221969289026993,93.93667718057856,2.381834529015478,7.176812284295064,2.103582626587831,0.0,0.0,0.0,0.0,0.0,20.777777777777782,42.0,99.91,0.17,0.2088549,0.19508184,281.83255,0.16226637,0.2,0.366,0.0,0.2,0.0,0.0,31.4,66.3,43.6,43.6,False,42.0,55.9,3.6,1.0,87.8,100.0,False,50.0,0.5,0.5,0.0,0.0,2026-09-28T07:00,interpolated_hourly,0,E,"sun low 2° (E) — face E, lift torso ~88° toward the sun if comfortable",,,,not specified,Environmental scores are skin-type independent.,not personalized
2026-09-28 07:30:00,1.0,97.7,190.55,34.03202,-118.52633,86.0,62.02268600463867,1.0,0.0,0.2659019812304484,0.26545237384293824,0.7048868778280544,0.2951131221719457,0.7043850141056229,0.295614985894377,0.5,0.0,0.0,41.5,0.0,32.55,0.875,44.2,41.6,373.0,441.0,73.2,5.3,0.0,1360.0,0.17,0.0,0.0,0.0,87.0,87.0,28.0,1.0,81.74548427820523,8.254515721794771,98.28685936295912,77.97120300204476,190.7321755917573,31.64870114757901,51.0,246.99999999999997,15.0,0.2659019812304484,0.0,21.138888888888893,38.5,99.91999999999999,0.17,0.2088549,0.19508184,281.83255,0.16226637,0.2,2.10385,0.014641550464346323,2.0568306965234764,9.25,23.5,35.25,51.95,41.1,41.1,False,38.5,55.45,4.15,1.0,81.7,100.0,False,50.0,5.2,5.2,0.25099800796022265,51.0772163768914,2026-09-28T07:30,interpolated_hourly,0,E,"sun low 8° (E) — face E, lift torso ~82° toward the sun if comfortable",,,,not specified,Environmental scores are skin-type independent.,not personalized
2026-09-28 08:00:00,1.0,191.8,334.9,34.03202,-118.52633,86.0,62.02268600463867,1.0,0.0,0.5318039624608968,0.5309047476858765,0.7058823529411765,0.29411764705882354,0.7058492688413948,0.2941507311586051,1.0,0.0,0.0,40.0,0.0,65.1,1.0,44.2,41.6,373.0,441.0,73.2,5.3,0.0,1360.0,0.17,0.0,0.0,0.0,87.0,87.0,28.0,1.0,75.71293784543745,14.287062154562548,102.63704154533968,153.56057147507403,374.28753889921956,61.193819668570185,102.0,494.0,30.0,0.5318039624608968,0.0,21.500000000000004,35.0,99.92999999999999,0.17,0.2088549,0.19508184,281.83255,0.16226637,0.2,5.645,0.035,5.3,18.5,47.0,39.1,37.6,38.6,38.6,False,35.0,55.0,4.7,1.0,75.7,100.0,False,50.0,10.7,10.7,0.6,177.8,2026-09-28T08:00,interpolated_hourly,0,ESE,"sun low 14° (ESE) — face ESE, lift torso ~76° toward the sun if comfortable",,,,not specified,Environmental scores are skin-type independent.,not personalized
2026-09-28 08:30:00,1.0,330.75,466.84999999999997,34.03202,-118.52633,86.0,62.02268600463867,1.0,0.0,0.6108029818691539,0.6102252529344546,0.7742374727668846,0.22576252723311546,0.7742130819866939,0.22578691801330597,1.0,0.0,0.0,37.0,0.0,71.05,1.0,44.2,41.6,373.0,441.0,73.2,5.3,0.0,1360.0,0.17,0.0,0.0,0.0,87.0,87.0,28.0,1.0,69.80857832783545,20.191421672164548,107.54938511077643,257.77773359182413,488.7973491793308,78.90507904344616,213.0,642.35,40.5,0.6108029818691539,0.0,22.27777777777778,31.5,99.94,0.17,0.2088549,0.19508184,281.83255,0.16226637,0.2,11.399203698605076,0.12988841027050527,11.049675846315068,28.15,50.1,48.05,32.65,42.650000000000006,42.650000000000006,False,31.5,54.95,4.7,1.0,69.8,100.0,False,50.0,18.1,18.1,1.3319358440196138,287.4988098187959,2026-09-28T08:30,interpolated_hourly,0,ESE,"sun low 20° (ESE) — face ESE, lift torso ~70° toward the sun if comfortable",,,,not specified,Environmental scores are skin-type independent.,not personalized
2026-09-28 09:00:00,1.0,469.7,598.8,34.03202,-118.52633,86.0,62.02268600463867,1.0,0.0,0.6898020012774111,0.6895457581830328,0.8425925925925926,0.1574074074074074,0.8425768951319932,0.15742310486800679,1.0,0.0,0.0,34.0,0.0,77.0,1.0,44.2,41.6,373.0,441.0,73.2,5.3,0.0,1360.0,0.17,0.0,0.0,0.0,87.0,87.0,28.0,1.0,63.90421881023345,26.095781189766548,112.46172867621317,361.9948957085742,603.3071594594421,96.61633841832213,324.0,790.7,51.0,0.6898020012774111,0.0,23.055555555555557,28.0,99.95,0.17,0.2088549,0.19508184,281.83255,0.16226637,0.2,17.776,0.2283,17.3,37.8,53.2,57.0,27.7,46.7,46.7,False,28.0,54.9,4.7,1.0,63.9,100.0,False,50.0,25.3,25.3,2.1,412.9,2026-09-28T09:00,interpolated_hourly,0,ESE,"sun low 26° (ESE) — face ESE, lift torso ~64° toward the sun if comfortable",,,,not specified,Environmental scores are skin-type independent.,not personalized
2026-09-28 09:30:00,1.0,591.65,709.3499999999999,34.03202,-118.52633,86.0,62.02268600463867,1.0,0.0,0.7155568302351181,0.7153668539665012,0.8598596233284324,0.1401403766715676,0.8598272002400134,0.14017279975998662,1.0,0.0,0.0,29.5,0.0,81.4,1.0,44.2,41.6,373.0,441.0,73.2,5.3,0.0,1360.0,0.17,0.0,0.0,0.0,87.0,87.0,28.0,1.0,58.45034019881068,31.549659801189325,118.5102645289054,454.14640907301947,658.2558560779039,106.83093555504331,426.5,838.0,58.0,0.7155568302351181,0.0,24.055555555555557,25.0,99.96000000000001,0.17,0.2088549,0.19508184,281.83255,0.16226637,0.2,24.173652550325496,0.41729671232570487,23.534571144314132,46.599999999999994,51.0,59.25,23.0,46.55,46.55,False,25.0,55.15,4.5,1.0,58.5,100.0,False,50.0,31.2,31.2,2.8547662749118077,512.008255361769,2026-09-28T09:30,interpolated_hourly,0,ESE,"sun 32° up (ESE) — lay flat, or lift torso ~58° toward ESE to face it",,,,not specified,Environmental scores are skin-type independent.,not personalized
2026-09-28 10:00:00,1.0,713.6,819.9,34.03202,-118.52633,86.0,62.02268600463867,1.0,0.0,0.741311659192825,0.7411879497499696,0.8771266540642723,0.12287334593572778,0.8770775053480335,0.12292249465196643,1.0,0.0,0.0,25.0,0.0,85.8,1.0,44.2,41.6,373.0,441.0,73.2,5.3,0.0,1360.0,0.17,0.0,0.0,0.0,87.0,87.0,28.0,1.0,52.9964615873879,37.0035384126121,124.55880038159762,546.2979224374648,713.2045526963658,117.04553269176449,529.0,885.3,65.0,0.741311659192825,0.0,25.055555555555554,22.0,99.97,0.17,0.2088549,0.19508184,281.83255,0.16226637,0.2,30.41,0.6049,29.6,55.4,48.8,61.5,18.3,46.4,46.4,False,22.0,55.4,4.3,1.0,53.0,100.0,False,50.0,36.6,36.6,3.6,607.7,2026-09-28T10:00,interpolated_hourly,0,SE,"sun 37° up (SE) — lay flat, or lift torso ~53° toward SE to face it",,,,not specified,Environmental scores are skin-type independent.,not personalized
2026-09-28 10:30:00,1.0,810.2,901.5,34.03202,-118.52633,86.0,62.02268600463867,1.0,0.0,0.7555257016740482,0.7553971485094065,0.8862710634218209,0.11372893657817908,0.8862654246274928,0.11373457537250714,1.0,0.0,0.0,22.0,0.0,89.55,1.0,44.2,41.6,373.0,441.0,73.2,5.3,0.0,1360.0,0.17,0.0,0.0,0.0,87.0,87.0,28.0,1.0,48.41042784910266,41.58957215089734,132.52176430958548,615.4108918480767,741.234103278192,123.28611229459824,613.5,912.05,69.0,0.7555257016740482,0.0,25.916666666666668,19.5,99.965,0.17,0.2088549,0.19508184,281.83255,0.16226637,0.2,35.843299942353234,0.8144671755548146,35.08988114701118,63.349999999999994,45.0,70.75,16.9,51.9,51.9,False,19.5,55.349999999999994,3.95,1.0,48.4,100.0,False,50.0,41.7,41.7,4.290366798714599,687.0628896978184,2026-09-28T10:30,interpolated_hourly,0,SE,"sun 42° up (SE) — lay flat, or lift torso ~48° toward SE to face it",,,,not specified,Environmental scores are skin-type independent.,not personalized
2026-09-28 11:00:00,1.0,906.8,983.1,34.03202,-118.52633,86.0,62.02268600463867,1.0,0.0,0.7697397441552714,0.7696063472688435,0.8954154727793696,0.10458452722063037,0.8954533439069521,0.10454665609304784,1.0,0.0,0.0,19.0,0.0,93.3,1.0,44.2,41.6,373.0,441.0,73.2,5.3,0.0,1360.0,0.17,0.0,0.0,0.0,87.0,87.0,28.0,1.0,43.82439411081742,46.17560588918258,140.48472823757334,684.5238612586887,769.2636538600183,129.526691897432,698.0,938.8,73.0,0.7697397441552714,0.0,26.777777777777782,17.0,99.96000000000001,0.17,0.2088549,0.19508184,281.83255,0.16226637,0.2,40.764,1.0182,40.1,71.3,41.2,80.0,15.5,57.4,57.4,False,17.0,55.3,3.6,1.0,43.8,100.0,False,50.0,46.3,46.3,4.95,756.6,2026-09-28T11:00,interpolated_hourly,0,SE,"sun 46° up (SE) — lay flat, or lift torso ~44° toward SE to face it",,,,not specified,Environmental scores are skin-type independent.,not personalized
2026-09-28 11:30:00,1.0,971.5,1030.15,34.03202,-118.52633,86.0,62.02268600463867,1.0,0.0,0.7834415763818241,0.7833364079455989,0.9047295281572393,0.0952704718427607,0.9047497327501217,0.09525026724987821,1.0,0.0,5.684341886080802e-14,17.5,0.0,96.15,1.0,44.2,41.6,373.0,441.0,73.2,5.3,0.0,1360.0,0.17,0.0,0.0,0.0,87.0,87.0,28.0,1.0,40.798187367984845,49.201812632015155,151.03594874693079,724.6321649451047,782.2808559948121,132.8100569560379,762.0,965.8,72.0,0.7834415763818241,0.0,27.472222222222225,16.0,99.93,0.17,0.2088549,0.19508184,281.83255,0.16226637,0.2,44.62254853651591,1.1363116366556738,44.63210090220979,78.85,48.400000000000006,84.15,17.75,60.9,60.9,False,16.0,55.599999999999994,3.45,1.0,40.8,100.0,False,50.0,51.3,51.3,5.622571385263329,814.12335249272,2026-09-28T11:30,interpolated_hourly,0,SSE,"sun 49° up (SSE) — lay flat, or lift torso ~41° toward SSE to face it",,,,not specified,Environmental scores are skin-type independent.,not personalized
2026-09-28 12:00:00,1.0,1036.2,1077.2,34.03202,-118.52633,86.0,62.02268600463867,1.0,0.0,0.7971434086083767,0.7970664686223542,0.914043583535109,0.08595641646489104,0.9140461215932913,0.0859538784067086,1.0,0.0,1.1368683772161603e-13,16.0,0.0,99.0,1.0,44.2,41.6,373.0,441.0,73.2,5.3,0.0,1360.0,0.17,0.0,0.0,0.0,87.0,87.0,28.0,1.0,37.77198062515227,52.22801937484773,161.58716925628823,764.7404686315208,795.2980581296059,136.0934220146438,826.0,992.8,71.0,0.7971434086083767,0.0,28.166666666666668,15.0,99.9,0.17,0.2088549,0.19508184,281.83255,0.16226637,0.2,47.766,1.2453,48.6,86.4,55.6,88.3,20.0,64.4,64.4,False,15.0,55.9,3.3,1.0,37.8,100.0,False,50.0,56.0,56.0,6.25,858.6,2026-09-28T12:00,interpolated_hourly,0,SSE,"sun 52° up (SSE) — lay flat, or lift torso ~38° toward SSE to face it",,,,not specified,Environmental scores are skin-type independent.,not personalized
2026-09-28 12:30:00,1.0,1064.5500000000002,1086.5,34.03202,-118.52633,86.0,62.02268600463867,1.0,0.0,0.7997978000128534,0.7997469594435005,0.9154026355531872,0.08459736444681268,0.9153990416905387,0.08460095830946143,1.0,0.0,0.0,16.0,0.0,99.0,1.0,44.2,41.6,373.0,441.0,73.2,5.3,0.0,1360.0,0.17,0.0,0.0,0.0,87.0,87.0,28.0,1.0,37.12429284445895,52.87570715554105,174.02125045596543,772.6892748163808,797.6547946892067,136.7212470329187,851.5,997.7,72.0,0.7997978000128534,0.0,28.694444444444443,15.0,99.86000000000001,0.17,0.2088549,0.19508184,281.83255,0.16226637,0.2,49.43537432085458,1.3113104422104647,50.19853812823369,88.4,59.2,88.94999999999999,16.55,63.6,63.6,False,15.0,56.5,3.45,1.0,37.1,100.0,False,50.0,57.6,57.6,6.453348850064904,876.6350050223787,2026-09-28T12:30,interpolated_hourly,0,S,"sun 53° up (S) — lay flat, or lift torso ~37° toward S to face it",,,,not specified,Environmental scores are skin-type independent.,not personalized
2026-09-28 13:00:00,1.0,1092.9,1095.8,34.03202,-118.52633,86.0,62.02268600463867,1.0,0.0,0.8024521914173299,0.8024274502646468,0.9167616875712656,0.08323831242873432,0.9167519617877858,0.08324803821221427,1.0,0.0,-1.1368683772161603e-13,16.0,0.0,99.0,1.0,44.2,41.6,373.0,441.0,73.2,5.3,0.0,1360.0,0.17,0.0,0.0,0.0,87.0,87.0,28.0,1.0,36.47660506376563,53.52339493623437,186.45533165564262,780.6380810012408,800.0115312488076,137.34907205119362,877.0,1002.6,73.0,0.8024521914173299,0.0,29.22222222222222,15.0,99.82000000000001,0.17,0.2088549,0.19508184,281.83255,0.16226637,0.2,50.23799999999999,1.3657999999999997,51.15376537380789,90.4,62.8,89.6,13.1,62.8,62.8,False,15.0,57.1,3.6,1.0,36.5,100.0,False,50.0,58.6,58.6,6.599999999999999,879.2999999999998,2026-09-28T13:00,interpolated_hourly,0,S,"sun 54° up (S) — lay flat, or lift torso ~36° toward S to face it",,,,not specified,Environmental scores are skin-type independent.,not personalized
2026-09-28 13:30:00,1.0,1082.95,1066.75,34.03202,-118.52633,86.0,62.02268600463867,1.0,0.0,0.8001077359696156,0.8000284114578511,0.9145724325706795,0.08542756742932042,0.9145799195189986,0.08542008048100141,1.0,0.0,-5.684341886080802e-14,16.0,0.0,98.95,1.0,44.2,41.6,373.0,441.0,73.2,5.3,0.0,1360.0,0.17,0.0,0.0,0.0,87.0,87.0,28.0,1.0,38.441865098442065,51.558134901557935,198.15002670802468,755.8139799112606,792.4176163614889,135.3644487945532,866.5,997.4000000000001,74.0,0.8001077359696156,0.0,29.5,15.5,99.775,0.17,0.2088549,0.19508184,281.83255,0.16226637,0.2,50.085270886520746,1.3381474641459894,50.65783945088492,89.1,67.69999999999999,89.15,11.85,62.099999999999994,62.099999999999994,False,15.5,57.7,3.35,1.0,38.4,100.0,False,50.0,58.5,58.5,6.478309047317894,861.0084635315359,2026-09-28T13:30,interpolated_hourly,0,SSW,"sun 52° up (SSW) — lay flat, or lift torso ~38° toward SSW to face it",,,,not specified,Environmental scores are skin-type independent.,not personalized
2026-09-28 14:00:00,1.0,1073.0,1037.7,34.03202,-118.52633,86.0,62.02268600463867,1.0,0.0,0.7977632805219013,0.7976293726510553,0.9123831775700935,0.08761682242990654,0.9124078772502114,0.08759212274978856,1.0,0.0,0.0,16.0,0.0,98.9,1.0,44.2,41.6,373.0,441.0,73.2,5.3,0.0,1360.0,0.17,0.0,0.0,0.0,87.0,87.0,28.0,1.0,40.4071251331185,49.5928748668815,209.84472176040674,730.9898788212804,784.8237014741702,133.37982553791278,856.0,992.2,75.0,0.7977632805219013,0.0,29.777777777777775,16.0,99.72999999999999,0.17,0.2088549,0.19508184,281.83255,0.16226637,0.2,49.059,1.2988,49.5,87.8,72.6,88.7,10.6,61.4,61.4,False,16.0,58.3,3.1,1.0,40.4,100.0,False,50.0,57.9,57.9,6.3,827.7,2026-09-28T14:00,interpolated_hourly,0,SSW,"sun 50° up (SSW) — lay flat, or lift torso ~40° toward SSW to face it",,,,not specified,Environmental scores are skin-type independent.,not personalized
2026-09-28 14:30:00,1.0,1025.45,972.2,34.03202,-118.52633,86.0,62.02268600463867,1.0,0.0,0.7905372287669329,0.7904546995603352,0.9111524242941851,0.08884757570581489,0.9111462084082653,0.0888537915917346,1.0,0.0,0.0,16.0,0.0,96.9,1.0,44.2,41.6,373.0,441.0,73.2,5.3,0.0,1360.0,0.17,0.0,0.0,0.0,87.0,87.0,28.0,1.0,44.345643894064494,45.654356105935506,219.01465627449528,675.302064692816,764.9000738481265,128.62970022124213,811.0,982.05,72.0,0.7905372287669329,0.0,29.666666666666664,17.5,99.69,0.17,0.2088549,0.19508184,281.83255,0.16226637,0.2,46.430131874964,1.1174519167277455,46.18269978328557,81.5,73.65,76.15,10.7,53.25,53.25,False,17.5,58.95,2.6500000000000004,1.0,44.3,100.0,False,50.0,53.8,53.8,5.7737777069547,775.3227554698539,2026-09-28T14:30,interpolated_hourly,0,SW,"sun 46° up (SW) — lay flat, or lift torso ~44° toward SW to face it",,,,not specified,Environmental scores are skin-type independent.,not personalized
2026-09-28 15:00:00,1.0,977.9,906.7,34.03202,-118.52633,86.0,62.02268600463867,1.0,0.0,0.7833111770119644,0.7832800264696151,0.9099216710182768,0.09007832898172324,0.9098845395663193,0.09011546043368064,1.0,0.0,0.0,16.0,0.0,94.9,1.0,44.2,41.6,373.0,441.0,73.2,5.3,0.0,1360.0,0.17,0.0,0.0,0.0,87.0,87.0,28.0,1.0,48.2841626550105,41.7158373449895,228.18459078858382,619.6142505643514,744.9764462220827,123.87957490457148,766.0,971.9,69.0,0.7833111770119644,0.0,29.555555555555557,19.0,99.65,0.17,0.2088549,0.19508184,281.83255,0.16226637,0.2,43.038,0.9269,42.3,75.2,74.7,63.6,10.8,45.1,45.1,False,19.0,59.6,2.2,1.0,48.3,100.0,False,50.0,49.3,49.3,5.2,710.2,2026-09-28T15:00,interpolated_hourly,0,SW,"sun 42° up (SW) — lay flat, or lift torso ~48° toward SW to face it",,,,not specified,Environmental scores are skin-type independent.,not personalized
2026-09-28 15:30:00,1.0,895.95,809.25,34.03202,-118.52633,86.0,62.02268600463867,1.0,0.0,0.7724909693413631,0.7724351804166003,0.9009285774446223,0.09907142255537775,0.9008932013456019,0.09910679865439798,1.0,0.0,0.0,15.5,0.0,91.15,1.0,44.2,41.6,373.0,441.0,73.2,5.3,0.0,1360.0,0.17,0.0,0.0,0.0,87.0,87.0,28.0,1.0,53.38842723570275,36.61157276429726,235.04650232165048,537.5872819174261,705.2969720834424,115.79165694275903,693.0,949.3,68.0,0.7724909693413631,0.0,29.166666666666668,21.0,99.605,0.17,0.2088549,0.19508184,281.83255,0.16226637,0.2,38.213857420964565,0.7650112019809379,37.55417370363515,67.0,83.75,60.25,11.3,43.1,43.1,False,21.0,60.05,3.65,1.0,53.4,100.0,False,50.0,45.3,45.3,4.616663206444492,630.6945932004946,2026-09-28T15:30,interpolated_hourly,0,SW,"sun 37° up (SW) — lay flat, or lift torso ~53° toward SW to face it",,,,not specified,Environmental scores are skin-type independent.,not personalized
2026-09-28 16:00:00,1.0,814.0,711.8,34.03202,-118.52633,86.0,62.02268600463867,1.0,0.0,0.7616707616707616,0.7615903343635854,0.8919354838709678,0.10806451612903226,0.8919018631248846,0.1080981368751153,1.0,0.0,0.0,15.0,0.0,87.4,1.0,44.2,41.6,373.0,441.0,73.2,5.3,0.0,1360.0,0.17,0.0,0.0,0.0,87.0,87.0,28.0,1.0,58.492691816394995,31.50730818360501,241.90841385471714,455.5603132705008,665.6174979448022,107.70373898094658,620.0,926.7,67.0,0.7616707616707616,0.0,28.77777777777778,23.0,99.56,0.17,0.2088549,0.19508184,281.83255,0.16226637,0.2,32.839,0.5976,32.4,58.8,92.8,56.9,11.8,41.1,41.1,False,23.0,60.5,5.1,1.0,58.5,100.0,False,50.0,40.8,40.8,4.0,542.1,2026-09-28T16:00,interpolated_hourly,0,WSW,"sun 32° up (WSW) — lay flat, or lift torso ~58° toward WSW to face it",,,,not specified,Environmental scores are skin-type independent.,not personalized
2026-09-28 16:30:00,1.0,703.25,589.05,34.03202,-118.52633,86.0,62.02268600463867,1.0,0.0,0.742860697291077,0.7425794262424832,0.8783686743364163,0.12163132566358373,0.8783753536134205,0.12162464638657959,1.0,0.0,-2.842170943040401e-14,15.0,0.0,81.7,1.0,44.2,41.6,373.0,441.0,73.2,5.3,0.0,1360.0,0.17,0.0,0.0,0.0,87.0,87.0,28.0,1.0,64.22228212645916,25.77771787354084,247.2787140817641,355.2068445571998,586.2939081639691,94.3814748171977,524.5,890.7,62.5,0.742860697291077,0.0,28.333333333333336,25.0,99.535,0.17,0.2088549,0.19508184,281.83255,0.16226637,0.2,27.05223407935855,0.397090009183978,26.628738307487726,50.55,96.4,44.75,15.6,34.55,34.55,False,25.0,60.75,6.199999999999999,1.0,64.2,100.0,False,50.0,34.7,34.7,3.2811146211114623,441.3936120957246,2026-09-28T16:30,interpolated_hourly,0,WSW,"sun low 26° (WSW) — face WSW, lift torso ~64° toward the sun if comfortable",,,,not specified,Environmental scores are skin-type independent.,not personalized
2026-09-28 17:00:00,1.0,592.5,466.3,34.03202,-118.52633,86.0,62.02268600463867,1.0,0.0,0.7240506329113924,0.723568518121381,0.8648018648018648,0.1351981351981352,0.8648488441019563,0.13515115589804388,1.0,0.0,-5.684341886080802e-14,15.0,0.0,76.0,1.0,44.2,41.6,373.0,441.0,73.2,5.3,0.0,1360.0,0.17,0.0,0.0,0.0,87.0,87.0,28.0,1.0,69.95187243652333,20.048127563476672,252.64901430881105,254.8533758438989,506.9703183831361,81.05921065344882,429.0,854.7,58.0,0.7240506329113924,0.0,27.888888888888893,27.0,99.51,0.17,0.2088549,0.19508184,281.83255,0.16226637,0.2,21.064,0.1951,20.7,42.3,100.0,32.6,19.4,28.0,28.0,False,27.0,61.0,7.3,1.0,70.0,100.0,False,50.0,28.2,28.2,2.55,337.4,2026-09-28T17:00,interpolated_hourly,0,WSW,"sun low 20° (WSW) — face WSW, lift torso ~70° toward the sun if comfortable",,,,not specified,Environmental scores are skin-type independent.,not personalized
2026-09-28 17:30:00,1.0,460.5,326.55,34.03202,-118.52633,86.0,62.02268600463867,1.0,0.0,0.6770938096063811,0.6762917537073714,0.8237052802270194,0.17629471977298064,0.8234882518382123,0.1760862162468943,1.0,0.0,0.049999999999968736,15.5,0.0,67.75,1.0,44.2,41.6,373.0,441.0,73.2,5.3,0.0,1360.0,0.17,0.0,0.0,0.0,87.0,87.0,28.0,1.0,75.98194178320264,14.01805821679736,257.2009804190444,154.612916170578,338.18535014156754,55.94542882724162,318.0,764.4000000000001,51.5,0.6770938096063811,0.0,27.361111111111114,29.5,99.52000000000001,0.17,0.2088549,0.19508184,281.83255,0.16226637,0.2,14.01040373885455,0.11444348636342302,14.235257846329993,32.55,100.0,32.7,27.95,31.05,31.05,False,29.5,61.25,7.15,1.0,76.0,100.0,False,50.0,22.0,22.0,1.831491780037479,222.92174399457622,2026-09-28T17:30,interpolated_hourly,0,WSW,"sun low 14° (WSW) — face WSW, lift torso ~76° toward the sun if comfortable",,,,not specified,Environmental scores are skin-type independent.,not personalized
2026-09-28 18:00:00,1.0,328.5,186.8,34.03202,-118.52633,86.0,62.02268600463867,1.0,0.0,0.6301369863013698,0.6290149892933619,0.782608695652174,0.21739130434782608,0.7821276595744682,0.2170212765957447,1.0,0.0,0.09999999999999432,16.0,0.0,59.5,1.0,44.2,41.6,373.0,441.0,73.2,5.3,0.0,1360.0,0.17,0.0,0.0,0.0,87.0,87.0,28.0,1.0,82.01201112988196,7.98798887011805,261.7529465292778,54.372456497257105,169.40038189999896,30.831647001034423,207.0,674.1,45.0,0.6301369863013698,0.0,26.833333333333332,32.0,99.53,0.17,0.2088549,0.19508184,281.83255,0.16226637,0.2,7.526,0.0361,8.2,22.8,100.0,32.8,36.5,34.1,34.1,False,32.0,61.5,7.0,1.0,82.0,100.0,False,50.0,15.2,15.2,1.15,117.5,2026-09-28T18:00,interpolated_hourly,0,W,"sun low 8° (W) — face W, lift torso ~82° toward the sun if comfortable",,,,not specified,Environmental scores are skin-type independent.,not personalized
2026-09-28 18:30:00,1.0,194.0,93.4,34.03202,-118.52633,86.0,62.02268600463867,1.0,0.0,0.5167491654195925,0.604822105089771,0.7663043478260869,0.23369565217391303,0.779405785252931,0.21977354605405994,0.8163291666666668,0.0,0.04999999999999716,16.5,0.0,48.35,1.0,44.2,41.6,373.0,441.0,73.2,5.3,0.0,1360.0,0.17,0.0,0.0,0.0,87.0,87.0,28.0,1.0,88.26705821831501,1.7329417816849872,265.97486328721385,27.186228248628552,84.70019094999948,15.415823500517211,115.5,437.25,25.5,0.5167491654195925,0.0,26.25,34.0,99.555,0.17,0.2088549,0.19508184,281.83255,0.16226637,0.2,2.6340999999999997,0.015101713478940064,3.3308401110626917,11.8,73.05,32.84230769230769,37.215384615384615,34.37692307692308,34.37692307692308,False,34.0,61.35,6.15,1.0,88.3,100.0,False,50.0,7.8,7.8,0.543829017247149,24.36596725969571,2026-09-28T18:30,interpolated_hourly,0,W,"sun low 2° (W) — face W, lift torso ~88° toward the sun if comfortable",,,,not specified,Environmental scores are skin-type independent.,not personalized
2026-09-28 19:00:00,0.0,59.5,0.0,34.03202,-118.52633,86.0,62.02268600463867,1.0,0.0,0.40336134453781514,0.5806292208861802,0.75,0.25,0.7766839109313939,0.22252581551237516,0.6326583333333334,0.0,0.0,17.0,0.0,37.2,1.0,44.2,41.6,373.0,441.0,73.2,5.3,0.0,1360.0,0.17,0.0,0.0,0.0,87.0,87.0,28.0,1.0,94.52210530674807,-4.522105306748075,270.1967800451499,0.0,0.0,0.0,24.0,200.4,6.0,0.40336134453781514,0.0,25.666666666666668,36.0,99.58,0.17,0.2088549,0.19508184,281.83255,0.16226637,0.2,0.0,0.0,0.0,0.8,46.1,32.88461538461538,37.93076923076923,34.65384615384615,34.65384615384615,False,36.0,61.2,5.3,1.0,,100.0,False,50.0,0.0,0.0,0.0,0.0,2026-09-28T19:00,interpolated_hourly,0,W,sun below horizon — no direct-sun posture,,,,not specified,Environmental scores are skin-type independent.,not personalized
2026-09-28 19:30:00,0.0,29.749999999999996,0.0,34.03202,-118.52633,86.0,62.02268600463867,1.0,0.0,0.3865546218487395,0.5564363366825893,0.7483031674208145,0.2516968325791855,0.7739620366098567,0.2252780849706904,0.3163291666666667,0.0,0.0,17.5,0.0,18.6,0.8,44.2,41.6,373.0,441.0,73.2,5.3,0.0,1360.0,0.17,0.0,0.0,0.0,87.0,87.0,28.0,1.0,100.71836768549858,-10.718367685498581,274.49828717643686,0.0,0.0,0.0,12.0,100.2,3.0,0.3865546218487395,0.0,25.22222222222222,37.0,99.6,0.17,0.2088549,0.19508184,281.83255,0.16226637,0.2,0.0,0.0,0.0,0.4,44.00454545454546,32.926923076923075,38.646153846153844,34.93076923076923,34.93076923076923,False,37.0,60.900000000000006,4.45,1.0,,100.0,False,50.0,0.0,0.0,0.0,0.0,2026-09-28T19:30,interpolated_hourly,0,W,sun below horizon — no direct-sun posture,,,,not specified,Environmental scores are skin-type independent.,not personalized
2026-09-28 20:00:00,0.0,0.0,0.0,34.03202,-118.52633,86.0,62.02268600463867,1.0,0.0,0.3697478991596639,0.5322434524789985,0.746606334841629,0.25339366515837103,0.7712401622883197,0.22803035442900565,0.0,0.0,0.0,18.0,0.0,0.0,0.6,44.2,41.6,373.0,441.0,73.2,5.3,0.0,1360.0,0.17,0.0,0.0,0.0,87.0,87.0,28.0,1.0,106.91463006424908,-16.914630064249085,278.7997943077238,0.0,0.0,0.0,0.0,0.0,0.0,0.3697478991596639,0.0,24.777777777777775,38.0,99.62,0.17,0.2088549,0.19508184,281.83255,0.16226637,0.2,0.0,0.0,0.0,0.0,41.909090909090914,32.96923076923077,39.36153846153846,35.207692307692305,35.207692307692305,False,38.0,60.6,3.6,1.0,,100.0,False,50.0,0.0,0.0,0.0,0.0,2026-09-28T20:00,interpolated_hourly,0,W,sun below horizon — no direct-sun posture,,,,not specified,Environmental scores are skin-type independent.,not personalized
2026-09-28 20:30:00,0.0,0.0,0.0,34.03202,-118.52633,86.0,62.02268600463867,1.0,0.0,0.35294117647058826,0.5080505682754076,0.7449095022624435,0.25509049773755654,0.7685182879667826,0.2307826238873209,0.0,0.0,0.0,17.5,0.0,0.0,0.6,44.2,41.6,373.0,441.0,73.2,5.3,0.0,1360.0,0.17,0.0,0.0,0.0,87.0,87.0,28.0,1.0,112.95678289457655,-22.956782894576556,283.6308501933325,0.0,0.0,0.0,0.0,0.0,0.0,0.35294117647058826,0.0,24.694444444444443,36.5,99.63,0.17,0.2088549,0.19508184,281.83255,0.16226637,0.2,0.0,0.0,0.0,0.0,39.81363636363636,33.01153846153846,40.07692307692308,35.48461538461539,35.48461538461539,False,36.5,60.0,3.05,1.0,,100.0,False,50.0,0.0,0.0,0.0,0.0,2026-09-28T20:30,interpolated_hourly,0,WNW,sun below horizon — no direct-sun posture,,,,not specified,Environmental scores are skin-type independent.,not personalized
2026-09-28 21:00:00,0.0,0.0,0.0,34.03202,-118.52633,86.0,62.02268600463867,1.0,0.0,0.33613445378151263,0.48385768407181684,0.7432126696832579,0.25678733031674206,0.7657964136452454,0.23353489334563615,0.0,0.0,0.0,17.0,0.0,0.0,0.6,44.2,41.6,373.0,441.0,73.2,5.3,0.0,1360.0,0.17,0.0,0.0,0.0,87.0,87.0,28.0,1.0,118.99893572490402,-28.998935724904022,288.4619060789412,0.0,0.0,0.0,0.0,0.0,0.0,0.33613445378151263,0.0,24.61111111111111,35.0,99.64,0.17,0.2088549,0.19508184,281.83255,0.16226637,0.2,0.0,0.0,0.0,0.0,37.71818181818182,33.05384615384615,40.792307692307695,35.761538461538464,35.761538461538464,False,35.0,59.4,2.5,1.0,,100.0,False,50.0,0.0,0.0,0.0,0.0,2026-09-28T21:00,interpolated_hourly,0,WNW,sun below horizon — no direct-sun posture,,,,not specified,Environmental scores are skin-type independent.,not personalized
2026-09-28 21:30:00,0.0,0.0,0.0,34.03202,-118.52633,86.0,62.02268600463867,1.0,0.0,0.319327731092437,0.45966479986822595,0.7415158371040724,0.2584841628959276,0.7630745393237083,0.23628716280395137,0.0,0.0,0.0,16.0,0.0,0.0,0.6,44.2,41.6,373.0,441.0,73.2,5.3,0.0,1360.0,0.17,0.0,0.0,0.0,87.0,87.0,28.0,1.0,124.6641446430421,-34.66414464304211,294.4553658027344,0.0,0.0,0.0,0.0,0.0,0.0,0.319327731092437,0.0,24.666666666666668,32.0,99.64500000000001,0.17,0.2088549,0.19508184,281.83255,0.16226637,0.2,0.0,0.0,0.0,0.0,35.622727272727275,33.09615384615385,41.50769230769231,36.03846153846154,36.03846153846154,False,32.0,58.5,3.05,1.0,,100.0,False,50.0,0.0,0.0,0.0,0.0,2026-09-28T21:30,interpolated_hourly,0,WNW,sun below horizon — no direct-sun posture,,,,not specified,Environmental scores are skin-type independent.,not personalized
2026-09-28 22:00:00,0.0,0.0,0.0,34.03202,-118.52633,86.0,62.02268600463867,1.0,0.0,0.3025210084033614,0.43547191566463517,0.7398190045248869,0.26018099547511314,0.7603526650021711,0.23903943226226662,0.0,0.0,0.0,15.0,0.0,0.0,0.6,44.2,41.6,373.0,441.0,73.2,5.3,0.0,1360.0,0.17,0.0,0.0,0.0,87.0,87.0,28.0,1.0,130.3293535611802,-40.3293535611802,300.44882552652757,0.0,0.0,0.0,0.0,0.0,0.0,0.3025210084033614,0.0,24.722222222222225,29.0,99.65,0.17,0.2088549,0.19508184,281.83255,0.16226637,0.2,0.0,0.0,0.0,0.0,33.52727272727273,33.138461538461534,42.223076923076924,36.315384615384616,36.315384615384616,False,29.0,57.6,3.6,1.0,,100.0,False,50.0,0.0,0.0,0.0,0.0,2026-09-28T22:00,interpolated_hourly,0,WNW,sun below horizon — no direct-sun posture,,,,not specified,Environmental scores are skin-type independent.,not personalized
2026-09-28 22:30:00,0.0,0.0,0.0,34.03202,-118.52633,86.0,62.02268600463867,1.0,0.0,0.2857142857142857,0.4112790314610443,0.7381221719457014,0.26187782805429866,0.757630790680634,0.24179170172058187,0.0,0.0,0.0,14.0,0.0,0.0,0.6,44.2,41.6,373.0,441.0,73.2,5.3,0.0,1360.0,0.17,0.0,0.0,0.0,87.0,87.0,28.0,1.0,135.20950119372466,-45.20950119372466,308.57649003135543,0.0,0.0,0.0,0.0,0.0,0.0,0.2857142857142857,0.0,24.75,26.5,99.65,0.17,0.2088549,0.19508184,281.83255,0.16226637,0.2,0.0,0.0,0.0,0.0,31.431818181818183,33.18076923076923,42.93846153846154,36.59230769230769,36.59230769230769,False,26.5,56.7,4.55,1.0,,100.0,False,50.0,0.0,0.0,0.0,0.0,2026-09-28T22:30,interpolated_hourly,0,NW,sun below horizon — no direct-sun posture,,,,not specified,Environmental scores are skin-type independent.,not personalized
2026-09-28 23:00:00,0.0,0.0,0.0,34.03202,-118.52633,86.0,62.02268600463867,1.0,0.0,0.26890756302521013,0.38708614725745344,0.7364253393665159,0.26357466063348417,0.7549089163590968,0.2445439711788971,0.0,0.0,0.0,13.0,0.0,0.0,0.6,44.2,41.6,373.0,441.0,73.2,5.3,0.0,1360.0,0.17,0.0,0.0,0.0,87.0,87.0,28.0,1.0,140.08964882626913,-50.08964882626912,316.7041545361833,0.0,0.0,0.0,0.0,0.0,0.0,0.26890756302521013,0.0,24.777777777777775,24.0,99.65,0.17,0.2088549,0.19508184,281.83255,0.16226637,0.2,0.0,0.0,0.0,0.0,29.33636363636364,33.223076923076924,43.65384615384615,36.86923076923077,36.86923076923077,False,24.0,55.8,5.5,1.0,,100.0,False,50.0,0.0,0.0,0.0,0.0,2026-09-28T23:00,interpolated_hourly,0,NW,sun below horizon — no direct-sun posture,,,,not specified,Environmental scores are skin-type independent.,not personalized
2026-09-28 23:30:00,0.0,0.0,0.0,34.03202,-118.52633,86.0,62.02268600463867,1.0,0.0,0.25210084033613445,0.3628932630538626,0.7347285067873304,0.2652714932126697,0.7521870420375598,0.24729624063721234,0.0,0.0,0.0,13.0,0.0,0.0,0.6,44.2,41.6,373.0,441.0,73.2,5.3,0.0,1360.0,0.17,0.0,0.0,0.0,87.0,87.0,28.0,1.0,143.41743976763843,-53.417439767638434,328.06128358346217,0.0,0.0,0.0,0.0,0.0,0.0,0.25210084033613445,0.0,24.666666666666664,23.5,99.64500000000001,0.17,0.2088549,0.19508184,281.83255,0.16226637,0.2,0.0,0.0,0.0,0.0,27.240909090909092,33.26538461538461,44.36923076923077,37.146153846153844,37.146153846153844,False,23.5,55.45,5.8,1.0,,100.0,False,50.0,0.0,0.0,0.0,0.0,2026-09-28T23:30,interpolated_hourly,0,NNW,sun below horizon — no direct-sun posture,,,,not specified,Environmental scores are skin-type independent.,not personalized
2026-09-29 00:00:00,0.0,0.0,0.0,34.03202,-118.52633,86.0,62.02268600463867,1.0,0.0,0.23529411764705885,0.33870037885027177,0.7330316742081449,0.2669683257918552,0.7494651677160227,0.2500485100955276,0.0,0.0,0.0,13.0,0.0,0.0,0.6,44.2,41.6,373.0,441.0,73.2,5.3,0.0,1360.0,0.17,0.0,0.0,0.0,87.0,87.0,28.0,1.0,146.74523070900776,-56.74523070900775,339.41841263074105,0.0,0.0,0.0,0.0,0.0,0.0,0.23529411764705885,0.0,24.555555555555557,23.0,99.64,0.17,0.2088549,0.19508184,281.83255,0.16226637,0.2,0.0,0.0,0.0,0.0,25.145454545454548,33.30769230769231,45.08461538461539,37.42307692307692,37.42307692307692,False,23.0,55.1,6.1,1.0,,100.0,False,50.0,0.0,0.0,0.0,0.0,2026-09-29T00:00,interpolated_hourly,0,NNW,sun below horizon — no direct-sun posture,,,,not specified,Environmental scores are skin-type independent.,not personalized
2026-09-29 00:30:00,0.0,0.0,0.0,34.03202,-118.52633,86.0,62.02268600463867,1.0,0.0,0.2184873949579832,0.31450749464668093,0.7313348416289593,0.2686651583710407,0.7467432933944855,0.25280077955384284,0.0,0.0,0.0,12.5,0.0,0.0,0.6,44.2,41.6,373.0,441.0,73.2,5.3,0.0,1360.0,0.17,0.0,0.0,0.0,87.0,87.0,28.0,1.0,147.48115448527795,-57.48115448527794,173.39461638631673,0.0,0.0,0.0,0.0,0.0,0.0,0.2184873949579832,0.0,24.361111111111114,23.0,99.625,0.17,0.2088549,0.19508184,281.83255,0.16226637,0.2,0.0,0.0,0.0,0.0,23.05,33.349999999999994,45.8,37.699999999999996,37.699999999999996,False,23.0,54.85,6.0,1.0,,100.0,False,50.0,0.0,0.0,0.0,0.0,2026-09-29T00:30,interpolated_hourly,0,S,sun below horizon — no direct-sun posture,,,,not specified,Environmental scores are skin-type independent.,not personalized
2026-09-29 01:00:00,0.0,0.0,0.0,34.03202,-118.52633,86.0,62.02268600463867,1.0,0.0,0.20168067226890757,0.2903146104430901,0.7296380090497738,0.2703619909502262,0.7440214190729484,0.2555530490121581,0.0,0.0,0.0,12.0,0.0,0.0,0.6,44.2,41.6,373.0,441.0,73.2,5.3,0.0,1360.0,0.17,0.0,0.0,0.0,87.0,87.0,28.0,1.0,148.21707826154812,-58.21707826154813,7.370820141892409,0.0,0.0,0.0,0.0,0.0,0.0,0.20168067226890757,0.0,24.166666666666668,23.0,99.61,0.17,0.2088549,0.19508184,281.83255,0.16226637,0.2,0.0,0.0,0.0,0.0,20.954545454545457,33.39230769230769,46.51538461538462,37.97692307692308,37.97692307692308,False,23.0,54.6,5.9,1.0,,100.0,False,50.0,0.0,0.0,0.0,0.0,2026-09-29T01:00,interpolated_hourly,0,N,sun below horizon — no direct-sun posture,,,,not specified,Environmental scores are skin-type independent.,not personalized
2026-09-29 01:30:00,0.0,0.0,0.0,34.03202,-118.52633,86.0,62.02268600463867,1.0,0.0,0.18487394957983194,0.26612172623949926,0.7279411764705883,0.2720588235294118,0.7412995447514112,0.25830531847047333,0.0,0.0,0.0,12.0,0.0,0.0,0.6,44.2,41.6,373.0,441.0,73.2,5.3,0.0,1360.0,0.17,0.0,0.0,0.0,87.0,87.0,28.0,1.0,146.03705122553248,-56.037051225532494,20.305555827596834,0.0,0.0,0.0,0.0,0.0,0.0,0.18487394957983194,0.0,23.97222222222222,23.0,99.60499999999999,0.17,0.2088549,0.19508184,281.83255,0.16226637,0.2,0.0,0.0,0.0,0.0,18.859090909090913,33.434615384615384,47.23076923076923,38.253846153846155,38.253846153846155,False,23.0,54.400000000000006,5.95,1.0,,100.0,False,50.0,0.0,0.0,0.0,0.0,2026-09-29T01:30,interpolated_hourly,0,NNE,sun below horizon — no direct-sun posture,,,,not specified,Environmental scores are skin-type independent.,not personalized
2026-09-29 02:00:00,0.0,0.0,0.0,34.03202,-118.52633,86.0,62.02268600463867,1.0,0.0,0.16806722689075632,0.24192884203590842,0.7262443438914027,0.2737556561085973,0.7385776704298741,0.2610575879287885,0.0,0.0,0.0,12.0,0.0,0.0,0.6,44.2,41.6,373.0,441.0,73.2,5.3,0.0,1360.0,0.17,0.0,0.0,0.0,87.0,87.0,28.0,1.0,143.85702418951686,-53.85702418951686,33.24029151330126,0.0,0.0,0.0,0.0,0.0,0.0,0.16806722689075632,0.0,23.77777777777778,23.0,99.6,0.17,0.2088549,0.19508184,281.83255,0.16226637,0.2,0.0,0.0,0.0,0.0,16.763636363636365,33.47692307692307,47.94615384615385,38.53076923076923,38.53076923076923,False,23.0,54.2,6.0,1.0,,100.0,False,50.0,0.0,0.0,0.0,0.0,2026-09-29T02:00,interpolated_hourly,0,NNE,sun below horizon — no direct-sun posture,,,,not specified,Environmental scores are skin-type independent.,not personalized
2026-09-29 02:30:00,0.0,0.0,0.0,34.03202,-118.52633,86.0,62.02268600463867,1.0,0.0,0.1512605042016807,0.21773595783231753,0.7245475113122172,0.2754524886877828,0.735855796108337,0.2638098573871038,0.0,0.0,0.0,12.0,0.0,0.0,0.6,44.2,41.6,373.0,441.0,73.2,5.3,0.0,1360.0,0.17,0.0,0.0,0.0,87.0,87.0,28.0,1.0,139.6129216899456,-49.612921689945594,42.84482586745003,0.0,0.0,0.0,0.0,0.0,0.0,0.1512605042016807,0.0,23.63888888888889,23.0,99.6,0.17,0.2088549,0.19508184,281.83255,0.16226637,0.2,0.0,0.0,0.0,0.0,14.668181818181822,33.51923076923077,48.66153846153846,38.80769230769231,38.80769230769231,False,23.0,54.0,6.15,1.0,,100.0,False,50.0,0.0,0.0,0.0,0.0,2026-09-29T02:30,interpolated_hourly,0,NE,sun below horizon — no direct-sun posture,,,,not specified,Environmental scores are skin-type independent.,not personalized
2026-09-29 03:00:00,0.0,0.0,0.0,34.03202,-118.52633,86.0,62.02268600463867,1.0,0.0,0.13445378151260506,0.1935430736287267,0.7228506787330317,0.27714932126696834,0.7331339217867999,0.266562126845419,0.0,0.0,0.0,12.0,0.0,0.0,0.6,44.2,41.6,373.0,441.0,73.2,5.3,0.0,1360.0,0.17,0.0,0.0,0.0,87.0,87.0,28.0,1.0,135.36881919037432,-45.368819190374325,52.449360221598795,0.0,0.0,0.0,0.0,0.0,0.0,0.13445378151260506,0.0,23.5,23.0,99.6,0.17,0.2088549,0.19508184,281.83255,0.16226637,0.2,0.0,0.0,0.0,0.0,12.572727272727278,33.56153846153846,49.37692307692308,39.08461538461538,39.08461538461538,False,23.0,53.8,6.3,1.0,,100.0,False,50.0,0.0,0.0,0.0,0.0,2026-09-29T03:00,interpolated_hourly,0,NE,sun below horizon — no direct-sun posture,,,,not specified,Environmental scores are skin-type independent.,not personalized
2026-09-29 03:30:00,0.0,0.0,0.0,34.03202,-118.52633,86.0,62.02268600463867,1.0,0.0,0.11764705882352944,0.16935018942513586,0.7211538461538461,0.27884615384615385,0.7304120474652628,0.26931439630373427,0.0,0.0,0.0,11.5,0.0,0.0,0.6,44.2,41.6,373.0,441.0,73.2,5.3,0.0,1360.0,0.17,0.0,0.0,0.0,87.0,87.0,28.0,1.0,130.0207544313762,-40.020754431376176,59.34318538042871,0.0,0.0,0.0,0.0,0.0,0.0,0.11764705882352944,0.0,23.333333333333336,22.5,99.60499999999999,0.17,0.2088549,0.19508184,281.83255,0.16226637,0.2,0.0,0.0,0.0,0.0,10.477272727272727,33.60384615384615,50.09230769230769,39.36153846153846,39.36153846153846,False,22.5,53.4,6.449999999999999,1.0,,100.0,False,50.0,0.0,0.0,0.0,0.0,2026-09-29T03:30,interpolated_hourly,0,ENE,sun below horizon — no direct-sun posture,,,,not specified,Environmental scores are skin-type independent.,not personalized
2026-09-29 04:00:00,0.0,0.0,0.0,34.03202,-118.52633,86.0,62.02268600463867,1.0,0.0,0.10084033613445381,0.14515730522154502,0.7194570135746606,0.28054298642533937,0.7276901731437256,0.2720666657620495,0.0,0.0,0.0,11.0,0.0,0.0,0.6,44.2,41.6,373.0,441.0,73.2,5.3,0.0,1360.0,0.17,0.0,0.0,0.0,87.0,87.0,28.0,1.0,124.67268967237803,-34.672689672378034,66.23701053925862,0.0,0.0,0.0,0.0,0.0,0.0,0.10084033613445381,0.0,23.166666666666668,22.0,99.61,0.17,0.2088549,0.19508184,281.83255,0.16226637,0.2,0.0,0.0,0.0,0.0,8.381818181818183,33.646153846153844,50.80769230769231,39.638461538461534,39.638461538461534,False,22.0,53.0,6.6,1.0,,100.0,False,50.0,0.0,0.0,0.0,0.0,2026-09-29T04:00,interpolated_hourly,0,ENE,sun below horizon — no direct-sun posture,,,,not specified,Environmental scores are skin-type independent.,not personalized
2026-09-29 04:30:00,0.0,0.0,0.0,34.03202,-118.52633,86.0,62.02268600463867,1.0,0.0,0.08403361344537819,0.12096442101795424,0.7177601809954751,0.2822398190045249,0.7249682988221885,0.27481893522036477,0.0,0.0,0.0,11.0,0.0,0.0,0.6,44.2,41.6,373.0,441.0,73.2,5.3,0.0,1360.0,0.17,0.0,0.0,0.0,87.0,87.0,28.0,1.0,118.78318761105457,-28.783187611054572,71.54443668678843,0.0,0.0,0.0,0.0,0.0,0.0,0.08403361344537819,0.0,23.13888888888889,22.0,99.61500000000001,0.17,0.2088549,0.19508184,281.83255,0.16226637,0.2,0.0,0.0,0.0,0.0,6.286363636363639,33.68846153846154,51.52307692307693,39.91538461538461,39.91538461538461,False,22.0,52.95,6.699999999999999,1.0,,100.0,False,50.0,0.0,0.0,0.0,0.0,2026-09-29T04:30,interpolated_hourly,0,ENE,sun below horizon — no direct-sun posture,,,,not specified,Environmental scores are skin-type independent.,not personalized
2026-09-29 05:00:00,0.0,0.0,0.0,34.03202,-118.52633,86.0,62.02268600463867,1.0,0.0,0.06722689075630256,0.09677153681436335,0.7160633484162896,0.2839366515837104,0.7222464245006514,0.27757120467868,0.0,0.0,0.0,11.0,0.0,0.0,0.6,44.2,41.6,373.0,441.0,73.2,5.3,0.0,1360.0,0.17,0.0,0.0,0.0,87.0,87.0,28.0,1.0,112.89368554973112,-22.893685549731114,76.85186283431824,0.0,0.0,0.0,0.0,0.0,0.0,0.06722689075630256,0.0,23.11111111111111,22.0,99.62,0.17,0.2088549,0.19508184,281.83255,0.16226637,0.2,0.0,0.0,0.0,0.0,4.190909090909095,33.730769230769226,52.23846153846154,40.19230769230769,40.19230769230769,False,22.0,52.9,6.8,1.0,,100.0,False,50.0,0.0,0.0,0.0,0.0,2026-09-29T05:00,interpolated_hourly,0,ENE,sun below horizon — no direct-sun posture,,,,not specified,Environmental scores are skin-type independent.,not personalized
2026-09-29 05:30:00,0.0,0.0,0.0,34.03202,-118.52633,86.0,62.02268600463867,1.0,0.0,0.05042016806722688,0.07257865261077245,0.7143665158371041,0.2856334841628959,0.7195245501791142,0.28032347413699527,0.0,0.0,0.0,11.0,0.0,0.0,0.6,44.2,41.6,373.0,441.0,73.2,5.3,0.0,1360.0,0.17,0.0,0.0,0.0,87.0,87.0,28.0,1.0,106.75763736116353,-16.757637361163532,81.35671662320536,0.0,0.0,0.0,0.0,0.0,0.0,0.05042016806722688,0.0,23.11111111111111,21.5,99.635,0.17,0.2088549,0.19508184,281.83255,0.16226637,0.2,0.0,0.0,0.0,0.0,2.095454545454551,33.77307692307692,52.95384615384616,40.46923076923077,40.46923076923077,False,21.5,52.7,6.9,1.0,,100.0,False,50.0,0.0,0.0,0.0,0.0,2026-09-29T05:30,interpolated_hourly,0,E,sun below horizon — no direct-sun posture,,,,not specified,Environmental scores are skin-type independent.,not personalized
2026-09-29 06:00:00,0.0,0.0,0.0,34.03202,-118.52633,86.0,62.02268600463867,1.0,0.0,0.03361344537815125,0.04838576840718167,0.7126696832579186,0.2873303167420814,0.7168026758575771,0.2830757435953105,0.0,0.0,0.0,11.0,0.0,0.0,0.6,44.2,41.6,373.0,441.0,73.2,5.3,0.0,1360.0,0.17,0.0,0.0,0.0,87.0,87.0,28.0,1.0,100.62158917259595,-10.621589172595947,85.86157041209248,0.0,0.0,0.0,0.0,0.0,0.0,0.03361344537815125,0.0,23.11111111111111,21.0,99.65,0.17,0.2088549,0.19508184,281.83255,0.16226637,0.2,0.0,0.0,0.0,0.0,0.0,33.815384615384616,53.66923076923077,40.746153846153845,40.746153846153845,False,21.0,52.5,7.0,1.0,,100.0,False,50.0,0.0,0.0,0.0,0.0,2026-09-29T06:00,interpolated_hourly,0,E,sun below horizon — no direct-sun posture,,,,not specified,Environmental scores are skin-type independent.,not personalized
2026-09-29 06:30:00,0.0,1.55,21.35,34.03202,-118.52633,86.0,62.02268600463867,1.0,0.0,0.016806722689075626,0.02419288420359078,0.7109728506787331,0.289027149321267,0.71408080153604,0.2858280130536257,0.0,0.0,0.0,11.0,0.0,0.0,0.675,44.2,41.6,373.0,441.0,73.2,5.3,0.0,1360.0,0.17,0.0,0.0,0.0,87.0,87.0,28.0,1.0,94.26936106114462,-4.26936106114462,90.08341572802445,0.9991764646531599,2.967894197263766,0.8913087016957052,0.0,0.0,0.0,0.016806722689075626,0.0,23.166666666666664,20.5,99.66499999999999,0.17,0.2088549,0.19508184,281.83255,0.16226637,0.2,0.0,0.0,0.0,0.0,0.0,33.857692307692304,54.38461538461539,41.02307692307692,41.02307692307692,False,20.5,52.4,7.0,1.0,,100.0,False,50.0,0.0,0.0,0.0,0.0,2026-09-29T06:30,interpolated_hourly,0,E,sun below horizon — no direct-sun posture,,,,not specified,Environmental scores are skin-type independent.,not personalized
2026-09-29 07:00:00,1.0,3.1,42.7,34.03202,-118.52633,86.0,62.02268600463867,1.0,0.0,0.0,0.0,0.7092760180995475,0.2907239819004525,0.7113589272145029,0.28858028251194096,0.0,0.0,0.0,11.0,0.0,0.0,0.75,44.2,41.6,373.0,441.0,73.2,5.3,0.0,1360.0,0.17,0.0,0.0,0.0,87.0,87.0,28.0,1.0,87.9171329496933,2.0828670503067066,94.30526104395642,1.9983529293063198,5.935788394527532,1.7826174033914104,0.0,0.0,0.0,0.0,0.0,23.22222222222222,20.0,99.67999999999999,0.17,0.2088549,0.19508184,281.83255,0.16226637,0.2,0.266,0.0,0.1,0.0,0.0,33.9,55.1,41.3,41.3,False,20.0,52.3,7.0,1.0,87.9,100.0,False,50.0,0.5,0.5,0.0,0.0,2026-09-29T07:00,interpolated_hourly,0,E,"sun low 2° (E) — face E, lift torso ~88° toward the sun if comfortable",,,,not specified,Environmental scores are skin-type independent.,not personalized
2026-09-29 07:30:00,1.0,95.7,187.05,34.03202,-118.52633,86.0,62.02268600463867,1.0,0.0,0.2708443972384493,0.2703681351840676,0.707579185520362,0.292420814479638,0.7086370528929657,0.2913325519702562,0.5,0.0,0.0,11.0,0.0,32.5,0.875,44.2,41.6,373.0,441.0,73.2,5.3,0.0,1360.0,0.17,0.0,0.0,0.0,87.0,87.0,28.0,1.0,81.89520578742714,8.104794212572855,98.65850737217153,76.4537503704401,188.01256261536747,31.182528105178523,51.0,249.35,15.0,0.2708443972384493,0.0,23.666666666666668,19.5,99.69500000000001,0.17,0.2088549,0.19508184,281.83255,0.16226637,0.2,2.03245,0.011880572376783874,1.9450580226896195,9.15,23.1,38.599999999999994,39.5,38.9,38.9,False,19.5,52.65,6.85,1.0,81.9,100.0,False,50.0,4.9,4.9,0.2300815072968708,51.0779787567067,2026-09-29T07:30,interpolated_hourly,0,E,"sun low 8° (E) — face E, lift torso ~82° toward the sun if comfortable",,,,not specified,Environmental scores are skin-type independent.,not personalized
2026-09-29 08:00:00,1.0,188.3,331.4,34.03202,-118.52633,86.0,62.02268600463867,1.0,0.0,0.5416887944768985,0.5407362703681352,0.7058823529411765,0.29411764705882354,0.7059151785714286,0.29408482142857145,1.0,0.0,0.0,11.0,0.0,65.0,1.0,44.2,41.6,373.0,441.0,73.2,5.3,0.0,1360.0,0.17,0.0,0.0,0.0,87.0,87.0,28.0,1.0,75.87327862516099,14.126721374839004,103.01175370038663,150.9091478115739,370.08933683620745,60.58243880696564,102.0,498.7,30.0,0.5416887944768985,0.0,24.111111111111114,19.0,99.71000000000001,0.17,0.2088549,0.19508184,281.83255,0.16226637,0.2,5.541,0.0284,5.0,18.3,46.2,43.3,23.9,36.5,36.5,False,19.0,53.0,6.7,1.0,75.9,100.0,False,50.0,10.2,10.2,0.55,179.2,2026-09-29T08:00,interpolated_hourly,0,ESE,"sun low 14° (ESE) — face ESE, lift torso ~76° toward the sun if comfortable",,,,not specified,Environmental scores are skin-type independent.,not personalized
2026-09-29 08:30:00,1.0,327.20000000000005,463.3,34.03202,-118.52633,86.0,62.02268600463867,1.0,0.0,0.6184092974744502,0.6177303663668633,0.7757806826434277,0.22421931735657225,0.7758112773147349,0.22418872268526518,1.0,0.0,0.0,11.0,0.0,71.05,1.0,44.2,41.6,373.0,441.0,73.2,5.3,0.0,1360.0,0.17,0.0,0.0,0.0,87.0,87.0,28.0,1.0,69.98171152221369,20.01828847778632,107.93201267288597,254.92194381469074,485.62914772144916,78.41624219052025,213.0,649.4,40.0,0.6184092974744502,0.0,25.111111111111114,18.0,99.73,0.17,0.2088549,0.19508184,281.83255,0.16226637,0.2,11.352759103671328,0.1265675510128665,10.942424525039593,28.1,50.05,53.2,22.4,42.4,42.4,False,18.0,53.75,6.5,1.0,70.0,100.0,False,50.0,18.0,18.0,1.308127964836569,288.8508401264647,2026-09-29T08:30,interpolated_hourly,0,ESE,"sun low 20° (ESE) — face ESE, lift torso ~70° toward the sun if comfortable",,,,not specified,Environmental scores are skin-type independent.,not personalized
2026-09-29 09:00:00,1.0,466.1,595.2,34.03202,-118.52633,86.0,62.02268600463867,1.0,0.0,0.6951298004720017,0.6947244623655914,0.845679012345679,0.15432098765432098,0.8457073760580411,0.1542926239419589,1.0,0.0,0.0,11.0,0.0,77.1,1.0,44.2,41.6,373.0,441.0,73.2,5.3,0.0,1360.0,0.17,0.0,0.0,0.0,87.0,87.0,28.0,1.0,64.09014441926637,25.909855580733637,112.85227164538531,358.93473981780755,601.1689586066909,96.25004557407487,324.0,800.1,50.0,0.6951298004720017,0.0,26.11111111111111,17.0,99.75,0.17,0.2088549,0.19508184,281.83255,0.16226637,0.2,17.754000000000005,0.228,17.295981372854207,37.9,53.9,63.1,20.9,48.3,48.3,False,17.0,54.5,6.3,1.0,64.1,100.0,False,50.0,25.4,25.4,2.1,413.50000000000006,2026-09-29T09:00,interpolated_hourly,0,ESE,"sun low 26° (ESE) — face ESE, lift torso ~64° toward the sun if comfortable",,,,not specified,Environmental scores are skin-type independent.,not personalized
2026-09-29 09:30:00,1.0,587.95,705.6500000000001,34.03202,-118.52633,86.0,62.02268600463867,1.0,0.0,0.7187962330057951,0.7184564598312457,0.8630672101576593,0.13693278984234075,0.863088127520518,0.136911872479482,1.0,0.0,5.684341886080802e-14,11.5,0.0,81.35,1.0,44.2,41.6,373.0,441.0,73.2,5.3,0.0,1360.0,0.17,0.0,0.0,0.0,87.0,87.0,28.0,1.0,58.6569955267417,31.343004473258297,118.9091556926621,450.9499911419446,656.5336487472637,106.50433595109794,425.5,845.3,56.5,0.7187962330057951,0.0,27.416666666666668,16.0,99.765,0.17,0.2088549,0.19508184,281.83255,0.16226637,0.2,24.173604258634658,0.42211366630272984,23.452341338797712,46.75,51.4,63.7,20.2,48.45,48.45,False,16.0,55.5,5.949999999999999,1.0,58.7,100.0,False,50.0,31.4,31.4,2.8304559869575407,511.57030502689815,2026-09-29T09:30,interpolated_hourly,0,ESE,"sun 31° up (ESE) — lay flat, or lift torso ~59° toward ESE to face it",,,,not specified,Environmental scores are skin-type independent.,not personalized
2026-09-29 10:00:00,1.0,709.8,816.1,34.03202,-118.52633,86.0,62.02268600463867,1.0,0.0,0.7424626655395886,0.7421884572969,0.8804554079696395,0.11954459203036052,0.8804688789829948,0.11953112101700512,1.0,0.0,1.1368683772161603e-13,12.0,0.0,85.6,1.0,44.2,41.6,373.0,441.0,73.2,5.3,0.0,1360.0,0.17,0.0,0.0,0.0,87.0,87.0,28.0,1.0,53.22384663421704,36.77615336578296,124.96603973993888,542.9652424660817,711.8983388878364,116.75862632812101,527.0,890.5,63.0,0.7424626655395886,0.0,28.722222222222225,15.0,99.78,0.17,0.2088549,0.19508184,281.83255,0.16226637,0.2,30.407,0.6146,29.5,55.6,48.9,64.3,19.5,48.6,48.6,False,15.0,56.5,5.6,1.0,53.2,100.0,False,50.0,36.8,36.8,3.55,605.7,2026-09-29T10:00,interpolated_hourly,0,SE,"sun 37° up (SE) — lay flat, or lift torso ~53° toward SE to face it",,,,not specified,Environmental scores are skin-type independent.,not personalized
2026-09-29 10:30:00,1.0,806.3,897.5,34.03202,-118.52633,86.0,62.02268600463867,1.0,0.0,0.7539296048123287,0.7537686591316455,0.8895764738835172,0.11042352611648272,0.8895804085251332,0.11041959147486669,1.0,0.0,1.1368683772161603e-13,12.0,0.0,89.3,1.0,44.2,41.6,373.0,441.0,73.2,5.3,0.0,1360.0,0.17,0.0,0.0,0.0,87.0,87.0,28.0,1.0,48.667416924684716,41.332583075315284,132.92346419364281,611.9283017512006,740.0967176974007,123.00980676884987,609.0,914.0,66.5,0.7539296048123287,0.0,29.861111111111114,14.0,99.78,0.17,0.2088549,0.19508184,281.83255,0.16226637,0.2,35.79587065404443,0.8235989465619002,34.895747938483815,63.55,45.3,74.5,18.9,55.05,55.05,False,14.0,57.2,4.949999999999999,1.0,48.7,100.0,False,50.0,42.0,42.0,4.240957403076208,682.5769858018521,2026-09-29T10:30,interpolated_hourly,0,SE,"sun 41° up (SE) — lay flat, or lift torso ~49° toward SE to face it",,,,not specified,Environmental scores are skin-type independent.,not personalized
2026-09-29 11:00:00,1.0,902.8,978.9,34.03202,-118.52633,86.0,62.02268600463867,1.0,0.0,0.7653965440850687,0.7653488609663909,0.8986975397973951,0.10130246020260492,0.8986919380672717,0.10130806193272825,1.0,0.0,1.1368683772161603e-13,12.0,0.0,93.0,1.0,44.2,41.6,373.0,441.0,73.2,5.3,0.0,1360.0,0.17,0.0,0.0,0.0,87.0,87.0,28.0,1.0,44.1109872151524,45.8890127848476,140.88088864734675,680.8913610363195,768.295096506965,129.26098720957873,691.0,937.5,70.0,0.7653965440850687,0.0,31.0,13.0,99.78,0.17,0.2088549,0.19508184,281.83255,0.16226637,0.2,40.647,1.0264,39.9,71.5,41.7,84.7,18.3,61.5,61.5,False,13.0,57.9,4.3,1.0,44.1,100.0,False,50.0,46.7,46.7,4.9,749.2,2026-09-29T11:00,interpolated_hourly,0,SE,"sun 46° up (SE) — lay flat, or lift torso ~44° toward SE to face it",,,,not specified,Environmental scores are skin-type independent.,not personalized
2026-09-29 11:30:00,1.0,967.3,1025.75,34.03202,-118.52633,86.0,62.02268600463867,1.0,0.0,0.7761853819475548,0.7761109398995669,0.9056295580760374,0.09437044192396256,0.9056255898867165,0.09437441011328356,1.0,0.0,5.684341886080802e-14,11.5,0.0,95.9,1.0,44.2,41.6,373.0,441.0,73.2,5.3,0.0,1360.0,0.17,0.0,0.0,0.0,87.0,87.0,28.0,1.0,41.1181571008336,48.8818428991664,151.38152470968316,720.8294911952727,781.3614285751079,132.54116290114285,751.5,958.3,70.5,0.7761853819475548,0.0,31.75,12.5,99.755,0.17,0.2088549,0.19508184,281.83255,0.16226637,0.2,44.62140724287766,1.1591755982871002,44.549080035138346,79.3,49.900000000000006,88.10000000000001,18.3,63.7,63.7,False,12.5,58.4,2.95,1.5,41.1,100.0,False,50.0,51.8,51.8,5.598063028803347,803.2044878978712,2026-09-29T11:30,interpolated_hourly,0,SSE,"sun 49° up (SSE) — lay flat, or lift torso ~41° toward SSE to face it",,,,not specified,Environmental scores are skin-type independent.,not personalized
2026-09-29 12:00:00,1.0,1031.8,1072.6,34.03202,-118.52633,86.0,62.02268600463867,1.0,0.0,0.7869742198100408,0.786873018832743,0.9125615763546798,0.0874384236453202,0.9125592417061612,0.08744075829383886,1.0,0.0,0.0,11.0,0.0,98.8,1.0,44.2,41.6,373.0,441.0,73.2,5.3,0.0,1360.0,0.17,0.0,0.0,0.0,87.0,87.0,28.0,1.0,38.1253269865148,51.8746730134852,161.88216077201957,760.7676213542259,794.4277606432507,135.82133859270698,812.0,979.1,71.0,0.7869742198100408,0.0,32.5,12.0,99.72999999999999,0.17,0.2088549,0.19508184,281.83255,0.16226637,0.2,47.862,1.2824,48.6,87.1,58.1,91.5,18.3,65.9,65.9,False,12.0,58.9,1.6,2.0,38.1,100.0,False,50.0,56.5,56.5,6.25,844.0,2026-09-29T12:00,interpolated_hourly,0,SSE,"sun 52° up (SSE) — lay flat, or lift torso ~38° toward SSE to face it",,,,not specified,Environmental scores are skin-type independent.,not personalized
2026-09-29 12:30:00,1.0,1059.9,1081.6999999999998,34.03202,-118.52633,86.0,62.02268600463867,1.0,0.0,0.7882481393167851,0.7881468137801413,0.9132074470830442,0.08679255291695578,0.9131951939572497,0.08680480604275034,1.0,0.0,0.0,12.0,0.0,98.8,1.0,44.2,41.6,373.0,441.0,73.2,5.3,0.0,1360.0,0.17,0.0,0.0,0.0,87.0,87.0,28.0,1.0,37.49818323793126,52.50181676206874,174.20763485883032,768.5336609219007,796.7496252300608,136.4367010694845,835.5,981.45,72.5,0.7882481393167851,0.0,33.02777777777778,11.0,99.69,0.17,0.2088549,0.19508184,281.83255,0.16226637,0.2,49.533536909347795,1.3392713193634749,50.34001403946971,89.19999999999999,62.45,91.7,19.450000000000003,66.4,66.4,False,11.0,58.75,1.7000000000000002,2.0,37.5,100.0,False,50.0,58.4,58.4,6.478644024370506,860.1390504835264,2026-09-29T12:30,interpolated_hourly,0,S,"sun 53° up (S) — lay flat, or lift torso ~38° toward S to face it",,,,not specified,Environmental scores are skin-type independent.,not personalized
2026-09-29 13:00:00,1.0,1088.0,1090.8,34.03202,-118.52633,86.0,62.02268600463867,1.0,0.0,0.7895220588235294,0.7894206087275395,0.9138533178114087,0.08614668218859138,0.9138311462083382,0.08616885379166182,1.0,0.0,0.0,13.0,0.0,98.8,1.0,44.2,41.6,373.0,441.0,73.2,5.3,0.0,1360.0,0.17,0.0,0.0,0.0,87.0,87.0,28.0,1.0,36.871039489347716,53.128960510652284,186.5331089456411,776.2997004895756,799.0714898168709,137.05206354626205,859.0,983.8,74.0,0.7895220588235294,0.0,33.55555555555556,10.0,99.65,0.17,0.2088549,0.19508184,281.83255,0.16226637,0.2,50.331,1.3843,51.4,91.3,66.8,91.9,20.6,66.9,66.9,False,10.0,58.6,1.8,2.0,36.9,100.0,False,50.0,59.8,59.8,6.65,861.1,2026-09-29T13:00,interpolated_hourly,0,S,"sun 53° up (S) — lay flat, or lift torso ~37° toward S to face it",,,,not specified,Environmental scores are skin-type independent.,not personalized
2026-09-29 13:30:00,1.0,1077.85,1061.5,34.03202,-118.52633,86.0,62.02268600463867,1.0,0.0,0.7867250642530123,0.7866401629183135,0.9121237915221918,0.08787620847780823,0.9121127057206566,0.08788729427934346,1.0,0.0,0.0,14.5,0.0,98.75,1.0,44.2,41.6,373.0,441.0,73.2,5.3,0.0,1360.0,0.17,0.0,0.0,0.0,87.0,87.0,28.0,1.0,38.83312956492624,51.16687043507376,198.12424419508136,751.2934166870796,791.3514753867757,135.0456679898881,848.0,978.5999999999999,74.5,0.7867250642530123,0.0,33.77777777777778,10.0,99.61500000000001,0.17,0.2088549,0.19508184,281.83255,0.16226637,0.2,49.935264920189326,1.3407262911323528,50.73966685014536,89.8,70.5,91.7,22.9,67.6,67.6,False,10.0,58.85,2.95,2.0,38.8,100.0,False,50.0,59.6,59.6,6.528614370423862,842.4687563229211,2026-09-29T13:30,interpolated_hourly,0,SSW,"sun 51° up (SSW) — lay flat, or lift torso ~39° toward SSW to face it",,,,not specified,Environmental scores are skin-type independent.,not personalized
2026-09-29 14:00:00,1.0,1067.7,1032.2,34.03202,-118.52633,86.0,62.02268600463867,1.0,0.0,0.7839280696824951,0.7838597171090874,0.910394265232975,0.08960573476702509,0.910394265232975,0.08960573476702509,1.0,0.0,0.0,16.0,0.0,98.7,1.0,44.2,41.6,373.0,441.0,73.2,5.3,0.0,1360.0,0.17,0.0,0.0,0.0,87.0,87.0,28.0,1.0,40.79521964050476,49.20478035949524,209.7153794445216,726.2871328845836,783.6314609566805,133.03927243351416,837.0,973.4,75.0,0.7839280696824951,0.0,34.0,10.0,99.58,0.17,0.2088549,0.19508184,281.83255,0.16226637,0.2,48.666,1.2854,49.4,88.3,74.2,91.5,25.2,68.3,68.3,False,10.0,59.1,4.1,2.0,40.8,100.0,False,50.0,58.9,58.9,6.35,809.1,2026-09-29T14:00,interpolated_hourly,0,SSW,"sun 49° up (SSW) — lay flat, or lift torso ~41° toward SSW to face it",,,,not specified,Environmental scores are skin-type independent.,not personalized
2026-09-29 14:30:00,1.0,1019.95,966.5,34.03202,-118.52633,86.0,62.02268600463867,1.0,0.0,0.777172839613928,0.7770874962099611,0.9098032741385169,0.09019672586148317,0.9098015424738156,0.0901984575261844,1.0,0.0,0.0,17.5,0.0,96.6,1.0,44.2,41.6,373.0,441.0,73.2,5.3,0.0,1360.0,0.17,0.0,0.0,0.0,87.0,87.0,28.0,1.0,44.718091977267036,45.281908022732964,218.83362277154345,670.4356120181401,763.4374649200795,128.25318330722834,793.0,964.55,71.5,0.777172839613928,0.0,33.75,10.5,99.555,0.17,0.2088549,0.19508184,281.83255,0.16226637,0.2,45.84284438383944,1.1139746823175063,45.92905831193468,81.69999999999999,74.4,78.45,29.35,61.25,61.25,False,10.5,59.2,4.75,2.0,44.7,100.0,False,50.0,54.9,54.9,5.799074945133275,757.7787993413401,2026-09-29T14:30,interpolated_hourly,0,SW,"sun 45° up (SW) — lay flat, or lift torso ~45° toward SW to face it",,,,not specified,Environmental scores are skin-type independent.,not personalized
2026-09-29 15:00:00,1.0,972.2,900.8,34.03202,-118.52633,86.0,62.02268600463867,1.0,0.0,0.770417609545361,0.7703152753108349,0.9092122830440588,0.09078771695594126,0.9092088197146563,0.0907911802853437,1.0,0.0,0.0,19.0,0.0,94.5,1.0,44.2,41.6,373.0,441.0,73.2,5.3,0.0,1360.0,0.17,0.0,0.0,0.0,87.0,87.0,28.0,1.0,48.64096431402932,41.35903568597068,227.95186609856532,614.5840911516965,743.2434688834784,123.46709418094252,749.0,955.7,68.0,0.770417609545361,0.0,33.5,11.0,99.53,0.17,0.2088549,0.19508184,281.83255,0.16226637,0.2,42.26,0.9333,41.8,75.1,74.6,65.4,33.5,54.2,54.2,False,11.0,59.3,5.4,2.0,48.6,100.0,False,50.0,50.3,50.3,5.2,693.9,2026-09-29T15:00,interpolated_hourly,0,SW,"sun 41° up (SW) — lay flat, or lift torso ~49° toward SW to face it",,,,not specified,Environmental scores are skin-type independent.,not personalized
2026-09-29 15:30:00,1.0,890.05,803.15,34.03202,-118.52633,86.0,62.02268600463867,1.0,0.0,0.7596363329321062,0.7595020742252261,0.9000606869765748,0.09993931302342518,0.9000796086456659,0.0999203913543341,1.0,0.0,0.0,21.0,0.0,90.35,1.0,44.2,41.6,373.0,441.0,73.2,5.3,0.0,1360.0,0.17,0.0,0.0,0.0,87.0,87.0,28.0,1.0,53.72961246426429,36.27038753573571,234.7971953871944,532.4407995365384,702.9944190106851,115.31264493134213,677.0,933.1500000000001,67.0,0.7596363329321062,0.0,32.94444444444444,11.5,99.515,0.17,0.2088549,0.19508184,281.83255,0.16226637,0.2,37.189008525242144,0.7614036865460352,36.79529561809887,66.4,82.5,62.25,35.15,52.75,52.75,False,11.5,59.05,5.85,2.0,53.7,100.0,False,50.0,46.0,46.0,4.566515222809542,615.4939304546041,2026-09-29T15:30,interpolated_hourly,0,SW,"sun 36° up (SW) — lay flat, or lift torso ~54° toward SW to face it",,,,not specified,Environmental scores are skin-type independent.,not personalized
2026-09-29 16:00:00,1.0,807.9,705.5,34.03202,-118.52633,86.0,62.02268600463867,1.0,0.0,0.7488550563188514,0.7486888731396174,0.8909090909090909,0.10909090909090909,0.8909503975766755,0.1090496024233245,1.0,0.0,0.0,23.0,0.0,86.2,1.0,44.2,41.6,373.0,441.0,73.2,5.3,0.0,1360.0,0.17,0.0,0.0,0.0,87.0,87.0,28.0,1.0,58.81826061449927,31.181739385500727,241.6425246758235,450.29750792138026,662.7453691378917,107.15819568174174,605.0,910.6,66.0,0.7488550563188514,0.0,32.388888888888886,12.0,99.5,0.17,0.2088549,0.19508184,281.83255,0.16226637,0.2,31.581,0.584,31.3,57.7,90.4,59.1,36.8,51.3,51.3,False,12.0,58.8,6.3,2.0,58.8,100.0,False,50.0,41.1,41.1,3.9,528.2,2026-09-29T16:00,interpolated_hourly,0,WSW,"sun 31° up (WSW) — lay flat, or lift torso ~59° toward WSW to face it",,,,not specified,Environmental scores are skin-type independent.,not personalized
2026-09-29 16:30:00,1.0,696.95,582.6,34.03202,-118.52633,86.0,62.02268600463867,1.0,0.0,0.7293763336201766,0.7290322764653928,0.875743006993007,0.124256993006993,0.8758646498769609,0.12428867732328444,1.0,0.0,-0.04999999999998295,24.5,0.0,80.35,1.0,44.2,41.6,373.0,441.0,73.2,5.3,0.0,1360.0,0.17,0.0,0.0,0.0,87.0,87.0,28.0,1.0,64.5363696709463,25.463630329053693,247.0094266739472,349.9549837276862,582.09016475211,93.6821451909859,510.5,872.45,62.0,0.7293763336201766,0.0,31.888888888888886,12.5,99.495,0.17,0.2088549,0.19508184,281.83255,0.16226637,0.2,26.009734277754657,0.3847642970048444,25.689580250682365,49.5,95.15,46.05,38.05,43.25,43.25,False,12.5,58.55,6.55,2.0,64.5,100.0,False,50.0,34.9,34.9,3.1804911298890417,428.6287807385379,2026-09-29T16:30,interpolated_hourly,0,WSW,"sun low 25° (WSW) — face WSW, lift torso ~64° toward the sun if comfortable",,,,not specified,Environmental scores are skin-type independent.,not personalized
2026-09-29 17:00:00,1.0,586.0,459.7,34.03202,-118.52633,86.0,62.02268600463867,1.0,0.0,0.7098976109215017,0.7093756797911682,0.8605769230769231,0.13942307692307693,0.8607789021772462,0.1395277522232444,1.0,0.0,-0.0999999999999659,26.0,0.0,74.5,1.0,44.2,41.6,373.0,441.0,73.2,5.3,0.0,1360.0,0.17,0.0,0.0,0.0,87.0,87.0,28.0,1.0,70.25447872739333,19.745521272606663,252.37632867207085,249.61245953399225,501.43496036632826,80.20609470023007,416.0,834.3,58.0,0.7098976109215017,0.0,31.38888888888889,13.0,99.49,0.17,0.2088549,0.19508184,281.83255,0.16226637,0.2,20.259,0.1842,19.9,41.3,99.9,33.0,39.3,35.2,35.2,False,13.0,58.3,6.8,2.0,70.3,100.0,False,50.0,28.4,28.4,2.45,326.1,2026-09-29T17:00,interpolated_hourly,0,WSW,"sun low 20° (WSW) — face WSW, lift torso ~70° toward the sun if comfortable",,,,not specified,Environmental scores are skin-type independent.,not personalized
2026-09-29 17:30:00,1.0,453.85,319.85,34.03202,-118.52633,86.0,62.02268600463867,1.0,0.0,0.6626889360171699,0.6616322843400286,0.8141268453768453,0.18587315462315462,0.814099858328442,0.18605346887180318,1.0,0.0,-0.04999999999998295,26.0,0.0,66.25,1.0,44.2,41.6,373.0,441.0,73.2,5.3,0.0,1360.0,0.17,0.0,0.0,0.0,87.0,87.0,28.0,1.0,76.2765051121446,13.723494887855383,256.9277518891342,150.08003990919713,330.246897016408,54.718994329245426,307.0,740.25,52.0,0.6626889360171699,0.0,31.055555555555557,13.0,99.49,0.17,0.2088549,0.19508184,281.83255,0.16226637,0.2,13.47020283480339,0.11129284850149972,13.58701061035458,31.7,99.95,32.85,44.65,37.0,37.0,False,13.0,57.95,6.4,1.5,76.3,100.0,False,50.0,21.9,21.9,1.7312220878011066,213.6403137777957,2026-09-29T17:30,interpolated_hourly,0,WSW,"sun low 14° (WSW) — face WSW, lift torso ~76° toward the sun if comfortable",,,,not specified,Environmental scores are skin-type independent.,not personalized
2026-09-29 18:00:00,1.0,321.7,180.0,34.03202,-118.52633,86.0,62.02268600463867,1.0,0.0,0.615480261112838,0.6138888888888889,0.7676767676767676,0.23232323232323232,0.767420814479638,0.232579185520362,1.0,0.0,0.0,26.0,0.0,58.0,1.0,44.2,41.6,373.0,441.0,73.2,5.3,0.0,1360.0,0.17,0.0,0.0,0.0,87.0,87.0,28.0,1.0,82.29853149689589,7.701468503104103,261.47917510619754,50.54762028440198,159.05883366648777,29.231893958260784,198.0,646.2,46.0,0.615480261112838,0.0,30.72222222222222,13.0,99.49,0.17,0.2088549,0.19508184,281.83255,0.16226637,0.2,7.269,0.0408,7.7,22.1,100.0,32.7,50.0,38.8,38.8,False,13.0,57.6,6.0,1.0,82.3,100.0,False,50.0,14.9,14.9,1.05,110.5,2026-09-29T18:00,interpolated_hourly,0,W,"sun low 8° (W) — face W, lift torso ~82° toward the sun if comfortable",,,,not specified,Environmental scores are skin-type independent.,not personalized
2026-09-29 18:30:00,1.0,188.45,90.0,34.03202,-118.52633,86.0,62.02268600463867,1.0,0.0,0.4979575218607668,0.5902777777777778,0.7647907647907648,0.2352092352092352,0.7638075150917426,0.23617007945925209,0.8046375,0.0,0.0,26.0,0.0,47.15,1.0,44.2,41.6,373.0,441.0,73.2,5.3,0.0,1360.0,0.17,0.0,0.0,0.0,87.0,87.0,28.0,1.0,88.55321222481413,1.4467877751858627,265.6996114812267,25.27381014220099,79.52941683324389,14.615946979130392,109.5,414.75,25.5,0.4979575218607668,0.0,30.444444444444443,13.5,99.50999999999999,0.17,0.2088549,0.19508184,281.83255,0.16226637,0.2,2.5441499999999997,0.017067864541295143,3.0740932042065494,11.25,62.75,32.7,50.723076923076924,39.05,39.05,False,13.5,57.6,5.3,1.0,88.6,100.0,False,50.0,7.4,7.4,0.4810795152570935,19.75786364651578,2026-09-29T18:30,interpolated_hourly,0,W,"sun low 1° (W) — face W, lift torso ~89° toward the sun if comfortable",,,,not specified,Environmental scores are skin-type independent.,not personalized
2026-09-29 19:00:00,0.0,55.2,0.0,34.03202,-118.52633,86.0,62.02268600463867,1.0,0.0,0.3804347826086956,0.5666666666666667,0.7619047619047619,0.23809523809523808,0.7601942157038474,0.2397609733981422,0.609275,0.0,0.0,26.0,0.0,36.3,1.0,44.2,41.6,373.0,441.0,73.2,5.3,0.0,1360.0,0.17,0.0,0.0,0.0,87.0,87.0,28.0,1.0,94.80789295273237,-4.807892952732376,269.9200478562559,0.0,0.0,0.0,21.0,183.3,5.0,0.3804347826086956,0.0,30.166666666666668,14.0,99.53,0.17,0.2088549,0.19508184,281.83255,0.16226637,0.2,0.0,0.0,0.0,0.4,25.5,32.7,51.44615384615385,39.3,39.3,False,14.0,57.6,4.6,1.0,,100.0,False,50.0,0.0,0.0,0.0,0.0,2026-09-29T19:00,interpolated_hourly,0,W,sun below horizon — no direct-sun posture,,,,not specified,Environmental scores are skin-type independent.,not personalized
2026-09-29 19:30:00,0.0,27.6,0.0,34.03202,-118.52633,86.0,62.02268600463867,1.0,0.0,0.3645833333333333,0.5430555555555556,0.7582417582417582,0.24175824175824173,0.756580916315952,0.2433518673370323,0.3046375,0.0,0.0,26.5,0.0,18.15,0.8,44.2,41.6,373.0,441.0,73.2,5.3,0.0,1360.0,0.17,0.0,0.0,0.0,87.0,87.0,28.0,1.0,101.00641288804229,-11.006412888042284,274.2181757829694,0.0,0.0,0.0,10.5,91.65,2.5,0.3645833333333333,0.0,29.833333333333332,14.5,99.55000000000001,0.17,0.2088549,0.19508184,281.83255,0.16226637,0.2,0.0,0.0,0.0,0.2,24.34090909090909,32.7,52.169230769230765,39.55,39.55,False,14.5,57.5,3.8499999999999996,1.0,,100.0,False,50.0,0.0,0.0,0.0,0.0,2026-09-29T19:30,interpolated_hourly,0,W,sun below horizon — no direct-sun posture,,,,not specified,Environmental scores are skin-type independent.,not personalized
2026-09-29 20:00:00,0.0,0.0,0.0,34.03202,-118.52633,86.0,62.02268600463867,1.0,0.0,0.348731884057971,0.5194444444444445,0.7545787545787546,0.2454212454212454,0.7529676169280568,0.2469427612759224,0.0,0.0,0.0,27.0,0.0,0.0,0.6,44.2,41.6,373.0,441.0,73.2,5.3,0.0,1360.0,0.17,0.0,0.0,0.0,87.0,87.0,28.0,1.0,107.2049328233522,-17.20493282335219,278.516303709683,0.0,0.0,0.0,0.0,0.0,0.0,0.348731884057971,0.0,29.499999999999996,15.0,99.57000000000001,0.17,0.2088549,0.19508184,281.83255,0.16226637,0.2,0.0,0.0,0.0,0.0,23.18181818181818,32.7,52.89230769230769,39.8,39.8,False,15.0,57.4,3.1,1.0,,100.0,False,50.0,0.0,0.0,0.0,0.0,2026-09-29T20:00,interpolated_hourly,0,W,sun below horizon — no direct-sun posture,,,,not specified,Environmental scores are skin-type independent.,not personalized
2026-09-29 20:30:00,0.0,0.0,0.0,34.03202,-118.52633,86.0,62.02268600463867,1.0,0.0,0.33288043478260865,0.49583333333333335,0.7509157509157509,0.24908424908424906,0.7493543175401615,0.2505336552148125,0.0,0.0,0.0,30.0,0.0,0.0,0.6,44.2,41.6,373.0,441.0,73.2,5.3,0.0,1360.0,0.17,0.0,0.0,0.0,87.0,87.0,28.0,1.0,113.25426164202358,-23.25426164202357,283.34326643004806,0.0,0.0,0.0,0.0,0.0,0.0,0.33288043478260865,0.0,29.055555555555554,17.0,99.60000000000001,0.17,0.2088549,0.19508184,281.83255,0.16226637,0.2,0.0,0.0,0.0,0.0,22.022727272727273,32.7,53.61538461538461,40.05,40.05,False,17.0,57.9,2.6500000000000004,1.0,,100.0,False,50.0,0.0,0.0,0.0,0.0,2026-09-29T20:30,interpolated_hourly,0,WNW,sun below horizon — no direct-sun posture,,,,not specified,Environmental scores are skin-type independent.,not personalized
2026-09-29 21:00:00,0.0,0.0,0.0,34.03202,-118.52633,86.0,62.02268600463867,1.0,0.0,0.31702898550724634,0.4722222222222222,0.7472527472527473,0.25274725274725274,0.7457410181522661,0.2541245491537026,0.0,0.0,0.0,33.0,0.0,0.0,0.6,44.2,41.6,373.0,441.0,73.2,5.3,0.0,1360.0,0.17,0.0,0.0,0.0,87.0,87.0,28.0,1.0,119.30359046069495,-29.303590460694956,288.1702291504131,0.0,0.0,0.0,0.0,0.0,0.0,0.31702898550724634,0.0,28.61111111111111,19.0,99.63,0.17,0.2088549,0.19508184,281.83255,0.16226637,0.2,0.0,0.0,0.0,0.0,20.863636363636363,32.7,54.33846153846154,40.3,40.3,False,19.0,58.4,2.2,1.0,,100.0,False,50.0,0.0,0.0,0.0,0.0,2026-09-29T21:00,interpolated_hourly,0,WNW,sun below horizon — no direct-sun posture,,,,not specified,Environmental scores are skin-type independent.,not personalized
2026-09-29 21:30:00,0.0,0.0,0.0,34.03202,-118.52633,86.0,62.02268600463867,1.0,0.0,0.30117753623188404,0.4486111111111111,0.7435897435897435,0.2564102564102564,0.7421277187643709,0.2577154430925927,0.0,0.0,0.0,41.0,0.0,0.0,0.6,44.2,41.6,373.0,441.0,73.2,5.3,0.0,1360.0,0.17,0.0,0.0,0.0,87.0,87.0,28.0,1.0,124.98166173504048,-34.98166173504049,294.16468552764917,0.0,0.0,0.0,0.0,0.0,0.0,0.30117753623188404,0.0,28.111111111111114,21.5,99.655,0.17,0.2088549,0.19508184,281.83255,0.16226637,0.2,0.0,0.0,0.0,0.0,19.704545454545453,32.7,55.06153846153846,40.55,40.55,False,21.5,58.9,2.45,1.0,,100.0,False,50.0,0.0,0.0,0.0,0.0,2026-09-29T21:30,interpolated_hourly,0,WNW,sun below horizon — no direct-sun posture,,,,not specified,Environmental scores are skin-type independent.,not personalized
2026-09-29 22:00:00,0.0,0.0,0.0,34.03202,-118.52633,86.0,62.02268600463867,1.0,0.0,0.28532608695652173,0.42500000000000004,0.7399267399267399,0.26007326007326004,0.7385144193764756,0.2613063370314828,0.0,0.0,0.0,49.0,0.0,0.0,0.6,44.2,41.6,373.0,441.0,73.2,5.3,0.0,1360.0,0.17,0.0,0.0,0.0,87.0,87.0,28.0,1.0,130.659733009386,-40.65973300938602,300.15914190488525,0.0,0.0,0.0,0.0,0.0,0.0,0.28532608695652173,0.0,27.611111111111114,24.0,99.67999999999999,0.17,0.2088549,0.19508184,281.83255,0.16226637,0.2,0.0,0.0,0.0,0.0,18.545454545454547,32.7,55.784615384615385,40.8,40.8,False,24.0,59.4,2.7,1.0,,100.0,False,50.0,0.0,0.0,0.0,0.0,2026-09-29T22:00,interpolated_hourly,0,WNW,sun below horizon — no direct-sun posture,,,,not specified,Environmental scores are skin-type independent.,not personalized
2026-09-29 22:30:00,0.0,0.0,0.0,34.03202,-118.52633,86.0,62.02268600463867,1.0,0.0,0.2694746376811594,0.4013888888888889,0.7362637362637362,0.26373626373626374,0.7349011199885803,0.2648972309703729,0.0,0.0,0.0,54.5,0.0,0.0,0.6,44.2,41.6,373.0,441.0,73.2,5.3,0.0,1360.0,0.17,0.0,0.0,0.0,87.0,87.0,28.0,1.0,135.55781502788102,-45.55781502788102,308.3116701698874,0.0,0.0,0.0,0.0,0.0,0.0,0.2694746376811594,0.0,27.250000000000004,25.5,99.69999999999999,0.17,0.2088549,0.19508184,281.83255,0.16226637,0.2,0.0,0.0,0.0,0.0,17.386363636363637,32.7,56.50769230769231,41.05,41.05,False,25.5,59.55,2.85,1.0,,100.0,False,50.0,0.0,0.0,0.0,0.0,2026-09-29T22:30,interpolated_hourly,0,NW,sun below horizon — no direct-sun posture,,,,not specified,Environmental scores are skin-type independent.,not personalized
2026-09-29 23:00:00,0.0,0.0,0.0,34.03202,-118.52633,86.0,62.02268600463867,1.0,0.0,0.2536231884057971,0.37777777777777777,0.7326007326007326,0.2673992673992674,0.731287820600685,0.268488124909263,0.0,0.0,0.0,60.0,0.0,0.0,0.6,44.2,41.6,373.0,441.0,73.2,5.3,0.0,1360.0,0.17,0.0,0.0,0.0,87.0,87.0,28.0,1.0,140.45589704637604,-50.45589704637603,316.4641984348896,0.0,0.0,0.0,0.0,0.0,0.0,0.2536231884057971,0.0,26.888888888888893,27.0,99.72,0.17,0.2088549,0.19508184,281.83255,0.16226637,0.2,0.0,0.0,0.0,0.0,16.227272727272727,32.7,57.230769230769226,41.3,41.3,False,27.0,59.7,3.0,1.0,,100.0,False,50.0,0.0,0.0,0.0,0.0,2026-09-29T23:00,interpolated_hourly,0,NW,sun below horizon — no direct-sun posture,,,,not specified,Environmental scores are skin-type independent.,not personalized
2026-09-29 23:30:00,0.0,0.0,0.0,34.03202,-118.52633,86.0,62.02268600463867,1.0,0.0,0.23777173913043476,0.3541666666666667,0.7289377289377289,0.27106227106227104,0.7276745212127896,0.2720790188481531,0.0,0.0,0.0,61.0,0.0,0.0,0.6,44.2,41.6,373.0,441.0,73.2,5.3,0.0,1360.0,0.17,0.0,0.0,0.0,87.0,87.0,28.0,1.0,143.79834088705297,-53.79834088705297,327.90990909001584,0.0,0.0,0.0,0.0,0.0,0.0,0.23777173913043476,0.0,26.77777777777778,27.0,99.72,0.17,0.2088549,0.19508184,281.83255,0.16226637,0.2,0.0,0.0,0.0,0.0,15.068181818181818,32.7,57.95384615384615,41.55,41.55,False,27.0,59.55,2.55,1.0,,100.0,False,50.0,0.0,0.0,0.0,0.0,2026-09-29T23:30,interpolated_hourly,0,NNW,sun below horizon — no direct-sun posture,,,,not specified,Environmental scores are skin-type independent.,not personalized
2026-09-30 00:00:00,0.0,0.0,0.0,34.03202,-118.52633,86.0,62.02268600463867,1.0,0.0,0.22192028985507245,0.33055555555555555,0.7252747252747253,0.2747252747252747,0.7240612218248944,0.2756699127870432,0.0,0.0,0.0,62.0,0.0,0.0,0.6,44.2,41.6,373.0,441.0,73.2,5.3,0.0,1360.0,0.17,0.0,0.0,0.0,87.0,87.0,28.0,1.0,147.1407847277299,-57.14078472772992,339.355619745142,0.0,0.0,0.0,0.0,0.0,0.0,0.22192028985507245,0.0,26.666666666666668,27.0,99.72,0.17,0.2088549,0.19508184,281.83255,0.16226637,0.2,0.0,0.0,0.0,0.0,13.90909090909091,32.7,58.676923076923075,41.8,41.8,False,27.0,59.4,2.1,1.0,,100.0,False,50.0,0.0,0.0,0.0,0.0,2026-09-30T00:00,interpolated_hourly,0,NNW,sun below horizon — no direct-sun posture,,,,not specified,Environmental scores are skin-type independent.,not personalized
2026-09-30 00:30:00,0.0,0.0,0.0,34.03202,-118.52633,86.0,62.02268600463867,1.0,0.0,0.20606884057971012,0.30694444444444446,0.7216117216117216,0.2783882783882784,0.7204479224369991,0.2792608067259333,0.0,0.0,0.0,61.5,0.0,0.0,0.6,44.2,41.6,373.0,441.0,73.2,5.3,0.0,1360.0,0.17,0.0,0.0,0.0,87.0,87.0,28.0,1.0,147.86747022779718,-57.867470227797185,173.48176310110995,0.0,0.0,0.0,0.0,0.0,0.0,0.20606884057971012,0.0,26.722222222222225,26.0,99.71000000000001,0.17,0.2088549,0.19508184,281.83255,0.16226637,0.2,0.0,0.0,0.0,0.0,12.75,32.7,59.4,42.05,42.05,False,26.0,59.099999999999994,1.6,1.0,,100.0,False,50.0,0.0,0.0,0.0,0.0,2026-09-30T00:30,interpolated_hourly,0,S,sun below horizon — no direct-sun posture,,,,not specified,Environmental scores are skin-type independent.,not personalized
2026-09-30 01:00:00,0.0,0.0,0.0,34.03202,-118.52633,86.0,62.02268600463867,1.0,0.0,0.1902173913043478,0.2833333333333333,0.717948717948718,0.28205128205128205,0.7168346230491038,0.2828517006648234,0.0,0.0,0.0,61.0,0.0,0.0,0.6,44.2,41.6,373.0,441.0,73.2,5.3,0.0,1360.0,0.17,0.0,0.0,0.0,87.0,87.0,28.0,1.0,148.59415572786446,-58.594155727864454,7.607906457077888,0.0,0.0,0.0,0.0,0.0,0.0,0.1902173913043478,0.0,26.777777777777782,25.0,99.7,0.17,0.2088549,0.19508184,281.83255,0.16226637,0.2,0.0,0.0,0.0,0.0,11.590909090909092,32.7,60.12307692307692,42.3,42.3,False,25.0,58.8,1.1,1.0,,100.0,False,50.0,0.0,0.0,0.0,0.0,2026-09-30T01:00,interpolated_hourly,0,N,sun below horizon — no direct-sun posture,,,,not specified,Environmental scores are skin-type independent.,not personalized
2026-09-30 01:30:00,0.0,0.0,0.0,34.03202,-118.52633,86.0,62.02268600463867,1.0,0.0,0.17436594202898548,0.25972222222222224,0.7142857142857142,0.2857142857142857,0.7132213236612085,0.2864425946037135,0.0,0.0,0.0,60.5,0.0,0.0,0.6,44.2,41.6,373.0,441.0,73.2,5.3,0.0,1360.0,0.17,0.0,0.0,0.0,87.0,87.0,28.0,1.0,146.37934064649605,-56.37934064649605,20.637731487357172,0.0,0.0,0.0,0.0,0.0,0.0,0.17436594202898548,0.0,26.833333333333336,24.0,99.69,0.17,0.2088549,0.19508184,281.83255,0.16226637,0.2,0.0,0.0,0.0,0.0,10.431818181818182,32.7,60.84615384615385,42.55,42.55,False,24.0,58.45,1.6,1.0,,100.0,False,50.0,0.0,0.0,0.0,0.0,2026-09-30T01:30,interpolated_hourly,0,NNE,sun below horizon — no direct-sun posture,,,,not specified,Environmental scores are skin-type independent.,not personalized
2026-09-30 02:00:00,0.0,0.0,0.0,34.03202,-118.52633,86.0,62.02268600463867,1.0,0.0,0.15851449275362317,0.2361111111111111,0.7106227106227105,0.28937728937728935,0.7096080242733132,0.2900334885426036,0.0,0.0,0.0,60.0,0.0,0.0,0.6,44.2,41.6,373.0,441.0,73.2,5.3,0.0,1360.0,0.17,0.0,0.0,0.0,87.0,87.0,28.0,1.0,144.16452556512763,-54.16452556512764,33.667556517636456,0.0,0.0,0.0,0.0,0.0,0.0,0.15851449275362317,0.0,26.888888888888893,23.0,99.67999999999999,0.17,0.2088549,0.19508184,281.83255,0.16226637,0.2,0.0,0.0,0.0,0.0,9.272727272727273,32.7,61.56923076923077,42.8,42.8,False,23.0,58.1,2.1,1.0,,100.0,False,50.0,0.0,0.0,0.0,0.0,2026-09-30T02:00,interpolated_hourly,0,NNE,sun below horizon — no direct-sun posture,,,,not specified,Environmental scores are skin-type independent.,not personalized
2026-09-30 02:30:00,0.0,0.0,0.0,34.03202,-118.52633,86.0,62.02268600463867,1.0,0.0,0.14266304347826086,0.21250000000000002,0.7069597069597069,0.293040293040293,0.7059947248854179,0.2936243824814937,0.0,0.0,0.0,61.0,0.0,0.0,0.6,44.2,41.6,373.0,441.0,73.2,5.3,0.0,1360.0,0.17,0.0,0.0,0.0,87.0,87.0,28.0,1.0,139.88532162639896,-49.88532162639897,43.28541411374604,0.0,0.0,0.0,0.0,0.0,0.0,0.14266304347826086,0.0,26.91666666666667,22.0,99.66999999999999,0.17,0.2088549,0.19508184,281.83255,0.16226637,0.2,0.0,0.0,0.0,0.0,8.113636363636363,32.7,62.29230769230769,43.05,43.05,False,22.0,57.7,2.55,1.0,,100.0,False,50.0,0.0,0.0,0.0,0.0,2026-09-30T02:30,interpolated_hourly,0,NE,sun below horizon — no direct-sun posture,,,,not specified,Environmental scores are skin-type independent.,not personalized
2026-09-30 03:00:00,0.0,0.0,0.0,34.03202,-118.52633,86.0,62.02268600463867,1.0,0.0,0.12681159420289856,0.18888888888888888,0.7032967032967032,0.2967032967032967,0.7023814254975226,0.2972152764203838,0.0,0.0,0.0,62.0,0.0,0.0,0.6,44.2,41.6,373.0,441.0,73.2,5.3,0.0,1360.0,0.17,0.0,0.0,0.0,87.0,87.0,28.0,1.0,135.6061176876703,-45.6061176876703,52.90327170985563,0.0,0.0,0.0,0.0,0.0,0.0,0.12681159420289856,0.0,26.944444444444446,21.0,99.66,0.17,0.2088549,0.19508184,281.83255,0.16226637,0.2,0.0,0.0,0.0,0.0,6.954545454545453,32.7,63.01538461538461,43.3,43.3,False,21.0,57.3,3.0,1.0,,100.0,False,50.0,0.0,0.0,0.0,0.0,2026-09-30T03:00,interpolated_hourly,0,NE,sun below horizon — no direct-sun posture,,,,not specified,Environmental scores are skin-type independent.,not personalized
2026-09-30 03:30:00,0.0,0.0,0.0,34.03202,-118.52633,86.0,62.02268600463867,1.0,0.0,0.1109601449275362,0.1652777777777778,0.6996336996336996,0.30036630036630035,0.6987681261096272,0.30080617035927393,0.0,0.0,0.0,63.0,0.0,0.0,0.6,44.2,41.6,373.0,441.0,73.2,5.3,0.0,1360.0,0.17,0.0,0.0,0.0,87.0,87.0,28.0,1.0,130.23406768263817,-40.23406768263817,59.782485272730355,0.0,0.0,0.0,0.0,0.0,0.0,0.1109601449275362,0.0,26.97222222222222,20.5,99.65,0.17,0.2088549,0.19508184,281.83255,0.16226637,0.2,0.0,0.0,0.0,0.0,5.795454545454547,32.7,63.738461538461536,43.55,43.55,False,20.5,57.099999999999994,3.4,1.0,,100.0,False,50.0,0.0,0.0,0.0,0.0,2026-09-30T03:30,interpolated_hourly,0,ENE,sun below horizon — no direct-sun posture,,,,not specified,Environmental scores are skin-type independent.,not personalized
2026-09-30 04:00:00,0.0,0.0,0.0,34.03202,-118.52633,86.0,62.02268600463867,1.0,0.0,0.09510869565217389,0.14166666666666666,0.6959706959706959,0.304029304029304,0.695154826721732,0.304397064298164,0.0,0.0,0.0,64.0,0.0,0.0,0.6,44.2,41.6,373.0,441.0,73.2,5.3,0.0,1360.0,0.17,0.0,0.0,0.0,87.0,87.0,28.0,1.0,124.86201767760605,-34.86201767760605,66.66169883560508,0.0,0.0,0.0,0.0,0.0,0.0,0.09510869565217389,0.0,26.999999999999996,20.0,99.64,0.17,0.2088549,0.19508184,281.83255,0.16226637,0.2,0.0,0.0,0.0,0.0,4.636363636363637,32.7,64.46153846153845,43.8,43.8,False,20.0,56.9,3.8,1.0,,100.0,False,50.0,0.0,0.0,0.0,0.0,2026-09-30T04:00,interpolated_hourly,0,ENE,sun below horizon — no direct-sun posture,,,,not specified,Environmental scores are skin-type independent.,not personalized
2026-09-30 04:30:00,0.0,0.0,0.0,34.03202,-118.52633,86.0,62.02268600463867,1.0,0.0,0.07925724637681159,0.11805555555555558,0.6923076923076923,0.3076923076923077,0.6915415273338367,0.3079879582370541,0.0,0.0,0.0,65.0,0.0,0.0,0.6,44.2,41.6,373.0,441.0,73.2,5.3,0.0,1360.0,0.17,0.0,0.0,0.0,87.0,87.0,28.0,1.0,118.95873786465552,-28.95873786465551,71.95361649858876,0.0,0.0,0.0,0.0,0.0,0.0,0.07925724637681159,0.0,27.055555555555554,19.0,99.63499999999999,0.17,0.2088549,0.19508184,281.83255,0.16226637,0.2,0.0,0.0,0.0,0.0,3.4772727272727266,32.7,65.18461538461538,44.05,44.05,False,19.0,56.5,4.05,1.0,,100.0,False,50.0,0.0,0.0,0.0,0.0,2026-09-30T04:30,interpolated_hourly,0,ENE,sun below horizon — no direct-sun posture,,,,not specified,Environmental scores are skin-type independent.,not personalized
2026-09-30 05:00:00,0.0,0.0,0.0,34.03202,-118.52633,86.0,62.02268600463867,1.0,0.0,0.06340579710144928,0.09444444444444444,0.6886446886446886,0.31135531135531136,0.6879282279459414,0.31157885217594417,0.0,0.0,0.0,66.0,0.0,0.0,0.6,44.2,41.6,373.0,441.0,73.2,5.3,0.0,1360.0,0.17,0.0,0.0,0.0,87.0,87.0,28.0,1.0,113.05545805170497,-23.055458051704974,77.24553416157244,0.0,0.0,0.0,0.0,0.0,0.0,0.06340579710144928,0.0,27.11111111111111,18.0,99.63,0.17,0.2088549,0.19508184,281.83255,0.16226637,0.2,0.0,0.0,0.0,0.0,2.31818181818182,32.7,65.9076923076923,44.3,44.3,False,18.0,56.1,4.3,1.0,,100.0,False,50.0,0.0,0.0,0.0,0.0,2026-09-30T05:00,interpolated_hourly,0,ENE,sun below horizon — no direct-sun posture,,,,not specified,Environmental scores are skin-type independent.,not personalized
2026-09-30 05:30:00,0.0,0.0,0.0,34.03202,-118.52633,86.0,62.02268600463867,1.0,0.0,0.04755434782608697,0.0708333333333333,0.684981684981685,0.315018315018315,0.6843149285580461,0.3151697461148343,0.0,0.0,0.0,64.5,0.0,0.0,0.6,44.2,41.6,373.0,441.0,73.2,5.3,0.0,1360.0,0.17,0.0,0.0,0.0,87.0,87.0,28.0,1.0,106.91334841260897,-16.913348412608975,81.74059733349492,0.0,0.0,0.0,0.0,0.0,0.0,0.04755434782608697,0.0,27.13888888888889,17.5,99.645,0.17,0.2088549,0.19508184,281.83255,0.16226637,0.2,0.0,0.0,0.0,0.0,1.15909090909091,32.7,66.63076923076923,44.55,44.55,False,17.5,55.900000000000006,4.4,1.0,,100.0,False,50.0,0.0,0.0,0.0,0.0,2026-09-30T05:30,interpolated_hourly,0,E,sun below horizon — no direct-sun posture,,,,not specified,Environmental scores are skin-type independent.,not personalized
2026-09-30 06:00:00,0.0,0.0,0.0,34.03202,-118.52633,86.0,62.02268600463867,1.0,0.0,0.03170289855072461,0.047222222222222165,0.6813186813186812,0.31868131868131866,0.6807016291701509,0.3187606400537244,0.0,0.0,0.0,63.0,0.0,0.0,0.6,44.2,41.6,373.0,441.0,73.2,5.3,0.0,1360.0,0.17,0.0,0.0,0.0,87.0,87.0,28.0,1.0,100.77123877351298,-10.771238773512973,86.2356605054174,0.0,0.0,0.0,0.0,0.0,0.0,0.03170289855072461,0.0,27.16666666666667,17.0,99.66,0.17,0.2088549,0.19508184,281.83255,0.16226637,0.2,0.0,0.0,0.0,0.0,0.0,32.7,67.35384615384615,44.8,44.8,False,17.0,55.7,4.5,1.0,,100.0,False,50.0,0.0,0.0,0.0,0.0,2026-09-30T06:00,interpolated_hourly,0,E,sun below horizon — no direct-sun posture,,,,not specified,Environmental scores are skin-type independent.,not personalized
2026-09-30 06:30:00,0.0,1.3,19.6,34.03202,-118.52633,86.0,62.02268600463867,1.0,0.0,0.015851449275362306,0.023611111111111138,0.6776556776556776,0.3223443223443223,0.6770883297822555,0.3223515339926145,0.0,0.0,0.0,61.5,0.0,0.0,0.675,44.2,41.6,373.0,441.0,73.2,5.3,0.0,1360.0,0.17,0.0,0.0,0.0,87.0,87.0,28.0,1.0,94.41380608703142,-4.413806087031413,90.45424388341851,0.8282084458625782,2.423126561054098,0.746025254380602,0.0,0.0,0.0,0.015851449275362306,0.0,27.19444444444445,16.5,99.68,0.17,0.2088549,0.19508184,281.83255,0.16226637,0.2,0.0,0.0,0.0,0.0,0.0,32.7,68.07692307692307,45.05,45.05,False,16.5,55.5,4.6,1.0,,100.0,False,50.0,0.0,0.0,0.0,0.0,2026-09-30T06:30,interpolated_hourly,0,E,sun below horizon — no direct-sun posture,,,,not specified,Environmental scores are skin-type independent.,not personalized
2026-09-30 07:00:00,1.0,2.6,39.2,34.03202,-118.52633,86.0,62.02268600463867,1.0,0.0,0.0,0.0,0.6739926739926739,0.32600732600732596,0.6734750303943602,0.32594242793150463,0.0,0.0,0.0,60.0,0.0,0.0,0.75,44.2,41.6,373.0,441.0,73.2,5.3,0.0,1360.0,0.17,0.0,0.0,0.0,87.0,87.0,28.0,1.0,88.05637340054986,1.943626599450146,94.67282726141963,1.6564168917251565,4.846253122108196,1.492050508761204,0.0,0.0,0.0,0.0,0.0,27.222222222222225,16.0,99.7,0.17,0.2088549,0.19508184,281.83255,0.16226637,0.2,0.32,0.0,0.2,0.0,0.0,32.7,68.8,45.3,45.3,False,16.0,55.3,4.7,1.0,88.1,100.0,False,50.0,0.5,0.5,0.0,0.0,2026-09-30T07:00,interpolated_hourly,0,E,"sun low 2° (E) — face E, lift torso ~88° toward the sun if comfortable",,,,not specified,Environmental scores are skin-type independent.,not personalized
2026-09-30 07:30:00,1.0,93.64999999999999,183.55,34.03202,-118.52633,86.0,62.02268600463867,1.0,0.0,0.24363833243096913,0.24306190911863376,0.6703296703296703,0.32967032967032966,0.669861731006465,0.3295333218703947,0.5,0.0,0.04999999999999716,59.0,0.0,30.55,0.875,44.2,41.6,373.0,441.0,73.2,5.3,0.0,1360.0,0.17,0.0,0.0,0.0,87.0,87.0,28.0,1.0,82.04562997060471,7.954370029395294,99.02887365620083,74.9481329966401,185.32679561068107,30.725614887805882,45.0,209.8,15.0,0.24363833243096913,0.0,27.5,15.5,99.72,0.17,0.2088549,0.19508184,281.83255,0.16226637,0.2,1.9134499999999997,0.01418138744975258,1.8767586885482017,9.0,22.75,37.7,59.8,45.4,45.4,False,15.5,55.4,4.45,1.0,82.0,100.0,False,50.0,4.9,4.9,0.2300815072968708,45.06719632055513,2026-09-30T07:30,interpolated_hourly,0,E,"sun low 8° (E) — face E, lift torso ~82° toward the sun if comfortable",,,,not specified,Environmental scores are skin-type independent.,not personalized
2026-09-30 08:00:00,1.0,184.7,327.9,34.03202,-118.52633,86.0,62.02268600463867,1.0,0.0,0.4872766648619383,0.4861238182372675,0.6666666666666666,0.3333333333333333,0.6662484316185696,0.3331242158092848,1.0,0.0,0.09999999999999432,58.0,0.0,61.1,1.0,44.2,41.6,373.0,441.0,73.2,5.3,0.0,1360.0,0.17,0.0,0.0,0.0,87.0,87.0,28.0,1.0,76.03488654065956,13.965113459340444,103.38492005098203,148.23984910155502,365.8073380992539,59.95917926685057,90.0,419.6,30.0,0.4872766648619383,0.0,27.77777777777778,15.0,99.74,0.17,0.2088549,0.19508184,281.83255,0.16226637,0.2,5.147,0.0339,4.8,18.0,45.5,42.7,50.8,45.5,45.5,False,15.0,55.5,4.2,1.0,76.0,100.0,False,50.0,10.3,10.3,0.55,159.4,2026-09-30T08:00,interpolated_hourly,0,ESE,"sun low 14° (ESE) — face ESE, lift torso ~76° toward the sun if comfortable",,,,not specified,Environmental scores are skin-type independent.,not personalized
2026-09-30 08:30:00,1.0,323.6,459.7,34.03202,-118.52633,86.0,62.02268600463867,1.0,0.0,0.5668815756742124,0.5661388321955568,0.7480490523968785,0.25195094760312153,0.7478285590850566,0.25185776462887055,1.0,0.0,0.04999999999999716,58.0,0.0,68.55,1.0,44.2,41.6,373.0,441.0,73.2,5.3,0.0,1360.0,0.17,0.0,0.0,0.0,87.0,87.0,28.0,1.0,70.15631560333453,19.84368439666547,108.31267265445271,252.0394267120163,482.3934695591838,77.91780614022795,194.5,574.9000000000001,40.5,0.5668815756742124,0.0,28.52777777777778,14.5,99.75999999999999,0.17,0.2088549,0.19508184,281.83255,0.16226637,0.2,10.704452413505244,0.12543098932048843,10.559498669980135,27.85,49.3,51.5,47.7,50.15,50.15,False,14.5,56.05,3.6,1.0,70.2,100.0,False,50.0,18.0,18.0,1.305033850409479,262.7002323238225,2026-09-30T08:30,interpolated_hourly,0,ESE,"sun low 20° (ESE) — face ESE, lift torso ~70° toward the sun if comfortable",,,,not specified,Environmental scores are skin-type independent.,not personalized
2026-09-30 09:00:00,1.0,462.5,591.5,34.03202,-118.52633,86.0,62.02268600463867,1.0,0.0,0.6464864864864864,0.6461538461538462,0.8294314381270903,0.1705685618729097,0.8294086865515438,0.17059131344845632,1.0,0.0,0.0,58.0,0.0,76.0,1.0,44.2,41.6,373.0,441.0,73.2,5.3,0.0,1360.0,0.17,0.0,0.0,0.0,87.0,87.0,28.0,1.0,64.27774466600951,25.722255333990496,113.24042525792339,355.8390043224776,598.9796010191137,95.87643301360532,299.0,730.2,51.0,0.6464864864864864,0.0,29.277777777777782,14.0,99.78,0.17,0.2088549,0.19508184,281.83255,0.16226637,0.2,16.922,0.2208,16.8,37.7,53.1,60.3,44.6,54.8,54.8,False,14.0,56.6,3.0,1.0,64.3,100.0,False,50.0,25.4,25.4,2.1,382.2,2026-09-30T09:00,interpolated_hourly,0,ESE,"sun low 26° (ESE) — face ESE, lift torso ~64° toward the sun if comfortable",,,,not specified,Environmental scores are skin-type independent.,not personalized
2026-09-30 09:30:00,1.0,584.25,701.8,34.03202,-118.52633,86.0,62.02268600463867,1.0,0.0,0.6723933848863026,0.6721718621238385,0.8487927981710502,0.15120720182894978,0.8487431439812392,0.15125685601876077,1.0,0.0,0.0,58.0,0.0,80.45,1.0,44.2,41.6,373.0,441.0,73.2,5.3,0.0,1360.0,0.17,0.0,0.0,0.0,87.0,87.0,28.0,1.0,58.865428853481326,31.134571146518677,119.30494784716632,447.7140934463939,654.7686195600239,106.17123126061179,396.0,778.25,58.0,0.6723933848863026,0.0,30.277777777777782,13.5,99.795,0.17,0.2088549,0.19508184,281.83255,0.16226637,0.2,22.888547748968023,0.4245909141972083,22.79355925053282,46.400000000000006,50.150000000000006,62.25,46.6,56.75,56.75,False,13.5,57.400000000000006,2.75,1.0,58.9,100.0,False,50.0,31.5,31.5,2.8543085398326307,476.0360552010441,2026-09-30T09:30,interpolated_hourly,0,ESE,"sun 31° up (ESE) — lay flat, or lift torso ~59° toward ESE to face it",,,,not specified,Environmental scores are skin-type independent.,not personalized
2026-09-30 10:00:00,1.0,706.0,812.1,34.03202,-118.52633,86.0,62.02268600463867,1.0,0.0,0.6983002832861189,0.6981898780938308,0.8681541582150102,0.13184584178498987,0.8680776014109347,0.13192239858906524,1.0,0.0,0.0,58.0,0.0,84.9,1.0,44.2,41.6,373.0,441.0,73.2,5.3,0.0,1360.0,0.17,0.0,0.0,0.0,87.0,87.0,28.0,1.0,53.45311304095314,36.54688695904686,125.36947043640924,539.5891825703103,710.5576381009341,116.46602950761826,493.0,826.3,65.0,0.6983002832861189,0.0,31.27777777777778,13.0,99.81,0.17,0.2088549,0.19508184,281.83255,0.16226637,0.2,28.717,0.6271,28.7,55.1,47.2,64.2,48.6,58.7,58.7,False,13.0,58.2,2.5,1.0,53.5,100.0,False,50.0,37.0,37.0,3.6,567.0,2026-09-30T10:00,interpolated_hourly,0,SE,"sun 37° up (SE) — lay flat, or lift torso ~54° toward SE to face it",,,,not specified,Environmental scores are skin-type independent.,not personalized
2026-09-30 10:30:00,1.0,802.35,893.35,34.03202,-118.52633,86.0,62.02268600463867,1.0,0.0,0.7113399713971487,0.7112435128207713,0.8780094907818523,0.12199050921814777,0.87801103473295,0.12205979682959425,1.0,0.0,-0.05000000000001137,58.0,0.0,88.65,1.0,44.2,41.6,373.0,441.0,73.2,5.3,0.0,1360.0,0.17,0.0,0.0,0.0,87.0,87.0,28.0,1.0,48.92616049078363,41.07383950921637,133.3203625634912,608.4006904700931,738.9285616806094,122.72814357936221,572.0,851.65,69.0,0.7113399713971487,0.0,31.944444444444446,13.0,99.815,0.17,0.2088549,0.19508184,281.83255,0.16226637,0.2,34.19015716948085,0.8116628615653775,34.139012304251175,62.900000000000006,43.3,72.85,49.45,64.65,64.65,False,13.0,58.95,3.0,1.0,48.9,100.0,False,50.0,42.2,42.2,4.290662462213415,641.1221098528649,2026-09-30T10:30,interpolated_hourly,0,SE,"sun 41° up (SE) — lay flat, or lift torso ~49° toward SE to face it",,,,not specified,Environmental scores are skin-type independent.,not personalized
2026-09-30 11:00:00,1.0,898.7,974.6,34.03202,-118.52633,86.0,62.02268600463867,1.0,0.0,0.7243796595081784,0.7242971475477118,0.8878648233486943,0.11213517665130568,0.8879444680549653,0.11219719507012325,1.0,0.0,-0.10000000000002274,58.0,0.0,92.4,1.0,44.2,41.6,373.0,441.0,73.2,5.3,0.0,1360.0,0.17,0.0,0.0,0.0,87.0,87.0,28.0,1.0,44.39920794061412,45.60079205938588,141.27125469057313,677.2121983698759,767.2994852602848,128.99025765110616,651.0,877.0,73.0,0.7243796595081784,0.0,32.611111111111114,13.0,99.82000000000001,0.17,0.2088549,0.19508184,281.83255,0.16226637,0.2,39.165,0.9903,39.2,70.7,39.4,81.5,50.3,70.6,70.6,False,13.0,59.7,3.5,1.0,44.4,100.0,False,50.0,46.8,46.8,4.95,705.9,2026-09-30T11:00,interpolated_hourly,0,SE,"sun 46° up (SE) — lay flat, or lift torso ~44° toward SE to face it",,,,not specified,Environmental scores are skin-type independent.,not personalized
2026-09-30 11:30:00,1.0,963.0,1021.3,34.03202,-118.52633,86.0,62.02268600463867,1.04,-0.040000000000000036,0.7749222350884608,0.7747890232120581,0.9061965626177434,0.0938034373822566,0.9062481586927879,0.09382267286975643,1.0,0.0,-0.05000000000001137,58.0,0.0,96.0,1.0,44.2,41.6,373.0,441.0,73.2,5.3,0.0,1360.0,0.17,0.0,0.0,0.0,87.0,87.0,28.0,1.0,41.43926217205717,48.56073782794283,151.7209082965675,716.9804294692578,780.4164890044387,132.26742352824652,749.5,959.0,68.5,0.7749222350884608,0.0,32.638888888888886,14.0,99.80499999999999,0.17,0.2088549,0.19508184,281.83255,0.16226637,0.2,44.1397596312225,1.161856771082774,45.173906739821085,80.75,55.150000000000006,86.3,46.75,72.45,72.45,False,14.0,60.35,4.35,1.5,41.4,100.0,False,50.0,54.0,54.0,5.867456932695294,798.393715032072,2026-09-30T11:30,interpolated_hourly,0,SSE,"sun 49° up (SSE) — lay flat, or lift torso ~41° toward SSE to face it",,,,not specified,Environmental scores are skin-type independent.,not personalized
2026-09-30 12:00:00,1.0,1027.3,1068.0,34.03202,-118.52633,86.0,62.02268600463867,1.08,-0.08000000000000007,0.8254648106687433,0.8252808988764044,0.9245283018867925,0.07547169811320754,0.9245518493306104,0.0754481506693896,1.0,0.0,0.0,58.0,0.0,99.6,1.0,44.2,41.6,373.0,441.0,73.2,5.3,0.0,1360.0,0.17,0.0,0.0,0.0,87.0,87.0,28.0,1.0,38.47931640350021,51.52068359649979,162.17056190256187,756.7486605686397,793.5334927485927,135.5445894053869,848.0,1041.0,64.0,0.8254648106687433,0.0,32.666666666666664,15.0,99.78999999999999,0.17,0.2088549,0.19508184,281.83255,0.16226637,0.2,48.59,1.3265,50.7,90.8,70.9,91.1,43.2,74.3,74.3,False,15.0,61.0,5.2,2.0,38.5,100.0,False,50.0,60.6,60.6,6.75,881.4,2026-09-30T12:00,interpolated_hourly,0,SSE,"sun 52° up (SSE) — lay flat, or lift torso ~38° toward SSE to face it",,,,not specified,Environmental scores are skin-type independent.,not personalized
2026-09-30 12:30:00,1.0,1055.25,1076.85,34.03202,-118.52633,86.0,62.02268600463867,1.047518796992481,-0.04751879699248118,0.7967796726903539,0.7966783973059373,0.9171920355587809,0.08280796444121916,0.9171865854159948,0.08281341458400528,1.0,0.0,-5.684341886080802e-14,57.5,0.0,99.15,1.0,44.2,41.6,373.0,441.0,73.2,5.3,0.0,1360.0,0.17,0.0,0.0,0.0,87.0,87.0,28.0,1.0,37.87216565917096,52.12783434082904,174.38907889609413,764.3340009527021,795.8206064150424,136.14760375089134,840.0,997.25,69.5,0.7967796726903539,0.0,32.41666666666667,16.0,99.75999999999999,0.17,0.2088549,0.19508184,281.83255,0.16226637,0.2,49.37084905202291,1.3142914876183847,51.256621192411444,91.1,69.2,91.5,45.900000000000006,75.5,75.5,False,16.0,61.3,6.15,2.0,37.9,100.0,False,50.0,61.0,61.0,6.781171443855605,865.5895312455016,2026-09-30T12:30,interpolated_hourly,0,S,"sun 52° up (S) — lay flat, or lift torso ~38° toward S to face it",,,,not specified,Environmental scores are skin-type independent.,not personalized
2026-09-30 13:00:00,1.0,1083.2,1085.7,34.03202,-118.52633,86.0,62.02268600463867,1.0150375939849623,-0.015037593984962294,0.7680945347119645,0.7680758957354702,0.9098557692307693,0.09014423076923077,0.9098213215013792,0.09017867849862095,1.0,0.0,-1.1368683772161603e-13,57.0,0.0,98.7,1.0,44.2,41.6,373.0,441.0,73.2,5.3,0.0,1360.0,0.17,0.0,0.0,0.0,87.0,87.0,28.0,1.0,37.26501491484171,52.73498508515829,186.6075958896264,771.9193413367647,798.1077200814923,136.75061809639578,832.0,953.5,75.0,0.7680945347119645,0.0,32.16666666666667,17.0,99.72999999999999,0.17,0.2088549,0.19508184,281.83255,0.16226637,0.2,49.246,1.29,51.1,91.4,67.5,91.9,48.6,76.7,76.7,False,17.0,61.6,7.1,2.0,37.3,100.0,False,50.0,60.9,60.9,6.75,833.9,2026-09-30T13:00,interpolated_hourly,0,S,"sun 53° up (S) — lay flat, or lift torso ~37° toward S to face it",,,,not specified,Environmental scores are skin-type independent.,not personalized
2026-09-30 13:30:00,1.0,1072.8000000000002,1056.2,34.03202,-118.52633,86.0,62.02268600463867,0.9598997493734335,0.040100250626566476,0.7144313035005605,0.7143681319526674,0.8915375712250713,0.10846242877492879,0.8915168821866324,0.10848311781336767,1.0,0.0,-5.684341886080802e-14,58.0,0.0,94.89999999999999,1.0,44.2,41.6,373.0,441.0,73.2,5.3,0.0,1360.0,0.17,0.0,0.0,0.0,87.0,87.0,28.0,1.0,39.22380970670988,50.77619029329012,198.09712878480113,746.7345988576059,790.2602603609787,134.722487766931,767.0,870.45,82.0,0.7144313035005605,2.0,31.888888888888893,18.5,99.70499999999998,0.17,0.2088549,0.19508184,281.83255,0.16226637,0.2,46.251212657528185,1.200792320745692,47.66281831272444,85.35,57.95,90.95,45.95,75.2,75.2,False,18.5,62.1,7.7,2.0,39.2,100.0,False,50.0,56.8,56.8,6.246287454367789,761.2800690160778,2026-09-30T13:30,interpolated_hourly,0,SSW,"sun 51° up (SSW) — lay flat, or lift torso ~39° toward SSW to face it",,,,not specified,Environmental scores are skin-type independent.,not personalized
2026-09-30 14:00:00,1.0,1062.4,1026.7,34.03202,-118.52633,86.0,62.02268600463867,0.9047619047619048,0.09523809523809523,0.6607680722891566,0.6606603681698645,0.8732193732193733,0.1267806267806268,0.8732124428718856,0.1267875571281144,1.0,0.0,0.0,59.0,0.0,91.1,1.0,44.2,41.6,373.0,441.0,73.2,5.3,0.0,1360.0,0.17,0.0,0.0,0.0,87.0,87.0,28.0,1.0,41.18260449857805,48.81739550142195,209.58666167997586,721.5498563784471,782.4128006404652,132.69435743746624,702.0,787.4,89.0,0.6607680722891566,4.0,31.611111111111114,20.0,99.67999999999999,0.17,0.2088549,0.19508184,281.83255,0.16226637,0.2,42.627,1.1034,43.7,79.3,48.4,90.0,43.3,73.7,73.7,False,20.0,62.6,8.3,2.0,41.2,100.0,False,50.0,52.2,52.2,5.7,678.3,2026-09-30T14:00,interpolated_hourly,0,SSW,"sun 49° up (SSW) — lay flat, or lift torso ~41° toward SSW to face it",,,,not specified,Environmental scores are skin-type independent.,not personalized
2026-09-30 14:30:00,1.0,1014.4000000000001,960.8,34.03202,-118.52633,86.0,62.02268600463867,0.8213129912159038,0.1786870087840962,0.5347507579988829,0.5346546896162765,0.7809134840780411,0.21908651592195896,0.7808774820320599,0.2191225179679402,1.0,0.0,-2.842170943040401e-14,62.5,0.0,76.94999999999999,1.0,44.2,41.6,373.0,441.0,73.2,5.3,0.0,1360.0,0.17,0.0,0.0,0.0,87.0,87.0,28.0,1.0,45.08989153202464,44.91010846797536,218.6537144250036,665.5398737966875,761.944687436908,127.87214569714229,548.5,585.8,106.0,0.5347507579988829,15.5,31.38888888888889,21.5,99.66,0.17,0.2088549,0.19508184,281.83255,0.16226637,0.2,33.666910500930015,0.8431613920236738,35.31595839294231,66.4,30.4,76.0,32.5,60.8,60.8,False,21.5,63.1,8.45,2.0,45.1,100.0,False,50.0,41.5,41.5,4.733222965328194,518.3190963689456,2026-09-30T14:30,interpolated_hourly,0,SW,"sun 45° up (SW) — lay flat, or lift torso ~45° toward SW to face it",,,,not specified,Environmental scores are skin-type independent.,not personalized
2026-09-30 15:00:00,1.0,966.4,894.9,34.03202,-118.52633,86.0,62.02268600463867,0.7378640776699028,0.2621359223300972,0.40873344370860926,0.4086490110626886,0.6886075949367089,0.31139240506329113,0.6885425211922341,0.311457478807766,1.0,0.0,-5.684341886080802e-14,66.0,0.0,62.8,1.0,44.2,41.6,373.0,441.0,73.2,5.3,0.0,1360.0,0.17,0.0,0.0,0.0,87.0,87.0,28.0,1.0,48.997178565471216,41.002821434528784,227.72076717003137,609.5298912149279,741.4765742333509,123.04993395681834,395.0,384.2,123.0,0.40873344370860926,27.0,31.166666666666664,23.0,99.64,0.17,0.2088549,0.19508184,281.83255,0.16226637,0.2,25.185,0.5889,27.3,53.5,12.4,62.0,21.7,47.9,47.9,False,23.0,63.6,8.6,2.0,49.0,100.0,False,50.0,30.4,30.4,3.8,365.7,2026-09-30T15:00,interpolated_hourly,1,SW,"sun 41° up (SW) — lay flat, or lift torso ~49° toward SW to face it",,,,not specified,Environmental scores are skin-type independent.,not personalized
2026-09-30 15:30:00,1.0,884.05,797.05,34.03202,-118.52633,86.0,62.02268600463867,0.7279063978093103,0.2720936021906896,0.3964585267688612,0.396329654272763,0.6559921091566661,0.3440078908433339,0.6560031041715361,0.343996895828464,1.0,0.0,-2.842170943040401e-14,68.5,0.5,58.75,1.0,44.2,41.6,373.0,441.0,73.2,5.3,0.0,1360.0,0.17,0.0,0.0,0.0,87.0,87.0,28.0,1.0,54.070198466919415,35.929801533080585,234.54931051756805,527.2771717513742,700.6486495775326,114.82819213659923,351.5,355.65,119.5,0.3964585267688612,42.0,30.944444444444443,24.5,99.625,0.17,0.2088549,0.19508184,281.83255,0.16226637,0.2,21.95889250153846,0.4701762655905324,23.769056440032013,47.75,22.25,59.7,19.9,45.75,45.75,False,24.5,64.0,8.3,2.0,54.1,100.0,False,50.0,28.9,28.9,3.308629227953421,318.76054898202506,2026-09-30T15:30,interpolated_hourly,1,SW,"sun 36° up (SW) — lay flat, or lift torso ~54° toward SW to face it",,,,not specified,Environmental scores are skin-type independent.,not personalized
2026-09-30 16:00:00,1.0,801.7,699.2,34.03202,-118.52633,86.0,62.02268600463867,0.717948717948718,0.28205128205128205,0.3841836098291131,0.3840102974828375,0.6233766233766234,0.37662337662337664,0.623463687150838,0.376536312849162,1.0,0.0,0.0,71.0,1.0,54.7,1.0,44.2,41.6,373.0,441.0,73.2,5.3,0.0,1360.0,0.17,0.0,0.0,0.0,87.0,87.0,28.0,1.0,59.14321836836761,30.856781631632387,241.37785386510473,445.0244522878206,659.8207249217144,106.60645031638012,308.0,327.1,116.0,0.3841836098291131,57.0,30.72222222222222,26.0,99.61,0.17,0.2088549,0.19508184,281.83255,0.16226637,0.2,18.504,0.349,20.1,42.0,32.1,57.4,18.1,43.6,43.6,False,26.0,64.4,8.0,2.0,59.1,100.0,False,50.0,26.4,26.4,2.8,268.5,2026-09-30T16:00,interpolated_hourly,2,WSW,"sun 31° up (WSW) — lay flat, or lift torso ~59° toward WSW to face it",,,,not specified,Environmental scores are skin-type independent.,not personalized
2026-09-30 16:30:00,1.0,690.6500000000001,576.1500000000001,34.03202,-118.52633,86.0,62.02268600463867,0.7467294610151752,0.25327053898482477,0.3922298311395393,0.3920713592909663,0.6155676220331392,0.3844323779668607,0.6156480046344373,0.38435199536556275,1.0,0.0,0.0,73.5,1.0,52.7,1.0,44.2,41.6,373.0,441.0,73.2,5.3,0.0,1360.0,0.17,0.0,0.0,0.0,87.0,87.0,28.0,1.0,64.8497487383859,25.150251261614113,246.74104774564313,344.70366265364873,577.8097203446184,92.97372922787835,270.0,329.8,103.5,0.3922298311395393,66.0,30.5,27.5,99.60499999999999,0.17,0.2088549,0.19508184,281.83255,0.16226637,0.2,15.36864706520271,0.23695621137720255,16.802063699493992,38.05,56.8,44.65,19.950000000000003,36.0,36.0,False,27.5,64.7,7.55,2.0,64.8,100.0,False,50.0,24.1,24.1,2.3660382270508857,227.9802602047417,2026-09-30T16:30,interpolated_hourly,2,WSW,"sun low 25° (WSW) — face WSW, lift torso ~65° toward the sun if comfortable",,,,not specified,Environmental scores are skin-type independent.,not personalized
2026-09-30 17:00:00,1.0,579.6,453.1,34.03202,-118.52633,86.0,62.02268600463867,0.7755102040816325,0.22448979591836749,0.4002760524499655,0.40013242109909514,0.6077586206896551,0.3922413793103448,0.6078323221180364,0.39216767788196355,1.0,0.0,0.0,76.0,1.0,50.7,1.0,44.2,41.6,373.0,441.0,73.2,5.3,0.0,1360.0,0.17,0.0,0.0,0.0,87.0,87.0,28.0,1.0,70.55627910840417,19.443720891595838,252.1042416261815,244.38287301947682,495.7987157675226,79.34100813937658,232.0,332.5,91.0,0.4002760524499655,75.0,30.27777777777778,29.0,99.6,0.17,0.2088549,0.19508184,281.83255,0.16226637,0.2,11.818,0.1217,13.2,34.1,81.5,31.9,21.8,28.4,28.4,False,29.0,65.0,7.1,2.0,70.6,100.0,False,50.0,20.5,20.5,1.9,181.3,2026-09-30T17:00,interpolated_hourly,2,WSW,"sun low 19° (WSW) — face WSW, lift torso ~71° toward the sun if comfortable",,,,not specified,Environmental scores are skin-type independent.,not personalized
2026-09-30 17:30:00,1.0,447.3,313.15,34.03202,-118.52633,86.0,62.02268600463867,0.8401360544217686,0.15986394557823141,0.4588681849551415,0.45814935142714575,0.6443701078908398,0.35562989210916013,0.6445201879046558,0.3554798120953442,1.0,0.0,0.0,76.5,1.0,50.900000000000006,1.0,44.2,41.6,373.0,441.0,73.2,5.3,0.0,1360.0,0.17,0.0,0.0,0.0,87.0,87.0,28.0,1.0,76.57003295940326,13.429967040596742,256.6548324387337,145.60430201599655,322.27865799591314,53.4827715550523,197.5,407.35,71.5,0.4588681849551415,73.0,30.055555555555557,30.0,99.60499999999999,0.17,0.2088549,0.19508184,281.83255,0.16226637,0.2,9.897068946545861,0.08689542936401272,10.656303096056876,27.450000000000003,90.75,32.099999999999994,32.65,32.3,32.3,False,30.0,65.1,6.1,1.5,76.6,100.0,False,50.0,18.0,18.0,1.474118890996644,144.84168047953534,2026-09-30T17:30,interpolated_hourly,2,WSW,"sun low 13° (WSW) — face WSW, lift torso ~77° toward the sun if comfortable",,,,not specified,Environmental scores are skin-type independent.,not personalized
2026-09-30 18:00:00,1.0,315.0,173.2,34.03202,-118.52633,86.0,62.02268600463867,0.9047619047619047,0.09523809523809534,0.5174603174603175,0.5161662817551964,0.6809815950920245,0.31901840490797545,0.6812080536912751,0.3187919463087248,1.0,0.0,0.0,77.0,1.0,51.1,1.0,44.2,41.6,373.0,441.0,73.2,5.3,0.0,1360.0,0.17,0.0,0.0,0.0,87.0,87.0,28.0,1.0,82.58378681040236,7.416213189597646,261.20542325128594,46.825731012516286,148.75860022430365,27.624534970728018,163.0,482.2,52.0,0.5174603174603175,71.0,29.833333333333336,31.0,99.61,0.17,0.2088549,0.19508184,281.83255,0.16226637,0.2,6.678999999999999,0.046299999999999994,7.042732265498733,20.8,100.0,32.3,43.5,36.2,36.2,False,31.0,65.2,5.1,1.0,82.6,100.0,False,50.0,13.8,13.8,0.9499999999999998,89.39999999999999,2026-09-30T18:00,interpolated_hourly,2,W,"sun low 7° (W) — face W, lift torso ~83° toward the sun if comfortable",,,,not specified,Environmental scores are skin-type independent.,not personalized
2026-09-30 18:30:00,1.0,183.05,86.6,34.03202,-118.52633,86.0,62.02268600463867,0.9523809523809523,0.04761904761904767,0.425070667536421,0.4963137324569196,0.6934319740166005,0.3065680259833995,0.6802750394552887,0.3197249605447112,0.7929958333333333,0.0,0.0,75.5,2.0,42.85,1.0,44.2,41.6,373.0,441.0,73.2,5.3,0.0,1360.0,0.17,0.0,0.0,0.0,87.0,87.0,28.0,1.0,88.83806071679265,1.1619392832073556,265.4240901970254,23.412865506258143,74.37930011215182,13.812267485364009,90.0,311.95,28.5,0.425070667536421,63.0,29.583333333333336,32.0,99.61500000000001,0.17,0.2088549,0.19508184,281.83255,0.16226637,0.2,2.33765,0.01936867961426385,2.815530607581831,10.6,65.9,32.28076923076923,44.238461538461536,36.44615384615385,36.44615384615385,False,32.0,65.25,4.0,1.0,88.8,100.0,False,50.0,6.9,6.9,0.4392465139303897,13.241746474384565,2026-09-30T18:30,interpolated_hourly,2,W,"sun low 1° (W) — face W, lift torso ~89° toward the sun if comfortable",,,,not specified,Environmental scores are skin-type independent.,not personalized
2026-09-30 19:00:00,0.0,51.1,0.0,34.03202,-118.52633,86.0,62.02268600463867,1.0,0.0,0.33268101761252444,0.47646118315864283,0.7058823529411765,0.29411764705882354,0.6793420252193023,0.3206579747806977,0.5859916666666667,0.0,0.0,74.0,3.0,34.6,1.0,44.2,41.6,373.0,441.0,73.2,5.3,0.0,1360.0,0.17,0.0,0.0,0.0,87.0,87.0,28.0,1.0,95.09233462318294,-5.092334623182936,269.6427571427648,0.0,0.0,0.0,17.0,141.7,5.0,0.33268101761252444,55.0,29.333333333333332,33.0,99.62,0.17,0.2088549,0.19508184,281.83255,0.16226637,0.2,0.0,0.0,0.0,0.4,31.8,32.26153846153846,44.97692307692308,36.69230769230769,36.69230769230769,False,33.0,65.3,2.9,1.0,,100.0,False,50.0,0.0,0.0,0.0,0.0,2026-09-30T19:00,interpolated_hourly,2,W,sun below horizon — no direct-sun posture,,,,not specified,Environmental scores are skin-type independent.,not personalized
2026-09-30 19:30:00,0.0,25.55,0.0,34.03202,-118.52633,86.0,62.02268600463867,1.0,0.0,0.3188193085453359,0.45660863386036604,0.7039319706662507,0.2960680293337494,0.6784090109833159,0.3215909890166841,0.29299583333333334,0.0,0.0,70.5,3.0,17.3,0.8,44.2,41.6,373.0,441.0,73.2,5.3,0.0,1360.0,0.17,0.0,0.0,0.0,87.0,87.0,28.0,1.0,101.29296882955649,-11.29296882955648,273.93716015167615,0.0,0.0,0.0,8.5,70.85,2.5,0.3188193085453359,47.0,29.166666666666668,33.5,99.63,0.17,0.2088549,0.19508184,281.83255,0.16226637,0.2,0.0,0.0,0.0,0.2,30.354545454545455,32.24230769230769,45.715384615384615,36.93846153846154,36.93846153846154,False,33.5,65.25,1.9,1.0,,100.0,False,50.0,0.0,0.0,0.0,0.0,2026-09-30T19:30,interpolated_hourly,2,W,sun below horizon — no direct-sun posture,,,,not specified,Environmental scores are skin-type independent.,not personalized
2026-09-30 20:00:00,0.0,0.0,0.0,34.03202,-118.52633,86.0,62.02268600463867,1.0,0.0,0.30495759947814743,0.43675608456208925,0.7019815883913247,0.2980184116086753,0.6774759967473294,0.32252400325267055,0.0,0.0,0.0,67.0,3.0,0.0,0.6,44.2,41.6,373.0,441.0,73.2,5.3,0.0,1360.0,0.17,0.0,0.0,0.0,87.0,87.0,28.0,1.0,107.49360303593002,-17.493603035930025,278.23156316058754,0.0,0.0,0.0,0.0,0.0,0.0,0.30495759947814743,39.0,29.000000000000004,34.0,99.64,0.17,0.2088549,0.19508184,281.83255,0.16226637,0.2,0.0,0.0,0.0,0.0,28.90909090909091,32.223076923076924,46.45384615384616,37.184615384615384,37.184615384615384,False,34.0,65.2,0.9,1.0,,100.0,False,50.0,0.0,0.0,0.0,0.0,2026-09-30T20:00,interpolated_hourly,1,W,sun below horizon — no direct-sun posture,,,,not specified,Environmental scores are skin-type independent.,not personalized
2026-09-30 20:30:00,0.0,0.0,0.0,34.03202,-118.52633,86.0,62.02268600463867,1.0,0.0,0.2910958904109589,0.41690353526381246,0.7000312061163989,0.2999687938836012,0.6765429825113429,0.32345701748865696,0.0,0.0,0.0,68.0,2.0,0.0,0.6,44.2,41.6,373.0,441.0,73.2,5.3,0.0,1360.0,0.17,0.0,0.0,0.0,87.0,87.0,28.0,1.0,113.54999496063071,-23.549994960630713,283.0539509552199,0.0,0.0,0.0,0.0,0.0,0.0,0.2910958904109589,33.5,28.88888888888889,34.0,99.64500000000001,0.17,0.2088549,0.19508184,281.83255,0.16226637,0.2,0.0,0.0,0.0,0.0,27.463636363636365,32.20384615384615,47.19230769230769,37.430769230769236,37.430769230769236,False,34.0,65.05000000000001,0.45,1.0,,100.0,False,50.0,0.0,0.0,0.0,0.0,2026-09-30T20:30,interpolated_hourly,1,WNW,sun below horizon — no direct-sun posture,,,,not specified,Environmental scores are skin-type independent.,not personalized
2026-09-30 21:00:00,0.0,0.0,0.0,34.03202,-118.52633,86.0,62.02268600463867,1.0,0.0,0.27723418134377037,0.3970509859655357,0.698080823841473,0.3019191761585271,0.6756099682753566,0.3243900317246434,0.0,0.0,0.0,69.0,1.0,0.0,0.6,44.2,41.6,373.0,441.0,73.2,5.3,0.0,1360.0,0.17,0.0,0.0,0.0,87.0,87.0,28.0,1.0,119.6063868853314,-29.606386885331396,287.87633874985215,0.0,0.0,0.0,0.0,0.0,0.0,0.27723418134377037,28.0,28.77777777777778,34.0,99.65,0.17,0.2088549,0.19508184,281.83255,0.16226637,0.2,0.0,0.0,0.0,0.0,26.01818181818182,32.184615384615384,47.93076923076923,37.67692307692308,37.67692307692308,False,34.0,64.9,0.0,1.0,,100.0,False,50.0,0.0,0.0,0.0,0.0,2026-09-30T21:00,interpolated_hourly,1,WNW,sun below horizon — no direct-sun posture,,,,not specified,Environmental scores are skin-type independent.,not personalized
2026-09-30 21:30:00,0.0,0.0,0.0,34.03202,-118.52633,86.0,62.02268600463867,1.0,0.0,0.26337247227658184,0.37719843666725894,0.696130441566547,0.303869558433453,0.6746769540393701,0.32532304596062983,0.0,0.0,0.0,73.0,1.0,0.0,0.6,44.2,41.6,373.0,441.0,73.2,5.3,0.0,1360.0,0.17,0.0,0.0,0.0,87.0,87.0,28.0,1.0,125.29729614315272,-35.29729614315272,293.8711028903308,0.0,0.0,0.0,0.0,0.0,0.0,0.26337247227658184,22.5,28.72222222222222,33.5,99.66,0.17,0.2088549,0.19508184,281.83255,0.16226637,0.2,0.0,0.0,0.0,0.0,24.572727272727274,32.16538461538461,48.66923076923077,37.92307692307693,37.92307692307693,False,33.5,64.65,0.25,1.0,,100.0,False,50.0,0.0,0.0,0.0,0.0,2026-09-30T21:30,interpolated_hourly,1,WNW,sun below horizon — no direct-sun posture,,,,not specified,Environmental scores are skin-type independent.,not personalized
2026-09-30 22:00:00,0.0,0.0,0.0,34.03202,-118.52633,86.0,62.02268600463867,1.0,0.0,0.24951076320939333,0.3573458873689821,0.6941800592916212,0.30581994070837887,0.6737439398033837,0.3262560601966163,0.0,0.0,0.0,77.0,1.0,0.0,0.6,44.2,41.6,373.0,441.0,73.2,5.3,0.0,1360.0,0.17,0.0,0.0,0.0,87.0,87.0,28.0,1.0,130.98820540097404,-40.98820540097404,299.86586703080945,0.0,0.0,0.0,0.0,0.0,0.0,0.24951076320939333,17.0,28.666666666666664,33.0,99.67,0.17,0.2088549,0.19508184,281.83255,0.16226637,0.2,0.0,0.0,0.0,0.0,23.12727272727273,32.146153846153844,49.40769230769231,38.16923076923077,38.16923076923077,False,33.0,64.4,0.5,1.0,,100.0,False,50.0,0.0,0.0,0.0,0.0,2026-09-30T22:00,interpolated_hourly,0,WNW,sun below horizon — no direct-sun posture,,,,not specified,Environmental scores are skin-type independent.,not personalized
2026-09-30 22:30:00,0.0,0.0,0.0,34.03202,-118.52633,86.0,62.02268600463867,1.0,0.0,0.23564905414220483,0.33749333807070536,0.6922296770166954,0.30777032298330476,0.6728109255673973,0.3271890744326027,0.0,0.0,0.0,79.0,0.5,0.0,0.6,44.2,41.6,373.0,441.0,73.2,5.3,0.0,1360.0,0.17,0.0,0.0,0.0,87.0,87.0,28.0,1.0,135.90439589370726,-45.904395893707274,308.042588354082,0.0,0.0,0.0,0.0,0.0,0.0,0.23564905414220483,13.0,28.638888888888886,33.0,99.66499999999999,0.17,0.2088549,0.19508184,281.83255,0.16226637,0.2,0.0,0.0,0.0,0.0,21.68181818181818,32.12692307692308,50.146153846153844,38.41538461538462,38.41538461538462,False,33.0,64.35,0.6,1.0,,100.0,False,50.0,0.0,0.0,0.0,0.0,2026-09-30T22:30,interpolated_hourly,0,NW,sun below horizon — no direct-sun posture,,,,not specified,Environmental scores are skin-type independent.,not personalized
2026-09-30 23:00:00,0.0,0.0,0.0,34.03202,-118.52633,86.0,62.02268600463867,1.0,0.0,0.2217873450750163,0.3176407887724285,0.6902792947417694,0.30972070525823064,0.6718779113314108,0.32812208866858916,0.0,0.0,0.0,81.0,0.0,0.0,0.6,44.2,41.6,373.0,441.0,73.2,5.3,0.0,1360.0,0.17,0.0,0.0,0.0,87.0,87.0,28.0,1.0,140.8205863864405,-50.82058638644051,316.21930967735454,0.0,0.0,0.0,0.0,0.0,0.0,0.2217873450750163,9.0,28.61111111111111,33.0,99.66,0.17,0.2088549,0.19508184,281.83255,0.16226637,0.2,0.0,0.0,0.0,0.0,20.236363636363635,32.107692307692304,50.88461538461539,38.66153846153846,38.66153846153846,False,33.0,64.3,0.7,1.0,,100.0,False,50.0,0.0,0.0,0.0,0.0,2026-09-30T23:00,interpolated_hourly,0,NW,sun below horizon — no direct-sun posture,,,,not specified,Environmental scores are skin-type independent.,not personalized
2026-09-30 23:30:00,0.0,0.0,0.0,34.03202,-118.52633,86.0,62.02268600463867,1.0,0.0,0.2079256360078278,0.2977882394741518,0.6883289124668435,0.31167108753315653,0.6709448970954244,0.32905510290457557,0.0,0.0,0.0,81.0,0.0,0.0,0.6,44.2,41.6,373.0,441.0,73.2,5.3,0.0,1360.0,0.17,0.0,0.0,0.0,87.0,87.0,28.0,1.0,144.17805708791616,-54.17805708791618,327.7544164564338,0.0,0.0,0.0,0.0,0.0,0.0,0.2079256360078278,6.0,28.52777777777778,33.0,99.64,0.17,0.2088549,0.19508184,281.83255,0.16226637,0.2,0.0,0.0,0.0,0.0,18.79090909090909,32.08846153846154,51.62307692307692,38.90769230769231,38.90769230769231,False,33.0,64.19999999999999,0.9,1.0,,100.0,False,50.0,0.0,0.0,0.0,0.0,2026-09-30T23:30,interpolated_hourly,0,NNW,sun below horizon — no direct-sun posture,,,,not specified,Environmental scores are skin-type independent.,not personalized
2026-10-01 00:00:00,0.0,0.0,0.0,34.03202,-118.52633,86.0,62.02268600463867,1.0,0.0,0.19406392694063926,0.277935690175875,0.6863785301919176,0.3136214698080824,0.6700118828594379,0.32998811714056203,0.0,0.0,0.0,81.0,0.0,0.0,0.6,44.2,41.6,373.0,441.0,73.2,5.3,0.0,1360.0,0.17,0.0,0.0,0.0,87.0,87.0,28.0,1.0,147.53552778939184,-57.53552778939185,339.289523235513,0.0,0.0,0.0,0.0,0.0,0.0,0.19406392694063926,3.0,28.444444444444446,33.0,99.62,0.17,0.2088549,0.19508184,281.83255,0.16226637,0.2,0.0,0.0,0.0,0.0,17.345454545454544,32.06923076923077,52.36153846153846,39.15384615384615,39.15384615384615,False,33.0,64.1,1.1,1.0,,100.0,False,50.0,0.0,0.0,0.0,0.0,2026-10-01T00:00,interpolated_hourly,0,NNW,sun below horizon — no direct-sun posture,,,,not specified,Environmental scores are skin-type independent.,not personalized
2026-10-01 00:30:00,0.0,0.0,0.0,34.03202,-118.52633,86.0,62.02268600463867,1.0,0.0,0.18020221787345075,0.2580831408775982,0.6844281479169918,0.3155718520830083,0.6690788686234516,0.33092113137654844,0.0,0.0,0.0,79.5,0.0,0.0,0.6,44.2,41.6,373.0,441.0,73.2,5.3,0.0,1360.0,0.17,0.0,0.0,0.0,87.0,87.0,28.0,1.0,148.25300796530152,-58.253007965301535,173.5686040914783,0.0,0.0,0.0,0.0,0.0,0.0,0.18020221787345075,1.5,28.333333333333332,33.5,99.595,0.17,0.2088549,0.19508184,281.83255,0.16226637,0.2,0.0,0.0,0.0,0.0,15.9,32.05,53.1,39.400000000000006,39.400000000000006,False,33.5,64.15,1.55,1.0,,100.0,False,50.0,0.0,0.0,0.0,0.0,2026-10-01T00:30,interpolated_hourly,0,S,sun below horizon — no direct-sun posture,,,,not specified,Environmental scores are skin-type independent.,not personalized
2026-10-01 01:00:00,0.0,0.0,0.0,34.03202,-118.52633,86.0,62.02268600463867,1.0,0.0,0.16634050880626222,0.23823059157932142,0.6824777656420659,0.31752223435793414,0.6681458543874651,0.3318541456125349,0.0,0.0,0.0,78.0,0.0,0.0,0.6,44.2,41.6,373.0,441.0,73.2,5.3,0.0,1360.0,0.17,0.0,0.0,0.0,87.0,87.0,28.0,1.0,148.9704881412112,-58.97048814121121,7.847684947443611,0.0,0.0,0.0,0.0,0.0,0.0,0.16634050880626222,0.0,28.22222222222222,34.0,99.57000000000001,0.17,0.2088549,0.19508184,281.83255,0.16226637,0.2,0.0,0.0,0.0,0.0,14.454545454545457,32.03076923076923,53.83846153846154,39.64615384615385,39.64615384615385,False,34.0,64.2,2.0,1.0,,100.0,False,50.0,0.0,0.0,0.0,0.0,2026-10-01T01:00,interpolated_hourly,0,N,sun below horizon — no direct-sun posture,,,,not specified,Environmental scores are skin-type independent.,not personalized
2026-10-01 01:30:00,0.0,0.0,0.0,34.03202,-118.52633,86.0,62.02268600463867,1.0,0.0,0.15247879973907372,0.21837804228104463,0.6805273833671399,0.31947261663286003,0.6672128401514786,0.3327871598485213,0.0,0.0,0.0,77.5,0.0,0.0,0.6,44.2,41.6,373.0,441.0,73.2,5.3,0.0,1360.0,0.17,0.0,0.0,0.0,87.0,87.0,28.0,1.0,146.72058058964762,-56.720580589647625,20.9733242745759,0.0,0.0,0.0,0.0,0.0,0.0,0.15247879973907372,3.0,28.166666666666664,34.0,99.55000000000001,0.17,0.2088549,0.19508184,281.83255,0.16226637,0.2,0.0,0.0,0.0,0.0,13.009090909090911,32.011538461538464,54.57692307692308,39.892307692307696,39.892307692307696,False,34.0,64.05,2.2,1.0,,100.0,False,50.0,0.0,0.0,0.0,0.0,2026-10-01T01:30,interpolated_hourly,0,NNE,sun below horizon — no direct-sun posture,,,,not specified,Environmental scores are skin-type independent.,not personalized
2026-10-01 02:00:00,0.0,0.0,0.0,34.03202,-118.52633,86.0,62.02268600463867,1.0,0.0,0.1386170906718852,0.19852549298276784,0.6785770010922141,0.3214229989077859,0.6662798259154923,0.3337201740845077,0.0,0.0,0.0,77.0,0.0,0.0,0.6,44.2,41.6,373.0,441.0,73.2,5.3,0.0,1360.0,0.17,0.0,0.0,0.0,87.0,87.0,28.0,1.0,144.47067303808404,-54.47067303808403,34.09896360170819,0.0,0.0,0.0,0.0,0.0,0.0,0.1386170906718852,6.0,28.11111111111111,34.0,99.53,0.17,0.2088549,0.19508184,281.83255,0.16226637,0.2,0.0,0.0,0.0,0.0,11.563636363636363,31.99230769230769,55.315384615384616,40.13846153846154,40.13846153846154,False,34.0,63.9,2.4,1.0,,100.0,False,50.0,0.0,0.0,0.0,0.0,2026-10-01T02:00,interpolated_hourly,0,NE,sun below horizon — no direct-sun posture,,,,not specified,Environmental scores are skin-type independent.,not personalized
2026-10-01 02:30:00,0.0,0.0,0.0,34.03202,-118.52633,86.0,62.02268600463867,1.0,0.0,0.12475538160469668,0.17867294368449105,0.6766266188172883,0.3233733811827118,0.6653468116795058,0.3346531883204942,0.0,0.0,0.0,77.5,0.0,0.0,0.6,44.2,41.6,373.0,441.0,73.2,5.3,0.0,1360.0,0.17,0.0,0.0,0.0,87.0,87.0,28.0,1.0,140.15638378153696,-50.15638378153696,43.72911518013504,0.0,0.0,0.0,0.0,0.0,0.0,0.12475538160469668,20.0,28.055555555555557,34.5,99.52000000000001,0.17,0.2088549,0.19508184,281.83255,0.16226637,0.2,0.0,0.0,0.0,0.0,10.118181818181817,31.973076923076924,56.05384615384615,40.38461538461539,40.38461538461539,False,34.5,64.05,2.2,1.0,,100.0,False,50.0,0.0,0.0,0.0,0.0,2026-10-01T02:30,interpolated_hourly,0,NE,sun below horizon — no direct-sun posture,,,,not specified,Environmental scores are skin-type independent.,not personalized
2026-10-01 03:00:00,0.0,0.0,0.0,34.03202,-118.52633,86.0,62.02268600463867,1.0,0.0,0.11089367253750818,0.15882039438621426,0.6746762365423623,0.3253237634576377,0.6644137974435194,0.3355862025564806,0.0,0.0,0.0,78.0,0.0,0.0,0.6,44.2,41.6,373.0,441.0,73.2,5.3,0.0,1360.0,0.17,0.0,0.0,0.0,87.0,87.0,28.0,1.0,135.84209452498988,-45.84209452498988,53.35926675856189,0.0,0.0,0.0,0.0,0.0,0.0,0.11089367253750818,34.0,28.000000000000004,35.0,99.51,0.17,0.2088549,0.19508184,281.83255,0.16226637,0.2,0.0,0.0,0.0,0.0,8.672727272727272,31.953846153846154,56.792307692307695,40.63076923076923,40.63076923076923,False,35.0,64.2,2.0,1.0,,100.0,False,50.0,0.0,0.0,0.0,0.0,2026-10-01T03:00,interpolated_hourly,1,NE,sun below horizon — no direct-sun posture,,,,not specified,Environmental scores are skin-type independent.,not personalized
2026-10-01 03:30:00,0.0,0.0,0.0,34.03202,-118.52633,86.0,62.02268600463867,1.0,0.0,0.09703196347031964,0.13896784508793747,0.6727258542674364,0.3272741457325636,0.6634807832075329,0.33651921679246705,0.0,0.0,0.0,79.0,0.5,0.0,0.6,44.2,41.6,373.0,441.0,73.2,5.3,0.0,1360.0,0.17,0.0,0.0,0.0,87.0,87.0,28.0,1.0,130.44630843300615,-40.44630843300615,60.22310111623588,0.0,0.0,0.0,0.0,0.0,0.0,0.09703196347031964,53.0,27.972222222222225,35.0,99.51,0.17,0.2088549,0.19508184,281.83255,0.16226637,0.2,0.0,0.0,0.0,0.0,7.227272727272727,31.934615384615384,57.53076923076923,40.87692307692308,40.87692307692308,False,35.0,64.15,1.55,1.0,,100.0,False,50.0,0.0,0.0,0.0,0.0,2026-10-01T03:30,interpolated_hourly,1,ENE,sun below horizon — no direct-sun posture,,,,not specified,Environmental scores are skin-type independent.,not personalized
2026-10-01 04:00:00,0.0,0.0,0.0,34.03202,-118.52633,86.0,62.02268600463867,1.0,0.0,0.08317025440313114,0.11911529578966068,0.6707754719925105,0.32922452800748947,0.6625477689715465,0.33745223102845345,0.0,0.0,0.0,80.0,1.0,0.0,0.6,44.2,41.6,373.0,441.0,73.2,5.3,0.0,1360.0,0.17,0.0,0.0,0.0,87.0,87.0,28.0,1.0,125.05052234102241,-35.050522341022415,67.08693547390988,0.0,0.0,0.0,0.0,0.0,0.0,0.08317025440313114,72.0,27.944444444444443,35.0,99.51,0.17,0.2088549,0.19508184,281.83255,0.16226637,0.2,0.0,0.0,0.0,0.0,5.781818181818181,31.915384615384614,58.269230769230774,41.12307692307692,41.12307692307692,False,35.0,64.1,1.1,1.0,,100.0,False,50.0,0.0,0.0,0.0,0.0,2026-10-01T04:00,interpolated_hourly,2,ENE,sun below horizon — no direct-sun posture,,,,not specified,Environmental scores are skin-type independent.,not personalized
2026-10-01 04:30:00,0.0,0.0,0.0,34.03202,-118.52633,86.0,62.02268600463867,1.0,0.0,0.0693085453359426,0.09926274649138389,0.6688250897175847,0.33117491028241536,0.6616147547355601,0.3383852452644399,0.0,0.0,0.0,80.5,1.0,0.0,0.6,44.2,41.6,373.0,441.0,73.2,5.3,0.0,1360.0,0.17,0.0,0.0,0.0,87.0,87.0,28.0,1.0,119.13376074797094,-29.133760747970936,72.3629431601232,0.0,0.0,0.0,0.0,0.0,0.0,0.0693085453359426,82.0,27.916666666666668,35.5,99.51,0.17,0.2088549,0.19508184,281.83255,0.16226637,0.2,0.0,0.0,0.0,0.0,4.336363636363636,31.896153846153847,59.00769230769231,41.36923076923077,41.36923076923077,False,35.5,64.25,1.0,1.0,,100.0,False,50.0,0.0,0.0,0.0,0.0,2026-10-01T04:30,interpolated_hourly,2,ENE,sun below horizon — no direct-sun posture,,,,not specified,Environmental scores are skin-type independent.,not personalized
2026-10-01 05:00:00,0.0,0.0,0.0,34.03202,-118.52633,86.0,62.02268600463867,1.0,0.0,0.055446836268754074,0.0794101971931071,0.6668747074426588,0.33312529255734125,0.6606817404995736,0.3393182595004263,0.0,0.0,0.0,81.0,1.0,0.0,0.6,44.2,41.6,373.0,441.0,73.2,5.3,0.0,1360.0,0.17,0.0,0.0,0.0,87.0,87.0,28.0,1.0,113.21699915491945,-23.216999154919456,77.63895084633651,0.0,0.0,0.0,0.0,0.0,0.0,0.055446836268754074,92.0,27.888888888888893,36.0,99.51,0.17,0.2088549,0.19508184,281.83255,0.16226637,0.2,0.0,0.0,0.0,0.0,2.8909090909090907,31.876923076923077,59.746153846153845,41.61538461538462,41.61538461538462,False,36.0,64.4,0.9,1.0,,100.0,False,50.0,0.0,0.0,0.0,0.0,2026-10-01T05:00,interpolated_hourly,3,ENE,sun below horizon — no direct-sun posture,,,,not specified,Environmental scores are skin-type independent.,not personalized
2026-10-01 05:30:00,0.0,0.0,0.0,34.03202,-118.52633,86.0,62.02268600463867,1.0,0.0,0.0415851272015656,0.05955764789483031,0.6649243251677328,0.33507567483226713,0.6597487262635873,0.3402512737364128,0.0,0.0,0.0,81.0,1.0,0.0,0.6,44.2,41.6,373.0,441.0,73.2,5.3,0.0,1360.0,0.17,0.0,0.0,0.0,87.0,87.0,28.0,1.0,107.06910981022804,-17.069109810228056,82.12398446538668,0.0,0.0,0.0,0.0,0.0,0.0,0.0415851272015656,85.5,27.833333333333336,36.0,99.525,0.17,0.2088549,0.19508184,281.83255,0.16226637,0.2,0.0,0.0,0.0,0.0,1.4454545454545453,31.857692307692307,60.48461538461538,41.861538461538466,41.861538461538466,False,36.0,64.30000000000001,1.0,0.5,,100.0,False,50.0,0.0,0.0,0.0,0.0,2026-10-01T05:30,interpolated_hourly,3,E,sun below horizon — no direct-sun posture,,,,not specified,Environmental scores are skin-type independent.,not personalized
2026-10-01 06:00:00,0.0,0.0,0.0,34.03202,-118.52633,86.0,62.02268600463867,1.0,0.0,0.027723418134377065,0.03970509859655358,0.662973942892807,0.337026057107193,0.6588157120276008,0.3411842879723992,0.0,0.0,0.0,81.0,1.0,0.0,0.6,44.2,41.6,373.0,441.0,73.2,5.3,0.0,1360.0,0.17,0.0,0.0,0.0,87.0,87.0,28.0,1.0,100.92122046553665,-10.921220465536653,86.60901808443685,0.0,0.0,0.0,0.0,0.0,0.0,0.027723418134377065,79.0,27.77777777777778,36.0,99.53999999999999,0.17,0.2088549,0.19508184,281.83255,0.16226637,0.2,0.0,0.0,0.0,0.0,0.0,31.838461538461537,61.223076923076924,42.10769230769231,42.10769230769231,False,36.0,64.2,1.1,0.0,,100.0,False,50.0,0.0,0.0,0.0,0.0,2026-10-01T06:00,interpolated_hourly,2,E,sun below horizon — no direct-sun posture,,,,not specified,Environmental scores are skin-type independent.,not personalized
2026-10-01 06:30:00,0.0,1.05,17.8,34.03202,-118.52633,86.0,62.02268600463867,1.0,0.0,0.013861709067188532,0.01985254929827679,0.6610235606178811,0.3389764393821189,0.6578826977916143,0.34211730220838565,0.0,0.0,0.0,80.5,0.5,0.0,0.675,44.2,41.6,373.0,441.0,73.2,5.3,0.0,1360.0,0.17,0.0,0.0,0.0,87.0,87.0,28.0,1.0,94.55847114822572,-4.558471148225726,90.82413203691729,0.6773286823324408,1.9507253310477737,0.6159093339499121,0.0,0.0,0.0,0.013861709067188532,63.5,27.77777777777778,36.5,99.565,0.17,0.2088549,0.19508184,281.83255,0.16226637,0.2,0.0,0.0,0.0,0.2,1.55,31.81923076923077,61.96153846153847,42.353846153846156,42.353846153846156,False,36.5,64.4,1.2000000000000002,0.0,,100.0,False,50.0,0.0,0.0,0.0,0.0,2026-10-01T06:30,interpolated_hourly,2,E,sun below horizon — no direct-sun posture,,,,not specified,Environmental scores are skin-type independent.,not personalized
2026-10-01 07:00:00,1.0,2.1,35.6,34.03202,-118.52633,86.0,62.02268600463867,1.0,0.0,0.0,0.0,0.6590731783429552,0.3409268216570448,0.6569496835556279,0.34305031644437206,0.0,0.0,0.0,80.0,0.0,0.0,0.75,44.2,41.6,373.0,441.0,73.2,5.3,0.0,1360.0,0.17,0.0,0.0,0.0,87.0,87.0,28.0,1.0,88.1957218309148,1.8042781690852003,95.03924598939773,1.3546573646648816,3.9014506620955474,1.2318186678998242,0.0,0.0,0.0,0.0,48.0,27.77777777777778,37.0,99.59,0.17,0.2088549,0.19508184,281.83255,0.16226637,0.2,0.515,0.0,0.3,0.4,3.1,31.8,62.7,42.6,42.6,False,37.0,64.6,1.3,0.0,88.2,100.0,False,50.0,0.8,0.8,0.0,0.0,2026-10-01T07:00,interpolated_hourly,1,E,"sun low 2° (E) — face E, lift torso ~88° toward the sun if comfortable",,,,not specified,Environmental scores are skin-type independent.,not personalized
2026-10-01 07:30:00,1.0,91.6,179.95,34.03202,-118.52633,86.0,62.02268600463867,1.0,0.0,0.24019878520154608,0.23959296947271047,0.6571227960680293,0.3428772039319707,0.6560166693196415,0.3439833306803585,0.5,0.0,0.0,80.0,0.0,30.149999999999995,0.875,44.2,41.6,373.0,441.0,73.2,5.3,0.0,1360.0,0.17,0.0,0.0,0.0,87.0,87.0,28.0,1.0,82.19675072197991,7.803249278020089,99.39782532330992,73.45369671409925,182.67048482862612,30.277767027590823,43.5,201.3,15.0,0.24019878520154608,35.5,27.944444444444443,36.5,99.61,0.17,0.2088549,0.19508184,281.83255,0.16226637,0.2,2.06045,0.019912508631511,1.9610907143260243,9.3,24.8,36.3,51.2,41.5,41.5,False,36.5,64.65,1.05,0.0,82.2,100.0,False,50.0,5.0,5.0,0.2300815072968708,43.56803646851851,2026-10-01T07:30,interpolated_hourly,1,E,"sun low 8° (E) — face E, lift torso ~82° toward the sun if comfortable",,,,not specified,Environmental scores are skin-type independent.,not personalized
2026-10-01 08:00:00,1.0,181.1,324.3,34.03202,-118.52633,86.0,62.02268600463867,1.0,0.0,0.4803975704030922,0.4791859389454209,0.6551724137931034,0.3448275862068966,0.6550836550836551,0.34491634491634493,1.0,0.0,0.0,80.0,0.0,60.3,1.0,44.2,41.6,373.0,441.0,73.2,5.3,0.0,1360.0,0.17,0.0,0.0,0.0,87.0,87.0,28.0,1.0,76.19777961304501,13.802220386954978,103.7564046572221,145.55273606353362,361.4395189951567,59.32371538728182,87.0,402.6,30.0,0.4803975704030922,23.0,28.11111111111111,36.0,99.63,0.17,0.2088549,0.19508184,281.83255,0.16226637,0.2,5.372,0.0476,4.9,18.2,46.5,40.8,39.7,40.4,40.4,False,36.0,64.7,0.8,0.0,76.2,100.0,False,50.0,10.3,10.3,0.55,155.4,2026-10-01T08:00,interpolated_hourly,1,ESE,"sun low 14° (ESE) — face ESE, lift torso ~76° toward the sun if comfortable",,,,not specified,Environmental scores are skin-type independent.,not personalized
2026-10-01 08:30:00,1.0,319.95000000000005,456.04999999999995,34.03202,-118.52633,86.0,62.02268600463867,1.0,0.0,0.5595100319321477,0.5586640820960518,0.7405554901730023,0.2594445098269978,0.7406316702504385,0.25950162753681816,1.0,0.0,-0.04999999999998295,80.5,0.0,68.0,1.0,44.2,41.6,373.0,441.0,73.2,5.3,0.0,1360.0,0.17,0.0,0.0,0.0,87.0,87.0,28.0,1.0,70.33239945025068,19.667600549749316,108.69122404528613,249.1301549643523,479.0886554362403,77.40952831775769,190.0,560.6,40.5,0.5595100319321477,17.0,28.63888888888889,35.0,99.65,0.17,0.2088549,0.19508184,281.83255,0.16226637,0.2,10.716545099493434,0.1372681351494113,10.48241055358018,27.9,49.75,49.8,42.85,47.349999999999994,47.349999999999994,False,35.0,65.05000000000001,0.8500000000000001,0.0,70.3,100.0,False,50.0,17.8,17.8,1.2801189074191872,257.19902168301064,2026-10-01T08:30,interpolated_hourly,1,ESE,"sun low 20° (ESE) — face ESE, lift torso ~70° toward the sun if comfortable",,,,not specified,Environmental scores are skin-type independent.,not personalized
2026-10-01 09:00:00,1.0,458.8,587.8,34.03202,-118.52633,86.0,62.02268600463867,1.0,0.0,0.6386224934612031,0.6381422252466826,0.825938566552901,0.17406143344709898,0.826179685417222,0.17408691015729136,1.0,0.0,-0.0999999999999659,81.0,0.0,75.7,1.0,44.2,41.6,373.0,441.0,73.2,5.3,0.0,1360.0,0.17,0.0,0.0,0.0,87.0,87.0,28.0,1.0,64.46701928745635,25.53298071254365,113.62604343335016,352.707573865171,596.7377918773238,95.49534124823356,293.0,718.6,51.0,0.6386224934612031,11.0,29.166666666666668,34.0,99.67,0.17,0.2088549,0.19508184,281.83255,0.16226637,0.2,16.732,0.2312,16.5,37.6,53.0,58.8,46.0,54.3,54.3,False,34.0,65.4,0.9,0.0,64.5,100.0,False,50.0,25.1,25.1,2.05,375.1,2026-10-01T09:00,interpolated_hourly,0,ESE,"sun low 26° (ESE) — face ESE, lift torso ~64° toward the sun if comfortable",,,,not specified,Environmental scores are skin-type independent.,not personalized
2026-10-01 09:30:00,1.0,580.5,698.0,34.03202,-118.52633,86.0,62.02268600463867,1.0,0.0,0.6639424059445007,0.6636021692924825,0.8447874650946323,0.15521253490536768,0.8449447538237125,0.15518854396354423,1.0,0.0,-0.04999999999998295,81.5,0.0,80.15,1.0,44.2,41.6,373.0,441.0,73.2,5.3,0.0,1360.0,0.17,0.0,0.0,0.0,87.0,87.0,28.0,1.0,59.07562494336527,30.92437505663473,119.69749378351827,444.4387360077666,652.9597672210205,105.83150555055988,388.5,765.2,58.5,0.6639424059445007,7.0,29.88888888888889,32.5,99.685,0.17,0.2088549,0.19508184,281.83255,0.16226637,0.2,22.53753001257372,0.4212549840183023,22.42323018483859,46.2,49.55,60.15,47.45,55.7,55.7,False,32.5,65.85,1.9500000000000002,0.0,59.1,100.0,False,50.0,31.0,31.0,2.804360331077619,467.45249742336046,2026-10-01T09:30,interpolated_hourly,0,ESE,"sun 31° up (ESE) — lay flat, or lift torso ~59° toward ESE to face it",,,,not specified,Environmental scores are skin-type independent.,not personalized
2026-10-01 10:00:00,1.0,702.2,808.2,34.03202,-118.52633,86.0,62.02268600463867,1.0,0.0,0.6892623184277983,0.6890621133382825,0.8636363636363636,0.13636363636363635,0.863709822230203,0.1362901777697971,1.0,0.0,0.0,82.0,0.0,84.6,1.0,44.2,41.6,373.0,441.0,73.2,5.3,0.0,1360.0,0.17,0.0,0.0,0.0,87.0,87.0,28.0,1.0,53.68423059927419,36.31576940072581,125.76894413368638,536.1698981503621,709.181742564717,116.1676698528862,484.0,811.8,66.0,0.6892623184277983,3.0,30.61111111111111,31.0,99.7,0.17,0.2088549,0.19508184,281.83255,0.16226637,0.2,28.203,0.61,28.2,54.8,46.1,61.5,48.9,57.1,57.1,False,31.0,66.3,3.0,0.0,53.7,100.0,False,50.0,36.4,36.4,3.55,556.9,2026-10-01T10:00,interpolated_hourly,0,SE,"sun 36° up (SE) — lay flat, or lift torso ~54° toward SE to face it",,,,not specified,Environmental scores are skin-type independent.,not personalized
2026-10-01 10:30:00,1.0,798.35,889.25,34.03202,-118.52633,86.0,62.02268600463867,1.0,0.0,0.7018139428919316,0.7016371063444994,0.8731327358087921,0.12686726419120786,0.8731969024570929,0.1268030975429072,1.0,0.0,0.0,82.5,0.0,88.44999999999999,1.0,44.2,41.6,373.0,441.0,73.2,5.3,0.0,1360.0,0.17,0.0,0.0,0.0,87.0,87.0,28.0,1.0,49.18660894761845,40.81339105238155,133.71232986248984,604.8284155890003,737.7290707441082,122.44107633548936,561.5,836.0,70.5,0.7018139428919316,1.5,31.055555555555557,30.5,99.70500000000001,0.17,0.2088549,0.19508184,281.83255,0.16226637,0.2,33.94241679380091,0.790019657034022,33.912454750201114,63.05,43.55,68.7,48.7,61.7,61.7,False,30.5,66.69999999999999,4.0,0.0,49.2,100.0,False,50.0,41.7,41.7,4.265764886792776,629.5949594944163,2026-10-01T10:30,interpolated_hourly,0,SE,"sun 41° up (SE) — lay flat, or lift torso ~49° toward SE to face it",,,,not specified,Environmental scores are skin-type independent.,not personalized
2026-10-01 11:00:00,1.0,894.5,970.3,34.03202,-118.52633,86.0,62.02268600463867,1.0,0.0,0.7143655673560648,0.7142120993507163,0.8826291079812206,0.11737089201877934,0.8826839826839827,0.11731601731601732,1.0,0.0,0.0,83.0,0.0,92.3,1.0,44.2,41.6,373.0,441.0,73.2,5.3,0.0,1360.0,0.17,0.0,0.0,0.0,87.0,87.0,28.0,1.0,44.688987295962725,45.311012704037275,141.6557155912933,673.4869330276384,766.2763989234994,128.7144828180925,639.0,860.2,75.0,0.7143655673560648,0.0,31.500000000000004,30.0,99.71000000000001,0.17,0.2088549,0.19508184,281.83255,0.16226637,0.2,39.181,0.9642,39.2,71.3,41.0,75.9,48.5,66.3,66.3,False,30.0,67.1,5.0,0.0,44.7,100.0,False,50.0,46.6,46.6,4.95,693.0,2026-10-01T11:00,interpolated_hourly,0,SE,"sun 45° up (SE) — lay flat, or lift torso ~45° toward SE to face it",,,,not specified,Environmental scores are skin-type independent.,not personalized
2026-10-01 11:30:00,1.0,958.65,1016.8,34.03202,-118.52633,86.0,62.02268600463867,1.02,-0.020000000000000018,0.7487549385470196,0.7486230251291341,0.8988676126672646,0.1011323873327355,0.8988846288630099,0.10111537113699016,1.0,0.0,0.0,83.0,0.0,96.05,1.0,44.2,41.6,373.0,441.0,73.2,5.3,0.0,1360.0,0.17,0.0,0.0,0.0,87.0,87.0,28.0,1.0,41.761419511668166,48.238580488331834,152.05402834516997,713.0857744759969,779.4457017147852,131.9888390205407,720.0,919.1500000000001,71.5,0.7487549385470196,0.0,31.472222222222225,30.5,99.695,0.17,0.2088549,0.19508184,281.83255,0.16226637,0.2,43.72929920011487,1.1282240890984407,44.52576619004255,80.35,53.55,81.2,46.65,69.1,69.1,False,30.5,67.25,5.75,0.0,41.8,100.0,False,50.0,52.9,52.9,5.744726206331279,768.0657025719298,2026-10-01T11:30,interpolated_hourly,0,SSE,"sun 48° up (SSE) — lay flat, or lift torso ~42° toward SSE to face it",,,,not specified,Environmental scores are skin-type independent.,not personalized
2026-10-01 12:00:00,1.0,1022.8,1063.3,34.03202,-118.52633,86.0,62.02268600463867,1.04,-0.040000000000000036,0.7831443097379742,0.783033950907552,0.9151061173533084,0.08489388264669163,0.915085275042037,0.08491472495796301,1.0,0.0,0.0,83.0,0.0,99.8,1.0,44.2,41.6,373.0,441.0,73.2,5.3,0.0,1360.0,0.17,0.0,0.0,0.0,87.0,87.0,28.0,1.0,38.83385172737361,51.16614827262639,162.45234109904663,752.6846159243553,792.615004506071,135.26319522298888,801.0,978.1,68.0,0.7831443097379742,0.0,31.444444444444443,31.0,99.67999999999999,0.17,0.2088549,0.19508184,281.83255,0.16226637,0.2,47.678,1.2845,49.3,89.4,66.1,86.5,44.8,71.9,71.9,False,31.0,67.4,6.5,0.0,38.8,100.0,False,50.0,58.7,58.7,6.5,832.6,2026-10-01T12:00,interpolated_hourly,0,SSE,"sun 51° up (SSE) — lay flat, or lift torso ~39° toward SSE to face it",,,,not specified,Environmental scores are skin-type independent.,not personalized
2026-10-01 12:30:00,1.0,1050.55,1071.9499999999998,34.03202,-118.52633,86.0,62.02268600463867,1.0237593984962405,-0.023759398496240647,0.7662359775528413,0.7661699460256806,0.9092857319439809,0.09071426805601909,0.9092531475864748,0.09074685241352516,1.0,0.0,0.0,82.5,0.0,99.19999999999999,1.0,44.2,41.6,373.0,441.0,73.2,5.3,0.0,1360.0,0.17,0.0,0.0,0.0,87.0,87.0,28.0,1.0,38.24613823167083,51.75386176832917,174.56553760207288,760.0915710113821,794.8675541018771,135.8539945521573,804.5,951.1500000000001,73.0,0.7662359775528413,2.5,31.194444444444443,32.0,99.655,0.17,0.2088549,0.19508184,281.83255,0.16226637,0.2,48.51840924327207,1.3091186353122448,50.25870634321367,90.2,66.19999999999999,86.95,44.9,72.25,72.25,False,32.0,67.5,7.15,0.0,38.2,100.0,False,50.0,59.6,59.6,6.630229055028827,828.6892224995916,2026-10-01T12:30,interpolated_hourly,0,S,"sun 52° up (S) — lay flat, or lift torso ~38° toward S to face it",,,,not specified,Environmental scores are skin-type independent.,not personalized
2026-10-01 13:00:00,1.0,1078.3,1080.6,34.03202,-118.52633,86.0,62.02268600463867,1.0075187969924813,-0.007518796992481258,0.7493276453677085,0.7493059411438091,0.9034653465346535,0.09653465346534654,0.9034210201309126,0.09657897986908731,1.0,0.0,0.0,82.0,0.0,98.6,1.0,44.2,41.6,373.0,441.0,73.2,5.3,0.0,1360.0,0.17,0.0,0.0,0.0,87.0,87.0,28.0,1.0,37.65842473596805,52.34157526403195,186.6787341050991,767.498526098409,797.1201036976831,136.44479388132572,808.0,924.2,78.0,0.7493276453677085,5.0,30.944444444444446,33.0,99.63,0.17,0.2088549,0.19508184,281.83255,0.16226637,0.2,48.476,1.3218,50.5,91.0,66.3,87.4,45.0,72.6,72.6,False,33.0,67.6,7.8,0.0,37.7,100.0,False,50.0,59.9,59.9,6.7,809.7,2026-10-01T13:00,interpolated_hourly,0,S,"sun 52° up (S) — lay flat, or lift torso ~38° toward S to face it",,,,not specified,Environmental scores are skin-type independent.,not personalized
2026-10-01 13:30:00,1.0,1067.6999999999998,1050.85,34.03202,-118.52633,86.0,62.02268600463867,0.9799498746867169,0.020050125313283148,0.7156911616300278,0.7156577693183545,0.8886258771508219,0.11137412284917812,0.8886002286180124,0.11139977138198766,1.0,0.0,0.0,82.0,0.0,96.6,1.0,44.2,41.6,373.0,441.0,73.2,5.3,0.0,1360.0,0.17,0.0,0.0,0.0,87.0,87.0,28.0,1.0,39.613789070625266,50.386210929374734,198.06859159841264,742.1392882712447,789.1439184141836,134.39498419931243,764.5,869.0,84.5,0.7156911616300278,10.0,30.66666666666667,34.0,99.61,0.17,0.2088549,0.19508184,281.83255,0.16226637,0.2,46.277717211200304,1.240128288650619,48.10528230136793,86.75,62.2,86.95,41.9,71.19999999999999,71.19999999999999,False,34.0,67.6,8.2,0.0,39.6,100.0,False,50.0,57.2,57.2,6.374303572066886,758.8253790572642,2026-10-01T13:30,interpolated_hourly,0,SSW,"sun 50° up (SSW) — lay flat, or lift torso ~40° toward SSW to face it",,,,not specified,Environmental scores are skin-type independent.,not personalized
2026-10-01 14:00:00,1.0,1057.1,1021.1,34.03202,-118.52633,86.0,62.02268600463867,0.9523809523809524,0.04761904761904756,0.6820546778923471,0.6820095974928998,0.8737864077669902,0.1262135922330097,0.8737794371051121,0.126220562894888,1.0,0.0,0.0,82.0,0.0,94.6,1.0,44.2,41.6,373.0,441.0,73.2,5.3,0.0,1360.0,0.17,0.0,0.0,0.0,87.0,87.0,28.0,1.0,41.569153405282485,48.430846594717515,209.4584490917262,716.7800504440804,781.167733130684,132.34517451729914,721.0,813.8,91.0,0.6820546778923471,15.0,30.388888888888893,35.0,99.59,0.17,0.2088549,0.19508184,281.83255,0.16226637,0.2,43.375,1.149,45.2,82.5,58.1,86.5,38.8,69.8,69.8,False,35.0,67.6,8.6,0.0,41.6,100.0,False,50.0,54.1,54.1,6.0,696.4,2026-10-01T14:00,interpolated_hourly,0,SSW,"sun 48° up (SSW) — lay flat, or lift torso ~42° toward SSW to face it",,,,not specified,Environmental scores are skin-type independent.,not personalized
2026-10-01 14:30:00,1.0,1008.9,955.0,34.03202,-118.52633,86.0,62.02268600463867,0.8896520146520146,0.11034798534798534,0.6324814869632445,0.6324324059013604,0.8226074895977808,0.17739251040221915,0.8226260628876265,0.17737393711237354,1.0,0.0,0.0,82.0,0.0,85.1,1.0,44.2,41.6,373.0,441.0,73.2,5.3,0.0,1360.0,0.17,0.0,0.0,0.0,87.0,87.0,28.0,1.0,45.460908270210524,44.539091729789476,218.47482826913486,660.6170670427153,760.4218344161349,127.48669861679329,640.5,714.05,109.5,0.6324814869632445,25.0,30.22222222222222,35.5,99.57,0.17,0.2088549,0.19508184,281.83255,0.16226637,0.2,38.620188791195105,0.9574707306949128,39.610355732353554,72.5,48.8,73.7,33.8,59.75,59.75,False,35.5,67.5,8.55,0.0,45.5,100.0,False,50.0,47.1,47.1,5.1592720513510875,609.438552121233,2026-10-01T14:30,interpolated_hourly,0,SW,"sun 45° up (SW) — lay flat, or lift torso ~46° toward SW to face it",,,,not specified,Environmental scores are skin-type independent.,not personalized
2026-10-01 15:00:00,1.0,960.7,888.9,34.03202,-118.52633,86.0,62.02268600463867,0.8269230769230769,0.17307692307692313,0.5829082960341417,0.5828552143098211,0.7714285714285715,0.22857142857142856,0.7714726886701408,0.2285273113298591,1.0,0.0,0.0,82.0,0.0,75.6,1.0,44.2,41.6,373.0,441.0,73.2,5.3,0.0,1360.0,0.17,0.0,0.0,0.0,87.0,87.0,28.0,1.0,49.35266313513856,40.64733686486144,227.4912074465435,604.4540836413503,739.6759357015857,122.62822271628744,560.0,614.3,128.0,0.5829082960341417,35.0,30.055555555555554,36.0,99.55,0.17,0.2088549,0.19508184,281.83255,0.16226637,0.2,33.588,0.7625,33.8,62.5,39.5,60.9,28.8,49.7,49.7,False,36.0,67.4,8.5,0.0,49.4,100.0,False,50.0,39.9,39.9,4.3,518.1,2026-10-01T15:00,interpolated_hourly,1,SW,"sun 41° up (SW) — lay flat, or lift torso ~49° toward SW to face it",,,,not specified,Environmental scores are skin-type independent.,not personalized
2026-10-01 15:30:00,1.0,878.1500000000001,790.9,34.03202,-118.52633,86.0,62.02268600463867,0.7980769230769231,0.20192307692307693,0.5352952742111382,0.5351857252094638,0.7400957290132548,0.25990427098674523,0.740088031724058,0.259911968275942,1.0,0.0,0.0,81.5,0.5,68.5,1.0,44.2,41.6,373.0,441.0,73.2,5.3,0.0,1360.0,0.17,0.0,0.0,0.0,87.0,87.0,28.0,1.0,54.41004094942922,35.58995905057079,234.30278378760042,522.099016563997,698.2599510069839,114.33844199643812,474.0,543.3,120.5,0.5352952742111382,48.0,29.861111111111114,36.5,99.535,0.17,0.2088549,0.19508184,281.83255,0.16226637,0.2,27.997772574776345,0.5784056086030109,28.402214608837816,55.0,47.25,57.4,24.95,46.05,46.05,False,36.5,67.30000000000001,8.15,0.0,54.4,100.0,False,50.0,35.5,35.5,3.646567875293186,427.1455686485281,2026-10-01T15:30,interpolated_hourly,1,SW,"sun 36° up (SW) — lay flat, or lift torso ~54° toward SW to face it",,,,not specified,Environmental scores are skin-type independent.,not personalized
2026-10-01 16:00:00,1.0,795.6,692.9,34.03202,-118.52633,86.0,62.02268600463867,0.7692307692307693,0.23076923076923073,0.48768225238813473,0.48751623610910666,0.7087628865979382,0.2912371134020619,0.7087033747779752,0.2912966252220249,1.0,0.0,0.0,81.0,1.0,61.4,1.0,44.2,41.6,373.0,441.0,73.2,5.3,0.0,1360.0,0.17,0.0,0.0,0.0,87.0,87.0,28.0,1.0,59.46741876371986,30.53258123628014,241.11436012865732,439.74394948664366,656.8439663123821,106.0486612765888,388.0,472.3,113.0,0.48768225238813473,61.0,29.66666666666667,37.0,99.52000000000001,0.17,0.2088549,0.19508184,281.83255,0.16226637,0.2,22.513,0.3954,23.1,47.5,55.0,53.9,21.1,42.4,42.4,False,37.0,67.2,7.8,0.0,59.5,100.0,False,50.0,30.7,30.7,3.0,337.8,2026-10-01T16:00,interpolated_hourly,2,WSW,"sun 31° up (WSW) — lay flat, or lift torso ~60° toward WSW to face it",,,,not specified,Environmental scores are skin-type independent.,not personalized
2026-10-01 16:30:00,1.0,684.35,569.6999999999999,34.03202,-118.52633,86.0,62.02268600463867,0.7315541601255886,0.26844583987441134,0.4349072577592392,0.4346875693423473,0.6717330414724851,0.328266958527515,0.6716537401749114,0.3283462598250887,1.0,0.0,0.0,81.0,1.0,54.15,1.0,44.2,41.6,373.0,441.0,73.2,5.3,0.0,1360.0,0.17,0.0,0.0,0.0,87.0,87.0,28.0,1.0,65.16227318782146,24.83772681217855,246.47354974666786,339.4559134610075,573.4533304656215,92.25639446936769,303.5,401.95000000000005,96.5,0.4349072577592392,71.0,29.47222222222223,37.5,99.51,0.17,0.2088549,0.19508184,281.83255,0.16226637,0.2,16.712293585376422,0.2563560356171036,17.467413228174166,40.0,65.15,43.2,19.75,35.0,35.0,False,37.5,67.15,7.35,0.0,65.2,100.0,False,50.0,25.0,25.0,2.3305094147009418,249.95171039389263,2026-10-01T16:30,interpolated_hourly,2,WSW,"sun low 25° (WSW) — face WSW, lift torso ~65° toward the sun if comfortable",,,,not specified,Environmental scores are skin-type independent.,not personalized
2026-10-01 17:00:00,1.0,573.1,446.5,34.03202,-118.52633,86.0,62.02268600463867,0.693877551020408,0.30612244897959195,0.3821322631303437,0.3818589025755879,0.634703196347032,0.365296803652968,0.6346041055718475,0.36539589442815246,1.0,0.0,0.0,81.0,1.0,46.9,1.0,44.2,41.6,373.0,441.0,73.2,5.3,0.0,1360.0,0.17,0.0,0.0,0.0,87.0,87.0,28.0,1.0,70.85712761192305,19.142872388076956,251.8327393646784,239.16787743537145,490.06269461886103,78.46412766214658,219.0,331.6,80.0,0.3821322631303437,81.0,29.277777777777782,38.0,99.5,0.17,0.2088549,0.19508184,281.83255,0.16226637,0.2,11.473,0.1216,12.3,32.5,75.3,32.5,18.4,27.6,27.6,False,38.0,67.1,6.9,0.0,70.9,100.0,False,50.0,19.3,19.3,1.7,170.5,2026-10-01T17:00,interpolated_hourly,3,WSW,"sun low 19° (WSW) — face WSW, lift torso ~71° toward the sun if comfortable",,,,not specified,Environmental scores are skin-type independent.,not personalized
2026-10-01 17:30:00,1.0,440.70000000000005,306.45,34.03202,-118.52633,86.0,62.02268600463867,0.6564625850340136,0.34353741496598644,0.2948611364305627,0.29429483590317856,0.536101598173516,0.463898401826484,0.5367787969719703,0.46467469140012274,0.7682111111111112,0.0,-0.05000000000000071,80.5,1.5,36.45,1.0,44.2,41.6,373.0,441.0,73.2,5.3,0.0,1360.0,0.17,0.0,0.0,0.0,87.0,87.0,28.0,1.0,76.86237176509081,13.137628234909192,256.38221536605147,141.190745415352,314.29711042544125,52.23867186892991,141.5,228.0,58.0,0.2948611364305627,87.0,29.138888888888893,38.5,99.505,0.17,0.2088549,0.19508184,281.83255,0.16226637,0.2,6.535275722358547,0.07415538666037744,7.47935921142955,24.8,82.14999999999999,32.3,26.25,30.2,30.2,False,38.5,67.05,6.300000000000001,0.0,76.9,100.0,False,50.0,14.0,14.0,1.1078522482637445,91.0751544250334,2026-10-01T17:30,interpolated_hourly,3,WSW,"sun low 13° (WSW) — face WSW, lift torso ~77° toward the sun if comfortable",,,,not specified,Environmental scores are skin-type independent.,not personalized
2026-10-01 18:00:00,1.0,308.3,166.4,34.03202,-118.52633,86.0,62.02268600463867,0.6190476190476191,0.38095238095238093,0.2075900097307817,0.20673076923076922,0.4375,0.5625,0.438953488372093,0.563953488372093,0.5364222222222222,0.0,-0.10000000000000142,80.0,2.0,26.0,1.0,44.2,41.6,373.0,441.0,73.2,5.3,0.0,1360.0,0.17,0.0,0.0,0.0,87.0,87.0,28.0,1.0,82.86761591825858,7.132384081741427,260.9316913674246,43.21361339533258,138.5315262320215,26.013216075713252,64.0,124.4,36.0,0.2075900097307817,93.0,29.000000000000004,39.0,99.51,0.17,0.2088549,0.19508184,281.83255,0.16226637,0.2,3.23,0.0357,4.0,17.1,89.0,32.1,34.1,32.8,32.8,False,39.0,67.0,5.7,0.0,82.9,100.0,False,50.0,9.3,9.3,0.65,34.4,2026-10-01T18:00,interpolated_hourly,3,W,"sun low 7° (W) — face W, lift torso ~83° toward the sun if comfortable",,,,not specified,Environmental scores are skin-type independent.,not personalized
2026-10-01 18:30:00,1.0,177.75,83.2,34.03202,-118.52633,86.0,62.02268600463867,0.5595238095238095,0.44047619047619047,0.15676110656030612,0.19877958579881655,0.41875,0.58125,0.43973664716473776,0.5630157062990601,0.2682111111111111,0.0,-0.05000000000000071,79.5,2.5,19.15,1.0,44.2,41.6,373.0,441.0,73.2,5.3,0.0,1360.0,0.17,0.0,0.0,0.0,87.0,87.0,28.0,1.0,89.12145045966304,0.8785495403369579,265.1483028421842,21.60680669766629,69.26576311601075,13.006608037856626,34.5,74.35,19.5,0.15676110656030612,96.0,28.833333333333336,39.5,99.52000000000001,0.17,0.2088549,0.19508184,281.83255,0.16226637,0.2,1.1304999999999998,0.01493438147363325,1.6196758442944956,8.55,44.5,32.111538461538466,35.292307692307695,33.22307692307692,33.22307692307692,False,39.5,66.9,5.0,0.0,89.1,100.0,False,50.0,4.6,4.6,0.29283100928692646,3.958755423295959,2026-10-01T18:30,interpolated_hourly,3,W,"sun low 1° (W) — face W, lift torso ~89° toward the sun if comfortable",,,,not specified,Environmental scores are skin-type independent.,not personalized
2026-10-01 19:00:00,0.0,47.2,0.0,34.03202,-118.52633,86.0,62.02268600463867,0.5,0.5,0.1059322033898305,0.19082840236686388,0.4,0.6,0.44051980595738244,0.5620779242260271,0.0,0.0,0.0,79.0,3.0,12.3,1.0,44.2,41.6,373.0,441.0,73.2,5.3,0.0,1360.0,0.17,0.0,0.0,0.0,87.0,87.0,28.0,1.0,95.37528500106751,-5.375285001067511,269.3649143169438,0.0,0.0,0.0,5.0,24.3,3.0,0.1059322033898305,99.0,28.666666666666664,40.0,99.53,0.17,0.2088549,0.19508184,281.83255,0.16226637,0.2,0.0,0.0,0.0,0.0,0.0,32.12307692307692,36.48461538461539,33.646153846153844,33.646153846153844,False,40.0,66.8,4.3,0.0,,100.0,False,50.0,0.0,0.0,0.0,0.0,2026-10-01T19:00,interpolated_hourly,3,W,sun below horizon — no direct-sun posture,,,,not specified,Environmental scores are skin-type independent.,not personalized
2026-10-01 19:30:00,0.0,23.6,0.0,34.03202,-118.52633,86.0,62.02268600463867,0.5122377622377622,0.48776223776223776,0.1015183615819209,0.18287721893491124,0.40236686390532544,0.5976331360946745,0.44130296475002717,0.561140142152994,0.0,0.0,0.0,79.0,3.5,6.15,0.8,44.2,41.6,373.0,441.0,73.2,5.3,0.0,1360.0,0.17,0.0,0.0,0.0,87.0,87.0,28.0,1.0,101.57788870423947,-11.57788870423947,273.6552459116164,0.0,0.0,0.0,2.5,12.15,1.5,0.1015183615819209,99.5,28.416666666666664,41.0,99.545,0.17,0.2088549,0.19508184,281.83255,0.16226637,0.2,0.0,0.0,0.0,0.0,0.0,32.13461538461539,37.676923076923075,34.069230769230764,34.069230769230764,False,41.0,66.8,3.8499999999999996,0.0,,100.0,False,50.0,0.0,0.0,0.0,0.0,2026-10-01T19:30,interpolated_hourly,3,W,sun below horizon — no direct-sun posture,,,,not specified,Environmental scores are skin-type independent.,not personalized
2026-10-01 20:00:00,0.0,0.0,0.0,34.03202,-118.52633,86.0,62.02268600463867,0.5244755244755245,0.4755244755244755,0.0971045197740113,0.17492603550295857,0.4047337278106509,0.5952662721893491,0.4420861235426719,0.560202360079961,0.0,0.0,0.0,79.0,4.0,0.0,0.6,44.2,41.6,373.0,441.0,73.2,5.3,0.0,1360.0,0.17,0.0,0.0,0.0,87.0,87.0,28.0,1.0,107.78049240741143,-17.780492407411426,277.94557750628906,0.0,0.0,0.0,0.0,0.0,0.0,0.0971045197740113,100.0,28.166666666666668,42.0,99.56,0.17,0.2088549,0.19508184,281.83255,0.16226637,0.2,0.0,0.0,0.0,0.0,0.0,32.146153846153844,38.86923076923077,34.49230769230769,34.49230769230769,False,42.0,66.8,3.4,0.0,,100.0,False,50.0,0.0,0.0,0.0,0.0,2026-10-01T20:00,interpolated_hourly,3,W,sun below horizon — no direct-sun posture,,,,not specified,Environmental scores are skin-type independent.,not personalized
2026-10-01 20:30:00,0.0,0.0,0.0,34.03202,-118.52633,86.0,62.02268600463867,0.5367132867132867,0.4632867132867133,0.0926906779661017,0.1669748520710059,0.40710059171597635,0.5928994082840237,0.4428692823353166,0.5592645780069281,0.0,0.0,0.0,79.5,3.5,0.0,0.6,44.2,41.6,373.0,441.0,73.2,5.3,0.0,1360.0,0.17,0.0,0.0,0.0,87.0,87.0,28.0,1.0,113.84383171242362,-23.843831712423615,282.76290116944665,0.0,0.0,0.0,0.0,0.0,0.0,0.0926906779661017,97.0,27.833333333333336,43.0,99.57,0.17,0.2088549,0.19508184,281.83255,0.16226637,0.2,0.0,0.0,0.0,0.0,0.0,32.15769230769231,40.06153846153846,34.91538461538461,34.91538461538461,False,43.0,66.6,3.55,0.0,,100.0,False,50.0,0.0,0.0,0.0,0.0,2026-10-01T20:30,interpolated_hourly,3,WNW,sun below horizon — no direct-sun posture,,,,not specified,Environmental scores are skin-type independent.,not personalized
2026-10-01 21:00:00,0.0,0.0,0.0,34.03202,-118.52633,86.0,62.02268600463867,0.548951048951049,0.45104895104895104,0.08827683615819208,0.15902366863905326,0.4094674556213018,0.5905325443786982,0.4436524411279613,0.5583267959338951,0.0,0.0,0.0,80.0,3.0,0.0,0.6,44.2,41.6,373.0,441.0,73.2,5.3,0.0,1360.0,0.17,0.0,0.0,0.0,87.0,87.0,28.0,1.0,119.9071710174358,-29.9071710174358,287.5802248326043,0.0,0.0,0.0,0.0,0.0,0.0,0.08827683615819208,94.0,27.5,44.0,99.58,0.17,0.2088549,0.19508184,281.83255,0.16226637,0.2,0.0,0.0,0.0,0.0,0.0,32.16923076923077,41.253846153846155,35.33846153846154,35.33846153846154,False,44.0,66.4,3.7,0.0,,100.0,False,50.0,0.0,0.0,0.0,0.0,2026-10-01T21:00,interpolated_hourly,3,WNW,sun below horizon — no direct-sun posture,,,,not specified,Environmental scores are skin-type independent.,not personalized
2026-10-01 21:30:00,0.0,0.0,0.0,34.03202,-118.52633,86.0,62.02268600463867,0.5611888111888111,0.4388111888111888,0.08386299435028248,0.1510724852071006,0.41183431952662725,0.5881656804733728,0.44443559992060605,0.557389013860862,0.0,0.0,0.0,80.5,2.0,0.0,0.6,44.2,41.6,373.0,441.0,73.2,5.3,0.0,1360.0,0.17,0.0,0.0,0.0,87.0,87.0,28.0,1.0,125.61089050401313,-35.61089050401312,293.57458462292146,0.0,0.0,0.0,0.0,0.0,0.0,0.08386299435028248,88.0,27.083333333333336,45.0,99.595,0.17,0.2088549,0.19508184,281.83255,0.16226637,0.2,0.0,0.0,0.0,0.0,0.0,32.18076923076923,42.44615384615385,35.76153846153846,35.76153846153846,False,45.0,66.1,4.300000000000001,0.0,,100.0,False,50.0,0.0,0.0,0.0,0.0,2026-10-01T21:30,interpolated_hourly,3,WNW,sun below horizon — no direct-sun posture,,,,not specified,Environmental scores are skin-type independent.,not personalized
2026-10-01 22:00:00,0.0,0.0,0.0,34.03202,-118.52633,86.0,62.02268600463867,0.5734265734265734,0.42657342657342656,0.07944915254237288,0.14312130177514792,0.41420118343195267,0.5857988165680473,0.44521875871325073,0.5564512317878291,0.0,0.0,0.0,81.0,1.0,0.0,0.6,44.2,41.6,373.0,441.0,73.2,5.3,0.0,1360.0,0.17,0.0,0.0,0.0,87.0,87.0,28.0,1.0,131.31460999059044,-41.31460999059044,299.5689444132386,0.0,0.0,0.0,0.0,0.0,0.0,0.07944915254237288,82.0,26.666666666666668,46.0,99.61,0.17,0.2088549,0.19508184,281.83255,0.16226637,0.2,0.0,0.0,0.0,0.0,0.0,32.19230769230769,43.63846153846154,36.184615384615384,36.184615384615384,False,46.0,65.8,4.9,0.0,,100.0,False,50.0,0.0,0.0,0.0,0.0,2026-10-01T22:00,interpolated_hourly,3,WNW,sun below horizon — no direct-sun posture,,,,not specified,Environmental scores are skin-type independent.,not personalized
2026-10-01 22:30:00,0.0,0.0,0.0,34.03202,-118.52633,86.0,62.02268600463867,0.5856643356643356,0.4143356643356644,0.07503531073446328,0.13517011834319526,0.41656804733727815,0.5834319526627219,0.44600191750589546,0.5555134497147961,0.0,0.0,0.0,81.5,0.5,0.0,0.6,44.2,41.6,373.0,441.0,73.2,5.3,0.0,1360.0,0.17,0.0,0.0,0.0,87.0,87.0,28.0,1.0,136.24908433567705,-46.249084335677054,307.7691349569918,0.0,0.0,0.0,0.0,0.0,0.0,0.07503531073446328,75.5,26.27777777777778,47.0,99.61500000000001,0.17,0.2088549,0.19508184,281.83255,0.16226637,0.2,0.0,0.0,0.0,0.0,0.0,32.20384615384616,44.83076923076923,36.607692307692304,36.607692307692304,False,47.0,65.5,5.2,0.0,,100.0,False,50.0,0.0,0.0,0.0,0.0,2026-10-01T22:30,interpolated_hourly,3,NW,sun below horizon — no direct-sun posture,,,,not specified,Environmental scores are skin-type independent.,not personalized
2026-10-01 23:00:00,0.0,0.0,0.0,34.03202,-118.52633,86.0,62.02268600463867,0.5979020979020979,0.40209790209790214,0.07062146892655366,0.1272189349112426,0.41893491124260357,0.5810650887573964,0.4467850762985402,0.5545756676417631,0.0,0.0,0.0,82.0,0.0,0.0,0.6,44.2,41.6,373.0,441.0,73.2,5.3,0.0,1360.0,0.17,0.0,0.0,0.0,87.0,87.0,28.0,1.0,141.18355868076367,-51.18355868076366,315.9693255007451,0.0,0.0,0.0,0.0,0.0,0.0,0.07062146892655366,69.0,25.888888888888886,48.0,99.62,0.17,0.2088549,0.19508184,281.83255,0.16226637,0.2,0.0,0.0,0.0,0.0,0.0,32.215384615384615,46.02307692307692,37.03076923076923,37.03076923076923,False,48.0,65.2,5.5,0.0,,100.0,False,50.0,0.0,0.0,0.0,0.0,2026-10-01T23:00,interpolated_hourly,2,NW,sun below horizon — no direct-sun posture,,,,not specified,Environmental scores are skin-type independent.,not personalized
2026-10-01 23:30:00,0.0,0.0,0.0,34.03202,-118.52633,86.0,62.02268600463867,0.6101398601398601,0.3898601398601399,0.06620762711864406,0.11926775147928993,0.421301775147929,0.578698224852071,0.4475682350911849,0.5536378855687302,0.0,0.0,0.0,82.5,0.0,0.0,0.6,44.2,41.6,373.0,441.0,73.2,5.3,0.0,1360.0,0.17,0.0,0.0,0.0,87.0,87.0,28.0,1.0,144.55644715167165,-54.55644715167166,327.59460225479177,0.0,0.0,0.0,0.0,0.0,0.0,0.06620762711864406,59.5,25.611111111111107,49.0,99.61500000000001,0.17,0.2088549,0.19508184,281.83255,0.16226637,0.2,0.0,0.0,0.0,0.0,0.0,32.22692307692308,47.215384615384615,37.45384615384615,37.45384615384615,False,49.0,65.05000000000001,5.15,0.0,,100.0,False,50.0,0.0,0.0,0.0,0.0,2026-10-01T23:30,interpolated_hourly,2,NNW,sun below horizon — no direct-sun posture,,,,not specified,Environmental scores are skin-type independent.,not personalized
2026-10-02 00:00:00,0.0,0.0,0.0,34.03202,-118.52633,86.0,62.02268600463867,0.6223776223776224,0.37762237762237766,0.06179378531073446,0.11131656804733728,0.42366863905325447,0.5763313609467455,0.4483513938838296,0.5527001034956971,0.0,0.0,0.0,83.0,0.0,0.0,0.6,44.2,41.6,373.0,441.0,73.2,5.3,0.0,1360.0,0.17,0.0,0.0,0.0,87.0,87.0,28.0,1.0,147.92933562257966,-57.929335622579664,339.2198790088385,0.0,0.0,0.0,0.0,0.0,0.0,0.06179378531073446,50.0,25.333333333333332,50.0,99.61,0.17,0.2088549,0.19508184,281.83255,0.16226637,0.2,0.0,0.0,0.0,0.0,0.0,32.238461538461536,48.40769230769231,37.87692307692308,37.87692307692308,False,50.0,64.9,4.8,0.0,,100.0,False,50.0,0.0,0.0,0.0,0.0,2026-10-02T00:00,interpolated_hourly,2,NNW,sun below horizon — no direct-sun posture,,,,not specified,Environmental scores are skin-type independent.,not personalized
2026-10-02 00:30:00,0.0,0.0,0.0,34.03202,-118.52633,86.0,62.02268600463867,0.6346153846153846,0.3653846153846154,0.057379943502824854,0.10336538461538461,0.4260355029585799,0.57396449704142,0.44913455267647434,0.5517623214226641,0.0,0.0,0.0,84.5,0.5,0.0,0.6,44.2,41.6,373.0,441.0,73.2,5.3,0.0,1360.0,0.17,0.0,0.0,0.0,87.0,87.0,28.0,1.0,148.63766369464588,-58.63766369464588,173.65495485908687,0.0,0.0,0.0,0.0,0.0,0.0,0.057379943502824854,39.0,25.11111111111111,51.0,99.59,0.17,0.2088549,0.19508184,281.83255,0.16226637,0.2,0.0,0.0,0.0,0.0,0.0,32.25,49.6,38.3,38.3,False,51.0,64.85,4.1,0.0,,100.0,False,50.0,0.0,0.0,0.0,0.0,2026-10-02T00:30,interpolated_hourly,2,S,sun below horizon — no direct-sun posture,,,,not specified,Environmental scores are skin-type independent.,not personalized
2026-10-02 01:00:00,0.0,0.0,0.0,34.03202,-118.52633,86.0,62.02268600463867,0.6468531468531469,0.3531468531468532,0.05296610169491525,0.09541420118343194,0.42840236686390537,0.5715976331360947,0.4499177114691191,0.5508245393496312,0.0,0.0,0.0,86.0,1.0,0.0,0.6,44.2,41.6,373.0,441.0,73.2,5.3,0.0,1360.0,0.17,0.0,0.0,0.0,87.0,87.0,28.0,1.0,149.34599176671207,-59.34599176671209,8.090030709335224,0.0,0.0,0.0,0.0,0.0,0.0,0.05296610169491525,28.0,24.88888888888889,52.0,99.57000000000001,0.17,0.2088549,0.19508184,281.83255,0.16226637,0.2,0.0,0.0,0.0,0.0,0.0,32.261538461538464,50.79230769230769,38.72307692307692,38.72307692307692,False,52.0,64.8,3.4,0.0,,100.0,False,50.0,0.0,0.0,0.0,0.0,2026-10-02T01:00,interpolated_hourly,1,N,sun below horizon — no direct-sun posture,,,,not specified,Environmental scores are skin-type independent.,not personalized
2026-10-02 01:30:00,0.0,0.0,0.0,34.03202,-118.52633,86.0,62.02268600463867,0.6590909090909091,0.34090909090909094,0.04855225988700565,0.08746301775147929,0.4307692307692308,0.5692307692307692,0.45070087026176375,0.5498867572765982,0.0,0.0,0.0,85.0,1.0,0.0,0.6,44.2,41.6,373.0,441.0,73.2,5.3,0.0,1360.0,0.17,0.0,0.0,0.0,87.0,87.0,28.0,1.0,147.06070374394164,-57.06070374394163,21.312200352430125,0.0,0.0,0.0,0.0,0.0,0.0,0.04855225988700565,24.5,24.75,53.0,99.56,0.17,0.2088549,0.19508184,281.83255,0.16226637,0.2,0.0,0.0,0.0,0.0,0.0,32.27307692307692,51.98461538461538,39.146153846153844,39.146153846153844,False,53.0,64.85,3.0,0.0,,100.0,False,50.0,0.0,0.0,0.0,0.0,2026-10-02T01:30,interpolated_hourly,1,NNE,sun below horizon — no direct-sun posture,,,,not specified,Environmental scores are skin-type independent.,not personalized
2026-10-02 02:00:00,0.0,0.0,0.0,34.03202,-118.52633,86.0,62.02268600463867,0.6713286713286712,0.3286713286713287,0.04413841807909604,0.07951183431952663,0.4331360946745562,0.5668639053254437,0.4514840290544085,0.5489489752035652,0.0,0.0,0.0,84.0,1.0,0.0,0.6,44.2,41.6,373.0,441.0,73.2,5.3,0.0,1360.0,0.17,0.0,0.0,0.0,87.0,87.0,28.0,1.0,144.77541572117119,-54.77541572117118,34.534369995525026,0.0,0.0,0.0,0.0,0.0,0.0,0.04413841807909604,21.0,24.61111111111111,54.0,99.55,0.17,0.2088549,0.19508184,281.83255,0.16226637,0.2,0.0,0.0,0.0,0.0,0.0,32.284615384615385,53.176923076923075,39.569230769230764,39.569230769230764,False,54.0,64.9,2.6,0.0,,100.0,False,50.0,0.0,0.0,0.0,0.0,2026-10-02T02:00,interpolated_hourly,1,NE,sun below horizon — no direct-sun posture,,,,not specified,Environmental scores are skin-type independent.,not personalized
2026-10-02 02:30:00,0.0,0.0,0.0,34.03202,-118.52633,86.0,62.02268600463867,0.6835664335664335,0.31643356643356646,0.039724576271186446,0.07156065088757396,0.4355029585798817,0.5644970414201184,0.4522671878470532,0.5480111931305321,0.0,0.0,0.0,81.5,1.0,0.0,0.6,44.2,41.6,373.0,441.0,73.2,5.3,0.0,1360.0,0.17,0.0,0.0,0.0,87.0,87.0,28.0,1.0,140.4260775304797,-50.426077530479674,44.17576938545437,0.0,0.0,0.0,0.0,0.0,0.0,0.039724576271186446,31.0,24.5,54.5,99.54499999999999,0.17,0.2088549,0.19508184,281.83255,0.16226637,0.2,0.0,0.0,0.0,0.0,0.0,32.29615384615384,54.36923076923077,39.99230769230769,39.99230769230769,False,54.5,64.85,2.6500000000000004,0.0,,100.0,False,50.0,0.0,0.0,0.0,0.0,2026-10-02T02:30,interpolated_hourly,1,NE,sun below horizon — no direct-sun posture,,,,not specified,Environmental scores are skin-type independent.,not personalized
2026-10-02 03:00:00,0.0,0.0,0.0,34.03202,-118.52633,86.0,62.02268600463867,0.6958041958041957,0.3041958041958043,0.03531073446327683,0.0636094674556213,0.4378698224852071,0.5621301775147929,0.4530503466396979,0.5470734110574992,0.0,0.0,0.0,79.0,1.0,0.0,0.6,44.2,41.6,373.0,441.0,73.2,5.3,0.0,1360.0,0.17,0.0,0.0,0.0,87.0,87.0,28.0,1.0,136.07673933978816,-46.07673933978816,53.81716877538372,0.0,0.0,0.0,0.0,0.0,0.0,0.03531073446327683,41.0,24.388888888888893,55.0,99.53999999999999,0.17,0.2088549,0.19508184,281.83255,0.16226637,0.2,0.0,0.0,0.0,0.0,0.0,32.30769230769231,55.56153846153846,40.41538461538461,40.41538461538461,False,55.0,64.8,2.7,0.0,,100.0,False,50.0,0.0,0.0,0.0,0.0,2026-10-02T03:00,interpolated_hourly,1,NE,sun below horizon — no direct-sun posture,,,,not specified,Environmental scores are skin-type independent.,not personalized
2026-10-02 03:30:00,0.0,0.0,0.0,34.03202,-118.52633,86.0,62.02268600463867,0.708041958041958,0.291958041958042,0.030896892655367228,0.055658284023668625,0.4402366863905326,0.5597633136094674,0.45383350543234263,0.5461356289844662,0.0,0.0,0.0,75.5,0.5,0.0,0.6,44.2,41.6,373.0,441.0,73.2,5.3,0.0,1360.0,0.17,0.0,0.0,0.0,87.0,87.0,28.0,1.0,130.65747932499022,-40.65747932499022,60.66486394683176,0.0,0.0,0.0,0.0,0.0,0.0,0.030896892655367228,58.0,24.333333333333336,54.5,99.535,0.17,0.2088549,0.19508184,281.83255,0.16226637,0.2,0.0,0.0,0.0,0.0,0.0,32.31923076923077,56.753846153846155,40.83846153846154,40.83846153846154,False,54.5,64.6,3.0,0.0,,100.0,False,50.0,0.0,0.0,0.0,0.0,2026-10-02T03:30,interpolated_hourly,1,ENE,sun below horizon — no direct-sun posture,,,,not specified,Environmental scores are skin-type independent.,not personalized
2026-10-02 04:00:00,0.0,0.0,0.0,34.03202,-118.52633,86.0,62.02268600463867,0.7202797202797202,0.2797202797202798,0.026483050847457626,0.047707100591715984,0.442603550295858,0.557396449704142,0.45461666422498737,0.5451978469114332,0.0,0.0,0.0,72.0,0.0,0.0,0.6,44.2,41.6,373.0,441.0,73.2,5.3,0.0,1360.0,0.17,0.0,0.0,0.0,87.0,87.0,28.0,1.0,125.23821931019228,-35.23821931019227,67.5125591182798,0.0,0.0,0.0,0.0,0.0,0.0,0.026483050847457626,75.0,24.277777777777782,54.0,99.53,0.17,0.2088549,0.19508184,281.83255,0.16226637,0.2,0.0,0.0,0.0,0.0,0.0,32.33076923076923,57.94615384615385,41.26153846153846,41.26153846153846,False,54.0,64.4,3.3,0.0,,100.0,False,50.0,0.0,0.0,0.0,0.0,2026-10-02T04:00,interpolated_hourly,2,ENE,sun below horizon — no direct-sun posture,,,,not specified,Environmental scores are skin-type independent.,not personalized
2026-10-02 04:30:00,0.0,0.0,0.0,34.03202,-118.52633,86.0,62.02268600463867,0.7325174825174825,0.2674825174825175,0.022069209039548024,0.039755917159763315,0.44497041420118344,0.5550295857988166,0.45539982301763204,0.5442600648384002,0.0,0.0,0.0,70.0,0.0,0.0,0.6,44.2,41.6,373.0,441.0,73.2,5.3,0.0,1360.0,0.17,0.0,0.0,0.0,87.0,87.0,28.0,1.0,119.30827758949081,-29.308277589490814,72.77226471748281,0.0,0.0,0.0,0.0,0.0,0.0,0.022069209039548024,87.5,24.277777777777782,54.0,99.53,0.17,0.2088549,0.19508184,281.83255,0.16226637,0.2,0.0,0.0,0.0,0.0,0.0,32.34230769230769,59.138461538461534,41.684615384615384,41.684615384615384,False,54.0,64.4,3.4,0.0,,100.0,False,50.0,0.0,0.0,0.0,0.0,2026-10-02T04:30,interpolated_hourly,2,ENE,sun below horizon — no direct-sun posture,,,,not specified,Environmental scores are skin-type independent.,not personalized
2026-10-02 05:00:00,0.0,0.0,0.0,34.03202,-118.52633,86.0,62.02268600463867,0.7447552447552447,0.2552447552447553,0.017655367231638422,0.03180473372781065,0.4473372781065089,0.5526627218934911,0.4561829818102768,0.5433222827653672,0.0,0.0,0.0,68.0,0.0,0.0,0.6,44.2,41.6,373.0,441.0,73.2,5.3,0.0,1360.0,0.17,0.0,0.0,0.0,87.0,87.0,28.0,1.0,113.37833586878936,-23.37833586878936,78.03197031668583,0.0,0.0,0.0,0.0,0.0,0.0,0.017655367231638422,100.0,24.277777777777782,54.0,99.53,0.17,0.2088549,0.19508184,281.83255,0.16226637,0.2,0.0,0.0,0.0,0.0,0.0,32.353846153846156,60.33076923076923,42.107692307692304,42.107692307692304,False,54.0,64.4,3.5,0.0,,100.0,False,50.0,0.0,0.0,0.0,0.0,2026-10-02T05:00,interpolated_hourly,3,ENE,sun below horizon — no direct-sun posture,,,,not specified,Environmental scores are skin-type independent.,not personalized
2026-10-02 05:30:00,0.0,0.0,0.0,34.03202,-118.52633,86.0,62.02268600463867,0.7569930069930069,0.24300699300699308,0.01324152542372882,0.023853550295857978,0.44970414201183434,0.5502958579881656,0.4569661406029215,0.5423845006923342,0.0,0.0,0.0,69.5,0.0,0.0,0.6,44.2,41.6,373.0,441.0,73.2,5.3,0.0,1360.0,0.17,0.0,0.0,0.0,87.0,87.0,28.0,1.0,107.22494956427724,-17.22494956427724,82.50674051404312,0.0,0.0,0.0,0.0,0.0,0.0,0.01324152542372882,100.0,24.250000000000004,54.0,99.535,0.17,0.2088549,0.19508184,281.83255,0.16226637,0.2,0.0,0.0,0.0,0.0,0.0,32.36538461538461,61.52307692307692,42.530769230769224,42.530769230769224,False,54.0,64.35,3.15,0.0,,100.0,False,50.0,0.0,0.0,0.0,0.0,2026-10-02T05:30,interpolated_hourly,3,E,sun below horizon — no direct-sun posture,,,,not specified,Environmental scores are skin-type independent.,not personalized
2026-10-02 06:00:00,0.0,0.0,0.0,34.03202,-118.52633,86.0,62.02268600463867,0.7692307692307692,0.23076923076923084,0.008827683615819204,0.015902366863905337,0.45207100591715976,0.5479289940828402,0.4577492993955662,0.5414467186193013,0.0,0.0,0.0,71.0,0.0,0.0,0.6,44.2,41.6,373.0,441.0,73.2,5.3,0.0,1360.0,0.17,0.0,0.0,0.0,87.0,87.0,28.0,1.0,101.07156325976511,-11.071563259765114,86.9815107114004,0.0,0.0,0.0,0.0,0.0,0.0,0.008827683615819204,100.0,24.22222222222222,54.0,99.53999999999999,0.17,0.2088549,0.19508184,281.83255,0.16226637,0.2,0.0,0.0,0.0,0.0,0.0,32.37692307692308,62.71538461538461,42.95384615384615,42.95384615384615,False,54.0,64.3,2.8,0.0,,100.0,False,50.0,0.0,0.0,0.0,0.0,2026-10-02T06:00,interpolated_hourly,3,E,sun below horizon — no direct-sun posture,,,,not specified,Environmental scores are skin-type independent.,not personalized
2026-10-02 06:30:00,0.0,0.8499999999999999,16.0,34.03202,-118.52633,86.0,62.02268600463867,0.7814685314685315,0.2185314685314686,0.004413841807909602,0.007951183431952669,0.45443786982248524,0.5455621301775148,0.4585324581882109,0.5405089365462683,0.0,0.0,0.0,74.5,0.0,0.0,0.675,44.2,41.6,373.0,441.0,73.2,5.3,0.0,1360.0,0.17,0.0,0.0,0.0,87.0,87.0,28.0,1.0,94.70335060383375,-4.7033506038337585,91.19294846721252,0.5457046042714786,1.546611736579809,0.50077052912653,0.0,0.0,0.0,0.004413841807909602,100.0,24.27777777777778,54.0,99.55,0.17,0.2088549,0.19508184,281.83255,0.16226637,0.2,0.0,0.0,0.0,0.0,0.0,32.388461538461534,63.9076923076923,43.37692307692308,43.37692307692308,False,54.0,64.4,2.4,0.0,,100.0,False,50.0,0.0,0.0,0.0,0.0,2026-10-02T06:30,interpolated_hourly,3,E,sun below horizon — no direct-sun posture,,,,not specified,Environmental scores are skin-type independent.,not personalized
2026-10-02 07:00:00,1.0,1.7,32.0,34.03202,-118.52633,86.0,62.02268600463867,0.7937062937062936,0.20629370629370636,0.0,0.0,0.45680473372781066,0.5431952662721893,0.45931561698085566,0.5395711544732352,0.0,0.0,0.0,78.0,0.0,0.0,0.75,44.2,41.6,373.0,441.0,73.2,5.3,0.0,1360.0,0.17,0.0,0.0,0.0,87.0,87.0,28.0,1.0,88.3351379479024,1.6648620520975976,95.40438622302463,1.0914092085429572,3.093223473159618,1.00154105825306,0.0,0.0,0.0,0.0,100.0,24.333333333333332,54.0,99.56,0.17,0.2088549,0.19508184,281.83255,0.16226637,0.2,0.25,0.0,0.1,0.0,0.0,32.4,65.1,43.8,43.8,False,54.0,64.5,2.0,0.0,88.3,100.0,False,50.0,0.5,0.5,0.0,0.0,2026-10-02T07:00,interpolated_hourly,3,E,"sun low 2° (E) — face E, lift torso ~88° toward the sun if comfortable",,,,not specified,Environmental scores are skin-type independent.,not personalized
2026-10-02 07:30:00,1.0,89.60000000000001,176.3,34.03202,-118.52633,86.0,62.02268600463867,0.8059440559440558,0.19405594405594412,0.10985915492957748,0.10963817841547098,0.4591715976331361,0.5408284023668639,0.46009877577350033,0.5386333724002023,0.32387361111111107,0.0,0.05000000000000426,80.0,0.0,17.55,0.875,44.2,41.6,373.0,441.0,73.2,5.3,0.0,1360.0,0.17,0.0,0.0,0.0,87.0,87.0,28.0,1.0,82.34855382171575,7.651446178284245,99.76522856252893,71.96970567273587,180.03861762881377,29.838640540728836,19.5,64.2,10.5,0.10985915492957748,100.0,24.5,53.0,99.57,0.17,0.2088549,0.19508184,281.83255,0.16226637,0.2,1.44655,0.016565868525374696,1.4669192050745303,8.35,20.3,36.15,48.05,40.3,40.3,False,53.0,64.5,1.8,0.0,82.3,100.0,False,50.0,4.1,4.1,0.188248505970167,19.53784517584046,2026-10-02T07:30,interpolated_hourly,3,E,"sun low 8° (E) — face E, lift torso ~82° toward the sun if comfortable",,,,not specified,Environmental scores are skin-type independent.,not personalized
2026-10-02 08:00:00,1.0,177.5,320.6,34.03202,-118.52633,86.0,62.02268600463867,0.8181818181818181,0.18181818181818188,0.21971830985915494,0.21927635683094196,0.46153846153846156,0.5384615384615384,0.46088193456614507,0.5376955903271693,0.6477472222222221,0.0,0.10000000000000853,82.0,0.0,35.1,1.0,44.2,41.6,373.0,441.0,73.2,5.3,0.0,1360.0,0.17,0.0,0.0,0.0,87.0,87.0,28.0,1.0,76.36196969552911,13.638030304470892,104.12607090203323,142.84800213692878,356.98401178446795,58.67574002320461,39.0,128.4,21.0,0.21971830985915494,100.0,24.66666666666667,52.0,99.58,0.17,0.2088549,0.19508184,281.83255,0.16226637,0.2,3.883,0.0396,3.8,16.7,40.6,39.9,31.0,36.8,36.8,False,52.0,64.5,1.6,0.0,76.4,100.0,False,50.0,8.5,8.5,0.45,70.3,2026-10-02T08:00,interpolated_hourly,3,ESE,"sun low 14° (ESE) — face ESE, lift torso ~76° toward the sun if comfortable",,,,not specified,Environmental scores are skin-type independent.,not personalized
2026-10-02 08:30:00,1.0,316.3,452.3,34.03202,-118.52633,86.0,62.02268600463867,0.8847006651884701,0.11529933481152993,0.39221468118754277,0.39182995923738884,0.6101466626758456,0.38985333732415445,0.6098402391277327,0.38944852331892443,0.8238736111111111,0.0,0.05000000000000426,82.5,0.0,52.55,1.0,44.2,41.6,373.0,441.0,73.2,5.3,0.0,1360.0,0.17,0.0,0.0,0.0,87.0,87.0,28.0,1.0,70.50996540963258,19.49003459036742,109.06752572629063,246.1942322050869,475.71315477903545,76.89118137091398,148.0,356.25000000000006,41.5,0.39221468118754277,88.5,25.16666666666667,50.0,99.595,0.17,0.2088549,0.19508184,281.83255,0.16226637,0.2,8.181531997914268,0.11200171148590429,8.532043669766152,26.5,44.45,50.099999999999994,40.05,46.599999999999994,46.599999999999994,False,50.0,64.7,1.95,0.0,70.5,100.0,False,50.0,15.4,15.4,1.135152481276057,178.92347402197942,2026-10-02T08:30,interpolated_hourly,3,ESE,"sun low 19° (ESE) — face ESE, lift torso ~70° toward the sun if comfortable",,,,not specified,Environmental scores are skin-type independent.,not personalized
2026-10-02 09:00:00,1.0,455.1,584.0,34.03202,-118.52633,86.0,62.02268600463867,0.951219512195122,0.04878048780487798,0.5647110525159306,0.5643835616438356,0.7587548638132295,0.24124513618677043,0.7587985436893203,0.2412014563106796,1.0,0.0,0.0,83.0,0.0,70.0,1.0,44.2,41.6,373.0,441.0,73.2,5.3,0.0,1360.0,0.17,0.0,0.0,0.0,87.0,87.0,28.0,1.0,64.65796112373606,25.342038876263945,114.00898055054802,349.540462273245,594.442297773603,95.10662271862336,257.0,584.1,62.0,0.5647110525159306,77.0,25.666666666666668,48.0,99.61,0.17,0.2088549,0.19508184,281.83255,0.16226637,0.2,14.403,0.1972,14.9,36.3,48.3,60.3,49.1,56.4,56.4,False,48.0,64.9,2.3,0.0,64.7,100.0,False,50.0,23.4,23.4,1.95,329.6,2026-10-02T09:00,interpolated_hourly,2,ESE,"sun low 25° (ESE) — face ESE, lift torso ~65° toward the sun if comfortable",,,,not specified,Environmental scores are skin-type independent.,not personalized
2026-10-02 09:30:00,1.0,576.7,694.0500000000001,34.03202,-118.52633,86.0,62.02268600463867,0.9684668989547038,0.03153310104529611,0.6145909551567195,0.6143643961682678,0.778084328458339,0.22191567154166109,0.7781263403583254,0.2218736596416745,1.0,0.0,0.0,83.0,0.0,76.15,1.0,44.2,41.6,373.0,441.0,73.2,5.3,0.0,1360.0,0.17,0.0,0.0,0.0,87.0,87.0,28.0,1.0,59.28756143064558,30.712438569354426,120.08664791370245,441.1240685615567,651.1061436552925,105.48505422005626,360.5,653.55,78.0,0.6145909551567195,61.0,26.361111111111114,45.5,99.625,0.17,0.2088549,0.19508184,281.83255,0.16226637,0.2,20.927086954183032,0.4003792435582318,21.12716980479205,45.25,46.25,61.95,55.3,59.65,59.65,False,45.5,65.15,2.9,0.0,59.3,100.0,False,50.0,29.9,29.9,2.695148236368053,430.34918964464475,2026-10-02T09:30,interpolated_hourly,2,ESE,"sun 31° up (ESE) — lay flat, or lift torso ~59° toward ESE to face it",,,,not specified,Environmental scores are skin-type independent.,not personalized
2026-10-02 10:00:00,1.0,698.3,804.1,34.03202,-118.52633,86.0,62.02268600463867,0.9857142857142858,0.014285714285714235,0.6644708577975083,0.6643452306926999,0.7974137931034483,0.2025862068965517,0.7974541370273305,0.2025458629726694,1.0,0.0,0.0,83.0,0.0,82.3,1.0,44.2,41.6,373.0,441.0,73.2,5.3,0.0,1360.0,0.17,0.0,0.0,0.0,87.0,87.0,28.0,1.0,53.9171617375551,36.0828382624449,126.16431527685688,532.7076748498685,707.769989536982,115.86348572148916,464.0,723.0,94.0,0.6644708577975083,45.0,27.055555555555557,43.0,99.64,0.17,0.2088549,0.19508184,281.83255,0.16226637,0.2,27.602,0.605,27.5,54.2,44.2,63.6,61.5,62.9,62.9,False,43.0,65.4,3.5,0.0,53.9,100.0,False,50.0,36.1,36.1,3.45,534.2,2026-10-02T10:00,interpolated_hourly,1,SE,"sun 36° up (SE) — lay flat, or lift torso ~54° toward SE to face it",,,,not specified,Environmental scores are skin-type independent.,not personalized
2026-10-02 10:30:00,1.0,794.3499999999999,885.05,34.03202,-118.52633,86.0,62.02268600463867,0.9825478645066275,0.017452135493372545,0.6871321045501468,0.6870380397769917,0.8108904408555215,0.18910955914447838,0.8109207674634903,0.18907923253650974,1.0,0.0,0.0,82.5,0.0,86.3,1.0,44.2,41.6,373.0,441.0,73.2,5.3,0.0,1360.0,0.17,0.0,0.0,0.0,87.0,87.0,28.0,1.0,49.44870554655253,40.55129445344747,134.09924087721703,601.21196267626,736.4977214896096,122.14856891452649,548.0,760.9,102.5,0.6871321045501468,32.5,27.52777777777778,41.0,99.64,0.17,0.2088549,0.19508184,281.83255,0.16226637,0.2,33.36685081073851,0.7869840178370211,33.06503191110173,62.35,41.45,69.7,63.2,67.45,67.45,False,41.0,65.45,3.9,0.0,49.4,100.0,False,50.0,41.4,41.4,4.1124579061072986,613.6120099342506,2026-10-02T10:30,interpolated_hourly,1,SE,"sun 41° up (SE) — lay flat, or lift torso ~49° toward SE to face it",,,,not specified,Environmental scores are skin-type independent.,not personalized
2026-10-02 11:00:00,1.0,890.4,966.0,34.03202,-118.52633,86.0,62.02268600463867,0.9793814432989691,0.020618556701030855,0.7097933513027853,0.7097308488612837,0.8243670886075949,0.17563291139240506,0.82438739789965,0.17561260210035007,1.0,0.0,0.0,82.0,0.0,90.3,1.0,44.2,41.6,373.0,441.0,73.2,5.3,0.0,1360.0,0.17,0.0,0.0,0.0,87.0,87.0,28.0,1.0,44.98024935554997,45.01975064445003,142.03416647757717,669.7162505026515,765.2254534422373,128.43365210756383,632.0,798.8,111.0,0.7097933513027853,20.0,28.000000000000004,39.0,99.64,0.17,0.2088549,0.19508184,281.83255,0.16226637,0.2,38.728,0.9642,38.3,70.5,38.7,75.8,64.9,72.0,72.0,False,39.0,65.5,4.3,0.0,45.0,100.0,False,50.0,46.2,46.2,4.75,685.6,2026-10-02T11:00,interpolated_hourly,1,SE,"sun 45° up (SE) — lay flat, or lift torso ~45° toward SE to face it",,,,not specified,Environmental scores are skin-type independent.,not personalized
2026-10-02 11:30:00,1.0,954.3499999999999,1012.25,34.03202,-118.52633,86.0,62.02268600463867,0.977495599698265,0.02250440030173495,0.7084270694449701,0.7083845552761779,0.8378779887482419,0.16212201125175807,0.8378350672020966,0.1620981236049586,1.0,0.0,0.049999999999954525,80.5,0.0,93.5,1.0,44.2,41.6,373.0,441.0,73.2,5.3,0.0,1360.0,0.17,0.0,0.0,0.0,87.0,87.0,28.0,1.0,42.084539884057406,47.915460115942594,152.3808200456881,709.1464414180632,778.4487665574668,131.705418943172,676.0,810.45,109.0,0.7084270694449701,14.0,28.083333333333336,39.0,99.625,0.17,0.2088549,0.19508184,281.83255,0.16226637,0.2,41.684159976063725,1.090306916811665,42.18711973408745,77.05,42.900000000000006,83.25,64.1,76.55,76.55,False,39.0,65.65,4.65,0.0,42.1,100.0,False,50.0,50.6,50.6,5.3995482359263836,723.5641965534716,2026-10-02T11:30,interpolated_hourly,1,SSE,"sun 48° up (SSE) — lay flat, or lift torso ~42° toward SSE to face it",,,,not specified,Environmental scores are skin-type independent.,not personalized
2026-10-02 12:00:00,1.0,1018.3,1058.5,34.03202,-118.52633,86.0,62.02268600463867,0.975609756097561,0.024390243902439046,0.7070607875871551,0.7070382616910722,0.8513888888888889,0.1486111111111111,0.8512827365045431,0.1485836451095671,1.0,0.0,0.09999999999990905,79.0,0.0,96.7,1.0,44.2,41.6,373.0,441.0,73.2,5.3,0.0,1360.0,0.17,0.0,0.0,0.0,87.0,87.0,28.0,1.0,39.18883041256483,50.81116958743517,162.72747361379902,748.5766323334749,791.6720796726962,134.97718577878015,720.0,822.1,107.0,0.7070607875871551,8.0,28.166666666666668,39.0,99.61,0.17,0.2088549,0.19508184,281.83255,0.16226637,0.2,43.884,1.2065,45.5,83.6,47.1,90.7,63.3,81.1,81.1,False,39.0,65.8,5.0,0.0,39.2,100.0,False,50.0,54.5,54.5,6.0,748.4,2026-10-02T12:00,interpolated_hourly,0,SSE,"sun 51° up (SSE) — lay flat, or lift torso ~39° toward SSE to face it",,,,not specified,Environmental scores are skin-type independent.,not personalized
2026-10-02 12:30:00,1.0,1045.8,1066.95,34.03202,-118.52633,86.0,62.02268600463867,0.9725377024762614,0.027462297523738632,0.7113054799763783,0.7112464881079501,0.8566840277777777,0.14331597222222223,0.8566265515119544,0.14330663929510068,1.0,0.0,0.04999999999989768,76.5,0.0,96.75,1.0,44.2,41.6,373.0,441.0,73.2,5.3,0.0,1360.0,0.17,0.0,0.0,0.0,87.0,87.0,28.0,1.0,38.61999453600186,51.38000546399814,174.7369738163164,755.8077545940253,793.8903179310438,135.55592153467762,744.0,832.3,106.5,0.7113054799763783,5.5,28.083333333333336,39.5,99.57499999999999,0.17,0.2088549,0.19508184,281.83255,0.16226637,0.2,45.75047573388392,1.237931933331252,47.227110533991365,86.05,52.25,91.2,64.55,81.85,81.85,False,39.5,65.85,5.8,0.0,38.6,100.0,False,50.0,56.7,56.7,6.202718020383383,765.7283130494459,2026-10-02T12:30,interpolated_hourly,0,S,"sun 51° up (S) — lay flat, or lift torso ~39° toward S to face it",,,,not specified,Environmental scores are skin-type independent.,not personalized
2026-10-02 13:00:00,1.0,1073.3,1075.4,34.03202,-118.52633,86.0,62.02268600463867,0.9694656488549618,0.03053435114503822,0.7155501723656015,0.7154547145248279,0.8619791666666666,0.13802083333333334,0.8619703665193659,0.13802963348063427,1.0,0.0,-1.1368683772161603e-13,74.0,0.0,96.8,1.0,44.2,41.6,373.0,441.0,73.2,5.3,0.0,1360.0,0.17,0.0,0.0,0.0,87.0,87.0,28.0,1.0,38.05115865943889,51.94884134056111,186.7464740188338,763.0388768545755,796.1085561893914,136.1346572905751,768.0,842.5,106.0,0.7155501723656015,3.0,28.000000000000004,40.0,99.53999999999999,0.17,0.2088549,0.19508184,281.83255,0.16226637,0.2,46.801,1.2583,48.3,88.5,57.4,91.7,65.8,82.6,82.6,False,40.0,65.9,6.6,0.0,38.1,100.0,False,50.0,58.3,58.3,6.35,769.4,2026-10-02T13:00,interpolated_hourly,0,S,"sun 52° up (S) — lay flat, or lift torso ~38° toward S to face it",,,,not specified,Environmental scores are skin-type independent.,not personalized
2026-10-02 13:30:00,1.0,1062.5,1045.45,34.03202,-118.52633,86.0,62.02268600463867,0.9766683082984486,0.023331691701551416,0.716717750440669,0.7166638417528128,0.8647644177704195,0.1352355822295806,0.8647300392267612,0.13526996077323894,1.0,0.0,-5.684341886080802e-14,72.5,0.0,96.69999999999999,1.0,44.2,41.6,373.0,441.0,73.2,5.3,0.0,1360.0,0.17,0.0,0.0,0.0,87.0,87.0,28.0,1.0,40.002948537634275,49.997051462365725,198.0385534023364,737.509336283314,788.0024328152272,134.0632413038757,761.5,846.75,103.0,0.716717750440669,1.5,27.833333333333336,40.5,99.50999999999999,0.17,0.2088549,0.19508184,281.83255,0.16226637,0.2,46.44395837836449,1.2182070052778702,47.79782881460355,87.05,62.349999999999994,91.75,67.15,83.1,83.1,False,40.5,65.85,7.25,0.0,40.0,100.0,False,50.0,58.3,58.3,6.253268415811612,756.0198504523775,2026-10-02T13:30,interpolated_hourly,0,SSW,"sun 50° up (SSW) — lay flat, or lift torso ~40° toward SSW to face it",,,,not specified,Environmental scores are skin-type independent.,not personalized
2026-10-02 14:00:00,1.0,1051.7,1015.5,34.03202,-118.52633,86.0,62.02268600463867,0.9838709677419354,0.016129032258064613,0.7178853285157364,0.7178729689807977,0.8675496688741722,0.13245033112582782,0.8674897119341564,0.1325102880658436,1.0,0.0,0.0,71.0,0.0,96.6,1.0,44.2,41.6,373.0,441.0,73.2,5.3,0.0,1360.0,0.17,0.0,0.0,0.0,87.0,87.0,28.0,1.0,41.95473841582966,48.04526158417034,209.33063278583901,711.9797957120527,779.8963094410631,131.99182531717634,755.0,851.0,100.0,0.7178853285157364,0.0,27.666666666666668,41.0,99.47999999999999,0.17,0.2088549,0.19508184,281.83255,0.16226637,0.2,45.249,1.1671,46.6,85.6,67.3,91.8,68.5,83.6,83.6,False,41.0,65.8,7.9,0.0,42.0,100.0,False,50.0,57.8,57.8,6.1,729.0,2026-10-02T14:00,interpolated_hourly,0,SSW,"sun 48° up (SSW) — lay flat, or lift torso ~42° toward SSW to face it",,,,not specified,Environmental scores are skin-type independent.,not personalized
2026-10-02 14:30:00,1.0,1003.3,949.2,34.03202,-118.52633,86.0,62.02268600463867,0.987033523086654,0.012966476913346014,0.7207606556705816,0.7206988584851888,0.8773348923242061,0.1226651076757938,0.8773109173321377,0.12268908266786233,1.0,0.0,-5.684341886080802e-14,70.5,0.0,94.3,1.0,44.2,41.6,373.0,441.0,73.2,5.3,0.0,1360.0,0.17,0.0,0.0,0.0,87.0,87.0,28.0,1.0,45.83100694877264,44.16899305122736,218.29687049960012,655.6694766285989,758.8690434613223,127.09696101784425,723.0,864.2,89.0,0.7207606556705816,0.0,27.52777777777778,41.0,99.44999999999999,0.17,0.2088549,0.19508184,281.83255,0.16226637,0.2,42.7015843939961,1.0248702640429703,43.45039357072456,79.25,68.65,78.3,69.5,75.19999999999999,75.19999999999999,False,41.0,65.55,8.05,0.0,45.8,100.0,False,50.0,54.0,54.0,5.60107021080243,690.3111586586439,2026-10-02T14:30,interpolated_hourly,0,SW,"sun 44° up (SW) — lay flat, or lift torso ~46° toward SW to face it",,,,not specified,Environmental scores are skin-type independent.,not personalized
2026-10-02 15:00:00,1.0,954.9,882.9,34.03202,-118.52633,86.0,62.02268600463867,0.9901960784313726,0.009803921568627416,0.7236359828254267,0.7235247479895798,0.8871201157742402,0.11287988422575977,0.8871321227301191,0.11286787726988103,1.0,0.0,-1.1368683772161603e-13,70.0,0.0,92.0,1.0,44.2,41.6,373.0,441.0,73.2,5.3,0.0,1360.0,0.17,0.0,0.0,0.0,87.0,87.0,28.0,1.0,49.70727548171562,40.29272451828438,227.26310821336122,599.3591575451451,737.8417774815816,122.20209671851217,691.0,877.4,78.0,0.7236359828254267,0.0,27.38888888888889,41.0,99.42,0.17,0.2088549,0.19508184,281.83255,0.16226637,0.2,39.361,0.8731,39.7,72.9,70.0,64.8,70.5,66.8,66.8,False,41.0,65.3,8.2,0.0,49.7,100.0,False,50.0,49.8,49.8,5.05,638.8,2026-10-02T15:00,interpolated_hourly,0,SW,"sun 40° up (SW) — lay flat, or lift torso ~50° toward SW to face it",,,,not specified,Environmental scores are skin-type independent.,not personalized
2026-10-02 15:30:00,1.0,872.15,784.75,34.03202,-118.52633,86.0,62.02268600463867,0.9950980392156863,0.004901960784313708,0.7139841935915834,0.7137868423897797,0.8788118564482712,0.1211881435517288,0.8788163716670869,0.12118362833291321,1.0,0.0,-8.526512829121202e-14,70.5,0.0,87.8,1.0,44.2,41.6,373.0,441.0,73.2,5.3,0.0,1360.0,0.17,0.0,0.0,0.0,87.0,87.0,28.0,1.0,54.74899568357914,35.25100431642086,234.05755820141007,516.9089954466833,695.828677481725,113.84354672409864,623.5,857.8499999999999,75.0,0.7139841935915834,0.0,27.22222222222222,41.5,99.39,0.17,0.2088549,0.19508184,281.83255,0.16226637,0.2,35.03701185307632,0.6952846797119127,35.21859391712375,65.30000000000001,80.9,60.099999999999994,71.3,64.0,64.0,False,41.5,65.19999999999999,8.1,0.0,54.7,100.0,False,50.0,45.9,45.9,4.466604337690215,565.2950901676718,2026-10-02T15:30,interpolated_hourly,0,SW,"sun 35° up (SW) — lay flat, or lift torso ~55° toward SW to face it",,,,not specified,Environmental scores are skin-type independent.,not personalized
2026-10-02 16:00:00,1.0,789.4,686.6,34.03202,-118.52633,86.0,62.02268600463867,1.0,0.0,0.70433240435774,0.7040489367899796,0.8705035971223022,0.12949640287769784,0.8705006206040546,0.12949937939594539,1.0,0.0,-5.684341886080802e-14,71.0,0.0,83.6,1.0,44.2,41.6,373.0,441.0,73.2,5.3,0.0,1360.0,0.17,0.0,0.0,0.0,87.0,87.0,28.0,1.0,59.79071588544266,30.20928411455734,240.8520081894589,434.4588333482217,653.8155774818684,105.48499672968512,556.0,838.3,72.0,0.70433240435774,0.0,27.055555555555557,42.0,99.36,0.17,0.2088549,0.19508184,281.83255,0.16226637,0.2,30.193,0.5123,30.4,57.7,91.8,55.4,72.1,61.2,61.2,False,42.0,65.1,8.0,0.0,59.8,100.0,False,50.0,41.5,41.5,3.85,483.4,2026-10-02T16:00,interpolated_hourly,0,WSW,"sun 30° up (WSW) — lay flat, or lift torso ~60° toward WSW to face it",,,,not specified,Environmental scores are skin-type independent.,not personalized
2026-10-02 16:30:00,1.0,678.0,563.25,34.03202,-118.52633,86.0,62.02268600463867,1.0,0.0,0.6848524005551495,0.6844863915593453,0.855676201744175,0.14432379825582506,0.8557631308148479,0.14440780935609235,1.0,0.0,-0.05000000000003979,71.5,0.0,78.0,1.0,44.2,41.6,373.0,441.0,73.2,5.3,0.0,1360.0,0.17,0.0,0.0,0.0,87.0,87.0,28.0,1.0,65.47379748385596,24.526202516144046,246.20691087509854,334.2147864286993,569.0218993105062,91.53032383837098,466.5,801.8499999999999,66.0,0.6848524005551495,0.0,26.833333333333336,42.5,99.345,0.17,0.2088549,0.19508184,281.83255,0.16226637,0.2,24.247372104223,0.3387769479381606,24.586951119348438,49.05,95.75,44.45,72.55,54.25,54.25,False,42.5,64.94999999999999,7.7,0.0,65.5,100.0,False,50.0,35.2,35.2,3.1549072756990566,389.15968922030913,2026-10-02T16:30,interpolated_hourly,0,WSW,"sun low 25° (WSW) — face WSW, lift torso ~66° toward the sun if comfortable",,,,not specified,Environmental scores are skin-type independent.,not personalized
2026-10-02 17:00:00,1.0,566.6,439.9,34.03202,-118.52633,86.0,62.02268600463867,1.0,0.0,0.6653723967525591,0.6649238463287112,0.8408488063660478,0.15915119363395225,0.841025641025641,0.1593162393162393,1.0,0.0,-0.10000000000002274,72.0,0.0,72.4,1.0,44.2,41.6,373.0,441.0,73.2,5.3,0.0,1360.0,0.17,0.0,0.0,0.0,87.0,87.0,28.0,1.0,71.15687908226926,18.843120917730747,251.5618135607382,233.97073950917692,484.22822113914407,77.57565094705683,377.0,765.4,60.0,0.6653723967525591,0.0,26.611111111111114,43.0,99.33,0.17,0.2088549,0.19508184,281.83255,0.16226637,0.2,18.151,0.1642,18.7,40.4,99.7,33.5,73.0,47.3,47.3,False,43.0,64.8,7.4,0.0,71.2,100.0,False,50.0,28.5,28.5,2.45,292.5,2026-10-02T17:00,interpolated_hourly,0,WSW,"sun low 19° (WSW) — face WSW, lift torso ~71° toward the sun if comfortable",,,,not specified,Environmental scores are skin-type independent.,not personalized
2026-10-02 17:30:00,1.0,434.15,299.79999999999995,34.03202,-118.52633,86.0,62.02268600463867,1.0,0.0,0.6127657475973601,0.6117355612357395,0.7902468883901245,0.20975311160987553,0.7904679774634932,0.20970296270744698,1.0,0.0,-0.05000000000001137,73.0,0.0,63.900000000000006,1.0,44.2,41.6,373.0,441.0,73.2,5.3,0.0,1360.0,0.17,0.0,0.0,0.0,87.0,87.0,28.0,1.0,77.15336814676236,12.846631853237641,256.109899517315,136.84440508967052,306.32004931530867,50.988830799297624,273.0,666.65,52.0,0.6127657475973601,0.0,26.305555555555557,44.5,99.33500000000001,0.17,0.2088549,0.19508184,281.83255,0.16226637,0.2,12.211036152429784,0.10043382871831819,12.833193795536754,31.4,99.85,33.55,74.85000000000001,48.0,48.0,False,44.5,64.8,6.9,0.0,77.2,100.0,False,50.0,22.0,22.0,1.7239744998239999,185.21567651032976,2026-10-02T17:30,interpolated_hourly,0,WSW,"sun low 13° (WSW) — face WSW, lift torso ~77° toward the sun if comfortable",,,,not specified,Environmental scores are skin-type independent.,not personalized
2026-10-02 18:00:00,1.0,301.7,159.7,34.03202,-118.52633,86.0,62.02268600463867,1.0,0.0,0.5601590984421612,0.5585472761427678,0.7396449704142012,0.2603550295857988,0.7399103139013453,0.2600896860986547,1.0,0.0,0.0,74.0,0.0,55.4,1.0,44.2,41.6,373.0,441.0,73.2,5.3,0.0,1360.0,0.17,0.0,0.0,0.0,87.0,87.0,28.0,1.0,83.14985721125547,6.850142788744534,260.6579854738918,39.7180706701641,128.41187749147332,24.40201065153842,169.0,567.9,44.0,0.5601590984421612,0.0,26.0,46.0,99.34,0.17,0.2088549,0.19508184,281.83255,0.16226637,0.2,7.014,0.0397,7.6,22.4,100.0,33.6,76.7,48.7,48.7,False,46.0,64.8,6.4,0.0,83.1,100.0,False,50.0,15.3,15.3,1.05,89.2,2026-10-02T18:00,interpolated_hourly,0,W,"sun low 7° (W) — face W, lift torso ~83° toward the sun if comfortable",,,,not specified,Environmental scores are skin-type independent.,not personalized
2026-10-02 18:30:00,1.0,172.54999999999998,79.85,34.03202,-118.52633,86.0,62.02268600463867,1.0,0.0,0.4413698718017257,0.5370646885988152,0.7269653423499578,0.27303465765004226,0.7364524822677183,0.26354751773228163,0.7519416666666667,0.0,0.0,76.0,0.0,44.65,1.0,44.2,41.6,373.0,441.0,73.2,5.3,0.0,1360.0,0.17,0.0,0.0,0.0,87.0,87.0,28.0,1.0,89.40322863003051,0.596771369969491,264.87225873342237,19.85903533508205,64.20593874573666,12.20100532576921,91.5,346.75,24.0,0.4413698718017257,0.0,25.666666666666664,47.5,99.355,0.17,0.2088549,0.19508184,281.83255,0.16226637,0.2,2.4549,0.0166077015267014,3.020990546828584,11.399999999999999,51.55,33.611538461538466,76.75,48.723076923076924,48.723076923076924,False,47.5,64.69999999999999,5.9,0.0,89.4,100.0,False,50.0,7.4,7.4,0.4810795152570935,7.084695287328697,2026-10-02T18:30,interpolated_hourly,0,W,"sun low 1° (W) — face W, lift torso ~89° toward the sun if comfortable",,,,not specified,Environmental scores are skin-type independent.,not personalized
2026-10-02 19:00:00,0.0,43.4,0.0,34.03202,-118.52633,86.0,62.02268600463867,1.0,0.0,0.3225806451612903,0.5155821010548626,0.7142857142857143,0.2857142857142857,0.7329946506340914,0.2670053493659086,0.5038833333333333,0.0,0.0,78.0,0.0,33.9,1.0,44.2,41.6,373.0,441.0,73.2,5.3,0.0,1360.0,0.17,0.0,0.0,0.0,87.0,87.0,28.0,1.0,95.65660004880556,-5.656600048805551,269.0865319929529,0.0,0.0,0.0,14.0,125.6,4.0,0.3225806451612903,0.0,25.333333333333332,49.0,99.37,0.17,0.2088549,0.19508184,281.83255,0.16226637,0.2,0.0,0.0,0.0,0.4,3.1,33.62307692307692,76.8,48.746153846153845,48.746153846153845,False,49.0,64.6,5.4,0.0,,100.0,False,50.0,0.0,0.0,0.0,0.0,2026-10-02T19:00,interpolated_hourly,0,W,sun below horizon — no direct-sun posture,,,,not specified,Environmental scores are skin-type independent.,not personalized
2026-10-02 19:30:00,0.0,21.7,0.0,34.03202,-118.52633,86.0,62.02268600463867,1.0,0.0,0.30913978494623656,0.49409951351090997,0.7115384615384616,0.28846153846153844,0.7295368190004644,0.2704631809995356,0.2519416666666667,0.0,0.0,79.5,0.0,16.95,0.8,44.2,41.6,373.0,441.0,73.2,5.3,0.0,1360.0,0.17,0.0,0.0,0.0,87.0,87.0,28.0,1.0,101.86102697292691,-11.86102697292691,273.3724454087319,0.0,0.0,0.0,6.999999999999999,62.8,2.0,0.30913978494623656,0.0,25.0,51.0,99.385,0.17,0.2088549,0.19508184,281.83255,0.16226637,0.2,0.0,0.0,0.0,0.2,2.959090909090909,33.63461538461539,76.85000000000001,48.769230769230774,48.769230769230774,False,51.0,64.65,5.050000000000001,0.0,,100.0,False,50.0,0.0,0.0,0.0,0.0,2026-10-02T19:30,interpolated_hourly,0,W,sun below horizon — no direct-sun posture,,,,not specified,Environmental scores are skin-type independent.,not personalized
2026-10-02 20:00:00,0.0,0.0,0.0,34.03202,-118.52633,86.0,62.02268600463867,1.0,0.0,0.2956989247311828,0.47261692596695737,0.7087912087912088,0.2912087912087912,0.7260789873668375,0.27392101263316254,0.0,0.0,0.0,81.0,0.0,0.0,0.6,44.2,41.6,373.0,441.0,73.2,5.3,0.0,1360.0,0.17,0.0,0.0,0.0,87.0,87.0,28.0,1.0,108.06545389704827,-18.06545389704827,277.65835882451086,0.0,0.0,0.0,0.0,0.0,0.0,0.2956989247311828,0.0,24.66666666666667,53.0,99.4,0.17,0.2088549,0.19508184,281.83255,0.16226637,0.2,0.0,0.0,0.0,0.0,2.8181818181818183,33.646153846153844,76.9,48.792307692307695,48.792307692307695,False,53.0,64.7,4.7,0.0,,100.0,False,50.0,0.0,0.0,0.0,0.0,2026-10-02T20:00,interpolated_hourly,0,W,sun below horizon — no direct-sun posture,,,,not specified,Environmental scores are skin-type independent.,not personalized
2026-10-02 20:30:00,0.0,0.0,0.0,34.03202,-118.52633,86.0,62.02268600463867,1.0,0.0,0.282258064516129,0.45113433842300477,0.7060439560439561,0.29395604395604397,0.7226211557332105,0.2773788442667895,0.0,0.0,0.0,83.5,0.0,0.0,0.6,44.2,41.6,373.0,441.0,73.2,5.3,0.0,1360.0,0.17,0.0,0.0,0.0,87.0,87.0,28.0,1.0,114.13562182657188,-24.135621826571885,282.4701224501716,0.0,0.0,0.0,0.0,0.0,0.0,0.282258064516129,0.0,24.388888888888893,54.5,99.41,0.17,0.2088549,0.19508184,281.83255,0.16226637,0.2,0.0,0.0,0.0,0.0,2.6772727272727272,33.65769230769231,76.95,48.815384615384616,48.815384615384616,False,54.5,64.65,4.6,0.0,,100.0,False,50.0,0.0,0.0,0.0,0.0,2026-10-02T20:30,interpolated_hourly,0,WNW,sun below horizon — no direct-sun posture,,,,not specified,Environmental scores are skin-type independent.,not personalized
2026-10-02 21:00:00,0.0,0.0,0.0,34.03202,-118.52633,86.0,62.02268600463867,1.0,0.0,0.26881720430107525,0.42965175087905216,0.7032967032967034,0.2967032967032967,0.7191633240995836,0.28083667590041644,0.0,0.0,0.0,86.0,0.0,0.0,0.6,44.2,41.6,373.0,441.0,73.2,5.3,0.0,1360.0,0.17,0.0,0.0,0.0,87.0,87.0,28.0,1.0,120.2057897560955,-30.2057897560955,287.2818860758323,0.0,0.0,0.0,0.0,0.0,0.0,0.26881720430107525,0.0,24.111111111111114,56.0,99.42,0.17,0.2088549,0.19508184,281.83255,0.16226637,0.2,0.0,0.0,0.0,0.0,2.5363636363636366,33.66923076923077,77.0,48.83846153846154,48.83846153846154,False,56.0,64.6,4.5,0.0,,100.0,False,50.0,0.0,0.0,0.0,0.0,2026-10-02T21:00,interpolated_hourly,0,WNW,sun below horizon — no direct-sun posture,,,,not specified,Environmental scores are skin-type independent.,not personalized
2026-10-02 21:30:00,0.0,0.0,0.0,34.03202,-118.52633,86.0,62.02268600463867,1.0,0.0,0.2553763440860215,0.40816916333509956,0.7005494505494506,0.29945054945054944,0.7157054924659566,0.2842945075340434,0.0,0.0,0.0,87.5,0.5,0.0,0.6,44.2,41.6,373.0,441.0,73.2,5.3,0.0,1360.0,0.17,0.0,0.0,0.0,87.0,87.0,28.0,1.0,125.92228783016718,-35.92228783016718,293.27510685976847,0.0,0.0,0.0,0.0,0.0,0.0,0.2553763440860215,0.0,23.77777777777778,57.5,99.44,0.17,0.2088549,0.19508184,281.83255,0.16226637,0.2,0.0,0.0,0.0,0.0,2.3954545454545455,33.68076923076923,77.05,48.861538461538466,48.861538461538466,False,57.5,64.44999999999999,4.4,0.0,,100.0,False,50.0,0.0,0.0,0.0,0.0,2026-10-02T21:30,interpolated_hourly,0,WNW,sun below horizon — no direct-sun posture,,,,not specified,Environmental scores are skin-type independent.,not personalized
2026-10-02 22:00:00,0.0,0.0,0.0,34.03202,-118.52633,86.0,62.02268600463867,1.0,0.0,0.24193548387096775,0.38668657579114696,0.6978021978021979,0.3021978021978022,0.7122476608323296,0.28775233916767035,0.0,0.0,0.0,89.0,1.0,0.0,0.6,44.2,41.6,373.0,441.0,73.2,5.3,0.0,1360.0,0.17,0.0,0.0,0.0,87.0,87.0,28.0,1.0,131.63878590423886,-41.638785904238865,299.2683276437047,0.0,0.0,0.0,0.0,0.0,0.0,0.24193548387096775,0.0,23.444444444444446,59.0,99.46000000000001,0.17,0.2088549,0.19508184,281.83255,0.16226637,0.2,0.0,0.0,0.0,0.0,2.254545454545455,33.69230769230769,77.10000000000001,48.88461538461539,48.88461538461539,False,59.0,64.3,4.3,0.0,,100.0,False,50.0,0.0,0.0,0.0,0.0,2026-10-02T22:00,interpolated_hourly,0,WNW,sun below horizon — no direct-sun posture,,,,not specified,Environmental scores are skin-type independent.,not personalized
2026-10-02 22:30:00,0.0,0.0,0.0,34.03202,-118.52633,86.0,62.02268600463867,1.0,0.0,0.22849462365591397,0.3652039882471943,0.695054945054945,0.3049450549450549,0.7087898291987027,0.29121017080129735,0.0,0.0,0.0,90.5,1.0,0.0,0.6,44.2,41.6,373.0,441.0,73.2,5.3,0.0,1360.0,0.17,0.0,0.0,0.0,87.0,87.0,28.0,1.0,136.59171987195742,-46.59171987195741,307.4912094363136,0.0,0.0,0.0,0.0,0.0,0.0,0.22849462365591397,0.0,23.194444444444443,60.5,99.475,0.17,0.2088549,0.19508184,281.83255,0.16226637,0.2,0.0,0.0,0.0,0.0,2.1136363636363638,33.70384615384616,77.15,48.90769230769231,48.90769230769231,False,60.5,64.3,4.15,0.0,,100.0,False,50.0,0.0,0.0,0.0,0.0,2026-10-02T22:30,interpolated_hourly,0,NW,sun below horizon — no direct-sun posture,,,,not specified,Environmental scores are skin-type independent.,not personalized
2026-10-02 23:00:00,0.0,0.0,0.0,34.03202,-118.52633,86.0,62.02268600463867,1.0,0.0,0.2150537634408602,0.3437214007032417,0.6923076923076923,0.3076923076923077,0.7053319975650757,0.2946680024349243,0.0,0.0,0.0,92.0,1.0,0.0,0.6,44.2,41.6,373.0,441.0,73.2,5.3,0.0,1360.0,0.17,0.0,0.0,0.0,87.0,87.0,28.0,1.0,141.54465383967596,-51.54465383967596,315.7140912289226,0.0,0.0,0.0,0.0,0.0,0.0,0.2150537634408602,0.0,22.944444444444443,62.0,99.49,0.17,0.2088549,0.19508184,281.83255,0.16226637,0.2,0.0,0.0,0.0,0.0,1.9727272727272729,33.715384615384615,77.2,48.93076923076923,48.93076923076923,False,62.0,64.3,4.0,0.0,,100.0,False,50.0,0.0,0.0,0.0,0.0,2026-10-02T23:00,interpolated_hourly,0,NW,sun below horizon — no direct-sun posture,,,,not specified,Environmental scores are skin-type independent.,not personalized
2026-10-02 23:30:00,0.0,0.0,0.0,34.03202,-118.52633,86.0,62.02268600463867,1.0,0.0,0.20161290322580644,0.3222388131592891,0.6895604395604396,0.31043956043956045,0.7018741659314488,0.29812583406855125,0.0,0.0,0.0,94.0,2.5,0.0,0.6,44.2,41.6,373.0,441.0,73.2,5.3,0.0,1360.0,0.17,0.0,0.0,0.0,87.0,87.0,28.0,1.0,144.93336733027274,-54.93336733027273,327.4302672614548,0.0,0.0,0.0,0.0,0.0,0.0,0.20161290322580644,2.5,22.75,62.5,99.495,0.17,0.2088549,0.19508184,281.83255,0.16226637,0.2,0.0,0.0,0.0,0.0,1.831818181818182,33.72692307692308,77.25,48.95384615384616,48.95384615384616,False,62.5,64.1,3.9,0.5,,100.0,False,50.0,0.0,0.0,0.0,0.0,2026-10-02T23:30,interpolated_hourly,0,NNW,sun below horizon — no direct-sun posture,,,,not specified,Environmental scores are skin-type independent.,not personalized
2026-10-03 00:00:00,0.0,0.0,0.0,34.03202,-118.52633,86.0,62.02268600463867,1.0,0.0,0.1881720430107527,0.3007562256153365,0.6868131868131868,0.3131868131868132,0.6984163342978218,0.3015836657021782,0.0,0.0,0.0,96.0,4.0,0.0,0.6,44.2,41.6,373.0,441.0,73.2,5.3,0.0,1360.0,0.17,0.0,0.0,0.0,87.0,87.0,28.0,1.0,148.3220808208695,-58.3220808208695,339.146443293987,0.0,0.0,0.0,0.0,0.0,0.0,0.1881720430107527,5.0,22.555555555555554,63.0,99.5,0.17,0.2088549,0.19508184,281.83255,0.16226637,0.2,0.0,0.0,0.0,0.0,1.6909090909090911,33.738461538461536,77.3,48.97692307692308,48.97692307692308,False,63.0,63.9,3.8,1.0,,100.0,False,50.0,0.0,0.0,0.0,0.0,2026-10-03T00:00,interpolated_hourly,0,NNW,sun below horizon — no direct-sun posture,,,,not specified,Environmental scores are skin-type independent.,not personalized
2026-10-03 00:30:00,0.0,0.0,0.0,34.03202,-118.52633,86.0,62.02268600463867,1.0,0.0,0.1747311827956989,0.2792736380713839,0.6840659340659341,0.3159340659340659,0.6949585026641949,0.30504149733580516,0.0,0.0,0.0,96.5,6.5,0.0,0.6,44.2,41.6,373.0,441.0,73.2,5.3,0.0,1360.0,0.17,0.0,0.0,0.0,87.0,87.0,28.0,1.0,149.0213303227512,-59.0213303227512,173.7406309865801,0.0,0.0,0.0,0.0,0.0,0.0,0.1747311827956989,8.0,22.388888888888886,63.5,99.5,0.17,0.2088549,0.19508184,281.83255,0.16226637,0.2,0.0,0.0,0.0,0.0,1.55,33.75,77.35,49.0,49.0,False,63.5,63.75,3.5999999999999996,1.0,,100.0,False,50.0,0.0,0.0,0.0,0.0,2026-10-03T00:30,interpolated_hourly,0,S,sun below horizon — no direct-sun posture,,,,not specified,Environmental scores are skin-type independent.,not personalized
2026-10-03 01:00:00,0.0,0.0,0.0,34.03202,-118.52633,86.0,62.02268600463867,1.0,0.0,0.16129032258064516,0.2577910505274313,0.6813186813186813,0.31868131868131866,0.6915006710305679,0.3084993289694321,0.0,0.0,0.0,97.0,9.0,0.0,0.6,44.2,41.6,373.0,441.0,73.2,5.3,0.0,1360.0,0.17,0.0,0.0,0.0,87.0,87.0,28.0,1.0,149.7205798246329,-59.72057982463289,8.334818679173225,0.0,0.0,0.0,0.0,0.0,0.0,0.16129032258064516,11.0,22.22222222222222,64.0,99.5,0.17,0.2088549,0.19508184,281.83255,0.16226637,0.2,0.0,0.0,0.0,0.0,1.4090909090909092,33.761538461538464,77.4,49.02307692307692,49.02307692307692,False,64.0,63.6,3.4,1.0,,100.0,False,50.0,0.0,0.0,0.0,0.0,2026-10-03T01:00,interpolated_hourly,0,N,sun below horizon — no direct-sun posture,,,,not specified,Environmental scores are skin-type independent.,not personalized
2026-10-03 01:30:00,0.0,0.0,0.0,34.03202,-118.52633,86.0,62.02268600463867,1.0,0.0,0.1478494623655914,0.23630846298347868,0.6785714285714286,0.3214285714285714,0.6880428393969409,0.3119571606030591,0.0,0.0,0.0,95.0,10.5,0.0,0.6,44.2,41.6,373.0,441.0,73.2,5.3,0.0,1360.0,0.17,0.0,0.0,0.0,87.0,87.0,28.0,1.0,147.3996398954753,-57.3996398954753,21.654224277814194,0.0,0.0,0.0,0.0,0.0,0.0,0.1478494623655914,13.0,22.111111111111107,64.5,99.5,0.17,0.2088549,0.19508184,281.83255,0.16226637,0.2,0.0,0.0,0.0,0.0,1.2681818181818183,33.77307692307692,77.45,49.04615384615384,49.04615384615384,False,64.5,63.5,3.25,1.0,,100.0,False,50.0,0.0,0.0,0.0,0.0,2026-10-03T01:30,interpolated_hourly,0,NNE,sun below horizon — no direct-sun posture,,,,not specified,Environmental scores are skin-type independent.,not personalized
2026-10-03 02:00:00,0.0,0.0,0.0,34.03202,-118.52633,86.0,62.02268600463867,1.0,0.0,0.13440860215053763,0.21482587543952608,0.6758241758241759,0.3241758241758242,0.684585007763314,0.31541499223668606,0.0,0.0,0.0,93.0,12.0,0.0,0.6,44.2,41.6,373.0,441.0,73.2,5.3,0.0,1360.0,0.17,0.0,0.0,0.0,87.0,87.0,28.0,1.0,145.0786999663177,-55.07869996631772,34.97362987645516,0.0,0.0,0.0,0.0,0.0,0.0,0.13440860215053763,15.0,21.999999999999996,65.0,99.5,0.17,0.2088549,0.19508184,281.83255,0.16226637,0.2,0.0,0.0,0.0,0.0,1.1272727272727274,33.784615384615385,77.5,49.06923076923077,49.06923076923077,False,65.0,63.4,3.1,1.0,,100.0,False,50.0,0.0,0.0,0.0,0.0,2026-10-03T02:00,interpolated_hourly,0,NE,sun below horizon — no direct-sun posture,,,,not specified,Environmental scores are skin-type independent.,not personalized
2026-10-03 02:30:00,0.0,0.0,0.0,34.03202,-118.52633,86.0,62.02268600463867,1.0,0.0,0.12096774193548387,0.19334328789557342,0.6730769230769231,0.3269230769230769,0.681127176129687,0.318872823870313,0.0,0.0,0.0,86.5,10.0,0.0,0.6,44.2,41.6,373.0,441.0,73.2,5.3,0.0,1360.0,0.17,0.0,0.0,0.0,87.0,87.0,28.0,1.0,140.6943694202044,-50.69436942020441,44.625214273202545,0.0,0.0,0.0,0.0,0.0,0.0,0.12096774193548387,14.5,21.861111111111107,65.5,99.49,0.17,0.2088549,0.19508184,281.83255,0.16226637,0.2,0.0,0.0,0.0,0.0,0.9863636363636363,33.79615384615384,77.55,49.09230769230769,49.09230769230769,False,65.5,63.349999999999994,2.9000000000000004,1.0,,100.0,False,50.0,0.0,0.0,0.0,0.0,2026-10-03T02:30,interpolated_hourly,0,NE,sun below horizon — no direct-sun posture,,,,not specified,Environmental scores are skin-type independent.,not personalized
2026-10-03 03:00:00,0.0,0.0,0.0,34.03202,-118.52633,86.0,62.02268600463867,1.0,0.0,0.1075268817204301,0.17186070035162082,0.6703296703296704,0.32967032967032966,0.6776693444960601,0.32233065550393997,0.0,0.0,0.0,80.0,8.0,0.0,0.6,44.2,41.6,373.0,441.0,73.2,5.3,0.0,1360.0,0.17,0.0,0.0,0.0,87.0,87.0,28.0,1.0,136.3100388740911,-46.310038874091106,54.276798669949926,0.0,0.0,0.0,0.0,0.0,0.0,0.1075268817204301,14.0,21.72222222222222,66.0,99.47999999999999,0.17,0.2088549,0.19508184,281.83255,0.16226637,0.2,0.0,0.0,0.0,0.0,0.8454545454545457,33.80769230769231,77.6,49.11538461538461,49.11538461538461,False,66.0,63.3,2.7,1.0,,100.0,False,50.0,0.0,0.0,0.0,0.0,2026-10-03T03:00,interpolated_hourly,0,NE,sun below horizon — no direct-sun posture,,,,not specified,Environmental scores are skin-type independent.,not personalized
2026-10-03 03:30:00,0.0,0.0,0.0,34.03202,-118.52633,86.0,62.02268600463867,1.0,0.0,0.09408602150537634,0.15037811280766822,0.6675824175824177,0.3324175824175824,0.6742115128624331,0.3257884871375669,0.0,0.0,0.0,70.5,6.0,0.0,0.6,44.2,41.6,373.0,441.0,73.2,5.3,0.0,1360.0,0.17,0.0,0.0,0.0,87.0,87.0,28.0,1.0,130.8675797076187,-40.86757970761869,61.107602866673005,0.0,0.0,0.0,0.0,0.0,0.0,0.09408602150537634,12.0,21.666666666666668,66.5,99.475,0.17,0.2088549,0.19508184,281.83255,0.16226637,0.2,0.0,0.0,0.0,0.0,0.7045454545454546,33.81923076923077,77.65,49.138461538461534,49.138461538461534,False,66.5,63.3,2.6500000000000004,1.0,,100.0,False,50.0,0.0,0.0,0.0,0.0,2026-10-03T03:30,interpolated_hourly,0,ENE,sun below horizon — no direct-sun posture,,,,not specified,Environmental scores are skin-type independent.,not personalized
2026-10-03 04:00:00,0.0,0.0,0.0,34.03202,-118.52633,86.0,62.02268600463867,1.0,0.0,0.08064516129032259,0.12889552526371562,0.6648351648351649,0.3351648351648352,0.6707536812288062,0.3292463187711939,0.0,0.0,0.0,61.0,4.0,0.0,0.6,44.2,41.6,373.0,441.0,73.2,5.3,0.0,1360.0,0.17,0.0,0.0,0.0,87.0,87.0,28.0,1.0,125.42512054114627,-35.42512054114628,67.93840706339608,0.0,0.0,0.0,0.0,0.0,0.0,0.08064516129032259,10.0,21.611111111111114,67.0,99.47,0.17,0.2088549,0.19508184,281.83255,0.16226637,0.2,0.0,0.0,0.0,0.0,0.5636363636363639,33.83076923076923,77.7,49.16153846153846,49.16153846153846,False,67.0,63.3,2.6,1.0,,100.0,False,50.0,0.0,0.0,0.0,0.0,2026-10-03T04:00,interpolated_hourly,0,ENE,sun below horizon — no direct-sun posture,,,,not specified,Environmental scores are skin-type independent.,not personalized
2026-10-03 04:30:00,0.0,0.0,0.0,34.03202,-118.52633,86.0,62.02268600463867,1.0,0.0,0.06720430107526881,0.10741293771976301,0.6620879120879122,0.33791208791208793,0.6672958495951792,0.3327041504048209,0.0,0.0,0.0,53.5,2.0,0.0,0.6,44.2,41.6,373.0,441.0,73.2,5.3,0.0,1360.0,0.17,0.0,0.0,0.0,87.0,87.0,28.0,1.0,119.48230558922151,-29.482305589221507,73.18142805349697,0.0,0.0,0.0,0.0,0.0,0.0,0.06720430107526881,8.5,21.555555555555557,67.5,99.47,0.17,0.2088549,0.19508184,281.83255,0.16226637,0.2,0.0,0.0,0.0,0.0,0.42272727272727284,33.84230769230769,77.75,49.184615384615384,49.184615384615384,False,67.5,63.3,2.5,1.0,,100.0,False,50.0,0.0,0.0,0.0,0.0,2026-10-03T04:30,interpolated_hourly,0,ENE,sun below horizon — no direct-sun posture,,,,not specified,Environmental scores are skin-type independent.,not personalized
2026-10-03 05:00:00,0.0,0.0,0.0,34.03202,-118.52633,86.0,62.02268600463867,1.0,0.0,0.05376344086021506,0.08593035017581041,0.6593406593406593,0.34065934065934067,0.6638380179615522,0.3361619820384478,0.0,0.0,0.0,46.0,0.0,0.0,0.6,44.2,41.6,373.0,441.0,73.2,5.3,0.0,1360.0,0.17,0.0,0.0,0.0,87.0,87.0,28.0,1.0,113.53949063729674,-23.539490637296737,78.42444904359786,0.0,0.0,0.0,0.0,0.0,0.0,0.05376344086021506,7.0,21.500000000000004,68.0,99.47,0.17,0.2088549,0.19508184,281.83255,0.16226637,0.2,0.0,0.0,0.0,0.0,0.2818181818181822,33.853846153846156,77.8,49.207692307692305,49.207692307692305,False,68.0,63.3,2.4,1.0,,100.0,False,50.0,0.0,0.0,0.0,0.0,2026-10-03T05:00,interpolated_hourly,0,ENE,sun below horizon — no direct-sun posture,,,,not specified,Environmental scores are skin-type independent.,not personalized
2026-10-03 05:30:00,0.0,0.0,0.0,34.03202,-118.52633,86.0,62.02268600463867,1.0,0.0,0.04032258064516131,0.06444776263185781,0.6565934065934066,0.3434065934065934,0.6603801863279253,0.3396198136720748,0.0,0.0,0.0,45.5,0.0,0.0,0.6,44.2,41.6,373.0,441.0,73.2,5.3,0.0,1360.0,0.17,0.0,0.0,0.0,87.0,87.0,28.0,1.0,107.3808907162935,-17.3808907162935,82.88872710719801,0.0,0.0,0.0,0.0,0.0,0.0,0.04032258064516131,5.5,21.472222222222225,68.5,99.485,0.17,0.2088549,0.19508184,281.83255,0.16226637,0.2,0.0,0.0,0.0,0.0,0.1409090909090911,33.86538461538461,77.85,49.230769230769226,49.230769230769226,False,68.5,63.4,2.3499999999999996,1.0,,100.0,False,50.0,0.0,0.0,0.0,0.0,2026-10-03T05:30,interpolated_hourly,0,E,sun below horizon — no direct-sun posture,,,,not specified,Environmental scores are skin-type independent.,not personalized
2026-10-03 06:00:00,0.0,0.0,0.0,34.03202,-118.52633,86.0,62.02268600463867,1.0,0.0,0.026881720430107503,0.042965175087905205,0.6538461538461539,0.34615384615384615,0.6569223546942983,0.34307764530570173,0.0,0.0,0.0,45.0,0.0,0.0,0.6,44.2,41.6,373.0,441.0,73.2,5.3,0.0,1360.0,0.17,0.0,0.0,0.0,87.0,87.0,28.0,1.0,101.22229079529026,-11.222290795290267,87.35300517079816,0.0,0.0,0.0,0.0,0.0,0.0,0.026881720430107503,4.0,21.444444444444443,69.0,99.5,0.17,0.2088549,0.19508184,281.83255,0.16226637,0.2,0.0,0.0,0.0,0.0,0.0,33.87692307692308,77.9,49.253846153846155,49.253846153846155,False,69.0,63.5,2.3,1.0,,100.0,False,50.0,0.0,0.0,0.0,0.0,2026-10-03T06:00,interpolated_hourly,0,E,sun below horizon — no direct-sun posture,,,,not specified,Environmental scores are skin-type independent.,not personalized
2026-10-03 06:30:00,0.0,0.7,14.199999999999998,34.03202,-118.52633,86.0,62.02268600463867,1.0,0.0,0.013440860215053752,0.021482587543952603,0.6510989010989011,0.3489010989010989,0.6534645230606714,0.34653547693932873,0.0,0.0,0.0,44.5,0.0,0.0,0.675,44.2,41.6,373.0,441.0,73.2,5.3,0.0,1360.0,0.17,0.0,0.0,0.0,87.0,87.0,28.0,1.0,94.84843080123514,-4.848430801235137,91.56056080500468,0.4323521954845626,1.2060512757091457,0.40024636667028957,0.0,0.0,0.0,0.013440860215053752,3.0,21.47222222222222,69.0,99.53,0.17,0.2088549,0.19508184,281.83255,0.16226637,0.2,0.0,0.0,0.0,0.0,0.0,33.888461538461534,77.95,49.276923076923076,49.276923076923076,False,69.0,63.55,2.3,1.0,,100.0,False,50.0,0.0,0.0,0.0,0.0,2026-10-03T06:30,interpolated_hourly,0,E,sun below horizon — no direct-sun posture,,,,not specified,Environmental scores are skin-type independent.,not personalized
2026-10-03 07:00:00,1.0,1.4,28.4,34.03202,-118.52633,86.0,62.02268600463867,1.0,0.0,0.0,0.0,0.6483516483516484,0.3516483516483517,0.6500066914270444,0.3499933085729557,0.0,0.0,0.0,44.0,0.0,0.0,0.75,44.2,41.6,373.0,441.0,73.2,5.3,0.0,1360.0,0.17,0.0,0.0,0.0,87.0,87.0,28.0,1.0,88.47457080718002,1.5254291928199917,95.76811643921121,0.8647043909691252,2.4121025514182914,0.8004927333405791,0.0,0.0,0.0,0.0,2.0,21.500000000000004,69.0,99.56,0.17,0.2088549,0.19508184,281.83255,0.16226637,0.2,0.108,0.0,0.1,0.0,0.0,33.9,78.0,49.3,49.3,False,69.0,63.6,2.3,1.0,88.5,100.0,False,50.0,0.6,0.6,0.0,0.0,2026-10-03T07:00,interpolated_hourly,0,E,"sun low 2° (E) — face E, lift torso ~88° toward the sun if comfortable",,,,not specified,Environmental scores are skin-type independent.,not personalized
2026-10-03 07:30:00,1.0,87.65,172.70000000000002,34.03202,-118.52633,86.0,62.02268600463867,1.0,0.0,0.24151811385853938,0.24085173501577287,0.6456043956043956,0.3543956043956044,0.6465488597934175,0.35345114020658264,0.5,0.0,0.0,44.0,0.0,29.950000000000003,0.875,44.2,41.6,373.0,441.0,73.2,5.3,0.0,1360.0,0.17,0.0,0.0,0.0,87.0,87.0,28.0,1.0,82.50101627693942,7.498983723060579,100.13094934167111,70.49534539832314,177.42562038163848,29.407730849563603,42.0,194.65,15.0,0.24151811385853938,1.0,21.69444444444445,68.0,99.58,0.17,0.2088549,0.19508184,281.83255,0.16226637,0.2,1.85745,0.012173403386070798,1.844523195359083,9.1,23.45,40.25,68.25,50.05,50.05,False,68.0,63.7,2.5,1.0,82.5,100.0,False,50.0,5.0,5.0,0.2300815072968708,42.054762639073886,2026-10-03T07:30,interpolated_hourly,0,E,"sun low 7° (E) — face E, lift torso ~82° toward the sun if comfortable",,,,not specified,Environmental scores are skin-type independent.,not personalized
2026-10-03 08:00:00,1.0,173.9,317.0,34.03202,-118.52633,86.0,62.02268600463867,1.0,0.0,0.48303622771707877,0.48170347003154573,0.6428571428571429,0.35714285714285715,0.6430910281597905,0.3569089718402096,1.0,0.0,0.0,44.0,0.0,59.9,1.0,44.2,41.6,373.0,441.0,73.2,5.3,0.0,1360.0,0.17,0.0,0.0,0.0,87.0,87.0,28.0,1.0,76.52746174669883,13.472538253301167,104.49378224413101,140.12598640567717,352.4391382118587,58.01496896578662,84.0,389.3,30.0,0.48303622771707877,0.0,21.888888888888893,67.0,99.6,0.17,0.2088549,0.19508184,281.83255,0.16226637,0.2,5.199,0.0291,4.8,18.2,46.9,46.6,58.5,50.8,50.8,False,67.0,63.8,2.7,1.0,76.5,100.0,False,50.0,10.5,10.5,0.55,152.7,2026-10-03T08:00,interpolated_hourly,0,ESE,"sun low 13° (ESE) — face ESE, lift torso ~76° toward the sun if comfortable",,,,not specified,Environmental scores are skin-type independent.,not personalized
2026-10-03 08:30:00,1.0,312.65,448.6,34.03202,-118.52633,86.0,62.02268600463867,1.0,0.0,0.566063971191282,0.5652226415997094,0.7309848854217456,0.2690151145782545,0.7310832399034872,0.2689167600965129,1.0,0.0,0.0,43.5,0.0,67.7,1.0,44.2,41.6,373.0,441.0,73.2,5.3,0.0,1360.0,0.17,0.0,0.0,0.0,87.0,87.0,28.0,1.0,70.68900861872451,19.310991381275485,109.44143730828631,243.23190565577576,472.2655491671767,76.36255638707684,188.5,557.25,41.5,0.566063971191282,0.0,22.416666666666668,64.5,99.62,0.17,0.2088549,0.19508184,281.83255,0.16226637,0.2,10.60137870706254,0.11613172739815167,10.328953869045582,27.950000000000003,50.45,53.650000000000006,60.15,55.95,55.95,False,64.5,64.05,3.1500000000000004,1.0,70.7,100.0,False,50.0,18.1,18.1,1.2542816809203163,256.02215865200554,2026-10-03T08:30,interpolated_hourly,0,ESE,"sun low 19° (ESE) — face ESE, lift torso ~71° toward the sun if comfortable",,,,not specified,Environmental scores are skin-type independent.,not personalized
2026-10-03 09:00:00,1.0,451.4,580.2,34.03202,-118.52633,86.0,62.02268600463867,1.0,0.0,0.6490917146654852,0.648741813167873,0.8191126279863481,0.18088737201365188,0.8190754516471839,0.18092454835281616,1.0,0.0,0.0,43.0,0.0,75.5,1.0,44.2,41.6,373.0,441.0,73.2,5.3,0.0,1360.0,0.17,0.0,0.0,0.0,87.0,87.0,28.0,1.0,64.8505554907502,25.149444509249804,114.38909237244161,346.33782490587436,592.0919601224947,94.71014380836704,293.0,725.2,53.0,0.6490917146654852,0.0,22.944444444444443,62.0,99.64,0.17,0.2088549,0.19508184,281.83255,0.16226637,0.2,16.71,0.207,16.4,37.7,54.0,60.7,61.8,61.1,61.1,False,62.0,64.3,3.6,1.0,64.9,100.0,False,50.0,25.5,25.5,2.0,376.4,2026-10-03T09:00,interpolated_hourly,0,ESE,"sun low 25° (ESE) — face ESE, lift torso ~65° toward the sun if comfortable",,,,not specified,Environmental scores are skin-type independent.,not personalized
2026-10-03 09:30:00,1.0,572.8499999999999,690.15,34.03202,-118.52633,86.0,62.02268600463867,1.0,0.0,0.6745386558348311,0.6742646698635266,0.8385686596721864,0.1614313403278136,0.8385429053199306,0.16145709468006947,1.0,0.0,0.0,43.0,0.0,79.8,1.0,44.2,41.6,373.0,441.0,73.2,5.3,0.0,1360.0,0.17,0.0,0.0,0.0,87.0,87.0,28.0,1.0,59.501208276686626,30.498791723313374,120.47226730126036,437.7703815737932,649.2068642371152,105.1317856059994,389.5,772.6,61.0,0.6745386558348311,0.0,23.611111111111114,58.0,99.655,0.17,0.2088549,0.19508184,281.83255,0.16226637,0.2,22.663597454538394,0.4007055793221075,22.243509309192344,46.400000000000006,50.35,62.550000000000004,62.599999999999994,62.599999999999994,62.599999999999994,False,58.0,64.35,4.15,1.0,59.5,100.0,False,50.0,31.5,31.5,2.7294655759348654,469.68561271131045,2026-10-03T09:30,interpolated_hourly,0,ESE,"sun 30° up (ESE) — lay flat, or lift torso ~60° toward ESE to face it",,,,not specified,Environmental scores are skin-type independent.,not personalized
2026-10-03 10:00:00,1.0,694.3,800.1,34.03202,-118.52633,86.0,62.02268600463867,1.0,0.0,0.699985597004177,0.6997875265591801,0.8580246913580247,0.1419753086419753,0.8580103589926773,0.14198964100732275,1.0,0.0,0.0,43.0,0.0,84.1,1.0,44.2,41.6,373.0,441.0,73.2,5.3,0.0,1360.0,0.17,0.0,0.0,0.0,87.0,87.0,28.0,1.0,54.151861062623055,35.848138937376945,126.55544223007911,529.202938241712,706.3217683517357,115.55342740363176,486.0,820.0,69.0,0.699985597004177,0.0,24.277777777777782,54.0,99.67,0.17,0.2088549,0.19508184,281.83255,0.16226637,0.2,28.469,0.5931,28.0,55.1,46.7,64.4,63.4,64.1,64.1,False,54.0,64.4,4.7,1.0,54.2,100.0,False,50.0,36.9,36.9,3.45,559.9,2026-10-03T10:00,interpolated_hourly,0,SE,"sun 36° up (SE) — lay flat, or lift torso ~54° toward SE to face it",,,,not specified,Environmental scores are skin-type independent.,not personalized
2026-10-03 10:30:00,1.0,790.2,880.85,34.03202,-118.52633,86.0,62.02268600463867,1.0,0.0,0.7122543942587751,0.7121025819151974,0.8667070497288566,0.1332929502711434,0.866702566806129,0.13329743319387097,1.0,0.0,5.684341886080802e-14,43.0,0.0,87.8,1.0,44.2,41.6,373.0,441.0,73.2,5.3,0.0,1360.0,0.17,0.0,0.0,0.0,87.0,87.0,28.0,1.0,49.71238606025245,40.28761393974755,134.48097593706518,597.5519530747147,735.2340371341039,121.85059640900766,564.0,843.15,74.5,0.7122543942587751,0.0,24.77777777777778,51.5,99.67,0.17,0.2088549,0.19508184,281.83255,0.16226637,0.2,33.99138269595372,0.7598654870851481,33.519474304538974,63.349999999999994,44.2,69.55000000000001,63.2,67.35,67.35,False,51.5,64.5,5.050000000000001,1.0,49.7,100.0,False,50.0,42.1,42.1,4.14061444415619,633.015256294791,2026-10-03T10:30,interpolated_hourly,0,SE,"sun 40° up (SE) — lay flat, or lift torso ~50° toward SE to face it",,,,not specified,Environmental scores are skin-type independent.,not personalized
2026-10-03 11:00:00,1.0,886.1,961.6,34.03202,-118.52633,86.0,62.02268600463867,1.0,0.0,0.7245231915133732,0.7244176372712147,0.8753894080996885,0.12461059190031153,0.8753947746195807,0.12460522538041917,1.0,0.0,1.1368683772161603e-13,43.0,0.0,91.5,1.0,44.2,41.6,373.0,441.0,73.2,5.3,0.0,1360.0,0.17,0.0,0.0,0.0,87.0,87.0,28.0,1.0,45.27291105788184,44.72708894211816,142.40650964405125,665.9009679077172,764.1463059164721,128.14776541438357,642.0,866.3,80.0,0.7245231915133732,0.0,25.27777777777778,49.0,99.67,0.17,0.2088549,0.19508184,281.83255,0.16226637,0.2,39.002,0.9209,38.6,71.6,41.7,74.7,63.0,70.6,70.6,False,49.0,64.6,5.4,1.0,45.3,100.0,False,50.0,46.7,46.7,4.8,696.6,2026-10-03T11:00,interpolated_hourly,0,SE,"sun 45° up (SE) — lay flat, or lift torso ~45° toward SE to face it",,,,not specified,Environmental scores are skin-type independent.,not personalized
2026-10-03 11:30:00,1.0,949.9000000000001,1007.6500000000001,34.03202,-118.52633,86.0,62.02268600463867,1.0,0.0,0.7366327114713951,0.7365563558852989,0.8830174971987244,0.11698250280127566,0.883000974583209,0.1169990254167909,1.0,0.0,5.684341886080802e-14,44.0,0.0,94.9,1.0,44.2,41.6,373.0,441.0,73.2,5.3,0.0,1360.0,0.17,0.0,0.0,0.0,87.0,87.0,28.0,1.0,42.40852783098373,47.59147216901627,152.70122619952681,705.1634697072625,777.4254219256766,131.41718274268607,700.5,888.75,81.5,0.7366327114713951,0.0,25.47222222222222,48.5,99.66,0.17,0.2088549,0.19508184,281.83255,0.16226637,0.2,42.723451411653976,1.0616066979303111,43.032876249662756,79.19999999999999,49.85,84.25,61.4,76.25,76.25,False,48.5,64.69999999999999,5.85,0.5,42.4,100.0,False,50.0,52.1,52.1,5.4727170863792995,748.9548740486904,2026-10-03T11:30,interpolated_hourly,0,SSE,"sun 48° up (SSE) — lay flat, or lift torso ~42° toward SSE to face it",,,,not specified,Environmental scores are skin-type independent.,not personalized
2026-10-03 12:00:00,1.0,1013.7,1053.7,34.03202,-118.52633,86.0,62.02268600463867,1.0,0.0,0.748742231429417,0.7486950744993831,0.8906455862977603,0.10935441370223979,0.8906071745468375,0.10939282545316263,1.0,0.0,0.0,45.0,0.0,98.3,1.0,44.2,41.6,373.0,441.0,73.2,5.3,0.0,1360.0,0.17,0.0,0.0,0.0,87.0,87.0,28.0,1.0,39.544144604085616,50.455855395914384,162.99594275500237,744.4259715068077,790.704537934881,134.68660007098856,759.0,911.2,83.0,0.748742231429417,0.0,25.666666666666668,48.0,99.65,0.17,0.2088549,0.19508184,281.83255,0.16226637,0.2,45.737,1.1935,46.9,86.8,58.0,93.8,59.8,81.9,81.9,False,48.0,64.8,6.3,0.0,39.5,100.0,False,50.0,57.1,57.1,6.1,788.9,2026-10-03T12:00,interpolated_hourly,0,SSE,"sun 50° up (SSE) — lay flat, or lift torso ~40° toward SSE to face it",,,,not specified,Environmental scores are skin-type independent.,not personalized
2026-10-03 12:30:00,1.0,1041.0,1062.0,34.03202,-118.52633,86.0,62.02268600463867,0.9961538461538462,0.0038461538461538325,0.748797774892842,0.748681836044422,0.8890727931488801,0.1109272068511199,0.8890824466269693,0.11097995197530215,1.0,0.0,-0.05000000000006821,46.0,0.0,98.25,1.0,44.2,41.6,373.0,441.0,73.2,5.3,0.0,1360.0,0.17,0.0,0.0,0.0,87.0,87.0,28.0,1.0,38.99362383292063,51.00637616707937,174.90335931347522,751.4840418223905,792.8887829047997,135.25344146954535,779.5,909.75,86.5,0.748797774892842,0.0,25.63888888888889,48.5,99.62,0.17,0.2088549,0.19508184,281.83255,0.16226637,0.2,47.33887504868399,1.2407502763958709,48.483880773478,88.69999999999999,61.75,94.5,60.599999999999994,82.65,82.65,False,48.5,64.9,6.949999999999999,0.0,39.0,100.0,False,50.0,58.9,58.9,6.303451390020719,802.3264492663711,2026-10-03T12:30,interpolated_hourly,0,S,"sun 51° up (S) — lay flat, or lift torso ~39° toward S to face it",,,,not specified,Environmental scores are skin-type independent.,not personalized
2026-10-03 13:00:00,1.0,1068.3,1070.3,34.03202,-118.52633,86.0,62.02268600463867,0.9923076923076923,0.007692307692307665,0.748853318356267,0.7486685975894609,0.8875,0.1125,0.8875577187071011,0.11256707849744167,1.0,0.0,-0.10000000000013642,47.0,0.0,98.2,1.0,44.2,41.6,373.0,441.0,73.2,5.3,0.0,1360.0,0.17,0.0,0.0,0.0,87.0,87.0,28.0,1.0,38.44310306175564,51.55689693824436,186.81077587194804,758.5421121379734,795.0730278747182,135.82028286810214,800.0,908.3,90.0,0.748853318356267,0.0,25.61111111111111,49.0,99.59,0.17,0.2088549,0.19508184,281.83255,0.16226637,0.2,48.088,1.2768,49.4,90.6,65.5,95.2,61.4,83.4,83.4,False,49.0,65.0,7.6,0.0,38.4,100.0,False,50.0,60.2,60.2,6.45,801.3,2026-10-03T13:00,interpolated_hourly,0,S,"sun 52° up (S) — lay flat, or lift torso ~38° toward S to face it",,,,not specified,Environmental scores are skin-type independent.,not personalized
2026-10-03 13:30:00,1.0,1057.3,1040.1,34.03202,-118.52633,86.0,62.02268600463867,0.9880237648530331,0.011976235146966885,0.7433457072522996,0.7432322094789566,0.8828691709844559,0.11713082901554404,0.8829145458385861,0.11714785276368528,1.0,0.0,-0.05000000000006821,48.0,0.0,97.95,1.0,44.2,41.6,373.0,441.0,73.2,5.3,0.0,1360.0,0.17,0.0,0.0,0.0,87.0,87.0,28.0,1.0,40.39116677565474,49.60883322434526,198.00694545188554,732.8466784347428,786.8358232849876,133.72735081457455,786.0,897.0999999999999,92.0,0.7433457072522996,0.0,25.555555555555557,49.0,99.565,0.17,0.2088549,0.19508184,281.83255,0.16226637,0.2,47.14666238415484,1.2224944003267508,48.28649728044141,88.3,67.15,94.6,62.95,83.55000000000001,83.55000000000001,False,49.0,64.95,8.1,0.0,40.4,100.0,False,50.0,59.3,59.3,6.2777010944394,780.0691044676187,2026-10-03T13:30,interpolated_hourly,0,SSW,"sun 50° up (SSW) — lay flat, or lift torso ~40° toward SSW to face it",,,,not specified,Environmental scores are skin-type independent.,not personalized
2026-10-03 14:00:00,1.0,1046.3,1009.9,34.03202,-118.52633,86.0,62.02268600463867,0.9837398373983739,0.016260162601626105,0.7378380961483323,0.7377958213684523,0.8782383419689119,0.12176165803108809,0.8782713729700711,0.12172862702992887,1.0,0.0,0.0,49.0,0.0,97.7,1.0,44.2,41.6,373.0,441.0,73.2,5.3,0.0,1360.0,0.17,0.0,0.0,0.0,87.0,87.0,28.0,1.0,42.339230489553835,47.660769510446165,209.20311503182305,707.1512447315122,778.598618695257,131.63441876104696,772.0,885.9,94.0,0.7378380961483323,0.0,25.500000000000004,49.0,99.53999999999999,0.17,0.2088549,0.19508184,281.83255,0.16226637,0.2,45.375,1.1574,46.5,86.0,68.8,94.0,64.5,83.7,83.7,False,49.0,64.9,8.6,0.0,42.3,100.0,False,50.0,57.9,57.9,6.05,745.1,2026-10-03T14:00,interpolated_hourly,45,SSW,"sun 48° up (SSW) — lay flat, or lift torso ~42° toward SSW to face it",,,,not specified,Environmental scores are skin-type independent.,not personalized
2026-10-03 14:30:00,1.0,997.7,943.4,34.03202,-118.52633,86.0,62.02268600463867,0.981869918699187,0.018130081300813006,0.7208313860785913,0.7207624334348248,0.8695083925413423,0.13049160745865782,0.8695359457623002,0.1304640542376998,1.0,0.0,0.0,49.5,0.0,93.55000000000001,1.0,44.2,41.6,373.0,441.0,73.2,5.3,0.0,1360.0,0.17,0.0,0.0,0.0,87.0,87.0,28.0,1.0,46.200051985998115,43.799948014001885,218.119757096368,650.6994456973338,757.286495741306,126.70305901269785,720.0,857.2,93.5,0.7208313860785913,0.0,25.416666666666668,48.5,99.51499999999999,0.17,0.2088549,0.19508184,281.83255,0.16226637,0.2,42.11120745160321,1.0004655654777925,42.75515807368924,78.7,67.3,80.1,65.0,74.85,74.85,False,48.5,64.65,8.6,0.0,46.2,100.0,False,50.0,53.3,53.3,5.495409050404729,686.1873105884578,2026-10-03T14:30,interpolated_hourly,45,SW,"sun 44° up (SW) — lay flat, or lift torso ~46° toward SW to face it",,,,not specified,Environmental scores are skin-type independent.,not personalized
2026-10-03 15:00:00,1.0,949.1,876.9,34.03202,-118.52633,86.0,62.02268600463867,0.9800000000000001,0.019999999999999907,0.7038246760088505,0.7037290455011974,0.8607784431137725,0.13922155688622753,0.8608005185545293,0.13919948144547076,1.0,0.0,0.0,50.0,0.0,89.4,1.0,44.2,41.6,373.0,441.0,73.2,5.3,0.0,1360.0,0.17,0.0,0.0,0.0,87.0,87.0,28.0,1.0,50.0608734824424,39.9391265175576,227.03639916091296,594.2476466631554,735.9743727873552,121.77169926434874,668.0,828.5,93.0,0.7038246760088505,0.0,25.333333333333332,48.0,99.49,0.17,0.2088549,0.19508184,281.83255,0.16226637,0.2,38.223,0.8361,38.5,71.4,65.8,66.2,65.5,66.0,66.0,False,48.0,64.4,8.6,0.0,50.1,100.0,False,50.0,48.3,48.3,4.9,617.1,2026-10-03T15:00,interpolated_hourly,0,SW,"sun 40° up (SW) — lay flat, or lift torso ~50° toward SW to face it",,,,not specified,Environmental scores are skin-type independent.,not personalized
2026-10-03 15:30:00,1.0,866.2,778.5999999999999,34.03202,-118.52633,86.0,62.02268600463867,0.9766666666666667,0.023333333333333317,0.6959695319275709,0.6958304201488055,0.8496842122804484,0.15031578771955162,0.8497378661148716,0.15026213388512855,1.0,0.0,0.0,50.5,0.0,85.0,1.0,44.2,41.6,373.0,441.0,73.2,5.3,0.0,1360.0,0.17,0.0,0.0,0.0,87.0,87.0,28.0,1.0,55.086919242739455,34.913080757260545,233.81358419148668,511.70980005048284,693.3552473944126,113.34366640121391,603.5,809.0,90.0,0.6959695319275709,0.0,25.25,47.0,99.465,0.17,0.2088549,0.19508184,281.83255,0.16226637,0.2,33.852957099749354,0.650928185928324,33.94786482705532,63.85,76.94999999999999,61.400000000000006,66.35,63.15,63.15,False,47.0,63.95,8.2,0.0,55.1,100.0,False,50.0,44.5,44.5,4.291668715057966,546.7891777278996,2026-10-03T15:30,interpolated_hourly,0,SW,"sun 35° up (SW) — lay flat, or lift torso ~55° toward SW to face it",,,,not specified,Environmental scores are skin-type independent.,not personalized
2026-10-03 16:00:00,1.0,783.3,680.3,34.03202,-118.52633,86.0,62.02268600463867,0.9733333333333333,0.026666666666666727,0.6881143878462914,0.6879317947964134,0.8385899814471243,0.1614100185528757,0.8386752136752137,0.16132478632478633,1.0,0.0,0.0,51.0,0.0,80.6,1.0,44.2,41.6,373.0,441.0,73.2,5.3,0.0,1360.0,0.17,0.0,0.0,0.0,87.0,87.0,28.0,1.0,60.11296500303651,29.88703499696349,240.5907692220604,429.1719534378103,650.7361220014699,104.91563353807908,539.0,789.5,87.0,0.6881143878462914,0.0,25.166666666666668,46.0,99.44,0.17,0.2088549,0.19508184,281.83255,0.16226637,0.2,28.958000000000006,0.4607,28.96825597377035,56.3,88.1,56.6,67.2,60.3,60.3,False,46.0,63.5,7.8,0.0,60.1,100.0,False,50.0,39.9,39.9,3.65,468.00000000000006,2026-10-03T16:00,interpolated_hourly,0,WSW,"sun low 30° (WSW) — face WSW, lift torso ~60° toward the sun if comfortable",,,,not specified,Environmental scores are skin-type independent.,not personalized
2026-10-03 16:30:00,1.0,671.75,556.8,34.03202,-118.52633,86.0,62.02268600463867,0.9757971014492755,0.024202898550724605,0.6751889325879082,0.6749144319008608,0.8263030769769314,0.17369692302306858,0.8264157100454171,0.17358428995458283,1.0,0.0,0.0,51.0,0.0,75.4,1.0,44.2,41.6,373.0,441.0,73.2,5.3,0.0,1360.0,0.17,0.0,0.0,0.0,87.0,87.0,28.0,1.0,65.7841775138626,24.215822486137387,245.94111545858385,328.9833337042405,564.5164756109474,90.79571452673088,455.0,763.75,78.0,0.6751889325879082,0.0,25.02777777777778,46.0,99.43,0.17,0.2088549,0.19508184,281.83255,0.16226637,0.2,23.47467626432011,0.30864434615834374,23.47880826317606,47.849999999999994,93.75,45.5,67.55000000000001,53.2,53.2,False,46.0,63.3,7.4,0.0,65.8,100.0,False,50.0,33.9,33.9,2.9576118926981128,379.3501251243645,2026-10-03T16:30,interpolated_hourly,0,WSW,"sun low 24° (WSW) — face WSW, lift torso ~66° toward the sun if comfortable",,,,not specified,Environmental scores are skin-type independent.,not personalized
2026-10-03 17:00:00,1.0,560.2,433.3,34.03202,-118.52633,86.0,62.02268600463867,0.9782608695652175,0.021739130434782483,0.6622634773295251,0.6618970690053081,0.8140161725067385,0.18598382749326145,0.8141562064156206,0.18584379358437933,1.0,0.0,0.0,51.0,0.0,70.2,1.0,44.2,41.6,373.0,441.0,73.2,5.3,0.0,1360.0,0.17,0.0,0.0,0.0,87.0,87.0,28.0,1.0,71.45539002468871,18.544609975311285,251.29146169510727,228.7947139706707,478.2968292204249,76.67579551538267,371.0,738.0,69.0,0.6622634773295251,0.0,24.88888888888889,46.0,99.42,0.17,0.2088549,0.19508184,281.83255,0.16226637,0.2,17.75,0.155,17.8,39.4,99.4,34.4,67.9,46.1,46.1,False,46.0,63.1,7.0,0.0,71.5,100.0,False,50.0,27.5,27.5,2.25,286.8,2026-10-03T17:00,interpolated_hourly,0,WSW,"sun low 19° (WSW) — face WSW, lift torso ~72° toward the sun if comfortable",,,,not specified,Environmental scores are skin-type independent.,not personalized
2026-10-03 17:30:00,1.0,427.6,293.15,34.03202,-118.52633,86.0,62.02268600463867,0.9891304347826088,0.010869565217391242,0.6294368234105252,0.6283341554176867,0.7820080862533693,0.21799191374663074,0.7818033779330851,0.21764717151746438,1.0,0.0,0.04999999999999716,51.0,0.0,63.05,1.0,44.2,41.6,373.0,441.0,73.2,5.3,0.0,1360.0,0.17,0.0,0.0,0.0,87.0,87.0,28.0,1.0,77.44286968240547,12.55713031759453,255.8378895852859,132.57027263513447,298.3665147797643,49.73561437497219,273.5,675.75,56.5,0.6294368234105252,0.0,24.75,47.0,99.425,0.17,0.2088549,0.19508184,281.83255,0.16226637,0.2,12.181208471917692,0.09561965417019368,12.278465927938218,30.45,99.7,34.3,71.1,47.150000000000006,47.150000000000006,False,47.0,63.150000000000006,6.4,0.0,77.4,100.0,False,50.0,21.2,21.2,1.56306129027561,186.0470795880702,2026-10-03T17:30,interpolated_hourly,0,WSW,"sun low 13° (WSW) — face WSW, lift torso ~77° toward the sun if comfortable",,,,not specified,Environmental scores are skin-type independent.,not personalized
2026-10-03 18:00:00,1.0,295.0,153.0,34.03202,-118.52633,86.0,62.02268600463867,1.0,0.0,0.5966101694915255,0.5947712418300654,0.75,0.25,0.7494505494505495,0.24945054945054945,1.0,0.0,0.09999999999999432,51.0,0.0,55.9,1.0,44.2,41.6,373.0,441.0,73.2,5.3,0.0,1360.0,0.17,0.0,0.0,0.0,87.0,87.0,28.0,1.0,83.43034934012223,6.569650659877772,260.3843174754645,36.34583129959824,118.43620033910373,22.795433234561706,176.0,613.5,44.0,0.5966101694915255,0.0,24.61111111111111,48.0,99.42999999999999,0.17,0.2088549,0.19508184,281.83255,0.16226637,0.2,6.986,0.0377,7.1,21.5,100.0,34.2,74.3,48.2,48.2,False,48.0,63.2,5.8,0.0,83.4,100.0,False,50.0,14.6,14.6,0.9,91.0,2026-10-03T18:00,interpolated_hourly,0,W,"sun low 7° (W) — face W, lift torso ~83° toward the sun if comfortable",,,,not specified,Environmental scores are skin-type independent.,not personalized
2026-10-03 18:30:00,1.0,167.40000000000003,76.5,34.03202,-118.52633,86.0,62.02268600463867,1.0,0.0,0.46162166766033563,0.5718954248366013,0.7211538461538461,0.27884615384615385,0.747306517616921,0.25161146439212456,0.7191958333333334,0.0,0.04999999999999716,50.5,0.0,44.349999999999994,1.0,44.2,41.6,373.0,441.0,73.2,5.3,0.0,1360.0,0.17,0.0,0.0,0.0,87.0,87.0,28.0,1.0,89.6832436408942,0.31675635910579913,264.59597335832007,18.17291564979912,59.21810016955186,11.397716617280853,94.5,365.1,24.0,0.46162166766033563,0.0,24.416666666666664,49.0,99.45499999999998,0.17,0.2088549,0.19508184,281.83255,0.16226637,0.2,2.4450999999999996,0.015771041500167324,2.742282223691119,10.75,50.0,34.17307692307693,74.2,48.150000000000006,48.150000000000006,False,49.0,63.2,5.1,0.0,89.7,100.0,False,50.0,6.9,6.9,0.39741351260368596,3.7168966377387633,2026-10-03T18:30,interpolated_hourly,0,W,"sun low 0° (W) — face W, lift torso ~90° toward the sun if comfortable",,,,not specified,Environmental scores are skin-type independent.,not personalized
2026-10-03 19:00:00,0.0,39.8,0.0,34.03202,-118.52633,86.0,62.02268600463867,1.0,0.0,0.32663316582914576,0.5490196078431373,0.6923076923076923,0.3076923076923077,0.7451624857832927,0.25377237933369967,0.4383916666666667,0.0,0.0,50.0,0.0,32.8,1.0,44.2,41.6,373.0,441.0,73.2,5.3,0.0,1360.0,0.17,0.0,0.0,0.0,87.0,87.0,28.0,1.0,95.93613794166617,-5.936137941666174,268.8076292411756,0.0,0.0,0.0,13.0,116.7,4.0,0.32663316582914576,0.0,24.22222222222222,50.0,99.47999999999999,0.17,0.2088549,0.19508184,281.83255,0.16226637,0.2,0.0,0.0,0.0,0.0,0.0,34.14615384615385,74.1,48.1,48.1,False,50.0,63.2,4.4,0.0,,100.0,False,50.0,0.0,0.0,0.0,0.0,2026-10-03T19:00,interpolated_hourly,0,W,sun below horizon — no direct-sun posture,,,,not specified,Environmental scores are skin-type independent.,not personalized
2026-10-03 19:30:00,0.0,19.9,0.0,34.03202,-118.52633,86.0,62.02268600463867,1.0,0.0,0.3130234505862647,0.5261437908496732,0.6922056723117731,0.3077943276882269,0.7430184539496643,0.2559332942752748,0.2191958333333333,0.0,0.0,49.5,0.0,16.4,0.8,44.2,41.6,373.0,441.0,73.2,5.3,0.0,1360.0,0.17,0.0,0.0,0.0,87.0,87.0,28.0,1.0,102.14224031274654,-12.14224031274654,273.0887779822933,0.0,0.0,0.0,6.5,58.35,2.0,0.33371893570567507,0.0,24.055555555555557,51.5,99.5,0.17,0.2088549,0.19508184,281.83255,0.16226637,0.2,0.0,0.0,0.0,0.0,0.0,34.119230769230775,74.0,48.050000000000004,48.050000000000004,False,51.5,63.35,4.0,0.0,,100.0,False,50.0,0.0,0.0,0.0,0.0,2026-10-03T19:30,interpolated_hourly,0,W,sun below horizon — no direct-sun posture,,,,not specified,Environmental scores are skin-type independent.,not personalized
2026-10-03 20:00:00,0.0,0.0,0.0,34.03202,-118.52633,86.0,62.02268600463867,1.0,0.0,0.2994137353433836,0.5032679738562091,0.6921036523158539,0.3078963476841461,0.7408744221160358,0.2580942092168499,0.0,0.0,0.0,49.0,0.0,0.0,0.6,44.2,41.6,373.0,441.0,73.2,5.3,0.0,1360.0,0.17,0.0,0.0,0.0,87.0,87.0,28.0,1.0,108.3483426838269,-18.348342683826907,277.3699267234111,0.0,0.0,0.0,0.0,0.0,0.0,0.3408047055822044,0.0,23.88888888888889,53.0,99.52000000000001,0.17,0.2088549,0.19508184,281.83255,0.16226637,0.2,0.0,0.0,0.0,0.0,0.0,34.09230769230769,73.89999999999999,48.0,48.0,False,53.0,63.5,3.6,0.0,,100.0,False,50.0,0.0,0.0,0.0,0.0,2026-10-03T20:00,interpolated_hourly,0,W,sun below horizon — no direct-sun posture,,,,not specified,Environmental scores are skin-type independent.,not personalized
2026-10-03 20:30:00,0.0,0.0,0.0,34.03202,-118.52633,86.0,62.02268600463867,1.0,0.0,0.28580402010050254,0.4803921568627451,0.6920016323199347,0.30799836768006533,0.7387303902824075,0.260255124158425,0.0,0.0,0.0,47.5,0.0,0.0,0.6,44.2,41.6,373.0,441.0,73.2,5.3,0.0,1360.0,0.17,0.0,0.0,0.0,87.0,87.0,28.0,1.0,114.42521727778775,-24.425217277787752,282.1756285222185,0.0,0.0,0.0,0.0,0.0,0.0,0.3478904754587337,0.0,23.722222222222225,54.5,99.54,0.17,0.2088549,0.19508184,281.83255,0.16226637,0.2,0.0,0.0,0.0,0.0,0.0,34.065384615384616,73.8,47.95,47.95,False,54.5,63.6,3.5,0.0,,100.0,False,50.0,0.0,0.0,0.0,0.0,2026-10-03T20:30,interpolated_hourly,0,WNW,sun below horizon — no direct-sun posture,,,,not specified,Environmental scores are skin-type independent.,not personalized
2026-10-03 21:00:00,0.0,0.0,0.0,34.03202,-118.52633,86.0,62.02268600463867,1.0,0.0,0.27219430485762147,0.4575163398692811,0.6918996123240155,0.3081003876759845,0.7365863584487791,0.2624160391000001,0.0,0.0,0.0,46.0,0.0,0.0,0.6,44.2,41.6,373.0,441.0,73.2,5.3,0.0,1360.0,0.17,0.0,0.0,0.0,87.0,87.0,28.0,1.0,120.5020918717486,-30.5020918717486,286.9813303210259,0.0,0.0,0.0,0.0,0.0,0.0,0.35497624533526295,0.0,23.55555555555556,56.0,99.56,0.17,0.2088549,0.19508184,281.83255,0.16226637,0.2,0.0,0.0,0.0,0.0,0.0,34.03846153846154,73.7,47.9,47.9,False,56.0,63.7,3.4,0.0,,100.0,False,50.0,0.0,0.0,0.0,0.0,2026-10-03T21:00,interpolated_hourly,0,WNW,sun below horizon — no direct-sun posture,,,,not specified,Environmental scores are skin-type independent.,not personalized
2026-10-03 21:30:00,0.0,0.0,0.0,34.03202,-118.52633,86.0,62.02268600463867,1.0,0.0,0.2585845896147404,0.434640522875817,0.6917975923280963,0.3082024076719037,0.7344423266151506,0.2645769540415752,0.0,0.0,0.0,44.0,0.0,0.0,0.6,44.2,41.6,373.0,441.0,73.2,5.3,0.0,1360.0,0.17,0.0,0.0,0.0,87.0,87.0,28.0,1.0,126.23133249968166,-36.231332499681656,292.9726557470975,0.0,0.0,0.0,0.0,0.0,0.0,0.36206201521179227,0.0,23.388888888888893,57.0,99.58,0.17,0.2088549,0.19508184,281.83255,0.16226637,0.2,0.0,0.0,0.0,0.0,0.0,34.011538461538464,73.6,47.85,47.85,False,57.0,63.75,3.25,0.0,,100.0,False,50.0,0.0,0.0,0.0,0.0,2026-10-03T21:30,interpolated_hourly,0,WNW,sun below horizon — no direct-sun posture,,,,not specified,Environmental scores are skin-type independent.,not personalized
2026-10-03 22:00:00,0.0,0.0,0.0,34.03202,-118.52633,86.0,62.02268600463867,1.0,0.0,0.24497487437185933,0.4117647058823529,0.6916955723321772,0.3083044276678229,0.7322982947815223,0.26673786898315033,0.0,0.0,0.0,42.0,0.0,0.0,0.6,44.2,41.6,373.0,441.0,73.2,5.3,0.0,1360.0,0.17,0.0,0.0,0.0,87.0,87.0,28.0,1.0,131.9605731276147,-41.960573127614715,298.9639811731692,0.0,0.0,0.0,0.0,0.0,0.0,0.3691477850883216,0.0,23.22222222222222,58.0,99.6,0.17,0.2088549,0.19508184,281.83255,0.16226637,0.2,0.0,0.0,0.0,0.0,0.0,33.98461538461539,73.5,47.800000000000004,47.800000000000004,False,58.0,63.8,3.1,0.0,,100.0,False,50.0,0.0,0.0,0.0,0.0,2026-10-03T22:00,interpolated_hourly,0,WNW,sun below horizon — no direct-sun posture,,,,not specified,Environmental scores are skin-type independent.,not personalized
2026-10-03 22:30:00,0.0,0.0,0.0,34.03202,-118.52633,86.0,62.02268600463867,1.0,0.0,0.23136515912897823,0.3888888888888889,0.6915935523362579,0.3084064476637421,0.7301542629478939,0.26889878392472544,0.0,0.0,0.0,40.0,0.0,0.0,0.6,44.2,41.6,373.0,441.0,73.2,5.3,0.0,1360.0,0.17,0.0,0.0,0.0,87.0,87.0,28.0,1.0,136.9321419288313,-46.932141928831285,307.2087213649114,0.0,0.0,0.0,0.0,0.0,0.0,0.3762335549648509,0.0,23.111111111111114,59.0,99.61,0.17,0.2088549,0.19508184,281.83255,0.16226637,0.2,0.0,0.0,0.0,0.0,0.0,33.95769230769231,73.4,47.75,47.75,False,59.0,63.849999999999994,3.0,0.0,,100.0,False,50.0,0.0,0.0,0.0,0.0,2026-10-03T22:30,interpolated_hourly,0,NW,sun below horizon — no direct-sun posture,,,,not specified,Environmental scores are skin-type independent.,not personalized
2026-10-03 23:00:00,0.0,0.0,0.0,34.03202,-118.52633,86.0,62.02268600463867,1.0,0.0,0.21775544388609716,0.36601307189542487,0.6914915323403387,0.30850846765966133,0.7280102311142654,0.27105969886630055,0.0,0.0,0.0,38.0,0.0,0.0,0.6,44.2,41.6,373.0,441.0,73.2,5.3,0.0,1360.0,0.17,0.0,0.0,0.0,87.0,87.0,28.0,1.0,141.90371073004786,-51.903710730047855,315.45346155665356,0.0,0.0,0.0,0.0,0.0,0.0,0.3833193248413802,0.0,23.000000000000004,60.0,99.62,0.17,0.2088549,0.19508184,281.83255,0.16226637,0.2,0.0,0.0,0.0,0.0,0.0,33.93076923076923,73.3,47.7,47.7,False,60.0,63.9,2.9,0.0,,100.0,False,50.0,0.0,0.0,0.0,0.0,2026-10-03T23:00,interpolated_hourly,0,NW,sun below horizon — no direct-sun posture,,,,not specified,Environmental scores are skin-type independent.,not personalized
2026-10-03 23:30:00,0.0,0.0,0.0,34.03202,-118.52633,86.0,62.02268600463867,1.0,0.0,0.2041457286432161,0.3431372549019608,0.6913895123444195,0.3086104876555805,0.7258661992806371,0.27322061380787566,0.0,0.0,0.0,37.5,0.0,0.0,0.6,44.2,41.6,373.0,441.0,73.2,5.3,0.0,1360.0,0.17,0.0,0.0,0.0,87.0,87.0,28.0,1.0,145.30867209774996,-55.308672097749955,327.2612177938284,0.0,0.0,0.0,0.0,0.0,0.0,0.3904050947179095,0.0,22.916666666666668,60.5,99.625,0.17,0.2088549,0.19508184,281.83255,0.16226637,0.2,0.0,0.0,0.0,0.0,0.0,33.90384615384615,73.2,47.65,47.65,False,60.5,63.9,2.65,0.5,,100.0,False,50.0,0.0,0.0,0.0,0.0,2026-10-03T23:30,interpolated_hourly,0,NNW,sun below horizon — no direct-sun posture,,,,not specified,Environmental scores are skin-type independent.,not personalized
2026-10-04 00:00:00,0.0,0.0,0.0,34.03202,-118.52633,86.0,62.02268600463867,1.0,0.0,0.19053601340033502,0.32026143790849676,0.6912874923485003,0.3087125076514997,0.7237221674470087,0.27538152874945077,0.0,0.0,0.0,37.0,0.0,0.0,0.6,44.2,41.6,373.0,441.0,73.2,5.3,0.0,1360.0,0.17,0.0,0.0,0.0,87.0,87.0,28.0,1.0,148.71363346545206,-58.713633465452055,339.0689740310032,0.0,0.0,0.0,0.0,0.0,0.0,0.39749086459443883,0.0,22.833333333333332,61.0,99.63,0.17,0.2088549,0.19508184,281.83255,0.16226637,0.2,0.0,0.0,0.0,0.0,0.0,33.87692307692308,73.1,47.6,47.6,False,61.0,63.9,2.4,1.0,,100.0,False,50.0,0.0,0.0,0.0,0.0,2026-10-04T00:00,interpolated_hourly,0,NNW,sun below horizon — no direct-sun posture,,,,not specified,Environmental scores are skin-type independent.,not personalized
2026-10-04 00:30:00,0.0,0.0,0.0,34.03202,-118.52633,86.0,62.02268600463867,1.0,0.0,0.17692629815745395,0.2973856209150327,0.6911854723525811,0.3088145276474189,0.7215781356133802,0.2775424436910259,0.0,0.0,0.0,37.0,0.0,0.0,0.6,44.2,41.6,373.0,441.0,73.2,5.3,0.0,1360.0,0.17,0.0,0.0,0.0,87.0,87.0,28.0,1.0,149.4038981464873,-59.40389814648729,173.825449534033,0.0,0.0,0.0,0.0,0.0,0.0,0.40457663447096814,0.0,22.77777777777778,60.5,99.625,0.17,0.2088549,0.19508184,281.83255,0.16226637,0.2,0.0,0.0,0.0,0.0,0.0,33.85,73.0,47.55,47.55,False,60.5,63.7,2.05,1.0,,100.0,False,50.0,0.0,0.0,0.0,0.0,2026-10-04T00:30,interpolated_hourly,0,S,sun below horizon — no direct-sun posture,,,,not specified,Environmental scores are skin-type independent.,not personalized
2026-10-04 01:00:00,0.0,0.0,0.0,34.03202,-118.52633,86.0,62.02268600463867,1.0,0.0,0.16331658291457288,0.27450980392156865,0.6910834523566619,0.3089165476433381,0.7194341037797518,0.279703358632601,0.0,0.0,0.0,37.0,0.0,0.0,0.6,44.2,41.6,373.0,441.0,73.2,5.3,0.0,1360.0,0.17,0.0,0.0,0.0,87.0,87.0,28.0,1.0,150.09416282752255,-60.09416282752254,8.581925037062774,0.0,0.0,0.0,0.0,0.0,0.0,0.41166240434749746,0.0,22.722222222222225,60.0,99.62,0.17,0.2088549,0.19508184,281.83255,0.16226637,0.2,0.0,0.0,0.0,0.0,0.0,33.823076923076925,72.9,47.5,47.5,False,60.0,63.5,1.7,1.0,,100.0,False,50.0,0.0,0.0,0.0,0.0,2026-10-04T01:00,interpolated_hourly,0,N,sun below horizon — no direct-sun posture,,,,not specified,Environmental scores are skin-type independent.,not personalized
2026-10-04 01:30:00,0.0,0.0,0.0,34.03202,-118.52633,86.0,62.02268600463867,1.0,0.0,0.14970686767169178,0.25163398692810457,0.6909814323607427,0.3090185676392573,0.7172900719461235,0.2818642735741761,0.0,0.0,0.0,37.0,0.0,0.0,0.6,44.2,41.6,373.0,441.0,73.2,5.3,0.0,1360.0,0.17,0.0,0.0,0.0,87.0,87.0,28.0,1.0,147.73731613691706,-57.73731613691703,21.999260293202497,0.0,0.0,0.0,0.0,0.0,0.0,0.41874817422402677,0.0,22.694444444444446,60.0,99.61500000000001,0.17,0.2088549,0.19508184,281.83255,0.16226637,0.2,0.0,0.0,0.0,0.0,0.0,33.79615384615385,72.8,47.45,47.45,False,60.0,63.45,1.6,1.5,,100.0,False,50.0,0.0,0.0,0.0,0.0,2026-10-04T01:30,interpolated_hourly,0,NNE,sun below horizon — no direct-sun posture,,,,not specified,Environmental scores are skin-type independent.,not personalized
2026-10-04 02:00:00,0.0,0.0,0.0,34.03202,-118.52633,86.0,62.02268600463867,1.0,0.0,0.1360971524288107,0.22875816993464054,0.6908794123648235,0.3091205876351765,0.715146040112495,0.2840251885157512,0.0,0.0,0.0,37.0,0.0,0.0,0.6,44.2,41.6,373.0,441.0,73.2,5.3,0.0,1360.0,0.17,0.0,0.0,0.0,87.0,87.0,28.0,1.0,145.38046944631154,-55.38046944631153,35.41659554934222,0.0,0.0,0.0,0.0,0.0,0.0,0.425833944100556,0.0,22.666666666666668,60.0,99.61,0.17,0.2088549,0.19508184,281.83255,0.16226637,0.2,0.0,0.0,0.0,0.0,0.0,33.769230769230774,72.7,47.4,47.4,False,60.0,63.4,1.5,2.0,,100.0,False,50.0,0.0,0.0,0.0,0.0,2026-10-04T02:00,interpolated_hourly,0,NE,sun below horizon — no direct-sun posture,,,,not specified,Environmental scores are skin-type independent.,not personalized
2026-10-04 02:30:00,0.0,0.0,0.0,34.03202,-118.52633,86.0,62.02268600463867,1.0,0.0,0.12248743718592964,0.20588235294117646,0.6907773923689043,0.3092226076310957,0.7130020082788666,0.2861861034573263,0.0,0.0,0.0,37.0,0.0,0.0,0.6,44.2,41.6,373.0,441.0,73.2,5.3,0.0,1360.0,0.17,0.0,0.0,0.0,87.0,87.0,28.0,1.0,140.96122315297134,-50.96122315297133,45.077285730674845,0.0,0.0,0.0,0.0,0.0,0.0,0.43291971397708534,0.0,22.61111111111111,60.0,99.595,0.17,0.2088549,0.19508184,281.83255,0.16226637,0.2,0.0,0.0,0.0,0.0,0.0,33.74230769230769,72.6,47.35,47.35,False,60.0,63.25,1.35,2.0,,100.0,False,50.0,0.0,0.0,0.0,0.0,2026-10-04T02:30,interpolated_hourly,0,NE,sun below horizon — no direct-sun posture,,,,not specified,Environmental scores are skin-type independent.,not personalized
2026-10-04 03:00:00,0.0,0.0,0.0,34.03202,-118.52633,86.0,62.02268600463867,1.0,0.0,0.10887772194304857,0.18300653594771243,0.6906753723729852,0.3093246276270149,0.7108579764452383,0.2883470183989014,0.0,0.0,0.0,37.0,0.0,0.0,0.6,44.2,41.6,373.0,441.0,73.2,5.3,0.0,1360.0,0.17,0.0,0.0,0.0,87.0,87.0,28.0,1.0,136.54197685963112,-46.54197685963112,54.73797591200747,0.0,0.0,0.0,0.0,0.0,0.0,0.44000548385361465,0.0,22.555555555555554,60.0,99.58,0.17,0.2088549,0.19508184,281.83255,0.16226637,0.2,0.0,0.0,0.0,0.0,0.0,33.715384615384615,72.5,47.3,47.3,False,60.0,63.1,1.2,2.0,,100.0,False,50.0,0.0,0.0,0.0,0.0,2026-10-04T03:00,interpolated_hourly,0,NE,sun below horizon — no direct-sun posture,,,,not specified,Environmental scores are skin-type independent.,not personalized
2026-10-04 03:30:00,0.0,0.0,0.0,34.03202,-118.52633,86.0,62.02268600463867,1.0,0.0,0.0952680067001675,0.1601307189542484,0.690573352377066,0.3094266476229341,0.7087139446116099,0.29050793334047653,0.0,0.0,0.0,37.0,0.0,0.0,0.6,44.2,41.6,373.0,441.0,73.2,5.3,0.0,1360.0,0.17,0.0,0.0,0.0,87.0,87.0,28.0,1.0,131.0766054671057,-41.07660546710569,61.551146031171584,0.0,0.0,0.0,0.0,0.0,0.0,0.44709125373014397,0.0,22.5,59.5,99.565,0.17,0.2088549,0.19508184,281.83255,0.16226637,0.2,0.0,0.0,0.0,0.0,0.0,33.68846153846154,72.4,47.25,47.25,False,59.5,62.900000000000006,1.05,2.5,,100.0,False,50.0,0.0,0.0,0.0,0.0,2026-10-04T03:30,interpolated_hourly,0,ENE,sun below horizon — no direct-sun posture,,,,not specified,Environmental scores are skin-type independent.,not personalized
2026-10-04 04:00:00,0.0,0.0,0.0,34.03202,-118.52633,86.0,62.02268600463867,1.0,0.0,0.08165829145728642,0.13725490196078433,0.6904713323811468,0.3095286676188533,0.7065699127779814,0.29266884828205164,0.0,0.0,0.0,37.0,0.0,0.0,0.6,44.2,41.6,373.0,441.0,73.2,5.3,0.0,1360.0,0.17,0.0,0.0,0.0,87.0,87.0,28.0,1.0,125.61123407458027,-35.61123407458027,68.3643161503357,0.0,0.0,0.0,0.0,0.0,0.0,0.4541770236066733,0.0,22.44444444444445,59.0,99.55,0.17,0.2088549,0.19508184,281.83255,0.16226637,0.2,0.0,0.0,0.0,0.0,0.0,33.66153846153846,72.3,47.2,47.2,False,59.0,62.7,0.9,3.0,,100.0,False,50.0,0.0,0.0,0.0,0.0,2026-10-04T04:00,interpolated_hourly,0,ENE,sun below horizon — no direct-sun posture,,,,not specified,Environmental scores are skin-type independent.,not personalized
2026-10-04 04:30:00,0.0,0.0,0.0,34.03202,-118.52633,86.0,62.02268600463867,1.0,0.0,0.06804857621440535,0.1143790849673203,0.6903693123852276,0.3096306876147725,0.7044258809443531,0.29482976322362675,0.0,0.0,0.0,37.0,0.0,0.0,0.6,44.2,41.6,373.0,441.0,73.2,5.3,0.0,1360.0,0.17,0.0,0.0,0.0,87.0,87.0,28.0,1.0,119.65585757358707,-29.65585757358707,73.59027976049651,0.0,0.0,0.0,0.0,0.0,0.0,0.46126279348320254,0.0,22.472222222222225,58.5,99.53999999999999,0.17,0.2088549,0.19508184,281.83255,0.16226637,0.2,0.0,0.0,0.0,0.0,0.0,33.63461538461539,72.2,47.15,47.15,False,58.5,62.6,0.65,3.0,,100.0,False,50.0,0.0,0.0,0.0,0.0,2026-10-04T04:30,interpolated_hourly,0,ENE,sun below horizon — no direct-sun posture,,,,not specified,Environmental scores are skin-type independent.,not personalized
2026-10-04 05:00:00,0.0,0.0,0.0,34.03202,-118.52633,86.0,62.02268600463867,1.0,0.0,0.05443886097152428,0.09150326797385622,0.6902672923893083,0.3097327076106917,0.7022818491107247,0.29699067816520186,0.0,0.0,0.0,37.0,0.0,0.0,0.6,44.2,41.6,373.0,441.0,73.2,5.3,0.0,1360.0,0.17,0.0,0.0,0.0,87.0,87.0,28.0,1.0,113.70048107259387,-23.70048107259387,78.81624337065733,0.0,0.0,0.0,0.0,0.0,0.0,0.46834856335973185,0.0,22.5,58.0,99.53,0.17,0.2088549,0.19508184,281.83255,0.16226637,0.2,0.0,0.0,0.0,0.0,0.0,33.60769230769231,72.10000000000001,47.1,47.1,False,58.0,62.5,0.4,3.0,,100.0,False,50.0,0.0,0.0,0.0,0.0,2026-10-04T05:00,interpolated_hourly,0,E,sun below horizon — no direct-sun posture,,,,not specified,Environmental scores are skin-type independent.,not personalized
2026-10-04 05:30:00,0.0,0.0,0.0,34.03202,-118.52633,86.0,62.02268600463867,1.0,0.0,0.04082914572864321,0.06862745098039214,0.6901652723933891,0.3098347276066109,0.7001378172770962,0.29915159310677697,0.0,0.0,0.0,36.5,0.0,0.0,0.6,44.2,41.6,373.0,441.0,73.2,5.3,0.0,1360.0,0.17,0.0,0.0,0.0,87.0,87.0,28.0,1.0,107.53695107200164,-17.536951072001646,83.26980582406063,0.0,0.0,0.0,0.0,0.0,0.0,0.47543433323626116,0.0,22.611111111111114,56.5,99.535,0.17,0.2088549,0.19508184,281.83255,0.16226637,0.2,0.0,0.0,0.0,0.0,0.0,33.58076923076923,72.0,47.05,47.05,False,56.5,62.35,0.75,3.0,,100.0,False,50.0,0.0,0.0,0.0,0.0,2026-10-04T05:30,interpolated_hourly,0,E,sun below horizon — no direct-sun posture,,,,not specified,Environmental scores are skin-type independent.,not personalized
2026-10-04 06:00:00,0.0,0.0,0.0,34.03202,-118.52633,86.0,62.02268600463867,1.0,0.0,0.02721943048576214,0.045751633986928164,0.6900632523974699,0.3099367476025301,0.6979937854434679,0.3013125080483521,0.0,0.0,0.0,36.0,0.0,0.0,0.6,44.2,41.6,373.0,441.0,73.2,5.3,0.0,1360.0,0.17,0.0,0.0,0.0,87.0,87.0,28.0,1.0,101.37342107140942,-11.37342107140942,87.72336827746392,0.0,0.0,0.0,0.0,0.0,0.0,0.4825201031127905,0.0,22.722222222222225,55.0,99.53999999999999,0.17,0.2088549,0.19508184,281.83255,0.16226637,0.2,0.0,0.0,0.0,0.0,0.0,33.55384615384615,71.9,47.0,47.0,False,55.0,62.2,1.1,3.0,,100.0,False,50.0,0.0,0.0,0.0,0.0,2026-10-04T06:00,interpolated_hourly,0,E,sun below horizon — no direct-sun posture,,,,not specified,Environmental scores are skin-type independent.,not personalized
2026-10-04 06:30:00,0.0,0.5,12.4,34.03202,-118.52633,86.0,62.02268600463867,1.0,0.0,0.01360971524288107,0.022875816993464082,0.6899612324015507,0.3100387675984493,0.6958497536098395,0.3034734229899272,0.0,0.0,0.0,35.0,0.0,0.0,0.675,44.2,41.6,373.0,441.0,73.2,5.3,0.0,1360.0,0.17,0.0,0.0,0.0,87.0,87.0,28.0,1.0,94.99369004341776,-4.993690043417752,91.92683686018907,0.3361376883495406,0.9237314821441265,0.31379389912166256,0.0,0.0,0.0,0.4896058729893198,0.0,22.944444444444446,53.5,99.555,0.17,0.2088549,0.19508184,281.83255,0.16226637,0.2,0.0,0.0,0.0,0.4,3.3999999999999995,33.526923076923076,71.8,46.949999999999996,46.949999999999996,False,53.5,62.150000000000006,1.95,2.5,,100.0,False,50.0,0.0,0.0,0.0,0.0,2026-10-04T06:30,interpolated_hourly,0,E,sun below horizon — no direct-sun posture,,,,not specified,Environmental scores are skin-type independent.,not personalized
2026-10-04 07:00:00,1.0,1.0,24.8,34.03202,-118.52633,86.0,62.02268600463867,1.0,0.0,0.0,0.0,0.6898592124056315,0.3101407875943685,0.693705721776211,0.3056343379315023,0.0,0.0,0.0,34.0,0.0,0.0,0.75,44.2,41.6,373.0,441.0,73.2,5.3,0.0,1360.0,0.17,0.0,0.0,0.0,87.0,87.0,28.0,1.0,88.61395901542609,1.3860409845739157,96.13030544291422,0.6722753766990812,1.847462964288253,0.6275877982433251,0.0,0.0,0.0,0.4966916428658491,0.0,23.166666666666668,52.0,99.57000000000001,0.17,0.2088549,0.19508184,281.83255,0.16226637,0.2,0.772,0.0065,0.4,0.8,6.8,33.5,71.7,46.9,46.9,False,52.0,62.1,2.8,2.0,88.6,100.0,False,50.0,1.2,1.2,0.0,0.0,2026-10-04T07:00,interpolated_hourly,0,E,"sun low 1° (E) — face E, lift torso ~89° toward the sun if comfortable",,,,not specified,Environmental scores are skin-type independent.,not personalized
2026-10-04 07:30:00,1.0,85.65,169.05,34.03202,-118.52633,86.0,62.02268600463867,1.0,0.0,0.25543159130945386,0.25486753909990423,0.6897571924097123,0.3102428075902877,0.6915616899425827,0.3077952528730774,0.5,0.0,0.04999999999999716,33.5,0.0,31.500000000000004,0.875,44.2,41.6,373.0,441.0,73.2,5.3,0.0,1360.0,0.17,0.0,0.0,0.0,87.0,87.0,28.0,1.0,82.65410633459814,7.345893665401853,100.49485429530318,69.02972616767049,174.82544608704183,28.984365561475173,43.5,218.55,13.499999999999998,0.5037774127423784,0.0,23.583333333333336,50.0,99.58000000000001,0.17,0.2088549,0.19508184,281.83255,0.16226637,0.2,2.1318499999999996,0.01505988047761336,2.0019124160035973,9.6,27.500000000000004,40.05,63.3,48.2,48.2,False,50.0,62.2,3.2,2.0,82.7,100.0,False,50.0,5.3,5.3,0.2300815072968708,43.56889420692085,2026-10-04T07:30,interpolated_hourly,0,E,"sun low 7° (E) — face E, lift torso ~83° toward the sun if comfortable",,,,not specified,Environmental scores are skin-type independent.,not personalized
2026-10-04 08:00:00,1.0,170.3,313.3,34.03202,-118.52633,86.0,62.02268600463867,1.0,0.0,0.5108631826189077,0.5097350781998085,0.6896551724137931,0.3103448275862069,0.6894176581089543,0.3099561678146525,1.0,0.0,0.09999999999999432,33.0,0.0,63.0,1.0,44.2,41.6,373.0,441.0,73.2,5.3,0.0,1360.0,0.17,0.0,0.0,0.0,87.0,87.0,28.0,1.0,76.6942536537702,13.305746346229789,104.85940314769215,137.3871769586419,347.8034292097954,57.34114332470702,87.0,437.1,27.0,0.5108631826189077,0.0,24.000000000000004,48.0,99.59,0.17,0.2088549,0.19508184,281.83255,0.16226637,0.2,5.319,0.0295,4.9,18.4,48.2,46.6,54.9,49.5,49.5,False,48.0,62.3,3.6,2.0,76.7,100.0,False,50.0,10.6,10.6,0.55,159.7,2026-10-04T08:00,interpolated_hourly,0,ESE,"sun low 13° (ESE) — face ESE, lift torso ~77° toward the sun if comfortable",,,,not specified,Environmental scores are skin-type independent.,not personalized
2026-10-04 08:30:00,1.0,308.95000000000005,444.79999999999995,34.03202,-118.52633,86.0,62.02268600463867,1.0,0.0,0.591669303552528,0.5908904438370204,0.7634322373696873,0.23656776263031276,0.7633765285122618,0.23643948333929116,1.0,0.0,-1.4210854715202004e-14,33.0,0.0,69.55,1.0,44.2,41.6,373.0,441.0,73.2,5.3,0.0,1360.0,0.17,0.0,0.0,0.0,87.0,87.0,28.0,1.0,70.8695168853416,19.130483114658404,109.81282012554024,240.24356901286689,468.74456535863925,75.82346447801991,194.0,602.75,38.0,0.591669303552528,0.0,24.77777777777778,45.5,99.6,0.17,0.2088549,0.19508184,281.83255,0.16226637,0.2,10.813492382185983,0.12097072706064263,10.456570310067296,28.3,51.95,52.95,55.7,53.9,53.9,False,45.5,62.75,3.2,1.5,70.9,100.0,False,50.0,18.2,18.2,1.2560071417126983,265.4123814527386,2026-10-04T08:30,interpolated_hourly,0,ESE,"sun low 19° (ESE) — face ESE, lift torso ~71° toward the sun if comfortable",,,,not specified,Environmental scores are skin-type independent.,not personalized
2026-10-04 09:00:00,1.0,447.6,576.3,34.03202,-118.52633,86.0,62.02268600463867,1.0,0.0,0.6724754244861483,0.6720458094742322,0.8372093023255814,0.16279069767441862,0.8373353989155693,0.16292279886392977,1.0,0.0,-0.10000000000002274,33.0,0.0,76.1,1.0,44.2,41.6,373.0,441.0,73.2,5.3,0.0,1360.0,0.17,0.0,0.0,0.0,87.0,87.0,28.0,1.0,65.04478011691299,24.955219883087018,114.76623710338833,343.0999610670919,589.685701507483,94.30578563133281,301.0,768.4,49.0,0.6724754244861483,0.0,25.555555555555557,43.0,99.61,0.17,0.2088549,0.19508184,281.83255,0.16226637,0.2,16.967,0.2161,16.5,38.2,55.7,59.3,56.5,58.3,58.3,False,43.0,63.2,2.8,1.0,65.0,100.0,False,50.0,25.5,25.5,2.0,387.3,2026-10-04T09:00,interpolated_hourly,0,ESE,"sun low 25° (ESE) — face ESE, lift torso ~65° toward the sun if comfortable",,,,not specified,Environmental scores are skin-type independent.,not personalized
2026-10-04 09:30:00,1.0,568.95,686.0999999999999,34.03202,-118.52633,86.0,62.02268600463867,1.0,0.0,0.6983990913536058,0.6980658749595059,0.8546046511627907,0.1453953488372093,0.8547253083420463,0.14549055091556717,1.0,0.0,-0.10000000000002274,33.0,0.0,80.4,1.0,44.2,41.6,373.0,441.0,73.2,5.3,0.0,1360.0,0.17,0.0,0.0,0.0,87.0,87.0,28.0,1.0,59.71652780049257,30.283472199507433,120.85421277286119,434.3781075982149,647.2611123825465,104.771621530971,400.5,815.5999999999999,56.5,0.6983990913536058,0.0,26.500000000000004,40.5,99.61,0.17,0.2088549,0.19508184,281.83255,0.16226637,0.2,23.00985730734344,0.4075445137383986,22.443185903066833,47.0,52.1,61.55,57.3,60.05,60.05,False,40.5,63.800000000000004,2.75,1.0,59.7,100.0,False,50.0,31.6,31.6,2.7296517142365397,483.4463184125796,2026-10-04T09:30,interpolated_hourly,0,ESE,"sun 30° up (ESE) — lay flat, or lift torso ~60° toward ESE to face it",,,,not specified,Environmental scores are skin-type independent.,not personalized
2026-10-04 10:00:00,1.0,690.3,795.9,34.03202,-118.52633,86.0,62.02268600463867,1.0,0.0,0.7243227582210634,0.7240859404447795,0.872,0.128,0.8721152177685234,0.12805830296720458,1.0,0.0,-0.10000000000002274,33.0,0.0,84.7,1.0,44.2,41.6,373.0,441.0,73.2,5.3,0.0,1360.0,0.17,0.0,0.0,0.0,87.0,87.0,28.0,1.0,54.38827548407215,35.61172451592785,126.94218844233404,525.6562541293379,704.8365232576099,115.2374574306092,500.0,862.8,64.0,0.7243227582210634,0.0,27.44444444444445,38.0,99.61,0.17,0.2088549,0.19508184,281.83255,0.16226637,0.2,28.896,0.5976,28.3,55.8,48.5,63.8,58.1,61.8,61.8,False,38.0,64.4,2.7,1.0,54.4,100.0,False,50.0,37.2,37.2,3.45,576.3,2026-10-04T10:00,interpolated_hourly,0,SE,"sun 36° up (SE) — lay flat, or lift torso ~54° toward SE to face it",,,,not specified,Environmental scores are skin-type independent.,not personalized
2026-10-04 10:30:00,1.0,786.05,876.5,34.03202,-118.52633,86.0,62.02268600463867,1.0,0.0,0.7375299434108266,0.7373433568068636,0.881619335347432,0.11838066465256797,0.8817007046526358,0.11838605571522812,1.0,0.0,-0.05000000000001137,32.5,0.0,88.5,1.0,44.2,41.6,373.0,441.0,73.2,5.3,0.0,1360.0,0.17,0.0,0.0,0.0,87.0,87.0,28.0,1.0,49.977579029970364,40.022420970029636,134.85742205124095,593.8491428877956,733.9375895399766,121.5471452867036,581.0,888.5999999999999,68.0,0.7375299434108266,0.0,28.16666666666667,36.0,99.60499999999999,0.17,0.2088549,0.19508184,281.83255,0.16226637,0.2,34.45179251154304,0.7809386284215964,33.784239276361255,64.3,46.8,68.4,58.45,64.9,64.9,False,36.0,64.75,3.45,0.5,50.0,100.0,False,50.0,42.4,42.4,4.140580774086228,652.24952131569,2026-10-04T10:30,interpolated_hourly,0,SE,"sun 40° up (SE) — lay flat, or lift torso ~50° toward SE to face it",,,,not specified,Environmental scores are skin-type independent.,not personalized
2026-10-04 11:00:00,1.0,881.8,957.1,34.03202,-118.52633,86.0,62.02268600463867,1.0,0.0,0.7507371286005897,0.7506007731689478,0.8912386706948641,0.10876132930513595,0.8912861915367483,0.10871380846325167,1.0,0.0,0.0,32.0,0.0,92.3,1.0,44.2,41.6,373.0,441.0,73.2,5.3,0.0,1360.0,0.17,0.0,0.0,0.0,87.0,87.0,28.0,1.0,45.566882575868576,44.433117424131424,142.77265566014785,662.0420316462533,763.0386558223432,127.856833142798,662.0,914.4,72.0,0.7507371286005897,0.0,28.88888888888889,34.0,99.6,0.17,0.2088549,0.19508184,281.83255,0.16226637,0.2,39.49,0.9584,38.9,72.8,45.1,73.0,58.8,68.0,68.0,False,34.0,65.1,4.2,0.0,45.6,100.0,False,50.0,47.2,47.2,4.8,718.4,2026-10-04T11:00,interpolated_hourly,0,SE,"sun 44° up (SE) — lay flat, or lift torso ~46° toward SE to face it",,,,not specified,Environmental scores are skin-type independent.,not personalized
2026-10-04 11:30:00,1.0,945.45,1003.0,34.03202,-118.52633,86.0,62.02268600463867,1.0,0.0,0.7638335330843599,0.7637549580402847,0.8990632128984524,0.10093678710154758,0.8990729644639196,0.10092703553608037,1.0,0.0,0.0,30.0,0.0,95.65,1.0,44.2,41.6,373.0,441.0,73.2,5.3,0.0,1360.0,0.17,0.0,0.0,0.0,87.0,87.0,28.0,1.0,42.7332821562062,47.2667178437938,153.01519818059614,701.138019159117,776.3754454672851,131.1241596343349,723.0,938.8499999999999,72.5,0.7638335330843599,0.0,29.194444444444443,33.0,99.57499999999999,0.17,0.2088549,0.19508184,281.83255,0.16226637,0.2,43.22151385031141,1.0934946037606648,43.32048341076376,80.4,53.55,82.65,58.45,74.15,74.15,False,33.0,65.15,4.75,0.0,42.7,100.0,False,50.0,52.6,52.6,5.472744929056083,773.0623986501469,2026-10-04T11:30,interpolated_hourly,0,SSE,"sun 47° up (SSE) — lay flat, or lift torso ~43° toward SSE to face it",,,,not specified,Environmental scores are skin-type independent.,not personalized
2026-10-04 12:00:00,1.0,1009.1,1048.9,34.03202,-118.52633,86.0,62.02268600463867,1.0,0.0,0.77692993756813,0.7769091429116216,0.9068877551020408,0.09311224489795919,0.9068597373910909,0.09314026260890908,1.0,0.0,0.0,28.0,0.0,99.0,1.0,44.2,41.6,373.0,441.0,73.2,5.3,0.0,1360.0,0.17,0.0,0.0,0.0,87.0,87.0,28.0,1.0,39.899681736543826,50.100318263456174,163.25774070104444,740.2340066719806,789.7122351122268,134.39148612587178,784.0,963.3,73.0,0.77692993756813,0.0,29.499999999999996,32.0,99.55,0.17,0.2088549,0.19508184,281.83255,0.16226637,0.2,46.236,1.2195,47.2,88.0,62.0,92.3,58.1,80.3,80.3,False,32.0,65.2,5.3,0.0,39.9,100.0,False,50.0,57.7,57.7,6.1,814.9,2026-10-04T12:00,interpolated_hourly,0,SSE,"sun 50° up (SSE) — lay flat, or lift torso ~40° toward SSE to face it",,,,not specified,Environmental scores are skin-type independent.,not personalized
2026-10-04 12:30:00,1.0,1036.2,1056.95,34.03202,-118.52633,86.0,62.02268600463867,1.0,0.0,0.779699803731869,0.7796282803759986,0.9077708006279435,0.09222919937205651,0.9077625619264624,0.09223743807353758,1.0,0.0,0.0,24.5,0.0,99.05,1.0,44.2,41.6,373.0,441.0,73.2,5.3,0.0,1360.0,0.17,0.0,0.0,0.0,87.0,87.0,28.0,1.0,39.366911732029145,50.633088267970855,175.06467537453963,747.1220226725675,791.8628691731412,134.94661948575077,808.0,967.8,74.5,0.779699803731869,0.0,29.555555555555554,31.0,99.51499999999999,0.17,0.2088549,0.19508184,281.83255,0.16226637,0.2,47.8452662690653,1.270746744248217,48.8611890264247,89.9,66.2,92.9,59.45,81.19999999999999,81.19999999999999,False,31.0,64.85,5.85,0.0,39.4,100.0,False,50.0,59.6,59.6,6.3286201492203675,831.5541284449209,2026-10-04T12:30,interpolated_hourly,0,S,"sun 51° up (S) — lay flat, or lift torso ~39° toward S to face it",,,,not specified,Environmental scores are skin-type independent.,not personalized
2026-10-04 13:00:00,1.0,1063.3,1065.0,34.03202,-118.52633,86.0,62.02268600463867,1.0,0.0,0.7824696698956081,0.7823474178403756,0.9086538461538461,0.09134615384615384,0.9086653864618339,0.09133461353816609,1.0,0.0,0.0,21.0,0.0,99.1,1.0,44.2,41.6,373.0,441.0,73.2,5.3,0.0,1360.0,0.17,0.0,0.0,0.0,87.0,87.0,28.0,1.0,38.834141727514464,51.165858272485536,186.87161004803482,754.0100386731544,794.0135032340555,135.50175284562977,832.0,972.3,76.0,0.7824696698956081,0.0,29.61111111111111,30.0,99.47999999999999,0.17,0.2088549,0.19508184,281.83255,0.16226637,0.2,48.591,1.3105,49.9,91.8,70.4,93.5,60.8,82.1,82.1,False,30.0,64.5,6.4,0.0,38.8,100.0,False,50.0,61.0,61.0,6.5,833.2,2026-10-04T13:00,interpolated_hourly,0,S,"sun 51° up (S) — lay flat, or lift torso ~39° toward S to face it",,,,not specified,Environmental scores are skin-type independent.,not personalized
2026-10-04 13:30:00,1.0,1052.1,1034.6499999999999,34.03202,-118.52633,86.0,62.02268600463867,1.0,0.0,0.7808015560545385,0.7806987512382203,0.9068546666034336,0.09314533339656644,0.9068505868914487,0.09314941310855135,1.0,0.0,0.0,19.0,0.0,99.05,1.0,44.2,41.6,373.0,441.0,73.2,5.3,0.0,1360.0,0.17,0.0,0.0,0.0,87.0,87.0,28.0,1.0,40.77832099381017,49.22167900618983,197.9737096287064,728.1533247826217,785.6441449068291,133.38741160180894,821.5,968.45,76.5,0.7808015560545385,0.0,29.61111111111111,30.0,99.445,0.17,0.2088549,0.19508184,281.83255,0.16226637,0.2,48.23008300090128,1.2828359730775765,49.167638335530384,90.35,73.75,93.05,62.449999999999996,82.35,82.35,False,30.0,64.5,6.75,0.0,40.8,100.0,False,50.0,60.6,60.6,6.353656888701046,815.1364350181617,2026-10-04T13:30,interpolated_hourly,0,SSW,"sun 49° up (SSW) — lay flat, or lift torso ~41° toward SSW to face it",,,,not specified,Environmental scores are skin-type independent.,not personalized
2026-10-04 14:00:00,1.0,1040.9,1004.3,34.03202,-118.52633,86.0,62.02268600463867,1.0,0.0,0.779133442213469,0.779050084636065,0.905055487053021,0.09494451294697903,0.9050357873210635,0.09496421267893661,1.0,0.0,0.0,17.0,0.0,99.0,1.0,44.2,41.6,373.0,441.0,73.2,5.3,0.0,1360.0,0.17,0.0,0.0,0.0,87.0,87.0,28.0,1.0,42.72250026010588,47.27749973989412,209.07580920937798,702.296610892089,777.2747865796025,131.2730703579881,811.0,964.6,77.0,0.779133442213469,0.0,29.61111111111111,30.0,99.41,0.17,0.2088549,0.19508184,281.83255,0.16226637,0.2,47.001,1.2436,47.8,88.9,77.1,92.6,64.1,82.6,82.6,False,30.0,64.5,7.1,0.0,42.7,100.0,False,50.0,59.7,59.7,6.15,782.4,2026-10-04T14:00,interpolated_hourly,0,SSW,"sun 47° up (SSW) — lay flat, or lift torso ~43° toward SSW to face it",,,,not specified,Environmental scores are skin-type independent.,not personalized
2026-10-04 14:30:00,1.0,992.1,937.65,34.03202,-118.52633,86.0,62.02268600463867,1.0,0.0,0.7743859726703941,0.7742552374959889,0.9050070823694857,0.09499291763051432,0.9049947662358824,0.09500523376411765,1.0,0.0,0.0,16.0,0.0,96.4,1.0,44.2,41.6,373.0,441.0,73.2,5.3,0.0,1360.0,0.17,0.0,0.0,0.0,87.0,87.0,28.0,1.0,46.567908237578266,43.432091762421734,217.94341374053226,645.7093633677175,755.6744138234503,126.30512506089468,768.5,958.8,73.0,0.7743859726703941,0.0,29.63888888888889,30.5,99.38,0.17,0.2088549,0.19508184,281.83255,0.16226637,0.2,43.8475903058715,1.063023494474788,44.106902308717025,81.7,75.9,78.8,65.5,74.15,74.15,False,30.5,64.75,7.35,0.0,46.6,100.0,False,50.0,55.2,55.2,5.5993537242034614,732.6593700774027,2026-10-04T14:30,interpolated_hourly,0,SW,"sun 43° up (SW) — lay flat, or lift torso ~47° toward SW to face it",,,,not specified,Environmental scores are skin-type independent.,not personalized
2026-10-04 15:00:00,1.0,943.3,871.0,34.03202,-118.52633,86.0,62.02268600463867,1.0,0.0,0.7696385031273191,0.7694603903559128,0.9049586776859504,0.09504132231404959,0.9049537451507013,0.09504625484929871,1.0,0.0,0.0,15.0,0.0,93.8,1.0,44.2,41.6,373.0,441.0,73.2,5.3,0.0,1360.0,0.17,0.0,0.0,0.0,87.0,87.0,28.0,1.0,50.413316215050656,39.586683784949344,226.81101827168652,589.122115843346,734.0740410672983,121.33717976380126,726.0,953.0,69.0,0.7696385031273191,0.0,29.66666666666667,31.0,99.35,0.17,0.2088549,0.19508184,281.83255,0.16226637,0.2,39.933,0.8732,39.8,74.5,74.7,65.0,66.9,65.7,65.7,False,31.0,65.0,7.6,0.0,50.4,100.0,False,50.0,50.2,50.2,5.0,670.2,2026-10-04T15:00,interpolated_hourly,0,SW,"sun 40° up (SW) — lay flat, or lift torso ~50° toward SW to face it",,,,not specified,Environmental scores are skin-type independent.,not personalized
2026-10-04 15:30:00,1.0,860.2,772.5,34.03202,-118.52633,86.0,62.02268600463867,1.0,0.0,0.759288431849337,0.7590625393916063,0.8949192013859305,0.10508079861406946,0.8949065198206935,0.1050934801793065,1.0,0.0,0.0,15.0,0.0,89.65,1.0,44.2,41.6,373.0,441.0,73.2,5.3,0.0,1360.0,0.17,0.0,0.0,0.0,87.0,87.0,28.0,1.0,55.42366979013276,34.57633020986724,233.57081948155064,506.5041377290844,690.8401396194477,112.8389679129553,654.0,930.05,68.0,0.759288431849337,0.0,29.611111111111114,32.5,99.32,0.17,0.2088549,0.19508184,281.83255,0.16226637,0.2,35.45984094396921,0.7050478290402112,35.21002377382528,66.4,84.2,59.55,68.0,62.55,62.55,False,32.5,65.5,7.8,0.0,55.4,100.0,False,50.0,46.1,46.1,4.391492386177284,591.8369770553934,2026-10-04T15:30,interpolated_hourly,0,SW,"sun 35° up (SW) — lay flat, or lift torso ~55° toward SW to face it",,,,not specified,Environmental scores are skin-type independent.,not personalized
2026-10-04 16:00:00,1.0,777.1,674.0,34.03202,-118.52633,86.0,62.02268600463867,1.0,0.0,0.748938360571355,0.7486646884272997,0.8848797250859106,0.11512027491408934,0.8848592944906857,0.11514070550931431,1.0,0.0,0.0,15.0,0.0,85.5,1.0,44.2,41.6,373.0,441.0,73.2,5.3,0.0,1360.0,0.17,0.0,0.0,0.0,87.0,87.0,28.0,1.0,60.43402336521487,29.565976634785134,240.33062069141477,423.88615961482276,647.606238171597,104.34075606210934,582.0,907.1,67.0,0.748938360571355,0.0,29.555555555555557,34.0,99.28999999999999,0.17,0.2088549,0.19508184,281.83255,0.16226637,0.2,30.455,0.5316,30.2,58.3,93.7,54.1,69.1,59.4,59.4,False,34.0,66.0,8.0,0.0,60.4,100.0,False,50.0,41.3,41.3,3.75,504.6,2026-10-04T16:00,interpolated_hourly,0,WSW,"sun low 30° (WSW) — face WSW, lift torso ~60° toward the sun if comfortable",,,,not specified,Environmental scores are skin-type independent.,not personalized
2026-10-04 16:30:00,1.0,665.4499999999999,550.4,34.03202,-118.52633,86.0,62.02268600463867,1.0,0.0,0.7292904153886028,0.7289480892933125,0.8699207785734897,0.13007922142651032,0.8699156069414116,0.13008439305858843,1.0,0.0,0.0,15.5,0.0,79.6,1.0,44.2,41.6,373.0,441.0,73.2,5.3,0.0,1360.0,0.17,0.0,0.0,0.0,87.0,87.0,28.0,1.0,66.09327138497646,23.906728615023546,245.67615376820947,323.7645931813335,559.9382476184426,90.05277680309673,487.5,869.1,62.0,0.7292904153886028,0.0,29.5,35.0,99.275,0.17,0.2088549,0.19508184,281.83255,0.16226637,0.2,24.686810258872942,0.34404497290260677,24.421737146051946,49.55,96.75,44.150000000000006,70.15,53.3,53.3,False,35.0,66.3,7.6,0.0,66.1,100.0,False,50.0,35.0,35.0,3.030240334926148,405.049731154363,2026-10-04T16:30,interpolated_hourly,0,WSW,"sun low 24° (WSW) — face WSW, lift torso ~66° toward the sun if comfortable",,,,not specified,Environmental scores are skin-type independent.,not personalized
2026-10-04 17:00:00,1.0,553.8,426.8,34.03202,-118.52633,86.0,62.02268600463867,1.0,0.0,0.7096424702058506,0.7092314901593252,0.8549618320610687,0.1450381679389313,0.8549719193921375,0.14502808060786257,1.0,0.0,0.0,16.0,0.0,73.7,1.0,44.2,41.6,373.0,441.0,73.2,5.3,0.0,1360.0,0.17,0.0,0.0,0.0,87.0,87.0,28.0,1.0,71.75251940473805,18.247480595261955,251.02168684500415,223.64302674784426,472.2702570652882,75.76479754408413,393.0,831.1,57.0,0.7096424702058506,0.0,29.444444444444446,36.0,99.26,0.17,0.2088549,0.19508184,281.83255,0.16226637,0.2,18.748,0.1553,18.5,40.8,99.8,34.2,71.2,47.2,47.2,False,36.0,66.6,7.2,0.0,71.8,100.0,False,50.0,28.4,28.4,2.3,302.7,2026-10-04T17:00,interpolated_hourly,0,WSW,"sun low 18° (WSW) — face WSW, lift torso ~72° toward the sun if comfortable",,,,not specified,Environmental scores are skin-type independent.,not personalized
2026-10-04 17:30:00,1.0,421.09999999999997,286.55,34.03202,-118.52633,86.0,62.02268600463867,1.0,0.0,0.6564855901653386,0.6553676247789108,0.8067912608581205,0.19320873914187944,0.8064632324233414,0.19296858575847675,1.0,0.0,0.04999999999999716,17.0,0.0,64.8,1.0,44.2,41.6,373.0,441.0,73.2,5.3,0.0,1360.0,0.17,0.0,0.0,0.0,87.0,87.0,28.0,1.0,77.73072561261574,12.269274387384272,255.56619588233337,128.3732583846805,290.4566823785676,48.48162259628501,283.5,729.55,49.5,0.6564855901653386,0.0,29.38888888888889,36.0,99.26,0.17,0.2088549,0.19508184,281.83255,0.16226637,0.2,12.545920204502108,0.10100718615209303,12.534744450149754,31.299999999999997,99.9,34.1,73.85,48.05,48.05,False,36.0,66.5,5.85,0.5,77.7,100.0,False,50.0,21.6,21.6,1.5766975399351109,189.70126645377042,2026-10-04T17:30,interpolated_hourly,0,WSW,"sun low 12° (WSW) — face WSW, lift torso ~78° toward the sun if comfortable",,,,not specified,Environmental scores are skin-type independent.,not personalized
2026-10-04 18:00:00,1.0,288.4,146.3,34.03202,-118.52633,86.0,62.02268600463867,1.0,0.0,0.6033287101248267,0.6015037593984962,0.7586206896551724,0.2413793103448276,0.7579545454545454,0.2409090909090909,1.0,0.0,0.09999999999999432,18.0,0.0,55.9,1.0,44.2,41.6,373.0,441.0,73.2,5.3,0.0,1360.0,0.17,0.0,0.0,0.0,87.0,87.0,28.0,1.0,83.70893182049342,6.291068179506587,260.11070491966257,33.10349002151675,108.64310769184706,21.19844764848589,174.0,628.0,42.0,0.6033287101248267,0.0,29.333333333333332,36.0,99.26,0.17,0.2088549,0.19508184,281.83255,0.16226637,0.2,7.091,0.0497,7.1,21.8,100.0,34.0,76.5,48.9,48.9,False,36.0,66.4,4.5,1.0,83.7,100.0,False,50.0,14.6,14.6,0.9,88.0,2026-10-04T18:00,interpolated_hourly,0,W,"sun low 6° (W) — face W, lift torso ~84° toward the sun if comfortable",,,,not specified,Environmental scores are skin-type independent.,not personalized
2026-10-04 18:30:00,1.0,162.39999999999998,73.15,34.03202,-118.52633,86.0,62.02268600463867,1.0,0.0,0.4664995198975782,0.578368999421631,0.7543103448275862,0.2456896551724138,0.7542249892223959,0.24465453288067396,0.7251041666666667,0.0,0.04999999999999716,19.0,0.0,44.65,1.0,44.2,41.6,373.0,441.0,73.2,5.3,0.0,1360.0,0.17,0.0,0.0,0.0,87.0,87.0,28.0,1.0,89.96134585646269,0.03865414353731467,264.3194681266177,16.551745010758374,54.32155384592353,10.599223824242944,93.0,374.30000000000007,22.5,0.4664995198975782,0.0,29.25,35.5,99.275,0.17,0.2088549,0.19508184,281.83255,0.16226637,0.2,0.0,0.0,0.0,10.9,50.0,33.95384615384615,76.29230769230769,48.79615384615384,48.79615384615384,False,35.5,66.15,2.8000000000000003,1.0,90.0,100.0,False,50.0,1.7,1.7,0.0,0.0,2026-10-04T18:30,interpolated_hourly,0,W,"sun low 0° (W) — face W, lift torso ~90° toward the sun if comfortable",,,,not specified,Environmental scores are skin-type independent.,not personalized
2026-10-04 19:00:00,0.0,36.4,0.0,34.03202,-118.52633,86.0,62.02268600463867,1.0,0.0,0.32967032967032966,0.5552342394447657,0.75,0.25,0.7504954329902462,0.248399974852257,0.4502083333333333,0.0,0.0,20.0,0.0,33.4,1.0,44.2,41.6,373.0,441.0,73.2,5.3,0.0,1360.0,0.17,0.0,0.0,0.0,87.0,87.0,28.0,1.0,96.21375989243195,-6.213759892431958,268.52823133357293,0.0,0.0,0.0,12.0,120.6,3.0,0.32967032967032966,0.0,29.166666666666668,35.0,99.28999999999999,0.17,0.2088549,0.19508184,281.83255,0.16226637,0.2,0.0,0.0,0.0,0.0,0.0,33.90769230769231,76.08461538461539,48.69230769230769,48.69230769230769,False,35.0,65.9,1.1,1.0,,100.0,False,50.0,0.0,0.0,0.0,0.0,2026-10-04T19:00,interpolated_hourly,0,W,sun below horizon — no direct-sun posture,,,,not specified,Environmental scores are skin-type independent.,not personalized
2026-10-04 19:30:00,0.0,18.2,0.0,34.03202,-118.52633,86.0,62.02268600463867,1.0,0.0,0.3159340659340659,0.5320994794679005,0.746301775147929,0.253698224852071,0.7467658767580967,0.25214541682384006,0.2251041666666667,0.0,0.0,21.0,0.0,16.7,0.8,44.2,41.6,373.0,441.0,73.2,5.3,0.0,1360.0,0.17,0.0,0.0,0.0,87.0,87.0,28.0,1.0,102.4213884587648,-12.421388458764806,272.80426972088264,0.0,0.0,0.0,6.0,60.300000000000004,1.5,0.33499790448723865,0.0,29.000000000000004,35.5,99.305,0.17,0.2088549,0.19508184,281.83255,0.16226637,0.2,0.0,0.0,0.0,0.0,0.0,33.86153846153846,75.87692307692308,48.58846153846154,48.58846153846154,False,35.5,65.80000000000001,1.6,1.5,,100.0,False,50.0,0.0,0.0,0.0,0.0,2026-10-04T19:30,interpolated_hourly,0,W,sun below horizon — no direct-sun posture,,,,not specified,Environmental scores are skin-type independent.,not personalized
2026-10-04 20:00:00,0.0,0.0,0.0,34.03202,-118.52633,86.0,62.02268600463867,1.0,0.0,0.3021978021978022,0.5089647194910353,0.742603550295858,0.257396449704142,0.743036320525947,0.2558908587954231,0.0,0.0,0.0,22.0,0.0,0.0,0.6,44.2,41.6,373.0,441.0,73.2,5.3,0.0,1360.0,0.17,0.0,0.0,0.0,87.0,87.0,28.0,1.0,108.62901702509765,-18.629017025097653,277.08030810819236,0.0,0.0,0.0,0.0,0.0,0.0,0.3403254793041477,0.0,28.83333333333334,36.0,99.32000000000001,0.17,0.2088549,0.19508184,281.83255,0.16226637,0.2,0.0,0.0,0.0,0.0,0.0,33.815384615384616,75.66923076923077,48.48461538461538,48.48461538461538,False,36.0,65.7,2.1,2.0,,100.0,False,50.0,0.0,0.0,0.0,0.0,2026-10-04T20:00,interpolated_hourly,0,W,sun below horizon — no direct-sun posture,,,,not specified,Environmental scores are skin-type independent.,not personalized
2026-10-04 20:30:00,0.0,0.0,0.0,34.03202,-118.52633,86.0,62.02268600463867,1.0,0.0,0.28846153846153844,0.48582995951417,0.738905325443787,0.261094674556213,0.7393067642937975,0.25963630076700617,0.0,0.0,0.0,24.0,0.0,0.0,0.6,44.2,41.6,373.0,441.0,73.2,5.3,0.0,1360.0,0.17,0.0,0.0,0.0,87.0,87.0,28.0,1.0,114.71247296915473,-24.712472969154724,281.87944127008194,0.0,0.0,0.0,0.0,0.0,0.0,0.3456530541210567,0.0,28.472222222222225,37.5,99.34,0.17,0.2088549,0.19508184,281.83255,0.16226637,0.2,0.0,0.0,0.0,0.0,0.0,33.76923076923077,75.46153846153847,48.38076923076923,48.38076923076923,False,37.5,65.7,2.4000000000000004,2.0,,100.0,False,50.0,0.0,0.0,0.0,0.0,2026-10-04T20:30,interpolated_hourly,0,WNW,sun below horizon — no direct-sun posture,,,,not specified,Environmental scores are skin-type independent.,not personalized
2026-10-04 21:00:00,0.0,0.0,0.0,34.03202,-118.52633,86.0,62.02268600463867,1.0,0.0,0.27472527472527475,0.46269519953730476,0.735207100591716,0.26479289940828404,0.7355772080616478,0.2633817427385892,0.0,0.0,0.0,26.0,0.0,0.0,0.6,44.2,41.6,373.0,441.0,73.2,5.3,0.0,1360.0,0.17,0.0,0.0,0.0,87.0,87.0,28.0,1.0,120.7959289132118,-30.795928913211792,286.6785744319715,0.0,0.0,0.0,0.0,0.0,0.0,0.3509806289379657,0.0,28.11111111111111,39.0,99.36,0.17,0.2088549,0.19508184,281.83255,0.16226637,0.2,0.0,0.0,0.0,0.0,0.0,33.723076923076924,75.25384615384615,48.276923076923076,48.276923076923076,False,39.0,65.7,2.7,2.0,,100.0,False,50.0,0.0,0.0,0.0,0.0,2026-10-04T21:00,interpolated_hourly,0,WNW,sun below horizon — no direct-sun posture,,,,not specified,Environmental scores are skin-type independent.,not personalized
2026-10-04 21:30:00,0.0,0.0,0.0,34.03202,-118.52633,86.0,62.02268600463867,1.0,0.0,0.26098901098901095,0.43956043956043955,0.731508875739645,0.26849112426035504,0.7318476518294983,0.26712718471017227,0.0,0.0,0.0,27.0,0.0,0.0,0.6,44.2,41.6,373.0,441.0,73.2,5.3,0.0,1360.0,0.17,0.0,0.0,0.0,87.0,87.0,28.0,1.0,126.53787118700967,-36.53787118700967,292.6672274264837,0.0,0.0,0.0,0.0,0.0,0.0,0.3563082037548747,0.0,27.61111111111111,41.0,99.38499999999999,0.17,0.2088549,0.19508184,281.83255,0.16226637,0.2,0.0,0.0,0.0,0.0,0.0,33.676923076923075,75.04615384615384,48.17307692307692,48.17307692307692,False,41.0,65.6,2.85,2.5,,100.0,False,50.0,0.0,0.0,0.0,0.0,2026-10-04T21:30,interpolated_hourly,0,WNW,sun below horizon — no direct-sun posture,,,,not specified,Environmental scores are skin-type independent.,not personalized
2026-10-04 22:00:00,0.0,0.0,0.0,34.03202,-118.52633,86.0,62.02268600463867,1.0,0.0,0.24725274725274726,0.4164256795835743,0.727810650887574,0.27218934911242604,0.7281180955973487,0.2708726266817553,0.0,0.0,0.0,28.0,0.0,0.0,0.6,44.2,41.6,373.0,441.0,73.2,5.3,0.0,1360.0,0.17,0.0,0.0,0.0,87.0,87.0,28.0,1.0,132.27981346080753,-42.279813460807546,298.6558804209959,0.0,0.0,0.0,0.0,0.0,0.0,0.36163577857178375,0.0,27.11111111111111,43.0,99.41,0.17,0.2088549,0.19508184,281.83255,0.16226637,0.2,0.0,0.0,0.0,0.0,0.0,33.63076923076923,74.83846153846153,48.06923076923077,48.06923076923077,False,43.0,65.5,3.0,3.0,,100.0,False,50.0,0.0,0.0,0.0,0.0,2026-10-04T22:00,interpolated_hourly,0,WNW,sun below horizon — no direct-sun posture,,,,not specified,Environmental scores are skin-type independent.,not personalized
2026-10-04 22:30:00,0.0,0.0,0.0,34.03202,-118.52633,86.0,62.02268600463867,1.0,0.0,0.23351648351648352,0.39329091960670903,0.724112426035503,0.27588757396449703,0.7243885393651991,0.2746180686533384,0.0,0.0,0.0,29.0,0.0,0.0,0.6,44.2,41.6,373.0,441.0,73.2,5.3,0.0,1360.0,0.17,0.0,0.0,0.0,87.0,87.0,28.0,1.0,137.27019078484904,-47.270190784849035,306.9215907490377,0.0,0.0,0.0,0.0,0.0,0.0,0.36696335338869274,0.0,26.666666666666668,45.0,99.43,0.17,0.2088549,0.19508184,281.83255,0.16226637,0.2,0.0,0.0,0.0,0.0,0.0,33.58461538461538,74.63076923076923,47.965384615384615,47.965384615384615,False,45.0,65.45,3.15,3.0,,100.0,False,50.0,0.0,0.0,0.0,0.0,2026-10-04T22:30,interpolated_hourly,0,NW,sun below horizon — no direct-sun posture,,,,not specified,Environmental scores are skin-type independent.,not personalized
2026-10-04 23:00:00,0.0,0.0,0.0,34.03202,-118.52633,86.0,62.02268600463867,1.0,0.0,0.21978021978021978,0.37015615962984383,0.7204142011834319,0.27958579881656803,0.7206589831330495,0.27836351062492143,0.0,0.0,0.0,30.0,0.0,0.0,0.6,44.2,41.6,373.0,441.0,73.2,5.3,0.0,1360.0,0.17,0.0,0.0,0.0,87.0,87.0,28.0,1.0,142.2605681088905,-52.26056810889052,315.1873010770795,0.0,0.0,0.0,0.0,0.0,0.0,0.3722909282056018,0.0,26.222222222222225,47.0,99.45,0.17,0.2088549,0.19508184,281.83255,0.16226637,0.2,0.0,0.0,0.0,0.0,0.0,33.53846153846154,74.42307692307692,47.86153846153846,47.86153846153846,False,47.0,65.4,3.3,3.0,,100.0,False,50.0,0.0,0.0,0.0,0.0,2026-10-04T23:00,interpolated_hourly,0,NW,sun below horizon — no direct-sun posture,,,,not specified,Environmental scores are skin-type independent.,not personalized
2026-10-04 23:30:00,0.0,0.0,0.0,34.03202,-118.52633,86.0,62.02268600463867,1.0,0.0,0.20604395604395603,0.34702139965297857,0.716715976331361,0.28328402366863903,0.7169294269008999,0.2821089525965045,0.0,0.0,0.0,30.0,0.0,0.0,0.6,44.2,41.6,373.0,441.0,73.2,5.3,0.0,1360.0,0.17,0.0,0.0,0.0,87.0,87.0,28.0,1.0,145.68221502094525,-55.68221502094528,327.08726628443674,0.0,0.0,0.0,0.0,0.0,0.0,0.37761850302251077,0.0,25.944444444444446,48.0,99.46000000000001,0.17,0.2088549,0.19508184,281.83255,0.16226637,0.2,0.0,0.0,0.0,0.0,0.0,33.49230769230769,74.21538461538461,47.75769230769231,47.75769230769231,False,48.0,65.30000000000001,3.05,3.0,,100.0,False,50.0,0.0,0.0,0.0,0.0,2026-10-04T23:30,interpolated_hourly,0,NNW,sun below horizon — no direct-sun posture,,,,not specified,Environmental scores are skin-type independent.,not personalized
2026-10-05 00:00:00,0.0,0.0,0.0,34.03202,-118.52633,86.0,62.02268600463867,1.0,0.0,0.1923076923076923,0.32388663967611336,0.7130177514792899,0.2869822485207101,0.7131998706687503,0.28585439456808753,0.0,0.0,0.0,30.0,0.0,0.0,0.6,44.2,41.6,373.0,441.0,73.2,5.3,0.0,1360.0,0.17,0.0,0.0,0.0,87.0,87.0,28.0,1.0,149.10386193300002,-59.10386193300003,338.9872314917939,0.0,0.0,0.0,0.0,0.0,0.0,0.3829460778394198,0.0,25.666666666666668,49.0,99.47,0.17,0.2088549,0.19508184,281.83255,0.16226637,0.2,0.0,0.0,0.0,0.0,0.0,33.44615384615385,74.00769230769231,47.65384615384615,47.65384615384615,False,49.0,65.2,2.8,3.0,,100.0,False,50.0,0.0,0.0,0.0,0.0,2026-10-05T00:00,interpolated_hourly,0,NNW,sun below horizon — no direct-sun posture,,,,not specified,Environmental scores are skin-type independent.,not personalized
2026-10-05 00:30:00,0.0,0.0,0.0,34.03202,-118.52633,86.0,62.02268600463867,1.0,0.0,0.17857142857142858,0.3007518796992481,0.709319526627219,0.2906804733727811,0.7094703144366007,0.2895998365396706,0.0,0.0,0.0,30.0,0.0,0.0,0.6,44.2,41.6,373.0,441.0,73.2,5.3,0.0,1360.0,0.17,0.0,0.0,0.0,87.0,87.0,28.0,1.0,149.78525558657765,-59.78525558657764,173.90922976141505,0.0,0.0,0.0,0.0,0.0,0.0,0.3882736526563288,0.0,25.5,50.0,99.475,0.17,0.2088549,0.19508184,281.83255,0.16226637,0.2,0.0,0.0,0.0,0.0,0.0,33.4,73.8,47.55,47.55,False,50.0,65.2,2.25,3.0,,100.0,False,50.0,0.0,0.0,0.0,0.0,2026-10-05T00:30,interpolated_hourly,0,S,sun below horizon — no direct-sun posture,,,,not specified,Environmental scores are skin-type independent.,not personalized
2026-10-05 01:00:00,0.0,0.0,0.0,34.03202,-118.52633,86.0,62.02268600463867,1.0,0.0,0.16483516483516483,0.27761711972238284,0.7056213017751479,0.2943786982248521,0.7057407582044511,0.2933452785112536,0.0,0.0,0.0,30.0,0.0,0.0,0.6,44.2,41.6,373.0,441.0,73.2,5.3,0.0,1360.0,0.17,0.0,0.0,0.0,87.0,87.0,28.0,1.0,150.46664924015525,-60.46664924015525,8.831228031036176,0.0,0.0,0.0,0.0,0.0,0.0,0.3936012274732378,0.0,25.333333333333332,51.0,99.47999999999999,0.17,0.2088549,0.19508184,281.83255,0.16226637,0.2,0.0,0.0,0.0,0.0,0.0,33.35384615384615,73.59230769230768,47.44615384615385,47.44615384615385,False,51.0,65.2,1.7,3.0,,100.0,False,50.0,0.0,0.0,0.0,0.0,2026-10-05T01:00,interpolated_hourly,0,N,sun below horizon — no direct-sun posture,,,,not specified,Environmental scores are skin-type independent.,not personalized
2026-10-05 01:30:00,0.0,0.0,0.0,34.03202,-118.52633,86.0,62.02268600463867,1.0,0.0,0.1510989010989011,0.25448235974551764,0.7019230769230769,0.2980769230769231,0.7020112019723016,0.2970907204828367,0.0,0.0,0.0,30.0,0.0,0.0,0.6,44.2,41.6,373.0,441.0,73.2,5.3,0.0,1360.0,0.17,0.0,0.0,0.0,87.0,87.0,28.0,1.0,148.07365744063924,-58.07365744063924,22.347173181945834,0.0,0.0,0.0,0.0,0.0,0.0,0.3989288022901468,0.0,25.22222222222222,51.5,99.48499999999999,0.17,0.2088549,0.19508184,281.83255,0.16226637,0.2,0.0,0.0,0.0,0.0,0.0,33.30769230769231,73.38461538461539,47.34230769230769,47.34230769230769,False,51.5,65.15,1.4,3.0,,100.0,False,50.0,0.0,0.0,0.0,0.0,2026-10-05T01:30,interpolated_hourly,0,NNE,sun below horizon — no direct-sun posture,,,,not specified,Environmental scores are skin-type independent.,not personalized
2026-10-05 02:00:00,0.0,0.0,0.0,34.03202,-118.52633,86.0,62.02268600463867,1.0,0.0,0.13736263736263735,0.23134759976865238,0.6982248520710059,0.30177514792899407,0.698281645740152,0.3008361624544197,0.0,0.0,0.0,30.0,0.0,0.0,0.6,44.2,41.6,373.0,441.0,73.2,5.3,0.0,1360.0,0.17,0.0,0.0,0.0,87.0,87.0,28.0,1.0,145.68066564112323,-55.68066564112322,35.86311833285549,0.0,0.0,0.0,0.0,0.0,0.0,0.40425637710705586,0.0,25.111111111111114,52.0,99.49,0.17,0.2088549,0.19508184,281.83255,0.16226637,0.2,0.0,0.0,0.0,0.0,0.0,33.26153846153846,73.17692307692307,47.23846153846154,47.23846153846154,False,52.0,65.1,1.1,3.0,,100.0,False,50.0,0.0,0.0,0.0,0.0,2026-10-05T02:00,interpolated_hourly,0,NE,sun below horizon — no direct-sun posture,,,,not specified,Environmental scores are skin-type independent.,not personalized
2026-10-05 02:30:00,0.0,0.0,0.0,34.03202,-118.52633,86.0,62.02268600463867,1.0,0.0,0.12362637362637363,0.20821283979178717,0.6945266272189349,0.30547337278106507,0.6945520895080024,0.3045816044260028,0.0,0.0,0.0,29.0,0.0,0.0,0.6,44.2,41.6,373.0,441.0,73.2,5.3,0.0,1360.0,0.17,0.0,0.0,0.0,87.0,87.0,28.0,1.0,141.22659999156554,-51.22659999156554,45.531818899057214,0.0,0.0,0.0,0.0,0.0,0.0,0.40958395192396485,0.0,25.0,52.0,99.49,0.17,0.2088549,0.19508184,281.83255,0.16226637,0.2,0.0,0.0,0.0,0.0,0.0,33.215384615384615,72.96923076923076,47.13461538461539,47.13461538461539,False,52.0,64.94999999999999,1.2000000000000002,3.0,,100.0,False,50.0,0.0,0.0,0.0,0.0,2026-10-05T02:30,interpolated_hourly,0,NE,sun below horizon — no direct-sun posture,,,,not specified,Environmental scores are skin-type independent.,not personalized
2026-10-05 03:00:00,0.0,0.0,0.0,34.03202,-118.52633,86.0,62.02268600463867,1.0,0.0,0.10989010989010989,0.18507807981492191,0.6908284023668639,0.30917159763313606,0.6908225332758527,0.3083270463975858,0.0,0.0,0.0,28.0,0.0,0.0,0.6,44.2,41.6,373.0,441.0,73.2,5.3,0.0,1360.0,0.17,0.0,0.0,0.0,87.0,87.0,28.0,1.0,136.77253434200787,-46.772534342007866,55.200519465258935,0.0,0.0,0.0,0.0,0.0,0.0,0.41491152674087384,0.0,24.88888888888889,52.0,99.49,0.17,0.2088549,0.19508184,281.83255,0.16226637,0.2,0.0,0.0,0.0,0.0,0.0,33.169230769230765,72.76153846153846,47.03076923076923,47.03076923076923,False,52.0,64.8,1.3,3.0,,100.0,False,50.0,0.0,0.0,0.0,0.0,2026-10-05T03:00,interpolated_hourly,0,NE,sun below horizon — no direct-sun posture,,,,not specified,Environmental scores are skin-type independent.,not personalized
2026-10-05 03:30:00,0.0,0.0,0.0,34.03202,-118.52633,86.0,62.02268600463867,1.0,0.0,0.09615384615384615,0.16194331983805665,0.6871301775147929,0.3128698224852071,0.6870929770437032,0.3120724883691689,0.0,0.0,0.0,29.0,0.0,0.0,0.6,44.2,41.6,373.0,441.0,73.2,5.3,0.0,1360.0,0.17,0.0,0.0,0.0,87.0,87.0,28.0,1.0,131.28454930113963,-41.28454930113962,61.99532155118152,0.0,0.0,0.0,0.0,0.0,0.0,0.4202391015577829,0.0,24.86111111111111,51.5,99.49,0.17,0.2088549,0.19508184,281.83255,0.16226637,0.2,0.0,0.0,0.0,0.0,0.0,33.12307692307692,72.55384615384615,46.92692307692308,46.92692307692308,False,51.5,64.6,1.4500000000000002,3.0,,100.0,False,50.0,0.0,0.0,0.0,0.0,2026-10-05T03:30,interpolated_hourly,0,ENE,sun below horizon — no direct-sun posture,,,,not specified,Environmental scores are skin-type independent.,not personalized
2026-10-05 04:00:00,0.0,0.0,0.0,34.03202,-118.52633,86.0,62.02268600463867,1.0,0.0,0.0824175824175824,0.13880855986119145,0.6834319526627219,0.3165680473372781,0.6833634208115535,0.3158179303407519,0.0,0.0,0.0,30.0,0.0,0.0,0.6,44.2,41.6,373.0,441.0,73.2,5.3,0.0,1360.0,0.17,0.0,0.0,0.0,87.0,87.0,28.0,1.0,125.79656426027138,-35.79656426027138,68.7901236371041,0.0,0.0,0.0,0.0,0.0,0.0,0.4255666763746919,0.0,24.833333333333336,51.0,99.49,0.17,0.2088549,0.19508184,281.83255,0.16226637,0.2,0.0,0.0,0.0,0.0,0.0,33.07692307692307,72.34615384615384,46.823076923076925,46.823076923076925,False,51.0,64.4,1.6,3.0,,100.0,False,50.0,0.0,0.0,0.0,0.0,2026-10-05T04:00,interpolated_hourly,0,ENE,sun below horizon — no direct-sun posture,,,,not specified,Environmental scores are skin-type independent.,not personalized
2026-10-05 04:30:00,0.0,0.0,0.0,34.03202,-118.52633,86.0,62.02268600463867,1.0,0.0,0.06868131868131866,0.11567379988432619,0.6797337278106509,0.3202662721893491,0.679633864579404,0.31956337231233495,0.0,0.0,0.0,33.5,0.0,0.0,0.6,44.2,41.6,373.0,441.0,73.2,5.3,0.0,1360.0,0.17,0.0,0.0,0.0,87.0,87.0,28.0,1.0,119.82894220072637,-29.828942200726374,73.99866698209769,0.0,0.0,0.0,0.0,0.0,0.0,0.4308942511916009,0.0,24.861111111111114,50.5,99.495,0.17,0.2088549,0.19508184,281.83255,0.16226637,0.2,0.0,0.0,0.0,0.0,0.0,33.03076923076923,72.13846153846154,46.71923076923077,46.71923076923077,False,50.5,64.30000000000001,1.85,3.0,,100.0,False,50.0,0.0,0.0,0.0,0.0,2026-10-05T04:30,interpolated_hourly,0,ENE,sun below horizon — no direct-sun posture,,,,not specified,Environmental scores are skin-type independent.,not personalized
2026-10-05 05:00:00,0.0,0.0,0.0,34.03202,-118.52633,86.0,62.02268600463867,1.0,0.0,0.054945054945054916,0.09253903990746093,0.6760355029585798,0.3239644970414201,0.6759043083472545,0.323308814283918,0.0,0.0,0.0,37.0,0.0,0.0,0.6,44.2,41.6,373.0,441.0,73.2,5.3,0.0,1360.0,0.17,0.0,0.0,0.0,87.0,87.0,28.0,1.0,113.86132014118137,-23.861320141181366,79.20721032709127,0.0,0.0,0.0,0.0,0.0,0.0,0.4362218260085099,0.0,24.88888888888889,50.0,99.5,0.17,0.2088549,0.19508184,281.83255,0.16226637,0.2,0.0,0.0,0.0,0.0,0.0,32.98461538461538,71.93076923076923,46.61538461538462,46.61538461538462,False,50.0,64.2,2.1,3.0,,100.0,False,50.0,0.0,0.0,0.0,0.0,2026-10-05T05:00,interpolated_hourly,0,E,sun below horizon — no direct-sun posture,,,,not specified,Environmental scores are skin-type independent.,not personalized
2026-10-05 05:30:00,0.0,0.0,0.0,34.03202,-118.52633,86.0,62.02268600463867,1.0,0.0,0.04120879120879123,0.06940427993059572,0.6723372781065089,0.3276627218934911,0.6721747521151048,0.32705425625550105,0.0,0.0,0.0,40.0,0.0,0.0,0.6,44.2,41.6,373.0,441.0,73.2,5.3,0.0,1360.0,0.17,0.0,0.0,0.0,87.0,87.0,28.0,1.0,107.69314338697868,-17.693143386978683,83.64983900032865,0.0,0.0,0.0,0.0,0.0,0.0,0.44154940082541894,0.0,25.000000000000004,49.5,99.52,0.17,0.2088549,0.19508184,281.83255,0.16226637,0.2,0.0,0.0,0.0,0.0,0.0,32.93846153846154,71.72307692307692,46.511538461538464,46.511538461538464,False,49.5,64.25,1.9,3.5,,100.0,False,50.0,0.0,0.0,0.0,0.0,2026-10-05T05:30,interpolated_hourly,0,E,sun below horizon — no direct-sun posture,,,,not specified,Environmental scores are skin-type independent.,not personalized
2026-10-05 06:00:00,0.0,0.0,0.0,34.03202,-118.52633,86.0,62.02268600463867,1.0,0.0,0.027472527472527486,0.04626951995373052,0.6686390532544378,0.3313609467455621,0.6684451958829553,0.3307996982270841,0.0,0.0,0.0,43.0,0.0,0.0,0.6,44.2,41.6,373.0,441.0,73.2,5.3,0.0,1360.0,0.17,0.0,0.0,0.0,87.0,87.0,28.0,1.0,101.524966632776,-11.524966632775998,88.09246767356603,0.0,0.0,0.0,0.0,0.0,0.0,0.4468769756423279,0.0,25.111111111111114,49.0,99.53999999999999,0.17,0.2088549,0.19508184,281.83255,0.16226637,0.2,0.0,0.0,0.0,0.0,0.0,32.89230769230769,71.5153846153846,46.40769230769231,46.40769230769231,False,49.0,64.3,1.7,4.0,,100.0,False,50.0,0.0,0.0,0.0,0.0,2026-10-05T06:00,interpolated_hourly,0,E,sun below horizon — no direct-sun posture,,,,not specified,Environmental scores are skin-type independent.,not personalized
2026-10-05 06:30:00,0.0,0.4,10.55,34.03202,-118.52633,86.0,62.02268600463867,1.0,0.0,0.013736263736263743,0.023134759976865205,0.6649408284023669,0.3350591715976331,0.6647156396508056,0.33454514019866716,0.0,0.0,0.0,46.5,0.0,0.0,0.675,44.2,41.6,373.0,441.0,73.2,5.3,0.0,1360.0,0.17,0.0,0.0,0.0,87.0,87.0,28.0,1.0,95.13909920954245,-5.13909920954245,92.29164542709199,0.2557860342276291,0.6938748886938395,0.24068836224207865,0.0,0.0,0.0,0.45220455045923696,0.0,25.27777777777778,48.0,99.57,0.17,0.2088549,0.19508184,281.83255,0.16226637,0.2,0.0,0.0,0.0,0.45,3.3999999999999995,32.84615384615385,71.3076923076923,46.30384615384616,46.30384615384616,False,48.0,64.25,1.5,5.0,,100.0,False,50.0,0.0,0.0,0.0,0.0,2026-10-05T06:30,interpolated_hourly,0,E,sun below horizon — no direct-sun posture,,,,not specified,Environmental scores are skin-type independent.,not personalized
2026-10-05 07:00:00,1.0,0.8,21.1,34.03202,-118.52633,86.0,62.02268600463867,1.0,0.0,0.0,0.0,0.6612426035502958,0.33875739644970415,0.6609860834186561,0.3382905821702502,0.0,0.0,0.0,50.0,0.0,0.0,0.75,44.2,41.6,373.0,441.0,73.2,5.3,0.0,1360.0,0.17,0.0,0.0,0.0,87.0,87.0,28.0,1.0,88.7532317863089,1.2467682136910987,96.49082318061795,0.5115720684552582,1.387749777387679,0.4813767244841573,0.0,0.0,0.0,0.45753212527614595,0.0,25.444444444444443,47.0,99.6,0.17,0.2088549,0.19508184,281.83255,0.16226637,0.2,0.849,0.015,0.4,0.9,6.8,32.8,71.1,46.2,46.2,False,47.0,64.2,1.3,6.0,88.8,100.0,False,50.0,1.2,1.2,0.0,0.0,2026-10-05T07:00,interpolated_hourly,0,E,"sun low 1° (E) — face E, lift torso ~89° toward the sun if comfortable",,,,not specified,Environmental scores are skin-type independent.,not personalized
2026-10-05 07:30:00,1.0,83.69999999999999,165.29999999999998,34.03202,-118.52633,86.0,62.02268600463867,1.0,0.0,0.234093637454982,0.23360258481421647,0.6575443786982249,0.34245562130177515,0.6572565271865064,0.34203602414183326,0.5,0.0,0.04999999999999716,53.5,0.0,29.05,0.875,44.2,41.6,373.0,441.0,73.2,5.3,0.0,1360.0,0.17,0.0,0.0,0.0,87.0,87.0,28.0,1.0,82.80778415287409,7.192215847125919,100.85681156488758,67.57188916311186,172.23169099511543,28.56770340892807,39.0,187.8,13.499999999999998,0.462859700093055,0.0,25.77777777777778,45.5,99.625,0.17,0.2088549,0.19508184,281.83255,0.16226637,0.2,2.0698999999999996,0.021292997675292222,1.895071732498136,9.450000000000001,26.85,38.9,63.4,47.45,47.45,False,45.5,64.25,1.4500000000000002,6.5,82.8,100.0,False,50.0,5.1,5.1,0.2091650066335189,39.06299988962888,2026-10-05T07:30,interpolated_hourly,0,E,"sun low 7° (E) — face E, lift torso ~83° toward the sun if comfortable",,,,not specified,Environmental scores are skin-type independent.,not personalized
2026-10-05 08:00:00,1.0,166.6,309.5,34.03202,-118.52633,86.0,62.02268600463867,1.0,0.0,0.468187274909964,0.46720516962843295,0.6538461538461539,0.34615384615384615,0.6535269709543569,0.3457814661134163,1.0,0.0,0.09999999999999432,57.0,0.0,58.1,1.0,44.2,41.6,373.0,441.0,73.2,5.3,0.0,1360.0,0.17,0.0,0.0,0.0,87.0,87.0,28.0,1.0,76.86233651943927,13.137663480560738,105.2227999491572,134.63220625776847,343.0756322128432,56.654030093371986,78.0,375.6,27.0,0.468187274909964,0.0,26.11111111111111,44.0,99.65,0.17,0.2088549,0.19508184,281.83255,0.16226637,0.2,5.065,0.0359,4.6,18.0,46.9,45.0,55.7,48.7,48.7,False,44.0,64.3,1.6,7.0,76.9,100.0,False,50.0,10.1,10.1,0.5,144.6,2026-10-05T08:00,interpolated_hourly,0,ESE,"sun low 13° (ESE) — face ESE, lift torso ~77° toward the sun if comfortable",,,,not specified,Environmental scores are skin-type independent.,not personalized
2026-10-05 08:30:00,1.0,305.20000000000005,440.95,34.03202,-118.52633,86.0,62.02268600463867,1.0,0.0,0.554057585179182,0.5533964352684444,0.7371343445287107,0.26286565547128926,0.7368973286894155,0.2626203151381067,1.0,0.0,0.10000000000000853,60.5,0.0,66.1,1.0,44.2,41.6,373.0,441.0,73.2,5.3,0.0,1360.0,0.17,0.0,0.0,0.0,87.0,87.0,28.0,1.0,71.05147103215012,18.948528967849875,110.18153813370145,237.22975719871118,465.1490790019422,75.27373692545254,181.0,546.25,39.0,0.554057585179182,0.0,26.694444444444443,42.0,99.67500000000001,0.17,0.2088549,0.19508184,281.83255,0.16226637,0.2,10.226380925044838,0.11734812700003422,10.0246847295141,27.85,50.550000000000004,51.55,59.85,54.45,54.45,False,42.0,64.55,1.95,7.5,71.1,100.0,False,50.0,17.7,17.7,1.2280046776897677,246.44265470084935,2026-10-05T08:30,interpolated_hourly,0,ESE,"sun low 19° (ESE) — face ESE, lift torso ~71° toward the sun if comfortable",,,,not specified,Environmental scores are skin-type independent.,not personalized
2026-10-05 09:00:00,1.0,443.8,572.4,34.03202,-118.52633,86.0,62.02268600463867,1.0,0.0,0.6399278954484001,0.6395877009084557,0.8204225352112676,0.1795774647887324,0.8202676864244741,0.17945916416279706,1.0,0.0,0.10000000000002274,64.0,0.0,74.1,1.0,44.2,41.6,373.0,441.0,73.2,5.3,0.0,1360.0,0.17,0.0,0.0,0.0,87.0,87.0,28.0,1.0,65.24060554486098,24.75939445513901,115.1402763182457,339.8273081396539,587.2225257910412,93.89344375753308,284.0,716.9,51.0,0.6399278954484001,0.0,27.277777777777775,40.0,99.7,0.17,0.2088549,0.19508184,281.83255,0.16226637,0.2,16.127,0.203,16.0,37.7,54.2,58.1,64.0,60.2,60.2,False,40.0,64.8,2.3,8.0,65.2,100.0,False,50.0,25.1,25.1,2.0,366.1,2026-10-05T09:00,interpolated_hourly,0,ESE,"sun low 25° (ESE) — face ESE, lift torso ~65° toward the sun if comfortable",,,,not specified,Environmental scores are skin-type independent.,not personalized
2026-10-05 09:30:00,1.0,565.05,682.0999999999999,34.03202,-118.52633,86.0,62.02268600463867,1.0,0.0,0.6660225226914156,0.6657776847558192,0.8407375833951075,0.15926241660489251,0.8405956063076925,0.15917656145719702,1.0,0.0,0.10000000000002274,68.0,0.0,78.3,1.0,44.2,41.6,373.0,441.0,73.2,5.3,0.0,1360.0,0.17,0.0,0.0,0.0,87.0,87.0,28.0,1.0,59.93347516143892,30.066524838561072,121.23234985063922,430.9478148650311,645.2681393157692,104.40449696805015,379.5,765.75,58.5,0.6660225226914156,0.0,28.02777777777778,38.0,99.725,0.17,0.2088549,0.19508184,281.83255,0.16226637,0.2,21.991955542745266,0.38985723770884045,21.856122921427684,46.55,50.5,60.55,66.7,62.7,62.7,False,38.0,65.19999999999999,2.8,8.5,59.9,100.0,False,50.0,31.2,31.2,2.729251053966834,458.4269702846073,2026-10-05T09:30,interpolated_hourly,0,ESE,"sun 30° up (ESE) — lay flat, or lift torso ~60° toward ESE to face it",,,,not specified,Environmental scores are skin-type independent.,not personalized
2026-10-05 10:00:00,1.0,686.3,791.8,34.03202,-118.52633,86.0,62.02268600463867,1.0,0.0,0.6921171499344311,0.6919676686031826,0.8610526315789474,0.13894736842105262,0.8609235261909107,0.138893958751597,1.0,0.0,0.10000000000002274,72.0,0.0,82.5,1.0,44.2,41.6,373.0,441.0,73.2,5.3,0.0,1360.0,0.17,0.0,0.0,0.0,87.0,87.0,28.0,1.0,54.626344778016865,35.373655221983135,127.32442338303275,522.0683215904082,703.3137528404973,114.91555017856723,475.0,814.6,66.0,0.6921171499344311,0.0,28.77777777777778,36.0,99.75,0.17,0.2088549,0.19508184,281.83255,0.16226637,0.2,27.72,0.5755,27.6,55.4,46.8,63.0,69.4,65.2,65.2,False,36.0,65.6,3.3,9.0,54.6,100.0,False,50.0,36.7,36.7,3.45,547.9,2026-10-05T10:00,interpolated_hourly,0,SE,"sun 35° up (SE) — lay flat, or lift torso ~55° toward SE to face it",,,,not specified,Environmental scores are skin-type independent.,not personalized
2026-10-05 10:30:00,1.0,781.9,872.2,34.03202,-118.52633,86.0,62.02268600463867,1.0,0.0,0.7050329339415745,0.7048962844380599,0.8710025062656641,0.12899749373433583,0.8709414355142913,0.1289673069569626,1.0,0.0,0.05000000000001137,74.0,0.0,86.15,1.0,44.2,41.6,373.0,441.0,73.2,5.3,0.0,1360.0,0.17,0.0,0.0,0.0,87.0,87.0,28.0,1.0,50.24420642837732,39.75579357162268,135.2284737266008,590.1044153759221,732.6079984837816,121.23821294654053,552.5,839.75,70.5,0.7050329339415745,0.0,29.38888888888889,34.0,99.76,0.17,0.2088549,0.19508184,281.83255,0.16226637,0.2,33.20558629583989,0.7323129019152119,33.06687562257287,63.8,45.0,65.65,70.4,67.30000000000001,67.30000000000001,False,34.0,65.69999999999999,3.65,9.5,50.2,100.0,False,50.0,41.9,41.9,4.140621918169075,620.5234428333054,2026-10-05T10:30,interpolated_hourly,0,SE,"sun 40° up (SE) — lay flat, or lift torso ~50° toward SE to face it",,,,not specified,Environmental scores are skin-type independent.,not personalized
2026-10-05 11:00:00,1.0,877.5,952.6,34.03202,-118.52633,86.0,62.02268600463867,1.0,0.0,0.717948717948718,0.7178249002729371,0.8809523809523809,0.11904761904761904,0.8809593448376719,0.11904065516232819,1.0,0.0,0.0,76.0,0.0,89.8,1.0,44.2,41.6,373.0,441.0,73.2,5.3,0.0,1360.0,0.17,0.0,0.0,0.0,87.0,87.0,28.0,1.0,45.86206807873777,44.13793192126223,143.13252407016887,658.1405091614361,761.9022441270658,127.56087571451383,630.0,864.9,75.0,0.717948717948718,0.0,30.0,32.0,99.77000000000001,0.17,0.2088549,0.19508184,281.83255,0.16226637,0.2,38.191,0.8836,38.2,72.2,43.2,68.3,71.4,69.4,69.4,False,32.0,65.8,4.0,10.0,45.9,100.0,False,50.0,46.5,46.5,4.8,683.8,2026-10-05T11:00,interpolated_hourly,0,SE,"sun 44° up (SE) — lay flat, or lift torso ~46° toward SE to face it",,,,not specified,Environmental scores are skin-type independent.,not personalized
2026-10-05 11:30:00,1.0,940.95,998.3499999999999,34.03202,-118.52633,86.0,62.02268600463867,1.0,0.0,0.7288469197071348,0.728752503771178,0.8893321797090303,0.11066782029096968,0.8893337446705516,0.11066625532944845,1.0,0.0,0.0,73.0,0.0,93.0,1.0,44.2,41.6,373.0,441.0,73.2,5.3,0.0,1360.0,0.17,0.0,0.0,0.0,87.0,87.0,28.0,1.0,43.058696748448625,46.941303251551375,153.3226963966104,697.0713611243054,775.2986530826872,130.82638806789151,686.5,886.65,75.5,0.7288469197071348,0.0,30.333333333333336,31.0,99.755,0.17,0.2088549,0.19508184,281.83255,0.16226637,0.2,41.97073963244211,1.0404500850666505,42.599371265795284,79.80000000000001,51.75,79.0,69.65,75.75,75.75,False,31.0,65.85,4.25,10.5,43.1,100.0,False,50.0,52.0,52.0,5.4731460485625645,734.247161327826,2026-10-05T11:30,interpolated_hourly,0,SSE,"sun 47° up (SSE) — lay flat, or lift torso ~43° toward SSE to face it",,,,not specified,Environmental scores are skin-type independent.,not personalized
2026-10-05 12:00:00,1.0,1004.4,1044.1,34.03202,-118.52633,86.0,62.02268600463867,1.0,0.0,0.7397451214655516,0.7396801072694187,0.8977119784656796,0.10228802153432032,0.8977081445034313,0.1022918554965687,1.0,0.0,0.0,70.0,0.0,96.2,1.0,44.2,41.6,373.0,441.0,73.2,5.3,0.0,1360.0,0.17,0.0,0.0,0.0,87.0,87.0,28.0,1.0,40.25532541815949,49.74467458184051,163.51286872305195,736.0022130871747,788.6950620383086,134.0919004212692,743.0,908.4,76.0,0.7397451214655516,0.0,30.666666666666668,30.0,99.74,0.17,0.2088549,0.19508184,281.83255,0.16226637,0.2,45.042,1.1885,46.5,87.4,60.3,89.7,67.9,82.1,82.1,False,30.0,65.9,4.5,11.0,40.3,100.0,False,50.0,57.1,57.1,6.1,772.3,2026-10-05T12:00,interpolated_hourly,0,SSE,"sun 50° up (SSE) — lay flat, or lift torso ~40° toward SSE to face it",,,,not specified,Environmental scores are skin-type independent.,not personalized
2026-10-05 12:30:00,1.0,1031.35,1051.9499999999998,34.03202,-118.52633,86.0,62.02268600463867,1.0,0.0,0.7412228394817129,0.7411365246669797,0.8986015363066311,0.1013984636933688,0.8985999426456165,0.10140005735438345,1.0,0.0,0.0,65.5,0.0,96.25,1.0,44.2,41.6,373.0,441.0,73.2,5.3,0.0,1360.0,0.17,0.0,0.0,0.0,87.0,87.0,28.0,1.0,39.73974107074569,50.26025892925431,175.22091271904878,742.7233769312039,790.8125307698514,134.63552845217782,764.5,911.3,77.5,0.7412228394817129,0.0,30.861111111111114,29.5,99.71,0.17,0.2088549,0.19508184,281.83255,0.16226637,0.2,46.47700844689452,1.2235173990014199,47.90147593810493,89.05000000000001,63.5,90.80000000000001,68.55000000000001,83.05,83.05,False,29.5,66.0,5.0,11.0,39.7,100.0,False,50.0,58.7,58.7,6.27856951743411,786.7940426798679,2026-10-05T12:30,interpolated_hourly,0,S,"sun 50° up (S) — lay flat, or lift torso ~40° toward S to face it",,,,not specified,Environmental scores are skin-type independent.,not personalized
2026-10-05 13:00:00,1.0,1058.3,1059.8,34.03202,-118.52633,86.0,62.02268600463867,1.0,0.0,0.742700557497874,0.7425929420645405,0.8994910941475827,0.1005089058524173,0.8994917407878017,0.10050825921219822,1.0,0.0,0.0,61.0,0.0,96.3,1.0,44.2,41.6,373.0,441.0,73.2,5.3,0.0,1360.0,0.17,0.0,0.0,0.0,87.0,87.0,28.0,1.0,39.22415672333189,50.77584327666811,186.9289567150456,749.4445407752331,792.9299995013941,135.17915648308644,786.0,914.2,79.0,0.742700557497874,0.0,31.05555555555556,29.0,99.67999999999999,0.17,0.2088549,0.19508184,281.83255,0.16226637,0.2,47.068,1.2474,48.6,90.7,66.7,91.9,69.2,84.0,84.0,False,29.0,66.1,5.5,11.0,39.2,100.0,False,50.0,59.8,59.8,6.4,787.0,2026-10-05T13:00,interpolated_hourly,0,S,"sun 51° up (S) — lay flat, or lift torso ~39° toward S to face it",,,,not specified,Environmental scores are skin-type independent.,not personalized
2026-10-05 13:30:00,1.0,1046.85,1029.25,34.03202,-118.52633,86.0,62.02268600463867,1.0,0.0,0.7402898190232271,0.7401760144386986,0.8973895261313829,0.10261047386861702,0.8973571624677337,0.10264283753226633,1.0,0.0,-5.684341886080802e-14,59.5,0.0,96.25,1.0,44.2,41.6,373.0,441.0,73.2,5.3,0.0,1360.0,0.17,0.0,0.0,0.0,87.0,87.0,28.0,1.0,41.16428775872219,48.83571224127781,197.93879791834215,723.4313488638693,784.4274865110576,133.04352897195417,775.0,909.1500000000001,79.5,0.7402898190232271,0.0,31.08333333333334,29.0,99.655,0.17,0.2088549,0.19508184,281.83255,0.16226637,0.2,46.330457918254076,1.2031326439624341,47.81579464090516,88.85,69.30000000000001,90.6,69.80000000000001,83.35,83.35,False,29.0,66.1,6.15,11.0,41.2,100.0,False,50.0,59.2,59.2,6.278349356905079,768.8274756151369,2026-10-05T13:30,interpolated_hourly,0,SSW,"sun 49° up (SSW) — lay flat, or lift torso ~41° toward SSW to face it",,,,not specified,Environmental scores are skin-type independent.,not personalized
2026-10-05 14:00:00,1.0,1035.4,998.7,34.03202,-118.52633,86.0,62.02268600463867,1.0,0.0,0.7378790805485802,0.7377590868128566,0.8952879581151832,0.10471204188481675,0.8952225841476656,0.10477741585233442,1.0,0.0,-1.1368683772161603e-13,58.0,0.0,96.2,1.0,44.2,41.6,373.0,441.0,73.2,5.3,0.0,1360.0,0.17,0.0,0.0,0.0,87.0,87.0,28.0,1.0,43.10441879411249,46.89558120588751,208.9486391216387,697.4181569525055,775.9249735207211,130.9079014608219,764.0,904.1,80.0,0.7378790805485802,0.0,31.111111111111114,29.0,99.63,0.17,0.2088549,0.19508184,281.83255,0.16226637,0.2,44.758,1.148,46.3,87.0,71.9,89.3,70.4,82.7,82.7,False,29.0,66.1,6.8,11.0,43.1,100.0,False,50.0,58.0,58.0,6.1,736.8,2026-10-05T14:00,interpolated_hourly,0,SSW,"sun 47° up (SSW) — lay flat, or lift torso ~43° toward SSW to face it",,,,not specified,Environmental scores are skin-type independent.,not personalized
2026-10-05 14:30:00,1.0,986.45,931.85,34.03202,-118.52633,86.0,62.02268600463867,1.0,0.0,0.7310728736076234,0.7309604682619196,0.8946248332549407,0.10537516674505934,0.8946100149346247,0.10538998506537539,1.0,0.0,-5.684341886080802e-14,58.0,0.0,93.05000000000001,1.0,44.2,41.6,373.0,441.0,73.2,5.3,0.0,1360.0,0.17,0.0,0.0,0.0,87.0,87.0,28.0,1.0,46.934441707566194,43.065558292433806,217.7677751508776,640.7016529520478,754.0330595226776,125.90329718273628,721.5,895.3,76.0,0.7310728736076234,0.0,30.972222222222225,28.5,99.615,0.17,0.2088549,0.19508184,281.83255,0.16226637,0.2,41.80296758842753,0.9937340822230032,42.75498574050542,79.95,71.2,76.85,70.4,74.6,74.6,False,28.5,65.75,7.0,11.0,46.9,100.0,False,50.0,53.7,53.7,5.548641540456891,687.4456290071101,2026-10-05T14:30,interpolated_hourly,0,SW,"sun 43° up (SW) — lay flat, or lift torso ~47° toward SW to face it",,,,not specified,Environmental scores are skin-type independent.,not personalized
2026-10-05 15:00:00,1.0,937.5,865.0,34.03202,-118.52633,86.0,62.02268600463867,1.0,0.0,0.7242666666666666,0.7241618497109826,0.8939617083946981,0.10603829160530191,0.8939974457215837,0.10600255427841636,1.0,0.0,0.0,58.0,0.0,89.9,1.0,44.2,41.6,373.0,441.0,73.2,5.3,0.0,1360.0,0.17,0.0,0.0,0.0,87.0,87.0,28.0,1.0,50.7644646210199,39.2355353789801,226.58691118011652,583.9851489515902,732.141145524634,120.89869290465066,679.0,886.5,72.0,0.7242666666666666,0.0,30.833333333333336,28.0,99.6,0.17,0.2088549,0.19508184,281.83255,0.16226637,0.2,38.137,0.831,38.6,72.9,70.5,64.4,70.4,66.5,66.5,False,28.0,65.4,7.2,11.0,50.8,100.0,False,50.0,48.9,48.9,4.95,626.4,2026-10-05T15:00,interpolated_hourly,0,SW,"sun 39° up (SW) — lay flat, or lift torso ~51° toward SW to face it",,,,not specified,Environmental scores are skin-type independent.,not personalized
2026-10-05 15:30:00,1.0,854.25,766.35,34.03202,-118.52633,86.0,62.02268600463867,1.0,0.0,0.7136249027237354,0.7135112079167464,0.8824052084408915,0.11759479155910851,0.8824344782411455,0.11756552175885446,1.0,0.0,0.0,59.0,0.0,85.35,1.0,44.2,41.6,373.0,441.0,73.2,5.3,0.0,1360.0,0.17,0.0,0.0,0.0,87.0,87.0,28.0,1.0,55.75910771155439,34.24089228844561,233.32922846619084,501.2947192957475,688.2838905722159,112.32962407461451,610.5,862.5,71.0,0.7136249027237354,0.0,30.555555555555557,28.0,99.59,0.17,0.2088549,0.19508184,281.83255,0.16226637,0.2,33.7834823803051,0.6511085901837357,34.073506939899886,65.05000000000001,80.85,57.800000000000004,70.15,62.1,62.1,False,28.0,65.0,7.1,11.0,55.8,100.0,False,50.0,44.8,44.8,4.341058505541325,551.9258311579338,2026-10-05T15:30,interpolated_hourly,0,SW,"sun 34° up (SW) — lay flat, or lift torso ~56° toward SW to face it",,,,not specified,Environmental scores are skin-type independent.,not personalized
2026-10-05 16:00:00,1.0,771.0,667.7,34.03202,-118.52633,86.0,62.02268600463867,1.0,0.0,0.7029831387808041,0.7028605661225101,0.8708487084870848,0.12915129151291513,0.8708715107607073,0.12912848923929257,1.0,0.0,0.0,60.0,0.0,80.8,1.0,44.2,41.6,373.0,441.0,73.2,5.3,0.0,1360.0,0.17,0.0,0.0,0.0,87.0,87.0,28.0,1.0,60.75375080208889,29.246249197911116,240.0715457522652,418.6042896399048,644.4266356197978,103.76055524457837,542.0,838.5,70.0,0.7029831387808041,0.0,30.27777777777778,28.0,99.58,0.17,0.2088549,0.19508184,281.83255,0.16226637,0.2,28.931,0.4664,29.1,57.2,91.2,51.2,69.9,57.7,57.7,False,28.0,64.6,7.0,11.0,60.8,100.0,False,50.0,40.0,40.0,3.7,469.3,2026-10-05T16:00,interpolated_hourly,0,WSW,"sun low 29° (WSW) — face WSW, lift torso ~61° toward the sun if comfortable",,,,not specified,Environmental scores are skin-type independent.,not personalized
2026-10-05 16:30:00,1.0,659.2,544.05,34.03202,-118.52633,86.0,62.02268600463867,1.0,0.0,0.6830589789629267,0.6827813772572588,0.8541571366126884,0.14584286338731156,0.8541364014679345,0.1458635985320655,1.0,0.0,0.0,61.0,0.0,75.19999999999999,1.0,44.2,41.6,373.0,441.0,73.2,5.3,0.0,1360.0,0.17,0.0,0.0,0.0,87.0,87.0,28.0,1.0,66.40094000847378,23.599059991526214,245.4120214248869,318.5615759415756,555.2885402751538,89.30173323969764,452.5,799.8,64.5,0.6830589789629267,0.0,29.944444444444443,28.5,99.58500000000001,0.17,0.2088549,0.19508184,281.83255,0.16226637,0.2,23.112063938248504,0.30229873072262275,23.42660110210476,48.45,95.30000000000001,42.650000000000006,69.9,52.150000000000006,52.150000000000006,False,28.5,64.35,6.75,10.5,66.4,100.0,False,50.0,33.9,33.9,3.0044598050948093,375.0626558338807,2026-10-05T16:30,interpolated_hourly,0,WSW,"sun low 24° (WSW) — face WSW, lift torso ~66° toward the sun if comfortable",,,,not specified,Environmental scores are skin-type independent.,not personalized
2026-10-05 17:00:00,1.0,547.4,420.4,34.03202,-118.52633,86.0,62.02268600463867,1.0,0.0,0.6631348191450493,0.6627021883920077,0.837465564738292,0.162534435261708,0.8374012921751615,0.16259870782483846,1.0,0.0,0.0,62.0,0.0,69.6,1.0,44.2,41.6,373.0,441.0,73.2,5.3,0.0,1360.0,0.17,0.0,0.0,0.0,87.0,87.0,28.0,1.0,72.04812921485869,17.951870785141313,250.75249709750858,218.51886224324636,466.1504449305097,74.84291123481691,363.0,761.1,59.0,0.6631348191450493,0.0,29.61111111111111,29.0,99.59,0.17,0.2088549,0.19508184,281.83255,0.16226637,0.2,17.156,0.1373,17.6,39.7,99.4,34.1,69.9,46.6,46.6,False,29.0,64.1,6.5,10.0,72.0,100.0,False,50.0,27.4,27.4,2.3,278.6,2026-10-05T17:00,interpolated_hourly,0,WSW,"sun low 18° (WSW) — face WSW, lift torso ~72° toward the sun if comfortable",,,,not specified,Environmental scores are skin-type independent.,not personalized
2026-10-05 17:30:00,1.0,414.65,280.04999999999995,34.03202,-118.52633,86.0,62.02268600463867,1.0,0.0,0.611808629863408,0.6105207434443933,0.7858213899640827,0.21417861003591726,0.786008338395273,0.21399166160472693,1.0,0.0,0.0,61.5,0.0,61.05,1.0,44.2,41.6,373.0,441.0,73.2,5.3,0.0,1360.0,0.17,0.0,0.0,0.0,87.0,87.0,28.0,1.0,78.01678728623483,11.983212713765178,255.29483375402464,124.25815316600527,282.61171454777957,47.22968979179804,260.5,663.05,50.5,0.611808629863408,0.0,29.166666666666668,30.0,99.61500000000001,0.17,0.2088549,0.19508184,281.83255,0.16226637,0.2,11.34064753795674,0.08459808799165344,11.831056095878564,30.35,99.7,34.05,72.30000000000001,47.400000000000006,47.400000000000006,False,30.0,63.9,6.2,9.5,78.0,100.0,False,50.0,20.8,20.8,1.574833517005765,172.73513207053534,2026-10-05T17:30,interpolated_hourly,0,WSW,"sun low 12° (WSW) — face WSW, lift torso ~78° toward the sun if comfortable",,,,not specified,Environmental scores are skin-type independent.,not personalized
2026-10-05 18:00:00,1.0,281.9,139.7,34.03202,-118.52633,86.0,62.02268600463867,1.0,0.0,0.5604824405817667,0.5583392984967789,0.7341772151898734,0.26582278481012656,0.7346153846153846,0.2653846153846154,1.0,0.0,0.0,61.0,0.0,52.5,1.0,44.2,41.6,373.0,441.0,73.2,5.3,0.0,1360.0,0.17,0.0,0.0,0.0,87.0,87.0,28.0,1.0,83.98544535761096,6.014554642389044,259.8371704105407,29.99744408876419,99.07298416504936,19.61646834877918,158.0,565.0,42.0,0.5604824405817667,0.0,28.722222222222225,31.0,99.64,0.17,0.2088549,0.19508184,281.83255,0.16226637,0.2,6.256,0.0346,6.6,21.0,100.0,34.0,74.7,48.2,48.2,False,31.0,63.7,5.9,9.0,84.0,100.0,False,50.0,13.9,13.9,0.9,78.0,2026-10-05T18:00,interpolated_hourly,0,W,"sun low 6° (W) — face W, lift torso ~84° toward the sun if comfortable",,,,not specified,Environmental scores are skin-type independent.,not personalized
2026-10-05 18:30:00,1.0,157.54999999999998,69.85,34.03202,-118.52633,86.0,62.02268600463867,1.0,0.0,0.43084362992943753,0.5583392984967789,0.7170886075949368,0.28291139240506324,0.7346153846153846,0.2653846153846154,0.6534166666666666,0.0,0.0,59.5,0.0,41.1,1.0,44.2,41.6,373.0,441.0,73.2,5.3,0.0,1360.0,0.17,0.0,0.0,0.0,87.0,87.0,28.0,1.0,90.2373880321231,-0.2373880321231061,264.0427697819464,14.998722044382095,49.53649208252468,9.80823417438959,84.0,331.0,22.5,0.43084362992943753,0.0,28.250000000000004,33.0,99.67,0.17,0.2088549,0.19508184,281.83255,0.16226637,0.2,0.0,0.0,0.0,10.5,50.0,34.0,74.7,48.2,48.2,False,33.0,63.8,5.45,8.5,,100.0,False,50.0,0.0,0.0,0.0,0.0,2026-10-05T18:30,interpolated_hourly,0,W,sun below horizon — no direct-sun posture,,,,not specified,Environmental scores are skin-type independent.,not personalized
2026-10-05 19:00:00,0.0,33.2,0.0,34.03202,-118.52633,86.0,62.02268600463867,1.0,0.0,0.3012048192771084,0.5583392984967789,0.7,0.3,0.7346153846153846,0.2653846153846154,0.3068333333333333,0.0,0.0,58.0,0.0,29.7,1.0,44.2,41.6,373.0,441.0,73.2,5.3,0.0,1360.0,0.17,0.0,0.0,0.0,87.0,87.0,28.0,1.0,96.48933070663526,-6.489330706635256,268.2483691533521,0.0,0.0,0.0,10.0,97.0,3.0,0.3012048192771084,0.0,27.77777777777778,35.0,99.7,0.17,0.2088549,0.19508184,281.83255,0.16226637,0.2,0.0,0.0,0.0,0.0,0.0,34.0,74.7,48.2,48.2,False,35.0,63.9,5.0,8.0,,100.0,False,50.0,0.0,0.0,0.0,0.0,2026-10-05T19:00,interpolated_hourly,0,W,sun below horizon — no direct-sun posture,,,,not specified,Environmental scores are skin-type independent.,not personalized
2026-10-05 19:30:00,0.0,16.6,0.0,34.03202,-118.52633,86.0,62.02268600463867,1.0,0.0,0.3012048192771084,0.5583392984967789,0.7,0.3,0.7346153846153846,0.2653846153846154,0.15341666666666665,0.0,0.0,57.5,0.0,14.85,0.8,44.2,41.6,373.0,441.0,73.2,5.3,0.0,1360.0,0.17,0.0,0.0,0.0,87.0,87.0,28.0,1.0,102.69833477255418,-12.69833477255418,272.5189528710487,0.0,0.0,0.0,5.0,48.5,1.5,0.3012048192771084,0.0,27.388888888888886,36.5,99.73500000000001,0.17,0.2088549,0.19508184,281.83255,0.16226637,0.2,0.0,0.0,0.0,0.0,0.0,34.0,74.7,48.2,48.2,False,36.5,63.849999999999994,4.55,7.5,,100.0,False,50.0,0.0,0.0,0.0,0.0,2026-10-05T19:30,interpolated_hourly,0,W,sun below horizon — no direct-sun posture,,,,not specified,Environmental scores are skin-type independent.,not personalized
2026-10-05 20:00:00,0.0,0.0,0.0,34.03202,-118.52633,86.0,62.02268600463867,1.0,0.0,0.3012048192771084,0.5583392984967789,0.7,0.3,0.7346153846153846,0.2653846153846154,0.0,0.0,0.0,57.0,0.0,0.0,0.6,44.2,41.6,373.0,441.0,73.2,5.3,0.0,1360.0,0.17,0.0,0.0,0.0,87.0,87.0,28.0,1.0,108.90733883847311,-18.907338838473105,276.78953658874536,0.0,0.0,0.0,0.0,0.0,0.0,0.3012048192771084,0.0,26.999999999999996,38.0,99.77000000000001,0.17,0.2088549,0.19508184,281.83255,0.16226637,0.2,0.0,0.0,0.0,0.0,0.0,34.0,74.7,48.2,48.2,False,38.0,63.8,4.1,7.0,,100.0,False,50.0,0.0,0.0,0.0,0.0,2026-10-05T20:00,interpolated_hourly,0,W,sun below horizon — no direct-sun posture,,,,not specified,Environmental scores are skin-type independent.,not personalized
2026-10-05 20:30:00,0.0,0.0,0.0,34.03202,-118.52633,86.0,62.02268600463867,1.0,0.0,0.3012048192771084,0.5583392984967789,0.7,0.3,0.7346153846153846,0.2653846153846154,0.0,0.0,0.0,57.5,0.0,0.0,0.6,44.2,41.6,373.0,441.0,73.2,5.3,0.0,1360.0,0.17,0.0,0.0,0.0,87.0,87.0,28.0,1.0,114.99724734156857,-24.997247341568567,281.5815901630854,0.0,0.0,0.0,0.0,0.0,0.0,0.3012048192771084,0.0,26.694444444444443,39.5,99.79500000000002,0.17,0.2088549,0.19508184,281.83255,0.16226637,0.2,0.0,0.0,0.0,0.0,0.0,34.0,74.7,48.2,48.2,False,39.5,63.8,3.65,6.5,,100.0,False,50.0,0.0,0.0,0.0,0.0,2026-10-05T20:30,interpolated_hourly,0,WNW,sun below horizon — no direct-sun posture,,,,not specified,Environmental scores are skin-type independent.,not personalized
2026-10-05 21:00:00,0.0,0.0,0.0,34.03202,-118.52633,86.0,62.02268600463867,1.0,0.0,0.3012048192771084,0.5583392984967789,0.7,0.3,0.7346153846153846,0.2653846153846154,0.0,0.0,0.0,58.0,0.0,0.0,0.6,44.2,41.6,373.0,441.0,73.2,5.3,0.0,1360.0,0.17,0.0,0.0,0.0,87.0,87.0,28.0,1.0,121.08715584466403,-31.087155844664025,286.3736437374255,0.0,0.0,0.0,0.0,0.0,0.0,0.3012048192771084,0.0,26.38888888888889,41.0,99.82000000000001,0.17,0.2088549,0.19508184,281.83255,0.16226637,0.2,0.0,0.0,0.0,0.0,0.0,34.0,74.7,48.2,48.2,False,41.0,63.8,3.2,6.0,,100.0,False,50.0,0.0,0.0,0.0,0.0,2026-10-05T21:00,interpolated_hourly,0,WNW,sun below horizon — no direct-sun posture,,,,not specified,Environmental scores are skin-type independent.,not personalized
2026-10-05 21:30:00,0.0,0.0,0.0,34.03202,-118.52633,86.0,62.02268600463867,1.0,0.0,0.3012048192771084,0.5583392984967789,0.7,0.3,0.7346153846153846,0.2653846153846154,0.0,0.0,0.0,59.5,0.0,0.0,0.6,44.2,41.6,373.0,441.0,73.2,5.3,0.0,1360.0,0.17,0.0,0.0,0.0,87.0,87.0,28.0,1.0,126.84175353872052,-36.84175353872051,292.35882755382204,0.0,0.0,0.0,0.0,0.0,0.0,0.3012048192771084,0.0,26.194444444444443,42.0,99.845,0.17,0.2088549,0.19508184,281.83255,0.16226637,0.2,0.0,0.0,0.0,0.0,0.0,34.0,74.7,48.2,48.2,False,42.0,63.849999999999994,2.85,5.0,,100.0,False,50.0,0.0,0.0,0.0,0.0,2026-10-05T21:30,interpolated_hourly,0,WNW,sun below horizon — no direct-sun posture,,,,not specified,Environmental scores are skin-type independent.,not personalized
2026-10-05 22:00:00,0.0,0.0,0.0,34.03202,-118.52633,86.0,62.02268600463867,1.0,0.0,0.3012048192771084,0.5583392984967789,0.7,0.3,0.7346153846153846,0.2653846153846154,0.0,0.0,0.0,61.0,0.0,0.0,0.6,44.2,41.6,373.0,441.0,73.2,5.3,0.0,1360.0,0.17,0.0,0.0,0.0,87.0,87.0,28.0,1.0,132.596351232777,-42.596351232777,298.34401137021854,0.0,0.0,0.0,0.0,0.0,0.0,0.3012048192771084,0.0,26.0,43.0,99.87,0.17,0.2088549,0.19508184,281.83255,0.16226637,0.2,0.0,0.0,0.0,0.0,0.0,34.0,74.7,48.2,48.2,False,43.0,63.9,2.5,4.0,,100.0,False,50.0,0.0,0.0,0.0,0.0,2026-10-05T22:00,interpolated_hourly,0,WNW,sun below horizon — no direct-sun posture,,,,not specified,Environmental scores are skin-type independent.,not personalized
2026-10-05 22:30:00,0.0,0.0,0.0,34.03202,-118.52633,86.0,62.02268600463867,1.0,0.0,0.3012048192771084,0.5583392984967789,0.7,0.3,0.7346153846153846,0.2653846153846154,0.0,0.0,0.0,61.5,0.0,0.0,0.6,44.2,41.6,373.0,441.0,73.2,5.3,0.0,1360.0,0.17,0.0,0.0,0.0,87.0,87.0,28.0,1.0,137.60570831369722,-47.60570831369721,306.6297477746099,0.0,0.0,0.0,0.0,0.0,0.0,0.3012048192771084,0.0,25.833333333333336,43.5,99.88,0.17,0.2088549,0.19508184,281.83255,0.16226637,0.2,0.0,0.0,0.0,0.0,0.0,34.0,74.7,48.2,48.2,False,43.5,63.8,2.15,3.5,,100.0,False,50.0,0.0,0.0,0.0,0.0,2026-10-05T22:30,interpolated_hourly,0,NW,sun below horizon — no direct-sun posture,,,,not specified,Environmental scores are skin-type independent.,not personalized
2026-10-05 23:00:00,0.0,0.0,0.0,34.03202,-118.52633,86.0,62.02268600463867,1.0,0.0,0.3012048192771084,0.5583392984967789,0.7,0.3,0.7346153846153846,0.2653846153846154,0.0,0.0,0.0,62.0,0.0,0.0,0.6,44.2,41.6,373.0,441.0,73.2,5.3,0.0,1360.0,0.17,0.0,0.0,0.0,87.0,87.0,28.0,1.0,142.61506539461743,-52.61506539461742,314.9154841790012,0.0,0.0,0.0,0.0,0.0,0.0,0.3012048192771084,0.0,25.666666666666668,44.0,99.89,0.17,0.2088549,0.19508184,281.83255,0.16226637,0.2,0.0,0.0,0.0,0.0,0.0,34.0,74.7,48.2,48.2,False,44.0,63.7,1.8,3.0,,100.0,False,50.0,0.0,0.0,0.0,0.0,2026-10-05T23:00,interpolated_hourly,0,NW,sun below horizon — no direct-sun posture,,,,not specified,Environmental scores are skin-type independent.,not personalized
