time,source,model,temperature_2m,relative_humidity_2m,dew_point_2m,apparent_temperature,wet_bulb_temperature_2m,pressure_msl,surface_pressure,visibility,weather_code,cloud_cover,cloud_cover_low,cloud_cover_mid,cloud_cover_high,precipitation_probability,precipitation,rain,showers,snowfall,wind_speed_10m,wind_direction_10m,wind_gusts_10m,uv_index,uv_index_clear_sky,sunshine_duration,is_day,cape,lifted_index,convective_inhibition,freezing_level_height,boundary_layer_height,total_column_integrated_water_vapour,evapotranspiration,et0_fao_evapotranspiration,vapour_pressure_deficit,shortwave_radiation,direct_radiation,diffuse_radiation,direct_normal_irradiance,terrestrial_radiation,shortwave_radiation_instant,direct_radiation_instant,diffuse_radiation_instant,direct_normal_irradiance_instant,terrestrial_radiation_instant,relative_humidity_925hPa,relative_humidity_850hPa,relative_humidity_700hPa,relative_humidity_500hPa,relative_humidity_300hPa,cloud_cover_925hPa,cloud_cover_850hPa,cloud_cover_700hPa,cloud_cover_500hPa,cloud_cover_300hPa,geopotential_height_925hPa,geopotential_height_850hPa,geopotential_height_700hPa,geopotential_height_500hPa,geopotential_height_300hPa,timezone,latitude_grid,longitude_grid,elevation_m,generationtime_ms,uv_transmission,uv_attenuation,clearness_index,clearness_index_instant,direct_fraction,diffuse_fraction,direct_fraction_instant,diffuse_fraction_instant,sunshine_fraction,ghi_balance_error,ghi_balance_error_instant,upper_air_rh_max,upper_air_cloud_max,sun_score_0_100,sun_score_evidence_weight,air__pm10,air__pm2_5,air__carbon_monoxide,air__carbon_dioxide,air__nitrogen_dioxide,air__sulphur_dioxide,air__ozone,air__methane,air__aerosol_optical_depth,air__dust,air__uv_index,air__uv_index_clear_sky,air__us_aqi,air__us_aqi_pm2_5,air__us_aqi_pm10,air__us_aqi_ozone,time_utc,sza,solar_elevation_deg,solar_azimuth_deg,clear_ghi,clear_dni,clear_dhi,ghi,dni,dhi,kt,cloud,temp_c,rh,pressure_kpa,aod55,cams_cycle,aod340,aod380,ozone_du,cams_forecast_albedo,albedo,predicted_uva_wm2,predicted_uvb_wm2,tan_calibration_tier,tan_score_absolute_0_100,absolute_tan_intensity_label,local_tan_score_0_100,atmospheric_quality_percentile_0_100,local_tan_label,ensemble_strong_sun_support_0_100,deterministic_agreement_0_100,sun_window_confidence_0_100,tan_forecast_confidence_0_100,uv_input_disagree,humidity_context_pct,wet_bulb_context_f,wind_context_mph,precipitation_context_probability_pct,skin_plane_standard,sun_compass,torso_lift_deg,sun_posture_guidance,outdoor_feasibility_0_100,outdoor_blocked,outdoor_block_reason,outdoor_flags,minimum_tan_temperature_f,overall_components_unblocked_0_100,overall_tan_opportunity_0_100,fitzpatrick_type,fitzpatrick_label,skin_response_note,personal_uv_risk_context,tan_window_rank_value
2026-10-02T13:00,deterministic,best_match,86.4,21,41.9,84.9,61.4,1009.2,999.5,79199.48,0,0,0,0,0,1,0.0,0.0,0.0,0.0,5.9,217,4.0,6.55,6.55,3600.0,1,0.0,8.8,0.0,17585.302,1755.249,13.7,0.0,0.025,3.4,833.0,758.0,75.0,964.7,1073.3,834.5,759.4,75.1,966.5,1075.4,71,22,9,3,22,0,0,0,0,0,2463.911,4832.677,10216.535,19219.16,31638.938,America/Los_Angeles,34.03202,-118.52633,86.0,53.86662483215332,1.0,0.0,0.7761110593496693,0.77599032917984,0.9099639855942377,0.09003601440576231,0.9100059916117436,0.08999400838825643,1.0,0.0,0.0,71.0,0.0,98.8,1.0,,,,,,,,,,,,,,,,,2026-10-02 20:00:00+00:00,38.05115865943889,51.94884134056111,186.7464740188338,763.0388768545755,796.1085561893914,136.1346572905751,833.0,964.7,75.0,0.7761110593496693,0,30.222222222222225,21,99.95,,2026-09-22T00:00Z,,,,,0.2,48.639,1.2775,nasa_power_ml_plus_cams_spectral,50.1,strong,91.0,66.7,excellent locally,92.7,54.8,79.4,79.4,False,21,61.4,5.9,1,horizontal environmental reference,S,38.1,"sun 52° up (S) — lay flat, or lift torso ~38° toward S to face it",99.8,False,,,50.0,60.4,60.3,,not specified,Environmental scores are skin-type independent.,not personalized,60.3
2026-10-03T13:00,deterministic,best_match,88.1,19,40.7,86.3,61.6,1010.6,1000.9,79199.48,0,0,0,0,0,0,0.0,0.0,0.0,0.0,5.9,217,4.7,6.4,6.4,3600.0,1,0.0,11.4,0.0,17782.152,1476.378,13.7,0.0,0.026,3.68,828.0,755.0,73.0,965.9,1068.3,829.4,756.3,73.1,967.5,1070.3,11,13,6,10,40,0,0,0,0,0,2559.055,4980.315,10383.858,19386.482,31840.024,America/Los_Angeles,34.03202,-118.52633,86.0,53.86662483215332,1.0,0.0,0.7750631844987363,0.774922918807811,0.9118357487922706,0.08816425120772947,0.9118639980708946,0.08813600192910537,1.0,0.0,0.0,40.0,0.0,99.0,1.0,,,,,,,,,,,,,,,,,2026-10-03 20:00:00+00:00,38.44310306175564,51.55689693824436,186.81077587194804,758.5421121379734,795.0730278747182,135.82028286810214,828.0,965.9,73.0,0.7750631844987363,0,31.166666666666664,19,100.09,,2026-09-22T00:00Z,,,,,0.2,48.569,1.2896,nasa_power_ml_plus_cams_spectral,49.5,moderate,90.7,66.0,excellent locally,89.8,71.3,83.3,83.3,False,19,61.6,5.9,0,horizontal environmental reference,S,38.4,"sun 52° up (S) — lay flat, or lift torso ~38° toward S to face it",100.0,False,,,50.0,60.3,60.3,,not specified,Environmental scores are skin-type independent.,not personalized,60.3
2026-10-04T13:00,deterministic,best_match,93.5,16,40.6,92.4,63.4,1009.0,999.4,79199.48,0,0,0,0,0,1,0.0,0.0,0.0,0.0,4.4,225,5.4,6.4,6.4,3600.0,1,0.0,9.4,0.0,16929.134,1919.291,12.6,0.0,0.026,4.52,825.0,751.0,74.0,965.9,1063.3,826.2,752.1,74.1,967.3,1065.0,17,23,7,7,16,0,0,0,0,0,2509.843,4934.384,10337.927,19311.024,31734.19,America/Los_Angeles,34.03202,-118.52633,86.0,53.86662483215332,1.0,0.0,0.7758863914229287,0.775774647887324,0.9103030303030303,0.08969696969696969,0.9103122730573711,0.08968772694262889,1.0,0.0,0.0,23.0,0.0,98.8,1.0,,,,,,,,,,,,,,,,,2026-10-04 20:00:00+00:00,38.834141727514464,51.165858272485536,186.87161004803482,754.0100386731544,794.0135032340555,135.50175284562977,825.0,965.9,74.0,0.7758863914229287,0,34.16666666666667,16,99.94,,2026-09-22T00:00Z,,,,,0.2,48.394,1.2952,nasa_power_ml_plus_cams_spectral,49.4,moderate,91.2,68.1,excellent locally,87.7,66.9,80.4,80.4,False,16,63.4,4.4,1,horizontal environmental reference,S,38.8,"sun 51° up (S) — lay flat, or lift torso ~39° toward S to face it",99.8,False,,,50.0,60.2,60.1,,not specified,Environmental scores are skin-type independent.,not personalized,60.1
2026-09-30T13:00,deterministic,best_match,76.7,51,57.2,79.2,64.4,1004.5,994.7,79199.48,0,0,0,0,0,1,0.0,0.0,0.0,0.0,6.5,207,8.3,6.6,6.6,3600.0,1,0.0,7.7,0.0,16437.008,2378.609,17.0,0.0,0.022,1.54,829.0,745.0,84.0,938.4,1083.2,830.9,746.7,84.2,940.5,1085.7,24,30,26,9,8,0,0,0,0,0,2378.609,4806.431,10203.412,19124.016,31591.312,America/Los_Angeles,34.03202,-118.52633,86.0,53.86662483215332,1.0,0.0,0.7653249630723781,0.7653127014829142,0.8986731001206273,0.10132689987937274,0.8986640991695752,0.10133590083042485,1.0,0.0,-1.1368683772161603e-13,30.0,0.0,98.5,1.0,,,,,,,,,,,,,,,,,2026-09-30 20:00:00+00:00,37.26501491484171,52.73498508515829,186.6075958896264,771.9193413367647,798.1077200814923,136.75061809639578,829.0,938.4,84.0,0.7653249630723781,0,24.833333333333336,51,99.47,,2026-09-22T00:00Z,,,,,0.2,49.371,1.3137,nasa_power_ml_plus_cams_spectral,50.7,strong,90.8,65.2,excellent locally,88.3,47.5,74.0,74.0,False,51,64.4,6.5,1,horizontal environmental reference,S,37.3,"sun 53° up (S) — lay flat, or lift torso ~37° toward S to face it",99.8,False,,,50.0,60.1,60.0,,not specified,Environmental scores are skin-type independent.,not personalized,60.0
2026-10-01T13:00,deterministic,best_match,83.3,24,42.7,81.3,60.6,1009.4,999.6,79199.48,0,0,0,0,0,0,0.0,0.0,0.0,0.0,7.3,218,10.5,6.5,6.5,3600.0,1,0.0,8.5,0.0,17158.792,2509.843,12.1,0.0,0.025,2.96,845.0,771.0,74.0,976.2,1078.3,846.7,772.6,74.2,978.1,1080.6,65,11,6,4,16,0,0,0,0,0,2470.473,4835.958,10206.693,19173.228,31612.478,America/Los_Angeles,34.03202,-118.52633,86.0,53.86662483215332,1.0,0.0,0.7836409162570713,0.783546178049232,0.9124260355029585,0.08757396449704143,0.9124837604818707,0.08763434510452345,1.0,0.0,-0.10000000000002274,65.0,0.0,99.1,1.0,,,,,,,,,,,,,,,,,2026-10-01 20:00:00+00:00,37.65842473596805,52.34157526403195,186.6787341050991,767.498526098409,797.1201036976831,136.44479388132572,845.0,976.2,74.0,0.7836409162570713,0,28.5,24,99.96000000000001,,2026-09-22T00:00Z,,,,,0.2,49.09,1.2835,nasa_power_ml_plus_cams_spectral,50.2,strong,90.6,64.9,excellent locally,88.0,41.1,71.6,71.6,False,24,60.6,7.3,0,horizontal environmental reference,S,37.7,"sun 52° up (S) — lay flat, or lift torso ~38° toward S to face it",100.0,False,,,50.0,59.4,59.4,,not specified,Environmental scores are skin-type independent.,not personalized,59.4
2026-09-25T13:00,deterministic,best_match,85.3,40,58.2,88.5,68.2,1011.1,1001.3,79199.48,2,64,0,0,56,0,0.0,0.0,0.0,0.0,5.7,206,3.6,6.7,6.75,3600.0,1,0.0,3.6,0.0,15518.373,1689.633,20.8,0.0,0.024,2.49,829.0,710.0,119.0,872.6,1107.0,831.6,712.3,119.4,875.4,1110.6,34,22,21,24,100,0,0,0,0,90,2555.775,4967.192,10347.77,19206.038,31543.688,America/Los_Angeles,34.03202,-118.52633,86.0,53.86662483215332,0.9925925925925926,0.007407407407407418,0.7488708220415538,0.7487844408427877,0.856453558504222,0.14354644149577805,0.8565416065416065,0.14357864357864358,1.0,0.0,-0.09999999999990905,100.0,90.0,97.9,1.0,34.5,29.3,157.0,448.0,24.5,9.7,94.0,1391.0,0.13,1.0,7.7,7.7,86.0,86.0,29.0,13.0,2026-09-25 20:00:00+00:00,35.291566658357794,54.708433341642206,186.20293785809739,793.3874887701069,802.6909038211759,138.2130034728541,829.0,872.6,119.0,0.7488708220415538,64,29.61111111111111,40,100.13,0.13,2026-09-22T00:00Z,0.1448791,0.13407046,286.56314,0.16297466,0.16297466,49.749,1.4353,nasa_power_ml_plus_cams_spectral,51.2,strong,88.4,53.6,good locally,90.8,50.7,76.8,76.8,False,40,68.2,5.7,0,horizontal environmental reference,S,35.3,"sun 55° up (S) — lay flat, or lift torso ~35° toward S to face it",100.0,False,,,50.0,59.3,59.3,,not specified,Environmental scores are skin-type independent.,not personalized,59.3
2026-10-02T14:00,deterministic,best_match,85.6,23,43.6,83.3,61.8,1008.7,999.0,79199.48,0,0,0,0,0,1,0.0,0.0,0.0,0.0,7.8,224,4.5,6.2,6.2,3600.0,1,0.0,8.7,0.0,17716.536,1788.058,13.7,0.0,0.025,3.23,812.0,736.0,76.0,956.2,1051.7,784.0,710.6,73.4,923.2,1015.5,66,23,8,3,18,0,0,0,0,0,2454.068,4829.397,10213.255,19222.442,31638.938,America/Los_Angeles,34.03202,-118.52633,86.0,53.86662483215332,1.0,0.0,0.7720832937149377,0.7720334810438207,0.9064039408866995,0.09359605911330049,0.9063775510204082,0.09362244897959185,1.0,0.0,0.0,66.0,0.0,98.7,1.0,,,,,,,,,,,,,,,,,2026-10-02 21:00:00+00:00,41.95473841582966,48.04526158417034,209.33063278583901,711.9797957120527,779.8963094410631,131.99182531717634,812.0,956.2,76.0,0.7720832937149377,0,29.777777777777775,23,99.9,,2026-09-22T00:00Z,,,,,0.2,46.889,1.2088,nasa_power_ml_plus_cams_spectral,47.9,moderate,87.8,73.6,good locally,90.5,58.5,79.3,79.3,False,23,61.8,7.8,1,horizontal environmental reference,SSW,42.0,"sun 48° up (SSW) — lay flat, or lift torso ~42° toward SSW to face it",99.8,False,,,50.0,59.1,59.0,,not specified,Environmental scores are skin-type independent.,not personalized,59.0
2026-09-22T14:00,deterministic,best_match,72.2,76,64.2,73.7,66.6,1010.8,1000.8,59383.204,0,6,6,0,0,0,0.0,0.0,0.0,0.0,13.8,263,16.1,6.45,6.65,3600.0,1,0.0,2.1,0.0,14534.121,1541.995,24.5,0.0,0.017,0.65,806.5,643.5,163.0,792.2,1103.3,781.7,623.7,158.0,767.9,1069.5,65,34,41,7,20,0,0,0,0,0,2516.404,4904.856,10249.344,19051.838,31257.936,America/Los_Angeles,34.03202,-118.52633,86.0,53.86662483215332,0.9699248120300752,0.03007518796992481,0.7309888516269374,0.7309022907900888,0.7978921264724117,0.20210787352758836,0.7978764231802482,0.20212357681975182,1.0,0.0,0.0,65.0,0.0,94.4,1.0,20.4,14.7,120.0,438.0,5.8,4.2,111.0,1374.0,0.17,5.0,6.3,6.3,62.0,62.0,17.0,22.0,2026-09-22 21:00:00+00:00,38.070566950866315,51.929433049133685,210.6414400295914,758.3785788389338,791.4257636144149,135.3271493130428,806.5,792.2,163.0,0.7309888516269374,6,22.333333333333336,76,100.08,0.17,2026-09-22T00:00Z,0.44363233,0.4155523,285.74677,0.16496527,0.16496527,47.358,1.277,nasa_power_ml_plus_cams_spectral,49.0,moderate,82.8,55.7,good locally,99.6,73.4,90.4,90.4,False,76,66.6,13.8,0,horizontal environmental reference,SSW,38.1,"sun 52° up (SSW) — lay flat, or lift torso ~38° toward SSW to face it",100.0,False,,,50.0,58.9,58.9,,not specified,Environmental scores are skin-type independent.,not personalized,58.9
2026-10-05T13:00,deterministic,best_match,97.9,13,38.7,97.3,64.1,1008.8,999.3,79199.48,0,0,0,0,0,6,0.0,0.0,0.0,0.0,2.4,221,6.0,6.35,6.35,3600.0,1,0.0,8.6,0.0,16863.518,1886.483,15.4,0.0,0.025,5.34,816.0,744.0,72.0,962.0,1058.3,817.1,745.0,72.1,963.3,1059.8,26,24,10,7,30,0,0,0,0,0,2486.877,4891.733,10295.275,19255.25,31681.27,America/Los_Angeles,34.03202,-118.52633,86.0,53.86662483215332,1.0,0.0,0.7710479070206936,0.7709945272692962,0.9117647058823529,0.08823529411764706,0.9117611063517317,0.08823889364826826,1.0,0.0,0.0,30.0,0.0,97.9,1.0,,,,,,,,,,,,,,,,,2026-10-05 20:00:00+00:00,39.22415672333189,50.77584327666811,186.9289567150456,749.4445407752331,792.9299995013941,135.17915648308644,816.0,962.0,72.0,0.7710479070206936,0,36.611111111111114,13,99.92999999999999,,2026-09-22T00:00Z,,,,,0.2,48.047,1.2809,nasa_power_ml_plus_cams_spectral,49.0,moderate,91.2,68.6,excellent locally,91.9,60.6,80.9,80.9,False,13,64.1,2.4,6,horizontal environmental reference,S,39.2,"sun 51° up (S) — lay flat, or lift torso ~39° toward S to face it",98.1,False,,,50.0,60.0,58.9,,not specified,Environmental scores are skin-type independent.,not personalized,58.9
2026-10-03T14:00,deterministic,best_match,87.2,21,42.6,85.1,62.0,1010.1,1000.4,79199.48,0,0,0,0,0,0,0.0,0.0,0.0,0.0,6.8,221,5.6,6.1,6.1,3600.0,1,0.0,10.6,0.0,17749.344,1492.782,13.9,0.0,0.025,3.49,806.0,731.0,75.0,955.1,1046.3,777.9,705.5,72.4,921.8,1009.9,11,13,6,9,46,0,0,0,0,0,2549.213,4973.754,10380.577,19379.922,31829.44,America/Los_Angeles,34.03202,-118.52633,86.0,53.86662483215332,1.0,0.0,0.7703335563413936,0.7702742845826319,0.9069478908188585,0.09305210918114144,0.9069289111711017,0.09307108882889832,1.0,0.0,0.0,46.0,0.0,98.9,1.0,,,,,,,,,,,,,,,,,2026-10-03 21:00:00+00:00,42.339230489553835,47.660769510446165,209.20311503182305,707.1512447315122,778.598618695257,131.63441876104696,806.0,955.1,75.0,0.7703335563413936,0,30.666666666666668,21,100.03999999999999,,2026-09-22T00:00Z,,,,,0.2,46.299,1.1827,nasa_power_ml_plus_cams_spectral,47.2,moderate,87.3,72.2,good locally,88.7,73.8,83.5,83.5,False,21,62.0,6.8,0,horizontal environmental reference,SSW,42.3,"sun 48° up (SSW) — lay flat, or lift torso ~42° toward SSW to face it",100.0,False,,,50.0,58.8,58.8,,not specified,Environmental scores are skin-type independent.,not personalized,58.8
2026-09-22T13:00,deterministic,best_match,72.5,74,63.8,75.2,66.5,1011.7,1001.7,62664.044,0,8,8,0,0,0,0.0,0.0,0.0,0.0,11.1,260,12.5,6.85,6.85,3600.0,1,0.0,2.4,0.0,14370.079,1591.207,24.5,0.0,0.018,0.71,811.8,630.3,181.5,764.0,1120.5,814.9,632.7,182.2,767.0,1124.8,70,32,41,7,24,0,0,0,0,0,2542.651,4924.541,10265.748,19064.96,31268.522,America/Los_Angeles,34.03202,-118.52633,86.0,53.86662483215332,1.0,0.0,0.7244979919678715,0.7244843527738265,0.7764227642276422,0.22357723577235775,0.7764142839612224,0.22358571603877775,1.0,0.0,-1.1368683772161603e-13,70.0,0.0,94.3,1.0,23.0,16.6,122.0,439.0,7.0,5.1,104.0,1378.0,0.19,5.0,7.35,7.35,62.0,62.0,17.0,18.0,2026-09-22 20:00:00+00:00,34.106007680900234,55.893992319099766,185.9235016119261,805.712049927763,805.1633854063949,139.03552288631886,811.8,764.0,181.5,0.7244979919678715,8,22.5,74,100.17,0.19,2026-09-22T00:00Z,0.4448489,0.41688374,285.4354,0.1647771,0.1647771,48.764,1.3922,nasa_power_ml_plus_cams_spectral,51.1,strong,86.3,44.1,good locally,99.7,53.0,83.4,83.4,False,74,66.5,11.1,0,horizontal environmental reference,S,34.1,"sun 56° up (S) — lay flat on back, face up",100.0,False,,,50.0,58.6,58.6,,not specified,Environmental scores are skin-type independent.,not personalized,58.6
2026-10-04T14:00,deterministic,best_match,93.0,16,40.2,90.8,63.0,1008.5,998.9,79199.48,0,0,0,0,0,1,0.0,0.0,0.0,0.0,5.9,227,7.4,6.1,6.1,3600.0,1,0.0,9.6,0.0,16929.134,2050.525,12.5,0.0,0.026,4.44,803.0,728.0,75.0,956.7,1040.9,774.7,702.3,72.4,923.0,1004.3,18,23,7,6,18,0,0,0,0,0,2496.719,4921.26,10328.084,19301.182,31734.19,America/Los_Angeles,34.03202,-118.52633,86.0,53.86662483215332,1.0,0.0,0.7714477855701796,0.7713830528726477,0.9066002490660025,0.09339975093399751,0.9065444688266424,0.09345553117335743,1.0,0.0,1.1368683772161603e-13,23.0,0.0,98.7,1.0,,,,,,,,,,,,,,,,,2026-10-04 21:00:00+00:00,42.72250026010588,47.27749973989412,209.07580920937798,702.296610892089,777.2747865796025,131.2730703579881,803.0,956.7,75.0,0.7714477855701796,0,33.88888888888889,16,99.89,,2026-09-22T00:00Z,,,,,0.2,46.554,1.2056,nasa_power_ml_plus_cams_spectral,47.3,moderate,88.1,74.7,good locally,84.7,69.3,79.3,79.3,False,16,63.0,5.9,1,horizontal environmental reference,SSW,42.7,"sun 47° up (SSW) — lay flat, or lift torso ~43° toward SSW to face it",99.8,False,,,50.0,58.7,58.6,,not specified,Environmental scores are skin-type independent.,not personalized,58.6
2026-09-28T13:00,deterministic,best_match,74.0,49,53.6,74.0,61.6,1008.6,998.7,79199.48,0,0,0,0,0,3,0.0,0.0,0.0,0.0,9.2,209,8.1,6.55,6.55,3600.0,1,0.0,13.9,0.0,16765.092,1870.079,17.7,0.0,0.021,1.46,836.0,755.0,81.0,941.5,1092.9,838.2,757.0,81.2,944.0,1095.8,20,23,4,7,14,0,0,0,0,0,2460.63,4835.958,10180.446,19124.016,31548.98,America/Los_Angeles,34.03202,-118.52633,86.0,53.86662483215332,1.0,0.0,0.7649373227193704,0.7649206059499909,0.90311004784689,0.09688995215311005,0.9031257456454307,0.09687425435456931,1.0,0.0,0.0,23.0,0.0,98.2,1.0,,,,,,,,,,,,,,,,,2026-09-28 20:00:00+00:00,36.47660506376563,53.52339493623437,186.45533165564262,780.6380810012408,800.0115312488076,137.34907205119362,836.0,941.5,81.0,0.7649373227193704,0,23.333333333333336,49,99.87,,2026-09-22T00:00Z,,,,,0.2,49.624,1.2531,nasa_power_ml_plus_cams_spectral,50.6,strong,89.5,59.2,good locally,82.0,47.5,69.9,69.9,False,49,61.6,9.2,3,horizontal environmental reference,S,36.5,"sun 54° up (S) — lay flat, or lift torso ~36° toward S to face it",99.2,False,,,50.0,58.8,58.3,,not specified,Environmental scores are skin-type independent.,not personalized,58.3
2026-09-24T13:00,deterministic,best_match,80.9,50,60.6,83.9,67.8,1010.8,1001.0,79199.48,0,0,0,0,0,0,0.0,0.0,0.0,0.0,8.3,216,3.8,6.75,6.75,3600.0,1,90.0,0.0,240.0,14009.187,1295.932,22.2,0.0,0.023,1.8,844.0,763.0,81.0,933.4,1111.5,846.9,765.6,81.3,936.5,1115.4,31,26,43,9,12,0,0,0,0,0,2542.651,4967.192,10360.893,19150.262,31390.23,America/Los_Angeles,34.03202,-118.52633,86.0,53.86662483215332,1.0,0.0,0.7593342330184435,0.7592791823561054,0.9040284360189573,0.09597156398104266,0.904002833864683,0.09599716613531704,1.0,0.0,0.0,43.0,0.0,98.6,1.0,32.6,28.0,153.0,449.0,28.9,7.8,106.0,1409.0,0.17,2.0,7.5,7.5,91.0,91.0,32.0,14.0,2026-09-24 20:00:00+00:00,34.89630619670804,55.10369380329196,186.11269735430466,797.5444585355935,803.5377592660143,138.49182026373728,844.0,933.4,81.0,0.7593342330184435,0,27.16666666666667,50,100.1,0.17,2026-09-22T00:00Z,0.2862724,0.26814434,282.75214,0.16357642,0.16357642,49.268,1.4671,nasa_power_ml_plus_cams_spectral,51.1,strong,87.6,50.1,good locally,98.0,23.7,72.0,72.0,False,50,67.8,8.3,0,horizontal environmental reference,S,34.9,"sun 55° up (S) — lay flat on back, face up",100.0,False,,,50.0,58.2,58.2,,not specified,Environmental scores are skin-type independent.,not personalized,58.2
2026-09-27T13:00,deterministic,best_match,81.9,33,50.0,82.2,63.1,1010.8,1001.0,79199.48,1,20,0,18,0,1,0.0,0.0,0.0,0.0,6.9,205,5.8,6.9,6.75,3600.0,1,0.0,5.8,0.0,14927.821,1656.824,20.3,0.0,0.025,2.49,864.0,769.0,95.0,954.3,1097.6,866.4,771.2,95.3,956.9,1100.8,30,25,9,9,16,0,0,0,0,0,2526.247,4904.856,10239.501,19078.084,31432.564,America/Los_Angeles,34.03202,-118.52633,86.0,53.86662483215332,1.0222222222222224,-0.022222222222222365,0.7871720116618076,0.7870639534883721,0.8900462962962963,0.1099537037037037,0.8901200369344414,0.10999538319482918,1.0,0.0,-0.10000000000002274,30.0,0.0,99.1,1.0,,,,,,,,,,,,,,,,,2026-09-27 20:00:00+00:00,36.081814760949506,53.918185239050494,186.37432962359534,784.9330557919682,800.9279936469906,137.641593144019,864.0,954.3,95.0,0.7871720116618076,20,27.722222222222225,33,100.1,,2026-09-22T00:00Z,,,,,0.2,50.006,1.3776,nasa_power_ml_plus_cams_spectral,52.0,strong,91.0,64.9,excellent locally,65.2,30.1,52.9,52.9,False,33,63.1,6.9,1,horizontal environmental reference,S,36.1,"sun 54° up (S) — lay flat, or lift torso ~36° toward S to face it",99.8,False,,,50.0,58.0,57.9,,not specified,Environmental scores are skin-type independent.,not personalized,57.9
2026-09-30T14:00,deterministic,best_match,77.3,50,57.3,79.2,64.7,1003.9,994.1,79199.48,0,0,0,0,0,1,0.0,0.0,0.0,0.0,7.1,212,10.5,6.2,6.25,3600.0,1,0.0,7.0,0.0,16437.008,2280.184,16.6,0.0,0.021,1.6,801.0,712.0,89.0,914.6,1062.4,774.0,688.0,86.0,883.8,1026.7,24,29,29,9,8,0,0,0,0,0,2362.205,4793.307,10190.289,19114.174,31586.02,America/Los_Angeles,34.03202,-118.52633,86.0,53.86662483215332,0.992,0.008000000000000007,0.753953313253012,0.7538716275445602,0.8888888888888888,0.1111111111111111,0.8888888888888888,0.1111111111111111,1.0,0.0,0.0,29.0,0.0,98.1,1.0,,,,,,,,,,,,,,,,,2026-09-30 21:00:00+00:00,41.18260449857805,48.81739550142195,209.58666167997586,721.5498563784471,782.4128006404652,132.69435743746624,801.0,914.6,89.0,0.753953313253012,0,25.166666666666668,50,99.41,,2026-09-22T00:00Z,,,,,0.2,47.17,1.2187,nasa_power_ml_plus_cams_spectral,48.0,moderate,86.8,70.2,good locally,86.8,46.7,72.8,72.8,False,50,64.7,7.1,1,horizontal environmental reference,SSW,41.2,"sun 49° up (SSW) — lay flat, or lift torso ~41° toward SSW to face it",99.8,False,,,50.0,58.0,57.9,,not specified,Environmental scores are skin-type independent.,not personalized,57.9
2026-10-01T14:00,deterministic,best_match,82.9,28,46.5,80.6,62.0,1009.0,999.2,79199.48,0,0,0,0,0,0,0.0,0.0,0.0,0.0,9.5,214,8.7,6.2,6.2,3600.0,1,0.0,8.8,0.0,17158.792,2559.055,12.9,0.0,0.025,2.77,822.0,746.0,76.0,963.7,1057.1,794.0,720.5,73.4,930.8,1021.1,61,12,6,4,14,0,0,0,0,0,2460.63,4829.397,10196.851,19166.666,31601.896,America/Los_Angeles,34.03202,-118.52633,86.0,53.86662483215332,1.0,0.0,0.7775990918550753,0.777592792086965,0.9075425790754258,0.09245742092457421,0.9074307304785895,0.09244332493702771,1.0,0.0,0.10000000000002274,61.0,0.0,99.0,1.0,,,,,,,,,,,,,,,,,2026-10-01 21:00:00+00:00,41.569153405282485,48.430846594717515,209.4584490917262,716.7800504440804,781.167733130684,132.34517451729914,822.0,963.7,76.0,0.7775990918550753,0,28.277777777777782,28,99.92,,2026-09-22T00:00Z,,,,,0.2,46.99,1.221,nasa_power_ml_plus_cams_spectral,47.9,moderate,87.3,71.7,good locally,88.0,39.9,71.2,71.2,False,28,62.0,9.5,0,horizontal environmental reference,SSW,41.6,"sun 48° up (SSW) — lay flat, or lift torso ~42° toward SSW to face it",100.0,False,,,50.0,57.9,57.9,,not specified,Environmental scores are skin-type independent.,not personalized,57.9
2026-09-27T12:00,deterministic,best_match,80.6,35,50.4,81.8,62.7,1011.5,1001.7,79199.48,1,30,1,28,0,1,0.0,0.0,0.0,0.0,5.2,190,4.5,6.85,6.35,3600.0,1,0.0,5.6,0.0,14862.205,1148.294,20.4,0.0,0.024,2.32,859.0,774.0,85.0,1012.9,1040.5,892.9,804.6,88.4,1052.9,1081.8,32,25,9,6,18,0,0,0,0,0,2539.37,4917.979,10255.905,19087.926,31443.146,America/Los_Angeles,34.03202,-118.52633,86.0,53.86662483215332,1.078740157480315,-0.07874015748031504,0.8255646323882748,0.8253836198927713,0.9010477299185099,0.0989522700814901,0.9011087467801546,0.0990032478441035,1.0,0.0,-0.10000000000002274,32.0,0.0,99.8,1.0,,,,,,,,,,,,,,,,,2026-09-27 19:00:00+00:00,37.41936964118338,52.58063035881662,161.28562423729772,768.6662782368884,796.1446642745195,136.36082692225023,859.0,1012.9,85.0,0.8255646323882748,30,26.999999999999996,35,100.17,,2026-09-22T00:00Z,,,,,0.2,49.202,1.3696,nasa_power_ml_plus_cams_spectral,51.4,strong,90.1,68.0,excellent locally,66.9,29.5,53.8,53.8,False,35,62.7,5.2,1,horizontal environmental reference,SSE,37.4,"sun 53° up (SSE) — lay flat, or lift torso ~37° toward SSE to face it",99.8,False,,,50.0,57.9,57.8,,not specified,Environmental scores are skin-type independent.,not personalized,57.8
2026-09-24T14:00,deterministic,best_match,80.8,50,60.4,83.2,67.6,1010.5,1000.7,2034.121,45,0,0,0,0,0,0.0,0.0,0.0,0.0,8.5,215,6.3,6.5,6.6,3600.0,1,70.0,-0.1,276.0,14140.42,1197.507,22.0,0.0,0.023,1.79,807.0,697.0,110.0,866.9,1093.5,781.6,675.0,106.5,839.6,1059.1,30,27,34,9,10,0,0,0,0,0,2532.808,4960.63,10351.05,19146.982,31390.23,America/Los_Angeles,34.03202,-118.52633,86.0,53.86662483215332,0.9848484848484849,0.015151515151515138,0.7379972565157751,0.7379850816731188,0.8636926889714994,0.13630731102850063,0.8636131013306039,0.1362589559877175,1.0,0.0,0.10000000000002274,34.0,0.0,97.4,1.0,28.9,24.6,124.0,441.0,22.6,7.5,116.0,1388.0,0.16,2.0,6.4,6.4,92.0,92.0,32.0,21.0,2026-09-24 21:00:00+00:00,38.8501239611552,51.1498760388448,210.37099468090096,749.4182529169628,789.3294205719238,134.69679119607952,807.0,866.9,110.0,0.7379972565157751,0,27.11111111111111,50,100.07000000000001,0.16,2026-09-22T00:00Z,0.3076215,0.2880301,282.61176,0.1637646,0.1637646,47.198,1.3168,nasa_power_ml_plus_cams_spectral,49.1,moderate,84.3,61.2,good locally,97.6,25.1,72.2,72.2,False,50,67.6,8.5,0,horizontal environmental reference,SSW,38.9,"sun 51° up (SSW) — lay flat, or lift torso ~39° toward SSW to face it",100.0,False,,,50.0,57.7,57.7,,not specified,Environmental scores are skin-type independent.,not personalized,57.7
2026-10-04T12:00,deterministic,best_match,93.8,16,40.8,93.0,63.6,1009.7,1000.1,79199.48,0,0,0,0,0,0,0.0,0.0,0.0,0.0,2.8,225,3.4,6.1,6.1,3600.0,1,0.0,9.1,0.0,16961.944,1541.995,12.9,0.0,0.023,4.55,778.0,707.0,71.0,957.9,1009.1,808.6,734.8,73.8,995.6,1048.9,17,22,7,9,14,0,0,0,0,0,2526.247,4944.226,10347.77,19320.868,31734.19,America/Los_Angeles,34.03202,-118.52633,86.0,53.86662483215332,1.0,0.0,0.770984045188782,0.7709028506053961,0.9087403598971723,0.09125964010282776,0.9087311402423942,0.09126885975760574,1.0,0.0,1.1368683772161603e-13,22.0,0.0,98.9,1.0,,,,,,,,,,,,,,,,,2026-10-04 19:00:00+00:00,39.899681736543826,50.100318263456174,163.25774070104444,740.2340066719806,789.7122351122268,134.39148612587178,778.0,957.9,71.0,0.770984045188782,0,34.333333333333336,16,100.01,,2026-09-22T00:00Z,,,,,0.2,46.221,1.2141,nasa_power_ml_plus_cams_spectral,47.2,moderate,88.0,62.0,good locally,84.2,65.1,77.5,77.5,False,16,63.6,2.8,0,horizontal environmental reference,SSE,39.9,"sun 50° up (SSE) — lay flat, or lift torso ~40° toward SSE to face it",100.0,False,,,50.0,57.4,57.4,,not specified,Environmental scores are skin-type independent.,not personalized,57.4
2026-10-03T12:00,deterministic,best_match,89.2,17,38.7,87.2,61.2,1011.1,1001.4,79199.48,0,0,0,0,0,0,0.0,0.0,0.0,0.0,4.4,210,3.8,6.05,6.05,3600.0,1,0.0,12.5,0.0,17814.96,1328.74,13.4,0.0,0.024,3.9,782.0,711.0,71.0,958.4,1013.7,812.8,739.0,73.8,996.1,1053.7,12,13,6,10,34,0,0,0,0,0,2568.898,4990.158,10390.42,19389.764,31845.312,America/Los_Angeles,34.03202,-118.52633,86.0,53.86662483215332,1.0,0.0,0.7714313899575811,0.7713770522919237,0.9092071611253197,0.0907928388746803,0.9092027559055119,0.0907972440944882,1.0,0.0,0.0,34.0,0.0,98.9,1.0,,,,,,,,,,,,,,,,,2026-10-03 19:00:00+00:00,39.544144604085616,50.455855395914384,162.99594275500237,744.4259715068077,790.704537934881,134.68660007098856,782.0,958.4,71.0,0.7714313899575811,0,31.777777777777782,17,100.14,,2026-09-22T00:00Z,,,,,0.2,46.365,1.2091,nasa_power_ml_plus_cams_spectral,47.1,moderate,87.2,59.1,good locally,88.6,68.9,81.7,81.7,False,17,61.2,4.4,0,horizontal environmental reference,SSE,39.5,"sun 50° up (SSE) — lay flat, or lift torso ~40° toward SSE to face it",100.0,False,,,50.0,57.4,57.4,,not specified,Environmental scores are skin-type independent.,not personalized,57.4
2026-10-05T14:00,deterministic,best_match,98.2,13,39.0,97.2,64.3,1008.3,998.8,79199.48,0,0,0,0,0,6,0.0,0.0,0.0,0.0,2.9,231,7.4,6.05,6.05,3600.0,1,0.0,8.2,0.0,16863.518,2181.759,16.2,0.0,0.024,5.4,792.0,718.0,74.0,949.1,1035.4,763.8,692.4,71.4,915.3,998.7,25,22,10,7,30,0,0,0,0,0,2473.754,4881.89,10285.434,19242.126,31660.106,America/Los_Angeles,34.03202,-118.52633,86.0,53.86662483215332,1.0,0.0,0.7649217693644967,0.7647942325022529,0.9065656565656566,0.09343434343434344,0.9065200314218382,0.09347996857816183,1.0,0.0,0.0,30.0,0.0,97.7,1.0,,,,,,,,,,,,,,,,,2026-10-05 21:00:00+00:00,43.10441879411249,46.89558120588751,208.9486391216387,697.4181569525055,775.9249735207211,130.9079014608219,792.0,949.1,74.0,0.7649217693644967,0,36.77777777777778,13,99.88,,2026-09-22T00:00Z,,,,,0.2,45.983,1.1813,nasa_power_ml_plus_cams_spectral,46.9,moderate,88.2,75.2,good locally,88.2,62.4,79.2,79.2,False,13,64.3,2.9,6,horizontal environmental reference,SSW,43.1,"sun 47° up (SSW) — lay flat, or lift torso ~43° toward SSW to face it",98.1,False,,,50.0,58.5,57.4,,not specified,Environmental scores are skin-type independent.,not personalized,57.4
2026-09-28T14:00,deterministic,best_match,73.7,49,53.4,73.3,61.3,1007.9,998.0,79199.48,0,0,0,0,0,3,0.0,0.0,0.0,0.0,9.6,208,10.1,6.25,6.25,3600.0,1,0.0,13.2,0.0,16896.326,1886.483,17.0,0.0,0.021,1.45,817.0,735.0,82.0,933.8,1073.0,790.0,710.7,79.3,903.0,1037.7,18,20,4,7,14,0,0,0,0,0,2444.226,4826.116,10173.885,19124.016,31554.274,America/Los_Angeles,34.03202,-118.52633,86.0,53.86662483215332,1.0,0.0,0.7614165890027959,0.7612990266936493,0.8996328029375765,0.1003671970624235,0.8996202531645571,0.10037974683544304,1.0,0.0,0.0,20.0,0.0,98.1,1.0,,,,,,,,,,,,,,,,,2026-09-28 21:00:00+00:00,40.4071251331185,49.5928748668815,209.84472176040674,730.9898788212804,784.8237014741702,133.37982553791278,817.0,933.8,82.0,0.7614165890027959,0,23.166666666666668,49,99.8,,2026-09-22T00:00Z,,,,,0.2,47.502,1.1891,nasa_power_ml_plus_cams_spectral,48.4,moderate,86.1,67.7,good locally,81.2,52.6,71.2,71.2,False,49,61.3,9.6,3,horizontal environmental reference,SSW,40.4,"sun 50° up (SSW) — lay flat, or lift torso ~40° toward SSW to face it",99.2,False,,,50.0,57.8,57.3,,not specified,Environmental scores are skin-type independent.,not personalized,57.3
2026-09-29T13:00,deterministic,best_match,76.2,51,56.7,76.4,64.0,1005.8,995.9,79199.48,0,17,16,0,0,1,0.0,0.0,0.0,0.0,10.5,156,4.5,6.55,6.65,3600.0,1,0.0,12.0,0.0,16601.051,3969.817,21.0,0.0,0.021,1.51,814.0,715.0,99.0,896.1,1088.0,816.0,716.7,99.2,898.3,1090.8,13,20,3,11,30,0,0,0,0,0,2408.137,4826.116,10206.693,19133.86,31538.396,America/Los_Angeles,34.03202,-118.52633,86.0,53.86662483215332,0.9849624060150375,0.015037593984962516,0.7481617647058824,0.7480748074807481,0.8783783783783784,0.12162162162162163,0.8783088235294119,0.12156862745098039,1.0,0.0,0.09999999999990905,30.0,0.0,97.0,1.0,,,,,,,,,,,,,,,,,2026-09-29 20:00:00+00:00,36.871039489347716,53.128960510652284,186.5331089456411,776.2997004895756,799.0714898168709,137.05206354626205,814.0,896.1,99.0,0.7481617647058824,17,24.555555555555557,51,99.59,,2026-09-22T00:00Z,,,,,0.2,48.357,1.3068,nasa_power_ml_plus_cams_spectral,49.9,moderate,89.1,58.1,good locally,86.3,20.7,63.3,63.3,False,51,64.0,10.5,1,horizontal environmental reference,S,36.9,"sun 53° up (S) — lay flat, or lift torso ~37° toward S to face it",99.8,False,,,50.0,57.3,57.2,,not specified,Environmental scores are skin-type independent.,not personalized,57.2
2026-09-30T12:00,deterministic,best_match,75.5,54,57.7,78.0,64.1,1005.2,995.3,79199.48,0,0,0,0,0,1,0.0,0.0,0.0,0.0,5.7,201,6.0,6.25,6.2,3600.0,1,0.0,8.6,0.0,16404.199,2345.801,17.5,0.0,0.02,1.38,785.0,706.0,79.0,937.4,1027.3,816.0,733.8,82.1,974.4,1068.0,24,31,21,7,8,0,0,0,0,0,2395.013,4819.554,10213.255,19130.578,31591.312,America/Los_Angeles,34.03202,-118.52633,86.0,53.86662483215332,1.0080645161290323,-0.008064516129032251,0.7641390051591551,0.7640449438202247,0.8993630573248408,0.10063694267515924,0.8992647058823529,0.1006127450980392,1.0,0.0,0.10000000000002274,31.0,0.0,98.6,1.0,,,,,,,,,,,,,,,,,2026-09-30 19:00:00+00:00,38.47931640350021,51.52068359649979,162.17056190256187,756.7486605686397,793.5334927485927,135.5445894053869,785.0,937.4,79.0,0.7641390051591551,0,24.166666666666668,54,99.53,,2026-09-22T00:00Z,,,,,0.2,47.325,1.2334,nasa_power_ml_plus_cams_spectral,48.3,moderate,87.3,59.2,good locally,86.3,47.8,72.8,72.8,False,54,64.1,5.7,1,horizontal environmental reference,SSE,38.5,"sun 52° up (SSE) — lay flat, or lift torso ~38° toward SSE to face it",99.8,False,,,50.0,57.3,57.2,,not specified,Environmental scores are skin-type independent.,not personalized,57.2
2026-10-02T12:00,deterministic,best_match,87.2,20,41.2,86.2,61.4,1009.7,1000.0,79199.48,0,0,0,0,0,1,0.0,0.0,0.0,0.0,3.4,203,3.8,6.15,6.15,3600.0,1,0.0,9.0,0.0,17486.876,1541.995,13.7,0.0,0.023,3.52,786.0,715.0,71.0,958.9,1018.3,817.0,743.2,73.8,996.6,1058.5,76,22,10,4,28,0,0,0,0,0,2473.754,4835.958,10219.816,19219.16,31638.938,America/Los_Angeles,34.03202,-118.52633,86.0,53.86662483215332,1.0,0.0,0.7718746931159777,0.771846953235711,0.9096692111959288,0.09033078880407125,0.909669522643819,0.09033047735618115,1.0,0.0,0.0,76.0,0.0,98.8,1.0,,,,,,,,,,,,,,,,,2026-10-02 19:00:00+00:00,39.18883041256483,50.81116958743517,162.72747361379902,748.5766323334749,791.6720796726962,134.97718577878015,786.0,958.9,71.0,0.7718746931159777,0,30.666666666666668,20,100.0,,2026-09-22T00:00Z,,,,,0.2,46.498,1.2198,nasa_power_ml_plus_cams_spectral,47.5,moderate,87.1,58.8,good locally,88.4,52.1,75.7,75.7,False,20,61.4,3.4,1,horizontal environmental reference,SSE,39.2,"sun 51° up (SSE) — lay flat, or lift torso ~39° toward SSE to face it",99.8,False,,,50.0,57.0,56.9,,not specified,Environmental scores are skin-type independent.,not personalized,56.9
2026-09-29T14:00,deterministic,best_match,77.0,50,56.9,76.9,64.4,1005.3,995.5,79199.48,0,5,5,0,0,1,0.0,0.0,0.0,0.0,11.0,163,5.4,6.3,6.3,3600.0,1,0.0,11.4,0.0,16666.666,3871.391,21.1,0.0,0.021,1.58,806.0,713.0,93.0,910.8,1067.7,779.1,689.2,89.9,880.4,1032.2,13,21,4,10,30,0,0,0,0,0,2398.294,4819.554,10203.412,19130.578,31533.104,America/Los_Angeles,34.03202,-118.52633,86.0,53.86662483215332,1.0,0.0,0.7548936967312915,0.7547955822515017,0.8846153846153846,0.11538461538461539,0.884610447952766,0.11538955204723399,1.0,0.0,0.0,30.0,0.0,97.9,1.0,,,,,,,,,,,,,,,,,2026-09-29 21:00:00+00:00,40.79521964050476,49.20478035949524,209.7153794445216,726.2871328845836,783.6314609566805,133.03927243351416,806.0,910.8,93.0,0.7548936967312915,5,25.0,50,99.55,,2026-09-22T00:00Z,,,,,0.2,47.092,1.226,nasa_power_ml_plus_cams_spectral,48.3,moderate,86.7,69.5,good locally,86.4,18.5,62.6,62.6,False,50,64.4,11.0,1,horizontal environmental reference,SSW,40.8,"sun 49° up (SSW) — lay flat, or lift torso ~41° toward SSW to face it",99.8,False,,,50.0,56.9,56.8,,not specified,Environmental scores are skin-type independent.,not personalized,56.8
2026-10-01T12:00,deterministic,best_match,83.1,21,39.1,81.5,59.1,1009.9,1000.1,79199.48,0,0,0,0,0,0,0.0,0.0,0.0,0.0,4.3,227,12.1,6.15,6.15,3600.0,1,0.0,8.2,0.0,17125.984,2165.354,11.1,0.0,0.023,3.06,799.0,727.0,72.0,970.1,1022.8,830.5,755.7,74.8,1008.3,1063.3,70,11,7,3,16,0,0,0,0,0,2480.315,4845.801,10213.255,19183.07,31617.772,America/Los_Angeles,34.03202,-118.52633,86.0,53.86662483215332,1.0,0.0,0.7811888932342589,0.7810589673657482,0.9098873591989988,0.09011264080100125,0.9099337748344372,0.09006622516556291,1.0,0.0,0.0,70.0,0.0,99.1,1.0,,,,,,,,,,,,,,,,,2026-10-01 19:00:00+00:00,38.83385172737361,51.16614827262639,162.45234109904663,752.6846159243553,792.615004506071,135.26319522298888,799.0,970.1,72.0,0.7811888932342589,0,28.388888888888886,21,100.01,,2026-09-22T00:00Z,,,,,0.2,47.025,1.2261,nasa_power_ml_plus_cams_spectral,47.8,moderate,87.1,58.6,good locally,87.5,43.0,71.9,71.9,False,21,59.1,4.3,0,horizontal environmental reference,SSE,38.8,"sun 51° up (SSE) — lay flat, or lift torso ~39° toward SSE to face it",100.0,False,,,50.0,56.7,56.7,,not specified,Environmental scores are skin-type independent.,not personalized,56.7
2026-09-23T14:00,deterministic,best_match,72.6,81,66.5,77.8,68.2,1012.1,1002.1,51837.268,1,21,21,0,0,0,0.0,0.0,0.0,0.0,7.2,254,7.8,6.65,6.65,3600.0,1,0.0,2.0,0.0,14730.972,1295.932,18.4,0.0,0.017,0.52,751.0,576.0,175.0,712.7,1098.4,727.7,558.1,169.6,690.5,1064.3,27,23,18,9,10,0,0,0,0,0,2575.459,4996.719,10367.454,19186.352,31437.854,America/Los_Angeles,34.03202,-118.52633,86.0,53.86662483215332,1.0,0.0,0.6837217771303714,0.6837357887813588,0.7669773635153129,0.23302263648468707,0.7669369245568228,0.23306307544317711,1.0,0.0,0.0,27.0,0.0,91.0,1.0,28.4,22.6,126.0,449.0,16.7,6.1,103.0,1424.0,0.17,3.0,6.4,6.4,76.0,76.0,24.0,19.0,2026-09-23 21:00:00+00:00,38.46033085995662,51.53966914004338,210.50548987516817,753.9209481977663,790.3905226627186,135.01436611039014,751.0,712.7,175.0,0.6837217771303714,21,22.555555555555554,81,100.21000000000001,0.17,2026-09-22T00:00Z,0.25201598,0.23508744,284.4488,0.16436541,0.16436541,44.41,1.2155,nasa_power_ml_plus_cams_spectral,47.9,moderate,81.8,53.0,good locally,100.0,28.1,74.8,74.8,False,81,68.2,7.2,0,horizontal environmental reference,SSW,38.5,"sun 52° up (SSW) — lay flat, or lift torso ~38° toward SSW to face it",100.0,False,,,50.0,56.1,56.1,,not specified,Environmental scores are skin-type independent.,not personalized,56.1
2026-10-05T12:00,deterministic,best_match,97.1,14,40.0,96.5,64.4,1009.3,999.8,79199.48,0,0,0,0,0,6,0.0,0.0,0.0,0.0,2.1,212,4.3,6.0,6.0,3600.0,1,0.0,9.1,0.0,16830.708,1459.974,14.7,0.0,0.023,5.16,772.0,702.0,70.0,956.1,1004.4,802.4,729.6,72.8,993.8,1044.1,25,24,9,6,26,0,0,0,0,0,2496.719,4904.856,10308.399,19265.092,31697.146,America/Los_Angeles,34.03202,-118.52633,86.0,53.86662483215332,1.0,0.0,0.7686180804460374,0.7685087635283977,0.9093264248704663,0.09067357512953368,0.9092721834496511,0.09072781655034895,1.0,0.0,0.0,26.0,0.0,97.8,1.0,,,,,,,,,,,,,,,,,2026-10-05 19:00:00+00:00,40.25532541815949,49.74467458184051,163.51286872305195,736.0022130871747,788.6950620383086,134.0919004212692,772.0,956.1,70.0,0.7686180804460374,0,36.166666666666664,14,99.97999999999999,,2026-09-22T00:00Z,,,,,0.2,45.756,1.2011,nasa_power_ml_plus_cams_spectral,46.6,moderate,87.6,61.0,good locally,88.1,59.8,78.2,78.2,False,14,64.4,2.1,6,horizontal environmental reference,SSE,40.3,"sun 50° up (SSE) — lay flat, or lift torso ~40° toward SSE to face it",98.1,False,,,50.0,56.9,55.8,,not specified,Environmental scores are skin-type independent.,not personalized,55.8
2026-09-26T14:00,deterministic,best_match,85.1,34,53.6,85.4,65.9,1010.7,1000.9,79199.48,3,100,0,0,100,0,0.0,0.0,0.0,0.0,7.5,207,5.1,6.25,6.6,3600.0,1,0.0,6.3,0.0,15748.031,1837.27,13.1,0.0,0.024,2.72,787.0,565.0,222.0,710.1,1083.3,761.6,546.8,214.8,687.2,1048.5,25,24,7,13,92,0,0,0,0,4,2542.651,4947.507,10301.837,19183.07,31612.478,America/Los_Angeles,34.03202,-118.52633,86.0,53.86662483215332,0.946969696969697,0.05303030303030298,0.7264838918120557,0.7263710061993324,0.7179161372299873,0.2820838627700127,0.7179621848739495,0.2820378151260504,1.0,0.0,1.1368683772161603e-13,92.0,4.0,91.5,1.0,27.0,24.2,147.0,446.0,22.0,8.4,109.0,1365.0,0.12,1.0,6.15,6.35,90.0,90.0,31.0,18.0,2026-09-26 21:00:00+00:00,39.629303877921025,50.370696122078975,210.10580063992967,740.2841755079892,787.1290530775492,134.04750756132216,787.0,710.1,222.0,0.7264838918120557,100,29.499999999999996,34,100.09,0.12,2026-09-22T00:00Z,0.13007694,0.120191686,281.796,0.16257727,0.16257727,46.421,1.2853,nasa_power_ml_plus_cams_spectral,47.8,moderate,83.7,59.9,good locally,82.4,33.4,65.2,65.2,False,34,65.9,7.5,0,horizontal environmental reference,SSW,39.6,"sun 50° up (SSW) — lay flat, or lift torso ~40° toward SSW to face it",100.0,False,,,50.0,55.7,55.7,,not specified,Environmental scores are skin-type independent.,not personalized,55.7
2026-09-25T14:00,deterministic,best_match,85.3,41,58.9,87.2,68.6,1010.6,1000.8,79199.48,3,100,0,0,100,0,0.0,0.0,0.0,0.0,7.3,207,5.4,6.2,6.6,3600.0,1,0.0,3.3,0.0,15649.606,1640.42,20.2,0.0,0.023,2.44,758.0,523.0,235.0,653.9,1088.4,733.8,506.3,227.5,633.0,1053.9,33,21,20,26,90,0,0,0,0,16,2539.37,4954.069,10331.365,19196.196,31543.688,America/Los_Angeles,34.03202,-118.52633,86.0,53.86662483215332,0.9393939393939394,0.06060606060606055,0.6964351341418595,0.6962709934528891,0.6899736147757256,0.3100263852242744,0.6899700190787681,0.31002998092123196,1.0,0.0,0.0,90.0,16.0,89.3,1.0,31.3,26.5,149.0,445.0,20.6,9.2,103.0,1387.0,0.12,1.0,6.6,6.6,86.0,86.0,30.0,18.0,2026-09-25 21:00:00+00:00,39.23982258655036,50.76017741344964,210.23781246992388,744.8721072978899,788.2423077158743,134.3744838498884,758.0,653.9,235.0,0.6964351341418595,100,29.61111111111111,41,100.08,0.12,2026-09-22T00:00Z,0.14171393,0.1309911,286.72214,0.16316283,0.16316283,45.627,1.2436,nasa_power_ml_plus_cams_spectral,47.1,moderate,81.8,53.7,good locally,88.2,51.3,75.3,75.3,False,41,68.6,7.3,0,horizontal environmental reference,SSW,39.2,"sun 51° up (SSW) — lay flat, or lift torso ~39° toward SSW to face it",100.0,False,,,50.0,55.6,55.6,,not specified,Environmental scores are skin-type independent.,not personalized,55.6
2026-09-23T12:00,deterministic,best_match,72.1,83,66.6,78.4,68.2,1012.5,1002.5,49868.764,0,16,16,0,0,0,0.0,0.0,0.0,0.0,6.0,236,6.3,6.3,6.3,3600.0,1,0.0,2.2,0.0,14829.396,1148.294,20.0,0.0,0.018,0.46,794.0,685.0,109.0,880.5,1057.3,825.6,712.2,113.3,915.5,1099.3,28,25,26,10,8,0,0,0,0,0,2588.583,5006.562,10370.735,19192.914,31448.438,America/Los_Angeles,34.03202,-118.52633,86.0,53.86662483215332,1.0,0.0,0.7509694504870897,0.7510233785135996,0.8627204030226701,0.13727959697732997,0.8626453488372093,0.13723352713178294,1.0,0.0,0.10000000000002274,28.0,0.0,97.3,1.0,32.6,26.7,201.0,471.0,25.9,6.2,84.0,1606.0,0.16,4.0,7.4,7.4,75.0,75.0,24.0,9.0,2026-09-23 19:00:00+00:00,36.01802940090283,53.98197059909717,160.0147580457426,783.8833428149709,799.3004068121438,137.38360054973305,794.0,880.5,109.0,0.7509694504870897,16,22.277777777777775,83,100.25,0.16,2026-09-22T00:00Z,0.25022727,0.23408525,283.11853,0.1640895,0.1640895,47.378,1.359,nasa_power_ml_plus_cams_spectral,48.5,moderate,82.7,41.4,good locally,100.0,29.8,75.4,75.4,False,83,68.2,6.0,0,horizontal environmental reference,SSE,36.0,"sun 54° up (SSE) — lay flat, or lift torso ~36° toward SSE to face it",100.0,False,,,50.0,55.3,55.3,,not specified,Environmental scores are skin-type independent.,not personalized,55.3
2026-09-28T12:00,deterministic,best_match,75.0,48,54.0,75.0,62.1,1009.4,999.5,79199.48,0,0,0,0,0,3,0.0,0.0,0.0,0.0,8.3,211,5.1,6.2,6.2,3600.0,1,0.0,14.8,0.0,16666.666,1935.696,19.0,0.0,0.02,1.54,786.0,707.0,79.0,929.6,1036.2,817.0,734.9,82.1,966.3,1077.2,23,26,3,6,14,0,0,0,0,0,2473.754,4845.801,10183.728,19124.016,31543.688,America/Los_Angeles,34.03202,-118.52633,86.0,53.86662483215332,1.0,0.0,0.7585408222350897,0.7584478277014481,0.8994910941475827,0.1005089058524173,0.8995104039167686,0.10048959608323133,1.0,0.0,0.0,26.0,0.0,98.0,1.0,,,,,,,,,,,,,,,,,2026-09-28 19:00:00+00:00,37.77198062515227,52.22801937484773,161.58716925628823,764.7404686315208,795.2980581296059,136.0934220146438,786.0,929.6,79.0,0.7585408222350897,0,23.88888888888889,48,99.95,,2026-09-22T00:00Z,,,,,0.2,47.269,1.2114,nasa_power_ml_plus_cams_spectral,48.1,moderate,85.6,52.9,good locally,79.3,42.9,66.6,66.6,False,48,62.1,8.3,3,horizontal environmental reference,SSE,37.8,"sun 52° up (SSE) — lay flat, or lift torso ~38° toward SSE to face it",99.2,False,,,50.0,55.6,55.1,,not specified,Environmental scores are skin-type independent.,not personalized,55.1
2026-09-26T13:00,deterministic,best_match,85.4,32,52.2,86.1,65.4,1011.3,1001.5,79199.48,3,100,0,0,100,0,0.0,0.0,0.0,0.0,6.0,195,3.6,6.3,6.75,3600.0,1,0.0,6.3,0.0,15977.69,1952.1,13.5,0.0,0.024,2.83,788.0,541.0,247.0,668.1,1102.3,790.4,542.6,247.7,670.1,1105.8,27,24,7,13,92,0,0,0,0,22,2559.055,4960.63,10318.241,19202.756,31617.772,America/Los_Angeles,34.03202,-118.52633,86.0,53.86662483215332,0.9333333333333333,0.06666666666666665,0.7148689104599474,0.7147766323024055,0.6865482233502538,0.3134517766497462,0.6864878542510122,0.31338562753036436,1.0,0.0,0.10000000000002274,92.0,22.0,90.4,1.0,29.8,27.1,183.0,456.0,27.5,9.4,99.0,1412.0,0.12,1.0,7.4,7.4,90.0,90.0,31.0,12.0,2026-09-26 20:00:00+00:00,35.68676900378176,54.31323099621824,186.29017369438807,789.1832824687131,801.8210524742954,137.9295830624162,788.0,668.1,247.0,0.7148689104599474,100,29.66666666666667,32,100.15,0.12,2026-09-22T00:00Z,0.12690093,0.117253415,282.28766,0.16237384,0.16237384,47.99,1.386,nasa_power_ml_plus_cams_spectral,48.8,moderate,85.3,41.8,good locally,85.9,32.7,67.3,67.3,False,32,65.4,6.0,0,horizontal environmental reference,S,35.7,"sun 54° up (S) — lay flat, or lift torso ~36° toward S to face it",100.0,False,,,50.0,54.8,54.8,,not specified,Environmental scores are skin-type independent.,not personalized,54.8
2026-09-24T12:00,deterministic,best_match,81.7,48,60.1,84.5,67.8,1011.2,1001.4,79199.48,0,0,0,0,0,0,0.0,0.0,0.0,0.0,7.2,206,3.1,6.25,6.25,3600.0,1,100.0,0.0,248.0,13910.762,1328.74,22.1,0.0,0.022,1.92,793.0,714.0,79.0,921.6,1053.2,824.4,742.3,82.1,958.1,1095.0,31,25,44,9,14,0,0,0,0,0,2552.494,4973.754,10364.173,19153.542,31395.52,America/Los_Angeles,34.03202,-118.52633,86.0,53.86662483215332,1.0,0.0,0.7529434105582985,0.7528767123287671,0.9003783102143758,0.09962168978562422,0.9004124211547792,0.09958757884522076,1.0,0.0,0.0,44.0,0.0,98.5,1.0,36.3,31.5,194.0,461.0,36.3,7.8,91.0,1436.0,0.18,3.0,7.3,7.3,91.0,91.0,32.0,9.0,2026-09-24 19:00:00+00:00,36.36682649558267,53.63317350441733,160.34208789890977,780.1534470194175,798.5454233304155,137.13493098927165,793.0,921.6,79.0,0.7529434105582985,0,27.611111111111114,48,100.14,0.18,2026-09-22T00:00Z,0.26845306,0.25117105,283.00214,0.16348904,0.16348904,46.862,1.331,nasa_power_ml_plus_cams_spectral,48.0,moderate,82.6,41.4,good locally,94.4,27.2,70.9,70.9,False,48,67.8,7.2,0,horizontal environmental reference,SSE,36.4,"sun 54° up (SSE) — lay flat, or lift torso ~36° toward SSE to face it",100.0,False,,,50.0,54.4,54.4,,not specified,Environmental scores are skin-type independent.,not personalized,54.4
2026-09-25T12:00,deterministic,best_match,83.6,43,58.8,86.8,67.9,1011.6,1001.8,79199.48,1,49,0,0,48,0,0.0,0.0,0.0,0.0,4.9,180,2.2,6.05,6.2,3600.0,1,0.0,3.8,0.0,15551.182,1558.399,21.3,0.0,0.022,2.24,767.0,625.0,142.0,810.4,1049.0,797.4,649.7,147.6,842.4,1090.7,34,23,27,21,94,0,0,0,0,36,2565.617,4973.754,10351.05,19206.038,31538.396,America/Los_Angeles,34.03202,-118.52633,86.0,53.86662483215332,0.9758064516129031,0.024193548387096864,0.7311725452812202,0.731090125607408,0.8148631029986962,0.18513689700130379,0.8147730122899424,0.18510158013544017,1.0,0.0,0.09999999999990905,94.0,36.0,96.7,1.0,36.0,30.6,168.0,452.0,28.6,9.8,82.0,1398.0,0.14,1.0,7.5,7.5,86.0,86.0,29.0,8.0,2026-09-25 19:00:00+00:00,36.716706364770985,53.283293635229015,160.66303937156977,776.3735102052868,797.7680250322248,136.8815811756332,767.0,810.4,142.0,0.7311725452812202,49,28.666666666666664,43,100.17999999999999,0.14,2026-09-22T00:00Z,0.14198244,0.13144498,286.43365,0.16287297,0.16287297,46.644,1.3084,nasa_power_ml_plus_cams_spectral,47.2,moderate,81.9,39.2,good locally,91.5,51.4,77.5,77.5,False,43,67.9,4.9,0,horizontal environmental reference,SSE,36.7,"sun 53° up (SSE) — lay flat, or lift torso ~37° toward SSE to face it",100.0,False,,,50.0,54.2,54.2,,not specified,Environmental scores are skin-type independent.,not personalized,54.2
2026-09-23T13:00,deterministic,best_match,71.9,83,66.5,77.1,68.0,1012.1,1002.1,49868.764,1,27,27,0,0,0,0.0,0.0,0.0,0.0,6.5,243,7.2,6.85,6.85,3600.0,1,0.0,2.3,0.0,14665.354,1213.911,19.6,0.0,0.017,0.45,717.0,511.0,206.0,622.3,1116.0,719.6,512.9,206.8,624.6,1120.1,28,24,23,9,10,0,0,0,0,0,2575.459,4996.719,10364.173,19183.07,31437.854,America/Los_Angeles,34.03202,-118.52633,86.0,53.86662483215332,1.0,0.0,0.6424731182795699,0.6424426390500849,0.7126917712691772,0.28730822873082285,0.7127570872707059,0.28738187882156757,1.0,0.0,-0.10000000000002274,28.0,0.0,87.8,1.0,30.5,24.6,155.0,458.0,20.9,6.3,94.0,1499.0,0.16,3.0,7.55,7.55,76.0,76.0,24.0,14.0,2026-09-23 20:00:00+00:00,34.501086573483974,55.498913426516026,186.01952724679535,801.6530217427486,804.3618421291427,138.7660026791366,717.0,622.3,206.0,0.6424731182795699,27,22.16666666666667,83,100.21000000000001,0.16,2026-09-22T00:00Z,0.26341474,0.24637988,283.63266,0.16417629,0.16417629,44.13,1.2948,nasa_power_ml_plus_cams_spectral,48.4,moderate,82.6,30.0,good locally,100.0,26.8,74.4,74.4,False,83,68.0,6.5,0,horizontal environmental reference,S,34.5,"sun 55° up (S) — lay flat on back, face up",100.0,False,,,50.0,53.3,53.3,,not specified,Environmental scores are skin-type independent.,not personalized,53.3
2026-09-29T12:00,deterministic,best_match,74.6,54,56.8,74.6,63.4,1006.3,996.4,79199.48,1,31,30,0,0,1,0.0,0.0,0.0,0.0,9.4,149,4.0,6.1,6.25,3600.0,1,0.0,12.5,0.0,16502.625,3920.604,21.1,0.0,0.019,1.34,741.0,633.0,108.0,836.4,1031.8,770.2,658.0,112.3,869.4,1072.6,14,19,3,11,30,0,0,0,0,0,2421.26,4829.397,10209.974,19140.42,31548.98,America/Los_Angeles,34.03202,-118.52633,86.0,53.86662483215332,0.976,0.02400000000000002,0.718162434580345,0.7180682453850458,0.854251012145749,0.145748987854251,0.8543235523240716,0.1458062840820566,1.0,0.0,-0.09999999999990905,30.0,0.0,95.3,1.0,,,,,,,,,,,,,,,,,2026-09-29 19:00:00+00:00,38.1253269865148,51.8746730134852,161.88216077201957,760.7676213542259,794.4277606432507,135.82133859270698,741.0,836.4,108.0,0.718162434580345,31,23.666666666666664,54,99.64,,2026-09-22T00:00Z,,,,,0.2,44.709,1.2045,nasa_power_ml_plus_cams_spectral,46.3,moderate,83.1,44.3,good locally,85.2,20.1,62.4,62.4,False,54,63.4,9.4,1,horizontal environmental reference,SSE,38.1,"sun 52° up (SSE) — lay flat, or lift torso ~38° toward SSE to face it",99.8,False,,,50.0,52.6,52.5,,not specified,Environmental scores are skin-type independent.,not personalized,52.5
2026-09-23T15:00,deterministic,best_match,72.6,82,66.8,77.6,68.5,1011.9,1001.9,51837.268,0,10,10,0,0,1,0.0,0.0,0.0,0.0,8.2,261,8.9,5.7,5.8,3600.0,1,0.0,1.8,0.0,14665.354,1197.507,17.6,0.0,0.017,0.49,758.0,622.0,136.0,840.6,1005.7,705.2,578.7,126.5,782.1,935.7,25,22,17,7,10,0,0,0,0,0,2572.179,4996.719,10367.454,19186.352,31432.564,America/Los_Angeles,34.03202,-118.52633,86.0,53.86662483215332,0.9827586206896552,0.01724137931034475,0.7537038878393159,0.753660361226889,0.820580474934037,0.17941952506596306,0.8206182643221781,0.1793817356778219,1.0,0.0,0.0,25.0,0.0,93.7,1.0,27.2,21.7,126.0,447.0,12.3,5.6,113.0,1413.0,0.17,3.0,4.45,4.45,77.0,77.0,25.0,25.0,2026-09-23 22:00:00+00:00,46.4962798653967,43.5037201346033,229.37596531544227,644.3236884441785,753.1298588090295,125.86783457012393,758.0,840.6,136.0,0.7537038878393159,10,22.555555555555554,82,100.19,0.17,2026-09-22T00:00Z,0.2316614,0.2157566,284.80954,0.16459715,0.16459715,42.257,1.0126,nasa_power_ml_plus_cams_spectral,43.5,moderate,74.0,69.8,typical-to-good locally,81.0,32.5,64.0,64.0,False,82,68.5,8.2,1,horizontal environmental reference,SW,46.5,"sun 44° up (SW) — lay flat, or lift torso ~46° toward SW to face it",99.8,False,,,50.0,52.3,52.2,,not specified,Environmental scores are skin-type independent.,not personalized,52.2
2026-09-22T15:00,deterministic,best_match,71.6,78,64.4,72.7,66.6,1010.6,1000.6,57086.612,0,3,3,0,0,0,0.0,0.0,0.0,0.0,13.7,265,16.8,5.6,5.8,3600.0,1,0.0,1.9,0.0,14566.93,1410.761,25.1,0.0,0.015,0.58,732.3,578.0,154.3,776.6,1011.0,681.7,538.1,143.6,723.0,941.3,60,34,39,7,10,0,0,0,0,0,2513.123,4908.137,10255.905,19061.68,31268.522,America/Los_Angeles,34.03202,-118.52633,86.0,53.86662483215332,0.9655172413793103,0.034482758620689724,0.7243323442136498,0.724211197280357,0.7892940051891302,0.21070599481086988,0.789350154026698,0.21064984597330202,1.0,0.0,0.0,60.0,0.0,91.2,1.0,17.7,12.5,120.0,438.0,4.6,3.4,112.0,1374.0,0.16,5.0,4.4,4.4,62.0,62.0,17.0,28.0,2026-09-22 22:00:00+00:00,46.13891166850611,43.86108833149389,229.6204761180379,649.1619827561732,754.6582828205164,126.24996446153159,732.3,776.6,154.3,0.7243323442136498,3,21.999999999999996,78,100.06,0.16,2026-09-22T00:00Z,0.48362693,0.45361197,286.16437,0.16519797,0.16519797,41.35,0.9883,nasa_power_ml_plus_cams_spectral,42.7,moderate,72.1,63.3,typical-to-good locally,70.8,72.8,71.5,71.5,False,78,66.6,13.7,0,horizontal environmental reference,SW,46.1,"sun 44° up (SW) — lay flat, or lift torso ~46° toward SW to face it",100.0,False,,,50.0,51.9,51.9,,not specified,Environmental scores are skin-type independent.,not personalized,51.9
2026-09-25T15:00,deterministic,best_match,82.4,47,60.1,84.0,68.1,1010.1,1000.3,79199.48,3,84,0,0,83,0,0.0,0.0,0.0,0.0,8.9,214,6.3,5.7,5.75,3600.0,1,0.0,3.4,0.0,15649.606,1345.144,19.8,0.0,0.022,2.0,744.0,662.0,82.0,905.9,994.7,691.2,615.0,76.2,841.6,924.2,33,21,17,26,90,0,0,0,0,6,2526.247,4940.945,10321.522,19189.632,31533.104,America/Los_Angeles,34.03202,-118.52633,86.0,53.86662483215332,0.991304347826087,0.008695652173912993,0.7479642103146678,0.7478900670850466,0.8897849462365591,0.11021505376344086,0.8897569444444444,0.11024305555555555,1.0,0.0,0.0,90.0,6.0,96.5,1.0,28.5,23.9,144.0,443.0,15.7,8.1,111.0,1383.0,0.12,1.0,4.55,4.6,86.0,86.0,30.0,24.0,2026-09-25 22:00:00+00:00,47.2116459235988,42.7883540764012,228.89347004038632,634.5371082959971,749.9708802244062,125.0877747509648,744.0,905.9,82.0,0.7479642103146678,84,28.000000000000004,47,100.03,0.12,2026-09-22T00:00Z,0.14224888,0.13147944,286.79922,0.16340983,0.16340983,41.829,0.9871,nasa_power_ml_plus_cams_spectral,43.3,moderate,75.0,73.2,good locally,56.2,54.7,55.7,55.7,False,47,68.1,8.9,0,horizontal environmental reference,SW,47.2,"sun 43° up (SW) — lay flat, or lift torso ~47° toward SW to face it",100.0,False,,,50.0,51.5,51.5,,not specified,Environmental scores are skin-type independent.,not personalized,51.5
2026-09-22T12:00,deterministic,best_match,72.8,71,62.9,75.0,66.0,1012.3,1002.3,68897.64,0,15,15,0,0,0,0.0,0.0,0.0,0.0,9.2,247,10.1,6.3,6.3,3600.0,1,0.0,2.6,0.0,14304.462,1738.845,24.6,0.0,0.017,0.8,710.0,493.8,216.3,631.9,1061.3,738.3,513.4,224.9,657.1,1103.5,75,33,40,7,26,0,0,0,0,0,2555.775,4931.103,10272.31,19064.96,31268.522,America/Los_Angeles,34.03202,-118.52633,86.0,53.86662483215332,1.0,0.0,0.6689908602657119,0.669053013140009,0.6954929577464789,0.30464788732394366,0.6953812813219559,0.3046187186780442,1.0,-0.10000000000002274,0.0,75.0,0.0,89.5,1.0,23.6,17.3,128.0,441.0,9.2,6.0,92.0,1389.0,0.2,5.0,7.15,7.2,62.0,62.0,17.0,14.0,2026-09-22 19:00:00+00:00,35.670402356403514,54.329597643596486,159.6810964928261,787.5625448327621,800.0333089598781,137.62759545478286,710.0,631.9,216.3,0.6689908602657119,15,22.666666666666668,71,100.22999999999999,0.2,2026-09-22T00:00Z,0.4023784,0.37655866,285.19232,0.16469032,0.16469032,43.16,1.2294,nasa_power_ml_plus_cams_spectral,46.0,moderate,77.7,23.6,good locally,98.1,36.7,76.6,76.6,False,71,66.0,9.2,0,horizontal environmental reference,SSE,35.7,"sun 54° up (SSE) — lay flat, or lift torso ~36° toward SSE to face it",100.0,False,,,50.0,50.3,50.3,,not specified,Environmental scores are skin-type independent.,not personalized,50.3
2026-10-02T15:00,deterministic,best_match,84.9,25,45.2,81.9,62.2,1008.4,998.7,79199.48,0,0,0,0,0,1,0.0,0.0,0.0,0.0,8.2,225,5.6,5.1,5.1,3600.0,1,0.0,8.9,0.0,17814.96,1558.399,13.6,0.0,0.023,3.07,725.0,656.0,69.0,939.0,954.9,670.3,606.5,63.8,868.1,882.9,59,23,7,3,14,0,0,0,0,0,2447.507,4829.397,10219.816,19229.002,31649.524,America/Los_Angeles,34.03202,-118.52633,86.0,53.86662483215332,1.0,0.0,0.7592418054246518,0.7592026277041567,0.9048275862068965,0.09517241379310344,0.9048187378785619,0.09518126212143817,1.0,0.0,0.0,59.0,0.0,94.0,1.0,,,,,,,,,,,,,,,,,2026-10-02 22:00:00+00:00,49.70727548171562,40.29272451828438,227.26310821336122,599.3591575451451,737.8417774815816,122.20209671851217,725.0,939.0,69.0,0.7592418054246518,0,29.388888888888893,25,99.87,,2026-09-22T00:00Z,,,,,0.2,40.21,0.8918,nasa_power_ml_plus_cams_spectral,40.3,moderate,74.2,73.4,typical-to-good locally,64.2,62.0,63.4,63.4,False,25,62.2,8.2,1,horizontal environmental reference,SW,49.7,"sun 40° up (SW) — lay flat, or lift torso ~50° toward SW to face it",99.8,False,,,50.0,50.2,50.1,,not specified,Environmental scores are skin-type independent.,not personalized,50.1
2026-10-03T15:00,deterministic,best_match,87.0,23,44.7,84.2,62.7,1009.5,999.8,79199.48,0,0,0,0,0,0,0.0,0.0,0.0,0.0,7.4,224,6.5,5.0,5.0,3600.0,1,0.0,10.3,0.0,17749.344,1328.74,13.9,0.0,0.023,3.37,719.0,650.0,69.0,936.6,949.1,664.2,600.5,63.7,865.3,876.9,11,12,6,7,58,0,0,0,0,2,2539.37,4967.192,10377.297,19373.36,31829.44,America/Los_Angeles,34.03202,-118.52633,86.0,53.86662483215332,1.0,0.0,0.7575597934885681,0.7574409852890867,0.9040333796940194,0.09596662030598054,0.9040951520626317,0.09590484793736825,1.0,0.0,0.0,58.0,2.0,93.6,1.0,,,,,,,,,,,,,,,,,2026-10-03 22:00:00+00:00,50.0608734824424,39.9391265175576,227.03639916091296,594.2476466631554,735.9743727873552,121.77169926434874,719.0,936.6,69.0,0.7575597934885681,0,30.555555555555557,23,99.97999999999999,,2026-09-22T00:00Z,,,,,0.2,39.783,0.8792,nasa_power_ml_plus_cams_spectral,39.7,moderate,73.6,72.1,typical-to-good locally,63.2,75.8,67.6,67.6,False,23,62.7,7.4,0,horizontal environmental reference,SW,50.1,"sun 40° up (SW) — lay flat, or lift torso ~50° toward SW to face it",100.0,False,,,50.0,50.1,50.1,,not specified,Environmental scores are skin-type independent.,not personalized,50.1
2026-09-24T15:00,deterministic,best_match,80.2,53,61.5,82.0,68.0,1010.0,1000.2,1246.719,45,0,0,0,0,0,0.0,0.0,0.0,0.0,9.0,215,8.3,5.55,5.75,3600.0,1,80.0,-0.2,296.0,14238.846,1082.677,21.9,0.0,0.02,1.65,709.0,611.0,98.0,831.1,1000.2,659.1,568.0,91.1,772.6,930.0,26,27,27,9,8,0,0,0,0,0,2522.966,4950.788,10344.488,19143.702,31390.23,America/Los_Angeles,34.03202,-118.52633,86.0,53.86662483215332,0.9652173913043478,0.034782608695652195,0.7088582283543291,0.7087096774193549,0.8617771509167842,0.1382228490832158,0.8617812168108026,0.13821878318919736,1.0,0.0,0.0,27.0,0.0,92.7,1.0,26.9,22.5,115.0,438.0,17.3,7.0,122.0,1376.0,0.14,2.0,4.45,4.45,92.0,92.0,32.0,27.0,2026-09-24 22:00:00+00:00,46.85390481369351,43.14609518630649,229.13366131589703,639.4480373632185,751.5674168881216,125.48040908908695,709.0,831.1,98.0,0.7088582283543291,0,26.777777777777782,53,100.02000000000001,0.14,2026-09-22T00:00Z,0.32164133,0.30145925,282.73737,0.16401064,0.16401064,40.772,0.991,nasa_power_ml_plus_cams_spectral,42.2,moderate,72.4,65.2,typical-to-good locally,72.2,27.2,56.4,56.4,False,53,68.0,9.0,0,horizontal environmental reference,SW,46.9,"sun 43° up (SW) — lay flat, or lift torso ~47° toward SW to face it",100.0,False,,,50.0,49.9,49.9,,not specified,Environmental scores are skin-type independent.,not personalized,49.9
2026-10-01T15:00,deterministic,best_match,82.1,30,47.6,79.1,62.1,1008.8,999.0,79199.48,0,0,0,0,0,0,0.0,0.0,0.0,0.0,9.8,215,6.9,5.1,5.1,3600.0,1,0.0,9.0,0.0,17191.602,2116.142,13.2,0.0,0.023,2.62,733.0,663.0,70.0,942.7,960.7,678.1,613.4,64.8,872.2,888.9,61,16,4,4,14,0,0,0,0,0,2457.349,4826.116,10190.289,19166.666,31601.896,America/Los_Angeles,34.03202,-118.52633,86.0,53.86662483215332,1.0,0.0,0.762985323201832,0.7628529643379458,0.9045020463847203,0.09549795361527967,0.904586344197021,0.09556112667748119,1.0,0.0,-0.09999999999990905,61.0,0.0,94.2,1.0,,,,,,,,,,,,,,,,,2026-10-01 22:00:00+00:00,49.35266313513856,40.64733686486144,227.4912074465435,604.4540836413503,739.6759357015857,122.62822271628744,733.0,942.7,70.0,0.762985323201832,0,27.833333333333332,30,99.9,,2026-09-22T00:00Z,,,,,0.2,41.119,0.8966,nasa_power_ml_plus_cams_spectral,40.9,moderate,74.7,74.4,typical-to-good locally,62.0,38.9,53.9,53.9,False,30,62.1,9.8,0,horizontal environmental reference,SW,49.4,"sun 41° up (SW) — lay flat, or lift torso ~49° toward SW to face it",100.0,False,,,50.0,49.5,49.5,,not specified,Environmental scores are skin-type independent.,not personalized,49.5
2026-10-04T15:00,deterministic,best_match,92.3,17,41.2,88.9,63.2,1008.1,998.5,79199.48,0,0,0,0,0,2,0.0,0.0,0.0,0.0,7.0,225,9.4,4.95,4.95,3600.0,1,0.0,9.5,0.0,17125.984,1820.866,12.9,0.0,0.024,4.29,718.0,651.0,67.0,944.3,943.3,662.8,601.0,61.9,871.8,871.0,18,23,7,7,20,0,0,0,0,0,2490.158,4914.698,10324.804,19297.9,31744.774,America/Los_Angeles,34.03202,-118.52633,86.0,53.86662483215332,1.0,0.0,0.7611576380790841,0.7609644087256027,0.9066852367688022,0.09331476323119778,0.9067592033796017,0.09339167169583586,1.0,0.0,-0.10000000000002274,23.0,0.0,93.1,1.0,,,,,,,,,,,,,,,,,2026-10-04 22:00:00+00:00,50.413316215050656,39.586683784949344,226.81101827168652,589.122115843346,734.0740410672983,121.33717976380126,718.0,944.3,67.0,0.7611576380790841,0,33.5,17,99.85,,2026-09-22T00:00Z,,,,,0.2,39.864,0.884,nasa_power_ml_plus_cams_spectral,39.6,moderate,74.1,73.6,typical-to-good locally,60.9,70.9,64.4,64.4,False,17,63.2,7.0,2,horizontal environmental reference,SW,50.4,"sun 40° up (SW) — lay flat, or lift torso ~50° toward SW to face it",99.5,False,,,50.0,49.8,49.5,,not specified,Environmental scores are skin-type independent.,not personalized,49.5
2026-09-28T15:00,deterministic,best_match,75.0,46,52.8,73.8,61.6,1007.4,997.5,79199.48,0,0,0,0,0,3,0.0,0.0,0.0,0.0,9.1,211,11.0,5.15,5.15,3600.0,1,0.0,13.0,0.0,16863.518,2198.163,17.4,0.0,0.02,1.6,738.0,663.0,75.0,924.5,977.9,684.2,614.7,69.5,857.1,906.7,19,19,4,7,14,0,0,0,0,0,2431.102,4816.273,10170.604,19120.734,31554.274,America/Los_Angeles,34.03202,-118.52633,86.0,53.86662483215332,1.0,0.0,0.7546783924736681,0.7546046101246278,0.8983739837398373,0.1016260162601626,0.8984215141771412,0.1015784858228588,1.0,0.0,0.0,19.0,0.0,93.7,1.0,,,,,,,,,,,,,,,,,2026-09-28 22:00:00+00:00,48.2841626550105,41.7158373449895,228.18459078858382,619.6142505643514,744.9764462220827,123.87957490457148,738.0,924.5,75.0,0.7546783924736681,0,23.88888888888889,46,99.75,,2026-09-22T00:00Z,,,,,0.2,41.307,0.9234,nasa_power_ml_plus_cams_spectral,41.1,moderate,73.0,68.8,typical-to-good locally,58.7,58.1,58.5,58.5,False,46,61.6,9.1,3,horizontal environmental reference,SW,48.3,"sun 42° up (SW) — lay flat, or lift torso ~48° toward SW to face it",99.2,False,,,50.0,49.7,49.3,,not specified,Environmental scores are skin-type independent.,not personalized,49.3
2026-09-26T15:00,deterministic,best_match,82.9,37,54.0,82.5,65.3,1010.1,1000.3,79199.48,3,100,0,0,100,0,0.0,0.0,0.0,0.0,8.1,224,6.0,5.55,5.7,3600.0,1,0.0,6.5,0.0,15912.073,1492.782,12.3,0.0,0.022,2.42,723.0,560.0,163.0,771.1,989.1,671.2,519.9,151.3,715.9,918.4,25,22,7,13,72,0,0,0,0,0,2526.247,4927.822,10285.434,19169.948,31607.19,America/Los_Angeles,34.03202,-118.52633,86.0,53.86662483215332,0.9736842105263157,0.026315789473684292,0.7309675462541705,0.730836236933798,0.7745504840940526,0.22544951590594745,0.7745828367103694,0.22541716328963052,1.0,0.0,0.0,72.0,0.0,91.0,1.0,25.1,22.1,131.0,442.0,18.6,7.3,106.0,1349.0,0.12,1.0,4.05,4.4,90.0,90.0,30.0,25.0,2026-09-26 22:00:00+00:00,47.569362807253306,42.430637192746694,228.65529416832248,629.5930335979396,748.3402050591534,124.69002408641649,723.0,771.1,163.0,0.7309675462541705,100,28.277777777777782,37,100.03,0.12,2026-09-22T00:00Z,0.13261811,0.12250242,281.29556,0.16280901,0.16280901,40.644,0.9746,nasa_power_ml_plus_cams_spectral,42.1,moderate,73.5,69.0,typical-to-good locally,55.5,35.4,48.5,48.5,False,37,65.3,8.1,0,horizontal environmental reference,SW,47.6,"sun 42° up (SW) — lay flat, or lift torso ~48° toward SW to face it",100.0,False,,,50.0,49.1,49.1,,not specified,Environmental scores are skin-type independent.,not personalized,49.1
2026-10-05T15:00,deterministic,best_match,98.5,13,39.2,95.9,64.5,1007.9,998.4,79199.48,0,0,0,0,0,6,0.0,0.0,0.0,0.0,4.0,236,8.3,4.95,4.95,3600.0,1,0.0,8.1,0.0,16797.9,2296.588,17.1,0.0,0.023,5.44,704.0,636.0,68.0,928.8,937.5,649.5,586.7,62.7,856.9,865.0,23,19,10,9,24,0,0,0,0,0,2467.192,4875.328,10282.152,19235.564,31644.23,America/Los_Angeles,34.03202,-118.52633,86.0,53.86662483215332,1.0,0.0,0.7509333333333333,0.7508670520231214,0.9034090909090909,0.09659090909090909,0.9033102386451117,0.09653579676674365,1.0,0.0,0.09999999999990905,24.0,0.0,92.1,1.0,,,,,,,,,,,,,,,,,2026-10-05 22:00:00+00:00,50.7644646210199,39.2355353789801,226.58691118011652,583.9851489515902,732.141145524634,120.89869290465066,704.0,928.8,68.0,0.7509333333333333,0,36.94444444444444,13,99.84,,2026-09-22T00:00Z,,,,,0.2,39.063,0.8666,nasa_power_ml_plus_cams_spectral,39.2,moderate,73.9,73.3,typical-to-good locally,63.7,63.7,63.7,63.7,False,13,64.5,4.0,6,horizontal environmental reference,SW,50.8,"sun 39° up (SW) — lay flat, or lift torso ~51° toward SW to face it",98.1,False,,,50.0,49.4,48.5,,not specified,Environmental scores are skin-type independent.,not personalized,48.5
2026-09-30T15:00,deterministic,best_match,77.1,53,58.6,78.1,65.3,1003.4,993.6,79199.48,0,1,1,0,0,1,0.0,0.0,0.0,0.0,7.9,215,12.3,5.0,5.1,3600.0,1,0.0,6.6,0.0,16437.008,2001.312,16.5,0.0,0.019,1.49,699.0,607.0,92.0,857.4,966.4,647.1,562.0,85.2,793.8,894.9,25,30,30,9,8,0,0,0,0,0,2355.643,4790.027,10190.289,19110.892,31580.73,America/Los_Angeles,34.03202,-118.52633,86.0,53.86662483215332,0.9803921568627452,0.019607843137254832,0.7233029801324503,0.7230975527991955,0.8683834048640916,0.13161659513590845,0.8684901869881008,0.13166434863235976,1.0,0.0,-0.10000000000002274,30.0,0.0,90.7,1.0,,,,,,,,,,,,,,,,,2026-09-30 22:00:00+00:00,48.997178565471216,41.002821434528784,227.72076717003137,609.5298912149279,741.4765742333509,123.04993395681834,699.0,857.4,92.0,0.7233029801324503,1,25.055555555555554,53,99.36,,2026-09-22T00:00Z,,,,,0.2,39.984,0.894,nasa_power_ml_plus_cams_spectral,39.9,moderate,72.1,66.8,typical-to-good locally,62.0,43.9,55.7,55.7,False,53,65.3,7.9,1,horizontal environmental reference,SW,49.0,"sun 41° up (SW) — lay flat, or lift torso ~49° toward SW to face it",99.8,False,,,50.0,48.3,48.2,,not specified,Environmental scores are skin-type independent.,not personalized,48.2
2026-09-29T15:00,deterministic,best_match,76.5,52,57.6,76.2,64.5,1004.8,994.9,79199.48,0,1,1,0,0,1,0.0,0.0,0.0,0.0,10.4,173,6.7,5.15,5.15,3600.0,1,0.0,10.8,0.0,16633.857,3608.924,21.4,0.0,0.019,1.5,719.0,635.0,84.0,891.2,972.2,666.1,588.3,77.8,825.6,900.8,13,20,6,10,30,0,0,0,0,0,2385.171,4809.712,10196.851,19124.016,31533.104,America/Los_Angeles,34.03202,-118.52633,86.0,53.86662483215332,1.0,0.0,0.739559761365974,0.7394538188277088,0.8831710709318498,0.1168289290681502,0.8832007206125205,0.11679927938747935,1.0,0.0,1.1368683772161603e-13,30.0,0.0,93.0,1.0,,,,,,,,,,,,,,,,,2026-09-29 22:00:00+00:00,48.64096431402932,41.35903568597068,227.95186609856532,614.5840911516965,743.2434688834784,123.46709418094252,719.0,891.2,84.0,0.739559761365974,1,24.722222222222225,52,99.49,,2026-09-22T00:00Z,,,,,0.2,40.874,0.9056,nasa_power_ml_plus_cams_spectral,40.9,moderate,73.4,70.0,typical-to-good locally,62.6,15.7,46.2,46.2,False,52,64.5,10.4,1,horizontal environmental reference,SW,48.6,"sun 41° up (SW) — lay flat, or lift torso ~49° toward SW to face it",99.8,False,,,50.0,48.0,47.9,,not specified,Environmental scores are skin-type independent.,not personalized,47.9
2026-09-26T12:00,deterministic,best_match,84.2,34,52.8,84.9,65.2,1011.8,1002.0,79199.48,3,100,0,0,100,0,0.0,0.0,0.0,0.0,4.3,171,3.6,5.7,6.2,3600.0,1,0.0,6.4,0.0,16207.35,1640.42,13.9,0.0,0.021,2.64,699.0,428.0,271.0,557.5,1044.8,726.6,444.9,281.7,579.5,1086.2,29,26,7,13,96,0,0,0,0,46,2572.179,4970.473,10321.522,19212.598,31623.064,America/Los_Angeles,34.03202,-118.52633,86.0,53.86662483215332,0.9193548387096774,0.08064516129032262,0.6690275650842267,0.668937580556067,0.6123032904148784,0.3876967095851216,0.6123038810900082,0.3876961189099917,1.0,0.0,1.1368683772161603e-13,96.0,46.0,84.9,1.0,33.4,30.4,232.0,469.0,34.4,10.2,82.0,1480.0,0.13,1.0,7.25,7.25,90.0,90.0,31.0,8.0,2026-09-26 19:00:00+00:00,37.06758270687204,52.93241729312796,160.97756648394216,772.5442145710529,796.9678808206484,136.62354710640636,699.0,557.5,271.0,0.6690275650842267,100,29.000000000000004,34,100.2,0.13,2026-09-22T00:00Z,0.12104903,0.112024486,282.54434,0.16227216,0.16227216,43.22,1.2483,nasa_power_ml_plus_cams_spectral,44.1,moderate,77.0,23.3,good locally,84.1,33.0,66.2,66.2,False,34,65.2,4.3,0,horizontal environmental reference,SSE,37.1,"sun 53° up (SSE) — lay flat, or lift torso ~37° toward SSE to face it",100.0,False,,,50.0,47.8,47.8,,not specified,Environmental scores are skin-type independent.,not personalized,47.8
2026-10-03T11:00,deterministic,best_match,88.9,16,36.9,85.9,60.4,1011.4,1001.7,79199.48,0,0,0,0,0,0,0.0,0.0,0.0,0.0,3.0,207,3.1,4.8,4.8,3600.0,1,0.0,13.5,0.0,17847.77,1099.081,13.3,0.0,0.019,3.9,663.0,592.0,71.0,912.6,886.1,719.3,642.3,77.0,990.1,961.6,12,13,6,10,30,0,0,0,0,0,2578.74,4996.719,10393.701,19396.326,31855.898,America/Los_Angeles,34.03202,-118.52633,86.0,53.86662483215332,1.0,0.0,0.748222548245119,0.7480241264559068,0.8929110105580694,0.10708898944193061,0.8929514806061448,0.10704851939385514,1.0,0.0,0.0,30.0,0.0,92.3,1.0,,,,,,,,,,,,,,,,,2026-10-03 18:00:00+00:00,45.27291105788184,44.72708894211816,142.40650964405125,665.9009679077172,764.1463059164721,128.14776541438357,663.0,912.6,71.0,0.748222548245119,0,31.611111111111114,16,100.17,,2026-09-22T00:00Z,,,,,0.2,39.477,0.9824,nasa_power_ml_plus_cams_spectral,38.9,moderate,72.1,43.1,typical-to-good locally,71.7,69.3,70.9,70.9,False,16,60.4,3.0,0,horizontal environmental reference,SE,45.3,"sun 45° up (SE) — lay flat, or lift torso ~45° toward SE to face it",100.0,False,,,50.0,47.2,47.2,,not specified,Environmental scores are skin-type independent.,not personalized,47.2
2026-10-04T11:00,deterministic,best_match,92.8,16,40.1,91.2,62.9,1010.1,1000.5,79199.48,0,0,0,0,0,0,0.0,0.0,0.0,0.0,1.3,239,1.8,4.8,4.8,3600.0,1,0.0,8.9,0.0,16961.944,1164.698,13.2,0.0,0.018,4.42,660.0,590.0,70.0,914.4,881.8,716.2,640.3,76.0,992.3,957.1,16,21,7,11,20,0,0,0,0,0,2539.37,4957.349,10357.611,19330.708,31734.19,America/Los_Angeles,34.03202,-118.52633,86.0,53.86662483215332,1.0,0.0,0.7484690405987753,0.7483021627834082,0.8939393939393939,0.10606060606060606,0.8940240156380898,0.10611561016475844,1.0,0.0,-0.09999999999990905,21.0,0.0,92.3,1.0,,,,,,,,,,,,,,,,,2026-10-04 18:00:00+00:00,45.566882575868576,44.433117424131424,142.77265566014785,662.0420316462533,763.0386558223432,127.856833142798,660.0,914.4,70.0,0.7484690405987753,0,33.77777777777778,16,100.05,,2026-09-22T00:00Z,,,,,0.2,39.14,0.9415,nasa_power_ml_plus_cams_spectral,38.7,moderate,72.5,44.3,typical-to-good locally,66.9,67.8,67.2,67.2,False,16,62.9,1.3,0,horizontal environmental reference,SE,45.6,"sun 44° up (SE) — lay flat, or lift torso ~46° toward SE to face it",100.0,False,,,50.0,46.8,46.8,,not specified,Environmental scores are skin-type independent.,not personalized,46.8
2026-09-27T14:00,deterministic,best_match,82.4,33,50.4,80.6,63.4,1010.2,1000.4,79199.48,1,20,0,18,0,1,0.0,0.0,0.0,0.0,7.8,213,7.2,5.6,6.45,3600.0,1,0.0,5.9,0.0,14993.438,1886.483,20.8,0.0,0.021,2.53,683.0,578.0,105.0,730.4,1078.2,660.7,559.1,101.6,706.5,1043.1,28,25,9,13,14,0,0,0,0,0,2509.843,4891.733,10226.378,19064.96,31427.272,America/Los_Angeles,34.03202,-118.52633,86.0,53.86662483215332,0.8682170542635658,0.13178294573643423,0.6334631793730291,0.6334004409931935,0.8462664714494875,0.15373352855051245,0.8462237021341001,0.15377629786589977,1.0,0.0,0.0,28.0,0.0,88.1,1.0,,,,,,,,,,,,,,,,,2026-09-27 21:00:00+00:00,40.01844551002636,49.98155448997364,209.97481703887556,735.6561741779547,785.9895463671444,133.71593037151354,683.0,730.4,105.0,0.6334631793730291,20,28.000000000000004,33,100.03999999999999,,2026-09-22T00:00Z,,,,,0.2,41.368,1.1045,nasa_power_ml_plus_cams_spectral,42.7,moderate,75.3,35.1,good locally,60.5,32.2,50.6,50.6,False,33,63.4,7.8,1,horizontal environmental reference,SSW,40.0,"sun 50° up (SSW) — lay flat, or lift torso ~40° toward SSW to face it",99.8,False,,,50.0,46.8,46.7,,not specified,Environmental scores are skin-type independent.,not personalized,46.7
2026-09-30T11:00,deterministic,best_match,73.9,58,58.2,75.7,63.8,1005.7,995.8,79199.48,0,0,0,0,0,2,0.0,0.0,0.0,0.0,5.0,193,4.0,4.9,4.9,3600.0,1,0.0,9.6,0.0,16404.199,2181.759,18.0,0.0,0.017,1.2,660.0,577.0,83.0,875.5,898.7,715.7,625.7,90.0,949.4,974.6,24,33,19,7,8,0,0,0,0,0,2411.417,4832.677,10226.378,19140.42,31596.606,America/Los_Angeles,34.03202,-118.52633,86.0,53.86662483215332,1.0,0.0,0.7343941248470012,0.7343525548943156,0.8742424242424243,0.12575757575757576,0.8742489870057286,0.12575101299427133,1.0,0.0,0.0,33.0,0.0,92.0,1.0,,,,,,,,,,,,,,,,,2026-09-30 18:00:00+00:00,44.39920794061412,45.60079205938588,141.27125469057313,677.2121983698759,767.2994852602848,128.99025765110616,660.0,875.5,83.0,0.7343941248470012,0,23.277777777777782,58,99.58,,2026-09-22T00:00Z,,,,,0.2,39.739,0.9738,nasa_power_ml_plus_cams_spectral,39.4,moderate,71.1,40.5,typical-to-good locally,77.4,47.4,66.9,66.9,False,58,63.8,5.0,2,horizontal environmental reference,SE,44.4,"sun 46° up (SE) — lay flat, or lift torso ~44° toward SE to face it",99.5,False,,,50.0,46.7,46.5,,not specified,Environmental scores are skin-type independent.,not personalized,46.5
2026-10-02T11:00,deterministic,best_match,86.5,20,40.7,85.0,61.0,1010.1,1000.4,79199.48,0,0,0,0,0,1,0.0,0.0,0.0,0.0,1.6,172,3.6,4.85,4.85,3600.0,1,0.0,9.2,0.0,17355.642,1279.528,13.8,0.0,0.018,3.45,667.0,596.0,71.0,913.8,890.4,723.5,646.5,77.0,991.3,966.0,79,22,12,4,30,0,0,0,0,0,2483.596,4839.239,10223.098,19215.878,31638.938,America/Los_Angeles,34.03202,-118.52633,86.0,53.86662483215332,1.0,0.0,0.7491015274034142,0.7489648033126294,0.8935532233883059,0.10644677661169415,0.8935729094678645,0.10642709053213545,1.0,0.0,0.0,79.0,0.0,92.4,1.0,,,,,,,,,,,,,,,,,2026-10-02 18:00:00+00:00,44.98024935554997,45.01975064445003,142.03416647757717,669.7162505026515,765.2254534422373,128.43365210756383,667.0,913.8,71.0,0.7491015274034142,0,30.27777777777778,20,100.03999999999999,,2026-09-22T00:00Z,,,,,0.2,39.49,0.9685,nasa_power_ml_plus_cams_spectral,39.1,moderate,71.8,42.3,typical-to-good locally,70.6,53.6,64.6,64.6,False,20,61.0,1.6,1,horizontal environmental reference,SE,45.0,"sun 45° up (SE) — lay flat, or lift torso ~45° toward SE to face it",99.8,False,,,50.0,46.5,46.4,,not specified,Environmental scores are skin-type independent.,not personalized,46.4
2026-09-23T11:00,deterministic,best_match,71.4,82,65.6,76.3,67.3,1012.6,1002.6,51509.188,0,10,10,0,0,0,0.0,0.0,0.0,0.0,5.2,227,5.1,5.15,5.15,3600.0,1,0.0,2.5,0.0,14895.014,1066.273,19.9,0.0,0.015,0.47,671.0,538.0,133.0,789.5,926.1,726.9,582.8,144.1,855.2,1003.2,28,25,26,11,10,0,0,0,0,0,2588.583,5003.281,10367.454,19192.914,31443.146,America/Los_Angeles,34.03202,-118.52633,86.0,53.86662483215332,1.0,0.0,0.7245437857682755,0.7245813397129186,0.8017883755588674,0.19821162444113263,0.801760902462512,0.19823909753748797,1.0,0.0,0.0,28.0,0.0,92.2,1.0,33.8,28.3,235.0,481.0,31.9,6.0,70.0,1688.0,0.17,4.0,6.05,6.05,74.0,74.0,23.0,5.0,2026-09-23 18:00:00+00:00,42.417917679191454,47.582082320808546,138.42118121464102,701.9732696254171,773.7169669293112,130.7810245288556,671.0,789.5,133.0,0.7245437857682755,10,21.888888888888893,82,100.26,0.17,2026-09-22T00:00Z,0.25032005,0.23395057,282.95776,0.16414708,0.16414708,39.148,1.0561,nasa_power_ml_plus_cams_spectral,39.9,moderate,67.9,31.7,typical-to-good locally,93.9,31.1,71.9,71.9,False,82,67.3,5.2,0,horizontal environmental reference,SE,42.4,"sun 48° up (SE) — lay flat, or lift torso ~42° toward SE to face it",100.0,False,,,50.0,46.1,46.1,,not specified,Environmental scores are skin-type independent.,not personalized,46.1
2026-10-01T11:00,deterministic,best_match,82.0,20,37.0,79.6,57.9,1010.2,1000.4,79199.48,0,0,0,0,0,4,0.0,0.0,0.0,0.0,2.3,259,13.4,4.85,4.85,3600.0,1,0.0,7.9,0.0,17125.984,1738.845,10.4,0.0,0.018,2.99,679.0,608.0,71.0,927.3,894.5,736.4,659.4,77.0,1005.8,970.3,74,12,7,3,16,0,0,0,0,0,2490.158,4852.363,10223.098,19189.632,31628.354,America/Los_Angeles,34.03202,-118.52633,86.0,53.86662483215332,1.0,0.0,0.7590832867523756,0.7589405338555086,0.8954344624447718,0.10456553755522828,0.8954372623574145,0.10456273764258556,1.0,0.0,0.0,74.0,0.0,92.1,1.0,,,,,,,,,,,,,,,,,2026-10-01 18:00:00+00:00,44.688987295962725,45.311012704037275,141.6557155912933,673.4869330276384,766.2763989234994,128.7144828180925,679.0,927.3,71.0,0.7590832867523756,0,27.77777777777778,20,100.03999999999999,,2026-09-22T00:00Z,,,,,0.2,39.621,0.9608,nasa_power_ml_plus_cams_spectral,39.2,moderate,71.3,41.0,typical-to-good locally,76.8,46.2,66.1,66.1,False,20,57.9,2.3,4,horizontal environmental reference,SE,44.7,"sun 45° up (SE) — lay flat, or lift torso ~45° toward SE to face it",98.8,False,,,50.0,46.6,46.1,,not specified,Environmental scores are skin-type independent.,not personalized,46.1
2026-10-05T11:00,deterministic,best_match,95.5,15,40.5,93.9,64.0,1009.7,1000.1,79199.48,0,0,0,0,0,6,0.0,0.0,0.0,0.0,1.3,211,3.1,4.75,4.75,3600.0,1,0.0,9.5,0.0,16830.708,1049.869,14.2,0.0,0.018,4.86,655.0,586.0,69.0,913.2,877.5,711.0,636.1,74.9,991.2,952.6,25,25,9,6,24,0,0,0,0,0,2509.843,4914.698,10318.241,19278.214,31718.314,America/Los_Angeles,34.03202,-118.52633,86.0,53.86662483215332,1.0,0.0,0.7464387464387464,0.7463783329834138,0.8946564885496183,0.10534351145038168,0.8946554149085795,0.10534458509142054,1.0,0.0,0.0,25.0,0.0,91.0,1.0,,,,,,,,,,,,,,,,,2026-10-05 18:00:00+00:00,45.86206807873777,44.13793192126223,143.13252407016887,658.1405091614361,761.9022441270658,127.56087571451383,655.0,913.2,69.0,0.7464387464387464,0,35.27777777777778,15,100.01,,2026-09-22T00:00Z,,,,,0.2,39.026,0.9208,nasa_power_ml_plus_cams_spectral,38.5,moderate,72.8,44.7,typical-to-good locally,68.8,63.5,66.9,66.9,False,15,64.0,1.3,6,horizontal environmental reference,SE,45.9,"sun 44° up (SE) — lay flat, or lift torso ~46° toward SE to face it",98.1,False,,,50.0,46.7,45.8,,not specified,Environmental scores are skin-type independent.,not personalized,45.8
2026-09-28T11:00,deterministic,best_match,75.4,48,54.3,74.8,62.4,1009.9,1000.0,79199.48,0,0,0,0,0,3,0.0,0.0,0.0,0.0,7.1,212,3.1,4.95,4.95,3600.0,1,0.0,15.3,0.0,16535.434,1870.079,20.0,0.0,0.018,1.56,663.0,582.0,81.0,874.2,906.8,718.7,630.9,87.8,947.6,983.1,27,28,3,6,14,0,0,0,0,0,2490.158,4855.643,10190.289,19124.016,31538.396,America/Los_Angeles,34.03202,-118.52633,86.0,53.86662483215332,1.0,0.0,0.731142479047199,0.7310548265690164,0.8778280542986425,0.12217194570135746,0.8778349798246834,0.12216502017531654,1.0,0.0,1.1368683772161603e-13,28.0,0.0,92.0,1.0,,,,,,,,,,,,,,,,,2026-09-28 18:00:00+00:00,43.82439411081742,46.17560588918258,140.48472823757334,684.5238612586887,769.2636538600183,129.526691897432,663.0,874.2,81.0,0.731142479047199,0,24.111111111111114,48,100.0,,2026-09-22T00:00Z,,,,,0.2,40.044,0.9888,nasa_power_ml_plus_cams_spectral,39.7,moderate,70.5,38.9,typical-to-good locally,72.1,34.6,59.0,59.0,False,48,62.4,7.1,3,horizontal environmental reference,SE,43.8,"sun 46° up (SE) — lay flat, or lift torso ~44° toward SE to face it",99.2,False,,,50.0,45.8,45.4,,not specified,Environmental scores are skin-type independent.,not personalized,45.4
2026-09-24T11:00,deterministic,best_match,80.9,48,59.4,83.0,67.2,1011.7,1001.9,79199.48,0,0,0,0,0,0,0.0,0.0,0.0,0.0,5.8,196,2.9,5.05,5.05,3600.0,1,50.0,0.3,287.0,13845.145,1164.698,22.2,0.0,0.019,1.87,681.0,606.0,75.0,892.8,922.4,737.7,656.5,81.2,967.2,999.3,34,24,42,9,14,0,0,0,0,0,2562.336,4977.034,10367.454,19156.824,31400.812,America/Los_Angeles,34.03202,-118.52633,86.0,53.86662483215332,1.0,0.0,0.7382914137033825,0.7382167517262084,0.8898678414096917,0.11013215859030837,0.8899281550765894,0.1100718449234106,1.0,0.0,0.0,42.0,0.0,93.3,1.0,39.7,34.7,226.0,472.0,44.1,7.6,74.0,1465.0,0.19,3.0,5.95,5.95,91.0,91.0,32.0,5.0,2026-09-24 18:00:00+00:00,42.695496982295126,47.304503017704874,138.84450900592373,698.5794238012479,772.876627895901,130.53991848981138,681.0,892.8,75.0,0.7382914137033825,0,27.16666666666667,48,100.19,0.19,2026-09-22T00:00Z,0.24946526,0.2333373,282.92905,0.16353226,0.16353226,39.443,1.0545,nasa_power_ml_plus_cams_spectral,39.7,moderate,68.1,32.2,typical-to-good locally,81.2,30.7,63.5,63.5,False,48,67.2,5.8,0,horizontal environmental reference,SE,42.7,"sun 47° up (SE) — lay flat, or lift torso ~43° toward SE to face it",100.0,False,,,50.0,45.2,45.2,,not specified,Environmental scores are skin-type independent.,not personalized,45.2
2026-09-25T11:00,deterministic,best_match,81.3,48,59.7,83.9,67.5,1011.9,1002.1,79199.48,0,6,0,0,5,0,0.0,0.0,0.0,0.0,4.8,158,3.6,5.05,5.05,3600.0,1,0.0,3.5,0.0,15551.182,1295.932,21.6,0.0,0.019,1.9,671.0,582.0,89.0,861.5,918.6,727.0,630.6,96.4,933.4,995.4,33,23,28,14,86,0,0,0,0,6,2568.898,4980.315,10354.331,19206.038,31538.396,America/Los_Angeles,34.03202,-118.52633,86.0,53.86662483215332,1.0,0.0,0.7304593947311125,0.7303596544102874,0.8673621460506706,0.13263785394932937,0.8674002751031638,0.13259972489683633,1.0,0.0,0.0,86.0,6.0,93.0,1.0,36.8,31.4,178.0,457.0,34.3,9.4,67.0,1409.0,0.17,1.0,6.05,6.1,86.0,86.0,30.0,4.0,2026-09-25 18:00:00+00:00,42.97498830152255,47.02501169847745,139.26265501392425,695.1373102601807,772.0116109373913,130.29397360076848,671.0,861.5,89.0,0.7304593947311125,6,27.38888888888889,48,100.21000000000001,0.17,2026-09-22T00:00Z,0.13990952,0.12962055,286.4786,0.16293144,0.16293144,38.97,1.051,nasa_power_ml_plus_cams_spectral,39.4,moderate,68.2,32.3,typical-to-good locally,76.7,33.6,61.6,61.6,False,48,67.5,4.8,0,horizontal environmental reference,SE,43.0,"sun 47° up (SE) — lay flat, or lift torso ~43° toward SE to face it",100.0,False,,,50.0,44.8,44.8,,not specified,Environmental scores are skin-type independent.,not personalized,44.8
2026-09-22T16:00,deterministic,best_match,71.1,79,64.3,70.1,66.3,1009.9,999.9,55118.108,0,6,6,0,0,0,0.0,0.0,0.0,0.0,15.7,267,20.1,4.35,4.45,3600.0,1,0.0,1.8,0.0,14632.546,1312.336,25.2,0.0,0.013,0.55,600.8,474.8,126.0,758.8,849.8,529.4,418.4,111.0,668.7,748.9,55,33,39,7,8,0,0,0,0,0,2496.719,4895.013,10249.344,19061.68,31268.522,America/Los_Angeles,34.03202,-118.52633,86.0,53.86662483215332,0.9775280898876403,0.022471910112359716,0.706989879971758,0.7069034584056616,0.7902796271637818,0.2097203728362184,0.7903286739705326,0.20967132602946734,1.0,0.0,0.0,55.0,0.0,83.3,1.0,16.2,11.1,124.0,439.0,4.3,2.6,107.0,1382.0,0.15,5.0,2.4,2.4,62.0,62.0,17.0,34.0,2026-09-22 23:00:00+00:00,56.534592192945205,33.465407807054795,243.53201856391973,486.770759098311,681.7352060294188,110.8391773583703,600.8,758.8,126.0,0.706989879971758,6,21.72222222222222,79,99.99,0.15,2026-09-22T00:00Z,0.45384672,0.42528585,286.14297,0.1654014,0.1654014,32.213,0.594,nasa_power_ml_plus_cams_spectral,33.2,low-moderate,57.4,87.4,typical-to-good locally,52.6,79.2,61.9,61.9,False,79,66.3,15.7,0,horizontal environmental reference,WSW,56.5,"sun 33° up (WSW) — lay flat, or lift torso ~56° toward WSW to face it",100.0,False,,,50.0,43.6,43.6,,not specified,Environmental scores are skin-type independent.,not personalized,43.6
2026-09-26T11:00,deterministic,best_match,82.0,39,54.6,82.8,65.2,1012.1,1002.3,79199.48,3,100,0,0,100,0,0.0,0.0,0.0,0.0,3.7,155,3.6,4.7,5.05,3600.0,1,0.0,6.4,0.0,16076.115,1295.932,14.7,0.0,0.018,2.28,633.0,445.0,188.0,661.9,914.7,685.9,482.2,203.7,717.2,991.3,27,26,7,13,82,0,0,0,0,2,2578.74,4973.754,10324.804,19212.598,31623.064,America/Los_Angeles,34.03202,-118.52633,86.0,53.86662483215332,0.9306930693069307,0.06930693069306926,0.6920301738274844,0.6919197014021992,0.7030015797788309,0.296998420221169,0.7030179326432424,0.29698206735675753,1.0,0.0,0.0,82.0,2.0,84.7,1.0,38.6,35.2,274.0,484.0,42.2,10.3,64.0,1557.0,0.15,1.0,5.8,5.9,90.0,90.0,31.0,4.0,2026-09-26 18:00:00+00:00,43.256337829602295,46.743662170397705,139.67549031095734,691.6471657731964,771.1214332105155,130.0431479926433,633.0,661.9,188.0,0.6920301738274844,100,27.77777777777778,39,100.22999999999999,0.15,2026-09-22T00:00Z,0.11585776,0.10729382,282.7015,0.16233063,0.16233063,37.908,1.0268,nasa_power_ml_plus_cams_spectral,37.7,moderate,66.2,26.5,typical-to-good locally,66.6,34.8,55.5,55.5,False,39,65.2,3.7,0,horizontal environmental reference,SE,43.3,"sun 47° up (SE) — lay flat, or lift torso ~43° toward SE to face it",100.0,False,,,50.0,42.0,42.0,,not specified,Environmental scores are skin-type independent.,not personalized,42.0
2026-09-23T16:00,deterministic,best_match,71.5,84,66.4,74.5,67.8,1011.6,1001.6,48884.516,0,14,14,0,0,0,0.0,0.0,0.0,0.0,8.1,254,9.2,4.2,4.4,3600.0,1,0.0,2.0,0.0,14534.121,1164.698,18.6,0.0,0.013,0.42,585.0,426.0,159.0,686.0,844.0,514.9,375.0,139.9,603.8,742.9,24,21,19,6,10,0,0,0,0,0,2565.617,4990.158,10364.173,19183.07,31427.272,America/Los_Angeles,34.03202,-118.52633,86.0,53.86662483215332,0.9545454545454545,0.045454545454545525,0.693127962085308,0.6930946291560102,0.7282051282051282,0.2717948717948718,0.7282967566517771,0.271703243348223,1.0,0.0,0.0,24.0,0.0,79.4,1.0,26.4,21.0,143.0,448.0,8.9,4.9,121.0,1433.0,0.17,4.0,2.4,2.4,78.0,78.0,25.0,31.0,2026-09-23 23:00:00+00:00,56.86077748031551,33.13922251968449,243.2578140779753,481.62568862583953,679.1821086821271,110.33360322836364,585.0,686.0,159.0,0.693127962085308,14,21.944444444444446,84,100.16,0.17,2026-09-22T00:00Z,0.21622977,0.20098478,284.56393,0.16480058,0.16480058,31.329,0.5874,nasa_power_ml_plus_cams_spectral,32.2,low-moderate,56.5,85.4,typical-to-good locally,65.7,39.1,56.4,56.4,False,84,67.8,8.1,0,horizontal environmental reference,WSW,56.9,"sun 33° up (WSW) — lay flat, or lift torso ~57° toward WSW to face it",100.0,False,,,50.0,42.0,42.0,,not specified,Environmental scores are skin-type independent.,not personalized,42.0
2026-09-25T16:00,deterministic,best_match,79.7,52,60.5,80.1,67.3,1009.7,999.9,13713.911,1,34,0,0,32,0,0.0,0.0,0.0,0.0,8.7,222,6.9,4.35,4.35,3600.0,1,0.0,3.6,0.0,15715.224,1033.465,19.5,0.0,0.017,1.66,606.0,533.0,73.0,872.2,832.1,531.9,467.8,64.1,765.6,730.6,28,20,16,27,62,0,0,0,0,0,2513.123,4934.384,10311.68,19186.352,31538.396,America/Los_Angeles,34.03202,-118.52633,86.0,53.86662483215332,1.0,0.0,0.7282778512198053,0.7280317547221461,0.8795379537953796,0.12046204620462046,0.8794886256815191,0.12051137431848091,1.0,0.0,0.0,62.0,0.0,87.6,1.0,26.3,21.7,142.0,443.0,11.1,6.7,116.0,1382.0,0.11,2.0,2.45,2.5,86.0,86.0,30.0,31.0,2026-09-25 23:00:00+00:00,57.513777654229585,32.486222345770415,242.71386646106322,471.2598641544693,673.9160324703832,109.30172885956677,606.0,872.2,73.0,0.7282778512198053,34,26.500000000000004,52,99.99,0.11,2026-09-22T00:00Z,0.13825221,0.12776336,286.5725,0.163598,0.163598,31.703,0.594,nasa_power_ml_plus_cams_spectral,32.9,low-moderate,58.1,90.6,typical-to-good locally,42.2,48.4,44.4,44.4,False,52,67.3,8.7,0,horizontal environmental reference,WSW,57.5,"sun 32° up (WSW) — lay flat, or lift torso ~58° toward WSW to face it",100.0,False,,,50.0,41.5,41.5,,not specified,Environmental scores are skin-type independent.,not personalized,41.5
2026-09-24T16:00,deterministic,best_match,79.7,56,62.6,80.7,68.4,1009.6,999.8,79199.48,0,0,0,0,0,0,0.0,0.0,0.0,0.0,8.9,221,10.5,4.25,4.35,3600.0,1,150.0,-0.6,289.0,14238.846,951.444,21.9,0.0,0.017,1.52,582.0,492.0,90.0,798.9,838.1,511.5,432.4,79.1,702.2,736.7,26,29,27,9,8,0,0,0,0,0,2513.123,4940.945,10341.207,19140.42,31390.23,America/Los_Angeles,34.03202,-118.52633,86.0,53.86662483215332,0.9770114942528736,0.02298850574712641,0.6944278725689058,0.694312474548663,0.845360824742268,0.15463917525773196,0.8453567937438905,0.15464320625610947,1.0,0.0,0.0,29.0,0.0,84.2,1.0,25.7,21.1,118.0,438.0,13.1,6.3,124.0,1371.0,0.13,3.0,2.4,2.4,92.0,92.0,32.0,34.0,2026-09-24 23:00:00+00:00,57.18722046785059,32.81277953214941,242.9851107733274,476.45455429394974,676.5757327249202,109.82108692092072,582.0,798.9,90.0,0.6944278725689058,0,26.500000000000004,56,99.97999999999999,0.13,2026-09-22T00:00Z,0.31408936,0.29406327,282.5459,0.16419882,0.16419882,31.244,0.5942,nasa_power_ml_plus_cams_spectral,32.3,low-moderate,57.0,87.0,typical-to-good locally,57.8,29.5,47.9,47.9,False,56,68.4,8.9,0,horizontal environmental reference,WSW,57.2,"sun 33° up (WSW) — lay flat, or lift torso ~57° toward WSW to face it",100.0,False,,,50.0,41.2,41.2,,not specified,Environmental scores are skin-type independent.,not personalized,41.2
2026-10-03T16:00,deterministic,best_match,86.8,24,45.7,82.6,63.1,1008.9,999.2,79199.48,0,0,0,0,0,0,0.0,0.0,0.0,0.0,7.9,225,7.4,3.75,3.75,3600.0,1,0.0,10.4,0.0,17716.536,1033.465,13.9,0.0,0.02,3.31,576.0,509.0,67.0,889.0,783.3,500.1,441.9,58.2,771.9,680.3,10,12,7,7,72,0,0,0,0,2,2532.808,4963.911,10374.016,19370.078,31829.44,America/Los_Angeles,34.03202,-118.52633,86.0,53.86662483215332,1.0,0.0,0.7353504404442742,0.7351168602087316,0.8836805555555556,0.11631944444444445,0.8836232753449309,0.11637672465506899,1.0,0.0,5.684341886080802e-14,72.0,2.0,84.9,1.0,,,,,,,,,,,,,,,,,2026-10-03 23:00:00+00:00,60.11296500303651,29.88703499696349,240.5907692220604,429.1719534378103,650.7361220014699,104.91563353807908,576.0,889.0,67.0,0.7353504404442742,0,30.444444444444443,24,99.92,,2026-09-22T00:00Z,,,,,0.2,30.02,0.5105,nasa_power_ml_plus_cams_spectral,29.9,low-moderate,57.4,91.4,typical-to-good locally,54.2,77.2,62.2,62.2,False,24,63.1,7.9,0,horizontal environmental reference,WSW,60.1,"sun low 30° (WSW) — face WSW, lift torso ~60° toward the sun if comfortable",100.0,False,,,50.0,41.2,41.2,,not specified,Environmental scores are skin-type independent.,not personalized,41.2
2026-09-28T16:00,deterministic,best_match,76.9,41,51.4,74.3,61.7,1006.9,997.0,79199.48,0,0,0,0,0,3,0.0,0.0,0.0,0.0,8.1,217,11.0,3.85,3.85,3600.0,1,0.0,12.9,0.0,16830.708,2608.268,18.4,0.0,0.017,1.86,596.0,523.0,73.0,876.5,814.0,521.1,457.3,63.8,766.3,711.8,21,18,3,7,14,0,0,0,0,0,2421.26,4809.712,10167.323,19114.174,31559.562,America/Los_Angeles,34.03202,-118.52633,86.0,53.86662483215332,1.0,0.0,0.7321867321867321,0.7320876650744592,0.87751677852349,0.12248322147651007,0.8775666858568413,0.1224333141431587,1.0,0.0,0.0,21.0,0.0,84.6,1.0,,,,,,,,,,,,,,,,,2026-09-28 23:00:00+00:00,58.492691816394995,31.50730818360501,241.90841385471714,455.5603132705008,665.6174979448022,107.70373898094658,596.0,876.5,73.0,0.7321867321867321,0,24.94444444444445,41,99.7,,2026-09-22T00:00Z,,,,,0.2,31.432,0.5676,nasa_power_ml_plus_cams_spectral,31.1,low-moderate,57.1,88.4,typical-to-good locally,54.3,61.8,56.9,56.9,False,41,61.7,8.1,3,horizontal environmental reference,WSW,58.5,"sun 32° up (WSW) — lay flat, or lift torso ~58° toward WSW to face it",99.2,False,,,50.0,41.4,41.1,,not specified,Environmental scores are skin-type independent.,not personalized,41.1
2026-10-02T16:00,deterministic,best_match,84.1,28,47.5,80.4,62.8,1008.2,998.5,79199.48,0,0,0,0,0,1,0.0,0.0,0.0,0.0,7.9,225,6.7,3.85,3.85,3600.0,1,0.0,9.2,0.0,17880.578,1181.102,13.5,0.0,0.019,2.87,584.0,516.0,68.0,893.7,789.4,507.8,448.7,59.1,777.1,686.6,51,22,7,4,12,0,0,0,0,0,2444.226,4832.677,10223.098,19238.846,31654.812,America/Los_Angeles,34.03202,-118.52633,86.0,53.86662483215332,1.0,0.0,0.7398023815556118,0.7395863676085057,0.8835616438356164,0.11643835616438356,0.8836155966916108,0.11638440330838913,1.0,0.0,0.0,51.0,0.0,85.4,1.0,,,,,,,,,,,,,,,,,2026-10-02 23:00:00+00:00,59.79071588544266,30.20928411455734,240.8520081894589,434.4588333482217,653.8155774818684,105.48499672968512,584.0,893.7,68.0,0.7398023815556118,0,28.944444444444443,28,99.85,,2026-09-22T00:00Z,,,,,0.2,30.293,0.5287,nasa_power_ml_plus_cams_spectral,30.4,low-moderate,57.7,91.8,typical-to-good locally,55.0,64.6,58.4,58.4,False,28,62.8,7.9,1,horizontal environmental reference,WSW,59.8,"sun 30° up (WSW) — lay flat, or lift torso ~60° toward WSW to face it",99.8,False,,,50.0,41.2,41.1,,not specified,Environmental scores are skin-type independent.,not personalized,41.1
2026-10-04T16:00,deterministic,best_match,91.3,18,41.9,86.3,63.1,1007.7,998.1,79199.48,0,0,0,0,0,2,0.0,0.0,0.0,0.0,7.8,226,11.2,3.7,3.7,3600.0,1,0.0,9.3,0.0,17290.028,1361.549,13.6,0.0,0.021,4.11,575.0,509.0,66.0,896.6,777.1,498.5,441.3,57.2,777.3,674.0,19,22,8,9,24,0,0,0,0,0,2480.315,4908.137,10318.241,19297.9,31755.356,America/Los_Angeles,34.03202,-118.52633,86.0,53.86662483215332,1.0,0.0,0.7399305108737614,0.7396142433234422,0.8852173913043478,0.11478260869565217,0.8852557673019057,0.11474423269809429,1.0,0.0,0.0,24.0,0.0,84.5,1.0,,,,,,,,,,,,,,,,,2026-10-04 23:00:00+00:00,60.43402336521487,29.565976634785134,240.33062069141477,423.88615961482276,647.606238171597,104.34075606210934,575.0,896.6,66.0,0.7399305108737614,0,32.94444444444444,18,99.81,,2026-09-22T00:00Z,,,,,0.2,30.165,0.5267,nasa_power_ml_plus_cams_spectral,29.8,low-moderate,57.7,92.3,typical-to-good locally,50.6,71.8,58.0,58.0,False,18,63.1,7.8,2,horizontal environmental reference,WSW,60.4,"sun low 30° (WSW) — face WSW, lift torso ~60° toward the sun if comfortable",99.5,False,,,50.0,40.7,40.5,,not specified,Environmental scores are skin-type independent.,not personalized,40.5
2026-10-01T16:00,deterministic,best_match,80.9,32,48.3,77.0,62.0,1008.7,998.9,79199.48,0,0,0,0,0,0,0.0,0.0,0.0,0.0,9.1,218,5.4,3.85,3.85,3600.0,1,0.0,9.2,0.0,17257.218,1394.357,13.3,0.0,0.019,2.45,589.0,521.0,68.0,894.9,795.6,512.8,453.6,59.2,779.2,692.9,62,23,3,6,12,0,0,0,0,0,2450.787,4819.554,10187.008,19163.386,31596.606,America/Los_Angeles,34.03202,-118.52633,86.0,53.86662483215332,1.0,0.0,0.7403217697335344,0.7400779333237119,0.8845500848896435,0.11544991511035653,0.8845553822152887,0.1154446177847114,1.0,0.0,-1.1368683772161603e-13,62.0,0.0,85.7,1.0,,,,,,,,,,,,,,,,,2026-10-01 23:00:00+00:00,59.46741876371986,30.53258123628014,241.11436012865732,439.74394948664366,656.8439663123821,106.0486612765888,589.0,894.9,68.0,0.7403217697335344,0,27.16666666666667,32,99.89,,2026-09-22T00:00Z,,,,,0.2,30.334,0.5369,nasa_power_ml_plus_cams_spectral,30.4,low-moderate,57.4,90.2,typical-to-good locally,56.1,38.2,49.8,49.8,False,32,62.0,9.1,0,horizontal environmental reference,WSW,59.5,"sun 31° up (WSW) — lay flat, or lift torso ~60° toward WSW to face it",100.0,False,,,50.0,40.1,40.1,,not specified,Environmental scores are skin-type independent.,not personalized,40.1
2026-09-30T16:00,deterministic,best_match,76.1,58,60.2,76.1,65.8,1003.1,993.3,79199.48,0,2,2,0,0,1,0.0,0.0,0.0,0.0,8.5,215,13.9,3.8,3.85,3600.0,1,0.0,6.4,0.0,16437.008,1574.803,16.5,0.0,0.015,1.29,563.0,475.0,88.0,809.1,801.7,490.9,414.2,76.7,705.5,699.2,26,31,29,9,8,0,0,0,0,0,2352.362,4783.465,10190.289,19110.892,31580.73,America/Los_Angeles,34.03202,-118.52633,86.0,53.86662483215332,0.9870129870129869,0.012987012987013102,0.7022577023824372,0.7020881006864987,0.8436944937833037,0.15630550621669628,0.843756365858627,0.156243634141373,1.0,0.0,0.0,31.0,0.0,82.1,1.0,,,,,,,,,,,,,,,,,2026-09-30 23:00:00+00:00,59.14321836836761,30.856781631632387,241.37785386510473,445.0244522878206,659.8207249217144,106.60645031638012,563.0,809.1,88.0,0.7022577023824372,2,24.499999999999996,58,99.33,,2026-09-22T00:00Z,,,,,0.2,30.449,0.5129,nasa_power_ml_plus_cams_spectral,30.3,low-moderate,56.9,88.4,typical-to-good locally,56.1,42.4,51.3,51.3,False,58,65.8,8.5,1,horizontal environmental reference,WSW,59.1,"sun 31° up (WSW) — lay flat, or lift torso ~59° toward WSW to face it",99.8,False,,,50.0,40.1,40.0,,not specified,Environmental scores are skin-type independent.,not personalized,40.0
2026-09-29T16:00,deterministic,best_match,75.4,55,58.1,74.3,64.3,1004.2,994.3,79199.48,0,0,0,0,0,1,0.0,0.0,0.0,0.0,9.4,184,8.3,3.9,3.9,3600.0,1,0.0,10.3,0.0,16633.857,3198.819,21.8,0.0,0.016,1.35,581.0,502.0,79.0,848.1,807.9,507.3,438.3,69.0,740.5,705.5,14,19,8,10,28,0,0,0,0,0,2375.328,4796.588,10193.569,19120.734,31527.814,America/Los_Angeles,34.03202,-118.52633,86.0,53.86662483215332,1.0,0.0,0.719148409456616,0.7190644932671864,0.8640275387263339,0.1359724612736661,0.8639858072146659,0.1360141927853341,1.0,0.0,0.0,28.0,0.0,84.2,1.0,,,,,,,,,,,,,,,,,2026-09-29 23:00:00+00:00,58.81826061449927,31.181739385500727,241.6425246758235,450.29750792138026,662.7453691378917,107.15819568174174,581.0,848.1,79.0,0.719148409456616,0,24.111111111111114,55,99.42999999999999,,2026-09-22T00:00Z,,,,,0.2,30.862,0.538,nasa_power_ml_plus_cams_spectral,30.9,low-moderate,57.2,88.8,typical-to-good locally,56.9,19.2,43.7,43.7,False,55,64.3,9.4,1,horizontal environmental reference,WSW,58.8,"sun 31° up (WSW) — lay flat, or lift torso ~59° toward WSW to face it",99.8,False,,,50.0,39.7,39.6,,not specified,Environmental scores are skin-type independent.,not personalized,39.6
2026-10-05T16:00,deterministic,best_match,98.4,14,41.0,94.1,65.1,1007.6,998.1,79199.48,0,0,0,0,0,6,0.0,0.0,0.0,0.0,5.2,239,8.7,3.7,3.7,3600.0,1,0.0,8.2,0.0,16699.475,2263.78,18.1,0.0,0.02,5.36,561.0,495.0,66.0,879.3,771.0,485.7,428.6,57.1,761.3,667.7,20,16,10,9,16,0,0,0,0,0,2457.349,4868.767,10275.591,19225.722,31633.646,America/Los_Angeles,34.03202,-118.52633,86.0,53.86662483215332,1.0,0.0,0.7276264591439688,0.7274224951325445,0.8823529411764706,0.11764705882352941,0.8824377187564341,0.11756228124356599,1.0,0.0,-5.684341886080802e-14,20.0,0.0,83.1,1.0,,,,,,,,,,,,,,,,,2026-10-05 23:00:00+00:00,60.75375080208889,29.246249197911116,240.0715457522652,418.6042896399048,644.4266356197978,103.76055524457837,561.0,879.3,66.0,0.7276264591439688,0,36.88888888888889,14,99.81,,2026-09-22T00:00Z,,,,,0.2,29.823,0.4957,nasa_power_ml_plus_cams_spectral,29.6,low-moderate,57.9,92.7,typical-to-good locally,51.9,64.7,56.4,56.4,False,14,65.1,5.2,6,horizontal environmental reference,WSW,60.8,"sun low 29° (WSW) — face WSW, lift torso ~61° toward the sun if comfortable",98.1,False,,,50.0,40.4,39.6,,not specified,Environmental scores are skin-type independent.,not personalized,39.6
2026-09-26T16:00,deterministic,best_match,81.8,37,53.0,80.2,64.4,1010.1,1000.3,79199.48,3,100,0,0,100,0,0.0,0.0,0.0,0.0,6.8,229,8.3,4.15,4.3,3600.0,1,0.0,6.4,0.0,15748.031,1099.081,11.1,0.0,0.018,2.34,583.0,437.0,146.0,720.7,826.1,511.1,383.1,128.0,631.8,724.4,22,22,7,13,44,0,0,0,0,0,2522.966,4924.541,10278.871,19160.106,31607.19,America/Los_Angeles,34.03202,-118.52633,86.0,53.86662483215332,0.9651162790697676,0.0348837209302324,0.7057256990679094,0.7055494202098289,0.7495711835334476,0.2504288164665523,0.7495597730385444,0.2504402269614557,1.0,0.0,0.0,44.0,0.0,81.2,1.0,23.5,20.1,128.0,441.0,16.7,6.1,97.0,1354.0,0.12,1.0,2.05,2.35,90.0,90.0,30.0,31.0,2026-09-26 23:00:00+00:00,57.8403050257769,32.1596949742231,242.4440350463588,466.04417826755844,671.2030250460081,108.77563800303614,583.0,720.7,146.0,0.7057256990679094,100,27.666666666666668,37,100.03,0.12,2026-09-22T00:00Z,0.1319826,0.121849,280.58228,0.16299814,0.16299814,30.529,0.5773,nasa_power_ml_plus_cams_spectral,31.6,low-moderate,56.9,87.5,typical-to-good locally,40.4,38.2,39.6,39.6,False,37,64.4,6.8,0,horizontal environmental reference,WSW,57.8,"sun 32° up (WSW) — lay flat, or lift torso ~58° toward WSW to face it",100.0,False,,,50.0,39.5,39.5,,not specified,Environmental scores are skin-type independent.,not personalized,39.5
2026-10-02T10:00,deterministic,best_match,83.5,23,41.8,81.2,60.3,1010.1,1000.3,79199.48,0,0,0,0,0,1,0.0,0.0,0.0,0.0,0.4,360,3.6,3.5,3.5,3600.0,1,0.0,9.3,0.0,17388.452,918.635,13.9,0.0,0.012,3.01,506.0,443.0,63.0,865.7,698.3,582.6,510.0,72.5,996.7,804.1,81,24,16,4,28,0,0,0,0,0,2477.034,4829.397,10213.255,19202.756,31628.354,America/Los_Angeles,34.03202,-118.52633,86.0,53.86662483215332,1.0,0.0,0.7246169268222827,0.7245367491605522,0.8754940711462451,0.12450592885375494,0.8753861997940268,0.12444215585307243,1.0,0.0,0.10000000000002274,81.0,0.0,85.0,1.0,,,,,,,,,,,,,,,,,2026-10-02 17:00:00+00:00,53.9171617375551,36.0828382624449,126.16431527685688,532.7076748498685,707.769989536982,115.86348572148916,506.0,865.7,63.0,0.7246169268222827,0,28.61111111111111,23,100.03,,2026-09-22T00:00Z,,,,,0.2,29.494,0.6074,nasa_power_ml_plus_cams_spectral,28.8,low-moderate,55.7,48.8,typical-to-good locally,61.4,54.4,59.0,59.0,False,23,60.3,0.4,1,horizontal environmental reference,SE,53.9,"sun 36° up (SE) — lay flat, or lift torso ~54° toward SE to face it",99.8,False,,,50.0,37.3,37.2,,not specified,Environmental scores are skin-type independent.,not personalized,37.2
2026-10-03T10:00,deterministic,best_match,85.8,18,37.4,82.3,59.5,1011.4,1001.7,79199.48,0,0,0,0,0,1,0.0,0.0,0.0,0.0,1.4,231,2.9,3.45,3.45,3600.0,1,0.0,14.3,0.0,17782.152,754.593,13.5,0.0,0.013,3.46,502.0,439.0,63.0,863.2,694.3,578.3,505.7,72.6,994.4,800.1,13,13,6,10,26,0,0,0,0,0,2568.898,4986.877,10383.858,19383.204,31840.024,America/Los_Angeles,34.03202,-118.52633,86.0,53.86662483215332,1.0,0.0,0.7230303903211869,0.7227846519185102,0.8745019920318725,0.1254980079681275,0.8744596230330279,0.12554037696697215,1.0,0.0,0.0,26.0,0.0,84.7,1.0,,,,,,,,,,,,,,,,,2026-10-03 17:00:00+00:00,54.151861062623055,35.848138937376945,126.55544223007911,529.202938241712,706.3217683517357,115.55342740363176,502.0,863.2,63.0,0.7230303903211869,0,29.88888888888889,18,100.17,,2026-09-22T00:00Z,,,,,0.2,28.861,0.5986,nasa_power_ml_plus_cams_spectral,28.2,low-moderate,55.3,47.3,typical-to-good locally,64.1,68.9,65.8,65.8,False,18,59.5,1.4,1,horizontal environmental reference,SE,54.2,"sun 36° up (SE) — lay flat, or lift torso ~54° toward SE to face it",99.8,False,,,50.0,37.3,37.2,,not specified,Environmental scores are skin-type independent.,not personalized,37.2
2026-10-01T10:00,deterministic,best_match,79.1,24,39.3,75.8,57.6,1010.1,1000.2,79199.48,0,0,0,0,0,4,0.0,0.0,0.0,0.0,1.9,291,14.3,3.5,3.5,3600.0,1,0.0,7.6,0.0,17093.176,1230.315,10.3,0.0,0.013,2.58,516.0,452.0,64.0,877.9,702.2,593.7,520.1,73.6,1010.1,808.2,76,12,8,3,14,0,0,0,0,0,2477.034,4842.52,10213.255,19176.51,31623.064,America/Los_Angeles,34.03202,-118.52633,86.0,53.86662483215332,1.0,0.0,0.7348333808031899,0.7345953971789161,0.875968992248062,0.12403100775193798,0.8760316658244904,0.1239683341755095,1.0,0.0,0.0,76.0,0.0,84.7,1.0,,,,,,,,,,,,,,,,,2026-10-01 17:00:00+00:00,53.68423059927419,36.31576940072581,125.76894413368638,536.1698981503621,709.181742564717,116.1676698528862,516.0,877.9,64.0,0.7348333808031899,0,26.166666666666664,24,100.02000000000001,,2026-09-22T00:00Z,,,,,0.2,30.115,0.5975,nasa_power_ml_plus_cams_spectral,29.1,low-moderate,55.9,49.2,typical-to-good locally,60.9,49.8,57.0,57.0,False,24,57.6,1.9,4,horizontal environmental reference,SE,53.7,"sun 36° up (SE) — lay flat, or lift torso ~54° toward SE to face it",98.8,False,,,50.0,37.4,37.0,,not specified,Environmental scores are skin-type independent.,not personalized,37.0
2026-10-04T10:00,deterministic,best_match,89.6,17,39.0,86.4,61.4,1010.3,1000.6,79199.48,0,0,0,0,0,0,0.0,0.0,0.0,0.0,1.3,329,1.1,3.45,3.45,3600.0,1,0.0,9.0,0.0,16929.134,770.997,13.3,0.0,0.013,3.94,499.0,437.0,62.0,864.8,690.3,575.2,503.7,71.5,996.8,795.9,16,20,7,13,44,0,0,0,0,28,2539.37,4957.349,10357.611,19327.428,31734.19,America/Los_Angeles,34.03202,-118.52633,86.0,53.86662483215332,1.0,0.0,0.7228741127046212,0.7227038572685012,0.875751503006012,0.12424849699398798,0.8756954102920722,0.12430458970792767,1.0,0.0,0.0,44.0,28.0,84.9,1.0,,,,,,,,,,,,,,,,,2026-10-04 17:00:00+00:00,54.38827548407215,35.61172451592785,126.94218844233404,525.6562541293379,704.8365232576099,115.2374574306092,499.0,864.8,62.0,0.7228741127046212,0,32.0,17,100.06,,2026-09-22T00:00Z,,,,,0.2,28.697,0.6015,nasa_power_ml_plus_cams_spectral,28.1,low-moderate,55.7,47.9,typical-to-good locally,58.0,69.6,62.1,62.1,False,17,61.4,1.3,0,horizontal environmental reference,SE,54.4,"sun 36° up (SE) — lay flat, or lift torso ~54° toward SE to face it",100.0,False,,,50.0,37.0,37.0,,not specified,Environmental scores are skin-type independent.,not personalized,37.0
2026-09-29T11:00,deterministic,best_match,72.8,57,56.7,71.4,62.6,1006.6,996.7,79199.48,1,38,37,0,0,1,0.0,0.0,0.0,0.0,8.6,141,3.6,4.5,4.9,3600.0,1,0.0,13.2,0.0,16437.008,3740.158,21.1,0.0,0.014,1.19,533.0,383.0,150.0,578.2,902.8,577.9,415.2,162.6,626.8,978.9,15,18,3,13,30,0,0,0,0,0,2431.102,4835.958,10213.255,19143.702,31554.274,America/Los_Angeles,34.03202,-118.52633,86.0,53.86662483215332,0.9183673469387754,0.08163265306122458,0.5903854674346478,0.590356522627439,0.7185741088180112,0.28142589118198874,0.7184634019726597,0.28136355770894617,1.0,0.0,0.10000000000002274,30.0,0.0,77.5,1.0,,,,,,,,,,,,,,,,,2026-09-29 18:00:00+00:00,44.1109872151524,45.8890127848476,140.88088864734675,680.8913610363195,768.295096506965,129.26098720957873,533.0,578.2,150.0,0.5903854674346478,38,22.666666666666668,57,99.67,,2026-09-22T00:00Z,,,,,0.2,32.899,0.7952,nasa_power_ml_plus_cams_spectral,34.1,low-moderate,61.9,14.9,typical-to-good locally,78.6,12.2,55.4,55.4,False,57,62.6,8.6,1,horizontal environmental reference,SE,44.1,"sun 46° up (SE) — lay flat, or lift torso ~44° toward SE to face it",99.8,False,,,50.0,36.9,36.8,,not specified,Environmental scores are skin-type independent.,not personalized,36.8
2026-09-30T10:00,deterministic,best_match,71.9,63,58.7,73.2,63.3,1005.8,995.9,79199.48,0,0,0,0,0,2,0.0,0.0,0.0,0.0,3.8,187,2.9,3.55,3.55,3600.0,1,0.0,10.6,0.0,16469.816,1820.866,18.3,0.0,0.012,0.99,500.0,426.0,74.0,822.4,706.0,575.0,489.9,85.1,945.8,812.1,24,36,21,7,8,0,0,0,0,0,2408.137,4829.397,10219.816,19133.86,31591.312,America/Los_Angeles,34.03202,-118.52633,86.0,53.86662483215332,1.0,0.0,0.7082152974504249,0.7080408816648196,0.852,0.148,0.852,0.148,1.0,0.0,0.0,36.0,0.0,84.5,1.0,,,,,,,,,,,,,,,,,2026-09-30 17:00:00+00:00,53.45311304095314,36.54688695904686,125.36947043640924,539.5891825703103,710.5576381009341,116.46602950761826,500.0,822.4,74.0,0.7082152974504249,0,22.16666666666667,63,99.59,,2026-09-22T00:00Z,,,,,0.2,29.205,0.6032,nasa_power_ml_plus_cams_spectral,28.8,low-moderate,55.2,47.5,typical-to-good locally,61.5,47.6,56.6,56.6,False,63,63.3,3.8,2,horizontal environmental reference,SE,53.5,"sun 37° up (SE) — lay flat, or lift torso ~54° toward SE to face it",99.5,False,,,50.0,36.9,36.7,,not specified,Environmental scores are skin-type independent.,not personalized,36.7
2026-09-23T10:00,deterministic,best_match,70.8,81,64.7,74.4,66.5,1012.2,1002.2,53477.692,0,11,11,0,0,0,0.0,0.0,0.0,0.0,4.3,223,4.3,3.55,3.55,3600.0,1,0.0,2.8,0.0,14895.014,1049.869,20.0,0.0,0.012,0.49,524.0,437.0,87.0,811.7,731.6,600.6,500.9,99.7,930.4,838.5,28,24,28,11,10,0,0,0,0,0,2572.179,4990.158,10351.05,19176.51,31432.564,America/Los_Angeles,34.03202,-118.52633,86.0,53.86662483215332,1.0,0.0,0.7162383816293056,0.7162790697674419,0.833969465648855,0.16603053435114504,0.8339993339993339,0.166000666000666,1.0,0.0,0.0,28.0,0.0,84.3,1.0,33.3,28.6,247.0,486.0,39.7,5.5,49.0,1723.0,0.18,3.0,3.95,3.95,73.0,73.0,23.0,2.0,2026-09-23 17:00:00+00:00,51.8884661986291,38.1115338013709,122.47078378663463,562.3113790593044,719.2446670495743,118.39768832679721,524.0,811.7,87.0,0.7162383816293056,11,21.555555555555554,81,100.22,0.18,2026-09-22T00:00Z,0.2633843,0.24631272,283.0035,0.16414708,0.16414708,29.761,0.6381,nasa_power_ml_plus_cams_spectral,29.1,low-moderate,53.4,42.9,typical-to-good locally,68.1,35.2,56.6,56.6,False,81,66.5,4.3,0,horizontal environmental reference,ESE,51.9,"sun 38° up (ESE) — lay flat, or lift torso ~52° toward ESE to face it",100.0,False,,,50.0,36.6,36.6,,not specified,Environmental scores are skin-type independent.,not personalized,36.6
2026-10-05T10:00,deterministic,best_match,92.2,17,41.1,89.6,63.1,1009.8,1000.2,79199.48,0,0,0,0,0,6,0.0,0.0,0.0,0.0,1.0,333,2.9,3.4,3.4,3600.0,1,0.0,9.7,0.0,16929.134,672.572,13.8,0.0,0.013,4.28,496.0,434.0,62.0,864.4,686.3,572.1,500.6,71.5,996.9,791.8,25,25,9,6,24,0,0,0,0,0,2506.562,4911.418,10314.961,19278.214,31718.314,America/Los_Angeles,34.03202,-118.52633,86.0,53.86662483215332,1.0,0.0,0.7227160134052164,0.7225309421571104,0.875,0.125,0.8750218493270407,0.12497815067295927,1.0,0.0,0.0,25.0,0.0,83.6,1.0,,,,,,,,,,,,,,,,,2026-10-05 17:00:00+00:00,54.626344778016865,35.373655221983135,127.32442338303275,522.0683215904082,703.3137528404973,114.91555017856723,496.0,864.4,62.0,0.7227160134052164,0,33.44444444444445,17,100.02000000000001,,2026-09-22T00:00Z,,,,,0.2,28.492,0.5848,nasa_power_ml_plus_cams_spectral,27.9,low-moderate,55.7,47.9,typical-to-good locally,63.4,66.1,64.3,64.3,False,17,63.1,1.0,6,horizontal environmental reference,SE,54.6,"sun 35° up (SE) — lay flat, or lift torso ~55° toward SE to face it",98.1,False,,,50.0,37.0,36.3,,not specified,Environmental scores are skin-type independent.,not personalized,36.3
2026-09-22T11:00,deterministic,best_match,72.7,68,61.6,74.0,65.2,1012.1,1002.1,74146.984,1,32,32,0,0,0,0.0,0.0,0.0,0.0,6.4,234,6.5,5.1,5.1,3600.0,1,0.0,2.8,0.0,13943.569,2165.354,24.4,0.0,0.012,0.88,467.8,226.8,241.0,331.2,929.8,506.6,245.6,261.0,358.8,1007.1,83,34,39,7,26,0,0,0,0,0,2542.651,4911.418,10249.344,19038.714,31242.064,America/Los_Angeles,34.03202,-118.52633,86.0,53.86662483215332,1.0,0.0,0.503118950311895,0.5030284976665674,0.4848225737494656,0.5151774262505344,0.4848006316620608,0.5151993683379392,1.0,0.0,0.0,83.0,0.0,71.9,1.0,23.2,17.3,146.0,448.0,14.7,6.5,76.0,1426.0,0.21,5.0,5.55,5.85,62.0,62.0,16.0,12.0,2026-09-22 18:00:00+00:00,42.14230456170297,47.85769543829703,137.99280357579113,705.3186255491177,774.5331048657762,131.01733357802186,467.8,331.2,241.0,0.503118950311895,32,22.611111111111114,68,100.21000000000001,0.21,2026-09-22T00:00Z,0.38914627,0.36387864,284.97583,0.16474885,0.16474885,29.947,0.7842,nasa_power_ml_plus_cams_spectral,34.3,low-moderate,58.8,8.5,typical-to-good locally,80.7,58.7,73.0,73.0,False,68,65.2,6.4,0,horizontal environmental reference,SE,42.1,"sun 48° up (SE) — lay flat, or lift torso ~42° toward SE to face it",100.0,False,,,50.0,36.2,36.2,,not specified,Environmental scores are skin-type independent.,not personalized,36.2
2026-09-24T10:00,deterministic,best_match,78.8,52,59.7,80.5,66.5,1011.7,1001.8,79199.48,0,0,0,0,0,0,0.0,0.0,0.0,0.0,3.6,180,2.7,3.5,3.5,3600.0,1,10.0,0.5,65.0,13746.72,820.21,21.9,0.0,0.014,1.61,516.0,448.0,68.0,835.8,728.1,591.6,513.6,78.0,958.2,834.9,36,24,39,9,14,0,0,0,0,0,2555.775,4973.754,10360.893,19150.262,31390.23,America/Los_Angeles,34.03202,-118.52633,86.0,53.86662483215332,1.0,0.0,0.7086938607334157,0.7085878548329142,0.8682170542635659,0.13178294573643412,0.8681541582150102,0.13184584178498984,1.0,0.0,0.0,39.0,0.0,84.8,1.0,42.5,37.6,244.0,482.0,52.7,6.8,51.0,1501.0,0.19,2.0,3.9,3.9,90.0,90.0,31.0,3.0,2026-09-24 17:00:00+00:00,52.10615379655423,37.89384620344577,122.89478340723866,559.1950246353106,718.0995776210723,118.13794396037565,516.0,835.8,68.0,0.7086938607334157,0,26.0,52,100.17999999999999,0.19,2026-09-22T00:00Z,0.21463037,0.20062257,282.623,0.16353226,0.16353226,29.416,0.6309,nasa_power_ml_plus_cams_spectral,28.7,low-moderate,53.2,42.2,typical-to-good locally,62.4,36.4,53.3,53.3,False,52,66.5,3.6,0,horizontal environmental reference,ESE,52.1,"sun 38° up (ESE) — lay flat, or lift torso ~52° toward ESE to face it",100.0,False,,,50.0,35.9,35.9,,not specified,Environmental scores are skin-type independent.,not personalized,35.9
2026-09-28T10:00,deterministic,best_match,74.5,50,54.6,73.5,62.2,1010.1,1000.2,79199.48,0,8,0,8,0,3,0.0,0.0,0.0,0.0,5.7,211,2.5,3.6,3.6,3600.0,1,0.0,15.3,0.0,16502.625,1541.995,20.2,0.0,0.013,1.46,503.0,430.0,73.0,820.4,713.6,577.8,494.0,83.9,942.5,819.9,32,29,3,6,14,0,0,0,0,0,2483.596,4849.082,10177.165,19107.612,31517.228,America/Los_Angeles,34.03202,-118.52633,86.0,53.86662483215332,1.0,0.0,0.7048766816143498,0.7047200878155873,0.8548707753479126,0.14512922465208747,0.8549671166493598,0.1452059536171686,1.0,0.0,-0.10000000000002274,32.0,0.0,84.6,1.0,,,,,,,,,,,,,,,,,2026-09-28 17:00:00+00:00,52.9964615873879,37.0035384126121,124.55880038159762,546.2979224374648,713.2045526963658,117.04553269176449,503.0,820.4,73.0,0.7048766816143498,8,23.61111111111111,50,100.02000000000001,,2026-09-22T00:00Z,,,,,0.2,29.237,0.6127,nasa_power_ml_plus_cams_spectral,29.0,low-moderate,54.8,46.8,typical-to-good locally,54.2,35.3,47.6,47.6,False,50,62.2,5.7,3,horizontal environmental reference,SE,53.0,"sun 37° up (SE) — lay flat, or lift torso ~53° toward SE to face it",99.2,False,,,50.0,36.1,35.8,,not specified,Environmental scores are skin-type independent.,not personalized,35.8
2026-09-25T10:00,deterministic,best_match,78.8,54,60.7,81.1,67.1,1012.1,1002.2,79199.48,0,7,0,0,5,0,0.0,0.0,0.0,0.0,3.1,159,3.1,3.5,3.5,3600.0,1,0.0,3.3,0.0,15485.564,984.252,22.6,0.0,0.014,1.55,510.0,440.0,70.0,825.4,724.5,585.0,504.7,80.3,946.7,831.2,36,24,30,10,70,0,0,0,0,0,2565.617,4970.473,10347.77,19192.914,31527.814,America/Los_Angeles,34.03202,-118.52633,86.0,53.86662483215332,1.0,0.0,0.7039337474120083,0.7038017324350336,0.8627450980392157,0.13725490196078433,0.8627350427350428,0.13726495726495727,1.0,0.0,0.0,70.0,0.0,84.7,1.0,37.3,32.1,184.0,462.0,43.1,8.1,46.0,1426.0,0.17,1.0,3.95,4.0,87.0,87.0,30.0,2.0,2026-09-25 17:00:00+00:00,52.32581224113043,37.67418775886957,123.31574027676203,556.0356230871212,716.9237712182722,117.87294534735042,510.0,825.4,70.0,0.7039337474120083,7,26.0,54,100.22,0.17,2026-09-22T00:00Z,0.13824278,0.12820473,286.3848,0.16293144,0.16293144,28.687,0.619,nasa_power_ml_plus_cams_spectral,28.3,low-moderate,53.0,41.5,typical-to-good locally,60.8,43.6,54.8,54.8,False,54,67.1,3.1,0,horizontal environmental reference,ESE,52.3,"sun 38° up (ESE) — lay flat, or lift torso ~52° toward ESE to face it",100.0,False,,,50.0,35.7,35.7,,not specified,Environmental scores are skin-type independent.,not personalized,35.7
2026-09-26T10:00,deterministic,best_match,79.5,46,56.9,80.5,65.4,1012.0,1002.1,79199.48,3,100,0,0,100,0,0.0,0.0,0.0,0.0,3.0,153,2.9,3.15,3.45,3600.0,1,0.0,6.3,0.0,16141.732,918.635,15.3,0.0,0.013,1.86,458.0,295.0,163.0,556.5,720.9,525.6,338.5,187.1,638.6,827.5,24,26,7,14,70,0,0,0,0,0,2568.898,4967.192,10321.522,19209.318,31607.19,America/Los_Angeles,34.03202,-118.52633,86.0,53.86662483215332,0.9130434782608695,0.08695652173913049,0.6353169649049799,0.635166163141994,0.6441048034934498,0.3558951965065502,0.6440258751902588,0.3559741248097412,1.0,0.0,0.0,70.0,0.0,73.1,1.0,41.8,38.2,309.0,504.0,51.4,9.0,43.0,1663.0,0.17,1.0,3.55,3.85,89.0,89.0,31.0,2.0,2026-09-26 17:00:00+00:00,52.54742660425655,37.45257339574345,123.73349821508458,552.8330471917686,715.7165052166897,117.602603907814,458.0,556.5,163.0,0.6353169649049799,100,26.38888888888889,46,100.21000000000001,0.17,2026-09-22T00:00Z,0.11301954,0.10482586,282.5708,0.16233063,0.16233063,27.079,0.5938,nasa_power_ml_plus_cams_spectral,26.2,low-moderate,50.7,33.6,typical-to-good locally,53.1,36.8,47.4,47.4,False,46,65.4,3.0,0,horizontal environmental reference,ESE,52.5,"sun 37° up (ESE) — lay flat, or lift torso ~52° toward ESE to face it",100.0,False,,,50.0,32.4,32.4,,not specified,Environmental scores are skin-type independent.,not personalized,32.4
2026-09-22T17:00,deterministic,best_match,70.4,81,64.3,68.8,66.1,1009.6,999.6,54133.86,0,6,6,0,0,0,0.0,0.0,0.0,0.0,15.9,267,20.6,2.75,2.75,3600.0,1,0.0,1.8,0.0,14501.312,1181.102,25.6,0.0,0.009,0.48,415.5,316.5,99.0,681.7,630.7,333.0,253.7,79.4,546.4,505.5,51,32,42,7,10,0,0,0,0,0,2493.438,4895.013,10252.625,19064.96,31279.106,America/Los_Angeles,34.03202,-118.52633,86.0,53.86662483215332,1.0,0.0,0.6587918186142381,0.658753709198813,0.7617328519855595,0.23826714801444043,0.7618618618618618,0.23843843843843845,1.0,0.0,-0.10000000000002274,51.0,0.0,71.6,1.0,16.6,11.1,129.0,440.0,5.5,2.1,100.0,1387.0,0.14,5.0,0.9,0.9,62.0,62.0,17.0,40.0,2026-09-23 00:00:00+00:00,68.12745053472902,21.872549465270975,254.298820475332,286.35786551449064,538.0277603744242,85.91927585130838,415.5,681.7,99.0,0.6587918186142381,6,21.333333333333336,81,99.96000000000001,0.14,2026-09-22T00:00Z,0.38875538,0.363324,285.72925,0.16488642,0.16488642,20.573,0.2399,nasa_power_ml_plus_cams_spectral,21.1,low-moderate,40.9,97.8,below typical locally,35.0,80.1,50.8,50.8,False,81,66.1,15.9,0,horizontal environmental reference,WSW,68.1,"sun low 22° (WSW) — face WSW, lift torso ~68° toward the sun if comfortable",100.0,False,,,50.0,31.0,31.0,,not specified,Environmental scores are skin-type independent.,not personalized,31.0
2026-09-27T11:00,deterministic,best_match,79.0,38,51.2,77.6,62.5,1011.9,1002.0,79199.48,1,38,2,37,0,1,0.0,0.0,0.0,0.0,4.1,174,3.4,4.15,5.05,3600.0,1,0.0,5.5,0.0,14796.588,705.381,20.2,0.0,0.014,2.1,467.0,380.0,87.0,568.0,910.8,506.1,411.8,94.3,615.6,987.2,34,24,9,4,18,0,0,0,0,0,2555.775,4931.103,10269.029,19101.05,31448.438,America/Los_Angeles,34.03202,-118.52633,86.0,53.86662483215332,0.8217821782178218,0.17821782178217815,0.5127360562143171,0.512662074554295,0.8137044967880086,0.18629550321199143,0.8136731871171705,0.18632681288282946,1.0,0.0,0.0,34.0,0.0,75.3,1.0,,,,,,,,,,,,,,,,,2026-09-27 18:00:00+00:00,43.539491552548895,46.460508447451105,140.08288898471812,688.109249870634,770.205608662373,129.7874004688373,467.0,568.0,87.0,0.5127360562143171,38,26.11111111111111,38,100.2,,2026-09-22T00:00Z,,,,,0.2,29.204,0.782,nasa_power_ml_plus_cams_spectral,30.8,low-moderate,56.4,6.0,typical-to-good locally,58.1,32.6,49.2,49.2,False,38,62.5,4.1,1,horizontal environmental reference,SE,43.5,"sun 46° up (SE) — lay flat, or lift torso ~44° toward SE to face it",99.8,False,,,50.0,30.7,30.6,,not specified,Environmental scores are skin-type independent.,not personalized,30.6
2026-09-24T17:00,deterministic,best_match,80.2,54,62.1,80.9,68.3,1009.1,999.3,79199.48,0,0,0,0,0,0,0.0,0.0,0.0,0.0,8.5,217,8.3,2.7,2.7,3600.0,1,240.0,-1.2,448.0,14238.846,918.635,22.5,0.0,0.013,1.62,423.0,360.0,63.0,793.1,618.1,336.9,286.7,50.2,631.7,492.6,25,29,31,10,8,0,0,0,0,0,2506.562,4934.384,10337.927,19137.138,31390.23,America/Los_Angeles,34.03202,-118.52633,86.0,53.86662483215332,1.0,0.0,0.6843552823167772,0.6839220462850182,0.851063829787234,0.14893617021276595,0.8509943603443159,0.1490056396556842,1.0,0.0,0.0,31.0,0.0,75.0,1.0,24.3,19.6,121.0,439.0,11.5,5.6,120.0,1368.0,0.13,3.0,0.9,0.9,92.0,92.0,32.0,41.0,2026-09-25 00:00:00+00:00,68.73630186345197,21.263698136548026,253.74614050802975,275.8660452033764,528.0880575207627,84.34918132824521,423.0,793.1,63.0,0.6843552823167772,0,26.777777777777782,54,99.92999999999999,0.13,2026-09-22T00:00Z,0.27665,0.25845248,281.8702,0.16367084,0.16367084,20.98,0.2464,nasa_power_ml_plus_cams_spectral,21.2,low-moderate,41.6,99.4,below typical locally,35.0,45.3,38.6,38.6,False,54,68.3,8.5,0,horizontal environmental reference,WSW,68.7,"sun low 21° (WSW) — face WSW, lift torso ~69° toward the sun if comfortable",100.0,False,,,50.0,29.9,29.9,,not specified,Environmental scores are skin-type independent.,not personalized,29.9
2026-09-29T10:00,deterministic,best_match,71.1,62,57.5,69.9,62.3,1006.8,996.8,79199.48,1,29,28,0,0,1,0.0,0.0,0.0,0.0,8.7,138,3.6,3.1,3.55,3600.0,1,0.0,14.2,0.0,16502.625,3362.861,20.8,0.0,0.01,0.99,384.0,245.0,139.0,470.2,709.8,441.4,281.6,159.8,540.4,816.1,16,17,3,13,30,0,0,0,0,0,2427.822,4829.397,10203.412,19137.138,31548.98,America/Los_Angeles,34.03202,-118.52633,86.0,53.86662483215332,0.8732394366197184,0.12676056338028163,0.5409974640743872,0.5408650900624923,0.6380208333333334,0.3619791666666667,0.6379700951517898,0.3620299048482103,1.0,0.0,-5.684341886080802e-14,30.0,0.0,66.5,1.0,,,,,,,,,,,,,,,,,2026-09-29 17:00:00+00:00,53.22384663421704,36.77615336578296,124.96603973993888,542.9652424660817,711.8983388878364,116.75862632812101,384.0,470.2,139.0,0.5409974640743872,29,21.72222222222222,62,99.67999999999999,,2026-09-22T00:00Z,,,,,0.2,23.529,0.4665,nasa_power_ml_plus_cams_spectral,24.0,low-moderate,48.2,25.1,below typical locally,60.0,14.6,44.1,44.1,False,62,62.3,8.7,1,horizontal environmental reference,SE,53.2,"sun 37° up (SE) — lay flat, or lift torso ~53° toward SE to face it",99.8,False,,,50.0,29.3,29.2,,not specified,Environmental scores are skin-type independent.,not personalized,29.2
2026-09-25T17:00,deterministic,best_match,79.3,52,60.2,80.0,67.0,1009.4,999.6,3674.541,2,61,0,0,56,0,0.0,0.0,0.0,0.0,6.7,220,7.6,2.65,2.65,3600.0,1,0.0,3.9,0.0,15813.648,803.806,19.5,0.0,0.012,1.64,415.0,339.0,76.0,755.0,611.8,329.6,269.2,60.4,599.6,486.1,25,20,13,27,62,0,0,0,0,0,2506.562,4924.541,10305.118,19183.07,31538.396,America/Los_Angeles,34.03202,-118.52633,86.0,53.86662483215332,1.0,0.0,0.6783262504086304,0.6780497839950628,0.8168674698795181,0.18313253012048192,0.8167475728155339,0.183252427184466,1.0,0.0,5.684341886080802e-14,62.0,0.0,73.6,1.0,23.9,19.4,144.0,443.0,9.3,5.4,115.0,1381.0,0.1,2.0,0.9,0.9,87.0,87.0,30.0,37.0,2026-09-26 00:00:00+00:00,69.04067638390455,20.959323616095443,253.47085827613665,270.6118657717134,522.9631569102015,83.54528989780212,415.0,755.0,76.0,0.6783262504086304,61,26.27777777777778,52,99.96000000000001,0.1,2026-09-22T00:00Z,0.13374779,0.123618595,286.11942,0.16305572,0.16305572,20.639,0.2346,nasa_power_ml_plus_cams_spectral,20.8,low-moderate,41.4,99.3,below typical locally,27.1,51.5,35.6,35.6,False,52,67.0,6.7,0,horizontal environmental reference,WSW,69.0,"sun low 21° (WSW) — face WSW, lift torso ~69° toward the sun if comfortable",100.0,False,,,50.0,29.2,29.2,,not specified,Environmental scores are skin-type independent.,not personalized,29.2
2026-10-02T17:00,deterministic,best_match,83.2,30,48.5,79.9,62.9,1008.1,998.3,79199.48,0,0,0,0,0,1,0.0,0.0,0.0,0.0,6.8,224,7.4,2.45,2.45,3600.0,1,0.0,9.3,0.0,17979.002,836.614,13.5,0.0,0.013,2.71,398.0,340.0,58.0,820.9,566.6,308.8,263.8,45.0,636.9,439.9,46,22,6,4,10,0,0,0,0,0,2437.664,4832.677,10229.659,19245.406,31665.398,America/Los_Angeles,34.03202,-118.52633,86.0,53.86662483215332,1.0,0.0,0.7024355806565478,0.7019777222095932,0.8542713567839196,0.1457286432160804,0.8542746113989638,0.14572538860103626,1.0,0.0,0.0,46.0,0.0,74.1,1.0,,,,,,,,,,,,,,,,,2026-10-03 00:00:00+00:00,71.15687908226926,18.843120917730747,251.5618135607382,233.97073950917692,484.22822113914407,77.57565094705683,398.0,820.9,58.0,0.7024355806565478,0,28.444444444444446,30,99.83,,2026-09-22T00:00Z,,,,,0.2,19.088,0.1661,nasa_power_ml_plus_cams_spectral,19.2,low,41.1,99.9,below typical locally,33.4,66.4,45.0,45.0,False,30,62.9,6.8,1,horizontal environmental reference,WSW,71.2,"sun low 19° (WSW) — face WSW, lift torso ~71° toward the sun if comfortable",99.8,False,,,50.0,28.8,28.7,,not specified,Environmental scores are skin-type independent.,not personalized,28.7
2026-09-28T17:00,deterministic,best_match,77.7,39,50.8,74.9,61.8,1006.7,996.9,79199.48,0,0,0,0,0,3,0.0,0.0,0.0,0.0,7.3,220,10.3,2.4,2.4,3600.0,1,0.0,12.7,0.0,16797.9,2723.097,19.4,0.0,0.013,1.98,409.0,347.0,62.0,799.4,592.5,321.7,272.9,48.8,628.8,466.3,23,18,3,7,14,0,0,0,0,0,2408.137,4799.869,10164.042,19110.892,31559.562,America/Los_Angeles,34.03202,-118.52633,86.0,53.86662483215332,1.0,0.0,0.6902953586497891,0.6898992065194081,0.8484107579462102,0.15158924205378974,0.848305875038856,0.15169412496114393,1.0,0.0,0.0,23.0,0.0,73.0,1.0,,,,,,,,,,,,,,,,,2026-09-29 00:00:00+00:00,69.95187243652333,20.048127563476672,252.64901430881105,254.8533758438989,506.9703183831361,81.05921065344882,409.0,799.4,62.0,0.6902953586497891,0,25.388888888888893,39,99.69,,2026-09-22T00:00Z,,,,,0.2,19.706,0.1898,nasa_power_ml_plus_cams_spectral,19.4,low,40.3,99.0,below typical locally,31.0,63.8,42.5,42.5,False,39,61.8,7.3,3,horizontal environmental reference,WSW,70.0,"sun low 20° (WSW) — face WSW, lift torso ~70° toward the sun if comfortable",99.2,False,,,50.0,28.7,28.5,,not specified,Environmental scores are skin-type independent.,not personalized,28.5
2026-10-03T17:00,deterministic,best_match,86.5,25,46.5,82.6,63.3,1008.5,998.8,79199.48,0,0,0,0,0,0,0.0,0.0,0.0,0.0,7.1,226,7.8,2.3,2.3,3600.0,1,0.0,10.5,0.0,17716.536,754.593,13.9,0.0,0.014,3.24,390.0,333.0,57.0,813.8,560.2,301.5,257.4,44.1,629.1,433.3,10,11,7,6,80,0,0,0,0,4,2522.966,4957.349,10370.735,19363.518,31829.44,America/Los_Angeles,34.03202,-118.52633,86.0,53.86662483215332,1.0,0.0,0.6961799357372367,0.6958227555965844,0.8538461538461538,0.14615384615384616,0.853731343283582,0.14626865671641792,1.0,0.0,0.0,80.0,4.0,73.2,1.0,,,,,,,,,,,,,,,,,2026-10-04 00:00:00+00:00,71.45539002468871,18.544609975311285,251.29146169510727,228.7947139706707,478.2968292204249,76.67579551538267,390.0,813.8,57.0,0.6961799357372367,0,30.27777777777778,25,99.88,,2026-09-22T00:00Z,,,,,0.2,18.353,0.1629,nasa_power_ml_plus_cams_spectral,18.3,low,40.2,99.7,below typical locally,33.1,79.1,49.2,49.2,False,25,63.3,7.1,0,horizontal environmental reference,WSW,71.5,"sun low 19° (WSW) — face WSW, lift torso ~72° toward the sun if comfortable",100.0,False,,,50.0,28.3,28.3,,not specified,Environmental scores are skin-type independent.,not personalized,28.3
2026-10-01T17:00,deterministic,best_match,79.7,34,48.8,76.0,61.7,1008.7,998.9,79199.48,0,0,0,0,0,0,0.0,0.0,0.0,0.0,8.0,218,4.0,2.45,2.45,3600.0,1,0.0,9.3,0.0,17290.028,803.806,13.4,0.0,0.013,2.28,403.0,345.0,58.0,823.1,573.1,313.8,268.6,45.2,640.9,446.5,63,29,2,6,12,0,0,0,0,0,2447.507,4816.273,10180.446,19163.386,31596.606,America/Los_Angeles,34.03202,-118.52633,86.0,53.86662483215332,1.0,0.0,0.7031931600069795,0.7027995520716686,0.8560794044665012,0.14392059553349876,0.8559592096876992,0.14404079031230083,1.0,0.0,0.0,63.0,0.0,74.4,1.0,,,,,,,,,,,,,,,,,2026-10-02 00:00:00+00:00,70.85712761192305,19.142872388076956,251.8327393646784,239.16787743537145,490.06269461886103,78.46412766214658,403.0,823.1,58.0,0.7031931600069795,0,26.500000000000004,34,99.89,,2026-09-22T00:00Z,,,,,0.2,19.604,0.1678,nasa_power_ml_plus_cams_spectral,19.5,low,41.4,99.8,below typical locally,32.7,38.8,34.8,34.8,False,34,61.7,8.0,0,horizontal environmental reference,WSW,70.9,"sun low 19° (WSW) — face WSW, lift torso ~71° toward the sun if comfortable",100.0,False,,,50.0,28.0,28.0,,not specified,Environmental scores are skin-type independent.,not personalized,28.0
2026-10-04T17:00,deterministic,best_match,90.5,19,42.6,85.5,63.1,1007.5,997.9,79199.48,0,0,0,0,0,3,0.0,0.0,0.0,0.0,7.5,231,11.9,2.25,2.25,3600.0,1,0.0,9.3,0.0,17486.876,935.039,14.1,0.0,0.015,3.96,387.0,331.0,56.0,818.7,553.8,298.1,255.0,43.1,630.6,426.8,19,22,8,10,26,0,0,0,0,0,2473.754,4901.575,10314.961,19294.62,31765.938,America/Los_Angeles,34.03202,-118.52633,86.0,53.86662483215332,1.0,0.0,0.6988082340195017,0.6984536082474228,0.8552971576227391,0.14470284237726097,0.8554176450855417,0.14458235491445823,1.0,0.0,0.0,26.0,0.0,72.5,1.0,,,,,,,,,,,,,,,,,2026-10-05 00:00:00+00:00,71.75251940473805,18.247480595261955,251.02168684500415,223.64302674784426,472.2702570652882,75.76479754408413,387.0,818.7,56.0,0.6988082340195017,0,32.5,19,99.78999999999999,,2026-09-22T00:00Z,,,,,0.2,18.385,0.1534,nasa_power_ml_plus_cams_spectral,18.2,low,40.4,99.8,below typical locally,33.5,72.9,47.3,47.3,False,19,63.1,7.5,3,horizontal environmental reference,WSW,71.8,"sun low 18° (WSW) — face WSW, lift torso ~72° toward the sun if comfortable",99.2,False,,,50.0,28.1,27.9,,not specified,Environmental scores are skin-type independent.,not personalized,27.9
2026-09-30T17:00,deterministic,best_match,75.2,62,61.3,75.6,66.0,1002.9,993.0,79199.48,0,2,2,0,0,1,0.0,0.0,0.0,0.0,8.3,216,14.3,2.4,2.4,3600.0,1,0.0,6.5,0.0,16437.008,1213.911,16.6,0.0,0.011,1.13,388.0,316.0,72.0,745.1,579.6,303.2,246.9,56.3,582.2,453.1,27,33,29,9,8,0,0,0,0,0,2345.801,4780.184,10190.289,19107.612,31575.438,America/Los_Angeles,34.03202,-118.52633,86.0,53.86662483215332,1.0,0.0,0.6694271911663215,0.669167954094019,0.8144329896907216,0.18556701030927836,0.8143139841688655,0.18568601583113456,1.0,0.0,0.0,33.0,0.0,71.4,1.0,,,,,,,,,,,,,,,,,2026-10-01 00:00:00+00:00,70.55627910840417,19.443720891595838,252.1042416261815,244.38287301947682,495.7987157675226,79.34100813937658,388.0,745.1,72.0,0.6694271911663215,2,24.000000000000004,62,99.3,,2026-09-22T00:00Z,,,,,0.2,18.981,0.1658,nasa_power_ml_plus_cams_spectral,19.0,low,40.3,99.5,below typical locally,32.6,42.3,36.0,36.0,False,62,66.0,8.3,1,horizontal environmental reference,WSW,70.6,"sun low 19° (WSW) — face WSW, lift torso ~71° toward the sun if comfortable",99.8,False,,,50.0,27.6,27.5,,not specified,Environmental scores are skin-type independent.,not personalized,27.5
2026-09-26T17:00,deterministic,best_match,81.5,37,52.7,79.6,64.1,1010.1,1000.3,79199.48,3,100,0,0,100,0,0.0,0.0,0.0,0.0,6.3,228,7.6,2.5,2.65,3600.0,1,0.0,6.0,0.0,15748.031,836.614,10.5,0.0,0.013,2.31,389.0,262.0,127.0,590.0,605.4,308.0,207.4,100.5,467.1,479.5,21,21,7,13,30,0,0,0,0,0,2522.966,4924.541,10282.152,19160.106,31601.896,America/Los_Angeles,34.03202,-118.52633,86.0,53.86662483215332,0.9433962264150944,0.05660377358490565,0.6425503799141064,0.6423357664233577,0.6735218508997429,0.3264781491002571,0.6733766233766234,0.3262987012987013,1.0,0.0,0.10000000000002274,30.0,0.0,66.7,1.0,21.5,18.0,128.0,441.0,15.6,5.2,89.0,1360.0,0.12,1.0,0.75,0.85,90.0,90.0,30.0,36.0,2026-09-27 00:00:00+00:00,69.34482593662467,20.65517406337533,253.19625744162795,265.35626847984156,517.7350027917231,82.72893173613068,389.0,590.0,127.0,0.6425503799141064,100,27.5,37,100.03,0.12,2026-09-22T00:00Z,0.13175306,0.121643364,279.77975,0.1624549,0.1624549,18.685,0.2178,nasa_power_ml_plus_cams_spectral,19.2,low,39.3,96.8,below typical locally,27.5,43.9,33.2,33.2,False,37,64.1,6.3,0,horizontal environmental reference,WSW,69.3,"sun low 21° (WSW) — face WSW, lift torso ~69° toward the sun if comfortable",100.0,False,,,50.0,27.3,27.3,,not specified,Environmental scores are skin-type independent.,not personalized,27.3
2026-10-05T17:00,deterministic,best_match,98.0,14,40.8,93.4,64.9,1007.5,998.0,79199.48,0,0,0,0,0,6,0.0,0.0,0.0,0.0,5.6,247,8.5,2.3,2.3,3600.0,1,0.0,8.2,0.0,16633.857,2050.525,19.0,0.0,0.015,5.31,376.0,321.0,55.0,803.7,547.4,288.5,246.3,42.2,616.7,420.4,18,13,10,10,14,0,0,0,0,0,2450.787,4862.205,10272.31,19219.16,31617.772,America/Los_Angeles,34.03202,-118.52633,86.0,53.86662483215332,1.0,0.0,0.6868834490317867,0.6862511893434824,0.8537234042553191,0.14627659574468085,0.8537261698440208,0.14627383015597922,1.0,0.0,0.0,18.0,0.0,71.7,1.0,,,,,,,,,,,,,,,,,2026-10-06 00:00:00+00:00,72.04812921485869,17.951870785141313,250.75249709750858,218.51886224324636,466.1504449305097,74.84291123481691,376.0,803.7,55.0,0.6868834490317867,0,36.66666666666667,14,99.8,,2026-09-22T00:00Z,,,,,0.2,17.935,0.1565,nasa_power_ml_plus_cams_spectral,18.1,low,40.5,99.8,below typical locally,33.6,65.6,44.8,44.8,False,14,64.9,5.6,6,horizontal environmental reference,WSW,72.0,"sun low 18° (WSW) — face WSW, lift torso ~72° toward the sun if comfortable",98.1,False,,,50.0,27.8,27.3,,not specified,Environmental scores are skin-type independent.,not personalized,27.3
2026-09-29T17:00,deterministic,best_match,73.9,59,58.7,73.2,64.1,1003.9,994.0,79199.48,0,0,0,0,0,1,0.0,0.0,0.0,0.0,8.5,194,8.7,2.4,2.4,3600.0,1,0.0,9.8,0.0,16601.051,2755.906,22.3,0.0,0.011,1.17,398.0,331.0,67.0,771.4,586.0,312.0,259.5,52.5,604.8,459.7,15,18,10,10,26,0,0,0,0,0,2362.205,4786.746,10187.008,19114.174,31527.814,America/Los_Angeles,34.03202,-118.52633,86.0,53.86662483215332,1.0,0.0,0.6791808873720137,0.6787035022840984,0.8316582914572864,0.16834170854271358,0.8317307692307693,0.16826923076923078,1.0,0.0,0.0,26.0,0.0,72.4,1.0,,,,,,,,,,,,,,,,,2026-09-30 00:00:00+00:00,70.25447872739333,19.745521272606663,252.37632867207085,249.61245953399225,501.43496036632826,80.20609470023007,398.0,771.4,67.0,0.6791808873720137,0,23.277777777777782,59,99.4,,2026-09-22T00:00Z,,,,,0.2,19.37,0.1657,nasa_power_ml_plus_cams_spectral,19.2,low,40.2,99.3,below typical locally,32.4,26.0,30.2,30.2,False,59,64.1,8.5,1,horizontal environmental reference,WSW,70.3,"sun low 20° (WSW) — face WSW, lift torso ~70° toward the sun if comfortable",99.8,False,,,50.0,27.1,27.0,,not specified,Environmental scores are skin-type independent.,not personalized,27.0
2026-10-03T09:00,deterministic,best_match,81.4,22,38.9,78.1,58.4,1011.3,1001.5,79199.48,0,0,0,0,0,1,0.0,0.0,0.0,0.0,1.6,315,2.9,2.0,2.0,3600.0,1,0.0,14.9,0.0,17749.344,344.488,13.8,0.0,0.007,2.85,305.0,256.0,49.0,773.6,451.4,391.8,328.9,62.9,993.8,580.2,14,12,6,9,22,0,0,0,0,0,2559.055,4977.034,10374.016,19373.36,31829.44,America/Los_Angeles,34.03202,-118.52633,86.0,53.86662483215332,1.0,0.0,0.6756756756756757,0.6752843846949328,0.839344262295082,0.16065573770491803,0.8394589076059213,0.1605410923940786,1.0,0.0,5.684341886080802e-14,22.0,0.0,76.2,1.0,,,,,,,,,,,,,,,,,2026-10-03 16:00:00+00:00,64.8505554907502,25.149444509249804,114.38909237244161,346.33782490587436,592.0919601224947,94.71014380836704,305.0,773.6,49.0,0.6756756756756757,0,27.44444444444445,22,100.15,,2026-09-22T00:00Z,,,,,0.2,16.787,0.2103,nasa_power_ml_plus_cams_spectral,16.4,low,37.7,54.0,below typical locally,59.7,66.4,62.0,62.0,False,22,58.4,1.6,1,horizontal environmental reference,ESE,64.9,"sun low 25° (ESE) — face ESE, lift torso ~65° toward the sun if comfortable",99.8,False,,,50.0,25.6,25.5,,not specified,Environmental scores are skin-type independent.,not personalized,25.5
2026-10-04T09:00,deterministic,best_match,85.3,19,38.4,81.3,59.6,1010.2,1000.5,79199.48,0,0,0,0,0,0,0.0,0.0,0.0,0.0,3.0,347,1.1,2.0,2.0,3600.0,1,0.0,9.3,0.0,16896.326,360.892,13.3,0.0,0.009,3.36,301.0,253.0,48.0,771.4,447.6,387.3,325.6,61.8,992.6,576.3,15,20,7,14,76,0,0,0,0,54,2536.089,4957.349,10354.331,19324.146,31739.48,America/Los_Angeles,34.03202,-118.52633,86.0,53.86662483215332,1.0,0.0,0.6724754244861483,0.6720458094742322,0.840531561461794,0.15946843853820597,0.8406919700490576,0.15956622773044152,1.0,0.0,-0.10000000000002274,76.0,54.0,76.3,1.0,,,,,,,,,,,,,,,,,2026-10-04 16:00:00+00:00,65.04478011691299,24.955219883087018,114.76623710338833,343.0999610670919,589.685701507483,94.30578563133281,301.0,771.4,48.0,0.6724754244861483,0,29.61111111111111,19,100.05,,2026-09-22T00:00Z,,,,,0.2,16.717,0.2094,nasa_power_ml_plus_cams_spectral,16.4,low,38.0,55.0,below typical locally,55.3,70.3,60.6,60.6,False,19,59.6,3.0,0,horizontal environmental reference,ESE,65.0,"sun low 25° (ESE) — face ESE, lift torso ~65° toward the sun if comfortable",100.0,False,,,50.0,25.5,25.5,,not specified,Environmental scores are skin-type independent.,not personalized,25.5
2026-10-02T09:00,deterministic,best_match,79.1,28,43.2,76.3,59.2,1010.0,1000.1,79199.48,0,0,0,0,0,1,0.0,0.0,0.0,0.0,2.6,340,3.6,2.05,2.05,3600.0,1,0.0,9.3,0.0,17421.26,492.126,14.1,0.0,0.008,2.45,306.0,258.0,48.0,772.8,455.1,392.4,330.9,61.6,991.1,584.0,81,28,19,6,26,0,0,0,0,0,2467.192,4822.835,10200.131,19186.352,31612.478,America/Los_Angeles,34.03202,-118.52633,86.0,53.86662483215332,1.0,0.0,0.6723796967699407,0.671917808219178,0.8431372549019608,0.1568627450980392,0.8432721712538226,0.15698267074413866,1.0,0.0,-0.10000000000002274,81.0,0.0,76.4,1.0,,,,,,,,,,,,,,,,,2026-10-02 16:00:00+00:00,64.65796112373606,25.342038876263945,114.00898055054802,349.540462273245,594.442297773603,95.10662271862336,306.0,772.8,48.0,0.6723796967699407,0,26.166666666666664,28,100.01,,2026-09-22T00:00Z,,,,,0.2,16.908,0.2143,nasa_power_ml_plus_cams_spectral,16.6,low,37.8,54.1,below typical locally,57.8,53.9,56.4,56.4,False,28,59.2,2.6,1,horizontal environmental reference,ESE,64.7,"sun low 25° (ESE) — face ESE, lift torso ~65° toward the sun if comfortable",99.8,False,,,50.0,25.4,25.3,,not specified,Environmental scores are skin-type independent.,not personalized,25.3
2026-09-30T09:00,deterministic,best_match,69.7,69,59.1,71.6,62.6,1005.7,995.7,79199.48,0,0,0,0,0,2,0.0,0.0,0.0,0.0,2.7,175,2.2,2.05,2.05,3600.0,1,0.0,11.7,0.0,16568.242,1328.74,18.4,0.0,0.007,0.77,304.0,248.0,56.0,730.2,462.5,388.6,317.0,71.6,933.5,591.5,24,38,24,7,8,0,0,0,0,0,2404.856,4822.835,10209.974,19130.578,31580.73,America/Los_Angeles,34.03202,-118.52633,86.0,53.86662483215332,1.0,0.0,0.6572972972972972,0.656973795435334,0.8157894736842105,0.18421052631578946,0.8157488419969119,0.18425115800308797,1.0,0.0,0.0,38.0,0.0,75.7,1.0,,,,,,,,,,,,,,,,,2026-09-30 16:00:00+00:00,64.27774466600951,25.722255333990496,113.24042525792339,355.8390043224776,598.9796010191137,95.87643301360532,304.0,730.2,56.0,0.6572972972972972,0,20.944444444444446,69,99.57000000000001,,2026-09-22T00:00Z,,,,,0.2,17.269,0.216,nasa_power_ml_plus_cams_spectral,16.8,low,37.7,53.1,below typical locally,58.6,45.2,53.9,53.9,False,69,62.6,2.7,2,horizontal environmental reference,ESE,64.3,"sun low 26° (ESE) — face ESE, lift torso ~64° toward the sun if comfortable",99.5,False,,,50.0,25.3,25.2,,not specified,Environmental scores are skin-type independent.,not personalized,25.2
2026-10-01T09:00,deterministic,best_match,75.3,32,43.4,72.7,57.6,1009.8,999.9,79199.48,0,0,0,0,0,4,0.0,0.0,0.0,0.0,2.1,302,15.0,2.05,2.05,3600.0,1,0.0,7.4,0.0,17060.368,639.764,10.5,0.0,0.008,2.03,315.0,265.0,50.0,786.9,458.8,403.3,339.3,64.0,1007.6,587.8,76,12,9,4,10,0,0,0,0,0,2467.192,4835.958,10200.131,19160.106,31623.064,America/Los_Angeles,34.03202,-118.52633,86.0,53.86662483215332,1.0,0.0,0.6865736704446381,0.6861177271180674,0.8412698412698413,0.15873015873015872,0.8413091991073642,0.15869080089263576,1.0,0.0,0.0,76.0,0.0,76.1,1.0,,,,,,,,,,,,,,,,,2026-10-01 16:00:00+00:00,64.46701928745635,25.53298071254365,113.62604343335016,352.707573865171,596.7377918773238,95.49534124823356,315.0,786.9,50.0,0.6865736704446381,0,24.055555555555554,32,99.99,,2026-09-22T00:00Z,,,,,0.2,17.218,0.2208,nasa_power_ml_plus_cams_spectral,16.8,low,37.9,54.0,below typical locally,58.6,50.1,55.6,55.6,False,32,57.6,2.1,4,horizontal environmental reference,ESE,64.5,"sun low 26° (ESE) — face ESE, lift torso ~64° toward the sun if comfortable",98.8,False,,,50.0,25.5,25.2,,not specified,Environmental scores are skin-type independent.,not personalized,25.2
2026-09-28T09:00,deterministic,best_match,72.9,54,55.3,72.9,61.9,1010.0,1000.0,79199.48,1,20,0,20,0,3,0.0,0.0,0.0,0.0,4.1,202,2.5,2.1,2.1,3600.0,1,0.0,15.0,0.0,16502.625,1082.677,20.2,0.0,0.008,1.27,307.0,251.0,56.0,726.9,469.7,391.2,319.9,71.4,926.4,598.8,38,29,2,6,16,0,0,0,0,0,2480.315,4839.239,10167.323,19091.208,31496.062,America/Los_Angeles,34.03202,-118.52633,86.0,53.86662483215332,1.0,0.0,0.6536086863955717,0.6533066132264529,0.8175895765472313,0.18241042345276873,0.8177402862985684,0.1825153374233129,1.0,0.0,-0.0999999999999659,38.0,0.0,75.7,1.0,,,,,,,,,,,,,,,,,2026-09-28 16:00:00+00:00,63.90421881023345,26.095781189766548,112.46172867621317,361.9948957085742,603.3071594594421,96.61633841832213,307.0,726.9,56.0,0.6536086863955717,20,22.722222222222225,54,100.0,,2026-09-22T00:00Z,,,,,0.2,17.388,0.2184,nasa_power_ml_plus_cams_spectral,17.1,low,37.6,52.4,below typical locally,51.8,38.5,47.1,47.1,False,54,61.9,4.1,3,horizontal environmental reference,ESE,63.9,"sun low 26° (ESE) — face ESE, lift torso ~64° toward the sun if comfortable",99.2,False,,,50.0,25.1,24.9,,not specified,Environmental scores are skin-type independent.,not personalized,24.9
2026-10-05T09:00,deterministic,best_match,88.0,18,39.2,84.0,60.9,1009.7,1000.0,79199.48,0,0,0,0,0,6,0.0,0.0,0.0,0.0,3.4,352,3.4,1.95,1.95,3600.0,1,0.0,9.8,0.0,17027.558,311.68,13.5,0.0,0.009,3.7,298.0,250.0,48.0,769.2,443.8,384.1,322.3,61.9,991.6,572.4,24,25,8,6,24,0,0,0,0,0,2503.281,4911.418,10311.68,19278.214,31723.604,America/Los_Angeles,34.03202,-118.52633,86.0,53.86662483215332,1.0,0.0,0.6714736367733213,0.6710342417889589,0.8389261744966443,0.1610738255033557,0.8391043998958604,0.16115594897162197,1.0,0.0,-0.0999999999999659,25.0,0.0,75.0,1.0,,,,,,,,,,,,,,,,,2026-10-05 16:00:00+00:00,65.24060554486098,24.75939445513901,115.1402763182457,339.8273081396539,587.2225257910412,93.89344375753308,298.0,769.2,48.0,0.6714736367733213,0,31.111111111111114,18,100.0,,2026-09-22T00:00Z,,,,,0.2,16.314,0.2101,nasa_power_ml_plus_cams_spectral,16.0,low,37.7,54.2,below typical locally,60.3,67.0,62.6,62.6,False,18,60.9,3.4,6,horizontal environmental reference,ESE,65.2,"sun low 25° (ESE) — face ESE, lift torso ~65° toward the sun if comfortable",98.1,False,,,50.0,25.2,24.7,,not specified,Environmental scores are skin-type independent.,not personalized,24.7
2026-09-23T09:00,deterministic,best_match,68.4,84,63.4,72.5,64.8,1011.7,1001.6,51509.188,0,13,13,0,0,0,0.0,0.0,0.0,0.0,1.7,157,2.0,1.85,1.85,3600.0,1,0.0,3.6,0.0,14862.205,902.231,21.0,0.0,0.007,0.38,300.0,221.0,79.0,616.7,487.0,379.7,279.7,100.0,780.7,616.4,29,25,30,13,12,0,0,0,0,0,2549.213,4967.192,10328.084,19150.262,31406.106,America/Los_Angeles,34.03202,-118.52633,86.0,53.86662483215332,1.0,0.0,0.6160164271047228,0.6159961064243997,0.7366666666666667,0.2633333333333333,0.7366341848828022,0.2633658151171978,1.0,0.0,0.0,30.0,0.0,71.2,1.0,31.9,28.7,249.0,488.0,48.5,4.8,24.0,1733.0,0.18,2.0,1.95,1.95,72.0,72.0,23.0,0.0,2026-09-23 16:00:00+00:00,62.99941611128444,27.00058388871556,110.47827670796846,376.77177289542004,613.2776590028227,98.34397342707814,300.0,616.7,79.0,0.6160164271047228,13,20.222222222222225,84,100.16,0.18,2026-09-22T00:00Z,0.246858,0.23051265,283.14136,0.16414708,0.16414708,16.896,0.2524,nasa_power_ml_plus_cams_spectral,16.0,low,36.0,45.6,below typical locally,65.5,44.3,58.1,58.1,False,84,64.8,1.7,0,horizontal environmental reference,ESE,63.0,"sun low 27° (ESE) — face ESE, lift torso ~63° toward the sun if comfortable",100.0,False,,,50.0,24.3,24.3,,not specified,Environmental scores are skin-type independent.,not personalized,24.3
2026-09-24T09:00,deterministic,best_match,75.7,60,60.9,79.1,66.0,1011.6,1001.7,79199.48,0,0,0,0,0,0,0.0,0.0,0.0,0.0,0.9,194,2.2,1.85,1.85,3600.0,1,0.0,0.8,0.0,13648.294,524.934,21.8,0.0,0.007,1.21,314.0,258.0,56.0,724.1,483.6,397.8,326.9,71.0,917.4,613.0,37,24,43,9,14,0,0,0,0,0,2549.213,4967.192,10357.611,19146.982,31390.23,America/Los_Angeles,34.03202,-118.52633,86.0,53.86662483215332,1.0,0.0,0.6492969396195203,0.6489396411092986,0.821656050955414,0.17834394904458598,0.8217697335344394,0.17848164906988437,1.0,0.0,-0.0999999999999659,43.0,0.0,74.9,1.0,45.3,41.3,255.0,491.0,61.6,5.7,26.0,1540.0,0.19,2.0,1.9,1.9,89.0,89.0,31.0,1.0,2026-09-24 16:00:00+00:00,63.17710464466274,26.82289535533726,110.87857945353994,373.88511770555164,611.3752178413965,98.0117217665059,314.0,724.1,56.0,0.6492969396195203,0,24.277777777777782,60,100.17,0.19,2026-09-22T00:00Z,0.17835632,0.16674921,282.75684,0.16353226,0.16353226,17.25,0.2565,nasa_power_ml_plus_cams_spectral,16.2,low,36.2,46.8,below typical locally,51.9,41.8,48.4,48.4,False,60,66.0,0.9,0,horizontal environmental reference,ESE,63.2,"sun low 27° (ESE) — face ESE, lift torso ~63° toward the sun if comfortable",100.0,False,,,50.0,23.9,23.9,,not specified,Environmental scores are skin-type independent.,not personalized,23.9
2026-09-22T10:00,deterministic,best_match,71.2,68,60.1,74.0,63.8,1013.2,1003.2,75131.232,3,80,80,0,0,0,0.0,0.0,0.0,0.0,1.4,198,5.6,2.95,3.5,1900.12,1,0.0,3.4,0.0,13353.019,2575.459,25.9,0.0,0.007,0.83,274.0,66.8,207.3,123.3,735.1,313.9,76.5,237.4,141.3,842.1,92,41,38,7,18,32,0,0,0,0,2568.898,4927.822,10265.748,19041.994,31247.354,America/Los_Angeles,34.03202,-118.52633,86.0,53.86662483215332,0.8428571428571429,0.15714285714285714,0.37273840293837573,0.37275857974112336,0.2437956204379562,0.7565693430656935,0.24370818732080282,0.7562918126791973,0.5278111111111111,-0.10000000000002274,0.0,92.0,32.0,41.6,1.0,22.2,17.5,190.0,465.0,27.0,6.1,54.0,1518.0,0.23,4.0,3.55,3.85,61.0,61.0,16.0,11.0,2026-09-22 17:00:00+00:00,51.67276483081179,38.32723516918821,122.04389923009722,565.3848121443821,720.3597624602896,118.65226472828022,274.0,123.3,207.3,0.37273840293837573,80,21.77777777777778,68,100.32000000000001,0.23,2026-09-22T00:00Z,0.3623255,0.33811763,284.6304,0.16474885,0.16474885,19.089,0.4184,nasa_power_ml_plus_cams_spectral,20.9,low-moderate,40.6,5.1,below typical locally,59.1,42.8,53.4,53.4,False,68,63.8,1.4,0,horizontal environmental reference,ESE,51.7,"sun 38° up (ESE) — lay flat, or lift torso ~52° toward ESE to face it",100.0,False,,,50.0,23.1,23.1,,not specified,Environmental scores are skin-type independent.,not personalized,23.1
2026-09-27T10:00,deterministic,best_match,77.3,42,52.5,77.0,62.4,1012.0,1002.1,79199.48,1,40,2,39,0,1,0.0,0.0,0.0,0.0,2.7,175,2.5,2.6,3.65,3600.0,1,0.0,5.4,0.0,14796.588,442.913,19.5,0.0,0.009,1.86,300.0,232.0,68.0,440.1,717.3,344.5,266.4,78.1,505.3,823.8,33,23,9,4,16,0,0,0,0,0,2552.494,4927.822,10265.748,19097.77,31443.146,America/Los_Angeles,34.03202,-118.52633,86.0,53.86662483215332,0.7123287671232877,0.28767123287671226,0.41823504809703055,0.41818402524884685,0.7733333333333333,0.22666666666666666,0.7732946298984034,0.2267053701015965,1.0,0.0,0.0,33.0,0.0,61.1,1.0,,,,,,,,,,,,,,,,,2026-09-27 17:00:00+00:00,52.770981831686996,37.229018168313004,124.14790262504118,549.5871777506603,714.4770210772465,117.32682960075903,300.0,440.1,68.0,0.41823504809703055,40,25.166666666666668,42,100.21000000000001,,2026-09-22T00:00Z,,,,,0.2,20.339,0.4022,nasa_power_ml_plus_cams_spectral,20.5,low-moderate,41.6,6.7,below typical locally,46.2,33.4,41.7,41.7,False,42,62.4,2.7,1,horizontal environmental reference,SE,52.8,"sun 37° up (SE) — lay flat, or lift torso ~53° toward SE to face it",99.8,False,,,50.0,22.7,22.7,,not specified,Environmental scores are skin-type independent.,not personalized,22.7
2026-09-27T15:00,deterministic,best_match,81.0,35,50.8,78.5,63.1,1009.7,999.9,79199.48,1,42,1,41,12,1,0.0,0.0,0.0,0.0,6.7,217,8.3,3.15,5.3,3600.0,1,0.0,5.9,0.0,14960.63,1591.207,22.7,0.0,0.012,2.35,301.0,171.0,130.0,236.9,983.5,279.3,158.6,120.6,219.8,912.6,28,24,9,23,14,0,0,0,0,0,2496.719,4881.89,10216.535,19055.12,31416.69,America/Los_Angeles,34.03202,-118.52633,86.0,53.86662483215332,0.5943396226415094,0.4056603773584906,0.30604982206405695,0.3060486522024984,0.5681063122923588,0.4318936877076412,0.5678481919083422,0.43179377013963477,1.0,0.0,0.10000000000002274,28.0,0.0,51.2,1.0,,,,,,,,,,,,,,,,,2026-09-27 22:00:00+00:00,47.926915189732014,42.073084810267986,228.41903429715748,624.6179997819978,746.6753832992725,124.28725572058124,301.0,236.9,130.0,0.30604982206405695,42,27.222222222222225,35,99.99,,2026-09-22T00:00Z,,,,,0.2,21.365,0.5047,nasa_power_ml_plus_cams_spectral,22.9,low-moderate,45.4,2.9,below typical locally,45.6,29.7,40.0,40.0,False,35,63.1,6.7,1,horizontal environmental reference,SW,47.9,"sun 42° up (SW) — lay flat, or lift torso ~48° toward SW to face it",99.8,False,,,50.0,22.4,22.4,,not specified,Environmental scores are skin-type independent.,not personalized,22.4
2026-09-23T17:00,deterministic,best_match,68.9,89,65.6,71.9,66.5,1011.6,1001.5,43963.252,3,100,100,0,0,0,0.0,0.0,0.0,0.0,6.6,246,7.6,2.65,2.75,746.65,1,0.0,2.4,0.0,14435.695,1181.102,19.7,0.0,0.004,0.27,169.0,39.0,130.0,84.9,624.4,135.1,31.2,103.9,67.8,499.1,26,21,21,6,10,0,0,0,0,0,2559.055,4983.596,10364.173,19176.51,31421.978,America/Los_Angeles,34.03202,-118.52633,86.0,53.86662483215332,0.9636363636363636,0.036363636363636376,0.2706598334401025,0.27068723702664793,0.23076923076923078,0.7692307692307693,0.230940044411547,0.7690599555884531,0.20740277777777777,0.0,0.0,26.0,0.0,33.9,1.0,25.4,20.0,162.0,450.0,9.4,4.3,120.0,1447.0,0.16,4.0,0.9,0.9,78.0,78.0,26.0,38.0,2026-09-24 00:00:00+00:00,68.43184576416796,21.568154235832036,254.02212281939882,281.1157234712524,533.1095795913258,85.14052982773342,169.0,84.9,130.0,0.2706598334401025,100,20.500000000000004,89,100.15,0.16,2026-09-22T00:00Z,0.20023619,0.18609184,284.07465,0.16427225,0.16427225,10.529,0.1318,nasa_power_ml_plus_cams_spectral,14.8,low,35.0,80.1,below typical locally,35.0,28.2,32.6,32.6,False,89,66.5,6.6,0,horizontal environmental reference,WSW,68.4,"sun low 22° (WSW) — face WSW, lift torso ~68° toward the sun if comfortable",100.0,False,,,50.0,22.4,22.4,,not specified,Environmental scores are skin-type independent.,not personalized,22.4
2026-09-29T09:00,deterministic,best_match,69.3,67,57.9,68.2,61.9,1006.8,996.8,79199.48,0,12,12,0,0,1,0.0,0.0,0.0,0.0,8.7,138,3.8,1.8,2.1,3600.0,1,0.0,15.3,0.0,16535.434,2837.927,20.4,0.0,0.007,0.81,234.0,136.0,98.0,397.1,466.1,298.7,173.6,125.1,506.9,595.2,16,17,2,11,32,0,0,0,0,0,2421.26,4822.835,10196.851,19133.86,31538.396,America/Los_Angeles,34.03202,-118.52633,86.0,53.86662483215332,0.8571428571428571,0.1428571428571429,0.5020381892297789,0.5018481182795699,0.5811965811965812,0.4188034188034188,0.581185135587546,0.41881486441245397,1.0,0.0,0.0,32.0,0.0,58.5,1.0,,,,,,,,,,,,,,,,,2026-09-29 16:00:00+00:00,64.09014441926637,25.909855580733637,112.85227164538531,358.93473981780755,601.1689586066909,96.25004557407487,234.0,397.1,98.0,0.5020381892297789,12,20.72222222222222,67,99.67999999999999,,2026-09-22T00:00Z,,,,,0.2,13.734,0.1803,nasa_power_ml_plus_cams_spectral,14.0,low,34.9,42.5,below typical locally,57.9,20.7,44.9,44.9,False,67,61.9,8.7,1,horizontal environmental reference,ESE,64.1,"sun low 26° (ESE) — face ESE, lift torso ~64° toward the sun if comfortable",99.8,False,,,50.0,21.4,21.4,,not specified,Environmental scores are skin-type independent.,not personalized,21.4
2026-09-25T09:00,deterministic,best_match,75.9,62,62.0,79.3,66.6,1012.1,1002.2,79199.48,3,100,0,0,100,0,0.0,0.0,0.0,0.0,1.9,126,2.9,1.65,1.8,3600.0,1,0.0,3.1,0.0,15354.331,639.764,23.4,0.0,0.006,1.16,240.0,124.0,116.0,350.7,480.2,304.5,157.3,147.2,445.0,609.5,38,25,31,6,74,0,0,0,0,0,2562.336,4967.192,10341.207,19179.792,31511.94,America/Los_Angeles,34.03202,-118.52633,86.0,53.86662483215332,0.9166666666666666,0.08333333333333337,0.4997917534360683,0.4995898277276456,0.5166666666666667,0.48333333333333334,0.5165845648604269,0.483415435139573,1.0,0.0,0.0,74.0,0.0,57.2,1.0,41.0,36.3,189.0,469.0,53.4,6.2,23.0,1448.0,0.18,1.0,1.95,2.0,87.0,87.0,30.0,1.0,2026-09-25 16:00:00+00:00,63.35641729936428,26.643582700635715,111.27722202484244,370.96445511069925,609.4282393233078,97.67299965864362,240.0,350.7,116.0,0.4997917534360683,100,24.388888888888893,62,100.22,0.18,2026-09-22T00:00Z,0.13571075,0.12599877,286.01895,0.16291744,0.16291744,13.847,0.2053,nasa_power_ml_plus_cams_spectral,13.5,low,33.2,35.1,below typical locally,51.2,46.3,49.5,49.5,False,62,66.6,1.9,0,horizontal environmental reference,ESE,63.4,"sun low 27° (ESE) — face ESE, lift torso ~63° toward the sun if comfortable",100.0,False,,,50.0,20.7,20.7,,not specified,Environmental scores are skin-type independent.,not personalized,20.7
2026-09-26T09:00,deterministic,best_match,77.0,53,58.5,79.2,65.2,1011.9,1002.0,79199.48,3,100,0,0,100,0,0.0,0.0,0.0,0.0,1.5,153,1.8,1.6,1.8,3600.0,1,0.0,5.9,0.0,16076.115,557.743,15.9,0.0,0.007,1.49,254.0,142.0,112.0,404.7,476.7,322.7,180.4,142.3,514.3,606.0,24,27,7,14,100,0,0,0,0,88,2562.336,4960.63,10311.68,19196.196,31591.312,America/Los_Angeles,34.03202,-118.52633,86.0,53.86662483215332,0.888888888888889,0.11111111111111105,0.5328298720369206,0.5325082508250825,0.5590551181102362,0.4409448818897638,0.5590331577316393,0.44096684226836075,1.0,0.0,-5.684341886080802e-14,100.0,88.0,59.3,1.0,46.0,43.0,337.0,527.0,61.3,6.9,21.0,1779.0,0.17,0.0,1.75,1.9,89.0,89.0,30.0,1.0,2026-09-26 16:00:00+00:00,63.537365802934204,26.462634197065796,111.67405823295996,368.009432988376,607.4354515009207,97.32764238346908,254.0,404.7,112.0,0.5328298720369206,100,25.0,53,100.2,0.17,2026-09-22T00:00Z,0.10954429,0.10176076,282.19388,0.16230232,0.16230232,14.241,0.2022,nasa_power_ml_plus_cams_spectral,13.6,low,33.6,36.8,below typical locally,39.3,37.6,38.7,38.7,False,53,65.2,1.5,0,horizontal environmental reference,ESE,63.5,"sun low 26° (ESE) — face ESE, lift torso ~64° toward the sun if comfortable",100.0,False,,,50.0,20.1,20.1,,not specified,Environmental scores are skin-type independent.,not personalized,20.1
2026-09-22T09:00,deterministic,best_match,71.1,66,59.2,74.1,63.2,1013.5,1003.5,79396.328,3,92,92,0,0,0,0.0,0.0,0.0,0.0,0.2,180,3.6,1.5,1.85,3600.0,1,0.0,4.1,2.0,13385.827,2690.289,25.6,0.0,0.005,0.88,194.5,86.5,108.0,239.6,490.3,245.9,109.3,136.5,302.9,619.8,98,43,36,9,8,66,0,0,0,0,2572.179,4921.26,10259.187,19032.152,31242.064,America/Los_Angeles,34.03202,-118.52633,86.0,53.86662483215332,0.8108108108108107,0.18918918918918926,0.3966959004691005,0.3967408841561795,0.44473007712082263,0.5552699228791774,0.44448962993086616,0.555103700691338,1.0,0.0,0.09999999999999432,98.0,66.0,44.3,1.0,23.6,20.3,247.0,488.0,42.7,5.3,29.0,1636.0,0.24,2.0,1.8,1.9,61.0,61.0,16.0,12.0,2026-09-22 16:00:00+00:00,62.82334108626502,27.176658913734986,110.07646049805459,379.62475722005945,615.136786250111,98.66991282386482,194.5,239.6,108.0,0.3966959004691005,92,21.72222222222222,66,100.35,0.24,2026-09-22T00:00Z,0.320148,0.29830575,284.9136,0.16474885,0.16474885,11.855,0.2013,nasa_power_ml_plus_cams_spectral,11.9,low,29.3,18.3,below typical locally,41.0,55.4,46.0,46.0,False,66,63.2,0.2,0,horizontal environmental reference,ESE,62.8,"sun low 27° (ESE) — face ESE, lift torso ~63° toward the sun if comfortable",100.0,False,,,50.0,17.4,17.4,,not specified,Environmental scores are skin-type independent.,not personalized,17.4
2026-09-22T18:00,deterministic,best_match,69.7,80,63.2,68.0,65.1,1009.6,999.6,57086.612,0,1,1,0,0,0,0.0,0.0,0.0,0.0,15.0,267,18.6,1.2,1.2,3600.0,1,0.0,2.2,0.0,14566.93,1033.465,23.8,0.0,0.005,0.5,208.8,130.5,78.3,481.0,368.6,128.9,80.6,48.3,297.1,227.7,41,32,43,7,8,0,0,0,0,0,2496.719,4901.575,10262.467,19078.084,31300.27,America/Los_Angeles,34.03202,-118.52633,86.0,53.86662483215332,1.0,0.0,0.566467715680955,0.5660957400087835,0.625,0.37499999999999994,0.6252909231962761,0.3747090768037238,1.0,0.0,2.842170943040401e-14,43.0,0.0,55.1,1.0,16.5,11.3,132.0,441.0,7.3,1.9,91.0,1385.0,0.13,4.0,0.15,0.15,62.0,62.0,17.0,44.0,2026-09-23 01:00:00+00:00,80.27516695161637,9.724833048383633,263.39635451320333,79.10836702581427,230.84608316972125,40.11463481070751,208.8,481.0,78.3,0.566467715680955,1,20.944444444444446,80,99.96000000000001,0.13,2026-09-22T00:00Z,0.33695138,0.31449974,286.21323,0.16488642,0.16488642,7.853,0.0438,nasa_power_ml_plus_cams_spectral,8.6,low,22.5,99.9,poor locally,35.0,81.0,51.1,51.1,False,80,65.1,15.0,0,horizontal environmental reference,W,80.3,"sun low 10° (W) — face W, lift torso ~80° toward the sun if comfortable",100.0,False,,,50.0,16.6,16.6,,not specified,Environmental scores are skin-type independent.,not personalized,16.6
2026-09-27T16:00,deterministic,best_match,78.8,39,51.7,77.3,62.6,1009.2,999.3,79199.48,2,76,2,75,27,1,0.0,0.0,0.0,0.0,4.8,221,9.4,1.95,4.05,1890.6,1,0.0,5.8,0.0,14895.014,1017.06,25.2,0.0,0.008,2.05,184.0,74.0,110.0,123.0,820.1,161.1,64.8,96.3,107.7,718.1,30,23,9,33,16,0,0,0,0,0,2486.877,4868.767,10209.974,19045.276,31400.812,America/Los_Angeles,34.03202,-118.52633,86.0,53.86662483215332,0.4814814814814815,0.5185185185185185,0.22436288257529569,0.22434201364712433,0.40217391304347827,0.5978260869565217,0.4022346368715084,0.5977653631284916,0.5251666666666667,0.0,0.0,33.0,0.0,32.8,1.0,,,,,,,,,,,,,,,,,2026-09-27 23:00:00+00:00,58.16665808715294,31.833341912847057,242.17556756460849,460.81010745990244,668.436794689586,108.24293224691525,184.0,123.0,110.0,0.22436288257529569,76,26.0,39,99.92999999999999,,2026-09-22T00:00Z,,,,,0.2,13.123,0.2718,nasa_power_ml_plus_cams_spectral,14.1,low,34.7,3.3,below typical locally,40.3,32.5,37.6,37.6,False,39,62.6,4.8,1,horizontal environmental reference,WSW,58.2,"sun 32° up (WSW) — lay flat, or lift torso ~58° toward WSW to face it",99.8,False,,,50.0,16.2,16.2,,not specified,Environmental scores are skin-type independent.,not personalized,16.2
2026-09-24T18:00,deterministic,best_match,79.1,57,62.6,80.7,68.2,1009.5,999.6,79199.48,0,0,0,0,0,0,0.0,0.0,0.0,0.0,6.8,197,8.3,1.15,1.15,3600.0,1,130.0,-0.6,503.0,14206.037,656.168,24.4,0.0,0.007,1.46,212.0,166.0,46.0,637.0,355.3,127.5,99.9,27.7,383.2,214.1,32,28,44,9,6,0,0,0,0,0,2509.843,4934.384,10337.927,19140.42,31400.812,America/Los_Angeles,34.03202,-118.52633,86.0,53.86662483215332,1.0,0.0,0.5966788629327329,0.5955161139654367,0.7830188679245284,0.2169811320754717,0.7835294117647059,0.2172549019607843,1.0,0.0,-0.10000000000000853,44.0,0.0,59.1,1.0,22.4,17.9,122.0,439.0,12.8,4.7,107.0,1367.0,0.12,3.0,0.15,0.15,92.0,92.0,32.0,47.0,2026-09-25 01:00:00+00:00,80.85645557658373,9.14354442341628,262.8483517691979,70.56637001620392,210.63005575859984,37.09547440787931,212.0,637.0,46.0,0.5966788629327329,0,26.166666666666664,57,99.96000000000001,0.12,2026-09-22T00:00Z,0.24783836,0.23143621,281.6916,0.16367084,0.16367084,7.905,0.048,nasa_power_ml_plus_cams_spectral,8.4,low,22.4,100.0,poor locally,35.0,70.6,47.5,47.5,False,57,68.2,6.8,0,horizontal environmental reference,W,80.9,"sun low 9° (W) — face W, lift torso ~81° toward the sun if comfortable",100.0,False,,,50.0,16.2,16.2,,not specified,Environmental scores are skin-type independent.,not personalized,16.2
2026-10-02T18:00,deterministic,best_match,82.3,32,49.5,80.1,63.0,1008.3,998.5,79199.48,0,0,0,0,0,1,0.0,0.0,0.0,0.0,4.8,217,6.9,1.05,1.05,3600.0,1,0.0,9.1,0.0,18011.81,606.955,13.8,0.0,0.007,2.56,183.0,139.0,44.0,631.5,301.7,96.6,73.4,23.2,333.2,159.7,46,23,6,4,10,0,0,0,0,0,2450.787,4845.801,10242.782,19261.81,31686.562,America/Los_Angeles,34.03202,-118.52633,86.0,53.86662483215332,1.0,0.0,0.6065628107391449,0.6048841577958672,0.7595628415300546,0.24043715846994534,0.7598343685300208,0.2401656314699793,1.0,0.0,-1.4210854715202004e-14,46.0,0.0,57.1,1.0,,,,,,,,,,,,,,,,,2026-10-03 01:00:00+00:00,83.14985721125547,6.850142788744534,260.6579854738918,39.7180706701641,128.41187749147332,24.40201065153842,183.0,631.5,44.0,0.6065628107391449,0,27.944444444444443,32,99.85,,2026-09-22T00:00Z,,,,,0.2,7.126,0.0358,nasa_power_ml_plus_cams_spectral,7.6,low,22.4,100.0,poor locally,33.4,70.6,46.4,46.4,False,32,63.0,4.8,1,horizontal environmental reference,W,83.1,"sun low 7° (W) — face W, lift torso ~83° toward the sun if comfortable",99.8,False,,,50.0,15.2,15.2,,not specified,Environmental scores are skin-type independent.,not personalized,15.2
2026-09-28T18:00,deterministic,best_match,76.3,43,52.1,74.2,61.8,1006.8,996.9,79199.48,0,0,0,0,0,3,0.0,0.0,0.0,0.0,6.5,218,8.3,1.05,1.05,3600.0,1,0.0,12.1,0.0,16896.326,2280.184,20.2,0.0,0.007,1.76,194.0,146.0,48.0,607.6,328.5,110.1,82.8,27.2,344.8,186.8,23,19,3,7,12,0,0,0,0,0,2414.698,4803.15,10167.323,19120.734,31564.856,America/Los_Angeles,34.03202,-118.52633,86.0,53.86662483215332,1.0,0.0,0.5905631659056316,0.5894004282655245,0.7525773195876289,0.24742268041237114,0.7520435967302452,0.24704813805631246,1.0,0.0,0.09999999999999432,23.0,0.0,56.7,1.0,,,,,,,,,,,,,,,,,2026-09-29 01:00:00+00:00,82.01201112988196,7.98798887011805,261.7529465292778,54.372456497257105,169.40038189999896,30.831647001034423,194.0,607.6,48.0,0.5905631659056316,0,24.61111111111111,43,99.69,,2026-09-22T00:00Z,,,,,0.2,7.235,0.039,nasa_power_ml_plus_cams_spectral,7.7,low,21.8,100.0,poor locally,31.4,74.7,46.6,46.6,False,43,61.8,6.5,3,horizontal environmental reference,W,82.0,"sun low 8° (W) — face W, lift torso ~82° toward the sun if comfortable",99.2,False,,,50.0,15.2,15.1,,not specified,Environmental scores are skin-type independent.,not personalized,15.1
2026-09-29T18:00,deterministic,best_match,72.2,64,59.4,72.2,63.8,1004.1,994.2,79199.48,0,0,0,0,0,1,0.0,0.0,0.0,0.0,7.4,200,7.4,1.05,1.05,3600.0,1,0.0,9.5,0.0,16601.051,2247.375,22.9,0.0,0.006,0.97,187.0,136.0,51.0,578.2,321.7,104.4,75.9,28.5,322.6,180.0,16,17,13,10,24,0,0,0,0,0,2368.766,4793.307,10193.569,19120.734,31533.104,America/Los_Angeles,34.03202,-118.52633,86.0,53.86662483215332,1.0,0.0,0.581286913273236,0.5800000000000001,0.7272727272727273,0.2727272727272727,0.7270114942528736,0.2729885057471264,1.0,0.0,0.0,24.0,0.0,56.1,1.0,,,,,,,,,,,,,,,,,2026-09-30 01:00:00+00:00,82.29853149689589,7.701468503104103,261.47917510619754,50.54762028440198,159.05883366648777,29.231893958260784,187.0,578.2,51.0,0.581286913273236,0,22.333333333333336,64,99.42,,2026-09-22T00:00Z,,,,,0.2,7.24,0.0349,nasa_power_ml_plus_cams_spectral,7.7,low,22.1,100.0,poor locally,33.0,63.0,43.5,43.5,False,64,63.8,7.4,1,horizontal environmental reference,W,82.3,"sun low 8° (W) — face W, lift torso ~82° toward the sun if comfortable",99.8,False,,,50.0,15.1,15.1,,not specified,Environmental scores are skin-type independent.,not personalized,15.1
2026-09-30T18:00,deterministic,best_match,74.5,63,61.0,75.2,65.6,1003.0,993.1,79199.48,0,2,2,0,0,2,0.0,0.0,0.0,0.0,7.2,219,12.5,1.05,1.05,3600.0,1,0.0,6.9,0.0,16535.434,967.848,16.7,0.0,0.006,1.08,186.0,137.0,49.0,595.2,315.0,102.0,75.1,26.9,326.4,173.2,26,36,29,9,8,0,0,0,0,0,2352.362,4786.746,10193.569,19117.456,31591.312,America/Los_Angeles,34.03202,-118.52633,86.0,53.86662483215332,1.0,0.0,0.5904761904761905,0.5889145496535797,0.7365591397849462,0.26344086021505375,0.7362745098039215,0.26372549019607844,1.0,0.0,0.0,36.0,0.0,56.2,1.0,,,,,,,,,,,,,,,,,2026-10-01 01:00:00+00:00,82.58378681040236,7.416213189597646,261.20542325128594,46.825731012516286,148.75860022430365,27.624534970728018,186.0,595.2,49.0,0.5904761904761905,2,23.61111111111111,63,99.31,,2026-09-22T00:00Z,,,,,0.2,7.244,0.0374,nasa_power_ml_plus_cams_spectral,7.7,low,22.3,100.0,poor locally,32.3,53.3,39.6,39.6,False,63,65.6,7.2,2,horizontal environmental reference,W,82.6,"sun low 7° (W) — face W, lift torso ~83° toward the sun if comfortable",99.5,False,,,50.0,14.9,14.8,,not specified,Environmental scores are skin-type independent.,not personalized,14.8
2026-09-25T18:00,deterministic,best_match,79.5,54,61.4,81.2,67.7,1009.5,999.7,79199.48,3,82,0,0,78,0,0.0,0.0,0.0,0.0,5.4,225,7.4,1.05,1.1,3600.0,1,0.0,3.8,0.0,15879.266,623.36,19.3,0.0,0.006,1.58,176.0,102.0,74.0,399.2,348.6,104.5,60.5,43.9,236.9,207.3,24,20,11,27,60,0,0,0,0,0,2509.843,4931.103,10308.399,19192.914,31554.274,America/Los_Angeles,34.03202,-118.52633,86.0,53.86662483215332,0.9545454545454545,0.045454545454545525,0.5048766494549627,0.5041003376748673,0.5795454545454546,0.42045454545454547,0.5789473684210527,0.4200956937799043,1.0,0.0,0.09999999999999432,60.0,0.0,50.6,1.0,21.3,17.2,150.0,444.0,10.8,4.5,106.0,1380.0,0.09,2.0,0.15,0.15,87.0,87.0,30.0,43.0,2026-09-26 01:00:00+00:00,81.14645221940238,8.853547780597617,262.5744357200299,66.3969857287422,200.3919081504109,35.554796831656645,176.0,399.2,74.0,0.5048766494549627,82,26.38888888888889,54,99.97,0.09,2026-09-22T00:00Z,0.13059942,0.12074281,286.01022,0.16305572,0.16305572,7.345,0.0395,nasa_power_ml_plus_cams_spectral,7.8,low,21.4,100.0,poor locally,27.1,51.6,35.7,35.7,False,54,67.7,5.4,0,horizontal environmental reference,W,81.1,"sun low 9° (W) — face W, lift torso ~81° toward the sun if comfortable",100.0,False,,,50.0,14.7,14.7,,not specified,Environmental scores are skin-type independent.,not personalized,14.7
2026-09-26T18:00,deterministic,best_match,80.6,39,53.3,79.1,64.1,1010.3,1000.5,79199.48,3,100,0,0,100,0,0.0,0.0,0.0,0.0,5.9,223,6.0,1.05,1.1,3600.0,1,0.0,5.8,0.0,15616.798,639.764,10.3,0.0,0.007,2.17,183.0,108.0,75.0,431.2,341.9,107.1,63.2,43.9,252.3,200.5,21,19,7,13,28,0,0,0,0,0,2529.528,4931.103,10288.714,19163.386,31607.19,America/Los_Angeles,34.03202,-118.52633,86.0,53.86662483215332,0.9545454545454545,0.045454545454545525,0.5352442234571513,0.5341645885286783,0.5901639344262295,0.4098360655737705,0.5901027077497666,0.4098972922502334,1.0,0.0,0.0,28.0,0.0,51.7,1.0,,,127.0,441.0,,,,1360.0,,,,,89.0,89.0,30.0,40.0,2026-09-27 01:00:00+00:00,81.43581388705297,8.564186112947027,262.30056858535045,62.30383139144042,190.0925278831507,33.99577069706325,183.0,431.2,75.0,0.5352442234571513,100,26.999999999999996,39,100.05,,2026-09-22T00:00Z,0.13175306,0.121643364,279.77975,0.1624549,0.1624549,7.299,0.0353,nasa_power_ml_plus_cams_spectral,7.7,low,21.5,100.0,poor locally,27.4,53.9,36.7,36.7,False,39,64.1,5.9,0,horizontal environmental reference,W,81.4,"sun low 9° (W) — face W, lift torso ~81° toward the sun if comfortable",100.0,False,,,50.0,14.7,14.7,,not specified,Environmental scores are skin-type independent.,not personalized,14.7
2026-10-01T18:00,deterministic,best_match,78.4,38,50.7,76.0,62.0,1008.8,998.9,79199.48,0,0,0,0,0,0,0.0,0.0,0.0,0.0,6.3,215,3.4,1.05,1.05,3600.0,1,0.0,9.4,0.0,17257.218,541.339,13.8,0.0,0.007,2.06,187.0,143.0,44.0,635.2,308.3,100.6,77.0,23.7,341.9,166.4,62,36,2,6,10,0,0,0,0,0,2450.787,4819.554,10187.008,19169.948,31601.896,America/Los_Angeles,34.03202,-118.52633,86.0,53.86662483215332,1.0,0.0,0.6065520596821278,0.6045673076923076,0.7647058823529411,0.23529411764705882,0.7654075546719682,0.2355864811133201,1.0,0.0,-0.10000000000000853,62.0,0.0,57.6,1.0,,,,,,,,,,,,,,,,,2026-10-02 01:00:00+00:00,82.86761591825858,7.132384081741427,260.9316913674246,43.21361339533258,138.5315262320215,26.013216075713252,187.0,635.2,44.0,0.6065520596821278,0,25.777777777777782,38,99.89,,2026-09-22T00:00Z,,,,,0.2,7.099,0.0397,nasa_power_ml_plus_cams_spectral,7.6,low,22.2,100.0,poor locally,33.2,48.3,38.5,38.5,False,38,62.0,6.3,0,horizontal environmental reference,W,82.9,"sun low 7° (W) — face W, lift torso ~83° toward the sun if comfortable",100.0,False,,,50.0,14.7,14.7,,not specified,Environmental scores are skin-type independent.,not personalized,14.7
2026-09-27T09:00,deterministic,best_match,75.5,46,53.3,76.0,62.0,1012.0,1002.1,79199.48,1,39,1,39,0,1,0.0,0.0,0.0,0.0,1.4,219,1.6,1.35,2.15,3600.0,1,0.0,5.4,0.0,14796.588,229.659,18.4,0.0,0.005,1.63,148.0,105.0,43.0,301.7,473.2,188.3,133.6,54.7,383.9,602.4,31,21,8,6,14,0,0,0,0,0,2545.932,4924.541,10259.187,19094.488,31437.854,America/Los_Angeles,34.03202,-118.52633,86.0,53.86662483215332,0.6279069767441862,0.37209302325581384,0.3127641589180051,0.3125830013280213,0.7094594594594594,0.2905405405405405,0.7095061072756239,0.290493892724376,1.0,0.0,0.0,31.0,0.0,48.1,1.0,,,,,,,,,,,,,,,,,2026-09-27 16:00:00+00:00,63.71996241955313,26.280037580446873,112.06894231043032,365.0196939608792,605.3955395790639,96.97547973942721,148.0,301.7,43.0,0.3127641589180051,39,24.166666666666668,46,100.21000000000001,,2026-09-22T00:00Z,,,,,0.2,10.046,0.1723,nasa_power_ml_plus_cams_spectral,10.3,low,27.2,11.1,below typical locally,40.2,34.1,38.1,38.1,False,46,62.0,1.4,1,horizontal environmental reference,ESE,63.7,"sun low 26° (ESE) — face ESE, lift torso ~64° toward the sun if comfortable",99.8,False,,,50.0,14.6,14.6,,not specified,Environmental scores are skin-type independent.,not personalized,14.6
2026-10-03T18:00,deterministic,best_match,86.3,25,46.3,83.3,63.1,1008.4,998.7,79199.48,0,0,0,0,0,1,0.0,0.0,0.0,0.0,4.8,229,7.4,0.9,0.9,3600.0,1,0.0,10.8,0.0,17683.726,492.126,14.2,0.0,0.007,3.21,176.0,134.0,42.0,622.8,295.0,91.0,69.3,21.7,321.9,153.0,10,11,7,6,76,0,0,0,0,2,2529.528,4963.911,10377.297,19370.078,31834.73,America/Los_Angeles,34.03202,-118.52633,86.0,53.86662483215332,1.0,0.0,0.5966101694915255,0.5947712418300654,0.7613636363636364,0.23863636363636365,0.7615384615384615,0.23846153846153845,1.0,0.0,0.0,76.0,2.0,55.9,1.0,,,,,,,,,,,,,,,,,2026-10-04 01:00:00+00:00,83.43034934012223,6.569650659877772,260.3843174754645,36.34583129959824,118.43620033910373,22.795433234561706,176.0,622.8,42.0,0.5966101694915255,0,30.166666666666668,25,99.87,,2026-09-22T00:00Z,,,,,0.2,6.838,0.0428,nasa_power_ml_plus_cams_spectral,7.0,low,21.3,100.0,poor locally,33.5,84.6,51.4,51.4,False,25,63.1,4.8,1,horizontal environmental reference,W,83.4,"sun low 7° (W) — face W, lift torso ~83° toward the sun if comfortable",99.8,False,,,50.0,14.6,14.6,,not specified,Environmental scores are skin-type independent.,not personalized,14.6
2026-09-23T18:00,deterministic,best_match,68.1,90,65.1,71.3,65.9,1011.8,1001.7,42650.916,2,67,67,0,0,0,0.0,0.0,0.0,0.0,5.8,257,6.7,1.15,1.15,1917.49,1,0.0,2.4,0.0,14402.888,1033.465,20.3,0.0,0.003,0.23,125.0,33.0,92.0,123.9,362.0,76.3,20.1,56.2,75.6,220.9,30,21,26,6,8,0,0,0,0,0,2562.336,4983.596,10367.454,19179.792,31427.272,America/Los_Angeles,34.03202,-118.52633,86.0,53.86662483215332,1.0,0.0,0.3453038674033149,0.34540516070620186,0.264,0.736,0.2634338138925295,0.7365661861074706,0.5326361111111111,0.0,-1.4210854715202004e-14,30.0,0.0,33.8,1.0,24.9,19.6,183.0,453.0,16.0,3.8,106.0,1437.0,0.16,4.0,0.15,0.15,79.0,79.0,26.0,44.0,2026-09-24 01:00:00+00:00,80.56597684602954,9.43402315397045,263.1223233940002,74.80558282404554,220.7872845005568,38.6159469466114,125.0,123.9,92.0,0.3453038674033149,67,20.055555555555554,90,100.17,0.16,2026-09-22T00:00Z,0.1742288,0.16166578,284.1457,0.16427225,0.16427225,5.869,0.0272,nasa_power_ml_plus_cams_spectral,7.2,low,20.5,97.1,poor locally,35.0,51.0,40.6,40.6,False,90,65.9,5.8,0,horizontal environmental reference,W,80.6,"sun low 9° (W) — face W, lift torso ~81° toward the sun if comfortable",100.0,False,,,50.0,14.2,14.2,,not specified,Environmental scores are skin-type independent.,not personalized,14.2
2026-10-04T18:00,deterministic,best_match,90.4,19,42.5,86.1,63.1,1007.5,997.9,79199.48,0,0,0,0,0,4,0.0,0.0,0.0,0.0,5.8,254,10.3,0.9,0.9,3600.0,1,0.0,9.6,0.0,17421.26,639.764,14.3,0.0,0.009,3.95,171.0,129.0,42.0,613.7,288.4,86.4,65.2,21.2,310.3,146.3,19,22,8,10,24,0,0,0,0,0,2480.315,4908.137,10321.522,19301.182,31776.522,America/Los_Angeles,34.03202,-118.52633,86.0,53.86662483215332,1.0,0.0,0.5929264909847435,0.5905673274094326,0.7543859649122807,0.24561403508771928,0.7546296296296297,0.24537037037037035,1.0,0.0,0.0,24.0,0.0,55.0,1.0,,,,,,,,,,,,,,,,,2026-10-05 01:00:00+00:00,83.70893182049342,6.291068179506587,260.11070491966257,33.10349002151675,108.64310769184706,21.19844764848589,171.0,613.7,42.0,0.5929264909847435,0,32.44444444444445,19,99.78999999999999,,2026-09-22T00:00Z,,,,,0.2,6.77,0.0484,nasa_power_ml_plus_cams_spectral,6.9,low,21.3,100.0,poor locally,33.5,79.1,49.5,49.5,False,19,63.1,5.8,4,horizontal environmental reference,W,83.7,"sun low 6° (W) — face W, lift torso ~84° toward the sun if comfortable",98.8,False,,,50.0,14.3,14.1,,not specified,Environmental scores are skin-type independent.,not personalized,14.1
2026-10-05T18:00,deterministic,best_match,97.3,14,40.2,92.9,64.5,1007.6,998.1,79199.48,0,0,0,0,0,6,0.0,0.0,0.0,0.0,4.9,273,7.2,0.9,0.9,3600.0,1,0.0,8.2,0.0,16633.857,1492.782,19.9,0.0,0.008,5.19,164.0,125.0,39.0,608.8,281.9,81.0,61.7,19.3,300.7,139.7,17,11,10,11,30,0,0,0,0,0,2457.349,4868.767,10275.591,19222.442,31617.772,America/Los_Angeles,34.03202,-118.52633,86.0,53.86662483215332,1.0,0.0,0.5817665838949982,0.5798138869005012,0.7621951219512195,0.23780487804878048,0.7617283950617284,0.23827160493827163,1.0,0.0,0.0,30.0,0.0,54.3,1.0,,,,,,,,,,,,,,,,,2026-10-06 01:00:00+00:00,83.98544535761096,6.014554642389044,259.8371704105407,29.99744408876419,99.07298416504936,19.61646834877918,164.0,608.8,39.0,0.5817665838949982,0,36.27777777777778,14,99.81,,2026-09-22T00:00Z,,,,,0.2,6.687,0.0549,nasa_power_ml_plus_cams_spectral,6.9,low,21.5,100.0,poor locally,32.9,71.7,46.5,46.5,False,14,64.5,4.9,6,horizontal environmental reference,W,84.0,"sun low 6° (W) — face W, lift torso ~84° toward the sun if comfortable",98.1,False,,,50.0,14.2,13.9,,not specified,Environmental scores are skin-type independent.,not personalized,13.9
2026-09-27T17:00,deterministic,best_match,76.8,43,52.6,76.1,62.2,1008.9,999.0,79199.48,3,100,3,100,35,1,0.0,0.0,0.0,0.0,3.5,225,10.1,1.1,2.6,523.1,1,0.0,6.0,0.0,14862.205,590.551,26.8,0.0,0.005,1.79,109.0,34.0,75.0,77.4,598.9,86.0,26.8,59.2,61.1,472.9,30,23,10,39,16,0,0,0,0,0,2473.754,4858.924,10200.131,19035.434,31390.23,America/Los_Angeles,34.03202,-118.52633,86.0,53.86662483215332,0.4230769230769231,0.5769230769230769,0.1820003339455669,0.1818566293085219,0.3119266055045872,0.6880733944954128,0.3116279069767442,0.6883720930232559,0.14530555555555555,0.0,0.0,39.0,0.0,21.0,1.0,,,,,,,,,,,,,,,,,2026-09-28 00:00:00+00:00,69.64860628823197,20.351393711768022,252.9223168335493,260.10238169278153,512.4038944840189,81.90020090416681,109.0,77.4,75.0,0.1820003339455669,100,24.88888888888889,43,99.9,,2026-09-22T00:00Z,,,,,0.2,6.883,0.0921,nasa_power_ml_plus_cams_spectral,7.7,low,21.7,19.2,poor locally,27.1,36.8,30.5,30.5,False,43,62.2,3.5,1,horizontal environmental reference,WSW,69.6,"sun low 20° (WSW) — face WSW, lift torso ~70° toward the sun if comfortable",99.8,False,,,50.0,12.1,12.1,,not specified,Environmental scores are skin-type independent.,not personalized,12.1
2026-10-04T08:00,deterministic,best_match,81.8,21,38.1,77.2,58.2,1010.2,1000.4,79199.48,0,0,0,0,0,0,0.0,0.0,0.0,0.0,4.3,351,1.1,0.55,0.55,3600.0,1,0.0,9.3,0.0,16863.518,65.617,13.4,0.0,0.005,2.93,87.0,60.0,27.0,437.1,170.3,159.7,110.1,49.5,802.2,313.3,15,19,7,16,100,0,0,0,0,82,2536.089,4957.349,10354.331,19320.868,31739.48,America/Los_Angeles,34.03202,-118.52633,86.0,53.86662483215332,1.0,0.0,0.5108631826189077,0.5097350781998085,0.6896551724137931,0.3103448275862069,0.6894176581089543,0.3099561678146525,1.0,0.0,0.09999999999999432,100.0,82.0,63.3,1.0,,,,,,,,,,,,,,,,,2026-10-04 15:00:00+00:00,76.6942536537702,13.305746346229789,104.85940314769215,137.3871769586419,347.8034292097954,57.34114332470702,87.0,437.1,27.0,0.5108631826189077,0,27.666666666666668,21,100.03999999999999,,2026-09-22T00:00Z,,,,,0.2,5.133,0.0289,nasa_power_ml_plus_cams_spectral,4.8,low,18.2,47.5,poor locally,40.8,67.7,50.2,50.2,False,21,58.2,4.3,0,horizontal environmental reference,ESE,76.7,"sun low 13° (ESE) — face ESE, lift torso ~77° toward the sun if comfortable",100.0,False,,,50.0,10.5,10.5,,not specified,Environmental scores are skin-type independent.,not personalized,10.5
2026-09-24T08:00,deterministic,best_match,72.5,69,61.7,75.9,65.2,1011.4,1001.4,79199.48,0,0,0,0,0,0,0.0,0.0,0.0,0.0,1.7,247,1.6,0.5,0.5,3600.0,1,0.0,0.9,0.0,13582.678,311.68,21.9,0.0,0.002,0.84,105.0,73.0,32.0,480.7,205.5,177.8,123.6,54.2,813.8,348.7,37,23,48,10,14,0,0,0,0,0,2542.651,4960.63,10354.331,19140.42,31379.644,America/Los_Angeles,34.03202,-118.52633,86.0,53.86662483215332,1.0,0.0,0.5109489051094891,0.5098938915973616,0.6952380952380952,0.3047619047619048,0.6951631046119234,0.3048368953880765,1.0,0.0,0.0,48.0,0.0,63.4,1.0,54.8,52.6,258.0,497.0,68.8,4.8,7.0,1565.0,0.19,1.0,0.6,0.6,88.0,88.0,30.0,1.0,2026-09-24 15:00:00+00:00,75.08375024479524,14.916249755204754,101.12541899375083,163.98952095233346,390.28556464996916,63.52733987600712,105.0,480.7,32.0,0.5109489051094891,0,22.5,69,100.14,0.19,2026-09-22T00:00Z,0.17127463,0.16051409,283.39868,0.16348869,0.16348869,5.722,0.0364,nasa_power_ml_plus_cams_spectral,5.0,low,18.0,43.9,poor locally,37.8,49.6,41.9,41.9,False,69,65.2,1.7,0,horizontal environmental reference,E,75.1,"sun low 15° (E) — face E, lift torso ~75° toward the sun if comfortable",100.0,False,,,50.0,10.4,10.4,,not specified,Environmental scores are skin-type independent.,not personalized,10.4
2026-09-30T08:00,deterministic,best_match,68.0,73,59.0,70.2,62.0,1005.6,995.6,79199.48,0,0,0,0,0,2,0.0,0.0,0.0,0.0,1.9,159,2.0,0.55,0.55,3600.0,1,0.0,12.3,0.0,16633.857,984.252,18.6,0.0,0.002,0.63,93.0,63.0,30.0,440.6,184.7,164.7,111.6,53.1,780.2,327.9,24,40,27,7,8,0,0,0,0,0,2401.575,4819.554,10203.412,19124.016,31575.438,America/Los_Angeles,34.03202,-118.52633,86.0,53.86662483215332,1.0,0.0,0.5035192203573362,0.5022872827081427,0.6774193548387096,0.3225806451612903,0.6775956284153005,0.3224043715846995,1.0,0.0,0.0,40.0,0.0,62.2,1.0,,,,,,,,,,,,,,,,,2026-09-30 15:00:00+00:00,76.03488654065956,13.965113459340444,103.38492005098203,148.23984910155502,365.8073380992539,59.95917926685057,93.0,440.6,30.0,0.5035192203573362,0,20.0,73,99.56,,2026-09-22T00:00Z,,,,,0.2,5.358,0.0289,nasa_power_ml_plus_cams_spectral,4.9,low,18.2,46.1,poor locally,41.5,59.0,47.6,47.6,False,73,62.0,1.9,2,horizontal environmental reference,ESE,76.0,"sun low 14° (ESE) — face ESE, lift torso ~76° toward the sun if comfortable",99.5,False,,,50.0,10.5,10.4,,not specified,Environmental scores are skin-type independent.,not personalized,10.4
2026-10-03T08:00,deterministic,best_match,78.1,26,40.4,74.6,57.6,1011.0,1001.1,79199.48,0,0,0,0,0,2,0.0,0.0,0.0,0.0,2.7,336,2.7,0.55,0.55,3600.0,1,0.0,14.9,0.0,17683.726,49.213,14.0,0.0,0.003,2.43,90.0,63.0,27.0,454.2,173.9,163.6,114.5,49.1,825.6,317.0,15,12,6,7,18,0,0,0,0,0,2549.213,4967.192,10364.173,19360.236,31813.564,America/Los_Angeles,34.03202,-118.52633,86.0,53.86662483215332,1.0,0.0,0.5175388154111559,0.5160883280757098,0.7,0.3,0.699877750611247,0.3001222493887531,1.0,0.0,0.0,18.0,0.0,63.7,1.0,,,,,,,,,,,,,,,,,2026-10-03 15:00:00+00:00,76.52746174669883,13.472538253301167,104.49378224413101,140.12598640567717,352.4391382118587,58.01496896578662,90.0,454.2,27.0,0.5175388154111559,0,25.61111111111111,26,100.11,,2026-09-22T00:00Z,,,,,0.2,5.162,0.0292,nasa_power_ml_plus_cams_spectral,4.8,low,18.2,46.9,poor locally,46.0,60.5,51.1,51.1,False,26,57.6,2.7,2,horizontal environmental reference,ESE,76.5,"sun low 13° (ESE) — face ESE, lift torso ~76° toward the sun if comfortable",99.5,False,,,50.0,10.5,10.4,,not specified,Environmental scores are skin-type independent.,not personalized,10.4
2026-10-02T08:00,deterministic,best_match,75.9,31,43.1,72.3,57.8,1009.7,999.8,79199.48,0,0,0,0,0,1,0.0,0.0,0.0,0.0,4.4,336,3.8,0.55,0.55,3600.0,1,0.0,9.4,0.0,17454.068,164.042,14.2,0.0,0.004,2.11,90.0,63.0,27.0,449.5,177.5,162.1,113.5,48.6,809.8,320.6,81,31,20,7,24,0,0,0,0,0,2460.63,4812.992,10190.289,19173.228,31601.896,America/Los_Angeles,34.03202,-118.52633,86.0,53.86662483215332,1.0,0.0,0.5070422535211268,0.5056144728633811,0.7,0.3,0.7001850709438618,0.2998149290561382,1.0,0.0,0.0,81.0,0.0,63.3,1.0,,,,,,,,,,,,,,,,,2026-10-02 15:00:00+00:00,76.36196969552911,13.638030304470892,104.12607090203323,142.84800213692878,356.98401178446795,58.67574002320461,90.0,449.5,27.0,0.5070422535211268,0,24.388888888888893,31,99.97999999999999,,2026-09-22T00:00Z,,,,,0.2,5.183,0.0273,nasa_power_ml_plus_cams_spectral,4.8,low,18.1,46.3,poor locally,43.4,50.1,45.7,45.7,False,31,57.8,4.4,1,horizontal environmental reference,ESE,76.4,"sun low 14° (ESE) — face ESE, lift torso ~76° toward the sun if comfortable",99.8,False,,,50.0,10.3,10.3,,not specified,Environmental scores are skin-type independent.,not personalized,10.3
2026-09-28T08:00,deterministic,best_match,71.9,56,55.4,72.4,61.6,1009.8,999.8,79199.48,1,35,0,35,0,3,0.0,0.0,0.0,0.0,3.0,193,2.7,0.6,0.6,3600.0,1,0.0,14.4,0.0,16469.816,721.785,20.5,0.0,0.003,1.18,96.0,63.0,33.0,432.2,191.8,167.3,109.8,57.5,753.3,334.9,42,28,2,6,16,0,0,0,0,0,2473.754,4832.677,10154.199,19074.802,31474.894,America/Los_Angeles,34.03202,-118.52633,86.0,53.86662483215332,1.0,0.0,0.5005213764337851,0.49955210510600184,0.65625,0.34375,0.6563060370591751,0.3436939629408248,1.0,0.0,0.0,42.0,0.0,61.4,1.0,,,,,,,,,,,,,,,,,2026-09-28 15:00:00+00:00,75.71293784543745,14.287062154562548,102.63704154533968,153.56057147507403,374.28753889921956,61.193819668570185,96.0,432.2,33.0,0.5005213764337851,35,22.16666666666667,56,99.97999999999999,,2026-09-22T00:00Z,,,,,0.2,5.315,0.0353,nasa_power_ml_plus_cams_spectral,5.1,low,18.3,46.0,poor locally,34.3,39.8,36.2,36.2,False,56,61.6,3.0,3,horizontal environmental reference,ESE,75.7,"sun low 14° (ESE) — face ESE, lift torso ~76° toward the sun if comfortable",99.2,False,,,50.0,10.3,10.2,,not specified,Environmental scores are skin-type independent.,not personalized,10.2
2026-10-01T08:00,deterministic,best_match,72.3,40,46.6,70.5,57.7,1009.3,999.3,79199.48,0,0,0,0,0,4,0.0,0.0,0.0,0.0,2.2,307,15.0,0.55,0.55,3600.0,1,0.0,7.2,0.0,17027.558,196.85,11.1,0.0,0.002,1.63,96.0,66.0,30.0,466.2,181.1,171.4,117.9,53.6,832.5,324.3,73,13,9,6,8,0,0,0,0,0,2454.068,4826.116,10190.289,19146.982,31617.772,America/Los_Angeles,34.03202,-118.52633,86.0,53.86662483215332,1.0,0.0,0.530093870789619,0.528522972556275,0.6875,0.3125,0.6878646441073513,0.31271878646441076,1.0,0.0,-0.09999999999999432,73.0,0.0,63.7,1.0,,,,,,,,,,,,,,,,,2026-10-01 15:00:00+00:00,76.19777961304501,13.802220386954978,103.7564046572221,145.55273606353362,361.4395189951567,59.32371538728182,96.0,466.2,30.0,0.530093870789619,0,22.38888888888889,40,99.92999999999999,,2026-09-22T00:00Z,,,,,0.2,5.295,0.0244,nasa_power_ml_plus_cams_spectral,4.9,low,18.2,46.5,poor locally,39.8,46.1,42.0,42.0,False,40,57.7,2.2,4,horizontal environmental reference,ESE,76.2,"sun low 14° (ESE) — face ESE, lift torso ~76° toward the sun if comfortable",98.8,False,,,50.0,10.3,10.2,,not specified,Environmental scores are skin-type independent.,not personalized,10.2
2026-10-05T08:00,deterministic,best_match,84.7,20,39.2,80.0,59.8,1009.5,999.7,79199.48,0,0,0,0,0,6,0.0,0.0,0.0,0.0,5.1,358,3.6,0.5,0.5,3600.0,1,0.0,9.8,0.0,17125.984,65.617,13.4,0.0,0.006,3.26,84.0,57.0,27.0,419.8,166.6,155.7,105.6,50.0,777.9,309.5,24,25,8,6,24,0,0,0,0,0,2500.0,4908.137,10308.399,19278.214,31723.604,America/Los_Angeles,34.03202,-118.52633,86.0,53.86662483215332,1.0,0.0,0.5042016806722689,0.5030694668820678,0.6785714285714286,0.32142857142857145,0.6782273603082852,0.32113037893384716,1.0,0.0,0.09999999999999432,25.0,0.0,61.2,1.0,,,,,,,,,,,,,,,,,2026-10-05 15:00:00+00:00,76.86233651943927,13.137663480560738,105.2227999491572,134.63220625776847,343.0756322128432,56.654030093371986,84.0,419.8,27.0,0.5042016806722689,0,29.277777777777782,20,99.97,,2026-09-22T00:00Z,,,,,0.2,4.987,0.029,nasa_power_ml_plus_cams_spectral,4.6,low,18.0,46.9,poor locally,43.3,64.4,50.7,50.7,False,20,59.8,5.1,6,horizontal environmental reference,ESE,76.9,"sun low 13° (ESE) — face ESE, lift torso ~77° toward the sun if comfortable",98.1,False,,,50.0,10.2,10.0,,not specified,Environmental scores are skin-type independent.,not personalized,10.0
2026-09-23T08:00,deterministic,best_match,65.4,87,61.5,68.4,62.6,1011.6,1001.5,49540.684,0,11,11,0,0,0,0.0,0.0,0.0,0.0,2.3,73,2.7,0.5,0.5,3600.0,1,0.0,5.0,0.0,14763.779,311.68,20.5,0.0,0.002,0.28,118.0,80.0,38.0,520.4,208.9,198.8,134.8,64.0,876.9,352.1,29,25,30,13,12,0,0,0,0,0,2545.932,4963.911,10321.522,19143.702,31395.52,America/Los_Angeles,34.03202,-118.52633,86.0,53.86662483215332,1.0,0.0,0.5648635710866443,0.5646123260437376,0.6779661016949152,0.3220338983050847,0.6780684104627767,0.32193158953722334,1.0,0.0,0.0,30.0,0.0,64.6,1.0,42.8,41.0,246.0,489.0,55.1,4.2,6.0,1729.0,0.18,1.0,0.6,0.6,72.0,72.0,22.0,0.0,2026-09-23 15:00:00+00:00,74.92936267313627,15.070637326863732,100.74498545656672,166.5534624183391,394.0971446626355,64.08438460281045,118.0,520.4,38.0,0.5648635710866443,11,18.55555555555556,87,100.15,0.18,2026-09-22T00:00Z,0.23304334,0.2172954,283.07825,0.1640895,0.1640895,6.187,0.039,nasa_power_ml_plus_cams_spectral,5.2,low,18.2,44.3,poor locally,43.9,48.3,45.4,45.4,False,87,62.6,2.3,0,horizontal environmental reference,E,74.9,"sun low 15° (E) — face E, lift torso ~75° toward the sun if comfortable",92.1,False,,cold,50.0,10.8,9.9,,not specified,Environmental scores are skin-type independent.,not personalized,9.9
2026-09-29T08:00,deterministic,best_match,68.0,71,58.2,67.1,61.5,1006.7,996.7,79199.48,0,0,0,0,0,1,0.0,0.0,0.0,0.0,8.5,137,4.0,0.5,0.55,3600.0,1,0.0,15.9,0.0,16601.051,2395.013,20.2,0.0,0.003,0.68,93.0,60.0,33.0,415.6,188.3,163.4,105.4,58.0,730.0,331.4,17,17,2,11,32,0,0,0,0,0,2417.979,4816.273,10187.008,19127.296,31533.104,America/Los_Angeles,34.03202,-118.52633,86.0,53.86662483215332,0.9090909090909091,0.09090909090909094,0.49389272437599574,0.49305974652987333,0.6451612903225806,0.3548387096774194,0.6450428396572827,0.35495716034271724,1.0,0.0,0.0,32.0,0.0,59.1,1.0,,,,,,,,,,,,,,,,,2026-09-29 15:00:00+00:00,75.87327862516099,14.126721374839004,103.01175370038663,150.9091478115739,370.08933683620745,60.58243880696564,93.0,415.6,33.0,0.49389272437599574,0,20.0,71,99.67,,2026-09-22T00:00Z,,,,,0.2,5.35,0.0286,nasa_power_ml_plus_cams_spectral,4.8,low,18.0,45.0,poor locally,39.1,30.2,36.0,36.0,False,71,61.5,8.5,1,horizontal environmental reference,ESE,75.9,"sun low 14° (ESE) — face ESE, lift torso ~76° toward the sun if comfortable",99.8,False,,,50.0,9.9,9.9,,not specified,Environmental scores are skin-type independent.,not personalized,9.9
2026-09-25T08:00,deterministic,best_match,73.7,68,62.5,77.6,66.2,1011.8,1001.8,79199.48,3,100,0,0,100,0,0.0,0.0,0.0,0.0,1.3,121,1.8,0.45,0.5,3600.0,1,0.0,3.1,0.0,15288.714,311.68,23.8,0.0,0.002,0.91,81.0,41.0,40.0,273.6,202.1,138.1,69.9,68.2,466.5,345.3,39,26,32,6,70,0,0,0,0,0,2552.494,4957.349,10331.365,19166.666,31496.062,America/Los_Angeles,34.03202,-118.52633,86.0,53.86662483215332,0.9,0.09999999999999998,0.40079168728352305,0.3999420793512887,0.5061728395061729,0.49382716049382713,0.5061549601737871,0.4938450398262129,1.0,0.0,-2.842170943040401e-14,70.0,0.0,49.5,1.0,49.0,46.7,195.0,477.0,61.6,4.8,6.0,1477.0,0.19,1.0,0.6,0.6,88.0,88.0,30.0,1.0,2026-09-25 15:00:00+00:00,75.23927493849312,14.760725061506875,101.5049742094941,161.4084563279388,386.4009217772922,62.960084653917605,81.0,273.6,40.0,0.40079168728352305,100,23.166666666666668,68,100.17999999999999,0.19,2026-09-22T00:00Z,0.13437319,0.12489845,285.4797,0.16288728,0.16288728,5.13,0.0394,nasa_power_ml_plus_cams_spectral,4.5,low,17.5,41.8,poor locally,37.3,34.5,36.3,36.3,False,68,66.2,1.3,0,horizontal environmental reference,ESE,75.2,"sun low 15° (ESE) — face ESE, lift torso ~75° toward the sun if comfortable",100.0,False,,,50.0,9.4,9.4,,not specified,Environmental scores are skin-type independent.,not personalized,9.4
2026-09-26T08:00,deterministic,best_match,74.8,60,60.0,77.8,65.1,1011.7,1001.7,79199.48,3,100,0,0,100,0,0.0,0.0,0.0,0.0,1.0,153,0.4,0.45,0.5,3600.0,1,0.0,5.4,0.0,16108.924,196.85,16.1,0.0,0.002,1.18,76.0,38.0,38.0,255.9,198.7,130.5,65.2,65.2,439.4,341.9,25,27,7,16,72,0,0,0,0,0,2555.775,4950.788,10301.837,19186.352,31580.73,America/Los_Angeles,34.03202,-118.52633,86.0,53.86662483215332,0.9,0.09999999999999998,0.3824861600402617,0.3816905527932144,0.5,0.5,0.4996168582375479,0.4996168582375479,1.0,0.0,0.09999999999999432,72.0,0.0,48.4,1.0,53.2,50.8,345.0,538.0,69.4,5.3,5.0,1835.0,0.18,0.0,0.55,0.6,89.0,89.0,30.0,1.0,2026-09-26 15:00:00+00:00,75.39596283188118,14.604037168118824,101.8835183070679,158.8100717759488,382.4411418070637,62.38230147163634,76.0,255.9,38.0,0.3824861600402617,100,23.77777777777778,60,100.17,0.18,2026-09-22T00:00Z,0.10792632,0.1002771,282.11917,0.16228646,0.16228646,4.901,0.0343,nasa_power_ml_plus_cams_spectral,4.3,low,17.2,40.9,poor locally,31.1,40.7,34.5,34.5,False,60,65.1,1.0,0,horizontal environmental reference,ESE,75.4,"sun low 15° (ESE) — face ESE, lift torso ~75° toward the sun if comfortable",100.0,False,,,50.0,9.1,9.1,,not specified,Environmental scores are skin-type independent.,not personalized,9.1
2026-09-22T08:00,deterministic,best_match,67.8,72,58.4,69.3,61.5,1013.6,1003.5,69553.808,3,83,83,0,0,0,0.0,0.0,0.0,0.0,3.0,48,4.9,0.45,0.55,407.31,1,0.0,4.8,4.0,13549.869,2411.417,24.5,0.0,0.002,0.65,62.8,11.5,51.3,73.6,212.3,105.1,19.3,85.8,123.2,355.4,98,46,34,6,6,66,0,0,0,0,2575.459,4917.979,10249.344,19022.31,31231.478,America/Los_Angeles,34.03202,-118.52633,86.0,53.86662483215332,0.8181818181818181,0.18181818181818188,0.29580781912388127,0.29572312886888014,0.18312101910828027,0.8168789808917197,0.18363463368220745,0.8163653663177926,0.11314166666666667,0.0,0.0,98.0,66.0,21.9,1.0,33.8,31.4,283.0,503.0,53.7,4.6,12.0,1705.0,0.25,1.0,0.6,0.6,60.0,60.0,16.0,15.0,2026-09-22 15:00:00+00:00,74.7760879929913,15.223912007008702,100.36380649233996,169.1004653355443,397.83764978970135,64.63152141588053,62.8,73.6,51.3,0.29580781912388127,83,19.88888888888889,72,100.35,0.25,2026-09-22T00:00Z,0.29781148,0.27683035,285.53207,0.16470462,0.16470462,4.574,0.0368,nasa_power_ml_plus_cams_spectral,4.1,low,16.4,35.9,poor locally,37.1,52.7,42.6,42.6,False,72,61.5,3.0,0,horizontal environmental reference,E,74.8,"sun low 15° (E) — face E, lift torso ~75° toward the sun if comfortable",99.4,False,,cold,50.0,8.9,8.8,,not specified,Environmental scores are skin-type independent.,not personalized,8.8
2026-09-27T18:00,deterministic,best_match,75.7,47,54.1,75.5,62.5,1008.9,999.0,79199.48,3,100,4,100,28,1,0.0,0.0,0.0,0.0,3.5,225,9.8,0.5,1.15,1134.19,1,0.0,6.8,0.0,14829.396,492.126,26.3,0.0,0.004,1.61,56.0,24.0,32.0,97.8,335.2,32.3,13.8,18.4,56.4,193.7,27,24,11,33,14,0,0,0,0,0,2477.034,4862.205,10196.851,19035.434,31395.52,America/Los_Angeles,34.03202,-118.52633,86.0,53.86662483215332,0.4347826086956522,0.5652173913043478,0.16706443914081145,0.16675271037687145,0.42857142857142855,0.5714285714285714,0.4272445820433437,0.5696594427244582,0.3150527777777778,0.0,0.09999999999999432,33.0,0.0,20.6,1.0,,,,,,,,,,,,,,,,,2026-09-28 01:00:00+00:00,81.72438576009479,8.275614239905204,262.0267418381518,58.29343951149134,179.75389447820282,32.42055658330659,56.0,97.8,32.0,0.16706443914081145,100,24.277777777777782,47,99.9,,2026-09-22T00:00Z,,,,,0.2,2.977,0.0197,nasa_power_ml_plus_cams_spectral,3.4,low,14.2,72.1,poor locally,27.5,50.0,35.4,35.4,False,47,62.5,3.5,1,horizontal environmental reference,W,81.7,"sun low 8° (W) — face W, lift torso ~82° toward the sun if comfortable",99.8,False,,,50.0,8.1,8.1,,not specified,Environmental scores are skin-type independent.,not personalized,8.1
2026-09-27T08:00,deterministic,best_match,74.1,50,54.3,74.8,61.9,1011.8,1001.8,79199.48,1,35,0,35,0,1,0.0,0.0,0.0,0.0,1.6,262,0.9,0.3,0.6,0.0,1,0.0,5.4,0.0,14796.588,82.021,17.1,0.0,0.002,1.44,18.0,5.0,13.0,34.0,195.2,31.1,8.6,22.5,58.8,338.4,30,20,8,7,14,0,0,0,0,0,2542.651,4921.26,10255.905,19091.208,31432.564,America/Los_Angeles,34.03202,-118.52633,86.0,53.86662483215332,0.5,0.5,0.09221311475409837,0.09190307328605202,0.2777777777777778,0.7222222222222222,0.27652733118971057,0.7234726688102894,0.0,0.0,0.0,30.0,0.0,14.7,1.0,,,,,,,,,,,,,,,,,2026-09-27 15:00:00+00:00,75.55384128892554,14.446158711074457,102.26091846480881,156.1941695254461,378.404077627255,61.79365970996528,18.0,34.0,13.0,0.09221311475409837,35,23.388888888888886,50,100.17999999999999,,2026-09-22T00:00Z,,,,,0.2,3.295,0.0033,nasa_power_ml_plus_cams_spectral,2.9,low,11.9,18.6,poor locally,29.8,33.0,30.9,30.9,False,50,61.9,1.6,1,horizontal environmental reference,ESE,75.6,"sun low 14° (ESE) — face ESE, lift torso ~76° toward the sun if comfortable",99.8,False,,,50.0,6.2,6.2,,not specified,Environmental scores are skin-type independent.,not personalized,6.2
2026-09-24T07:00,deterministic,best_match,70.7,75,62.4,73.8,65.0,1010.9,1000.9,79199.48,0,0,0,0,0,0,0.0,0.0,0.0,0.0,2.9,238,1.8,0.0,0.0,0.0,1,0.0,1.0,0.0,13549.869,229.659,21.8,0.0,0.0,0.64,2.0,1.0,1.0,19.1,6.1,19.3,9.7,9.7,184.4,60.1,39,23,46,10,14,0,0,0,0,0,2529.528,4944.226,10341.207,19124.016,31369.062,America/Los_Angeles,34.03202,-118.52633,86.0,53.86662483215332,,,0.3278688524590164,0.3211314475873544,0.5,0.5,0.5025906735751294,0.5025906735751294,0.0,0.0,-0.09999999999999787,46.0,0.0,18.3,0.85,51.7,49.2,251.0,498.0,73.6,4.4,0.0,1566.0,0.19,1.0,0.05,0.05,87.0,87.0,30.0,2.0,2026-09-24 14:00:00+00:00,87.22334045125338,2.7766595487466157,92.45471647240265,4.349057468661368,13.740946337738636,3.683406394068198,2.0,19.1,1.0,0.3278688524590164,0,21.500000000000004,75,100.09,0.19,2026-09-22T00:00Z,0.16817081,0.15764241,284.24265,0.16361964,0.16361964,0.768,0.0014,nasa_power_ml_plus_cams_spectral,0.4,low,0.9,6.3,poor locally,30.1,67.6,43.2,43.2,False,75,65.0,2.9,0,horizontal environmental reference,E,87.2,"sun low 3° (E) — face E, lift torso ~87° toward the sun if comfortable",100.0,False,,,50.0,1.2,1.2,,not specified,Environmental scores are skin-type independent.,not personalized,1.2
2026-09-25T07:00,deterministic,best_match,72.1,73,63.0,76.6,65.9,1011.5,1001.5,79199.48,3,100,0,0,100,0,0.0,0.0,0.0,0.0,0.4,90,1.1,0.0,0.0,0.0,1,0.0,3.3,0.0,14796.588,114.829,24.3,0.0,0.0,0.73,2.0,1.0,1.0,0.0,5.4,20.5,10.2,10.2,0.0,56.6,38,26,34,6,70,0,0,0,0,0,2542.651,4950.788,10328.084,19150.262,31480.188,America/Los_Angeles,34.03202,-118.52633,86.0,53.86662483215332,,,0.37037037037037035,0.362190812720848,0.5,0.5,0.49756097560975604,0.49756097560975604,0.0,0.0,0.10000000000000142,70.0,0.0,14.0,0.85,45.8,42.6,205.0,491.0,65.9,4.2,0.0,1526.0,0.2,1.0,0.05,0.05,88.0,88.0,30.0,2.0,2026-09-25 14:00:00+00:00,87.36173509536584,2.6382649046341515,92.82609775077628,3.7911027522802585,11.854882254177147,3.2454208738941066,2.0,0.0,1.0,0.37037037037037035,100,22.277777777777775,73,100.15,0.2,2026-09-22T00:00Z,0.13518359,0.12573433,285.03403,0.16301787,0.16301787,0.832,0.004,nasa_power_ml_plus_cams_spectral,0.4,low,0.8,6.4,poor locally,29.3,65.2,41.9,41.9,False,73,65.9,0.4,0,horizontal environmental reference,E,87.4,"sun low 3° (E) — face E, lift torso ~87° toward the sun if comfortable",100.0,False,,,50.0,1.2,1.2,,not specified,Environmental scores are skin-type independent.,not personalized,1.2
2026-09-26T07:00,deterministic,best_match,73.4,63,60.0,76.6,64.6,1011.1,1001.1,79199.48,3,100,0,0,100,0,0.0,0.0,0.0,0.0,0.4,270,1.8,0.0,0.0,0.0,1,0.0,5.4,0.0,16076.115,49.213,16.2,0.0,0.0,1.04,1.0,0.0,1.0,0.0,4.8,10.9,0.0,10.9,0.0,53.2,25,26,7,17,78,0,0,0,0,4,2539.37,4937.664,10291.995,19176.51,31575.438,America/Los_Angeles,34.03202,-118.52633,86.0,53.86662483215332,,,0.20833333333333334,0.20488721804511278,0.0,1.0,0.0,1.0,0.0,0.0,0.0,78.0,4.0,4.6,0.85,50.5,47.8,316.0,529.0,74.7,4.9,0.0,1783.0,0.18,0.0,0.05,0.05,88.0,88.0,30.0,3.0,2026-09-26 14:00:00+00:00,87.50031977793222,2.4996802220677785,93.19696886991721,3.27751344188925,10.133168488941063,2.8355673415258913,1.0,0.0,1.0,0.20833333333333334,100,23.000000000000004,63,100.11,0.18,2026-09-22T00:00Z,0.11550818,0.10744068,282.30893,0.16241741,0.16241741,0.847,0.006,nasa_power_ml_plus_cams_spectral,0.4,low,0.8,6.5,poor locally,24.6,65.2,38.8,38.8,False,63,64.6,0.4,0,horizontal environmental reference,E,87.5,"sun low 2° (E) — face E, lift torso ~88° toward the sun if comfortable",100.0,False,,,50.0,1.2,1.2,,not specified,Environmental scores are skin-type independent.,not personalized,1.2
2026-09-22T07:00,deterministic,best_match,63.1,71,53.5,62.7,56.9,1013.0,1002.8,72834.648,3,100,100,0,0,0,0.0,0.0,0.0,0.0,3.5,40,3.8,0.0,0.0,0.0,1,0.0,5.2,0.0,14009.187,1870.079,22.6,0.0,0.001,0.57,1.5,0.8,0.8,14.3,7.6,13.2,6.6,6.6,126.1,66.9,96,39,28,4,4,52,0,0,0,0,2562.336,4911.418,10239.501,19019.03,31226.19,America/Los_Angeles,34.03202,-118.52633,86.0,53.86662483215332,,,0.19736842105263158,0.1973094170403587,0.5333333333333333,0.5333333333333333,0.5,0.5,0.0,-0.10000000000000009,0.0,96.0,52.0,8.8,0.85,31.7,29.3,282.0,506.0,56.6,4.3,8.0,1683.0,0.25,1.0,0.05,0.05,59.0,59.0,15.0,18.0,2026-09-22 14:00:00+00:00,86.94713868402735,3.0528613159726543,91.71092572634097,5.598388906965185,18.00461171220628,4.639512377610569,1.5,14.3,0.8,0.19736842105263158,100,17.27777777777778,71,100.28,0.25,2026-09-22T00:00Z,0.27963674,0.25930116,286.06738,0.16482037,0.16482037,0.722,0.0022,nasa_power_ml_plus_cams_spectral,0.4,low,1.0,7.0,poor locally,30.4,63.9,42.1,42.1,False,71,56.9,3.5,0,horizontal environmental reference,E,86.9,"sun low 3° (E) — face E, lift torso ~87° toward the sun if comfortable",85.0,False,,cold,50.0,1.2,1.0,,not specified,Environmental scores are skin-type independent.,not personalized,1.0
2026-10-04T07:00,deterministic,best_match,80.5,22,38.2,75.9,57.7,1010.1,1000.3,79199.48,0,0,0,0,0,0,0.0,0.0,0.0,0.0,4.3,351,1.1,0.0,0.0,0.0,1,0.0,8.9,0.0,16929.134,0.0,13.5,0.0,0.005,2.77,0.0,0.0,0.0,0.0,1.0,0.0,0.0,0.0,0.0,24.8,15,18,7,17,100,0,0,0,0,88,2532.808,4954.069,10351.05,19320.868,31739.48,America/Los_Angeles,34.03202,-118.52633,86.0,53.86662483215332,,,0.0,0.0,,,,,0.0,0.0,0.0,100.0,88.0,0.0,0.75,,,,,,,,,,,,,,,,,2026-10-04 14:00:00+00:00,88.61395901542609,1.3860409845739157,96.13030544291422,0.6722753766990812,1.847462964288253,0.6275877982433251,0.0,0.0,0.0,,0,26.944444444444446,22,100.03,,2026-09-22T00:00Z,,,,,0.2,0.624,0.0048,nasa_power_ml_plus_cams_spectral,0.3,low,0.4,3.2,poor locally,31.4,85.4,50.3,50.3,False,22,57.7,4.3,0,horizontal environmental reference,E,88.6,"sun low 1° (E) — face E, lift torso ~89° toward the sun if comfortable",100.0,False,,,50.0,0.9,0.9,,not specified,Environmental scores are skin-type independent.,not personalized,0.9
2026-10-05T07:00,deterministic,best_match,83.4,21,39.4,78.7,59.3,1009.3,999.5,79199.48,0,0,0,0,0,6,0.0,0.0,0.0,0.0,5.1,2,3.1,0.0,0.0,0.0,1,0.0,9.7,0.0,17191.602,0.0,13.5,0.0,0.006,3.08,0.0,0.0,0.0,0.0,0.8,0.0,0.0,0.0,0.0,21.1,24,25,8,6,22,0,0,0,0,0,2493.438,4901.575,10305.118,19274.934,31723.604,America/Los_Angeles,34.03202,-118.52633,86.0,53.86662483215332,,,0.0,0.0,,,,,0.0,0.0,0.0,25.0,0.0,0.0,0.75,,,,,,,,,,,,,,,,,2026-10-05 14:00:00+00:00,88.7532317863089,1.2467682136910987,96.49082318061795,0.5115720684552582,1.387749777387679,0.4813767244841573,0.0,0.0,0.0,,0,28.55555555555556,21,99.95,,2026-09-22T00:00Z,,,,,0.2,0.656,0.0097,nasa_power_ml_plus_cams_spectral,0.3,low,0.4,3.2,poor locally,32.5,80.8,49.4,49.4,False,21,59.3,5.1,6,horizontal environmental reference,E,88.8,"sun low 1° (E) — face E, lift torso ~89° toward the sun if comfortable",98.1,False,,,50.0,0.9,0.9,,not specified,Environmental scores are skin-type independent.,not personalized,0.9
2026-10-02T07:00,deterministic,best_match,74.9,32,43.1,71.1,57.3,1009.3,999.4,79199.48,0,0,0,0,0,1,0.0,0.0,0.0,0.0,5.0,333,4.3,0.0,0.0,0.0,1,0.0,9.5,0.0,17421.26,49.213,14.2,0.0,0.004,2.01,0.0,0.0,0.0,0.0,1.7,0.0,0.0,0.0,0.0,32.0,81,34,18,10,24,0,0,0,0,0,2447.507,4799.869,10180.446,19160.106,31596.606,America/Los_Angeles,34.03202,-118.52633,86.0,53.86662483215332,,,0.0,0.0,,,,,0.0,0.0,0.0,81.0,0.0,0.0,0.75,,,,,,,,,,,,,,,,,2026-10-02 14:00:00+00:00,88.3351379479024,1.6648620520975976,95.40438622302463,1.0914092085429572,3.093223473159618,1.00154105825306,0.0,0.0,0.0,0.0,0,23.83333333333334,32,99.94,,2026-09-22T00:00Z,,,,,0.2,0.307,0.0,nasa_power_ml_plus_cams_spectral,0.2,low,0.0,0.0,poor locally,33.2,65.4,44.5,44.5,False,32,57.3,5.0,1,horizontal environmental reference,E,88.3,"sun low 2° (E) — face E, lift torso ~88° toward the sun if comfortable",99.8,False,,,50.0,0.5,0.5,,not specified,Environmental scores are skin-type independent.,not personalized,0.5
2026-09-27T07:00,deterministic,best_match,73.3,52,54.6,74.2,61.7,1011.5,1001.5,79199.48,1,24,0,24,0,1,0.0,0.0,0.0,0.0,1.3,270,0.7,0.0,0.0,0.0,1,0.0,5.6,0.0,14862.205,16.404,15.2,0.0,0.001,1.34,0.0,0.0,0.0,0.0,4.2,0.0,0.0,0.0,0.0,49.7,30,19,8,7,14,0,0,0,0,0,2536.089,4914.698,10249.344,19091.208,31437.854,America/Los_Angeles,34.03202,-118.52633,86.0,53.86662483215332,,,0.0,0.0,,,,,0.0,0.0,0.0,30.0,0.0,0.0,0.75,,,,,,,,,,,,,,,,,2026-09-27 14:00:00+00:00,87.6390881539349,2.3609118460650933,93.5672040839097,2.8079479778889174,8.574643174944686,2.4547239085208976,0.0,0.0,0.0,0.0,24,22.944444444444443,52,100.15,,2026-09-22T00:00Z,,,,,0.2,0.252,0.0,nasa_power_ml_plus_cams_spectral,0.1,low,0.0,0.0,poor locally,27.1,65.9,40.7,40.7,False,52,61.7,1.3,1,horizontal environmental reference,E,87.6,"sun low 2° (E) — face E, lift torso ~88° toward the sun if comfortable",99.8,False,,,50.0,0.5,0.5,,not specified,Environmental scores are skin-type independent.,not personalized,0.5
2026-09-28T07:00,deterministic,best_match,71.8,57,55.7,72.5,61.7,1009.5,999.5,79199.48,2,57,0,57,0,3,0.0,0.0,0.0,0.0,2.5,180,2.9,0.0,0.0,0.0,1,0.0,13.5,0.0,16338.583,557.743,21.5,0.0,0.002,1.14,0.0,0.0,0.0,0.0,3.6,0.0,0.0,0.0,0.0,46.2,43,26,2,6,16,0,0,0,0,0,2463.911,4826.116,10144.357,19058.398,31448.438,America/Los_Angeles,34.03202,-118.52633,86.0,53.86662483215332,,,0.0,0.0,,,,,0.0,0.0,0.0,43.0,0.0,0.0,0.75,,,,,,,,,,,,,,,,,2026-09-28 14:00:00+00:00,87.77803071097301,2.221969289026993,93.93667718057856,2.381834529015478,7.176812284295064,2.103582626587831,0.0,0.0,0.0,0.0,57,22.11111111111111,57,99.95,,2026-09-22T00:00Z,,,,,0.2,0.211,0.0,nasa_power_ml_plus_cams_spectral,0.1,low,0.0,0.0,poor locally,29.2,64.2,41.4,41.4,False,57,61.7,2.5,3,horizontal environmental reference,E,87.8,"sun low 2° (E) — face E, lift torso ~88° toward the sun if comfortable",99.2,False,,,50.0,0.5,0.5,,not specified,Environmental scores are skin-type independent.,not personalized,0.5
2026-09-29T07:00,deterministic,best_match,67.4,73,58.4,67.0,61.4,1006.5,996.5,79199.48,0,0,0,0,0,1,0.0,0.0,0.0,0.0,7.4,134,3.8,0.0,0.0,0.0,1,0.0,15.6,0.0,16633.857,2083.333,20.2,0.0,0.002,0.62,0.0,0.0,0.0,0.0,3.1,0.0,0.0,0.0,0.0,42.7,18,17,2,11,32,0,0,0,0,0,2411.417,4806.431,10177.165,19120.734,31527.814,America/Los_Angeles,34.03202,-118.52633,86.0,53.86662483215332,,,0.0,0.0,,,,,0.0,0.0,0.0,32.0,0.0,0.0,0.75,,,,,,,,,,,,,,,,,2026-09-29 14:00:00+00:00,87.9171329496933,2.0828670503067066,94.30526104395642,1.9983529293063198,5.935788394527532,1.7826174033914104,0.0,0.0,0.0,0.0,0,19.66666666666667,73,99.65,,2026-09-22T00:00Z,,,,,0.2,0.244,0.0,nasa_power_ml_plus_cams_spectral,0.1,low,0.0,0.0,poor locally,31.7,63.6,42.9,42.9,False,73,61.4,7.4,1,horizontal environmental reference,E,87.9,"sun low 2° (E) — face E, lift torso ~88° toward the sun if comfortable",98.0,False,,cold,50.0,0.5,0.5,,not specified,Environmental scores are skin-type independent.,not personalized,0.5
2026-09-30T07:00,deterministic,best_match,67.4,74,58.8,69.4,61.6,1005.4,995.4,79199.48,0,0,0,0,0,2,0.0,0.0,0.0,0.0,2.1,148,2.0,0.0,0.0,0.0,1,0.0,12.2,0.0,16568.242,885.827,18.7,0.0,0.001,0.59,0.0,0.0,0.0,0.0,2.6,0.0,0.0,0.0,0.0,39.2,23,40,26,7,8,0,0,0,0,0,2395.013,4809.712,10196.851,19117.456,31564.856,America/Los_Angeles,34.03202,-118.52633,86.0,53.86662483215332,,,0.0,0.0,,,,,0.0,0.0,0.0,40.0,0.0,0.0,0.75,,,,,,,,,,,,,,,,,2026-09-30 14:00:00+00:00,88.05637340054986,1.943626599450146,94.67282726141963,1.6564168917251565,4.846253122108196,1.492050508761204,0.0,0.0,0.0,0.0,0,19.66666666666667,74,99.53999999999999,,2026-09-22T00:00Z,,,,,0.2,0.225,0.0,nasa_power_ml_plus_cams_spectral,0.1,low,0.0,0.0,poor locally,32.8,70.4,46.0,46.0,False,74,61.6,2.1,2,horizontal environmental reference,E,88.1,"sun low 2° (E) — face E, lift torso ~88° toward the sun if comfortable",97.7,False,,cold,50.0,0.5,0.5,,not specified,Environmental scores are skin-type independent.,not personalized,0.5
2026-10-01T07:00,deterministic,best_match,71.1,48,50.4,70.3,58.8,1008.6,998.6,79199.48,0,0,0,0,0,4,0.0,0.0,0.0,0.0,2.2,307,14.3,0.0,0.0,0.0,1,0.0,7.2,0.0,16961.944,32.808,12.2,0.0,0.002,1.35,0.0,0.0,0.0,0.0,2.1,0.0,0.0,0.0,0.0,35.6,62,14,8,6,8,0,0,0,0,0,2437.664,4816.273,10180.446,19130.578,31612.478,America/Los_Angeles,34.03202,-118.52633,86.0,53.86662483215332,,,0.0,0.0,,,,,0.0,0.0,0.0,62.0,0.0,0.0,0.75,,,,,,,,,,,,,,,,,2026-10-01 14:00:00+00:00,88.1957218309148,1.8042781690852003,95.03924598939773,1.3546573646648816,3.9014506620955474,1.2318186678998242,0.0,0.0,0.0,0.0,0,21.72222222222222,48,99.86,,2026-09-22T00:00Z,,,,,0.2,0.298,0.0,nasa_power_ml_plus_cams_spectral,0.1,low,0.0,0.0,poor locally,31.4,73.9,46.3,46.3,False,48,58.8,2.2,4,horizontal environmental reference,E,88.2,"sun low 2° (E) — face E, lift torso ~88° toward the sun if comfortable",98.8,False,,,50.0,0.5,0.5,,not specified,Environmental scores are skin-type independent.,not personalized,0.5
2026-10-03T07:00,deterministic,best_match,76.9,29,42.2,73.7,57.8,1010.5,1000.6,79199.48,0,0,0,0,0,2,0.0,0.0,0.0,0.0,3.0,343,2.2,0.0,0.0,0.0,1,0.0,14.0,0.0,17716.536,0.0,14.1,0.0,0.003,2.24,0.0,0.0,0.0,0.0,1.4,0.0,0.0,0.0,0.0,28.4,16,12,6,7,16,0,0,0,0,0,2532.808,4950.788,10347.77,19350.394,31802.978,America/Los_Angeles,34.03202,-118.52633,86.0,53.86662483215332,,,0.0,0.0,,,,,0.0,0.0,0.0,16.0,0.0,0.0,0.75,,,,,,,,,,,,,,,,,2026-10-03 14:00:00+00:00,88.47457080718002,1.5254291928199917,95.76811643921121,0.8647043909691252,2.4121025514182914,0.8004927333405791,0.0,0.0,0.0,0.0,0,24.94444444444445,29,100.06,,2026-09-22T00:00Z,,,,,0.2,0.292,0.0,nasa_power_ml_plus_cams_spectral,0.1,low,0.0,0.0,poor locally,32.6,75.7,47.7,47.7,False,29,57.8,3.0,2,horizontal environmental reference,E,88.5,"sun low 2° (E) — face E, lift torso ~88° toward the sun if comfortable",99.5,False,,,50.0,0.5,0.5,,not specified,Environmental scores are skin-type independent.,not personalized,0.5
2026-09-23T07:00,deterministic,best_match,60.7,84,55.8,60.6,57.3,1011.5,1001.3,45275.588,0,10,10,0,0,0,0.0,0.0,0.0,0.0,4.5,63,4.7,0.0,0.0,0.0,1,0.0,5.5,0.0,14796.588,213.255,20.8,0.0,0.001,0.29,0.0,0.0,0.0,0.0,6.8,0.0,0.0,0.0,0.0,63.5,30,25,31,11,12,0,0,0,0,0,2542.651,4957.349,10318.241,19140.42,31395.52,America/Los_Angeles,34.03202,-118.52633,86.0,53.86662483215332,,,0.0,0.0,,,,,0.0,0.0,0.0,31.0,0.0,0.0,0.75,39.9,38.0,238.0,489.0,58.0,3.8,0.0,1710.0,0.18,1.0,0.05,0.05,71.0,71.0,22.0,0.0,2026-09-23 14:00:00+00:00,87.0851404204818,2.914859579518197,92.08295061827675,4.951507254508575,15.791270982937604,4.14849025581582,0.0,0.0,0.0,0.0,10,15.944444444444446,84,100.13,0.18,2026-09-22T00:00Z,0.2434954,0.22700422,283.24362,0.16422045,0.16422045,0.005,0.0,nasa_power_ml_plus_cams_spectral,0.0,low,0.0,0.0,poor locally,34.3,67.7,46.0,46.0,False,84,57.3,4.5,0,horizontal environmental reference,E,87.1,"sun low 3° (E) — face E, lift torso ~87° toward the sun if comfortable",77.7,False,,cold,50.0,0.5,0.4,,not specified,Environmental scores are skin-type independent.,not personalized,0.4
