time,source,model,temperature_1000hPa,relative_humidity_1000hPa,dew_point_1000hPa,cloud_cover_1000hPa,vertical_velocity_1000hPa,geopotential_height_1000hPa,temperature_925hPa,relative_humidity_925hPa,dew_point_925hPa,cloud_cover_925hPa,vertical_velocity_925hPa,geopotential_height_925hPa,temperature_850hPa,relative_humidity_850hPa,dew_point_850hPa,cloud_cover_850hPa,vertical_velocity_850hPa,geopotential_height_850hPa,temperature_700hPa,relative_humidity_700hPa,dew_point_700hPa,cloud_cover_700hPa,vertical_velocity_700hPa,geopotential_height_700hPa,temperature_600hPa,relative_humidity_600hPa,dew_point_600hPa,cloud_cover_600hPa,vertical_velocity_600hPa,geopotential_height_600hPa,temperature_500hPa,relative_humidity_500hPa,dew_point_500hPa,cloud_cover_500hPa,vertical_velocity_500hPa,geopotential_height_500hPa,temperature_400hPa,relative_humidity_400hPa,dew_point_400hPa,cloud_cover_400hPa,vertical_velocity_400hPa,geopotential_height_400hPa,temperature_300hPa,relative_humidity_300hPa,dew_point_300hPa,cloud_cover_300hPa,vertical_velocity_300hPa,geopotential_height_300hPa,timezone,latitude_grid,longitude_grid,elevation_m,generationtime_ms
2026-09-22T00:00,pressure_profile,best_match,68.0,77,60.5,0,-0.05,360.892,60.0,90,57.0,24,-0.04,2559.055,59.6,55,43.4,0,-0.04,4911.418,44.3,36,18.7,0,-0.02,10236.221,28.4,36,4.9,0,-0.02,14314.305,13.9,7,-38.7,0,-0.01,18996.062,-5.2,15,-41.1,0,-0.01,24521.24,-32.8,2,-92.1,0,0.0,31268.522,America/Los_Angeles,34.03202,-118.52633,86.0,88.20927143096924
2026-09-22T01:00,pressure_profile,best_match,68.2,74,59.6,0,-0.05,360.892,59.4,91,56.7,27,-0.04,2559.055,59.4,53,42.2,0,-0.04,4908.137,44.1,33,17.0,0,-0.02,10232.939,29.0,29,0.5,0,-0.02,14314.305,13.5,9,-35.8,0,-0.01,18992.784,-5.2,17,-39.3,0,-0.01,24517.19,-32.8,2,-92.1,0,0.0,31263.228,America/Los_Angeles,34.03202,-118.52633,86.0,88.20927143096924
2026-09-22T02:00,pressure_profile,best_match,68.0,73,59.0,0,-0.04,357.612,59.2,91,56.5,27,-0.03,2555.775,59.4,52,41.7,0,-0.03,4901.575,44.6,31,15.9,0,-0.02,10229.659,29.3,23,-4.4,0,-0.02,14314.305,14.8,9,-34.8,0,-0.01,18996.062,-4.7,17,-38.8,0,0.0,24533.392,-32.8,4,-83.0,0,0.0,31279.106,America/Los_Angeles,34.03202,-118.52633,86.0,88.20927143096924
2026-09-22T03:00,pressure_profile,best_match,68.0,74,59.4,0,-0.03,357.612,59.0,91,56.3,27,-0.03,2555.775,58.7,57,43.5,0,-0.02,4901.575,44.3,23,9.1,0,-0.01,10219.816,28.7,18,-10.1,0,-0.01,14304.462,13.9,9,-35.5,0,-0.01,18979.658,-5.2,17,-39.3,0,-0.01,24509.088,-33.7,4,-83.6,0,0.0,31247.354,America/Los_Angeles,34.03202,-118.52633,86.0,88.20927143096924
2026-09-22T04:00,pressure_profile,best_match,67.8,73,58.9,0,-0.03,357.612,58.8,93,56.8,36,-0.03,2552.494,58.5,54,41.9,0,-0.02,4898.294,44.3,22,8.0,0,-0.02,10219.816,29.3,16,-11.1,0,-0.01,14301.182,14.4,9,-35.2,0,-0.01,18982.94,-6.4,20,-37.1,0,0.0,24509.088,-34.6,6,-78.8,0,0.0,31236.772,America/Los_Angeles,34.03202,-118.52633,86.0,88.20927143096924
2026-09-22T05:00,pressure_profile,best_match,67.5,73,58.5,0,-0.03,351.05,58.4,94,56.7,41,-0.02,2545.932,58.3,52,40.7,0,-0.02,4888.452,44.3,23,9.1,0,-0.01,10209.974,29.7,14,-14.1,0,-0.01,14294.619,13.9,10,-32.7,0,-0.01,18976.378,-7.5,25,-34.1,0,0.0,24492.888,-35.5,6,-79.5,0,0.0,31205.02,America/Los_Angeles,34.03202,-118.52633,86.0,88.20927143096924
2026-09-22T06:00,pressure_profile,best_match,66.9,74,58.4,0,-0.03,357.612,58.4,96,57.2,52,-0.03,2552.494,59.2,49,40.0,0,-0.02,4898.294,44.6,26,11.4,0,-0.02,10226.378,30.3,13,-15.5,0,-0.01,14311.023,13.9,7,-38.7,0,-0.01,18999.344,-8.1,23,-35.8,0,0.0,24505.04,-36.4,4,-85.7,0,0.0,31210.312,America/Los_Angeles,34.03202,-118.52633,86.0,88.20927143096924
2026-09-22T07:00,pressure_profile,best_match,66.6,78,59.5,0,-0.02,367.454,58.0,96,56.9,52,-0.02,2562.336,60.5,39,35.4,0,-0.02,4911.418,44.6,28,13.3,0,-0.01,10239.501,30.7,14,-13.3,0,-0.01,14330.709,13.9,4,-47.4,0,-0.01,19019.03,-7.5,17,-41.2,0,0.0,24525.292,-36.4,4,-85.7,0,0.0,31226.19,America/Los_Angeles,34.03202,-118.52633,86.0,88.20927143096924
2026-09-22T08:00,pressure_profile,best_match,66.7,79,60.0,0,-0.01,383.858,57.2,98,56.6,66,-0.01,2575.459,60.2,46,39.4,0,-0.01,4917.979,43.8,34,17.5,0,-0.01,10249.344,29.7,19,-7.9,0,0.0,14330.709,14.4,6,-42.2,0,0.0,19022.31,-7.5,12,-47.2,0,0.0,24533.392,-36.4,6,-80.2,0,0.0,31231.478,America/Los_Angeles,34.03202,-118.52633,86.0,88.20927143096924
2026-09-22T09:00,pressure_profile,best_match,67.5,75,59.3,0,0.01,380.577,57.0,98,56.4,66,0.01,2572.179,61.5,43,38.8,0,0.01,4921.26,43.8,36,18.2,0,0.01,10259.187,29.7,28,0.1,0,0.0,14337.271,14.4,9,-35.2,0,0.0,19032.152,-6.9,15,-42.5,0,0.0,24545.542,-37.3,8,-76.9,0,0.0,31242.064,America/Los_Angeles,34.03202,-118.52633,86.0,88.20927143096924
2026-09-22T10:00,pressure_profile,best_match,68.7,74,60.1,0,0.01,374.016,58.4,92,56.1,32,-0.02,2568.898,63.1,41,39.0,0,-0.05,4927.822,43.5,38,19.4,0,-0.03,10265.748,30.0,33,4.0,0,-0.04,14343.832,14.8,7,-38.1,0,-0.04,19041.994,-7.5,18,-39.6,0,0.01,24553.644,-38.2,18,-65.9,0,0.0,31247.354,America/Los_Angeles,34.03202,-118.52633,86.0,88.20927143096924
2026-09-22T11:00,pressure_profile,best_match,70.2,71,60.3,0,0.03,341.207,60.7,83,55.5,0,0.0,2542.651,64.4,34,35.4,0,-0.04,4911.418,43.5,39,20.1,0,0.01,10249.344,31.0,26,0.3,0,-0.02,14337.271,14.8,7,-38.1,0,-0.03,19038.714,-7.5,15,-43.0,0,0.01,24549.594,-39.1,26,-61.1,0,0.0,31242.064,America/Los_Angeles,34.03202,-118.52633,86.0,88.20927143096924
2026-09-22T12:00,pressure_profile,best_match,71.1,71,61.2,0,0.05,347.769,63.3,75,55.2,0,0.01,2555.775,65.0,33,35.2,0,-0.05,4931.103,43.5,40,20.8,0,0.0,10272.31,31.7,23,-2.4,0,-0.02,14360.236,14.8,7,-38.1,0,-0.05,19064.96,-7.5,15,-43.0,0,-0.01,24577.946,-39.1,26,-61.1,0,-0.01,31268.522,America/Los_Angeles,34.03202,-118.52633,86.0,88.20927143096924
2026-09-22T13:00,pressure_profile,best_match,70.9,75,62.6,0,0.04,331.365,65.1,70,55.1,0,-0.01,2542.651,65.9,32,35.2,0,-0.05,4924.541,43.5,41,21.4,0,0.0,10265.748,32.0,21,-3.3,0,-0.02,14356.955,15.2,7,-37.7,0,-0.03,19064.96,-7.5,15,-43.0,0,0.0,24581.998,-39.1,24,-62.4,0,-0.01,31268.522,America/Los_Angeles,34.03202,-118.52633,86.0,88.20927143096924
2026-09-22T14:00,pressure_profile,best_match,70.7,76,62.8,0,0.03,305.118,66.5,65,54.3,0,-0.01,2516.404,66.1,34,36.9,0,-0.02,4904.856,43.5,41,21.4,0,0.01,10249.344,32.3,19,-5.7,0,-0.02,14343.832,15.2,7,-37.7,0,-0.02,19051.838,-7.5,15,-43.0,0,0.0,24569.846,-38.2,20,-64.4,0,-0.04,31257.936,America/Los_Angeles,34.03202,-118.52633,86.0,88.20927143096924
2026-09-22T15:00,pressure_profile,best_match,70.9,77,63.3,0,0.02,298.556,68.6,60,54.2,0,-0.03,2513.123,67.0,34,37.7,0,-0.05,4908.137,44.1,39,20.6,0,-0.04,10255.905,32.7,18,-6.8,0,-0.03,14353.675,15.6,7,-37.4,0,-0.02,19061.68,-8.1,15,-43.5,0,0.0,24577.946,-37.3,10,-73.8,0,-0.04,31268.522,America/Los_Angeles,34.03202,-118.52633,86.0,88.20927143096924
2026-09-22T16:00,pressure_profile,best_match,71.6,76,63.6,0,0.02,278.871,70.6,55,53.6,0,-0.02,2496.719,67.8,33,37.7,0,-0.03,4895.013,44.3,39,20.8,0,-0.02,10249.344,32.7,18,-6.8,0,-0.01,14350.394,15.6,7,-37.4,0,-0.03,19061.68,-8.1,15,-43.5,0,-0.05,24577.946,-37.3,8,-76.9,0,-0.03,31268.522,America/Los_Angeles,34.03202,-118.52633,86.0,88.20927143096924
2026-09-22T17:00,pressure_profile,best_match,72.3,73,63.2,0,0.03,272.31,71.8,51,52.7,0,-0.01,2493.438,68.3,32,37.3,0,-0.02,4895.013,44.6,42,23.0,0,0.0,10252.625,32.3,19,-5.7,0,-0.01,14350.394,16.0,7,-37.1,0,-0.04,19064.96,-8.1,10,-50.2,0,-0.06,24586.046,-37.3,10,-73.8,0,-0.04,31279.106,America/Los_Angeles,34.03202,-118.52633,86.0,88.20927143096924
2026-09-22T18:00,pressure_profile,best_match,72.3,69,61.6,0,0.0,272.31,73.0,41,47.9,0,-0.02,2496.719,68.7,32,37.7,0,0.0,4901.575,44.6,43,23.7,0,-0.01,10262.467,32.3,19,-5.7,0,-0.03,14360.236,16.5,7,-36.8,0,-0.03,19078.084,-7.5,10,-49.8,0,-0.01,24602.25,-36.4,8,-76.2,0,-0.01,31300.27,America/Los_Angeles,34.03202,-118.52633,86.0,88.20927143096924
2026-09-22T19:00,pressure_profile,best_match,71.8,69,61.1,0,-0.02,278.871,73.9,36,45.3,0,-0.01,2503.281,69.1,32,38.0,0,0.01,4911.418,44.9,41,22.6,0,-0.02,10272.31,32.7,19,-5.4,0,-0.03,14373.359,16.5,7,-36.8,0,-0.01,19091.208,-7.5,12,-47.2,0,0.0,24614.4,-36.4,8,-76.2,0,-0.03,31316.146,America/Los_Angeles,34.03202,-118.52633,86.0,88.20927143096924
2026-09-22T20:00,pressure_profile,best_match,72.1,69,61.4,0,-0.03,288.714,74.3,38,47.1,0,0.0,2516.404,68.9,33,38.6,0,0.03,4924.541,45.1,37,20.2,0,-0.01,10288.714,33.3,15,-9.4,0,-0.03,14393.045,16.9,7,-36.5,0,-0.01,19114.174,-7.5,13,-45.0,0,-0.02,24638.704,-36.4,8,-76.2,0,-0.01,31342.604,America/Los_Angeles,34.03202,-118.52633,86.0,88.20927143096924
2026-09-22T21:00,pressure_profile,best_match,71.4,74,62.7,0,0.0,298.556,74.1,42,49.6,0,0.0,2522.966,68.7,33,38.4,0,0.0,4931.103,45.4,34,19.0,0,-0.03,10295.275,34.0,14,-10.7,0,-0.02,14406.168,16.9,7,-36.5,0,-0.04,19127.296,-8.1,13,-45.5,0,-0.07,24650.854,-36.4,8,-76.2,0,0.0,31363.772,America/Los_Angeles,34.03202,-118.52633,86.0,88.20927143096924
2026-09-22T22:00,pressure_profile,best_match,70.2,80,63.7,0,0.01,305.118,73.7,42,49.2,0,0.01,2529.528,68.9,31,37.0,0,0.0,4937.664,45.7,39,22.1,0,-0.03,10301.837,34.3,14,-10.4,0,-0.02,14416.011,17.3,7,-36.1,0,-0.06,19143.702,-7.5,12,-47.2,0,-0.07,24667.056,-36.4,10,-73.0,0,0.04,31379.644,America/Los_Angeles,34.03202,-118.52633,86.0,88.20927143096924
2026-09-22T23:00,pressure_profile,best_match,68.5,87,64.5,0,-0.01,305.118,73.0,42,48.5,0,0.0,2522.966,69.1,28,34.7,0,0.0,4931.103,45.7,36,20.0,0,-0.02,10295.275,34.0,14,-10.7,0,-0.01,14409.449,17.3,9,-32.9,0,-0.05,19133.86,-6.9,10,-49.3,0,-0.06,24663.004,-37.3,10,-73.8,0,0.01,31374.356,America/Los_Angeles,34.03202,-118.52633,86.0,88.20927143096924
2026-09-23T00:00,pressure_profile,best_match,67.8,89,64.5,0,-0.01,311.68,72.8,42,48.3,0,-0.01,2526.247,69.6,25,32.2,0,-0.01,4934.384,45.7,36,20.0,0,-0.02,10301.837,33.7,14,-10.9,0,-0.01,14412.729,17.3,9,-32.9,0,-0.04,19137.138,-6.4,8,-51.9,0,-0.06,24667.056,-37.3,10,-73.8,0,0.03,31384.938,America/Los_Angeles,34.03202,-118.52633,86.0,88.20927143096924
2026-09-23T01:00,pressure_profile,best_match,67.5,90,64.4,5,-0.02,301.837,73.1,40,47.4,0,-0.01,2519.685,69.8,25,32.4,0,-0.01,4927.822,46.0,33,18.7,0,-0.02,10295.275,34.0,14,-10.7,0,-0.01,14406.168,17.3,9,-32.9,0,-0.01,19133.86,-5.8,8,-51.4,0,-0.04,24671.106,-38.2,14,-69.7,0,0.03,31384.938,America/Los_Angeles,34.03202,-118.52633,86.0,88.20927143096924
2026-09-23T02:00,pressure_profile,best_match,67.6,87,63.6,0,-0.02,305.118,73.7,38,46.6,0,-0.01,2522.966,69.8,27,34.3,0,0.0,4934.384,45.7,36,20.0,0,-0.01,10301.837,34.0,13,-12.6,0,-0.02,14409.449,17.3,10,-30.1,0,0.0,19137.138,-5.8,8,-51.4,0,-0.02,24671.106,-38.2,14,-69.7,0,0.0,31384.938,America/Los_Angeles,34.03202,-118.52633,86.0,88.20927143096924
2026-09-23T03:00,pressure_profile,best_match,67.5,88,63.8,0,-0.01,314.961,74.3,36,45.6,0,-0.01,2532.808,69.6,26,33.2,0,0.0,4944.226,45.4,34,19.0,0,0.0,10311.68,34.0,13,-12.6,0,0.0,14419.291,16.9,10,-30.4,0,0.01,19143.702,-5.8,8,-51.4,0,-0.01,24675.156,-38.2,14,-69.7,0,0.01,31390.23,America/Los_Angeles,34.03202,-118.52633,86.0,88.20927143096924
2026-09-23T04:00,pressure_profile,best_match,66.7,87,62.7,0,-0.02,314.961,73.7,38,46.6,0,-0.01,2529.528,69.4,27,33.9,0,-0.02,4937.664,45.1,32,17.2,0,-0.01,10301.837,33.3,16,-7.8,0,-0.01,14406.168,16.9,10,-30.4,0,-0.01,19127.296,-5.8,12,-45.8,0,-0.06,24667.056,-37.3,8,-76.9,0,-0.01,31379.644,America/Los_Angeles,34.03202,-118.52633,86.0,88.20927143096924
2026-09-23T05:00,pressure_profile,best_match,66.9,86,62.6,0,-0.02,311.68,74.3,35,44.9,0,-0.01,2526.247,69.4,26,33.0,0,-0.03,4937.664,45.4,31,16.6,0,-0.01,10298.557,33.0,15,-9.7,0,0.0,14402.888,17.3,10,-30.1,0,0.01,19124.016,-5.8,12,-45.8,0,-0.02,24667.056,-38.2,8,-77.6,0,0.03,31379.644,America/Los_Angeles,34.03202,-118.52633,86.0,88.20927143096924
2026-09-23T06:00,pressure_profile,best_match,67.3,84,62.3,0,-0.02,311.68,75.5,31,42.8,0,-0.02,2529.528,69.6,25,32.2,0,-0.04,4944.226,45.1,30,15.5,0,-0.01,10305.118,33.3,14,-11.2,0,-0.01,14409.449,17.3,10,-30.1,0,-0.01,19130.578,-5.8,10,-48.4,0,-0.01,24671.106,-38.2,10,-74.5,0,0.01,31384.938,America/Los_Angeles,34.03202,-118.52633,86.0,88.20927143096924
2026-09-23T07:00,pressure_profile,best_match,67.1,84,62.1,0,-0.01,324.803,75.5,30,41.9,0,0.0,2542.651,69.8,25,32.4,0,-0.01,4957.349,45.1,31,16.4,0,0.01,10318.241,33.0,14,-11.5,0,0.01,14422.572,17.3,11,-27.6,0,0.0,19140.42,-5.8,10,-48.4,0,0.01,24683.256,-38.2,12,-71.9,0,0.0,31395.52,America/Los_Angeles,34.03202,-118.52633,86.0,88.20927143096924
2026-09-23T08:00,pressure_profile,best_match,67.1,83,61.8,0,0.0,328.084,76.1,29,41.5,0,0.0,2545.932,69.6,25,32.2,0,-0.01,4963.911,45.4,30,15.8,0,-0.02,10321.522,33.0,13,-13.4,0,-0.01,14429.134,16.9,13,-25.8,0,-0.01,19143.702,-5.8,8,-51.4,0,-0.02,24683.256,-38.2,12,-71.9,0,0.0,31395.52,America/Los_Angeles,34.03202,-118.52633,86.0,88.20927143096924
2026-09-23T09:00,pressure_profile,best_match,68.2,83,62.8,0,0.01,331.365,76.3,29,41.7,0,-0.01,2549.213,69.4,25,32.0,0,-0.01,4967.192,45.4,30,15.8,0,-0.02,10328.084,33.0,13,-13.4,0,-0.02,14432.415,16.9,13,-25.8,0,-0.03,19150.262,-5.2,8,-51.0,0,-0.02,24691.358,-38.2,12,-71.9,0,0.03,31406.106,America/Los_Angeles,34.03202,-118.52633,86.0,88.20927143096924
2026-09-23T10:00,pressure_profile,best_match,70.7,78,63.5,0,0.02,344.488,76.9,28,41.3,0,-0.01,2572.179,69.8,24,31.4,0,-0.02,4990.158,45.7,28,14.2,0,-0.03,10351.05,33.3,11,-15.2,0,-0.03,14455.381,17.3,11,-27.6,0,-0.02,19176.51,-5.2,8,-51.0,0,0.0,24719.71,-38.2,10,-74.5,0,0.03,31432.564,America/Los_Angeles,34.03202,-118.52633,86.0,88.20927143096924
2026-09-23T11:00,pressure_profile,best_match,72.3,77,64.7,0,0.04,354.331,77.3,28,41.6,0,0.0,2588.583,69.8,25,32.4,0,0.0,5003.281,45.7,26,12.3,0,0.01,10367.454,33.3,11,-15.2,0,-0.01,14471.785,17.3,11,-27.6,0,-0.02,19192.914,-5.8,10,-48.4,0,0.0,24731.862,-38.2,10,-74.5,0,0.0,31443.146,America/Los_Angeles,34.03202,-118.52633,86.0,88.20927143096924
2026-09-23T12:00,pressure_profile,best_match,72.9,77,65.2,0,0.03,354.331,77.5,28,41.8,0,-0.01,2588.583,70.0,25,32.6,0,-0.01,5006.562,45.7,26,12.3,0,0.01,10370.735,33.0,11,-15.5,0,0.0,14471.785,17.3,10,-30.1,0,-0.01,19192.914,-5.8,10,-48.4,0,-0.01,24735.914,-37.3,8,-76.9,0,0.0,31448.438,America/Los_Angeles,34.03202,-118.52633,86.0,88.20927143096924
2026-09-23T13:00,pressure_profile,best_match,72.5,77,64.9,0,0.03,344.488,77.5,28,41.8,0,-0.02,2575.459,70.2,24,31.7,0,-0.03,4996.719,45.7,23,10.3,0,-0.01,10364.173,32.7,10,-18.0,0,-0.01,14461.942,17.7,9,-32.6,0,-0.01,19183.07,-5.8,10,-48.4,0,0.0,24727.812,-38.2,10,-74.5,0,0.0,31437.854,America/Los_Angeles,34.03202,-118.52633,86.0,88.20927143096924
2026-09-23T14:00,pressure_profile,best_match,72.3,78,65.1,0,0.03,341.207,77.9,27,41.2,0,-0.03,2575.459,70.7,23,31.1,0,-0.03,4996.719,45.7,18,4.3,0,-0.02,10367.454,32.7,10,-18.0,0,-0.01,14465.224,17.7,9,-32.6,0,0.0,19186.352,-5.8,10,-48.4,0,0.02,24727.812,-38.2,10,-74.5,0,0.01,31437.854,America/Los_Angeles,34.03202,-118.52633,86.0,88.20927143096924
2026-09-23T15:00,pressure_profile,best_match,72.9,76,64.9,0,0.02,337.927,78.9,25,40.1,0,-0.01,2572.179,70.7,22,30.0,0,-0.03,4996.719,46.2,17,3.3,0,-0.03,10367.454,32.7,9,-20.6,0,-0.01,14468.504,17.7,7,-35.8,0,-0.02,19186.352,-6.4,12,-46.3,0,-0.01,24723.762,-38.2,10,-74.5,0,0.0,31432.564,America/Los_Angeles,34.03202,-118.52633,86.0,88.20927143096924
2026-09-23T16:00,pressure_profile,best_match,72.5,77,64.9,0,0.03,331.365,79.3,24,39.3,0,-0.02,2565.617,71.1,21,29.2,0,-0.04,4990.158,46.5,19,6.3,0,-0.03,10364.173,32.3,9,-20.9,0,-0.01,14465.224,17.7,6,-39.7,0,-0.01,19183.07,-6.4,12,-46.3,0,0.01,24719.71,-38.2,10,-74.5,0,0.01,31427.272,America/Los_Angeles,34.03202,-118.52633,86.0,88.20927143096924
2026-09-23T17:00,pressure_profile,best_match,70.9,84,65.8,0,0.02,331.365,78.9,26,41.1,0,0.01,2559.055,71.3,21,29.4,0,-0.01,4983.596,46.8,21,9.0,0,-0.05,10364.173,32.0,9,-21.1,0,-0.02,14465.224,17.3,6,-40.0,0,-0.01,19176.51,-6.4,12,-46.3,0,0.0,24715.662,-38.2,10,-74.5,0,0.01,31421.978,America/Los_Angeles,34.03202,-118.52633,86.0,88.20927143096924
2026-09-23T18:00,pressure_profile,best_match,69.6,86,65.2,0,0.01,334.646,77.3,30,43.4,0,0.01,2562.336,71.5,21,29.5,0,-0.02,4983.596,47.3,26,13.8,0,-0.08,10367.454,31.7,10,-18.8,0,-0.01,14471.785,17.3,6,-40.0,0,-0.01,19179.792,-6.4,12,-46.3,0,-0.07,24719.71,-37.3,8,-76.9,0,0.0,31427.272,America/Los_Angeles,34.03202,-118.52633,86.0,88.20927143096924
2026-09-23T19:00,pressure_profile,best_match,68.5,89,65.2,0,0.01,351.05,75.7,36,46.9,0,0.01,2575.459,71.5,22,30.7,0,-0.03,4993.439,47.3,28,15.7,0,-0.06,10383.858,31.3,14,-12.8,0,0.0,14488.189,16.9,6,-40.4,0,0.0,19192.914,-6.4,10,-48.9,0,-0.05,24731.862,-37.3,8,-76.9,0,0.03,31437.854,America/Los_Angeles,34.03202,-118.52633,86.0,88.20927143096924
2026-09-23T20:00,pressure_profile,best_match,67.5,91,64.7,10,0.0,367.454,74.3,43,50.4,0,0.0,2585.302,71.8,22,30.9,0,-0.01,5003.281,47.1,34,20.4,0,-0.02,10393.701,31.0,18,-8.2,0,0.0,14494.751,16.9,6,-40.4,0,-0.01,19199.474,-6.9,10,-49.3,0,-0.04,24735.914,-37.3,8,-76.9,0,0.01,31443.146,America/Los_Angeles,34.03202,-118.52633,86.0,88.20927143096924
2026-09-23T21:00,pressure_profile,best_match,66.6,93,64.5,20,0.0,383.858,73.1,46,51.1,0,0.01,2595.144,71.8,22,30.9,0,0.0,5013.124,46.8,42,25.0,0,0.0,10406.824,30.7,24,-2.1,0,0.0,14504.594,16.5,6,-40.7,0,-0.01,19206.038,-6.4,8,-51.9,0,-0.01,24739.962,-38.2,8,-77.6,0,0.01,31448.438,America/Los_Angeles,34.03202,-118.52633,86.0,88.20927143096924
2026-09-23T22:00,pressure_profile,best_match,66.4,93,64.3,20,-0.01,396.982,72.4,47,51.0,0,0.0,2604.987,71.5,22,30.7,0,0.0,5022.966,46.5,47,27.2,0,-0.02,10413.386,30.3,28,0.7,0,-0.01,14511.155,16.5,6,-40.7,0,-0.01,19212.598,-6.9,8,-52.3,0,-0.02,24744.014,-38.2,8,-77.6,0,0.0,31448.438,America/Los_Angeles,34.03202,-118.52633,86.0,88.20927143096924
2026-09-23T23:00,pressure_profile,best_match,66.4,92,64.0,15,-0.02,406.824,72.0,46,50.1,0,0.0,2614.829,71.5,22,30.7,0,0.0,5029.528,46.5,48,27.8,0,-0.02,10423.229,30.0,31,3.2,0,0.01,14517.717,16.0,4,-45.9,0,0.01,19215.878,-6.9,8,-52.3,0,-0.01,24744.014,-38.2,8,-77.6,0,0.0,31448.438,America/Los_Angeles,34.03202,-118.52633,86.0,88.20927143096924
2026-09-24T00:00,pressure_profile,best_match,66.2,93,64.1,20,-0.02,406.824,71.4,49,51.2,0,-0.01,2614.829,71.3,22,30.5,0,0.01,5029.528,46.5,50,28.9,0,-0.01,10419.947,29.0,38,6.3,0,0.0,14514.436,16.0,4,-45.9,0,-0.01,19206.038,-6.9,7,-55.9,0,-0.02,24731.862,-38.2,8,-77.6,0,-0.01,31437.854,America/Los_Angeles,34.03202,-118.52633,86.0,88.20927143096924
2026-09-24T01:00,pressure_profile,best_match,66.2,94,64.4,26,-0.01,390.42,72.4,46,50.4,0,-0.01,2598.425,70.9,22,30.1,0,0.01,5013.124,46.5,49,28.3,0,-0.02,10403.543,28.7,43,8.7,0,-0.02,14494.751,15.6,4,-46.2,0,-0.01,19183.07,-6.9,7,-55.9,0,0.01,24707.56,-37.3,8,-76.9,0,0.0,31411.396,America/Los_Angeles,34.03202,-118.52633,86.0,88.20927143096924
2026-09-24T02:00,pressure_profile,best_match,66.0,95,64.5,33,-0.01,390.42,72.6,45,50.0,0,0.0,2598.425,70.7,23,31.1,0,0.0,5013.124,46.5,48,27.8,0,-0.02,10403.543,28.7,45,10.0,0,-0.02,14494.751,15.6,3,-52.8,0,0.0,19183.07,-7.5,7,-56.3,0,0.01,24703.508,-37.3,8,-76.9,0,-0.01,31406.106,America/Los_Angeles,34.03202,-118.52633,86.0,88.20927143096924
2026-09-24T03:00,pressure_profile,best_match,66.8,91,63.9,30,0.0,366.634,72.7,44,49.1,0,-0.0,2575.459,71.0,23,31.6,0,-0.01,4990.978,46.7,45,26.5,0,0.02,10380.577,28.3,43,8.3,0,-0.0,14472.605,15.4,4,-48.3,0,0.01,19160.926,-7.8,8,-54.3,0,0.01,24678.194,-37.5,10,-74.6,0,-0.02,31384.938,America/Los_Angeles,34.03202,-118.52633,86.0,88.20927143096924
2026-09-24T04:00,pressure_profile,best_match,68.0,86,63.4,20,-0.01,342.848,73.0,43,48.7,0,-0.01,2555.775,71.5,24,32.3,0,-0.01,4970.473,46.7,44,25.7,0,0.02,10364.173,28.5,40,7.1,0,-0.01,14453.74,15.2,6,-43.8,0,-0.01,19143.702,-7.5,8,-53.0,0,-0.02,24665.032,-37.8,12,-72.3,0,-0.03,31371.708,America/Los_Angeles,34.03202,-118.52633,86.0,88.20927143096924
2026-09-24T05:00,pressure_profile,best_match,69.3,82,63.3,8,-0.0,318.242,73.7,41,48.5,0,0.0,2534.449,71.9,23,32.1,0,0.0,4950.788,46.6,43,25.2,0,0.0,10345.309,28.8,37,5.6,0,-0.01,14438.156,15.4,9,-35.3,0,0.01,19126.476,-7.2,10,-50.3,0,-0.02,24647.816,-37.3,14,-69.4,0,-0.02,31365.092,America/Los_Angeles,34.03202,-118.52633,86.0,88.20927143096924
2026-09-24T06:00,pressure_profile,best_match,70.3,79,63.5,0,0.01,298.556,73.9,40,48.1,0,0.0,2516.404,72.0,23,32.1,0,0.01,4934.384,46.8,43,25.6,0,0.0,10331.365,29.0,36,5.5,0,0.0,14425.854,15.2,10,-31.7,0,0.01,19114.174,-6.4,8,-51.9,0,-0.01,24634.652,-37.3,14,-68.9,0,0.0,31358.478,America/Los_Angeles,34.03202,-118.52633,86.0,88.20927143096924
2026-09-24T07:00,pressure_profile,best_match,70.0,80,63.5,0,0.0,308.399,74.3,39,47.8,0,-0.01,2529.528,72.0,23,32.1,0,0.0,4944.226,46.5,46,26.6,0,0.01,10341.207,29.0,36,5.5,0,0.0,14435.695,14.8,10,-32.1,0,0.01,19124.016,-6.4,7,-55.4,0,0.01,24646.802,-37.3,14,-68.9,0,0.01,31369.062,America/Los_Angeles,34.03202,-118.52633,86.0,88.20927143096924
2026-09-24T08:00,pressure_profile,best_match,71.1,76,63.1,0,0.0,321.522,74.9,37,46.9,0,-0.01,2542.651,71.8,23,32.0,0,0.02,4960.63,46.5,48,27.8,0,0.02,10354.331,29.3,35,5.0,0,-0.01,14448.819,15.2,10,-31.7,0,-0.03,19140.42,-6.4,7,-55.4,0,0.0,24658.956,-38.2,14,-69.7,0,0.0,31379.644,America/Los_Angeles,34.03202,-118.52633,86.0,88.20927143096924
2026-09-24T09:00,pressure_profile,best_match,72.9,71,62.9,0,0.01,328.084,74.9,37,46.9,0,0.0,2549.213,71.5,24,32.8,0,0.02,4967.192,46.5,43,25.4,0,0.03,10357.611,29.3,33,3.4,0,0.0,14452.1,15.2,9,-34.5,0,-0.02,19146.982,-6.9,7,-55.9,0,0.01,24667.056,-38.2,14,-69.7,0,-0.03,31390.23,America/Los_Angeles,34.03202,-118.52633,86.0,88.20927143096924
2026-09-24T10:00,pressure_profile,best_match,74.3,66,62.2,0,0.01,331.365,75.3,36,46.5,0,0.0,2555.775,71.3,24,32.7,0,0.01,4973.754,46.5,39,22.8,0,0.02,10360.893,29.7,30,2.0,0,0.01,14458.661,15.2,9,-34.5,0,-0.01,19150.262,-6.9,8,-52.3,0,0.0,24671.106,-37.3,14,-68.9,0,-0.03,31390.23,America/Los_Angeles,34.03202,-118.52633,86.0,88.20927143096924
2026-09-24T11:00,pressure_profile,best_match,75.6,64,62.5,0,0.02,331.365,75.7,34,45.4,0,-0.02,2562.336,71.3,24,32.7,0,-0.01,4977.034,46.2,42,24.5,0,0.0,10367.454,30.0,28,0.4,0,0.01,14461.942,15.2,9,-34.5,0,0.0,19156.824,-6.9,7,-55.9,0,-0.01,24679.208,-37.3,14,-68.9,0,-0.01,31400.812,America/Los_Angeles,34.03202,-118.52633,86.0,88.20927143096924
2026-09-24T12:00,pressure_profile,best_match,76.6,61,62.2,0,0.02,318.242,77.1,31,44.1,0,-0.02,2552.494,72.0,25,34.2,0,-0.02,4973.754,46.5,44,26.0,0,-0.03,10364.173,30.0,28,0.4,0,0.0,14461.942,15.2,9,-34.5,0,0.02,19153.542,-6.9,7,-55.9,0,0.0,24675.156,-37.3,14,-68.9,0,-0.03,31395.52,America/Los_Angeles,34.03202,-118.52633,86.0,88.20927143096924
2026-09-24T13:00,pressure_profile,best_match,77.2,59,61.7,0,0.02,305.118,77.5,31,44.5,0,-0.02,2542.651,72.2,26,35.4,0,-0.01,4967.192,46.8,43,25.6,0,-0.03,10360.893,30.3,28,0.7,0,-0.01,14461.942,14.8,9,-34.8,0,0.02,19150.262,-6.4,7,-55.4,0,-0.02,24671.106,-37.3,12,-71.1,0,-0.03,31390.23,America/Los_Angeles,34.03202,-118.52633,86.0,88.20927143096924
2026-09-24T14:00,pressure_profile,best_match,76.3,61,61.8,5,0.02,295.276,78.1,30,44.1,0,-0.02,2532.808,72.2,27,36.4,0,-0.01,4960.63,47.1,34,20.4,0,-0.05,10351.05,30.7,28,1.0,0,-0.02,14455.381,14.8,9,-34.8,0,0.01,19146.982,-6.4,7,-55.4,0,-0.01,24667.056,-37.3,10,-73.8,0,-0.03,31390.23,America/Los_Angeles,34.03202,-118.52633,86.0,88.20927143096924
2026-09-24T15:00,pressure_profile,best_match,76.1,63,62.6,5,0.02,282.152,79.4,26,41.6,0,-0.02,2522.966,72.4,27,36.5,0,0.0,4950.788,47.9,27,15.2,0,-0.03,10344.488,31.0,26,0.3,0,0.0,14455.381,14.8,9,-34.8,0,-0.01,19143.702,-6.4,7,-55.4,0,-0.01,24671.106,-37.3,8,-76.9,0,0.01,31390.23,America/Los_Angeles,34.03202,-118.52633,86.0,88.20927143096924
2026-09-24T16:00,pressure_profile,best_match,75.9,65,63.3,0,0.02,272.31,79.6,26,41.7,0,-0.02,2513.123,72.4,29,38.4,0,-0.01,4940.945,48.2,27,15.4,0,-0.05,10341.207,31.3,26,0.6,0,0.0,14448.819,14.8,9,-34.8,0,0.01,19140.42,-6.4,7,-55.4,0,0.0,24667.056,-36.4,8,-76.2,0,-0.01,31390.23,America/Los_Angeles,34.03202,-118.52633,86.0,88.20927143096924
2026-09-24T17:00,pressure_profile,best_match,77.2,62,63.2,0,0.02,259.186,80.6,25,41.6,0,0.0,2506.562,72.6,29,38.5,0,0.0,4934.384,48.2,31,19.0,0,-0.06,10337.927,31.0,26,0.3,0,-0.01,14448.819,14.4,10,-32.4,0,0.0,19137.138,-6.4,5,-59.9,0,-0.01,24663.004,-36.4,8,-76.2,0,-0.03,31390.23,America/Los_Angeles,34.03202,-118.52633,86.0,88.20927143096924
2026-09-24T18:00,pressure_profile,best_match,75.4,66,63.2,0,0.03,269.029,78.7,32,46.3,0,0.03,2509.843,72.2,28,37.3,0,0.03,4934.384,48.2,44,27.5,0,-0.04,10337.927,31.0,25,-0.8,0,-0.02,14448.819,14.8,9,-34.8,0,-0.02,19140.42,-5.8,5,-59.5,0,-0.02,24667.056,-35.5,6,-79.5,0,-0.01,31400.812,America/Los_Angeles,34.03202,-118.52633,86.0,88.20927143096924
2026-09-24T19:00,pressure_profile,best_match,72.5,75,64.1,0,0.03,282.152,77.7,35,47.9,0,0.03,2513.123,71.8,28,36.9,0,0.02,4937.664,47.6,54,32.0,0,-0.02,10337.927,31.3,25,-0.5,0,-0.02,14448.819,15.6,9,-34.2,0,-0.03,19143.702,-5.8,3,-65.7,0,-0.06,24679.208,-35.5,8,-75.5,0,-0.03,31411.396,America/Los_Angeles,34.03202,-118.52633,86.0,88.20927143096924
2026-09-24T20:00,pressure_profile,best_match,72.0,76,64.0,0,0.02,295.276,76.7,38,49.2,0,0.01,2522.966,71.3,28,36.5,0,0.01,4944.226,47.6,54,32.0,0,-0.01,10344.488,31.7,24,-1.3,0,0.0,14455.381,16.0,9,-33.9,0,-0.03,19153.542,-4.7,5,-58.7,0,-0.02,24695.408,-33.7,10,-70.9,0,-0.04,31437.854,America/Los_Angeles,34.03202,-118.52633,86.0,88.20927143096924
2026-09-24T21:00,pressure_profile,best_match,71.8,77,64.2,0,0.02,311.68,76.3,39,49.5,0,0.01,2536.089,71.1,28,36.3,0,0.0,4957.349,47.3,54,31.7,0,-0.02,10354.331,31.3,24,-1.6,0,0.0,14461.942,16.5,9,-33.5,0,-0.02,19160.106,-4.7,5,-58.7,0,-0.02,24711.61,-33.7,46,-47.1,0,0.0,31459.022,America/Los_Angeles,34.03202,-118.52633,86.0,88.20927143096924
2026-09-24T22:00,pressure_profile,best_match,71.6,77,64.0,0,0.01,305.118,76.1,39,49.4,0,0.0,2532.808,71.3,27,35.6,0,-0.02,4950.788,47.1,54,31.5,0,-0.03,10351.05,31.7,24,-1.3,0,-0.01,14461.942,16.9,7,-36.5,0,-0.01,19166.666,-4.7,5,-58.7,0,0.0,24723.762,-32.8,40,-48.6,0,0.0,31469.606,America/Los_Angeles,34.03202,-118.52633,86.0,88.20927143096924
2026-09-24T23:00,pressure_profile,best_match,71.4,77,63.8,0,0.01,308.399,74.7,42,50.1,0,0.01,2529.528,71.3,27,35.6,0,0.0,4947.507,46.8,59,33.2,0,0.0,10344.488,31.3,25,-0.5,0,0.01,14455.381,17.3,7,-36.1,0,-0.03,19163.386,-4.7,5,-58.7,0,-0.02,24719.71,-33.7,24,-57.6,0,-0.03,31474.894,America/Los_Angeles,34.03202,-118.52633,86.0,88.20927143096924
2026-09-25T00:00,pressure_profile,best_match,71.2,77,63.7,0,0.01,311.68,73.7,43,49.9,0,0.0,2529.528,70.9,27,35.2,0,0.01,4944.226,46.5,63,34.7,0,0.04,10337.927,31.0,25,-0.8,0,0.05,14442.258,17.3,7,-36.1,0,0.01,19153.542,-4.7,5,-58.7,0,-0.01,24711.61,-32.8,18,-61.3,0,-0.04,31469.606,America/Los_Angeles,34.03202,-118.52633,86.0,88.20927143096924
2026-09-25T01:00,pressure_profile,best_match,71.1,77,63.5,0,0.01,305.118,73.9,41,48.8,0,0.0,2526.247,70.9,26,34.3,0,0.0,4940.945,46.2,63,34.5,0,0.01,10334.646,30.7,26,-0.0,0,0.01,14435.695,17.3,6,-40.0,0,0.0,19146.982,-4.7,8,-50.5,0,0.02,24703.508,-31.9,20,-58.9,0,-0.03,31464.312,America/Los_Angeles,34.03202,-118.52633,86.0,88.20927143096924
2026-09-25T02:00,pressure_profile,best_match,70.9,77,63.3,0,0.0,301.837,73.7,40,47.9,0,0.01,2519.685,70.7,26,34.1,0,0.01,4934.384,46.0,59,32.4,0,0.0,10324.804,31.0,26,0.3,0,-0.03,14422.572,17.7,6,-39.7,0,-0.01,19143.702,-4.7,15,-40.6,0,0.02,24695.408,-32.8,26,-55.6,0,-0.01,31464.312,America/Los_Angeles,34.03202,-118.52633,86.0,88.20927143096924
2026-09-25T03:00,pressure_profile,best_match,70.7,77,63.1,0,0.0,301.837,73.0,41,47.9,0,0.01,2519.685,70.2,26,33.7,0,0.0,4931.103,46.2,47,26.9,0,0.0,10318.241,31.3,24,-1.6,0,-0.01,14419.291,17.7,6,-39.7,0,0.01,19140.42,-4.7,18,-37.1,0,-0.01,24691.358,-32.8,34,-51.3,0,-0.03,31464.312,America/Los_Angeles,34.03202,-118.52633,86.0,88.20927143096924
2026-09-25T04:00,pressure_profile,best_match,70.7,77,63.1,0,0.01,305.118,72.4,42,48.0,0,0.01,2522.966,70.0,26,33.5,0,0.03,4927.822,46.5,38,22.1,0,0.02,10314.961,31.7,21,-3.6,0,0.01,14416.011,17.3,6,-40.0,0,0.01,19137.138,-5.2,27,-30.9,0,-0.01,24687.308,-32.8,62,-41.2,0,-0.06,31459.022,America/Los_Angeles,34.03202,-118.52633,86.0,88.20927143096924
2026-09-25T05:00,pressure_profile,best_match,70.2,78,63.0,0,0.01,314.961,71.6,43,47.9,0,0.0,2529.528,69.4,27,33.9,0,0.0,4934.384,46.2,36,20.4,0,-0.01,10314.961,32.0,16,-8.9,0,-0.01,14412.729,17.7,6,-39.7,0,0.01,19137.138,-5.2,37,-25.0,0,-0.04,24691.358,-32.8,88,-35.1,10,-0.03,31464.312,America/Los_Angeles,34.03202,-118.52633,86.0,88.20927143096924
2026-09-25T06:00,pressure_profile,best_match,70.0,78,62.8,0,0.0,321.522,71.6,43,47.9,0,0.0,2536.089,68.9,27,33.6,0,0.01,4940.945,46.2,34,19.7,0,0.02,10318.241,32.0,14,-12.3,0,0.01,14416.011,18.1,6,-39.4,0,0.02,19140.42,-4.7,48,-19.3,0,-0.04,24695.408,-31.9,68,-38.8,0,-0.01,31469.606,America/Los_Angeles,34.03202,-118.52633,86.0,88.20927143096924
2026-09-25T07:00,pressure_profile,best_match,70.0,77,62.4,0,0.0,324.803,73.0,38,45.9,0,-0.02,2542.651,69.4,26,33.0,0,-0.03,4950.788,46.0,34,19.5,0,-0.04,10328.084,32.7,10,-18.0,0,-0.04,14425.854,18.1,6,-39.4,0,0.03,19150.262,-5.2,62,-15.0,0,0.0,24703.508,-31.9,70,-38.2,0,-0.01,31480.188,America/Los_Angeles,34.03202,-118.52633,86.0,88.20927143096924
2026-09-25T08:00,pressure_profile,best_match,71.2,73,62.1,0,0.0,334.646,72.6,39,46.2,0,0.01,2552.494,69.1,26,32.8,0,0.01,4957.349,46.0,32,17.9,0,0.0,10331.365,34.0,8,-22.5,0,-0.01,14438.977,18.1,6,-39.4,0,0.02,19166.666,-5.2,77,-10.7,0,-0.05,24715.662,-31.0,70,-37.4,0,-0.07,31496.062,America/Los_Angeles,34.03202,-118.52633,86.0,88.20927143096924
2026-09-25T09:00,pressure_profile,best_match,73.0,68,61.9,0,0.01,341.207,72.6,38,45.5,0,0.0,2562.336,69.4,25,32.0,0,-0.01,4967.192,45.7,31,16.8,0,0.0,10341.207,34.3,8,-22.3,0,0.0,14448.819,18.6,6,-39.1,0,-0.02,19179.792,-5.2,68,-13.0,0,-0.02,24731.862,-31.0,74,-36.4,0,0.0,31511.94,America/Los_Angeles,34.03202,-118.52633,86.0,88.20927143096924
2026-09-25T10:00,pressure_profile,best_match,75.0,62,61.1,0,0.01,341.207,72.8,36,44.3,0,-0.01,2565.617,69.6,24,31.2,0,-0.01,4970.473,45.7,30,16.0,0,0.01,10347.77,35.0,6,-25.2,0,0.01,14455.381,19.4,10,-28.4,0,0.0,19192.914,-5.2,70,-12.5,0,-0.04,24748.064,-31.0,70,-37.4,0,-0.01,31527.814,America/Los_Angeles,34.03202,-118.52633,86.0,88.20927143096924
2026-09-25T11:00,pressure_profile,best_match,77.0,56,60.1,0,0.01,337.927,73.9,33,43.0,0,-0.02,2568.898,70.0,23,30.5,0,-0.01,4980.315,45.7,28,14.2,0,-0.01,10354.331,35.3,6,-25.0,0,0.0,14465.224,19.4,14,-21.7,0,-0.02,19206.038,-4.7,70,-12.0,0,-0.02,24760.214,-31.0,86,-33.7,6,0.0,31538.396,America/Los_Angeles,34.03202,-118.52633,86.0,88.20927143096924
2026-09-25T12:00,pressure_profile,best_match,78.6,51,59.0,0,0.01,328.084,74.1,34,44.0,0,-0.02,2565.617,70.0,23,30.5,0,-0.02,4973.754,46.0,27,13.5,0,-0.04,10351.05,35.3,6,-25.0,0,0.0,14461.942,19.8,21,-13.5,0,-0.02,19206.038,-4.7,72,-11.5,0,-0.01,24764.266,-31.9,94,-33.0,36,0.04,31538.396,America/Los_Angeles,34.03202,-118.52633,86.0,88.20927143096924
2026-09-25T13:00,pressure_profile,best_match,79.2,50,58.9,0,0.02,314.961,74.9,34,44.7,0,-0.01,2555.775,70.7,22,30.0,0,-0.01,4967.192,46.5,21,8.8,0,-0.01,10347.77,35.3,6,-25.0,0,-0.02,14461.942,19.8,24,-11.0,0,0.0,19206.038,-4.7,68,-12.4,0,-0.01,24764.266,-31.9,100,-31.9,90,0.03,31543.688,America/Los_Angeles,34.03202,-118.52633,86.0,88.20927143096924
2026-09-25T14:00,pressure_profile,best_match,78.1,55,60.6,0,0.02,298.556,75.7,33,44.6,0,-0.02,2539.37,70.7,21,28.8,0,-0.02,4954.069,46.8,20,7.8,0,-0.01,10331.365,36.0,6,-24.5,0,-0.02,14452.1,19.8,26,-9.8,0,0.0,19196.196,-4.7,58,-15.6,0,0.0,24760.214,-31.0,90,-32.9,16,-0.01,31543.688,America/Los_Angeles,34.03202,-118.52633,86.0,88.20927143096924
2026-09-25T15:00,pressure_profile,best_match,76.5,59,61.1,0,0.02,285.433,76.1,33,44.9,0,-0.03,2526.247,71.1,21,29.2,0,-0.03,4940.945,47.1,17,4.0,0,-0.02,10321.522,36.0,6,-24.5,0,0.0,14442.258,19.8,26,-9.8,0,-0.01,19189.632,-4.1,53,-16.8,0,-0.02,24756.166,-31.0,90,-32.9,6,-0.01,31533.104,America/Los_Angeles,34.03202,-118.52633,86.0,88.20927143096924
2026-09-25T16:00,pressure_profile,best_match,76.1,60,61.2,3,0.02,275.591,77.5,28,41.8,0,-0.02,2513.123,71.3,20,28.2,0,-0.02,4934.384,47.1,16,2.5,0,-0.01,10311.68,36.0,6,-24.5,0,-0.01,14435.695,20.2,27,-8.4,0,-0.01,19186.352,-4.1,47,-19.4,0,-0.02,24756.166,-30.1,62,-38.6,0,0.0,31538.396,America/Los_Angeles,34.03202,-118.52633,86.0,88.20927143096924
2026-09-25T17:00,pressure_profile,best_match,75.0,62,61.1,5,0.02,265.748,78.5,25,39.7,0,-0.02,2506.562,71.3,20,28.2,0,-0.03,4924.541,47.6,13,-0.4,0,-0.02,10305.118,36.3,6,-24.3,0,-0.01,14432.415,20.2,27,-8.4,0,-0.01,19183.07,-4.1,40,-22.4,0,-0.02,24756.166,-30.1,62,-38.6,0,0.0,31538.396,America/Los_Angeles,34.03202,-118.52633,86.0,88.20927143096924
2026-09-25T18:00,pressure_profile,best_match,74.8,63,61.4,0,0.01,269.029,78.5,24,38.7,0,-0.01,2509.843,71.3,20,28.2,0,-0.02,4931.103,48.2,11,-3.8,0,-0.03,10308.399,36.6,6,-24.0,0,0.0,14438.977,20.2,27,-8.4,0,0.01,19192.914,-4.1,30,-27.8,0,-0.02,24764.266,-30.1,60,-39.2,0,-0.01,31554.274,America/Los_Angeles,34.03202,-118.52633,86.0,88.20927143096924
2026-09-25T19:00,pressure_profile,best_match,74.5,65,61.9,0,0.01,275.591,78.1,26,40.4,0,0.01,2516.404,71.1,20,28.0,0,0.02,4934.384,48.2,10,-6.0,0,0.0,10314.961,36.6,5,-28.2,0,-0.02,14445.538,20.7,27,-8.0,0,-0.02,19199.474,-3.5,28,-28.3,0,0.01,24776.418,-30.1,74,-35.5,0,0.0,31564.856,America/Los_Angeles,34.03202,-118.52633,86.0,88.20927143096924
2026-09-25T20:00,pressure_profile,best_match,74.7,65,62.1,0,0.01,288.714,77.3,28,41.6,0,0.0,2529.528,70.5,21,28.6,0,0.02,4947.507,48.2,10,-6.0,0,0.0,10321.522,37.0,5,-27.9,0,-0.01,14452.1,20.7,26,-9.1,0,0.01,19209.318,-2.9,32,-25.7,0,-0.02,24788.568,-30.1,70,-36.5,2,-0.03,31580.73,America/Los_Angeles,34.03202,-118.52633,86.0,88.20927143096924
2026-09-25T21:00,pressure_profile,best_match,74.7,64,61.7,0,0.01,301.837,76.7,31,43.8,0,0.02,2542.651,69.8,22,29.2,0,0.03,4957.349,48.2,10,-6.0,0,0.01,10328.084,37.3,5,-27.7,0,0.0,14461.942,20.7,24,-10.3,0,0.0,19222.442,-2.9,37,-23.0,0,-0.05,24800.718,-29.2,34,-48.0,0,-0.04,31596.606,America/Los_Angeles,34.03202,-118.52633,86.0,88.20927143096924
2026-09-25T22:00,pressure_profile,best_match,73.6,67,61.9,0,0.01,308.399,76.1,33,44.9,0,0.01,2545.932,69.4,23,30.0,0,0.01,4957.349,48.4,9,-8.2,0,0.01,10328.084,38.0,5,-27.2,0,-0.01,14461.942,20.7,20,-14.1,0,0.01,19225.722,-2.9,35,-23.9,0,0.0,24804.77,-29.2,52,-40.8,0,-0.03,31607.19,America/Los_Angeles,34.03202,-118.52633,86.0,88.20927143096924
2026-09-25T23:00,pressure_profile,best_match,73.0,69,62.3,0,0.01,311.68,75.1,34,44.8,0,0.01,2542.651,69.4,23,30.0,0,0.0,4954.069,48.4,9,-8.2,0,0.01,10321.522,38.3,5,-27.0,0,-0.01,14458.661,20.2,20,-14.5,0,0.01,19222.442,-2.9,33,-24.8,0,0.01,24796.67,-29.2,48,-42.2,0,0.01,31596.606,America/Los_Angeles,34.03202,-118.52633,86.0,88.20927143096924
2026-09-26T00:00,pressure_profile,best_match,72.7,69,61.9,0,0.01,305.118,74.9,32,43.1,0,-0.02,2536.089,69.1,23,29.8,0,-0.03,4944.226,48.4,8,-10.9,0,-0.02,10311.68,38.0,5,-27.2,0,-0.01,14445.538,20.7,21,-12.8,0,0.0,19212.598,-2.4,30,-26.2,0,0.02,24792.62,-29.2,42,-44.5,0,0.03,31586.02,America/Los_Angeles,34.03202,-118.52633,86.0,88.20927143096924
2026-09-26T01:00,pressure_profile,best_match,72.7,68,61.5,0,0.01,298.556,74.7,29,40.4,0,0.02,2526.247,68.9,24,30.6,0,0.02,4934.384,48.7,8,-10.7,0,0.0,10301.837,38.0,5,-27.2,0,0.0,14435.695,20.2,21,-13.1,0,0.02,19199.474,-2.4,23,-30.9,0,0.02,24780.466,-29.2,42,-44.5,0,0.01,31575.438,America/Los_Angeles,34.03202,-118.52633,86.0,88.20927143096924
2026-09-26T02:00,pressure_profile,best_match,72.1,69,61.4,0,0.01,301.837,73.9,28,38.8,0,0.01,2526.247,68.3,25,31.1,0,0.02,4931.103,47.9,9,-8.6,0,0.02,10291.995,37.6,4,-32.7,0,-0.01,14425.854,20.2,21,-13.1,0,0.01,19186.352,-2.4,15,-38.7,0,0.01,24776.418,-30.1,78,-34.6,2,0.06,31564.856,America/Los_Angeles,34.03202,-118.52633,86.0,88.20927143096924
2026-09-26T03:00,pressure_profile,best_match,71.8,69,61.1,0,0.0,298.556,74.1,26,37.1,0,0.0,2522.966,68.3,25,31.1,0,0.01,4927.822,48.2,8,-11.1,0,0.01,10285.434,37.6,4,-32.7,0,0.01,14422.572,19.8,21,-13.5,0,-0.01,19183.07,-2.4,13,-40.8,0,0.01,24760.214,-31.0,100,-31.0,100,0.03,31548.98,America/Los_Angeles,34.03202,-118.52633,86.0,88.20927143096924
2026-09-26T04:00,pressure_profile,best_match,72.0,68,60.8,0,0.0,298.556,73.9,26,36.9,0,0.01,2522.966,67.8,25,30.7,0,0.01,4924.541,47.9,8,-11.3,0,0.01,10282.152,37.6,4,-32.7,0,0.03,14416.011,20.2,20,-14.5,0,0.02,19176.51,-2.9,17,-37.4,0,0.02,24756.166,-29.2,64,-37.2,8,-0.01,31543.688,America/Los_Angeles,34.03202,-118.52633,86.0,88.20927143096924
2026-09-26T05:00,pressure_profile,best_match,72.0,67,60.4,0,0.0,298.556,73.5,26,36.5,0,0.01,2522.966,67.6,25,30.5,0,0.02,4924.541,48.4,7,-14.0,0,0.0,10282.152,37.6,5,-27.4,0,0.01,14416.011,20.2,19,-16.0,0,0.02,19176.51,-2.9,17,-37.4,0,0.02,24752.114,-29.2,30,-50.1,0,-0.03,31543.688,America/Los_Angeles,34.03202,-118.52633,86.0,88.20927143096924
2026-09-26T06:00,pressure_profile,best_match,71.8,67,60.2,0,0.0,305.118,73.3,25,35.4,0,-0.01,2529.528,67.2,26,31.1,0,0.0,4927.822,48.2,7,-14.2,0,-0.02,10285.434,37.3,5,-27.7,0,0.0,14416.011,20.2,17,-17.5,0,0.02,19173.228,-2.9,20,-34.1,0,-0.01,24756.166,-29.2,68,-36.2,4,-0.09,31554.274,America/Los_Angeles,34.03202,-118.52633,86.0,88.20927143096924
2026-09-26T07:00,pressure_profile,best_match,71.8,66,59.8,0,0.0,314.961,73.1,25,35.2,0,0.02,2539.37,67.0,26,31.0,0,0.03,4937.664,48.2,7,-14.2,0,0.01,10291.995,37.0,5,-27.9,0,0.02,14422.572,19.8,17,-17.9,0,0.03,19176.51,-2.4,23,-30.9,0,0.0,24756.166,-30.1,78,-34.6,4,-0.1,31575.438,America/Los_Angeles,34.03202,-118.52633,86.0,88.20927143096924
2026-09-26T08:00,pressure_profile,best_match,72.5,64,59.6,0,0.0,331.365,73.0,25,35.1,0,-0.01,2555.775,66.5,27,31.5,0,0.0,4950.788,47.9,7,-14.4,0,-0.02,10301.837,37.0,5,-27.9,0,0.01,14429.134,20.2,16,-19.2,0,0.02,19186.352,-2.9,25,-30.1,0,0.01,24764.266,-29.2,72,-35.1,0,-0.01,31580.73,America/Los_Angeles,34.03202,-118.52633,86.0,88.20927143096924
2026-09-26T09:00,pressure_profile,best_match,74.8,55,57.6,0,0.0,337.927,73.1,24,34.2,0,0.0,2562.336,66.5,27,31.5,0,0.01,4960.63,48.2,7,-14.2,0,0.0,10311.68,37.0,5,-27.9,0,0.01,14442.258,19.8,14,-21.4,0,0.03,19196.196,-2.4,17,-36.9,0,-0.01,24776.418,-28.3,100,-28.3,88,-0.01,31591.312,America/Los_Angeles,34.03202,-118.52633,86.0,88.20927143096924
2026-09-26T10:00,pressure_profile,best_match,77.0,47,55.2,0,0.01,337.927,73.5,24,34.5,0,0.0,2568.898,66.5,26,30.6,0,0.01,4967.192,48.4,7,-14.0,0,0.01,10321.522,37.0,5,-27.9,0,0.03,14452.1,20.2,14,-21.1,0,0.02,19209.318,-2.4,17,-36.9,0,-0.01,24788.568,-28.3,70,-34.8,0,-0.01,31607.19,America/Los_Angeles,34.03202,-118.52633,86.0,88.20927143096924
2026-09-26T11:00,pressure_profile,best_match,78.6,43,54.3,0,0.02,344.488,73.3,27,37.3,0,0.0,2578.74,66.3,26,30.4,0,0.02,4973.754,47.9,7,-14.4,0,0.01,10324.804,37.0,5,-27.9,0,0.01,14455.381,20.2,13,-23.1,0,0.0,19212.598,-1.8,18,-34.7,0,-0.01,24792.62,-28.3,82,-31.9,2,-0.03,31623.064,America/Los_Angeles,34.03202,-118.52633,86.0,88.20927143096924
2026-09-26T12:00,pressure_profile,best_match,79.0,43,54.6,0,0.02,334.646,73.3,29,39.2,0,-0.03,2572.179,66.3,26,30.4,0,-0.01,4970.473,47.9,7,-14.4,0,0.0,10321.522,37.0,5,-27.9,0,0.03,14452.1,20.2,13,-23.1,0,0.03,19212.598,-1.8,43,-18.7,0,-0.02,24792.62,-28.3,96,-29.1,46,-0.03,31623.064,America/Los_Angeles,34.03202,-118.52633,86.0,88.20927143096924
2026-09-26T13:00,pressure_profile,best_match,79.2,43,54.7,0,0.02,321.522,74.5,27,38.3,0,-0.02,2559.055,67.0,24,29.0,0,-0.01,4960.63,48.2,7,-14.2,0,0.0,10318.241,36.3,6,-24.3,0,0.02,14445.538,20.7,13,-22.7,0,0.0,19202.756,-1.2,25,-28.6,0,-0.01,24784.518,-26.5,92,-28.0,22,0.0,31617.772,America/Los_Angeles,34.03202,-118.52633,86.0,88.20927143096924
2026-09-26T14:00,pressure_profile,best_match,79.0,44,55.2,0,0.02,301.837,75.1,25,36.9,0,-0.02,2542.651,67.0,24,29.0,0,0.0,4947.507,48.2,7,-14.2,0,0.0,10301.837,36.0,6,-24.5,0,-0.01,14432.415,20.7,13,-22.7,0,-0.02,19183.07,-1.2,13,-39.8,0,-0.02,24768.316,-26.5,92,-28.0,4,0.01,31612.478,America/Los_Angeles,34.03202,-118.52633,86.0,88.20927143096924
2026-09-26T15:00,pressure_profile,best_match,78.1,45,55.0,0,0.02,285.433,75.5,25,37.2,0,-0.03,2526.247,67.2,22,27.0,0,-0.02,4927.822,48.2,7,-14.2,0,0.0,10285.434,36.3,6,-24.3,0,-0.02,14416.011,20.7,13,-22.7,0,-0.02,19169.948,-0.6,8,-47.4,0,-0.02,24760.214,-27.4,72,-33.4,0,-0.04,31607.19,America/Los_Angeles,34.03202,-118.52633,86.0,88.20927143096924
2026-09-26T16:00,pressure_profile,best_match,76.6,49,56.1,0,0.02,285.433,76.1,22,34.5,0,-0.02,2522.966,67.0,22,26.9,0,-0.02,4924.541,47.9,7,-14.4,0,0.0,10278.871,36.0,6,-24.5,0,0.01,14406.168,20.7,13,-22.7,0,0.02,19160.106,-0.1,7,-50.6,0,0.0,24752.114,-27.4,44,-42.0,0,-0.01,31607.19,America/Los_Angeles,34.03202,-118.52633,86.0,88.20927143096924
2026-09-26T17:00,pressure_profile,best_match,75.6,53,57.2,0,0.01,288.714,75.9,21,33.2,0,-0.02,2522.966,67.0,21,25.7,0,-0.01,4924.541,48.2,7,-14.2,0,0.01,10282.152,36.0,8,-21.0,0,0.0,14409.449,20.2,13,-23.1,0,0.0,19160.106,-0.1,5,-55.2,0,-0.01,24748.064,-27.4,30,-48.5,0,-0.03,31601.896,America/Los_Angeles,34.03202,-118.52633,86.0,88.20927143096924
2026-09-26T18:00,pressure_profile,best_match,75.4,53,57.1,0,0.01,291.995,75.9,21,33.2,0,-0.01,2529.528,67.0,19,23.3,0,0.01,4931.103,48.2,7,-14.2,0,0.01,10288.714,36.0,8,-21.0,0,0.01,14416.011,19.8,13,-23.4,0,0.0,19163.386,-0.1,5,-55.2,0,-0.02,24748.064,-27.4,28,-49.6,0,0.01,31607.19,America/Los_Angeles,34.03202,-118.52633,86.0,88.20927143096924
2026-09-26T19:00,pressure_profile,best_match,74.7,55,57.4,0,0.01,298.556,75.5,22,34.0,0,0.01,2532.808,66.8,18,21.9,0,0.03,4934.384,48.7,7,-13.8,0,0.0,10291.995,36.0,8,-21.0,0,-0.01,14422.572,19.8,13,-23.4,0,-0.01,19173.228,-0.1,5,-55.2,0,0.0,24752.114,-27.4,26,-50.8,0,0.01,31612.478,America/Los_Angeles,34.03202,-118.52633,86.0,88.20927143096924
2026-09-26T20:00,pressure_profile,best_match,74.1,56,57.4,0,0.01,305.118,74.7,23,34.5,0,0.01,2539.37,66.3,19,22.8,0,0.02,4937.664,49.0,7,-13.6,0,-0.01,10295.275,36.3,6,-24.3,0,-0.02,14429.134,19.4,11,-26.0,0,-0.01,19179.792,-0.6,5,-55.7,0,0.01,24756.166,-26.5,24,-51.3,0,0.04,31612.478,America/Los_Angeles,34.03202,-118.52633,86.0,88.20927143096924
2026-09-26T21:00,pressure_profile,best_match,73.8,57,57.6,0,0.01,324.803,74.1,23,34.0,0,0.01,2555.775,65.9,19,22.4,0,0.04,4954.069,49.0,7,-13.6,0,0.02,10308.399,36.3,6,-24.3,0,0.0,14442.258,19.4,11,-26.0,0,-0.02,19196.196,-0.6,5,-55.7,0,0.02,24776.418,-27.4,26,-50.8,0,0.06,31623.064,America/Los_Angeles,34.03202,-118.52633,86.0,88.20927143096924
2026-09-26T22:00,pressure_profile,best_match,73.2,58,57.6,0,0.01,331.365,73.7,24,34.7,0,0.01,2559.055,65.7,18,21.0,0,0.02,4954.069,49.0,7,-13.6,0,0.0,10308.399,36.3,6,-24.3,0,0.01,14442.258,19.4,11,-26.0,0,0.02,19196.196,-1.2,3,-62.4,0,0.02,24768.316,-27.4,30,-48.5,0,0.06,31612.478,America/Los_Angeles,34.03202,-118.52633,86.0,88.20927143096924
2026-09-26T23:00,pressure_profile,best_match,72.7,59,57.5,0,0.01,328.084,72.8,26,35.9,0,0.01,2555.775,65.0,18,20.5,0,0.02,4947.507,49.3,7,-13.4,0,-0.01,10298.557,36.3,6,-24.3,0,0.0,14432.415,19.0,11,-26.3,0,0.01,19183.07,-1.8,3,-62.8,0,0.01,24756.166,-28.3,40,-44.5,0,0.03,31586.02,America/Los_Angeles,34.03202,-118.52633,86.0,88.20927143096924
2026-09-27T00:00,pressure_profile,best_match,72.1,61,58.0,0,0.01,324.803,72.2,27,36.3,0,0.01,2549.213,64.8,17,18.9,0,0.02,4937.664,49.0,7,-13.6,0,0.0,10288.714,36.0,6,-24.5,0,0.01,14419.291,19.0,10,-28.8,0,0.01,19166.666,-2.4,3,-63.2,0,0.01,24735.914,-28.3,42,-43.7,0,0.01,31559.562,America/Los_Angeles,34.03202,-118.52633,86.0,88.20927143096924
2026-09-27T01:00,pressure_profile,best_match,71.6,62,57.9,0,0.01,318.242,71.6,27,35.8,0,0.0,2542.651,64.4,16,17.2,0,0.02,4927.822,48.4,7,-14.0,0,0.0,10275.591,35.3,6,-25.0,0,0.01,14402.888,19.4,9,-31.3,0,0.01,19146.982,-2.4,5,-56.9,0,0.01,24715.662,-29.2,40,-45.3,0,0.01,31533.104,America/Los_Angeles,34.03202,-118.52633,86.0,88.20927143096924
2026-09-27T02:00,pressure_profile,best_match,71.2,64,58.4,0,0.01,314.961,71.0,28,36.2,0,0.0,2536.089,64.2,15,15.5,0,0.02,4917.979,48.2,7,-14.2,0,0.01,10265.748,34.7,6,-25.5,0,0.01,14389.764,19.4,7,-34.5,0,0.01,19130.578,-2.9,5,-57.4,0,0.01,24695.408,-29.2,38,-46.2,0,0.01,31506.646,America/Los_Angeles,34.03202,-118.52633,86.0,88.20927143096924
2026-09-27T03:00,pressure_profile,best_match,70.9,65,58.5,0,0.01,311.68,70.6,29,36.8,0,0.0,2529.528,63.7,16,16.6,0,0.02,4911.418,48.2,7,-14.2,0,0.01,10255.905,34.3,6,-25.7,0,0.0,14379.921,19.4,7,-34.5,0,0.0,19117.456,-3.5,5,-57.8,0,0.01,24679.208,-29.2,32,-49.0,0,0.03,31485.48,America/Los_Angeles,34.03202,-118.52633,86.0,88.20927143096924
2026-09-27T04:00,pressure_profile,best_match,70.5,67,59.0,0,0.0,308.399,70.2,29,36.4,0,0.0,2526.247,63.3,17,17.7,0,0.01,4904.856,48.4,8,-10.9,0,0.01,10249.344,34.3,6,-25.7,0,0.0,14370.079,19.4,7,-34.5,0,-0.01,19107.612,-3.5,5,-57.8,0,0.02,24667.056,-29.2,26,-52.4,0,0.07,31464.312,America/Los_Angeles,34.03202,-118.52633,86.0,88.20927143096924
2026-09-27T05:00,pressure_profile,best_match,70.3,67,58.9,0,0.0,305.118,69.8,30,37.0,0,0.0,2519.685,63.1,18,18.9,0,0.01,4898.294,48.4,8,-10.9,0,0.01,10239.501,34.0,6,-26.0,0,-0.01,14360.236,19.0,7,-34.9,0,-0.02,19094.488,-4.1,7,-53.7,0,0.02,24650.854,-29.2,20,-56.6,0,0.09,31443.146,America/Los_Angeles,34.03202,-118.52633,86.0,88.20927143096924
2026-09-27T06:00,pressure_profile,best_match,70.3,67,58.9,0,0.0,314.961,69.4,30,36.6,0,0.0,2526.247,62.8,19,19.9,0,0.01,4904.856,48.2,8,-11.1,0,0.01,10246.063,33.7,6,-26.2,0,-0.01,14363.518,18.6,7,-35.2,0,-0.02,19094.488,-4.7,13,-42.7,0,0.02,24646.802,-29.2,16,-60.1,0,0.09,31437.854,America/Los_Angeles,34.03202,-118.52633,86.0,88.20927143096924
2026-09-27T07:00,pressure_profile,best_match,70.3,66,58.4,0,0.0,321.522,69.2,30,36.5,0,0.0,2536.089,62.6,19,19.8,0,0.01,4914.698,47.9,8,-11.3,0,0.01,10249.344,33.7,6,-26.2,0,-0.01,14366.798,17.7,7,-35.8,0,-0.01,19091.208,-5.2,23,-33.3,0,0.02,24642.754,-28.3,14,-61.4,0,0.07,31437.854,America/Los_Angeles,34.03202,-118.52633,86.0,88.20927143096924
2026-09-27T08:00,pressure_profile,best_match,70.9,64,58.1,0,0.0,331.365,69.0,30,36.3,0,0.0,2542.651,62.6,20,21.0,0,0.01,4921.26,47.6,8,-11.5,0,0.01,10255.905,33.3,6,-26.5,0,-0.01,14370.079,17.3,7,-36.1,0,0.0,19091.208,-5.8,30,-29.3,0,0.02,24638.704,-28.3,14,-61.4,0,0.06,31432.564,America/Los_Angeles,34.03202,-118.52633,86.0,88.20927143096924
2026-09-27T09:00,pressure_profile,best_match,72.3,59,57.2,0,0.01,334.646,68.8,31,36.9,0,0.0,2545.932,62.6,21,22.1,0,0.0,4924.541,47.6,8,-11.5,0,0.01,10259.187,33.3,6,-26.5,0,0.0,14373.359,16.9,6,-40.4,0,0.0,19094.488,-5.2,30,-28.8,0,0.02,24642.754,-28.3,14,-61.4,0,0.04,31437.854,America/Los_Angeles,34.03202,-118.52633,86.0,88.20927143096924
2026-09-27T10:00,pressure_profile,best_match,74.1,53,55.9,0,0.01,334.646,68.4,33,38.2,0,-0.01,2552.494,62.6,23,24.3,0,-0.01,4927.822,47.3,9,-9.0,0,0.0,10265.748,33.3,6,-26.5,0,0.02,14376.641,16.9,4,-45.3,0,0.01,19097.77,-4.7,27,-30.4,0,0.01,24650.854,-29.2,16,-60.1,0,0.01,31443.146,America/Los_Angeles,34.03202,-118.52633,86.0,88.20927143096924
2026-09-27T11:00,pressure_profile,best_match,75.4,49,54.9,0,0.02,337.927,68.6,34,39.1,0,-0.01,2555.775,62.6,24,25.3,0,-0.02,4931.103,47.3,9,-9.0,0,0.0,10269.029,33.3,6,-26.5,0,0.03,14379.921,16.9,4,-45.3,0,0.01,19101.05,-4.1,23,-32.3,0,0.01,24654.904,-29.2,18,-58.3,0,0.0,31448.438,America/Los_Angeles,34.03202,-118.52633,86.0,88.20927143096924
2026-09-27T12:00,pressure_profile,best_match,75.4,49,54.9,0,0.02,321.522,69.4,32,38.3,0,-0.02,2539.37,62.6,25,26.3,0,-0.03,4917.979,47.3,9,-9.0,0,0.0,10255.905,33.7,6,-26.2,0,0.03,14366.798,16.9,6,-40.4,0,0.01,19087.926,-3.5,22,-33.2,0,0.01,24642.754,-29.2,18,-58.3,0,0.0,31443.146,America/Los_Angeles,34.03202,-118.52633,86.0,88.20927143096924
2026-09-27T13:00,pressure_profile,best_match,74.7,50,54.8,0,0.02,305.118,70.4,30,37.5,0,-0.03,2526.247,62.8,25,26.5,0,-0.03,4904.856,47.1,9,-9.2,0,0.0,10239.501,34.0,5,-30.1,0,0.02,14356.955,16.9,9,-33.2,0,0.02,19078.084,-2.9,18,-35.7,0,0.01,24630.602,-29.2,16,-60.1,0,0.0,31432.564,America/Los_Angeles,34.03202,-118.52633,86.0,88.20927143096924
2026-09-27T14:00,pressure_profile,best_match,74.3,51,55.0,0,0.02,288.714,71.2,28,36.4,0,-0.03,2509.843,63.1,25,26.7,0,-0.03,4891.733,47.1,9,-9.2,0,0.0,10226.378,34.3,5,-29.9,0,0.01,14343.832,16.9,13,-25.8,0,0.02,19064.96,-2.9,17,-37.4,0,0.01,24618.452,-29.2,14,-62.1,0,0.0,31427.272,America/Los_Angeles,34.03202,-118.52633,86.0,88.20927143096924
2026-09-27T15:00,pressure_profile,best_match,74.5,50,54.6,0,0.02,275.591,71.4,28,36.6,0,-0.03,2496.719,63.3,24,25.9,0,-0.02,4881.89,47.1,9,-9.2,0,0.0,10216.535,34.3,5,-29.9,0,0.0,14333.989,16.9,23,-14.7,0,0.03,19055.12,-2.9,17,-37.4,0,0.01,24610.35,-29.2,14,-62.1,0,-0.01,31416.69,America/Los_Angeles,34.03202,-118.52633,86.0,88.20927143096924
2026-09-27T16:00,pressure_profile,best_match,75.0,49,54.6,0,0.02,265.748,71.2,30,38.2,0,-0.02,2486.877,63.7,23,25.2,0,-0.01,4868.767,47.1,9,-9.2,0,-0.01,10209.974,34.0,5,-30.1,0,0.0,14324.147,16.9,33,-7.4,0,0.03,19045.276,-3.5,17,-37.8,0,0.02,24602.25,-30.1,16,-60.8,0,-0.03,31400.812,America/Los_Angeles,34.03202,-118.52633,86.0,88.20927143096924
2026-09-27T17:00,pressure_profile,best_match,75.2,48,54.2,0,0.02,252.625,71.0,30,38.0,0,-0.01,2473.754,63.9,23,25.4,0,0.0,4858.924,46.8,10,-7.0,0,-0.01,10200.131,34.0,6,-26.0,0,-0.01,14314.305,16.9,39,-4.1,0,0.03,19035.434,-3.5,17,-37.8,0,0.02,24594.148,-30.1,16,-60.8,0,-0.04,31390.23,America/Los_Angeles,34.03202,-118.52633,86.0,88.20927143096924
2026-09-27T18:00,pressure_profile,best_match,74.8,47,53.3,0,0.01,255.906,71.0,27,35.3,0,0.0,2477.034,63.7,24,26.2,0,0.01,4862.205,46.5,11,-5.1,0,0.0,10196.851,34.0,11,-14.7,0,-0.02,14311.023,17.3,33,-7.0,0,0.0,19035.434,-2.9,13,-41.2,0,0.01,24598.198,-29.2,14,-62.1,0,-0.04,31395.52,America/Los_Angeles,34.03202,-118.52633,86.0,88.20927143096924
2026-09-27T19:00,pressure_profile,best_match,74.1,45,51.4,0,0.01,262.467,71.0,24,32.4,0,0.0,2480.315,63.5,25,27.0,0,0.02,4862.205,46.0,13,-1.7,0,0.01,10196.851,33.7,18,-6.0,0,-0.03,14307.743,18.1,20,-16.3,0,-0.03,19032.152,-2.9,10,-46.1,0,-0.01,24598.198,-28.3,10,-66.5,0,-0.03,31400.812,America/Los_Angeles,34.03202,-118.52633,86.0,88.20927143096924
2026-09-27T20:00,pressure_profile,best_match,73.4,44,50.2,0,0.0,265.748,70.8,22,30.1,0,0.01,2483.596,63.1,25,26.7,0,0.03,4865.486,45.4,18,4.1,0,0.02,10193.569,33.7,23,-0.7,0,-0.04,14304.462,18.6,10,-29.1,0,-0.06,19032.152,-2.4,7,-52.4,0,-0.04,24602.25,-28.3,8,-69.8,0,-0.03,31406.106,America/Los_Angeles,34.03202,-118.52633,86.0,88.20927143096924
2026-09-27T21:00,pressure_profile,best_match,73.0,44,49.8,0,0.0,269.029,70.4,24,31.9,0,0.02,2486.877,62.8,24,25.5,0,0.03,4865.486,45.1,26,11.9,0,0.02,10190.289,33.7,24,0.4,0,-0.05,14304.462,19.4,6,-38.5,0,-0.06,19035.434,-2.4,7,-52.4,0,-0.05,24606.298,-28.3,12,-63.7,0,-0.03,31406.106,America/Los_Angeles,34.03202,-118.52633,86.0,88.20927143096924
2026-09-27T22:00,pressure_profile,best_match,72.7,44,49.5,0,0.01,275.591,69.8,28,35.2,0,0.02,2486.877,62.4,22,23.0,0,0.03,4868.767,44.6,34,18.2,0,0.02,10190.289,34.0,23,-0.4,0,-0.06,14301.182,19.8,4,-43.1,0,-0.05,19038.714,-2.9,7,-52.8,0,-0.04,24610.35,-29.2,18,-58.3,0,-0.03,31406.106,America/Los_Angeles,34.03202,-118.52633,86.0,88.20927143096924
2026-09-27T23:00,pressure_profile,best_match,72.3,45,49.8,0,0.01,278.871,69.0,31,37.1,0,0.02,2490.158,62.2,20,20.6,0,0.03,4868.767,44.6,40,21.7,0,0.02,10187.008,34.3,20,-2.7,0,-0.06,14301.182,20.2,4,-42.8,0,-0.04,19041.994,-2.9,7,-52.8,0,-0.04,24614.4,-30.1,20,-57.4,0,-0.03,31406.106,America/Los_Angeles,34.03202,-118.52633,86.0,88.20927143096924
2026-09-28T00:00,pressure_profile,best_match,71.6,47,50.3,0,0.01,272.31,68.2,33,38.0,0,0.01,2480.315,61.8,20,20.2,0,0.02,4855.643,44.6,40,21.7,0,0.01,10173.885,35.3,15,-7.8,0,-0.05,14291.339,20.2,6,-37.9,0,-0.02,19035.434,-2.9,7,-52.8,0,-0.02,24610.35,-30.1,18,-59.0,0,-0.01,31395.52,America/Los_Angeles,34.03202,-118.52633,86.0,88.20927143096924
2026-09-28T01:00,pressure_profile,best_match,70.7,49,50.6,0,0.01,269.029,67.4,34,38.1,0,0.01,2473.754,61.3,20,19.9,0,0.02,4845.801,44.9,38,20.6,0,0.0,10160.762,36.3,9,-17.8,0,-0.04,14284.777,19.8,7,-34.2,0,0.0,19032.152,-3.5,8,-49.6,0,0.0,24602.25,-30.1,12,-65.2,0,0.0,31390.23,America/Los_Angeles,34.03202,-118.52633,86.0,88.20927143096924
2026-09-28T02:00,pressure_profile,best_match,70.0,51,51.0,0,0.01,262.467,66.7,35,38.1,0,0.0,2463.911,61.1,20,19.7,0,0.01,4832.677,45.4,32,17.4,0,-0.01,10147.638,37.0,4,-33.2,0,-0.03,14274.935,19.8,9,-30.9,0,0.01,19025.59,-3.5,8,-49.6,0,0.01,24598.198,-30.1,8,-71.2,0,0.01,31379.644,America/Los_Angeles,34.03202,-118.52633,86.0,88.20927143096924
2026-09-28T03:00,pressure_profile,best_match,69.6,52,51.2,0,0.01,255.906,66.1,37,39.0,0,0.0,2457.349,60.9,20,19.5,0,0.01,4826.116,46.2,23,10.8,0,-0.01,10141.076,37.0,4,-33.2,0,-0.02,14271.653,19.8,9,-30.9,0,0.01,19025.59,-2.9,8,-49.2,0,0.02,24602.25,-31.0,8,-71.9,0,0.0,31384.938,America/Los_Angeles,34.03202,-118.52633,86.0,88.20927143096924
2026-09-28T04:00,pressure_profile,best_match,69.4,53,51.6,0,0.0,252.625,65.3,39,39.7,0,0.0,2450.787,60.9,20,19.5,0,0.0,4816.273,47.1,13,-0.8,0,0.0,10134.515,36.3,5,-28.4,0,-0.01,14268.373,20.2,7,-33.9,0,0.01,19022.31,-2.4,7,-52.4,0,0.02,24602.25,-31.0,10,-68.7,0,-0.01,31395.52,America/Los_Angeles,34.03202,-118.52633,86.0,88.20927143096924
2026-09-28T05:00,pressure_profile,best_match,69.4,52,51.1,0,0.0,246.063,64.9,40,40.0,0,0.0,2444.226,60.7,21,20.5,0,0.0,4809.712,47.9,6,-18.0,0,0.0,10127.953,36.3,6,-24.3,0,0.0,14265.092,20.7,7,-33.6,0,0.01,19022.31,-1.8,7,-51.9,0,0.02,24606.298,-31.9,12,-66.7,0,-0.03,31400.812,America/Los_Angeles,34.03202,-118.52633,86.0,88.20927143096924
2026-09-28T06:00,pressure_profile,best_match,69.4,49,49.5,0,0.0,255.906,64.5,42,40.9,0,-0.01,2454.068,60.2,23,22.3,0,0.0,4816.273,48.7,2,-34.5,0,-0.01,10137.795,37.0,6,-23.8,0,-0.01,14278.215,21.1,7,-33.3,0,0.0,19038.714,-1.2,7,-51.5,0,0.01,24630.602,-31.9,14,-64.4,0,-0.03,31427.272,America/Los_Angeles,34.03202,-118.52633,86.0,88.20927143096924
2026-09-28T07:00,pressure_profile,best_match,69.6,45,47.3,0,-0.01,265.748,64.3,43,41.3,0,-0.01,2463.911,59.6,26,24.6,0,0.0,4826.116,49.8,2,-33.7,0,-0.01,10144.357,38.0,5,-27.2,0,-0.02,14288.058,21.5,6,-36.9,0,-0.01,19058.398,-0.6,8,-47.4,0,0.01,24658.956,-32.8,16,-63.1,0,-0.03,31448.438,America/Los_Angeles,34.03202,-118.52633,86.0,88.20927143096924
2026-09-28T08:00,pressure_profile,best_match,70.3,41,45.5,0,-0.01,275.591,64.3,42,40.7,0,-0.02,2473.754,59.4,28,26.2,0,-0.01,4832.677,50.4,2,-33.4,0,-0.02,10154.199,39.0,4,-31.8,0,-0.03,14301.182,21.9,6,-36.6,0,-0.02,19074.802,-0.6,10,-44.3,0,0.0,24683.256,-32.8,16,-63.1,0,-0.03,31474.894,America/Los_Angeles,34.03202,-118.52633,86.0,88.20927143096924
2026-09-28T09:00,pressure_profile,best_match,72.0,36,43.6,0,-0.01,275.591,64.7,38,38.5,0,-0.03,2480.315,59.4,29,27.1,0,-0.02,4839.239,50.6,2,-33.2,0,-0.02,10167.323,39.3,4,-31.5,0,-0.04,14314.305,22.3,6,-36.3,0,-0.02,19091.208,-0.6,12,-41.7,0,0.0,24699.458,-32.8,16,-63.1,0,-0.03,31496.062,America/Los_Angeles,34.03202,-118.52633,86.0,88.20927143096924
2026-09-28T10:00,pressure_profile,best_match,73.9,32,42.2,0,-0.01,278.871,65.5,32,34.8,0,-0.04,2483.596,59.8,29,27.5,0,-0.04,4849.082,50.4,3,-26.0,0,-0.02,10177.165,39.6,5,-26.0,0,-0.04,14330.709,23.2,6,-35.7,0,-0.02,19107.612,-0.6,13,-39.4,0,0.0,24719.71,-31.9,14,-64.4,0,-0.03,31517.228,America/Los_Angeles,34.03202,-118.52633,86.0,88.20927143096924
2026-09-28T11:00,pressure_profile,best_match,75.6,29,41.1,0,0.0,278.871,66.5,27,31.4,0,-0.04,2490.158,60.2,28,27.0,0,-0.05,4855.643,50.4,3,-26.0,0,-0.02,10190.289,40.0,5,-25.8,0,-0.04,14343.832,23.6,6,-35.4,0,-0.02,19124.016,-0.6,13,-39.4,0,0.0,24735.914,-31.9,14,-64.4,0,-0.03,31538.396,America/Los_Angeles,34.03202,-118.52633,86.0,88.20927143096924
2026-09-28T12:00,pressure_profile,best_match,76.5,29,41.8,0,0.01,259.186,68.2,23,29.0,0,-0.03,2473.754,60.9,26,25.8,0,-0.06,4845.801,50.4,3,-26.0,0,-0.01,10183.728,40.3,5,-25.5,0,-0.03,14340.552,24.0,6,-35.0,0,-0.01,19124.016,-0.6,13,-39.4,0,-0.01,24739.962,-31.9,14,-64.4,0,-0.03,31543.688,America/Los_Angeles,34.03202,-118.52633,86.0,88.20927143096924
2026-09-28T13:00,pressure_profile,best_match,76.8,32,44.7,0,0.02,242.782,70.4,20,27.4,0,-0.02,2460.63,61.8,23,23.6,0,-0.06,4835.958,50.6,4,-20.3,0,0.0,10180.446,40.6,5,-25.3,0,-0.01,14337.271,24.4,7,-30.7,0,0.0,19124.016,-0.1,13,-38.9,0,-0.02,24739.962,-31.0,14,-63.6,0,-0.03,31548.98,America/Los_Angeles,34.03202,-118.52633,86.0,88.20927143096924
2026-09-28T14:00,pressure_profile,best_match,76.8,34,46.3,0,0.03,223.097,72.0,18,26.1,0,0.0,2444.226,62.8,20,21.1,0,-0.05,4826.116,50.6,4,-20.3,0,0.0,10173.885,40.6,5,-25.3,0,0.0,14333.989,24.4,7,-30.7,0,0.01,19124.016,-0.1,12,-41.2,0,-0.04,24744.014,-31.0,14,-63.6,0,-0.03,31554.274,America/Los_Angeles,34.03202,-118.52633,86.0,88.20927143096924
2026-09-28T15:00,pressure_profile,best_match,76.3,35,46.6,0,0.03,213.255,72.2,19,27.6,0,0.02,2431.102,64.2,19,21.0,0,-0.02,4816.273,50.6,4,-20.3,0,-0.01,10170.604,40.6,5,-25.3,0,0.0,14330.709,24.4,7,-30.7,0,0.01,19120.734,-0.1,10,-43.9,0,-0.04,24739.962,-31.0,14,-63.6,0,-0.01,31554.274,America/Los_Angeles,34.03202,-118.52633,86.0,88.20927143096924
2026-09-28T16:00,pressure_profile,best_match,75.4,37,47.3,0,0.03,200.131,71.6,21,29.6,0,0.04,2421.26,65.9,18,21.2,0,0.01,4809.712,50.9,3,-25.6,0,-0.03,10167.323,40.6,5,-25.3,0,-0.01,14327.428,24.0,7,-31.0,0,0.01,19114.174,0.5,8,-46.5,0,-0.02,24735.914,-30.1,14,-62.9,0,0.0,31559.562,America/Los_Angeles,34.03202,-118.52633,86.0,88.20927143096924
2026-09-28T17:00,pressure_profile,best_match,74.5,39,47.9,0,0.03,190.289,71.2,23,31.5,0,0.05,2408.137,66.8,18,21.9,0,0.03,4799.869,51.2,3,-25.4,0,-0.04,10164.042,40.6,5,-25.3,0,-0.01,14324.147,24.0,7,-31.0,0,0.01,19110.892,0.5,8,-46.5,0,-0.01,24731.862,-30.1,14,-62.9,0,0.0,31559.562,America/Los_Angeles,34.03202,-118.52633,86.0,88.20927143096924
2026-09-28T18:00,pressure_profile,best_match,73.4,44,50.2,0,0.02,196.85,71.4,23,31.6,0,0.03,2414.698,66.5,19,23.0,0,0.02,4803.15,51.7,3,-25.0,0,-0.03,10167.323,41.0,5,-25.0,0,0.0,14333.989,24.0,7,-31.0,0,0.03,19120.734,0.5,8,-46.5,0,0.01,24739.962,-30.1,12,-65.2,0,-0.01,31564.856,America/Los_Angeles,34.03202,-118.52633,86.0,88.20927143096924
2026-09-28T19:00,pressure_profile,best_match,72.1,51,53.0,0,0.01,203.412,71.8,22,30.9,0,-0.01,2417.979,65.9,20,23.7,0,0.01,4809.712,52.3,3,-24.6,0,-0.01,10173.885,41.0,5,-25.0,0,0.01,14340.552,23.6,9,-28.0,0,0.05,19130.578,-0.1,10,-43.9,0,0.05,24752.114,-30.1,12,-65.2,0,-0.03,31575.438,America/Los_Angeles,34.03202,-118.52633,86.0,88.20927143096924
2026-09-28T20:00,pressure_profile,best_match,71.4,54,53.9,0,0.0,209.974,72.2,22,31.2,0,-0.03,2424.541,65.2,21,24.3,0,-0.01,4812.992,52.5,3,-24.4,0,0.0,10177.165,41.3,5,-24.8,0,0.01,14350.394,23.6,9,-28.0,0,0.06,19140.42,-0.1,10,-43.9,0,0.06,24760.214,-30.1,10,-67.9,0,-0.03,31580.73,America/Los_Angeles,34.03202,-118.52633,86.0,88.20927143096924
2026-09-28T21:00,pressure_profile,best_match,72.0,52,53.4,0,0.0,209.974,72.4,22,31.4,0,-0.03,2427.822,65.2,23,26.5,0,-0.02,4816.273,52.5,3,-24.4,0,0.01,10180.446,41.6,5,-24.6,0,0.0,14353.675,23.6,9,-28.0,0,0.03,19146.982,-0.1,10,-43.9,0,0.05,24760.214,-30.1,10,-67.9,0,-0.01,31580.73,America/Los_Angeles,34.03202,-118.52633,86.0,88.20927143096924
2026-09-28T22:00,pressure_profile,best_match,73.0,46,51.0,0,0.0,209.974,72.8,22,31.7,0,-0.02,2431.102,65.2,24,27.5,0,-0.02,4822.835,52.5,3,-24.4,0,0.01,10187.008,41.6,5,-24.6,0,-0.01,14360.236,23.2,9,-28.3,0,-0.01,19150.262,-0.6,10,-44.3,0,0.02,24764.266,-30.1,10,-67.9,0,0.0,31575.438,America/Los_Angeles,34.03202,-118.52633,86.0,88.20927143096924
2026-09-28T23:00,pressure_profile,best_match,73.8,42,49.2,0,0.0,209.974,73.0,22,31.9,0,-0.01,2434.383,65.5,25,28.7,0,-0.02,4826.116,52.5,3,-24.4,0,0.01,10190.289,41.6,5,-24.6,0,-0.02,14363.518,23.2,9,-28.3,0,-0.04,19156.824,-0.6,10,-44.3,0,0.0,24764.266,-30.1,10,-67.9,0,0.01,31575.438,America/Los_Angeles,34.03202,-118.52633,86.0,88.20927143096924
2026-09-29T00:00,pressure_profile,best_match,73.8,41,48.6,0,0.0,200.131,73.1,22,32.0,0,0.0,2424.541,65.7,25,28.9,0,-0.01,4819.554,52.3,3,-24.6,0,0.01,10183.728,41.6,5,-24.6,0,-0.01,14356.955,23.2,9,-28.3,0,-0.03,19146.982,-0.6,10,-44.3,0,-0.01,24756.166,-30.1,10,-67.9,0,0.01,31564.856,America/Los_Angeles,34.03202,-118.52633,86.0,88.20927143096924
2026-09-29T01:00,pressure_profile,best_match,73.6,41,48.4,0,0.0,193.57,73.3,22,32.2,0,0.0,2414.698,66.1,23,27.2,0,0.0,4809.712,52.3,3,-24.6,0,0.01,10177.165,41.3,6,-20.6,0,0.02,14347.113,23.2,9,-28.3,0,0.0,19140.42,-0.6,12,-41.7,0,-0.02,24744.014,-31.0,10,-68.7,0,0.0,31554.274,America/Los_Angeles,34.03202,-118.52633,86.0,88.20927143096924
2026-09-29T02:00,pressure_profile,best_match,73.4,40,47.6,0,0.0,183.727,73.3,22,32.2,0,0.0,2404.856,66.3,22,26.3,0,0.01,4803.15,52.0,3,-24.8,0,0.01,10170.604,41.0,6,-20.8,0,0.03,14340.552,23.2,9,-28.3,0,0.02,19130.578,-0.6,12,-41.7,0,-0.02,24735.914,-31.0,12,-66.0,0,-0.01,31543.688,America/Los_Angeles,34.03202,-118.52633,86.0,88.20927143096924
2026-09-29T03:00,pressure_profile,best_match,73.4,38,46.3,0,0.0,180.446,73.3,22,32.2,0,-0.01,2401.575,66.3,21,25.2,0,0.01,4799.869,52.0,3,-24.8,0,0.0,10167.323,40.6,6,-21.0,0,0.01,14333.989,22.8,9,-28.7,0,0.02,19120.734,-0.6,10,-44.3,0,-0.01,24723.762,-31.0,16,-61.6,0,0.0,31533.104,America/Los_Angeles,34.03202,-118.52633,86.0,88.20927143096924
2026-09-29T04:00,pressure_profile,best_match,73.2,36,44.7,0,-0.01,173.885,73.3,21,31.0,0,-0.01,2398.294,66.3,19,22.8,0,-0.01,4793.307,52.3,2,-32.1,0,-0.01,10164.042,40.3,6,-21.3,0,-0.01,14330.709,22.8,10,-25.8,0,0.0,19114.174,-0.6,10,-44.3,0,0.0,24715.662,-31.0,24,-55.3,0,0.01,31527.814,America/Los_Angeles,34.03202,-118.52633,86.0,88.20927143096924
2026-09-29T05:00,pressure_profile,best_match,73.4,34,43.3,0,-0.01,170.604,73.3,20,29.8,0,-0.02,2395.013,66.5,18,21.7,0,-0.01,4790.027,52.3,2,-32.1,0,-0.02,10160.762,40.0,6,-21.5,0,-0.03,14324.147,22.3,10,-26.1,0,-0.01,19104.33,-0.6,8,-47.4,0,0.0,24703.508,-31.0,28,-52.8,0,0.01,31517.228,America/Los_Angeles,34.03202,-118.52633,86.0,88.20927143096924
2026-09-29T06:00,pressure_profile,best_match,73.6,31,41.1,0,-0.01,177.165,73.5,19,28.7,0,-0.02,2401.575,66.8,17,20.5,0,0.0,4799.869,52.3,2,-32.1,0,-0.01,10170.604,40.0,6,-21.5,0,-0.02,14333.989,21.9,10,-26.5,0,-0.02,19110.892,-0.6,8,-47.4,0,-0.02,24711.61,-31.0,30,-51.7,0,0.0,31522.522,America/Los_Angeles,34.03202,-118.52633,86.0,88.20927143096924
2026-09-29T07:00,pressure_profile,best_match,73.9,28,38.8,0,-0.02,183.727,73.9,18,27.7,0,-0.01,2411.417,67.2,17,20.9,0,0.01,4806.431,52.3,2,-32.1,0,0.0,10177.165,40.0,6,-21.5,0,0.0,14340.552,21.9,11,-24.0,0,-0.02,19120.734,-0.6,8,-47.4,0,-0.05,24715.662,-31.0,32,-50.6,0,-0.01,31527.814,America/Los_Angeles,34.03202,-118.52633,86.0,88.20927143096924
2026-09-29T08:00,pressure_profile,best_match,74.8,25,36.7,0,-0.02,190.289,74.3,17,26.7,0,-0.01,2417.979,67.6,17,21.2,0,0.02,4816.273,52.3,2,-32.1,0,0.01,10187.008,40.0,6,-21.5,0,0.01,14350.394,21.5,11,-24.3,0,-0.02,19127.296,-0.6,8,-47.4,0,-0.06,24723.762,-31.0,32,-50.6,0,-0.03,31533.104,America/Los_Angeles,34.03202,-118.52633,86.0,88.20927143096924
2026-09-29T09:00,pressure_profile,best_match,77.2,22,35.4,0,-0.01,190.289,74.7,16,25.5,0,-0.01,2421.26,68.1,17,21.6,0,0.02,4822.835,52.3,2,-32.1,0,0.02,10196.851,39.6,6,-21.8,0,0.01,14356.955,21.1,11,-24.6,0,-0.01,19133.86,-0.6,8,-47.4,0,-0.04,24727.812,-31.0,32,-50.6,0,-0.01,31538.396,America/Los_Angeles,34.03202,-118.52633,86.0,88.20927143096924
2026-09-29T10:00,pressure_profile,best_match,80.2,20,35.5,0,0.0,187.008,75.3,16,26.0,0,-0.02,2427.822,68.3,17,21.8,0,0.02,4829.397,52.0,3,-24.8,0,0.03,10203.412,39.6,6,-21.8,0,0.01,14366.798,21.1,13,-22.4,0,0.0,19137.138,-0.6,7,-51.0,0,0.01,24731.862,-31.0,30,-51.7,0,0.0,31548.98,America/Los_Angeles,34.03202,-118.52633,86.0,88.20927143096924
2026-09-29T11:00,pressure_profile,best_match,82.2,19,35.9,0,0.01,187.008,76.1,15,25.1,0,-0.02,2431.102,68.7,18,23.5,0,0.02,4835.958,51.7,3,-25.0,0,0.03,10213.255,39.3,6,-22.0,0,0.01,14373.359,21.1,13,-22.4,0,0.01,19143.702,-0.6,7,-51.0,0,0.04,24735.914,-31.0,30,-51.7,0,0.01,31554.274,America/Los_Angeles,34.03202,-118.52633,86.0,88.20927143096924
2026-09-29T12:00,pressure_profile,best_match,82.2,21,38.4,0,0.02,173.885,77.3,14,24.4,0,-0.02,2421.26,69.1,19,25.1,0,0.01,4829.397,51.4,3,-25.2,0,0.03,10209.974,39.3,6,-22.0,0,0.01,14366.798,21.1,11,-24.6,0,0.01,19140.42,-0.6,7,-51.0,0,0.04,24731.862,-31.0,30,-51.7,0,0.01,31548.98,America/Los_Angeles,34.03202,-118.52633,86.0,88.20927143096924
2026-09-29T13:00,pressure_profile,best_match,81.1,26,43.0,0,0.02,164.042,78.7,13,23.7,0,-0.03,2408.137,69.8,20,26.9,0,-0.01,4826.116,50.9,3,-25.6,0,0.02,10206.693,39.3,8,-18.5,0,0.02,14360.236,21.5,11,-24.3,0,0.0,19133.86,-1.2,7,-51.5,0,0.02,24727.812,-31.0,30,-51.7,0,0.0,31538.396,America/Los_Angeles,34.03202,-118.52633,86.0,88.20927143096924
2026-09-29T14:00,pressure_profile,best_match,80.2,29,45.1,0,0.02,150.919,79.8,13,24.6,0,-0.03,2398.294,70.2,21,28.5,0,-0.02,4819.554,50.6,4,-20.3,0,0.02,10203.412,39.3,8,-18.5,0,0.02,14353.675,21.9,10,-26.5,0,-0.01,19130.578,-1.2,7,-51.5,0,0.01,24723.762,-31.0,30,-51.7,0,0.0,31533.104,America/Los_Angeles,34.03202,-118.52633,86.0,88.20927143096924
2026-09-29T15:00,pressure_profile,best_match,80.2,31,46.9,0,0.02,137.795,80.6,13,25.2,0,-0.03,2385.171,70.7,20,27.6,0,-0.02,4809.712,50.6,6,-16.0,0,0.02,10196.851,39.3,8,-18.5,0,0.0,14347.113,21.9,10,-26.5,0,-0.01,19124.016,-1.2,7,-51.5,0,0.01,24719.71,-31.0,30,-51.7,0,0.0,31533.104,America/Los_Angeles,34.03202,-118.52633,86.0,88.20927143096924
2026-09-29T16:00,pressure_profile,best_match,80.6,32,48.0,0,0.02,127.953,81.2,14,27.5,0,-0.03,2375.328,71.1,19,26.7,0,-0.02,4796.588,50.6,8,-9.2,0,0.01,10193.569,39.3,8,-18.5,0,-0.02,14343.832,22.3,10,-26.1,0,-0.01,19120.734,-1.2,7,-51.5,0,0.0,24711.61,-30.1,28,-52.0,0,-0.01,31527.814,America/Los_Angeles,34.03202,-118.52633,86.0,88.20927143096924
2026-09-29T17:00,pressure_profile,best_match,80.6,33,48.8,0,0.02,114.829,81.4,15,29.3,0,-0.02,2362.205,71.5,18,25.8,0,-0.02,4786.746,50.6,10,-4.0,0,0.01,10187.008,39.3,8,-18.5,0,-0.03,14337.271,22.3,10,-26.1,0,-0.01,19114.174,-1.2,7,-51.5,0,0.0,24707.56,-30.1,26,-53.2,0,-0.01,31527.814,America/Los_Angeles,34.03202,-118.52633,86.0,88.20927143096924
2026-09-29T18:00,pressure_profile,best_match,79.9,35,49.8,0,0.02,124.672,80.8,16,30.4,0,-0.01,2368.766,72.0,17,24.8,0,-0.01,4793.307,50.4,13,1.8,0,0.01,10193.569,39.3,8,-18.5,0,-0.02,14343.832,22.3,10,-26.1,0,0.0,19120.734,-1.2,7,-51.5,0,0.0,24715.662,-30.1,24,-54.5,0,-0.01,31533.104,America/Los_Angeles,34.03202,-118.52633,86.0,88.20927143096924
2026-09-29T19:00,pressure_profile,best_match,78.8,38,51.1,0,0.01,131.234,79.8,16,29.7,0,0.01,2378.609,72.2,15,22.0,0,0.01,4799.869,50.1,18,7.9,0,0.0,10203.412,39.6,8,-18.3,0,-0.01,14350.394,21.9,10,-26.5,0,0.0,19127.296,-1.2,5,-56.1,0,0.0,24723.762,-30.1,22,-55.9,0,-0.01,31538.396,America/Los_Angeles,34.03202,-118.52633,86.0,88.20927143096924
2026-09-29T20:00,pressure_profile,best_match,77.7,40,51.5,0,0.01,141.076,78.9,17,30.3,0,0.02,2385.171,72.2,15,22.0,0,0.02,4806.431,49.5,22,12.4,0,0.0,10209.974,39.6,8,-18.3,0,0.0,14356.955,21.9,10,-26.5,0,0.01,19133.86,-1.2,7,-51.5,0,0.0,24731.862,-30.1,20,-57.4,0,-0.01,31543.688,America/Los_Angeles,34.03202,-118.52633,86.0,88.20927143096924
2026-09-29T21:00,pressure_profile,best_match,76.6,43,52.5,0,0.01,150.919,78.1,17,29.7,0,0.02,2391.733,72.0,16,23.3,0,0.02,4812.992,49.0,30,18.9,0,0.0,10213.255,40.0,8,-18.0,0,0.0,14363.518,21.5,10,-26.8,0,0.02,19137.138,-1.2,12,-42.1,0,0.0,24735.914,-30.1,16,-60.8,0,-0.01,31548.98,America/Los_Angeles,34.03202,-118.52633,86.0,88.20927143096924
2026-09-29T22:00,pressure_profile,best_match,75.7,46,53.5,0,0.01,164.042,77.3,18,30.5,0,0.02,2401.575,71.5,17,24.4,0,0.01,4816.273,48.2,38,23.6,0,-0.01,10219.816,40.3,8,-17.8,0,0.0,14366.798,21.5,10,-26.8,0,0.02,19143.702,-0.6,18,-33.8,0,0.0,24735.914,-29.2,12,-64.5,0,-0.03,31548.98,America/Los_Angeles,34.03202,-118.52633,86.0,88.20927143096924
2026-09-29T23:00,pressure_profile,best_match,75.2,47,53.6,0,0.01,173.885,76.9,18,30.2,0,0.01,2408.137,71.1,19,26.7,0,0.0,4822.835,47.9,42,26.0,0,-0.01,10223.098,40.3,8,-17.8,0,0.0,14373.359,21.1,10,-27.1,0,0.02,19146.982,-0.6,23,-29.4,0,-0.01,24739.962,-29.2,8,-70.5,0,-0.03,31554.274,America/Los_Angeles,34.03202,-118.52633,86.0,88.20927143096924
2026-09-30T00:00,pressure_profile,best_match,75.4,45,52.6,0,0.0,167.323,76.9,18,30.2,0,0.01,2401.575,70.9,23,31.2,0,0.0,4816.273,48.2,40,25.0,0,-0.01,10216.535,40.0,8,-18.0,0,0.0,14366.798,21.1,10,-27.1,0,0.01,19140.42,-0.6,25,-28.1,0,-0.02,24731.862,-29.2,6,-74.6,0,-0.03,31548.98,America/Los_Angeles,34.03202,-118.52633,86.0,88.20927143096924
2026-09-30T01:00,pressure_profile,best_match,76.1,41,50.7,0,0.0,157.48,77.1,19,31.7,0,0.0,2395.013,70.9,27,35.2,0,0.01,4812.992,48.7,33,21.1,0,-0.01,10206.693,39.6,6,-21.8,0,0.0,14360.236,21.1,10,-27.1,0,-0.01,19130.578,-1.2,27,-27.4,0,-0.05,24727.812,-28.3,6,-73.9,0,-0.01,31543.688,America/Los_Angeles,34.03202,-118.52633,86.0,88.20927143096924
2026-09-30T02:00,pressure_profile,best_match,76.6,38,49.1,0,-0.01,150.919,77.3,19,31.8,0,0.0,2388.452,70.9,31,38.7,0,0.01,4806.431,49.0,28,17.1,0,-0.01,10200.131,39.3,6,-22.0,0,0.0,14353.675,21.1,10,-27.1,0,-0.03,19124.016,-1.2,25,-28.6,0,-0.06,24719.71,-28.3,6,-73.9,0,-0.01,31538.396,America/Los_Angeles,34.03202,-118.52633,86.0,88.20927143096924
2026-09-30T03:00,pressure_profile,best_match,76.6,37,48.4,0,-0.01,147.638,77.1,20,32.9,0,0.0,2385.171,70.7,33,40.2,0,0.01,4803.15,49.0,26,15.2,0,-0.01,10193.569,39.3,6,-22.0,0,0.0,14347.113,21.1,10,-27.1,0,-0.04,19117.456,-1.2,20,-32.7,0,-0.05,24715.662,-28.3,6,-73.9,0,-0.01,31538.396,America/Los_Angeles,34.03202,-118.52633,86.0,88.20927143096924
2026-09-30T04:00,pressure_profile,best_match,76.3,37,48.1,0,0.0,144.357,76.9,20,32.8,0,0.0,2381.89,70.2,35,41.3,0,0.01,4796.588,49.0,23,13.1,0,-0.01,10190.289,39.3,5,-26.2,0,0.0,14340.552,21.5,9,-29.6,0,-0.04,19110.892,-0.6,13,-39.4,0,-0.04,24707.56,-28.3,8,-69.8,0,-0.03,31543.688,America/Los_Angeles,34.03202,-118.52633,86.0,88.20927143096924
2026-09-30T05:00,pressure_profile,best_match,76.3,36,47.4,0,0.0,141.076,76.9,21,34.0,0,0.0,2378.609,70.0,36,41.8,0,0.01,4793.307,49.0,23,13.1,0,-0.01,10183.728,39.3,5,-26.2,0,0.0,14333.989,21.5,9,-29.6,0,-0.04,19104.33,-0.6,8,-47.4,0,-0.02,24703.508,-28.3,8,-69.8,0,-0.03,31543.688,America/Los_Angeles,34.03202,-118.52633,86.0,88.20927143096924
2026-09-30T06:00,pressure_profile,best_match,76.6,34,46.2,0,0.0,147.638,77.1,22,35.3,0,0.0,2385.171,70.0,38,43.2,0,0.01,4803.15,48.7,24,13.9,0,0.0,10190.289,39.3,5,-26.2,0,0.0,14337.271,21.9,9,-29.3,0,-0.02,19110.892,-0.6,7,-51.0,0,-0.02,24711.61,-28.3,8,-69.8,0,-0.03,31554.274,America/Los_Angeles,34.03202,-118.52633,86.0,88.20927143096924
2026-09-30T07:00,pressure_profile,best_match,77.0,32,44.9,0,0.0,154.199,77.3,23,36.6,0,0.01,2395.013,70.0,40,44.6,0,0.01,4809.712,48.2,26,14.5,0,0.01,10196.851,39.0,6,-22.3,0,0.01,14343.832,22.3,7,-32.3,0,0.0,19117.456,-0.1,5,-55.2,0,-0.01,24715.662,-27.4,8,-69.1,0,-0.01,31564.856,America/Los_Angeles,34.03202,-118.52633,86.0,88.20927143096924
2026-09-30T08:00,pressure_profile,best_match,77.7,31,44.7,0,0.0,160.761,77.5,24,37.9,0,0.01,2401.575,70.2,40,44.8,0,0.01,4819.554,48.2,27,15.4,0,0.02,10203.412,39.0,6,-22.3,0,0.01,14347.113,22.3,7,-32.3,0,0.02,19124.016,-0.1,5,-55.2,0,-0.01,24723.762,-27.4,8,-69.1,0,-0.01,31575.438,America/Los_Angeles,34.03202,-118.52633,86.0,88.20927143096924
2026-09-30T09:00,pressure_profile,best_match,78.8,31,45.6,0,0.0,160.761,77.7,24,38.0,0,0.0,2404.856,70.5,38,43.6,0,0.0,4822.835,48.7,24,13.9,0,0.01,10209.974,38.6,6,-22.5,0,0.01,14353.675,22.3,7,-32.3,0,0.03,19130.578,0.5,5,-54.8,0,-0.01,24727.812,-27.4,8,-69.1,0,-0.01,31580.73,America/Los_Angeles,34.03202,-118.52633,86.0,88.20927143096924
2026-09-30T10:00,pressure_profile,best_match,80.2,31,46.9,0,0.01,164.042,77.9,24,38.2,0,-0.01,2408.137,70.7,36,42.4,0,-0.01,4829.397,49.3,21,11.0,0,-0.02,10219.816,38.3,6,-22.8,0,0.0,14363.518,21.9,7,-32.6,0,0.03,19133.86,0.5,3,-61.2,0,0.0,24735.914,-26.5,8,-68.4,0,-0.03,31591.312,America/Los_Angeles,34.03202,-118.52633,86.0,88.20927143096924
2026-09-30T11:00,pressure_profile,best_match,81.1,32,48.5,0,0.01,164.042,78.3,24,38.5,0,-0.02,2411.417,71.1,33,40.5,0,-0.02,4832.677,49.8,19,9.0,0,-0.03,10226.378,38.3,6,-22.8,0,0.0,14370.079,21.9,7,-32.6,0,0.03,19140.42,1.1,3,-60.7,0,0.0,24739.962,-26.5,8,-68.4,0,-0.03,31596.606,America/Los_Angeles,34.03202,-118.52633,86.0,88.20927143096924
2026-09-30T12:00,pressure_profile,best_match,81.3,35,51.1,0,0.01,147.638,79.1,24,39.2,0,-0.03,2395.013,71.5,31,39.3,0,-0.03,4819.554,49.5,21,11.3,0,-0.02,10213.255,38.6,6,-22.5,0,0.0,14360.236,21.9,7,-32.6,0,0.02,19130.578,1.1,3,-60.7,0,0.0,24731.862,-25.6,8,-67.6,0,-0.03,31591.312,America/Los_Angeles,34.03202,-118.52633,86.0,88.20927143096924
2026-09-30T13:00,pressure_profile,best_match,81.0,39,53.7,0,0.02,127.953,80.2,24,40.2,0,-0.03,2378.609,71.8,30,38.7,0,-0.04,4806.431,49.3,26,15.4,0,0.0,10203.412,39.3,6,-22.0,0,-0.01,14350.394,22.3,9,-29.0,0,0.0,19124.016,1.6,5,-54.0,0,0.01,24727.812,-25.6,8,-67.6,0,-0.01,31591.312,America/Los_Angeles,34.03202,-118.52633,86.0,88.20927143096924
2026-09-30T14:00,pressure_profile,best_match,81.0,41,55.1,0,0.02,111.549,81.0,24,40.8,0,-0.03,2362.205,72.2,29,38.2,0,-0.05,4793.307,49.0,29,18.0,0,0.01,10190.289,39.6,6,-21.8,0,-0.01,14340.552,22.3,9,-29.0,0,-0.02,19114.174,1.6,5,-54.0,0,0.01,24719.71,-24.7,8,-66.9,0,0.0,31586.02,America/Los_Angeles,34.03202,-118.52633,86.0,88.20927143096924
2026-09-30T15:00,pressure_profile,best_match,81.9,40,55.2,0,0.02,101.706,81.6,25,42.4,0,-0.02,2355.643,72.6,30,39.4,0,-0.05,4790.027,49.0,30,18.9,0,0.0,10190.289,39.3,6,-22.0,0,-0.01,14337.271,22.8,9,-28.7,0,-0.02,19110.892,1.6,5,-54.0,0,0.01,24719.71,-24.7,8,-66.9,0,0.01,31580.73,America/Los_Angeles,34.03202,-118.52633,86.0,88.20927143096924
2026-09-30T16:00,pressure_profile,best_match,83.1,39,55.6,0,0.01,91.864,81.8,26,43.6,0,-0.01,2352.362,73.1,31,40.6,0,-0.04,4783.465,49.3,29,18.2,0,-0.02,10190.289,39.0,6,-22.3,0,-0.01,14337.271,22.8,9,-28.7,0,-0.02,19110.892,1.6,7,-49.3,0,0.01,24715.662,-24.7,8,-66.9,0,0.03,31580.73,America/Los_Angeles,34.03202,-118.52633,86.0,88.20927143096924
2026-09-30T17:00,pressure_profile,best_match,83.8,37,54.8,0,0.01,82.021,82.0,27,44.7,0,0.0,2345.801,73.1,33,42.3,0,-0.02,4780.184,49.5,29,18.5,0,-0.03,10190.289,38.6,6,-22.5,0,-0.01,14333.989,23.2,9,-28.3,0,-0.02,19107.612,1.6,7,-49.3,0,0.0,24715.662,-24.7,8,-66.9,0,0.03,31575.438,America/Los_Angeles,34.03202,-118.52633,86.0,88.20927143096924
2026-09-30T18:00,pressure_profile,best_match,83.7,36,53.9,0,0.01,91.864,82.0,26,43.7,0,0.01,2352.362,72.6,36,44.1,0,0.01,4786.746,49.5,29,18.5,0,-0.02,10193.569,39.0,6,-22.3,0,-0.01,14340.552,23.2,9,-28.3,0,-0.02,19117.456,1.6,7,-49.3,0,-0.01,24727.812,-24.7,8,-66.9,0,0.03,31591.312,America/Los_Angeles,34.03202,-118.52633,86.0,88.20927143096924
2026-09-30T19:00,pressure_profile,best_match,82.9,36,53.3,0,0.0,98.425,81.8,25,42.6,0,0.02,2362.205,72.2,40,46.5,0,0.04,4793.307,49.8,28,17.8,0,-0.01,10200.131,39.6,6,-21.8,0,-0.02,14350.394,23.6,10,-25.1,0,-0.03,19130.578,1.6,8,-45.6,0,-0.02,24744.014,-24.7,8,-66.9,0,0.01,31607.19,America/Los_Angeles,34.03202,-118.52633,86.0,88.20927143096924
2026-09-30T20:00,pressure_profile,best_match,81.9,37,53.0,0,0.0,108.268,81.2,24,41.0,0,0.03,2368.766,71.5,43,47.9,0,0.06,4799.869,49.8,27,16.8,0,0.0,10203.412,40.0,6,-21.5,0,-0.02,14356.955,23.6,10,-25.1,0,-0.03,19140.42,1.6,8,-45.6,0,-0.04,24756.166,-24.7,8,-66.9,0,0.0,31623.064,America/Los_Angeles,34.03202,-118.52633,86.0,88.20927143096924
2026-09-30T21:00,pressure_profile,best_match,80.6,39,53.4,0,0.0,124.672,80.4,24,40.3,0,0.03,2378.609,71.1,44,48.1,0,0.05,4806.431,49.8,24,14.8,0,0.0,10206.693,40.0,6,-21.5,0,-0.01,14360.236,23.6,9,-28.0,0,-0.02,19143.702,1.6,8,-45.6,0,-0.05,24760.214,-24.7,8,-66.9,0,0.0,31628.354,America/Los_Angeles,34.03202,-118.52633,86.0,88.20927143096924
2026-09-30T22:00,pressure_profile,best_match,79.0,42,53.9,0,0.01,137.795,79.4,26,41.6,0,0.02,2388.452,70.7,45,48.3,0,0.03,4812.992,49.8,22,12.7,0,0.01,10206.693,40.0,6,-21.5,0,-0.01,14363.518,23.6,7,-31.3,0,-0.01,19146.982,1.1,10,-42.9,0,-0.05,24764.266,-24.7,8,-66.9,0,0.01,31638.938,America/Los_Angeles,34.03202,-118.52633,86.0,88.20927143096924
2026-09-30T23:00,pressure_profile,best_match,77.2,46,54.8,0,0.01,154.199,78.1,27,41.4,0,0.02,2398.294,70.2,44,47.3,0,0.01,4819.554,49.5,20,10.1,0,0.01,10209.974,40.0,6,-21.5,0,0.0,14366.798,23.6,6,-35.4,0,-0.01,19150.262,1.1,10,-42.9,0,-0.05,24768.316,-24.7,8,-66.9,0,0.01,31644.23,America/Los_Angeles,34.03202,-118.52633,86.0,88.20927143096924
2026-10-01T00:00,pressure_profile,best_match,75.2,54,57.4,0,0.01,164.042,76.1,29,41.5,0,0.02,2395.013,69.8,42,45.7,0,0.01,4812.992,49.3,19,8.6,0,0.02,10200.131,40.0,6,-21.5,0,0.0,14353.675,23.6,6,-35.4,0,-0.02,19137.138,0.5,12,-40.8,0,-0.04,24756.166,-24.7,8,-66.9,0,0.01,31633.646,America/Los_Angeles,34.03202,-118.52633,86.0,88.20927143096924
2026-10-01T01:00,pressure_profile,best_match,73.2,63,59.9,0,0.02,170.604,73.9,30,40.5,0,0.03,2395.013,69.6,39,43.5,0,0.02,4803.15,49.0,18,7.0,0,0.03,10187.008,40.3,6,-21.3,0,0.0,14343.832,24.0,6,-35.0,0,-0.03,19127.296,-0.1,12,-41.2,0,-0.01,24748.064,-23.8,8,-66.2,0,0.0,31628.354,America/Los_Angeles,34.03202,-118.52633,86.0,88.20927143096924
2026-10-01T02:00,pressure_profile,best_match,71.8,70,61.5,0,0.02,180.446,72.0,32,40.5,0,0.03,2391.733,69.1,35,40.3,0,0.03,4796.588,48.7,17,5.3,0,0.03,10177.165,40.3,6,-21.3,0,0.0,14330.709,24.0,6,-35.0,0,-0.04,19114.174,-0.1,12,-41.2,0,0.0,24735.914,-23.8,8,-66.2,0,-0.01,31617.772,America/Los_Angeles,34.03202,-118.52633,86.0,88.20927143096924
2026-10-01T03:00,pressure_profile,best_match,71.4,71,61.5,0,0.02,187.008,70.6,33,40.1,0,0.02,2395.013,68.7,29,35.2,0,0.03,4796.588,48.7,13,0.5,0,0.02,10170.604,40.3,6,-21.3,0,-0.01,14324.147,24.0,6,-35.0,0,-0.03,19107.612,0.5,10,-43.4,0,0.0,24731.862,-23.8,8,-66.2,0,-0.03,31612.478,America/Los_Angeles,34.03202,-118.52633,86.0,88.20927143096924
2026-10-01T04:00,pressure_profile,best_match,71.6,70,61.3,0,0.01,193.57,69.6,33,39.2,0,0.02,2401.575,68.1,22,27.8,0,0.02,4796.588,49.0,9,-7.8,0,0.0,10167.323,40.0,6,-21.5,0,-0.01,14317.585,24.4,7,-30.7,0,-0.01,19104.33,1.1,7,-49.7,0,0.0,24727.812,-23.8,8,-66.2,0,-0.04,31607.19,America/Los_Angeles,34.03202,-118.52633,86.0,88.20927143096924
2026-10-01T05:00,pressure_profile,best_match,71.6,69,60.9,0,0.01,200.131,68.2,37,41.0,0,0.01,2404.856,67.4,17,21.1,0,0.02,4796.588,49.3,6,-17.0,0,-0.01,10160.762,40.0,6,-21.5,0,-0.02,14311.023,24.4,7,-30.7,0,0.0,19097.77,1.6,5,-54.0,0,0.0,24723.762,-23.8,8,-66.2,0,-0.04,31601.896,America/Los_Angeles,34.03202,-118.52633,86.0,88.20927143096924
2026-10-01T06:00,pressure_profile,best_match,70.9,71,61.0,0,0.01,219.816,65.9,48,45.6,0,0.01,2421.26,66.3,15,17.3,0,0.02,4806.431,49.5,6,-16.8,0,-0.02,10170.604,40.3,6,-21.3,0,-0.02,14324.147,24.0,7,-31.0,0,0.01,19114.174,1.6,3,-60.3,0,0.0,24735.914,-23.8,8,-66.2,0,-0.04,31607.19,America/Los_Angeles,34.03202,-118.52633,86.0,88.20927143096924
2026-10-01T07:00,pressure_profile,best_match,70.2,74,61.5,0,0.02,242.782,63.1,62,49.9,0,0.01,2437.664,65.2,14,14.8,0,0.02,4816.273,50.1,8,-9.6,0,-0.02,10180.446,41.0,6,-20.8,0,-0.02,14340.552,24.0,6,-35.0,0,0.01,19130.578,1.1,3,-60.7,0,0.01,24748.064,-24.7,8,-66.9,0,-0.03,31612.478,America/Los_Angeles,34.03202,-118.52633,86.0,88.20927143096924
2026-10-01T08:00,pressure_profile,best_match,69.8,74,61.1,0,0.02,262.467,61.3,73,52.6,0,0.01,2454.068,64.4,13,12.4,0,0.02,4826.116,50.6,9,-6.5,0,-0.02,10190.289,41.6,6,-20.3,0,-0.02,14353.675,23.6,6,-35.4,0,0.01,19146.982,0.5,3,-61.2,0,0.01,24760.214,-25.6,8,-67.6,0,-0.01,31617.772,America/Los_Angeles,34.03202,-118.52633,86.0,88.20927143096924
2026-10-01T09:00,pressure_profile,best_match,70.7,70,60.4,0,0.03,272.31,60.9,76,53.3,0,0.01,2467.192,63.9,12,10.3,0,0.01,4835.958,51.2,9,-6.1,0,-0.02,10200.131,41.9,6,-20.1,0,-0.02,14366.798,23.6,4,-40.4,0,0.01,19160.106,-0.1,3,-61.6,0,0.02,24772.368,-26.5,10,-65.0,0,0.0,31623.064,America/Los_Angeles,34.03202,-118.52633,86.0,88.20927143096924
2026-10-01T10:00,pressure_profile,best_match,72.1,65,59.7,0,0.03,278.871,61.5,76,53.9,0,0.02,2477.034,63.5,12,9.9,0,0.01,4842.52,51.7,8,-8.4,0,-0.02,10213.255,41.9,6,-20.1,0,-0.02,14383.202,24.0,3,-47.0,0,0.02,19176.51,-0.1,3,-61.6,0,0.04,24784.518,-27.4,14,-60.6,0,0.0,31623.064,America/Los_Angeles,34.03202,-118.52633,86.0,88.20927143096924
2026-10-01T11:00,pressure_profile,best_match,73.2,60,58.5,0,0.04,288.714,62.1,74,53.7,0,0.02,2490.158,63.5,12,9.9,0,0.0,4852.363,52.0,7,-11.3,0,-0.02,10223.098,41.9,5,-24.3,0,-0.02,14396.325,24.0,3,-47.0,0,0.02,19189.632,-0.6,3,-62.0,0,0.04,24796.67,-28.3,16,-59.3,0,0.0,31628.354,America/Los_Angeles,34.03202,-118.52633,86.0,88.20927143096924
2026-10-01T12:00,pressure_profile,best_match,73.8,57,57.6,0,0.04,275.591,62.9,70,53.0,0,0.01,2480.315,63.7,11,8.2,0,0.0,4845.801,52.3,7,-11.1,0,-0.01,10213.255,41.9,4,-29.7,0,-0.02,14389.764,24.0,3,-47.0,0,0.02,19183.07,-0.6,3,-62.0,0,0.04,24788.568,-28.3,16,-59.3,0,-0.01,31617.772,America/Los_Angeles,34.03202,-118.52633,86.0,88.20927143096924
2026-10-01T13:00,pressure_profile,best_match,74.1,55,56.9,0,0.04,265.748,63.9,65,51.9,0,0.0,2470.473,63.9,11,8.3,0,-0.01,4835.958,52.3,6,-14.8,0,-0.01,10206.693,42.3,3,-36.7,0,-0.01,14379.921,23.6,4,-40.4,0,0.02,19173.228,-0.6,3,-62.0,0,0.02,24784.518,-28.3,16,-59.3,0,-0.01,31612.478,America/Los_Angeles,34.03202,-118.52633,86.0,88.20927143096924
2026-10-01T14:00,pressure_profile,best_match,74.1,54,56.4,0,0.04,252.625,64.5,61,50.7,0,-0.01,2460.63,64.2,12,10.4,0,-0.01,4829.397,52.3,6,-14.8,0,0.0,10196.851,42.3,1,-48.5,0,-0.01,14373.359,23.6,4,-40.4,0,0.02,19166.666,-0.6,3,-62.0,0,0.01,24776.418,-28.3,14,-61.4,0,-0.03,31601.896,America/Los_Angeles,34.03202,-118.52633,86.0,88.20927143096924
2026-10-01T15:00,pressure_profile,best_match,73.8,55,56.6,0,0.03,249.344,64.5,61,50.7,0,-0.01,2457.349,63.7,16,16.6,0,-0.01,4826.116,52.5,4,-18.9,0,0.0,10190.289,42.3,1,-48.5,0,-0.01,14370.079,24.0,4,-40.1,0,0.01,19166.666,-0.6,3,-62.0,0,0.01,24776.418,-29.2,14,-62.1,0,-0.03,31601.896,America/Los_Angeles,34.03202,-118.52633,86.0,88.20927143096924
2026-10-01T16:00,pressure_profile,best_match,73.2,56,56.6,0,0.03,249.344,64.3,62,51.0,0,-0.01,2450.787,63.3,23,24.8,0,-0.01,4819.554,52.8,3,-24.2,0,-0.01,10187.008,42.6,1,-48.3,0,0.0,14366.798,24.0,6,-35.0,0,0.01,19163.386,-0.1,5,-55.2,0,0.01,24780.466,-30.1,12,-65.2,0,-0.01,31596.606,America/Los_Angeles,34.03202,-118.52633,86.0,88.20927143096924
2026-10-01T17:00,pressure_profile,best_match,72.3,59,57.2,0,0.02,246.063,64.1,63,51.2,0,-0.01,2447.507,62.6,29,29.9,0,-0.01,4816.273,53.1,2,-31.6,0,-0.01,10180.446,42.6,1,-48.3,0,0.0,14363.518,24.4,6,-34.7,0,0.0,19163.386,-0.1,7,-50.6,0,0.01,24780.466,-31.0,12,-66.0,0,-0.01,31596.606,America/Los_Angeles,34.03202,-118.52633,86.0,88.20927143096924
2026-10-01T18:00,pressure_profile,best_match,70.9,64,58.1,0,0.02,252.625,64.3,62,51.0,0,0.0,2450.787,62.2,36,34.9,0,-0.01,4819.554,53.6,2,-31.2,0,-0.01,10187.008,42.6,1,-48.3,0,0.0,14370.079,24.4,6,-34.7,0,-0.01,19169.948,-0.1,10,-43.9,0,-0.01,24784.518,-31.0,10,-68.7,0,-0.01,31601.896,America/Los_Angeles,34.03202,-118.52633,86.0,88.20927143096924
2026-10-01T19:00,pressure_profile,best_match,69.3,69,58.7,0,0.01,255.906,64.5,61,50.7,0,0.01,2454.068,61.8,42,38.4,0,0.0,4822.835,54.5,2,-30.6,0,-0.01,10193.569,42.3,1,-48.5,0,0.0,14376.641,24.4,6,-34.7,0,-0.01,19176.51,-0.6,15,-37.3,0,-0.04,24792.62,-31.0,10,-68.7,0,-0.03,31607.19,America/Los_Angeles,34.03202,-118.52633,86.0,88.20927143096924
2026-10-01T20:00,pressure_profile,best_match,68.2,73,59.2,0,0.01,262.467,64.5,61,50.7,0,0.01,2457.349,61.5,47,41.1,0,0.0,4826.116,55.0,2,-30.3,0,-0.01,10200.131,41.9,3,-36.9,0,0.0,14383.202,24.4,7,-30.7,0,-0.02,19183.07,-0.6,17,-35.5,0,-0.05,24796.67,-31.0,10,-68.7,0,-0.03,31612.478,America/Los_Angeles,34.03202,-118.52633,86.0,88.20927143096924
2026-10-01T21:00,pressure_profile,best_match,68.2,73,59.2,0,0.01,265.748,63.7,65,51.7,0,0.01,2460.63,61.3,48,41.5,0,0.0,4826.116,55.3,2,-30.1,0,-0.01,10203.412,41.6,8,-16.8,0,0.0,14383.202,24.0,9,-27.7,0,-0.03,19183.07,-0.1,17,-35.0,0,-0.05,24796.67,-31.0,14,-63.6,0,-0.01,31617.772,America/Los_Angeles,34.03202,-118.52633,86.0,88.20927143096924
2026-10-01T22:00,pressure_profile,best_match,68.9,71,59.1,0,0.01,269.029,62.5,71,53.0,0,0.0,2460.63,61.1,48,41.3,0,-0.01,4829.397,55.3,3,-22.5,0,-0.02,10206.693,41.6,15,-2.7,0,-0.01,14386.483,24.0,11,-22.3,0,-0.04,19179.792,-0.1,13,-38.9,0,-0.04,24800.718,-30.1,20,-57.4,0,0.01,31623.064,America/Los_Angeles,34.03202,-118.52633,86.0,88.20927143096924
2026-10-01T23:00,pressure_profile,best_match,69.3,70,59.1,0,0.01,272.31,61.5,75,53.5,0,-0.01,2463.911,60.9,47,40.5,0,-0.01,4829.397,55.0,3,-22.7,0,-0.02,10209.974,41.3,21,4.5,0,-0.01,14386.483,23.6,14,-18.3,0,-0.04,19179.792,0.5,12,-40.8,0,-0.02,24800.718,-30.1,24,-54.5,0,0.03,31628.354,America/Los_Angeles,34.03202,-118.52633,86.0,88.20927143096924
2026-09-22T00:00,pressure_profile,ncep_hrrr_conus,68.0,77.0,60.5,0.0,-0.05,360.892,60.0,90.0,57.0,24.0,-0.04,2559.055,59.6,55.0,43.4,0.0,-0.04,4911.418,44.3,36.0,18.7,0.0,-0.02,10236.221,28.4,36.0,4.9,0.0,-0.02,14314.305,13.9,7.0,-38.7,0.0,-0.01,18996.062,-5.2,15.0,-41.1,0.0,-0.01,24521.24,-32.8,2.0,-92.1,0.0,0.0,31268.522,America/Los_Angeles,34.03202,-118.52633,86.0,0.5197525024414062
2026-09-22T01:00,pressure_profile,ncep_hrrr_conus,68.2,74.0,59.6,0.0,-0.05,360.892,59.4,91.0,56.7,27.0,-0.04,2559.055,59.4,53.0,42.2,0.0,-0.04,4908.137,44.1,33.0,17.0,0.0,-0.02,10232.939,29.0,29.0,0.5,0.0,-0.02,14314.305,13.5,9.0,-35.8,0.0,-0.01,18992.784,-5.2,17.0,-39.3,0.0,-0.01,24517.19,-32.8,2.0,-92.1,0.0,0.0,31263.228,America/Los_Angeles,34.03202,-118.52633,86.0,0.5197525024414062
2026-09-22T02:00,pressure_profile,ncep_hrrr_conus,68.0,73.0,59.0,0.0,-0.04,357.612,59.2,91.0,56.5,27.0,-0.03,2555.775,59.4,52.0,41.7,0.0,-0.03,4901.575,44.6,31.0,15.9,0.0,-0.02,10229.659,29.3,23.0,-4.4,0.0,-0.02,14314.305,14.8,9.0,-34.8,0.0,-0.01,18996.062,-4.7,17.0,-38.8,0.0,0.0,24533.392,-32.8,4.0,-83.0,0.0,0.0,31279.106,America/Los_Angeles,34.03202,-118.52633,86.0,0.5197525024414062
2026-09-22T03:00,pressure_profile,ncep_hrrr_conus,68.0,74.0,59.4,0.0,-0.03,357.612,59.0,91.0,56.3,27.0,-0.03,2555.775,58.7,57.0,43.5,0.0,-0.02,4901.575,44.3,23.0,9.1,0.0,-0.01,10219.816,28.7,18.0,-10.1,0.0,-0.01,14304.462,13.9,9.0,-35.5,0.0,-0.01,18979.658,-5.2,17.0,-39.3,0.0,-0.01,24509.088,-33.7,4.0,-83.6,0.0,0.0,31247.354,America/Los_Angeles,34.03202,-118.52633,86.0,0.5197525024414062
2026-09-22T04:00,pressure_profile,ncep_hrrr_conus,67.8,73.0,58.9,0.0,-0.03,357.612,58.8,93.0,56.8,36.0,-0.03,2552.494,58.5,54.0,41.9,0.0,-0.02,4898.294,44.3,22.0,8.0,0.0,-0.02,10219.816,29.3,16.0,-11.1,0.0,-0.01,14301.182,14.4,9.0,-35.2,0.0,-0.01,18982.94,-6.4,20.0,-37.1,0.0,0.0,24509.088,-34.6,6.0,-78.8,0.0,0.0,31236.772,America/Los_Angeles,34.03202,-118.52633,86.0,0.5197525024414062
2026-09-22T05:00,pressure_profile,ncep_hrrr_conus,67.5,73.0,58.5,0.0,-0.03,351.05,58.4,94.0,56.7,41.0,-0.02,2545.932,58.3,52.0,40.7,0.0,-0.02,4888.452,44.3,23.0,9.1,0.0,-0.01,10209.974,29.7,14.0,-14.1,0.0,-0.01,14294.619,13.9,10.0,-32.7,0.0,-0.01,18976.378,-7.5,25.0,-34.1,0.0,0.0,24492.888,-35.5,6.0,-79.5,0.0,0.0,31205.02,America/Los_Angeles,34.03202,-118.52633,86.0,0.5197525024414062
2026-09-22T06:00,pressure_profile,ncep_hrrr_conus,66.9,74.0,58.4,0.0,-0.03,357.612,58.4,96.0,57.2,52.0,-0.03,2552.494,59.2,49.0,40.0,0.0,-0.02,4898.294,44.6,26.0,11.4,0.0,-0.02,10226.378,30.3,13.0,-15.5,0.0,-0.01,14311.023,13.9,7.0,-38.7,0.0,-0.01,18999.344,-8.1,23.0,-35.8,0.0,0.0,24505.04,-36.4,4.0,-85.7,0.0,0.0,31210.312,America/Los_Angeles,34.03202,-118.52633,86.0,0.5197525024414062
2026-09-22T07:00,pressure_profile,ncep_hrrr_conus,66.6,78.0,59.5,0.0,-0.02,367.454,58.0,96.0,56.9,52.0,-0.02,2562.336,60.5,39.0,35.4,0.0,-0.02,4911.418,44.6,28.0,13.3,0.0,-0.01,10239.501,30.7,14.0,-13.3,0.0,-0.01,14330.709,13.9,4.0,-47.4,0.0,-0.01,19019.03,-7.5,17.0,-41.2,0.0,0.0,24525.292,-36.4,4.0,-85.7,0.0,0.0,31226.19,America/Los_Angeles,34.03202,-118.52633,86.0,0.5197525024414062
2026-09-22T08:00,pressure_profile,ncep_hrrr_conus,66.7,79.0,60.0,0.0,-0.01,383.858,57.2,98.0,56.6,66.0,-0.01,2575.459,60.2,46.0,39.4,0.0,-0.01,4917.979,43.8,34.0,17.5,0.0,-0.01,10249.344,29.7,19.0,-7.9,0.0,0.0,14330.709,14.4,6.0,-42.2,0.0,0.0,19022.31,-7.5,12.0,-47.2,0.0,0.0,24533.392,-36.4,6.0,-80.2,0.0,0.0,31231.478,America/Los_Angeles,34.03202,-118.52633,86.0,0.5197525024414062
2026-09-22T09:00,pressure_profile,ncep_hrrr_conus,67.5,75.0,59.3,0.0,0.01,380.577,57.0,98.0,56.4,66.0,0.01,2572.179,61.5,43.0,38.8,0.0,0.01,4921.26,43.8,36.0,18.2,0.0,0.01,10259.187,29.7,28.0,0.1,0.0,0.0,14337.271,14.4,9.0,-35.2,0.0,0.0,19032.152,-6.9,15.0,-42.5,0.0,0.0,24545.542,-37.3,8.0,-76.9,0.0,0.0,31242.064,America/Los_Angeles,34.03202,-118.52633,86.0,0.5197525024414062
2026-09-22T10:00,pressure_profile,ncep_hrrr_conus,68.7,74.0,60.1,0.0,0.01,374.016,58.4,92.0,56.1,32.0,-0.02,2568.898,63.1,41.0,39.0,0.0,-0.05,4927.822,43.5,38.0,19.4,0.0,-0.03,10265.748,30.0,33.0,4.0,0.0,-0.04,14343.832,14.8,7.0,-38.1,0.0,-0.04,19041.994,-7.5,18.0,-39.6,0.0,0.01,24553.644,-38.2,18.0,-65.9,0.0,0.0,31247.354,America/Los_Angeles,34.03202,-118.52633,86.0,0.5197525024414062
2026-09-22T11:00,pressure_profile,ncep_hrrr_conus,70.2,71.0,60.3,0.0,0.03,341.207,60.7,83.0,55.5,0.0,0.0,2542.651,64.4,34.0,35.4,0.0,-0.04,4911.418,43.5,39.0,20.1,0.0,0.01,10249.344,31.0,26.0,0.3,0.0,-0.02,14337.271,14.8,7.0,-38.1,0.0,-0.03,19038.714,-7.5,15.0,-43.0,0.0,0.01,24549.594,-39.1,26.0,-61.1,0.0,0.0,31242.064,America/Los_Angeles,34.03202,-118.52633,86.0,0.5197525024414062
2026-09-22T12:00,pressure_profile,ncep_hrrr_conus,71.1,71.0,61.2,0.0,0.05,347.769,63.3,75.0,55.2,0.0,0.01,2555.775,65.0,33.0,35.2,0.0,-0.05,4931.103,43.5,40.0,20.8,0.0,0.0,10272.31,31.7,23.0,-2.4,0.0,-0.02,14360.236,14.8,7.0,-38.1,0.0,-0.05,19064.96,-7.5,15.0,-43.0,0.0,-0.01,24577.946,-39.1,26.0,-61.1,0.0,-0.01,31268.522,America/Los_Angeles,34.03202,-118.52633,86.0,0.5197525024414062
2026-09-22T13:00,pressure_profile,ncep_hrrr_conus,70.9,75.0,62.6,0.0,0.04,331.365,65.1,70.0,55.1,0.0,-0.01,2542.651,65.9,32.0,35.2,0.0,-0.05,4924.541,43.5,41.0,21.4,0.0,0.0,10265.748,32.0,21.0,-3.3,0.0,-0.02,14356.955,15.2,7.0,-37.7,0.0,-0.03,19064.96,-7.5,15.0,-43.0,0.0,0.0,24581.998,-39.1,24.0,-62.4,0.0,-0.01,31268.522,America/Los_Angeles,34.03202,-118.52633,86.0,0.5197525024414062
2026-09-22T14:00,pressure_profile,ncep_hrrr_conus,70.7,76.0,62.8,0.0,0.03,305.118,66.5,65.0,54.3,0.0,-0.01,2516.404,66.1,34.0,36.9,0.0,-0.02,4904.856,43.5,41.0,21.4,0.0,0.01,10249.344,32.3,19.0,-5.7,0.0,-0.02,14343.832,15.2,7.0,-37.7,0.0,-0.02,19051.838,-7.5,15.0,-43.0,0.0,0.0,24569.846,-38.2,20.0,-64.4,0.0,-0.04,31257.936,America/Los_Angeles,34.03202,-118.52633,86.0,0.5197525024414062
2026-09-22T15:00,pressure_profile,ncep_hrrr_conus,70.9,77.0,63.3,0.0,0.02,298.556,68.6,60.0,54.2,0.0,-0.03,2513.123,67.0,34.0,37.7,0.0,-0.05,4908.137,44.1,39.0,20.6,0.0,-0.04,10255.905,32.7,18.0,-6.8,0.0,-0.03,14353.675,15.6,7.0,-37.4,0.0,-0.02,19061.68,-8.1,15.0,-43.5,0.0,0.0,24577.946,-37.3,10.0,-73.8,0.0,-0.04,31268.522,America/Los_Angeles,34.03202,-118.52633,86.0,0.5197525024414062
2026-09-22T16:00,pressure_profile,ncep_hrrr_conus,71.6,76.0,63.6,0.0,0.02,278.871,70.6,55.0,53.6,0.0,-0.02,2496.719,67.8,33.0,37.7,0.0,-0.03,4895.013,44.3,39.0,20.8,0.0,-0.02,10249.344,32.7,18.0,-6.8,0.0,-0.01,14350.394,15.6,7.0,-37.4,0.0,-0.03,19061.68,-8.1,15.0,-43.5,0.0,-0.05,24577.946,-37.3,8.0,-76.9,0.0,-0.03,31268.522,America/Los_Angeles,34.03202,-118.52633,86.0,0.5197525024414062
2026-09-22T17:00,pressure_profile,ncep_hrrr_conus,72.3,73.0,63.2,0.0,0.03,272.31,71.8,51.0,52.7,0.0,-0.01,2493.438,68.3,32.0,37.3,0.0,-0.02,4895.013,44.6,42.0,23.0,0.0,0.0,10252.625,32.3,19.0,-5.7,0.0,-0.01,14350.394,16.0,7.0,-37.1,0.0,-0.04,19064.96,-8.1,10.0,-50.2,0.0,-0.06,24586.046,-37.3,10.0,-73.8,0.0,-0.04,31279.106,America/Los_Angeles,34.03202,-118.52633,86.0,0.5197525024414062
2026-09-22T18:00,pressure_profile,ncep_hrrr_conus,72.3,69.0,61.6,0.0,0.0,272.31,73.0,41.0,47.9,0.0,-0.02,2496.719,68.7,32.0,37.7,0.0,0.0,4901.575,44.6,43.0,23.7,0.0,-0.01,10262.467,32.3,19.0,-5.7,0.0,-0.03,14360.236,16.5,7.0,-36.8,0.0,-0.03,19078.084,-7.5,10.0,-49.8,0.0,-0.01,24602.25,-36.4,8.0,-76.2,0.0,-0.01,31300.27,America/Los_Angeles,34.03202,-118.52633,86.0,0.5197525024414062
2026-09-22T19:00,pressure_profile,ncep_hrrr_conus,71.8,69.0,61.1,0.0,-0.02,278.871,73.9,36.0,45.3,0.0,-0.01,2503.281,69.1,32.0,38.0,0.0,0.01,4911.418,44.9,41.0,22.6,0.0,-0.02,10272.31,32.7,19.0,-5.4,0.0,-0.03,14373.359,16.5,7.0,-36.8,0.0,-0.01,19091.208,-7.5,12.0,-47.2,0.0,0.0,24614.4,-36.4,8.0,-76.2,0.0,-0.03,31316.146,America/Los_Angeles,34.03202,-118.52633,86.0,0.5197525024414062
2026-09-22T20:00,pressure_profile,ncep_hrrr_conus,72.1,69.0,61.4,0.0,-0.03,288.714,74.3,38.0,47.1,0.0,0.0,2516.404,68.9,33.0,38.6,0.0,0.03,4924.541,45.1,37.0,20.2,0.0,-0.01,10288.714,33.3,15.0,-9.4,0.0,-0.03,14393.045,16.9,7.0,-36.5,0.0,-0.01,19114.174,-7.5,13.0,-45.0,0.0,-0.02,24638.704,-36.4,8.0,-76.2,0.0,-0.01,31342.604,America/Los_Angeles,34.03202,-118.52633,86.0,0.5197525024414062
2026-09-22T21:00,pressure_profile,ncep_hrrr_conus,71.4,74.0,62.7,0.0,0.0,298.556,74.1,42.0,49.6,0.0,0.0,2522.966,68.7,33.0,38.4,0.0,0.0,4931.103,45.4,34.0,19.0,0.0,-0.03,10295.275,34.0,14.0,-10.7,0.0,-0.02,14406.168,16.9,7.0,-36.5,0.0,-0.04,19127.296,-8.1,13.0,-45.5,0.0,-0.07,24650.854,-36.4,8.0,-76.2,0.0,0.0,31363.772,America/Los_Angeles,34.03202,-118.52633,86.0,0.5197525024414062
2026-09-22T22:00,pressure_profile,ncep_hrrr_conus,70.2,80.0,63.7,0.0,0.01,305.118,73.7,42.0,49.2,0.0,0.01,2529.528,68.9,31.0,37.0,0.0,0.0,4937.664,45.7,39.0,22.1,0.0,-0.03,10301.837,34.3,14.0,-10.4,0.0,-0.02,14416.011,17.3,7.0,-36.1,0.0,-0.06,19143.702,-7.5,12.0,-47.2,0.0,-0.07,24667.056,-36.4,10.0,-73.0,0.0,0.04,31379.644,America/Los_Angeles,34.03202,-118.52633,86.0,0.5197525024414062
2026-09-22T23:00,pressure_profile,ncep_hrrr_conus,68.5,87.0,64.5,0.0,-0.01,305.118,73.0,42.0,48.5,0.0,0.0,2522.966,69.1,28.0,34.7,0.0,0.0,4931.103,45.7,36.0,20.0,0.0,-0.02,10295.275,34.0,14.0,-10.7,0.0,-0.01,14409.449,17.3,9.0,-32.9,0.0,-0.05,19133.86,-6.9,10.0,-49.3,0.0,-0.06,24663.004,-37.3,10.0,-73.8,0.0,0.01,31374.356,America/Los_Angeles,34.03202,-118.52633,86.0,0.5197525024414062
2026-09-23T00:00,pressure_profile,ncep_hrrr_conus,67.8,89.0,64.5,0.0,-0.01,311.68,72.8,42.0,48.3,0.0,-0.01,2526.247,69.6,25.0,32.2,0.0,-0.01,4934.384,45.7,36.0,20.0,0.0,-0.02,10301.837,33.7,14.0,-10.9,0.0,-0.01,14412.729,17.3,9.0,-32.9,0.0,-0.04,19137.138,-6.4,8.0,-51.9,0.0,-0.06,24667.056,-37.3,10.0,-73.8,0.0,0.03,31384.938,America/Los_Angeles,34.03202,-118.52633,86.0,0.5197525024414062
2026-09-23T01:00,pressure_profile,ncep_hrrr_conus,67.5,90.0,64.4,5.0,-0.02,301.837,73.1,40.0,47.4,0.0,-0.01,2519.685,69.8,25.0,32.4,0.0,-0.01,4927.822,46.0,33.0,18.7,0.0,-0.02,10295.275,34.0,14.0,-10.7,0.0,-0.01,14406.168,17.3,9.0,-32.9,0.0,-0.01,19133.86,-5.8,8.0,-51.4,0.0,-0.04,24671.106,-38.2,14.0,-69.7,0.0,0.03,31384.938,America/Los_Angeles,34.03202,-118.52633,86.0,0.5197525024414062
2026-09-23T02:00,pressure_profile,ncep_hrrr_conus,67.6,87.0,63.6,0.0,-0.02,305.118,73.7,38.0,46.6,0.0,-0.01,2522.966,69.8,27.0,34.3,0.0,0.0,4934.384,45.7,36.0,20.0,0.0,-0.01,10301.837,34.0,13.0,-12.6,0.0,-0.02,14409.449,17.3,10.0,-30.1,0.0,0.0,19137.138,-5.8,8.0,-51.4,0.0,-0.02,24671.106,-38.2,14.0,-69.7,0.0,0.0,31384.938,America/Los_Angeles,34.03202,-118.52633,86.0,0.5197525024414062
2026-09-23T03:00,pressure_profile,ncep_hrrr_conus,67.5,88.0,63.8,0.0,-0.01,314.961,74.3,36.0,45.6,0.0,-0.01,2532.808,69.6,26.0,33.2,0.0,0.0,4944.226,45.4,34.0,19.0,0.0,0.0,10311.68,34.0,13.0,-12.6,0.0,0.0,14419.291,16.9,10.0,-30.4,0.0,0.01,19143.702,-5.8,8.0,-51.4,0.0,-0.01,24675.156,-38.2,14.0,-69.7,0.0,0.01,31390.23,America/Los_Angeles,34.03202,-118.52633,86.0,0.5197525024414062
2026-09-23T04:00,pressure_profile,ncep_hrrr_conus,66.7,87.0,62.7,0.0,-0.02,314.961,73.7,38.0,46.6,0.0,-0.01,2529.528,69.4,27.0,33.9,0.0,-0.02,4937.664,45.1,32.0,17.2,0.0,-0.01,10301.837,33.3,16.0,-7.8,0.0,-0.01,14406.168,16.9,10.0,-30.4,0.0,-0.01,19127.296,-5.8,12.0,-45.8,0.0,-0.06,24667.056,-37.3,8.0,-76.9,0.0,-0.01,31379.644,America/Los_Angeles,34.03202,-118.52633,86.0,0.5197525024414062
2026-09-23T05:00,pressure_profile,ncep_hrrr_conus,66.9,86.0,62.6,0.0,-0.02,311.68,74.3,35.0,44.9,0.0,-0.01,2526.247,69.4,26.0,33.0,0.0,-0.03,4937.664,45.4,31.0,16.6,0.0,-0.01,10298.557,33.0,15.0,-9.7,0.0,0.0,14402.888,17.3,10.0,-30.1,0.0,0.01,19124.016,-5.8,12.0,-45.8,0.0,-0.02,24667.056,-38.2,8.0,-77.6,0.0,0.03,31379.644,America/Los_Angeles,34.03202,-118.52633,86.0,0.5197525024414062
2026-09-23T06:00,pressure_profile,ncep_hrrr_conus,67.3,84.0,62.3,0.0,-0.02,311.68,75.5,31.0,42.8,0.0,-0.02,2529.528,69.6,25.0,32.2,0.0,-0.04,4944.226,45.1,30.0,15.5,0.0,-0.01,10305.118,33.3,14.0,-11.2,0.0,-0.01,14409.449,17.3,10.0,-30.1,0.0,-0.01,19130.578,-5.8,10.0,-48.4,0.0,-0.01,24671.106,-38.2,10.0,-74.5,0.0,0.01,31384.938,America/Los_Angeles,34.03202,-118.52633,86.0,0.5197525024414062
2026-09-23T07:00,pressure_profile,ncep_hrrr_conus,67.1,84.0,62.1,0.0,-0.01,324.803,75.5,30.0,41.9,0.0,0.0,2542.651,69.8,25.0,32.4,0.0,-0.01,4957.349,45.1,31.0,16.4,0.0,0.01,10318.241,33.0,14.0,-11.5,0.0,0.01,14422.572,17.3,11.0,-27.6,0.0,0.0,19140.42,-5.8,10.0,-48.4,0.0,0.01,24683.256,-38.2,12.0,-71.9,0.0,0.0,31395.52,America/Los_Angeles,34.03202,-118.52633,86.0,0.5197525024414062
2026-09-23T08:00,pressure_profile,ncep_hrrr_conus,67.1,83.0,61.8,0.0,0.0,328.084,76.1,29.0,41.5,0.0,0.0,2545.932,69.6,25.0,32.2,0.0,-0.01,4963.911,45.4,30.0,15.8,0.0,-0.02,10321.522,33.0,13.0,-13.4,0.0,-0.01,14429.134,16.9,13.0,-25.8,0.0,-0.01,19143.702,-5.8,8.0,-51.4,0.0,-0.02,24683.256,-38.2,12.0,-71.9,0.0,0.0,31395.52,America/Los_Angeles,34.03202,-118.52633,86.0,0.5197525024414062
2026-09-23T09:00,pressure_profile,ncep_hrrr_conus,68.2,83.0,62.8,0.0,0.01,331.365,76.3,29.0,41.7,0.0,-0.01,2549.213,69.4,25.0,32.0,0.0,-0.01,4967.192,45.4,30.0,15.8,0.0,-0.02,10328.084,33.0,13.0,-13.4,0.0,-0.02,14432.415,16.9,13.0,-25.8,0.0,-0.03,19150.262,-5.2,8.0,-51.0,0.0,-0.02,24691.358,-38.2,12.0,-71.9,0.0,0.03,31406.106,America/Los_Angeles,34.03202,-118.52633,86.0,0.5197525024414062
2026-09-23T10:00,pressure_profile,ncep_hrrr_conus,70.7,78.0,63.5,0.0,0.02,344.488,76.9,28.0,41.3,0.0,-0.01,2572.179,69.8,24.0,31.4,0.0,-0.02,4990.158,45.7,28.0,14.2,0.0,-0.03,10351.05,33.3,11.0,-15.2,0.0,-0.03,14455.381,17.3,11.0,-27.6,0.0,-0.02,19176.51,-5.2,8.0,-51.0,0.0,0.0,24719.71,-38.2,10.0,-74.5,0.0,0.03,31432.564,America/Los_Angeles,34.03202,-118.52633,86.0,0.5197525024414062
2026-09-23T11:00,pressure_profile,ncep_hrrr_conus,72.3,77.0,64.7,0.0,0.04,354.331,77.3,28.0,41.6,0.0,0.0,2588.583,69.8,25.0,32.4,0.0,0.0,5003.281,45.7,26.0,12.3,0.0,0.01,10367.454,33.3,11.0,-15.2,0.0,-0.01,14471.785,17.3,11.0,-27.6,0.0,-0.02,19192.914,-5.8,10.0,-48.4,0.0,0.0,24731.862,-38.2,10.0,-74.5,0.0,0.0,31443.146,America/Los_Angeles,34.03202,-118.52633,86.0,0.5197525024414062
2026-09-23T12:00,pressure_profile,ncep_hrrr_conus,72.9,77.0,65.2,0.0,0.03,354.331,77.5,28.0,41.8,0.0,-0.01,2588.583,70.0,25.0,32.6,0.0,-0.01,5006.562,45.7,26.0,12.3,0.0,0.01,10370.735,33.0,11.0,-15.5,0.0,0.0,14471.785,17.3,10.0,-30.1,0.0,-0.01,19192.914,-5.8,10.0,-48.4,0.0,-0.01,24735.914,-37.3,8.0,-76.9,0.0,0.0,31448.438,America/Los_Angeles,34.03202,-118.52633,86.0,0.5197525024414062
2026-09-23T13:00,pressure_profile,ncep_hrrr_conus,72.5,77.0,64.9,0.0,0.03,344.488,77.5,28.0,41.8,0.0,-0.02,2575.459,70.2,24.0,31.7,0.0,-0.03,4996.719,45.7,23.0,10.3,0.0,-0.01,10364.173,32.7,10.0,-18.0,0.0,-0.01,14461.942,17.7,9.0,-32.6,0.0,-0.01,19183.07,-5.8,10.0,-48.4,0.0,0.0,24727.812,-38.2,10.0,-74.5,0.0,0.0,31437.854,America/Los_Angeles,34.03202,-118.52633,86.0,0.5197525024414062
2026-09-23T14:00,pressure_profile,ncep_hrrr_conus,72.3,78.0,65.1,0.0,0.03,341.207,77.9,27.0,41.2,0.0,-0.03,2575.459,70.7,23.0,31.1,0.0,-0.03,4996.719,45.7,18.0,4.3,0.0,-0.02,10367.454,32.7,10.0,-18.0,0.0,-0.01,14465.224,17.7,9.0,-32.6,0.0,0.0,19186.352,-5.8,10.0,-48.4,0.0,0.02,24727.812,-38.2,10.0,-74.5,0.0,0.01,31437.854,America/Los_Angeles,34.03202,-118.52633,86.0,0.5197525024414062
2026-09-23T15:00,pressure_profile,ncep_hrrr_conus,72.9,76.0,64.9,0.0,0.02,337.927,78.9,25.0,40.1,0.0,-0.01,2572.179,70.7,22.0,30.0,0.0,-0.03,4996.719,46.2,17.0,3.3,0.0,-0.03,10367.454,32.7,9.0,-20.6,0.0,-0.01,14468.504,17.7,7.0,-35.8,0.0,-0.02,19186.352,-6.4,12.0,-46.3,0.0,-0.01,24723.762,-38.2,10.0,-74.5,0.0,0.0,31432.564,America/Los_Angeles,34.03202,-118.52633,86.0,0.5197525024414062
2026-09-23T16:00,pressure_profile,ncep_hrrr_conus,72.5,77.0,64.9,0.0,0.03,331.365,79.3,24.0,39.3,0.0,-0.02,2565.617,71.1,21.0,29.2,0.0,-0.04,4990.158,46.5,19.0,6.3,0.0,-0.03,10364.173,32.3,9.0,-20.9,0.0,-0.01,14465.224,17.7,6.0,-39.7,0.0,-0.01,19183.07,-6.4,12.0,-46.3,0.0,0.01,24719.71,-38.2,10.0,-74.5,0.0,0.01,31427.272,America/Los_Angeles,34.03202,-118.52633,86.0,0.5197525024414062
2026-09-23T17:00,pressure_profile,ncep_hrrr_conus,70.9,84.0,65.8,0.0,0.02,331.365,78.9,26.0,41.1,0.0,0.01,2559.055,71.3,21.0,29.4,0.0,-0.01,4983.596,46.8,21.0,9.0,0.0,-0.05,10364.173,32.0,9.0,-21.1,0.0,-0.02,14465.224,17.3,6.0,-40.0,0.0,-0.01,19176.51,-6.4,12.0,-46.3,0.0,0.0,24715.662,-38.2,10.0,-74.5,0.0,0.01,31421.978,America/Los_Angeles,34.03202,-118.52633,86.0,0.5197525024414062
2026-09-23T18:00,pressure_profile,ncep_hrrr_conus,69.6,86.0,65.2,0.0,0.01,334.646,77.3,30.0,43.4,0.0,0.01,2562.336,71.5,21.0,29.5,0.0,-0.02,4983.596,47.3,26.0,13.8,0.0,-0.08,10367.454,31.7,10.0,-18.8,0.0,-0.01,14471.785,17.3,6.0,-40.0,0.0,-0.01,19179.792,-6.4,12.0,-46.3,0.0,-0.07,24719.71,-37.3,8.0,-76.9,0.0,0.0,31427.272,America/Los_Angeles,34.03202,-118.52633,86.0,0.5197525024414062
2026-09-23T19:00,pressure_profile,ncep_hrrr_conus,68.5,89.0,65.2,0.0,0.01,351.05,75.7,36.0,46.9,0.0,0.01,2575.459,71.5,22.0,30.7,0.0,-0.03,4993.439,47.3,28.0,15.7,0.0,-0.06,10383.858,31.3,14.0,-12.8,0.0,0.0,14488.189,16.9,6.0,-40.4,0.0,0.0,19192.914,-6.4,10.0,-48.9,0.0,-0.05,24731.862,-37.3,8.0,-76.9,0.0,0.03,31437.854,America/Los_Angeles,34.03202,-118.52633,86.0,0.5197525024414062
2026-09-23T20:00,pressure_profile,ncep_hrrr_conus,67.5,91.0,64.7,10.0,0.0,367.454,74.3,43.0,50.4,0.0,0.0,2585.302,71.8,22.0,30.9,0.0,-0.01,5003.281,47.1,34.0,20.4,0.0,-0.02,10393.701,31.0,18.0,-8.2,0.0,0.0,14494.751,16.9,6.0,-40.4,0.0,-0.01,19199.474,-6.9,10.0,-49.3,0.0,-0.04,24735.914,-37.3,8.0,-76.9,0.0,0.01,31443.146,America/Los_Angeles,34.03202,-118.52633,86.0,0.5197525024414062
2026-09-23T21:00,pressure_profile,ncep_hrrr_conus,66.6,93.0,64.5,20.0,0.0,383.858,73.1,46.0,51.1,0.0,0.01,2595.144,71.8,22.0,30.9,0.0,0.0,5013.124,46.8,42.0,25.0,0.0,0.0,10406.824,30.7,24.0,-2.1,0.0,0.0,14504.594,16.5,6.0,-40.7,0.0,-0.01,19206.038,-6.4,8.0,-51.9,0.0,-0.01,24739.962,-38.2,8.0,-77.6,0.0,0.01,31448.438,America/Los_Angeles,34.03202,-118.52633,86.0,0.5197525024414062
2026-09-23T22:00,pressure_profile,ncep_hrrr_conus,66.4,93.0,64.3,20.0,-0.01,396.982,72.4,47.0,51.0,0.0,0.0,2604.987,71.5,22.0,30.7,0.0,0.0,5022.966,46.5,47.0,27.2,0.0,-0.02,10413.386,30.3,28.0,0.7,0.0,-0.01,14511.155,16.5,6.0,-40.7,0.0,-0.01,19212.598,-6.9,8.0,-52.3,0.0,-0.02,24744.014,-38.2,8.0,-77.6,0.0,0.0,31448.438,America/Los_Angeles,34.03202,-118.52633,86.0,0.5197525024414062
2026-09-23T23:00,pressure_profile,ncep_hrrr_conus,66.4,92.0,64.0,15.0,-0.02,406.824,72.0,46.0,50.1,0.0,0.0,2614.829,71.5,22.0,30.7,0.0,0.0,5029.528,46.5,48.0,27.8,0.0,-0.02,10423.229,30.0,31.0,3.2,0.0,0.01,14517.717,16.0,4.0,-45.9,0.0,0.01,19215.878,-6.9,8.0,-52.3,0.0,-0.01,24744.014,-38.2,8.0,-77.6,0.0,0.0,31448.438,America/Los_Angeles,34.03202,-118.52633,86.0,0.5197525024414062
2026-09-24T00:00,pressure_profile,ncep_hrrr_conus,66.2,93.0,64.1,20.0,-0.02,406.824,71.4,49.0,51.2,0.0,-0.01,2614.829,71.3,22.0,30.5,0.0,0.01,5029.528,46.5,50.0,28.9,0.0,-0.01,10419.947,29.0,38.0,6.3,0.0,0.0,14514.436,16.0,4.0,-45.9,0.0,-0.01,19206.038,-6.9,7.0,-55.9,0.0,-0.02,24731.862,-38.2,8.0,-77.6,0.0,-0.01,31437.854,America/Los_Angeles,34.03202,-118.52633,86.0,0.5197525024414062
2026-09-24T01:00,pressure_profile,ncep_hrrr_conus,66.2,94.0,64.4,26.0,-0.01,390.42,72.4,46.0,50.4,0.0,-0.01,2598.425,70.9,22.0,30.1,0.0,0.01,5013.124,46.5,49.0,28.3,0.0,-0.02,10403.543,28.7,43.0,8.7,0.0,-0.02,14494.751,15.6,4.0,-46.2,0.0,-0.01,19183.07,-6.9,7.0,-55.9,0.0,0.01,24707.56,-37.3,8.0,-76.9,0.0,0.0,31411.396,America/Los_Angeles,34.03202,-118.52633,86.0,0.5197525024414062
2026-09-24T02:00,pressure_profile,ncep_hrrr_conus,66.0,95.0,64.5,33.0,-0.01,390.42,72.6,45.0,50.0,0.0,0.0,2598.425,70.7,23.0,31.1,0.0,0.0,5013.124,46.5,48.0,27.8,0.0,-0.02,10403.543,28.7,45.0,10.0,0.0,-0.02,14494.751,15.6,3.0,-52.8,0.0,0.0,19183.07,-7.5,7.0,-56.3,0.0,0.01,24703.508,-37.3,8.0,-76.9,0.0,-0.01,31406.106,America/Los_Angeles,34.03202,-118.52633,86.0,0.5197525024414062
2026-09-24T03:00,pressure_profile,ncep_hrrr_conus,65.3,96.0,64.1,40.0,0.0,390.42,72.0,45.0,49.5,0.0,0.0,2595.144,70.7,23.0,31.1,0.0,-0.01,5009.843,46.5,48.0,27.8,0.0,0.03,10396.981,28.0,46.0,10.0,0.0,0.0,14488.189,15.2,3.0,-53.1,0.0,0.01,19173.228,-8.1,7.0,-56.8,0.0,0.01,24687.308,-37.3,8.0,-76.9,0.0,-0.01,31390.23,America/Los_Angeles,34.03202,-118.52633,86.0,0.5197525024414062
2026-09-24T04:00,pressure_profile,ncep_hrrr_conus,64.9,96.0,63.8,40.0,-0.01,396.982,71.0,47.0,49.7,0.0,0.0,2601.706,70.9,23.0,31.2,0.0,-0.01,5013.124,46.2,49.0,28.1,0.0,0.04,10400.263,28.0,45.0,9.4,0.0,-0.01,14488.189,14.8,3.0,-53.4,0.0,-0.01,19169.948,-8.1,7.0,-56.8,0.0,-0.01,24687.308,-37.3,8.0,-76.9,0.0,-0.03,31384.938,America/Los_Angeles,34.03202,-118.52633,86.0,0.5197525024414062
2026-09-24T05:00,pressure_profile,ncep_hrrr_conus,64.6,95.0,63.1,33.0,-0.01,406.824,70.8,47.0,49.6,0.0,0.0,2608.268,71.1,23.0,31.4,0.0,0.0,5019.685,46.0,49.0,27.8,0.0,0.01,10406.824,28.0,43.0,8.1,0.0,-0.01,14494.751,14.8,4.0,-46.8,0.0,-0.01,19173.228,-8.1,8.0,-53.2,0.0,-0.02,24687.308,-37.3,8.0,-76.9,0.0,0.01,31384.938,America/Los_Angeles,34.03202,-118.52633,86.0,0.5197525024414062
2026-09-24T06:00,pressure_profile,ncep_hrrr_conus,,,,,,,,,,,,,,,,,,,,,,,,,,,,,,,,,,,,,,,,,,,,,,,,,America/Los_Angeles,34.03202,-118.52633,86.0,0.5197525024414062
2026-09-24T07:00,pressure_profile,ncep_hrrr_conus,,,,,,,,,,,,,,,,,,,,,,,,,,,,,,,,,,,,,,,,,,,,,,,,,America/Los_Angeles,34.03202,-118.52633,86.0,0.5197525024414062
2026-09-24T08:00,pressure_profile,ncep_hrrr_conus,,,,,,,,,,,,,,,,,,,,,,,,,,,,,,,,,,,,,,,,,,,,,,,,,America/Los_Angeles,34.03202,-118.52633,86.0,0.5197525024414062
2026-09-24T09:00,pressure_profile,ncep_hrrr_conus,,,,,,,,,,,,,,,,,,,,,,,,,,,,,,,,,,,,,,,,,,,,,,,,,America/Los_Angeles,34.03202,-118.52633,86.0,0.5197525024414062
2026-09-24T10:00,pressure_profile,ncep_hrrr_conus,,,,,,,,,,,,,,,,,,,,,,,,,,,,,,,,,,,,,,,,,,,,,,,,,America/Los_Angeles,34.03202,-118.52633,86.0,0.5197525024414062
2026-09-24T11:00,pressure_profile,ncep_hrrr_conus,,,,,,,,,,,,,,,,,,,,,,,,,,,,,,,,,,,,,,,,,,,,,,,,,America/Los_Angeles,34.03202,-118.52633,86.0,0.5197525024414062
2026-09-24T12:00,pressure_profile,ncep_hrrr_conus,,,,,,,,,,,,,,,,,,,,,,,,,,,,,,,,,,,,,,,,,,,,,,,,,America/Los_Angeles,34.03202,-118.52633,86.0,0.5197525024414062
2026-09-24T13:00,pressure_profile,ncep_hrrr_conus,,,,,,,,,,,,,,,,,,,,,,,,,,,,,,,,,,,,,,,,,,,,,,,,,America/Los_Angeles,34.03202,-118.52633,86.0,0.5197525024414062
2026-09-24T14:00,pressure_profile,ncep_hrrr_conus,,,,,,,,,,,,,,,,,,,,,,,,,,,,,,,,,,,,,,,,,,,,,,,,,America/Los_Angeles,34.03202,-118.52633,86.0,0.5197525024414062
2026-09-24T15:00,pressure_profile,ncep_hrrr_conus,,,,,,,,,,,,,,,,,,,,,,,,,,,,,,,,,,,,,,,,,,,,,,,,,America/Los_Angeles,34.03202,-118.52633,86.0,0.5197525024414062
2026-09-24T16:00,pressure_profile,ncep_hrrr_conus,,,,,,,,,,,,,,,,,,,,,,,,,,,,,,,,,,,,,,,,,,,,,,,,,America/Los_Angeles,34.03202,-118.52633,86.0,0.5197525024414062
2026-09-24T17:00,pressure_profile,ncep_hrrr_conus,,,,,,,,,,,,,,,,,,,,,,,,,,,,,,,,,,,,,,,,,,,,,,,,,America/Los_Angeles,34.03202,-118.52633,86.0,0.5197525024414062
2026-09-24T18:00,pressure_profile,ncep_hrrr_conus,,,,,,,,,,,,,,,,,,,,,,,,,,,,,,,,,,,,,,,,,,,,,,,,,America/Los_Angeles,34.03202,-118.52633,86.0,0.5197525024414062
2026-09-24T19:00,pressure_profile,ncep_hrrr_conus,,,,,,,,,,,,,,,,,,,,,,,,,,,,,,,,,,,,,,,,,,,,,,,,,America/Los_Angeles,34.03202,-118.52633,86.0,0.5197525024414062
2026-09-24T20:00,pressure_profile,ncep_hrrr_conus,,,,,,,,,,,,,,,,,,,,,,,,,,,,,,,,,,,,,,,,,,,,,,,,,America/Los_Angeles,34.03202,-118.52633,86.0,0.5197525024414062
2026-09-24T21:00,pressure_profile,ncep_hrrr_conus,,,,,,,,,,,,,,,,,,,,,,,,,,,,,,,,,,,,,,,,,,,,,,,,,America/Los_Angeles,34.03202,-118.52633,86.0,0.5197525024414062
2026-09-24T22:00,pressure_profile,ncep_hrrr_conus,,,,,,,,,,,,,,,,,,,,,,,,,,,,,,,,,,,,,,,,,,,,,,,,,America/Los_Angeles,34.03202,-118.52633,86.0,0.5197525024414062
2026-09-24T23:00,pressure_profile,ncep_hrrr_conus,,,,,,,,,,,,,,,,,,,,,,,,,,,,,,,,,,,,,,,,,,,,,,,,,America/Los_Angeles,34.03202,-118.52633,86.0,0.5197525024414062
2026-09-25T00:00,pressure_profile,ncep_hrrr_conus,,,,,,,,,,,,,,,,,,,,,,,,,,,,,,,,,,,,,,,,,,,,,,,,,America/Los_Angeles,34.03202,-118.52633,86.0,0.5197525024414062
2026-09-25T01:00,pressure_profile,ncep_hrrr_conus,,,,,,,,,,,,,,,,,,,,,,,,,,,,,,,,,,,,,,,,,,,,,,,,,America/Los_Angeles,34.03202,-118.52633,86.0,0.5197525024414062
2026-09-25T02:00,pressure_profile,ncep_hrrr_conus,,,,,,,,,,,,,,,,,,,,,,,,,,,,,,,,,,,,,,,,,,,,,,,,,America/Los_Angeles,34.03202,-118.52633,86.0,0.5197525024414062
2026-09-25T03:00,pressure_profile,ncep_hrrr_conus,,,,,,,,,,,,,,,,,,,,,,,,,,,,,,,,,,,,,,,,,,,,,,,,,America/Los_Angeles,34.03202,-118.52633,86.0,0.5197525024414062
2026-09-25T04:00,pressure_profile,ncep_hrrr_conus,,,,,,,,,,,,,,,,,,,,,,,,,,,,,,,,,,,,,,,,,,,,,,,,,America/Los_Angeles,34.03202,-118.52633,86.0,0.5197525024414062
2026-09-25T05:00,pressure_profile,ncep_hrrr_conus,,,,,,,,,,,,,,,,,,,,,,,,,,,,,,,,,,,,,,,,,,,,,,,,,America/Los_Angeles,34.03202,-118.52633,86.0,0.5197525024414062
2026-09-25T06:00,pressure_profile,ncep_hrrr_conus,,,,,,,,,,,,,,,,,,,,,,,,,,,,,,,,,,,,,,,,,,,,,,,,,America/Los_Angeles,34.03202,-118.52633,86.0,0.5197525024414062
2026-09-25T07:00,pressure_profile,ncep_hrrr_conus,,,,,,,,,,,,,,,,,,,,,,,,,,,,,,,,,,,,,,,,,,,,,,,,,America/Los_Angeles,34.03202,-118.52633,86.0,0.5197525024414062
2026-09-25T08:00,pressure_profile,ncep_hrrr_conus,,,,,,,,,,,,,,,,,,,,,,,,,,,,,,,,,,,,,,,,,,,,,,,,,America/Los_Angeles,34.03202,-118.52633,86.0,0.5197525024414062
2026-09-25T09:00,pressure_profile,ncep_hrrr_conus,,,,,,,,,,,,,,,,,,,,,,,,,,,,,,,,,,,,,,,,,,,,,,,,,America/Los_Angeles,34.03202,-118.52633,86.0,0.5197525024414062
2026-09-25T10:00,pressure_profile,ncep_hrrr_conus,,,,,,,,,,,,,,,,,,,,,,,,,,,,,,,,,,,,,,,,,,,,,,,,,America/Los_Angeles,34.03202,-118.52633,86.0,0.5197525024414062
2026-09-25T11:00,pressure_profile,ncep_hrrr_conus,,,,,,,,,,,,,,,,,,,,,,,,,,,,,,,,,,,,,,,,,,,,,,,,,America/Los_Angeles,34.03202,-118.52633,86.0,0.5197525024414062
2026-09-25T12:00,pressure_profile,ncep_hrrr_conus,,,,,,,,,,,,,,,,,,,,,,,,,,,,,,,,,,,,,,,,,,,,,,,,,America/Los_Angeles,34.03202,-118.52633,86.0,0.5197525024414062
2026-09-25T13:00,pressure_profile,ncep_hrrr_conus,,,,,,,,,,,,,,,,,,,,,,,,,,,,,,,,,,,,,,,,,,,,,,,,,America/Los_Angeles,34.03202,-118.52633,86.0,0.5197525024414062
2026-09-25T14:00,pressure_profile,ncep_hrrr_conus,,,,,,,,,,,,,,,,,,,,,,,,,,,,,,,,,,,,,,,,,,,,,,,,,America/Los_Angeles,34.03202,-118.52633,86.0,0.5197525024414062
2026-09-25T15:00,pressure_profile,ncep_hrrr_conus,,,,,,,,,,,,,,,,,,,,,,,,,,,,,,,,,,,,,,,,,,,,,,,,,America/Los_Angeles,34.03202,-118.52633,86.0,0.5197525024414062
2026-09-25T16:00,pressure_profile,ncep_hrrr_conus,,,,,,,,,,,,,,,,,,,,,,,,,,,,,,,,,,,,,,,,,,,,,,,,,America/Los_Angeles,34.03202,-118.52633,86.0,0.5197525024414062
2026-09-25T17:00,pressure_profile,ncep_hrrr_conus,,,,,,,,,,,,,,,,,,,,,,,,,,,,,,,,,,,,,,,,,,,,,,,,,America/Los_Angeles,34.03202,-118.52633,86.0,0.5197525024414062
2026-09-25T18:00,pressure_profile,ncep_hrrr_conus,,,,,,,,,,,,,,,,,,,,,,,,,,,,,,,,,,,,,,,,,,,,,,,,,America/Los_Angeles,34.03202,-118.52633,86.0,0.5197525024414062
2026-09-25T19:00,pressure_profile,ncep_hrrr_conus,,,,,,,,,,,,,,,,,,,,,,,,,,,,,,,,,,,,,,,,,,,,,,,,,America/Los_Angeles,34.03202,-118.52633,86.0,0.5197525024414062
2026-09-25T20:00,pressure_profile,ncep_hrrr_conus,,,,,,,,,,,,,,,,,,,,,,,,,,,,,,,,,,,,,,,,,,,,,,,,,America/Los_Angeles,34.03202,-118.52633,86.0,0.5197525024414062
2026-09-25T21:00,pressure_profile,ncep_hrrr_conus,,,,,,,,,,,,,,,,,,,,,,,,,,,,,,,,,,,,,,,,,,,,,,,,,America/Los_Angeles,34.03202,-118.52633,86.0,0.5197525024414062
2026-09-25T22:00,pressure_profile,ncep_hrrr_conus,,,,,,,,,,,,,,,,,,,,,,,,,,,,,,,,,,,,,,,,,,,,,,,,,America/Los_Angeles,34.03202,-118.52633,86.0,0.5197525024414062
2026-09-25T23:00,pressure_profile,ncep_hrrr_conus,,,,,,,,,,,,,,,,,,,,,,,,,,,,,,,,,,,,,,,,,,,,,,,,,America/Los_Angeles,34.03202,-118.52633,86.0,0.5197525024414062
2026-09-26T00:00,pressure_profile,ncep_hrrr_conus,,,,,,,,,,,,,,,,,,,,,,,,,,,,,,,,,,,,,,,,,,,,,,,,,America/Los_Angeles,34.03202,-118.52633,86.0,0.5197525024414062
2026-09-26T01:00,pressure_profile,ncep_hrrr_conus,,,,,,,,,,,,,,,,,,,,,,,,,,,,,,,,,,,,,,,,,,,,,,,,,America/Los_Angeles,34.03202,-118.52633,86.0,0.5197525024414062
2026-09-26T02:00,pressure_profile,ncep_hrrr_conus,,,,,,,,,,,,,,,,,,,,,,,,,,,,,,,,,,,,,,,,,,,,,,,,,America/Los_Angeles,34.03202,-118.52633,86.0,0.5197525024414062
2026-09-26T03:00,pressure_profile,ncep_hrrr_conus,,,,,,,,,,,,,,,,,,,,,,,,,,,,,,,,,,,,,,,,,,,,,,,,,America/Los_Angeles,34.03202,-118.52633,86.0,0.5197525024414062
2026-09-26T04:00,pressure_profile,ncep_hrrr_conus,,,,,,,,,,,,,,,,,,,,,,,,,,,,,,,,,,,,,,,,,,,,,,,,,America/Los_Angeles,34.03202,-118.52633,86.0,0.5197525024414062
2026-09-26T05:00,pressure_profile,ncep_hrrr_conus,,,,,,,,,,,,,,,,,,,,,,,,,,,,,,,,,,,,,,,,,,,,,,,,,America/Los_Angeles,34.03202,-118.52633,86.0,0.5197525024414062
2026-09-26T06:00,pressure_profile,ncep_hrrr_conus,,,,,,,,,,,,,,,,,,,,,,,,,,,,,,,,,,,,,,,,,,,,,,,,,America/Los_Angeles,34.03202,-118.52633,86.0,0.5197525024414062
2026-09-26T07:00,pressure_profile,ncep_hrrr_conus,,,,,,,,,,,,,,,,,,,,,,,,,,,,,,,,,,,,,,,,,,,,,,,,,America/Los_Angeles,34.03202,-118.52633,86.0,0.5197525024414062
2026-09-26T08:00,pressure_profile,ncep_hrrr_conus,,,,,,,,,,,,,,,,,,,,,,,,,,,,,,,,,,,,,,,,,,,,,,,,,America/Los_Angeles,34.03202,-118.52633,86.0,0.5197525024414062
2026-09-26T09:00,pressure_profile,ncep_hrrr_conus,,,,,,,,,,,,,,,,,,,,,,,,,,,,,,,,,,,,,,,,,,,,,,,,,America/Los_Angeles,34.03202,-118.52633,86.0,0.5197525024414062
2026-09-26T10:00,pressure_profile,ncep_hrrr_conus,,,,,,,,,,,,,,,,,,,,,,,,,,,,,,,,,,,,,,,,,,,,,,,,,America/Los_Angeles,34.03202,-118.52633,86.0,0.5197525024414062
2026-09-26T11:00,pressure_profile,ncep_hrrr_conus,,,,,,,,,,,,,,,,,,,,,,,,,,,,,,,,,,,,,,,,,,,,,,,,,America/Los_Angeles,34.03202,-118.52633,86.0,0.5197525024414062
2026-09-26T12:00,pressure_profile,ncep_hrrr_conus,,,,,,,,,,,,,,,,,,,,,,,,,,,,,,,,,,,,,,,,,,,,,,,,,America/Los_Angeles,34.03202,-118.52633,86.0,0.5197525024414062
2026-09-26T13:00,pressure_profile,ncep_hrrr_conus,,,,,,,,,,,,,,,,,,,,,,,,,,,,,,,,,,,,,,,,,,,,,,,,,America/Los_Angeles,34.03202,-118.52633,86.0,0.5197525024414062
2026-09-26T14:00,pressure_profile,ncep_hrrr_conus,,,,,,,,,,,,,,,,,,,,,,,,,,,,,,,,,,,,,,,,,,,,,,,,,America/Los_Angeles,34.03202,-118.52633,86.0,0.5197525024414062
2026-09-26T15:00,pressure_profile,ncep_hrrr_conus,,,,,,,,,,,,,,,,,,,,,,,,,,,,,,,,,,,,,,,,,,,,,,,,,America/Los_Angeles,34.03202,-118.52633,86.0,0.5197525024414062
2026-09-26T16:00,pressure_profile,ncep_hrrr_conus,,,,,,,,,,,,,,,,,,,,,,,,,,,,,,,,,,,,,,,,,,,,,,,,,America/Los_Angeles,34.03202,-118.52633,86.0,0.5197525024414062
2026-09-26T17:00,pressure_profile,ncep_hrrr_conus,,,,,,,,,,,,,,,,,,,,,,,,,,,,,,,,,,,,,,,,,,,,,,,,,America/Los_Angeles,34.03202,-118.52633,86.0,0.5197525024414062
2026-09-26T18:00,pressure_profile,ncep_hrrr_conus,,,,,,,,,,,,,,,,,,,,,,,,,,,,,,,,,,,,,,,,,,,,,,,,,America/Los_Angeles,34.03202,-118.52633,86.0,0.5197525024414062
2026-09-26T19:00,pressure_profile,ncep_hrrr_conus,,,,,,,,,,,,,,,,,,,,,,,,,,,,,,,,,,,,,,,,,,,,,,,,,America/Los_Angeles,34.03202,-118.52633,86.0,0.5197525024414062
2026-09-26T20:00,pressure_profile,ncep_hrrr_conus,,,,,,,,,,,,,,,,,,,,,,,,,,,,,,,,,,,,,,,,,,,,,,,,,America/Los_Angeles,34.03202,-118.52633,86.0,0.5197525024414062
2026-09-26T21:00,pressure_profile,ncep_hrrr_conus,,,,,,,,,,,,,,,,,,,,,,,,,,,,,,,,,,,,,,,,,,,,,,,,,America/Los_Angeles,34.03202,-118.52633,86.0,0.5197525024414062
2026-09-26T22:00,pressure_profile,ncep_hrrr_conus,,,,,,,,,,,,,,,,,,,,,,,,,,,,,,,,,,,,,,,,,,,,,,,,,America/Los_Angeles,34.03202,-118.52633,86.0,0.5197525024414062
2026-09-26T23:00,pressure_profile,ncep_hrrr_conus,,,,,,,,,,,,,,,,,,,,,,,,,,,,,,,,,,,,,,,,,,,,,,,,,America/Los_Angeles,34.03202,-118.52633,86.0,0.5197525024414062
2026-09-27T00:00,pressure_profile,ncep_hrrr_conus,,,,,,,,,,,,,,,,,,,,,,,,,,,,,,,,,,,,,,,,,,,,,,,,,America/Los_Angeles,34.03202,-118.52633,86.0,0.5197525024414062
2026-09-27T01:00,pressure_profile,ncep_hrrr_conus,,,,,,,,,,,,,,,,,,,,,,,,,,,,,,,,,,,,,,,,,,,,,,,,,America/Los_Angeles,34.03202,-118.52633,86.0,0.5197525024414062
2026-09-27T02:00,pressure_profile,ncep_hrrr_conus,,,,,,,,,,,,,,,,,,,,,,,,,,,,,,,,,,,,,,,,,,,,,,,,,America/Los_Angeles,34.03202,-118.52633,86.0,0.5197525024414062
2026-09-27T03:00,pressure_profile,ncep_hrrr_conus,,,,,,,,,,,,,,,,,,,,,,,,,,,,,,,,,,,,,,,,,,,,,,,,,America/Los_Angeles,34.03202,-118.52633,86.0,0.5197525024414062
2026-09-27T04:00,pressure_profile,ncep_hrrr_conus,,,,,,,,,,,,,,,,,,,,,,,,,,,,,,,,,,,,,,,,,,,,,,,,,America/Los_Angeles,34.03202,-118.52633,86.0,0.5197525024414062
2026-09-27T05:00,pressure_profile,ncep_hrrr_conus,,,,,,,,,,,,,,,,,,,,,,,,,,,,,,,,,,,,,,,,,,,,,,,,,America/Los_Angeles,34.03202,-118.52633,86.0,0.5197525024414062
2026-09-27T06:00,pressure_profile,ncep_hrrr_conus,,,,,,,,,,,,,,,,,,,,,,,,,,,,,,,,,,,,,,,,,,,,,,,,,America/Los_Angeles,34.03202,-118.52633,86.0,0.5197525024414062
2026-09-27T07:00,pressure_profile,ncep_hrrr_conus,,,,,,,,,,,,,,,,,,,,,,,,,,,,,,,,,,,,,,,,,,,,,,,,,America/Los_Angeles,34.03202,-118.52633,86.0,0.5197525024414062
2026-09-27T08:00,pressure_profile,ncep_hrrr_conus,,,,,,,,,,,,,,,,,,,,,,,,,,,,,,,,,,,,,,,,,,,,,,,,,America/Los_Angeles,34.03202,-118.52633,86.0,0.5197525024414062
2026-09-27T09:00,pressure_profile,ncep_hrrr_conus,,,,,,,,,,,,,,,,,,,,,,,,,,,,,,,,,,,,,,,,,,,,,,,,,America/Los_Angeles,34.03202,-118.52633,86.0,0.5197525024414062
2026-09-27T10:00,pressure_profile,ncep_hrrr_conus,,,,,,,,,,,,,,,,,,,,,,,,,,,,,,,,,,,,,,,,,,,,,,,,,America/Los_Angeles,34.03202,-118.52633,86.0,0.5197525024414062
2026-09-27T11:00,pressure_profile,ncep_hrrr_conus,,,,,,,,,,,,,,,,,,,,,,,,,,,,,,,,,,,,,,,,,,,,,,,,,America/Los_Angeles,34.03202,-118.52633,86.0,0.5197525024414062
2026-09-27T12:00,pressure_profile,ncep_hrrr_conus,,,,,,,,,,,,,,,,,,,,,,,,,,,,,,,,,,,,,,,,,,,,,,,,,America/Los_Angeles,34.03202,-118.52633,86.0,0.5197525024414062
2026-09-27T13:00,pressure_profile,ncep_hrrr_conus,,,,,,,,,,,,,,,,,,,,,,,,,,,,,,,,,,,,,,,,,,,,,,,,,America/Los_Angeles,34.03202,-118.52633,86.0,0.5197525024414062
2026-09-27T14:00,pressure_profile,ncep_hrrr_conus,,,,,,,,,,,,,,,,,,,,,,,,,,,,,,,,,,,,,,,,,,,,,,,,,America/Los_Angeles,34.03202,-118.52633,86.0,0.5197525024414062
2026-09-27T15:00,pressure_profile,ncep_hrrr_conus,,,,,,,,,,,,,,,,,,,,,,,,,,,,,,,,,,,,,,,,,,,,,,,,,America/Los_Angeles,34.03202,-118.52633,86.0,0.5197525024414062
2026-09-27T16:00,pressure_profile,ncep_hrrr_conus,,,,,,,,,,,,,,,,,,,,,,,,,,,,,,,,,,,,,,,,,,,,,,,,,America/Los_Angeles,34.03202,-118.52633,86.0,0.5197525024414062
2026-09-27T17:00,pressure_profile,ncep_hrrr_conus,,,,,,,,,,,,,,,,,,,,,,,,,,,,,,,,,,,,,,,,,,,,,,,,,America/Los_Angeles,34.03202,-118.52633,86.0,0.5197525024414062
2026-09-27T18:00,pressure_profile,ncep_hrrr_conus,,,,,,,,,,,,,,,,,,,,,,,,,,,,,,,,,,,,,,,,,,,,,,,,,America/Los_Angeles,34.03202,-118.52633,86.0,0.5197525024414062
2026-09-27T19:00,pressure_profile,ncep_hrrr_conus,,,,,,,,,,,,,,,,,,,,,,,,,,,,,,,,,,,,,,,,,,,,,,,,,America/Los_Angeles,34.03202,-118.52633,86.0,0.5197525024414062
2026-09-27T20:00,pressure_profile,ncep_hrrr_conus,,,,,,,,,,,,,,,,,,,,,,,,,,,,,,,,,,,,,,,,,,,,,,,,,America/Los_Angeles,34.03202,-118.52633,86.0,0.5197525024414062
2026-09-27T21:00,pressure_profile,ncep_hrrr_conus,,,,,,,,,,,,,,,,,,,,,,,,,,,,,,,,,,,,,,,,,,,,,,,,,America/Los_Angeles,34.03202,-118.52633,86.0,0.5197525024414062
2026-09-27T22:00,pressure_profile,ncep_hrrr_conus,,,,,,,,,,,,,,,,,,,,,,,,,,,,,,,,,,,,,,,,,,,,,,,,,America/Los_Angeles,34.03202,-118.52633,86.0,0.5197525024414062
2026-09-27T23:00,pressure_profile,ncep_hrrr_conus,,,,,,,,,,,,,,,,,,,,,,,,,,,,,,,,,,,,,,,,,,,,,,,,,America/Los_Angeles,34.03202,-118.52633,86.0,0.5197525024414062
2026-09-28T00:00,pressure_profile,ncep_hrrr_conus,,,,,,,,,,,,,,,,,,,,,,,,,,,,,,,,,,,,,,,,,,,,,,,,,America/Los_Angeles,34.03202,-118.52633,86.0,0.5197525024414062
2026-09-28T01:00,pressure_profile,ncep_hrrr_conus,,,,,,,,,,,,,,,,,,,,,,,,,,,,,,,,,,,,,,,,,,,,,,,,,America/Los_Angeles,34.03202,-118.52633,86.0,0.5197525024414062
2026-09-28T02:00,pressure_profile,ncep_hrrr_conus,,,,,,,,,,,,,,,,,,,,,,,,,,,,,,,,,,,,,,,,,,,,,,,,,America/Los_Angeles,34.03202,-118.52633,86.0,0.5197525024414062
2026-09-28T03:00,pressure_profile,ncep_hrrr_conus,,,,,,,,,,,,,,,,,,,,,,,,,,,,,,,,,,,,,,,,,,,,,,,,,America/Los_Angeles,34.03202,-118.52633,86.0,0.5197525024414062
2026-09-28T04:00,pressure_profile,ncep_hrrr_conus,,,,,,,,,,,,,,,,,,,,,,,,,,,,,,,,,,,,,,,,,,,,,,,,,America/Los_Angeles,34.03202,-118.52633,86.0,0.5197525024414062
2026-09-28T05:00,pressure_profile,ncep_hrrr_conus,,,,,,,,,,,,,,,,,,,,,,,,,,,,,,,,,,,,,,,,,,,,,,,,,America/Los_Angeles,34.03202,-118.52633,86.0,0.5197525024414062
2026-09-28T06:00,pressure_profile,ncep_hrrr_conus,,,,,,,,,,,,,,,,,,,,,,,,,,,,,,,,,,,,,,,,,,,,,,,,,America/Los_Angeles,34.03202,-118.52633,86.0,0.5197525024414062
2026-09-28T07:00,pressure_profile,ncep_hrrr_conus,,,,,,,,,,,,,,,,,,,,,,,,,,,,,,,,,,,,,,,,,,,,,,,,,America/Los_Angeles,34.03202,-118.52633,86.0,0.5197525024414062
2026-09-28T08:00,pressure_profile,ncep_hrrr_conus,,,,,,,,,,,,,,,,,,,,,,,,,,,,,,,,,,,,,,,,,,,,,,,,,America/Los_Angeles,34.03202,-118.52633,86.0,0.5197525024414062
2026-09-28T09:00,pressure_profile,ncep_hrrr_conus,,,,,,,,,,,,,,,,,,,,,,,,,,,,,,,,,,,,,,,,,,,,,,,,,America/Los_Angeles,34.03202,-118.52633,86.0,0.5197525024414062
2026-09-28T10:00,pressure_profile,ncep_hrrr_conus,,,,,,,,,,,,,,,,,,,,,,,,,,,,,,,,,,,,,,,,,,,,,,,,,America/Los_Angeles,34.03202,-118.52633,86.0,0.5197525024414062
2026-09-28T11:00,pressure_profile,ncep_hrrr_conus,,,,,,,,,,,,,,,,,,,,,,,,,,,,,,,,,,,,,,,,,,,,,,,,,America/Los_Angeles,34.03202,-118.52633,86.0,0.5197525024414062
2026-09-28T12:00,pressure_profile,ncep_hrrr_conus,,,,,,,,,,,,,,,,,,,,,,,,,,,,,,,,,,,,,,,,,,,,,,,,,America/Los_Angeles,34.03202,-118.52633,86.0,0.5197525024414062
2026-09-28T13:00,pressure_profile,ncep_hrrr_conus,,,,,,,,,,,,,,,,,,,,,,,,,,,,,,,,,,,,,,,,,,,,,,,,,America/Los_Angeles,34.03202,-118.52633,86.0,0.5197525024414062
2026-09-28T14:00,pressure_profile,ncep_hrrr_conus,,,,,,,,,,,,,,,,,,,,,,,,,,,,,,,,,,,,,,,,,,,,,,,,,America/Los_Angeles,34.03202,-118.52633,86.0,0.5197525024414062
2026-09-28T15:00,pressure_profile,ncep_hrrr_conus,,,,,,,,,,,,,,,,,,,,,,,,,,,,,,,,,,,,,,,,,,,,,,,,,America/Los_Angeles,34.03202,-118.52633,86.0,0.5197525024414062
2026-09-28T16:00,pressure_profile,ncep_hrrr_conus,,,,,,,,,,,,,,,,,,,,,,,,,,,,,,,,,,,,,,,,,,,,,,,,,America/Los_Angeles,34.03202,-118.52633,86.0,0.5197525024414062
2026-09-28T17:00,pressure_profile,ncep_hrrr_conus,,,,,,,,,,,,,,,,,,,,,,,,,,,,,,,,,,,,,,,,,,,,,,,,,America/Los_Angeles,34.03202,-118.52633,86.0,0.5197525024414062
2026-09-28T18:00,pressure_profile,ncep_hrrr_conus,,,,,,,,,,,,,,,,,,,,,,,,,,,,,,,,,,,,,,,,,,,,,,,,,America/Los_Angeles,34.03202,-118.52633,86.0,0.5197525024414062
2026-09-28T19:00,pressure_profile,ncep_hrrr_conus,,,,,,,,,,,,,,,,,,,,,,,,,,,,,,,,,,,,,,,,,,,,,,,,,America/Los_Angeles,34.03202,-118.52633,86.0,0.5197525024414062
2026-09-28T20:00,pressure_profile,ncep_hrrr_conus,,,,,,,,,,,,,,,,,,,,,,,,,,,,,,,,,,,,,,,,,,,,,,,,,America/Los_Angeles,34.03202,-118.52633,86.0,0.5197525024414062
2026-09-28T21:00,pressure_profile,ncep_hrrr_conus,,,,,,,,,,,,,,,,,,,,,,,,,,,,,,,,,,,,,,,,,,,,,,,,,America/Los_Angeles,34.03202,-118.52633,86.0,0.5197525024414062
2026-09-28T22:00,pressure_profile,ncep_hrrr_conus,,,,,,,,,,,,,,,,,,,,,,,,,,,,,,,,,,,,,,,,,,,,,,,,,America/Los_Angeles,34.03202,-118.52633,86.0,0.5197525024414062
2026-09-28T23:00,pressure_profile,ncep_hrrr_conus,,,,,,,,,,,,,,,,,,,,,,,,,,,,,,,,,,,,,,,,,,,,,,,,,America/Los_Angeles,34.03202,-118.52633,86.0,0.5197525024414062
2026-09-29T00:00,pressure_profile,ncep_hrrr_conus,,,,,,,,,,,,,,,,,,,,,,,,,,,,,,,,,,,,,,,,,,,,,,,,,America/Los_Angeles,34.03202,-118.52633,86.0,0.5197525024414062
2026-09-29T01:00,pressure_profile,ncep_hrrr_conus,,,,,,,,,,,,,,,,,,,,,,,,,,,,,,,,,,,,,,,,,,,,,,,,,America/Los_Angeles,34.03202,-118.52633,86.0,0.5197525024414062
2026-09-29T02:00,pressure_profile,ncep_hrrr_conus,,,,,,,,,,,,,,,,,,,,,,,,,,,,,,,,,,,,,,,,,,,,,,,,,America/Los_Angeles,34.03202,-118.52633,86.0,0.5197525024414062
2026-09-29T03:00,pressure_profile,ncep_hrrr_conus,,,,,,,,,,,,,,,,,,,,,,,,,,,,,,,,,,,,,,,,,,,,,,,,,America/Los_Angeles,34.03202,-118.52633,86.0,0.5197525024414062
2026-09-29T04:00,pressure_profile,ncep_hrrr_conus,,,,,,,,,,,,,,,,,,,,,,,,,,,,,,,,,,,,,,,,,,,,,,,,,America/Los_Angeles,34.03202,-118.52633,86.0,0.5197525024414062
2026-09-29T05:00,pressure_profile,ncep_hrrr_conus,,,,,,,,,,,,,,,,,,,,,,,,,,,,,,,,,,,,,,,,,,,,,,,,,America/Los_Angeles,34.03202,-118.52633,86.0,0.5197525024414062
2026-09-29T06:00,pressure_profile,ncep_hrrr_conus,,,,,,,,,,,,,,,,,,,,,,,,,,,,,,,,,,,,,,,,,,,,,,,,,America/Los_Angeles,34.03202,-118.52633,86.0,0.5197525024414062
2026-09-29T07:00,pressure_profile,ncep_hrrr_conus,,,,,,,,,,,,,,,,,,,,,,,,,,,,,,,,,,,,,,,,,,,,,,,,,America/Los_Angeles,34.03202,-118.52633,86.0,0.5197525024414062
2026-09-29T08:00,pressure_profile,ncep_hrrr_conus,,,,,,,,,,,,,,,,,,,,,,,,,,,,,,,,,,,,,,,,,,,,,,,,,America/Los_Angeles,34.03202,-118.52633,86.0,0.5197525024414062
2026-09-29T09:00,pressure_profile,ncep_hrrr_conus,,,,,,,,,,,,,,,,,,,,,,,,,,,,,,,,,,,,,,,,,,,,,,,,,America/Los_Angeles,34.03202,-118.52633,86.0,0.5197525024414062
2026-09-29T10:00,pressure_profile,ncep_hrrr_conus,,,,,,,,,,,,,,,,,,,,,,,,,,,,,,,,,,,,,,,,,,,,,,,,,America/Los_Angeles,34.03202,-118.52633,86.0,0.5197525024414062
2026-09-29T11:00,pressure_profile,ncep_hrrr_conus,,,,,,,,,,,,,,,,,,,,,,,,,,,,,,,,,,,,,,,,,,,,,,,,,America/Los_Angeles,34.03202,-118.52633,86.0,0.5197525024414062
2026-09-29T12:00,pressure_profile,ncep_hrrr_conus,,,,,,,,,,,,,,,,,,,,,,,,,,,,,,,,,,,,,,,,,,,,,,,,,America/Los_Angeles,34.03202,-118.52633,86.0,0.5197525024414062
2026-09-29T13:00,pressure_profile,ncep_hrrr_conus,,,,,,,,,,,,,,,,,,,,,,,,,,,,,,,,,,,,,,,,,,,,,,,,,America/Los_Angeles,34.03202,-118.52633,86.0,0.5197525024414062
2026-09-29T14:00,pressure_profile,ncep_hrrr_conus,,,,,,,,,,,,,,,,,,,,,,,,,,,,,,,,,,,,,,,,,,,,,,,,,America/Los_Angeles,34.03202,-118.52633,86.0,0.5197525024414062
2026-09-29T15:00,pressure_profile,ncep_hrrr_conus,,,,,,,,,,,,,,,,,,,,,,,,,,,,,,,,,,,,,,,,,,,,,,,,,America/Los_Angeles,34.03202,-118.52633,86.0,0.5197525024414062
2026-09-29T16:00,pressure_profile,ncep_hrrr_conus,,,,,,,,,,,,,,,,,,,,,,,,,,,,,,,,,,,,,,,,,,,,,,,,,America/Los_Angeles,34.03202,-118.52633,86.0,0.5197525024414062
2026-09-29T17:00,pressure_profile,ncep_hrrr_conus,,,,,,,,,,,,,,,,,,,,,,,,,,,,,,,,,,,,,,,,,,,,,,,,,America/Los_Angeles,34.03202,-118.52633,86.0,0.5197525024414062
2026-09-29T18:00,pressure_profile,ncep_hrrr_conus,,,,,,,,,,,,,,,,,,,,,,,,,,,,,,,,,,,,,,,,,,,,,,,,,America/Los_Angeles,34.03202,-118.52633,86.0,0.5197525024414062
2026-09-29T19:00,pressure_profile,ncep_hrrr_conus,,,,,,,,,,,,,,,,,,,,,,,,,,,,,,,,,,,,,,,,,,,,,,,,,America/Los_Angeles,34.03202,-118.52633,86.0,0.5197525024414062
2026-09-29T20:00,pressure_profile,ncep_hrrr_conus,,,,,,,,,,,,,,,,,,,,,,,,,,,,,,,,,,,,,,,,,,,,,,,,,America/Los_Angeles,34.03202,-118.52633,86.0,0.5197525024414062
2026-09-29T21:00,pressure_profile,ncep_hrrr_conus,,,,,,,,,,,,,,,,,,,,,,,,,,,,,,,,,,,,,,,,,,,,,,,,,America/Los_Angeles,34.03202,-118.52633,86.0,0.5197525024414062
2026-09-29T22:00,pressure_profile,ncep_hrrr_conus,,,,,,,,,,,,,,,,,,,,,,,,,,,,,,,,,,,,,,,,,,,,,,,,,America/Los_Angeles,34.03202,-118.52633,86.0,0.5197525024414062
2026-09-29T23:00,pressure_profile,ncep_hrrr_conus,,,,,,,,,,,,,,,,,,,,,,,,,,,,,,,,,,,,,,,,,,,,,,,,,America/Los_Angeles,34.03202,-118.52633,86.0,0.5197525024414062
2026-09-30T00:00,pressure_profile,ncep_hrrr_conus,,,,,,,,,,,,,,,,,,,,,,,,,,,,,,,,,,,,,,,,,,,,,,,,,America/Los_Angeles,34.03202,-118.52633,86.0,0.5197525024414062
2026-09-30T01:00,pressure_profile,ncep_hrrr_conus,,,,,,,,,,,,,,,,,,,,,,,,,,,,,,,,,,,,,,,,,,,,,,,,,America/Los_Angeles,34.03202,-118.52633,86.0,0.5197525024414062
2026-09-30T02:00,pressure_profile,ncep_hrrr_conus,,,,,,,,,,,,,,,,,,,,,,,,,,,,,,,,,,,,,,,,,,,,,,,,,America/Los_Angeles,34.03202,-118.52633,86.0,0.5197525024414062
2026-09-30T03:00,pressure_profile,ncep_hrrr_conus,,,,,,,,,,,,,,,,,,,,,,,,,,,,,,,,,,,,,,,,,,,,,,,,,America/Los_Angeles,34.03202,-118.52633,86.0,0.5197525024414062
2026-09-30T04:00,pressure_profile,ncep_hrrr_conus,,,,,,,,,,,,,,,,,,,,,,,,,,,,,,,,,,,,,,,,,,,,,,,,,America/Los_Angeles,34.03202,-118.52633,86.0,0.5197525024414062
2026-09-30T05:00,pressure_profile,ncep_hrrr_conus,,,,,,,,,,,,,,,,,,,,,,,,,,,,,,,,,,,,,,,,,,,,,,,,,America/Los_Angeles,34.03202,-118.52633,86.0,0.5197525024414062
2026-09-30T06:00,pressure_profile,ncep_hrrr_conus,,,,,,,,,,,,,,,,,,,,,,,,,,,,,,,,,,,,,,,,,,,,,,,,,America/Los_Angeles,34.03202,-118.52633,86.0,0.5197525024414062
2026-09-30T07:00,pressure_profile,ncep_hrrr_conus,,,,,,,,,,,,,,,,,,,,,,,,,,,,,,,,,,,,,,,,,,,,,,,,,America/Los_Angeles,34.03202,-118.52633,86.0,0.5197525024414062
2026-09-30T08:00,pressure_profile,ncep_hrrr_conus,,,,,,,,,,,,,,,,,,,,,,,,,,,,,,,,,,,,,,,,,,,,,,,,,America/Los_Angeles,34.03202,-118.52633,86.0,0.5197525024414062
2026-09-30T09:00,pressure_profile,ncep_hrrr_conus,,,,,,,,,,,,,,,,,,,,,,,,,,,,,,,,,,,,,,,,,,,,,,,,,America/Los_Angeles,34.03202,-118.52633,86.0,0.5197525024414062
2026-09-30T10:00,pressure_profile,ncep_hrrr_conus,,,,,,,,,,,,,,,,,,,,,,,,,,,,,,,,,,,,,,,,,,,,,,,,,America/Los_Angeles,34.03202,-118.52633,86.0,0.5197525024414062
2026-09-30T11:00,pressure_profile,ncep_hrrr_conus,,,,,,,,,,,,,,,,,,,,,,,,,,,,,,,,,,,,,,,,,,,,,,,,,America/Los_Angeles,34.03202,-118.52633,86.0,0.5197525024414062
2026-09-30T12:00,pressure_profile,ncep_hrrr_conus,,,,,,,,,,,,,,,,,,,,,,,,,,,,,,,,,,,,,,,,,,,,,,,,,America/Los_Angeles,34.03202,-118.52633,86.0,0.5197525024414062
2026-09-30T13:00,pressure_profile,ncep_hrrr_conus,,,,,,,,,,,,,,,,,,,,,,,,,,,,,,,,,,,,,,,,,,,,,,,,,America/Los_Angeles,34.03202,-118.52633,86.0,0.5197525024414062
2026-09-30T14:00,pressure_profile,ncep_hrrr_conus,,,,,,,,,,,,,,,,,,,,,,,,,,,,,,,,,,,,,,,,,,,,,,,,,America/Los_Angeles,34.03202,-118.52633,86.0,0.5197525024414062
2026-09-30T15:00,pressure_profile,ncep_hrrr_conus,,,,,,,,,,,,,,,,,,,,,,,,,,,,,,,,,,,,,,,,,,,,,,,,,America/Los_Angeles,34.03202,-118.52633,86.0,0.5197525024414062
2026-09-30T16:00,pressure_profile,ncep_hrrr_conus,,,,,,,,,,,,,,,,,,,,,,,,,,,,,,,,,,,,,,,,,,,,,,,,,America/Los_Angeles,34.03202,-118.52633,86.0,0.5197525024414062
2026-09-30T17:00,pressure_profile,ncep_hrrr_conus,,,,,,,,,,,,,,,,,,,,,,,,,,,,,,,,,,,,,,,,,,,,,,,,,America/Los_Angeles,34.03202,-118.52633,86.0,0.5197525024414062
2026-09-30T18:00,pressure_profile,ncep_hrrr_conus,,,,,,,,,,,,,,,,,,,,,,,,,,,,,,,,,,,,,,,,,,,,,,,,,America/Los_Angeles,34.03202,-118.52633,86.0,0.5197525024414062
2026-09-30T19:00,pressure_profile,ncep_hrrr_conus,,,,,,,,,,,,,,,,,,,,,,,,,,,,,,,,,,,,,,,,,,,,,,,,,America/Los_Angeles,34.03202,-118.52633,86.0,0.5197525024414062
2026-09-30T20:00,pressure_profile,ncep_hrrr_conus,,,,,,,,,,,,,,,,,,,,,,,,,,,,,,,,,,,,,,,,,,,,,,,,,America/Los_Angeles,34.03202,-118.52633,86.0,0.5197525024414062
2026-09-30T21:00,pressure_profile,ncep_hrrr_conus,,,,,,,,,,,,,,,,,,,,,,,,,,,,,,,,,,,,,,,,,,,,,,,,,America/Los_Angeles,34.03202,-118.52633,86.0,0.5197525024414062
2026-09-30T22:00,pressure_profile,ncep_hrrr_conus,,,,,,,,,,,,,,,,,,,,,,,,,,,,,,,,,,,,,,,,,,,,,,,,,America/Los_Angeles,34.03202,-118.52633,86.0,0.5197525024414062
2026-09-30T23:00,pressure_profile,ncep_hrrr_conus,,,,,,,,,,,,,,,,,,,,,,,,,,,,,,,,,,,,,,,,,,,,,,,,,America/Los_Angeles,34.03202,-118.52633,86.0,0.5197525024414062
2026-10-01T00:00,pressure_profile,ncep_hrrr_conus,,,,,,,,,,,,,,,,,,,,,,,,,,,,,,,,,,,,,,,,,,,,,,,,,America/Los_Angeles,34.03202,-118.52633,86.0,0.5197525024414062
2026-10-01T01:00,pressure_profile,ncep_hrrr_conus,,,,,,,,,,,,,,,,,,,,,,,,,,,,,,,,,,,,,,,,,,,,,,,,,America/Los_Angeles,34.03202,-118.52633,86.0,0.5197525024414062
2026-10-01T02:00,pressure_profile,ncep_hrrr_conus,,,,,,,,,,,,,,,,,,,,,,,,,,,,,,,,,,,,,,,,,,,,,,,,,America/Los_Angeles,34.03202,-118.52633,86.0,0.5197525024414062
2026-10-01T03:00,pressure_profile,ncep_hrrr_conus,,,,,,,,,,,,,,,,,,,,,,,,,,,,,,,,,,,,,,,,,,,,,,,,,America/Los_Angeles,34.03202,-118.52633,86.0,0.5197525024414062
2026-10-01T04:00,pressure_profile,ncep_hrrr_conus,,,,,,,,,,,,,,,,,,,,,,,,,,,,,,,,,,,,,,,,,,,,,,,,,America/Los_Angeles,34.03202,-118.52633,86.0,0.5197525024414062
2026-10-01T05:00,pressure_profile,ncep_hrrr_conus,,,,,,,,,,,,,,,,,,,,,,,,,,,,,,,,,,,,,,,,,,,,,,,,,America/Los_Angeles,34.03202,-118.52633,86.0,0.5197525024414062
2026-10-01T06:00,pressure_profile,ncep_hrrr_conus,,,,,,,,,,,,,,,,,,,,,,,,,,,,,,,,,,,,,,,,,,,,,,,,,America/Los_Angeles,34.03202,-118.52633,86.0,0.5197525024414062
2026-10-01T07:00,pressure_profile,ncep_hrrr_conus,,,,,,,,,,,,,,,,,,,,,,,,,,,,,,,,,,,,,,,,,,,,,,,,,America/Los_Angeles,34.03202,-118.52633,86.0,0.5197525024414062
2026-10-01T08:00,pressure_profile,ncep_hrrr_conus,,,,,,,,,,,,,,,,,,,,,,,,,,,,,,,,,,,,,,,,,,,,,,,,,America/Los_Angeles,34.03202,-118.52633,86.0,0.5197525024414062
2026-10-01T09:00,pressure_profile,ncep_hrrr_conus,,,,,,,,,,,,,,,,,,,,,,,,,,,,,,,,,,,,,,,,,,,,,,,,,America/Los_Angeles,34.03202,-118.52633,86.0,0.5197525024414062
2026-10-01T10:00,pressure_profile,ncep_hrrr_conus,,,,,,,,,,,,,,,,,,,,,,,,,,,,,,,,,,,,,,,,,,,,,,,,,America/Los_Angeles,34.03202,-118.52633,86.0,0.5197525024414062
2026-10-01T11:00,pressure_profile,ncep_hrrr_conus,,,,,,,,,,,,,,,,,,,,,,,,,,,,,,,,,,,,,,,,,,,,,,,,,America/Los_Angeles,34.03202,-118.52633,86.0,0.5197525024414062
2026-10-01T12:00,pressure_profile,ncep_hrrr_conus,,,,,,,,,,,,,,,,,,,,,,,,,,,,,,,,,,,,,,,,,,,,,,,,,America/Los_Angeles,34.03202,-118.52633,86.0,0.5197525024414062
2026-10-01T13:00,pressure_profile,ncep_hrrr_conus,,,,,,,,,,,,,,,,,,,,,,,,,,,,,,,,,,,,,,,,,,,,,,,,,America/Los_Angeles,34.03202,-118.52633,86.0,0.5197525024414062
2026-10-01T14:00,pressure_profile,ncep_hrrr_conus,,,,,,,,,,,,,,,,,,,,,,,,,,,,,,,,,,,,,,,,,,,,,,,,,America/Los_Angeles,34.03202,-118.52633,86.0,0.5197525024414062
2026-10-01T15:00,pressure_profile,ncep_hrrr_conus,,,,,,,,,,,,,,,,,,,,,,,,,,,,,,,,,,,,,,,,,,,,,,,,,America/Los_Angeles,34.03202,-118.52633,86.0,0.5197525024414062
2026-10-01T16:00,pressure_profile,ncep_hrrr_conus,,,,,,,,,,,,,,,,,,,,,,,,,,,,,,,,,,,,,,,,,,,,,,,,,America/Los_Angeles,34.03202,-118.52633,86.0,0.5197525024414062
2026-10-01T17:00,pressure_profile,ncep_hrrr_conus,,,,,,,,,,,,,,,,,,,,,,,,,,,,,,,,,,,,,,,,,,,,,,,,,America/Los_Angeles,34.03202,-118.52633,86.0,0.5197525024414062
2026-10-01T18:00,pressure_profile,ncep_hrrr_conus,,,,,,,,,,,,,,,,,,,,,,,,,,,,,,,,,,,,,,,,,,,,,,,,,America/Los_Angeles,34.03202,-118.52633,86.0,0.5197525024414062
2026-10-01T19:00,pressure_profile,ncep_hrrr_conus,,,,,,,,,,,,,,,,,,,,,,,,,,,,,,,,,,,,,,,,,,,,,,,,,America/Los_Angeles,34.03202,-118.52633,86.0,0.5197525024414062
2026-10-01T20:00,pressure_profile,ncep_hrrr_conus,,,,,,,,,,,,,,,,,,,,,,,,,,,,,,,,,,,,,,,,,,,,,,,,,America/Los_Angeles,34.03202,-118.52633,86.0,0.5197525024414062
2026-10-01T21:00,pressure_profile,ncep_hrrr_conus,,,,,,,,,,,,,,,,,,,,,,,,,,,,,,,,,,,,,,,,,,,,,,,,,America/Los_Angeles,34.03202,-118.52633,86.0,0.5197525024414062
2026-10-01T22:00,pressure_profile,ncep_hrrr_conus,,,,,,,,,,,,,,,,,,,,,,,,,,,,,,,,,,,,,,,,,,,,,,,,,America/Los_Angeles,34.03202,-118.52633,86.0,0.5197525024414062
2026-10-01T23:00,pressure_profile,ncep_hrrr_conus,,,,,,,,,,,,,,,,,,,,,,,,,,,,,,,,,,,,,,,,,,,,,,,,,America/Los_Angeles,34.03202,-118.52633,86.0,0.5197525024414062
2026-09-22T00:00,pressure_profile,ncep_gfs_global,68.2,76,60.3,0,0.01,351.05,60.4,80,54.2,0,0.0,2542.651,59.2,48,39.5,0,-0.02,4895.013,43.8,37,19.0,0,-0.01,10216.535,28.4,20,-7.7,0,-0.01,14294.619,13.1,7,-39.4,0,-0.03,18976.378,-4.1,18,-36.7,0,-0.04,24513.14,-31.9,4,-82.3,0,-0.03,31279.106,America/Los_Angeles,34.03189,-118.47656,86.0,1.613020896911621
2026-09-22T01:00,pressure_profile,ncep_gfs_global,67.8,77,60.3,0,0.01,351.05,60.0,82,54.4,0,0.01,2539.37,58.9,52,41.3,0,0.0,4888.452,44.3,30,14.8,0,-0.04,10213.255,28.0,23,-5.5,0,-0.03,14294.619,13.9,7,-38.7,0,-0.04,18973.098,-4.7,23,-32.8,0,-0.04,24513.14,-31.9,4,-82.3,0,-0.01,31273.812,America/Los_Angeles,34.03189,-118.47656,86.0,1.613020896911621
2026-09-22T02:00,pressure_profile,ncep_gfs_global,67.5,79,60.7,0,0.01,347.769,59.4,84,54.5,0,0.01,2536.089,58.5,56,42.9,0,0.0,4881.89,44.9,22,8.5,0,-0.02,10206.693,28.0,24,-4.4,0,-0.04,14288.058,14.4,7,-38.4,0,-0.02,18969.816,-5.2,27,-30.9,0,-0.01,24509.088,-32.8,4,-83.0,0,-0.03,31263.228,America/Los_Angeles,34.03189,-118.47656,86.0,1.613020896911621
2026-09-22T03:00,pressure_profile,ncep_gfs_global,67.1,81,61.1,0,0.01,341.207,59.0,87,55.1,0,0.0,2529.528,57.9,60,44.1,0,0.0,4875.328,44.9,20,6.2,0,-0.02,10196.851,28.7,24,-3.8,0,-0.04,14278.215,14.4,7,-38.4,0,-0.02,18966.536,-5.8,27,-31.4,0,0.0,24500.988,-32.8,4,-83.0,0,-0.03,31252.646,America/Los_Angeles,34.03189,-118.47656,86.0,1.613020896911621
2026-09-22T04:00,pressure_profile,ncep_gfs_global,66.7,82,61.1,0,0.01,337.927,58.8,87,54.9,0,-0.01,2522.966,58.3,60,44.5,0,-0.02,4868.767,44.9,21,7.4,0,-0.01,10190.289,28.7,24,-3.8,0,-0.02,14274.935,14.8,7,-38.1,0,-0.02,18963.254,-6.4,28,-30.8,0,-0.01,24496.938,-33.7,4,-83.6,0,0.0,31242.064,America/Los_Angeles,34.03189,-118.47656,86.0,1.613020896911621
2026-09-22T05:00,pressure_profile,ncep_gfs_global,66.4,83,61.1,0,0.01,341.207,58.6,89,55.3,0,0.0,2522.966,58.7,59,44.4,0,-0.01,4872.048,44.6,22,8.3,0,-0.01,10196.851,28.7,23,-5.0,0,-0.02,14278.215,14.8,7,-38.1,0,-0.01,18966.536,-6.4,30,-29.8,0,0.01,24496.938,-34.6,4,-84.3,0,-0.03,31231.478,America/Los_Angeles,34.03189,-118.47656,86.0,1.613020896911621
2026-09-22T06:00,pressure_profile,ncep_gfs_global,66.0,84,61.0,0,0.01,344.488,58.4,90,55.5,1,-0.01,2526.247,59.4,55,43.2,0,-0.02,4878.609,44.3,23,9.1,0,-0.03,10203.412,29.0,19,-8.4,0,-0.02,14284.777,14.8,7,-38.1,0,-0.01,18976.378,-6.9,32,-29.3,0,0.02,24496.938,-34.6,6,-78.8,0,0.0,31226.19,America/Los_Angeles,34.03189,-118.47656,86.0,1.613020896911621
2026-09-22T07:00,pressure_profile,ncep_gfs_global,65.8,84,60.9,0,0.01,354.331,58.4,90,55.5,10,-0.01,2536.089,59.8,52,42.1,0,-0.01,4888.452,44.1,24,9.9,0,-0.01,10216.535,29.7,19,-7.9,0,-0.04,14301.182,14.4,9,-35.2,0,-0.01,18989.502,-6.9,27,-32.4,0,0.0,24505.04,-35.5,6,-79.5,0,-0.03,31226.19,America/Los_Angeles,34.03189,-118.47656,86.0,1.613020896911621
2026-09-22T08:00,pressure_profile,ncep_gfs_global,66.4,82,60.7,1,0.01,367.454,58.4,90,55.5,11,-0.01,2549.213,60.0,51,41.8,0,-0.02,4901.575,43.5,29,13.2,0,-0.02,10226.378,30.3,24,-2.4,0,-0.03,14311.023,14.4,9,-35.2,0,-0.04,19002.624,-6.9,20,-37.6,0,-0.01,24521.24,-36.4,6,-80.2,0,-0.03,31236.772,America/Los_Angeles,34.03189,-118.47656,86.0,1.613020896911621
2026-09-22T09:00,pressure_profile,ncep_gfs_global,67.3,79,60.5,1,0.01,367.454,58.8,88,55.2,10,-0.02,2552.494,60.9,47,40.5,0,-0.02,4908.137,43.5,31,14.9,0,-0.02,10239.501,30.3,25,-1.3,0,-0.02,14324.147,14.8,9,-34.8,0,-0.04,19019.03,-6.9,18,-39.1,0,0.01,24537.442,-36.4,8,-76.2,0,0.0,31247.354,America/Los_Angeles,34.03189,-118.47656,86.0,1.613020896911621
2026-09-22T10:00,pressure_profile,ncep_gfs_global,68.4,76,60.5,0,0.01,367.454,58.8,91,56.2,9,-0.02,2555.775,62.0,43,39.2,0,-0.02,4917.979,43.5,32,15.7,0,-0.03,10252.625,30.3,24,-2.4,0,-0.01,14333.989,15.2,9,-34.5,0,-0.03,19035.434,-6.9,23,-34.8,0,0.0,24553.644,-37.3,12,-71.1,0,-0.03,31257.936,America/Los_Angeles,34.03189,-118.47656,86.0,1.613020896911621
2026-09-22T11:00,pressure_profile,ncep_gfs_global,69.6,72,60.2,0,0.01,364.173,60.4,86,56.1,1,-0.02,2555.775,63.1,40,38.4,0,-0.02,4921.26,43.8,34,17.5,0,-0.03,10259.187,31.0,21,-4.2,0,-0.02,14347.113,15.2,10,-31.7,0,-0.02,19048.556,-7.5,23,-35.3,0,-0.01,24565.794,-38.2,28,-59.2,0,0.0,31268.522,America/Los_Angeles,34.03189,-118.47656,86.0,1.613020896911621
2026-09-22T12:00,pressure_profile,ncep_gfs_global,70.9,69,60.2,0,0.02,347.769,62.3,79,55.7,0,-0.03,2545.932,63.9,38,37.8,0,-0.02,4917.979,44.1,36,18.5,0,-0.03,10259.187,31.7,20,-4.9,0,-0.02,14350.394,15.2,10,-31.7,0,-0.02,19055.12,-7.5,23,-35.3,0,-0.02,24569.846,-39.1,44,-52.9,0,-0.01,31273.812,America/Los_Angeles,34.03189,-118.47656,86.0,1.613020896911621
2026-09-22T13:00,pressure_profile,ncep_gfs_global,71.6,67,60.1,3,0.02,328.084,64.9,70,54.9,0,-0.03,2529.528,64.6,38,38.4,0,-0.02,4911.418,44.1,37,19.2,0,-0.01,10252.625,32.0,20,-4.6,0,-0.01,14347.113,15.2,10,-31.7,0,-0.03,19055.12,-7.5,25,-34.1,0,-0.04,24573.896,-39.1,42,-53.6,0,-0.03,31273.812,America/Los_Angeles,34.03189,-118.47656,86.0,1.613020896911621
2026-09-22T14:00,pressure_profile,ncep_gfs_global,71.2,69,60.5,5,0.03,311.68,66.5,67,55.2,0,-0.02,2513.123,65.5,38,39.2,0,-0.04,4898.294,44.1,37,19.2,0,-0.01,10242.782,32.3,20,-4.3,0,-0.01,14340.552,15.2,10,-31.7,0,-0.04,19048.556,-7.5,27,-32.9,0,-0.04,24569.846,-39.1,36,-56.1,0,-0.03,31273.812,America/Los_Angeles,34.03189,-118.47656,86.0,1.613020896911621
2026-09-22T15:00,pressure_profile,ncep_gfs_global,70.0,74,61.3,2,0.02,291.995,67.2,66,55.5,0,-0.02,2493.438,66.5,36,38.8,0,-0.05,4885.171,44.1,37,19.2,0,-0.02,10232.939,32.7,19,-5.4,0,-0.02,14333.989,15.6,10,-31.4,0,-0.04,19045.276,-6.9,25,-33.6,0,-0.02,24573.896,-38.2,24,-61.6,0,-0.03,31273.812,America/Los_Angeles,34.03189,-118.47656,86.0,1.613020896911621
2026-09-22T16:00,pressure_profile,ncep_gfs_global,70.5,74,61.8,0,0.02,269.029,69.2,60,54.7,0,-0.03,2477.034,67.4,34,38.1,0,-0.04,4875.328,44.3,36,18.7,0,-0.02,10226.378,33.0,18,-6.5,0,-0.02,14327.428,15.6,10,-31.4,0,-0.03,19041.994,-6.9,22,-36.1,0,-0.02,24577.946,-38.2,16,-67.7,0,-0.03,31279.106,America/Los_Angeles,34.03189,-118.47656,86.0,1.613020896911621
2026-09-22T17:00,pressure_profile,ncep_gfs_global,72.1,70,61.8,0,0.02,259.186,70.6,57,54.6,0,-0.02,2470.473,67.8,34,38.4,0,-0.03,4872.048,44.1,40,21.3,0,-0.02,10229.659,33.0,19,-5.1,0,-0.02,14327.428,16.0,10,-31.1,0,-0.03,19045.276,-6.9,22,-36.1,0,-0.01,24586.046,-37.3,14,-68.9,0,-0.03,31289.688,America/Los_Angeles,34.03189,-118.47656,86.0,1.613020896911621
2026-09-22T18:00,pressure_profile,ncep_gfs_global,73.0,68,61.9,0,0.01,255.906,72.2,54,54.6,0,-0.01,2477.034,68.3,34,38.8,0,-0.02,4878.609,44.6,42,23.0,0,-0.01,10242.782,33.0,19,-5.1,0,-0.02,14343.832,16.5,10,-30.8,0,0.01,19058.398,-6.9,18,-39.1,0,-0.02,24598.198,-37.3,16,-66.9,0,0.0,31310.854,America/Los_Angeles,34.03189,-118.47656,86.0,1.613020896911621
2026-09-22T19:00,pressure_profile,ncep_gfs_global,73.6,65,61.1,0,0.01,255.906,73.0,50,53.2,0,-0.01,2483.596,68.5,35,39.8,0,-0.01,4888.452,45.1,37,20.2,0,-0.01,10252.625,33.0,18,-6.5,0,-0.04,14353.675,16.5,10,-30.8,0,-0.02,19071.522,-6.4,8,-51.9,0,-0.02,24610.35,-37.3,14,-68.9,0,-0.04,31326.728,America/Los_Angeles,34.03189,-118.47656,86.0,1.613020896911621
2026-09-22T20:00,pressure_profile,ncep_gfs_global,73.4,64,60.5,0,0.01,262.467,73.1,49,52.9,0,0.0,2486.877,68.7,34,39.2,0,0.0,4895.013,45.4,34,19.0,0,-0.01,10259.187,33.3,16,-7.8,0,-0.03,14363.518,16.9,9,-33.2,0,-0.02,19087.926,-6.4,8,-51.9,0,-0.04,24622.502,-36.4,10,-73.0,0,-0.09,31342.604,America/Los_Angeles,34.03189,-118.47656,86.0,1.613020896911621
2026-09-22T21:00,pressure_profile,ncep_gfs_global,72.1,67,60.6,0,0.01,282.152,72.8,49,52.5,0,0.01,2503.281,68.7,33,38.4,0,0.0,4908.137,45.7,41,23.4,0,-0.03,10275.591,33.7,16,-7.5,0,-0.05,14383.202,16.9,9,-33.2,0,-0.02,19107.612,-6.4,12,-46.3,0,-0.01,24646.802,-36.4,10,-73.0,0,-0.04,31369.062,America/Los_Angeles,34.03189,-118.47656,86.0,1.613020896911621
2026-09-22T22:00,pressure_profile,ncep_gfs_global,71.1,71,61.2,0,0.01,288.714,71.8,52,53.2,0,0.0,2503.281,68.5,32,37.5,0,0.0,4908.137,45.7,44,25.3,0,-0.02,10278.871,34.0,16,-7.3,0,-0.04,14389.764,17.3,9,-32.9,0,-0.03,19117.456,-6.9,13,-44.5,0,-0.02,24654.904,-36.4,10,-73.0,0,0.01,31384.938,America/Los_Angeles,34.03189,-118.47656,86.0,1.613020896911621
2026-09-22T23:00,pressure_profile,ncep_gfs_global,70.5,72,61.1,0,0.01,285.433,71.4,53,53.4,0,-0.01,2500.0,68.7,29,35.2,0,0.0,4904.856,45.7,42,24.0,0,0.0,10269.029,33.7,18,-6.0,0,-0.03,14386.483,17.7,9,-32.6,0,0.01,19117.456,-6.9,12,-46.8,0,-0.05,24654.904,-36.4,10,-73.0,0,0.0,31384.938,America/Los_Angeles,34.03189,-118.47656,86.0,1.613020896911621
2026-09-23T00:00,pressure_profile,ncep_gfs_global,70.5,72,61.1,0,0.01,278.871,72.0,50,52.3,0,-0.02,2496.719,68.9,28,34.5,0,-0.01,4901.575,45.7,40,22.7,0,0.0,10265.748,34.0,18,-5.7,0,-0.03,14383.202,17.7,9,-32.6,0,0.0,19110.892,-6.4,10,-48.9,0,-0.06,24650.854,-36.4,12,-70.4,0,0.0,31379.644,America/Los_Angeles,34.03189,-118.47656,86.0,1.613020896911621
2026-09-23T01:00,pressure_profile,ncep_gfs_global,70.5,73,61.4,0,0.0,272.31,72.8,47,51.4,0,-0.02,2490.158,69.1,27,33.7,0,-0.02,4898.294,46.0,36,20.2,0,-0.01,10265.748,34.0,18,-5.7,0,-0.03,14379.921,17.7,7,-35.8,0,0.01,19107.612,-5.8,8,-51.4,0,-0.01,24650.854,-37.3,20,-63.6,0,-0.01,31379.644,America/Los_Angeles,34.03189,-118.47656,86.0,1.613020896911621
2026-09-23T02:00,pressure_profile,ncep_gfs_global,70.3,73,61.3,0,0.01,269.029,73.3,44,50.1,0,-0.01,2486.877,69.4,27,33.9,0,-0.03,4895.013,46.0,29,15.4,0,-0.02,10265.748,34.0,16,-7.3,0,-0.02,14376.641,17.7,9,-32.6,0,0.01,19104.33,-5.2,7,-54.6,0,0.0,24646.802,-38.2,32,-57.1,0,-0.01,31374.356,America/Los_Angeles,34.03189,-118.47656,86.0,1.613020896911621
2026-09-23T03:00,pressure_profile,ncep_gfs_global,70.0,75,61.7,0,0.01,265.748,73.0,44,49.8,0,0.0,2480.315,69.6,26,33.2,0,-0.01,4891.733,46.0,27,13.5,0,0.01,10259.187,33.7,16,-7.5,0,0.0,14370.079,17.7,9,-32.6,0,-0.01,19097.77,-5.2,8,-51.0,0,-0.02,24638.704,-37.3,20,-63.6,0,-0.01,31363.772,America/Los_Angeles,34.03189,-118.47656,86.0,1.613020896911621
2026-09-23T04:00,pressure_profile,ncep_gfs_global,69.4,77,61.9,0,0.01,265.748,73.0,43,49.1,0,-0.01,2480.315,69.6,26,33.2,0,-0.02,4891.733,45.4,29,14.9,0,0.02,10259.187,33.3,19,-4.8,0,0.0,14363.518,17.7,9,-32.6,0,-0.02,19091.208,-5.2,10,-48.0,0,-0.02,24634.652,-37.3,18,-65.2,0,0.0,31363.772,America/Los_Angeles,34.03189,-118.47656,86.0,1.613020896911621
2026-09-23T05:00,pressure_profile,ncep_gfs_global,69.3,78,62.1,0,0.0,265.748,73.5,39,47.1,0,-0.02,2483.596,69.6,26,33.2,0,-0.01,4895.013,44.9,31,16.1,0,0.01,10259.187,33.0,19,-5.1,0,-0.02,14363.518,17.7,10,-29.8,0,-0.02,19091.208,-5.2,13,-43.1,0,-0.01,24634.652,-37.3,16,-66.9,0,0.03,31363.772,America/Los_Angeles,34.03189,-118.47656,86.0,1.613020896911621
2026-09-23T06:00,pressure_profile,ncep_gfs_global,69.6,76,61.7,0,-0.01,272.31,74.9,34,44.7,0,-0.02,2493.438,69.6,26,33.2,0,-0.01,4904.856,44.9,32,16.9,0,-0.01,10269.029,33.3,19,-4.8,0,-0.03,14373.359,17.3,11,-27.6,0,0.01,19101.05,-5.2,13,-43.1,0,0.0,24646.802,-37.3,22,-62.1,0,0.01,31374.356,America/Los_Angeles,34.03189,-118.47656,86.0,1.613020896911621
2026-09-23T07:00,pressure_profile,ncep_gfs_global,70.3,72,60.9,0,0.0,282.152,75.3,31,42.6,0,-0.01,2503.281,69.6,26,33.2,0,-0.01,4917.979,45.1,30,15.5,0,-0.02,10282.152,33.7,18,-6.0,0,-0.02,14386.483,16.9,11,-28.0,0,0.0,19110.892,-4.7,12,-44.9,0,-0.01,24658.956,-37.3,24,-60.8,0,0.01,31390.23,America/Los_Angeles,34.03189,-118.47656,86.0,1.613020896911621
2026-09-23T08:00,pressure_profile,ncep_gfs_global,71.4,67,59.9,0,0.0,288.714,75.5,29,41.0,0,0.0,2513.123,69.6,26,33.2,0,-0.01,4924.541,45.4,28,14.0,0,-0.01,10291.995,34.0,15,-8.9,0,0.0,14399.606,17.3,13,-25.4,0,-0.03,19127.296,-5.2,12,-45.4,0,0.0,24671.106,-37.3,24,-60.8,0,-0.01,31400.812,America/Los_Angeles,34.03189,-118.47656,86.0,1.613020896911621
2026-09-23T09:00,pressure_profile,ncep_gfs_global,73.2,62,59.4,0,0.01,295.276,75.7,28,40.3,0,-0.01,2522.966,69.8,25,32.4,0,-0.02,4934.384,45.4,28,14.0,0,-0.02,10301.837,34.0,14,-10.7,0,-0.02,14409.449,17.3,14,-23.5,0,-0.02,19137.138,-5.2,13,-43.1,0,0.0,24683.256,-37.3,20,-63.6,0,-0.01,31411.396,America/Los_Angeles,34.03189,-118.47656,86.0,1.613020896911621
2026-09-23T10:00,pressure_profile,ncep_gfs_global,75.0,58,59.2,0,0.01,301.837,76.3,27,39.9,0,-0.01,2532.808,70.0,24,31.6,0,-0.02,4947.507,45.7,30,16.0,0,-0.01,10311.68,34.0,14,-10.7,0,0.0,14425.854,17.3,14,-23.5,0,-0.01,19150.262,-5.2,13,-43.1,0,0.01,24695.408,-37.3,18,-65.2,0,0.0,31427.272,America/Los_Angeles,34.03189,-118.47656,86.0,1.613020896911621
2026-09-23T11:00,pressure_profile,ncep_gfs_global,76.3,56,59.4,0,0.02,301.837,77.1,25,38.6,0,-0.02,2536.089,70.2,22,29.6,0,-0.03,4954.069,46.2,23,10.8,0,-0.02,10321.522,34.0,14,-10.7,0,-0.01,14435.695,17.3,13,-25.4,0,-0.02,19160.106,-5.2,13,-43.1,0,0.0,24703.508,-37.3,18,-65.2,0,0.01,31437.854,America/Los_Angeles,34.03189,-118.47656,86.0,1.613020896911621
2026-09-23T12:00,pressure_profile,ncep_gfs_global,76.8,57,60.4,0,0.02,295.276,77.7,25,39.1,0,-0.02,2529.528,70.5,22,29.8,0,-0.03,4950.788,46.5,21,8.8,0,0.0,10318.241,34.0,14,-10.7,0,-0.01,14432.415,17.3,13,-25.4,0,-0.02,19156.824,-5.2,12,-45.4,0,-0.01,24703.508,-37.3,18,-65.2,0,0.01,31437.854,America/Los_Angeles,34.03189,-118.47656,86.0,1.613020896911621
2026-09-23T13:00,pressure_profile,ncep_gfs_global,76.5,59,61.1,1,0.02,288.714,78.9,24,39.0,0,-0.03,2526.247,70.7,22,30.0,0,-0.05,4950.788,46.5,19,6.3,0,0.0,10321.522,33.7,13,-12.8,0,-0.01,14432.415,17.3,11,-27.6,0,-0.01,19156.824,-5.2,10,-48.0,0,0.04,24703.508,-37.3,18,-65.2,0,-0.01,31437.854,America/Los_Angeles,34.03189,-118.47656,86.0,1.613020896911621
2026-09-23T14:00,pressure_profile,ncep_gfs_global,76.1,61,61.7,4,0.02,275.591,80.4,21,36.9,0,-0.03,2516.404,71.1,21,29.2,0,-0.04,4940.945,46.8,17,3.8,0,-0.01,10318.241,34.0,11,-14.7,0,-0.02,14429.134,17.3,11,-27.6,0,-0.04,19156.824,-5.8,12,-45.8,0,0.02,24699.458,-36.4,16,-66.2,0,-0.01,31432.564,America/Los_Angeles,34.03189,-118.47656,86.0,1.613020896911621
2026-09-23T15:00,pressure_profile,ncep_gfs_global,76.1,60,61.2,5,0.02,255.906,81.4,19,35.2,0,-0.03,2500.0,71.8,20,28.5,0,-0.04,4927.822,46.8,16,2.3,0,0.0,10311.68,33.7,10,-17.3,0,0.0,14419.291,17.7,10,-29.8,0,-0.03,19146.982,-6.4,13,-44.1,0,0.0,24691.358,-36.4,18,-64.4,0,-0.01,31421.978,America/Los_Angeles,34.03189,-118.47656,86.0,1.613020896911621
2026-09-23T16:00,pressure_profile,ncep_gfs_global,76.1,60,61.2,5,0.02,242.782,81.8,18,34.2,0,-0.03,2490.158,72.2,20,28.9,0,-0.04,4917.979,47.1,16,2.5,0,-0.01,10305.118,33.0,10,-17.8,0,0.0,14412.729,17.7,7,-35.8,0,-0.02,19137.138,-6.4,15,-42.1,0,0.0,24683.256,-36.4,16,-66.2,0,-0.03,31411.396,America/Los_Angeles,34.03189,-118.47656,86.0,1.613020896911621
2026-09-23T17:00,pressure_profile,ncep_gfs_global,76.1,60,61.2,0,0.02,236.22,82.4,17,33.2,0,-0.02,2483.596,72.8,20,29.4,0,-0.03,4914.698,47.3,16,2.7,0,-0.04,10308.399,32.3,11,-16.0,0,-0.02,14416.011,17.7,9,-32.6,0,0.0,19137.138,-6.4,17,-40.2,0,0.01,24683.256,-36.4,16,-66.2,0,0.01,31411.396,America/Los_Angeles,34.03189,-118.47656,86.0,1.613020896911621
2026-09-23T18:00,pressure_profile,ncep_gfs_global,76.3,62,62.3,0,0.02,236.22,82.4,17,33.2,0,0.01,2486.877,73.1,19,28.3,0,-0.01,4917.979,47.9,19,7.4,0,-0.05,10314.961,31.7,13,-14.4,0,-0.02,14419.291,17.7,10,-29.8,0,0.02,19140.42,-6.4,17,-40.2,0,-0.02,24683.256,-36.4,18,-64.4,0,0.0,31411.396,America/Los_Angeles,34.03189,-118.47656,86.0,1.613020896911621
2026-09-23T19:00,pressure_profile,ncep_gfs_global,74.7,66,62.6,0,0.02,249.344,81.2,21,37.6,0,0.03,2493.438,73.3,17,25.8,0,-0.01,4924.541,48.2,27,15.4,0,-0.03,10324.804,31.3,13,-14.7,0,-0.01,14429.134,17.3,9,-32.9,0,0.01,19143.702,-5.8,13,-43.6,0,-0.02,24687.308,-37.3,20,-63.6,0,0.03,31416.69,America/Los_Angeles,34.03189,-118.47656,86.0,1.613020896911621
2026-09-23T20:00,pressure_profile,ncep_gfs_global,72.9,72,63.3,0,0.03,272.31,79.4,29,44.4,0,0.04,2503.281,73.3,16,24.4,0,0.0,4931.103,48.2,37,22.9,0,-0.01,10334.646,31.0,15,-11.3,0,-0.02,14438.977,17.3,9,-32.9,0,-0.01,19150.262,-5.2,12,-45.4,0,-0.02,24695.408,-37.3,16,-66.9,0,0.03,31427.272,America/Los_Angeles,34.03189,-118.47656,86.0,1.613020896911621
2026-09-23T21:00,pressure_profile,ncep_gfs_global,71.8,76,63.8,0,0.03,295.276,77.3,34,46.7,0,0.01,2519.685,73.3,16,24.4,0,-0.01,4944.226,47.9,42,26.0,0,0.0,10347.77,31.3,15,-11.1,0,-0.03,14452.1,17.3,9,-32.9,0,-0.02,19163.386,-5.2,10,-48.0,0,0.01,24711.61,-37.3,14,-68.9,0,0.03,31437.854,America/Los_Angeles,34.03189,-118.47656,86.0,1.613020896911621
2026-09-23T22:00,pressure_profile,ncep_gfs_global,71.4,77,63.8,0,0.02,308.399,75.9,37,47.8,0,0.0,2526.247,73.3,16,24.4,0,-0.01,4950.788,47.9,42,26.0,0,0.02,10354.331,31.7,14,-12.5,0,-0.02,14458.661,17.3,7,-36.1,0,0.0,19169.948,-5.8,10,-48.4,0,0.02,24711.61,-37.3,16,-66.9,0,0.0,31443.146,America/Los_Angeles,34.03189,-118.47656,86.0,1.613020896911621
2026-09-23T23:00,pressure_profile,ncep_gfs_global,71.2,77,63.7,0,0.02,308.399,75.3,39,48.6,0,-0.01,2526.247,73.1,18,27.0,0,0.0,4947.507,47.6,41,25.1,0,0.03,10351.05,31.3,15,-11.1,0,0.0,14452.1,16.9,7,-36.5,0,-0.01,19160.106,-6.4,10,-48.9,0,0.02,24699.458,-37.3,16,-66.9,0,0.01,31421.978,America/Los_Angeles,34.03189,-118.47656,86.0,1.613020896911621
2026-09-24T00:00,pressure_profile,ncep_gfs_global,71.4,76,63.5,0,0.01,308.399,74.9,39,48.3,0,-0.01,2526.247,72.8,20,29.4,0,0.0,4950.788,47.6,40,24.5,0,0.03,10347.77,30.7,18,-8.5,0,0.01,14448.819,16.5,7,-36.8,0,0.0,19153.542,-6.4,12,-46.3,0,0.02,24691.358,-37.3,16,-66.9,0,0.01,31411.396,America/Los_Angeles,34.03189,-118.47656,86.0,1.613020896911621
2026-09-24T01:00,pressure_profile,ncep_gfs_global,71.4,76,63.5,0,0.0,308.399,74.9,39,48.3,0,-0.01,2526.247,72.6,22,31.6,0,0.0,4947.507,47.6,39,23.8,0,0.02,10347.77,30.0,23,-3.8,0,0.01,14445.538,16.5,7,-36.8,0,-0.01,19143.702,-6.4,12,-46.3,0,0.01,24679.208,-38.2,18,-65.9,0,0.0,31395.52,America/Los_Angeles,34.03189,-118.47656,86.0,1.613020896911621
2026-09-24T02:00,pressure_profile,ncep_gfs_global,71.4,76,63.5,0,0.0,305.118,74.7,39,48.1,0,0.0,2526.247,72.2,24,33.4,0,0.0,4944.226,47.6,38,23.1,0,0.02,10341.207,29.3,29,0.8,0,0.0,14438.977,16.0,7,-37.1,0,0.0,19137.138,-6.9,12,-46.8,0,0.0,24667.056,-38.2,18,-65.9,0,-0.03,31384.938,America/Los_Angeles,34.03189,-118.47656,86.0,1.613020896911621
2026-09-24T03:00,pressure_profile,ncep_gfs_global,71.2,76,63.3,0,0.0,295.276,74.7,39,48.1,0,-0.01,2516.404,72.2,24,33.4,0,-0.01,4934.384,47.3,38,22.9,0,0.01,10331.365,29.0,33,3.1,0,-0.01,14425.854,16.0,9,-33.9,0,0.0,19124.016,-6.9,12,-46.8,0,-0.01,24650.854,-38.2,16,-67.7,0,-0.03,31369.062,America/Los_Angeles,34.03189,-118.47656,86.0,1.613020896911621
2026-09-24T04:00,pressure_profile,ncep_gfs_global,71.1,76,63.1,0,0.0,288.714,74.9,38,47.6,0,-0.01,2509.843,72.2,24,33.4,0,-0.01,4927.822,47.1,39,23.3,0,0.01,10328.084,29.0,35,4.7,0,-0.01,14419.291,15.6,9,-34.2,0,0.0,19117.456,-6.9,10,-49.3,0,-0.02,24642.754,-38.2,16,-67.7,0,-0.03,31358.478,America/Los_Angeles,34.03189,-118.47656,86.0,1.613020896911621
2026-09-24T05:00,pressure_profile,ncep_gfs_global,70.9,77,63.3,0,0.0,288.714,74.7,39,48.1,0,0.0,2509.843,72.2,23,32.3,0,0.0,4927.822,46.8,41,24.4,0,0.0,10324.804,29.0,35,4.7,0,-0.01,14419.291,15.6,10,-31.4,0,0.02,19110.892,-6.9,10,-49.3,0,-0.02,24634.652,-37.3,16,-66.9,0,-0.03,31358.478,America/Los_Angeles,34.03189,-118.47656,86.0,1.613020896911621
2026-09-24T06:00,pressure_profile,ncep_gfs_global,70.3,79,63.5,0,0.01,298.556,73.9,40,48.1,0,0.0,2516.404,72.0,23,32.1,0,0.01,4934.384,46.8,43,25.6,0,0.0,10331.365,29.0,36,5.5,0,0.0,14425.854,15.2,10,-31.7,0,0.01,19114.174,-6.4,8,-51.9,0,-0.01,24634.652,-37.3,14,-68.9,0,0.0,31358.478,America/Los_Angeles,34.03189,-118.47656,86.0,1.613020896911621
2026-09-24T07:00,pressure_profile,ncep_gfs_global,70.0,80,63.5,0,0.0,308.399,74.3,39,47.8,0,-0.01,2529.528,72.0,23,32.1,0,0.0,4944.226,46.5,46,26.6,0,0.01,10341.207,29.0,36,5.5,0,0.0,14435.695,14.8,10,-32.1,0,0.01,19124.016,-6.4,7,-55.4,0,0.01,24646.802,-37.3,14,-68.9,0,0.01,31369.062,America/Los_Angeles,34.03189,-118.47656,86.0,1.613020896911621
2026-09-24T08:00,pressure_profile,ncep_gfs_global,71.1,76,63.1,0,0.0,321.522,74.9,37,46.9,0,-0.01,2542.651,71.8,23,32.0,0,0.02,4960.63,46.5,48,27.8,0,0.02,10354.331,29.3,35,5.0,0,-0.01,14448.819,15.2,10,-31.7,0,-0.03,19140.42,-6.4,7,-55.4,0,0.0,24658.956,-38.2,14,-69.7,0,0.0,31379.644,America/Los_Angeles,34.03189,-118.47656,86.0,1.613020896911621
2026-09-24T09:00,pressure_profile,ncep_gfs_global,72.9,71,62.9,0,0.01,328.084,74.9,37,46.9,0,0.0,2549.213,71.5,24,32.8,0,0.02,4967.192,46.5,43,25.4,0,0.03,10357.611,29.3,33,3.4,0,0.0,14452.1,15.2,9,-34.5,0,-0.02,19146.982,-6.9,7,-55.9,0,0.01,24667.056,-38.2,14,-69.7,0,-0.03,31390.23,America/Los_Angeles,34.03189,-118.47656,86.0,1.613020896911621
2026-09-24T10:00,pressure_profile,ncep_gfs_global,74.3,66,62.2,0,0.01,331.365,75.3,36,46.5,0,0.0,2555.775,71.3,24,32.7,0,0.01,4973.754,46.5,39,22.8,0,0.02,10360.893,29.7,30,2.0,0,0.01,14458.661,15.2,9,-34.5,0,-0.01,19150.262,-6.9,8,-52.3,0,0.0,24671.106,-37.3,14,-68.9,0,-0.03,31390.23,America/Los_Angeles,34.03189,-118.47656,86.0,1.613020896911621
2026-09-24T11:00,pressure_profile,ncep_gfs_global,75.6,64,62.5,0,0.02,331.365,75.7,34,45.4,0,-0.02,2562.336,71.3,24,32.7,0,-0.01,4977.034,46.2,42,24.5,0,0.0,10367.454,30.0,28,0.4,0,0.01,14461.942,15.2,9,-34.5,0,0.0,19156.824,-6.9,7,-55.9,0,-0.01,24679.208,-37.3,14,-68.9,0,-0.01,31400.812,America/Los_Angeles,34.03189,-118.47656,86.0,1.613020896911621
2026-09-24T12:00,pressure_profile,ncep_gfs_global,76.6,61,62.2,0,0.02,318.242,77.1,31,44.1,0,-0.02,2552.494,72.0,25,34.2,0,-0.02,4973.754,46.5,44,26.0,0,-0.03,10364.173,30.0,28,0.4,0,0.0,14461.942,15.2,9,-34.5,0,0.02,19153.542,-6.9,7,-55.9,0,0.0,24675.156,-37.3,14,-68.9,0,-0.03,31395.52,America/Los_Angeles,34.03189,-118.47656,86.0,1.613020896911621
2026-09-24T13:00,pressure_profile,ncep_gfs_global,77.2,59,61.7,0,0.02,305.118,77.5,31,44.5,0,-0.02,2542.651,72.2,26,35.4,0,-0.01,4967.192,46.8,43,25.6,0,-0.03,10360.893,30.3,28,0.7,0,-0.01,14461.942,14.8,9,-34.8,0,0.02,19150.262,-6.4,7,-55.4,0,-0.02,24671.106,-37.3,12,-71.1,0,-0.03,31390.23,America/Los_Angeles,34.03189,-118.47656,86.0,1.613020896911621
2026-09-24T14:00,pressure_profile,ncep_gfs_global,76.3,61,61.8,5,0.02,295.276,78.1,30,44.1,0,-0.02,2532.808,72.2,27,36.4,0,-0.01,4960.63,47.1,34,20.4,0,-0.05,10351.05,30.7,28,1.0,0,-0.02,14455.381,14.8,9,-34.8,0,0.01,19146.982,-6.4,7,-55.4,0,-0.01,24667.056,-37.3,10,-73.8,0,-0.03,31390.23,America/Los_Angeles,34.03189,-118.47656,86.0,1.613020896911621
2026-09-24T15:00,pressure_profile,ncep_gfs_global,76.1,63,62.6,5,0.02,282.152,79.4,26,41.6,0,-0.02,2522.966,72.4,27,36.5,0,0.0,4950.788,47.9,27,15.2,0,-0.03,10344.488,31.0,26,0.3,0,0.0,14455.381,14.8,9,-34.8,0,-0.01,19143.702,-6.4,7,-55.4,0,-0.01,24671.106,-37.3,8,-76.9,0,0.01,31390.23,America/Los_Angeles,34.03189,-118.47656,86.0,1.613020896911621
2026-09-24T16:00,pressure_profile,ncep_gfs_global,75.9,65,63.3,0,0.02,272.31,79.6,26,41.7,0,-0.02,2513.123,72.4,29,38.4,0,-0.01,4940.945,48.2,27,15.4,0,-0.05,10341.207,31.3,26,0.6,0,0.0,14448.819,14.8,9,-34.8,0,0.01,19140.42,-6.4,7,-55.4,0,0.0,24667.056,-36.4,8,-76.2,0,-0.01,31390.23,America/Los_Angeles,34.03189,-118.47656,86.0,1.613020896911621
2026-09-24T17:00,pressure_profile,ncep_gfs_global,77.2,62,63.2,0,0.02,259.186,80.6,25,41.6,0,0.0,2506.562,72.6,29,38.5,0,0.0,4934.384,48.2,31,19.0,0,-0.06,10337.927,31.0,26,0.3,0,-0.01,14448.819,14.4,10,-32.4,0,0.0,19137.138,-6.4,5,-59.9,0,-0.01,24663.004,-36.4,8,-76.2,0,-0.03,31390.23,America/Los_Angeles,34.03189,-118.47656,86.0,1.613020896911621
2026-09-24T18:00,pressure_profile,ncep_gfs_global,75.4,66,63.2,0,0.03,269.029,78.7,32,46.3,0,0.03,2509.843,72.2,28,37.3,0,0.03,4934.384,48.2,44,27.5,0,-0.04,10337.927,31.0,25,-0.8,0,-0.02,14448.819,14.8,9,-34.8,0,-0.02,19140.42,-5.8,5,-59.5,0,-0.02,24667.056,-35.5,6,-79.5,0,-0.01,31400.812,America/Los_Angeles,34.03189,-118.47656,86.0,1.613020896911621
2026-09-24T19:00,pressure_profile,ncep_gfs_global,72.5,75,64.1,0,0.03,282.152,77.7,35,47.9,0,0.03,2513.123,71.8,28,36.9,0,0.02,4937.664,47.6,54,32.0,0,-0.02,10337.927,31.3,25,-0.5,0,-0.02,14448.819,15.6,9,-34.2,0,-0.03,19143.702,-5.8,3,-65.7,0,-0.06,24679.208,-35.5,8,-75.5,0,-0.03,31411.396,America/Los_Angeles,34.03189,-118.47656,86.0,1.613020896911621
2026-09-24T20:00,pressure_profile,ncep_gfs_global,72.0,76,64.0,0,0.02,295.276,76.7,38,49.2,0,0.01,2522.966,71.3,28,36.5,0,0.01,4944.226,47.6,54,32.0,0,-0.01,10344.488,31.7,24,-1.3,0,0.0,14455.381,16.0,9,-33.9,0,-0.03,19153.542,-4.7,5,-58.7,0,-0.02,24695.408,-33.7,10,-70.9,0,-0.04,31437.854,America/Los_Angeles,34.03189,-118.47656,86.0,1.613020896911621
2026-09-24T21:00,pressure_profile,ncep_gfs_global,71.8,77,64.2,0,0.02,311.68,76.3,39,49.5,0,0.01,2536.089,71.1,28,36.3,0,0.0,4957.349,47.3,54,31.7,0,-0.02,10354.331,31.3,24,-1.6,0,0.0,14461.942,16.5,9,-33.5,0,-0.02,19160.106,-4.7,5,-58.7,0,-0.02,24711.61,-33.7,46,-47.1,0,0.0,31459.022,America/Los_Angeles,34.03189,-118.47656,86.0,1.613020896911621
2026-09-24T22:00,pressure_profile,ncep_gfs_global,71.6,77,64.0,0,0.01,305.118,76.1,39,49.4,0,0.0,2532.808,71.3,27,35.6,0,-0.02,4950.788,47.1,54,31.5,0,-0.03,10351.05,31.7,24,-1.3,0,-0.01,14461.942,16.9,7,-36.5,0,-0.01,19166.666,-4.7,5,-58.7,0,0.0,24723.762,-32.8,40,-48.6,0,0.0,31469.606,America/Los_Angeles,34.03189,-118.47656,86.0,1.613020896911621
2026-09-24T23:00,pressure_profile,ncep_gfs_global,71.4,77,63.8,0,0.01,308.399,74.7,42,50.1,0,0.01,2529.528,71.3,27,35.6,0,0.0,4947.507,46.8,59,33.2,0,0.0,10344.488,31.3,25,-0.5,0,0.01,14455.381,17.3,7,-36.1,0,-0.03,19163.386,-4.7,5,-58.7,0,-0.02,24719.71,-33.7,24,-57.6,0,-0.03,31474.894,America/Los_Angeles,34.03189,-118.47656,86.0,1.613020896911621
2026-09-25T00:00,pressure_profile,ncep_gfs_global,71.2,77,63.7,0,0.01,311.68,73.7,43,49.9,0,0.0,2529.528,70.9,27,35.2,0,0.01,4944.226,46.5,63,34.7,0,0.04,10337.927,31.0,25,-0.8,0,0.05,14442.258,17.3,7,-36.1,0,0.01,19153.542,-4.7,5,-58.7,0,-0.01,24711.61,-32.8,18,-61.3,0,-0.04,31469.606,America/Los_Angeles,34.03189,-118.47656,86.0,1.613020896911621
2026-09-25T01:00,pressure_profile,ncep_gfs_global,71.1,77,63.5,0,0.01,305.118,73.9,41,48.8,0,0.0,2526.247,70.9,26,34.3,0,0.0,4940.945,46.2,63,34.5,0,0.01,10334.646,30.7,26,-0.0,0,0.01,14435.695,17.3,6,-40.0,0,0.0,19146.982,-4.7,8,-50.5,0,0.02,24703.508,-31.9,20,-58.9,0,-0.03,31464.312,America/Los_Angeles,34.03189,-118.47656,86.0,1.613020896911621
2026-09-25T02:00,pressure_profile,ncep_gfs_global,70.9,77,63.3,0,0.0,301.837,73.7,40,47.9,0,0.01,2519.685,70.7,26,34.1,0,0.01,4934.384,46.0,59,32.4,0,0.0,10324.804,31.0,26,0.3,0,-0.03,14422.572,17.7,6,-39.7,0,-0.01,19143.702,-4.7,15,-40.6,0,0.02,24695.408,-32.8,26,-55.6,0,-0.01,31464.312,America/Los_Angeles,34.03189,-118.47656,86.0,1.613020896911621
2026-09-25T03:00,pressure_profile,ncep_gfs_global,70.7,77,63.1,0,0.0,301.837,73.0,41,47.9,0,0.01,2519.685,70.2,26,33.7,0,0.0,4931.103,46.2,47,26.9,0,0.0,10318.241,31.3,24,-1.6,0,-0.01,14419.291,17.7,6,-39.7,0,0.01,19140.42,-4.7,18,-37.1,0,-0.01,24691.358,-32.8,34,-51.3,0,-0.03,31464.312,America/Los_Angeles,34.03189,-118.47656,86.0,1.613020896911621
2026-09-25T04:00,pressure_profile,ncep_gfs_global,70.7,77,63.1,0,0.01,305.118,72.4,42,48.0,0,0.01,2522.966,70.0,26,33.5,0,0.03,4927.822,46.5,38,22.1,0,0.02,10314.961,31.7,21,-3.6,0,0.01,14416.011,17.3,6,-40.0,0,0.01,19137.138,-5.2,27,-30.9,0,-0.01,24687.308,-32.8,62,-41.2,0,-0.06,31459.022,America/Los_Angeles,34.03189,-118.47656,86.0,1.613020896911621
2026-09-25T05:00,pressure_profile,ncep_gfs_global,70.2,78,63.0,0,0.01,314.961,71.6,43,47.9,0,0.0,2529.528,69.4,27,33.9,0,0.0,4934.384,46.2,36,20.4,0,-0.01,10314.961,32.0,16,-8.9,0,-0.01,14412.729,17.7,6,-39.7,0,0.01,19137.138,-5.2,37,-25.0,0,-0.04,24691.358,-32.8,88,-35.1,10,-0.03,31464.312,America/Los_Angeles,34.03189,-118.47656,86.0,1.613020896911621
2026-09-25T06:00,pressure_profile,ncep_gfs_global,70.0,78,62.8,0,0.0,321.522,71.6,43,47.9,0,0.0,2536.089,68.9,27,33.6,0,0.01,4940.945,46.2,34,19.7,0,0.02,10318.241,32.0,14,-12.3,0,0.01,14416.011,18.1,6,-39.4,0,0.02,19140.42,-4.7,48,-19.3,0,-0.04,24695.408,-31.9,68,-38.8,0,-0.01,31469.606,America/Los_Angeles,34.03189,-118.47656,86.0,1.613020896911621
2026-09-25T07:00,pressure_profile,ncep_gfs_global,70.0,77,62.4,0,0.0,324.803,73.0,38,45.9,0,-0.02,2542.651,69.4,26,33.0,0,-0.03,4950.788,46.0,34,19.5,0,-0.04,10328.084,32.7,10,-18.0,0,-0.04,14425.854,18.1,6,-39.4,0,0.03,19150.262,-5.2,62,-15.0,0,0.0,24703.508,-31.9,70,-38.2,0,-0.01,31480.188,America/Los_Angeles,34.03189,-118.47656,86.0,1.613020896911621
2026-09-25T08:00,pressure_profile,ncep_gfs_global,71.2,73,62.1,0,0.0,334.646,72.6,39,46.2,0,0.01,2552.494,69.1,26,32.8,0,0.01,4957.349,46.0,32,17.9,0,0.0,10331.365,34.0,8,-22.5,0,-0.01,14438.977,18.1,6,-39.4,0,0.02,19166.666,-5.2,77,-10.7,0,-0.05,24715.662,-31.0,70,-37.4,0,-0.07,31496.062,America/Los_Angeles,34.03189,-118.47656,86.0,1.613020896911621
2026-09-25T09:00,pressure_profile,ncep_gfs_global,73.0,68,61.9,0,0.01,341.207,72.6,38,45.5,0,0.0,2562.336,69.4,25,32.0,0,-0.01,4967.192,45.7,31,16.8,0,0.0,10341.207,34.3,8,-22.3,0,0.0,14448.819,18.6,6,-39.1,0,-0.02,19179.792,-5.2,68,-13.0,0,-0.02,24731.862,-31.0,74,-36.4,0,0.0,31511.94,America/Los_Angeles,34.03189,-118.47656,86.0,1.613020896911621
2026-09-25T10:00,pressure_profile,ncep_gfs_global,75.0,62,61.1,0,0.01,341.207,72.8,36,44.3,0,-0.01,2565.617,69.6,24,31.2,0,-0.01,4970.473,45.7,30,16.0,0,0.01,10347.77,35.0,6,-25.2,0,0.01,14455.381,19.4,10,-28.4,0,0.0,19192.914,-5.2,70,-12.5,0,-0.04,24748.064,-31.0,70,-37.4,0,-0.01,31527.814,America/Los_Angeles,34.03189,-118.47656,86.0,1.613020896911621
2026-09-25T11:00,pressure_profile,ncep_gfs_global,77.0,56,60.1,0,0.01,337.927,73.9,33,43.0,0,-0.02,2568.898,70.0,23,30.5,0,-0.01,4980.315,45.7,28,14.2,0,-0.01,10354.331,35.3,6,-25.0,0,0.0,14465.224,19.4,14,-21.7,0,-0.02,19206.038,-4.7,70,-12.0,0,-0.02,24760.214,-31.0,86,-33.7,6,0.0,31538.396,America/Los_Angeles,34.03189,-118.47656,86.0,1.613020896911621
2026-09-25T12:00,pressure_profile,ncep_gfs_global,78.6,51,59.0,0,0.01,328.084,74.1,34,44.0,0,-0.02,2565.617,70.0,23,30.5,0,-0.02,4973.754,46.0,27,13.5,0,-0.04,10351.05,35.3,6,-25.0,0,0.0,14461.942,19.8,21,-13.5,0,-0.02,19206.038,-4.7,72,-11.5,0,-0.01,24764.266,-31.9,94,-33.0,36,0.04,31538.396,America/Los_Angeles,34.03189,-118.47656,86.0,1.613020896911621
2026-09-25T13:00,pressure_profile,ncep_gfs_global,79.2,50,58.9,0,0.02,314.961,74.9,34,44.7,0,-0.01,2555.775,70.7,22,30.0,0,-0.01,4967.192,46.5,21,8.8,0,-0.01,10347.77,35.3,6,-25.0,0,-0.02,14461.942,19.8,24,-11.0,0,0.0,19206.038,-4.7,68,-12.4,0,-0.01,24764.266,-31.9,100,-31.9,90,0.03,31543.688,America/Los_Angeles,34.03189,-118.47656,86.0,1.613020896911621
2026-09-25T14:00,pressure_profile,ncep_gfs_global,78.1,55,60.6,0,0.02,298.556,75.7,33,44.6,0,-0.02,2539.37,70.7,21,28.8,0,-0.02,4954.069,46.8,20,7.8,0,-0.01,10331.365,36.0,6,-24.5,0,-0.02,14452.1,19.8,26,-9.8,0,0.0,19196.196,-4.7,58,-15.6,0,0.0,24760.214,-31.0,90,-32.9,16,-0.01,31543.688,America/Los_Angeles,34.03189,-118.47656,86.0,1.613020896911621
2026-09-25T15:00,pressure_profile,ncep_gfs_global,76.5,59,61.1,0,0.02,285.433,76.1,33,44.9,0,-0.03,2526.247,71.1,21,29.2,0,-0.03,4940.945,47.1,17,4.0,0,-0.02,10321.522,36.0,6,-24.5,0,0.0,14442.258,19.8,26,-9.8,0,-0.01,19189.632,-4.1,53,-16.8,0,-0.02,24756.166,-31.0,90,-32.9,6,-0.01,31533.104,America/Los_Angeles,34.03189,-118.47656,86.0,1.613020896911621
2026-09-25T16:00,pressure_profile,ncep_gfs_global,76.1,60,61.2,3,0.02,275.591,77.5,28,41.8,0,-0.02,2513.123,71.3,20,28.2,0,-0.02,4934.384,47.1,16,2.5,0,-0.01,10311.68,36.0,6,-24.5,0,-0.01,14435.695,20.2,27,-8.4,0,-0.01,19186.352,-4.1,47,-19.4,0,-0.02,24756.166,-30.1,62,-38.6,0,0.0,31538.396,America/Los_Angeles,34.03189,-118.47656,86.0,1.613020896911621
2026-09-25T17:00,pressure_profile,ncep_gfs_global,75.0,62,61.1,5,0.02,265.748,78.5,25,39.7,0,-0.02,2506.562,71.3,20,28.2,0,-0.03,4924.541,47.6,13,-0.4,0,-0.02,10305.118,36.3,6,-24.3,0,-0.01,14432.415,20.2,27,-8.4,0,-0.01,19183.07,-4.1,40,-22.4,0,-0.02,24756.166,-30.1,62,-38.6,0,0.0,31538.396,America/Los_Angeles,34.03189,-118.47656,86.0,1.613020896911621
2026-09-25T18:00,pressure_profile,ncep_gfs_global,74.8,63,61.4,0,0.01,269.029,78.5,24,38.7,0,-0.01,2509.843,71.3,20,28.2,0,-0.02,4931.103,48.2,11,-3.8,0,-0.03,10308.399,36.6,6,-24.0,0,0.0,14438.977,20.2,27,-8.4,0,0.01,19192.914,-4.1,30,-27.8,0,-0.02,24764.266,-30.1,60,-39.2,0,-0.01,31554.274,America/Los_Angeles,34.03189,-118.47656,86.0,1.613020896911621
2026-09-25T19:00,pressure_profile,ncep_gfs_global,74.5,65,61.9,0,0.01,275.591,78.1,26,40.4,0,0.01,2516.404,71.1,20,28.0,0,0.02,4934.384,48.2,10,-6.0,0,0.0,10314.961,36.6,5,-28.2,0,-0.02,14445.538,20.7,27,-8.0,0,-0.02,19199.474,-3.5,28,-28.3,0,0.01,24776.418,-30.1,74,-35.5,0,0.0,31564.856,America/Los_Angeles,34.03189,-118.47656,86.0,1.613020896911621
2026-09-25T20:00,pressure_profile,ncep_gfs_global,74.7,65,62.1,0,0.01,288.714,77.3,28,41.6,0,0.0,2529.528,70.5,21,28.6,0,0.02,4947.507,48.2,10,-6.0,0,0.0,10321.522,37.0,5,-27.9,0,-0.01,14452.1,20.7,26,-9.1,0,0.01,19209.318,-2.9,32,-25.7,0,-0.02,24788.568,-30.1,70,-36.5,2,-0.03,31580.73,America/Los_Angeles,34.03189,-118.47656,86.0,1.613020896911621
2026-09-25T21:00,pressure_profile,ncep_gfs_global,74.7,64,61.7,0,0.01,301.837,76.7,31,43.8,0,0.02,2542.651,69.8,22,29.2,0,0.03,4957.349,48.2,10,-6.0,0,0.01,10328.084,37.3,5,-27.7,0,0.0,14461.942,20.7,24,-10.3,0,0.0,19222.442,-2.9,37,-23.0,0,-0.05,24800.718,-29.2,34,-48.0,0,-0.04,31596.606,America/Los_Angeles,34.03189,-118.47656,86.0,1.613020896911621
2026-09-25T22:00,pressure_profile,ncep_gfs_global,73.6,67,61.9,0,0.01,308.399,76.1,33,44.9,0,0.01,2545.932,69.4,23,30.0,0,0.01,4957.349,48.4,9,-8.2,0,0.01,10328.084,38.0,5,-27.2,0,-0.01,14461.942,20.7,20,-14.1,0,0.01,19225.722,-2.9,35,-23.9,0,0.0,24804.77,-29.2,52,-40.8,0,-0.03,31607.19,America/Los_Angeles,34.03189,-118.47656,86.0,1.613020896911621
2026-09-25T23:00,pressure_profile,ncep_gfs_global,73.0,69,62.3,0,0.01,311.68,75.1,34,44.8,0,0.01,2542.651,69.4,23,30.0,0,0.0,4954.069,48.4,9,-8.2,0,0.01,10321.522,38.3,5,-27.0,0,-0.01,14458.661,20.2,20,-14.5,0,0.01,19222.442,-2.9,33,-24.8,0,0.01,24796.67,-29.2,48,-42.2,0,0.01,31596.606,America/Los_Angeles,34.03189,-118.47656,86.0,1.613020896911621
2026-09-26T00:00,pressure_profile,ncep_gfs_global,72.7,69,61.9,0,0.01,305.118,74.9,32,43.1,0,-0.02,2536.089,69.1,23,29.8,0,-0.03,4944.226,48.4,8,-10.9,0,-0.02,10311.68,38.0,5,-27.2,0,-0.01,14445.538,20.7,21,-12.8,0,0.0,19212.598,-2.4,30,-26.2,0,0.02,24792.62,-29.2,42,-44.5,0,0.03,31586.02,America/Los_Angeles,34.03189,-118.47656,86.0,1.613020896911621
2026-09-26T01:00,pressure_profile,ncep_gfs_global,72.7,68,61.5,0,0.01,298.556,74.7,29,40.4,0,0.02,2526.247,68.9,24,30.6,0,0.02,4934.384,48.7,8,-10.7,0,0.0,10301.837,38.0,5,-27.2,0,0.0,14435.695,20.2,21,-13.1,0,0.02,19199.474,-2.4,23,-30.9,0,0.02,24780.466,-29.2,42,-44.5,0,0.01,31575.438,America/Los_Angeles,34.03189,-118.47656,86.0,1.613020896911621
2026-09-26T02:00,pressure_profile,ncep_gfs_global,72.1,69,61.4,0,0.01,301.837,73.9,28,38.8,0,0.01,2526.247,68.3,25,31.1,0,0.02,4931.103,47.9,9,-8.6,0,0.02,10291.995,37.6,4,-32.7,0,-0.01,14425.854,20.2,21,-13.1,0,0.01,19186.352,-2.4,15,-38.7,0,0.01,24776.418,-30.1,78,-34.6,2,0.06,31564.856,America/Los_Angeles,34.03189,-118.47656,86.0,1.613020896911621
2026-09-26T03:00,pressure_profile,ncep_gfs_global,71.8,69,61.1,0,0.0,298.556,74.1,26,37.1,0,0.0,2522.966,68.3,25,31.1,0,0.01,4927.822,48.2,8,-11.1,0,0.01,10285.434,37.6,4,-32.7,0,0.01,14422.572,19.8,21,-13.5,0,-0.01,19183.07,-2.4,13,-40.8,0,0.01,24760.214,-31.0,100,-31.0,100,0.03,31548.98,America/Los_Angeles,34.03189,-118.47656,86.0,1.613020896911621
2026-09-26T04:00,pressure_profile,ncep_gfs_global,72.0,68,60.8,0,0.0,298.556,73.9,26,36.9,0,0.01,2522.966,67.8,25,30.7,0,0.01,4924.541,47.9,8,-11.3,0,0.01,10282.152,37.6,4,-32.7,0,0.03,14416.011,20.2,20,-14.5,0,0.02,19176.51,-2.9,17,-37.4,0,0.02,24756.166,-29.2,64,-37.2,8,-0.01,31543.688,America/Los_Angeles,34.03189,-118.47656,86.0,1.613020896911621
2026-09-26T05:00,pressure_profile,ncep_gfs_global,72.0,67,60.4,0,0.0,298.556,73.5,26,36.5,0,0.01,2522.966,67.6,25,30.5,0,0.02,4924.541,48.4,7,-14.0,0,0.0,10282.152,37.6,5,-27.4,0,0.01,14416.011,20.2,19,-16.0,0,0.02,19176.51,-2.9,17,-37.4,0,0.02,24752.114,-29.2,30,-50.1,0,-0.03,31543.688,America/Los_Angeles,34.03189,-118.47656,86.0,1.613020896911621
2026-09-26T06:00,pressure_profile,ncep_gfs_global,71.8,67,60.2,0,0.0,305.118,73.3,25,35.4,0,-0.01,2529.528,67.2,26,31.1,0,0.0,4927.822,48.2,7,-14.2,0,-0.02,10285.434,37.3,5,-27.7,0,0.0,14416.011,20.2,17,-17.5,0,0.02,19173.228,-2.9,20,-34.1,0,-0.01,24756.166,-29.2,68,-36.2,4,-0.09,31554.274,America/Los_Angeles,34.03189,-118.47656,86.0,1.613020896911621
2026-09-26T07:00,pressure_profile,ncep_gfs_global,71.8,66,59.8,0,0.0,314.961,73.1,25,35.2,0,0.02,2539.37,67.0,26,31.0,0,0.03,4937.664,48.2,7,-14.2,0,0.01,10291.995,37.0,5,-27.9,0,0.02,14422.572,19.8,17,-17.9,0,0.03,19176.51,-2.4,23,-30.9,0,0.0,24756.166,-30.1,78,-34.6,4,-0.1,31575.438,America/Los_Angeles,34.03189,-118.47656,86.0,1.613020896911621
2026-09-26T08:00,pressure_profile,ncep_gfs_global,72.5,64,59.6,0,0.0,331.365,73.0,25,35.1,0,-0.01,2555.775,66.5,27,31.5,0,0.0,4950.788,47.9,7,-14.4,0,-0.02,10301.837,37.0,5,-27.9,0,0.01,14429.134,20.2,16,-19.2,0,0.02,19186.352,-2.9,25,-30.1,0,0.01,24764.266,-29.2,72,-35.1,0,-0.01,31580.73,America/Los_Angeles,34.03189,-118.47656,86.0,1.613020896911621
2026-09-26T09:00,pressure_profile,ncep_gfs_global,74.8,55,57.6,0,0.0,337.927,73.1,24,34.2,0,0.0,2562.336,66.5,27,31.5,0,0.01,4960.63,48.2,7,-14.2,0,0.0,10311.68,37.0,5,-27.9,0,0.01,14442.258,19.8,14,-21.4,0,0.03,19196.196,-2.4,17,-36.9,0,-0.01,24776.418,-28.3,100,-28.3,88,-0.01,31591.312,America/Los_Angeles,34.03189,-118.47656,86.0,1.613020896911621
2026-09-26T10:00,pressure_profile,ncep_gfs_global,77.0,47,55.2,0,0.01,337.927,73.5,24,34.5,0,0.0,2568.898,66.5,26,30.6,0,0.01,4967.192,48.4,7,-14.0,0,0.01,10321.522,37.0,5,-27.9,0,0.03,14452.1,20.2,14,-21.1,0,0.02,19209.318,-2.4,17,-36.9,0,-0.01,24788.568,-28.3,70,-34.8,0,-0.01,31607.19,America/Los_Angeles,34.03189,-118.47656,86.0,1.613020896911621
2026-09-26T11:00,pressure_profile,ncep_gfs_global,78.6,43,54.3,0,0.02,344.488,73.3,27,37.3,0,0.0,2578.74,66.3,26,30.4,0,0.02,4973.754,47.9,7,-14.4,0,0.01,10324.804,37.0,5,-27.9,0,0.01,14455.381,20.2,13,-23.1,0,0.0,19212.598,-1.8,18,-34.7,0,-0.01,24792.62,-28.3,82,-31.9,2,-0.03,31623.064,America/Los_Angeles,34.03189,-118.47656,86.0,1.613020896911621
2026-09-26T12:00,pressure_profile,ncep_gfs_global,79.0,43,54.6,0,0.02,334.646,73.3,29,39.2,0,-0.03,2572.179,66.3,26,30.4,0,-0.01,4970.473,47.9,7,-14.4,0,0.0,10321.522,37.0,5,-27.9,0,0.03,14452.1,20.2,13,-23.1,0,0.03,19212.598,-1.8,43,-18.7,0,-0.02,24792.62,-28.3,96,-29.1,46,-0.03,31623.064,America/Los_Angeles,34.03189,-118.47656,86.0,1.613020896911621
2026-09-26T13:00,pressure_profile,ncep_gfs_global,79.2,43,54.7,0,0.02,321.522,74.5,27,38.3,0,-0.02,2559.055,67.0,24,29.0,0,-0.01,4960.63,48.2,7,-14.2,0,0.0,10318.241,36.3,6,-24.3,0,0.02,14445.538,20.7,13,-22.7,0,0.0,19202.756,-1.2,25,-28.6,0,-0.01,24784.518,-26.5,92,-28.0,22,0.0,31617.772,America/Los_Angeles,34.03189,-118.47656,86.0,1.613020896911621
2026-09-26T14:00,pressure_profile,ncep_gfs_global,79.0,44,55.2,0,0.02,301.837,75.1,25,36.9,0,-0.02,2542.651,67.0,24,29.0,0,0.0,4947.507,48.2,7,-14.2,0,0.0,10301.837,36.0,6,-24.5,0,-0.01,14432.415,20.7,13,-22.7,0,-0.02,19183.07,-1.2,13,-39.8,0,-0.02,24768.316,-26.5,92,-28.0,4,0.01,31612.478,America/Los_Angeles,34.03189,-118.47656,86.0,1.613020896911621
2026-09-26T15:00,pressure_profile,ncep_gfs_global,78.1,45,55.0,0,0.02,285.433,75.5,25,37.2,0,-0.03,2526.247,67.2,22,27.0,0,-0.02,4927.822,48.2,7,-14.2,0,0.0,10285.434,36.3,6,-24.3,0,-0.02,14416.011,20.7,13,-22.7,0,-0.02,19169.948,-0.6,8,-47.4,0,-0.02,24760.214,-27.4,72,-33.4,0,-0.04,31607.19,America/Los_Angeles,34.03189,-118.47656,86.0,1.613020896911621
2026-09-26T16:00,pressure_profile,ncep_gfs_global,76.6,49,56.1,0,0.02,285.433,76.1,22,34.5,0,-0.02,2522.966,67.0,22,26.9,0,-0.02,4924.541,47.9,7,-14.4,0,0.0,10278.871,36.0,6,-24.5,0,0.01,14406.168,20.7,13,-22.7,0,0.02,19160.106,-0.1,7,-50.6,0,0.0,24752.114,-27.4,44,-42.0,0,-0.01,31607.19,America/Los_Angeles,34.03189,-118.47656,86.0,1.613020896911621
2026-09-26T17:00,pressure_profile,ncep_gfs_global,75.6,53,57.2,0,0.01,288.714,75.9,21,33.2,0,-0.02,2522.966,67.0,21,25.7,0,-0.01,4924.541,48.2,7,-14.2,0,0.01,10282.152,36.0,8,-21.0,0,0.0,14409.449,20.2,13,-23.1,0,0.0,19160.106,-0.1,5,-55.2,0,-0.01,24748.064,-27.4,30,-48.5,0,-0.03,31601.896,America/Los_Angeles,34.03189,-118.47656,86.0,1.613020896911621
2026-09-26T18:00,pressure_profile,ncep_gfs_global,75.4,53,57.1,0,0.01,291.995,75.9,21,33.2,0,-0.01,2529.528,67.0,19,23.3,0,0.01,4931.103,48.2,7,-14.2,0,0.01,10288.714,36.0,8,-21.0,0,0.01,14416.011,19.8,13,-23.4,0,0.0,19163.386,-0.1,5,-55.2,0,-0.02,24748.064,-27.4,28,-49.6,0,0.01,31607.19,America/Los_Angeles,34.03189,-118.47656,86.0,1.613020896911621
2026-09-26T19:00,pressure_profile,ncep_gfs_global,74.7,55,57.4,0,0.01,298.556,75.5,22,34.0,0,0.01,2532.808,66.8,18,21.9,0,0.03,4934.384,48.7,7,-13.8,0,0.0,10291.995,36.0,8,-21.0,0,-0.01,14422.572,19.8,13,-23.4,0,-0.01,19173.228,-0.1,5,-55.2,0,0.0,24752.114,-27.4,26,-50.8,0,0.01,31612.478,America/Los_Angeles,34.03189,-118.47656,86.0,1.613020896911621
2026-09-26T20:00,pressure_profile,ncep_gfs_global,74.1,56,57.4,0,0.01,305.118,74.7,23,34.5,0,0.01,2539.37,66.3,19,22.8,0,0.02,4937.664,49.0,7,-13.6,0,-0.01,10295.275,36.3,6,-24.3,0,-0.02,14429.134,19.4,11,-26.0,0,-0.01,19179.792,-0.6,5,-55.7,0,0.01,24756.166,-26.5,24,-51.3,0,0.04,31612.478,America/Los_Angeles,34.03189,-118.47656,86.0,1.613020896911621
2026-09-26T21:00,pressure_profile,ncep_gfs_global,73.8,57,57.6,0,0.01,324.803,74.1,23,34.0,0,0.01,2555.775,65.9,19,22.4,0,0.04,4954.069,49.0,7,-13.6,0,0.02,10308.399,36.3,6,-24.3,0,0.0,14442.258,19.4,11,-26.0,0,-0.02,19196.196,-0.6,5,-55.7,0,0.02,24776.418,-27.4,26,-50.8,0,0.06,31623.064,America/Los_Angeles,34.03189,-118.47656,86.0,1.613020896911621
2026-09-26T22:00,pressure_profile,ncep_gfs_global,73.2,58,57.6,0,0.01,331.365,73.7,24,34.7,0,0.01,2559.055,65.7,18,21.0,0,0.02,4954.069,49.0,7,-13.6,0,0.0,10308.399,36.3,6,-24.3,0,0.01,14442.258,19.4,11,-26.0,0,0.02,19196.196,-1.2,3,-62.4,0,0.02,24768.316,-27.4,30,-48.5,0,0.06,31612.478,America/Los_Angeles,34.03189,-118.47656,86.0,1.613020896911621
2026-09-26T23:00,pressure_profile,ncep_gfs_global,72.7,59,57.5,0,0.01,328.084,72.8,26,35.9,0,0.01,2555.775,65.0,18,20.5,0,0.02,4947.507,49.3,7,-13.4,0,-0.01,10298.557,36.3,6,-24.3,0,0.0,14432.415,19.0,11,-26.3,0,0.01,19183.07,-1.8,3,-62.8,0,0.01,24756.166,-28.3,40,-44.5,0,0.03,31586.02,America/Los_Angeles,34.03189,-118.47656,86.0,1.613020896911621
2026-09-27T00:00,pressure_profile,ncep_gfs_global,72.1,61,58.0,0,0.01,324.803,72.2,27,36.3,0,0.01,2549.213,64.8,17,18.9,0,0.02,4937.664,49.0,7,-13.6,0,0.0,10288.714,36.0,6,-24.5,0,0.01,14419.291,19.0,10,-28.8,0,0.01,19166.666,-2.4,3,-63.2,0,0.01,24735.914,-28.3,42,-43.7,0,0.01,31559.562,America/Los_Angeles,34.03189,-118.47656,86.0,1.613020896911621
2026-09-27T01:00,pressure_profile,ncep_gfs_global,71.6,62,57.9,0,0.01,318.242,71.6,27,35.8,0,0.0,2542.651,64.4,16,17.2,0,0.02,4927.822,48.4,7,-14.0,0,0.0,10275.591,35.3,6,-25.0,0,0.01,14402.888,19.4,9,-31.3,0,0.01,19146.982,-2.4,5,-56.9,0,0.01,24715.662,-29.2,40,-45.3,0,0.01,31533.104,America/Los_Angeles,34.03189,-118.47656,86.0,1.613020896911621
2026-09-27T02:00,pressure_profile,ncep_gfs_global,71.2,64,58.4,0,0.01,314.961,71.0,28,36.2,0,0.0,2536.089,64.2,15,15.5,0,0.02,4917.979,48.2,7,-14.2,0,0.01,10265.748,34.7,6,-25.5,0,0.01,14389.764,19.4,7,-34.5,0,0.01,19130.578,-2.9,5,-57.4,0,0.01,24695.408,-29.2,38,-46.2,0,0.01,31506.646,America/Los_Angeles,34.03189,-118.47656,86.0,1.613020896911621
2026-09-27T03:00,pressure_profile,ncep_gfs_global,70.9,65,58.5,0,0.01,311.68,70.6,29,36.8,0,0.0,2529.528,63.7,16,16.6,0,0.02,4911.418,48.2,7,-14.2,0,0.01,10255.905,34.3,6,-25.7,0,0.0,14379.921,19.4,7,-34.5,0,0.0,19117.456,-3.5,5,-57.8,0,0.01,24679.208,-29.2,32,-49.0,0,0.03,31485.48,America/Los_Angeles,34.03189,-118.47656,86.0,1.613020896911621
2026-09-27T04:00,pressure_profile,ncep_gfs_global,70.5,67,59.0,0,0.0,308.399,70.2,29,36.4,0,0.0,2526.247,63.3,17,17.7,0,0.01,4904.856,48.4,8,-10.9,0,0.01,10249.344,34.3,6,-25.7,0,0.0,14370.079,19.4,7,-34.5,0,-0.01,19107.612,-3.5,5,-57.8,0,0.02,24667.056,-29.2,26,-52.4,0,0.07,31464.312,America/Los_Angeles,34.03189,-118.47656,86.0,1.613020896911621
2026-09-27T05:00,pressure_profile,ncep_gfs_global,70.3,67,58.9,0,0.0,305.118,69.8,30,37.0,0,0.0,2519.685,63.1,18,18.9,0,0.01,4898.294,48.4,8,-10.9,0,0.01,10239.501,34.0,6,-26.0,0,-0.01,14360.236,19.0,7,-34.9,0,-0.02,19094.488,-4.1,7,-53.7,0,0.02,24650.854,-29.2,20,-56.6,0,0.09,31443.146,America/Los_Angeles,34.03189,-118.47656,86.0,1.613020896911621
2026-09-27T06:00,pressure_profile,ncep_gfs_global,70.3,67,58.9,0,0.0,314.961,69.4,30,36.6,0,0.0,2526.247,62.8,19,19.9,0,0.01,4904.856,48.2,8,-11.1,0,0.01,10246.063,33.7,6,-26.2,0,-0.01,14363.518,18.6,7,-35.2,0,-0.02,19094.488,-4.7,13,-42.7,0,0.02,24646.802,-29.2,16,-60.1,0,0.09,31437.854,America/Los_Angeles,34.03189,-118.47656,86.0,1.613020896911621
2026-09-27T07:00,pressure_profile,ncep_gfs_global,70.3,66,58.4,0,0.0,321.522,69.2,30,36.5,0,0.0,2536.089,62.6,19,19.8,0,0.01,4914.698,47.9,8,-11.3,0,0.01,10249.344,33.7,6,-26.2,0,-0.01,14366.798,17.7,7,-35.8,0,-0.01,19091.208,-5.2,23,-33.3,0,0.02,24642.754,-28.3,14,-61.4,0,0.07,31437.854,America/Los_Angeles,34.03189,-118.47656,86.0,1.613020896911621
2026-09-27T08:00,pressure_profile,ncep_gfs_global,70.9,64,58.1,0,0.0,331.365,69.0,30,36.3,0,0.0,2542.651,62.6,20,21.0,0,0.01,4921.26,47.6,8,-11.5,0,0.01,10255.905,33.3,6,-26.5,0,-0.01,14370.079,17.3,7,-36.1,0,0.0,19091.208,-5.8,30,-29.3,0,0.02,24638.704,-28.3,14,-61.4,0,0.06,31432.564,America/Los_Angeles,34.03189,-118.47656,86.0,1.613020896911621
2026-09-27T09:00,pressure_profile,ncep_gfs_global,72.3,59,57.2,0,0.01,334.646,68.8,31,36.9,0,0.0,2545.932,62.6,21,22.1,0,0.0,4924.541,47.6,8,-11.5,0,0.01,10259.187,33.3,6,-26.5,0,0.0,14373.359,16.9,6,-40.4,0,0.0,19094.488,-5.2,30,-28.8,0,0.02,24642.754,-28.3,14,-61.4,0,0.04,31437.854,America/Los_Angeles,34.03189,-118.47656,86.0,1.613020896911621
2026-09-27T10:00,pressure_profile,ncep_gfs_global,74.1,53,55.9,0,0.01,334.646,68.4,33,38.2,0,-0.01,2552.494,62.6,23,24.3,0,-0.01,4927.822,47.3,9,-9.0,0,0.0,10265.748,33.3,6,-26.5,0,0.02,14376.641,16.9,4,-45.3,0,0.01,19097.77,-4.7,27,-30.4,0,0.01,24650.854,-29.2,16,-60.1,0,0.01,31443.146,America/Los_Angeles,34.03189,-118.47656,86.0,1.613020896911621
2026-09-27T11:00,pressure_profile,ncep_gfs_global,75.4,49,54.9,0,0.02,337.927,68.6,34,39.1,0,-0.01,2555.775,62.6,24,25.3,0,-0.02,4931.103,47.3,9,-9.0,0,0.0,10269.029,33.3,6,-26.5,0,0.03,14379.921,16.9,4,-45.3,0,0.01,19101.05,-4.1,23,-32.3,0,0.01,24654.904,-29.2,18,-58.3,0,0.0,31448.438,America/Los_Angeles,34.03189,-118.47656,86.0,1.613020896911621
2026-09-27T12:00,pressure_profile,ncep_gfs_global,75.4,49,54.9,0,0.02,321.522,69.4,32,38.3,0,-0.02,2539.37,62.6,25,26.3,0,-0.03,4917.979,47.3,9,-9.0,0,0.0,10255.905,33.7,6,-26.2,0,0.03,14366.798,16.9,6,-40.4,0,0.01,19087.926,-3.5,22,-33.2,0,0.01,24642.754,-29.2,18,-58.3,0,0.0,31443.146,America/Los_Angeles,34.03189,-118.47656,86.0,1.613020896911621
2026-09-27T13:00,pressure_profile,ncep_gfs_global,74.7,50,54.8,0,0.02,305.118,70.4,30,37.5,0,-0.03,2526.247,62.8,25,26.5,0,-0.03,4904.856,47.1,9,-9.2,0,0.0,10239.501,34.0,5,-30.1,0,0.02,14356.955,16.9,9,-33.2,0,0.02,19078.084,-2.9,18,-35.7,0,0.01,24630.602,-29.2,16,-60.1,0,0.0,31432.564,America/Los_Angeles,34.03189,-118.47656,86.0,1.613020896911621
2026-09-27T14:00,pressure_profile,ncep_gfs_global,74.3,51,55.0,0,0.02,288.714,71.2,28,36.4,0,-0.03,2509.843,63.1,25,26.7,0,-0.03,4891.733,47.1,9,-9.2,0,0.0,10226.378,34.3,5,-29.9,0,0.01,14343.832,16.9,13,-25.8,0,0.02,19064.96,-2.9,17,-37.4,0,0.01,24618.452,-29.2,14,-62.1,0,0.0,31427.272,America/Los_Angeles,34.03189,-118.47656,86.0,1.613020896911621
2026-09-27T15:00,pressure_profile,ncep_gfs_global,74.5,50,54.6,0,0.02,275.591,71.4,28,36.6,0,-0.03,2496.719,63.3,24,25.9,0,-0.02,4881.89,47.1,9,-9.2,0,0.0,10216.535,34.3,5,-29.9,0,0.0,14333.989,16.9,23,-14.7,0,0.03,19055.12,-2.9,17,-37.4,0,0.01,24610.35,-29.2,14,-62.1,0,-0.01,31416.69,America/Los_Angeles,34.03189,-118.47656,86.0,1.613020896911621
2026-09-27T16:00,pressure_profile,ncep_gfs_global,75.0,49,54.6,0,0.02,265.748,71.2,30,38.2,0,-0.02,2486.877,63.7,23,25.2,0,-0.01,4868.767,47.1,9,-9.2,0,-0.01,10209.974,34.0,5,-30.1,0,0.0,14324.147,16.9,33,-7.4,0,0.03,19045.276,-3.5,17,-37.8,0,0.02,24602.25,-30.1,16,-60.8,0,-0.03,31400.812,America/Los_Angeles,34.03189,-118.47656,86.0,1.613020896911621
2026-09-27T17:00,pressure_profile,ncep_gfs_global,75.2,48,54.2,0,0.02,252.625,71.0,30,38.0,0,-0.01,2473.754,63.9,23,25.4,0,0.0,4858.924,46.8,10,-7.0,0,-0.01,10200.131,34.0,6,-26.0,0,-0.01,14314.305,16.9,39,-4.1,0,0.03,19035.434,-3.5,17,-37.8,0,0.02,24594.148,-30.1,16,-60.8,0,-0.04,31390.23,America/Los_Angeles,34.03189,-118.47656,86.0,1.613020896911621
2026-09-27T18:00,pressure_profile,ncep_gfs_global,74.8,47,53.3,0,0.01,255.906,71.0,27,35.3,0,0.0,2477.034,63.7,24,26.2,0,0.01,4862.205,46.5,11,-5.1,0,0.0,10196.851,34.0,11,-14.7,0,-0.02,14311.023,17.3,33,-7.0,0,0.0,19035.434,-2.9,13,-41.2,0,0.01,24598.198,-29.2,14,-62.1,0,-0.04,31395.52,America/Los_Angeles,34.03189,-118.47656,86.0,1.613020896911621
2026-09-27T19:00,pressure_profile,ncep_gfs_global,74.1,45,51.4,0,0.01,262.467,71.0,24,32.4,0,0.0,2480.315,63.5,25,27.0,0,0.02,4862.205,46.0,13,-1.7,0,0.01,10196.851,33.7,18,-6.0,0,-0.03,14307.743,18.1,20,-16.3,0,-0.03,19032.152,-2.9,10,-46.1,0,-0.01,24598.198,-28.3,10,-66.5,0,-0.03,31400.812,America/Los_Angeles,34.03189,-118.47656,86.0,1.613020896911621
2026-09-27T20:00,pressure_profile,ncep_gfs_global,73.4,44,50.2,0,0.0,265.748,70.8,22,30.1,0,0.01,2483.596,63.1,25,26.7,0,0.03,4865.486,45.4,18,4.1,0,0.02,10193.569,33.7,23,-0.7,0,-0.04,14304.462,18.6,10,-29.1,0,-0.06,19032.152,-2.4,7,-52.4,0,-0.04,24602.25,-28.3,8,-69.8,0,-0.03,31406.106,America/Los_Angeles,34.03189,-118.47656,86.0,1.613020896911621
2026-09-27T21:00,pressure_profile,ncep_gfs_global,73.0,44,49.8,0,0.0,269.029,70.4,24,31.9,0,0.02,2486.877,62.8,24,25.5,0,0.03,4865.486,45.1,26,11.9,0,0.02,10190.289,33.7,24,0.4,0,-0.05,14304.462,19.4,6,-38.5,0,-0.06,19035.434,-2.4,7,-52.4,0,-0.05,24606.298,-28.3,12,-63.7,0,-0.03,31406.106,America/Los_Angeles,34.03189,-118.47656,86.0,1.613020896911621
2026-09-27T22:00,pressure_profile,ncep_gfs_global,72.7,44,49.5,0,0.01,275.591,69.8,28,35.2,0,0.02,2486.877,62.4,22,23.0,0,0.03,4868.767,44.6,34,18.2,0,0.02,10190.289,34.0,23,-0.4,0,-0.06,14301.182,19.8,4,-43.1,0,-0.05,19038.714,-2.9,7,-52.8,0,-0.04,24610.35,-29.2,18,-58.3,0,-0.03,31406.106,America/Los_Angeles,34.03189,-118.47656,86.0,1.613020896911621
2026-09-27T23:00,pressure_profile,ncep_gfs_global,72.3,45,49.8,0,0.01,278.871,69.0,31,37.1,0,0.02,2490.158,62.2,20,20.6,0,0.03,4868.767,44.6,40,21.7,0,0.02,10187.008,34.3,20,-2.7,0,-0.06,14301.182,20.2,4,-42.8,0,-0.04,19041.994,-2.9,7,-52.8,0,-0.04,24614.4,-30.1,20,-57.4,0,-0.03,31406.106,America/Los_Angeles,34.03189,-118.47656,86.0,1.613020896911621
2026-09-28T00:00,pressure_profile,ncep_gfs_global,71.6,47,50.3,0,0.01,272.31,68.2,33,38.0,0,0.01,2480.315,61.8,20,20.2,0,0.02,4855.643,44.6,40,21.7,0,0.01,10173.885,35.3,15,-7.8,0,-0.05,14291.339,20.2,6,-37.9,0,-0.02,19035.434,-2.9,7,-52.8,0,-0.02,24610.35,-30.1,18,-59.0,0,-0.01,31395.52,America/Los_Angeles,34.03189,-118.47656,86.0,1.613020896911621
2026-09-28T01:00,pressure_profile,ncep_gfs_global,70.7,49,50.6,0,0.01,269.029,67.4,34,38.1,0,0.01,2473.754,61.3,20,19.9,0,0.02,4845.801,44.9,38,20.6,0,0.0,10160.762,36.3,9,-17.8,0,-0.04,14284.777,19.8,7,-34.2,0,0.0,19032.152,-3.5,8,-49.6,0,0.0,24602.25,-30.1,12,-65.2,0,0.0,31390.23,America/Los_Angeles,34.03189,-118.47656,86.0,1.613020896911621
2026-09-28T02:00,pressure_profile,ncep_gfs_global,70.0,51,51.0,0,0.01,262.467,66.7,35,38.1,0,0.0,2463.911,61.1,20,19.7,0,0.01,4832.677,45.4,32,17.4,0,-0.01,10147.638,37.0,4,-33.2,0,-0.03,14274.935,19.8,9,-30.9,0,0.01,19025.59,-3.5,8,-49.6,0,0.01,24598.198,-30.1,8,-71.2,0,0.01,31379.644,America/Los_Angeles,34.03189,-118.47656,86.0,1.613020896911621
2026-09-28T03:00,pressure_profile,ncep_gfs_global,69.6,52,51.2,0,0.01,255.906,66.1,37,39.0,0,0.0,2457.349,60.9,20,19.5,0,0.01,4826.116,46.2,23,10.8,0,-0.01,10141.076,37.0,4,-33.2,0,-0.02,14271.653,19.8,9,-30.9,0,0.01,19025.59,-2.9,8,-49.2,0,0.02,24602.25,-31.0,8,-71.9,0,0.0,31384.938,America/Los_Angeles,34.03189,-118.47656,86.0,1.613020896911621
2026-09-28T04:00,pressure_profile,ncep_gfs_global,69.4,53,51.6,0,0.0,252.625,65.3,39,39.7,0,0.0,2450.787,60.9,20,19.5,0,0.0,4816.273,47.1,13,-0.8,0,0.0,10134.515,36.3,5,-28.4,0,-0.01,14268.373,20.2,7,-33.9,0,0.01,19022.31,-2.4,7,-52.4,0,0.02,24602.25,-31.0,10,-68.7,0,-0.01,31395.52,America/Los_Angeles,34.03189,-118.47656,86.0,1.613020896911621
2026-09-28T05:00,pressure_profile,ncep_gfs_global,69.4,52,51.1,0,0.0,246.063,64.9,40,40.0,0,0.0,2444.226,60.7,21,20.5,0,0.0,4809.712,47.9,6,-18.0,0,0.0,10127.953,36.3,6,-24.3,0,0.0,14265.092,20.7,7,-33.6,0,0.01,19022.31,-1.8,7,-51.9,0,0.02,24606.298,-31.9,12,-66.7,0,-0.03,31400.812,America/Los_Angeles,34.03189,-118.47656,86.0,1.613020896911621
2026-09-28T06:00,pressure_profile,ncep_gfs_global,69.4,49,49.5,0,0.0,255.906,64.5,42,40.9,0,-0.01,2454.068,60.2,23,22.3,0,0.0,4816.273,48.7,2,-34.5,0,-0.01,10137.795,37.0,6,-23.8,0,-0.01,14278.215,21.1,7,-33.3,0,0.0,19038.714,-1.2,7,-51.5,0,0.01,24630.602,-31.9,14,-64.4,0,-0.03,31427.272,America/Los_Angeles,34.03189,-118.47656,86.0,1.613020896911621
2026-09-28T07:00,pressure_profile,ncep_gfs_global,69.6,45,47.3,0,-0.01,265.748,64.3,43,41.3,0,-0.01,2463.911,59.6,26,24.6,0,0.0,4826.116,49.8,2,-33.7,0,-0.01,10144.357,38.0,5,-27.2,0,-0.02,14288.058,21.5,6,-36.9,0,-0.01,19058.398,-0.6,8,-47.4,0,0.01,24658.956,-32.8,16,-63.1,0,-0.03,31448.438,America/Los_Angeles,34.03189,-118.47656,86.0,1.613020896911621
2026-09-28T08:00,pressure_profile,ncep_gfs_global,70.3,41,45.5,0,-0.01,275.591,64.3,42,40.7,0,-0.02,2473.754,59.4,28,26.2,0,-0.01,4832.677,50.4,2,-33.4,0,-0.02,10154.199,39.0,4,-31.8,0,-0.03,14301.182,21.9,6,-36.6,0,-0.02,19074.802,-0.6,10,-44.3,0,0.0,24683.256,-32.8,16,-63.1,0,-0.03,31474.894,America/Los_Angeles,34.03189,-118.47656,86.0,1.613020896911621
2026-09-28T09:00,pressure_profile,ncep_gfs_global,72.0,36,43.6,0,-0.01,275.591,64.7,38,38.5,0,-0.03,2480.315,59.4,29,27.1,0,-0.02,4839.239,50.6,2,-33.2,0,-0.02,10167.323,39.3,4,-31.5,0,-0.04,14314.305,22.3,6,-36.3,0,-0.02,19091.208,-0.6,12,-41.7,0,0.0,24699.458,-32.8,16,-63.1,0,-0.03,31496.062,America/Los_Angeles,34.03189,-118.47656,86.0,1.613020896911621
2026-09-28T10:00,pressure_profile,ncep_gfs_global,73.9,32,42.2,0,-0.01,278.871,65.5,32,34.8,0,-0.04,2483.596,59.8,29,27.5,0,-0.04,4849.082,50.4,3,-26.0,0,-0.02,10177.165,39.6,5,-26.0,0,-0.04,14330.709,23.2,6,-35.7,0,-0.02,19107.612,-0.6,13,-39.4,0,0.0,24719.71,-31.9,14,-64.4,0,-0.03,31517.228,America/Los_Angeles,34.03189,-118.47656,86.0,1.613020896911621
2026-09-28T11:00,pressure_profile,ncep_gfs_global,75.6,29,41.1,0,0.0,278.871,66.5,27,31.4,0,-0.04,2490.158,60.2,28,27.0,0,-0.05,4855.643,50.4,3,-26.0,0,-0.02,10190.289,40.0,5,-25.8,0,-0.04,14343.832,23.6,6,-35.4,0,-0.02,19124.016,-0.6,13,-39.4,0,0.0,24735.914,-31.9,14,-64.4,0,-0.03,31538.396,America/Los_Angeles,34.03189,-118.47656,86.0,1.613020896911621
2026-09-28T12:00,pressure_profile,ncep_gfs_global,76.5,29,41.8,0,0.01,259.186,68.2,23,29.0,0,-0.03,2473.754,60.9,26,25.8,0,-0.06,4845.801,50.4,3,-26.0,0,-0.01,10183.728,40.3,5,-25.5,0,-0.03,14340.552,24.0,6,-35.0,0,-0.01,19124.016,-0.6,13,-39.4,0,-0.01,24739.962,-31.9,14,-64.4,0,-0.03,31543.688,America/Los_Angeles,34.03189,-118.47656,86.0,1.613020896911621
2026-09-28T13:00,pressure_profile,ncep_gfs_global,76.8,32,44.7,0,0.02,242.782,70.4,20,27.4,0,-0.02,2460.63,61.8,23,23.6,0,-0.06,4835.958,50.6,4,-20.3,0,0.0,10180.446,40.6,5,-25.3,0,-0.01,14337.271,24.4,7,-30.7,0,0.0,19124.016,-0.1,13,-38.9,0,-0.02,24739.962,-31.0,14,-63.6,0,-0.03,31548.98,America/Los_Angeles,34.03189,-118.47656,86.0,1.613020896911621
2026-09-28T14:00,pressure_profile,ncep_gfs_global,76.8,34,46.3,0,0.03,223.097,72.0,18,26.1,0,0.0,2444.226,62.8,20,21.1,0,-0.05,4826.116,50.6,4,-20.3,0,0.0,10173.885,40.6,5,-25.3,0,0.0,14333.989,24.4,7,-30.7,0,0.01,19124.016,-0.1,12,-41.2,0,-0.04,24744.014,-31.0,14,-63.6,0,-0.03,31554.274,America/Los_Angeles,34.03189,-118.47656,86.0,1.613020896911621
2026-09-28T15:00,pressure_profile,ncep_gfs_global,76.3,35,46.6,0,0.03,213.255,72.2,19,27.6,0,0.02,2431.102,64.2,19,21.0,0,-0.02,4816.273,50.6,4,-20.3,0,-0.01,10170.604,40.6,5,-25.3,0,0.0,14330.709,24.4,7,-30.7,0,0.01,19120.734,-0.1,10,-43.9,0,-0.04,24739.962,-31.0,14,-63.6,0,-0.01,31554.274,America/Los_Angeles,34.03189,-118.47656,86.0,1.613020896911621
2026-09-28T16:00,pressure_profile,ncep_gfs_global,75.4,37,47.3,0,0.03,200.131,71.6,21,29.6,0,0.04,2421.26,65.9,18,21.2,0,0.01,4809.712,50.9,3,-25.6,0,-0.03,10167.323,40.6,5,-25.3,0,-0.01,14327.428,24.0,7,-31.0,0,0.01,19114.174,0.5,8,-46.5,0,-0.02,24735.914,-30.1,14,-62.9,0,0.0,31559.562,America/Los_Angeles,34.03189,-118.47656,86.0,1.613020896911621
2026-09-28T17:00,pressure_profile,ncep_gfs_global,74.5,39,47.9,0,0.03,190.289,71.2,23,31.5,0,0.05,2408.137,66.8,18,21.9,0,0.03,4799.869,51.2,3,-25.4,0,-0.04,10164.042,40.6,5,-25.3,0,-0.01,14324.147,24.0,7,-31.0,0,0.01,19110.892,0.5,8,-46.5,0,-0.01,24731.862,-30.1,14,-62.9,0,0.0,31559.562,America/Los_Angeles,34.03189,-118.47656,86.0,1.613020896911621
2026-09-28T18:00,pressure_profile,ncep_gfs_global,73.4,44,50.2,0,0.02,196.85,71.4,23,31.6,0,0.03,2414.698,66.5,19,23.0,0,0.02,4803.15,51.7,3,-25.0,0,-0.03,10167.323,41.0,5,-25.0,0,0.0,14333.989,24.0,7,-31.0,0,0.03,19120.734,0.5,8,-46.5,0,0.01,24739.962,-30.1,12,-65.2,0,-0.01,31564.856,America/Los_Angeles,34.03189,-118.47656,86.0,1.613020896911621
2026-09-28T19:00,pressure_profile,ncep_gfs_global,72.1,51,53.0,0,0.01,203.412,71.8,22,30.9,0,-0.01,2417.979,65.9,20,23.7,0,0.01,4809.712,52.3,3,-24.6,0,-0.01,10173.885,41.0,5,-25.0,0,0.01,14340.552,23.6,9,-28.0,0,0.05,19130.578,-0.1,10,-43.9,0,0.05,24752.114,-30.1,12,-65.2,0,-0.03,31575.438,America/Los_Angeles,34.03189,-118.47656,86.0,1.613020896911621
2026-09-28T20:00,pressure_profile,ncep_gfs_global,71.4,54,53.9,0,0.0,209.974,72.2,22,31.2,0,-0.03,2424.541,65.2,21,24.3,0,-0.01,4812.992,52.5,3,-24.4,0,0.0,10177.165,41.3,5,-24.8,0,0.01,14350.394,23.6,9,-28.0,0,0.06,19140.42,-0.1,10,-43.9,0,0.06,24760.214,-30.1,10,-67.9,0,-0.03,31580.73,America/Los_Angeles,34.03189,-118.47656,86.0,1.613020896911621
2026-09-28T21:00,pressure_profile,ncep_gfs_global,72.0,52,53.4,0,0.0,209.974,72.4,22,31.4,0,-0.03,2427.822,65.2,23,26.5,0,-0.02,4816.273,52.5,3,-24.4,0,0.01,10180.446,41.6,5,-24.6,0,0.0,14353.675,23.6,9,-28.0,0,0.03,19146.982,-0.1,10,-43.9,0,0.05,24760.214,-30.1,10,-67.9,0,-0.01,31580.73,America/Los_Angeles,34.03189,-118.47656,86.0,1.613020896911621
2026-09-28T22:00,pressure_profile,ncep_gfs_global,73.0,46,51.0,0,0.0,209.974,72.8,22,31.7,0,-0.02,2431.102,65.2,24,27.5,0,-0.02,4822.835,52.5,3,-24.4,0,0.01,10187.008,41.6,5,-24.6,0,-0.01,14360.236,23.2,9,-28.3,0,-0.01,19150.262,-0.6,10,-44.3,0,0.02,24764.266,-30.1,10,-67.9,0,0.0,31575.438,America/Los_Angeles,34.03189,-118.47656,86.0,1.613020896911621
2026-09-28T23:00,pressure_profile,ncep_gfs_global,73.8,42,49.2,0,0.0,209.974,73.0,22,31.9,0,-0.01,2434.383,65.5,25,28.7,0,-0.02,4826.116,52.5,3,-24.4,0,0.01,10190.289,41.6,5,-24.6,0,-0.02,14363.518,23.2,9,-28.3,0,-0.04,19156.824,-0.6,10,-44.3,0,0.0,24764.266,-30.1,10,-67.9,0,0.01,31575.438,America/Los_Angeles,34.03189,-118.47656,86.0,1.613020896911621
2026-09-29T00:00,pressure_profile,ncep_gfs_global,73.8,41,48.6,0,0.0,200.131,73.1,22,32.0,0,0.0,2424.541,65.7,25,28.9,0,-0.01,4819.554,52.3,3,-24.6,0,0.01,10183.728,41.6,5,-24.6,0,-0.01,14356.955,23.2,9,-28.3,0,-0.03,19146.982,-0.6,10,-44.3,0,-0.01,24756.166,-30.1,10,-67.9,0,0.01,31564.856,America/Los_Angeles,34.03189,-118.47656,86.0,1.613020896911621
2026-09-29T01:00,pressure_profile,ncep_gfs_global,73.6,41,48.4,0,0.0,193.57,73.3,22,32.2,0,0.0,2414.698,66.1,23,27.2,0,0.0,4809.712,52.3,3,-24.6,0,0.01,10177.165,41.3,6,-20.6,0,0.02,14347.113,23.2,9,-28.3,0,0.0,19140.42,-0.6,12,-41.7,0,-0.02,24744.014,-31.0,10,-68.7,0,0.0,31554.274,America/Los_Angeles,34.03189,-118.47656,86.0,1.613020896911621
2026-09-29T02:00,pressure_profile,ncep_gfs_global,73.4,40,47.6,0,0.0,183.727,73.3,22,32.2,0,0.0,2404.856,66.3,22,26.3,0,0.01,4803.15,52.0,3,-24.8,0,0.01,10170.604,41.0,6,-20.8,0,0.03,14340.552,23.2,9,-28.3,0,0.02,19130.578,-0.6,12,-41.7,0,-0.02,24735.914,-31.0,12,-66.0,0,-0.01,31543.688,America/Los_Angeles,34.03189,-118.47656,86.0,1.613020896911621
2026-09-29T03:00,pressure_profile,ncep_gfs_global,73.4,38,46.3,0,0.0,180.446,73.3,22,32.2,0,-0.01,2401.575,66.3,21,25.2,0,0.01,4799.869,52.0,3,-24.8,0,0.0,10167.323,40.6,6,-21.0,0,0.01,14333.989,22.8,9,-28.7,0,0.02,19120.734,-0.6,10,-44.3,0,-0.01,24723.762,-31.0,16,-61.6,0,0.0,31533.104,America/Los_Angeles,34.03189,-118.47656,86.0,1.613020896911621
2026-09-29T04:00,pressure_profile,ncep_gfs_global,73.2,36,44.7,0,-0.01,173.885,73.3,21,31.0,0,-0.01,2398.294,66.3,19,22.8,0,-0.01,4793.307,52.3,2,-32.1,0,-0.01,10164.042,40.3,6,-21.3,0,-0.01,14330.709,22.8,10,-25.8,0,0.0,19114.174,-0.6,10,-44.3,0,0.0,24715.662,-31.0,24,-55.3,0,0.01,31527.814,America/Los_Angeles,34.03189,-118.47656,86.0,1.613020896911621
2026-09-29T05:00,pressure_profile,ncep_gfs_global,73.4,34,43.3,0,-0.01,170.604,73.3,20,29.8,0,-0.02,2395.013,66.5,18,21.7,0,-0.01,4790.027,52.3,2,-32.1,0,-0.02,10160.762,40.0,6,-21.5,0,-0.03,14324.147,22.3,10,-26.1,0,-0.01,19104.33,-0.6,8,-47.4,0,0.0,24703.508,-31.0,28,-52.8,0,0.01,31517.228,America/Los_Angeles,34.03189,-118.47656,86.0,1.613020896911621
2026-09-29T06:00,pressure_profile,ncep_gfs_global,73.6,31,41.1,0,-0.01,177.165,73.5,19,28.7,0,-0.02,2401.575,66.8,17,20.5,0,0.0,4799.869,52.3,2,-32.1,0,-0.01,10170.604,40.0,6,-21.5,0,-0.02,14333.989,21.9,10,-26.5,0,-0.02,19110.892,-0.6,8,-47.4,0,-0.02,24711.61,-31.0,30,-51.7,0,0.0,31522.522,America/Los_Angeles,34.03189,-118.47656,86.0,1.613020896911621
2026-09-29T07:00,pressure_profile,ncep_gfs_global,73.9,28,38.8,0,-0.02,183.727,73.9,18,27.7,0,-0.01,2411.417,67.2,17,20.9,0,0.01,4806.431,52.3,2,-32.1,0,0.0,10177.165,40.0,6,-21.5,0,0.0,14340.552,21.9,11,-24.0,0,-0.02,19120.734,-0.6,8,-47.4,0,-0.05,24715.662,-31.0,32,-50.6,0,-0.01,31527.814,America/Los_Angeles,34.03189,-118.47656,86.0,1.613020896911621
2026-09-29T08:00,pressure_profile,ncep_gfs_global,74.8,25,36.7,0,-0.02,190.289,74.3,17,26.7,0,-0.01,2417.979,67.6,17,21.2,0,0.02,4816.273,52.3,2,-32.1,0,0.01,10187.008,40.0,6,-21.5,0,0.01,14350.394,21.5,11,-24.3,0,-0.02,19127.296,-0.6,8,-47.4,0,-0.06,24723.762,-31.0,32,-50.6,0,-0.03,31533.104,America/Los_Angeles,34.03189,-118.47656,86.0,1.613020896911621
2026-09-29T09:00,pressure_profile,ncep_gfs_global,77.2,22,35.4,0,-0.01,190.289,74.7,16,25.5,0,-0.01,2421.26,68.1,17,21.6,0,0.02,4822.835,52.3,2,-32.1,0,0.02,10196.851,39.6,6,-21.8,0,0.01,14356.955,21.1,11,-24.6,0,-0.01,19133.86,-0.6,8,-47.4,0,-0.04,24727.812,-31.0,32,-50.6,0,-0.01,31538.396,America/Los_Angeles,34.03189,-118.47656,86.0,1.613020896911621
2026-09-29T10:00,pressure_profile,ncep_gfs_global,80.2,20,35.5,0,0.0,187.008,75.3,16,26.0,0,-0.02,2427.822,68.3,17,21.8,0,0.02,4829.397,52.0,3,-24.8,0,0.03,10203.412,39.6,6,-21.8,0,0.01,14366.798,21.1,13,-22.4,0,0.0,19137.138,-0.6,7,-51.0,0,0.01,24731.862,-31.0,30,-51.7,0,0.0,31548.98,America/Los_Angeles,34.03189,-118.47656,86.0,1.613020896911621
2026-09-29T11:00,pressure_profile,ncep_gfs_global,82.2,19,35.9,0,0.01,187.008,76.1,15,25.1,0,-0.02,2431.102,68.7,18,23.5,0,0.02,4835.958,51.7,3,-25.0,0,0.03,10213.255,39.3,6,-22.0,0,0.01,14373.359,21.1,13,-22.4,0,0.01,19143.702,-0.6,7,-51.0,0,0.04,24735.914,-31.0,30,-51.7,0,0.01,31554.274,America/Los_Angeles,34.03189,-118.47656,86.0,1.613020896911621
2026-09-29T12:00,pressure_profile,ncep_gfs_global,82.2,21,38.4,0,0.02,173.885,77.3,14,24.4,0,-0.02,2421.26,69.1,19,25.1,0,0.01,4829.397,51.4,3,-25.2,0,0.03,10209.974,39.3,6,-22.0,0,0.01,14366.798,21.1,11,-24.6,0,0.01,19140.42,-0.6,7,-51.0,0,0.04,24731.862,-31.0,30,-51.7,0,0.01,31548.98,America/Los_Angeles,34.03189,-118.47656,86.0,1.613020896911621
2026-09-29T13:00,pressure_profile,ncep_gfs_global,81.1,26,43.0,0,0.02,164.042,78.7,13,23.7,0,-0.03,2408.137,69.8,20,26.9,0,-0.01,4826.116,50.9,3,-25.6,0,0.02,10206.693,39.3,8,-18.5,0,0.02,14360.236,21.5,11,-24.3,0,0.0,19133.86,-1.2,7,-51.5,0,0.02,24727.812,-31.0,30,-51.7,0,0.0,31538.396,America/Los_Angeles,34.03189,-118.47656,86.0,1.613020896911621
2026-09-29T14:00,pressure_profile,ncep_gfs_global,80.2,29,45.1,0,0.02,150.919,79.8,13,24.6,0,-0.03,2398.294,70.2,21,28.5,0,-0.02,4819.554,50.6,4,-20.3,0,0.02,10203.412,39.3,8,-18.5,0,0.02,14353.675,21.9,10,-26.5,0,-0.01,19130.578,-1.2,7,-51.5,0,0.01,24723.762,-31.0,30,-51.7,0,0.0,31533.104,America/Los_Angeles,34.03189,-118.47656,86.0,1.613020896911621
2026-09-29T15:00,pressure_profile,ncep_gfs_global,80.2,31,46.9,0,0.02,137.795,80.6,13,25.2,0,-0.03,2385.171,70.7,20,27.6,0,-0.02,4809.712,50.6,6,-16.0,0,0.02,10196.851,39.3,8,-18.5,0,0.0,14347.113,21.9,10,-26.5,0,-0.01,19124.016,-1.2,7,-51.5,0,0.01,24719.71,-31.0,30,-51.7,0,0.0,31533.104,America/Los_Angeles,34.03189,-118.47656,86.0,1.613020896911621
2026-09-29T16:00,pressure_profile,ncep_gfs_global,80.6,32,48.0,0,0.02,127.953,81.2,14,27.5,0,-0.03,2375.328,71.1,19,26.7,0,-0.02,4796.588,50.6,8,-9.2,0,0.01,10193.569,39.3,8,-18.5,0,-0.02,14343.832,22.3,10,-26.1,0,-0.01,19120.734,-1.2,7,-51.5,0,0.0,24711.61,-30.1,28,-52.0,0,-0.01,31527.814,America/Los_Angeles,34.03189,-118.47656,86.0,1.613020896911621
2026-09-29T17:00,pressure_profile,ncep_gfs_global,80.6,33,48.8,0,0.02,114.829,81.4,15,29.3,0,-0.02,2362.205,71.5,18,25.8,0,-0.02,4786.746,50.6,10,-4.0,0,0.01,10187.008,39.3,8,-18.5,0,-0.03,14337.271,22.3,10,-26.1,0,-0.01,19114.174,-1.2,7,-51.5,0,0.0,24707.56,-30.1,26,-53.2,0,-0.01,31527.814,America/Los_Angeles,34.03189,-118.47656,86.0,1.613020896911621
2026-09-29T18:00,pressure_profile,ncep_gfs_global,79.9,35,49.8,0,0.02,124.672,80.8,16,30.4,0,-0.01,2368.766,72.0,17,24.8,0,-0.01,4793.307,50.4,13,1.8,0,0.01,10193.569,39.3,8,-18.5,0,-0.02,14343.832,22.3,10,-26.1,0,0.0,19120.734,-1.2,7,-51.5,0,0.0,24715.662,-30.1,24,-54.5,0,-0.01,31533.104,America/Los_Angeles,34.03189,-118.47656,86.0,1.613020896911621
2026-09-29T19:00,pressure_profile,ncep_gfs_global,78.8,38,51.1,0,0.01,131.234,79.8,16,29.7,0,0.01,2378.609,72.2,15,22.0,0,0.01,4799.869,50.1,18,7.9,0,0.0,10203.412,39.6,8,-18.3,0,-0.01,14350.394,21.9,10,-26.5,0,0.0,19127.296,-1.2,5,-56.1,0,0.0,24723.762,-30.1,22,-55.9,0,-0.01,31538.396,America/Los_Angeles,34.03189,-118.47656,86.0,1.613020896911621
2026-09-29T20:00,pressure_profile,ncep_gfs_global,77.7,40,51.5,0,0.01,141.076,78.9,17,30.3,0,0.02,2385.171,72.2,15,22.0,0,0.02,4806.431,49.5,22,12.4,0,0.0,10209.974,39.6,8,-18.3,0,0.0,14356.955,21.9,10,-26.5,0,0.01,19133.86,-1.2,7,-51.5,0,0.0,24731.862,-30.1,20,-57.4,0,-0.01,31543.688,America/Los_Angeles,34.03189,-118.47656,86.0,1.613020896911621
2026-09-29T21:00,pressure_profile,ncep_gfs_global,76.6,43,52.5,0,0.01,150.919,78.1,17,29.7,0,0.02,2391.733,72.0,16,23.3,0,0.02,4812.992,49.0,30,18.9,0,0.0,10213.255,40.0,8,-18.0,0,0.0,14363.518,21.5,10,-26.8,0,0.02,19137.138,-1.2,12,-42.1,0,0.0,24735.914,-30.1,16,-60.8,0,-0.01,31548.98,America/Los_Angeles,34.03189,-118.47656,86.0,1.613020896911621
2026-09-29T22:00,pressure_profile,ncep_gfs_global,75.7,46,53.5,0,0.01,164.042,77.3,18,30.5,0,0.02,2401.575,71.5,17,24.4,0,0.01,4816.273,48.2,38,23.6,0,-0.01,10219.816,40.3,8,-17.8,0,0.0,14366.798,21.5,10,-26.8,0,0.02,19143.702,-0.6,18,-33.8,0,0.0,24735.914,-29.2,12,-64.5,0,-0.03,31548.98,America/Los_Angeles,34.03189,-118.47656,86.0,1.613020896911621
2026-09-29T23:00,pressure_profile,ncep_gfs_global,75.2,47,53.6,0,0.01,173.885,76.9,18,30.2,0,0.01,2408.137,71.1,19,26.7,0,0.0,4822.835,47.9,42,26.0,0,-0.01,10223.098,40.3,8,-17.8,0,0.0,14373.359,21.1,10,-27.1,0,0.02,19146.982,-0.6,23,-29.4,0,-0.01,24739.962,-29.2,8,-70.5,0,-0.03,31554.274,America/Los_Angeles,34.03189,-118.47656,86.0,1.613020896911621
2026-09-30T00:00,pressure_profile,ncep_gfs_global,75.4,45,52.6,0,0.0,167.323,76.9,18,30.2,0,0.01,2401.575,70.9,23,31.2,0,0.0,4816.273,48.2,40,25.0,0,-0.01,10216.535,40.0,8,-18.0,0,0.0,14366.798,21.1,10,-27.1,0,0.01,19140.42,-0.6,25,-28.1,0,-0.02,24731.862,-29.2,6,-74.6,0,-0.03,31548.98,America/Los_Angeles,34.03189,-118.47656,86.0,1.613020896911621
2026-09-30T01:00,pressure_profile,ncep_gfs_global,76.1,41,50.7,0,0.0,157.48,77.1,19,31.7,0,0.0,2395.013,70.9,27,35.2,0,0.01,4812.992,48.7,33,21.1,0,-0.01,10206.693,39.6,6,-21.8,0,0.0,14360.236,21.1,10,-27.1,0,-0.01,19130.578,-1.2,27,-27.4,0,-0.05,24727.812,-28.3,6,-73.9,0,-0.01,31543.688,America/Los_Angeles,34.03189,-118.47656,86.0,1.613020896911621
2026-09-30T02:00,pressure_profile,ncep_gfs_global,76.6,38,49.1,0,-0.01,150.919,77.3,19,31.8,0,0.0,2388.452,70.9,31,38.7,0,0.01,4806.431,49.0,28,17.1,0,-0.01,10200.131,39.3,6,-22.0,0,0.0,14353.675,21.1,10,-27.1,0,-0.03,19124.016,-1.2,25,-28.6,0,-0.06,24719.71,-28.3,6,-73.9,0,-0.01,31538.396,America/Los_Angeles,34.03189,-118.47656,86.0,1.613020896911621
2026-09-30T03:00,pressure_profile,ncep_gfs_global,76.6,37,48.4,0,-0.01,147.638,77.1,20,32.9,0,0.0,2385.171,70.7,33,40.2,0,0.01,4803.15,49.0,26,15.2,0,-0.01,10193.569,39.3,6,-22.0,0,0.0,14347.113,21.1,10,-27.1,0,-0.04,19117.456,-1.2,20,-32.7,0,-0.05,24715.662,-28.3,6,-73.9,0,-0.01,31538.396,America/Los_Angeles,34.03189,-118.47656,86.0,1.613020896911621
2026-09-30T04:00,pressure_profile,ncep_gfs_global,76.3,37,48.1,0,0.0,144.357,76.9,20,32.8,0,0.0,2381.89,70.2,35,41.3,0,0.01,4796.588,49.0,23,13.1,0,-0.01,10190.289,39.3,5,-26.2,0,0.0,14340.552,21.5,9,-29.6,0,-0.04,19110.892,-0.6,13,-39.4,0,-0.04,24707.56,-28.3,8,-69.8,0,-0.03,31543.688,America/Los_Angeles,34.03189,-118.47656,86.0,1.613020896911621
2026-09-30T05:00,pressure_profile,ncep_gfs_global,76.3,36,47.4,0,0.0,141.076,76.9,21,34.0,0,0.0,2378.609,70.0,36,41.8,0,0.01,4793.307,49.0,23,13.1,0,-0.01,10183.728,39.3,5,-26.2,0,0.0,14333.989,21.5,9,-29.6,0,-0.04,19104.33,-0.6,8,-47.4,0,-0.02,24703.508,-28.3,8,-69.8,0,-0.03,31543.688,America/Los_Angeles,34.03189,-118.47656,86.0,1.613020896911621
2026-09-30T06:00,pressure_profile,ncep_gfs_global,76.6,34,46.2,0,0.0,147.638,77.1,22,35.3,0,0.0,2385.171,70.0,38,43.2,0,0.01,4803.15,48.7,24,13.9,0,0.0,10190.289,39.3,5,-26.2,0,0.0,14337.271,21.9,9,-29.3,0,-0.02,19110.892,-0.6,7,-51.0,0,-0.02,24711.61,-28.3,8,-69.8,0,-0.03,31554.274,America/Los_Angeles,34.03189,-118.47656,86.0,1.613020896911621
2026-09-30T07:00,pressure_profile,ncep_gfs_global,77.0,32,44.9,0,0.0,154.199,77.3,23,36.6,0,0.01,2395.013,70.0,40,44.6,0,0.01,4809.712,48.2,26,14.5,0,0.01,10196.851,39.0,6,-22.3,0,0.01,14343.832,22.3,7,-32.3,0,0.0,19117.456,-0.1,5,-55.2,0,-0.01,24715.662,-27.4,8,-69.1,0,-0.01,31564.856,America/Los_Angeles,34.03189,-118.47656,86.0,1.613020896911621
2026-09-30T08:00,pressure_profile,ncep_gfs_global,77.7,31,44.7,0,0.0,160.761,77.5,24,37.9,0,0.01,2401.575,70.2,40,44.8,0,0.01,4819.554,48.2,27,15.4,0,0.02,10203.412,39.0,6,-22.3,0,0.01,14347.113,22.3,7,-32.3,0,0.02,19124.016,-0.1,5,-55.2,0,-0.01,24723.762,-27.4,8,-69.1,0,-0.01,31575.438,America/Los_Angeles,34.03189,-118.47656,86.0,1.613020896911621
2026-09-30T09:00,pressure_profile,ncep_gfs_global,78.8,31,45.6,0,0.0,160.761,77.7,24,38.0,0,0.0,2404.856,70.5,38,43.6,0,0.0,4822.835,48.7,24,13.9,0,0.01,10209.974,38.6,6,-22.5,0,0.01,14353.675,22.3,7,-32.3,0,0.03,19130.578,0.5,5,-54.8,0,-0.01,24727.812,-27.4,8,-69.1,0,-0.01,31580.73,America/Los_Angeles,34.03189,-118.47656,86.0,1.613020896911621
2026-09-30T10:00,pressure_profile,ncep_gfs_global,80.2,31,46.9,0,0.01,164.042,77.9,24,38.2,0,-0.01,2408.137,70.7,36,42.4,0,-0.01,4829.397,49.3,21,11.0,0,-0.02,10219.816,38.3,6,-22.8,0,0.0,14363.518,21.9,7,-32.6,0,0.03,19133.86,0.5,3,-61.2,0,0.0,24735.914,-26.5,8,-68.4,0,-0.03,31591.312,America/Los_Angeles,34.03189,-118.47656,86.0,1.613020896911621
2026-09-30T11:00,pressure_profile,ncep_gfs_global,81.1,32,48.5,0,0.01,164.042,78.3,24,38.5,0,-0.02,2411.417,71.1,33,40.5,0,-0.02,4832.677,49.8,19,9.0,0,-0.03,10226.378,38.3,6,-22.8,0,0.0,14370.079,21.9,7,-32.6,0,0.03,19140.42,1.1,3,-60.7,0,0.0,24739.962,-26.5,8,-68.4,0,-0.03,31596.606,America/Los_Angeles,34.03189,-118.47656,86.0,1.613020896911621
2026-09-30T12:00,pressure_profile,ncep_gfs_global,81.3,35,51.1,0,0.01,147.638,79.1,24,39.2,0,-0.03,2395.013,71.5,31,39.3,0,-0.03,4819.554,49.5,21,11.3,0,-0.02,10213.255,38.6,6,-22.5,0,0.0,14360.236,21.9,7,-32.6,0,0.02,19130.578,1.1,3,-60.7,0,0.0,24731.862,-25.6,8,-67.6,0,-0.03,31591.312,America/Los_Angeles,34.03189,-118.47656,86.0,1.613020896911621
2026-09-30T13:00,pressure_profile,ncep_gfs_global,81.0,39,53.7,0,0.02,127.953,80.2,24,40.2,0,-0.03,2378.609,71.8,30,38.7,0,-0.04,4806.431,49.3,26,15.4,0,0.0,10203.412,39.3,6,-22.0,0,-0.01,14350.394,22.3,9,-29.0,0,0.0,19124.016,1.6,5,-54.0,0,0.01,24727.812,-25.6,8,-67.6,0,-0.01,31591.312,America/Los_Angeles,34.03189,-118.47656,86.0,1.613020896911621
2026-09-30T14:00,pressure_profile,ncep_gfs_global,81.0,41,55.1,0,0.02,111.549,81.0,24,40.8,0,-0.03,2362.205,72.2,29,38.2,0,-0.05,4793.307,49.0,29,18.0,0,0.01,10190.289,39.6,6,-21.8,0,-0.01,14340.552,22.3,9,-29.0,0,-0.02,19114.174,1.6,5,-54.0,0,0.01,24719.71,-24.7,8,-66.9,0,0.0,31586.02,America/Los_Angeles,34.03189,-118.47656,86.0,1.613020896911621
2026-09-30T15:00,pressure_profile,ncep_gfs_global,81.9,40,55.2,0,0.02,101.706,81.6,25,42.4,0,-0.02,2355.643,72.6,30,39.4,0,-0.05,4790.027,49.0,30,18.9,0,0.0,10190.289,39.3,6,-22.0,0,-0.01,14337.271,22.8,9,-28.7,0,-0.02,19110.892,1.6,5,-54.0,0,0.01,24719.71,-24.7,8,-66.9,0,0.01,31580.73,America/Los_Angeles,34.03189,-118.47656,86.0,1.613020896911621
2026-09-30T16:00,pressure_profile,ncep_gfs_global,83.1,39,55.6,0,0.01,91.864,81.8,26,43.6,0,-0.01,2352.362,73.1,31,40.6,0,-0.04,4783.465,49.3,29,18.2,0,-0.02,10190.289,39.0,6,-22.3,0,-0.01,14337.271,22.8,9,-28.7,0,-0.02,19110.892,1.6,7,-49.3,0,0.01,24715.662,-24.7,8,-66.9,0,0.03,31580.73,America/Los_Angeles,34.03189,-118.47656,86.0,1.613020896911621
2026-09-30T17:00,pressure_profile,ncep_gfs_global,83.8,37,54.8,0,0.01,82.021,82.0,27,44.7,0,0.0,2345.801,73.1,33,42.3,0,-0.02,4780.184,49.5,29,18.5,0,-0.03,10190.289,38.6,6,-22.5,0,-0.01,14333.989,23.2,9,-28.3,0,-0.02,19107.612,1.6,7,-49.3,0,0.0,24715.662,-24.7,8,-66.9,0,0.03,31575.438,America/Los_Angeles,34.03189,-118.47656,86.0,1.613020896911621
2026-09-30T18:00,pressure_profile,ncep_gfs_global,83.7,36,53.9,0,0.01,91.864,82.0,26,43.7,0,0.01,2352.362,72.6,36,44.1,0,0.01,4786.746,49.5,29,18.5,0,-0.02,10193.569,39.0,6,-22.3,0,-0.01,14340.552,23.2,9,-28.3,0,-0.02,19117.456,1.6,7,-49.3,0,-0.01,24727.812,-24.7,8,-66.9,0,0.03,31591.312,America/Los_Angeles,34.03189,-118.47656,86.0,1.613020896911621
2026-09-30T19:00,pressure_profile,ncep_gfs_global,82.9,36,53.3,0,0.0,98.425,81.8,25,42.6,0,0.02,2362.205,72.2,40,46.5,0,0.04,4793.307,49.8,28,17.8,0,-0.01,10200.131,39.6,6,-21.8,0,-0.02,14350.394,23.6,10,-25.1,0,-0.03,19130.578,1.6,8,-45.6,0,-0.02,24744.014,-24.7,8,-66.9,0,0.01,31607.19,America/Los_Angeles,34.03189,-118.47656,86.0,1.613020896911621
2026-09-30T20:00,pressure_profile,ncep_gfs_global,81.9,37,53.0,0,0.0,108.268,81.2,24,41.0,0,0.03,2368.766,71.5,43,47.9,0,0.06,4799.869,49.8,27,16.8,0,0.0,10203.412,40.0,6,-21.5,0,-0.02,14356.955,23.6,10,-25.1,0,-0.03,19140.42,1.6,8,-45.6,0,-0.04,24756.166,-24.7,8,-66.9,0,0.0,31623.064,America/Los_Angeles,34.03189,-118.47656,86.0,1.613020896911621
2026-09-30T21:00,pressure_profile,ncep_gfs_global,80.6,39,53.4,0,0.0,124.672,80.4,24,40.3,0,0.03,2378.609,71.1,44,48.1,0,0.05,4806.431,49.8,24,14.8,0,0.0,10206.693,40.0,6,-21.5,0,-0.01,14360.236,23.6,9,-28.0,0,-0.02,19143.702,1.6,8,-45.6,0,-0.05,24760.214,-24.7,8,-66.9,0,0.0,31628.354,America/Los_Angeles,34.03189,-118.47656,86.0,1.613020896911621
2026-09-30T22:00,pressure_profile,ncep_gfs_global,79.0,42,53.9,0,0.01,137.795,79.4,26,41.6,0,0.02,2388.452,70.7,45,48.3,0,0.03,4812.992,49.8,22,12.7,0,0.01,10206.693,40.0,6,-21.5,0,-0.01,14363.518,23.6,7,-31.3,0,-0.01,19146.982,1.1,10,-42.9,0,-0.05,24764.266,-24.7,8,-66.9,0,0.01,31638.938,America/Los_Angeles,34.03189,-118.47656,86.0,1.613020896911621
2026-09-30T23:00,pressure_profile,ncep_gfs_global,77.2,46,54.8,0,0.01,154.199,78.1,27,41.4,0,0.02,2398.294,70.2,44,47.3,0,0.01,4819.554,49.5,20,10.1,0,0.01,10209.974,40.0,6,-21.5,0,0.0,14366.798,23.6,6,-35.4,0,-0.01,19150.262,1.1,10,-42.9,0,-0.05,24768.316,-24.7,8,-66.9,0,0.01,31644.23,America/Los_Angeles,34.03189,-118.47656,86.0,1.613020896911621
2026-10-01T00:00,pressure_profile,ncep_gfs_global,75.2,54,57.4,0,0.01,164.042,76.1,29,41.5,0,0.02,2395.013,69.8,42,45.7,0,0.01,4812.992,49.3,19,8.6,0,0.02,10200.131,40.0,6,-21.5,0,0.0,14353.675,23.6,6,-35.4,0,-0.02,19137.138,0.5,12,-40.8,0,-0.04,24756.166,-24.7,8,-66.9,0,0.01,31633.646,America/Los_Angeles,34.03189,-118.47656,86.0,1.613020896911621
2026-10-01T01:00,pressure_profile,ncep_gfs_global,73.2,63,59.9,0,0.02,170.604,73.9,30,40.5,0,0.03,2395.013,69.6,39,43.5,0,0.02,4803.15,49.0,18,7.0,0,0.03,10187.008,40.3,6,-21.3,0,0.0,14343.832,24.0,6,-35.0,0,-0.03,19127.296,-0.1,12,-41.2,0,-0.01,24748.064,-23.8,8,-66.2,0,0.0,31628.354,America/Los_Angeles,34.03189,-118.47656,86.0,1.613020896911621
2026-10-01T02:00,pressure_profile,ncep_gfs_global,71.8,70,61.5,0,0.02,180.446,72.0,32,40.5,0,0.03,2391.733,69.1,35,40.3,0,0.03,4796.588,48.7,17,5.3,0,0.03,10177.165,40.3,6,-21.3,0,0.0,14330.709,24.0,6,-35.0,0,-0.04,19114.174,-0.1,12,-41.2,0,0.0,24735.914,-23.8,8,-66.2,0,-0.01,31617.772,America/Los_Angeles,34.03189,-118.47656,86.0,1.613020896911621
2026-10-01T03:00,pressure_profile,ncep_gfs_global,71.4,71,61.5,0,0.02,187.008,70.6,33,40.1,0,0.02,2395.013,68.7,29,35.2,0,0.03,4796.588,48.7,13,0.5,0,0.02,10170.604,40.3,6,-21.3,0,-0.01,14324.147,24.0,6,-35.0,0,-0.03,19107.612,0.5,10,-43.4,0,0.0,24731.862,-23.8,8,-66.2,0,-0.03,31612.478,America/Los_Angeles,34.03189,-118.47656,86.0,1.613020896911621
2026-10-01T04:00,pressure_profile,ncep_gfs_global,71.6,70,61.3,0,0.01,193.57,69.6,33,39.2,0,0.02,2401.575,68.1,22,27.8,0,0.02,4796.588,49.0,9,-7.8,0,0.0,10167.323,40.0,6,-21.5,0,-0.01,14317.585,24.4,7,-30.7,0,-0.01,19104.33,1.1,7,-49.7,0,0.0,24727.812,-23.8,8,-66.2,0,-0.04,31607.19,America/Los_Angeles,34.03189,-118.47656,86.0,1.613020896911621
2026-10-01T05:00,pressure_profile,ncep_gfs_global,71.6,69,60.9,0,0.01,200.131,68.2,37,41.0,0,0.01,2404.856,67.4,17,21.1,0,0.02,4796.588,49.3,6,-17.0,0,-0.01,10160.762,40.0,6,-21.5,0,-0.02,14311.023,24.4,7,-30.7,0,0.0,19097.77,1.6,5,-54.0,0,0.0,24723.762,-23.8,8,-66.2,0,-0.04,31601.896,America/Los_Angeles,34.03189,-118.47656,86.0,1.613020896911621
2026-10-01T06:00,pressure_profile,ncep_gfs_global,70.9,71,61.0,0,0.01,219.816,65.9,48,45.6,0,0.01,2421.26,66.3,15,17.3,0,0.02,4806.431,49.5,6,-16.8,0,-0.02,10170.604,40.3,6,-21.3,0,-0.02,14324.147,24.0,7,-31.0,0,0.01,19114.174,1.6,3,-60.3,0,0.0,24735.914,-23.8,8,-66.2,0,-0.04,31607.19,America/Los_Angeles,34.03189,-118.47656,86.0,1.613020896911621
2026-10-01T07:00,pressure_profile,ncep_gfs_global,70.2,74,61.5,0,0.02,242.782,63.1,62,49.9,0,0.01,2437.664,65.2,14,14.8,0,0.02,4816.273,50.1,8,-9.6,0,-0.02,10180.446,41.0,6,-20.8,0,-0.02,14340.552,24.0,6,-35.0,0,0.01,19130.578,1.1,3,-60.7,0,0.01,24748.064,-24.7,8,-66.9,0,-0.03,31612.478,America/Los_Angeles,34.03189,-118.47656,86.0,1.613020896911621
2026-10-01T08:00,pressure_profile,ncep_gfs_global,69.8,74,61.1,0,0.02,262.467,61.3,73,52.6,0,0.01,2454.068,64.4,13,12.4,0,0.02,4826.116,50.6,9,-6.5,0,-0.02,10190.289,41.6,6,-20.3,0,-0.02,14353.675,23.6,6,-35.4,0,0.01,19146.982,0.5,3,-61.2,0,0.01,24760.214,-25.6,8,-67.6,0,-0.01,31617.772,America/Los_Angeles,34.03189,-118.47656,86.0,1.613020896911621
2026-10-01T09:00,pressure_profile,ncep_gfs_global,70.7,70,60.4,0,0.03,272.31,60.9,76,53.3,0,0.01,2467.192,63.9,12,10.3,0,0.01,4835.958,51.2,9,-6.1,0,-0.02,10200.131,41.9,6,-20.1,0,-0.02,14366.798,23.6,4,-40.4,0,0.01,19160.106,-0.1,3,-61.6,0,0.02,24772.368,-26.5,10,-65.0,0,0.0,31623.064,America/Los_Angeles,34.03189,-118.47656,86.0,1.613020896911621
2026-10-01T10:00,pressure_profile,ncep_gfs_global,72.1,65,59.7,0,0.03,278.871,61.5,76,53.9,0,0.02,2477.034,63.5,12,9.9,0,0.01,4842.52,51.7,8,-8.4,0,-0.02,10213.255,41.9,6,-20.1,0,-0.02,14383.202,24.0,3,-47.0,0,0.02,19176.51,-0.1,3,-61.6,0,0.04,24784.518,-27.4,14,-60.6,0,0.0,31623.064,America/Los_Angeles,34.03189,-118.47656,86.0,1.613020896911621
2026-10-01T11:00,pressure_profile,ncep_gfs_global,73.2,60,58.5,0,0.04,288.714,62.1,74,53.7,0,0.02,2490.158,63.5,12,9.9,0,0.0,4852.363,52.0,7,-11.3,0,-0.02,10223.098,41.9,5,-24.3,0,-0.02,14396.325,24.0,3,-47.0,0,0.02,19189.632,-0.6,3,-62.0,0,0.04,24796.67,-28.3,16,-59.3,0,0.0,31628.354,America/Los_Angeles,34.03189,-118.47656,86.0,1.613020896911621
2026-10-01T12:00,pressure_profile,ncep_gfs_global,73.8,57,57.6,0,0.04,275.591,62.9,70,53.0,0,0.01,2480.315,63.7,11,8.2,0,0.0,4845.801,52.3,7,-11.1,0,-0.01,10213.255,41.9,4,-29.7,0,-0.02,14389.764,24.0,3,-47.0,0,0.02,19183.07,-0.6,3,-62.0,0,0.04,24788.568,-28.3,16,-59.3,0,-0.01,31617.772,America/Los_Angeles,34.03189,-118.47656,86.0,1.613020896911621
2026-10-01T13:00,pressure_profile,ncep_gfs_global,74.1,55,56.9,0,0.04,265.748,63.9,65,51.9,0,0.0,2470.473,63.9,11,8.3,0,-0.01,4835.958,52.3,6,-14.8,0,-0.01,10206.693,42.3,3,-36.7,0,-0.01,14379.921,23.6,4,-40.4,0,0.02,19173.228,-0.6,3,-62.0,0,0.02,24784.518,-28.3,16,-59.3,0,-0.01,31612.478,America/Los_Angeles,34.03189,-118.47656,86.0,1.613020896911621
2026-10-01T14:00,pressure_profile,ncep_gfs_global,74.1,54,56.4,0,0.04,252.625,64.5,61,50.7,0,-0.01,2460.63,64.2,12,10.4,0,-0.01,4829.397,52.3,6,-14.8,0,0.0,10196.851,42.3,1,-48.5,0,-0.01,14373.359,23.6,4,-40.4,0,0.02,19166.666,-0.6,3,-62.0,0,0.01,24776.418,-28.3,14,-61.4,0,-0.03,31601.896,America/Los_Angeles,34.03189,-118.47656,86.0,1.613020896911621
2026-10-01T15:00,pressure_profile,ncep_gfs_global,73.8,55,56.6,0,0.03,249.344,64.5,61,50.7,0,-0.01,2457.349,63.7,16,16.6,0,-0.01,4826.116,52.5,4,-18.9,0,0.0,10190.289,42.3,1,-48.5,0,-0.01,14370.079,24.0,4,-40.1,0,0.01,19166.666,-0.6,3,-62.0,0,0.01,24776.418,-29.2,14,-62.1,0,-0.03,31601.896,America/Los_Angeles,34.03189,-118.47656,86.0,1.613020896911621
2026-10-01T16:00,pressure_profile,ncep_gfs_global,73.2,56,56.6,0,0.03,249.344,64.3,62,51.0,0,-0.01,2450.787,63.3,23,24.8,0,-0.01,4819.554,52.8,3,-24.2,0,-0.01,10187.008,42.6,1,-48.3,0,0.0,14366.798,24.0,6,-35.0,0,0.01,19163.386,-0.1,5,-55.2,0,0.01,24780.466,-30.1,12,-65.2,0,-0.01,31596.606,America/Los_Angeles,34.03189,-118.47656,86.0,1.613020896911621
2026-10-01T17:00,pressure_profile,ncep_gfs_global,72.3,59,57.2,0,0.02,246.063,64.1,63,51.2,0,-0.01,2447.507,62.6,29,29.9,0,-0.01,4816.273,53.1,2,-31.6,0,-0.01,10180.446,42.6,1,-48.3,0,0.0,14363.518,24.4,6,-34.7,0,0.0,19163.386,-0.1,7,-50.6,0,0.01,24780.466,-31.0,12,-66.0,0,-0.01,31596.606,America/Los_Angeles,34.03189,-118.47656,86.0,1.613020896911621
2026-10-01T18:00,pressure_profile,ncep_gfs_global,70.9,64,58.1,0,0.02,252.625,64.3,62,51.0,0,0.0,2450.787,62.2,36,34.9,0,-0.01,4819.554,53.6,2,-31.2,0,-0.01,10187.008,42.6,1,-48.3,0,0.0,14370.079,24.4,6,-34.7,0,-0.01,19169.948,-0.1,10,-43.9,0,-0.01,24784.518,-31.0,10,-68.7,0,-0.01,31601.896,America/Los_Angeles,34.03189,-118.47656,86.0,1.613020896911621
2026-10-01T19:00,pressure_profile,ncep_gfs_global,69.3,69,58.7,0,0.01,255.906,64.5,61,50.7,0,0.01,2454.068,61.8,42,38.4,0,0.0,4822.835,54.5,2,-30.6,0,-0.01,10193.569,42.3,1,-48.5,0,0.0,14376.641,24.4,6,-34.7,0,-0.01,19176.51,-0.6,15,-37.3,0,-0.04,24792.62,-31.0,10,-68.7,0,-0.03,31607.19,America/Los_Angeles,34.03189,-118.47656,86.0,1.613020896911621
2026-10-01T20:00,pressure_profile,ncep_gfs_global,68.2,73,59.2,0,0.01,262.467,64.5,61,50.7,0,0.01,2457.349,61.5,47,41.1,0,0.0,4826.116,55.0,2,-30.3,0,-0.01,10200.131,41.9,3,-36.9,0,0.0,14383.202,24.4,7,-30.7,0,-0.02,19183.07,-0.6,17,-35.5,0,-0.05,24796.67,-31.0,10,-68.7,0,-0.03,31612.478,America/Los_Angeles,34.03189,-118.47656,86.0,1.613020896911621
2026-10-01T21:00,pressure_profile,ncep_gfs_global,68.2,73,59.2,0,0.01,265.748,63.7,65,51.7,0,0.01,2460.63,61.3,48,41.5,0,0.0,4826.116,55.3,2,-30.1,0,-0.01,10203.412,41.6,8,-16.8,0,0.0,14383.202,24.0,9,-27.7,0,-0.03,19183.07,-0.1,17,-35.0,0,-0.05,24796.67,-31.0,14,-63.6,0,-0.01,31617.772,America/Los_Angeles,34.03189,-118.47656,86.0,1.613020896911621
2026-10-01T22:00,pressure_profile,ncep_gfs_global,68.9,71,59.1,0,0.01,269.029,62.5,71,53.0,0,0.0,2460.63,61.1,48,41.3,0,-0.01,4829.397,55.3,3,-22.5,0,-0.02,10206.693,41.6,15,-2.7,0,-0.01,14386.483,24.0,11,-22.3,0,-0.04,19179.792,-0.1,13,-38.9,0,-0.04,24800.718,-30.1,20,-57.4,0,0.01,31623.064,America/Los_Angeles,34.03189,-118.47656,86.0,1.613020896911621
2026-10-01T23:00,pressure_profile,ncep_gfs_global,69.3,70,59.1,0,0.01,272.31,61.5,75,53.5,0,-0.01,2463.911,60.9,47,40.5,0,-0.01,4829.397,55.0,3,-22.7,0,-0.02,10209.974,41.3,21,4.5,0,-0.01,14386.483,23.6,14,-18.3,0,-0.04,19179.792,0.5,12,-40.8,0,-0.02,24800.718,-30.1,24,-54.5,0,0.03,31628.354,America/Los_Angeles,34.03189,-118.47656,86.0,1.613020896911621
2026-09-22T00:00,pressure_profile,ecmwf_ifs,,,,,,,,,,,,,,,,,,,,,,,,,,,,,,,,,,,,,,,,,,,,,,,,,America/Los_Angeles,34.059753,-118.57501,86.0,0.09763240814208984
2026-09-22T01:00,pressure_profile,ecmwf_ifs,,,,,,,,,,,,,,,,,,,,,,,,,,,,,,,,,,,,,,,,,,,,,,,,,America/Los_Angeles,34.059753,-118.57501,86.0,0.09763240814208984
2026-09-22T02:00,pressure_profile,ecmwf_ifs,,,,,,,,,,,,,,,,,,,,,,,,,,,,,,,,,,,,,,,,,,,,,,,,,America/Los_Angeles,34.059753,-118.57501,86.0,0.09763240814208984
2026-09-22T03:00,pressure_profile,ecmwf_ifs,,,,,,,,,,,,,,,,,,,,,,,,,,,,,,,,,,,,,,,,,,,,,,,,,America/Los_Angeles,34.059753,-118.57501,86.0,0.09763240814208984
2026-09-22T04:00,pressure_profile,ecmwf_ifs,,,,,,,,,,,,,,,,,,,,,,,,,,,,,,,,,,,,,,,,,,,,,,,,,America/Los_Angeles,34.059753,-118.57501,86.0,0.09763240814208984
2026-09-22T05:00,pressure_profile,ecmwf_ifs,,,,,,,,,,,,,,,,,,,,,,,,,,,,,,,,,,,,,,,,,,,,,,,,,America/Los_Angeles,34.059753,-118.57501,86.0,0.09763240814208984
2026-09-22T06:00,pressure_profile,ecmwf_ifs,,,,,,,,,,,,,,,,,,,,,,,,,,,,,,,,,,,,,,,,,,,,,,,,,America/Los_Angeles,34.059753,-118.57501,86.0,0.09763240814208984
2026-09-22T07:00,pressure_profile,ecmwf_ifs,,,,,,,,,,,,,,,,,,,,,,,,,,,,,,,,,,,,,,,,,,,,,,,,,America/Los_Angeles,34.059753,-118.57501,86.0,0.09763240814208984
2026-09-22T08:00,pressure_profile,ecmwf_ifs,,,,,,,,,,,,,,,,,,,,,,,,,,,,,,,,,,,,,,,,,,,,,,,,,America/Los_Angeles,34.059753,-118.57501,86.0,0.09763240814208984
2026-09-22T09:00,pressure_profile,ecmwf_ifs,,,,,,,,,,,,,,,,,,,,,,,,,,,,,,,,,,,,,,,,,,,,,,,,,America/Los_Angeles,34.059753,-118.57501,86.0,0.09763240814208984
2026-09-22T10:00,pressure_profile,ecmwf_ifs,,,,,,,,,,,,,,,,,,,,,,,,,,,,,,,,,,,,,,,,,,,,,,,,,America/Los_Angeles,34.059753,-118.57501,86.0,0.09763240814208984
2026-09-22T11:00,pressure_profile,ecmwf_ifs,,,,,,,,,,,,,,,,,,,,,,,,,,,,,,,,,,,,,,,,,,,,,,,,,America/Los_Angeles,34.059753,-118.57501,86.0,0.09763240814208984
2026-09-22T12:00,pressure_profile,ecmwf_ifs,,,,,,,,,,,,,,,,,,,,,,,,,,,,,,,,,,,,,,,,,,,,,,,,,America/Los_Angeles,34.059753,-118.57501,86.0,0.09763240814208984
2026-09-22T13:00,pressure_profile,ecmwf_ifs,,,,,,,,,,,,,,,,,,,,,,,,,,,,,,,,,,,,,,,,,,,,,,,,,America/Los_Angeles,34.059753,-118.57501,86.0,0.09763240814208984
2026-09-22T14:00,pressure_profile,ecmwf_ifs,,,,,,,,,,,,,,,,,,,,,,,,,,,,,,,,,,,,,,,,,,,,,,,,,America/Los_Angeles,34.059753,-118.57501,86.0,0.09763240814208984
2026-09-22T15:00,pressure_profile,ecmwf_ifs,,,,,,,,,,,,,,,,,,,,,,,,,,,,,,,,,,,,,,,,,,,,,,,,,America/Los_Angeles,34.059753,-118.57501,86.0,0.09763240814208984
2026-09-22T16:00,pressure_profile,ecmwf_ifs,,,,,,,,,,,,,,,,,,,,,,,,,,,,,,,,,,,,,,,,,,,,,,,,,America/Los_Angeles,34.059753,-118.57501,86.0,0.09763240814208984
2026-09-22T17:00,pressure_profile,ecmwf_ifs,,,,,,,,,,,,,,,,,,,,,,,,,,,,,,,,,,,,,,,,,,,,,,,,,America/Los_Angeles,34.059753,-118.57501,86.0,0.09763240814208984
2026-09-22T18:00,pressure_profile,ecmwf_ifs,,,,,,,,,,,,,,,,,,,,,,,,,,,,,,,,,,,,,,,,,,,,,,,,,America/Los_Angeles,34.059753,-118.57501,86.0,0.09763240814208984
2026-09-22T19:00,pressure_profile,ecmwf_ifs,,,,,,,,,,,,,,,,,,,,,,,,,,,,,,,,,,,,,,,,,,,,,,,,,America/Los_Angeles,34.059753,-118.57501,86.0,0.09763240814208984
2026-09-22T20:00,pressure_profile,ecmwf_ifs,,,,,,,,,,,,,,,,,,,,,,,,,,,,,,,,,,,,,,,,,,,,,,,,,America/Los_Angeles,34.059753,-118.57501,86.0,0.09763240814208984
2026-09-22T21:00,pressure_profile,ecmwf_ifs,,,,,,,,,,,,,,,,,,,,,,,,,,,,,,,,,,,,,,,,,,,,,,,,,America/Los_Angeles,34.059753,-118.57501,86.0,0.09763240814208984
2026-09-22T22:00,pressure_profile,ecmwf_ifs,,,,,,,,,,,,,,,,,,,,,,,,,,,,,,,,,,,,,,,,,,,,,,,,,America/Los_Angeles,34.059753,-118.57501,86.0,0.09763240814208984
2026-09-22T23:00,pressure_profile,ecmwf_ifs,,,,,,,,,,,,,,,,,,,,,,,,,,,,,,,,,,,,,,,,,,,,,,,,,America/Los_Angeles,34.059753,-118.57501,86.0,0.09763240814208984
2026-09-23T00:00,pressure_profile,ecmwf_ifs,,,,,,,,,,,,,,,,,,,,,,,,,,,,,,,,,,,,,,,,,,,,,,,,,America/Los_Angeles,34.059753,-118.57501,86.0,0.09763240814208984
2026-09-23T01:00,pressure_profile,ecmwf_ifs,,,,,,,,,,,,,,,,,,,,,,,,,,,,,,,,,,,,,,,,,,,,,,,,,America/Los_Angeles,34.059753,-118.57501,86.0,0.09763240814208984
2026-09-23T02:00,pressure_profile,ecmwf_ifs,,,,,,,,,,,,,,,,,,,,,,,,,,,,,,,,,,,,,,,,,,,,,,,,,America/Los_Angeles,34.059753,-118.57501,86.0,0.09763240814208984
2026-09-23T03:00,pressure_profile,ecmwf_ifs,,,,,,,,,,,,,,,,,,,,,,,,,,,,,,,,,,,,,,,,,,,,,,,,,America/Los_Angeles,34.059753,-118.57501,86.0,0.09763240814208984
2026-09-23T04:00,pressure_profile,ecmwf_ifs,,,,,,,,,,,,,,,,,,,,,,,,,,,,,,,,,,,,,,,,,,,,,,,,,America/Los_Angeles,34.059753,-118.57501,86.0,0.09763240814208984
2026-09-23T05:00,pressure_profile,ecmwf_ifs,,,,,,,,,,,,,,,,,,,,,,,,,,,,,,,,,,,,,,,,,,,,,,,,,America/Los_Angeles,34.059753,-118.57501,86.0,0.09763240814208984
2026-09-23T06:00,pressure_profile,ecmwf_ifs,,,,,,,,,,,,,,,,,,,,,,,,,,,,,,,,,,,,,,,,,,,,,,,,,America/Los_Angeles,34.059753,-118.57501,86.0,0.09763240814208984
2026-09-23T07:00,pressure_profile,ecmwf_ifs,,,,,,,,,,,,,,,,,,,,,,,,,,,,,,,,,,,,,,,,,,,,,,,,,America/Los_Angeles,34.059753,-118.57501,86.0,0.09763240814208984
2026-09-23T08:00,pressure_profile,ecmwf_ifs,,,,,,,,,,,,,,,,,,,,,,,,,,,,,,,,,,,,,,,,,,,,,,,,,America/Los_Angeles,34.059753,-118.57501,86.0,0.09763240814208984
2026-09-23T09:00,pressure_profile,ecmwf_ifs,,,,,,,,,,,,,,,,,,,,,,,,,,,,,,,,,,,,,,,,,,,,,,,,,America/Los_Angeles,34.059753,-118.57501,86.0,0.09763240814208984
2026-09-23T10:00,pressure_profile,ecmwf_ifs,,,,,,,,,,,,,,,,,,,,,,,,,,,,,,,,,,,,,,,,,,,,,,,,,America/Los_Angeles,34.059753,-118.57501,86.0,0.09763240814208984
2026-09-23T11:00,pressure_profile,ecmwf_ifs,,,,,,,,,,,,,,,,,,,,,,,,,,,,,,,,,,,,,,,,,,,,,,,,,America/Los_Angeles,34.059753,-118.57501,86.0,0.09763240814208984
2026-09-23T12:00,pressure_profile,ecmwf_ifs,,,,,,,,,,,,,,,,,,,,,,,,,,,,,,,,,,,,,,,,,,,,,,,,,America/Los_Angeles,34.059753,-118.57501,86.0,0.09763240814208984
2026-09-23T13:00,pressure_profile,ecmwf_ifs,,,,,,,,,,,,,,,,,,,,,,,,,,,,,,,,,,,,,,,,,,,,,,,,,America/Los_Angeles,34.059753,-118.57501,86.0,0.09763240814208984
2026-09-23T14:00,pressure_profile,ecmwf_ifs,,,,,,,,,,,,,,,,,,,,,,,,,,,,,,,,,,,,,,,,,,,,,,,,,America/Los_Angeles,34.059753,-118.57501,86.0,0.09763240814208984
2026-09-23T15:00,pressure_profile,ecmwf_ifs,,,,,,,,,,,,,,,,,,,,,,,,,,,,,,,,,,,,,,,,,,,,,,,,,America/Los_Angeles,34.059753,-118.57501,86.0,0.09763240814208984
2026-09-23T16:00,pressure_profile,ecmwf_ifs,,,,,,,,,,,,,,,,,,,,,,,,,,,,,,,,,,,,,,,,,,,,,,,,,America/Los_Angeles,34.059753,-118.57501,86.0,0.09763240814208984
2026-09-23T17:00,pressure_profile,ecmwf_ifs,,,,,,,,,,,,,,,,,,,,,,,,,,,,,,,,,,,,,,,,,,,,,,,,,America/Los_Angeles,34.059753,-118.57501,86.0,0.09763240814208984
2026-09-23T18:00,pressure_profile,ecmwf_ifs,,,,,,,,,,,,,,,,,,,,,,,,,,,,,,,,,,,,,,,,,,,,,,,,,America/Los_Angeles,34.059753,-118.57501,86.0,0.09763240814208984
2026-09-23T19:00,pressure_profile,ecmwf_ifs,,,,,,,,,,,,,,,,,,,,,,,,,,,,,,,,,,,,,,,,,,,,,,,,,America/Los_Angeles,34.059753,-118.57501,86.0,0.09763240814208984
2026-09-23T20:00,pressure_profile,ecmwf_ifs,,,,,,,,,,,,,,,,,,,,,,,,,,,,,,,,,,,,,,,,,,,,,,,,,America/Los_Angeles,34.059753,-118.57501,86.0,0.09763240814208984
2026-09-23T21:00,pressure_profile,ecmwf_ifs,,,,,,,,,,,,,,,,,,,,,,,,,,,,,,,,,,,,,,,,,,,,,,,,,America/Los_Angeles,34.059753,-118.57501,86.0,0.09763240814208984
2026-09-23T22:00,pressure_profile,ecmwf_ifs,,,,,,,,,,,,,,,,,,,,,,,,,,,,,,,,,,,,,,,,,,,,,,,,,America/Los_Angeles,34.059753,-118.57501,86.0,0.09763240814208984
2026-09-23T23:00,pressure_profile,ecmwf_ifs,,,,,,,,,,,,,,,,,,,,,,,,,,,,,,,,,,,,,,,,,,,,,,,,,America/Los_Angeles,34.059753,-118.57501,86.0,0.09763240814208984
2026-09-24T00:00,pressure_profile,ecmwf_ifs,,,,,,,,,,,,,,,,,,,,,,,,,,,,,,,,,,,,,,,,,,,,,,,,,America/Los_Angeles,34.059753,-118.57501,86.0,0.09763240814208984
2026-09-24T01:00,pressure_profile,ecmwf_ifs,,,,,,,,,,,,,,,,,,,,,,,,,,,,,,,,,,,,,,,,,,,,,,,,,America/Los_Angeles,34.059753,-118.57501,86.0,0.09763240814208984
2026-09-24T02:00,pressure_profile,ecmwf_ifs,,,,,,,,,,,,,,,,,,,,,,,,,,,,,,,,,,,,,,,,,,,,,,,,,America/Los_Angeles,34.059753,-118.57501,86.0,0.09763240814208984
2026-09-24T03:00,pressure_profile,ecmwf_ifs,,,,,,,,,,,,,,,,,,,,,,,,,,,,,,,,,,,,,,,,,,,,,,,,,America/Los_Angeles,34.059753,-118.57501,86.0,0.09763240814208984
2026-09-24T04:00,pressure_profile,ecmwf_ifs,,,,,,,,,,,,,,,,,,,,,,,,,,,,,,,,,,,,,,,,,,,,,,,,,America/Los_Angeles,34.059753,-118.57501,86.0,0.09763240814208984
2026-09-24T05:00,pressure_profile,ecmwf_ifs,,,,,,,,,,,,,,,,,,,,,,,,,,,,,,,,,,,,,,,,,,,,,,,,,America/Los_Angeles,34.059753,-118.57501,86.0,0.09763240814208984
2026-09-24T06:00,pressure_profile,ecmwf_ifs,,,,,,,,,,,,,,,,,,,,,,,,,,,,,,,,,,,,,,,,,,,,,,,,,America/Los_Angeles,34.059753,-118.57501,86.0,0.09763240814208984
2026-09-24T07:00,pressure_profile,ecmwf_ifs,,,,,,,,,,,,,,,,,,,,,,,,,,,,,,,,,,,,,,,,,,,,,,,,,America/Los_Angeles,34.059753,-118.57501,86.0,0.09763240814208984
2026-09-24T08:00,pressure_profile,ecmwf_ifs,,,,,,,,,,,,,,,,,,,,,,,,,,,,,,,,,,,,,,,,,,,,,,,,,America/Los_Angeles,34.059753,-118.57501,86.0,0.09763240814208984
2026-09-24T09:00,pressure_profile,ecmwf_ifs,,,,,,,,,,,,,,,,,,,,,,,,,,,,,,,,,,,,,,,,,,,,,,,,,America/Los_Angeles,34.059753,-118.57501,86.0,0.09763240814208984
2026-09-24T10:00,pressure_profile,ecmwf_ifs,,,,,,,,,,,,,,,,,,,,,,,,,,,,,,,,,,,,,,,,,,,,,,,,,America/Los_Angeles,34.059753,-118.57501,86.0,0.09763240814208984
2026-09-24T11:00,pressure_profile,ecmwf_ifs,,,,,,,,,,,,,,,,,,,,,,,,,,,,,,,,,,,,,,,,,,,,,,,,,America/Los_Angeles,34.059753,-118.57501,86.0,0.09763240814208984
2026-09-24T12:00,pressure_profile,ecmwf_ifs,,,,,,,,,,,,,,,,,,,,,,,,,,,,,,,,,,,,,,,,,,,,,,,,,America/Los_Angeles,34.059753,-118.57501,86.0,0.09763240814208984
2026-09-24T13:00,pressure_profile,ecmwf_ifs,,,,,,,,,,,,,,,,,,,,,,,,,,,,,,,,,,,,,,,,,,,,,,,,,America/Los_Angeles,34.059753,-118.57501,86.0,0.09763240814208984
2026-09-24T14:00,pressure_profile,ecmwf_ifs,,,,,,,,,,,,,,,,,,,,,,,,,,,,,,,,,,,,,,,,,,,,,,,,,America/Los_Angeles,34.059753,-118.57501,86.0,0.09763240814208984
2026-09-24T15:00,pressure_profile,ecmwf_ifs,,,,,,,,,,,,,,,,,,,,,,,,,,,,,,,,,,,,,,,,,,,,,,,,,America/Los_Angeles,34.059753,-118.57501,86.0,0.09763240814208984
2026-09-24T16:00,pressure_profile,ecmwf_ifs,,,,,,,,,,,,,,,,,,,,,,,,,,,,,,,,,,,,,,,,,,,,,,,,,America/Los_Angeles,34.059753,-118.57501,86.0,0.09763240814208984
2026-09-24T17:00,pressure_profile,ecmwf_ifs,,,,,,,,,,,,,,,,,,,,,,,,,,,,,,,,,,,,,,,,,,,,,,,,,America/Los_Angeles,34.059753,-118.57501,86.0,0.09763240814208984
2026-09-24T18:00,pressure_profile,ecmwf_ifs,,,,,,,,,,,,,,,,,,,,,,,,,,,,,,,,,,,,,,,,,,,,,,,,,America/Los_Angeles,34.059753,-118.57501,86.0,0.09763240814208984
2026-09-24T19:00,pressure_profile,ecmwf_ifs,,,,,,,,,,,,,,,,,,,,,,,,,,,,,,,,,,,,,,,,,,,,,,,,,America/Los_Angeles,34.059753,-118.57501,86.0,0.09763240814208984
2026-09-24T20:00,pressure_profile,ecmwf_ifs,,,,,,,,,,,,,,,,,,,,,,,,,,,,,,,,,,,,,,,,,,,,,,,,,America/Los_Angeles,34.059753,-118.57501,86.0,0.09763240814208984
2026-09-24T21:00,pressure_profile,ecmwf_ifs,,,,,,,,,,,,,,,,,,,,,,,,,,,,,,,,,,,,,,,,,,,,,,,,,America/Los_Angeles,34.059753,-118.57501,86.0,0.09763240814208984
2026-09-24T22:00,pressure_profile,ecmwf_ifs,,,,,,,,,,,,,,,,,,,,,,,,,,,,,,,,,,,,,,,,,,,,,,,,,America/Los_Angeles,34.059753,-118.57501,86.0,0.09763240814208984
2026-09-24T23:00,pressure_profile,ecmwf_ifs,,,,,,,,,,,,,,,,,,,,,,,,,,,,,,,,,,,,,,,,,,,,,,,,,America/Los_Angeles,34.059753,-118.57501,86.0,0.09763240814208984
2026-09-25T00:00,pressure_profile,ecmwf_ifs,,,,,,,,,,,,,,,,,,,,,,,,,,,,,,,,,,,,,,,,,,,,,,,,,America/Los_Angeles,34.059753,-118.57501,86.0,0.09763240814208984
2026-09-25T01:00,pressure_profile,ecmwf_ifs,,,,,,,,,,,,,,,,,,,,,,,,,,,,,,,,,,,,,,,,,,,,,,,,,America/Los_Angeles,34.059753,-118.57501,86.0,0.09763240814208984
2026-09-25T02:00,pressure_profile,ecmwf_ifs,,,,,,,,,,,,,,,,,,,,,,,,,,,,,,,,,,,,,,,,,,,,,,,,,America/Los_Angeles,34.059753,-118.57501,86.0,0.09763240814208984
2026-09-25T03:00,pressure_profile,ecmwf_ifs,,,,,,,,,,,,,,,,,,,,,,,,,,,,,,,,,,,,,,,,,,,,,,,,,America/Los_Angeles,34.059753,-118.57501,86.0,0.09763240814208984
2026-09-25T04:00,pressure_profile,ecmwf_ifs,,,,,,,,,,,,,,,,,,,,,,,,,,,,,,,,,,,,,,,,,,,,,,,,,America/Los_Angeles,34.059753,-118.57501,86.0,0.09763240814208984
2026-09-25T05:00,pressure_profile,ecmwf_ifs,,,,,,,,,,,,,,,,,,,,,,,,,,,,,,,,,,,,,,,,,,,,,,,,,America/Los_Angeles,34.059753,-118.57501,86.0,0.09763240814208984
2026-09-25T06:00,pressure_profile,ecmwf_ifs,,,,,,,,,,,,,,,,,,,,,,,,,,,,,,,,,,,,,,,,,,,,,,,,,America/Los_Angeles,34.059753,-118.57501,86.0,0.09763240814208984
2026-09-25T07:00,pressure_profile,ecmwf_ifs,,,,,,,,,,,,,,,,,,,,,,,,,,,,,,,,,,,,,,,,,,,,,,,,,America/Los_Angeles,34.059753,-118.57501,86.0,0.09763240814208984
2026-09-25T08:00,pressure_profile,ecmwf_ifs,,,,,,,,,,,,,,,,,,,,,,,,,,,,,,,,,,,,,,,,,,,,,,,,,America/Los_Angeles,34.059753,-118.57501,86.0,0.09763240814208984
2026-09-25T09:00,pressure_profile,ecmwf_ifs,,,,,,,,,,,,,,,,,,,,,,,,,,,,,,,,,,,,,,,,,,,,,,,,,America/Los_Angeles,34.059753,-118.57501,86.0,0.09763240814208984
2026-09-25T10:00,pressure_profile,ecmwf_ifs,,,,,,,,,,,,,,,,,,,,,,,,,,,,,,,,,,,,,,,,,,,,,,,,,America/Los_Angeles,34.059753,-118.57501,86.0,0.09763240814208984
2026-09-25T11:00,pressure_profile,ecmwf_ifs,,,,,,,,,,,,,,,,,,,,,,,,,,,,,,,,,,,,,,,,,,,,,,,,,America/Los_Angeles,34.059753,-118.57501,86.0,0.09763240814208984
2026-09-25T12:00,pressure_profile,ecmwf_ifs,,,,,,,,,,,,,,,,,,,,,,,,,,,,,,,,,,,,,,,,,,,,,,,,,America/Los_Angeles,34.059753,-118.57501,86.0,0.09763240814208984
2026-09-25T13:00,pressure_profile,ecmwf_ifs,,,,,,,,,,,,,,,,,,,,,,,,,,,,,,,,,,,,,,,,,,,,,,,,,America/Los_Angeles,34.059753,-118.57501,86.0,0.09763240814208984
2026-09-25T14:00,pressure_profile,ecmwf_ifs,,,,,,,,,,,,,,,,,,,,,,,,,,,,,,,,,,,,,,,,,,,,,,,,,America/Los_Angeles,34.059753,-118.57501,86.0,0.09763240814208984
2026-09-25T15:00,pressure_profile,ecmwf_ifs,,,,,,,,,,,,,,,,,,,,,,,,,,,,,,,,,,,,,,,,,,,,,,,,,America/Los_Angeles,34.059753,-118.57501,86.0,0.09763240814208984
2026-09-25T16:00,pressure_profile,ecmwf_ifs,,,,,,,,,,,,,,,,,,,,,,,,,,,,,,,,,,,,,,,,,,,,,,,,,America/Los_Angeles,34.059753,-118.57501,86.0,0.09763240814208984
2026-09-25T17:00,pressure_profile,ecmwf_ifs,,,,,,,,,,,,,,,,,,,,,,,,,,,,,,,,,,,,,,,,,,,,,,,,,America/Los_Angeles,34.059753,-118.57501,86.0,0.09763240814208984
2026-09-25T18:00,pressure_profile,ecmwf_ifs,,,,,,,,,,,,,,,,,,,,,,,,,,,,,,,,,,,,,,,,,,,,,,,,,America/Los_Angeles,34.059753,-118.57501,86.0,0.09763240814208984
2026-09-25T19:00,pressure_profile,ecmwf_ifs,,,,,,,,,,,,,,,,,,,,,,,,,,,,,,,,,,,,,,,,,,,,,,,,,America/Los_Angeles,34.059753,-118.57501,86.0,0.09763240814208984
2026-09-25T20:00,pressure_profile,ecmwf_ifs,,,,,,,,,,,,,,,,,,,,,,,,,,,,,,,,,,,,,,,,,,,,,,,,,America/Los_Angeles,34.059753,-118.57501,86.0,0.09763240814208984
2026-09-25T21:00,pressure_profile,ecmwf_ifs,,,,,,,,,,,,,,,,,,,,,,,,,,,,,,,,,,,,,,,,,,,,,,,,,America/Los_Angeles,34.059753,-118.57501,86.0,0.09763240814208984
2026-09-25T22:00,pressure_profile,ecmwf_ifs,,,,,,,,,,,,,,,,,,,,,,,,,,,,,,,,,,,,,,,,,,,,,,,,,America/Los_Angeles,34.059753,-118.57501,86.0,0.09763240814208984
2026-09-25T23:00,pressure_profile,ecmwf_ifs,,,,,,,,,,,,,,,,,,,,,,,,,,,,,,,,,,,,,,,,,,,,,,,,,America/Los_Angeles,34.059753,-118.57501,86.0,0.09763240814208984
2026-09-26T00:00,pressure_profile,ecmwf_ifs,,,,,,,,,,,,,,,,,,,,,,,,,,,,,,,,,,,,,,,,,,,,,,,,,America/Los_Angeles,34.059753,-118.57501,86.0,0.09763240814208984
2026-09-26T01:00,pressure_profile,ecmwf_ifs,,,,,,,,,,,,,,,,,,,,,,,,,,,,,,,,,,,,,,,,,,,,,,,,,America/Los_Angeles,34.059753,-118.57501,86.0,0.09763240814208984
2026-09-26T02:00,pressure_profile,ecmwf_ifs,,,,,,,,,,,,,,,,,,,,,,,,,,,,,,,,,,,,,,,,,,,,,,,,,America/Los_Angeles,34.059753,-118.57501,86.0,0.09763240814208984
2026-09-26T03:00,pressure_profile,ecmwf_ifs,,,,,,,,,,,,,,,,,,,,,,,,,,,,,,,,,,,,,,,,,,,,,,,,,America/Los_Angeles,34.059753,-118.57501,86.0,0.09763240814208984
2026-09-26T04:00,pressure_profile,ecmwf_ifs,,,,,,,,,,,,,,,,,,,,,,,,,,,,,,,,,,,,,,,,,,,,,,,,,America/Los_Angeles,34.059753,-118.57501,86.0,0.09763240814208984
2026-09-26T05:00,pressure_profile,ecmwf_ifs,,,,,,,,,,,,,,,,,,,,,,,,,,,,,,,,,,,,,,,,,,,,,,,,,America/Los_Angeles,34.059753,-118.57501,86.0,0.09763240814208984
2026-09-26T06:00,pressure_profile,ecmwf_ifs,,,,,,,,,,,,,,,,,,,,,,,,,,,,,,,,,,,,,,,,,,,,,,,,,America/Los_Angeles,34.059753,-118.57501,86.0,0.09763240814208984
2026-09-26T07:00,pressure_profile,ecmwf_ifs,,,,,,,,,,,,,,,,,,,,,,,,,,,,,,,,,,,,,,,,,,,,,,,,,America/Los_Angeles,34.059753,-118.57501,86.0,0.09763240814208984
2026-09-26T08:00,pressure_profile,ecmwf_ifs,,,,,,,,,,,,,,,,,,,,,,,,,,,,,,,,,,,,,,,,,,,,,,,,,America/Los_Angeles,34.059753,-118.57501,86.0,0.09763240814208984
2026-09-26T09:00,pressure_profile,ecmwf_ifs,,,,,,,,,,,,,,,,,,,,,,,,,,,,,,,,,,,,,,,,,,,,,,,,,America/Los_Angeles,34.059753,-118.57501,86.0,0.09763240814208984
2026-09-26T10:00,pressure_profile,ecmwf_ifs,,,,,,,,,,,,,,,,,,,,,,,,,,,,,,,,,,,,,,,,,,,,,,,,,America/Los_Angeles,34.059753,-118.57501,86.0,0.09763240814208984
2026-09-26T11:00,pressure_profile,ecmwf_ifs,,,,,,,,,,,,,,,,,,,,,,,,,,,,,,,,,,,,,,,,,,,,,,,,,America/Los_Angeles,34.059753,-118.57501,86.0,0.09763240814208984
2026-09-26T12:00,pressure_profile,ecmwf_ifs,,,,,,,,,,,,,,,,,,,,,,,,,,,,,,,,,,,,,,,,,,,,,,,,,America/Los_Angeles,34.059753,-118.57501,86.0,0.09763240814208984
2026-09-26T13:00,pressure_profile,ecmwf_ifs,,,,,,,,,,,,,,,,,,,,,,,,,,,,,,,,,,,,,,,,,,,,,,,,,America/Los_Angeles,34.059753,-118.57501,86.0,0.09763240814208984
2026-09-26T14:00,pressure_profile,ecmwf_ifs,,,,,,,,,,,,,,,,,,,,,,,,,,,,,,,,,,,,,,,,,,,,,,,,,America/Los_Angeles,34.059753,-118.57501,86.0,0.09763240814208984
2026-09-26T15:00,pressure_profile,ecmwf_ifs,,,,,,,,,,,,,,,,,,,,,,,,,,,,,,,,,,,,,,,,,,,,,,,,,America/Los_Angeles,34.059753,-118.57501,86.0,0.09763240814208984
2026-09-26T16:00,pressure_profile,ecmwf_ifs,,,,,,,,,,,,,,,,,,,,,,,,,,,,,,,,,,,,,,,,,,,,,,,,,America/Los_Angeles,34.059753,-118.57501,86.0,0.09763240814208984
2026-09-26T17:00,pressure_profile,ecmwf_ifs,,,,,,,,,,,,,,,,,,,,,,,,,,,,,,,,,,,,,,,,,,,,,,,,,America/Los_Angeles,34.059753,-118.57501,86.0,0.09763240814208984
2026-09-26T18:00,pressure_profile,ecmwf_ifs,,,,,,,,,,,,,,,,,,,,,,,,,,,,,,,,,,,,,,,,,,,,,,,,,America/Los_Angeles,34.059753,-118.57501,86.0,0.09763240814208984
2026-09-26T19:00,pressure_profile,ecmwf_ifs,,,,,,,,,,,,,,,,,,,,,,,,,,,,,,,,,,,,,,,,,,,,,,,,,America/Los_Angeles,34.059753,-118.57501,86.0,0.09763240814208984
2026-09-26T20:00,pressure_profile,ecmwf_ifs,,,,,,,,,,,,,,,,,,,,,,,,,,,,,,,,,,,,,,,,,,,,,,,,,America/Los_Angeles,34.059753,-118.57501,86.0,0.09763240814208984
2026-09-26T21:00,pressure_profile,ecmwf_ifs,,,,,,,,,,,,,,,,,,,,,,,,,,,,,,,,,,,,,,,,,,,,,,,,,America/Los_Angeles,34.059753,-118.57501,86.0,0.09763240814208984
2026-09-26T22:00,pressure_profile,ecmwf_ifs,,,,,,,,,,,,,,,,,,,,,,,,,,,,,,,,,,,,,,,,,,,,,,,,,America/Los_Angeles,34.059753,-118.57501,86.0,0.09763240814208984
2026-09-26T23:00,pressure_profile,ecmwf_ifs,,,,,,,,,,,,,,,,,,,,,,,,,,,,,,,,,,,,,,,,,,,,,,,,,America/Los_Angeles,34.059753,-118.57501,86.0,0.09763240814208984
2026-09-27T00:00,pressure_profile,ecmwf_ifs,,,,,,,,,,,,,,,,,,,,,,,,,,,,,,,,,,,,,,,,,,,,,,,,,America/Los_Angeles,34.059753,-118.57501,86.0,0.09763240814208984
2026-09-27T01:00,pressure_profile,ecmwf_ifs,,,,,,,,,,,,,,,,,,,,,,,,,,,,,,,,,,,,,,,,,,,,,,,,,America/Los_Angeles,34.059753,-118.57501,86.0,0.09763240814208984
2026-09-27T02:00,pressure_profile,ecmwf_ifs,,,,,,,,,,,,,,,,,,,,,,,,,,,,,,,,,,,,,,,,,,,,,,,,,America/Los_Angeles,34.059753,-118.57501,86.0,0.09763240814208984
2026-09-27T03:00,pressure_profile,ecmwf_ifs,,,,,,,,,,,,,,,,,,,,,,,,,,,,,,,,,,,,,,,,,,,,,,,,,America/Los_Angeles,34.059753,-118.57501,86.0,0.09763240814208984
2026-09-27T04:00,pressure_profile,ecmwf_ifs,,,,,,,,,,,,,,,,,,,,,,,,,,,,,,,,,,,,,,,,,,,,,,,,,America/Los_Angeles,34.059753,-118.57501,86.0,0.09763240814208984
2026-09-27T05:00,pressure_profile,ecmwf_ifs,,,,,,,,,,,,,,,,,,,,,,,,,,,,,,,,,,,,,,,,,,,,,,,,,America/Los_Angeles,34.059753,-118.57501,86.0,0.09763240814208984
2026-09-27T06:00,pressure_profile,ecmwf_ifs,,,,,,,,,,,,,,,,,,,,,,,,,,,,,,,,,,,,,,,,,,,,,,,,,America/Los_Angeles,34.059753,-118.57501,86.0,0.09763240814208984
2026-09-27T07:00,pressure_profile,ecmwf_ifs,,,,,,,,,,,,,,,,,,,,,,,,,,,,,,,,,,,,,,,,,,,,,,,,,America/Los_Angeles,34.059753,-118.57501,86.0,0.09763240814208984
2026-09-27T08:00,pressure_profile,ecmwf_ifs,,,,,,,,,,,,,,,,,,,,,,,,,,,,,,,,,,,,,,,,,,,,,,,,,America/Los_Angeles,34.059753,-118.57501,86.0,0.09763240814208984
2026-09-27T09:00,pressure_profile,ecmwf_ifs,,,,,,,,,,,,,,,,,,,,,,,,,,,,,,,,,,,,,,,,,,,,,,,,,America/Los_Angeles,34.059753,-118.57501,86.0,0.09763240814208984
2026-09-27T10:00,pressure_profile,ecmwf_ifs,,,,,,,,,,,,,,,,,,,,,,,,,,,,,,,,,,,,,,,,,,,,,,,,,America/Los_Angeles,34.059753,-118.57501,86.0,0.09763240814208984
2026-09-27T11:00,pressure_profile,ecmwf_ifs,,,,,,,,,,,,,,,,,,,,,,,,,,,,,,,,,,,,,,,,,,,,,,,,,America/Los_Angeles,34.059753,-118.57501,86.0,0.09763240814208984
2026-09-27T12:00,pressure_profile,ecmwf_ifs,,,,,,,,,,,,,,,,,,,,,,,,,,,,,,,,,,,,,,,,,,,,,,,,,America/Los_Angeles,34.059753,-118.57501,86.0,0.09763240814208984
2026-09-27T13:00,pressure_profile,ecmwf_ifs,,,,,,,,,,,,,,,,,,,,,,,,,,,,,,,,,,,,,,,,,,,,,,,,,America/Los_Angeles,34.059753,-118.57501,86.0,0.09763240814208984
2026-09-27T14:00,pressure_profile,ecmwf_ifs,,,,,,,,,,,,,,,,,,,,,,,,,,,,,,,,,,,,,,,,,,,,,,,,,America/Los_Angeles,34.059753,-118.57501,86.0,0.09763240814208984
2026-09-27T15:00,pressure_profile,ecmwf_ifs,,,,,,,,,,,,,,,,,,,,,,,,,,,,,,,,,,,,,,,,,,,,,,,,,America/Los_Angeles,34.059753,-118.57501,86.0,0.09763240814208984
2026-09-27T16:00,pressure_profile,ecmwf_ifs,,,,,,,,,,,,,,,,,,,,,,,,,,,,,,,,,,,,,,,,,,,,,,,,,America/Los_Angeles,34.059753,-118.57501,86.0,0.09763240814208984
2026-09-27T17:00,pressure_profile,ecmwf_ifs,,,,,,,,,,,,,,,,,,,,,,,,,,,,,,,,,,,,,,,,,,,,,,,,,America/Los_Angeles,34.059753,-118.57501,86.0,0.09763240814208984
2026-09-27T18:00,pressure_profile,ecmwf_ifs,,,,,,,,,,,,,,,,,,,,,,,,,,,,,,,,,,,,,,,,,,,,,,,,,America/Los_Angeles,34.059753,-118.57501,86.0,0.09763240814208984
2026-09-27T19:00,pressure_profile,ecmwf_ifs,,,,,,,,,,,,,,,,,,,,,,,,,,,,,,,,,,,,,,,,,,,,,,,,,America/Los_Angeles,34.059753,-118.57501,86.0,0.09763240814208984
2026-09-27T20:00,pressure_profile,ecmwf_ifs,,,,,,,,,,,,,,,,,,,,,,,,,,,,,,,,,,,,,,,,,,,,,,,,,America/Los_Angeles,34.059753,-118.57501,86.0,0.09763240814208984
2026-09-27T21:00,pressure_profile,ecmwf_ifs,,,,,,,,,,,,,,,,,,,,,,,,,,,,,,,,,,,,,,,,,,,,,,,,,America/Los_Angeles,34.059753,-118.57501,86.0,0.09763240814208984
2026-09-27T22:00,pressure_profile,ecmwf_ifs,,,,,,,,,,,,,,,,,,,,,,,,,,,,,,,,,,,,,,,,,,,,,,,,,America/Los_Angeles,34.059753,-118.57501,86.0,0.09763240814208984
2026-09-27T23:00,pressure_profile,ecmwf_ifs,,,,,,,,,,,,,,,,,,,,,,,,,,,,,,,,,,,,,,,,,,,,,,,,,America/Los_Angeles,34.059753,-118.57501,86.0,0.09763240814208984
2026-09-28T00:00,pressure_profile,ecmwf_ifs,,,,,,,,,,,,,,,,,,,,,,,,,,,,,,,,,,,,,,,,,,,,,,,,,America/Los_Angeles,34.059753,-118.57501,86.0,0.09763240814208984
2026-09-28T01:00,pressure_profile,ecmwf_ifs,,,,,,,,,,,,,,,,,,,,,,,,,,,,,,,,,,,,,,,,,,,,,,,,,America/Los_Angeles,34.059753,-118.57501,86.0,0.09763240814208984
2026-09-28T02:00,pressure_profile,ecmwf_ifs,,,,,,,,,,,,,,,,,,,,,,,,,,,,,,,,,,,,,,,,,,,,,,,,,America/Los_Angeles,34.059753,-118.57501,86.0,0.09763240814208984
2026-09-28T03:00,pressure_profile,ecmwf_ifs,,,,,,,,,,,,,,,,,,,,,,,,,,,,,,,,,,,,,,,,,,,,,,,,,America/Los_Angeles,34.059753,-118.57501,86.0,0.09763240814208984
2026-09-28T04:00,pressure_profile,ecmwf_ifs,,,,,,,,,,,,,,,,,,,,,,,,,,,,,,,,,,,,,,,,,,,,,,,,,America/Los_Angeles,34.059753,-118.57501,86.0,0.09763240814208984
2026-09-28T05:00,pressure_profile,ecmwf_ifs,,,,,,,,,,,,,,,,,,,,,,,,,,,,,,,,,,,,,,,,,,,,,,,,,America/Los_Angeles,34.059753,-118.57501,86.0,0.09763240814208984
2026-09-28T06:00,pressure_profile,ecmwf_ifs,,,,,,,,,,,,,,,,,,,,,,,,,,,,,,,,,,,,,,,,,,,,,,,,,America/Los_Angeles,34.059753,-118.57501,86.0,0.09763240814208984
2026-09-28T07:00,pressure_profile,ecmwf_ifs,,,,,,,,,,,,,,,,,,,,,,,,,,,,,,,,,,,,,,,,,,,,,,,,,America/Los_Angeles,34.059753,-118.57501,86.0,0.09763240814208984
2026-09-28T08:00,pressure_profile,ecmwf_ifs,,,,,,,,,,,,,,,,,,,,,,,,,,,,,,,,,,,,,,,,,,,,,,,,,America/Los_Angeles,34.059753,-118.57501,86.0,0.09763240814208984
2026-09-28T09:00,pressure_profile,ecmwf_ifs,,,,,,,,,,,,,,,,,,,,,,,,,,,,,,,,,,,,,,,,,,,,,,,,,America/Los_Angeles,34.059753,-118.57501,86.0,0.09763240814208984
2026-09-28T10:00,pressure_profile,ecmwf_ifs,,,,,,,,,,,,,,,,,,,,,,,,,,,,,,,,,,,,,,,,,,,,,,,,,America/Los_Angeles,34.059753,-118.57501,86.0,0.09763240814208984
2026-09-28T11:00,pressure_profile,ecmwf_ifs,,,,,,,,,,,,,,,,,,,,,,,,,,,,,,,,,,,,,,,,,,,,,,,,,America/Los_Angeles,34.059753,-118.57501,86.0,0.09763240814208984
2026-09-28T12:00,pressure_profile,ecmwf_ifs,,,,,,,,,,,,,,,,,,,,,,,,,,,,,,,,,,,,,,,,,,,,,,,,,America/Los_Angeles,34.059753,-118.57501,86.0,0.09763240814208984
2026-09-28T13:00,pressure_profile,ecmwf_ifs,,,,,,,,,,,,,,,,,,,,,,,,,,,,,,,,,,,,,,,,,,,,,,,,,America/Los_Angeles,34.059753,-118.57501,86.0,0.09763240814208984
2026-09-28T14:00,pressure_profile,ecmwf_ifs,,,,,,,,,,,,,,,,,,,,,,,,,,,,,,,,,,,,,,,,,,,,,,,,,America/Los_Angeles,34.059753,-118.57501,86.0,0.09763240814208984
2026-09-28T15:00,pressure_profile,ecmwf_ifs,,,,,,,,,,,,,,,,,,,,,,,,,,,,,,,,,,,,,,,,,,,,,,,,,America/Los_Angeles,34.059753,-118.57501,86.0,0.09763240814208984
2026-09-28T16:00,pressure_profile,ecmwf_ifs,,,,,,,,,,,,,,,,,,,,,,,,,,,,,,,,,,,,,,,,,,,,,,,,,America/Los_Angeles,34.059753,-118.57501,86.0,0.09763240814208984
2026-09-28T17:00,pressure_profile,ecmwf_ifs,,,,,,,,,,,,,,,,,,,,,,,,,,,,,,,,,,,,,,,,,,,,,,,,,America/Los_Angeles,34.059753,-118.57501,86.0,0.09763240814208984
2026-09-28T18:00,pressure_profile,ecmwf_ifs,,,,,,,,,,,,,,,,,,,,,,,,,,,,,,,,,,,,,,,,,,,,,,,,,America/Los_Angeles,34.059753,-118.57501,86.0,0.09763240814208984
2026-09-28T19:00,pressure_profile,ecmwf_ifs,,,,,,,,,,,,,,,,,,,,,,,,,,,,,,,,,,,,,,,,,,,,,,,,,America/Los_Angeles,34.059753,-118.57501,86.0,0.09763240814208984
2026-09-28T20:00,pressure_profile,ecmwf_ifs,,,,,,,,,,,,,,,,,,,,,,,,,,,,,,,,,,,,,,,,,,,,,,,,,America/Los_Angeles,34.059753,-118.57501,86.0,0.09763240814208984
2026-09-28T21:00,pressure_profile,ecmwf_ifs,,,,,,,,,,,,,,,,,,,,,,,,,,,,,,,,,,,,,,,,,,,,,,,,,America/Los_Angeles,34.059753,-118.57501,86.0,0.09763240814208984
2026-09-28T22:00,pressure_profile,ecmwf_ifs,,,,,,,,,,,,,,,,,,,,,,,,,,,,,,,,,,,,,,,,,,,,,,,,,America/Los_Angeles,34.059753,-118.57501,86.0,0.09763240814208984
2026-09-28T23:00,pressure_profile,ecmwf_ifs,,,,,,,,,,,,,,,,,,,,,,,,,,,,,,,,,,,,,,,,,,,,,,,,,America/Los_Angeles,34.059753,-118.57501,86.0,0.09763240814208984
2026-09-29T00:00,pressure_profile,ecmwf_ifs,,,,,,,,,,,,,,,,,,,,,,,,,,,,,,,,,,,,,,,,,,,,,,,,,America/Los_Angeles,34.059753,-118.57501,86.0,0.09763240814208984
2026-09-29T01:00,pressure_profile,ecmwf_ifs,,,,,,,,,,,,,,,,,,,,,,,,,,,,,,,,,,,,,,,,,,,,,,,,,America/Los_Angeles,34.059753,-118.57501,86.0,0.09763240814208984
2026-09-29T02:00,pressure_profile,ecmwf_ifs,,,,,,,,,,,,,,,,,,,,,,,,,,,,,,,,,,,,,,,,,,,,,,,,,America/Los_Angeles,34.059753,-118.57501,86.0,0.09763240814208984
2026-09-29T03:00,pressure_profile,ecmwf_ifs,,,,,,,,,,,,,,,,,,,,,,,,,,,,,,,,,,,,,,,,,,,,,,,,,America/Los_Angeles,34.059753,-118.57501,86.0,0.09763240814208984
2026-09-29T04:00,pressure_profile,ecmwf_ifs,,,,,,,,,,,,,,,,,,,,,,,,,,,,,,,,,,,,,,,,,,,,,,,,,America/Los_Angeles,34.059753,-118.57501,86.0,0.09763240814208984
2026-09-29T05:00,pressure_profile,ecmwf_ifs,,,,,,,,,,,,,,,,,,,,,,,,,,,,,,,,,,,,,,,,,,,,,,,,,America/Los_Angeles,34.059753,-118.57501,86.0,0.09763240814208984
2026-09-29T06:00,pressure_profile,ecmwf_ifs,,,,,,,,,,,,,,,,,,,,,,,,,,,,,,,,,,,,,,,,,,,,,,,,,America/Los_Angeles,34.059753,-118.57501,86.0,0.09763240814208984
2026-09-29T07:00,pressure_profile,ecmwf_ifs,,,,,,,,,,,,,,,,,,,,,,,,,,,,,,,,,,,,,,,,,,,,,,,,,America/Los_Angeles,34.059753,-118.57501,86.0,0.09763240814208984
2026-09-29T08:00,pressure_profile,ecmwf_ifs,,,,,,,,,,,,,,,,,,,,,,,,,,,,,,,,,,,,,,,,,,,,,,,,,America/Los_Angeles,34.059753,-118.57501,86.0,0.09763240814208984
2026-09-29T09:00,pressure_profile,ecmwf_ifs,,,,,,,,,,,,,,,,,,,,,,,,,,,,,,,,,,,,,,,,,,,,,,,,,America/Los_Angeles,34.059753,-118.57501,86.0,0.09763240814208984
2026-09-29T10:00,pressure_profile,ecmwf_ifs,,,,,,,,,,,,,,,,,,,,,,,,,,,,,,,,,,,,,,,,,,,,,,,,,America/Los_Angeles,34.059753,-118.57501,86.0,0.09763240814208984
2026-09-29T11:00,pressure_profile,ecmwf_ifs,,,,,,,,,,,,,,,,,,,,,,,,,,,,,,,,,,,,,,,,,,,,,,,,,America/Los_Angeles,34.059753,-118.57501,86.0,0.09763240814208984
2026-09-29T12:00,pressure_profile,ecmwf_ifs,,,,,,,,,,,,,,,,,,,,,,,,,,,,,,,,,,,,,,,,,,,,,,,,,America/Los_Angeles,34.059753,-118.57501,86.0,0.09763240814208984
2026-09-29T13:00,pressure_profile,ecmwf_ifs,,,,,,,,,,,,,,,,,,,,,,,,,,,,,,,,,,,,,,,,,,,,,,,,,America/Los_Angeles,34.059753,-118.57501,86.0,0.09763240814208984
2026-09-29T14:00,pressure_profile,ecmwf_ifs,,,,,,,,,,,,,,,,,,,,,,,,,,,,,,,,,,,,,,,,,,,,,,,,,America/Los_Angeles,34.059753,-118.57501,86.0,0.09763240814208984
2026-09-29T15:00,pressure_profile,ecmwf_ifs,,,,,,,,,,,,,,,,,,,,,,,,,,,,,,,,,,,,,,,,,,,,,,,,,America/Los_Angeles,34.059753,-118.57501,86.0,0.09763240814208984
2026-09-29T16:00,pressure_profile,ecmwf_ifs,,,,,,,,,,,,,,,,,,,,,,,,,,,,,,,,,,,,,,,,,,,,,,,,,America/Los_Angeles,34.059753,-118.57501,86.0,0.09763240814208984
2026-09-29T17:00,pressure_profile,ecmwf_ifs,,,,,,,,,,,,,,,,,,,,,,,,,,,,,,,,,,,,,,,,,,,,,,,,,America/Los_Angeles,34.059753,-118.57501,86.0,0.09763240814208984
2026-09-29T18:00,pressure_profile,ecmwf_ifs,,,,,,,,,,,,,,,,,,,,,,,,,,,,,,,,,,,,,,,,,,,,,,,,,America/Los_Angeles,34.059753,-118.57501,86.0,0.09763240814208984
2026-09-29T19:00,pressure_profile,ecmwf_ifs,,,,,,,,,,,,,,,,,,,,,,,,,,,,,,,,,,,,,,,,,,,,,,,,,America/Los_Angeles,34.059753,-118.57501,86.0,0.09763240814208984
2026-09-29T20:00,pressure_profile,ecmwf_ifs,,,,,,,,,,,,,,,,,,,,,,,,,,,,,,,,,,,,,,,,,,,,,,,,,America/Los_Angeles,34.059753,-118.57501,86.0,0.09763240814208984
2026-09-29T21:00,pressure_profile,ecmwf_ifs,,,,,,,,,,,,,,,,,,,,,,,,,,,,,,,,,,,,,,,,,,,,,,,,,America/Los_Angeles,34.059753,-118.57501,86.0,0.09763240814208984
2026-09-29T22:00,pressure_profile,ecmwf_ifs,,,,,,,,,,,,,,,,,,,,,,,,,,,,,,,,,,,,,,,,,,,,,,,,,America/Los_Angeles,34.059753,-118.57501,86.0,0.09763240814208984
2026-09-29T23:00,pressure_profile,ecmwf_ifs,,,,,,,,,,,,,,,,,,,,,,,,,,,,,,,,,,,,,,,,,,,,,,,,,America/Los_Angeles,34.059753,-118.57501,86.0,0.09763240814208984
2026-09-30T00:00,pressure_profile,ecmwf_ifs,,,,,,,,,,,,,,,,,,,,,,,,,,,,,,,,,,,,,,,,,,,,,,,,,America/Los_Angeles,34.059753,-118.57501,86.0,0.09763240814208984
2026-09-30T01:00,pressure_profile,ecmwf_ifs,,,,,,,,,,,,,,,,,,,,,,,,,,,,,,,,,,,,,,,,,,,,,,,,,America/Los_Angeles,34.059753,-118.57501,86.0,0.09763240814208984
2026-09-30T02:00,pressure_profile,ecmwf_ifs,,,,,,,,,,,,,,,,,,,,,,,,,,,,,,,,,,,,,,,,,,,,,,,,,America/Los_Angeles,34.059753,-118.57501,86.0,0.09763240814208984
2026-09-30T03:00,pressure_profile,ecmwf_ifs,,,,,,,,,,,,,,,,,,,,,,,,,,,,,,,,,,,,,,,,,,,,,,,,,America/Los_Angeles,34.059753,-118.57501,86.0,0.09763240814208984
2026-09-30T04:00,pressure_profile,ecmwf_ifs,,,,,,,,,,,,,,,,,,,,,,,,,,,,,,,,,,,,,,,,,,,,,,,,,America/Los_Angeles,34.059753,-118.57501,86.0,0.09763240814208984
2026-09-30T05:00,pressure_profile,ecmwf_ifs,,,,,,,,,,,,,,,,,,,,,,,,,,,,,,,,,,,,,,,,,,,,,,,,,America/Los_Angeles,34.059753,-118.57501,86.0,0.09763240814208984
2026-09-30T06:00,pressure_profile,ecmwf_ifs,,,,,,,,,,,,,,,,,,,,,,,,,,,,,,,,,,,,,,,,,,,,,,,,,America/Los_Angeles,34.059753,-118.57501,86.0,0.09763240814208984
2026-09-30T07:00,pressure_profile,ecmwf_ifs,,,,,,,,,,,,,,,,,,,,,,,,,,,,,,,,,,,,,,,,,,,,,,,,,America/Los_Angeles,34.059753,-118.57501,86.0,0.09763240814208984
2026-09-30T08:00,pressure_profile,ecmwf_ifs,,,,,,,,,,,,,,,,,,,,,,,,,,,,,,,,,,,,,,,,,,,,,,,,,America/Los_Angeles,34.059753,-118.57501,86.0,0.09763240814208984
2026-09-30T09:00,pressure_profile,ecmwf_ifs,,,,,,,,,,,,,,,,,,,,,,,,,,,,,,,,,,,,,,,,,,,,,,,,,America/Los_Angeles,34.059753,-118.57501,86.0,0.09763240814208984
2026-09-30T10:00,pressure_profile,ecmwf_ifs,,,,,,,,,,,,,,,,,,,,,,,,,,,,,,,,,,,,,,,,,,,,,,,,,America/Los_Angeles,34.059753,-118.57501,86.0,0.09763240814208984
2026-09-30T11:00,pressure_profile,ecmwf_ifs,,,,,,,,,,,,,,,,,,,,,,,,,,,,,,,,,,,,,,,,,,,,,,,,,America/Los_Angeles,34.059753,-118.57501,86.0,0.09763240814208984
2026-09-30T12:00,pressure_profile,ecmwf_ifs,,,,,,,,,,,,,,,,,,,,,,,,,,,,,,,,,,,,,,,,,,,,,,,,,America/Los_Angeles,34.059753,-118.57501,86.0,0.09763240814208984
2026-09-30T13:00,pressure_profile,ecmwf_ifs,,,,,,,,,,,,,,,,,,,,,,,,,,,,,,,,,,,,,,,,,,,,,,,,,America/Los_Angeles,34.059753,-118.57501,86.0,0.09763240814208984
2026-09-30T14:00,pressure_profile,ecmwf_ifs,,,,,,,,,,,,,,,,,,,,,,,,,,,,,,,,,,,,,,,,,,,,,,,,,America/Los_Angeles,34.059753,-118.57501,86.0,0.09763240814208984
2026-09-30T15:00,pressure_profile,ecmwf_ifs,,,,,,,,,,,,,,,,,,,,,,,,,,,,,,,,,,,,,,,,,,,,,,,,,America/Los_Angeles,34.059753,-118.57501,86.0,0.09763240814208984
2026-09-30T16:00,pressure_profile,ecmwf_ifs,,,,,,,,,,,,,,,,,,,,,,,,,,,,,,,,,,,,,,,,,,,,,,,,,America/Los_Angeles,34.059753,-118.57501,86.0,0.09763240814208984
2026-09-30T17:00,pressure_profile,ecmwf_ifs,,,,,,,,,,,,,,,,,,,,,,,,,,,,,,,,,,,,,,,,,,,,,,,,,America/Los_Angeles,34.059753,-118.57501,86.0,0.09763240814208984
2026-09-30T18:00,pressure_profile,ecmwf_ifs,,,,,,,,,,,,,,,,,,,,,,,,,,,,,,,,,,,,,,,,,,,,,,,,,America/Los_Angeles,34.059753,-118.57501,86.0,0.09763240814208984
2026-09-30T19:00,pressure_profile,ecmwf_ifs,,,,,,,,,,,,,,,,,,,,,,,,,,,,,,,,,,,,,,,,,,,,,,,,,America/Los_Angeles,34.059753,-118.57501,86.0,0.09763240814208984
2026-09-30T20:00,pressure_profile,ecmwf_ifs,,,,,,,,,,,,,,,,,,,,,,,,,,,,,,,,,,,,,,,,,,,,,,,,,America/Los_Angeles,34.059753,-118.57501,86.0,0.09763240814208984
2026-09-30T21:00,pressure_profile,ecmwf_ifs,,,,,,,,,,,,,,,,,,,,,,,,,,,,,,,,,,,,,,,,,,,,,,,,,America/Los_Angeles,34.059753,-118.57501,86.0,0.09763240814208984
2026-09-30T22:00,pressure_profile,ecmwf_ifs,,,,,,,,,,,,,,,,,,,,,,,,,,,,,,,,,,,,,,,,,,,,,,,,,America/Los_Angeles,34.059753,-118.57501,86.0,0.09763240814208984
2026-09-30T23:00,pressure_profile,ecmwf_ifs,,,,,,,,,,,,,,,,,,,,,,,,,,,,,,,,,,,,,,,,,,,,,,,,,America/Los_Angeles,34.059753,-118.57501,86.0,0.09763240814208984
2026-10-01T00:00,pressure_profile,ecmwf_ifs,,,,,,,,,,,,,,,,,,,,,,,,,,,,,,,,,,,,,,,,,,,,,,,,,America/Los_Angeles,34.059753,-118.57501,86.0,0.09763240814208984
2026-10-01T01:00,pressure_profile,ecmwf_ifs,,,,,,,,,,,,,,,,,,,,,,,,,,,,,,,,,,,,,,,,,,,,,,,,,America/Los_Angeles,34.059753,-118.57501,86.0,0.09763240814208984
2026-10-01T02:00,pressure_profile,ecmwf_ifs,,,,,,,,,,,,,,,,,,,,,,,,,,,,,,,,,,,,,,,,,,,,,,,,,America/Los_Angeles,34.059753,-118.57501,86.0,0.09763240814208984
2026-10-01T03:00,pressure_profile,ecmwf_ifs,,,,,,,,,,,,,,,,,,,,,,,,,,,,,,,,,,,,,,,,,,,,,,,,,America/Los_Angeles,34.059753,-118.57501,86.0,0.09763240814208984
2026-10-01T04:00,pressure_profile,ecmwf_ifs,,,,,,,,,,,,,,,,,,,,,,,,,,,,,,,,,,,,,,,,,,,,,,,,,America/Los_Angeles,34.059753,-118.57501,86.0,0.09763240814208984
2026-10-01T05:00,pressure_profile,ecmwf_ifs,,,,,,,,,,,,,,,,,,,,,,,,,,,,,,,,,,,,,,,,,,,,,,,,,America/Los_Angeles,34.059753,-118.57501,86.0,0.09763240814208984
2026-10-01T06:00,pressure_profile,ecmwf_ifs,,,,,,,,,,,,,,,,,,,,,,,,,,,,,,,,,,,,,,,,,,,,,,,,,America/Los_Angeles,34.059753,-118.57501,86.0,0.09763240814208984
2026-10-01T07:00,pressure_profile,ecmwf_ifs,,,,,,,,,,,,,,,,,,,,,,,,,,,,,,,,,,,,,,,,,,,,,,,,,America/Los_Angeles,34.059753,-118.57501,86.0,0.09763240814208984
2026-10-01T08:00,pressure_profile,ecmwf_ifs,,,,,,,,,,,,,,,,,,,,,,,,,,,,,,,,,,,,,,,,,,,,,,,,,America/Los_Angeles,34.059753,-118.57501,86.0,0.09763240814208984
2026-10-01T09:00,pressure_profile,ecmwf_ifs,,,,,,,,,,,,,,,,,,,,,,,,,,,,,,,,,,,,,,,,,,,,,,,,,America/Los_Angeles,34.059753,-118.57501,86.0,0.09763240814208984
2026-10-01T10:00,pressure_profile,ecmwf_ifs,,,,,,,,,,,,,,,,,,,,,,,,,,,,,,,,,,,,,,,,,,,,,,,,,America/Los_Angeles,34.059753,-118.57501,86.0,0.09763240814208984
2026-10-01T11:00,pressure_profile,ecmwf_ifs,,,,,,,,,,,,,,,,,,,,,,,,,,,,,,,,,,,,,,,,,,,,,,,,,America/Los_Angeles,34.059753,-118.57501,86.0,0.09763240814208984
2026-10-01T12:00,pressure_profile,ecmwf_ifs,,,,,,,,,,,,,,,,,,,,,,,,,,,,,,,,,,,,,,,,,,,,,,,,,America/Los_Angeles,34.059753,-118.57501,86.0,0.09763240814208984
2026-10-01T13:00,pressure_profile,ecmwf_ifs,,,,,,,,,,,,,,,,,,,,,,,,,,,,,,,,,,,,,,,,,,,,,,,,,America/Los_Angeles,34.059753,-118.57501,86.0,0.09763240814208984
2026-10-01T14:00,pressure_profile,ecmwf_ifs,,,,,,,,,,,,,,,,,,,,,,,,,,,,,,,,,,,,,,,,,,,,,,,,,America/Los_Angeles,34.059753,-118.57501,86.0,0.09763240814208984
2026-10-01T15:00,pressure_profile,ecmwf_ifs,,,,,,,,,,,,,,,,,,,,,,,,,,,,,,,,,,,,,,,,,,,,,,,,,America/Los_Angeles,34.059753,-118.57501,86.0,0.09763240814208984
2026-10-01T16:00,pressure_profile,ecmwf_ifs,,,,,,,,,,,,,,,,,,,,,,,,,,,,,,,,,,,,,,,,,,,,,,,,,America/Los_Angeles,34.059753,-118.57501,86.0,0.09763240814208984
2026-10-01T17:00,pressure_profile,ecmwf_ifs,,,,,,,,,,,,,,,,,,,,,,,,,,,,,,,,,,,,,,,,,,,,,,,,,America/Los_Angeles,34.059753,-118.57501,86.0,0.09763240814208984
2026-10-01T18:00,pressure_profile,ecmwf_ifs,,,,,,,,,,,,,,,,,,,,,,,,,,,,,,,,,,,,,,,,,,,,,,,,,America/Los_Angeles,34.059753,-118.57501,86.0,0.09763240814208984
2026-10-01T19:00,pressure_profile,ecmwf_ifs,,,,,,,,,,,,,,,,,,,,,,,,,,,,,,,,,,,,,,,,,,,,,,,,,America/Los_Angeles,34.059753,-118.57501,86.0,0.09763240814208984
2026-10-01T20:00,pressure_profile,ecmwf_ifs,,,,,,,,,,,,,,,,,,,,,,,,,,,,,,,,,,,,,,,,,,,,,,,,,America/Los_Angeles,34.059753,-118.57501,86.0,0.09763240814208984
2026-10-01T21:00,pressure_profile,ecmwf_ifs,,,,,,,,,,,,,,,,,,,,,,,,,,,,,,,,,,,,,,,,,,,,,,,,,America/Los_Angeles,34.059753,-118.57501,86.0,0.09763240814208984
2026-10-01T22:00,pressure_profile,ecmwf_ifs,,,,,,,,,,,,,,,,,,,,,,,,,,,,,,,,,,,,,,,,,,,,,,,,,America/Los_Angeles,34.059753,-118.57501,86.0,0.09763240814208984
2026-10-01T23:00,pressure_profile,ecmwf_ifs,,,,,,,,,,,,,,,,,,,,,,,,,,,,,,,,,,,,,,,,,,,,,,,,,America/Los_Angeles,34.059753,-118.57501,86.0,0.09763240814208984
2026-09-22T00:00,pressure_profile,cmc_gem_seamless,64.2,80.0,57.9,0.0,,370.735,60.0,87.0,56.1,13.0,,2559.055,59.8,54.0,43.1,0.0,,4914.698,44.3,33.0,17.2,0.0,,10239.501,28.4,28.0,-1.0,0.0,,14317.585,13.5,9.0,-35.8,0.0,,18996.062,-4.7,18.0,-37.1,0.0,,24529.34,-32.8,4.0,-83.0,0.0,,31289.688,America/Los_Angeles,34.066547,-118.52405,86.0,96.29034996032715
2026-09-22T01:00,pressure_profile,cmc_gem_seamless,63.5,82.0,57.9,0.0,,364.173,59.6,88.0,56.0,16.0,,2552.494,60.0,51.0,41.8,0.0,,4908.137,44.6,29.0,14.2,0.0,,10232.939,28.4,26.0,-2.0,0.0,,14314.305,13.9,7.0,-38.7,0.0,,18996.062,-4.7,18.0,-37.1,0.0,,24533.392,-32.8,4.0,-83.0,0.0,,31289.688,America/Los_Angeles,34.066547,-118.52405,86.0,96.29034996032715
2026-09-22T02:00,pressure_profile,cmc_gem_seamless,63.1,83.0,57.9,0.0,,357.612,59.4,90.0,56.4,24.0,,2542.651,59.8,52.0,42.1,0.0,,4895.013,45.1,21.0,7.6,0.0,,10223.098,28.7,24.0,-3.8,0.0,,14304.462,13.9,7.0,-38.7,0.0,,18992.784,-5.2,20.0,-36.1,0.0,,24525.292,-33.7,4.0,-83.6,0.0,,31273.812,America/Los_Angeles,34.066547,-118.52405,86.0,96.29034996032715
2026-09-22T03:00,pressure_profile,cmc_gem_seamless,62.8,82.0,57.2,0.0,,351.05,59.0,90.0,56.0,24.0,,2532.808,59.2,56.0,43.5,0.0,,4881.89,45.4,18.0,4.1,0.0,,10213.255,28.7,23.0,-5.0,0.0,,14294.619,14.8,7.0,-38.1,0.0,,18982.94,-5.8,23.0,-33.8,0.0,,24513.14,-33.7,4.0,-83.6,0.0,,31257.936,America/Los_Angeles,34.066547,-118.52405,86.0,96.29034996032715
2026-09-22T04:00,pressure_profile,cmc_gem_seamless,62.4,83.0,57.2,0.0,,347.769,59.0,91.0,56.3,27.0,,2529.528,58.7,59.0,44.4,0.0,,4878.609,44.9,19.0,4.9,0.0,,10203.412,29.0,20.0,-7.1,0.0,,14288.058,14.8,7.0,-38.1,0.0,,18979.658,-6.4,25.0,-33.1,0.0,,24509.088,-34.6,4.0,-84.3,0.0,,31242.064,America/Los_Angeles,34.066547,-118.52405,86.0,96.29034996032715
2026-09-22T05:00,pressure_profile,cmc_gem_seamless,64.9,83.0,59.7,0.0,,364.173,57.4,100.0,57.4,100.0,,2545.932,57.4,66.0,46.2,0.0,,4891.733,44.6,21.0,7.1,0.0,,10216.535,29.3,19.0,-8.2,0.0,,14301.182,14.4,9.0,-35.2,0.0,,18989.502,-6.4,25.0,-33.1,0.0,,24513.14,-35.5,4.0,-85.0,0.0,,31236.772,America/Los_Angeles,34.066547,-118.52405,86.0,96.29034996032715
2026-09-22T06:00,pressure_profile,cmc_gem_seamless,63.1,84.0,58.2,0.0,,357.612,58.6,92.0,56.3,32.0,,2539.37,58.5,57.0,43.3,0.0,,4888.452,44.6,22.0,8.3,0.0,,10219.816,29.7,14.0,-14.1,0.0,,14304.462,14.4,7.0,-38.4,0.0,,18996.062,-6.9,23.0,-34.8,0.0,,24517.19,-35.5,6.0,-79.5,0.0,,31231.478,America/Los_Angeles,34.066547,-118.52405,86.0,96.29034996032715
2026-09-22T07:00,pressure_profile,cmc_gem_seamless,63.1,84.0,58.2,0.0,,370.735,58.4,93.0,56.4,36.0,,2549.213,58.9,55.0,42.8,0.0,,4901.575,44.3,30.0,14.8,0.0,,10236.221,30.0,15.0,-12.1,0.0,,14320.866,14.4,7.0,-38.4,0.0,,19012.466,-7.5,18.0,-39.6,0.0,,24529.34,-35.5,4.0,-85.0,0.0,,31236.772,America/Los_Angeles,34.066547,-118.52405,86.0,96.29034996032715
2026-09-22T08:00,pressure_profile,cmc_gem_seamless,64.0,86.0,59.8,0.0,,377.297,58.0,94.0,56.3,41.0,,2559.055,60.2,48.0,40.5,0.0,,4911.418,44.3,31.0,15.6,0.0,,10246.063,30.0,24.0,-2.7,0.0,,14330.709,13.9,7.0,-38.7,0.0,,19022.31,-7.5,15.0,-43.0,0.0,,24537.442,-36.4,4.0,-85.7,0.0,,31247.354,America/Los_Angeles,34.066547,-118.52405,86.0,96.29034996032715
2026-09-22T09:00,pressure_profile,cmc_gem_seamless,66.4,82.0,60.7,0.0,,377.297,58.4,93.0,56.4,36.0,,2562.336,61.3,45.0,39.8,0.0,,4917.979,44.3,32.0,16.5,0.0,,10255.905,30.0,26.0,-0.6,0.0,,14340.552,14.4,7.0,-38.4,0.0,,19035.434,-7.5,15.0,-43.0,0.0,,24549.594,-37.3,4.0,-86.3,0.0,,31252.646,America/Los_Angeles,34.066547,-118.52405,86.0,96.29034996032715
2026-09-22T10:00,pressure_profile,cmc_gem_seamless,68.4,76.0,60.5,0.0,,367.454,59.0,92.0,56.7,32.0,,2562.336,62.6,45.0,41.0,0.0,,4924.541,44.3,32.0,16.5,0.0,,10265.748,30.7,25.0,-1.0,0.0,,14353.675,14.8,9.0,-34.8,0.0,,19051.838,-7.5,15.0,-43.0,0.0,,24565.794,-38.2,12.0,-71.9,0.0,,31268.522,America/Los_Angeles,34.066547,-118.52405,86.0,96.29034996032715
2026-09-22T11:00,pressure_profile,cmc_gem_seamless,69.8,69.0,59.2,0.0,,351.05,62.3,80.0,56.1,0.0,,2559.055,64.4,40.0,39.5,0.0,,4927.822,44.6,31.0,15.9,0.0,,10275.591,31.3,23.0,-2.7,0.0,,14366.798,14.8,10.0,-32.1,0.0,,19068.242,-7.5,15.0,-43.0,0.0,,24581.998,-39.1,24.0,-62.4,0.0,,31279.106,America/Los_Angeles,34.066547,-118.52405,86.0,96.29034996032715
2026-09-22T12:00,pressure_profile,cmc_gem_seamless,70.3,70.0,60.1,0.0,,331.365,64.1,77.0,56.7,0.0,,2545.932,66.1,35.0,37.7,0.0,,4921.26,44.6,32.0,16.7,0.0,,10275.591,31.7,21.0,-3.6,0.0,,14370.079,14.4,10.0,-32.4,0.0,,19071.522,-7.5,15.0,-43.0,0.0,,24590.098,-39.1,24.0,-62.4,0.0,,31284.394,America/Los_Angeles,34.066547,-118.52405,86.0,96.29034996032715
2026-09-22T13:00,pressure_profile,cmc_gem_seamless,70.5,73.0,61.4,0.0,,318.242,65.1,76.0,57.3,0.0,,2529.528,67.0,34.0,37.7,0.0,,4914.698,44.6,36.0,19.0,0.0,,10269.029,32.3,20.0,-4.3,0.0,,14370.079,14.8,10.0,-32.1,0.0,,19074.802,-7.5,17.0,-41.2,0.0,,24594.148,-39.1,20.0,-65.1,0.0,,31284.394,America/Los_Angeles,34.066547,-118.52405,86.0,96.29034996032715
2026-09-22T14:00,pressure_profile,cmc_gem_seamless,70.9,73.0,61.8,0.0,,305.118,66.3,73.0,57.3,0.0,,2513.123,67.4,33.0,37.3,0.0,,4904.856,44.9,37.0,19.9,0.0,,10262.467,32.7,19.0,-5.4,0.0,,14366.798,14.8,10.0,-32.1,0.0,,19074.802,-7.5,17.0,-41.2,0.0,,24598.198,-38.2,12.0,-71.9,0.0,,31284.394,America/Los_Angeles,34.066547,-118.52405,86.0,96.29034996032715
2026-09-22T15:00,pressure_profile,cmc_gem_seamless,71.1,75.0,62.7,0.0,,285.433,69.8,65.0,57.5,0.0,,2496.719,68.3,31.0,36.5,0.0,,4895.013,45.4,34.0,19.0,0.0,,10255.905,32.7,18.0,-6.8,0.0,,14363.518,15.2,9.0,-34.5,0.0,,19071.522,-7.5,18.0,-39.6,0.0,,24594.148,-38.2,6.0,-81.6,0.0,,31289.688,America/Los_Angeles,34.066547,-118.52405,86.0,96.29034996032715
2026-09-22T16:00,pressure_profile,cmc_gem_seamless,71.4,74.0,62.7,0.0,,265.748,72.0,62.0,58.2,0.0,,2483.596,68.9,31.0,37.0,0.0,,4888.452,45.7,32.0,17.7,0.0,,10249.344,33.0,16.0,-8.1,0.0,,14360.236,15.6,7.0,-37.4,0.0,,19068.242,-7.5,18.0,-39.6,0.0,,24598.198,-37.3,6.0,-80.9,0.0,,31300.27,America/Los_Angeles,34.066547,-118.52405,86.0,96.29034996032715
2026-09-22T17:00,pressure_profile,cmc_gem_seamless,72.1,72.0,62.6,0.0,,252.625,73.3,59.0,58.2,0.0,,2477.034,69.4,33.0,39.0,0.0,,4885.171,46.0,26.0,12.6,0.0,,10252.625,33.0,16.0,-8.1,0.0,,14360.236,16.0,7.0,-37.1,0.0,,19071.522,-7.5,17.0,-41.2,0.0,,24602.25,-36.4,10.0,-73.0,0.0,,31310.854,America/Los_Angeles,34.066547,-118.52405,86.0,96.29034996032715
2026-09-22T18:00,pressure_profile,cmc_gem_seamless,72.9,67.0,61.3,0.0,,249.344,73.9,54.0,56.2,0.0,,2483.596,69.4,35.0,40.5,0.0,,4891.733,46.5,22.0,9.9,0.0,,10265.748,32.7,15.0,-10.0,0.0,,14370.079,16.5,7.0,-36.8,0.0,,19087.926,-7.5,10.0,-49.8,0.0,,24618.452,-36.4,8.0,-76.2,0.0,,31326.728,America/Los_Angeles,34.066547,-118.52405,86.0,96.29034996032715
2026-09-22T19:00,pressure_profile,cmc_gem_seamless,72.7,65.0,60.2,0.0,,252.625,74.1,42.0,49.6,0.0,,2486.877,69.4,34.0,39.8,0.0,,4898.294,46.8,22.0,10.1,0.0,,10272.31,32.7,15.0,-10.0,0.0,,14379.921,16.9,7.0,-36.5,0.0,,19101.05,-7.5,5.0,-60.8,0.0,,24630.602,-37.3,8.0,-76.9,0.0,,31342.604,America/Los_Angeles,34.066547,-118.52405,86.0,96.29034996032715
2026-09-22T20:00,pressure_profile,cmc_gem_seamless,71.6,66.0,59.6,0.0,,262.467,76.5,30.0,42.8,0.0,,2493.438,69.1,34.0,39.6,0.0,,4904.856,47.1,27.0,14.5,0.0,,10278.871,33.0,16.0,-8.1,0.0,,14389.764,16.9,9.0,-33.2,0.0,,19114.174,-7.5,8.0,-52.8,0.0,,24642.754,-37.3,8.0,-76.9,0.0,,31353.186,America/Los_Angeles,34.066547,-118.52405,86.0,96.29034996032715
2026-09-22T21:00,pressure_profile,cmc_gem_seamless,69.8,71.0,60.0,0.0,,275.591,76.5,35.0,46.8,0.0,,2503.281,68.9,35.0,40.1,0.0,,4917.979,47.6,27.0,15.0,0.0,,10291.995,32.7,20.0,-4.0,0.0,,14406.168,16.9,9.0,-33.2,0.0,,19127.296,-7.5,10.0,-49.8,0.0,,24658.956,-37.3,8.0,-76.9,0.0,,31374.356,America/Los_Angeles,34.066547,-118.52405,86.0,96.29034996032715
2026-09-22T22:00,pressure_profile,cmc_gem_seamless,67.8,78.0,60.7,0.0,,291.995,75.1,40.0,49.2,0.0,,2509.843,69.6,28.0,35.0,0.0,,4924.541,47.9,23.0,12.2,0.0,,10301.837,32.3,23.0,-1.9,0.0,,14416.011,16.9,10.0,-30.4,0.0,,19137.138,-6.9,12.0,-46.8,0.0,,24667.056,-37.3,14.0,-68.9,0.0,,31384.938,America/Los_Angeles,34.066547,-118.52405,86.0,96.29034996032715
2026-09-22T23:00,pressure_profile,cmc_gem_seamless,66.4,82.0,60.7,0.0,,295.276,73.9,43.0,50.0,0.0,,2509.843,70.2,23.0,30.7,0.0,,4927.822,47.9,24.0,13.2,0.0,,10308.399,32.3,23.0,-1.9,0.0,,14419.291,16.9,10.0,-30.4,0.0,,19137.138,-6.9,10.0,-49.3,0.0,,24667.056,-37.3,10.0,-73.8,0.0,,31390.23,America/Los_Angeles,34.066547,-118.52405,86.0,96.29034996032715
2026-09-23T00:00,pressure_profile,cmc_gem_seamless,65.5,85.0,60.9,0.0,,295.276,74.3,42.0,49.8,0.0,,2506.562,70.7,24.0,32.1,0.0,,4924.541,47.6,29.0,16.8,0.0,,10308.399,32.3,23.0,-1.9,0.0,,14419.291,16.5,10.0,-30.8,0.0,,19137.138,-6.4,10.0,-48.9,0.0,,24667.056,-37.3,8.0,-76.9,0.0,,31390.23,America/Los_Angeles,34.066547,-118.52405,86.0,96.29034996032715
2026-09-23T01:00,pressure_profile,cmc_gem_seamless,64.9,85.0,60.3,0.0,,288.714,75.1,39.0,48.5,0.0,,2500.0,71.1,24.0,32.5,0.0,,4921.26,47.3,33.0,19.9,0.0,,10305.118,32.7,20.0,-4.0,0.0,,14416.011,16.5,11.0,-28.3,0.0,,19133.86,-6.4,8.0,-51.9,0.0,,24663.004,-37.3,10.0,-73.8,0.0,,31390.23,America/Los_Angeles,34.066547,-118.52405,86.0,96.29034996032715
2026-09-23T02:00,pressure_profile,cmc_gem_seamless,64.6,84.0,59.6,0.0,,288.714,74.5,38.0,47.3,0.0,,2496.719,71.3,23.0,31.6,0.0,,4917.979,47.1,37.0,21.9,0.0,,10305.118,32.7,20.0,-4.0,0.0,,14412.729,16.0,13.0,-26.5,0.0,,19130.578,-5.8,8.0,-51.4,0.0,,24658.956,-37.3,10.0,-73.8,0.0,,31384.938,America/Los_Angeles,34.066547,-118.52405,86.0,96.29034996032715
2026-09-23T03:00,pressure_profile,cmc_gem_seamless,64.0,82.0,58.4,0.0,,285.433,74.1,37.0,46.2,0.0,,2493.438,71.8,21.0,29.7,0.0,,4911.418,46.8,39.0,23.1,0.0,,10295.275,33.0,19.0,-5.1,0.0,,14406.168,16.5,14.0,-24.1,0.0,,19124.016,-5.8,7.0,-55.0,0.0,,24658.956,-37.3,12.0,-71.1,0.0,,31379.644,America/Los_Angeles,34.066547,-118.52405,86.0,96.29034996032715
2026-09-23T04:00,pressure_profile,cmc_gem_seamless,63.9,78.0,56.9,0.0,,285.433,74.3,33.0,43.4,0.0,,2490.158,71.8,20.0,28.5,0.0,,4908.137,46.2,41.0,23.9,0.0,,10291.995,32.7,19.0,-5.4,0.0,,14399.606,16.5,13.0,-26.1,0.0,,19117.456,-5.8,7.0,-55.0,0.0,,24654.904,-37.3,10.0,-73.8,0.0,,31379.644,America/Los_Angeles,34.066547,-118.52405,86.0,96.29034996032715
2026-09-23T05:00,pressure_profile,cmc_gem_seamless,63.9,72.0,54.7,0.0,,285.433,75.1,29.0,40.7,0.0,,2496.719,71.5,22.0,30.7,0.0,,4914.698,46.0,42.0,24.3,0.0,,10291.995,32.7,20.0,-4.0,0.0,,14399.606,16.5,13.0,-26.1,0.0,,19117.456,-5.8,7.0,-55.0,0.0,,24658.956,-37.3,10.0,-73.8,0.0,,31379.644,America/Los_Angeles,34.066547,-118.52405,86.0,96.29034996032715
2026-09-23T06:00,pressure_profile,cmc_gem_seamless,63.9,67.0,52.7,0.0,,288.714,76.1,27.0,39.7,0.0,,2503.281,71.1,24.0,32.5,0.0,,4921.26,46.0,42.0,24.3,0.0,,10298.557,32.7,20.0,-4.0,0.0,,14406.168,16.5,11.0,-28.3,0.0,,19124.016,-5.8,7.0,-55.0,0.0,,24663.004,-38.2,10.0,-74.5,0.0,,31384.938,America/Los_Angeles,34.066547,-118.52405,86.0,96.29034996032715
2026-09-23T07:00,pressure_profile,cmc_gem_seamless,63.9,62.0,50.6,0.0,,291.995,76.9,26.0,39.4,0.0,,2509.843,70.9,24.0,32.3,0.0,,4931.103,46.0,41.0,23.6,0.0,,10305.118,33.0,20.0,-3.8,0.0,,14416.011,16.9,11.0,-28.0,0.0,,19133.86,-5.8,7.0,-55.0,0.0,,24675.156,-38.2,10.0,-74.5,0.0,,31395.52,America/Los_Angeles,34.066547,-118.52405,86.0,96.29034996032715
2026-09-23T08:00,pressure_profile,cmc_gem_seamless,64.8,57.0,49.2,0.0,,301.837,77.7,25.0,39.1,0.0,,2522.966,70.9,24.0,32.3,0.0,,4944.226,46.5,39.0,22.8,0.0,,10318.241,33.0,19.0,-5.1,0.0,,14429.134,16.9,11.0,-28.0,0.0,,19150.262,-5.8,7.0,-55.0,0.0,,24691.358,-38.2,10.0,-74.5,0.0,,31411.396,America/Los_Angeles,34.066547,-118.52405,86.0,96.29034996032715
2026-09-23T09:00,pressure_profile,cmc_gem_seamless,67.5,55.0,50.7,0.0,,305.118,78.5,24.0,38.7,0.0,,2532.808,70.9,24.0,32.3,0.0,,4954.069,46.8,36.0,20.9,0.0,,10328.084,33.3,18.0,-6.3,0.0,,14442.258,16.9,11.0,-28.0,0.0,,19163.386,-5.8,7.0,-55.0,0.0,,24703.508,-38.2,10.0,-74.5,0.0,,31421.978,America/Los_Angeles,34.066547,-118.52405,86.0,96.29034996032715
2026-09-23T10:00,pressure_profile,cmc_gem_seamless,70.0,57.0,54.1,0.0,,305.118,79.8,21.0,36.4,0.0,,2536.089,70.5,29.0,36.7,0.0,,4960.63,47.3,30.0,17.4,0.0,,10337.927,33.3,18.0,-6.3,0.0,,14455.381,16.5,11.0,-28.3,0.0,,19173.228,-5.8,7.0,-55.0,0.0,,24711.61,-38.2,10.0,-74.5,0.0,,31427.272,America/Los_Angeles,34.066547,-118.52405,86.0,96.29034996032715
2026-09-23T11:00,pressure_profile,cmc_gem_seamless,71.8,59.0,56.7,0.0,,301.837,80.8,18.0,33.4,0.0,,2542.651,70.7,26.0,34.1,0.0,,4967.192,47.9,26.0,14.2,0.0,,10344.488,33.3,18.0,-6.3,0.0,,14465.224,16.5,10.0,-30.8,0.0,,19179.792,-5.8,7.0,-55.0,0.0,,24715.662,-38.2,10.0,-74.5,0.0,,31432.564,America/Los_Angeles,34.066547,-118.52405,86.0,96.29034996032715
2026-09-23T12:00,pressure_profile,cmc_gem_seamless,72.7,62.0,58.9,0.0,,291.995,81.0,18.0,33.5,0.0,,2539.37,70.9,24.0,32.3,0.0,,4967.192,47.6,28.0,15.9,0.0,,10344.488,33.7,18.0,-6.0,0.0,,14465.224,16.5,10.0,-30.8,0.0,,19183.07,-5.8,5.0,-59.5,0.0,,24719.71,-38.2,10.0,-74.5,0.0,,31437.854,America/Los_Angeles,34.066547,-118.52405,86.0,96.29034996032715
2026-09-23T13:00,pressure_profile,cmc_gem_seamless,73.8,64.0,60.8,0.0,,278.871,81.8,19.0,35.5,0.0,,2532.808,71.1,22.0,30.3,0.0,,4957.349,47.3,32.0,19.1,0.0,,10337.927,33.7,16.0,-7.5,0.0,,14461.942,16.9,10.0,-30.4,0.0,,19179.792,-5.8,5.0,-59.5,0.0,,24719.71,-37.3,8.0,-76.9,0.0,,31432.564,America/Los_Angeles,34.066547,-118.52405,86.0,96.29034996032715
2026-09-23T14:00,pressure_profile,cmc_gem_seamless,74.7,65.0,62.1,0.0,,262.467,82.6,21.0,38.7,0.0,,2519.685,71.3,21.0,29.4,0.0,,4947.507,47.6,41.0,25.1,0.0,,10331.365,33.7,15.0,-9.2,0.0,,14452.1,16.9,10.0,-30.4,0.0,,19169.948,-6.4,5.0,-59.9,0.0,,24711.61,-37.3,8.0,-76.9,0.0,,31432.564,America/Los_Angeles,34.066547,-118.52405,86.0,96.29034996032715
2026-09-23T15:00,pressure_profile,cmc_gem_seamless,75.6,64.0,62.5,0.0,,246.063,83.0,21.0,39.0,0.0,,2506.562,72.0,22.0,31.0,0.0,,4937.664,47.6,48.0,28.8,0.0,,10324.804,33.7,16.0,-7.5,0.0,,14445.538,16.9,10.0,-30.4,0.0,,19166.666,-6.4,5.0,-59.9,0.0,,24703.508,-37.3,6.0,-80.9,0.0,,31421.978,America/Los_Angeles,34.066547,-118.52405,86.0,96.29034996032715
2026-09-23T16:00,pressure_profile,cmc_gem_seamless,76.5,64.0,63.4,0.0,,232.94,83.4,18.0,35.4,0.0,,2496.719,72.2,27.0,36.4,0.0,,4927.822,47.6,52.0,31.0,0.0,,10321.522,33.3,18.0,-6.3,0.0,,14438.977,16.9,10.0,-30.4,0.0,,19160.106,-6.4,5.0,-59.9,0.0,,24699.458,-37.3,6.0,-80.9,0.0,,31421.978,America/Los_Angeles,34.066547,-118.52405,86.0,96.29034996032715
2026-09-23T17:00,pressure_profile,cmc_gem_seamless,77.0,65.0,64.3,0.0,,226.378,83.8,16.0,32.8,0.0,,2493.438,72.4,33.0,41.7,0.0,,4927.822,47.1,57.0,32.5,0.0,,10321.522,33.3,19.0,-4.8,0.0,,14442.258,16.9,9.0,-33.2,0.0,,19160.106,-6.4,7.0,-55.4,0.0,,24699.458,-37.3,8.0,-76.9,0.0,,31416.69,America/Los_Angeles,34.066547,-118.52405,86.0,96.29034996032715
2026-09-23T18:00,pressure_profile,cmc_gem_seamless,77.2,65.0,64.5,0.0,,226.378,84.2,16.0,33.1,0.0,,2496.719,72.6,33.0,41.9,0.0,,4931.103,46.8,59.0,33.2,0.0,,10328.084,33.3,19.0,-4.8,0.0,,14445.538,16.9,9.0,-33.2,0.0,,19166.666,-6.4,5.0,-59.9,0.0,,24703.508,-37.3,8.0,-76.9,0.0,,31421.978,America/Los_Angeles,34.066547,-118.52405,86.0,96.29034996032715
2026-09-23T19:00,pressure_profile,cmc_gem_seamless,77.4,63.0,63.8,0.0,,229.659,83.8,17.0,34.3,0.0,,2503.281,73.5,22.0,32.3,0.0,,4940.945,46.5,60.0,33.4,0.0,,10341.207,33.3,20.0,-3.5,0.0,,14455.381,16.9,9.0,-33.2,0.0,,19173.228,-6.4,5.0,-59.9,0.0,,24711.61,-37.3,8.0,-76.9,0.0,,31427.272,America/Los_Angeles,34.066547,-118.52405,86.0,96.29034996032715
2026-09-23T20:00,pressure_profile,cmc_gem_seamless,77.2,52.0,58.2,0.0,,242.782,84.0,16.0,33.0,0.0,,2516.404,74.4,13.0,20.3,0.0,,4954.069,46.5,61.0,33.8,0.0,,10354.331,33.0,20.0,-3.8,0.0,,14468.504,16.5,9.0,-33.5,0.0,,19179.792,-6.4,5.0,-59.9,0.0,,24719.71,-37.3,8.0,-76.9,0.0,,31437.854,America/Los_Angeles,34.066547,-118.52405,86.0,96.29034996032715
2026-09-23T21:00,pressure_profile,cmc_gem_seamless,73.8,49.0,53.4,0.0,,269.029,83.4,16.0,32.5,0.0,,2532.808,74.1,13.0,20.1,0.0,,4967.192,46.2,60.0,33.1,0.0,,10367.454,32.7,16.0,-8.3,0.0,,14478.347,16.5,9.0,-33.5,0.0,,19189.632,-6.4,5.0,-59.9,0.0,,24727.812,-37.3,6.0,-80.9,0.0,,31443.146,America/Los_Angeles,34.066547,-118.52405,86.0,96.29034996032715
2026-09-23T22:00,pressure_profile,cmc_gem_seamless,70.5,61.0,56.4,0.0,,295.276,83.0,17.0,33.7,0.0,,2542.651,73.7,15.0,23.2,0.0,,4977.034,46.2,58.0,32.2,0.0,,10374.016,32.3,15.0,-10.2,0.0,,14481.627,16.5,9.0,-33.5,0.0,,19192.914,-6.4,5.0,-59.9,0.0,,24727.812,-37.3,6.0,-80.9,0.0,,31443.146,America/Los_Angeles,34.066547,-118.52405,86.0,96.29034996032715
2026-09-23T23:00,pressure_profile,cmc_gem_seamless,68.7,81.0,62.7,0.0,,311.68,82.6,19.0,36.2,0.0,,2545.932,73.5,17.0,26.0,0.0,,4977.034,46.0,56.0,31.0,0.0,,10374.016,32.3,18.0,-7.1,0.0,,14478.347,16.0,9.0,-33.9,0.0,,19189.632,-6.4,5.0,-59.9,0.0,,24719.71,-37.3,6.0,-80.9,0.0,,31437.854,America/Los_Angeles,34.066547,-118.52405,86.0,96.29034996032715
2026-09-24T00:00,pressure_profile,cmc_gem_seamless,68.2,87.0,64.2,0.0,,321.522,80.4,25.0,41.4,0.0,,2542.651,73.3,18.0,27.2,0.0,,4973.754,46.0,56.0,31.0,0.0,,10370.735,32.3,19.0,-5.7,0.0,,14471.785,15.6,9.0,-34.2,0.0,,19183.07,-6.4,5.0,-59.9,0.0,,24711.61,-37.3,8.0,-76.9,0.0,,31427.272,America/Los_Angeles,34.066547,-118.52405,86.0,96.29034996032715
2026-09-24T01:00,pressure_profile,cmc_gem_seamless,67.8,88.0,64.1,0.0,,318.242,79.4,29.0,44.4,0.0,,2536.089,73.5,18.0,27.4,0.0,,4967.192,45.7,56.0,30.7,0.0,,10364.173,32.0,18.0,-7.4,0.0,,14465.224,15.6,9.0,-34.2,0.0,,19176.51,-6.9,5.0,-60.4,0.0,,24703.508,-37.3,8.0,-76.9,0.0,,31421.978,America/Los_Angeles,34.066547,-118.52405,86.0,96.29034996032715
2026-09-24T02:00,pressure_profile,cmc_gem_seamless,67.3,90.0,64.2,5.0,,311.68,79.3,31.0,46.0,0.0,,2532.808,73.5,18.0,27.4,0.0,,4963.911,45.7,54.0,30.2,0.0,,10357.611,32.0,16.0,-8.9,0.0,,14461.942,15.6,9.0,-34.2,0.0,,19169.948,-6.9,5.0,-60.4,0.0,,24695.408,-37.3,8.0,-76.9,0.0,,31411.396,America/Los_Angeles,34.066547,-118.52405,86.0,96.29034996032715
2026-09-24T03:00,pressure_profile,cmc_gem_seamless,66.9,90.0,63.9,5.0,,305.118,78.9,31.0,45.7,0.0,,2526.247,73.3,18.0,27.2,0.0,,4957.349,45.7,53.0,29.7,0.0,,10351.05,32.3,14.0,-12.0,0.0,,14452.1,15.6,9.0,-34.2,0.0,,19163.386,-6.9,5.0,-60.4,0.0,,24687.308,-37.3,6.0,-80.9,0.0,,31400.812,America/Los_Angeles,34.066547,-118.52405,86.0,96.29034996032715
2026-09-24T04:00,pressure_profile,cmc_gem_seamless,66.2,89.0,62.9,0.0,,301.837,78.9,31.0,45.7,0.0,,2522.966,73.3,18.0,27.2,0.0,,4954.069,45.4,53.0,29.4,0.0,,10344.488,32.3,14.0,-12.0,0.0,,14445.538,15.6,7.0,-37.4,0.0,,19153.542,-6.9,5.0,-60.4,0.0,,24679.208,-37.3,6.0,-80.9,0.0,,31395.52,America/Los_Angeles,34.066547,-118.52405,86.0,96.29034996032715
2026-09-24T05:00,pressure_profile,cmc_gem_seamless,66.0,82.0,60.4,0.0,,298.556,78.7,30.0,44.6,0.0,,2526.247,73.3,18.0,27.2,0.0,,4957.349,45.1,53.0,29.2,0.0,,10347.77,32.0,15.0,-10.5,0.0,,14442.258,15.6,7.0,-37.4,0.0,,19150.262,-6.9,5.0,-60.4,0.0,,24675.156,-37.3,6.0,-80.9,0.0,,31390.23,America/Los_Angeles,34.066547,-118.52405,86.0,96.29034996032715
2026-09-24T06:00,pressure_profile,cmc_gem_seamless,66.2,72.0,56.9,0.0,,301.837,79.1,29.0,44.1,0.0,,2532.808,73.1,19.0,28.3,0.0,,4960.63,45.1,52.0,28.7,0.0,,10351.05,32.0,15.0,-10.5,0.0,,14445.538,15.2,7.0,-37.7,0.0,,19153.542,-6.9,3.0,-66.5,0.0,,24679.208,-37.3,6.0,-80.9,0.0,,31395.52,America/Los_Angeles,34.066547,-118.52405,86.0,96.29034996032715
2026-09-24T07:00,pressure_profile,cmc_gem_seamless,66.0,64.0,53.5,0.0,,311.68,79.4,27.0,42.6,0.0,,2542.651,72.8,20.0,29.4,0.0,,4973.754,44.9,51.0,27.9,0.0,,10360.893,32.0,14.0,-12.3,0.0,,14455.381,15.2,7.0,-37.7,0.0,,19160.106,-6.9,3.0,-66.5,0.0,,24687.308,-37.3,6.0,-80.9,0.0,,31400.812,America/Los_Angeles,34.066547,-118.52405,86.0,96.29034996032715
2026-09-24T08:00,pressure_profile,cmc_gem_seamless,66.6,59.0,51.8,0.0,,321.522,80.0,25.0,41.1,0.0,,2555.775,72.8,21.0,30.6,0.0,,4986.877,44.9,50.0,27.4,0.0,,10374.016,32.0,10.0,-18.5,0.0,,14465.224,15.2,7.0,-37.7,0.0,,19169.948,-6.9,3.0,-66.5,0.0,,24699.458,-37.3,6.0,-80.9,0.0,,31416.69,America/Los_Angeles,34.066547,-118.52405,86.0,96.29034996032715
2026-09-24T09:00,pressure_profile,cmc_gem_seamless,68.7,55.0,51.9,0.0,,328.084,80.6,23.0,39.4,0.0,,2565.617,72.8,22.0,31.8,0.0,,5000.0,44.9,50.0,27.4,0.0,,10383.858,32.0,9.0,-21.1,0.0,,14478.347,15.2,6.0,-41.6,0.0,,19179.792,-6.9,3.0,-66.5,0.0,,24707.56,-37.3,8.0,-76.9,0.0,,31427.272,America/Los_Angeles,34.066547,-118.52405,86.0,96.29034996032715
2026-09-24T10:00,pressure_profile,cmc_gem_seamless,70.7,60.0,56.1,0.0,,331.365,81.0,22.0,38.6,0.0,,2575.459,72.8,23.0,32.9,0.0,,5006.562,44.6,50.0,27.1,0.0,,10393.701,32.0,9.0,-21.1,0.0,,14488.189,15.6,6.0,-41.3,0.0,,19192.914,-6.4,3.0,-66.1,0.0,,24719.71,-37.3,8.0,-76.9,0.0,,31437.854,America/Los_Angeles,34.066547,-118.52405,86.0,96.29034996032715
2026-09-24T11:00,pressure_profile,cmc_gem_seamless,72.1,63.0,58.9,0.0,,334.646,82.0,20.0,37.0,0.0,,2578.74,73.1,23.0,33.1,0.0,,5013.124,44.9,47.0,25.7,0.0,,10400.263,31.7,9.0,-21.4,0.0,,14494.751,15.6,6.0,-41.3,0.0,,19196.196,-6.4,3.0,-66.1,0.0,,24731.862,-37.3,8.0,-76.9,0.0,,31448.438,America/Los_Angeles,34.066547,-118.52405,86.0,96.29034996032715
2026-09-24T12:00,pressure_profile,cmc_gem_seamless,73.6,66.0,61.5,0.0,,324.803,82.0,20.0,37.0,0.0,,2578.74,73.1,23.0,33.1,0.0,,5013.124,45.1,42.0,23.5,0.0,,10400.263,31.7,9.0,-21.4,0.0,,14494.751,16.0,4.0,-45.9,0.0,,19199.474,-6.4,3.0,-66.1,0.0,,24735.914,-37.3,8.0,-76.9,0.0,,31459.022,America/Los_Angeles,34.066547,-118.52405,86.0,96.29034996032715
2026-09-24T13:00,pressure_profile,cmc_gem_seamless,74.8,65.0,62.3,0.0,,314.961,82.2,20.0,37.1,0.0,,2568.898,73.3,22.0,32.1,0.0,,5006.562,45.4,41.0,23.1,0.0,,10393.701,32.0,9.0,-21.1,0.0,,14491.47,16.5,4.0,-45.6,0.0,,19199.474,-6.4,3.0,-66.1,0.0,,24735.914,-37.3,8.0,-76.9,0.0,,31459.022,America/Los_Angeles,34.066547,-118.52405,86.0,96.29034996032715
2026-09-24T14:00,pressure_profile,cmc_gem_seamless,75.9,61.0,61.5,0.0,,298.556,83.4,19.0,36.8,0.0,,2555.775,73.5,22.0,32.3,0.0,,4996.719,46.0,40.0,23.0,0.0,,10383.858,32.0,8.0,-24.1,0.0,,14484.908,16.5,4.0,-45.6,0.0,,19192.914,-6.4,3.0,-66.1,0.0,,24731.862,-37.3,8.0,-76.9,0.0,,31459.022,America/Los_Angeles,34.066547,-118.52405,86.0,96.29034996032715
2026-09-24T15:00,pressure_profile,cmc_gem_seamless,76.8,60.0,61.9,0.0,,282.152,84.2,20.0,38.8,0.0,,2545.932,73.7,21.0,31.3,0.0,,4983.596,46.5,34.0,19.9,0.0,,10377.297,32.0,8.0,-24.1,0.0,,14478.347,16.5,4.0,-45.6,0.0,,19189.632,-6.4,3.0,-66.1,0.0,,24727.812,-36.4,10.0,-73.0,0.0,,31453.73,America/Los_Angeles,34.066547,-118.52405,86.0,96.29034996032715
2026-09-24T16:00,pressure_profile,cmc_gem_seamless,77.2,62.0,63.2,0.0,,269.029,84.8,23.0,42.9,0.0,,2536.089,73.9,21.0,31.5,0.0,,4977.034,47.3,28.0,15.7,0.0,,10374.016,32.0,6.0,-27.5,0.0,,14475.065,16.9,3.0,-52.0,0.0,,19186.352,-5.8,3.0,-65.7,0.0,,24731.862,-35.5,10.0,-72.3,0.0,,31459.022,America/Los_Angeles,34.066547,-118.52405,86.0,96.29034996032715
2026-09-24T17:00,pressure_profile,cmc_gem_seamless,76.8,69.0,65.9,0.0,,262.467,84.8,29.0,49.0,0.0,,2529.528,73.9,21.0,31.5,0.0,,4973.754,47.9,21.0,9.9,0.0,,10370.735,32.3,6.0,-27.2,0.0,,14475.065,17.3,3.0,-51.7,0.0,,19189.632,-5.8,3.0,-65.7,0.0,,24735.914,-34.6,8.0,-74.8,0.0,,31474.894,America/Los_Angeles,34.066547,-118.52405,86.0,96.29034996032715
2026-09-24T18:00,pressure_profile,cmc_gem_seamless,76.5,73.0,67.2,0.0,,259.186,84.0,37.0,54.9,0.0,,2529.528,73.9,21.0,31.5,0.0,,4970.473,47.9,19.0,7.4,0.0,,10370.735,32.3,6.0,-27.2,0.0,,14475.065,17.7,3.0,-51.4,0.0,,19189.632,-5.8,5.0,-59.5,0.0,,24739.962,-34.6,16.0,-64.6,0.0,,31485.48,America/Los_Angeles,34.066547,-118.52405,86.0,96.29034996032715
2026-09-24T19:00,pressure_profile,cmc_gem_seamless,75.4,76.0,67.3,0.0,,269.029,83.6,28.0,47.0,0.0,,2532.808,73.7,22.0,32.5,0.0,,4973.754,47.6,20.0,8.5,0.0,,10370.735,32.7,6.0,-27.0,0.0,,14475.065,18.1,3.0,-51.1,0.0,,19196.196,-5.2,7.0,-54.6,0.0,,24748.064,-33.7,26.0,-56.4,0.0,,31501.356,America/Los_Angeles,34.066547,-118.52405,86.0,96.29034996032715
2026-09-24T20:00,pressure_profile,cmc_gem_seamless,73.6,82.0,67.7,0.0,,278.871,84.8,18.0,36.6,0.0,,2542.651,73.7,22.0,32.5,0.0,,4980.315,47.3,23.0,11.7,0.0,,10380.577,32.7,6.0,-27.0,0.0,,14484.908,18.6,3.0,-50.8,0.0,,19209.318,-5.2,8.0,-51.0,0.0,,24764.266,-33.7,30.0,-54.1,0.0,,31527.814,America/Los_Angeles,34.066547,-118.52405,86.0,96.29034996032715
2026-09-24T21:00,pressure_profile,cmc_gem_seamless,72.0,81.0,65.8,0.0,,291.995,85.4,15.0,32.5,0.0,,2552.494,73.5,23.0,33.4,0.0,,4990.158,47.1,27.0,14.5,0.0,,10387.14,33.0,5.0,-30.8,0.0,,14491.47,19.0,4.0,-43.7,0.0,,19222.442,-4.7,15.0,-40.6,0.0,,24776.418,-33.7,26.0,-56.4,0.0,,31548.98,America/Los_Angeles,34.066547,-118.52405,86.0,96.29034996032715
2026-09-24T22:00,pressure_profile,cmc_gem_seamless,71.1,77.0,63.5,0.0,,298.556,85.6,14.0,30.9,0.0,,2555.775,73.3,23.0,33.2,0.0,,4993.439,46.8,29.0,16.1,0.0,,10390.42,33.3,5.0,-30.6,0.0,,14494.751,19.0,4.0,-43.7,0.0,,19229.002,-4.7,17.0,-38.8,0.0,,24784.518,-32.8,30.0,-53.3,0.0,,31559.562,America/Los_Angeles,34.066547,-118.52405,86.0,96.29034996032715
2026-09-24T23:00,pressure_profile,cmc_gem_seamless,70.2,76.0,62.2,0.0,,301.837,84.6,17.0,35.0,0.0,,2549.213,73.3,22.0,32.1,0.0,,4986.877,46.5,33.0,19.2,0.0,,10383.858,34.0,5.0,-30.1,0.0,,14488.189,19.0,4.0,-43.7,0.0,,19222.442,-4.1,15.0,-40.2,0.0,,24780.466,-32.8,18.0,-61.3,0.0,,31559.562,America/Los_Angeles,34.066547,-118.52405,86.0,96.29034996032715
2026-09-25T00:00,pressure_profile,cmc_gem_seamless,69.1,78.0,61.9,0.0,,301.837,83.4,20.0,38.1,0.0,,2545.932,72.8,22.0,31.8,0.0,,4980.315,46.2,39.0,22.6,0.0,,10374.016,34.7,4.0,-34.8,0.0,,14481.627,19.0,4.0,-43.7,0.0,,19215.878,-4.1,15.0,-40.2,0.0,,24776.418,-32.8,12.0,-67.4,0.0,,31554.274,America/Los_Angeles,34.066547,-118.52405,86.0,96.29034996032715
2026-09-25T01:00,pressure_profile,cmc_gem_seamless,68.7,74.0,60.1,0.0,,305.118,81.6,26.0,43.4,0.0,,2542.651,72.2,25.0,34.4,0.0,,4977.034,46.0,42.0,24.3,0.0,,10367.454,35.3,4.0,-34.3,0.0,,14475.065,19.0,4.0,-43.7,0.0,,19212.598,-4.1,13.0,-42.2,0.0,,24772.368,-32.8,8.0,-73.3,0.0,,31548.98,America/Los_Angeles,34.066547,-118.52405,86.0,96.29034996032715
2026-09-25T02:00,pressure_profile,cmc_gem_seamless,68.5,66.0,56.7,0.0,,305.118,80.6,27.0,43.6,0.0,,2539.37,72.0,27.0,36.2,0.0,,4970.473,46.0,43.0,24.9,0.0,,10360.893,35.6,4.0,-34.1,0.0,,14468.504,19.0,4.0,-43.7,0.0,,19206.038,-3.5,13.0,-41.7,0.0,,24768.316,-32.8,12.0,-67.4,0.0,,31543.688,America/Los_Angeles,34.066547,-118.52405,86.0,96.29034996032715
2026-09-25T03:00,pressure_profile,cmc_gem_seamless,68.4,60.0,53.9,0.0,,308.399,80.0,27.0,43.1,0.0,,2539.37,72.0,26.0,35.2,0.0,,4967.192,46.0,39.0,22.3,0.0,,10357.611,35.3,4.0,-34.3,0.0,,14461.942,19.0,4.0,-43.7,0.0,,19199.474,-3.5,13.0,-41.7,0.0,,24760.214,-32.8,18.0,-61.3,0.0,,31533.104,America/Los_Angeles,34.066547,-118.52405,86.0,96.29034996032715
2026-09-25T04:00,pressure_profile,cmc_gem_seamless,67.6,60.0,53.3,0.0,,314.961,79.6,27.0,42.7,0.0,,2539.37,71.8,26.0,35.0,0.0,,4970.473,46.0,36.0,20.2,0.0,,10354.331,35.0,4.0,-34.6,0.0,,14461.942,18.6,4.0,-44.0,0.0,,19192.914,-4.1,12.0,-44.5,0.0,,24752.114,-32.8,22.0,-58.2,0.0,,31527.814,America/Los_Angeles,34.066547,-118.52405,86.0,96.29034996032715
2026-09-25T05:00,pressure_profile,cmc_gem_seamless,67.1,62.0,53.6,0.0,,321.522,79.3,27.0,42.4,0.0,,2545.932,71.8,27.0,36.0,0.0,,4973.754,45.4,41.0,23.1,0.0,,10357.611,34.7,4.0,-34.8,0.0,,14461.942,18.6,4.0,-44.0,0.0,,19192.914,-3.5,12.0,-44.0,0.0,,24748.064,-32.8,16.0,-63.1,0.0,,31533.104,America/Los_Angeles,34.066547,-118.52405,86.0,96.29034996032715
2026-09-25T06:00,pressure_profile,cmc_gem_seamless,67.1,60.0,52.8,0.0,,321.522,79.6,26.0,41.7,0.0,,2552.494,71.5,29.0,37.6,0.0,,4977.034,44.9,49.0,26.8,0.0,,10360.893,34.7,4.0,-34.8,0.0,,14465.224,18.1,4.0,-44.4,0.0,,19196.196,-3.5,8.0,-49.6,0.0,,24748.064,-31.9,12.0,-66.7,0.0,,31538.396,America/Los_Angeles,34.066547,-118.52405,86.0,96.29034996032715
2026-09-25T07:00,pressure_profile,cmc_gem_seamless,66.9,57.0,51.2,0.0,,324.803,80.0,25.0,41.1,0.0,,2555.775,71.5,30.0,38.5,0.0,,4983.596,44.6,53.0,28.7,0.0,,10367.454,34.7,4.0,-34.8,0.0,,14468.504,18.6,4.0,-44.0,0.0,,19202.756,-3.5,7.0,-53.2,0.0,,24756.166,-31.9,16.0,-62.4,0.0,,31548.98,America/Los_Angeles,34.066547,-118.52405,86.0,96.29034996032715
2026-09-25T08:00,pressure_profile,cmc_gem_seamless,68.2,53.0,50.4,0.0,,328.084,80.8,23.0,39.6,0.0,,2565.617,71.5,29.0,37.6,0.0,,4996.719,44.3,57.0,29.9,0.0,,10374.016,35.0,4.0,-34.6,0.0,,14484.908,18.6,6.0,-39.1,0.0,,19215.878,-3.5,7.0,-53.2,0.0,,24772.368,-31.9,24.0,-56.1,0.0,,31564.856,America/Los_Angeles,34.066547,-118.52405,86.0,96.29034996032715
2026-09-25T09:00,pressure_profile,cmc_gem_seamless,71.8,48.0,51.0,0.0,,321.522,81.4,23.0,40.1,0.0,,2572.179,71.8,27.0,36.0,0.0,,5003.281,44.9,48.0,26.2,0.0,,10380.577,35.3,4.0,-34.3,0.0,,14498.031,18.6,6.0,-39.1,0.0,,19232.284,-4.1,7.0,-53.7,0.0,,24780.466,-31.9,34.0,-50.5,0.0,,31575.438,America/Los_Angeles,34.066547,-118.52405,86.0,96.29034996032715
2026-09-25T10:00,pressure_profile,cmc_gem_seamless,75.2,50.0,55.3,0.0,,314.961,82.0,24.0,41.7,0.0,,2578.74,72.0,24.0,33.2,0.0,,5006.562,46.0,38.0,21.6,0.0,,10390.42,35.3,4.0,-34.3,0.0,,14507.874,18.6,7.0,-35.2,0.0,,19245.406,-3.5,7.0,-53.2,0.0,,24792.62,-31.0,38.0,-47.8,0.0,,31591.312,America/Los_Angeles,34.066547,-118.52405,86.0,96.29034996032715
2026-09-25T11:00,pressure_profile,cmc_gem_seamless,75.4,54.0,57.6,0.0,,318.242,82.4,24.0,42.0,0.0,,2582.021,72.2,24.0,33.4,0.0,,5013.124,45.7,39.0,22.1,0.0,,10393.701,35.3,4.0,-34.3,0.0,,14507.874,18.6,10.0,-29.1,0.0,,19251.968,-3.5,7.0,-53.2,0.0,,24796.67,-31.0,44.0,-45.4,0.0,,31596.606,America/Los_Angeles,34.066547,-118.52405,86.0,96.29034996032715
2026-09-25T12:00,pressure_profile,cmc_gem_seamless,74.7,62.0,60.8,0.0,,324.803,82.8,24.0,42.3,0.0,,2582.021,72.2,24.0,33.4,0.0,,5013.124,45.4,40.0,22.5,0.0,,10393.701,35.6,4.0,-34.1,0.0,,14507.874,19.0,11.0,-26.3,0.0,,19248.688,-3.5,8.0,-49.6,0.0,,24800.718,-31.0,46.0,-44.6,0.0,,31596.606,America/Los_Angeles,34.066547,-118.52405,86.0,96.29034996032715
2026-09-25T13:00,pressure_profile,cmc_gem_seamless,76.1,59.0,60.7,0.0,,308.399,83.2,24.0,42.7,0.0,,2572.179,72.2,24.0,33.4,0.0,,5006.562,45.4,41.0,23.1,0.0,,10387.14,35.3,4.0,-34.3,0.0,,14498.031,19.0,13.0,-24.1,0.0,,19242.126,-3.5,8.0,-49.6,0.0,,24796.67,-31.9,48.0,-44.7,0.0,,31591.312,America/Los_Angeles,34.066547,-118.52405,86.0,96.29034996032715
2026-09-25T14:00,pressure_profile,cmc_gem_seamless,77.5,58.0,61.6,0.0,,291.995,84.0,22.0,41.1,0.0,,2559.055,72.4,24.0,33.6,0.0,,4993.439,45.1,40.0,22.2,0.0,,10374.016,35.6,4.0,-34.1,0.0,,14484.908,19.0,13.0,-24.1,0.0,,19232.284,-3.5,10.0,-46.6,0.0,,24788.568,-31.9,56.0,-42.1,0.0,,31580.73,America/Los_Angeles,34.066547,-118.52405,86.0,96.29034996032715
2026-09-25T15:00,pressure_profile,cmc_gem_seamless,77.8,61.0,63.0,0.0,,278.871,83.5,23.0,42.0,0.0,,2547.572,72.2,24.0,33.6,0.0,,4982.776,45.0,43.0,23.5,0.0,,10362.533,35.5,4.0,-34.2,0.0,,14475.065,18.7,14.0,-23.0,0.0,,19215.878,-4.2,17.0,-38.3,0.0,,24769.328,-32.6,51.0,-44.4,0.0,,31547.656,America/Los_Angeles,34.066547,-118.52405,86.0,96.29034996032715
2026-09-25T16:00,pressure_profile,cmc_gem_seamless,78.1,60.0,62.8,0.0,,267.388,83.3,25.0,43.1,0.0,,2541.011,72.0,24.0,33.2,0.0,,4972.113,45.4,39.0,21.6,0.0,,10352.69,35.0,4.0,-34.6,0.0,,14466.863,18.4,16.0,-20.9,0.0,,19204.396,-5.2,24.0,-32.7,0.0,,24750.09,-32.8,50.0,-44.9,0.0,,31517.228,America/Los_Angeles,34.066547,-118.52405,86.0,96.29034996032715
2026-09-25T17:00,pressure_profile,cmc_gem_seamless,77.9,59.0,62.5,0.0,,264.928,83.0,24.0,42.4,0.0,,2537.73,71.9,23.0,32.1,0.0,,4969.653,45.8,34.0,18.4,0.0,,10347.77,34.7,4.0,-33.5,0.0,,14464.403,18.0,16.0,-20.2,0.0,,19195.376,-6.1,25.0,-32.8,0.0,,24735.912,-33.9,46.0,-47.6,0.0,,31488.124,America/Los_Angeles,34.066547,-118.52405,86.0,96.29034996032715
2026-09-25T18:00,pressure_profile,cmc_gem_seamless,76.8,61.0,62.4,0.0,,265.748,83.2,22.0,40.4,0.0,,2539.37,71.8,23.0,32.0,0.0,,4970.473,45.7,32.0,17.7,0.0,,10344.488,34.3,4.0,-35.1,0.0,,14458.661,17.7,17.0,-19.6,0.0,,19186.352,-6.9,25.0,-33.6,0.0,,24719.71,-34.6,54.0,-45.3,0.0,,31459.022,America/Los_Angeles,34.066547,-118.52405,86.0,96.29034996032715
2026-09-25T19:00,pressure_profile,cmc_gem_seamless,76.3,61.0,61.8,0.0,,265.748,83.6,18.0,35.6,0.0,,2536.089,71.8,24.0,33.0,0.0,,4967.192,46.0,29.0,15.4,0.0,,10341.207,34.3,4.0,-35.1,0.0,,14455.381,17.7,19.0,-18.1,0.0,,19183.07,-6.4,27.0,-31.9,0.0,,24719.71,-34.6,60.0,-43.5,0.0,,31459.022,America/Los_Angeles,34.066547,-118.52405,86.0,96.29034996032715
2026-09-25T20:00,pressure_profile,cmc_gem_seamless,75.4,62.0,61.5,0.0,,269.029,83.8,15.0,31.2,0.0,,2536.089,71.5,24.0,32.8,0.0,,4967.192,46.0,26.0,12.6,0.0,,10341.207,34.3,4.0,-35.1,0.0,,14452.1,17.7,19.0,-18.1,0.0,,19183.07,-6.4,28.0,-30.8,0.0,,24719.71,-34.6,60.0,-43.5,0.0,,31459.022,America/Los_Angeles,34.066547,-118.52405,86.0,96.29034996032715
2026-09-25T21:00,pressure_profile,cmc_gem_seamless,73.9,64.0,61.0,0.0,,278.871,83.8,14.0,29.5,0.0,,2542.651,71.3,24.0,32.7,0.0,,4973.754,46.0,22.0,9.4,0.0,,10344.488,34.3,4.0,-35.1,0.0,,14455.381,17.7,19.0,-18.1,0.0,,19189.632,-6.4,32.0,-28.8,0.0,,24723.762,-34.6,50.0,-46.6,0.0,,31464.312,America/Los_Angeles,34.066547,-118.52405,86.0,96.29034996032715
2026-09-25T22:00,pressure_profile,cmc_gem_seamless,72.1,67.0,60.6,0.0,,291.995,83.6,15.0,31.1,0.0,,2549.213,71.1,24.0,32.5,0.0,,4980.315,46.0,20.0,7.1,0.0,,10347.77,34.7,4.0,-34.8,0.0,,14461.942,17.7,19.0,-18.1,0.0,,19196.196,-6.4,35.0,-26.9,0.0,,24731.862,-35.5,36.0,-52.8,0.0,,31474.894,America/Los_Angeles,34.066547,-118.52405,86.0,96.29034996032715
2026-09-25T23:00,pressure_profile,cmc_gem_seamless,70.5,68.0,59.5,0.0,,305.118,83.0,16.0,32.2,0.0,,2555.775,70.9,24.0,32.3,0.0,,4983.596,45.7,19.0,5.6,0.0,,10347.77,34.7,4.0,-34.8,0.0,,14465.224,17.7,19.0,-18.1,0.0,,19199.474,-6.4,40.0,-24.4,0.0,,24735.914,-35.5,28.0,-56.8,0.0,,31480.188,America/Los_Angeles,34.066547,-118.52405,86.0,96.29034996032715
2026-09-26T00:00,pressure_profile,cmc_gem_seamless,69.3,67.0,57.8,0.0,,311.68,82.0,18.0,34.3,0.0,,2552.494,70.7,25.0,33.1,0.0,,4980.315,45.4,21.0,7.8,0.0,,10341.207,34.7,4.0,-34.8,0.0,,14458.661,17.7,19.0,-18.1,0.0,,19192.914,-6.4,45.0,-22.2,0.0,,24727.812,-35.5,30.0,-55.7,0.0,,31469.606,America/Los_Angeles,34.066547,-118.52405,86.0,96.29034996032715
2026-09-26T01:00,pressure_profile,cmc_gem_seamless,68.2,65.0,56.0,0.0,,311.68,80.6,21.0,37.1,0.0,,2545.932,70.5,25.0,32.9,0.0,,4973.754,44.9,27.0,12.6,0.0,,10331.365,34.7,4.0,-34.8,0.0,,14448.819,17.7,19.0,-18.1,0.0,,19183.07,-6.9,48.0,-21.4,0.0,,24719.71,-35.5,38.0,-51.9,0.0,,31459.022,America/Los_Angeles,34.066547,-118.52405,86.0,96.29034996032715
2026-09-26T02:00,pressure_profile,cmc_gem_seamless,67.3,62.0,53.8,0.0,,314.961,79.4,24.0,39.5,0.0,,2542.651,70.2,26.0,33.7,0.0,,4967.192,44.6,30.0,15.0,0.0,,10324.804,34.7,4.0,-34.8,0.0,,14438.977,17.7,19.0,-18.1,0.0,,19173.228,-6.9,52.0,-20.1,0.0,,24707.56,-35.5,44.0,-49.5,0.0,,31443.146,America/Los_Angeles,34.066547,-118.52405,86.0,96.29034996032715
2026-09-26T03:00,pressure_profile,cmc_gem_seamless,66.6,59.0,51.8,0.0,,321.522,78.3,27.0,41.5,0.0,,2542.651,69.8,26.0,33.4,0.0,,4963.911,44.3,32.0,16.5,0.0,,10321.522,34.7,4.0,-34.8,0.0,,14432.415,17.7,17.0,-19.6,0.0,,19166.666,-7.5,53.0,-20.0,0.0,,24699.458,-35.5,48.0,-48.1,0.0,,31432.564,America/Los_Angeles,34.066547,-118.52405,86.0,96.29034996032715
2026-09-26T04:00,pressure_profile,cmc_gem_seamless,65.8,56.0,49.7,0.0,,324.803,77.1,30.0,43.3,0.0,,2545.932,69.6,26.0,33.2,0.0,,4963.911,44.1,33.0,17.0,0.0,,10314.961,34.7,4.0,-34.8,0.0,,14429.134,17.3,17.0,-20.0,0.0,,19163.386,-7.5,53.0,-20.0,0.0,,24687.308,-34.6,52.0,-45.9,0.0,,31427.272,America/Los_Angeles,34.066547,-118.52405,86.0,96.29034996032715
2026-09-26T05:00,pressure_profile,cmc_gem_seamless,65.5,54.0,48.4,0.0,,331.365,76.5,32.0,44.4,0.0,,2549.213,69.1,26.0,32.8,0.0,,4963.911,43.8,33.0,16.8,0.0,,10314.961,34.7,4.0,-34.8,0.0,,14425.854,17.3,16.0,-21.6,0.0,,19160.106,-8.1,53.0,-20.6,0.0,,24683.256,-34.6,54.0,-45.3,0.0,,31421.978,America/Los_Angeles,34.066547,-118.52405,86.0,96.29034996032715
2026-09-26T06:00,pressure_profile,cmc_gem_seamless,65.1,55.0,48.6,0.0,,334.646,76.7,31.0,43.8,0.0,,2552.494,68.9,26.0,32.6,0.0,,4963.911,44.1,31.0,15.4,0.0,,10314.961,34.3,4.0,-35.1,0.0,,14425.854,17.3,16.0,-21.6,0.0,,19156.824,-8.1,50.0,-21.8,0.0,,24683.256,-34.6,56.0,-44.7,0.0,,31416.69,America/Los_Angeles,34.066547,-118.52405,86.0,96.29034996032715
2026-09-26T07:00,pressure_profile,cmc_gem_seamless,64.9,57.0,49.3,0.0,,334.646,77.3,28.0,41.6,0.0,,2552.494,68.7,27.0,33.4,0.0,,4967.192,44.3,28.0,13.1,0.0,,10314.961,34.3,4.0,-35.1,0.0,,14425.854,17.7,16.0,-21.3,0.0,,19156.824,-8.7,45.0,-24.3,0.0,,24683.256,-34.6,56.0,-44.7,0.0,,31416.69,America/Los_Angeles,34.066547,-118.52405,86.0,96.29034996032715
2026-09-26T08:00,pressure_profile,cmc_gem_seamless,65.7,58.0,50.5,0.0,,337.927,77.9,25.0,39.2,0.0,,2559.055,68.7,27.0,33.4,0.0,,4973.754,44.6,24.0,10.4,0.0,,10321.522,34.0,4.0,-35.3,0.0,,14429.134,17.7,16.0,-21.3,0.0,,19160.106,-8.7,43.0,-25.0,0.0,,24687.308,-34.6,58.0,-44.1,0.0,,31416.69,America/Los_Angeles,34.066547,-118.52405,86.0,96.29034996032715
2026-09-26T09:00,pressure_profile,cmc_gem_seamless,68.0,57.0,52.2,0.0,,341.207,78.3,23.0,37.4,0.0,,2572.179,68.7,27.0,33.4,0.0,,4983.596,44.9,22.0,8.5,0.0,,10334.646,33.7,4.0,-35.5,0.0,,14442.258,17.7,14.0,-23.1,0.0,,19169.948,-8.7,45.0,-24.3,0.0,,24695.408,-34.6,60.0,-43.5,0.0,,31421.978,America/Los_Angeles,34.066547,-118.52405,86.0,96.29034996032715
2026-09-26T10:00,pressure_profile,cmc_gem_seamless,71.1,56.0,54.6,0.0,,344.488,78.9,20.0,34.4,0.0,,2585.302,68.7,28.0,34.3,0.0,,5000.0,45.1,20.0,6.4,0.0,,10347.77,33.7,4.0,-35.5,0.0,,14461.942,17.3,11.0,-27.6,0.0,,19183.07,-9.2,50.0,-22.9,0.0,,24707.56,-35.5,62.0,-43.8,0.0,,31437.854,America/Los_Angeles,34.066547,-118.52405,86.0,96.29034996032715
2026-09-26T11:00,pressure_profile,cmc_gem_seamless,73.6,56.0,56.9,0.0,,344.488,79.3,19.0,33.4,0.0,,2591.864,68.7,28.0,34.3,0.0,,5006.562,45.4,18.0,4.1,0.0,,10357.611,33.3,4.0,-35.8,0.0,,14471.785,17.3,10.0,-30.1,0.0,,19192.914,-9.2,53.0,-21.6,0.0,,24715.662,-35.5,64.0,-43.3,0.0,,31443.146,America/Los_Angeles,34.066547,-118.52405,86.0,96.29034996032715
2026-09-26T12:00,pressure_profile,cmc_gem_seamless,74.7,58.0,58.9,0.0,,334.646,79.6,20.0,35.0,0.0,,2585.302,68.7,29.0,35.2,0.0,,5003.281,45.7,16.0,1.4,0.0,,10357.611,33.0,4.0,-36.0,0.0,,14471.785,17.3,10.0,-30.1,0.0,,19192.914,-9.2,57.0,-20.5,0.0,,24715.662,-35.5,62.0,-43.8,0.0,,31443.146,America/Los_Angeles,34.066547,-118.52405,86.0,96.29034996032715
2026-09-26T13:00,pressure_profile,cmc_gem_seamless,75.2,61.0,60.8,0.0,,321.522,80.0,22.0,37.8,0.0,,2575.459,68.9,29.0,35.4,0.0,,4993.439,46.2,12.0,-3.3,0.0,,10351.05,33.0,4.0,-36.0,0.0,,14461.942,17.7,11.0,-27.3,0.0,,19186.352,-9.2,60.0,-19.4,0.0,,24707.56,-34.6,58.0,-44.1,0.0,,31437.854,America/Los_Angeles,34.066547,-118.52405,86.0,96.29034996032715
2026-09-26T14:00,pressure_profile,cmc_gem_seamless,75.7,62.0,61.8,0.0,,305.118,80.4,24.0,40.3,0.0,,2562.336,69.1,30.0,36.4,0.0,,4983.596,46.5,10.0,-7.2,0.0,,10344.488,33.0,4.0,-36.0,0.0,,14455.381,17.7,13.0,-25.1,0.0,,19179.792,-9.2,60.0,-19.4,0.0,,24703.508,-34.6,56.0,-44.7,0.0,,31432.564,America/Los_Angeles,34.066547,-118.52405,86.0,96.29034996032715
2026-09-26T15:00,pressure_profile,cmc_gem_seamless,76.6,60.0,61.7,0.0,,288.714,80.6,25.0,41.6,0.0,,2552.494,69.4,30.0,36.6,0.0,,4973.754,46.8,8.0,-12.1,0.0,,10337.927,33.3,4.0,-35.8,0.0,,14448.819,17.7,11.0,-27.3,0.0,,19173.228,-9.2,53.0,-21.6,0.0,,24699.458,-34.6,56.0,-44.7,0.0,,31427.272,America/Los_Angeles,34.066547,-118.52405,86.0,96.29034996032715
2026-09-26T16:00,pressure_profile,cmc_gem_seamless,77.7,57.0,61.3,0.0,,275.591,80.8,25.0,41.7,0.0,,2542.651,69.6,31.0,37.6,0.0,,4963.911,47.1,7.0,-15.0,0.0,,10328.084,33.7,5.0,-30.3,0.0,,14438.977,17.3,10.0,-30.1,0.0,,19166.666,-8.7,43.0,-25.0,0.0,,24695.408,-35.5,58.0,-44.9,0.0,,31416.69,America/Los_Angeles,34.066547,-118.52405,86.0,96.29034996032715
2026-09-26T17:00,pressure_profile,cmc_gem_seamless,78.1,55.0,60.6,0.0,,265.748,81.0,25.0,41.9,0.0,,2536.089,69.8,31.0,37.8,0.0,,4957.349,47.3,6.0,-18.4,0.0,,10324.804,33.7,5.0,-30.3,0.0,,14435.695,17.3,10.0,-30.1,0.0,,19163.386,-8.7,38.0,-27.3,0.0,,24691.358,-35.5,58.0,-44.9,0.0,,31411.396,America/Los_Angeles,34.066547,-118.52405,86.0,96.29034996032715
2026-09-26T18:00,pressure_profile,cmc_gem_seamless,77.7,54.0,59.8,0.0,,265.748,81.4,24.0,41.2,0.0,,2536.089,69.8,31.0,37.8,0.0,,4957.349,47.3,6.0,-18.4,0.0,,10324.804,33.3,5.0,-30.6,0.0,,14435.695,17.3,11.0,-27.6,0.0,,19163.386,-8.7,42.0,-25.8,0.0,,24691.358,-35.5,54.0,-46.1,0.0,,31411.396,America/Los_Angeles,34.066547,-118.52405,86.0,96.29034996032715
2026-09-26T19:00,pressure_profile,cmc_gem_seamless,76.8,53.0,58.4,0.0,,272.31,81.6,23.0,40.2,0.0,,2539.37,69.6,32.0,38.4,0.0,,4960.63,47.3,7.0,-14.8,0.0,,10328.084,33.0,5.0,-30.8,0.0,,14438.977,17.3,13.0,-25.4,0.0,,19163.386,-8.1,48.0,-22.4,0.0,,24691.358,-36.4,46.0,-49.6,0.0,,31411.396,America/Los_Angeles,34.066547,-118.52405,86.0,96.29034996032715
2026-09-26T20:00,pressure_profile,cmc_gem_seamless,75.6,56.0,58.8,0.0,,282.152,81.2,23.0,39.9,0.0,,2542.651,69.4,32.0,38.2,0.0,,4963.911,47.3,7.0,-14.8,0.0,,10331.365,33.0,5.0,-30.8,0.0,,14442.258,17.3,14.0,-23.5,0.0,,19163.386,-8.1,52.0,-21.2,0.0,,24691.358,-36.4,40.0,-51.9,0.0,,31411.396,America/Los_Angeles,34.066547,-118.52405,86.0,96.29034996032715
2026-09-26T21:00,pressure_profile,cmc_gem_seamless,73.4,66.0,61.4,0.0,,298.556,79.8,26.0,41.9,0.0,,2549.213,69.1,32.0,38.0,0.0,,4967.192,47.3,7.0,-14.8,0.0,,10331.365,33.3,5.0,-30.6,0.0,,14445.538,17.3,14.0,-23.5,0.0,,19166.666,-8.7,47.0,-23.6,0.0,,24691.358,-36.4,34.0,-54.5,0.0,,31411.396,America/Los_Angeles,34.066547,-118.52405,86.0,96.29034996032715
2026-09-26T22:00,pressure_profile,cmc_gem_seamless,70.9,80.0,64.4,0.0,,321.522,77.9,32.0,45.6,0.0,,2555.775,68.7,31.0,36.9,0.0,,4970.473,47.3,7.0,-14.8,0.0,,10331.365,34.0,5.0,-30.1,0.0,,14445.538,16.9,13.0,-25.8,0.0,,19169.948,-8.7,38.0,-27.3,0.0,,24691.358,-35.5,30.0,-55.7,0.0,,31411.396,America/Los_Angeles,34.066547,-118.52405,86.0,96.29034996032715
2026-09-26T23:00,pressure_profile,cmc_gem_seamless,68.9,90.0,65.8,5.0,,337.927,75.9,37.0,47.8,0.0,,2559.055,68.3,31.0,36.5,0.0,,4970.473,47.3,7.0,-14.8,0.0,,10328.084,34.3,5.0,-29.9,0.0,,14445.538,16.9,11.0,-28.0,0.0,,19169.948,-9.2,32.0,-31.3,0.0,,24691.358,-35.5,24.0,-59.2,0.0,,31411.396,America/Los_Angeles,34.066547,-118.52405,86.0,96.29034996032715
2026-09-27T00:00,pressure_profile,cmc_gem_seamless,68.2,94.0,66.4,26.0,,344.488,74.1,43.0,50.2,0.0,,2559.055,67.8,31.0,36.1,0.0,,4967.192,47.3,7.0,-14.8,0.0,,10321.522,34.7,5.0,-29.6,0.0,,14438.977,16.9,10.0,-30.4,0.0,,19166.666,-9.2,27.0,-34.4,0.0,,24687.308,-35.5,18.0,-63.6,0.0,,31406.106,America/Los_Angeles,34.066547,-118.52405,86.0,96.29034996032715
2026-09-27T01:00,pressure_profile,cmc_gem_seamless,68.0,96.0,66.8,40.0,,344.488,72.6,48.0,51.8,0.0,,2555.775,67.6,31.0,35.9,0.0,,4960.63,47.3,6.0,-18.4,0.0,,10311.68,35.0,5.0,-29.4,0.0,,14432.415,17.3,10.0,-30.1,0.0,,19160.106,-9.2,23.0,-36.8,0.0,,24679.208,-34.6,10.0,-71.6,0.0,,31400.812,America/Los_Angeles,34.066547,-118.52405,86.0,96.29034996032715
2026-09-27T02:00,pressure_profile,cmc_gem_seamless,68.0,95.0,66.5,33.0,,341.207,71.4,52.0,52.8,0.0,,2552.494,67.2,31.0,35.5,0.0,,4954.069,47.3,6.0,-18.4,0.0,,10301.837,35.3,5.0,-29.1,0.0,,14422.572,17.3,10.0,-30.1,0.0,,19153.542,-9.2,18.0,-41.0,0.0,,24671.106,-34.6,6.0,-78.8,0.0,,31395.52,America/Los_Angeles,34.066547,-118.52405,86.0,96.29034996032715
2026-09-27T03:00,pressure_profile,cmc_gem_seamless,68.0,93.0,65.9,20.0,,337.927,70.8,53.0,52.8,0.0,,2545.932,66.8,31.0,35.2,0.0,,4947.507,47.3,6.0,-18.4,0.0,,10291.995,35.6,5.0,-28.9,0.0,,14412.729,17.3,11.0,-27.6,0.0,,19143.702,-8.7,12.0,-48.2,0.0,,24663.004,-34.6,4.0,-84.3,0.0,,31395.52,America/Los_Angeles,34.066547,-118.52405,86.0,96.29034996032715
2026-09-27T04:00,pressure_profile,cmc_gem_seamless,68.2,90.0,65.1,5.0,,334.646,70.6,52.0,52.1,0.0,,2539.37,66.5,32.0,35.8,0.0,,4937.664,47.1,4.0,-22.9,0.0,,10278.871,36.0,5.0,-28.7,0.0,,14399.606,17.3,11.0,-27.6,0.0,,19130.578,-7.5,3.0,-66.9,0.0,,24654.904,-33.7,6.0,-78.1,0.0,,31390.23,America/Los_Angeles,34.066547,-118.52405,86.0,96.29034996032715
2026-09-27T05:00,pressure_profile,cmc_gem_seamless,68.2,85.0,63.5,0.0,,331.365,70.6,51.0,51.6,0.0,,2536.089,66.1,32.0,35.4,0.0,,4934.384,47.1,4.0,-22.9,0.0,,10272.31,36.0,5.0,-28.7,0.0,,14393.045,17.3,13.0,-25.4,0.0,,19124.016,-6.9,3.0,-66.5,0.0,,24646.802,-33.7,10.0,-70.9,0.0,,31390.23,America/Los_Angeles,34.066547,-118.52405,86.0,96.29034996032715
2026-09-27T06:00,pressure_profile,cmc_gem_seamless,67.8,78.0,60.7,0.0,,331.365,70.6,50.0,51.1,0.0,,2536.089,65.7,32.0,35.0,0.0,,4934.384,47.3,4.0,-22.7,0.0,,10269.029,36.0,5.0,-28.7,0.0,,14393.045,16.9,13.0,-25.8,0.0,,19120.734,-7.5,17.0,-41.2,0.0,,24642.754,-33.7,20.0,-60.5,0.0,,31384.938,America/Los_Angeles,34.066547,-118.52405,86.0,96.29034996032715
2026-09-27T07:00,pressure_profile,cmc_gem_seamless,67.3,71.0,57.6,0.0,,334.646,70.8,49.0,50.7,0.0,,2539.37,65.5,31.0,34.0,0.0,,4937.664,47.6,4.0,-22.5,0.0,,10269.029,35.6,5.0,-28.9,0.0,,14393.045,16.9,13.0,-25.8,0.0,,19124.016,-8.1,37.0,-27.6,0.0,,24638.704,-33.7,34.0,-52.1,0.0,,31379.644,America/Los_Angeles,34.066547,-118.52405,86.0,96.29034996032715
2026-09-27T08:00,pressure_profile,cmc_gem_seamless,67.5,65.0,55.3,0.0,,337.927,71.0,49.0,50.9,0.0,,2545.932,65.2,31.0,33.8,0.0,,4940.945,47.9,4.0,-22.3,0.0,,10272.31,35.3,5.0,-29.1,0.0,,14396.325,16.5,13.0,-26.1,0.0,,19124.016,-8.7,55.0,-20.5,0.0,,24638.704,-33.7,42.0,-48.6,0.0,,31379.644,America/Los_Angeles,34.066547,-118.52405,86.0,96.29034996032715
2026-09-27T09:00,pressure_profile,cmc_gem_seamless,68.7,63.0,55.6,0.0,,341.207,70.8,50.0,51.2,0.0,,2552.494,65.0,30.0,32.8,0.0,,4947.507,47.9,4.0,-22.3,0.0,,10278.871,35.0,5.0,-29.4,0.0,,14399.606,16.0,13.0,-26.5,0.0,,19124.016,-8.7,67.0,-16.8,0.0,,24638.704,-33.7,40.0,-49.4,0.0,,31379.644,America/Los_Angeles,34.066547,-118.52405,86.0,96.29034996032715
2026-09-27T10:00,pressure_profile,cmc_gem_seamless,70.7,64.0,57.9,0.0,,344.488,70.6,52.0,52.1,0.0,,2562.336,65.0,30.0,32.8,0.0,,4954.069,47.6,4.0,-22.5,0.0,,10288.714,34.3,5.0,-29.9,0.0,,14406.168,16.0,14.0,-24.5,0.0,,19127.296,-8.1,73.0,-14.3,6.0,,24638.704,-33.7,36.0,-51.2,0.0,,31384.938,America/Los_Angeles,34.066547,-118.52405,86.0,96.29034996032715
2026-09-27T11:00,pressure_profile,cmc_gem_seamless,72.1,65.0,59.7,0.0,,344.488,70.4,53.0,52.4,0.0,,2565.617,65.0,29.0,32.0,0.0,,4957.349,47.3,4.0,-22.7,0.0,,10291.995,34.0,5.0,-30.1,0.0,,14406.168,15.6,16.0,-23.0,0.0,,19124.016,-7.5,78.0,-12.5,15.0,,24634.652,-33.7,34.0,-52.1,0.0,,31384.938,America/Los_Angeles,34.066547,-118.52405,86.0,96.29034996032715
2026-09-27T12:00,pressure_profile,cmc_gem_seamless,73.0,66.0,61.0,0.0,,337.927,70.6,53.0,52.6,0.0,,2562.336,65.0,29.0,32.0,0.0,,4954.069,47.3,4.0,-22.7,0.0,,10288.714,33.7,5.0,-30.3,0.0,,14399.606,15.2,16.0,-23.4,0.0,,19114.174,-6.9,78.0,-11.9,15.0,,24626.55,-33.7,42.0,-48.6,0.0,,31379.644,America/Los_Angeles,34.066547,-118.52405,86.0,96.29034996032715
2026-09-27T13:00,pressure_profile,cmc_gem_seamless,73.4,68.0,62.2,0.0,,324.803,71.0,53.0,53.0,0.0,,2552.494,64.8,29.0,31.8,0.0,,4947.507,47.3,6.0,-18.4,0.0,,10278.871,33.3,5.0,-30.6,0.0,,14393.045,14.8,17.0,-22.1,0.0,,19104.33,-6.9,77.0,-12.3,12.0,,24610.35,-32.8,54.0,-43.6,0.0,,31369.062,America/Los_Angeles,34.066547,-118.52405,86.0,96.29034996032715
2026-09-27T14:00,pressure_profile,cmc_gem_seamless,73.6,70.0,63.2,0.0,,311.68,71.4,52.0,52.8,0.0,,2542.651,64.8,29.0,31.8,0.0,,4937.664,47.1,6.0,-18.6,0.0,,10269.029,33.3,5.0,-30.6,0.0,,14379.921,14.4,20.0,-19.5,0.0,,19087.926,-6.4,75.0,-12.2,9.0,,24594.148,-32.8,64.0,-40.7,0.0,,31353.186,America/Los_Angeles,34.066547,-118.52405,86.0,96.29034996032715
2026-09-27T15:00,pressure_profile,cmc_gem_seamless,73.4,71.0,63.4,0.0,,298.556,72.2,48.0,51.4,0.0,,2526.247,64.6,30.0,32.4,0.0,,4924.541,46.8,6.0,-18.8,0.0,,10252.625,33.3,5.0,-30.6,0.0,,14363.518,13.9,27.0,-13.8,0.0,,19068.242,-6.4,77.0,-11.8,12.0,,24573.896,-32.8,70.0,-39.1,0.0,,31337.314,America/Los_Angeles,34.066547,-118.52405,86.0,96.29034996032715
2026-09-27T16:00,pressure_profile,cmc_gem_seamless,72.9,73.0,63.7,0.0,,282.152,73.1,42.0,48.7,0.0,,2509.843,64.6,31.0,33.3,0.0,,4904.856,46.2,7.0,-15.6,0.0,,10232.939,33.3,4.0,-35.8,0.0,,14340.552,13.1,37.0,-8.3,0.0,,19045.276,-6.4,80.0,-10.9,18.0,,24553.644,-33.7,72.0,-39.5,3.0,,31316.146,America/Los_Angeles,34.066547,-118.52405,86.0,96.29034996032715
2026-09-27T17:00,pressure_profile,cmc_gem_seamless,72.3,75.0,64.0,0.0,,272.31,73.3,39.0,46.9,0.0,,2496.719,64.4,32.0,33.9,0.0,,4891.733,46.0,7.0,-15.8,0.0,,10216.535,33.3,5.0,-30.6,0.0,,14324.147,12.7,43.0,-5.7,0.0,,19028.872,-6.4,77.0,-11.8,12.0,,24533.392,-33.7,68.0,-40.5,0.0,,31294.98,America/Los_Angeles,34.066547,-118.52405,86.0,96.29034996032715
2026-09-27T18:00,pressure_profile,cmc_gem_seamless,71.8,78.0,64.6,0.0,,272.31,72.6,40.0,46.9,0.0,,2493.438,64.2,31.0,32.9,0.0,,4885.171,46.0,7.0,-15.8,0.0,,10209.974,33.0,8.0,-23.3,0.0,,14317.585,12.7,43.0,-5.7,0.0,,19019.03,-6.4,60.0,-16.7,0.0,,24521.24,-33.7,56.0,-43.8,0.0,,31273.812,America/Los_Angeles,34.066547,-118.52405,86.0,96.29034996032715
2026-09-27T19:00,pressure_profile,cmc_gem_seamless,71.1,82.0,65.3,0.0,,275.591,71.4,43.0,47.7,0.0,,2493.438,63.9,30.0,31.9,0.0,,4885.171,46.0,7.0,-15.8,0.0,,10206.693,32.3,13.0,-13.9,0.0,,14314.305,12.7,40.0,-7.1,0.0,,19012.466,-6.9,37.0,-26.6,0.0,,24513.14,-33.7,36.0,-51.2,0.0,,31257.936,America/Los_Angeles,34.066547,-118.52405,86.0,96.29034996032715
2026-09-27T20:00,pressure_profile,cmc_gem_seamless,70.3,85.0,65.6,0.0,,278.871,69.8,47.0,48.7,0.0,,2493.438,63.7,28.0,30.0,0.0,,4881.89,46.0,9.0,-10.1,0.0,,10203.412,31.7,18.0,-7.6,0.0,,14307.743,13.1,36.0,-9.1,0.0,,19005.906,-7.5,18.0,-39.6,0.0,,24505.04,-33.7,22.0,-59.0,0.0,,31236.772,America/Los_Angeles,34.066547,-118.52405,86.0,96.29034996032715
2026-09-27T21:00,pressure_profile,cmc_gem_seamless,69.4,86.0,65.1,0.0,,282.152,68.2,53.0,50.4,0.0,,2490.158,63.5,25.0,27.0,0.0,,4875.328,45.7,14.0,-0.2,0.0,,10193.569,31.3,25.0,-0.5,0.0,,14297.9,13.1,27.0,-14.6,0.0,,18992.784,-8.1,10.0,-50.2,0.0,,24492.888,-33.7,14.0,-65.9,0.0,,31215.604,America/Los_Angeles,34.066547,-118.52405,86.0,96.29034996032715
2026-09-27T22:00,pressure_profile,cmc_gem_seamless,68.4,87.0,64.3,0.0,,282.152,66.3,62.0,52.9,0.0,,2486.877,63.1,21.0,22.5,0.0,,4865.486,45.1,22.0,8.7,0.0,,10183.728,30.7,33.0,4.6,0.0,,14284.777,13.5,17.0,-23.1,0.0,,18976.378,-8.7,7.0,-57.2,0.0,,24476.686,-32.8,10.0,-70.1,0.0,,31199.73,America/Los_Angeles,34.066547,-118.52405,86.0,96.29034996032715
2026-09-27T23:00,pressure_profile,cmc_gem_seamless,67.3,88.0,63.6,0.0,,285.433,64.5,69.0,54.1,0.0,,2483.596,62.6,16.0,15.8,0.0,,4855.643,44.6,29.0,14.2,0.0,,10173.885,30.7,35.0,6.2,0.0,,14271.653,13.5,9.0,-35.8,0.0,,18959.974,-9.2,5.0,-62.1,0.0,,24460.484,-32.8,8.0,-73.3,0.0,,31178.562,America/Los_Angeles,34.066547,-118.52405,86.0,96.29034996032715
2026-09-28T00:00,pressure_profile,cmc_gem_seamless,66.4,91.0,63.7,10.0,,285.433,62.7,75.0,54.7,0.0,,2480.315,62.0,11.0,6.8,0.0,,4845.801,44.1,37.0,19.2,0.0,,10164.042,31.0,26.0,0.3,0.0,,14255.249,13.9,4.0,-47.4,0.0,,18943.57,-9.2,5.0,-62.1,0.0,,24448.334,-32.8,6.0,-77.4,0.0,,31157.396,America/Los_Angeles,34.066547,-118.52405,86.0,96.29034996032715
2026-09-28T01:00,pressure_profile,cmc_gem_seamless,65.5,94.0,63.7,26.0,,288.714,60.9,81.0,55.1,0.0,,2477.034,61.5,5.0,-10.2,0.0,,4839.239,43.2,43.0,22.4,0.0,,10150.919,31.3,13.0,-14.7,0.0,,14238.846,14.4,3.0,-53.7,0.0,,18930.448,-9.2,5.0,-62.1,0.0,,24436.182,-33.7,8.0,-74.1,0.0,,31141.522,America/Los_Angeles,34.066547,-118.52405,86.0,96.29034996032715
2026-09-28T02:00,pressure_profile,cmc_gem_seamless,64.8,96.0,63.6,40.0,,285.433,59.6,86.0,55.4,10.0,,2473.754,60.9,1.0,-40.7,0.0,,4829.397,42.7,43.0,21.9,0.0,,10137.795,31.7,3.0,-43.9,0.0,,14222.441,14.8,1.0,-64.2,0.0,,18914.042,-9.2,7.0,-57.6,0.0,,24424.03,-34.6,8.0,-74.8,0.0,,31125.646,America/Los_Angeles,34.066547,-118.52405,86.0,96.29034996032715
2026-09-28T03:00,pressure_profile,cmc_gem_seamless,64.2,97.0,63.4,48.0,,275.591,58.6,89.0,55.3,20.0,,2463.911,60.5,0.0,,0.0,,4816.273,42.4,32.0,14.8,0.0,,10118.11,31.7,0.0,,0.0,,14199.476,15.2,1.0,-64.0,0.0,,18897.638,-8.7,7.0,-57.2,0.0,,24411.878,-35.5,10.0,-72.3,0.0,,31109.77,America/Los_Angeles,34.066547,-118.52405,86.0,96.29034996032715
2026-09-28T04:00,pressure_profile,cmc_gem_seamless,64.0,97.0,63.2,48.0,,265.748,58.2,90.0,55.3,24.0,,2450.787,60.2,0.0,,0.0,,4799.869,42.4,14.0,-2.8,0.0,,10095.145,31.7,0.0,,0.0,,14176.51,15.6,3.0,-52.8,0.0,,18881.234,-8.7,7.0,-57.2,0.0,,24399.728,-36.4,12.0,-70.4,0.0,,31093.894,America/Los_Angeles,34.066547,-118.52405,86.0,96.29034996032715
2026-09-28T05:00,pressure_profile,cmc_gem_seamless,63.9,97.0,63.0,48.0,,259.186,57.8,91.0,55.2,27.0,,2444.226,59.6,2.0,-29.2,0.0,,4790.027,42.1,1.0,-50.6,0.0,,10075.459,32.0,1.0,-55.1,0.0,,14160.105,16.0,4.0,-45.9,0.0,,18871.39,-8.1,7.0,-56.8,0.0,,24391.626,-37.3,12.0,-71.1,0.0,,31088.606,America/Los_Angeles,34.066547,-118.52405,86.0,96.29034996032715
2026-09-28T06:00,pressure_profile,cmc_gem_seamless,63.7,97.0,62.8,48.0,,262.467,57.6,92.0,55.3,32.0,,2447.507,58.3,11.0,3.9,0.0,,4790.027,41.6,0.0,,0.0,,10065.617,32.7,1.0,-54.7,0.0,,14153.543,16.5,4.0,-45.6,0.0,,18871.39,-8.1,7.0,-56.8,0.0,,24391.626,-37.3,12.0,-71.1,0.0,,31088.606,America/Los_Angeles,34.066547,-118.52405,86.0,96.29034996032715
2026-09-28T07:00,pressure_profile,cmc_gem_seamless,63.7,97.0,62.8,48.0,,272.31,57.6,93.0,55.6,36.0,,2457.349,56.5,23.0,19.2,0.0,,4796.588,41.0,1.0,-51.3,0.0,,10062.336,33.3,1.0,-54.3,0.0,,14156.824,16.5,4.0,-45.6,0.0,,18881.234,-8.7,8.0,-53.7,0.0,,24395.678,-37.3,10.0,-73.8,0.0,,31099.188,America/Los_Angeles,34.066547,-118.52405,86.0,96.29034996032715
2026-09-28T08:00,pressure_profile,cmc_gem_seamless,64.4,94.0,62.6,26.0,,282.152,57.8,92.0,55.5,32.0,,2467.192,55.5,33.0,26.8,0.0,,4803.15,40.5,3.0,-32.8,0.0,,10062.336,34.0,1.0,-53.8,0.0,,14160.105,16.9,4.0,-45.3,0.0,,18887.794,-8.7,8.0,-53.7,0.0,,24403.778,-37.3,8.0,-76.9,0.0,,31104.48,America/Los_Angeles,34.066547,-118.52405,86.0,96.29034996032715
2026-09-28T09:00,pressure_profile,cmc_gem_seamless,66.2,86.0,61.9,0.0,,288.714,58.4,88.0,54.8,16.0,,2477.034,55.0,37.0,29.2,0.0,,4809.712,40.2,3.0,-33.0,0.0,,10068.897,34.3,1.0,-53.6,0.0,,14163.386,16.9,4.0,-45.3,0.0,,18894.358,-8.7,7.0,-57.2,0.0,,24411.878,-37.3,8.0,-76.9,0.0,,31109.77,America/Los_Angeles,34.066547,-118.52405,86.0,96.29034996032715
2026-09-28T10:00,pressure_profile,cmc_gem_seamless,68.7,74.0,60.1,0.0,,291.995,59.4,82.0,53.9,0.0,,2483.596,55.0,38.0,29.9,0.0,,4819.554,39.9,3.0,-33.2,0.0,,10078.74,34.3,1.0,-53.6,0.0,,14169.947,17.3,4.0,-45.0,0.0,,18897.638,-8.7,7.0,-57.2,0.0,,24415.93,-37.3,8.0,-76.9,0.0,,31109.77,America/Los_Angeles,34.066547,-118.52405,86.0,96.29034996032715
2026-09-28T11:00,pressure_profile,cmc_gem_seamless,70.7,66.0,58.8,0.0,,288.714,60.4,77.0,53.1,0.0,,2486.877,55.2,40.0,31.3,0.0,,4826.116,40.2,4.0,-27.8,0.0,,10088.583,34.3,1.0,-53.6,0.0,,14176.51,17.3,4.0,-45.0,0.0,,18907.48,-8.7,5.0,-61.7,0.0,,24428.082,-37.3,8.0,-76.9,0.0,,31120.354,America/Los_Angeles,34.066547,-118.52405,86.0,96.29034996032715
2026-09-28T12:00,pressure_profile,cmc_gem_seamless,71.4,63.0,58.2,0.0,,278.871,61.5,74.0,53.2,0.0,,2480.315,55.7,45.0,34.7,0.0,,4826.116,41.0,9.0,-13.9,0.0,,10101.706,34.3,1.0,-53.6,0.0,,14189.633,17.3,4.0,-45.0,0.0,,18920.604,-8.7,5.0,-61.7,0.0,,24444.284,-36.4,8.0,-76.2,0.0,,31136.228,America/Los_Angeles,34.066547,-118.52405,86.0,96.29034996032715
2026-09-28T13:00,pressure_profile,cmc_gem_seamless,71.6,62.0,57.9,0.0,,262.467,62.9,71.0,53.4,0.0,,2470.473,56.3,50.0,37.9,0.0,,4822.835,42.1,16.0,-1.5,0.0,,10111.549,34.3,1.0,-53.6,0.0,,14202.756,17.7,3.0,-51.4,0.0,,18937.008,-8.1,5.0,-61.2,0.0,,24460.484,-36.4,8.0,-76.2,0.0,,31157.396,America/Los_Angeles,34.066547,-118.52405,86.0,96.29034996032715
2026-09-28T14:00,pressure_profile,cmc_gem_seamless,71.8,62.0,58.1,0.0,,249.344,64.1,67.0,52.9,0.0,,2460.63,57.4,52.0,39.9,0.0,,4819.554,43.2,20.0,4.8,0.0,,10121.392,34.3,1.0,-53.6,0.0,,14215.879,17.7,3.0,-51.4,0.0,,18950.13,-8.1,5.0,-61.2,0.0,,24476.686,-35.5,8.0,-75.5,0.0,,31178.562,America/Los_Angeles,34.066547,-118.52405,86.0,96.29034996032715
2026-09-28T15:00,pressure_profile,cmc_gem_seamless,72.0,60.0,57.3,0.0,,236.22,64.9,62.0,51.6,0.0,,2447.507,58.9,49.0,39.8,0.0,,4812.992,43.5,21.0,6.2,0.0,,10124.672,34.7,1.0,-53.4,0.0,,14222.441,17.7,3.0,-51.4,0.0,,18956.694,-8.1,5.0,-61.2,0.0,,24484.788,-35.5,10.0,-72.3,0.0,,31194.438,America/Los_Angeles,34.066547,-118.52405,86.0,96.29034996032715
2026-09-28T16:00,pressure_profile,cmc_gem_seamless,72.1,59.0,57.0,0.0,,223.097,65.7,56.0,49.5,0.0,,2437.664,60.9,43.0,38.2,0.0,,4806.431,43.8,21.0,6.4,0.0,,10121.392,34.7,3.0,-41.9,0.0,,14225.722,17.7,3.0,-51.4,0.0,,18959.974,-7.5,7.0,-56.3,0.0,,24492.888,-34.6,10.0,-71.6,0.0,,31205.02,America/Los_Angeles,34.066547,-118.52405,86.0,96.29034996032715
2026-09-28T17:00,pressure_profile,cmc_gem_seamless,72.0,58.0,56.4,0.0,,216.535,66.7,51.0,48.0,0.0,,2431.102,62.2,38.0,36.3,0.0,,4806.431,44.1,21.0,6.7,0.0,,10124.672,35.0,3.0,-41.7,0.0,,14232.283,17.7,4.0,-44.7,0.0,,18969.816,-7.5,8.0,-52.8,0.0,,24505.04,-34.6,12.0,-68.9,0.0,,31220.896,America/Los_Angeles,34.066547,-118.52405,86.0,96.29034996032715
2026-09-28T18:00,pressure_profile,cmc_gem_seamless,71.6,60.0,57.0,0.0,,219.816,68.2,47.0,47.2,0.0,,2434.383,62.6,35.0,34.6,0.0,,4816.273,44.9,22.0,8.5,0.0,,10137.795,35.0,3.0,-41.7,0.0,,14245.407,17.7,6.0,-39.7,0.0,,18986.22,-7.5,12.0,-47.2,0.0,,24521.24,-34.6,12.0,-68.9,0.0,,31242.064,America/Los_Angeles,34.066547,-118.52405,86.0,96.29034996032715
2026-09-28T19:00,pressure_profile,cmc_gem_seamless,70.9,62.0,57.2,0.0,,232.94,69.8,43.0,46.3,0.0,,2444.226,62.4,34.0,33.7,0.0,,4829.397,45.7,24.0,11.3,0.0,,10154.199,35.3,3.0,-41.5,0.0,,14258.53,17.7,7.0,-35.8,0.0,,19009.186,-6.9,13.0,-44.5,0.0,,24541.494,-34.6,10.0,-71.6,0.0,,31268.522,America/Los_Angeles,34.066547,-118.52405,86.0,96.29034996032715
2026-09-28T20:00,pressure_profile,cmc_gem_seamless,69.8,65.0,57.5,0.0,,242.782,71.0,40.0,45.4,0.0,,2454.068,62.4,32.0,32.2,0.0,,4839.239,46.2,26.0,12.8,0.0,,10167.323,35.3,3.0,-41.5,0.0,,14274.935,17.7,10.0,-29.8,0.0,,19025.59,-6.9,17.0,-40.7,0.0,,24557.694,-34.6,10.0,-71.6,0.0,,31289.688,America/Los_Angeles,34.066547,-118.52405,86.0,96.29034996032715
2026-09-28T21:00,pressure_profile,cmc_gem_seamless,68.2,68.0,57.2,0.0,,252.625,71.0,37.0,43.4,0.0,,2460.63,62.8,30.0,30.9,0.0,,4845.801,46.5,27.0,14.0,0.0,,10180.446,35.3,3.0,-41.5,0.0,,14288.058,17.7,13.0,-25.1,0.0,,19038.714,-6.4,18.0,-38.6,0.0,,24573.896,-34.6,10.0,-71.6,0.0,,31310.854,America/Los_Angeles,34.066547,-118.52405,86.0,96.29034996032715
2026-09-28T22:00,pressure_profile,cmc_gem_seamless,66.4,70.0,56.3,0.0,,259.186,70.4,34.0,40.7,0.0,,2463.911,63.3,28.0,29.6,0.0,,4849.082,46.5,27.0,14.0,0.0,,10190.289,35.6,3.0,-41.2,0.0,,14304.462,17.7,16.0,-21.3,0.0,,19048.556,-6.4,22.0,-35.6,0.0,,24590.098,-34.6,10.0,-71.6,0.0,,31332.022,America/Los_Angeles,34.066547,-118.52405,86.0,96.29034996032715
2026-09-28T23:00,pressure_profile,cmc_gem_seamless,64.9,71.0,55.3,0.0,,265.748,69.6,32.0,38.4,0.0,,2467.192,63.7,27.0,29.1,0.0,,4849.082,46.5,28.0,14.9,0.0,,10196.851,35.6,4.0,-34.1,0.0,,14314.305,17.7,17.0,-19.6,0.0,,19055.12,-5.8,22.0,-35.2,0.0,,24602.25,-34.6,10.0,-71.6,0.0,,31347.896,America/Los_Angeles,34.066547,-118.52405,86.0,96.29034996032715
2026-09-29T00:00,pressure_profile,cmc_gem_seamless,64.0,69.0,53.7,0.0,,269.029,68.6,31.0,36.8,0.0,,2467.192,64.4,26.0,28.7,0.0,,4849.082,46.5,28.0,14.9,0.0,,10203.412,35.6,5.0,-28.9,0.0,,14317.585,17.7,19.0,-18.1,0.0,,19061.68,-5.2,20.0,-36.1,0.0,,24610.35,-34.6,12.0,-68.9,0.0,,31358.478,America/Los_Angeles,34.066547,-118.52405,86.0,96.29034996032715
2026-09-29T01:00,pressure_profile,cmc_gem_seamless,63.5,65.0,51.5,0.0,,272.31,67.6,30.0,35.1,0.0,,2463.911,64.8,26.0,29.1,0.0,,4849.082,46.2,29.0,15.6,0.0,,10206.693,36.0,6.0,-24.5,0.0,,14317.585,17.7,20.0,-16.6,0.0,,19064.96,-4.7,18.0,-37.1,0.0,,24614.4,-35.5,12.0,-69.7,0.0,,31363.772,America/Los_Angeles,34.066547,-118.52405,86.0,96.29034996032715
2026-09-29T02:00,pressure_profile,cmc_gem_seamless,63.1,61.0,49.5,0.0,,272.31,67.0,30.0,34.6,0.0,,2460.63,65.5,26.0,29.7,0.0,,4845.801,46.2,29.0,15.6,0.0,,10206.693,36.0,8.0,-21.0,0.0,,14317.585,17.7,20.0,-16.6,0.0,,19064.96,-4.1,15.0,-40.2,0.0,,24618.452,-35.5,14.0,-67.4,0.0,,31369.062,America/Los_Angeles,34.066547,-118.52405,86.0,96.29034996032715
2026-09-29T03:00,pressure_profile,cmc_gem_seamless,62.8,57.0,47.3,0.0,,265.748,67.2,30.0,34.7,0.0,,2454.068,65.9,26.0,30.0,0.0,,4839.239,46.2,29.0,15.6,0.0,,10203.412,36.0,9.0,-18.1,0.0,,14317.585,18.1,20.0,-16.3,0.0,,19061.68,-3.5,12.0,-44.0,0.0,,24622.502,-35.5,14.0,-67.4,0.0,,31374.356,America/Los_Angeles,34.066547,-118.52405,86.0,96.29034996032715
2026-09-29T04:00,pressure_profile,cmc_gem_seamless,62.6,52.0,44.7,0.0,,255.906,68.0,30.0,35.4,0.0,,2444.226,66.5,26.0,30.6,0.0,,4835.958,46.2,29.0,15.6,0.0,,10196.851,36.3,10.0,-15.2,0.0,,14317.585,18.1,20.0,-16.3,0.0,,19058.398,-3.5,8.0,-49.6,0.0,,24622.502,-35.5,16.0,-65.4,0.0,,31379.644,America/Los_Angeles,34.066547,-118.52405,86.0,96.29034996032715
2026-09-29T05:00,pressure_profile,cmc_gem_seamless,62.4,48.0,42.5,0.0,,249.344,68.8,30.0,36.1,0.0,,2440.945,67.0,26.0,31.0,0.0,,4832.677,46.5,28.0,14.9,0.0,,10193.569,36.3,11.0,-12.8,0.0,,14320.866,18.6,20.0,-15.9,0.0,,19058.398,-2.9,7.0,-52.8,0.0,,24630.602,-35.5,16.0,-65.4,0.0,,31390.23,America/Los_Angeles,34.066547,-118.52405,86.0,96.29034996032715
2026-09-29T06:00,pressure_profile,cmc_gem_seamless,61.9,46.0,40.9,0.0,,252.625,69.2,29.0,35.6,0.0,,2444.226,67.4,25.0,30.4,0.0,,4835.958,46.8,27.0,14.3,0.0,,10200.131,36.3,13.0,-10.7,0.0,,14330.709,18.6,19.0,-17.4,0.0,,19064.96,-2.9,5.0,-57.4,0.0,,24642.754,-35.5,16.0,-65.4,0.0,,31406.106,America/Los_Angeles,34.066547,-118.52405,86.0,96.29034996032715
2026-09-29T07:00,pressure_profile,cmc_gem_seamless,61.5,45.0,40.0,0.0,,259.186,69.6,28.0,35.1,0.0,,2450.787,67.6,24.0,29.5,0.0,,4845.801,47.3,26.0,13.8,0.0,,10209.974,36.0,14.0,-9.1,0.0,,14343.832,18.6,19.0,-17.4,0.0,,19074.802,-2.4,5.0,-56.9,0.0,,24663.004,-35.5,14.0,-67.4,0.0,,31421.978,America/Los_Angeles,34.066547,-118.52405,86.0,96.29034996032715
2026-09-29T08:00,pressure_profile,cmc_gem_seamless,62.1,45.0,40.5,0.0,,265.748,70.2,27.0,34.6,0.0,,2457.349,68.1,23.0,28.9,0.0,,4855.643,47.6,24.0,13.0,0.0,,10223.098,36.0,15.0,-7.3,0.0,,14356.955,18.6,17.0,-18.9,0.0,,19087.926,-2.4,5.0,-56.9,0.0,,24679.208,-35.5,14.0,-67.4,0.0,,31437.854,America/Los_Angeles,34.066547,-118.52405,86.0,96.29034996032715
2026-09-29T09:00,pressure_profile,cmc_gem_seamless,64.8,45.0,42.9,0.0,,269.029,71.0,26.0,34.4,0.0,,2467.192,68.5,22.0,28.1,0.0,,4865.486,47.9,23.0,12.2,0.0,,10239.501,36.0,16.0,-5.6,0.0,,14370.079,19.0,16.0,-20.3,0.0,,19104.33,-2.4,5.0,-56.9,0.0,,24695.408,-35.5,14.0,-67.4,0.0,,31453.73,America/Los_Angeles,34.066547,-118.52405,86.0,96.29034996032715
2026-09-29T10:00,pressure_profile,cmc_gem_seamless,68.5,45.0,46.4,0.0,,265.748,72.2,25.0,34.4,0.0,,2473.754,69.1,21.0,27.5,0.0,,4878.609,47.9,22.0,11.1,0.0,,10255.905,35.6,18.0,-4.4,0.0,,14383.202,19.4,14.0,-21.7,0.0,,19120.734,-2.4,7.0,-52.4,0.0,,24707.56,-35.5,12.0,-69.7,0.0,,31469.606,America/Los_Angeles,34.066547,-118.52405,86.0,96.29034996032715
2026-09-29T11:00,pressure_profile,cmc_gem_seamless,71.6,45.0,49.1,0.0,,259.186,73.3,24.0,34.4,0.0,,2477.034,69.6,20.0,26.7,0.0,,4885.171,48.2,21.0,10.1,0.0,,10265.748,35.6,19.0,-2.9,0.0,,14393.045,19.8,14.0,-21.4,0.0,,19133.86,-2.4,7.0,-52.4,0.0,,24719.71,-35.5,12.0,-69.7,0.0,,31480.188,America/Los_Angeles,34.066547,-118.52405,86.0,96.29034996032715
2026-09-29T12:00,pressure_profile,cmc_gem_seamless,73.2,46.0,51.2,0.0,,239.501,74.9,23.0,34.6,0.0,,2467.192,70.0,20.0,27.1,0.0,,4878.609,48.4,20.0,9.2,0.0,,10262.467,35.6,20.0,-1.5,0.0,,14393.045,20.2,14.0,-21.1,0.0,,19137.138,-2.4,7.0,-52.4,0.0,,24723.762,-35.5,12.0,-69.7,0.0,,31485.48,America/Los_Angeles,34.066547,-118.52405,86.0,96.29034996032715
2026-09-29T13:00,pressure_profile,cmc_gem_seamless,74.3,47.0,52.8,0.0,,216.535,76.9,23.0,36.3,0.0,,2454.068,70.5,20.0,27.4,0.0,,4868.767,48.4,20.0,9.2,0.0,,10252.625,36.0,20.0,-1.3,0.0,,14389.764,20.7,16.0,-18.9,0.0,,19133.86,-1.8,7.0,-51.9,0.0,,24719.71,-35.5,12.0,-69.7,0.0,,31485.48,America/Los_Angeles,34.066547,-118.52405,86.0,96.29034996032715
2026-09-29T14:00,pressure_profile,cmc_gem_seamless,75.2,49.0,54.7,0.0,,193.57,78.5,22.0,36.5,0.0,,2440.945,70.9,20.0,27.8,0.0,,4858.924,48.7,19.0,8.1,0.0,,10246.063,36.0,20.0,-1.3,0.0,,14386.483,20.7,16.0,-18.9,0.0,,19130.578,-1.8,7.0,-51.9,0.0,,24719.71,-35.5,12.0,-69.7,0.0,,31485.48,America/Los_Angeles,34.066547,-118.52405,86.0,96.29034996032715
2026-09-29T15:00,pressure_profile,cmc_gem_seamless,76.3,50.0,56.3,0.0,,177.165,79.6,22.0,37.4,0.0,,2431.102,71.3,20.0,28.2,0.0,,4852.363,49.0,18.0,7.0,0.0,,10242.782,36.3,20.0,-1.0,0.0,,14383.202,20.7,16.0,-18.9,0.0,,19130.578,-1.8,7.0,-51.9,0.0,,24719.71,-35.5,12.0,-69.7,0.0,,31485.48,America/Los_Angeles,34.066547,-118.52405,86.0,96.29034996032715
2026-09-29T16:00,pressure_profile,cmc_gem_seamless,77.0,52.0,58.0,0.0,,164.042,80.6,21.0,37.1,0.0,,2421.26,71.5,21.0,29.5,0.0,,4845.801,49.0,18.0,7.0,0.0,,10239.501,36.3,19.0,-2.4,0.0,,14376.641,20.2,17.0,-17.5,0.0,,19127.296,-1.8,7.0,-51.9,0.0,,24715.662,-35.5,12.0,-69.7,0.0,,31485.48,America/Los_Angeles,34.066547,-118.52405,86.0,96.29034996032715
2026-09-29T17:00,pressure_profile,cmc_gem_seamless,77.2,54.0,59.3,0.0,,157.48,81.2,21.0,37.6,0.0,,2414.698,71.8,22.0,30.9,0.0,,4842.52,49.3,18.0,7.2,0.0,,10236.221,36.6,19.0,-2.1,0.0,,14376.641,20.2,17.0,-17.5,0.0,,19127.296,-1.8,7.0,-51.9,0.0,,24715.662,-35.5,12.0,-69.7,0.0,,31485.48,America/Los_Angeles,34.066547,-118.52405,86.0,96.29034996032715
2026-09-29T18:00,pressure_profile,cmc_gem_seamless,76.3,57.0,59.9,0.0,,154.199,81.6,21.0,37.9,0.0,,2411.417,71.8,23.0,32.0,0.0,,4839.239,49.3,19.0,8.6,0.0,,10236.221,36.6,19.0,-2.1,0.0,,14379.921,20.2,17.0,-17.5,0.0,,19127.296,-1.8,7.0,-51.9,0.0,,24719.71,-35.5,12.0,-69.7,0.0,,31490.77,America/Los_Angeles,34.066547,-118.52405,86.0,96.29034996032715
2026-09-29T19:00,pressure_profile,cmc_gem_seamless,74.8,60.0,60.0,0.0,,157.48,81.6,22.0,39.1,0.0,,2411.417,71.8,24.0,33.0,0.0,,4839.239,49.5,20.0,10.1,0.0,,10239.501,37.0,18.0,-3.3,0.0,,14386.483,19.8,17.0,-17.9,0.0,,19130.578,-1.8,7.0,-51.9,0.0,,24727.812,-35.5,12.0,-69.7,0.0,,31501.356,America/Los_Angeles,34.066547,-118.52405,86.0,96.29034996032715
2026-09-29T20:00,pressure_profile,cmc_gem_seamless,73.2,62.0,59.4,0.0,,164.042,81.4,22.0,38.9,0.0,,2414.698,71.8,25.0,34.0,0.0,,4842.52,49.5,21.0,11.3,0.0,,10242.782,37.0,18.0,-3.3,0.0,,14393.045,19.8,17.0,-17.9,0.0,,19133.86,-1.8,7.0,-51.9,0.0,,24735.914,-35.5,12.0,-69.7,0.0,,31506.646,America/Los_Angeles,34.066547,-118.52405,86.0,96.29034996032715
2026-09-29T21:00,pressure_profile,cmc_gem_seamless,71.4,64.0,58.6,0.0,,177.165,81.2,23.0,39.9,0.0,,2424.541,71.8,26.0,35.0,0.0,,4852.363,49.5,22.0,12.4,0.0,,10249.344,37.0,18.0,-3.3,0.0,,14399.606,19.8,17.0,-17.9,0.0,,19143.702,-1.8,7.0,-51.9,0.0,,24739.962,-35.5,12.0,-69.7,0.0,,31511.94,America/Los_Angeles,34.066547,-118.52405,86.0,96.29034996032715
2026-09-29T22:00,pressure_profile,cmc_gem_seamless,69.4,66.0,57.6,0.0,,193.57,80.8,23.0,39.6,0.0,,2437.664,71.8,27.0,36.0,0.0,,4865.486,49.3,23.0,13.3,0.0,,10259.187,37.0,16.0,-4.8,0.0,,14402.888,19.8,17.0,-17.9,0.0,,19153.542,-1.8,5.0,-56.5,0.0,,24748.064,-35.5,12.0,-69.7,0.0,,31522.522,America/Los_Angeles,34.066547,-118.52405,86.0,96.29034996032715
2026-09-29T23:00,pressure_profile,cmc_gem_seamless,68.0,66.0,56.2,0.0,,206.693,80.2,24.0,40.2,0.0,,2444.226,71.8,27.0,36.0,0.0,,4872.048,49.3,23.0,13.3,0.0,,10265.748,37.0,16.0,-4.8,0.0,,14406.168,19.8,17.0,-17.9,0.0,,19156.824,-1.8,5.0,-56.5,0.0,,24748.064,-35.5,12.0,-69.7,0.0,,31522.522,America/Los_Angeles,34.066547,-118.52405,86.0,96.29034996032715
2026-09-30T00:00,pressure_profile,cmc_gem_seamless,67.3,63.0,54.3,0.0,,206.693,79.6,25.0,40.7,0.0,,2440.945,71.8,27.0,36.0,0.0,,4868.767,49.3,23.0,13.3,0.0,,10262.467,36.6,16.0,-5.1,0.0,,14402.888,19.8,16.0,-19.6,0.0,,19150.262,-1.8,5.0,-56.5,0.0,,24744.014,-35.5,12.0,-69.7,0.0,,31517.228,America/Los_Angeles,34.066547,-118.52405,86.0,96.29034996032715
2026-09-30T01:00,pressure_profile,cmc_gem_seamless,67.1,58.0,51.8,0.0,,203.412,78.9,26.0,41.1,0.0,,2434.383,71.5,26.0,34.8,0.0,,4862.205,49.5,22.0,12.4,0.0,,10252.625,36.3,16.0,-5.3,0.0,,14393.045,20.2,16.0,-19.2,0.0,,19140.42,-2.4,5.0,-56.9,0.0,,24731.862,-35.5,12.0,-69.7,0.0,,31506.646,America/Los_Angeles,34.066547,-118.52405,86.0,96.29034996032715
2026-09-30T02:00,pressure_profile,cmc_gem_seamless,66.9,53.0,49.2,0.0,,200.131,78.3,27.0,41.5,0.0,,2427.822,71.5,25.0,33.9,0.0,,4855.643,49.5,21.0,11.3,0.0,,10246.063,36.0,16.0,-5.6,0.0,,14386.483,20.2,14.0,-21.1,0.0,,19130.578,-2.4,5.0,-56.9,0.0,,24723.762,-35.5,12.0,-69.7,0.0,,31496.062,America/Los_Angeles,34.066547,-118.52405,86.0,96.29034996032715
2026-09-30T03:00,pressure_profile,cmc_gem_seamless,66.6,48.0,46.3,0.0,,196.85,78.1,28.0,42.3,0.0,,2424.541,71.5,24.0,32.8,0.0,,4852.363,49.5,20.0,10.1,0.0,,10239.501,35.6,16.0,-5.9,0.0,,14379.921,20.2,13.0,-23.1,0.0,,19124.016,-2.4,5.0,-56.9,0.0,,24715.662,-35.5,12.0,-69.7,0.0,,31485.48,America/Los_Angeles,34.066547,-118.52405,86.0,96.29034996032715
2026-09-30T04:00,pressure_profile,cmc_gem_seamless,66.4,42.0,42.6,0.0,,193.57,78.1,28.0,42.3,0.0,,2421.26,71.5,23.0,31.8,0.0,,4845.801,49.3,18.0,7.2,0.0,,10236.221,35.3,16.0,-6.2,0.0,,14370.079,20.2,13.0,-23.1,0.0,,19117.456,-2.4,5.0,-56.9,0.0,,24707.56,-35.5,10.0,-72.3,0.0,,31480.188,America/Los_Angeles,34.066547,-118.52405,86.0,96.29034996032715
2026-09-30T05:00,pressure_profile,cmc_gem_seamless,66.2,38.0,39.8,0.0,,193.57,78.1,28.0,42.3,0.0,,2421.26,71.5,22.0,30.7,0.0,,4845.801,49.3,17.0,5.8,0.0,,10232.939,35.3,16.0,-6.2,0.0,,14366.798,20.2,11.0,-25.3,0.0,,19114.174,-2.4,5.0,-56.9,0.0,,24703.508,-35.5,10.0,-72.3,0.0,,31474.894,America/Los_Angeles,34.066547,-118.52405,86.0,96.29034996032715
2026-09-30T06:00,pressure_profile,cmc_gem_seamless,65.7,37.0,38.7,0.0,,196.85,77.9,28.0,42.2,0.0,,2424.541,71.5,21.0,29.5,0.0,,4845.801,49.3,16.0,4.3,0.0,,10232.939,35.3,16.0,-6.2,0.0,,14370.079,20.2,11.0,-25.3,0.0,,19114.174,-2.4,5.0,-56.9,0.0,,24707.56,-35.5,10.0,-72.3,0.0,,31480.188,America/Los_Angeles,34.066547,-118.52405,86.0,96.29034996032715
2026-09-30T07:00,pressure_profile,cmc_gem_seamless,65.3,37.0,38.4,0.0,,200.131,77.5,27.0,40.9,0.0,,2427.822,71.8,21.0,29.7,0.0,,4849.082,49.0,16.0,4.1,0.0,,10236.221,35.3,16.0,-6.2,0.0,,14379.921,20.2,10.0,-27.8,0.0,,19114.174,-2.4,5.0,-56.9,0.0,,24715.662,-35.5,8.0,-75.5,0.0,,31490.77,America/Los_Angeles,34.066547,-118.52405,86.0,96.29034996032715
2026-09-30T08:00,pressure_profile,cmc_gem_seamless,66.0,37.0,39.0,0.0,,203.412,77.5,26.0,39.9,0.0,,2434.383,71.8,20.0,28.5,0.0,,4855.643,49.0,14.0,2.5,0.0,,10242.782,35.6,16.0,-5.9,0.0,,14386.483,20.2,10.0,-27.8,0.0,,19120.734,-2.4,5.0,-56.9,0.0,,24723.762,-35.5,8.0,-75.5,0.0,,31501.356,America/Los_Angeles,34.066547,-118.52405,86.0,96.29034996032715
2026-09-30T09:00,pressure_profile,cmc_gem_seamless,69.1,37.0,41.7,0.0,,209.974,77.9,25.0,39.2,0.0,,2444.226,71.8,19.0,27.3,0.0,,4868.767,49.0,13.0,0.7,0.0,,10252.625,36.0,16.0,-5.6,0.0,,14393.045,20.2,10.0,-27.8,0.0,,19130.578,-2.4,5.0,-56.9,0.0,,24731.862,-35.5,8.0,-75.5,0.0,,31511.94,America/Los_Angeles,34.066547,-118.52405,86.0,96.29034996032715
2026-09-30T10:00,pressure_profile,cmc_gem_seamless,73.2,38.0,46.1,0.0,,216.535,78.5,24.0,38.7,0.0,,2457.349,72.0,18.0,26.1,0.0,,4881.89,48.7,13.0,0.5,0.0,,10265.748,36.0,15.0,-7.3,0.0,,14402.888,20.7,9.0,-30.3,0.0,,19146.982,-1.8,5.0,-56.5,0.0,,24744.014,-34.6,8.0,-74.8,0.0,,31522.522,America/Los_Angeles,34.066547,-118.52405,86.0,96.29034996032715
2026-09-30T11:00,pressure_profile,cmc_gem_seamless,76.6,39.0,49.8,0.0,,213.255,79.3,23.0,38.3,0.0,,2460.63,72.0,18.0,26.1,0.0,,4888.452,48.7,13.0,0.5,0.0,,10272.31,36.3,15.0,-7.0,0.0,,14406.168,20.7,9.0,-30.3,0.0,,19153.542,-1.8,5.0,-56.5,0.0,,24748.064,-34.6,8.0,-74.8,0.0,,31533.104,America/Los_Angeles,34.066547,-118.52405,86.0,96.29034996032715
2026-09-30T12:00,pressure_profile,cmc_gem_seamless,78.6,39.0,51.6,0.0,,196.85,80.2,22.0,37.9,0.0,,2450.787,72.2,18.0,26.3,0.0,,4881.89,48.7,14.0,2.2,0.0,,10265.748,36.3,15.0,-7.0,0.0,,14402.888,20.7,9.0,-30.3,0.0,,19150.262,-1.2,5.0,-56.1,0.0,,24748.064,-34.6,8.0,-74.8,0.0,,31533.104,America/Los_Angeles,34.066547,-118.52405,86.0,96.29034996032715
2026-09-30T13:00,pressure_profile,cmc_gem_seamless,79.9,40.0,53.4,0.0,,173.885,81.2,21.0,37.6,0.0,,2437.664,72.2,19.0,27.6,0.0,,4865.486,49.0,16.0,4.1,0.0,,10252.625,36.6,14.0,-8.5,0.0,,14396.325,20.7,7.0,-33.6,0.0,,19140.42,-1.2,5.0,-56.1,0.0,,24739.962,-34.6,8.0,-74.8,0.0,,31533.104,America/Los_Angeles,34.066547,-118.52405,86.0,96.29034996032715
2026-09-30T14:00,pressure_profile,cmc_gem_seamless,80.8,40.0,54.2,0.0,,154.199,82.2,20.0,37.1,0.0,,2421.26,72.4,19.0,27.8,0.0,,4852.363,49.3,18.0,7.2,0.0,,10242.782,36.6,14.0,-8.5,0.0,,14386.483,20.7,7.0,-33.6,0.0,,19130.578,-0.6,5.0,-55.7,0.0,,24735.914,-34.6,8.0,-74.8,0.0,,31527.814,America/Los_Angeles,34.066547,-118.52405,86.0,96.29034996032715
2026-09-30T15:00,pressure_profile,cmc_gem_seamless,81.7,40.0,55.0,0.0,,137.795,83.2,19.0,36.7,0.0,,2408.137,72.6,19.0,28.0,0.0,,4842.52,49.5,20.0,10.1,0.0,,10236.221,36.6,14.0,-8.5,0.0,,14376.641,21.1,7.0,-33.3,0.0,,19124.016,-0.6,5.0,-55.7,0.0,,24731.862,-34.6,8.0,-74.8,0.0,,31522.522,America/Los_Angeles,34.066547,-118.52405,86.0,96.29034996032715
2026-09-30T16:00,pressure_profile,cmc_gem_seamless,82.4,41.0,56.3,0.0,,118.11,84.2,19.0,37.5,0.0,,2395.013,72.8,20.0,29.4,0.0,,4829.397,49.8,21.0,11.5,0.0,,10229.659,36.6,13.0,-10.5,0.0,,14370.079,21.1,6.0,-37.2,0.0,,19120.734,-0.1,3.0,-61.6,0.0,,24723.762,-33.7,8.0,-74.1,0.0,,31522.522,America/Los_Angeles,34.066547,-118.52405,86.0,96.29034996032715
2026-09-30T17:00,pressure_profile,cmc_gem_seamless,82.4,41.0,56.3,0.0,,108.268,84.8,18.0,36.6,0.0,,2385.171,73.1,20.0,29.6,0.0,,4822.835,49.8,23.0,13.8,0.0,,10226.378,36.6,13.0,-10.5,0.0,,14363.518,21.5,6.0,-36.9,0.0,,19117.456,-0.1,3.0,-61.6,0.0,,24723.762,-33.7,8.0,-74.1,0.0,,31522.522,America/Los_Angeles,34.066547,-118.52405,86.0,96.29034996032715
2026-09-30T18:00,pressure_profile,cmc_gem_seamless,81.7,42.0,56.4,0.0,,104.987,85.0,18.0,36.7,0.0,,2381.89,73.3,20.0,29.8,0.0,,4819.554,49.8,26.0,15.9,0.0,,10223.098,37.0,13.0,-10.2,0.0,,14363.518,21.5,6.0,-36.9,0.0,,19117.456,-0.1,3.0,-61.6,0.0,,24727.812,-32.8,8.0,-73.3,0.0,,31527.814,America/Los_Angeles,34.066547,-118.52405,86.0,96.29034996032715
2026-09-30T19:00,pressure_profile,cmc_gem_seamless,80.4,43.0,55.9,0.0,,104.987,85.0,17.0,35.3,0.0,,2378.609,73.5,21.0,31.2,0.0,,4819.554,49.5,27.0,16.6,0.0,,10223.098,37.0,11.0,-12.3,0.0,,14366.798,21.9,4.0,-41.6,0.0,,19117.456,-0.1,3.0,-61.6,0.0,,24731.862,-32.8,6.0,-77.4,0.0,,31533.104,America/Los_Angeles,34.066547,-118.52405,86.0,96.29034996032715
2026-09-30T20:00,pressure_profile,cmc_gem_seamless,79.0,44.0,55.2,0.0,,108.268,84.8,17.0,35.1,0.0,,2381.89,73.5,21.0,31.2,0.0,,4819.554,49.3,29.0,18.2,0.0,,10226.378,37.3,11.0,-12.1,0.0,,14370.079,21.9,4.0,-41.6,0.0,,19120.734,-0.1,3.0,-61.6,0.0,,24739.962,-31.9,6.0,-76.7,0.0,,31543.688,America/Los_Angeles,34.066547,-118.52405,86.0,96.29034996032715
2026-09-30T21:00,pressure_profile,cmc_gem_seamless,77.2,45.0,54.2,0.0,,118.11,84.8,17.0,35.1,0.0,,2388.452,73.5,21.0,31.2,0.0,,4826.116,49.0,31.0,19.7,0.0,,10232.939,37.3,11.0,-12.1,0.0,,14373.359,21.9,4.0,-41.6,0.0,,19127.296,-0.1,3.0,-61.6,0.0,,24748.064,-31.0,6.0,-76.0,0.0,,31554.274,America/Los_Angeles,34.066547,-118.52405,86.0,96.29034996032715
2026-09-30T22:00,pressure_profile,cmc_gem_seamless,74.8,46.0,52.7,0.0,,131.234,84.8,18.0,36.6,0.0,,2398.294,73.5,22.0,32.3,0.0,,4835.958,49.0,32.0,20.5,0.0,,10239.501,37.6,10.0,-14.1,0.0,,14379.921,21.9,4.0,-41.6,0.0,,19140.42,-0.1,3.0,-61.6,0.0,,24752.114,-31.0,4.0,-81.6,0.0,,31559.562,America/Los_Angeles,34.066547,-118.52405,86.0,96.29034996032715
2026-09-30T23:00,pressure_profile,cmc_gem_seamless,72.9,46.0,50.9,0.0,,141.076,84.4,18.0,36.2,0.0,,2401.575,73.5,22.0,32.3,0.0,,4839.239,48.7,33.0,21.1,0.0,,10242.782,37.6,10.0,-14.1,0.0,,14379.921,21.9,4.0,-41.6,0.0,,19143.702,-0.1,3.0,-61.6,0.0,,24756.166,-30.1,4.0,-81.0,0.0,,31564.856,America/Los_Angeles,34.066547,-118.52405,86.0,96.29034996032715
2026-10-01T00:00,pressure_profile,cmc_gem_seamless,71.1,46.0,49.2,0.0,,147.638,83.6,19.0,37.0,0.0,,2398.294,73.5,22.0,32.3,0.0,,4835.958,48.7,33.0,21.1,0.0,,10236.221,37.6,10.0,-14.1,0.0,,14376.641,21.9,4.0,-41.6,0.0,,19137.138,-0.1,3.0,-61.6,0.0,,24752.114,-30.1,4.0,-81.0,0.0,,31564.856,America/Los_Angeles,34.066547,-118.52405,86.0,96.29034996032715
2026-10-01T01:00,pressure_profile,cmc_gem_seamless,69.3,45.0,47.0,0.0,,147.638,82.4,19.0,36.0,0.0,,2391.733,73.3,21.0,31.0,0.0,,4826.116,48.4,33.0,20.9,0.0,,10226.378,37.3,10.0,-14.4,0.0,,14366.798,21.9,6.0,-36.6,0.0,,19127.296,0.5,3.0,-61.2,0.0,,24744.014,-29.2,4.0,-80.3,0.0,,31559.562,America/Los_Angeles,34.066547,-118.52405,86.0,96.29034996032715
2026-10-01T02:00,pressure_profile,cmc_gem_seamless,68.0,44.0,45.3,0.0,,150.919,81.4,20.0,36.5,0.0,,2385.171,73.3,21.0,31.0,0.0,,4819.554,48.4,32.0,20.1,0.0,,10216.535,37.3,10.0,-14.4,0.0,,14360.236,21.9,6.0,-36.6,0.0,,19117.456,0.5,3.0,-61.2,0.0,,24735.914,-29.2,4.0,-80.3,0.0,,31554.274,America/Los_Angeles,34.066547,-118.52405,86.0,96.29034996032715
2026-10-01T03:00,pressure_profile,cmc_gem_seamless,67.3,43.0,44.0,0.0,,154.199,80.6,21.0,37.1,0.0,,2385.171,73.1,21.0,30.8,0.0,,4816.273,48.4,31.0,19.2,0.0,,10213.255,37.0,10.0,-14.7,0.0,,14353.675,21.9,6.0,-36.6,0.0,,19110.892,0.5,3.0,-61.2,0.0,,24727.812,-29.2,4.0,-80.3,0.0,,31548.98,America/Los_Angeles,34.066547,-118.52405,86.0,96.29034996032715
2026-10-01T04:00,pressure_profile,cmc_gem_seamless,66.9,42.0,43.1,0.0,,157.48,80.0,21.0,36.6,0.0,,2385.171,73.1,20.0,29.6,0.0,,4816.273,48.2,30.0,18.2,0.0,,10209.974,36.6,11.0,-12.6,0.0,,14347.113,21.9,6.0,-36.6,0.0,,19104.33,0.5,3.0,-61.2,0.0,,24719.71,-29.2,6.0,-74.6,0.0,,31548.98,America/Los_Angeles,34.066547,-118.52405,86.0,96.29034996032715
2026-10-01T05:00,pressure_profile,cmc_gem_seamless,66.7,41.0,42.3,0.0,,160.761,79.4,22.0,37.3,0.0,,2388.452,72.8,20.0,29.4,0.0,,4816.273,48.2,28.0,16.4,0.0,,10209.974,36.6,11.0,-12.6,0.0,,14343.832,21.9,6.0,-36.6,0.0,,19101.05,0.5,3.0,-61.2,0.0,,24719.71,-29.2,6.0,-74.6,0.0,,31548.98,America/Los_Angeles,34.066547,-118.52405,86.0,96.29034996032715
2026-10-01T06:00,pressure_profile,cmc_gem_seamless,66.4,41.0,42.0,0.0,,167.323,79.1,23.0,38.1,0.0,,2391.733,72.6,20.0,29.2,0.0,,4819.554,48.2,26.0,14.5,0.0,,10209.974,36.6,11.0,-12.6,0.0,,14347.113,21.9,6.0,-36.6,0.0,,19104.33,0.5,5.0,-54.8,0.0,,24727.812,-29.2,6.0,-74.6,0.0,,31559.562,America/Los_Angeles,34.066547,-118.52405,86.0,96.29034996032715
2026-10-01T07:00,pressure_profile,cmc_gem_seamless,66.0,41.0,41.6,0.0,,170.604,78.9,23.0,37.9,0.0,,2398.294,72.4,21.0,30.3,0.0,,4822.835,48.4,23.0,12.6,0.0,,10213.255,36.6,11.0,-12.6,0.0,,14356.955,22.3,4.0,-41.3,0.0,,19107.612,0.5,5.0,-54.8,0.0,,24744.014,-28.3,6.0,-73.9,0.0,,31580.73,America/Los_Angeles,34.066547,-118.52405,86.0,96.29034996032715
2026-10-01T08:00,pressure_profile,cmc_gem_seamless,66.7,41.0,42.3,0.0,,177.165,78.7,24.0,38.8,0.0,,2404.856,72.4,21.0,30.3,0.0,,4829.397,48.7,21.0,10.6,0.0,,10219.816,37.0,11.0,-12.3,0.0,,14366.798,22.8,4.0,-41.0,0.0,,19117.456,0.5,7.0,-50.2,0.0,,24756.166,-28.3,6.0,-73.9,0.0,,31596.606,America/Los_Angeles,34.066547,-118.52405,86.0,96.29034996032715
2026-10-01T09:00,pressure_profile,cmc_gem_seamless,69.4,41.0,44.7,0.0,,180.446,78.5,24.0,38.7,0.0,,2414.698,72.4,21.0,30.3,0.0,,4839.239,49.0,19.0,8.3,0.0,,10229.659,37.3,11.0,-12.1,0.0,,14376.641,23.2,4.0,-40.7,0.0,,19133.86,0.5,7.0,-50.2,0.0,,24768.316,-27.4,6.0,-73.2,0.0,,31612.478,America/Los_Angeles,34.066547,-118.52405,86.0,96.29034996032715
2026-10-01T10:00,pressure_profile,cmc_gem_seamless,73.0,42.0,48.6,0.0,,183.727,78.1,24.0,38.3,0.0,,2424.541,72.4,21.0,30.3,0.0,,4849.082,49.5,17.0,6.0,0.0,,10242.782,37.3,11.0,-12.1,0.0,,14386.483,23.6,4.0,-40.4,0.0,,19150.262,0.5,8.0,-46.5,0.0,,24784.518,-27.4,6.0,-73.2,0.0,,31628.354,America/Los_Angeles,34.066547,-118.52405,86.0,96.29034996032715
2026-10-01T11:00,pressure_profile,cmc_gem_seamless,75.9,43.0,51.8,0.0,,183.727,78.3,24.0,38.5,0.0,,2427.822,72.6,21.0,30.4,0.0,,4855.643,49.8,16.0,4.7,0.0,,10249.344,37.6,11.0,-11.8,0.0,,14393.045,24.0,4.0,-40.1,0.0,,19163.386,0.5,8.0,-46.5,0.0,,24792.62,-26.5,8.0,-68.4,0.0,,31644.23,America/Los_Angeles,34.066547,-118.52405,86.0,96.29034996032715
2026-10-01T12:00,pressure_profile,cmc_gem_seamless,77.4,44.0,53.8,0.0,,173.885,79.1,23.0,38.1,0.0,,2421.26,72.8,21.0,30.6,0.0,,4852.363,50.1,14.0,3.3,0.0,,10249.344,38.0,11.0,-11.5,0.0,,14393.045,24.0,6.0,-35.0,0.0,,19163.386,0.5,8.0,-46.5,0.0,,24796.67,-26.5,10.0,-65.0,0.0,,31654.812,America/Los_Angeles,34.066547,-118.52405,86.0,96.29034996032715
2026-10-01T13:00,pressure_profile,cmc_gem_seamless,78.1,46.0,55.6,0.0,,157.48,80.4,23.0,39.2,0.0,,2411.417,72.8,20.0,29.4,0.0,,4842.52,50.4,14.0,3.6,0.0,,10242.782,38.0,13.0,-9.4,0.0,,14393.045,23.6,9.0,-28.0,0.0,,19160.106,1.1,8.0,-46.0,0.0,,24796.67,-25.6,12.0,-61.5,0.0,,31654.812,America/Los_Angeles,34.066547,-118.52405,86.0,96.29034996032715
2026-10-01T14:00,pressure_profile,cmc_gem_seamless,78.4,48.0,57.1,0.0,,144.357,81.4,22.0,38.9,0.0,,2401.575,73.1,19.0,28.3,0.0,,4832.677,50.6,14.0,3.8,0.0,,10236.221,38.3,13.0,-9.1,0.0,,14389.764,23.6,10.0,-25.1,0.0,,19156.824,1.1,8.0,-46.0,0.0,,24796.67,-25.6,14.0,-59.1,0.0,,31660.106,America/Los_Angeles,34.066547,-118.52405,86.0,96.29034996032715
2026-10-01T15:00,pressure_profile,cmc_gem_seamless,78.4,50.0,58.3,0.0,,127.953,82.0,21.0,38.2,0.0,,2388.452,73.3,18.0,27.2,0.0,,4822.835,51.2,14.0,4.2,0.0,,10232.939,38.3,13.0,-9.1,0.0,,14386.483,23.6,13.0,-20.4,0.0,,19156.824,1.6,8.0,-45.6,0.0,,24792.62,-25.6,16.0,-57.1,0.0,,31660.106,America/Los_Angeles,34.066547,-118.52405,86.0,96.29034996032715
2026-10-01T16:00,pressure_profile,cmc_gem_seamless,78.3,51.0,58.7,0.0,,114.829,82.2,20.0,37.1,0.0,,2378.609,73.7,17.0,26.2,0.0,,4812.992,51.4,16.0,6.1,0.0,,10229.659,38.6,14.0,-6.9,0.0,,14383.202,23.6,14.0,-18.3,0.0,,19156.824,2.2,8.0,-45.1,0.0,,24788.568,-24.7,18.0,-54.4,0.0,,31660.106,America/Los_Angeles,34.066547,-118.52405,86.0,96.29034996032715
2026-10-01T17:00,pressure_profile,cmc_gem_seamless,78.1,52.0,59.0,0.0,,108.268,82.4,20.0,37.3,0.0,,2372.047,73.9,16.0,24.9,0.0,,4806.431,51.7,16.0,6.3,0.0,,10226.378,38.6,14.0,-6.9,0.0,,14379.921,23.6,16.0,-16.5,0.0,,19156.824,2.2,8.0,-45.1,0.0,,24788.568,-24.7,20.0,-52.7,0.0,,31660.106,America/Los_Angeles,34.066547,-118.52405,86.0,96.29034996032715
2026-10-01T18:00,pressure_profile,cmc_gem_seamless,78.1,52.0,59.0,0.0,,104.987,82.4,20.0,37.3,0.0,,2368.766,73.9,16.0,24.9,0.0,,4803.15,51.7,16.0,6.3,0.0,,10226.378,38.6,14.0,-6.9,0.0,,14379.921,23.6,16.0,-16.5,0.0,,19156.824,2.2,8.0,-45.1,0.0,,24788.568,-24.7,20.0,-52.7,0.0,,31660.106,America/Los_Angeles,34.066547,-118.52405,86.0,96.29034996032715
2026-10-01T19:00,pressure_profile,cmc_gem_seamless,78.1,52.0,59.0,0.0,,108.268,82.4,20.0,37.3,0.0,,2372.047,73.9,16.0,24.9,0.0,,4806.431,51.7,16.0,6.3,0.0,,10226.378,38.6,14.0,-6.9,0.0,,14379.921,23.6,16.0,-16.5,0.0,,19156.824,2.2,8.0,-45.1,0.0,,24788.568,-24.7,20.0,-52.7,0.0,,31660.106,America/Los_Angeles,34.066547,-118.52405,86.0,96.29034996032715
2026-10-01T20:00,pressure_profile,cmc_gem_seamless,,,,,,,,,,,,,,,,,,,,,,,,,,,,,,,,,,,,,,,,,,,,,,,,,America/Los_Angeles,34.066547,-118.52405,86.0,96.29034996032715
2026-10-01T21:00,pressure_profile,cmc_gem_seamless,,,,,,,,,,,,,,,,,,,,,,,,,,,,,,,,,,,,,,,,,,,,,,,,,America/Los_Angeles,34.066547,-118.52405,86.0,96.29034996032715
2026-10-01T22:00,pressure_profile,cmc_gem_seamless,,,,,,,,,,,,,,,,,,,,,,,,,,,,,,,,,,,,,,,,,,,,,,,,,America/Los_Angeles,34.066547,-118.52405,86.0,96.29034996032715
2026-10-01T23:00,pressure_profile,cmc_gem_seamless,,,,,,,,,,,,,,,,,,,,,,,,,,,,,,,,,,,,,,,,,,,,,,,,,America/Los_Angeles,34.066547,-118.52405,86.0,96.29034996032715
2026-09-22T00:00,pressure_profile,cma_grapes_global,65.3,76.0,57.5,0.0,0.0,360.892,59.4,85.0,54.9,0.0,0.0,2542.651,61.8,35.0,33.8,0.0,0.0,4904.856,44.3,39.0,20.8,0.0,0.0,10246.063,27.7,23.0,-5.8,0.0,0.0,14320.866,13.5,14.0,-26.5,0.0,-0.01,18992.784,-4.1,17.0,-38.3,0.0,0.0,24521.24,-32.8,4.0,-83.0,0.0,0.0,31279.106,America/Los_Angeles,34.0625,-118.5,86.0,7.808089256286621
2026-09-22T01:00,pressure_profile,cma_grapes_global,65.1,78.0,58.1,0.0,0.01,357.612,59.6,82.0,54.1,0.0,0.0,2542.651,62.0,37.0,35.4,0.0,0.0,4904.856,44.3,37.0,19.5,0.0,0.0,10242.782,27.7,28.0,-1.6,0.0,-0.01,14320.866,13.5,13.0,-28.5,0.0,-0.03,18992.784,-4.7,20.0,-35.6,0.0,-0.01,24521.24,-33.7,4.0,-83.6,0.0,-0.01,31268.522,America/Los_Angeles,34.0625,-118.5,86.0,7.808089256286621
2026-09-22T02:00,pressure_profile,cma_grapes_global,64.9,79.0,58.3,0.0,0.01,357.612,59.8,79.0,53.2,0.0,0.0,2539.37,62.2,38.0,36.3,0.0,0.0,4901.575,44.3,34.0,18.0,0.0,-0.01,10242.782,28.0,31.0,1.4,0.0,-0.02,14320.866,13.5,11.0,-30.7,0.0,-0.04,18992.784,-5.2,22.0,-34.7,0.0,-0.01,24517.19,-33.7,6.0,-78.1,0.0,-0.03,31263.228,America/Los_Angeles,34.0625,-118.5,86.0,7.808089256286621
2026-09-22T03:00,pressure_profile,cma_grapes_global,64.6,80.0,58.3,0.0,0.0,354.331,59.8,78.0,52.9,0.0,-0.01,2536.089,62.2,36.0,34.9,0.0,0.0,4898.294,44.1,33.0,17.0,0.0,-0.02,10236.221,28.4,30.0,0.8,0.0,-0.02,14314.305,13.9,10.0,-32.7,0.0,-0.04,18989.502,-5.8,23.0,-33.8,0.0,-0.01,24513.14,-33.7,6.0,-78.1,0.0,-0.03,31252.646,America/Los_Angeles,34.0625,-118.5,86.0,7.808089256286621
2026-09-22T04:00,pressure_profile,cma_grapes_global,64.0,82.0,58.4,0.0,0.0,351.05,60.0,77.0,52.7,0.0,-0.01,2529.528,62.2,33.0,32.7,0.0,-0.01,4895.013,43.5,32.0,15.7,0.0,-0.02,10229.659,28.7,26.0,-1.7,0.0,-0.03,14311.023,13.9,9.0,-35.5,0.0,-0.04,18989.502,-6.4,27.0,-31.9,0.0,-0.01,24505.04,-34.6,8.0,-74.8,0.0,-0.03,31242.064,America/Los_Angeles,34.0625,-118.5,86.0,7.808089256286621
2026-09-22T05:00,pressure_profile,cma_grapes_global,63.7,83.0,58.4,0.0,-0.01,347.769,60.4,74.0,52.0,0.0,-0.02,2526.247,62.2,30.0,30.4,0.0,-0.01,4891.733,43.2,31.0,14.7,0.0,-0.03,10223.098,29.0,23.0,-4.7,0.0,-0.03,14304.462,14.4,7.0,-38.4,0.0,-0.04,18986.22,-6.9,27.0,-32.4,0.0,-0.01,24500.988,-34.6,8.0,-74.8,0.0,-0.01,31231.478,America/Los_Angeles,34.0625,-118.5,86.0,7.808089256286621
2026-09-22T06:00,pressure_profile,cma_grapes_global,63.3,84.0,58.4,0.0,-0.01,347.769,61.7,67.0,50.7,0.0,-0.02,2529.528,62.4,30.0,30.6,0.0,-0.01,4895.013,43.2,31.0,14.7,0.0,-0.03,10229.659,29.3,20.0,-6.8,0.0,-0.03,14311.023,14.4,6.0,-42.2,0.0,-0.03,18992.784,-7.5,25.0,-34.1,0.0,-0.01,24505.04,-35.5,8.0,-75.5,0.0,0.0,31226.19,America/Los_Angeles,34.0625,-118.5,86.0,7.808089256286621
2026-09-22T07:00,pressure_profile,cma_grapes_global,63.1,85.0,58.6,0.0,-0.01,347.769,63.3,58.0,48.3,0.0,-0.01,2529.528,62.8,31.0,31.7,0.0,-0.01,4901.575,43.2,32.0,15.5,0.0,-0.03,10232.939,29.3,16.0,-11.1,0.0,-0.02,14317.585,13.9,6.0,-42.6,0.0,-0.02,19002.624,-8.1,23.0,-35.8,0.0,-0.01,24509.088,-35.5,10.0,-72.3,0.0,0.01,31226.19,America/Los_Angeles,34.0625,-118.5,86.0,7.808089256286621
2026-09-22T08:00,pressure_profile,cma_grapes_global,64.0,82.0,58.4,0.0,-0.01,347.769,64.7,51.0,46.1,0.0,-0.01,2532.808,63.3,31.0,32.1,0.0,-0.01,4904.856,43.2,32.0,15.5,0.0,-0.03,10239.501,29.7,15.0,-12.4,0.0,-0.02,14324.147,13.9,6.0,-42.6,0.0,-0.01,19009.186,-8.1,20.0,-38.5,0.0,-0.01,24513.14,-36.4,12.0,-70.4,0.0,0.01,31220.896,America/Los_Angeles,34.0625,-118.5,86.0,7.808089256286621
2026-09-22T09:00,pressure_profile,cma_grapes_global,67.1,73.0,58.2,0.0,0.0,344.488,65.1,49.0,45.4,0.0,-0.01,2536.089,63.9,29.0,31.0,0.0,-0.02,4911.418,43.5,32.0,15.7,0.0,-0.03,10249.344,30.0,16.0,-10.5,0.0,-0.02,14337.271,13.9,6.0,-42.6,0.0,-0.01,19022.31,-8.1,18.0,-40.0,0.0,-0.01,24525.292,-37.3,18.0,-65.2,0.0,0.01,31231.478,America/Los_Angeles,34.0625,-118.5,86.0,7.808089256286621
2026-09-22T10:00,pressure_profile,cma_grapes_global,71.1,61.0,56.9,0.0,0.01,337.927,64.9,49.0,45.3,0.0,-0.01,2536.089,64.6,26.0,28.9,0.0,-0.02,4917.979,44.1,31.0,15.4,0.0,-0.03,10259.187,30.3,19.0,-7.3,0.0,-0.01,14347.113,13.9,7.0,-38.7,0.0,-0.01,19038.714,-8.1,15.0,-43.5,0.0,-0.02,24541.494,-37.3,24.0,-60.8,0.0,0.0,31242.064,America/Los_Angeles,34.0625,-118.5,86.0,7.808089256286621
2026-09-22T11:00,pressure_profile,cma_grapes_global,74.3,53.0,56.1,0.0,0.02,334.646,65.1,51.0,46.5,0.0,-0.01,2539.37,65.5,24.0,27.7,0.0,-0.03,4924.541,44.3,31.0,15.6,0.0,-0.03,10269.029,30.7,20.0,-5.7,0.0,-0.01,14360.236,13.9,7.0,-38.7,0.0,-0.01,19051.838,-8.1,15.0,-43.5,0.0,-0.02,24553.644,-38.2,30.0,-58.1,0.0,-0.01,31252.646,America/Los_Angeles,34.0625,-118.5,86.0,7.808089256286621
2026-09-22T12:00,pressure_profile,cma_grapes_global,75.7,52.0,56.9,0.0,0.03,318.242,65.7,55.0,49.1,0.0,-0.02,2526.247,66.3,24.0,28.4,0.0,-0.03,4917.979,44.6,30.0,15.0,0.0,-0.03,10265.748,31.0,20.0,-5.4,0.0,-0.01,14360.236,13.9,7.0,-38.7,0.0,-0.01,19051.838,-8.1,17.0,-41.7,0.0,-0.02,24557.694,-39.1,32.0,-57.9,0.0,-0.01,31257.936,America/Los_Angeles,34.0625,-118.5,86.0,7.808089256286621
2026-09-22T13:00,pressure_profile,cma_grapes_global,76.3,55.0,58.9,0.0,0.04,298.556,66.7,61.0,52.8,0.0,-0.03,2509.843,67.2,24.0,29.2,0.0,-0.03,4911.418,44.9,30.0,15.3,0.0,-0.02,10262.467,31.0,20.0,-5.4,0.0,-0.01,14356.955,14.4,6.0,-42.2,0.0,-0.01,19055.12,-8.1,20.0,-38.5,0.0,-0.01,24565.794,-39.1,30.0,-58.9,0.0,-0.01,31263.228,America/Los_Angeles,34.0625,-118.5,86.0,7.808089256286621
2026-09-22T14:00,pressure_profile,cma_grapes_global,76.8,56.0,59.9,0.0,0.05,282.152,67.6,63.0,54.6,0.0,-0.03,2496.719,68.1,25.0,30.9,0.0,-0.03,4904.856,44.9,31.0,16.1,0.0,-0.02,10259.187,31.3,19.0,-6.5,0.0,-0.02,14356.955,14.8,6.0,-41.9,0.0,-0.01,19055.12,-8.1,22.0,-37.1,0.0,-0.01,24569.846,-39.1,28.0,-60.0,0.0,-0.01,31268.522,America/Los_Angeles,34.0625,-118.5,86.0,7.808089256286621
2026-09-22T15:00,pressure_profile,cma_grapes_global,78.3,53.0,59.7,0.0,0.05,262.467,68.8,60.0,54.4,0.0,-0.02,2483.596,68.9,25.0,31.6,0.0,-0.04,4895.013,44.9,38.0,20.6,0.0,-0.02,10255.905,31.7,16.0,-9.2,0.0,-0.03,14353.675,15.2,6.0,-41.6,0.0,-0.01,19055.12,-8.1,20.0,-38.5,0.0,-0.01,24573.896,-38.2,22.0,-62.9,0.0,-0.03,31273.812,America/Los_Angeles,34.0625,-118.5,86.0,7.808089256286621
2026-09-22T16:00,pressure_profile,cma_grapes_global,79.9,48.0,58.4,0.0,0.04,246.063,70.2,53.0,52.3,0.0,-0.01,2470.473,69.8,25.0,32.4,0.0,-0.05,4881.89,44.6,47.0,25.4,1.0,-0.01,10249.344,32.3,14.0,-12.0,0.0,-0.04,14347.113,15.6,6.0,-41.3,0.0,-0.02,19051.838,-7.5,17.0,-41.2,2.0,-0.02,24573.896,-38.2,16.0,-67.7,0.0,-0.03,31279.106,America/Los_Angeles,34.0625,-118.5,86.0,7.808089256286621
2026-09-22T17:00,pressure_profile,cma_grapes_global,80.2,46.0,57.6,0.0,0.03,226.378,71.8,46.0,49.9,0.0,0.0,2457.349,70.5,25.0,32.9,0.0,-0.06,4872.048,44.9,52.0,28.4,1.0,-0.01,10246.063,32.7,13.0,-13.6,0.0,-0.05,14343.832,16.0,6.0,-41.0,0.0,-0.02,19051.838,-7.5,15.0,-43.0,2.0,-0.02,24577.946,-37.3,10.0,-73.8,0.0,-0.04,31284.394,America/Los_Angeles,34.0625,-118.5,86.0,7.808089256286621
2026-09-22T18:00,pressure_profile,cma_grapes_global,78.8,48.0,57.5,0.0,0.02,229.659,74.1,37.0,46.2,0.0,-0.01,2457.349,70.7,25.0,33.1,0.0,-0.06,4875.328,45.4,51.0,28.4,1.0,0.0,10252.625,32.7,15.0,-10.0,0.0,-0.04,14350.394,16.5,7.0,-36.8,0.0,-0.02,19061.68,-7.5,13.0,-45.0,2.0,-0.01,24590.098,-37.3,10.0,-73.8,0.0,-0.04,31294.98,America/Los_Angeles,34.0625,-118.5,86.0,7.808089256286621
2026-09-22T19:00,pressure_profile,cma_grapes_global,76.1,53.0,57.7,0.0,0.01,229.659,76.5,28.0,41.0,0.0,-0.04,2460.63,70.9,25.0,33.3,0.0,-0.06,4878.609,46.5,46.0,26.6,1.0,0.01,10255.905,32.3,20.0,-4.3,0.0,-0.03,14360.236,16.5,7.0,-36.8,0.0,-0.01,19071.522,-6.9,13.0,-44.5,0.0,0.01,24598.198,-37.3,10.0,-73.8,0.0,-0.03,31310.854,America/Los_Angeles,34.0625,-118.5,86.0,7.808089256286621
2026-09-22T20:00,pressure_profile,cma_grapes_global,73.6,59.0,58.4,0.0,0.0,232.94,77.9,22.0,36.0,0.0,-0.05,2460.63,70.9,25.0,33.3,0.0,-0.05,4881.89,47.1,41.0,24.6,1.0,0.01,10262.467,32.3,24.0,-0.7,0.0,-0.02,14366.798,16.5,9.0,-33.5,0.0,-0.01,19081.366,-6.9,13.0,-44.5,0.0,0.02,24610.35,-37.3,12.0,-71.1,0.0,-0.03,31321.44,America/Los_Angeles,34.0625,-118.5,86.0,7.808089256286621
2026-09-22T21:00,pressure_profile,cma_grapes_global,71.1,66.0,59.1,0.0,0.0,246.063,77.1,23.0,36.4,0.0,-0.05,2467.192,70.9,24.0,32.3,0.0,-0.04,4888.452,47.3,38.0,22.9,1.0,0.01,10269.029,33.0,24.0,-0.1,0.0,-0.02,14376.641,16.5,9.0,-33.5,0.0,-0.01,19094.488,-6.9,15.0,-42.5,0.0,0.01,24622.502,-37.3,12.0,-71.1,0.0,-0.03,31337.314,America/Los_Angeles,34.0625,-118.5,86.0,7.808089256286621
2026-09-22T22:00,pressure_profile,cma_grapes_global,68.4,73.0,59.4,0.0,0.01,259.186,74.9,28.0,39.6,0.0,-0.04,2473.754,71.1,23.0,31.4,0.0,-0.04,4891.733,47.1,34.0,20.4,1.0,0.0,10275.591,33.7,21.0,-1.9,0.0,-0.02,14383.202,16.5,10.0,-30.8,1.0,-0.02,19107.612,-7.5,18.0,-39.6,2.0,-0.01,24638.704,-37.3,14.0,-68.9,2.0,-0.03,31347.896,America/Los_Angeles,34.0625,-118.5,86.0,7.808089256286621
2026-09-22T23:00,pressure_profile,cma_grapes_global,66.7,77.0,59.3,0.0,0.02,272.31,73.7,31.0,41.2,0.0,-0.03,2480.315,71.1,22.0,30.3,0.0,-0.03,4898.294,47.1,32.0,18.9,1.0,-0.01,10282.152,34.3,20.0,-2.7,0.0,-0.02,14393.045,16.5,10.0,-30.8,1.0,-0.02,19120.734,-7.5,20.0,-38.0,2.0,-0.02,24650.854,-37.3,14.0,-68.9,2.0,-0.03,31363.772,America/Los_Angeles,34.0625,-118.5,86.0,7.808089256286621
2026-09-23T00:00,pressure_profile,cma_grapes_global,66.6,77.0,59.1,0.0,0.02,272.31,74.3,30.0,40.9,0.0,-0.02,2483.596,71.1,21.0,29.2,0.0,-0.02,4901.575,46.8,33.0,19.4,1.0,-0.01,10285.434,34.0,21.0,-1.7,0.0,-0.02,14393.045,16.9,10.0,-30.4,1.0,-0.02,19120.734,-6.9,18.0,-39.1,2.0,-0.01,24650.854,-37.3,12.0,-71.1,2.0,-0.01,31363.772,America/Los_Angeles,34.0625,-118.5,86.0,7.808089256286621
2026-09-23T01:00,pressure_profile,cma_grapes_global,67.1,74.0,58.5,0.0,0.01,269.029,75.5,27.0,39.2,0.0,0.0,2483.596,71.3,20.0,28.2,0.0,-0.02,4904.856,46.5,36.0,20.7,0.0,-0.02,10288.714,33.3,23.0,-1.0,0.0,-0.02,14396.325,16.9,10.0,-30.4,0.0,-0.03,19117.456,-6.9,15.0,-42.5,0.0,0.01,24654.904,-38.2,10.0,-74.5,2.0,0.0,31363.772,America/Los_Angeles,34.0625,-118.5,86.0,7.808089256286621
2026-09-23T02:00,pressure_profile,cma_grapes_global,68.0,70.0,57.9,0.0,0.0,269.029,76.7,24.0,37.2,0.0,0.01,2486.877,71.3,20.0,28.2,0.0,-0.01,4908.137,46.5,37.0,21.4,0.0,-0.02,10291.995,33.0,23.0,-1.3,0.0,-0.02,14396.325,17.3,10.0,-30.1,0.0,-0.03,19117.456,-6.4,12.0,-46.3,0.0,0.02,24654.904,-38.2,8.0,-77.6,2.0,0.01,31363.772,America/Los_Angeles,34.0625,-118.5,86.0,7.808089256286621
2026-09-23T03:00,pressure_profile,cma_grapes_global,69.1,64.0,56.4,0.0,-0.01,262.467,77.3,23.0,36.6,0.0,0.01,2483.596,71.3,20.0,28.2,0.0,0.0,4904.856,46.8,36.0,20.9,0.0,-0.02,10285.434,33.0,21.0,-2.5,0.0,-0.02,14393.045,17.3,10.0,-30.1,0.0,-0.03,19114.174,-6.4,10.0,-48.9,2.0,0.01,24650.854,-38.2,10.0,-74.5,2.0,0.01,31363.772,America/Los_Angeles,34.0625,-118.5,86.0,7.808089256286621
2026-09-23T04:00,pressure_profile,cma_grapes_global,70.2,58.0,54.7,0.0,-0.01,259.186,77.9,22.0,36.0,0.0,0.0,2483.596,71.1,21.0,29.2,0.0,0.0,4904.856,47.1,33.0,19.7,1.0,-0.01,10282.152,33.3,19.0,-4.8,0.0,-0.01,14393.045,16.9,11.0,-28.0,0.0,-0.02,19114.174,-6.4,8.0,-51.9,2.0,0.0,24646.802,-38.2,12.0,-71.9,4.0,0.01,31358.478,America/Los_Angeles,34.0625,-118.5,86.0,7.808089256286621
2026-09-23T05:00,pressure_profile,cma_grapes_global,71.1,53.0,53.1,0.0,-0.01,252.625,78.3,21.0,35.1,0.0,-0.01,2480.315,70.9,22.0,30.1,0.0,0.0,4901.575,47.3,30.0,17.4,1.0,-0.01,10275.591,33.7,16.0,-7.5,0.0,-0.01,14389.764,16.9,11.0,-28.0,0.0,-0.02,19110.892,-6.4,7.0,-55.4,3.0,-0.01,24642.754,-38.2,14.0,-69.7,4.0,0.01,31358.478,America/Los_Angeles,34.0625,-118.5,86.0,7.808089256286621
2026-09-23T06:00,pressure_profile,cma_grapes_global,70.7,52.0,52.2,0.0,-0.01,262.467,78.7,20.0,34.2,0.0,-0.01,2490.158,70.7,22.0,30.0,0.0,-0.01,4911.418,47.3,27.0,14.7,1.0,0.0,10285.434,33.7,15.0,-9.2,0.0,-0.01,14399.606,16.9,11.0,-28.0,0.0,-0.02,19120.734,-6.4,7.0,-55.4,3.0,-0.01,24654.904,-38.2,14.0,-69.7,4.0,0.01,31369.062,America/Los_Angeles,34.0625,-118.5,86.0,7.808089256286621
2026-09-23T07:00,pressure_profile,cma_grapes_global,70.0,53.0,52.1,0.0,0.0,275.591,79.3,19.0,33.4,0.0,0.0,2503.281,70.5,22.0,29.8,0.0,-0.01,4924.541,47.3,24.0,12.7,0.0,0.01,10291.995,34.0,15.0,-8.9,0.0,-0.02,14409.449,16.5,13.0,-26.1,0.0,-0.02,19133.86,-6.4,7.0,-55.4,3.0,0.0,24667.056,-39.1,14.0,-70.4,4.0,0.0,31379.644,America/Los_Angeles,34.0625,-118.5,86.0,7.808089256286621
2026-09-23T08:00,pressure_profile,cma_grapes_global,70.9,52.0,52.4,0.0,0.01,285.433,79.6,18.0,32.4,0.0,0.0,2513.123,70.2,22.0,29.6,0.0,-0.02,4934.384,47.3,21.0,9.4,0.0,0.01,10301.837,34.0,15.0,-8.9,0.0,-0.02,14419.291,16.5,13.0,-26.1,0.0,-0.02,19143.702,-6.4,7.0,-55.4,3.0,0.0,24679.208,-39.1,14.0,-70.4,4.0,0.0,31390.23,America/Los_Angeles,34.0625,-118.5,86.0,7.808089256286621
2026-09-23T09:00,pressure_profile,cma_grapes_global,74.7,45.0,51.9,0.0,0.01,285.433,80.0,17.0,31.3,0.0,-0.01,2522.966,70.0,22.0,29.4,0.0,-0.02,4944.226,47.6,17.0,4.5,0.0,0.0,10311.68,34.3,14.0,-10.4,0.0,-0.01,14429.134,16.5,11.0,-28.3,0.0,-0.02,19153.542,-6.4,7.0,-55.4,3.0,0.0,24691.358,-39.1,14.0,-70.4,4.0,0.0,31400.812,America/Los_Angeles,34.0625,-118.5,86.0,7.808089256286621
2026-09-23T10:00,pressure_profile,cma_grapes_global,79.9,36.0,50.6,0.0,0.02,288.714,80.4,16.0,30.1,0.0,-0.02,2529.528,69.8,23.0,30.3,0.0,-0.01,4950.788,47.9,13.0,-0.1,0.0,-0.01,10321.522,34.3,14.0,-10.4,0.0,0.0,14442.258,16.9,10.0,-30.4,0.0,-0.02,19166.666,-6.4,7.0,-55.4,3.0,-0.01,24707.56,-38.2,16.0,-67.7,4.0,-0.01,31416.69,America/Los_Angeles,34.0625,-118.5,86.0,7.808089256286621
2026-09-23T11:00,pressure_profile,cma_grapes_global,84.2,29.0,48.5,0.0,0.02,288.714,80.8,16.0,30.4,0.0,-0.03,2539.37,70.0,23.0,30.5,0.0,-0.01,4960.63,48.2,12.0,-1.8,0.0,-0.01,10331.365,34.7,13.0,-12.0,0.0,0.0,14452.1,16.9,9.0,-33.2,0.0,-0.02,19176.51,-6.4,7.0,-55.4,3.0,-0.01,24719.71,-38.2,16.0,-67.7,4.0,-0.01,31427.272,America/Los_Angeles,34.0625,-118.5,86.0,7.808089256286621
2026-09-23T12:00,pressure_profile,cma_grapes_global,86.4,28.0,49.4,0.0,0.03,275.591,81.4,16.0,30.9,0.0,-0.03,2529.528,70.7,21.0,28.8,0.0,-0.01,4954.069,47.6,17.0,4.5,0.0,0.0,10331.365,34.7,11.0,-14.1,0.0,-0.01,14452.1,16.9,9.0,-33.2,0.0,-0.02,19176.51,-6.4,7.0,-55.4,3.0,-0.01,24719.71,-38.2,16.0,-67.7,4.0,-0.01,31427.272,America/Los_Angeles,34.0625,-118.5,86.0,7.808089256286621
2026-09-23T13:00,pressure_profile,cma_grapes_global,87.4,29.0,51.3,0.0,0.04,265.748,81.8,17.0,32.7,0.0,-0.03,2522.966,71.3,19.0,26.9,0.0,-0.02,4947.507,47.1,24.0,12.5,0.0,0.02,10331.365,34.7,11.0,-14.1,0.0,-0.03,14448.819,17.3,9.0,-32.9,0.0,-0.01,19173.228,-6.4,7.0,-55.4,3.0,-0.01,24715.662,-38.2,16.0,-67.7,4.0,-0.01,31421.978,America/Los_Angeles,34.0625,-118.5,86.0,7.808089256286621
2026-09-23T14:00,pressure_profile,cma_grapes_global,88.2,30.0,52.8,0.0,0.04,252.625,82.4,17.0,33.2,0.0,-0.02,2513.123,72.2,18.0,26.3,0.0,-0.03,4940.945,46.8,31.0,17.8,0.0,0.02,10331.365,34.7,11.0,-14.1,0.0,-0.03,14448.819,17.3,9.0,-32.9,0.0,-0.01,19173.228,-6.4,7.0,-55.4,3.0,-0.01,24715.662,-38.2,16.0,-67.7,4.0,-0.01,31421.978,America/Los_Angeles,34.0625,-118.5,86.0,7.808089256286621
2026-09-23T15:00,pressure_profile,cma_grapes_global,88.7,29.0,52.4,0.0,0.04,239.501,83.0,16.0,32.2,0.0,-0.02,2500.0,72.8,19.0,28.2,0.0,-0.05,4931.103,47.3,36.0,21.4,0.0,0.0,10328.084,34.3,11.0,-14.4,0.0,0.0,14448.819,17.3,9.0,-32.9,0.0,-0.01,19169.948,-6.4,7.0,-55.4,3.0,-0.02,24711.61,-38.2,16.0,-67.7,4.0,-0.03,31416.69,America/Los_Angeles,34.0625,-118.5,86.0,7.808089256286621
2026-09-23T16:00,pressure_profile,cma_grapes_global,89.1,28.0,51.7,0.0,0.04,223.097,83.8,15.0,31.2,0.0,-0.01,2490.158,73.7,20.0,30.1,0.0,-0.06,4924.541,48.2,38.0,23.6,0.0,-0.03,10324.804,34.0,13.0,-12.6,0.0,0.05,14445.538,16.9,7.0,-36.5,0.0,-0.01,19166.666,-6.4,7.0,-55.4,3.0,-0.02,24703.508,-38.2,16.0,-67.7,4.0,-0.04,31406.106,America/Los_Angeles,34.0625,-118.5,86.0,7.808089256286621
2026-09-23T17:00,pressure_profile,cma_grapes_global,88.7,27.0,50.4,0.0,0.03,209.974,84.0,15.0,31.4,0.0,0.0,2477.034,74.1,21.0,31.7,0.0,-0.07,4914.698,48.7,40.0,25.5,0.0,-0.05,10321.522,33.7,14.0,-10.9,0.0,0.08,14445.538,16.9,7.0,-36.5,0.0,-0.01,19163.386,-6.4,7.0,-55.4,3.0,-0.04,24699.458,-38.2,16.0,-67.7,4.0,-0.06,31400.812,America/Los_Angeles,34.0625,-118.5,86.0,7.808089256286621
2026-09-23T18:00,pressure_profile,cma_grapes_global,88.0,26.0,48.8,0.0,0.02,219.816,83.4,15.0,30.9,0.0,0.02,2483.596,74.1,20.0,30.5,0.0,-0.05,4917.979,49.0,41.0,26.4,0.0,-0.04,10328.084,33.7,14.0,-10.9,0.0,0.07,14452.1,16.9,7.0,-36.5,0.0,-0.01,19169.948,-6.4,7.0,-55.4,3.0,-0.04,24707.56,-38.2,16.0,-67.7,4.0,-0.04,31406.106,America/Los_Angeles,34.0625,-118.5,86.0,7.808089256286621
2026-09-23T19:00,pressure_profile,cma_grapes_global,86.5,25.0,46.6,0.0,0.0,229.659,82.4,15.0,30.1,0.0,0.05,2493.438,73.9,18.0,27.7,0.0,-0.01,4924.541,48.7,41.0,26.1,1.0,-0.03,10337.927,33.7,13.0,-12.8,0.0,0.03,14455.381,16.5,6.0,-40.7,0.0,-0.02,19173.228,-6.4,7.0,-55.4,3.0,-0.04,24711.61,-38.2,16.0,-67.7,4.0,-0.03,31416.69,America/Los_Angeles,34.0625,-118.5,86.0,7.808089256286621
2026-09-23T20:00,pressure_profile,cma_grapes_global,84.0,29.0,48.4,0.0,-0.01,239.501,81.2,17.0,32.3,0.0,0.06,2500.0,73.7,17.0,26.2,0.0,0.01,4927.822,48.7,41.0,26.1,1.0,-0.01,10344.488,33.7,15.0,-9.2,0.0,0.01,14461.942,16.5,6.0,-40.7,0.0,-0.02,19179.792,-6.4,7.0,-55.4,3.0,-0.02,24719.71,-38.2,16.0,-67.7,4.0,-0.01,31421.978,America/Los_Angeles,34.0625,-118.5,86.0,7.808089256286621
2026-09-23T21:00,pressure_profile,cma_grapes_global,79.3,41.0,53.6,0.0,-0.01,262.467,79.6,21.0,36.3,0.0,0.04,2509.843,73.5,17.0,26.0,0.0,0.01,4934.384,48.4,42.0,26.5,1.0,0.0,10347.77,33.3,23.0,-1.0,0.0,0.01,14465.224,16.5,6.0,-40.7,0.0,-0.03,19179.792,-6.4,7.0,-55.4,3.0,-0.01,24719.71,-38.2,16.0,-67.7,4.0,0.0,31421.978,America/Los_Angeles,34.0625,-118.5,86.0,7.808089256286621
2026-09-23T22:00,pressure_profile,cma_grapes_global,73.4,58.0,57.7,0.0,0.0,285.433,77.7,26.0,40.1,0.0,0.01,2516.404,73.5,17.0,26.0,0.0,-0.01,4944.226,48.2,43.0,26.9,0.0,0.01,10354.331,32.7,31.0,5.5,1.0,0.02,14468.504,16.5,7.0,-36.8,0.0,-0.04,19183.07,-6.9,7.0,-55.9,3.0,0.0,24719.71,-38.2,16.0,-67.7,4.0,0.01,31421.978,America/Los_Angeles,34.0625,-118.5,86.0,7.808089256286621
2026-09-23T23:00,pressure_profile,cma_grapes_global,69.3,71.0,59.5,0.0,0.01,308.399,76.3,30.0,42.6,0.0,-0.02,2526.247,73.3,17.0,25.8,0.0,-0.02,4950.788,47.9,43.0,26.6,0.0,0.02,10357.611,32.0,38.0,8.9,1.0,0.02,14471.785,16.5,7.0,-36.8,0.0,-0.04,19183.07,-6.9,7.0,-55.9,3.0,0.0,24719.71,-38.2,16.0,-67.7,4.0,0.03,31421.978,America/Los_Angeles,34.0625,-118.5,86.0,7.808089256286621
2026-09-24T00:00,pressure_profile,cma_grapes_global,68.0,76.0,60.2,0.0,0.01,305.118,75.9,30.0,42.2,0.0,-0.03,2526.247,73.3,18.0,27.2,0.0,-0.02,4947.507,47.6,43.0,26.4,0.0,0.02,10354.331,31.7,39.0,9.4,1.0,0.01,14468.504,16.0,7.0,-37.1,0.0,-0.04,19176.51,-6.9,7.0,-55.9,3.0,0.0,24711.61,-38.2,16.0,-67.7,4.0,0.03,31411.396,America/Los_Angeles,34.0625,-118.5,86.0,7.808089256286621
2026-09-24T01:00,pressure_profile,cma_grapes_global,68.5,76.0,60.7,0.0,0.0,301.837,76.1,29.0,41.5,0.0,-0.02,2522.966,73.3,19.0,28.5,0.0,-0.02,4947.507,47.6,42.0,25.8,0.0,0.01,10351.05,31.3,36.0,7.6,1.0,0.0,14461.942,16.0,9.0,-33.9,0.0,-0.04,19173.228,-7.5,7.0,-56.3,3.0,-0.01,24699.458,-38.2,14.0,-69.7,4.0,0.01,31400.812,America/Los_Angeles,34.0625,-118.5,86.0,7.808089256286621
2026-09-24T02:00,pressure_profile,cma_grapes_global,69.1,75.0,60.8,0.0,0.0,298.556,76.3,27.0,39.9,0.0,-0.02,2522.966,73.3,20.0,29.8,0.0,-0.02,4944.226,47.6,42.0,25.8,0.0,0.01,10347.77,31.3,34.0,6.0,1.0,-0.01,14458.661,15.6,9.0,-34.2,0.0,-0.03,19166.666,-7.5,7.0,-56.3,3.0,-0.02,24691.358,-38.2,14.0,-69.7,4.0,0.0,31390.23,America/Los_Angeles,34.0625,-118.5,86.0,7.808089256286621
2026-09-24T03:00,pressure_profile,cma_grapes_global,69.4,71.0,59.6,0.0,0.0,295.276,76.7,26.0,39.2,0.0,-0.01,2519.685,73.3,20.0,29.8,0.0,-0.02,4940.945,47.6,42.0,25.8,0.0,0.01,10344.488,31.3,33.0,5.2,1.0,-0.02,14455.381,15.6,9.0,-34.2,0.0,-0.02,19163.386,-7.5,7.0,-56.3,3.0,-0.04,24687.308,-38.2,14.0,-69.7,4.0,0.0,31384.938,America/Los_Angeles,34.0625,-118.5,86.0,7.808089256286621
2026-09-24T04:00,pressure_profile,cma_grapes_global,70.0,66.0,58.1,0.0,0.01,291.995,77.1,25.0,38.6,0.0,-0.01,2516.404,73.3,21.0,31.0,0.0,-0.01,4937.664,47.6,43.0,26.4,1.0,0.01,10341.207,31.7,30.0,3.7,0.0,-0.02,14452.1,15.6,10.0,-31.4,0.0,-0.01,19160.106,-7.5,7.0,-56.3,3.0,-0.04,24683.256,-38.2,12.0,-71.9,4.0,0.0,31379.644,America/Los_Angeles,34.0625,-118.5,86.0,7.808089256286621
2026-09-24T05:00,pressure_profile,cma_grapes_global,70.3,62.0,56.7,0.0,0.01,288.714,77.3,25.0,38.7,0.0,0.0,2513.123,73.1,21.0,30.8,0.0,-0.01,4934.384,47.6,44.0,27.0,1.0,0.01,10337.927,31.7,28.0,1.9,0.0,-0.02,14448.819,15.6,10.0,-31.4,0.0,0.0,19156.824,-7.5,7.0,-56.3,3.0,-0.05,24679.208,-38.2,12.0,-71.9,4.0,0.0,31374.356,America/Los_Angeles,34.0625,-118.5,86.0,7.808089256286621
2026-09-24T06:00,pressure_profile,cma_grapes_global,70.0,62.0,56.4,0.0,0.01,298.556,77.1,25.0,38.6,0.0,0.0,2522.966,72.8,21.0,30.6,0.0,0.0,4944.226,47.6,46.0,27.6,1.0,0.01,10344.488,31.7,23.0,-2.4,0.0,-0.01,14455.381,15.6,10.0,-31.4,0.0,0.0,19163.386,-7.5,7.0,-56.3,3.0,-0.05,24683.256,-38.2,14.0,-69.7,4.0,-0.01,31379.644,America/Los_Angeles,34.0625,-118.5,86.0,7.808089256286621
2026-09-24T07:00,pressure_profile,cma_grapes_global,69.6,62.0,56.0,0.0,0.0,308.399,76.7,25.0,38.2,0.0,0.0,2529.528,72.6,22.0,31.6,0.0,0.0,4950.788,47.3,46.0,27.4,1.0,0.0,10351.05,31.7,18.0,-7.6,0.0,-0.01,14458.661,15.6,9.0,-34.2,0.0,-0.01,19166.666,-7.5,7.0,-56.3,3.0,-0.05,24691.358,-38.2,14.0,-69.7,4.0,-0.01,31384.938,America/Los_Angeles,34.0625,-118.5,86.0,7.808089256286621
2026-09-24T08:00,pressure_profile,cma_grapes_global,70.5,61.0,56.4,0.0,0.0,318.242,76.5,25.0,38.1,0.0,0.0,2539.37,72.4,23.0,32.5,0.0,0.01,4960.63,47.3,46.0,27.4,1.0,0.0,10357.611,31.7,14.0,-12.5,0.0,0.0,14465.224,15.6,9.0,-34.2,0.0,-0.01,19173.228,-7.5,7.0,-56.3,3.0,-0.05,24695.408,-38.2,16.0,-67.7,4.0,-0.03,31390.23,America/Los_Angeles,34.0625,-118.5,86.0,7.808089256286621
2026-09-24T09:00,pressure_profile,cma_grapes_global,73.8,55.0,56.6,0.0,0.0,318.242,76.7,24.0,37.2,0.0,0.0,2545.932,72.2,25.0,34.4,0.0,0.01,4967.192,47.3,44.0,26.8,1.0,0.0,10364.173,31.7,14.0,-12.5,0.0,0.0,14471.785,15.6,9.0,-34.2,0.0,-0.01,19179.792,-7.5,7.0,-56.3,3.0,-0.04,24703.508,-38.2,16.0,-67.7,4.0,-0.03,31400.812,America/Los_Angeles,34.0625,-118.5,86.0,7.808089256286621
2026-09-24T10:00,pressure_profile,cma_grapes_global,78.3,46.0,55.8,0.0,0.01,321.522,76.9,24.0,37.4,0.0,-0.01,2552.494,72.0,28.0,37.1,0.0,0.01,4973.754,47.3,41.0,24.9,1.0,0.0,10367.454,32.0,14.0,-12.3,0.0,0.0,14475.065,16.0,10.0,-31.1,0.0,-0.01,19183.07,-7.5,8.0,-52.8,3.0,-0.04,24711.61,-38.2,16.0,-67.7,4.0,-0.03,31411.396,America/Los_Angeles,34.0625,-118.5,86.0,7.808089256286621
2026-09-24T11:00,pressure_profile,cma_grapes_global,82.0,39.0,54.6,0.0,0.02,321.522,77.1,24.0,37.5,0.0,-0.01,2559.055,71.8,30.0,38.7,0.0,0.01,4980.315,47.6,39.0,23.8,1.0,0.0,10374.016,32.0,15.0,-10.5,0.0,0.0,14481.627,16.0,10.0,-31.1,0.0,-0.01,19189.632,-7.5,8.0,-52.8,3.0,-0.02,24719.71,-38.2,16.0,-67.7,4.0,-0.03,31421.978,America/Los_Angeles,34.0625,-118.5,86.0,7.808089256286621
2026-09-24T12:00,pressure_profile,cma_grapes_global,84.6,35.0,53.9,0.0,0.03,311.68,76.9,27.0,40.4,0.0,-0.01,2555.775,71.5,31.0,39.3,0.0,0.0,4977.034,47.9,36.0,21.9,1.0,0.01,10374.016,32.0,15.0,-10.5,0.0,0.01,14484.908,16.0,10.0,-31.1,0.0,-0.01,19192.914,-7.5,8.0,-52.8,3.0,-0.02,24723.762,-38.2,16.0,-67.7,2.0,-0.03,31427.272,America/Los_Angeles,34.0625,-118.5,86.0,7.808089256286621
2026-09-24T13:00,pressure_profile,cma_grapes_global,86.4,33.0,53.9,0.0,0.03,305.118,76.5,32.0,44.4,0.0,-0.02,2552.494,71.5,31.0,39.3,0.0,0.0,4977.034,48.4,32.0,20.1,0.0,0.01,10377.297,32.0,14.0,-12.3,0.0,0.01,14484.908,15.6,11.0,-29.0,0.0,-0.01,19196.196,-6.9,10.0,-49.3,3.0,-0.04,24723.762,-38.2,18.0,-65.9,2.0,-0.04,31427.272,America/Los_Angeles,34.0625,-118.5,86.0,7.808089256286621
2026-09-24T14:00,pressure_profile,cma_grapes_global,87.1,33.0,54.5,0.0,0.04,295.276,76.7,34.0,46.2,0.0,-0.02,2549.213,71.5,31.0,39.3,0.0,-0.01,4973.754,48.7,29.0,17.8,0.0,0.01,10377.297,32.3,13.0,-13.9,0.0,0.01,14488.189,15.6,11.0,-29.0,0.0,-0.01,19199.474,-6.9,10.0,-49.3,3.0,-0.04,24727.812,-38.2,20.0,-64.4,0.0,-0.04,31432.564,America/Los_Angeles,34.0625,-118.5,86.0,7.808089256286621
2026-09-24T15:00,pressure_profile,cma_grapes_global,86.4,35.0,55.5,0.0,0.05,278.871,77.7,31.0,44.6,0.0,-0.01,2529.528,72.0,29.0,38.0,0.0,-0.01,4957.349,49.0,28.0,17.1,0.0,-0.01,10360.893,33.0,11.0,-15.5,0.0,-0.02,14475.065,16.5,10.0,-30.8,0.0,-0.03,19192.914,-6.4,10.0,-48.9,2.0,-0.04,24727.812,-37.3,26.0,-59.6,2.0,-0.03,31437.854,America/Los_Angeles,34.0625,-118.5,86.0,7.808089256286621
2026-09-24T16:00,pressure_profile,cma_grapes_global,84.7,39.0,57.1,0.0,0.05,259.186,79.3,26.0,41.4,0.0,0.0,2513.123,72.6,27.0,36.7,0.0,-0.01,4937.664,49.0,28.0,17.1,0.0,-0.04,10347.77,34.0,10.0,-17.0,0.0,-0.05,14465.224,17.3,9.0,-32.9,0.0,-0.06,19189.632,-5.8,8.0,-51.4,2.0,-0.04,24727.812,-37.3,32.0,-56.3,2.0,0.0,31443.146,America/Los_Angeles,34.0625,-118.5,86.0,7.808089256286621
2026-09-24T17:00,pressure_profile,cma_grapes_global,82.8,43.0,58.0,0.0,0.05,242.782,80.0,24.0,40.0,0.0,0.01,2493.438,73.1,25.0,35.1,0.0,0.0,4921.26,49.0,28.0,17.1,0.0,-0.06,10331.365,34.7,9.0,-19.1,0.0,-0.07,14452.1,17.7,9.0,-32.6,0.0,-0.07,19183.07,-5.8,8.0,-51.4,0.0,-0.02,24727.812,-36.4,36.0,-53.6,4.0,0.01,31448.438,America/Los_Angeles,34.0625,-118.5,86.0,7.808089256286621
2026-09-24T18:00,pressure_profile,cma_grapes_global,80.6,48.0,59.1,0.0,0.05,259.186,79.6,27.0,42.7,0.0,0.02,2503.281,72.8,25.0,35.0,0.0,0.01,4931.103,49.0,28.0,17.1,0.0,-0.04,10337.927,34.7,9.0,-19.1,0.0,-0.04,14458.661,17.3,10.0,-30.1,0.0,-0.04,19186.352,-5.8,8.0,-51.4,2.0,-0.01,24731.862,-35.5,34.0,-53.7,4.0,-0.01,31453.73,America/Los_Angeles,34.0625,-118.5,86.0,7.808089256286621
2026-09-24T19:00,pressure_profile,cma_grapes_global,78.1,55.0,60.6,0.0,0.04,272.31,78.5,34.0,47.8,0.0,0.02,2516.404,72.4,26.0,35.6,0.0,0.02,4937.664,49.0,28.0,17.1,0.0,-0.01,10344.488,34.7,9.0,-19.1,0.0,0.01,14468.504,16.9,11.0,-28.0,0.0,0.01,19192.914,-6.4,8.0,-51.9,2.0,0.0,24731.862,-34.6,30.0,-54.9,4.0,-0.06,31453.73,America/Los_Angeles,34.0625,-118.5,86.0,7.808089256286621
2026-09-24T20:00,pressure_profile,cma_grapes_global,75.7,60.0,60.9,0.0,0.03,288.714,77.3,38.0,49.7,0.0,0.02,2526.247,72.0,26.0,35.2,0.0,0.03,4947.507,48.7,29.0,17.8,0.0,0.01,10351.05,34.3,9.0,-19.3,0.0,0.05,14475.065,16.5,11.0,-28.3,0.0,0.04,19196.196,-6.4,8.0,-51.9,3.0,0.01,24735.914,-34.6,28.0,-56.0,4.0,-0.07,31459.022,America/Los_Angeles,34.0625,-118.5,86.0,7.808089256286621
2026-09-24T21:00,pressure_profile,cma_grapes_global,73.6,64.0,60.7,0.0,0.02,298.556,76.5,39.0,49.7,0.0,0.02,2529.528,72.0,26.0,35.2,0.0,0.03,4947.507,48.4,30.0,18.4,0.0,0.01,10351.05,34.3,9.0,-19.3,0.0,0.05,14475.065,16.9,10.0,-30.4,0.0,0.03,19199.474,-6.4,8.0,-51.9,2.0,0.01,24739.962,-34.6,30.0,-54.9,4.0,-0.04,31469.606,America/Los_Angeles,34.0625,-118.5,86.0,7.808089256286621
2026-09-24T22:00,pressure_profile,cma_grapes_global,71.8,66.0,59.8,0.0,0.02,305.118,75.7,37.0,47.6,0.0,0.01,2529.528,72.0,25.0,34.2,0.0,0.03,4950.788,48.2,31.0,19.0,0.0,0.0,10354.331,34.3,8.0,-22.3,0.0,0.02,14475.065,17.3,9.0,-32.9,1.0,0.0,19199.474,-5.8,10.0,-48.4,2.0,0.0,24748.064,-35.5,32.0,-54.7,4.0,0.0,31485.48,America/Los_Angeles,34.0625,-118.5,86.0,7.808089256286621
2026-09-24T23:00,pressure_profile,cma_grapes_global,70.3,68.0,59.3,0.0,0.01,314.961,75.1,36.0,46.3,0.0,0.01,2532.808,72.0,25.0,34.2,0.0,0.02,4950.788,47.9,32.0,19.6,0.0,-0.01,10354.331,34.3,8.0,-22.3,0.0,0.01,14475.065,17.7,7.0,-35.8,1.0,-0.02,19202.756,-5.8,12.0,-45.8,0.0,0.0,24752.114,-35.5,36.0,-52.8,4.0,0.03,31496.062,America/Los_Angeles,34.0625,-118.5,86.0,7.808089256286621
2026-09-25T00:00,pressure_profile,cma_grapes_global,69.8,68.0,58.8,0.0,0.01,311.68,74.7,35.0,45.3,0.0,0.01,2529.528,71.8,25.0,34.0,0.0,0.01,4944.226,47.9,31.0,18.8,0.0,0.0,10347.77,34.3,8.0,-22.3,0.0,0.01,14468.504,17.7,6.0,-39.7,1.0,-0.02,19192.914,-5.8,13.0,-43.6,0.0,0.0,24744.014,-35.5,38.0,-51.9,4.0,0.04,31490.77,America/Los_Angeles,34.0625,-118.5,86.0,7.808089256286621
2026-09-25T01:00,pressure_profile,cma_grapes_global,69.8,66.0,57.9,0.0,0.0,305.118,74.5,34.0,44.3,0.0,0.0,2522.966,71.3,26.0,34.7,0.0,0.0,4940.945,48.2,29.0,17.3,0.0,0.02,10337.927,34.0,6.0,-26.0,0.0,0.02,14458.661,17.7,4.0,-44.7,1.0,-0.01,19186.352,-5.2,17.0,-39.3,0.0,0.01,24731.862,-34.6,42.0,-49.5,4.0,0.03,31485.48,America/Los_Angeles,34.0625,-118.5,86.0,7.808089256286621
2026-09-25T02:00,pressure_profile,cma_grapes_global,70.0,65.0,57.7,0.0,0.0,301.837,74.3,33.0,43.4,0.0,0.0,2519.685,70.9,27.0,35.2,0.0,0.0,4934.384,48.2,28.0,16.4,0.0,0.03,10331.365,34.0,6.0,-26.0,0.0,0.03,14452.1,17.7,4.0,-44.7,1.0,0.0,19176.51,-5.2,18.0,-37.6,0.0,0.01,24723.762,-34.6,44.0,-48.7,4.0,0.03,31480.188,America/Los_Angeles,34.0625,-118.5,86.0,7.808089256286621
2026-09-25T03:00,pressure_profile,cma_grapes_global,70.0,64.0,57.2,0.0,0.0,301.837,73.9,33.0,43.0,0.0,0.0,2519.685,70.7,27.0,35.1,0.0,0.0,4931.103,48.2,29.0,17.3,0.0,0.03,10328.084,34.0,6.0,-26.0,0.0,0.03,14445.538,17.7,4.0,-44.7,1.0,0.0,19169.948,-5.2,18.0,-37.6,0.0,0.01,24719.71,-34.6,46.0,-48.0,4.0,0.01,31474.894,America/Los_Angeles,34.0625,-118.5,86.0,7.808089256286621
2026-09-25T04:00,pressure_profile,cma_grapes_global,70.2,64.0,57.4,0.0,0.0,298.556,73.5,34.0,43.5,0.0,0.0,2516.404,70.2,28.0,35.6,0.0,0.01,4931.103,47.9,31.0,18.8,0.0,0.03,10321.522,33.7,8.0,-22.8,0.0,0.02,14438.977,17.7,4.0,-44.7,0.0,-0.01,19160.106,-4.7,18.0,-37.1,2.0,0.0,24711.61,-34.6,46.0,-48.0,4.0,0.01,31474.894,America/Los_Angeles,34.0625,-118.5,86.0,7.808089256286621
2026-09-25T05:00,pressure_profile,cma_grapes_global,70.3,64.0,57.6,0.0,0.0,298.556,73.3,35.0,44.0,0.0,0.0,2516.404,70.0,28.0,35.4,0.0,0.01,4927.822,47.9,32.0,19.6,0.0,0.03,10318.241,33.7,8.0,-22.8,0.0,0.02,14432.415,17.7,4.0,-44.7,0.0,-0.01,19153.542,-4.7,20.0,-35.6,2.0,0.0,24707.56,-34.6,50.0,-46.6,4.0,0.0,31469.606,America/Los_Angeles,34.0625,-118.5,86.0,7.808089256286621
2026-09-25T06:00,pressure_profile,cma_grapes_global,70.0,65.0,57.7,0.0,0.0,305.118,73.3,35.0,44.0,0.0,0.0,2522.966,69.6,28.0,35.0,0.0,0.01,4934.384,47.6,30.0,17.7,0.0,0.03,10321.522,33.7,8.0,-22.8,0.0,0.02,14435.695,17.7,4.0,-44.7,0.0,-0.01,19160.106,-4.7,22.0,-34.2,2.0,0.0,24711.61,-34.6,58.0,-44.1,4.0,0.0,31474.894,America/Los_Angeles,34.0625,-118.5,86.0,7.808089256286621
2026-09-25T07:00,pressure_profile,cma_grapes_global,69.6,65.0,57.3,0.0,0.0,314.961,73.5,35.0,44.2,0.0,0.0,2532.808,69.4,28.0,34.8,0.0,0.01,4937.664,47.6,27.0,15.0,0.0,0.03,10328.084,34.0,6.0,-26.0,0.0,0.01,14442.258,18.1,4.0,-44.4,0.0,0.0,19166.666,-4.7,25.0,-31.6,2.0,0.0,24719.71,-34.6,70.0,-40.9,4.0,0.01,31480.188,America/Los_Angeles,34.0625,-118.5,86.0,7.808089256286621
2026-09-25T08:00,pressure_profile,cma_grapes_global,70.3,64.0,57.6,0.0,0.0,321.522,73.7,35.0,44.4,0.0,0.0,2539.37,69.1,28.0,34.7,0.0,0.01,4944.226,47.3,23.0,11.7,0.0,0.03,10331.365,34.0,6.0,-26.0,0.0,0.01,14445.538,18.1,4.0,-44.4,0.0,0.0,19173.228,-4.7,28.0,-29.3,2.0,0.0,24723.762,-34.6,74.0,-39.9,4.0,0.01,31485.48,America/Los_Angeles,34.0625,-118.5,86.0,7.808089256286621
2026-09-25T09:00,pressure_profile,cma_grapes_global,73.2,60.0,58.5,0.0,0.01,321.522,73.7,35.0,44.4,0.0,0.0,2545.932,69.1,28.0,34.7,0.0,0.01,4950.788,47.1,22.0,10.4,0.0,0.03,10334.646,34.3,5.0,-29.9,0.0,0.01,14448.819,18.1,6.0,-39.4,0.0,0.0,19179.792,-4.7,32.0,-27.3,2.0,0.0,24731.862,-34.6,64.0,-42.4,2.0,0.01,31496.062,America/Los_Angeles,34.0625,-118.5,86.0,7.808089256286621
2026-09-25T10:00,pressure_profile,cma_grapes_global,77.0,53.0,58.6,0.0,0.01,324.803,73.5,36.0,45.0,0.0,0.0,2549.213,69.1,27.0,33.7,0.0,0.0,4957.349,47.1,20.0,8.0,0.0,0.02,10341.207,34.3,5.0,-29.9,0.0,0.0,14455.381,18.6,6.0,-39.1,0.0,-0.01,19186.352,-4.7,33.0,-26.3,0.0,0.0,24744.014,-34.6,48.0,-47.2,2.0,0.01,31501.356,America/Los_Angeles,34.0625,-118.5,86.0,7.808089256286621
2026-09-25T11:00,pressure_profile,cma_grapes_global,80.4,48.0,58.9,0.0,0.02,324.803,73.5,37.0,45.7,0.0,0.0,2555.775,69.4,26.0,33.0,0.0,0.0,4963.911,47.1,19.0,6.7,0.0,0.02,10344.488,34.7,4.0,-34.8,0.0,0.0,14458.661,18.6,7.0,-35.2,0.0,-0.01,19192.914,-4.7,35.0,-25.4,0.0,0.0,24752.114,-34.6,36.0,-52.0,0.0,0.01,31511.94,America/Los_Angeles,34.0625,-118.5,86.0,7.808089256286621
2026-09-25T12:00,pressure_profile,cma_grapes_global,82.9,44.0,58.8,0.0,0.03,308.399,73.5,41.0,48.4,0.0,-0.01,2545.932,69.6,23.0,30.1,0.0,0.0,4954.069,47.3,17.0,4.2,0.0,0.02,10334.646,35.0,4.0,-34.6,0.0,0.0,14452.1,18.6,7.0,-35.2,0.0,0.0,19186.352,-4.7,35.0,-25.4,0.0,0.0,24748.064,-34.6,32.0,-53.9,0.0,0.01,31506.646,America/Los_Angeles,34.0625,-118.5,86.0,7.808089256286621
2026-09-25T13:00,pressure_profile,cma_grapes_global,84.7,40.0,57.8,0.0,0.03,291.995,73.5,46.0,51.5,0.0,-0.02,2536.089,70.0,20.0,27.1,0.0,-0.01,4947.507,47.6,13.0,-0.4,0.0,0.02,10328.084,35.0,4.0,-34.6,0.0,0.01,14448.819,19.0,7.0,-34.9,0.0,0.01,19183.07,-5.2,33.0,-26.8,0.0,-0.01,24739.962,-33.7,34.0,-52.1,2.0,0.01,31501.356,America/Los_Angeles,34.0625,-118.5,86.0,7.808089256286621
2026-09-25T14:00,pressure_profile,cma_grapes_global,85.6,38.0,57.1,0.0,0.04,275.591,73.9,47.0,52.4,0.0,-0.02,2526.247,70.5,17.0,23.5,0.0,-0.01,4937.664,48.2,10.0,-6.0,0.0,0.02,10318.241,35.3,4.0,-34.3,0.0,0.01,14442.258,19.0,7.0,-34.9,0.0,0.01,19176.51,-5.2,30.0,-28.8,0.0,-0.01,24735.914,-33.7,34.0,-52.1,2.0,0.03,31496.062,America/Los_Angeles,34.0625,-118.5,86.0,7.808089256286621
2026-09-25T15:00,pressure_profile,cma_grapes_global,84.9,39.0,57.2,0.0,0.04,255.906,75.3,40.0,49.3,0.0,-0.02,2506.562,70.9,15.0,20.9,0.0,-0.01,4917.979,49.0,8.0,-10.5,0.0,0.0,10301.837,36.0,4.0,-33.9,0.0,-0.01,14432.415,19.4,9.0,-31.3,0.0,0.0,19169.948,-4.7,25.0,-31.6,0.0,-0.01,24731.862,-33.7,30.0,-54.1,2.0,0.06,31490.77,America/Los_Angeles,34.0625,-118.5,86.0,7.808089256286621
2026-09-25T16:00,pressure_profile,cma_grapes_global,83.1,42.0,57.7,0.0,0.04,239.501,77.1,29.0,42.4,0.0,-0.01,2483.596,71.3,13.0,17.9,0.0,-0.01,4898.294,49.8,6.0,-16.6,0.0,-0.04,10288.714,36.6,5.0,-28.2,0.0,-0.03,14422.572,19.8,10.0,-28.1,0.0,-0.01,19166.666,-4.1,20.0,-35.1,0.0,0.0,24727.812,-33.7,26.0,-56.4,0.0,0.09,31490.77,America/Los_Angeles,34.0625,-118.5,86.0,7.808089256286621
2026-09-25T17:00,pressure_profile,cma_grapes_global,81.3,46.0,58.6,0.0,0.04,219.816,78.1,22.0,36.1,0.0,0.0,2463.911,71.3,12.0,16.1,0.0,-0.01,4878.609,50.4,4.0,-20.5,0.0,-0.05,10272.31,37.0,5.0,-27.9,0.0,-0.04,14412.729,20.2,11.0,-25.3,0.0,-0.02,19160.106,-4.1,17.0,-38.3,0.0,0.0,24723.762,-33.7,28.0,-55.2,0.0,0.09,31485.48,America/Los_Angeles,34.0625,-118.5,86.0,7.808089256286621
2026-09-25T18:00,pressure_profile,cma_grapes_global,79.5,49.0,58.7,0.0,0.03,232.94,77.5,24.0,37.9,0.0,0.0,2473.754,70.9,11.0,13.7,0.0,0.0,4885.171,50.6,4.0,-20.3,0.0,-0.03,10275.591,36.6,5.0,-28.2,0.0,-0.01,14412.729,20.2,11.0,-25.3,0.0,-0.02,19156.824,-4.1,17.0,-38.3,0.0,-0.01,24719.71,-33.7,42.0,-48.6,14.0,0.04,31480.188,America/Los_Angeles,34.0625,-118.5,86.0,7.808089256286621
2026-09-25T19:00,pressure_profile,cma_grapes_global,77.7,53.0,59.2,0.0,0.03,246.063,76.1,30.0,42.4,0.0,0.0,2480.315,70.0,11.0,13.0,0.0,0.02,4888.452,50.4,6.0,-16.2,0.0,0.01,10275.591,36.3,5.0,-28.4,0.0,0.03,14416.011,19.8,10.0,-28.1,0.0,-0.01,19156.824,-4.7,20.0,-35.6,0.0,-0.04,24715.662,-33.7,60.0,-42.6,30.0,-0.01,31474.894,America/Los_Angeles,34.0625,-118.5,86.0,7.808089256286621
2026-09-25T20:00,pressure_profile,cma_grapes_global,75.7,57.0,59.4,0.0,0.02,259.186,74.7,36.0,46.0,0.0,0.0,2490.158,69.1,11.0,12.4,0.0,0.03,4895.013,50.4,6.0,-16.2,0.0,0.04,10278.871,36.0,5.0,-28.7,0.0,0.05,14416.011,19.4,10.0,-28.4,0.0,0.0,19153.542,-5.2,20.0,-36.1,0.0,-0.04,24711.61,-33.7,76.0,-38.6,44.0,-0.04,31469.606,America/Los_Angeles,34.0625,-118.5,86.0,7.808089256286621
2026-09-25T21:00,pressure_profile,cma_grapes_global,73.4,62.0,59.6,0.0,0.02,269.029,73.5,39.0,47.1,0.0,0.0,2493.438,68.5,11.0,11.9,0.0,0.02,4895.013,50.6,6.0,-16.0,0.0,0.04,10278.871,36.0,5.0,-28.7,0.0,0.03,14416.011,19.4,10.0,-28.4,0.0,0.0,19156.824,-5.2,17.0,-39.3,0.0,-0.01,24715.662,-33.7,82.0,-37.2,50.0,-0.03,31469.606,America/Los_Angeles,34.0625,-118.5,86.0,7.808089256286621
2026-09-25T22:00,pressure_profile,cma_grapes_global,70.9,67.0,59.4,0.0,0.01,278.871,72.2,41.0,47.2,0.0,-0.01,2496.719,67.8,12.0,13.3,0.0,0.01,4895.013,50.6,4.0,-20.3,0.0,0.02,10275.591,36.3,6.0,-24.3,0.0,-0.01,14419.291,19.8,10.0,-28.1,0.0,0.0,19160.106,-5.2,12.0,-45.4,0.0,0.02,24715.662,-33.7,82.0,-37.2,56.0,0.03,31474.894,America/Los_Angeles,34.0625,-118.5,86.0,7.808089256286621
2026-09-25T23:00,pressure_profile,cma_grapes_global,69.1,71.0,59.3,0.0,0.01,288.714,71.2,42.0,46.9,0.0,-0.01,2500.0,67.4,12.0,13.0,0.0,0.0,4895.013,50.9,4.0,-20.1,0.0,0.01,10275.591,36.6,6.0,-24.0,0.0,-0.03,14419.291,19.8,10.0,-28.1,0.0,0.0,19163.386,-5.2,8.0,-51.0,0.0,0.05,24719.71,-33.7,84.0,-36.8,62.0,0.06,31474.894,America/Los_Angeles,34.0625,-118.5,86.0,7.808089256286621
2026-09-26T00:00,pressure_profile,cma_grapes_global,68.4,72.0,59.0,0.0,0.01,285.433,70.6,40.0,45.1,0.0,0.0,2493.438,67.2,12.0,12.8,0.0,0.0,4888.452,50.9,4.0,-20.1,0.0,0.0,10265.748,36.6,6.0,-24.0,0.0,-0.02,14409.449,19.8,10.0,-28.1,0.0,0.01,19153.542,-5.2,7.0,-54.6,0.0,0.05,24707.56,-32.8,86.0,-35.5,66.0,0.06,31464.312,America/Los_Angeles,34.0625,-118.5,86.0,7.808089256286621
2026-09-26T01:00,pressure_profile,cma_grapes_global,68.2,71.0,58.4,0.0,0.01,282.152,70.4,37.0,42.9,0.0,0.01,2490.158,67.2,12.0,12.8,0.0,0.01,4881.89,50.6,4.0,-20.3,0.0,-0.01,10259.187,36.6,6.0,-24.0,0.0,-0.01,14402.888,19.4,10.0,-28.4,0.0,0.01,19143.702,-5.2,7.0,-54.6,0.0,0.05,24695.408,-32.8,88.0,-35.1,70.0,0.04,31448.438,America/Los_Angeles,34.0625,-118.5,86.0,7.808089256286621
2026-09-26T02:00,pressure_profile,cma_grapes_global,68.0,70.0,57.9,0.0,0.01,278.871,70.2,34.0,40.5,0.0,0.01,2483.596,67.0,12.0,12.7,0.0,0.01,4875.328,50.6,4.0,-20.3,0.0,-0.01,10249.344,36.3,6.0,-24.3,0.0,0.01,14393.045,19.0,10.0,-28.8,0.0,0.02,19133.86,-5.2,7.0,-54.6,0.0,0.04,24683.256,-31.9,90.0,-33.8,74.0,0.03,31437.854,America/Los_Angeles,34.0625,-118.5,86.0,7.808089256286621
2026-09-26T03:00,pressure_profile,cma_grapes_global,67.8,71.0,58.1,0.0,0.01,272.31,70.0,32.0,38.8,0.0,0.01,2477.034,66.8,12.0,12.5,0.0,0.0,4868.767,50.6,4.0,-20.3,0.0,-0.01,10242.782,36.0,6.0,-24.5,0.0,0.02,14383.202,18.6,10.0,-29.1,0.0,0.02,19124.016,-5.2,7.0,-54.6,0.0,0.04,24671.106,-31.9,90.0,-33.8,58.0,0.01,31427.272,America/Los_Angeles,34.0625,-118.5,86.0,7.808089256286621
2026-09-26T04:00,pressure_profile,cma_grapes_global,67.6,73.0,58.7,0.0,0.0,269.029,70.0,31.0,38.0,0.0,0.0,2473.754,66.3,12.0,12.1,0.0,0.0,4862.205,50.9,4.0,-20.1,0.0,-0.01,10236.221,36.0,8.0,-21.0,0.0,0.02,14376.641,18.6,10.0,-29.1,0.0,0.02,19110.892,-5.2,7.0,-54.6,0.0,0.02,24663.004,-32.8,88.0,-35.1,42.0,0.01,31421.978,America/Los_Angeles,34.0625,-118.5,86.0,7.808089256286621
2026-09-26T05:00,pressure_profile,cma_grapes_global,67.5,74.0,58.9,0.0,0.0,262.467,70.0,30.0,37.1,0.0,-0.01,2467.192,66.1,12.0,12.0,0.0,-0.01,4855.643,50.9,4.0,-20.1,0.0,-0.01,10229.659,35.6,8.0,-21.3,0.0,0.02,14366.798,18.1,9.0,-32.2,0.0,0.02,19101.05,-5.2,8.0,-51.0,0.0,0.02,24650.854,-32.8,86.0,-35.5,26.0,0.0,31411.396,America/Los_Angeles,34.0625,-118.5,86.0,7.808089256286621
2026-09-26T06:00,pressure_profile,cma_grapes_global,66.9,76.0,59.1,0.0,0.0,272.31,69.8,30.0,37.0,0.0,-0.01,2473.754,65.9,12.0,11.8,0.0,-0.01,4862.205,50.6,4.0,-20.3,0.0,-0.01,10232.939,35.3,8.0,-21.5,0.0,0.02,14370.079,18.1,7.0,-35.5,0.0,0.02,19101.05,-5.2,10.0,-48.0,0.0,0.02,24650.854,-32.8,80.0,-36.8,18.0,-0.01,31411.396,America/Los_Angeles,34.0625,-118.5,86.0,7.808089256286621
2026-09-26T07:00,pressure_profile,cma_grapes_global,66.4,78.0,59.3,0.0,0.0,278.871,69.6,30.0,36.8,0.0,0.0,2483.596,65.9,12.0,11.8,0.0,0.0,4868.767,50.6,4.0,-20.3,0.0,0.0,10239.501,35.0,8.0,-21.8,0.0,0.01,14370.079,18.1,6.0,-39.4,0.0,0.01,19104.33,-5.8,13.0,-43.6,0.0,0.01,24654.904,-32.8,74.0,-38.1,12.0,-0.03,31416.69,America/Los_Angeles,34.0625,-118.5,86.0,7.808089256286621
2026-09-26T08:00,pressure_profile,cma_grapes_global,67.1,76.0,59.3,0.0,0.0,288.714,69.4,31.0,37.5,0.0,0.0,2490.158,65.7,12.0,11.6,0.0,0.0,4875.328,50.4,4.0,-20.5,0.0,0.0,10242.782,34.7,8.0,-22.0,0.0,0.01,14373.359,18.1,4.0,-44.4,0.0,0.01,19104.33,-5.8,17.0,-39.8,0.0,0.01,24654.904,-32.8,72.0,-38.6,4.0,-0.03,31416.69,America/Los_Angeles,34.0625,-118.5,86.0,7.808089256286621
2026-09-26T09:00,pressure_profile,cma_grapes_global,70.2,68.0,59.1,0.0,0.0,291.995,69.0,33.0,38.7,0.0,0.0,2496.719,65.7,12.0,11.6,0.0,0.0,4881.89,50.4,4.0,-20.5,0.0,0.01,10249.344,34.7,8.0,-22.0,0.0,0.01,14379.921,18.1,3.0,-51.1,0.0,0.01,19114.174,-5.8,18.0,-38.1,0.0,0.01,24663.004,-32.8,76.0,-37.7,8.0,-0.01,31427.272,America/Los_Angeles,34.0625,-118.5,86.0,7.808089256286621
2026-09-26T10:00,pressure_profile,cma_grapes_global,74.3,56.0,57.6,0.0,0.01,291.995,68.4,37.0,41.1,0.0,0.0,2506.562,65.5,12.0,11.5,0.0,0.0,4891.733,50.6,4.0,-20.3,0.0,0.02,10255.905,34.7,8.0,-22.0,0.0,0.01,14389.764,18.6,3.0,-50.8,0.0,0.0,19120.734,-6.4,20.0,-37.1,0.0,0.0,24671.106,-32.8,84.0,-35.9,10.0,0.0,31432.564,America/Los_Angeles,34.0625,-118.5,86.0,7.808089256286621
2026-09-26T11:00,pressure_profile,cma_grapes_global,77.9,46.0,55.5,0.0,0.02,295.276,68.2,39.0,42.3,0.0,0.0,2513.123,65.5,12.0,11.5,0.0,0.0,4898.294,50.6,4.0,-20.3,0.0,0.02,10262.467,34.7,8.0,-22.0,0.0,0.01,14396.325,18.6,3.0,-50.8,0.0,0.0,19130.578,-6.4,20.0,-37.1,0.0,0.0,24679.208,-32.8,90.0,-34.7,14.0,0.01,31443.146,America/Los_Angeles,34.0625,-118.5,86.0,7.808089256286621
2026-09-26T12:00,pressure_profile,cma_grapes_global,80.2,41.0,54.4,0.0,0.03,285.433,68.8,41.0,44.2,0.0,0.0,2509.843,65.5,12.0,11.5,0.0,0.0,4895.013,50.4,4.0,-20.5,0.0,0.02,10259.187,35.0,8.0,-21.8,0.0,0.01,14393.045,18.6,3.0,-50.8,0.0,0.0,19130.578,-6.4,18.0,-38.6,0.0,0.0,24675.156,-32.8,90.0,-34.7,28.0,0.03,31437.854,America/Los_Angeles,34.0625,-118.5,86.0,7.808089256286621
2026-09-26T13:00,pressure_profile,cma_grapes_global,81.7,37.0,52.9,0.0,0.04,278.871,70.0,42.0,45.9,0.0,-0.01,2506.562,65.5,11.0,9.5,0.0,0.0,4891.733,50.4,6.0,-16.2,0.0,0.02,10255.905,35.0,6.0,-25.2,0.0,0.01,14389.764,18.6,3.0,-50.8,0.0,0.0,19127.296,-6.9,17.0,-40.7,0.0,-0.01,24675.156,-32.8,88.0,-35.1,42.0,0.03,31437.854,America/Los_Angeles,34.0625,-118.5,86.0,7.808089256286621
2026-09-26T14:00,pressure_profile,cma_grapes_global,82.4,36.0,52.8,0.0,0.05,269.029,70.8,41.0,45.9,0.0,-0.01,2503.281,65.7,11.0,9.7,0.0,0.0,4888.452,50.1,6.0,-16.4,0.0,0.01,10252.625,35.3,6.0,-25.0,0.0,0.01,14386.483,18.6,3.0,-50.8,0.0,0.0,19127.296,-6.9,15.0,-42.5,0.0,-0.01,24671.106,-32.8,86.0,-35.5,56.0,0.03,31432.564,America/Los_Angeles,34.0625,-118.5,86.0,7.808089256286621
2026-09-26T15:00,pressure_profile,cma_grapes_global,81.9,36.0,52.3,0.0,0.05,259.186,71.2,38.0,44.3,0.0,-0.02,2490.158,66.1,10.0,7.9,0.0,0.0,4878.609,50.1,6.0,-16.4,0.0,0.0,10246.063,35.6,5.0,-28.9,0.0,0.0,14379.921,18.6,3.0,-50.8,0.0,-0.01,19120.734,-6.9,15.0,-42.5,0.0,-0.02,24663.004,-32.8,88.0,-35.1,40.0,0.01,31421.978,America/Los_Angeles,34.0625,-118.5,86.0,7.808089256286621
2026-09-26T16:00,pressure_profile,cma_grapes_global,80.6,38.0,52.7,0.0,0.04,249.344,71.6,33.0,41.0,0.0,-0.02,2477.034,66.8,9.0,6.1,0.0,-0.01,4865.486,50.4,6.0,-16.2,0.0,-0.01,10236.221,36.0,5.0,-28.7,0.0,-0.01,14370.079,18.6,4.0,-44.0,0.0,-0.03,19114.174,-6.9,15.0,-42.5,0.0,-0.02,24654.904,-33.7,90.0,-35.6,24.0,0.0,31416.69,America/Los_Angeles,34.0625,-118.5,86.0,7.808089256286621
2026-09-26T17:00,pressure_profile,cma_grapes_global,78.8,43.0,54.4,0.0,0.03,239.501,71.6,29.0,37.6,0.0,-0.02,2463.911,67.0,9.0,6.2,0.0,-0.01,4855.643,50.4,6.0,-16.2,0.0,-0.02,10229.659,36.0,4.0,-33.9,0.0,-0.02,14363.518,18.6,4.0,-44.0,0.0,-0.03,19107.612,-6.9,15.0,-42.5,0.0,-0.02,24646.802,-33.7,90.0,-35.6,8.0,-0.01,31406.106,America/Los_Angeles,34.0625,-118.5,86.0,7.808089256286621
2026-09-26T18:00,pressure_profile,cma_grapes_global,76.5,52.0,57.5,0.0,0.03,249.344,71.2,28.0,36.4,0.0,-0.01,2470.473,66.8,9.0,6.1,0.0,0.0,4862.205,50.4,6.0,-16.2,0.0,-0.01,10236.221,36.0,4.0,-33.9,0.0,-0.01,14366.798,18.1,4.0,-44.4,0.0,-0.01,19110.892,-6.9,15.0,-42.5,0.0,-0.01,24646.802,-33.7,84.0,-36.8,8.0,-0.01,31406.106,America/Los_Angeles,34.0625,-118.5,86.0,7.808089256286621
2026-09-26T19:00,pressure_profile,cma_grapes_global,73.9,65.0,61.4,0.0,0.02,262.467,70.6,28.0,35.9,0.0,0.01,2480.315,66.3,10.0,8.1,0.0,0.01,4868.767,50.4,6.0,-16.2,0.0,0.0,10239.501,35.6,4.0,-34.1,0.0,0.02,14373.359,18.1,4.0,-44.4,0.0,0.01,19110.892,-6.4,13.0,-44.1,2.0,0.01,24646.802,-34.6,74.0,-39.9,10.0,0.0,31406.106,America/Los_Angeles,34.0625,-118.5,86.0,7.808089256286621
2026-09-26T20:00,pressure_profile,cma_grapes_global,71.6,74.0,62.9,0.0,0.02,272.31,70.0,29.0,36.3,0.0,0.02,2486.877,65.9,11.0,9.8,0.0,0.02,4875.328,50.4,6.0,-16.2,0.0,0.01,10246.063,35.6,4.0,-34.1,0.0,0.03,14376.641,17.7,4.0,-44.7,0.0,0.03,19114.174,-6.4,15.0,-42.1,2.0,0.02,24646.802,-34.6,62.0,-42.9,10.0,0.01,31406.106,America/Los_Angeles,34.0625,-118.5,86.0,7.808089256286621
2026-09-26T21:00,pressure_profile,cma_grapes_global,69.8,79.0,63.0,0.0,0.02,288.714,69.0,31.0,37.1,0.0,0.02,2496.719,65.2,14.0,14.8,0.0,0.02,4885.171,50.1,6.0,-16.4,0.0,0.01,10249.344,35.6,4.0,-34.1,0.0,0.01,14379.921,17.3,4.0,-45.0,0.0,0.02,19117.456,-6.4,18.0,-38.6,8.0,0.02,24646.802,-33.7,44.0,-47.9,8.0,0.01,31406.106,America/Los_Angeles,34.0625,-118.5,86.0,7.808089256286621
2026-09-26T22:00,pressure_profile,cma_grapes_global,68.2,81.0,62.1,0.0,0.02,301.837,68.0,34.0,38.6,0.0,0.02,2509.843,64.4,19.0,21.2,0.0,0.02,4891.733,49.8,7.0,-13.0,0.0,0.0,10255.905,36.0,3.0,-41.0,0.0,-0.01,14383.202,16.9,4.0,-45.3,0.0,0.0,19117.456,-5.8,23.0,-33.8,17.0,0.01,24650.854,-32.8,26.0,-55.6,4.0,0.01,31411.396,America/Los_Angeles,34.0625,-118.5,86.0,7.808089256286621
2026-09-26T23:00,pressure_profile,cma_grapes_global,67.6,81.0,61.6,,0.02,,67.6,36.0,39.7,,0.02,,63.9,21.0,23.2,,0.02,,49.5,7.0,-13.2,,0.0,,36.0,3.0,-41.0,,-0.03,,16.9,4.0,-45.3,,-0.01,,-5.8,27.0,-31.4,,0.01,,-31.9,16.0,-62.4,,0.01,,America/Los_Angeles,34.0625,-118.5,86.0,7.808089256286621
2026-09-27T00:00,pressure_profile,cma_grapes_global,67.3,82.0,61.6,,0.02,,67.4,37.0,40.3,,0.02,,63.7,22.0,24.1,,0.02,,49.5,7.0,-13.2,,0.0,,36.0,3.0,-41.0,,-0.03,,16.9,4.0,-45.3,,-0.01,,-5.8,28.0,-30.3,,0.01,,-31.9,12.0,-66.7,,0.01,,America/Los_Angeles,34.0625,-118.5,86.0,7.808089256286621
2026-09-27T01:00,pressure_profile,cma_grapes_global,67.5,81.0,61.4,,0.02,,67.6,36.0,39.7,,0.02,,63.9,21.0,23.2,,0.02,,49.5,7.0,-13.2,,0.0,,36.0,3.0,-41.0,,-0.03,,16.9,4.0,-45.3,,-0.01,,-5.8,27.0,-31.4,,0.01,,-31.9,14.0,-64.4,,0.01,,America/Los_Angeles,34.0625,-118.5,86.0,7.808089256286621
2026-09-27T02:00,pressure_profile,cma_grapes_global,,,,,,,,,,,,,,,,,,,,,,,,,,,,,,,,,,,,,,,,,,,,,,,,,America/Los_Angeles,34.0625,-118.5,86.0,7.808089256286621
2026-09-27T03:00,pressure_profile,cma_grapes_global,,,,,,,,,,,,,,,,,,,,,,,,,,,,,,,,,,,,,,,,,,,,,,,,,America/Los_Angeles,34.0625,-118.5,86.0,7.808089256286621
2026-09-27T04:00,pressure_profile,cma_grapes_global,,,,,,,,,,,,,,,,,,,,,,,,,,,,,,,,,,,,,,,,,,,,,,,,,America/Los_Angeles,34.0625,-118.5,86.0,7.808089256286621
2026-09-27T05:00,pressure_profile,cma_grapes_global,,,,,,,,,,,,,,,,,,,,,,,,,,,,,,,,,,,,,,,,,,,,,,,,,America/Los_Angeles,34.0625,-118.5,86.0,7.808089256286621
2026-09-27T06:00,pressure_profile,cma_grapes_global,,,,,,,,,,,,,,,,,,,,,,,,,,,,,,,,,,,,,,,,,,,,,,,,,America/Los_Angeles,34.0625,-118.5,86.0,7.808089256286621
2026-09-27T07:00,pressure_profile,cma_grapes_global,,,,,,,,,,,,,,,,,,,,,,,,,,,,,,,,,,,,,,,,,,,,,,,,,America/Los_Angeles,34.0625,-118.5,86.0,7.808089256286621
2026-09-27T08:00,pressure_profile,cma_grapes_global,,,,,,,,,,,,,,,,,,,,,,,,,,,,,,,,,,,,,,,,,,,,,,,,,America/Los_Angeles,34.0625,-118.5,86.0,7.808089256286621
2026-09-27T09:00,pressure_profile,cma_grapes_global,,,,,,,,,,,,,,,,,,,,,,,,,,,,,,,,,,,,,,,,,,,,,,,,,America/Los_Angeles,34.0625,-118.5,86.0,7.808089256286621
2026-09-27T10:00,pressure_profile,cma_grapes_global,,,,,,,,,,,,,,,,,,,,,,,,,,,,,,,,,,,,,,,,,,,,,,,,,America/Los_Angeles,34.0625,-118.5,86.0,7.808089256286621
2026-09-27T11:00,pressure_profile,cma_grapes_global,,,,,,,,,,,,,,,,,,,,,,,,,,,,,,,,,,,,,,,,,,,,,,,,,America/Los_Angeles,34.0625,-118.5,86.0,7.808089256286621
2026-09-27T12:00,pressure_profile,cma_grapes_global,,,,,,,,,,,,,,,,,,,,,,,,,,,,,,,,,,,,,,,,,,,,,,,,,America/Los_Angeles,34.0625,-118.5,86.0,7.808089256286621
2026-09-27T13:00,pressure_profile,cma_grapes_global,,,,,,,,,,,,,,,,,,,,,,,,,,,,,,,,,,,,,,,,,,,,,,,,,America/Los_Angeles,34.0625,-118.5,86.0,7.808089256286621
2026-09-27T14:00,pressure_profile,cma_grapes_global,,,,,,,,,,,,,,,,,,,,,,,,,,,,,,,,,,,,,,,,,,,,,,,,,America/Los_Angeles,34.0625,-118.5,86.0,7.808089256286621
2026-09-27T15:00,pressure_profile,cma_grapes_global,,,,,,,,,,,,,,,,,,,,,,,,,,,,,,,,,,,,,,,,,,,,,,,,,America/Los_Angeles,34.0625,-118.5,86.0,7.808089256286621
2026-09-27T16:00,pressure_profile,cma_grapes_global,,,,,,,,,,,,,,,,,,,,,,,,,,,,,,,,,,,,,,,,,,,,,,,,,America/Los_Angeles,34.0625,-118.5,86.0,7.808089256286621
2026-09-27T17:00,pressure_profile,cma_grapes_global,,,,,,,,,,,,,,,,,,,,,,,,,,,,,,,,,,,,,,,,,,,,,,,,,America/Los_Angeles,34.0625,-118.5,86.0,7.808089256286621
2026-09-27T18:00,pressure_profile,cma_grapes_global,,,,,,,,,,,,,,,,,,,,,,,,,,,,,,,,,,,,,,,,,,,,,,,,,America/Los_Angeles,34.0625,-118.5,86.0,7.808089256286621
2026-09-27T19:00,pressure_profile,cma_grapes_global,,,,,,,,,,,,,,,,,,,,,,,,,,,,,,,,,,,,,,,,,,,,,,,,,America/Los_Angeles,34.0625,-118.5,86.0,7.808089256286621
2026-09-27T20:00,pressure_profile,cma_grapes_global,,,,,,,,,,,,,,,,,,,,,,,,,,,,,,,,,,,,,,,,,,,,,,,,,America/Los_Angeles,34.0625,-118.5,86.0,7.808089256286621
2026-09-27T21:00,pressure_profile,cma_grapes_global,,,,,,,,,,,,,,,,,,,,,,,,,,,,,,,,,,,,,,,,,,,,,,,,,America/Los_Angeles,34.0625,-118.5,86.0,7.808089256286621
2026-09-27T22:00,pressure_profile,cma_grapes_global,,,,,,,,,,,,,,,,,,,,,,,,,,,,,,,,,,,,,,,,,,,,,,,,,America/Los_Angeles,34.0625,-118.5,86.0,7.808089256286621
2026-09-27T23:00,pressure_profile,cma_grapes_global,,,,,,,,,,,,,,,,,,,,,,,,,,,,,,,,,,,,,,,,,,,,,,,,,America/Los_Angeles,34.0625,-118.5,86.0,7.808089256286621
2026-09-28T00:00,pressure_profile,cma_grapes_global,,,,,,,,,,,,,,,,,,,,,,,,,,,,,,,,,,,,,,,,,,,,,,,,,America/Los_Angeles,34.0625,-118.5,86.0,7.808089256286621
2026-09-28T01:00,pressure_profile,cma_grapes_global,,,,,,,,,,,,,,,,,,,,,,,,,,,,,,,,,,,,,,,,,,,,,,,,,America/Los_Angeles,34.0625,-118.5,86.0,7.808089256286621
2026-09-28T02:00,pressure_profile,cma_grapes_global,,,,,,,,,,,,,,,,,,,,,,,,,,,,,,,,,,,,,,,,,,,,,,,,,America/Los_Angeles,34.0625,-118.5,86.0,7.808089256286621
2026-09-28T03:00,pressure_profile,cma_grapes_global,,,,,,,,,,,,,,,,,,,,,,,,,,,,,,,,,,,,,,,,,,,,,,,,,America/Los_Angeles,34.0625,-118.5,86.0,7.808089256286621
2026-09-28T04:00,pressure_profile,cma_grapes_global,,,,,,,,,,,,,,,,,,,,,,,,,,,,,,,,,,,,,,,,,,,,,,,,,America/Los_Angeles,34.0625,-118.5,86.0,7.808089256286621
2026-09-28T05:00,pressure_profile,cma_grapes_global,,,,,,,,,,,,,,,,,,,,,,,,,,,,,,,,,,,,,,,,,,,,,,,,,America/Los_Angeles,34.0625,-118.5,86.0,7.808089256286621
2026-09-28T06:00,pressure_profile,cma_grapes_global,,,,,,,,,,,,,,,,,,,,,,,,,,,,,,,,,,,,,,,,,,,,,,,,,America/Los_Angeles,34.0625,-118.5,86.0,7.808089256286621
2026-09-28T07:00,pressure_profile,cma_grapes_global,,,,,,,,,,,,,,,,,,,,,,,,,,,,,,,,,,,,,,,,,,,,,,,,,America/Los_Angeles,34.0625,-118.5,86.0,7.808089256286621
2026-09-28T08:00,pressure_profile,cma_grapes_global,,,,,,,,,,,,,,,,,,,,,,,,,,,,,,,,,,,,,,,,,,,,,,,,,America/Los_Angeles,34.0625,-118.5,86.0,7.808089256286621
2026-09-28T09:00,pressure_profile,cma_grapes_global,,,,,,,,,,,,,,,,,,,,,,,,,,,,,,,,,,,,,,,,,,,,,,,,,America/Los_Angeles,34.0625,-118.5,86.0,7.808089256286621
2026-09-28T10:00,pressure_profile,cma_grapes_global,,,,,,,,,,,,,,,,,,,,,,,,,,,,,,,,,,,,,,,,,,,,,,,,,America/Los_Angeles,34.0625,-118.5,86.0,7.808089256286621
2026-09-28T11:00,pressure_profile,cma_grapes_global,,,,,,,,,,,,,,,,,,,,,,,,,,,,,,,,,,,,,,,,,,,,,,,,,America/Los_Angeles,34.0625,-118.5,86.0,7.808089256286621
2026-09-28T12:00,pressure_profile,cma_grapes_global,,,,,,,,,,,,,,,,,,,,,,,,,,,,,,,,,,,,,,,,,,,,,,,,,America/Los_Angeles,34.0625,-118.5,86.0,7.808089256286621
2026-09-28T13:00,pressure_profile,cma_grapes_global,,,,,,,,,,,,,,,,,,,,,,,,,,,,,,,,,,,,,,,,,,,,,,,,,America/Los_Angeles,34.0625,-118.5,86.0,7.808089256286621
2026-09-28T14:00,pressure_profile,cma_grapes_global,,,,,,,,,,,,,,,,,,,,,,,,,,,,,,,,,,,,,,,,,,,,,,,,,America/Los_Angeles,34.0625,-118.5,86.0,7.808089256286621
2026-09-28T15:00,pressure_profile,cma_grapes_global,,,,,,,,,,,,,,,,,,,,,,,,,,,,,,,,,,,,,,,,,,,,,,,,,America/Los_Angeles,34.0625,-118.5,86.0,7.808089256286621
2026-09-28T16:00,pressure_profile,cma_grapes_global,,,,,,,,,,,,,,,,,,,,,,,,,,,,,,,,,,,,,,,,,,,,,,,,,America/Los_Angeles,34.0625,-118.5,86.0,7.808089256286621
2026-09-28T17:00,pressure_profile,cma_grapes_global,,,,,,,,,,,,,,,,,,,,,,,,,,,,,,,,,,,,,,,,,,,,,,,,,America/Los_Angeles,34.0625,-118.5,86.0,7.808089256286621
2026-09-28T18:00,pressure_profile,cma_grapes_global,,,,,,,,,,,,,,,,,,,,,,,,,,,,,,,,,,,,,,,,,,,,,,,,,America/Los_Angeles,34.0625,-118.5,86.0,7.808089256286621
2026-09-28T19:00,pressure_profile,cma_grapes_global,,,,,,,,,,,,,,,,,,,,,,,,,,,,,,,,,,,,,,,,,,,,,,,,,America/Los_Angeles,34.0625,-118.5,86.0,7.808089256286621
2026-09-28T20:00,pressure_profile,cma_grapes_global,,,,,,,,,,,,,,,,,,,,,,,,,,,,,,,,,,,,,,,,,,,,,,,,,America/Los_Angeles,34.0625,-118.5,86.0,7.808089256286621
2026-09-28T21:00,pressure_profile,cma_grapes_global,,,,,,,,,,,,,,,,,,,,,,,,,,,,,,,,,,,,,,,,,,,,,,,,,America/Los_Angeles,34.0625,-118.5,86.0,7.808089256286621
2026-09-28T22:00,pressure_profile,cma_grapes_global,,,,,,,,,,,,,,,,,,,,,,,,,,,,,,,,,,,,,,,,,,,,,,,,,America/Los_Angeles,34.0625,-118.5,86.0,7.808089256286621
2026-09-28T23:00,pressure_profile,cma_grapes_global,,,,,,,,,,,,,,,,,,,,,,,,,,,,,,,,,,,,,,,,,,,,,,,,,America/Los_Angeles,34.0625,-118.5,86.0,7.808089256286621
2026-09-29T00:00,pressure_profile,cma_grapes_global,,,,,,,,,,,,,,,,,,,,,,,,,,,,,,,,,,,,,,,,,,,,,,,,,America/Los_Angeles,34.0625,-118.5,86.0,7.808089256286621
2026-09-29T01:00,pressure_profile,cma_grapes_global,,,,,,,,,,,,,,,,,,,,,,,,,,,,,,,,,,,,,,,,,,,,,,,,,America/Los_Angeles,34.0625,-118.5,86.0,7.808089256286621
2026-09-29T02:00,pressure_profile,cma_grapes_global,,,,,,,,,,,,,,,,,,,,,,,,,,,,,,,,,,,,,,,,,,,,,,,,,America/Los_Angeles,34.0625,-118.5,86.0,7.808089256286621
2026-09-29T03:00,pressure_profile,cma_grapes_global,,,,,,,,,,,,,,,,,,,,,,,,,,,,,,,,,,,,,,,,,,,,,,,,,America/Los_Angeles,34.0625,-118.5,86.0,7.808089256286621
2026-09-29T04:00,pressure_profile,cma_grapes_global,,,,,,,,,,,,,,,,,,,,,,,,,,,,,,,,,,,,,,,,,,,,,,,,,America/Los_Angeles,34.0625,-118.5,86.0,7.808089256286621
2026-09-29T05:00,pressure_profile,cma_grapes_global,,,,,,,,,,,,,,,,,,,,,,,,,,,,,,,,,,,,,,,,,,,,,,,,,America/Los_Angeles,34.0625,-118.5,86.0,7.808089256286621
2026-09-29T06:00,pressure_profile,cma_grapes_global,,,,,,,,,,,,,,,,,,,,,,,,,,,,,,,,,,,,,,,,,,,,,,,,,America/Los_Angeles,34.0625,-118.5,86.0,7.808089256286621
2026-09-29T07:00,pressure_profile,cma_grapes_global,,,,,,,,,,,,,,,,,,,,,,,,,,,,,,,,,,,,,,,,,,,,,,,,,America/Los_Angeles,34.0625,-118.5,86.0,7.808089256286621
2026-09-29T08:00,pressure_profile,cma_grapes_global,,,,,,,,,,,,,,,,,,,,,,,,,,,,,,,,,,,,,,,,,,,,,,,,,America/Los_Angeles,34.0625,-118.5,86.0,7.808089256286621
2026-09-29T09:00,pressure_profile,cma_grapes_global,,,,,,,,,,,,,,,,,,,,,,,,,,,,,,,,,,,,,,,,,,,,,,,,,America/Los_Angeles,34.0625,-118.5,86.0,7.808089256286621
2026-09-29T10:00,pressure_profile,cma_grapes_global,,,,,,,,,,,,,,,,,,,,,,,,,,,,,,,,,,,,,,,,,,,,,,,,,America/Los_Angeles,34.0625,-118.5,86.0,7.808089256286621
2026-09-29T11:00,pressure_profile,cma_grapes_global,,,,,,,,,,,,,,,,,,,,,,,,,,,,,,,,,,,,,,,,,,,,,,,,,America/Los_Angeles,34.0625,-118.5,86.0,7.808089256286621
2026-09-29T12:00,pressure_profile,cma_grapes_global,,,,,,,,,,,,,,,,,,,,,,,,,,,,,,,,,,,,,,,,,,,,,,,,,America/Los_Angeles,34.0625,-118.5,86.0,7.808089256286621
2026-09-29T13:00,pressure_profile,cma_grapes_global,,,,,,,,,,,,,,,,,,,,,,,,,,,,,,,,,,,,,,,,,,,,,,,,,America/Los_Angeles,34.0625,-118.5,86.0,7.808089256286621
2026-09-29T14:00,pressure_profile,cma_grapes_global,,,,,,,,,,,,,,,,,,,,,,,,,,,,,,,,,,,,,,,,,,,,,,,,,America/Los_Angeles,34.0625,-118.5,86.0,7.808089256286621
2026-09-29T15:00,pressure_profile,cma_grapes_global,,,,,,,,,,,,,,,,,,,,,,,,,,,,,,,,,,,,,,,,,,,,,,,,,America/Los_Angeles,34.0625,-118.5,86.0,7.808089256286621
2026-09-29T16:00,pressure_profile,cma_grapes_global,,,,,,,,,,,,,,,,,,,,,,,,,,,,,,,,,,,,,,,,,,,,,,,,,America/Los_Angeles,34.0625,-118.5,86.0,7.808089256286621
2026-09-29T17:00,pressure_profile,cma_grapes_global,,,,,,,,,,,,,,,,,,,,,,,,,,,,,,,,,,,,,,,,,,,,,,,,,America/Los_Angeles,34.0625,-118.5,86.0,7.808089256286621
2026-09-29T18:00,pressure_profile,cma_grapes_global,,,,,,,,,,,,,,,,,,,,,,,,,,,,,,,,,,,,,,,,,,,,,,,,,America/Los_Angeles,34.0625,-118.5,86.0,7.808089256286621
2026-09-29T19:00,pressure_profile,cma_grapes_global,,,,,,,,,,,,,,,,,,,,,,,,,,,,,,,,,,,,,,,,,,,,,,,,,America/Los_Angeles,34.0625,-118.5,86.0,7.808089256286621
2026-09-29T20:00,pressure_profile,cma_grapes_global,,,,,,,,,,,,,,,,,,,,,,,,,,,,,,,,,,,,,,,,,,,,,,,,,America/Los_Angeles,34.0625,-118.5,86.0,7.808089256286621
2026-09-29T21:00,pressure_profile,cma_grapes_global,,,,,,,,,,,,,,,,,,,,,,,,,,,,,,,,,,,,,,,,,,,,,,,,,America/Los_Angeles,34.0625,-118.5,86.0,7.808089256286621
2026-09-29T22:00,pressure_profile,cma_grapes_global,,,,,,,,,,,,,,,,,,,,,,,,,,,,,,,,,,,,,,,,,,,,,,,,,America/Los_Angeles,34.0625,-118.5,86.0,7.808089256286621
2026-09-29T23:00,pressure_profile,cma_grapes_global,,,,,,,,,,,,,,,,,,,,,,,,,,,,,,,,,,,,,,,,,,,,,,,,,America/Los_Angeles,34.0625,-118.5,86.0,7.808089256286621
2026-09-30T00:00,pressure_profile,cma_grapes_global,,,,,,,,,,,,,,,,,,,,,,,,,,,,,,,,,,,,,,,,,,,,,,,,,America/Los_Angeles,34.0625,-118.5,86.0,7.808089256286621
2026-09-30T01:00,pressure_profile,cma_grapes_global,,,,,,,,,,,,,,,,,,,,,,,,,,,,,,,,,,,,,,,,,,,,,,,,,America/Los_Angeles,34.0625,-118.5,86.0,7.808089256286621
2026-09-30T02:00,pressure_profile,cma_grapes_global,,,,,,,,,,,,,,,,,,,,,,,,,,,,,,,,,,,,,,,,,,,,,,,,,America/Los_Angeles,34.0625,-118.5,86.0,7.808089256286621
2026-09-30T03:00,pressure_profile,cma_grapes_global,,,,,,,,,,,,,,,,,,,,,,,,,,,,,,,,,,,,,,,,,,,,,,,,,America/Los_Angeles,34.0625,-118.5,86.0,7.808089256286621
2026-09-30T04:00,pressure_profile,cma_grapes_global,,,,,,,,,,,,,,,,,,,,,,,,,,,,,,,,,,,,,,,,,,,,,,,,,America/Los_Angeles,34.0625,-118.5,86.0,7.808089256286621
2026-09-30T05:00,pressure_profile,cma_grapes_global,,,,,,,,,,,,,,,,,,,,,,,,,,,,,,,,,,,,,,,,,,,,,,,,,America/Los_Angeles,34.0625,-118.5,86.0,7.808089256286621
2026-09-30T06:00,pressure_profile,cma_grapes_global,,,,,,,,,,,,,,,,,,,,,,,,,,,,,,,,,,,,,,,,,,,,,,,,,America/Los_Angeles,34.0625,-118.5,86.0,7.808089256286621
2026-09-30T07:00,pressure_profile,cma_grapes_global,,,,,,,,,,,,,,,,,,,,,,,,,,,,,,,,,,,,,,,,,,,,,,,,,America/Los_Angeles,34.0625,-118.5,86.0,7.808089256286621
2026-09-30T08:00,pressure_profile,cma_grapes_global,,,,,,,,,,,,,,,,,,,,,,,,,,,,,,,,,,,,,,,,,,,,,,,,,America/Los_Angeles,34.0625,-118.5,86.0,7.808089256286621
2026-09-30T09:00,pressure_profile,cma_grapes_global,,,,,,,,,,,,,,,,,,,,,,,,,,,,,,,,,,,,,,,,,,,,,,,,,America/Los_Angeles,34.0625,-118.5,86.0,7.808089256286621
2026-09-30T10:00,pressure_profile,cma_grapes_global,,,,,,,,,,,,,,,,,,,,,,,,,,,,,,,,,,,,,,,,,,,,,,,,,America/Los_Angeles,34.0625,-118.5,86.0,7.808089256286621
2026-09-30T11:00,pressure_profile,cma_grapes_global,,,,,,,,,,,,,,,,,,,,,,,,,,,,,,,,,,,,,,,,,,,,,,,,,America/Los_Angeles,34.0625,-118.5,86.0,7.808089256286621
2026-09-30T12:00,pressure_profile,cma_grapes_global,,,,,,,,,,,,,,,,,,,,,,,,,,,,,,,,,,,,,,,,,,,,,,,,,America/Los_Angeles,34.0625,-118.5,86.0,7.808089256286621
2026-09-30T13:00,pressure_profile,cma_grapes_global,,,,,,,,,,,,,,,,,,,,,,,,,,,,,,,,,,,,,,,,,,,,,,,,,America/Los_Angeles,34.0625,-118.5,86.0,7.808089256286621
2026-09-30T14:00,pressure_profile,cma_grapes_global,,,,,,,,,,,,,,,,,,,,,,,,,,,,,,,,,,,,,,,,,,,,,,,,,America/Los_Angeles,34.0625,-118.5,86.0,7.808089256286621
2026-09-30T15:00,pressure_profile,cma_grapes_global,,,,,,,,,,,,,,,,,,,,,,,,,,,,,,,,,,,,,,,,,,,,,,,,,America/Los_Angeles,34.0625,-118.5,86.0,7.808089256286621
2026-09-30T16:00,pressure_profile,cma_grapes_global,,,,,,,,,,,,,,,,,,,,,,,,,,,,,,,,,,,,,,,,,,,,,,,,,America/Los_Angeles,34.0625,-118.5,86.0,7.808089256286621
2026-09-30T17:00,pressure_profile,cma_grapes_global,,,,,,,,,,,,,,,,,,,,,,,,,,,,,,,,,,,,,,,,,,,,,,,,,America/Los_Angeles,34.0625,-118.5,86.0,7.808089256286621
2026-09-30T18:00,pressure_profile,cma_grapes_global,,,,,,,,,,,,,,,,,,,,,,,,,,,,,,,,,,,,,,,,,,,,,,,,,America/Los_Angeles,34.0625,-118.5,86.0,7.808089256286621
2026-09-30T19:00,pressure_profile,cma_grapes_global,,,,,,,,,,,,,,,,,,,,,,,,,,,,,,,,,,,,,,,,,,,,,,,,,America/Los_Angeles,34.0625,-118.5,86.0,7.808089256286621
2026-09-30T20:00,pressure_profile,cma_grapes_global,,,,,,,,,,,,,,,,,,,,,,,,,,,,,,,,,,,,,,,,,,,,,,,,,America/Los_Angeles,34.0625,-118.5,86.0,7.808089256286621
2026-09-30T21:00,pressure_profile,cma_grapes_global,,,,,,,,,,,,,,,,,,,,,,,,,,,,,,,,,,,,,,,,,,,,,,,,,America/Los_Angeles,34.0625,-118.5,86.0,7.808089256286621
2026-09-30T22:00,pressure_profile,cma_grapes_global,,,,,,,,,,,,,,,,,,,,,,,,,,,,,,,,,,,,,,,,,,,,,,,,,America/Los_Angeles,34.0625,-118.5,86.0,7.808089256286621
2026-09-30T23:00,pressure_profile,cma_grapes_global,,,,,,,,,,,,,,,,,,,,,,,,,,,,,,,,,,,,,,,,,,,,,,,,,America/Los_Angeles,34.0625,-118.5,86.0,7.808089256286621
2026-10-01T00:00,pressure_profile,cma_grapes_global,,,,,,,,,,,,,,,,,,,,,,,,,,,,,,,,,,,,,,,,,,,,,,,,,America/Los_Angeles,34.0625,-118.5,86.0,7.808089256286621
2026-10-01T01:00,pressure_profile,cma_grapes_global,,,,,,,,,,,,,,,,,,,,,,,,,,,,,,,,,,,,,,,,,,,,,,,,,America/Los_Angeles,34.0625,-118.5,86.0,7.808089256286621
2026-10-01T02:00,pressure_profile,cma_grapes_global,,,,,,,,,,,,,,,,,,,,,,,,,,,,,,,,,,,,,,,,,,,,,,,,,America/Los_Angeles,34.0625,-118.5,86.0,7.808089256286621
2026-10-01T03:00,pressure_profile,cma_grapes_global,,,,,,,,,,,,,,,,,,,,,,,,,,,,,,,,,,,,,,,,,,,,,,,,,America/Los_Angeles,34.0625,-118.5,86.0,7.808089256286621
2026-10-01T04:00,pressure_profile,cma_grapes_global,,,,,,,,,,,,,,,,,,,,,,,,,,,,,,,,,,,,,,,,,,,,,,,,,America/Los_Angeles,34.0625,-118.5,86.0,7.808089256286621
2026-10-01T05:00,pressure_profile,cma_grapes_global,,,,,,,,,,,,,,,,,,,,,,,,,,,,,,,,,,,,,,,,,,,,,,,,,America/Los_Angeles,34.0625,-118.5,86.0,7.808089256286621
2026-10-01T06:00,pressure_profile,cma_grapes_global,,,,,,,,,,,,,,,,,,,,,,,,,,,,,,,,,,,,,,,,,,,,,,,,,America/Los_Angeles,34.0625,-118.5,86.0,7.808089256286621
2026-10-01T07:00,pressure_profile,cma_grapes_global,,,,,,,,,,,,,,,,,,,,,,,,,,,,,,,,,,,,,,,,,,,,,,,,,America/Los_Angeles,34.0625,-118.5,86.0,7.808089256286621
2026-10-01T08:00,pressure_profile,cma_grapes_global,,,,,,,,,,,,,,,,,,,,,,,,,,,,,,,,,,,,,,,,,,,,,,,,,America/Los_Angeles,34.0625,-118.5,86.0,7.808089256286621
2026-10-01T09:00,pressure_profile,cma_grapes_global,,,,,,,,,,,,,,,,,,,,,,,,,,,,,,,,,,,,,,,,,,,,,,,,,America/Los_Angeles,34.0625,-118.5,86.0,7.808089256286621
2026-10-01T10:00,pressure_profile,cma_grapes_global,,,,,,,,,,,,,,,,,,,,,,,,,,,,,,,,,,,,,,,,,,,,,,,,,America/Los_Angeles,34.0625,-118.5,86.0,7.808089256286621
2026-10-01T11:00,pressure_profile,cma_grapes_global,,,,,,,,,,,,,,,,,,,,,,,,,,,,,,,,,,,,,,,,,,,,,,,,,America/Los_Angeles,34.0625,-118.5,86.0,7.808089256286621
2026-10-01T12:00,pressure_profile,cma_grapes_global,,,,,,,,,,,,,,,,,,,,,,,,,,,,,,,,,,,,,,,,,,,,,,,,,America/Los_Angeles,34.0625,-118.5,86.0,7.808089256286621
2026-10-01T13:00,pressure_profile,cma_grapes_global,,,,,,,,,,,,,,,,,,,,,,,,,,,,,,,,,,,,,,,,,,,,,,,,,America/Los_Angeles,34.0625,-118.5,86.0,7.808089256286621
2026-10-01T14:00,pressure_profile,cma_grapes_global,,,,,,,,,,,,,,,,,,,,,,,,,,,,,,,,,,,,,,,,,,,,,,,,,America/Los_Angeles,34.0625,-118.5,86.0,7.808089256286621
2026-10-01T15:00,pressure_profile,cma_grapes_global,,,,,,,,,,,,,,,,,,,,,,,,,,,,,,,,,,,,,,,,,,,,,,,,,America/Los_Angeles,34.0625,-118.5,86.0,7.808089256286621
2026-10-01T16:00,pressure_profile,cma_grapes_global,,,,,,,,,,,,,,,,,,,,,,,,,,,,,,,,,,,,,,,,,,,,,,,,,America/Los_Angeles,34.0625,-118.5,86.0,7.808089256286621
2026-10-01T17:00,pressure_profile,cma_grapes_global,,,,,,,,,,,,,,,,,,,,,,,,,,,,,,,,,,,,,,,,,,,,,,,,,America/Los_Angeles,34.0625,-118.5,86.0,7.808089256286621
2026-10-01T18:00,pressure_profile,cma_grapes_global,,,,,,,,,,,,,,,,,,,,,,,,,,,,,,,,,,,,,,,,,,,,,,,,,America/Los_Angeles,34.0625,-118.5,86.0,7.808089256286621
2026-10-01T19:00,pressure_profile,cma_grapes_global,,,,,,,,,,,,,,,,,,,,,,,,,,,,,,,,,,,,,,,,,,,,,,,,,America/Los_Angeles,34.0625,-118.5,86.0,7.808089256286621
2026-10-01T20:00,pressure_profile,cma_grapes_global,,,,,,,,,,,,,,,,,,,,,,,,,,,,,,,,,,,,,,,,,,,,,,,,,America/Los_Angeles,34.0625,-118.5,86.0,7.808089256286621
2026-10-01T21:00,pressure_profile,cma_grapes_global,,,,,,,,,,,,,,,,,,,,,,,,,,,,,,,,,,,,,,,,,,,,,,,,,America/Los_Angeles,34.0625,-118.5,86.0,7.808089256286621
2026-10-01T22:00,pressure_profile,cma_grapes_global,,,,,,,,,,,,,,,,,,,,,,,,,,,,,,,,,,,,,,,,,,,,,,,,,America/Los_Angeles,34.0625,-118.5,86.0,7.808089256286621
2026-10-01T23:00,pressure_profile,cma_grapes_global,,,,,,,,,,,,,,,,,,,,,,,,,,,,,,,,,,,,,,,,,,,,,,,,,America/Los_Angeles,34.0625,-118.5,86.0,7.808089256286621
