time,temperature_2m__count,temperature_2m__mean,temperature_2m__median,temperature_2m__std,temperature_2m__min,temperature_2m__max,cloud_cover__count,cloud_cover__mean,cloud_cover__median,cloud_cover__std,cloud_cover__min,cloud_cover__max,cloud_cover_low__count,cloud_cover_low__mean,cloud_cover_low__median,cloud_cover_low__std,cloud_cover_low__min,cloud_cover_low__max,cloud_cover_mid__count,cloud_cover_mid__mean,cloud_cover_mid__median,cloud_cover_mid__std,cloud_cover_mid__min,cloud_cover_mid__max,cloud_cover_high__count,cloud_cover_high__mean,cloud_cover_high__median,cloud_cover_high__std,cloud_cover_high__min,cloud_cover_high__max,precipitation_probability__count,precipitation_probability__mean,precipitation_probability__median,precipitation_probability__std,precipitation_probability__min,precipitation_probability__max,shortwave_radiation_instant__count,shortwave_radiation_instant__mean,shortwave_radiation_instant__median,shortwave_radiation_instant__std,shortwave_radiation_instant__min,shortwave_radiation_instant__max,direct_normal_irradiance_instant__count,direct_normal_irradiance_instant__mean,direct_normal_irradiance_instant__median,direct_normal_irradiance_instant__std,direct_normal_irradiance_instant__min,direct_normal_irradiance_instant__max,diffuse_radiation_instant__count,diffuse_radiation_instant__mean,diffuse_radiation_instant__median,diffuse_radiation_instant__std,diffuse_radiation_instant__min,diffuse_radiation_instant__max,sun_score_0_100__count,sun_score_0_100__mean,sun_score_0_100__median,sun_score_0_100__std,sun_score_0_100__min,sun_score_0_100__max,deterministic_agreement_0_100
2026-09-22T00:00,12,65.03333333333332,65.15,3.023042817888601,60.9,69.1,12,2.75,0.0,5.2418768325164535,0.0,18.0,11,1.4545454545454546,0.0,2.252271580588645,0.0,6.0,11,0.0,0.0,0.0,0.0,0.0,11,0.0,0.0,0.0,0.0,0.0,7,0.0,0.0,0.0,0.0,0.0,11,0.0,0.0,0.0,0.0,0.0,11,0.0,0.0,0.0,0.0,0.0,11,0.0,0.0,0.0,0.0,0.0,11,0.0,0.0,0.0,0.0,0.0,86.8
2026-09-22T01:00,12,64.55,64.85,3.007112780180894,60.4,68.7,12,3.5833333333333335,1.0,4.541892543729748,0.0,12.0,11,3.0,0.0,4.266145801540309,0.0,12.0,11,0.0,0.0,0.0,0.0,0.0,11,0.0,0.0,0.0,0.0,0.0,7,0.0,0.0,0.0,0.0,0.0,11,0.0,0.0,0.0,0.0,0.0,11,0.0,0.0,0.0,0.0,0.0,11,0.0,0.0,0.0,0.0,0.0,11,0.0,0.0,0.0,0.0,0.0,87.4
2026-09-22T02:00,12,64.08333333333333,64.69999999999999,3.0210875023689185,60.0,68.3,12,5.0,1.0,6.105139414683933,0.0,15.0,11,5.454545454545454,4.0,5.922223169784069,0.0,15.0,11,0.0,0.0,0.0,0.0,0.0,11,0.0,0.0,0.0,0.0,0.0,7,0.0,0.0,0.0,0.0,0.0,11,0.0,0.0,0.0,0.0,0.0,11,0.0,0.0,0.0,0.0,0.0,11,0.0,0.0,0.0,0.0,0.0,11,0.0,0.0,0.0,0.0,0.0,86.2
2026-09-22T03:00,12,63.574999999999996,64.55000000000001,3.0223786538540707,59.6,67.8,12,10.416666666666666,1.5,15.692837586464453,0.0,52.0,11,11.0,4.0,16.037456157383563,0.0,52.0,11,0.0,0.0,0.0,0.0,0.0,11,0.0,0.0,0.0,0.0,0.0,7,0.0,0.0,0.0,0.0,0.0,11,0.0,0.0,0.0,0.0,0.0,11,0.0,0.0,0.0,0.0,0.0,11,0.0,0.0,0.0,0.0,0.0,11,0.0,0.0,0.0,0.0,0.0,79.3
2026-09-22T04:00,12,63.21666666666667,64.2,3.005701652566739,59.5,67.4,12,13.583333333333334,5.0,19.138055060929037,0.0,64.0,11,14.454545454545455,7.0,19.27881550491957,0.0,64.0,11,0.0,0.0,0.0,0.0,0.0,11,0.0,0.0,0.0,0.0,0.0,7,0.0,0.0,0.0,0.0,0.0,11,0.0,0.0,0.0,0.0,0.0,11,0.0,0.0,0.0,0.0,0.0,11,0.0,0.0,0.0,0.0,0.0,11,0.0,0.0,0.0,0.0,0.0,76.9
2026-09-22T05:00,12,63.93333333333334,64.7,2.593464980689078,59.2,67.1,12,27.0,15.5,33.283902743190765,0.0,95.0,11,15.545454545454545,12.0,11.843678789663594,0.0,34.0,11,0.0,0.0,0.0,0.0,0.0,11,0.0,0.0,0.0,0.0,0.0,7,0.0,0.0,0.0,0.0,0.0,11,0.0,0.0,0.0,0.0,0.0,11,0.0,0.0,0.0,0.0,0.0,11,0.0,0.0,0.0,0.0,0.0,11,0.0,0.0,0.0,0.0,0.0,68.1
2026-09-22T06:00,12,63.20000000000001,63.75,2.997574777291557,58.5,66.7,12,12.75,15.0,13.457846646608674,0.0,43.0,11,16.90909090909091,18.0,13.049555896309617,0.0,43.0,11,0.0,0.0,0.0,0.0,0.0,11,0.0,0.0,0.0,0.0,0.0,7,0.0,0.0,0.0,0.0,0.0,11,0.0,0.0,0.0,0.0,0.0,11,0.0,0.0,0.0,0.0,0.0,11,0.0,0.0,0.0,0.0,0.0,11,0.0,0.0,0.0,0.0,0.0,81.0
2026-09-22T07:00,12,63.525000000000006,63.650000000000006,3.1568468157612304,58.3,67.8,12,18.583333333333332,14.5,27.167689142312664,0.0,100.0,11,26.0,19.0,27.33495930123182,0.0,100.0,11,0.0,0.0,0.0,0.0,0.0,11,0.0,0.0,0.0,0.0,0.0,7,0.0,0.0,0.0,0.0,0.0,11,15.67272727272727,17.6,12.83581636742213,0.0,40.7,11,15.072727272727274,0.0,49.99058093099322,0.0,165.8,11,14.890909090909089,17.6,12.987798469752642,0.0,40.7,11,8.299999999999999,8.7,6.52579497072962,0.0,18.6,63.9
2026-09-22T08:00,12,66.075,66.30000000000001,2.389798393931246,61.2,69.4,12,14.25,9.5,23.120730564110247,0.0,83.0,11,24.0,15.0,26.134268690743955,0.0,83.0,11,0.0,0.0,0.0,0.0,0.0,11,0.0,0.0,0.0,0.0,0.0,7,0.0,0.0,0.0,0.0,0.0,11,175.70909090909092,171.1,23.71722810724114,137.0,220.4,11,491.55454545454546,452.4,200.72398642731446,267.8,977.3,11,98.6909090909091,111.8,25.937789209778636,56.8,123.9,11,61.21818181818182,57.7,12.735762103762632,43.4,88.4,52.7
2026-09-22T09:00,12,69.03333333333335,68.9,1.2235071299218854,67.2,71.1,12,21.916666666666668,11.0,28.279315709007122,0.0,92.0,11,30.727272727272727,24.0,29.675211571582466,0.0,92.0,11,0.0,0.0,0.0,0.0,0.0,11,0.0,0.0,0.0,0.0,0.0,7,0.0,0.0,0.0,0.0,0.0,11,361.20909090909095,376.9,45.80935394753904,291.9,419.8,11,620.1545454545454,615.2,142.570728858601,429.1,914.7,11,137.15454545454546,159.9,32.73653505294547,85.9,168.5,11,73.45454545454545,76.0,10.544796217695591,57.0,92.4,55.4
2026-09-22T10:00,12,71.33333333333333,71.2,1.300582620026563,68.7,73.0,12,20.833333333333332,9.5,27.32575652561096,0.0,80.0,11,22.545454545454547,9.0,27.818568030592935,0.0,80.0,11,0.0,0.0,0.0,0.0,0.0,11,0.0,0.0,0.0,0.0,0.0,7,0.0,0.0,0.0,0.0,0.0,11,512.3272727272728,536.6,94.72395780275536,260.1,610.7,11,631.8636363636364,706.3,204.5244693073534,124.9,925.5,11,170.22727272727272,179.5,31.022672061222927,110.0,204.5,11,75.39999999999999,83.5,18.775622493009383,24.3,94.4,42.8
2026-09-22T11:00,12,73.22500000000001,72.85,2.539908731359538,68.6,76.9,12,10.583333333333334,4.5,14.902460646931209,0.0,47.0,11,11.181818181818182,4.0,15.484302902088821,0.0,46.0,11,0.0,0.0,0.0,0.0,0.0,11,0.0,0.0,0.0,0.0,0.0,7,0.0,0.0,0.0,0.0,0.0,11,668.8000000000001,682.3,60.8573742450329,556.7,750.6,11,697.409090909091,753.9,142.44855530713855,438.3,902.1,11,191.27272727272728,191.7,41.5999060313624,131.0,256.8,11,83.18181818181819,87.6,9.027161035654359,65.9,95.6,58.7
2026-09-22T12:00,12,74.15,74.35,3.392371120349576,66.8,78.5,12,7.416666666666667,5.0,8.317105411394184,0.0,23.0,11,7.818181818181818,7.0,8.669696440108867,0.0,22.0,11,0.0,0.0,0.0,0.0,0.0,11,0.0,0.0,0.0,0.0,0.0,7,0.0,0.0,0.0,0.0,0.0,11,745.2,794.4,156.74225977699822,291.1,844.4,11,705.7636363636365,770.1,251.72978875265144,42.1,931.1,11,193.6909090909091,197.1,62.36103678652969,96.7,278.7,11,82.10909090909091,88.9,24.139032894689652,12.7,97.1,36.7
2026-09-22T13:00,12,74.60833333333333,75.25,2.792997195367975,69.0,77.7,12,4.416666666666667,0.5,6.4731379679036,0.0,20.0,11,4.909090909090909,0.0,7.105695538855368,0.0,20.0,11,0.0,0.0,0.0,0.0,0.0,11,0.0,0.0,0.0,0.0,0.0,7,0.0,0.0,0.0,0.0,0.0,11,793.1,826.2,101.63694210276104,501.9,862.4,11,725.8363636363637,757.8,195.2881986845456,208.1,912.5,11,194.3909090909091,206.2,69.20958682936136,95.4,330.3,11,86.71818181818182,89.1,13.769300503788719,48.7,98.4,53.0
2026-09-22T14:00,12,74.42499999999998,74.65,2.5034975534240087,69.5,78.3,12,2.1666666666666665,0.0,3.2427074359478554,0.0,10.0,11,2.272727272727273,0.0,3.635681754249376,0.0,11.0,11,0.0,0.0,0.0,0.0,0.0,11,0.0,0.0,0.0,0.0,0.0,7,0.0,0.0,0.0,0.0,0.0,11,769.218181818182,781.2,40.92920273305645,668.8,810.4,11,730.2999999999998,736.9,107.33371324984523,502.4,864.2,11,176.11818181818185,198.4,54.0919738627057,94.0,260.8,11,88.61818181818181,89.4,7.4221045777889945,72.4,96.6,73.4
2026-09-22T15:00,12,74.13333333333334,73.9,2.6888095822681435,69.8,79.6,12,2.4166666666666665,1.5,3.0883456393154556,0.0,10.0,11,2.272727272727273,0.0,3.37908002541843,0.0,10.0,11,0.0,0.0,0.0,0.0,0.0,11,0.09090909090909091,0.0,0.30151134457776363,0.0,1.0,7,0.0,0.0,0.0,0.0,0.0,11,653.0636363636364,661.9,41.85138642213116,537.2,693.6,11,655.5363636363636,642.4,108.21948320637348,398.4,815.6,11,165.3,185.1,46.20915493709012,84.7,240.7,11,84.08181818181818,83.3,7.777379787797199,65.1,94.7,72.8
2026-09-22T16:00,12,74.325,74.15,3.051415468866271,69.4,81.0,12,2.9166666666666665,1.0,5.0893531171962465,0.0,18.0,11,2.727272727272727,0.0,5.405384520844176,0.0,18.0,11,0.18181818181818182,0.0,0.40451991747794525,0.0,1.0,11,0.09090909090909091,0.0,0.30151134457776363,0.0,1.0,7,0.0,0.0,0.0,0.0,0.0,11,522.8363636363637,525.3,17.77809172702586,487.3,549.9,11,630.3181818181819,610.1,51.74952788541783,556.9,733.8,11,128.6818181818182,140.5,26.07687934480727,74.9,155.9,11,82.87272727272726,82.1,3.3063850075546006,78.1,90.1,79.2
2026-09-22T17:00,12,74.29166666666667,74.44999999999999,3.2239045590805926,68.6,80.8,12,1.3333333333333333,1.0,1.775250729197189,0.0,6.0,11,0.7272727272727273,0.0,1.8488325554743505,0.0,6.0,11,0.36363636363636365,0.0,0.674199862463242,0.0,2.0,11,0.2727272727272727,0.0,0.6466697906828632,0.0,2.0,7,0.0,0.0,0.0,0.0,0.0,11,335.97272727272724,338.2,19.075643680310804,300.5,378.3,11,514.3272727272727,491.5,59.030603773112304,452.3,620.3,11,97.37272727272726,110.8,23.4655530899696,55.3,117.7,11,75.52727272727272,74.8,3.6022467736375083,71.0,82.4,80.1
2026-09-22T18:00,12,73.63333333333334,74.25,2.9074616649808678,68.5,77.6,12,1.0,0.0,1.7580981459830651,0.0,6.0,11,0.2727272727272727,0.0,0.6466697906828632,0.0,2.0,11,0.18181818181818182,0.0,0.40451991747794525,0.0,1.0,11,0.18181818181818182,0.0,0.6030226891555273,0.0,2.0,7,0.0,0.0,0.0,0.0,0.0,11,126.39999999999999,127.2,12.839937694552887,108.6,148.0,11,258.61818181818177,232.8,68.954272067535,175.2,385.1,11,56.37272727272727,65.5,13.877974701597559,30.8,65.9,11,57.790909090909096,56.2,5.250610354131136,50.7,67.9,81.0
2026-09-22T19:00,12,71.60833333333333,72.4,2.30037875669256,68.2,74.9,12,0.6666666666666666,0.0,1.3026778945578592,0.0,4.0,11,0.18181818181818182,0.0,0.6030226891555273,0.0,2.0,11,0.18181818181818182,0.0,0.6030226891555273,0.0,2.0,11,0.09090909090909091,0.0,0.30151134457776363,0.0,1.0,7,0.0,0.0,0.0,0.0,0.0,11,0.0,0.0,0.0,0.0,0.0,11,0.0,0.0,0.0,0.0,0.0,11,0.0,0.0,0.0,0.0,0.0,11,21.12727272727273,15.9,15.992128745673035,0.0,42.0,91.9
2026-09-22T20:00,12,70.18333333333335,69.7,1.6867576930761328,67.6,73.7,12,0.9166666666666666,0.0,2.3143164446679725,0.0,8.0,11,0.09090909090909091,0.0,0.30151134457776363,0.0,1.0,11,0.18181818181818182,0.0,0.6030226891555273,0.0,2.0,11,0.09090909090909091,0.0,0.30151134457776363,0.0,1.0,7,0.0,0.0,0.0,0.0,0.0,11,0.0,0.0,0.0,0.0,0.0,11,0.0,0.0,0.0,0.0,0.0,11,0.0,0.0,0.0,0.0,0.0,11,0.0,0.0,0.0,0.0,0.0,93.1
2026-09-22T21:00,12,68.77499999999999,68.7,1.7040726617030255,66.9,72.5,12,1.0833333333333333,0.0,2.609713789020946,0.0,9.0,11,0.18181818181818182,0.0,0.6030226891555273,0.0,2.0,11,0.18181818181818182,0.0,0.6030226891555273,0.0,2.0,11,0.09090909090909091,0.0,0.30151134457776363,0.0,1.0,7,0.0,0.0,0.0,0.0,0.0,11,0.0,0.0,0.0,0.0,0.0,11,0.0,0.0,0.0,0.0,0.0,11,0.0,0.0,0.0,0.0,0.0,11,0.0,0.0,0.0,0.0,0.0,92.8
2026-09-22T22:00,12,67.35000000000001,67.75,1.9787507537470563,64.6,71.4,12,1.6666666666666667,0.0,3.498917581542075,0.0,10.0,11,0.7272727272727273,0.0,2.412090756622109,0.0,8.0,11,0.18181818181818182,0.0,0.6030226891555273,0.0,2.0,11,0.18181818181818182,0.0,0.6030226891555273,0.0,2.0,7,0.0,0.0,0.0,0.0,0.0,11,0.0,0.0,0.0,0.0,0.0,11,0.0,0.0,0.0,0.0,0.0,11,0.0,0.0,0.0,0.0,0.0,11,0.0,0.0,0.0,0.0,0.0,91.3
2026-09-22T23:00,12,66.43333333333335,66.8,2.2744962812309293,63.1,71.0,12,3.25,0.0,6.593729803932879,0.0,20.0,11,1.4545454545454546,0.0,4.203894298472225,0.0,14.0,11,0.18181818181818182,0.0,0.6030226891555273,0.0,2.0,11,0.18181818181818182,0.0,0.6030226891555273,0.0,2.0,7,0.0,0.0,0.0,0.0,0.0,11,0.0,0.0,0.0,0.0,0.0,11,0.0,0.0,0.0,0.0,0.0,11,0.0,0.0,0.0,0.0,0.0,11,0.0,0.0,0.0,0.0,0.0,88.2
2026-09-23T00:00,12,65.78333333333335,65.65,2.388926473747089,62.6,70.9,12,3.6666666666666665,0.0,6.596601512532914,0.0,20.0,11,2.4545454545454546,0.0,6.022684390927958,0.0,20.0,11,0.18181818181818182,0.0,0.6030226891555273,0.0,2.0,11,0.18181818181818182,0.0,0.6030226891555273,0.0,2.0,7,0.0,0.0,0.0,0.0,0.0,11,0.0,0.0,0.0,0.0,0.0,11,0.0,0.0,0.0,0.0,0.0,11,0.0,0.0,0.0,0.0,0.0,11,0.0,0.0,0.0,0.0,0.0,87.8
2026-09-23T01:00,12,65.18333333333335,64.65,2.5333532694590364,62.1,70.7,12,4.25,0.0,6.982120021884471,0.0,20.0,11,3.0,0.0,6.526867548832288,0.0,20.0,11,0.09090909090909091,0.0,0.30151134457776363,0.0,1.0,11,0.2727272727272727,0.0,0.904534033733291,0.0,3.0,7,0.0,0.0,0.0,0.0,0.0,11,0.0,0.0,0.0,0.0,0.0,11,0.0,0.0,0.0,0.0,0.0,11,0.0,0.0,0.0,0.0,0.0,11,0.0,0.0,0.0,0.0,0.0,87.1
2026-09-23T02:00,12,64.64166666666668,63.7,2.7006592909992535,61.6,70.3,12,4.333333333333333,0.0,7.113793685935839,0.0,20.0,11,3.0,0.0,6.4031242374328485,0.0,19.0,11,0.09090909090909091,0.0,0.30151134457776363,0.0,1.0,11,0.2727272727272727,0.0,0.904534033733291,0.0,3.0,7,0.0,0.0,0.0,0.0,0.0,11,0.0,0.0,0.0,0.0,0.0,11,0.0,0.0,0.0,0.0,0.0,11,0.0,0.0,0.0,0.0,0.0,11,0.0,0.0,0.0,0.0,0.0,86.5
2026-09-23T03:00,12,64.27499999999999,63.05,3.01605552155309,61.0,70.3,12,5.916666666666667,0.0,9.718383080377604,0.0,28.0,11,4.545454545454546,0.0,9.374045405945465,0.0,27.0,11,0.09090909090909091,0.0,0.30151134457776363,0.0,1.0,11,0.2727272727272727,0.0,0.904534033733291,0.0,3.0,7,0.0,0.0,0.0,0.0,0.0,11,0.0,0.0,0.0,0.0,0.0,11,0.0,0.0,0.0,0.0,0.0,11,0.0,0.0,0.0,0.0,0.0,11,0.0,0.0,0.0,0.0,0.0,83.6
2026-09-23T04:00,12,63.89166666666666,62.7,3.092647683938423,60.3,70.0,12,6.75,0.0,10.872191382354591,0.0,33.0,11,5.0,0.0,10.069756700139283,0.0,32.0,11,0.09090909090909091,0.0,0.30151134457776363,0.0,1.0,11,0.2727272727272727,0.0,0.904534033733291,0.0,3.0,7,0.0,0.0,0.0,0.0,0.0,11,0.0,0.0,0.0,0.0,0.0,11,0.0,0.0,0.0,0.0,0.0,11,0.0,0.0,0.0,0.0,0.0,11,0.0,0.0,0.0,0.0,0.0,82.6
2026-09-23T05:00,12,63.73333333333333,62.849999999999994,2.903080913078175,60.3,69.8,12,10.166666666666666,1.5,13.394933460986001,0.0,36.0,11,8.545454545454545,0.0,13.246611916740342,0.0,35.0,11,0.09090909090909091,0.0,0.30151134457776363,0.0,1.0,11,0.2727272727272727,0.0,0.904534033733291,0.0,3.0,7,0.0,0.0,0.0,0.0,0.0,11,0.0,0.0,0.0,0.0,0.0,11,0.0,0.0,0.0,0.0,0.0,11,0.0,0.0,0.0,0.0,0.0,11,0.0,0.0,0.0,0.0,0.0,81.4
2026-09-23T06:00,12,63.95833333333334,64.45,2.9218482112691846,60.7,69.8,12,13.666666666666666,6.0,15.830542018707401,0.0,39.0,11,10.454545454545455,0.0,16.262617479136846,0.0,39.0,11,0.09090909090909091,0.0,0.30151134457776363,0.0,1.0,11,0.2727272727272727,0.0,0.904534033733291,0.0,3.0,7,0.0,0.0,0.0,0.0,0.0,11,0.0,0.0,0.0,0.0,0.0,11,0.0,0.0,0.0,0.0,0.0,11,0.0,0.0,0.0,0.0,0.0,11,0.0,0.0,0.0,0.0,0.0,79.6
2026-09-23T07:00,12,64.575,65.5,3.4625594842281324,60.4,70.1,12,12.583333333333334,1.5,17.111709618287883,0.0,48.0,11,10.545454545454545,0.0,16.92550522946737,0.0,48.0,11,0.09090909090909091,0.0,0.30151134457776363,0.0,1.0,11,0.2727272727272727,0.0,0.904534033733291,0.0,3.0,7,0.0,0.0,0.0,0.0,0.0,11,13.972727272727274,18.3,14.957345413481024,0.0,42.7,11,32.23636363636364,0.0,71.73154498165047,0.0,180.0,11,12.281818181818183,9.1,14.860674155758762,0.0,42.7,11,9.436363636363636,10.4,9.950404285984838,0.0,27.3,67.7
2026-09-23T08:00,12,67.69166666666668,66.85,2.8308233088733368,63.7,72.5,12,9.916666666666666,0.0,16.675830813885508,0.0,52.0,11,8.0,0.0,16.57105910918189,0.0,52.0,11,0.09090909090909091,0.0,0.30151134457776363,0.0,1.0,11,0.36363636363636365,0.0,0.9244162777371754,0.0,3.0,7,0.0,0.0,0.0,0.0,0.0,11,170.24545454545458,181.6,43.06844235949018,70.8,235.1,11,543.1999999999999,480.4,291.2426823115046,27.6,876.9,11,86.49090909090908,89.2,27.03321862248203,53.8,124.8,11,61.38181818181818,63.9,24.82562459161171,6.7,86.1,48.3
2026-09-23T09:00,12,71.875,72.6,2.7169919864705974,66.7,75.5,12,9.0,0.0,15.515388255769583,0.0,51.0,11,7.545454545454546,0.0,15.82633018967844,0.0,51.0,11,0.09090909090909091,0.0,0.30151134457776363,0.0,1.0,11,0.36363636363636365,0.0,0.9244162777371754,0.0,3.0,7,0.0,0.0,0.0,0.0,0.0,11,342.00000000000006,365.8,80.16177393246734,139.3,412.8,11,591.2545454545455,661.2,265.5391773868269,49.8,926.9,11,129.9090909090909,121.5,36.46975334562752,70.9,167.7,11,69.31818181818181,75.1,22.735910722107363,9.8,91.8,44.3
2026-09-23T10:00,12,75.67500000000001,76.7,3.7499393934496403,67.6,80.7,12,7.666666666666667,0.0,13.667036210820502,0.0,46.0,11,6.363636363636363,0.0,14.001947916434538,0.0,46.0,11,0.18181818181818182,0.0,0.6030226891555273,0.0,2.0,11,0.36363636363636365,0.0,0.9244162777371754,0.0,3.0,7,0.0,0.0,0.0,0.0,0.0,11,536.1272727272727,591.6,131.82149362610855,204.0,637.3,11,725.1545454545453,876.9,303.34443579415256,54.1,988.4,11,145.55454545454546,165.4,50.563412931414426,77.9,222.0,11,79.15454545454546,87.5,25.667152691187372,11.1,96.1,35.2
2026-09-23T11:00,12,77.81666666666668,79.3,4.749513531708141,68.0,85.1,12,6.333333333333333,0.0,10.713910527341488,0.0,35.0,11,4.909090909090909,0.0,10.681334611878288,0.0,35.0,11,0.18181818181818182,0.0,0.6030226891555273,0.0,2.0,11,0.36363636363636365,0.0,0.9244162777371754,0.0,3.0,7,0.0,0.0,0.0,0.0,0.0,11,666.6363636363636,726.9,153.85644785141292,266.5,771.3,11,735.5454545454545,855.2,294.5198613460096,55.5,984.2,11,165.28181818181818,173.7,62.79588868997425,80.1,267.4,11,81.84545454545454,94.0,25.63955396009703,12.5,97.2,31.1
2026-09-23T12:00,12,79.01666666666667,79.80000000000001,5.405020113213493,67.8,87.3,12,6.333333333333333,1.5,10.18317090581169,0.0,34.0,11,5.454545454545454,0.0,10.661741287084736,0.0,34.0,11,0.18181818181818182,0.0,0.6030226891555273,0.0,2.0,11,0.36363636363636365,0.0,0.9244162777371754,0.0,3.0,7,0.0,0.0,0.0,0.0,0.0,11,749.2454545454547,786.1,151.51760533770565,311.9,856.8,11,737.309090909091,734.5,264.1157680054163,54.8,967.2,11,175.56363636363633,214.8,71.84533767374572,82.1,269.3,11,83.33636363636363,87.8,24.33899228510797,13.1,98.6,29.8
2026-09-23T13:00,12,79.66666666666667,80.1,5.849838122598438,67.4,88.4,12,7.25,1.5,10.888901772822724,0.0,31.0,11,6.545454545454546,0.0,11.553039741675233,0.0,31.0,11,0.18181818181818182,0.0,0.6030226891555273,0.0,2.0,11,0.36363636363636365,0.0,0.9244162777371754,0.0,3.0,7,0.0,0.0,0.0,0.0,0.0,11,766.0090909090909,816.9,159.29576550897676,321.2,875.3,11,707.5272727272727,806.0,259.95614665134997,49.7,945.8,11,185.06363636363633,197.6,72.17540124900273,81.3,280.4,11,82.52727272727272,93.5,24.611058120653443,12.9,98.8,26.8
2026-09-23T14:00,12,79.99999999999999,80.15,6.020419798108321,67.3,89.1,12,7.666666666666667,1.5,10.932298546744482,0.0,31.0,11,7.0,0.0,11.64474130240771,0.0,31.0,11,0.18181818181818182,0.0,0.6030226891555273,0.0,2.0,11,0.36363636363636365,0.0,0.9244162777371754,0.0,3.0,7,0.0,0.0,0.0,0.0,0.0,11,730.1000000000001,773.2,150.04575302220323,300.4,822.7,11,689.3909090909092,763.6,244.42948044188714,46.8,907.6,11,173.0090909090909,190.3,64.6419902933914,80.4,262.6,11,82.41818181818182,91.3,24.355443670022442,12.6,98.7,28.1
2026-09-23T15:00,12,80.175,79.95,6.310038899174145,67.3,89.9,12,6.166666666666667,1.5,9.494815172056546,0.0,31.0,11,5.181818181818182,0.0,9.95809401259279,0.0,31.0,11,0.18181818181818182,0.0,0.6030226891555273,0.0,2.0,11,0.36363636363636365,0.0,0.9244162777371754,0.0,3.0,7,0.2857142857142857,0.0,0.4879500364742666,0.0,1.0,11,634.2818181818182,671.7,134.88715890092593,235.4,706.2,11,652.3363636363637,669.9,222.39267646542356,35.4,826.2,11,151.77272727272725,177.4,45.93983219188097,85.6,209.2,11,81.05454545454546,85.4,24.02995479131676,10.8,95.0,32.5
2026-09-23T16:00,12,79.90833333333333,79.9,6.49005649692922,66.9,90.1,12,6.25,1.5,9.752622025057486,0.0,32.0,11,5.090909090909091,0.0,10.084191047917978,0.0,32.0,11,0.18181818181818182,0.0,0.6030226891555273,0.0,2.0,11,0.36363636363636365,0.0,0.9244162777371754,0.0,3.0,7,0.0,0.0,0.0,0.0,0.0,11,492.3545454545454,520.2,103.85755016980097,182.2,542.3,11,591.1909090909091,627.9,191.95559619112674,38.8,763.8,11,125.42727272727274,141.8,32.12413705950997,67.8,158.1,11,77.25454545454545,82.8,22.272510574084983,11.0,91.8,39.1
2026-09-23T17:00,12,79.25,80.30000000000001,6.662036270745393,66.5,89.0,12,13.416666666666666,1.0,28.823785422123272,0.0,100.0,11,12.818181818181818,0.0,30.4197902090668,0.0,100.0,11,0.18181818181818182,0.0,0.6030226891555273,0.0,2.0,11,0.36363636363636365,0.0,0.9244162777371754,0.0,3.0,7,0.0,0.0,0.0,0.0,0.0,11,290.09999999999997,328.4,80.88678507642642,121.5,342.8,11,418.3181818181818,465.1,191.40104920392582,39.3,617.3,11,98.1,103.9,22.98899736830643,56.8,119.6,11,62.7,72.8,24.61751409058193,11.4,79.1,28.2
2026-09-23T18:00,12,77.58333333333333,78.69999999999999,5.969442388049532,66.0,85.1,12,11.416666666666666,0.5,20.349037651283002,0.0,67.0,11,10.272727272727273,0.0,21.3264666979362,0.0,67.0,11,0.18181818181818182,0.0,0.6030226891555273,0.0,2.0,11,0.36363636363636365,0.0,0.9244162777371754,0.0,3.0,7,0.0,0.0,0.0,0.0,0.0,11,116.41818181818184,132.7,30.296528453993474,46.4,145.0,11,239.24545454545452,267.3,115.78736859982925,17.3,399.1,11,52.83636363636363,59.2,13.979790608394156,28.0,64.3,11,51.790909090909096,59.8,17.99174558209706,8.3,65.1,51.0
2026-09-23T19:00,12,74.74166666666666,75.75,4.59475161725228,66.0,79.8,12,15.416666666666666,2.0,29.112503822032878,0.0,100.0,11,14.272727272727273,0.0,30.640140042404862,0.0,100.0,11,0.18181818181818182,0.0,0.6030226891555273,0.0,2.0,11,0.45454545454545453,0.0,1.2135597524338357,0.0,4.0,7,0.0,0.0,0.0,0.0,0.0,11,0.0,0.0,0.0,0.0,0.0,11,0.0,0.0,0.0,0.0,0.0,11,0.0,0.0,0.0,0.0,0.0,11,25.754545454545454,35.7,18.07010590098263,0.0,43.9,64.8
2026-09-23T20:00,12,72.74166666666666,73.6,3.553860470308909,65.3,76.1,12,15.666666666666666,2.5,29.370155951340475,0.0,100.0,11,13.818181818181818,0.0,30.58698475436303,0.0,100.0,11,0.18181818181818182,0.0,0.6030226891555273,0.0,2.0,11,0.45454545454545453,0.0,1.2135597524338357,0.0,4.0,7,0.0,0.0,0.0,0.0,0.0,11,0.0,0.0,0.0,0.0,0.0,11,0.0,0.0,0.0,0.0,0.0,11,0.0,0.0,0.0,0.0,0.0,11,0.0,0.0,0.0,0.0,0.0,67.9
2026-09-23T21:00,12,70.97500000000001,71.55,2.648541622718576,65.8,73.7,12,17.75,5.0,29.341639664167,0.0,100.0,11,15.545454545454545,0.0,30.342589330390492,0.0,100.0,11,0.18181818181818182,0.0,0.6030226891555273,0.0,2.0,11,0.45454545454545453,0.0,1.2135597524338357,0.0,4.0,7,0.0,0.0,0.0,0.0,0.0,11,0.0,0.0,0.0,0.0,0.0,11,0.0,0.0,0.0,0.0,0.0,11,0.0,0.0,0.0,0.0,0.0,11,0.0,0.0,0.0,0.0,0.0,70.8
2026-09-23T22:00,12,69.44166666666668,69.85,2.1402881425951312,65.8,73.0,12,29.333333333333332,8.5,37.93375405848592,0.0,100.0,11,26.545454545454547,1.0,39.32267446744597,0.0,100.0,11,0.09090909090909091,0.0,0.30151134457776363,0.0,1.0,11,0.45454545454545453,0.0,1.2135597524338357,0.0,4.0,7,0.0,0.0,0.0,0.0,0.0,11,0.0,0.0,0.0,0.0,0.0,11,0.0,0.0,0.0,0.0,0.0,11,0.0,0.0,0.0,0.0,0.0,11,0.0,0.0,0.0,0.0,0.0,68.3
2026-09-23T23:00,12,68.45833333333334,68.8,1.984695228873981,65.6,72.5,12,24.75,5.0,32.37317913447376,0.0,94.0,11,21.0,3.0,32.34192325759246,0.0,94.0,11,0.2727272727272727,0.0,0.6466697906828632,0.0,2.0,11,0.45454545454545453,0.0,1.2135597524338357,0.0,4.0,7,1.1428571428571428,0.0,1.9518001458970664,0.0,4.0,11,0.0,0.0,0.0,0.0,0.0,11,0.0,0.0,0.0,0.0,0.0,11,0.0,0.0,0.0,0.0,0.0,11,0.0,0.0,0.0,0.0,0.0,70.7
2026-09-24T00:00,12,67.62500000000001,67.45,2.1320604630689552,64.6,72.1,12,25.75,7.0,35.10277119337653,0.0,91.0,11,22.09090909090909,3.0,35.16661640094066,0.0,91.0,11,0.09090909090909091,0.0,0.30151134457776363,0.0,1.0,11,0.45454545454545453,0.0,1.2135597524338357,0.0,4.0,7,0.0,0.0,0.0,0.0,0.0,10,0.0,0.0,0.0,0.0,0.0,10,0.0,0.0,0.0,0.0,0.0,10,0.0,0.0,0.0,0.0,0.0,10,0.0,0.0,0.0,0.0,0.0,68.3
2026-09-24T01:00,12,67.075,66.15,2.1863730863526625,64.9,71.8,12,28.5,28.0,28.930952282978865,0.0,92.0,11,18.727272727272727,1.0,29.769416887439732,0.0,92.0,11,0.18181818181818182,0.0,0.6030226891555273,0.0,2.0,11,0.45454545454545453,0.0,1.2135597524338357,0.0,4.0,7,0.0,0.0,0.0,0.0,0.0,10,0.0,0.0,0.0,0.0,0.0,10,0.0,0.0,0.0,0.0,0.0,10,0.0,0.0,0.0,0.0,0.0,10,0.0,0.0,0.0,0.0,0.0,72.5
2026-09-24T02:00,12,66.86666666666666,65.85,2.1068431073024585,64.4,71.4,12,40.75,33.5,38.88707427223788,0.0,100.0,11,25.545454545454547,5.0,37.46828962299623,0.0,100.0,11,0.18181818181818182,0.0,0.6030226891555273,0.0,2.0,11,0.45454545454545453,0.0,1.2135597524338357,0.0,4.0,7,0.0,0.0,0.0,0.0,0.0,10,0.0,0.0,0.0,0.0,0.0,10,0.0,0.0,0.0,0.0,0.0,10,0.0,0.0,0.0,0.0,0.0,10,0.0,0.0,0.0,0.0,0.0,68.4
2026-09-24T03:00,12,66.48333333333333,65.7,2.49611819844455,63.4,71.4,12,40.583333333333336,39.5,35.89494351154449,0.0,100.0,11,27.636363636363637,8.0,36.71041467287649,0.0,100.0,11,0.18181818181818182,0.0,0.6030226891555273,0.0,2.0,11,0.36363636363636365,0.0,1.2060453783110545,0.0,4.0,7,0.0,0.0,0.0,0.0,0.0,10,0.0,0.0,0.0,0.0,0.0,10,0.0,0.0,0.0,0.0,0.0,10,0.0,0.0,0.0,0.0,0.0,10,0.0,0.0,0.0,0.0,0.0,67.2
2026-09-24T04:00,12,66.175,65.1,2.7065996782276116,62.9,71.2,12,28.083333333333332,10.5,34.513392218445325,0.0,100.0,11,25.272727272727273,0.0,35.17126926652181,0.0,100.0,11,0.09090909090909091,0.0,0.30151134457776363,0.0,1.0,11,0.36363636363636365,0.0,1.2060453783110545,0.0,4.0,7,0.0,0.0,0.0,0.0,0.0,10,0.0,0.0,0.0,0.0,0.0,10,0.0,0.0,0.0,0.0,0.0,10,0.0,0.0,0.0,0.0,0.0,10,0.0,0.0,0.0,0.0,0.0,66.9
2026-09-24T05:00,12,66.10000000000001,64.80000000000001,2.67649703224875,63.2,71.0,12,22.083333333333332,2.0,32.188248373177025,0.0,100.0,11,19.0,0.0,32.29551052391029,0.0,100.0,11,0.09090909090909091,0.0,0.30151134457776363,0.0,1.0,11,0.36363636363636365,0.0,1.2060453783110545,0.0,4.0,7,0.0,0.0,0.0,0.0,0.0,10,0.0,0.0,0.0,0.0,0.0,10,0.0,0.0,0.0,0.0,0.0,10,0.0,0.0,0.0,0.0,0.0,10,0.0,0.0,0.0,0.0,0.0,68.6
2026-09-24T06:00,11,66.54545454545455,65.8,2.544941506739842,64.0,70.9,11,15.090909090909092,4.0,20.954496154546618,0.0,49.0,10,10.9,0.0,18.976301009416982,0.0,48.0,10,0.1,0.0,0.31622776601683794,0.0,1.0,10,0.4,0.0,1.2649110640673518,0.0,4.0,7,0.0,0.0,0.0,0.0,0.0,8,0.0,0.0,0.0,0.0,0.0,8,0.0,0.0,0.0,0.0,0.0,8,0.0,0.0,0.0,0.0,0.0,8,0.0,0.0,0.0,0.0,0.0,77.1
2026-09-24T07:00,11,67.11818181818182,67.1,2.461632865322604,63.7,70.7,11,16.181818181818183,4.0,19.640866487088505,0.0,45.0,10,10.7,0.5,18.22117205645979,0.0,44.0,10,0.1,0.0,0.31622776601683794,0.0,1.0,10,0.4,0.0,1.2649110640673518,0.0,4.0,7,0.0,0.0,0.0,0.0,0.0,8,19.075,19.6,14.656227345398271,0.0,45.0,8,46.8625,0.0,86.78780259098295,0.0,190.5,8,16.637500000000003,14.75,15.239135474166506,0.0,45.0,8,13.3,14.05,10.203500799795556,0.0,29.0,67.6
2026-09-24T08:00,11,69.18181818181819,69.9,2.2951331908271397,63.8,72.5,11,16.09090909090909,4.0,19.826520347527175,0.0,49.0,10,10.6,0.5,18.12426243710041,0.0,49.0,10,0.1,0.0,0.31622776601683794,0.0,1.0,10,0.4,0.0,1.2649110640673518,0.0,4.0,7,0.0,0.0,0.0,0.0,0.0,8,170.575,177.3,35.015496569376246,103.5,223.2,8,499.12500000000006,488.3,241.752936161812,101.5,813.8,8,94.78750000000001,102.05,25.2977377588251,54.2,121.6,8,58.9375,64.25,20.053139226992435,15.0,80.7,49.6
2026-09-24T09:00,11,72.59090909090908,72.8,3.2522160277123477,64.9,76.0,11,13.545454545454545,4.0,17.540602249430528,0.0,47.0,10,9.1,0.0,16.596184300414755,0.0,47.0,10,0.1,0.0,0.31622776601683794,0.0,1.0,10,0.4,0.0,1.2649110640673518,0.0,4.0,7,0.0,0.0,0.0,0.0,0.0,8,358.8875,389.35,75.8641537317103,196.5,422.1,8,624.0374999999999,696.7,258.10502811009763,128.4,917.4,8,136.625,154.5,38.006268280001244,71.0,167.5,8,71.5375,76.25,20.99196700100847,24.8,90.8,41.8
2026-09-24T10:00,11,75.7,74.9,4.2937163390238045,66.0,80.8,11,10.090909090909092,2.0,14.781437991308866,0.0,44.0,10,7.4,0.0,15.005184289290005,0.0,44.0,10,0.1,0.0,0.31622776601683794,0.0,1.0,10,0.4,0.0,1.2649110640673518,0.0,4.0,7,0.0,0.0,0.0,0.0,0.0,8,518.225,559.3,105.42734465023769,271.8,591.6,8,672.4999999999999,739.5,260.0095547694903,122.5,958.2,8,157.8625,176.8,49.026084529418775,78.0,206.2,8,76.7625,85.19999999999999,21.5767028793293,25.9,93.8,36.4
2026-09-24T11:00,11,77.42727272727274,76.7,4.754806180927026,66.3,83.2,11,7.090909090909091,0.0,12.20208625977169,0.0,36.0,10,5.6,0.0,12.393546707863734,0.0,36.0,10,0.1,0.0,0.31622776601683794,0.0,1.0,10,0.4,0.0,1.2649110640673518,0.0,4.0,7,0.0,0.0,0.0,0.0,0.0,8,665.275,705.9000000000001,149.28957240400763,322.9,782.2,8,731.1125000000001,855.85,288.88631692612734,101.6,967.2,8,169.1625,169.2,61.51501413708456,81.2,254.0,8,81.55,92.3,24.90949331365167,22.8,96.1,30.7
2026-09-24T12:00,11,78.66363636363636,78.2,5.366986627013838,66.0,85.8,11,7.0,0.0,11.313708498984761,0.0,36.0,10,5.9,0.0,11.798775831039045,0.0,36.0,10,0.1,0.0,0.31622776601683794,0.0,1.0,10,0.4,0.0,1.2649110640673518,0.0,4.0,7,0.0,0.0,0.0,0.0,0.0,8,710.9749999999999,750.95,165.14163401672604,311.9,824.4,8,668.8875,674.3,278.66345517487576,56.0,958.1,8,192.79999999999998,228.6,71.0912492103333,82.1,268.5,8,77.9625,83.7,26.986607128086963,13.1,98.5,27.2
2026-09-24T13:00,11,79.43636363636364,79.6,5.644337468166254,66.5,87.5,11,8.0,0.0,12.140840168620953,0.0,36.0,10,7.2,0.0,12.89961239727768,0.0,36.0,10,0.1,0.0,0.31622776601683794,0.0,1.0,10,0.4,0.0,1.2649110640673518,0.0,4.0,7,0.0,0.0,0.0,0.0,0.0,8,758.2000000000002,811.35,199.37516681587283,281.0,892.1,8,703.1375,804.8,294.54025161500186,31.1,936.5,8,183.475,185.55,64.51736753995559,81.3,255.5,8,81.1125,91.94999999999999,29.492102453756274,10.0,98.6,23.7
2026-09-24T14:00,11,79.75454545454546,80.7,5.848309779135103,66.2,88.2,11,6.7272727272727275,0.0,11.000826415237258,0.0,36.0,10,5.8,0.0,11.640923980127655,0.0,36.0,10,0.1,0.0,0.31622776601683794,0.0,1.0,10,0.5,0.0,1.2692955176439846,0.0,4.0,7,0.0,0.0,0.0,0.0,0.0,8,696.1125,752.85,171.16860057098256,275.1,781.7,8,633.6,674.1,255.76722676237137,35.0,849.4,8,186.72500000000002,211.7,55.2305751243949,98.8,246.9,8,76.9125,85.0,31.59296655450839,0.0,97.4,25.1
2026-09-24T15:00,11,79.60909090909091,80.2,5.937921276920828,66.0,87.4,11,7.636363636363637,0.0,12.58787295195441,0.0,36.0,10,6.9,0.0,13.453211099543815,0.0,36.0,10,0.2,0.0,0.6324555320336759,0.0,2.0,10,0.5,0.0,1.2692955176439846,0.0,4.0,7,0.0,0.0,0.0,0.0,0.0,8,608.575,661.2,151.12113164138043,236.2,679.8,8,615.3625,674.2,242.24492291598483,37.0,801.5,8,156.1875,175.6,45.14913185370077,90.2,209.0,8,77.4125,85.7,27.222072845395157,10.8,92.7,27.2
2026-09-24T16:00,11,79.00909090909092,79.6,5.942130012959084,65.4,85.7,11,7.0,0.0,12.02497401244593,0.0,36.0,10,6.3,0.0,12.841339493993607,0.0,36.0,10,0.2,0.0,0.6324555320336759,0.0,2.0,10,0.5,0.0,1.2692955176439846,0.0,4.0,7,0.0,0.0,0.0,0.0,0.0,8,483.1625000000001,515.55,140.30497331069301,147.7,586.3,8,587.8625,660.2,238.63291556878139,21.2,741.1,8,121.175,129.8,27.048303353181215,79.1,153.6,8,74.5625,83.4,30.48067010418242,0.0,91.3,29.5
2026-09-24T17:00,11,77.98181818181818,78.0,5.6584128838072925,64.9,84.0,11,6.0,0.0,9.643650760992955,0.0,25.0,10,5.0,0.0,10.28483241369434,0.0,25.0,10,0.3,0.0,0.9486832980505139,0.0,3.0,10,0.5,0.0,1.2692955176439846,0.0,4.0,7,0.0,0.0,0.0,0.0,0.0,8,293.0125,314.75,82.61560623064591,91.6,344.9,8,440.6875,460.5,186.64384293928063,18.8,631.7,8,93.0,99.7,26.743383694449946,50.2,117.6,8,65.5125,72.25,23.610072759614397,7.8,80.1,45.3
2026-09-24T18:00,10,77.27999999999999,77.25,3.5294947702657575,72.8,81.3,10,5.8,1.5,9.461031186456957,0.0,30.0,9,4.555555555555555,0.0,10.088497300281036,0.0,30.0,9,0.3333333333333333,0.0,1.0,0.0,3.0,9,0.5555555555555556,0.0,1.3333333333333335,0.0,4.0,7,0.0,0.0,0.0,0.0,0.0,7,119.67142857142856,123.2,17.41529158390352,100.6,146.1,7,264.7,267.6,92.19106970489784,148.7,383.2,7,50.728571428571435,61.8,15.392824549738997,27.7,63.3,7,57.642857142857146,59.1,7.4489053206622575,48.0,66.7,70.6
2026-09-24T19:00,10,74.35,74.80000000000001,3.072548706783276,68.6,78.4,10,10.4,2.0,21.84897658421963,0.0,71.0,9,9.555555555555555,0.0,23.377933565175898,0.0,71.0,9,0.2222222222222222,0.0,0.6666666666666666,0.0,2.0,9,0.5555555555555556,0.0,1.3333333333333335,0.0,4.0,7,0.0,0.0,0.0,0.0,0.0,7,0.0,0.0,0.0,0.0,0.0,7,0.0,0.0,0.0,0.0,0.0,7,0.0,0.0,0.0,0.0,0.0,7,24.314285714285713,35.0,17.80004012836568,0.0,42.2,74.8
2026-09-24T20:00,10,71.99,72.1,2.537474685150136,67.0,75.7,10,12.8,1.5,31.07625031005725,0.0,100.0,9,11.666666666666666,0.0,33.166247903554,0.0,100.0,9,0.2222222222222222,0.0,0.6666666666666666,0.0,2.0,9,0.5555555555555556,0.0,1.3333333333333335,0.0,4.0,7,0.0,0.0,0.0,0.0,0.0,7,0.0,0.0,0.0,0.0,0.0,7,0.0,0.0,0.0,0.0,0.0,7,0.0,0.0,0.0,0.0,0.0,7,0.0,0.0,0.0,0.0,0.0,69.9
2026-09-24T21:00,10,70.42,70.2,2.07460839678239,66.4,73.7,10,14.5,4.0,30.30309848477178,0.0,98.0,9,12.88888888888889,0.0,32.09923848179441,0.0,98.0,9,0.2222222222222222,0.0,0.6666666666666666,0.0,2.0,9,0.5555555555555556,0.0,1.3333333333333335,0.0,4.0,7,0.0,0.0,0.0,0.0,0.0,7,0.0,0.0,0.0,0.0,0.0,7,0.0,0.0,0.0,0.0,0.0,7,0.0,0.0,0.0,0.0,0.0,7,0.0,0.0,0.0,0.0,0.0,71.9
2026-09-24T22:00,10,69.36,69.0,1.994548124819813,65.8,73.4,10,17.3,5.5,31.077144155936995,0.0,100.0,9,14.88888888888889,1.0,32.60155074702906,0.0,100.0,9,0.3333333333333333,0.0,1.0,0.0,3.0,9,0.5555555555555556,0.0,1.3333333333333335,0.0,4.0,7,0.0,0.0,0.0,0.0,0.0,7,0.0,0.0,0.0,0.0,0.0,7,0.0,0.0,0.0,0.0,0.0,7,0.0,0.0,0.0,0.0,0.0,7,0.0,0.0,0.0,0.0,0.0,71.6
2026-09-24T23:00,10,68.5,68.05,2.1807236311728158,65.3,73.2,10,16.6,6.5,29.224038811301295,0.0,92.0,9,13.333333333333334,0.0,29.87055406248769,0.0,92.0,9,0.3333333333333333,0.0,1.0,0.0,3.0,9,0.5555555555555556,0.0,1.3333333333333335,0.0,4.0,7,0.0,0.0,0.0,0.0,0.0,7,0.0,0.0,0.0,0.0,0.0,7,0.0,0.0,0.0,0.0,0.0,7,0.0,0.0,0.0,0.0,0.0,7,0.0,0.0,0.0,0.0,0.0,72.3
2026-09-25T00:00,10,67.73999999999998,67.0,2.360414276256513,65.0,72.8,10,18.0,8.5,23.598493360570476,0.0,68.0,9,14.222222222222221,0.0,22.884371183068247,0.0,68.0,9,0.2222222222222222,0.0,0.6666666666666666,0.0,2.0,9,0.5555555555555556,0.0,1.3333333333333335,0.0,4.0,7,0.0,0.0,0.0,0.0,0.0,7,0.0,0.0,0.0,0.0,0.0,7,0.0,0.0,0.0,0.0,0.0,7,0.0,0.0,0.0,0.0,0.0,7,0.0,0.0,0.0,0.0,0.0,75.8
2026-09-25T01:00,10,67.02,65.95,2.5542122073155964,64.5,72.3,10,20.1,12.5,23.86745808743687,0.0,73.0,9,15.88888888888889,7.0,20.660617394238514,0.0,60.0,9,0.2222222222222222,0.0,0.6666666666666666,0.0,2.0,9,0.4444444444444444,0.0,1.3333333333333333,0.0,4.0,7,0.0,0.0,0.0,0.0,0.0,7,0.0,0.0,0.0,0.0,0.0,7,0.0,0.0,0.0,0.0,0.0,7,0.0,0.0,0.0,0.0,0.0,7,0.0,0.0,0.0,0.0,0.0,75.0
2026-09-25T02:00,10,66.50999999999999,65.2,2.8160058396404044,63.8,72.3,10,21.5,9.5,31.397982950077118,0.0,100.0,9,16.77777777777778,0.0,26.616619703569505,0.0,80.0,9,0.1111111111111111,0.0,0.3333333333333333,0.0,1.0,9,0.4444444444444444,0.0,1.3333333333333333,0.0,4.0,7,0.0,0.0,0.0,0.0,0.0,7,0.0,0.0,0.0,0.0,0.0,7,0.0,0.0,0.0,0.0,0.0,7,0.0,0.0,0.0,0.0,0.0,7,0.0,0.0,0.0,0.0,0.0,68.8
2026-09-25T03:00,10,66.2,65.0,2.933333333333335,63.0,72.3,10,22.6,7.0,32.27382840631089,0.0,100.0,9,18.22222222222222,0.0,29.592134840941174,0.0,87.0,9,0.1111111111111111,0.0,0.3333333333333333,0.0,1.0,9,0.6666666666666666,0.0,1.4142135623730951,0.0,4.0,7,0.0,0.0,0.0,0.0,0.0,7,0.0,0.0,0.0,0.0,0.0,7,0.0,0.0,0.0,0.0,0.0,7,0.0,0.0,0.0,0.0,0.0,7,0.0,0.0,0.0,0.0,0.0,67.8
2026-09-25T04:00,10,66.15,65.3,2.8956864471140524,62.5,72.3,10,30.9,17.5,34.632836056744374,0.0,100.0,9,18.666666666666668,0.0,29.895651857753496,0.0,85.0,9,0.5555555555555556,0.0,1.6666666666666667,0.0,5.0,9,8.333333333333334,0.0,21.714050750608465,0.0,66.0,7,0.0,0.0,0.0,0.0,0.0,7,0.0,0.0,0.0,0.0,0.0,7,0.0,0.0,0.0,0.0,0.0,7,0.0,0.0,0.0,0.0,0.0,7,0.0,0.0,0.0,0.0,0.0,66.2
2026-09-25T05:00,10,66.32000000000001,65.65,2.754309754225589,62.9,72.1,10,37.7,40.5,36.374747039975716,0.0,100.0,9,18.0,0.0,28.271009886454358,0.0,77.0,9,0.3333333333333333,0.0,0.9999999999999999,0.0,3.0,9,15.666666666666666,0.0,30.692018506445613,0.0,85.0,7,0.0,0.0,0.0,0.0,0.0,7,0.0,0.0,0.0,0.0,0.0,7,0.0,0.0,0.0,0.0,0.0,7,0.0,0.0,0.0,0.0,0.0,7,0.0,0.0,0.0,0.0,0.0,66.4
2026-09-25T06:00,10,66.75000000000001,65.7,2.598824520603288,64.1,72.1,10,36.2,38.5,35.50524217946164,0.0,100.0,9,15.222222222222221,0.0,23.112646850684246,0.0,58.0,9,0.0,0.0,0.0,0.0,0.0,9,15.666666666666666,4.0,26.78619047195775,0.0,75.0,7,0.0,0.0,0.0,0.0,0.0,7,0.0,0.0,0.0,0.0,0.0,7,0.0,0.0,0.0,0.0,0.0,7,0.0,0.0,0.0,0.0,0.0,7,0.0,0.0,0.0,0.0,0.0,66.9
2026-09-25T07:00,10,67.49,67.65,2.5488341561497405,64.4,72.1,10,33.7,15.5,40.119405113569,0.0,100.0,9,11.11111111111111,0.0,16.335884154557142,0.0,40.0,9,0.0,0.0,0.0,0.0,0.0,9,15.555555555555555,4.0,32.303680560855256,0.0,100.0,7,0.0,0.0,0.0,0.0,0.0,7,15.757142857142854,20.5,13.461780112954,0.0,38.0,7,0.0,0.0,0.0,0.0,0.0,7,14.285714285714286,10.6,13.41981477411028,0.0,38.0,7,9.285714285714286,12.6,7.368497940880618,0.0,19.4,65.2
2026-09-25T08:00,10,70.03,70.4,1.984971312415153,66.1,73.7,10,36.9,32.5,39.073861681009554,0.0,100.0,9,7.0,0.0,11.357816691600549,0.0,32.0,9,0.0,0.0,0.0,0.0,0.0,9,23.11111111111111,4.0,33.628278444058225,0.0,100.0,7,0.0,0.0,0.0,0.0,0.0,7,198.51428571428573,171.2,66.579637241713,133.1,285.3,7,581.5428571428572,674.7,254.09297417246609,216.5,832.9,7,111.28571428571429,106.8,40.089334765056435,59.9,160.8,7,67.38571428571429,76.2,20.921315173081943,37.4,89.0,34.5
2026-09-25T09:00,10,73.63,73.5,2.563006047593336,69.1,77.0,10,30.7,7.5,40.422903298886276,0.0,100.0,9,4.222222222222222,0.0,8.257992761224996,0.0,24.0,9,0.0,0.0,0.0,0.0,0.0,9,21.666666666666668,4.0,34.978564864785405,0.0,100.0,7,0.0,0.0,0.0,0.0,0.0,7,344.5571428571429,352.9,36.23786496391388,304.5,397.5,7,554.2571428571429,538.4,156.39398813192764,408.6,847.4,7,148.59999999999997,159.9,30.300055005450613,81.3,166.6,7,70.7,71.3,11.353560381366425,57.2,90.5,46.3
2026-09-25T10:00,10,77.55,76.6,4.163932436211386,73.2,84.6,10,20.2,5.5,32.17590540899959,0.0,100.0,9,2.3333333333333335,0.0,5.2915026221291805,0.0,16.0,9,0.0,0.0,0.0,0.0,0.0,9,15.333333333333334,5.0,27.399817517640514,0.0,82.0,7,0.0,0.0,0.0,0.0,0.0,7,548.9285714285713,570.3,39.80660390294193,476.1,585.0,7,741.8285714285714,748.0,148.31259459090356,511.7,946.7,7,153.58571428571426,175.5,47.996368910277255,80.3,203.5,7,83.52857142857144,84.7,7.266983391961733,70.5,93.9,43.6
2026-09-25T11:00,10,80.09,79.2,4.728506929018694,74.7,87.9,10,21.3,5.5,30.887070290189566,3.0,100.0,9,1.3333333333333333,0.0,3.640054944640259,0.0,11.0,9,0.0,0.0,0.0,0.0,0.0,9,19.333333333333332,5.0,32.7414110874898,0.0,100.0,7,0.0,0.0,0.0,0.0,0.0,7,726.0714285714287,717.5,88.11768105372336,613.3,843.0,7,838.1285714285714,925.5,173.68019186890328,568.1,1008.5,7,160.0,162.4,51.08395051285676,93.2,229.7,7,89.51428571428572,93.0,8.1079032578155,75.4,96.5,33.6
2026-09-25T12:00,10,80.74000000000001,81.0,3.536539425923467,75.4,84.6,10,26.4,11.5,30.92356167498606,3.0,100.0,9,2.3333333333333335,0.0,4.795831523312719,0.0,13.0,9,0.0,0.0,0.0,0.0,0.0,9,24.666666666666668,10.0,33.689761055846034,0.0,100.0,7,0.0,0.0,0.0,0.0,0.0,7,760.1142857142858,752.7,32.31781905654261,710.1,805.9,7,737.6999999999999,683.0,109.81230957107371,603.4,921.7,7,191.20000000000002,225.5,54.39209501388965,95.7,244.9,7,87.38571428571429,84.1,6.680426276675407,78.7,96.7,51.4
2026-09-25T13:00,10,81.84,82.05,3.894497542830283,75.9,86.1,10,31.7,27.0,30.75006775060287,4.0,100.0,9,1.6666666666666667,0.0,3.5355339059327373,0.0,10.0,9,0.0,0.0,0.0,0.0,0.0,9,26.0,8.0,34.72751070837067,0.0,100.0,7,0.0,0.0,0.0,0.0,0.0,7,789.6571428571427,780.6,30.43987829272959,747.4,831.6,7,740.0142857142857,679.5,109.42230772822982,618.3,905.6,7,187.6142857142857,227.9,60.51821842969901,93.3,244.5,7,87.57142857142857,84.7,5.901049139973409,80.4,97.9,50.7
2026-09-25T14:00,10,82.50999999999999,82.65,4.315205672966239,76.1,87.5,10,37.1,31.5,33.7258555611764,4.0,100.0,9,2.2222222222222223,0.0,5.629781918018178,0.0,17.0,9,0.0,0.0,0.0,0.0,0.0,9,31.0,7.0,39.62007067131506,0.0,100.0,7,0.0,0.0,0.0,0.0,0.0,7,746.5571428571429,748.9,20.89943038640505,719.3,784.4,7,695.4285714285714,681.8,81.91033134441821,618.7,866.9,7,190.3857142857143,208.1,48.56364993735639,91.0,227.5,7,87.0,85.5,4.612302389624223,81.0,95.8,51.3
2026-09-25T15:00,10,82.09,82.1,4.315463152689667,76.0,88.1,10,40.2,41.0,23.79915964902963,5.0,84.0,9,0.7777777777777778,0.0,1.986062547968831,0.0,6.0,9,0.0,0.0,0.0,0.0,0.0,9,32.666666666666664,31.0,28.648734701553575,0.0,83.0,7,0.0,0.0,0.0,0.0,0.0,7,649.1,648.5,28.756274677595666,619.7,691.2,7,680.5571428571428,656.2,108.27778869098466,581.1,841.6,7,151.84285714285716,177.6,51.57961022028172,76.2,195.1,7,85.7,84.4,7.187025346646094,79.0,96.5,54.7
2026-09-25T16:00,10,81.25,80.15,4.462498054777043,75.7,88.6,10,25.7,24.5,17.307994299359667,2.0,59.0,9,0.8888888888888888,0.0,2.315407331574968,0.0,7.0,9,0.0,0.0,0.0,0.0,0.0,9,23.88888888888889,27.0,22.290381582896043,0.0,59.0,7,0.0,0.0,0.0,0.0,0.0,7,472.59999999999997,483.7,59.540630385197176,389.8,531.9,7,554.0714285714286,582.8,170.03528765411912,333.1,765.6,7,134.05714285714285,143.4,48.11014643997865,64.1,186.2,7,76.55714285714285,79.6,11.700264547273727,60.6,88.9,48.4
2026-09-25T17:00,10,80.36999999999999,79.05,4.717355662279918,75.0,89.2,10,36.7,35.0,31.637003650788426,0.0,86.0,9,0.2222222222222222,0.0,0.6666666666666667,0.0,2.0,9,0.0,0.0,0.0,0.0,0.0,9,34.666666666666664,43.0,35.661604002063626,0.0,86.0,7,0.0,0.0,0.0,0.0,0.0,7,326.61428571428576,329.6,25.101887616367854,285.2,352.7,7,518.3285714285714,542.2,76.36770072671901,411.3,602.3,7,93.88571428571429,109.0,24.712980972991268,58.0,117.1,7,75.52857142857142,76.3,5.33376486349442,68.6,82.5,51.5
2026-09-25T18:00,9,77.71111111111112,76.8,3.204077263598855,74.0,82.7,9,41.44444444444444,37.0,37.46702253686271,0.0,90.0,8,1.75,0.0,4.949747468305833,0.0,14.0,8,0.0,0.0,0.0,0.0,0.0,8,43.625,45.5,40.01048969600704,0.0,91.0,7,0.0,0.0,0.0,0.0,0.0,5,115.38,117.6,15.667865202381586,97.4,138.2,6,205.48333333333335,229.60000000000002,111.64354735794929,0.0,304.9,6,101.23333333333333,56.849999999999994,119.72036863736541,43.5,345.1,6,51.96666666666667,53.55,13.575517178607473,27.3,65.3,51.6
2026-09-25T19:00,9,75.65555555555557,74.6,2.828476228957527,72.9,79.7,9,46.666666666666664,44.0,39.6232255123179,0.0,100.0,8,3.375,0.0,9.545941546018392,0.0,27.0,8,0.0,0.0,0.0,0.0,0.0,8,46.875,44.5,44.241020073489004,0.0,100.0,7,0.0,0.0,0.0,0.0,0.0,6,0.0,0.0,0.0,0.0,0.0,6,0.0,0.0,0.0,0.0,0.0,6,0.0,0.0,0.0,0.0,0.0,6,34.550000000000004,36.150000000000006,8.80880241576572,22.8,46.3,66.2
2026-09-25T20:00,9,73.71111111111111,72.2,2.768774297610968,71.3,78.8,9,48.888888888888886,47.0,38.315938082097254,0.0,100.0,8,5.125,0.0,14.495689014324224,0.0,41.0,8,0.0,0.0,0.0,0.0,0.0,8,45.875,42.5,43.72131712824502,0.0,100.0,7,0.0,0.0,0.0,0.0,0.0,6,0.0,0.0,0.0,0.0,0.0,6,0.0,0.0,0.0,0.0,0.0,6,0.0,0.0,0.0,0.0,0.0,6,0.0,0.0,0.0,0.0,0.0,66.3
2026-09-25T21:00,9,71.9,71.0,2.431049156228645,69.4,77.0,9,35.77777777777778,43.0,30.334706928606455,0.0,88.0,8,5.125,0.0,14.495689014324224,0.0,41.0,8,0.0,0.0,0.0,0.0,0.0,8,30.5,23.0,32.57957291660791,0.0,88.0,7,0.0,0.0,0.0,0.0,0.0,6,0.0,0.0,0.0,0.0,0.0,6,0.0,0.0,0.0,0.0,0.0,6,0.0,0.0,0.0,0.0,0.0,6,0.0,0.0,0.0,0.0,0.0,70.7
2026-09-25T22:00,9,70.28888888888888,70.3,2.267953066337816,67.8,75.2,9,31.0,23.0,29.597297173897484,0.0,83.0,8,5.375,0.0,14.411676813314564,0.0,41.0,8,0.0,0.0,0.0,0.0,0.0,8,24.875,15.5,28.920766142785954,0.0,83.0,7,0.0,0.0,0.0,0.0,0.0,6,0.0,0.0,0.0,0.0,0.0,6,0.0,0.0,0.0,0.0,0.0,6,0.0,0.0,0.0,0.0,0.0,6,0.0,0.0,0.0,0.0,0.0,71.8
2026-09-25T23:00,9,69.14444444444445,68.7,2.4744247367373697,66.4,74.5,9,30.333333333333332,10.0,29.3981291921782,0.0,77.0,8,5.875,0.0,14.347100254556171,0.0,41.0,8,0.0,0.0,0.0,0.0,0.0,8,23.0,11.0,27.500649342983056,0.0,77.0,7,0.0,0.0,0.0,0.0,0.0,6,0.0,0.0,0.0,0.0,0.0,6,0.0,0.0,0.0,0.0,0.0,6,0.0,0.0,0.0,0.0,0.0,6,0.0,0.0,0.0,0.0,0.0,71.3
2026-09-26T00:00,9,68.42222222222223,67.5,2.6579022638999366,65.2,74.1,9,45.888888888888886,52.0,23.352967929389855,12.0,81.0,8,11.375,1.0,17.959776486041562,0.0,48.0,8,0.0,0.0,0.0,0.0,0.0,8,34.5,33.5,27.02908486374314,0.0,81.0,7,0.0,0.0,0.0,0.0,0.0,6,0.0,0.0,0.0,0.0,0.0,6,0.0,0.0,0.0,0.0,0.0,6,0.0,0.0,0.0,0.0,0.0,6,0.0,0.0,0.0,0.0,0.0,75.0
2026-09-26T01:00,9,67.84444444444445,66.8,2.715285947700126,64.4,73.4,9,66.33333333333333,69.0,23.853720883753127,16.0,100.0,8,18.75,2.5,27.63408867943463,0.0,68.0,8,0.0,0.0,0.0,0.0,0.0,8,50.0,55.5,36.398587099737036,0.0,100.0,7,0.0,0.0,0.0,0.0,0.0,6,0.0,0.0,0.0,0.0,0.0,6,0.0,0.0,0.0,0.0,0.0,6,0.0,0.0,0.0,0.0,0.0,6,0.0,0.0,0.0,0.0,0.0,74.5
2026-09-26T02:00,9,67.47777777777777,66.7,2.901627895586277,63.8,73.4,9,78.66666666666667,88.0,26.24404694402142,20.0,100.0,8,25.0,4.5,36.56305707756318,0.0,97.0,8,0.0,0.0,0.0,0.0,0.0,8,58.25,69.5,41.275208747417096,0.0,100.0,7,0.0,0.0,0.0,0.0,0.0,6,0.0,0.0,0.0,0.0,0.0,6,0.0,0.0,0.0,0.0,0.0,6,0.0,0.0,0.0,0.0,0.0,6,0.0,0.0,0.0,0.0,0.0,72.2
2026-09-26T03:00,9,66.97777777777776,66.3,2.9638563467962515,63.0,72.8,9,78.55555555555556,78.0,24.61763144126132,24.0,100.0,8,26.5,6.0,37.13681269499117,0.0,100.0,8,0.0,0.0,0.0,0.0,0.0,8,57.5,68.5,40.128365457438136,0.0,100.0,7,0.0,0.0,0.0,0.0,0.0,6,0.0,0.0,0.0,0.0,0.0,6,0.0,0.0,0.0,0.0,0.0,6,0.0,0.0,0.0,0.0,0.0,6,0.0,0.0,0.0,0.0,0.0,73.2
2026-09-26T04:00,9,66.73333333333333,66.0,3.128098463923412,62.3,73.0,9,77.44444444444444,84.0,25.617919075869096,26.0,100.0,8,27.25,7.5,37.035697065707524,0.0,100.0,8,0.0,0.0,0.0,0.0,0.0,8,56.75,62.5,40.21637903711798,0.0,100.0,7,0.0,0.0,0.0,0.0,0.0,6,0.0,0.0,0.0,0.0,0.0,6,0.0,0.0,0.0,0.0,0.0,6,0.0,0.0,0.0,0.0,0.0,6,0.0,0.0,0.0,0.0,0.0,71.9
2026-09-26T05:00,9,66.77777777777777,66.5,3.05768612588742,62.3,73.0,9,72.44444444444444,73.0,26.509956200978113,27.0,100.0,8,27.25,8.0,36.87720937691152,0.0,100.0,8,0.0,0.0,0.0,0.0,0.0,8,51.375,56.5,37.70538991406174,0.0,99.0,7,0.0,0.0,0.0,0.0,0.0,6,0.0,0.0,0.0,0.0,0.0,6,0.0,0.0,0.0,0.0,0.0,6,0.0,0.0,0.0,0.0,0.0,6,0.0,0.0,0.0,0.0,0.0,71.5
2026-09-26T06:00,9,67.26666666666667,66.6,2.77893864631805,63.1,73.0,9,68.0,64.0,27.941904015295737,25.0,99.0,8,24.375,7.5,34.981372594159716,0.0,98.0,8,0.0,0.0,0.0,0.0,0.0,8,48.0,48.5,37.8795082182589,0.0,99.0,7,0.0,0.0,0.0,0.0,0.0,6,0.0,0.0,0.0,0.0,0.0,6,0.0,0.0,0.0,0.0,0.0,6,0.0,0.0,0.0,0.0,0.0,6,0.0,0.0,0.0,0.0,0.0,71.4
2026-09-26T07:00,9,68.21111111111111,68.3,2.591546085083403,64.6,73.4,9,62.666666666666664,60.0,34.36204301260331,15.0,100.0,8,20.625,6.0,33.0148775987,0.0,94.0,8,0.0,0.0,0.0,0.0,0.0,8,43.625,29.5,42.030388666161194,0.0,100.0,7,0.0,0.0,0.0,0.0,0.0,6,14.016666666666666,10.95,15.238427302929484,0.0,40.2,6,0.0,0.0,0.0,0.0,0.0,6,14.016666666666666,10.95,15.238427302929484,0.0,40.2,6,7.966666666666666,5.85,8.614096973372583,0.0,21.8,65.2
2026-09-26T08:00,9,69.87777777777777,70.7,2.6757138196086037,66.4,74.8,9,54.55555555555556,58.0,40.3240347408066,0.0,100.0,8,15.625,0.0,29.534181165944943,0.0,83.0,8,0.0,0.0,0.0,0.0,0.0,8,37.375,12.5,45.83803006238379,0.0,100.0,7,0.0,0.0,0.0,0.0,0.0,5,158.42000000000002,144.8,32.011591650525595,130.5,212.6,6,361.90000000000003,394.75,214.7645408348408,0.0,625.6,6,173.26666666666668,98.75,195.4675386519886,65.2,570.6,6,52.13333333333333,51.45,15.628776876859773,27.3,72.7,40.7
2026-09-26T09:00,9,72.5888888888889,72.6,2.6582157758750724,67.7,77.0,9,53.22222222222222,56.0,33.95871676675142,8.0,100.0,8,10.625,0.0,20.353571115233247,0.0,57.0,8,0.0,0.0,0.0,0.0,0.0,8,40.25,22.0,42.52982147018388,0.0,100.0,7,0.0,0.0,0.0,0.0,0.0,5,349.62,367.6,34.78386120027507,302.5,377.8,6,508.3333333333333,564.15,289.56513372066513,0.0,800.9,6,279.18333333333334,151.4,353.0431158749122,96.6,997.7,6,65.60000000000001,67.95,22.063000702533646,27.3,87.7,37.6
2026-09-26T10:00,9,75.71111111111112,75.8,2.963293962993062,69.3,79.5,9,51.0,53.0,34.30378987808782,3.0,100.0,8,4.875,0.0,8.935283191610981,0.0,24.0,8,0.0,0.0,0.0,0.0,0.0,8,43.625,42.0,42.449760221432854,0.0,100.0,7,0.0,0.0,0.0,0.0,0.0,5,522.5600000000001,525.6,31.96627910783488,469.4,548.8,6,554.3166666666666,631.6500000000001,291.33065349644664,0.0,781.5,6,381.43333333333334,188.5,519.0903839088783,133.1,1439.3,6,70.8,75.44999999999999,22.658684869162197,27.3,88.5,36.8
2026-09-26T11:00,9,78.25555555555556,79.0,3.456555768069972,71.1,82.3,9,50.44444444444444,50.0,41.09778312485697,0.0,100.0,8,1.125,0.0,2.4748737341529163,0.0,7.0,8,0.0,0.0,0.0,0.0,0.0,8,47.75,48.5,46.014749188245524,0.0,100.0,7,0.0,0.0,0.0,0.0,0.0,5,653.6200000000001,647.0,31.988075903373748,611.2,685.9,6,566.0666666666667,659.75,287.5644322002752,0.0,789.6,6,457.8999999999999,211.1,640.0227183467787,155.0,1763.2,6,73.39999999999999,81.4,23.137415586015656,27.3,90.1,34.8
2026-09-26T12:00,9,79.77777777777777,80.6,3.605820911310553,73.3,84.2,9,51.44444444444444,45.0,41.282899338318984,0.0,100.0,8,1.25,0.0,2.5495097567963922,0.0,7.0,8,0.0,0.0,0.0,0.0,0.0,8,50.875,58.0,45.177230358413325,0.0,100.0,7,0.0,0.0,0.0,0.0,0.0,5,723.7,713.8,41.26414908852479,675.7,789.2,6,520.75,596.95,275.1618778101356,0.0,813.4,6,594.6833333333334,261.45,860.3374184973397,165.3,2348.5,6,72.53333333333333,79.44999999999999,23.195229394568763,27.3,92.4,33.0
2026-09-26T13:00,9,80.63333333333333,80.5,3.5355339059327417,75.5,85.4,9,52.888888888888886,61.0,43.13480162364388,0.0,100.0,8,1.75,0.0,4.5591352563522705,0.0,13.0,8,0.0,0.0,0.0,0.0,0.0,8,54.875,68.0,45.26883980336647,0.0,100.0,7,0.0,0.0,0.0,0.0,0.0,5,751.6199999999999,755.3,45.33383945795901,681.1,791.5,6,519.2666666666667,625.55,272.47225669169825,0.0,744.9,6,605.7500000000001,246.35,879.6138897266233,188.6,2399.3,6,72.75,80.9,23.54015717874458,27.3,90.4,32.7
2026-09-26T14:00,9,80.85555555555555,81.3,3.3675328918627905,76.3,85.1,9,55.0,76.0,44.98888751680797,0.0,100.0,8,2.0,0.0,5.656854249492381,0.0,16.0,8,0.0,0.0,0.0,0.0,0.0,8,59.0,78.0,45.64458972790282,0.0,100.0,7,0.0,0.0,0.0,0.0,0.0,5,711.46,720.2,43.753605565713144,641.6,761.6,6,499.2333333333334,622.55,261.3593745528687,0.0,687.2,6,574.45,221.8,832.5932374214915,210.1,2272.4,6,71.7,81.0,23.112247835292873,27.3,91.5,33.4
2026-09-26T15:00,9,80.33333333333331,81.8,3.0240701050074903,76.1,83.8,9,51.77777777777778,61.0,41.89205705673146,0.0,100.0,8,1.625,0.0,4.596194077712559,0.0,13.0,8,0.0,0.0,0.0,0.0,0.0,8,55.875,68.5,42.24566757161531,0.0,100.0,7,0.0,0.0,0.0,0.0,0.0,5,617.7,621.6,37.40040106736824,575.6,671.2,6,482.1499999999999,559.3,252.81078102011392,0.0,715.9,6,508.0333333333333,199.7,761.1001029212035,151.3,2060.2,6,70.48333333333333,77.0,22.3711793758547,27.3,91.0,35.4
2026-09-26T16:00,9,79.42222222222223,81.1,2.8406767581765515,75.6,82.4,9,49.22222222222222,41.0,39.63198764185874,0.0,100.0,8,1.0,0.0,2.8284271247461903,0.0,8.0,8,0.0,0.0,0.0,0.0,0.0,8,52.75,57.0,40.77726957859874,0.0,100.0,7,0.0,0.0,0.0,0.0,0.0,5,469.28000000000003,485.1,36.552865824720236,426.2,511.1,6,420.36666666666673,472.90000000000003,228.04790432421575,0.0,631.8,6,402.81666666666666,170.75,586.6665813446907,128.0,1599.1,6,65.91666666666667,71.95,20.11342006389432,27.3,81.2,38.2
2026-09-26T17:00,9,78.19999999999999,79.3,2.7386127875258324,74.1,81.5,9,46.55555555555556,38.0,38.88480137248714,0.0,100.0,8,0.5,0.0,1.4142135623730951,0.0,4.0,8,0.0,0.0,0.0,0.0,0.0,8,49.125,47.0,41.07984385837623,0.0,100.0,7,0.0,0.0,0.0,0.0,0.0,5,290.34,308.0,30.64992659045043,249.6,315.2,6,321.31666666666666,378.45000000000005,183.27253385782242,0.0,467.1,6,269.75,121.30000000000001,368.96541707861996,100.5,1022.3,6,58.883333333333326,63.3,17.042701272587824,27.3,72.9,43.9
2026-09-26T18:00,9,76.25555555555555,75.6,2.7973697963940665,71.8,80.6,9,47.77777777777778,39.0,30.85359694499888,10.0,100.0,8,4.125,0.0,10.480423928176078,0.0,30.0,8,0.0,0.0,0.0,0.0,0.0,8,49.125,38.0,33.55352866263525,0.0,100.0,7,0.0,0.0,0.0,0.0,0.0,6,116.7333333333333,116.19999999999999,33.33230665085551,78.1,172.2,6,227.3333333333333,257.55,107.27929281397535,58.4,363.4,6,59.916666666666664,59.15,12.422627204688492,43.9,81.1,6,53.166666666666664,56.3,15.869173471440366,25.3,70.6,53.9
2026-09-26T19:00,9,73.67777777777778,73.6,2.922660507901054,69.0,78.2,9,49.55555555555556,49.0,29.728400188671063,8.0,100.0,8,9.25,0.0,24.961398770329932,0.0,71.0,8,0.0,0.0,0.0,0.0,0.0,8,48.875,51.5,31.325195245087574,0.0,100.0,7,0.0,0.0,0.0,0.0,0.0,6,0.0,0.0,0.0,0.0,0.0,6,0.0,0.0,0.0,0.0,0.0,6,0.0,0.0,0.0,0.0,0.0,6,27.266666666666666,30.549999999999997,9.368173069850208,10.7,34.7,69.6
2026-09-26T20:00,9,71.54444444444444,71.7,3.25388656498314,66.9,77.2,9,50.888888888888886,42.0,36.648480338359334,2.0,100.0,8,13.5,0.0,34.99795912417098,0.0,100.0,8,0.0,0.0,0.0,0.0,0.0,8,48.125,47.5,37.22302474851515,0.0,100.0,7,0.0,0.0,0.0,0.0,0.0,6,0.0,0.0,0.0,0.0,0.0,6,0.0,0.0,0.0,0.0,0.0,6,0.0,0.0,0.0,0.0,0.0,6,0.0,0.0,0.0,0.0,0.0,64.8
2026-09-26T21:00,9,70.13333333333333,70.0,3.263816784073524,66.3,76.8,9,48.666666666666664,46.0,31.176914536239792,4.0,100.0,8,15.375,0.0,34.66961411462699,0.0,100.0,8,0.0,0.0,0.0,0.0,0.0,8,43.625,43.0,32.923884079147506,0.0,88.0,7,0.0,0.0,0.0,0.0,0.0,6,0.0,0.0,0.0,0.0,0.0,6,0.0,0.0,0.0,0.0,0.0,6,0.0,0.0,0.0,0.0,0.0,6,0.0,0.0,0.0,0.0,0.0,67.5
2026-09-26T22:00,9,69.16666666666667,69.0,3.272995569810625,65.7,76.6,9,46.22222222222222,45.0,30.003240565719636,4.0,100.0,8,16.75,0.0,32.657311585615865,0.0,93.0,8,0.0,0.0,0.0,0.0,0.0,8,37.125,23.5,31.46171142379711,0.0,87.0,7,0.0,0.0,0.0,0.0,0.0,6,0.0,0.0,0.0,0.0,0.0,6,0.0,0.0,0.0,0.0,0.0,6,0.0,0.0,0.0,0.0,0.0,6,0.0,0.0,0.0,0.0,0.0,68.3
2026-09-26T23:00,9,68.4,67.9,3.1480152477394383,65.7,75.7,8,46.0,48.0,33.65794323569316,0.0,98.0,7,20.571428571428573,5.0,32.08248298192823,0.0,86.0,7,0.0,0.0,0.0,0.0,0.0,7,32.57142857142857,23.0,33.96987460901764,0.0,83.0,7,0.0,0.0,0.0,0.0,0.0,6,0.0,0.0,0.0,0.0,0.0,6,0.0,0.0,0.0,0.0,0.0,6,0.0,0.0,0.0,0.0,0.0,6,0.0,0.0,0.0,0.0,0.0,66.1
2026-09-27T00:00,9,67.74444444444445,66.7,2.982914309492944,65.4,74.6,8,47.875,51.0,34.24048355800067,0.0,98.0,7,23.857142857142858,20.0,31.40291160295263,0.0,89.0,7,1.2857142857142858,0.0,3.401680257083045,0.0,9.0,7,33.714285714285715,22.0,32.24238559057671,0.0,77.0,7,0.0,0.0,0.0,0.0,0.0,6,0.0,0.0,0.0,0.0,0.0,6,0.0,0.0,0.0,0.0,0.0,6,0.0,0.0,0.0,0.0,0.0,6,0.0,0.0,0.0,0.0,0.0,66.2
2026-09-27T01:00,9,67.30000000000001,65.8,2.8578838324886493,64.9,73.7,8,50.5,47.5,36.55914972440454,0.0,99.0,7,26.285714285714285,14.0,33.8167329671485,0.0,95.0,7,3.142857142857143,0.0,8.315218406202998,0.0,22.0,7,36.42857142857143,22.0,34.87050875671849,0.0,76.0,7,0.0,0.0,0.0,0.0,0.0,5,0.0,0.0,0.0,0.0,0.0,5,0.0,0.0,0.0,0.0,0.0,5,0.0,0.0,0.0,0.0,0.0,5,0.0,0.0,0.0,0.0,0.0,66.1
2026-09-27T02:00,8,67.1,65.9,2.9471535904520314,64.4,73.2,8,52.75,46.5,39.50316443020736,0.0,100.0,7,26.0,10.0,36.29049462324811,0.0,100.0,7,5.285714285714286,0.0,13.984685501341408,0.0,37.0,7,38.285714285714285,23.0,40.545095411217886,0.0,99.0,7,0.0,0.0,0.0,0.0,0.0,5,0.0,0.0,0.0,0.0,0.0,5,0.0,0.0,0.0,0.0,0.0,5,0.0,0.0,0.0,0.0,0.0,5,0.0,0.0,0.0,0.0,0.0,65.8
2026-09-27T03:00,8,66.7875,65.9,2.928889355565153,63.9,73.0,8,56.375,52.5,37.61055133109021,0.0,100.0,7,26.0,14.0,36.478304054145205,0.0,100.0,7,7.428571428571429,0.0,19.654152596479815,0.0,52.0,7,40.42857142857143,23.0,40.29829253147559,0.0,100.0,7,0.0,0.0,0.0,0.0,0.0,5,0.0,0.0,0.0,0.0,0.0,5,0.0,0.0,0.0,0.0,0.0,5,0.0,0.0,0.0,0.0,0.0,5,0.0,0.0,0.0,0.0,0.0,65.8
2026-09-27T04:00,8,66.625,66.1,2.9358620053207005,63.4,73.0,8,60.0,56.5,35.84490400122649,0.0,100.0,7,25.428571428571427,5.0,37.65570847763166,0.0,100.0,7,9.142857142857142,0.0,24.189726272590544,0.0,64.0,7,42.857142857142854,24.0,40.9488647438427,0.0,100.0,7,0.0,0.0,0.0,0.0,0.0,5,0.0,0.0,0.0,0.0,0.0,5,0.0,0.0,0.0,0.0,0.0,5,0.0,0.0,0.0,0.0,0.0,5,0.0,0.0,0.0,0.0,0.0,65.8
2026-09-27T05:00,8,66.65,66.4,2.787728209748683,63.3,72.7,8,61.375,58.5,34.3300680370513,0.0,100.0,7,25.428571428571427,6.0,38.18750730652257,0.0,100.0,7,10.285714285714286,0.0,27.21344205666436,0.0,72.0,7,43.57142857142857,33.0,39.72764420760076,0.0,96.0,7,0.0,0.0,0.0,0.0,0.0,5,0.0,0.0,0.0,0.0,0.0,5,0.0,0.0,0.0,0.0,0.0,5,0.0,0.0,0.0,0.0,0.0,5,0.0,0.0,0.0,0.0,0.0,66.8
2026-09-27T06:00,8,66.95,66.65,2.820840806770711,63.1,72.8,8,63.125,62.5,31.36165766391457,10.0,99.0,7,24.285714285714285,4.0,37.375189121993245,0.0,98.0,7,12.428571428571429,0.0,27.83197886638763,0.0,75.0,7,43.857142857142854,55.0,37.96677745708991,0.0,94.0,7,0.42857142857142855,0.0,0.5345224838248488,0.0,1.0,5,0.0,0.0,0.0,0.0,0.0,5,0.0,0.0,0.0,0.0,0.0,5,0.0,0.0,0.0,0.0,0.0,5,0.0,0.0,0.0,0.0,0.0,68.8
2026-09-27T07:00,8,67.575,67.5,3.011762654279763,63.2,73.3,8,63.5,70.0,31.573044561098996,15.0,97.0,7,22.285714285714285,2.0,36.03107124743997,0.0,96.0,7,14.714285714285714,0.0,27.572415477032393,0.0,74.0,7,43.0,38.0,39.39120037097964,0.0,90.0,7,0.42857142857142855,0.0,0.5345224838248488,0.0,1.0,5,11.120000000000001,0.0,15.527298541600853,0.0,32.1,5,0.0,0.0,0.0,0.0,0.0,5,11.120000000000001,0.0,15.527298541600853,0.0,32.1,5,6.94,0.0,9.521974585137265,0.0,18.2,65.9
2026-09-27T08:00,8,68.8625,69.3,3.041117041013518,64.5,74.1,8,62.625,67.5,34.483691797717945,0.0,100.0,7,18.857142857142858,1.0,32.774118708866254,0.0,88.0,7,16.285714285714285,0.0,27.305153882947234,0.0,71.0,7,41.42857142857143,20.0,43.37379063773092,0.0,100.0,7,0.7142857142857143,1.0,0.7559289460184545,0.0,2.0,4,127.35,153.5,65.05005764793756,31.1,171.3,5,249.48000000000002,211.9,238.39686868748927,0.0,569.6,5,295.08000000000004,110.7,479.1632101904319,22.5,1149.7,5,41.2,37.7,21.835292532961397,14.9,68.3,33.0
2026-09-27T09:00,8,71.25,71.30000000000001,2.523036719057865,67.7,75.5,8,54.625,49.5,30.109028071802175,0.0,91.0,7,14.571428571428571,1.0,26.51953457897997,0.0,72.0,7,16.571428571428573,0.0,26.063110218961096,0.0,66.0,7,34.42857142857143,15.0,38.4224636675697,0.0,87.0,7,0.7142857142857143,1.0,0.7559289460184545,0.0,2.0,4,303.42499999999995,323.54999999999995,82.82855284662811,188.3,378.3,5,413.16,387.0,286.87126555303513,0.0,801.0,5,334.4,166.3,473.7220281979718,54.7,1177.3,5,58.06,59.2,22.40732023245975,27.3,87.4,34.1
2026-09-27T10:00,8,74.13749999999999,74.35,2.3585331397774727,70.4,77.3,8,44.625,39.5,29.378989090845177,0.0,89.0,7,9.714285714285714,2.0,18.78575955091414,0.0,51.0,7,16.142857142857142,0.0,24.12763679150648,0.0,60.0,7,28.714285714285715,17.0,35.03671543640226,0.0,83.0,7,0.7142857142857143,1.0,0.7559289460184545,0.0,2.0,4,457.8,463.65,95.37102984309927,344.5,559.4,5,461.3,505.3,305.8757509185715,0.0,834.4,5,463.43999999999994,202.1,694.5828985801479,78.1,1701.8,5,63.220000000000006,61.2,23.7432516728438,27.3,91.6,33.4
2026-09-27T11:00,8,76.35000000000001,76.5,2.7417408442708173,72.5,79.8,8,36.75,35.0,28.78863863203181,0.0,86.0,7,5.857142857142857,0.0,12.171395036841798,0.0,33.0,7,15.142857142857142,0.0,22.00324651370468,0.0,54.0,7,25.142857142857142,15.0,32.901005918910606,0.0,81.0,7,0.7142857142857143,1.0,0.7559289460184545,0.0,2.0,4,589.0250000000001,575.9,95.7643766404467,506.1,698.2,5,500.5,615.6,327.5022595341901,0.0,852.0,5,553.6600000000001,198.3,859.265048166164,94.3,2086.5,5,67.8,75.5,25.54818975974619,27.3,93.8,32.6
2026-09-27T12:00,8,77.44999999999999,77.69999999999999,2.832464852889995,73.1,80.6,8,33.75,27.5,24.15870147882243,0.0,82.0,7,3.2857142857142856,1.0,6.969320524371695,0.0,19.0,7,14.285714285714286,11.0,17.404159327722837,0.0,46.0,7,24.285714285714285,15.0,27.414803091968917,0.0,77.0,7,1.0,1.0,1.1547005383792515,0.0,3.0,4,774.15,816.15,139.93614019735332,571.4,892.9,5,649.2,892.2,449.8101988616977,0.0,1052.9,5,615.3799999999999,132.0,1034.8407060992527,88.4,2460.7,5,76.03999999999999,95.7,31.52725804760065,27.3,100.0,29.5
2026-09-27T13:00,8,77.99999999999999,78.3,2.7050217849664118,73.6,81.9,8,32.625,23.0,26.543428027076143,0.0,76.0,7,1.2857142857142858,0.0,2.984084768360628,0.0,8.0,7,13.0,15.0,14.0,0.0,37.0,7,25.285714285714285,12.0,30.63611314399117,0.0,72.0,7,1.0,1.0,1.1547005383792515,0.0,3.0,4,778.65,827.95,125.60118099232457,592.3,866.4,5,611.92,869.6,416.1328477782065,0.0,956.9,5,632.4399999999999,131.4,1054.5882243795443,95.3,2513.2,5,75.86,95.7,31.27687644250941,27.3,99.2,30.1
2026-09-27T14:00,8,78.075,78.4,2.5788978819864705,73.8,82.4,8,31.125,22.5,31.52521666403398,0.0,87.0,7,0.2857142857142857,0.0,0.7559289460184545,0.0,2.0,7,12.714285714285714,13.0,13.30055494724795,0.0,32.0,7,23.428571428571427,3.0,36.60991278719077,0.0,87.0,7,1.1428571428571428,1.0,1.4638501094227998,0.0,4.0,4,683.9,706.25,87.73843703493544,569.5,753.6,5,521.98,706.5,336.8414419278008,0.0,774.7,5,609.82,147.1,991.2721054281716,101.6,2378.9,5,71.72,88.3,27.580826673615128,27.3,91.0,32.2
2026-09-27T15:00,8,77.5625,78.30000000000001,2.486499260291177,73.6,81.0,8,32.625,34.5,25.297868346110565,0.0,68.0,7,1.4285714285714286,0.0,2.5727509827124,0.0,7.0,7,15.714285714285714,12.0,18.643267647368813,0.0,42.0,7,22.142857142857142,12.0,28.451295057979177,0.0,68.0,7,1.2857142857142858,1.0,1.6035674514745462,0.0,4.0,4,490.75,539.85,147.69271026921626,279.3,604.0,5,341.71999999999997,368.3,239.49901252406033,0.0,588.4,5,558.48,194.9,841.7808455886841,120.6,2062.5,5,58.92,62.8,20.62951768704252,27.3,78.7,29.7
2026-09-27T16:00,8,76.8125,77.65,2.124306609561944,73.0,78.8,8,31.375,29.5,28.071019626246976,0.0,76.0,7,0.8571428571428571,0.0,1.2149857925879117,0.0,3.0,7,20.285714285714285,6.0,30.225344143142994,0.0,75.0,7,18.285714285714285,18.0,18.971156050825208,0.0,51.0,7,1.2857142857142858,1.0,1.6035674514745462,0.0,4.0,4,361.95,420.0,136.21966328936023,161.1,446.7,5,284.41999999999996,358.9,219.33197897251554,0.0,478.5,5,437.9,159.4,648.6952558790606,96.3,1597.0,5,53.160000000000004,62.7,21.3989018409824,27.3,71.6,32.5
2026-09-27T17:00,8,75.725,76.4,1.84758529669713,72.3,77.6,8,30.625,16.5,37.50023809448224,0.0,100.0,7,0.5714285714285714,0.0,1.1338934190276817,0.0,3.0,7,24.285714285714285,0.0,40.15268478244133,0.0,100.0,7,13.428571428571429,1.0,19.251468713296855,0.0,46.0,7,1.2857142857142858,1.0,1.6035674514745462,0.0,4.0,4,226.825,264.9,94.90954904539375,86.0,291.5,5,234.46000000000004,314.0,192.05967301856995,0.0,432.6,5,281.58000000000004,112.1,410.7249529794848,59.2,1015.1,5,48.480000000000004,60.5,22.442860780212488,21.2,69.3,36.8
2026-09-27T18:00,8,74.11250000000001,74.25,1.7594134574583964,71.2,76.5,8,29.0,16.5,36.39858709973703,0.0,100.0,7,0.7142857142857143,0.0,1.4960264830861913,0.0,4.0,7,22.857142857142858,0.0,38.96763003412178,0.0,100.0,7,10.142857142857142,0.0,17.458795027421676,0.0,42.0,7,1.1428571428571428,1.0,1.3451854182690985,0.0,3.0,5,104.52000000000001,102.7,50.05044455347026,32.3,171.4,5,228.44,192.8,125.08778117785924,56.4,354.5,5,48.46,49.1,25.4664092482627,18.4,85.8,5,52.720000000000006,53.8,19.49492241584972,20.8,69.4,50.0
2026-09-27T19:00,8,72.07499999999999,71.55,2.0789763964852606,69.8,75.0,8,27.5,17.0,35.4682957019364,0.0,100.0,7,0.8571428571428571,0.0,1.8644544714716087,0.0,5.0,7,21.285714285714285,0.0,37.95046897257128,0.0,100.0,7,7.428571428571429,0.0,14.455185261779974,0.0,38.0,7,1.1428571428571428,1.0,1.3451854182690985,0.0,3.0,5,0.0,0.0,0.0,0.0,0.0,5,0.0,0.0,0.0,0.0,0.0,5,0.0,0.0,0.0,0.0,0.0,5,25.14,25.3,10.027611879206335,11.4,39.6,68.5
2026-09-27T20:00,8,70.19999999999999,69.85,2.556783693851097,67.6,74.6,8,26.0,16.5,34.61626372510058,0.0,99.0,7,1.0,0.0,1.914854215512676,0.0,5.0,7,19.714285714285715,0.0,36.98068994179839,0.0,99.0,7,5.428571428571429,0.0,13.087616829878323,0.0,35.0,7,1.1428571428571428,1.0,1.4638501094227998,0.0,4.0,5,0.0,0.0,0.0,0.0,0.0,5,0.0,0.0,0.0,0.0,0.0,5,0.0,0.0,0.0,0.0,0.0,5,0.0,0.0,0.0,0.0,0.0,67.3
2026-09-27T21:00,8,68.77499999999999,68.4,3.06022874961987,65.7,74.8,8,25.875,16.5,33.515188454532925,0.0,99.0,7,1.1428571428571428,0.0,2.0354009783964293,0.0,5.0,7,17.857142857142858,0.0,36.67164468372701,0.0,99.0,7,4.714285714285714,0.0,12.037639382568408,0.0,32.0,7,1.1428571428571428,1.0,1.4638501094227998,0.0,4.0,5,0.0,0.0,0.0,0.0,0.0,5,0.0,0.0,0.0,0.0,0.0,5,0.0,0.0,0.0,0.0,0.0,5,0.0,0.0,0.0,0.0,0.0,66.5
2026-09-27T22:00,8,67.7,67.19999999999999,3.670733675205237,64.3,75.3,8,26.75,19.0,33.85156674998325,0.0,100.0,7,1.2857142857142858,0.0,2.214669705568283,0.0,5.0,7,16.428571428571427,0.0,37.0758553187792,0.0,100.0,7,4.428571428571429,0.0,10.860588425696875,0.0,29.0,7,1.1428571428571428,1.0,1.4638501094227998,0.0,4.0,5,0.0,0.0,0.0,0.0,0.0,5,0.0,0.0,0.0,0.0,0.0,5,0.0,0.0,0.0,0.0,0.0,5,0.0,0.0,0.0,0.0,0.0,64.3
2026-09-27T23:00,8,66.875,66.05000000000001,4.100783897187051,62.8,75.5,8,27.625,17.0,35.528409155813,0.0,100.0,7,4.857142857142857,0.0,8.414839499926533,0.0,23.0,7,14.714285714285714,0.0,37.62408043489473,0.0,100.0,7,4.142857142857143,0.0,9.702724212449672,0.0,26.0,7,1.1428571428571428,1.0,1.4638501094227998,0.0,4.0,5,0.0,0.0,0.0,0.0,0.0,5,0.0,0.0,0.0,0.0,0.0,5,0.0,0.0,0.0,0.0,0.0,5,0.0,0.0,0.0,0.0,0.0,62.2
2026-09-28T00:00,8,66.0625,64.85,4.469559741821817,61.8,75.5,8,33.5,24.5,34.376071411874356,0.0,99.0,7,8.0,1.0,15.30795000427338,0.0,42.0,7,16.857142857142858,0.0,36.68981952998484,0.0,99.0,7,5.428571428571429,0.0,9.089502055616006,0.0,23.0,7,2.4285714285714284,2.0,1.9880595947760098,0.0,5.0,5,0.0,0.0,0.0,0.0,0.0,5,0.0,0.0,0.0,0.0,0.0,5,0.0,0.0,0.0,0.0,0.0,5,0.0,0.0,0.0,0.0,0.0,61.5
2026-09-28T01:00,8,65.4,64.3,4.635576709382708,60.8,75.1,8,40.25,32.0,34.627610783469144,0.0,98.0,7,10.285714285714286,1.0,20.097381966434384,0.0,55.0,7,19.0,0.0,36.76501960650459,0.0,98.0,7,7.714285714285714,0.0,13.375528471980534,0.0,33.0,7,2.7142857142857144,4.0,2.058663459163551,0.0,5.0,5,0.0,0.0,0.0,0.0,0.0,5,0.0,0.0,0.0,0.0,0.0,5,0.0,0.0,0.0,0.0,0.0,5,0.0,0.0,0.0,0.0,0.0,60.8
2026-09-28T02:00,8,64.8375,64.1,4.769527529760455,60.0,74.6,8,46.625,49.0,36.272529944455606,0.0,98.0,7,12.0,2.0,23.444971031474246,0.0,64.0,7,21.428571428571427,0.0,38.100118734973094,0.0,98.0,7,10.428571428571429,0.0,21.070177525412095,0.0,56.0,7,2.857142857142857,4.0,2.193062655175134,0.0,5.0,5,0.0,0.0,0.0,0.0,0.0,5,0.0,0.0,0.0,0.0,0.0,5,0.0,0.0,0.0,0.0,0.0,5,0.0,0.0,0.0,0.0,0.0,60.1
2026-09-28T03:00,8,64.38749999999999,63.9,4.766381526603056,59.5,73.9,8,49.0,47.5,37.648752587948664,0.0,100.0,7,12.571428571428571,2.0,23.4368452289491,0.0,64.0,7,20.714285714285715,0.0,38.06448163189355,0.0,100.0,7,13.142857142857142,0.0,29.071340821208388,0.0,78.0,7,2.857142857142857,4.0,2.0354009783964297,0.0,5.0,5,0.0,0.0,0.0,0.0,0.0,5,0.0,0.0,0.0,0.0,0.0,5,0.0,0.0,0.0,0.0,0.0,5,0.0,0.0,0.0,0.0,0.0,60.1
2026-09-28T04:00,8,64.1875,63.849999999999994,4.549234629504803,59.4,73.1,8,49.375,44.5,38.935615352234294,0.0,100.0,7,11.571428571428571,2.0,20.28839687158765,0.0,55.0,7,19.857142857142858,0.0,37.46299761733156,0.0,100.0,7,15.0,0.0,35.07610772781572,0.0,94.0,7,2.5714285714285716,4.0,2.14919697074224,0.0,5.0,5,0.0,0.0,0.0,0.0,0.0,5,0.0,0.0,0.0,0.0,0.0,5,0.0,0.0,0.0,0.0,0.0,5,0.0,0.0,0.0,0.0,0.0,60.8
2026-09-28T05:00,8,64.3625,64.15,4.176443292016375,59.8,72.5,8,49.0,41.5,40.85164798214563,0.0,100.0,7,10.857142857142858,2.0,18.27957486220227,0.0,49.0,7,19.714285714285715,5.0,36.67294318574338,0.0,100.0,7,15.571428571428571,0.0,37.38028510171792,0.0,100.0,7,2.4285714285714284,4.0,2.29906813420444,0.0,5.0,5,0.0,0.0,0.0,0.0,0.0,5,0.0,0.0,0.0,0.0,0.0,5,0.0,0.0,0.0,0.0,0.0,5,0.0,0.0,0.0,0.0,0.0,61.9
2026-09-28T06:00,8,65.0125,64.69999999999999,3.4646943794304814,60.9,72.0,8,45.25,38.0,39.46698439383046,0.0,100.0,7,11.714285714285714,2.0,20.270785922227137,0.0,55.0,7,17.571428571428573,5.0,29.540126059633657,0.0,82.0,7,14.428571428571429,0.0,35.18454747403156,0.0,94.0,7,2.2857142857142856,3.0,1.9760470401187074,0.0,5.0,5,0.0,0.0,0.0,0.0,0.0,5,0.0,0.0,0.0,0.0,0.0,5,0.0,0.0,0.0,0.0,0.0,5,0.0,0.0,0.0,0.0,0.0,64.2
2026-09-28T07:00,8,66.15,65.95,2.7102978223276986,62.5,71.8,8,40.625,33.0,39.33714166389971,0.0,100.0,7,12.857142857142858,2.0,23.31972392224067,0.0,64.0,7,15.142857142857142,4.0,22.4976189216294,0.0,57.0,7,11.857142857142858,0.0,29.22572252559134,0.0,78.0,7,2.4285714285714284,3.0,1.8126539343499315,0.0,5.0,5,11.919999999999998,0.0,16.62940167294061,0.0,34.3,5,0.0,0.0,0.0,0.0,0.0,5,11.919999999999998,0.0,16.62940167294061,0.0,34.3,5,7.56,0.0,10.643683572898999,0.0,22.4,64.2
2026-09-28T08:00,8,67.8375,67.75,2.159323637491281,64.6,71.9,8,35.0,26.5,39.52937424968208,0.0,100.0,7,10.285714285714286,1.0,17.84856937044055,0.0,49.0,7,13.571428571428571,0.0,23.07131800061961,0.0,57.0,7,8.571428571428571,0.0,20.967094400966666,0.0,56.0,7,2.5714285714285716,3.0,2.0701966780270626,0.0,5.0,4,190.5,184.35000000000002,25.21203416360263,167.3,226.0,5,647.9,753.3,383.60515507485036,0.0,1026.1,5,289.58000000000004,78.5,486.814242807254,31.5,1158.4,5,66.58,79.3,25.684956686745647,23.9,88.0,39.8
2026-09-28T09:00,8,70.075,70.4,2.0239635795706894,66.8,72.9,8,28.75,16.5,36.14158665186527,0.0,100.0,7,5.714285714285714,1.0,7.454624643228429,0.0,19.0,7,14.0,0.0,28.307831660749525,0.0,76.0,7,5.142857142857143,0.0,12.334620267477112,0.0,33.0,7,2.4285714285714284,3.0,2.2253945610567474,0.0,6.0,5,446.71999999999997,401.8,104.58937326516495,391.2,633.5,5,826.68,908.5,156.23244541387677,606.2,971.9,5,161.22,85.4,151.58621969031356,67.6,424.5,5,83.84,83.3,8.202621532168846,75.4,92.9,38.5
2026-09-28T10:00,8,72.5,73.35,2.279097565767148,68.8,74.7,8,21.75,8.5,33.860005906674026,0.0,100.0,7,2.4285714285714284,0.0,4.391550328268399,0.0,11.0,7,14.285714285714286,0.0,33.51474444536457,0.0,90.0,7,2.142857142857143,0.0,4.845223470201398,0.0,13.0,7,2.2857142857142856,3.0,2.3603873774083297,0.0,6.0,5,644.2199999999999,577.8,153.2077086833427,564.6,918.0,5,842.7,911.9,120.9044043862754,685.8,942.5,5,202.42,98.8,202.47531207532435,83.9,558.8,5,88.02000000000001,86.0,5.903134760447199,80.8,94.7,35.3
2026-09-28T11:00,8,74.24999999999999,75.1,2.5495097567963927,70.3,77.7,8,16.125,3.0,33.27992745527808,0.0,97.0,7,2.142857142857143,0.0,4.180453381654971,0.0,11.0,7,13.714285714285714,0.0,35.845568232415594,0.0,95.0,7,0.14285714285714285,0.0,0.37796447300922725,0.0,1.0,7,2.142857142857143,3.0,2.1157009420498154,0.0,5.0,5,792.1600000000001,718.7,186.64677334473262,688.9,1125.3,5,860.36,900.3,86.45902497715319,741.8,947.6,5,219.28000000000003,112.8,213.262812041856,87.8,593.9,5,91.4,92.6,3.9274673773310953,87.2,95.5,34.6
2026-09-28T12:00,8,75.08749999999999,75.35,2.4333618719787626,71.4,78.2,8,13.625,2.0,29.63558430574395,0.0,86.0,7,2.5714285714285716,0.0,3.8234863173611093,0.0,10.0,7,12.857142857142858,0.0,33.57791224117709,0.0,89.0,7,0.0,0.0,0.0,0.0,0.0,7,2.142857142857143,3.0,1.7728105208558367,0.0,4.0,4,799.3,805.6,23.796778493457154,767.7,818.3,5,709.8599999999999,886.9,407.9859225512566,0.0,966.3,5,614.26,119.5,1096.670309619076,82.1,2573.9,5,80.94,94.8,30.674712712591134,26.6,98.4,42.9
2026-09-28T13:00,8,75.475,76.05,2.301397091209722,72.3,78.1,8,11.75,1.5,23.980646958984,0.0,70.0,7,2.857142857142857,0.0,4.29839394148448,0.0,10.0,7,10.571428571428571,0.0,27.969371002682816,0.0,74.0,7,0.0,0.0,0.0,0.0,0.0,7,2.0,2.0,1.4142135623730951,0.0,4.0,4,818.3249999999999,821.75,22.8177379831276,791.6,838.2,5,690.16,852.4,395.8046652074733,0.0,944.0,5,626.96,123.3,1120.3751170924852,81.2,2629.0,5,80.97999999999999,94.5,30.411626066358238,27.1,98.4,47.5
2026-09-28T14:00,8,75.6625,76.2,2.2677474664143187,72.7,78.5,8,9.625,1.0,17.606309745575388,0.0,51.0,7,3.142857142857143,0.0,5.669467095138408,0.0,15.0,7,7.714285714285714,0.0,20.410081542498272,0.0,54.0,7,0.0,0.0,0.0,0.0,0.0,7,1.8571428571428572,3.0,1.4638501094228,0.0,3.0,4,772.3499999999999,772.3,19.97940606391158,754.8,790.0,5,661.76,805.6,377.870749066397,0.0,903.0,5,594.0600000000001,120.9,1058.222993040692,79.3,2485.3,5,80.41999999999999,92.1,29.996199759302847,27.3,98.1,52.6
2026-09-28T15:00,8,75.7375,75.5,2.0825379434032643,72.6,78.5,8,6.375,0.5,11.426004175938823,0.0,33.0,7,2.0,0.0,3.696845502136472,0.0,10.0,7,4.714285714285714,0.0,12.472827609304499,0.0,33.0,7,0.0,0.0,0.0,0.0,0.0,7,1.7142857142857142,2.0,1.3801311186847085,0.0,3.0,4,669.075,669.2,16.048961544806204,653.7,684.2,5,627.8,766.2,357.3539212041754,0.0,857.1,5,446.66,103.8,761.931104496988,69.5,1808.0,5,78.74,90.4,28.982977762817953,27.3,95.8,58.1
2026-09-28T16:00,8,75.67500000000001,75.75,2.1828879952943057,72.2,78.3,8,3.5,0.0,6.0,0.0,17.0,7,0.8571428571428571,0.0,1.864454471471609,0.0,5.0,7,2.0,0.0,5.291502622129181,0.0,14.0,7,0.14285714285714285,0.0,0.37796447300922725,0.0,1.0,7,1.7142857142857142,2.0,1.3801311186847085,0.0,3.0,4,510.525,514.25,15.063504461667204,490.5,523.1,5,561.24,666.2,319.465229719918,0.0,766.3,5,352.86,92.7,584.0514643419705,63.8,1396.4,5,74.28,84.7,26.44847821709219,27.3,91.3,61.8
2026-09-28T17:00,8,75.175,75.0,2.331615013553601,71.6,77.7,8,1.5,0.0,2.7774602993176543,0.0,6.0,7,0.0,0.0,0.0,0.0,0.0,7,0.2857142857142857,0.0,0.7559289460184545,0.0,2.0,7,0.42857142857142855,0.0,1.1338934190276817,0.0,3.0,7,1.5714285714285714,2.0,1.511857892036909,0.0,3.0,4,317.875,322.9,13.919859913088219,297.4,328.3,5,457.43999999999994,525.1,262.2131632851409,0.0,629.8,5,232.21999999999997,69.2,363.94304774236315,48.8,882.0,5,67.66,76.4,22.925597047841524,27.3,84.5,63.8
2026-09-28T18:00,7,73.91428571428571,73.4,2.4869181540134964,70.5,76.5,7,1.0,0.0,2.6457513110645907,0.0,7.0,6,0.0,0.0,0.0,0.0,0.0,6,0.0,0.0,0.0,0.0,0.0,6,0.0,0.0,0.0,0.0,0.0,7,1.8571428571428572,2.0,1.2149857925879117,0.0,3.0,4,112.30000000000001,111.75,9.708758932015977,101.1,124.6,5,249.12000000000003,287.2,143.33280154940113,0.0,344.8,5,131.85999999999999,36.4,211.1366808491599,27.2,509.0,5,55.08,59.8,16.11046243904873,27.1,67.0,74.7
2026-09-28T19:00,7,72.0,70.8,2.263478149515328,69.2,74.7,7,1.2857142857142858,0.0,3.401680257083045,0.0,9.0,6,0.0,0.0,0.0,0.0,0.0,6,0.0,0.0,0.0,0.0,0.0,6,0.0,0.0,0.0,0.0,0.0,7,2.5714285714285716,3.0,1.2724180205607036,0.0,4.0,5,0.0,0.0,0.0,0.0,0.0,5,0.0,0.0,0.0,0.0,0.0,5,0.0,0.0,0.0,0.0,0.0,5,33.36,33.9,4.075291400624009,26.6,37.1,90.5
2026-09-28T20:00,7,70.04285714285713,69.4,2.0040435315108476,67.9,72.5,7,1.5714285714285714,0.0,4.157609203101499,0.0,11.0,6,0.0,0.0,0.0,0.0,0.0,6,0.0,0.0,0.0,0.0,0.0,6,0.0,0.0,0.0,0.0,0.0,7,2.857142857142857,3.0,1.4638501094227998,0.0,5.0,5,0.0,0.0,0.0,0.0,0.0,5,0.0,0.0,0.0,0.0,0.0,5,0.0,0.0,0.0,0.0,0.0,5,0.0,0.0,0.0,0.0,0.0,90.8
2026-09-28T21:00,7,68.47142857142858,69.0,1.870574141553237,65.7,70.4,7,2.0,0.0,5.291502622129181,0.0,14.0,6,0.0,0.0,0.0,0.0,0.0,6,0.0,0.0,0.0,0.0,0.0,6,0.0,0.0,0.0,0.0,0.0,7,3.0,3.0,1.5275252316519468,0.0,5.0,5,0.0,0.0,0.0,0.0,0.0,5,0.0,0.0,0.0,0.0,0.0,5,0.0,0.0,0.0,0.0,0.0,5,0.0,0.0,0.0,0.0,0.0,90.4
2026-09-28T22:00,7,67.08571428571429,67.7,2.0643227876057995,63.8,69.2,7,2.5714285714285716,0.0,6.80336051416609,0.0,18.0,6,0.0,0.0,0.0,0.0,0.0,6,0.0,0.0,0.0,0.0,0.0,6,0.0,0.0,0.0,0.0,0.0,7,3.142857142857143,3.0,1.5735915849388864,0.0,5.0,5,0.0,0.0,0.0,0.0,0.0,5,0.0,0.0,0.0,0.0,0.0,5,0.0,0.0,0.0,0.0,0.0,5,0.0,0.0,0.0,0.0,0.0,88.7
2026-09-28T23:00,7,65.98571428571428,66.6,2.3877664398823817,62.2,68.5,7,3.0,0.0,7.937253933193772,0.0,21.0,6,0.0,0.0,0.0,0.0,0.0,6,0.0,0.0,0.0,0.0,0.0,6,0.0,0.0,0.0,0.0,0.0,7,3.142857142857143,3.0,1.5735915849388864,0.0,5.0,5,0.0,0.0,0.0,0.0,0.0,5,0.0,0.0,0.0,0.0,0.0,5,0.0,0.0,0.0,0.0,0.0,5,0.0,0.0,0.0,0.0,0.0,86.9
2026-09-29T00:00,7,65.04285714285714,65.6,2.754909038339345,60.7,68.4,7,5.142857142857143,0.0,8.83984485965999,0.0,22.0,6,2.3333333333333335,0.0,5.240865068542279,0.0,13.0,6,0.0,0.0,0.0,0.0,0.0,6,0.0,0.0,0.0,0.0,0.0,7,2.5714285714285716,3.0,1.9023794624226837,0.0,5.0,5,0.0,0.0,0.0,0.0,0.0,5,0.0,0.0,0.0,0.0,0.0,5,0.0,0.0,0.0,0.0,0.0,5,0.0,0.0,0.0,0.0,0.0,85.1
2026-09-29T01:00,7,64.17142857142858,64.3,3.123947441787014,59.6,68.6,7,7.571428571428571,0.0,11.688415102957613,0.0,26.0,6,4.833333333333333,0.0,10.438710009702667,0.0,26.0,6,0.0,0.0,0.0,0.0,0.0,6,0.0,0.0,0.0,0.0,0.0,7,2.4285714285714284,3.0,1.8126539343499315,0.0,5.0,5,0.0,0.0,0.0,0.0,0.0,5,0.0,0.0,0.0,0.0,0.0,5,0.0,0.0,0.0,0.0,0.0,5,0.0,0.0,0.0,0.0,0.0,81.9
2026-09-29T02:00,7,63.45714285714286,63.2,3.525552979253583,58.6,68.7,7,9.714285714285714,0.0,15.413352282077659,0.0,39.0,6,7.333333333333333,0.0,15.641824275533422,0.0,39.0,6,0.0,0.0,0.0,0.0,0.0,6,0.16666666666666666,0.0,0.408248290463863,0.0,1.0,7,2.4285714285714284,2.0,1.9880595947760098,0.0,5.0,5,0.0,0.0,0.0,0.0,0.0,5,0.0,0.0,0.0,0.0,0.0,5,0.0,0.0,0.0,0.0,0.0,5,0.0,0.0,0.0,0.0,0.0,78.0
2026-09-29T03:00,7,62.97142857142857,62.6,3.762408043489474,57.7,68.3,7,11.428571428571429,0.0,18.39254507363552,0.0,48.0,6,9.166666666666666,0.0,19.229317893952107,0.0,48.0,6,0.0,0.0,0.0,0.0,0.0,6,0.16666666666666666,0.0,0.408248290463863,0.0,1.0,7,2.2857142857142856,1.0,2.0586634591635513,0.0,5.0,5,0.0,0.0,0.0,0.0,0.0,5,0.0,0.0,0.0,0.0,0.0,5,0.0,0.0,0.0,0.0,0.0,5,0.0,0.0,0.0,0.0,0.0,75.1
2026-09-29T04:00,7,62.785714285714285,62.6,3.824233505522628,57.0,67.6,7,12.857142857142858,0.0,21.0351180285776,0.0,56.0,6,10.666666666666666,0.0,22.43806289916014,0.0,56.0,6,0.0,0.0,0.0,0.0,0.0,6,0.16666666666666666,0.0,0.408248290463863,0.0,1.0,7,2.2857142857142856,1.0,2.0586634591635513,0.0,5.0,5,0.0,0.0,0.0,0.0,0.0,5,0.0,0.0,0.0,0.0,0.0,5,0.0,0.0,0.0,0.0,0.0,5,0.0,0.0,0.0,0.0,0.0,73.0
2026-09-29T05:00,7,63.12857142857143,63.4,3.8020671069451475,56.7,67.3,7,14.285714285714286,0.0,24.12961034161338,0.0,65.0,6,12.333333333333334,0.0,26.051231576773233,0.0,65.0,6,0.0,0.0,0.0,0.0,0.0,6,0.16666666666666666,0.0,0.408248290463863,0.0,1.0,7,2.142857142857143,1.0,2.193062655175134,0.0,5.0,5,0.0,0.0,0.0,0.0,0.0,5,0.0,0.0,0.0,0.0,0.0,5,0.0,0.0,0.0,0.0,0.0,5,0.0,0.0,0.0,0.0,0.0,70.9
2026-09-29T06:00,7,64.04285714285713,65.6,3.8370375477518,56.3,67.2,7,14.857142857142858,0.0,26.529408659250656,0.0,72.0,6,13.333333333333334,0.0,28.918275651682045,0.0,72.0,6,0.0,0.0,0.0,0.0,0.0,6,0.16666666666666666,0.0,0.408248290463863,0.0,1.0,7,1.8571428571428572,1.0,1.8644544714716087,0.0,5.0,5,0.0,0.0,0.0,0.0,0.0,5,0.0,0.0,0.0,0.0,0.0,5,0.0,0.0,0.0,0.0,0.0,5,0.0,0.0,0.0,0.0,0.0,69.1
2026-09-29T07:00,7,65.65714285714286,67.1,4.200340122282611,56.4,69.0,7,15.571428571428571,0.0,29.393066885787555,0.0,80.0,6,14.5,0.0,32.21024681681281,0.0,80.0,6,0.0,0.0,0.0,0.0,0.0,6,0.16666666666666666,0.0,0.408248290463863,0.0,1.0,7,1.5714285714285714,1.0,1.8126539343499313,0.0,5.0,5,7.340000000000001,0.0,16.412738954848457,0.0,36.7,5,0.0,0.0,0.0,0.0,0.0,5,7.340000000000001,0.0,16.412738954848457,0.0,36.7,5,5.26,0.0,11.761717561648894,0.0,26.3,63.6
2026-09-29T08:00,7,67.88571428571429,68.4,4.590362575159894,58.3,73.1,7,15.857142857142858,0.0,32.00743961138083,0.0,87.0,6,15.333333333333334,0.0,35.166271719741154,0.0,87.0,6,0.0,0.0,0.0,0.0,0.0,6,0.16666666666666666,0.0,0.408248290463863,0.0,1.0,7,1.4285714285714286,1.0,1.9023794624226835,0.0,5.0,5,174.72000000000003,178.2,54.35896430212775,89.7,229.5,5,658.6,726.3,320.80468356930203,146.2,1032.0,5,79.56,68.6,40.07927145046427,30.0,123.4,5,64.82000000000001,76.9,27.974399010523893,18.8,88.5,30.2
2026-09-29T09:00,7,70.74285714285715,69.8,4.441042348689906,63.4,77.1,7,16.857142857142858,4.0,31.530031036186074,0.0,87.0,6,17.0,1.5,34.6063577973759,0.0,87.0,6,0.0,0.0,0.0,0.0,0.0,6,0.0,0.0,0.0,0.0,0.0,7,1.7142857142857142,1.0,1.9760470401187071,0.0,5.0,4,312.27500000000003,350.6,128.7246253312344,135.3,412.6,5,468.85999999999996,506.9,415.025255858002,0.0,985.2,5,342.1,125.1,517.1129470434868,66.4,1265.2,5,56.04,57.9,33.96767581098241,16.8,93.4,20.7
2026-09-29T10:00,7,73.82857142857144,71.4,4.331171621980318,69.3,80.7,7,18.571428571428573,2.0,31.611480735418173,0.0,86.0,6,19.166666666666668,0.5,34.57407506596043,0.0,86.0,6,0.0,0.0,0.0,0.0,0.0,6,0.0,0.0,0.0,0.0,0.0,7,2.142857142857143,1.0,2.1157009420498154,0.0,5.0,4,451.04999999999995,506.0,175.13576638330235,206.9,585.3,5,477.69999999999993,540.4,401.6109435759937,0.0,946.8,5,478.9,159.8,759.1383898868506,93.1,1835.8,5,60.17999999999999,65.8,32.77631766992748,25.9,94.9,14.6
2026-09-29T11:00,7,76.24285714285715,76.2,4.662566225752058,70.0,83.0,7,19.428571428571427,1.0,32.45436356309755,0.0,86.0,6,20.5,0.0,35.33694950048745,0.0,86.0,6,0.0,0.0,0.0,0.0,0.0,6,0.0,0.0,0.0,0.0,0.0,7,2.4285714285714284,1.0,2.5071326821120348,0.0,6.0,4,572.125,636.2,195.00944207909527,294.9,721.2,5,500.0200000000001,626.8,390.24242721672385,0.0,923.2,5,577.14,169.1,937.9535318980359,110.6,2254.2,5,65.24,76.6,30.882244089444022,26.4,95.7,12.2
2026-09-29T12:00,7,77.95714285714284,79.8,4.9752243309078175,70.8,84.2,7,18.142857142857142,0.0,32.42133336466681,0.0,87.0,6,17.5,0.0,30.618621784789728,0.0,75.0,6,3.8333333333333335,0.0,9.389710680668848,0.0,23.0,6,0.0,0.0,0.0,0.0,0.0,7,2.142857142857143,1.0,2.1157009420498154,0.0,5.0,4,728.8500000000001,771.55,116.26551509368545,557.2,815.1,5,607.8399999999999,750.1,391.2211433447839,0.0,968.0,5,615.3,204.2,1033.6883379433086,83.2,2461.6,5,73.96000000000001,88.8,29.913592228283115,26.6,97.5,20.1
2026-09-29T13:00,7,79.3,82.3,5.204164998665331,71.7,84.7,7,15.857142857142858,0.0,32.00743961138083,0.0,87.0,6,13.333333333333334,0.0,25.633311660155556,0.0,64.0,6,7.666666666666667,0.0,18.779421361337697,0.0,46.0,6,0.0,0.0,0.0,0.0,0.0,7,1.8571428571428572,1.0,1.5735915849388864,0.0,4.0,4,760.8,805.25,109.40990205034763,598.5,834.2,5,604.8000000000001,735.7,387.96691224897,0.0,936.6,5,628.66,207.1,1055.5119269814054,87.2,2513.2,5,74.62,88.6,29.929116258252606,26.9,97.4,20.7
2026-09-29T14:00,7,80.14285714285714,84.1,5.49844133758442,72.1,84.7,7,14.0,0.0,32.715949219506584,0.0,88.0,6,9.666666666666666,0.0,21.322914122292634,0.0,53.0,6,11.5,0.0,28.16913204200655,0.0,69.0,6,0.0,0.0,0.0,0.0,0.0,7,1.2857142857142858,1.0,1.2535663410560174,0.0,3.0,4,717.2,767.3,114.82180396887453,546.2,788.0,5,577.0,720.3,381.5681262893954,0.0,895.5,5,597.12,191.9,996.1468325503022,87.0,2375.1,5,74.12,88.2,30.271058785579346,27.3,97.6,18.5
2026-09-29T15:00,7,80.38571428571427,84.1,6.001785448633476,71.7,85.6,7,12.428571428571429,0.0,30.712956781881392,0.0,82.0,6,9.333333333333334,0.0,22.37558192911788,0.0,55.0,6,8.666666666666666,0.0,21.228911104120876,0.0,52.0,6,0.0,0.0,0.0,0.0,0.0,7,1.2857142857142858,1.0,1.2535663410560174,0.0,3.0,4,601.225,661.25,133.73985631316745,401.2,681.2,5,516.28,691.2,381.0679296398478,0.0,838.5,5,475.26000000000005,164.7,749.3200771365999,77.8,1810.4,5,70.1,86.9,30.911405661988262,27.3,96.3,15.7
2026-09-29T16:00,7,80.15714285714286,83.4,6.499963369860153,70.9,86.3,7,11.571428571428571,0.0,28.889774101211792,0.0,77.0,6,9.333333333333334,0.0,22.861904265976328,0.0,56.0,6,5.833333333333333,0.0,14.288690166235206,0.0,35.0,6,0.0,0.0,0.0,0.0,0.0,7,1.4285714285714286,1.0,1.2724180205607036,0.0,3.0,4,458.95,506.55,106.59113471579147,299.5,523.2,5,461.82000000000005,626.7,347.9774518557201,0.0,759.1,5,372.84000000000003,136.1,573.3260703997333,69.0,1394.5,5,66.12,83.5,28.589893319143385,27.3,91.8,19.2
2026-09-29T17:00,7,79.47142857142856,82.7,6.637698970204025,70.4,85.9,7,10.857142857142858,0.0,26.585889562125313,0.0,71.0,6,9.666666666666666,0.0,23.678400846904054,0.0,58.0,6,3.0,0.0,7.3484692283495345,0.0,18.0,6,0.0,0.0,0.0,0.0,0.0,7,1.4285714285714286,1.0,1.2724180205607036,0.0,3.0,4,286.65,316.35,66.99365641611152,186.6,327.3,5,379.38,503.8,286.53884902400233,0.0,636.8,5,241.82,105.8,355.801892912334,52.5,875.9,5,60.58,72.1,24.752919019784308,27.3,85.1,26.0
2026-09-29T18:00,6,79.36666666666666,82.0,5.636547406583802,72.2,84.6,6,2.6666666666666665,2.0,3.07679486912382,0.0,7.0,5,0.0,0.0,0.0,0.0,0.0,5,0.0,0.0,0.0,0.0,0.0,5,3.4,0.0,5.272570530585627,0.0,12.0,6,1.0,1.0,0.8944271909999159,0.0,2.0,3,112.26666666666667,112.1,7.951310164578745,104.4,120.3,4,238.20000000000002,302.1,161.17725232385206,0.0,348.6,4,196.45000000000002,42.3,317.73323716602266,28.5,672.7,4,53.825,60.1,18.35980664386202,27.3,67.8,63.0
2026-09-29T19:00,6,77.06666666666666,79.35,5.2553464839786415,70.2,82.5,6,5.333333333333333,4.5,5.988878581726855,0.0,13.0,5,0.0,0.0,0.0,0.0,0.0,5,0.0,0.0,0.0,0.0,0.0,5,8.6,0.0,13.221195104830729,0.0,30.0,6,0.8333333333333334,1.0,0.752772652709081,0.0,2.0,4,0.0,0.0,0.0,0.0,0.0,4,0.0,0.0,0.0,0.0,0.0,4,0.0,0.0,0.0,0.0,0.0,4,32.9,33.65,4.325891045014116,27.3,37.0,79.3
2026-09-29T20:00,6,74.68333333333334,75.75,4.560445884633061,68.9,79.6,6,8.333333333333334,6.5,9.605553948974867,0.0,22.0,5,0.0,0.0,0.0,0.0,0.0,5,0.0,0.0,0.0,0.0,0.0,5,14.6,0.0,22.46775467197379,0.0,51.0,6,0.6666666666666666,0.5,0.816496580927726,0.0,2.0,4,0.0,0.0,0.0,0.0,0.0,4,0.0,0.0,0.0,0.0,0.0,4,0.0,0.0,0.0,0.0,0.0,4,0.0,0.0,0.0,0.0,0.0,78.9
2026-09-29T21:00,6,72.61666666666666,72.45,3.702116511762789,68.6,77.0,6,11.5,8.5,13.397761006974262,0.0,31.0,5,0.0,0.0,0.0,0.0,0.0,5,0.0,0.0,0.0,0.0,0.0,5,20.2,0.0,30.906310035330975,0.0,70.0,6,0.6666666666666666,0.5,0.816496580927726,0.0,2.0,4,0.0,0.0,0.0,0.0,0.0,4,0.0,0.0,0.0,0.0,0.0,4,0.0,0.0,0.0,0.0,0.0,4,0.0,0.0,0.0,0.0,0.0,78.9
2026-09-29T22:00,6,70.93333333333332,69.85,3.1065522153452823,68.1,75.5,6,14.5,11.0,16.8493323309857,0.0,39.0,5,0.0,0.0,0.0,0.0,0.0,5,0.0,0.0,0.0,0.0,0.0,5,25.0,0.0,38.05259518088089,0.0,86.0,6,0.6666666666666666,0.5,0.816496580927726,0.0,2.0,4,0.0,0.0,0.0,0.0,0.0,4,0.0,0.0,0.0,0.0,0.0,4,0.0,0.0,0.0,0.0,0.0,4,0.0,0.0,0.0,0.0,0.0,78.3
2026-09-29T23:00,6,69.56666666666666,68.94999999999999,2.9857439050706724,65.9,74.2,6,16.333333333333332,13.0,18.94905450587619,0.0,44.0,5,0.0,0.0,0.0,0.0,0.0,5,0.0,0.0,0.0,0.0,0.0,5,27.6,0.0,41.72289539329695,0.0,94.0,6,0.6666666666666666,0.5,0.816496580927726,0.0,2.0,4,0.0,0.0,0.0,0.0,0.0,4,0.0,0.0,0.0,0.0,0.0,4,0.0,0.0,0.0,0.0,0.0,4,0.0,0.0,0.0,0.0,0.0,77.1
2026-09-30T00:00,6,68.43333333333332,68.1,2.9957748023953132,64.3,73.1,6,17.5,14.0,20.275601100830524,0.0,47.0,5,0.0,0.0,0.0,0.0,0.0,5,0.0,0.0,0.0,0.0,0.0,5,28.0,0.0,41.6473288459176,0.0,93.0,6,1.3333333333333333,2.0,1.0327955589886446,0.0,2.0,4,0.0,0.0,0.0,0.0,0.0,4,0.0,0.0,0.0,0.0,0.0,4,0.0,0.0,0.0,0.0,0.0,4,0.0,0.0,0.0,0.0,0.0,76.2
2026-09-30T01:00,6,67.33333333333333,67.6,2.982392775384667,63.1,71.8,6,18.0,13.0,20.842264752180842,0.0,49.0,5,0.0,0.0,0.0,0.0,0.0,5,0.0,0.0,0.0,0.0,0.0,5,26.8,0.0,38.8419875907503,0.0,85.0,6,1.6666666666666667,2.0,1.505545305418162,0.0,4.0,4,0.0,0.0,0.0,0.0,0.0,4,0.0,0.0,0.0,0.0,0.0,4,0.0,0.0,0.0,0.0,0.0,4,0.0,0.0,0.0,0.0,0.0,75.8
2026-09-30T02:00,6,66.41666666666667,66.6,2.936267471921907,62.4,70.6,6,18.0,11.5,21.156559266572625,0.0,49.0,5,0.2,0.0,0.4472135954999579,0.0,1.0,5,0.0,0.0,0.0,0.0,0.0,5,24.8,1.0,34.651118308071965,0.0,74.0,6,2.1666666666666665,2.0,2.562550812504343,0.0,7.0,4,0.0,0.0,0.0,0.0,0.0,4,0.0,0.0,0.0,0.0,0.0,4,0.0,0.0,0.0,0.0,0.0,4,0.0,0.0,0.0,0.0,0.0,75.7
2026-09-30T03:00,6,65.66666666666667,65.7,2.9743346594938966,62.1,69.8,6,18.666666666666668,10.0,22.259080544053624,0.0,48.0,5,0.2,0.0,0.4472135954999579,0.0,1.0,5,0.0,0.0,0.0,0.0,0.0,5,21.8,1.0,29.7018517941222,0.0,60.0,6,2.6666666666666665,2.0,3.723797345005051,0.0,10.0,4,0.0,0.0,0.0,0.0,0.0,4,0.0,0.0,0.0,0.0,0.0,4,0.0,0.0,0.0,0.0,0.0,4,0.0,0.0,0.0,0.0,0.0,74.8
2026-09-30T04:00,6,65.36666666666666,65.55,3.0676809916721526,61.7,69.6,6,18.166666666666668,8.0,22.560289596250016,0.0,47.0,5,0.2,0.0,0.4472135954999579,0.0,1.0,5,0.0,0.0,0.0,0.0,0.0,5,19.0,1.0,25.563646062328434,0.0,47.0,6,3.0,2.0,4.516635916254486,0.0,12.0,4,0.0,0.0,0.0,0.0,0.0,4,0.0,0.0,0.0,0.0,0.0,4,0.0,0.0,0.0,0.0,0.0,4,0.0,0.0,0.0,0.0,0.0,74.3
2026-09-30T05:00,6,65.65,66.0,3.2272279126209864,61.2,70.3,6,17.333333333333332,6.5,22.214109630292786,0.0,47.0,5,0.2,0.0,0.4472135954999579,0.0,1.0,5,0.0,0.0,0.0,0.0,0.0,5,16.4,1.0,22.142718893577637,0.0,44.0,6,3.3333333333333335,2.0,5.316640543300503,0.0,14.0,4,0.0,0.0,0.0,0.0,0.0,4,0.0,0.0,0.0,0.0,0.0,4,0.0,0.0,0.0,0.0,0.0,4,0.0,0.0,0.0,0.0,0.0,74.0
2026-09-30T06:00,6,66.6,67.25,3.760319135392638,60.8,72.2,6,15.833333333333334,5.0,20.922874244870535,0.0,45.0,5,0.2,0.0,0.4472135954999579,0.0,1.0,5,0.0,0.0,0.0,0.0,0.0,5,14.0,1.0,19.11805429430516,0.0,40.0,6,3.5,2.0,5.718391382198319,0.0,15.0,4,0.0,0.0,0.0,0.0,0.0,4,0.0,0.0,0.0,0.0,0.0,4,0.0,0.0,0.0,0.0,0.0,4,0.0,0.0,0.0,0.0,0.0,73.3
2026-09-30T07:00,6,68.28333333333333,67.85,4.6747905478926715,60.9,75.1,6,13.5,3.5,18.46889276594566,0.0,41.0,5,0.4,0.0,0.5477225575051661,0.0,1.0,5,0.0,0.0,0.0,0.0,0.0,5,11.0,1.0,15.215124054702938,0.0,33.0,6,3.3333333333333335,1.5,5.785038173311103,0.0,15.0,4,6.6,0.0,13.200000000000001,0.0,26.4,4,0.0,0.0,0.0,0.0,0.0,4,6.6,0.0,13.200000000000001,0.0,26.4,4,5.15,0.0,10.3,0.0,20.6,70.4
2026-09-30T08:00,6,70.73333333333333,69.94999999999999,5.4544171702086235,63.0,78.7,6,10.833333333333334,2.0,15.535979745953155,0.0,35.0,5,0.4,0.0,0.5477225575051661,0.0,1.0,5,0.0,0.0,0.0,0.0,0.0,5,8.0,1.0,11.467344941179714,0.0,26.0,6,3.1666666666666665,1.5,5.382068994974578,0.0,14.0,4,191.325,186.95,34.6477873271392,160.1,231.3,4,751.1500000000001,759.25,80.01926851286098,648.0,838.1,4,83.8,84.9,42.902214395063574,40.9,124.5,4,75.775,78.05000000000001,10.009120840513418,62.5,84.5,59.0
2026-09-30T09:00,6,74.0,72.2,5.49363267792815,68.6,82.3,6,8.333333333333334,1.0,12.548572295949315,0.0,29.0,5,0.2,0.0,0.447213595499958,0.0,1.0,5,0.0,0.0,0.0,0.0,0.0,5,5.0,0.0,7.874007874011811,0.0,18.0,6,3.0,1.5,4.979959839195493,0.0,13.0,3,390.9666666666667,388.6,26.230198880933656,366.0,418.3,4,628.55,790.3499999999999,425.0022313666913,0.0,933.5,4,395.625,123.14999999999999,580.4728553802781,71.6,1264.6,4,68.975,81.35,29.88638207166156,24.9,88.3,45.2
2026-09-30T10:00,6,77.39999999999999,76.05,5.5612948132606626,71.9,85.5,6,6.0,0.0,9.81835016690686,0.0,23.0,5,0.4,0.0,0.894427190999916,0.0,2.0,5,0.0,0.0,0.0,0.0,0.0,5,2.8,0.0,5.215361924162119,0.0,12.0,6,2.6666666666666665,1.0,4.676180777800049,0.0,12.0,3,564.5333333333333,575.0,21.685325299227877,539.6,579.0,4,633.425,793.95,428.3530348906145,0.0,945.8,4,554.525,147.5,856.345613153163,85.1,1838.0,4,72.275,87.2,31.526324978764443,25.1,89.6,47.6
2026-09-30T11:00,6,79.89999999999999,79.85,6.026275798534277,73.0,87.5,6,4.666666666666667,0.0,7.890923055426828,0.0,19.0,5,0.4,0.0,0.894427190999916,0.0,2.0,5,0.0,0.0,0.0,0.0,0.0,5,1.6,0.0,3.577708763999664,0.0,8.0,6,2.3333333333333335,1.0,3.8815804341359033,0.0,10.0,3,697.1333333333333,703.2,22.22978482426977,672.5,715.7,4,633.975,793.25,429.06002979381174,0.0,949.4,4,669.3000000000001,164.7,1059.7024802588069,90.0,2257.8,4,74.775,90.6,32.86136282424493,25.5,92.4,47.4
2026-09-30T12:00,6,81.31666666666666,81.7,6.426637275174838,73.5,88.5,6,4.5,1.5,6.442049363362563,0.0,16.0,5,0.4,0.0,0.894427190999916,0.0,2.0,5,0.8,0.0,1.788854381999832,0.0,4.0,5,1.8,0.0,3.03315017762062,0.0,7.0,6,1.6666666666666667,0.5,3.141125063837266,0.0,8.0,3,798.5666666666666,799.5,17.91824024097604,780.2,816.0,4,671.375,855.55,456.26681064920774,0.0,974.4,4,708.8,145.25,1170.371687399634,82.1,2462.6,4,77.9,93.5,34.92095836791043,25.8,98.8,47.8
2026-09-30T13:00,6,82.13333333333334,82.45,6.750012345667717,73.9,89.0,6,5.0,4.0,5.89915248150105,0.0,14.0,5,0.2,0.0,0.447213595499958,0.0,1.0,5,1.8,0.0,4.024922359499621,0.0,9.0,5,3.0,0.0,4.123105625617661,0.0,8.0,6,1.5,0.5,2.738612787525831,0.0,7.0,3,818.7666666666668,824.0,15.430597309674507,801.4,830.9,4,655.425,840.5999999999999,444.82525688933924,0.0,940.5,4,721.9,145.35,1195.0632870270929,84.2,2512.7,4,77.975,93.6,34.85745974680312,26.0,98.7,47.5
2026-09-30T14:00,6,82.38333333333333,82.75,7.0618458399108865,73.9,89.2,6,6.0,5.0,6.6932802122726045,0.0,14.0,5,0.2,0.0,0.447213595499958,0.0,1.0,5,3.0,0.0,6.708203932499369,0.0,15.0,5,4.8,0.0,6.723094525588644,0.0,14.0,6,1.1666666666666667,0.5,1.9407902170679516,0.0,5.0,3,772.3000000000001,774.0,10.553198567259146,761.0,781.9,4,629.175,811.4,425.3766673980446,0.0,893.9,4,682.5500000000001,135.95,1127.483937801333,86.0,2372.3,4,77.875,93.4,34.54141234325352,26.4,98.3,46.7
2026-09-30T15:00,6,82.24999999999999,82.75,7.366070865800847,73.9,89.6,6,7.333333333333333,6.0,8.286535263104035,0.0,20.0,5,0.4,0.0,0.5477225575051661,0.0,1.0,5,4.2,0.0,9.391485505499118,0.0,21.0,5,6.8,0.0,9.731392500562292,0.0,21.0,6,0.8333333333333334,0.5,1.1690451944500122,0.0,3.0,3,661.5333333333333,659.6,15.490749928048432,647.1,677.9,4,585.5,750.0,394.3601906886647,0.0,842.0,4,535.025,122.85,852.6939559419898,81.5,1812.9,4,75.55,89.45,32.762020694700745,26.7,96.6,43.9
2026-09-30T16:00,6,81.61666666666666,81.8,7.528457123917675,73.8,89.4,6,8.5,6.0,9.914635646356349,0.0,25.0,5,0.6,0.0,0.8944271909999159,0.0,2.0,5,5.4,0.0,12.074767078498866,0.0,27.0,5,8.4,0.0,12.25969004502153,0.0,27.0,6,0.5,0.5,0.5477225575051661,0.0,1.0,3,506.1666666666667,508.6,14.207157820385248,490.9,519.0,4,527.425,673.45,355.09600931766795,0.0,762.8,4,418.55,105.0,650.5782325490661,70.7,1393.5,4,71.6,83.44999999999999,29.979882143419662,27.1,92.4,42.4
2026-09-30T17:00,6,80.64999999999999,80.9,7.422061708177849,73.2,88.6,6,9.5,6.5,11.166915420114902,0.0,28.0,5,0.8,0.0,1.0954451150103321,0.0,2.0,5,6.2,0.0,13.863621460498695,0.0,31.0,5,8.8,0.0,13.026895255585652,0.0,29.0,6,0.3333333333333333,0.0,0.5163977794943222,0.0,1.0,3,315.76666666666665,321.9,10.884086242461205,303.2,322.2,4,433.57500000000005,548.85,293.2618440347579,0.0,636.6,4,270.375,80.44999999999999,399.8015538989312,51.6,869.0,4,65.475,74.6,26.069570383878595,27.3,85.4,42.3
2026-09-30T18:00,6,79.18333333333332,79.1,6.86714399635443,71.8,86.9,6,10.166666666666666,7.5,11.68617416722285,0.0,29.0,5,1.4,0.0,2.1908902300206643,0.0,5.0,5,6.8,0.0,15.20526224699857,0.0,34.0,5,8.2,0.0,12.13260071048248,0.0,27.0,6,0.6666666666666666,0.0,1.0327955589886444,0.0,2.0,3,108.46666666666665,105.3,8.50431263144372,102.0,118.1,4,233.875,304.55,157.2624425390034,0.0,326.4,4,110.8,41.8,148.4237402394464,26.9,332.7,4,53.699999999999996,60.7,18.09548746695337,27.3,66.1,53.3
2026-09-30T19:00,6,77.13333333333333,76.55000000000001,6.121328831770656,69.9,84.2,6,10.833333333333334,8.5,12.28684933848652,0.0,29.0,5,1.8,0.0,3.492849839314596,0.0,8.0,5,7.4,0.0,16.546903033498445,0.0,37.0,5,6.8,0.0,10.232301793829187,0.0,23.0,6,0.8333333333333334,0.5,0.983192080250175,0.0,2.0,4,0.0,0.0,0.0,0.0,0.0,4,0.0,0.0,0.0,0.0,0.0,4,0.0,0.0,0.0,0.0,0.0,4,36.775,35.45,5.680595626047206,31.4,44.8,72.1
2026-09-30T20:00,6,74.98333333333333,74.35,5.48649857984732,67.8,81.6,6,11.5,10.0,13.019216566291536,0.0,29.0,5,2.6,0.0,5.813776741499454,0.0,13.0,5,7.8,0.0,17.44133022449836,0.0,39.0,5,4.8,0.0,7.155417527999327,0.0,16.0,6,0.8333333333333334,0.5,0.983192080250175,0.0,2.0,4,0.0,0.0,0.0,0.0,0.0,4,0.0,0.0,0.0,0.0,0.0,4,0.0,0.0,0.0,0.0,0.0,4,0.0,0.0,0.0,0.0,0.0,73.6
2026-09-30T21:00,6,73.03333333333335,72.75,5.014645218424396,65.8,79.5,6,12.166666666666666,11.0,13.42261772780059,0.0,27.0,5,3.4,0.0,7.602631123499285,0.0,17.0,5,8.0,0.0,17.888543819998315,0.0,40.0,5,3.0,0.0,4.47213595499958,0.0,10.0,6,0.8333333333333334,0.5,0.983192080250175,0.0,2.0,4,0.0,0.0,0.0,0.0,0.0,4,0.0,0.0,0.0,0.0,0.0,4,0.0,0.0,0.0,0.0,0.0,4,0.0,0.0,0.0,0.0,0.0,74.7
2026-09-30T22:00,6,71.35000000000001,71.5,4.722605213227124,64.1,77.6,6,12.833333333333334,11.5,14.14802695313614,0.0,28.0,5,4.2,0.0,9.391485505499118,0.0,21.0,5,8.2,0.0,18.335757415498275,0.0,41.0,5,1.2,0.0,1.7888543819998317,0.0,4.0,6,1.0,1.0,1.0954451150103321,0.0,2.0,4,0.0,0.0,0.0,0.0,0.0,4,0.0,0.0,0.0,0.0,0.0,4,0.0,0.0,0.0,0.0,0.0,4,0.0,0.0,0.0,0.0,0.0,75.1
2026-09-30T23:00,6,70.0,70.15,4.673756519118216,62.8,76.2,6,13.166666666666666,11.5,14.66174159732283,0.0,31.0,5,4.6,0.0,10.285912696499032,0.0,23.0,5,8.2,0.0,18.335757415498275,0.0,41.0,5,0.0,0.0,0.0,0.0,0.0,6,1.0,1.0,1.0954451150103321,0.0,2.0,4,0.0,0.0,0.0,0.0,0.0,4,0.0,0.0,0.0,0.0,0.0,4,0.0,0.0,0.0,0.0,0.0,4,0.0,0.0,0.0,0.0,0.0,74.9
2026-10-01T00:00,6,68.8,68.9,4.5821392383907344,61.8,74.9,6,13.5,11.5,15.280706789936126,0.0,34.0,5,4.8,0.0,10.73312629199899,0.0,24.0,5,8.2,0.0,18.335757415498275,0.0,41.0,5,0.0,0.0,0.0,0.0,0.0,6,1.3333333333333333,1.0,1.505545305418162,0.0,3.0,4,0.0,0.0,0.0,0.0,0.0,4,0.0,0.0,0.0,0.0,0.0,4,0.0,0.0,0.0,0.0,0.0,4,0.0,0.0,0.0,0.0,0.0,74.8
2026-10-01T01:00,6,67.76666666666667,67.8,4.440570533914158,61.0,73.8,6,13.833333333333334,11.5,15.548847760096782,0.0,36.0,5,4.8,0.0,10.183319694480772,0.0,23.0,5,8.0,0.0,17.888543819998315,0.0,40.0,5,0.0,0.0,0.0,0.0,0.0,6,1.3333333333333333,1.0,1.505545305418162,0.0,3.0,4,0.0,0.0,0.0,0.0,0.0,4,0.0,0.0,0.0,0.0,0.0,4,0.0,0.0,0.0,0.0,0.0,4,0.0,0.0,0.0,0.0,0.0,75.0
2026-10-01T02:00,6,66.86666666666666,66.80000000000001,4.299147202256127,60.4,72.7,6,14.166666666666666,11.5,16.067565673326705,0.0,39.0,5,4.6,0.0,9.736529155710468,0.0,22.0,5,7.8,0.0,17.44133022449836,0.0,39.0,5,0.0,0.0,0.0,0.0,0.0,6,1.3333333333333333,1.0,1.505545305418162,0.0,3.0,4,0.0,0.0,0.0,0.0,0.0,4,0.0,0.0,0.0,0.0,0.0,4,0.0,0.0,0.0,0.0,0.0,4,0.0,0.0,0.0,0.0,0.0,75.1
2026-10-01T03:00,6,66.4,66.15,4.321110968258046,60.1,72.1,6,14.166666666666666,11.0,16.314615124687023,0.0,41.0,5,4.4,0.0,8.763560920082657,0.0,20.0,5,7.4,0.0,16.546903033498445,0.0,37.0,5,0.0,0.0,0.0,0.0,0.0,6,1.3333333333333333,1.0,1.505545305418162,0.0,3.0,4,0.0,0.0,0.0,0.0,0.0,4,0.0,0.0,0.0,0.0,0.0,4,0.0,0.0,0.0,0.0,0.0,4,0.0,0.0,0.0,0.0,0.0,74.8
2026-10-01T04:00,6,66.31666666666666,66.05,4.3411595993083125,60.2,71.9,6,14.0,11.0,16.037456157383563,0.0,41.0,5,4.0,0.0,7.874007874011811,0.0,18.0,5,7.0,0.0,15.652475842498529,0.0,35.0,5,0.2,0.0,0.4472135954999579,0.0,1.0,6,1.3333333333333333,1.0,1.505545305418162,0.0,3.0,4,0.0,0.0,0.0,0.0,0.0,4,0.0,0.0,0.0,0.0,0.0,4,0.0,0.0,0.0,0.0,0.0,4,0.0,0.0,0.0,0.0,0.0,75.0
2026-10-01T05:00,6,66.71666666666665,66.5,4.358631283633279,60.8,72.4,6,13.5,10.5,15.681198933755034,0.0,41.0,5,3.6,0.0,6.985699678629192,0.0,16.0,5,6.4,0.0,14.310835055998655,0.0,32.0,5,0.4,0.0,0.8944271909999159,0.0,2.0,6,1.3333333333333333,1.0,1.505545305418162,0.0,3.0,4,0.0,0.0,0.0,0.0,0.0,4,0.0,0.0,0.0,0.0,0.0,4,0.0,0.0,0.0,0.0,0.0,4,0.0,0.0,0.0,0.0,0.0,75.2
2026-10-01T06:00,6,67.69999999999999,67.85,4.4434221046396205,62.2,74.0,6,12.5,10.0,14.638989036132243,0.0,39.0,5,3.2,0.0,6.099180272790763,0.0,14.0,5,5.6,0.0,12.521980673998822,0.0,28.0,5,0.8,0.0,1.7888543819998317,0.0,4.0,6,1.6666666666666667,1.0,1.96638416050035,0.0,4.0,4,0.0,0.0,0.0,0.0,0.0,4,0.0,0.0,0.0,0.0,0.0,4,0.0,0.0,0.0,0.0,0.0,4,0.0,0.0,0.0,0.0,0.0,75.7
2026-10-01T07:00,6,69.31666666666666,70.0,4.860624102588747,63.7,76.7,6,11.0,9.5,12.521980673998822,0.0,34.0,5,2.6,0.0,4.774934554525329,0.0,11.0,5,4.4,0.0,9.838699100999074,0.0,22.0,5,1.0,0.0,2.23606797749979,0.0,5.0,6,1.6666666666666667,1.0,1.96638416050035,0.0,4.0,4,11.274999999999999,8.2,13.954061535385794,0.0,28.7,4,0.0,0.0,0.0,0.0,0.0,4,11.274999999999999,8.2,13.954061535385794,0.0,28.7,4,10.100000000000001,8.05,12.133424908079336,0.0,24.3,73.9
2026-10-01T08:00,6,71.68333333333334,71.25,5.32744466575362,65.8,79.9,6,9.333333333333334,9.0,10.595596569644707,0.0,29.0,5,2.0,0.0,3.9370039370059056,0.0,9.0,5,3.0,0.0,6.708203932499369,0.0,15.0,5,1.6,0.0,3.5777087639996634,0.0,8.0,6,1.6666666666666667,1.0,1.96638416050035,0.0,4.0,3,189.33333333333334,171.4,33.42698510684643,168.7,227.9,4,632.675,781.1,432.97419765308575,0.0,968.5,4,349.575,88.5,560.9676424120497,32.3,1189.0,4,65.075,73.15,26.945175820543465,27.3,86.7,46.1
2026-10-01T09:00,6,74.96666666666665,73.35,5.326412175814662,69.3,83.0,6,7.666666666666667,5.5,9.003702941938204,0.0,24.0,5,1.4,0.0,2.6076809620810595,0.0,6.0,5,1.8,0.0,4.024922359499621,0.0,9.0,5,2.0,0.0,4.47213595499958,0.0,10.0,6,1.6666666666666667,1.0,1.96638416050035,0.0,4.0,3,401.0,403.3,12.904650324592284,387.1,412.6,4,676.55,849.3,463.67129520814643,0.0,1007.6,4,298.075,113.35,404.5377722372371,64.0,901.6,4,70.5,81.44999999999999,29.45606898416691,27.3,91.8,50.1
2026-10-01T10:00,6,78.45,78.9,5.607049134794524,71.5,85.7,6,6.5,3.0,8.043631020876083,0.0,19.0,5,0.8,0.0,1.788854381999832,0.0,4.0,5,0.8,0.0,1.788854381999832,0.0,4.0,5,2.6,0.0,5.813776741499453,0.0,13.0,6,1.6666666666666667,1.0,1.96638416050035,0.0,4.0,3,577.5000000000001,571.2,14.144610280951593,567.6,593.7,4,673.8,842.55,459.40405599718713,0.0,1010.1,4,414.25,135.15,600.613677832931,73.6,1313.1,4,73.72500000000001,87.05000000000001,31.128162489938273,27.3,93.5,49.8
2026-10-01T11:00,6,81.0,83.2,6.297936169889306,73.0,87.4,6,5.833333333333333,1.0,8.304617189652191,0.0,17.0,5,0.4,0.0,0.894427190999916,0.0,2.0,5,0.0,0.0,0.0,0.0,0.0,5,3.4,0.0,7.602631123499285,0.0,17.0,6,1.6666666666666667,1.0,1.96638416050035,0.0,4.0,3,710.2666666666668,701.9,23.11500234335556,692.5,736.4,4,666.575,830.25,454.6482037429233,0.0,1005.8,4,499.025,152.55,744.6644272198495,77.0,1614.0,4,75.975,91.05,32.52213348885135,27.3,94.5,46.2
2026-10-01T12:00,6,82.21666666666665,85.05,6.7074336870867866,73.8,87.9,6,6.0,0.5,9.186947262284681,0.0,21.0,5,0.2,0.0,0.447213595499958,0.0,1.0,5,0.0,0.0,0.0,0.0,0.0,5,4.4,0.0,9.838699100999074,0.0,22.0,6,0.3333333333333333,0.0,0.816496580927726,0.0,2.0,3,798.8666666666667,799.5,31.95470753008596,766.6,830.5,4,677.525,850.9,464.6082606167622,0.0,1008.3,4,763.3249999999999,145.2,1284.4207238414263,74.8,2688.1,4,78.0,92.8,34.07178696027942,27.3,99.1,43.0
2026-10-01T13:00,6,82.76666666666667,85.55,6.924064317051558,74.1,89.0,6,6.666666666666667,0.0,11.236844159579089,0.0,27.0,5,0.0,0.0,0.0,0.0,0.0,5,0.0,0.0,0.0,0.0,0.0,5,5.4,0.0,12.074767078498866,0.0,27.0,6,0.3333333333333333,0.0,0.816496580927726,0.0,2.0,3,816.6,816.9,30.251115681904995,786.2,846.7,4,658.15,827.25,450.61213550754115,0.0,978.1,4,778.3000000000001,148.1,1310.9247067115132,74.2,2742.8,4,77.95,92.69999999999999,34.06606326928115,27.3,99.1,41.1
2026-10-01T14:00,6,82.88333333333334,85.05000000000001,7.062412241342664,74.1,90.0,6,7.666666666666667,0.0,13.456101466125569,0.0,33.0,5,0.0,0.0,0.0,0.0,0.0,5,0.0,0.0,0.0,0.0,0.0,5,6.8,0.0,15.20526224699857,0.0,34.0,6,0.3333333333333333,0.0,0.816496580927726,0.0,2.0,3,769.7666666666668,771.0,24.87294380111318,744.3,794.0,4,631.1999999999999,797.0,430.5350159975376,0.0,930.8,4,735.45,140.8,1235.290285722348,73.4,2586.8,4,77.7,92.25,33.93670579181191,27.3,99.0,39.9
2026-10-01T15:00,6,82.71666666666665,84.19999999999999,7.1951140829500835,73.9,90.6,6,8.833333333333334,0.0,15.804007930479743,0.0,39.0,5,0.0,0.0,0.0,0.0,0.0,5,0.0,0.0,0.0,0.0,0.0,5,8.0,0.0,17.88854381999832,0.0,40.0,6,0.3333333333333333,0.0,0.816496580927726,0.0,2.0,3,662.6333333333333,665.4,17.01949862167902,644.4,678.1,4,594.2,752.3,403.8785626067981,0.0,872.2,4,533.05,126.05000000000001,855.8614081730756,64.8,1815.3,4,75.7,90.35,32.48722825973309,27.3,94.8,38.9
2026-10-01T16:00,6,82.13333333333333,83.0,7.210732741314616,73.3,90.5,6,10.0,0.0,18.16590212458495,0.0,45.0,5,0.0,0.0,0.0,0.0,0.0,5,0.0,0.0,0.0,0.0,0.0,5,9.0,0.0,20.12461179749811,0.0,45.0,6,0.3333333333333333,0.0,0.816496580927726,0.0,2.0,3,505.2,507.9,9.250405396521817,494.9,512.8,4,534.875,680.1500000000001,362.8994477354115,0.0,779.2,4,415.525,105.69999999999999,651.4496060069932,59.2,1391.5,4,71.65,84.4,29.72512966049657,27.3,90.5,38.2
2026-10-01T17:00,6,81.25000000000001,81.80000000000001,7.025596060121876,72.6,89.9,6,10.833333333333334,0.0,19.762759591379606,0.0,49.0,5,0.0,0.0,0.0,0.0,0.0,5,0.0,0.0,0.0,0.0,0.0,5,9.8,0.0,21.913466179497938,0.0,49.0,6,0.3333333333333333,0.0,0.816496580927726,0.0,2.0,3,312.8333333333333,313.3,1.26622799421485,311.4,313.8,4,438.275,556.1,298.6834040139045,0.0,640.9,4,266.85,79.65,398.1950317788173,45.2,862.9,4,65.4,75.35,25.70771609199593,27.3,83.6,38.8
2026-10-01T18:00,6,79.71666666666665,80.5,6.446833848228652,71.4,88.2,6,11.666666666666666,0.0,21.030137105275056,0.0,52.0,5,0.0,0.0,0.0,0.0,0.0,5,0.0,0.0,0.0,0.0,0.0,5,10.4,0.0,23.25510696599781,0.0,52.0,6,0.5,0.0,0.8366600265340756,0.0,2.0,3,104.26666666666667,101.2,5.8389496772393334,100.6,111.0,4,231.35,291.75,157.23503638396457,0.0,341.9,4,108.425,40.65,147.3338018469172,23.7,328.7,4,53.4,60.5,17.716658827216833,27.3,65.3,48.3
2026-10-01T19:00,6,77.7,78.5,5.694910008068606,69.9,85.6,6,12.5,0.0,21.997727155322206,0.0,54.0,5,0.0,0.0,0.0,0.0,0.0,5,0.0,0.0,0.0,0.0,0.0,5,10.8,0.0,24.14953415699773,0.0,54.0,6,0.5,0.0,0.8366600265340756,0.0,2.0,4,0.0,0.0,0.0,0.0,0.0,4,0.0,0.0,0.0,0.0,0.0,4,0.0,0.0,0.0,0.0,0.0,4,36.125,35.45,6.254265211304469,29.2,44.4,66.5
2026-10-01T20:00,6,75.63333333333333,76.15,5.178674219012684,68.0,82.6,6,13.166666666666666,0.0,22.631099546126052,0.0,55.0,4,0.0,0.0,0.0,0.0,0.0,4,0.0,0.0,0.0,0.0,0.0,4,13.75,0.0,27.5,0.0,55.0,6,0.6666666666666666,0.0,1.2110601416389966,0.0,3.0,4,0.0,0.0,0.0,0.0,0.0,4,0.0,0.0,0.0,0.0,0.0,4,0.0,0.0,0.0,0.0,0.0,4,0.0,0.0,0.0,0.0,0.0,67.7
2026-10-01T21:00,6,73.68333333333332,74.4,4.765885716912093,66.1,79.2,6,13.833333333333334,0.0,23.068737864622477,0.0,55.0,4,0.0,0.0,0.0,0.0,0.0,4,0.0,0.0,0.0,0.0,0.0,4,13.75,0.0,27.5,0.0,55.0,6,0.5,0.0,0.8366600265340756,0.0,2.0,4,0.0,0.0,0.0,0.0,0.0,4,0.0,0.0,0.0,0.0,0.0,4,0.0,0.0,0.0,0.0,0.0,4,0.0,0.0,0.0,0.0,0.0,68.6
2026-10-01T22:00,6,72.01666666666667,72.95,4.660221740074893,64.4,76.3,6,14.5,0.0,23.81386150963342,0.0,56.0,4,0.0,0.0,0.0,0.0,0.0,4,0.0,0.0,0.0,0.0,0.0,4,14.0,0.0,28.0,0.0,56.0,6,0.16666666666666666,0.0,0.408248290463863,0.0,1.0,4,0.0,0.0,0.0,0.0,0.0,4,0.0,0.0,0.0,0.0,0.0,4,0.0,0.0,0.0,0.0,0.0,4,0.0,0.0,0.0,0.0,0.0,68.4
2026-10-01T23:00,6,70.65,71.5,4.726415132000148,63.1,75.6,6,15.0,0.0,24.256957764732164,0.0,56.0,4,0.0,0.0,0.0,0.0,0.0,4,0.0,0.0,0.0,0.0,0.0,4,14.0,0.0,28.0,0.0,56.0,6,0.0,0.0,0.0,0.0,0.0,4,0.0,0.0,0.0,0.0,0.0,4,0.0,0.0,0.0,0.0,0.0,4,0.0,0.0,0.0,0.0,0.0,4,0.0,0.0,0.0,0.0,0.0,67.9
2026-10-02T00:00,6,69.5,70.25,4.942469018618124,61.9,75.5,6,15.5,0.0,24.752777621915484,0.0,56.0,4,0.0,0.0,0.0,0.0,0.0,4,0.0,0.0,0.0,0.0,0.0,4,14.0,0.0,28.0,0.0,56.0,5,0.4,0.0,0.5477225575051661,0.0,1.0,4,0.0,0.0,0.0,0.0,0.0,4,0.0,0.0,0.0,0.0,0.0,4,0.0,0.0,0.0,0.0,0.0,4,0.0,0.0,0.0,0.0,0.0,66.9
2026-10-02T01:00,6,68.39999999999999,69.05000000000001,5.213060521421173,60.7,75.5,6,16.0,0.0,25.43226297441893,0.0,57.0,4,0.0,0.0,0.0,0.0,0.0,4,0.0,0.0,0.0,0.0,0.0,4,14.25,0.0,28.5,0.0,57.0,5,0.4,0.0,0.5477225575051661,0.0,1.0,4,0.0,0.0,0.0,0.0,0.0,4,0.0,0.0,0.0,0.0,0.0,4,0.0,0.0,0.0,0.0,0.0,4,0.0,0.0,0.0,0.0,0.0,65.5
2026-10-02T02:00,6,67.48333333333333,68.1,5.498514951026927,59.6,75.4,6,16.5,0.0,25.998076851951954,0.0,57.0,4,0.0,0.0,0.0,0.0,0.0,4,0.0,0.0,0.0,0.0,0.0,4,14.25,0.0,28.5,0.0,57.0,5,0.4,0.0,0.5477225575051661,0.0,1.0,4,0.0,0.0,0.0,0.0,0.0,4,0.0,0.0,0.0,0.0,0.0,4,0.0,0.0,0.0,0.0,0.0,4,0.0,0.0,0.0,0.0,0.0,64.2
2026-10-02T03:00,6,66.83333333333333,67.35,5.651784378996308,59.0,75.3,6,16.666666666666668,0.0,26.196691903113773,0.0,57.0,4,0.0,0.0,0.0,0.0,0.0,4,0.0,0.0,0.0,0.0,0.0,4,14.0,0.0,28.0,0.0,56.0,5,0.4,0.0,0.5477225575051661,0.0,1.0,4,0.0,0.0,0.0,0.0,0.0,4,0.0,0.0,0.0,0.0,0.0,4,0.0,0.0,0.0,0.0,0.0,4,0.0,0.0,0.0,0.0,0.0,63.6
2026-10-02T04:00,6,66.55,67.15,5.776071329199457,58.8,75.2,6,16.666666666666668,0.0,26.097254006248754,0.0,56.0,4,0.0,0.0,0.0,0.0,0.0,4,0.0,0.0,0.0,0.0,0.0,4,13.75,0.0,27.5,0.0,55.0,5,0.4,0.0,0.5477225575051661,0.0,1.0,4,0.0,0.0,0.0,0.0,0.0,4,0.0,0.0,0.0,0.0,0.0,4,0.0,0.0,0.0,0.0,0.0,4,0.0,0.0,0.0,0.0,0.0,63.3
2026-10-02T05:00,6,66.78333333333333,67.5,5.796004370828811,59.3,75.2,6,16.333333333333332,0.0,25.5003267952916,0.0,54.0,4,0.0,0.0,0.0,0.0,0.0,4,0.0,0.0,0.0,0.0,0.0,4,13.25,0.0,26.5,0.0,53.0,5,0.8,1.0,0.8366600265340756,0.0,2.0,4,0.0,0.0,0.0,0.0,0.0,4,0.0,0.0,0.0,0.0,0.0,4,0.0,0.0,0.0,0.0,0.0,4,0.0,0.0,0.0,0.0,0.0,63.7
2026-10-02T06:00,5,68.97999999999999,69.7,5.359757457198971,60.7,75.0,5,18.6,0.0,25.667099563448925,0.0,51.0,4,0.0,0.0,0.0,0.0,0.0,4,0.0,0.0,0.0,0.0,0.0,4,12.5,0.0,25.0,0.0,50.0,5,1.0,1.0,1.224744871391589,0.0,3.0,3,0.0,0.0,0.0,0.0,0.0,3,0.0,0.0,0.0,0.0,0.0,3,0.0,0.0,0.0,0.0,0.0,3,0.0,0.0,0.0,0.0,0.0,64.9
2026-10-02T07:00,5,70.86000000000001,72.8,5.01228490810329,63.1,74.9,5,17.0,1.0,23.0,0.0,46.0,4,0.0,0.0,0.0,0.0,0.0,4,0.0,0.0,0.0,0.0,0.0,4,11.75,0.5,22.838198994958717,0.0,46.0,5,1.4,1.0,2.073644135332772,0.0,5.0,3,10.5,0.0,18.186533479473212,0.0,31.5,3,0.0,0.0,0.0,0.0,0.0,3,10.5,0.0,18.186533479473212,0.0,31.5,3,9.1,0.0,15.761662348876785,0.0,27.3,65.4
2026-10-02T08:00,5,73.38,75.9,5.140719793958822,66.1,78.4,5,15.0,1.0,20.285462775100793,0.0,41.0,4,0.0,0.0,0.0,0.0,0.0,4,0.0,0.0,0.0,0.0,0.0,4,10.5,0.5,20.33879708012907,0.0,41.0,5,1.4,1.0,2.073644135332772,0.0,5.0,3,183.79999999999998,168.4,32.28358716128058,162.1,220.9,3,838.8666666666667,809.8,148.9425840158997,706.6,1000.2,3,66.10000000000001,48.6,48.289854006820114,29.0,120.7,3,77.0,80.4,13.036870790185812,62.6,88.0,50.1
2026-10-02T09:00,5,76.35999999999999,79.1,5.80887252399293,69.1,82.0,5,13.2,2.0,17.412639087743134,0.0,36.0,4,0.0,0.0,0.0,0.0,0.0,4,0.0,0.0,0.0,0.0,0.0,4,9.25,1.0,17.192537140670463,0.0,35.0,5,1.2,1.0,1.6431676725154984,0.0,4.0,3,395.23333333333335,392.4,5.6145643939074334,391.6,401.7,3,900.9,980.9,147.48572812309666,730.7,991.1,3,94.2,65.5,53.12315879162307,61.6,155.5,3,84.5,84.4,8.65043351514824,75.9,93.2,53.9
2026-10-02T10:00,5,79.3,83.5,6.6456752854770125,71.7,85.0,5,11.4,2.0,14.926486525636232,0.0,31.0,4,0.0,0.0,0.0,0.0,0.0,4,0.0,0.0,0.0,0.0,0.0,4,8.0,1.0,14.696938456699067,0.0,30.0,5,1.2,1.0,1.6431676725154984,0.0,4.0,3,572.1,573.6,11.324751652906125,560.1,582.6,3,897.0,938.7,125.84303715343174,755.6,996.7,3,112.8,94.5,51.9275456766445,72.5,171.4,3,88.86666666666667,87.4,5.255790457517628,84.5,94.7,54.4
2026-10-02T11:00,5,81.35999999999999,86.5,7.270694602305893,73.2,87.0,5,9.6,2.0,12.441864811996632,0.0,26.0,4,0.0,0.0,0.0,0.0,0.0,4,0.0,0.0,0.0,0.0,0.0,4,7.0,1.0,12.701705922171767,0.0,26.0,5,1.0,1.0,1.224744871391589,0.0,3.0,3,704.6333333333333,707.5,20.45124283101968,682.9,723.5,3,887.9666666666666,914.9,119.10622709721481,757.7,991.3,3,125.33333333333333,111.8,56.33270216608939,77.0,187.2,3,91.96666666666665,92.0,3.550117368951809,88.4,95.5,53.6
2026-10-02T12:00,5,82.38000000000001,87.2,7.394727851652148,73.8,88.3,5,8.2,2.0,10.497618777608569,0.0,22.0,4,0.0,0.0,0.0,0.0,0.0,4,0.0,0.0,0.0,0.0,0.0,4,6.0,1.0,10.708252269472673,0.0,22.0,5,1.0,1.0,1.224744871391589,0.0,3.0,3,791.6,797.4,28.742303317584046,760.4,817.0,3,900.5666666666666,956.0,132.73546373646087,749.1,996.6,3,119.96666666666665,85.3,70.23947133438104,73.8,200.8,3,94.73333333333333,97.1,5.265295180076167,88.7,98.4,52.1
2026-10-02T13:00,5,82.8,86.4,7.381395532011551,74.1,89.9,5,7.0,2.0,8.774964387392123,0.0,18.0,4,0.0,0.0,0.0,0.0,0.0,4,0.0,0.0,0.0,0.0,0.0,4,5.0,1.0,8.717797887081346,0.0,18.0,5,1.2,1.0,1.0954451150103321,0.0,3.0,3,809.4,811.7,26.325462958892086,782.0,834.5,3,875.4,922.5,121.68989276024526,737.2,966.5,3,121.56666666666668,87.2,70.26466632193832,75.1,202.4,3,94.7,97.0,5.335728628781645,88.6,98.5,54.8
2026-10-02T14:00,5,82.9,85.6,7.352550577860714,74.4,91.0,5,5.6,1.0,7.231873892705818,0.0,14.0,4,0.0,0.0,0.0,0.0,0.0,4,0.0,0.0,0.0,0.0,0.0,4,3.75,0.5,6.849574196011505,0.0,14.0,5,1.2,1.0,1.0954451150103321,0.0,3.0,3,763.3000000000001,762.9,20.502926620363304,743.0,784.0,3,841.4333333333334,878.3,105.1636977922198,722.8,923.2,3,115.73333333333335,86.9,62.00067203936852,73.4,186.9,3,94.46666666666665,96.7,5.407710544521906,88.3,98.4,58.5
2026-10-02T15:00,5,82.79999999999998,84.9,7.304108432930063,74.5,91.7,5,4.4,1.0,5.594640292279745,0.0,11.0,4,0.0,0.0,0.0,0.0,0.0,4,0.0,0.0,0.0,0.0,0.0,4,3.0,0.5,5.354126134736337,0.0,11.0,5,1.2,1.0,1.0954451150103321,0.0,3.0,3,655.6666666666666,654.7,14.1747427960204,642.0,670.3,3,791.6999999999999,817.6,92.12236427708534,689.4,868.1,3,102.73333333333333,83.2,51.55437259179218,63.8,161.2,3,91.73333333333333,93.6,4.314317249963577,86.8,94.8,62.0
2026-10-02T16:00,5,82.34,84.1,7.207842950564336,74.4,91.7,5,3.4,0.0,4.774934554525329,0.0,10.0,4,0.0,0.0,0.0,0.0,0.0,4,0.0,0.0,0.0,0.0,0.0,4,1.75,0.0,3.5,0.0,7.0,5,1.4,1.0,1.140175425099138,0.0,3.0,3,498.09999999999997,496.7,9.081299466486069,489.8,507.8,3,710.4666666666667,735.9,82.35024792514798,618.4,777.1,3,88.10000000000001,71.3,40.13028781357044,59.1,133.9,3,86.06666666666666,85.1,3.7447741364911913,82.9,90.2,64.6
2026-10-02T17:00,5,81.7,83.2,7.01890304819777,74.1,91.1,5,3.2,0.0,4.868264577855234,0.0,11.0,4,0.0,0.0,0.0,0.0,0.0,4,0.0,0.0,0.0,0.0,0.0,4,1.25,0.0,2.5,0.0,5.0,5,1.4,1.0,1.140175425099138,0.0,3.0,3,305.8,304.9,2.666458325194694,303.7,308.8,3,578.3666666666667,608.0,77.70986638344797,490.2,636.9,3,66.46666666666665,51.3,31.881394783373782,45.0,103.1,3,77.5,75.7,4.856953777832354,73.8,83.0,66.4
2026-10-02T18:00,5,80.58,82.3,6.605452293370989,73.6,89.4,5,3.2,0.0,5.630275304103699,0.0,13.0,4,0.0,0.0,0.0,0.0,0.0,4,0.0,0.0,0.0,0.0,0.0,4,0.75,0.0,1.5,0.0,3.0,5,1.6,1.0,0.894427190999916,1.0,3.0,3,98.53333333333335,96.6,5.844940832320997,93.9,105.1,3,298.8333333333333,306.9,39.03028738471359,256.4,333.2,3,32.9,26.0,14.444029908581609,23.2,49.5,3,61.36666666666667,62.6,3.995414037785484,56.9,64.6,70.6
2026-10-02T19:00,5,78.98,81.3,6.093192923254605,72.6,86.7,5,3.8,0.0,7.429670248402684,0.0,17.0,4,0.0,0.0,0.0,0.0,0.0,4,0.0,0.0,0.0,0.0,0.0,4,0.5,0.0,1.0,0.0,2.0,5,1.6,1.0,0.8944271909999159,1.0,3.0,3,0.0,0.0,0.0,0.0,0.0,3,0.0,0.0,0.0,0.0,0.0,3,0.0,0.0,0.0,0.0,0.0,3,31.400000000000002,33.0,4.0447496832313385,26.8,34.4,75.7
2026-10-02T20:00,5,77.13999999999999,79.2,5.50527020226983,71.1,83.4,5,4.8,0.0,9.654014708917737,0.0,22.0,4,0.0,0.0,0.0,0.0,0.0,4,0.0,0.0,0.0,0.0,0.0,4,0.5,0.0,1.0,0.0,2.0,5,1.8,1.0,1.0954451150103321,1.0,3.0,3,0.0,0.0,0.0,0.0,0.0,3,0.0,0.0,0.0,0.0,0.0,3,0.0,0.0,0.0,0.0,0.0,3,0.0,0.0,0.0,0.0,0.0,75.9
2026-10-02T21:00,5,75.17999999999999,77.0,5.052919947911306,69.2,80.0,5,5.4,0.0,11.523888232710346,0.0,26.0,4,0.0,0.0,0.0,0.0,0.0,4,0.0,0.0,0.0,0.0,0.0,4,0.25,0.0,0.5,0.0,1.0,5,2.0,1.0,1.4142135623730951,1.0,4.0,3,0.0,0.0,0.0,0.0,0.0,3,0.0,0.0,0.0,0.0,0.0,3,0.0,0.0,0.0,0.0,0.0,3,0.0,0.0,0.0,0.0,0.0,76.0
2026-10-02T22:00,5,73.36,75.1,4.7120059422712925,67.4,78.2,5,6.4,0.0,13.758633653092156,0.0,31.0,4,0.0,0.0,0.0,0.0,0.0,4,0.0,0.0,0.0,0.0,0.0,4,0.25,0.0,0.5,0.0,1.0,5,2.0,1.0,2.0,0.0,5.0,3,0.0,0.0,0.0,0.0,0.0,3,0.0,0.0,0.0,0.0,0.0,3,0.0,0.0,0.0,0.0,0.0,3,0.0,0.0,0.0,0.0,0.0,75.4
2026-10-02T23:00,5,71.98,73.7,4.530673239155524,66.0,77.2,5,7.0,0.0,15.0996688705415,0.0,34.0,4,0.0,0.0,0.0,0.0,0.0,4,0.0,0.0,0.0,0.0,0.0,4,0.25,0.0,0.5,0.0,1.0,5,2.0,1.0,2.0,0.0,5.0,3,0.0,0.0,0.0,0.0,0.0,3,0.0,0.0,0.0,0.0,0.0,3,0.0,0.0,0.0,0.0,0.0,3,0.0,0.0,0.0,0.0,0.0,75.1
2026-10-03T00:00,5,70.92,72.3,4.443197047172225,64.9,76.5,5,8.2,1.0,15.626899884494044,0.0,36.0,4,0.0,0.0,0.0,0.0,0.0,4,1.5,0.0,3.0,0.0,6.0,4,0.5,0.5,0.5773502691896257,0.0,1.0,5,1.6,0.0,2.3021728866442674,0.0,5.0,3,0.0,0.0,0.0,0.0,0.0,3,0.0,0.0,0.0,0.0,0.0,3,0.0,0.0,0.0,0.0,0.0,3,0.0,0.0,0.0,0.0,0.0,75.0
2026-10-03T01:00,5,69.86,70.3,4.639827583003486,63.5,76.1,5,9.6,1.0,16.318700928689147,0.0,38.0,4,0.0,0.0,0.0,0.0,0.0,4,3.5,0.0,7.0,0.0,14.0,4,0.5,0.5,0.5773502691896257,0.0,1.0,5,1.4,0.0,1.949358868961793,0.0,4.0,3,0.0,0.0,0.0,0.0,0.0,3,0.0,0.0,0.0,0.0,0.0,3,0.0,0.0,0.0,0.0,0.0,3,0.0,0.0,0.0,0.0,0.0,73.8
2026-10-03T02:00,5,69.08,68.7,4.894078054138491,62.4,75.9,5,11.2,2.0,16.754103974847474,0.0,39.0,4,0.25,0.0,0.5,0.0,1.0,4,6.0,0.0,12.0,0.0,24.0,4,0.75,0.5,0.9574271077563382,0.0,2.0,5,1.2,0.0,1.6431676725154984,0.0,3.0,3,0.0,0.0,0.0,0.0,0.0,3,0.0,0.0,0.0,0.0,0.0,3,0.0,0.0,0.0,0.0,0.0,3,0.0,0.0,0.0,0.0,0.0,72.7
2026-10-03T03:00,5,68.66,67.6,5.186328180900239,61.7,76.0,5,12.6,2.0,17.686152775547317,0.0,40.0,4,0.25,0.0,0.5,0.0,1.0,4,8.5,0.0,17.0,0.0,34.0,4,1.0,0.5,1.4142135623730951,0.0,3.0,5,1.0,0.0,1.4142135623730951,0.0,3.0,3,0.0,0.0,0.0,0.0,0.0,3,0.0,0.0,0.0,0.0,0.0,3,0.0,0.0,0.0,0.0,0.0,3,0.0,0.0,0.0,0.0,0.0,71.2
2026-10-03T04:00,5,68.61999999999999,67.6,5.349953270823958,61.6,76.3,5,13.8,3.0,18.253766734567417,0.0,40.0,4,0.25,0.0,0.5,0.0,1.0,4,10.5,0.0,21.0,0.0,42.0,4,1.25,0.5,1.8929694486000914,0.0,4.0,5,0.8,0.0,1.3038404810405297,0.0,3.0,3,0.0,0.0,0.0,0.0,0.0,3,0.0,0.0,0.0,0.0,0.0,3,0.0,0.0,0.0,0.0,0.0,3,0.0,0.0,0.0,0.0,0.0,70.2
2026-10-03T05:00,5,69.08000000000001,67.8,5.271337591162229,62.3,76.6,5,14.6,3.0,19.138965489283898,0.0,41.0,4,0.25,0.0,0.5,0.0,1.0,4,11.5,0.0,22.999999999999996,0.0,46.0,4,1.25,0.5,1.8929694486000914,0.0,4.0,5,0.6,0.0,1.3416407864998738,0.0,3.0,3,0.0,0.0,0.0,0.0,0.0,3,0.0,0.0,0.0,0.0,0.0,3,0.0,0.0,0.0,0.0,0.0,3,0.0,0.0,0.0,0.0,0.0,69.9
2026-10-03T06:00,4,70.975,71.45,5.246824436425012,64.3,76.7,4,8.0,1.5,14.07124727947029,0.0,29.0,4,0.25,0.0,0.5,0.0,1.0,4,11.5,0.0,22.999999999999996,0.0,46.0,4,1.25,0.5,1.8929694486000914,0.0,4.0,3,1.0,0.0,1.7320508075688772,0.0,3.0,3,0.0,0.0,0.0,0.0,0.0,3,0.0,0.0,0.0,0.0,0.0,3,0.0,0.0,0.0,0.0,0.0,3,0.0,0.0,0.0,0.0,0.0,73.6
2026-10-03T07:00,4,73.35,74.5,4.197221303036883,67.5,76.9,4,7.5,1.0,13.69914839202301,0.0,28.0,4,0.25,0.0,0.5,0.0,1.0,4,11.0,0.0,22.0,0.0,44.0,4,1.0,0.5,1.4142135623730951,0.0,3.0,3,0.6666666666666666,0.0,1.1547005383792517,0.0,2.0,3,5.8,0.0,10.045894683899487,0.0,17.4,3,0.0,0.0,0.0,0.0,0.0,3,5.8,0.0,10.045894683899487,0.0,17.4,3,5.966666666666666,0.0,10.334569818494302,0.0,17.9,75.7
2026-10-03T08:00,4,76.45,77.69999999999999,3.585619425798934,71.2,79.2,4,6.75,1.0,12.203141671990318,0.0,25.0,4,0.25,0.0,0.5,0.0,1.0,4,9.75,0.0,19.5,0.0,39.0,4,0.75,0.5,0.9574271077563382,0.0,2.0,3,0.6666666666666666,0.0,1.1547005383792517,0.0,2.0,3,183.0333333333333,166.3,31.350332268308307,163.6,219.2,3,845.8000000000001,825.6,151.81129733982252,705.1,1006.7,3,65.56666666666666,49.1,48.541974963255605,27.4,120.2,3,77.36666666666666,80.3,12.461674579820045,63.7,88.1,60.5
2026-10-03T09:00,4,80.15,81.5,3.400490160746441,75.1,82.5,4,5.5,0.5,10.344080432788601,0.0,21.0,4,0.0,0.0,0.0,0.0,0.0,4,8.5,0.0,17.0,0.0,34.0,4,0.25,0.0,0.5,0.0,1.0,3,0.3333333333333333,0.0,0.5773502691896258,0.0,1.0,3,394.2,391.8,6.067124524847028,389.7,401.1,3,907.1666666666666,991.3,147.89355406282363,736.4,993.8,3,93.66666666666667,63.0,53.202850800810786,62.9,155.1,3,84.76666666666667,84.8,8.550048732804585,76.2,93.3,66.4
2026-10-03T10:00,4,83.8,85.4,3.4717910843444124,78.6,85.8,4,4.5,0.0,9.0,0.0,18.0,4,0.0,0.0,0.0,0.0,0.0,4,7.25,0.0,14.500000000000002,0.0,29.0,4,0.25,0.0,0.5,0.0,1.0,3,0.3333333333333333,0.0,0.5773502691896258,0.0,1.0,3,570.1,572.8,9.832090316916302,559.2,578.3,3,902.3333333333334,952.0,124.56200597828109,760.6,994.4,3,110.96666666666665,89.9,52.19256013392459,72.6,170.4,3,89.10000000000001,87.7,5.242136968832462,84.7,94.9,68.9
2026-10-03T11:00,4,86.375,87.7,3.5198248062462847,81.2,88.9,4,3.75,0.0,7.5,0.0,15.0,4,0.0,0.0,0.0,0.0,0.0,4,6.0,0.0,12.0,0.0,24.0,4,0.0,0.0,0.0,0.0,0.0,3,0.0,0.0,0.0,0.0,0.0,3,702.6333333333333,706.6,18.963737325045756,682.0,719.3,3,893.2666666666668,926.7,117.1833748162825,763.0,990.1,3,122.93333333333334,106.4,56.05937328701895,77.0,185.4,3,92.26666666666667,92.3,3.450120770833008,88.8,95.7,69.3
2026-10-03T12:00,4,87.6,88.6,3.1958306171218367,83.0,90.2,4,3.0,0.0,6.0,0.0,12.0,4,0.0,0.0,0.0,0.0,0.0,4,5.0,0.0,10.0,0.0,20.0,4,0.0,0.0,0.0,0.0,0.0,3,0.3333333333333333,0.0,0.5773502691896258,0.0,1.0,3,789.8666666666667,796.4,26.803979804001678,760.4,812.8,3,906.9666666666667,967.9,130.72418801940728,756.9,996.1,3,116.90000000000002,79.0,70.19622496972326,73.8,197.9,3,95.16666666666667,97.4,5.221430199986719,89.2,98.9,68.9
2026-10-03T13:00,4,88.075,88.1,3.0619982582185354,84.3,91.8,4,2.5,0.0,5.0,0.0,10.0,4,0.0,0.0,0.0,0.0,0.0,4,3.75,0.0,7.5,0.0,15.0,4,0.0,0.0,0.0,0.0,0.0,3,0.6666666666666666,0.0,1.1547005383792517,0.0,2.0,3,807.6333333333333,812.6,24.628506518531193,780.9,829.4,3,881.9,934.9,121.13281966502724,743.3,967.5,3,118.26666666666667,82.2,70.49711578024545,73.1,199.5,3,95.13333333333333,97.4,5.371529887595654,89.0,99.0,71.3
2026-10-03T14:00,4,88.3,87.45,3.299494910841154,85.3,93.0,4,1.75,0.0,3.5,0.0,7.0,4,0.0,0.0,0.0,0.0,0.0,4,2.75,0.0,5.5,0.0,11.0,4,0.0,0.0,0.0,0.0,0.0,3,1.0,0.0,1.7320508075688772,0.0,3.0,3,760.7666666666668,765.5,19.926197161860426,738.9,777.9,3,845.3333333333334,890.5,106.49377133585479,723.7,921.8,3,113.86666666666667,84.0,62.04815334345843,72.4,185.2,3,94.83333333333333,97.2,5.635896852616572,88.4,98.9,73.8
2026-10-03T15:00,4,88.35,86.95,3.5350624699807796,85.9,93.6,4,1.0,0.0,2.0,0.0,4.0,4,0.0,0.0,0.0,0.0,0.0,4,1.5,0.0,3.0,0.0,6.0,4,0.0,0.0,0.0,0.0,0.0,3,1.3333333333333333,0.0,2.3094010767585034,0.0,4.0,3,652.4333333333334,658.0,15.327861342448722,635.1,664.2,3,793.4333333333334,830.5,95.93025244068383,684.5,865.3,3,101.96666666666665,81.3,51.79086148475746,63.7,160.9,3,91.96666666666665,93.6,4.956140971898733,86.4,95.9,75.8
2026-10-03T16:00,4,88.125,86.55,3.6727600883622453,85.8,93.6,4,0.5,0.0,1.0,0.0,2.0,4,0.0,0.0,0.0,0.0,0.0,4,0.75,0.0,1.5,0.0,3.0,4,0.0,0.0,0.0,0.0,0.0,3,1.6666666666666667,0.0,2.8867513459481287,0.0,5.0,3,493.06666666666666,499.5,11.666333328571277,479.6,500.1,3,707.9,747.1,90.22992851598626,604.7,771.9,3,87.96666666666665,71.2,40.81988894317736,58.2,134.5,3,86.06666666666668,84.9,4.856267428111157,81.9,91.4,77.2
2026-10-03T17:00,4,87.65,86.5,3.601388621073829,84.7,92.9,4,0.0,0.0,0.0,0.0,0.0,4,0.0,0.0,0.0,0.0,0.0,4,0.0,0.0,0.0,0.0,0.0,4,0.0,0.0,0.0,0.0,0.0,3,1.6666666666666667,0.0,2.8867513459481287,0.0,5.0,3,299.8333333333333,301.5,5.396603870336735,293.8,304.2,3,571.9666666666667,616.9,88.60255827758778,469.9,629.1,3,65.96666666666667,51.1,32.00395808854482,44.1,102.7,3,77.16666666666667,74.1,6.107645481962208,73.2,84.2,79.1
2026-10-03T18:00,4,86.7,86.35,3.3316662497915335,83.0,91.1,4,0.0,0.0,0.0,0.0,0.0,4,0.0,0.0,0.0,0.0,0.0,4,0.0,0.0,0.0,0.0,0.0,4,0.0,0.0,0.0,0.0,0.0,3,2.0,1.0,2.6457513110645907,0.0,5.0,3,93.63333333333333,92.6,3.2746501085357718,91.0,97.3,3,288.8333333333333,307.6,45.454849392923215,237.0,321.9,3,31.566666666666666,26.0,13.537478839626429,21.7,47.0,3,60.76666666666667,60.8,4.750087718488294,56.0,65.5,84.6
2026-10-03T19:00,4,85.275,85.95,3.0412442629073184,81.0,88.2,4,0.25,0.0,0.5,0.0,1.0,4,0.0,0.0,0.0,0.0,0.0,4,0.0,0.0,0.0,0.0,0.0,4,0.25,0.0,0.5,0.0,1.0,3,2.3333333333333335,2.0,2.5166114784235836,0.0,5.0,3,0.0,0.0,0.0,0.0,0.0,3,0.0,0.0,0.0,0.0,0.0,3,0.0,0.0,0.0,0.0,0.0,3,31.166666666666668,34.1,5.430776494511012,24.9,34.5,90.1
2026-10-03T20:00,4,83.47500000000001,85.0,3.3310408783641985,78.5,85.4,4,0.5,0.0,1.0,0.0,2.0,4,0.0,0.0,0.0,0.0,0.0,4,0.0,0.0,0.0,0.0,0.0,4,0.5,0.0,1.0,0.0,2.0,3,2.6666666666666665,3.0,2.516611478423583,0.0,5.0,3,0.0,0.0,0.0,0.0,0.0,3,0.0,0.0,0.0,0.0,0.0,3,0.0,0.0,0.0,0.0,0.0,3,0.0,0.0,0.0,0.0,0.0,88.9
2026-10-03T21:00,4,81.44999999999999,82.55,3.90597832388592,76.1,84.6,4,0.75,0.0,1.5,0.0,3.0,4,0.0,0.0,0.0,0.0,0.0,4,0.0,0.0,0.0,0.0,0.0,4,0.5,0.0,1.0,0.0,2.0,3,3.0,4.0,2.6457513110645907,0.0,5.0,3,0.0,0.0,0.0,0.0,0.0,3,0.0,0.0,0.0,0.0,0.0,3,0.0,0.0,0.0,0.0,0.0,3,0.0,0.0,0.0,0.0,0.0,86.7
2026-10-03T22:00,4,79.475,80.2,4.461968922646891,74.0,83.5,4,1.0,0.0,2.0,0.0,4.0,4,0.0,0.0,0.0,0.0,0.0,4,0.0,0.0,0.0,0.0,0.0,4,0.75,0.0,1.5,0.0,3.0,3,3.3333333333333335,5.0,2.8867513459481287,0.0,5.0,3,0.0,0.0,0.0,0.0,0.0,3,0.0,0.0,0.0,0.0,0.0,3,0.0,0.0,0.0,0.0,0.0,3,0.0,0.0,0.0,0.0,0.0,84.6
2026-10-03T23:00,4,77.775,78.3,4.918926034545886,72.2,82.3,4,1.0,0.0,2.0,0.0,4.0,4,0.0,0.0,0.0,0.0,0.0,4,0.0,0.0,0.0,0.0,0.0,4,0.75,0.0,1.5,0.0,3.0,3,3.6666666666666665,5.0,3.2145502536643185,0.0,6.0,3,0.0,0.0,0.0,0.0,0.0,3,0.0,0.0,0.0,0.0,0.0,3,0.0,0.0,0.0,0.0,0.0,3,0.0,0.0,0.0,0.0,0.0,83.2
2026-10-04T00:00,4,76.25,76.75,5.10326692750177,70.8,80.7,4,1.0,0.0,2.0,0.0,4.0,4,0.0,0.0,0.0,0.0,0.0,4,0.0,0.0,0.0,0.0,0.0,4,0.75,0.0,1.5,0.0,3.0,3,3.3333333333333335,5.0,2.8867513459481287,0.0,5.0,3,0.0,0.0,0.0,0.0,0.0,3,0.0,0.0,0.0,0.0,0.0,3,0.0,0.0,0.0,0.0,0.0,3,0.0,0.0,0.0,0.0,0.0,82.6
2026-10-04T01:00,4,74.69999999999999,74.55,5.200640986134945,69.5,80.2,4,1.0,0.0,2.0,0.0,4.0,4,0.0,0.0,0.0,0.0,0.0,4,0.0,0.0,0.0,0.0,0.0,4,0.75,0.0,1.5,0.0,3.0,3,3.0,4.0,2.6457513110645907,0.0,5.0,3,0.0,0.0,0.0,0.0,0.0,3,0.0,0.0,0.0,0.0,0.0,3,0.0,0.0,0.0,0.0,0.0,3,0.0,0.0,0.0,0.0,0.0,82.3
2026-10-04T02:00,4,73.325,72.45,5.336899849163373,68.5,79.9,4,1.0,0.0,2.0,0.0,4.0,4,0.25,0.0,0.5,0.0,1.0,4,0.0,0.0,0.0,0.0,0.0,4,0.5,0.0,1.0,0.0,2.0,3,2.6666666666666665,3.0,2.516611478423583,0.0,5.0,3,0.0,0.0,0.0,0.0,0.0,3,0.0,0.0,0.0,0.0,0.0,3,0.0,0.0,0.0,0.0,0.0,3,0.0,0.0,0.0,0.0,0.0,81.9
2026-10-04T03:00,4,72.2,70.65,5.593448548674302,67.7,79.8,4,1.0,0.0,2.0,0.0,4.0,4,0.25,0.0,0.5,0.0,1.0,4,0.0,0.0,0.0,0.0,0.0,4,0.5,0.0,1.0,0.0,2.0,3,2.3333333333333335,2.0,2.5166114784235836,0.0,5.0,3,0.0,0.0,0.0,0.0,0.0,3,0.0,0.0,0.0,0.0,0.0,3,0.0,0.0,0.0,0.0,0.0,3,0.0,0.0,0.0,0.0,0.0,81.1
2026-10-04T04:00,4,71.725,69.8,5.684701692554619,67.5,79.8,4,0.75,0.0,1.5,0.0,3.0,4,0.25,0.0,0.5,0.0,1.0,4,0.0,0.0,0.0,0.0,0.0,4,0.25,0.0,0.5,0.0,1.0,3,2.0,1.0,2.6457513110645907,0.0,5.0,3,0.0,0.0,0.0,0.0,0.0,3,0.0,0.0,0.0,0.0,0.0,3,0.0,0.0,0.0,0.0,0.0,3,0.0,0.0,0.0,0.0,0.0,81.2
2026-10-04T05:00,4,72.025,70.1,5.5721779105361176,67.9,80.0,4,0.75,0.0,1.5,0.0,3.0,4,0.25,0.0,0.5,0.0,1.0,4,0.0,0.0,0.0,0.0,0.0,4,0.25,0.0,0.5,0.0,1.0,3,1.6666666666666667,0.0,2.8867513459481287,0.0,5.0,3,0.0,0.0,0.0,0.0,0.0,3,0.0,0.0,0.0,0.0,0.0,3,0.0,0.0,0.0,0.0,0.0,3,0.0,0.0,0.0,0.0,0.0,81.5
2026-10-04T06:00,4,73.45000000000002,72.1,4.87818272173836,69.4,80.2,4,0.75,0.0,1.5,0.0,3.0,4,0.25,0.0,0.5,0.0,1.0,4,0.0,0.0,0.0,0.0,0.0,4,0.25,0.0,0.5,0.0,1.0,3,1.6666666666666667,0.0,2.8867513459481287,0.0,5.0,3,0.0,0.0,0.0,0.0,0.0,3,0.0,0.0,0.0,0.0,0.0,3,0.0,0.0,0.0,0.0,0.0,3,0.0,0.0,0.0,0.0,0.0,83.7
2026-10-04T07:00,4,75.875,75.65,3.9381679327660253,71.7,80.5,4,0.5,0.0,1.0,0.0,2.0,4,0.25,0.0,0.5,0.0,1.0,4,0.0,0.0,0.0,0.0,0.0,4,0.25,0.0,0.5,0.0,1.0,3,1.6666666666666667,0.0,2.8867513459481287,0.0,5.0,3,6.5,0.0,11.258330249197702,0.0,19.5,3,0.0,0.0,0.0,0.0,0.0,3,6.5,0.0,11.258330249197702,0.0,19.5,3,7.5,0.0,12.99038105676658,0.0,22.5,85.4
2026-10-04T08:00,4,79.1,79.69999999999999,3.682390527904397,74.6,82.4,4,0.25,0.0,0.5,0.0,1.0,4,0.25,0.0,0.5,0.0,1.0,4,0.0,0.0,0.0,0.0,0.0,4,0.0,0.0,0.0,0.0,0.0,3,1.6666666666666667,0.0,2.8867513459481287,0.0,5.0,3,180.5333333333333,166.1,30.70901062120586,159.7,215.8,3,837.4,802.2,161.69947433433413,696.2,1013.8,3,65.43333333333334,49.5,47.737755847267614,27.7,119.1,3,77.10000000000001,79.7,12.701181047445942,63.3,88.3,67.7
2026-10-04T09:00,4,82.975,83.55,4.224038352098619,77.6,87.2,4,0.25,0.0,0.5,0.0,1.0,4,0.0,0.0,0.0,0.0,0.0,4,0.0,0.0,0.0,0.0,0.0,4,0.0,0.0,0.0,0.0,0.0,3,1.6666666666666667,0.0,2.8867513459481287,0.0,5.0,3,392.7,392.9,5.302829433425109,387.3,397.9,3,912.3666666666667,992.6,154.1932661737643,734.6,1009.9,3,93.2,63.1,53.264528534475915,61.8,154.7,3,84.89999999999999,84.7,8.70172396712284,76.3,93.7,70.3
2026-10-04T10:00,4,86.6,87.5,4.99266128098699,80.1,91.3,4,0.0,0.0,0.0,0.0,0.0,4,0.0,0.0,0.0,0.0,0.0,4,0.0,0.0,0.0,0.0,0.0,4,0.0,0.0,0.0,0.0,0.0,3,1.6666666666666667,0.0,2.8867513459481287,0.0,5.0,3,569.3000000000001,575.2,12.538341198101119,554.9,577.8,3,907.3333333333334,967.8,130.65317957605671,757.4,996.8,3,110.56666666666666,90.0,52.46583015004463,71.5,170.2,3,89.23333333333333,87.5,5.412331598611944,84.9,95.3,69.6
2026-10-04T11:00,4,89.15,90.44999999999999,5.507873152739331,81.8,93.9,4,0.0,0.0,0.0,0.0,0.0,4,0.0,0.0,0.0,0.0,0.0,4,0.0,0.0,0.0,0.0,0.0,4,0.0,0.0,0.0,0.0,0.0,3,1.6666666666666667,0.0,2.8867513459481287,0.0,5.0,3,703.1,714.3,21.065849140255462,678.8,716.2,3,899.9333333333334,943.7,120.3731836138487,763.8,992.3,3,122.3,106.4,55.97025996008952,76.0,184.5,3,92.39999999999999,92.3,3.6510272527057337,88.8,96.1,67.8
2026-10-04T12:00,4,90.32499999999999,91.85,5.517472247324856,82.7,94.9,4,0.0,0.0,0.0,0.0,0.0,4,0.0,0.0,0.0,0.0,0.0,4,0.0,0.0,0.0,0.0,0.0,4,0.0,0.0,0.0,0.0,0.0,3,1.6666666666666667,0.0,2.8867513459481287,0.0,5.0,3,790.8666666666668,807.8,30.024878573165495,756.2,808.6,3,912.1666666666666,984.2,134.75868555804982,756.7,995.6,3,117.53333333333332,82.1,68.68583065912017,73.8,196.7,3,95.3,97.8,5.311308689955796,89.2,98.9,65.1
2026-10-04T13:00,4,90.725,92.35,5.32939959094831,83.1,95.1,4,0.0,0.0,0.0,0.0,0.0,4,0.0,0.0,0.0,0.0,0.0,4,0.0,0.0,0.0,0.0,0.0,4,0.0,0.0,0.0,0.0,0.0,3,2.0,1.0,1.7320508075688772,1.0,4.0,3,808.4333333333334,823.4,28.382447627597756,775.7,826.2,3,886.4333333333334,950.0,125.38167064341313,742.0,967.3,3,119.2,85.1,68.80937436134703,74.1,198.4,3,95.13333333333333,97.7,5.426171148547871,88.9,98.8,66.9
2026-10-04T14:00,4,90.725,92.6,5.106450169475202,83.2,94.5,4,0.0,0.0,0.0,0.0,0.0,4,0.0,0.0,0.0,0.0,0.0,4,0.0,0.0,0.0,0.0,0.0,4,0.0,0.0,0.0,0.0,0.0,3,1.6666666666666667,1.0,1.1547005383792517,1.0,3.0,3,760.1333333333332,773.9,24.54064655491648,731.8,774.7,3,849.6333333333333,906.8,113.33500488963385,719.1,923.0,3,113.76666666666667,84.0,61.87570875014954,72.4,184.9,3,94.73333333333333,97.5,5.862024678669761,88.0,98.7,69.3
2026-10-04T15:00,4,90.30000000000001,92.44999999999999,4.8846698967279245,83.0,93.3,4,0.0,0.0,0.0,0.0,0.0,4,0.0,0.0,0.0,0.0,0.0,4,0.0,0.0,0.0,0.0,0.0,4,0.0,0.0,0.0,0.0,0.0,3,1.6666666666666667,2.0,0.5773502691896257,1.0,2.0,3,650.7333333333332,662.8,21.947513146899674,625.4,664.0,3,797.3333333333334,846.2,107.57403652059048,674.0,871.8,3,101.26666666666665,80.3,53.05396623564852,61.9,161.6,3,91.86666666666667,93.1,5.651843357112196,85.7,96.8,70.9
2026-10-04T16:00,4,89.5,91.6,4.824935232725929,82.3,92.5,4,0.0,0.0,0.0,0.0,0.0,4,0.0,0.0,0.0,0.0,0.0,4,0.0,0.0,0.0,0.0,0.0,4,0.0,0.0,0.0,0.0,0.0,3,1.6666666666666667,2.0,0.5773502691896258,1.0,2.0,3,489.1666666666667,498.5,18.733481612699038,467.6,501.4,3,708.5666666666666,761.5,105.66216604505763,586.9,777.3,3,87.10000000000001,68.5,42.38053798620305,57.2,135.6,3,85.73333333333333,84.5,5.84836159392811,80.6,92.1,71.8
2026-10-04T17:00,4,88.52499999999999,90.5,4.7835656157305895,81.4,91.7,4,0.0,0.0,0.0,0.0,0.0,4,0.0,0.0,0.0,0.0,0.0,4,0.0,0.0,0.0,0.0,0.0,4,0.0,0.0,0.0,0.0,0.0,3,1.6666666666666667,2.0,1.5275252316519465,0.0,3.0,3,294.3666666666667,298.1,11.08211772782323,281.9,303.1,3,569.1,629.8,105.82906028119123,446.9,630.6,3,64.43333333333334,47.8,32.963970230136624,43.1,102.4,3,76.56666666666666,72.6,7.21964911428065,72.2,84.9,72.9
2026-10-04T18:00,4,87.275,89.35,4.8958315602833675,80.0,90.4,4,0.0,0.0,0.0,0.0,0.0,4,0.0,0.0,0.0,0.0,0.0,4,0.0,0.0,0.0,0.0,0.0,4,0.0,0.0,0.0,0.0,0.0,3,2.0,2.0,2.0,0.0,4.0,3,88.16666666666667,88.5,1.6258331197676192,86.4,89.6,3,279.2,310.3,53.95340582391442,216.9,310.4,3,29.566666666666663,22.9,13.046966441795325,21.2,44.6,3,59.833333333333336,58.8,5.325723737984661,55.1,65.6,79.1
2026-10-04T19:00,4,85.5,86.75,5.307227776030219,78.0,90.5,4,0.0,0.0,0.0,0.0,0.0,4,0.0,0.0,0.0,0.0,0.0,4,0.0,0.0,0.0,0.0,0.0,4,0.0,0.0,0.0,0.0,0.0,3,2.6666666666666665,2.0,3.0550504633038935,0.0,6.0,3,0.0,0.0,0.0,0.0,0.0,3,0.0,0.0,0.0,0.0,0.0,3,0.0,0.0,0.0,0.0,0.0,3,29.2,32.6,6.06300255648965,22.2,32.8,83.4
2026-10-04T20:00,4,83.4,83.8,5.980523945831723,75.7,90.3,4,0.0,0.0,0.0,0.0,0.0,4,0.0,0.0,0.0,0.0,0.0,4,0.0,0.0,0.0,0.0,0.0,4,0.0,0.0,0.0,0.0,0.0,3,3.0,2.0,3.605551275463989,0.0,7.0,3,0.0,0.0,0.0,0.0,0.0,3,0.0,0.0,0.0,0.0,0.0,3,0.0,0.0,0.0,0.0,0.0,3,0.0,0.0,0.0,0.0,0.0,81.3
2026-10-04T21:00,4,81.075,80.75,6.6525057935588,73.3,89.5,4,0.0,0.0,0.0,0.0,0.0,4,0.0,0.0,0.0,0.0,0.0,4,0.0,0.0,0.0,0.0,0.0,4,0.0,0.0,0.0,0.0,0.0,3,3.3333333333333335,2.0,4.163331998932265,0.0,8.0,3,0.0,0.0,0.0,0.0,0.0,3,0.0,0.0,0.0,0.0,0.0,3,0.0,0.0,0.0,0.0,0.0,3,0.0,0.0,0.0,0.0,0.0,79.2
2026-10-04T22:00,4,78.875,77.95,7.095714669197646,71.3,88.3,4,0.0,0.0,0.0,0.0,0.0,4,0.0,0.0,0.0,0.0,0.0,4,0.0,0.0,0.0,0.0,0.0,4,0.0,0.0,0.0,0.0,0.0,3,3.6666666666666665,2.0,4.725815626252609,0.0,9.0,3,0.0,0.0,0.0,0.0,0.0,3,0.0,0.0,0.0,0.0,0.0,3,0.0,0.0,0.0,0.0,0.0,3,0.0,0.0,0.0,0.0,0.0,77.8
2026-10-04T23:00,4,77.075,75.7,7.420411039827915,69.7,87.2,4,0.0,0.0,0.0,0.0,0.0,4,0.0,0.0,0.0,0.0,0.0,4,0.0,0.0,0.0,0.0,0.0,4,0.0,0.0,0.0,0.0,0.0,3,4.0,2.0,5.291502622129181,0.0,10.0,3,0.0,0.0,0.0,0.0,0.0,3,0.0,0.0,0.0,0.0,0.0,3,0.0,0.0,0.0,0.0,0.0,3,0.0,0.0,0.0,0.0,0.0,76.8
2026-10-05T00:00,4,75.6,73.75,7.640680597957222,68.6,86.3,4,0.0,0.0,0.0,0.0,0.0,4,0.0,0.0,0.0,0.0,0.0,4,0.0,0.0,0.0,0.0,0.0,4,0.0,0.0,0.0,0.0,0.0,3,4.0,2.0,5.291502622129181,0.0,10.0,3,0.0,0.0,0.0,0.0,0.0,3,0.0,0.0,0.0,0.0,0.0,3,0.0,0.0,0.0,0.0,0.0,3,0.0,0.0,0.0,0.0,0.0,76.1
2026-10-05T01:00,4,74.15,71.8,7.7775317421403045,67.7,85.3,4,0.25,0.0,0.5,0.0,1.0,4,0.0,0.0,0.0,0.0,0.0,4,0.0,0.0,0.0,0.0,0.0,4,0.0,0.0,0.0,0.0,0.0,3,3.3333333333333335,1.0,4.932882862316247,0.0,9.0,3,0.0,0.0,0.0,0.0,0.0,3,0.0,0.0,0.0,0.0,0.0,3,0.0,0.0,0.0,0.0,0.0,3,0.0,0.0,0.0,0.0,0.0,75.3
2026-10-05T02:00,4,72.95,70.15,7.918964578781748,67.0,84.5,4,0.25,0.0,0.5,0.0,1.0,4,0.25,0.0,0.5,0.0,1.0,4,0.0,0.0,0.0,0.0,0.0,4,0.25,0.0,0.5,0.0,1.0,3,3.0,1.0,4.358898943540674,0.0,8.0,3,0.0,0.0,0.0,0.0,0.0,3,0.0,0.0,0.0,0.0,0.0,3,0.0,0.0,0.0,0.0,0.0,3,0.0,0.0,0.0,0.0,0.0,74.9
2026-10-05T03:00,4,72.1,68.95,7.86596042027503,66.8,83.7,4,0.5,0.0,1.0,0.0,2.0,4,0.25,0.0,0.5,0.0,1.0,4,0.0,0.0,0.0,0.0,0.0,4,0.25,0.0,0.5,0.0,1.0,3,2.6666666666666665,1.0,3.7859388972001824,0.0,7.0,3,0.0,0.0,0.0,0.0,0.0,3,0.0,0.0,0.0,0.0,0.0,3,0.0,0.0,0.0,0.0,0.0,3,0.0,0.0,0.0,0.0,0.0,74.7
2026-10-05T04:00,4,71.775,68.55000000000001,7.6478210404445655,66.9,83.1,4,0.5,0.0,1.0,0.0,2.0,4,0.25,0.0,0.5,0.0,1.0,4,0.0,0.0,0.0,0.0,0.0,4,0.25,0.0,0.5,0.0,1.0,3,2.3333333333333335,0.0,4.041451884327381,0.0,7.0,3,0.0,0.0,0.0,0.0,0.0,3,0.0,0.0,0.0,0.0,0.0,3,0.0,0.0,0.0,0.0,0.0,3,0.0,0.0,0.0,0.0,0.0,75.4
2026-10-05T05:00,4,72.25,69.25,7.215030607465691,67.6,82.9,4,0.5,0.0,1.0,0.0,2.0,4,0.25,0.0,0.5,0.0,1.0,4,0.0,0.0,0.0,0.0,0.0,4,0.25,0.0,0.5,0.0,1.0,3,2.0,0.0,3.4641016151377544,0.0,6.0,3,0.0,0.0,0.0,0.0,0.0,3,0.0,0.0,0.0,0.0,0.0,3,0.0,0.0,0.0,0.0,0.0,3,0.0,0.0,0.0,0.0,0.0,76.7
2026-10-05T06:00,4,73.75,71.5,6.340084121418793,69.1,82.9,4,0.5,0.0,1.0,0.0,2.0,4,0.25,0.0,0.5,0.0,1.0,4,0.0,0.0,0.0,0.0,0.0,4,0.25,0.0,0.5,0.0,1.0,3,2.3333333333333335,1.0,3.2145502536643185,0.0,6.0,3,0.0,0.0,0.0,0.0,0.0,3,0.0,0.0,0.0,0.0,0.0,3,0.0,0.0,0.0,0.0,0.0,3,0.0,0.0,0.0,0.0,0.0,79.5
2026-10-05T07:00,4,76.35,75.25,5.346961754117942,71.5,83.4,4,0.5,0.0,1.0,0.0,2.0,4,0.25,0.0,0.5,0.0,1.0,4,0.0,0.0,0.0,0.0,0.0,4,0.25,0.0,0.5,0.0,1.0,3,2.6666666666666665,2.0,3.0550504633038935,0.0,6.0,3,7.3999999999999995,0.0,12.817175976009691,0.0,22.2,3,0.0,0.0,0.0,0.0,0.0,3,7.3999999999999995,0.0,12.817175976009691,0.0,22.2,3,9.066666666666666,0.0,15.70392732195782,0.0,27.2,80.8
2026-10-05T08:00,4,79.65,79.80000000000001,4.864497233356532,74.3,84.7,4,0.25,0.0,0.5,0.0,1.0,4,0.25,0.0,0.5,0.0,1.0,4,0.0,0.0,0.0,0.0,0.0,4,0.25,0.0,0.5,0.0,1.0,3,3.0,3.0,3.0,0.0,6.0,3,176.69999999999996,162.1,30.99612879054417,155.7,212.3,3,819.6333333333332,777.9,157.40550604516142,687.3,993.7,3,65.3,50.0,46.86224493128771,28.0,117.9,3,76.10000000000001,79.2,13.715319901482433,61.1,88.0,64.4
2026-10-05T09:00,4,83.5,84.4,5.355993527504178,77.2,88.0,4,0.25,0.0,0.5,0.0,1.0,4,0.0,0.0,0.0,0.0,0.0,4,0.0,0.0,0.0,0.0,0.0,4,0.0,0.0,0.0,0.0,0.0,3,3.3333333333333335,4.0,3.0550504633038935,0.0,6.0,3,388.6666666666667,385.9,6.4143069254077005,384.1,396.0,3,909.8000000000001,991.6,149.9842325046203,736.7,1001.1,3,92.7,61.9,53.34716487312143,61.9,154.3,3,84.36666666666667,84.8,9.257609482654436,74.9,93.4,67.0
2026-10-05T10:00,4,87.15,88.35,6.219592698347166,79.6,92.3,4,0.0,0.0,0.0,0.0,0.0,4,0.0,0.0,0.0,0.0,0.0,4,0.0,0.0,0.0,0.0,0.0,4,0.0,0.0,0.0,0.0,0.0,3,3.6666666666666665,5.0,3.2145502536643185,0.0,6.0,3,564.6666666666666,570.1,11.187641991650155,551.8,572.1,3,904.1666666666666,958.5,128.8025362069138,757.1,996.9,3,110.39999999999999,90.0,52.181701773706074,71.5,169.7,3,88.7,87.4,5.8591808301161,83.6,95.1,66.1
2026-10-05T11:00,4,89.74999999999999,91.15,6.862701120307266,81.2,95.5,4,0.0,0.0,0.0,0.0,0.0,4,0.0,0.0,0.0,0.0,0.0,4,0.0,0.0,0.0,0.0,0.0,4,0.0,0.0,0.0,0.0,0.0,3,3.6666666666666665,5.0,3.2145502536643185,0.0,6.0,3,696.4333333333334,705.8,20.88931146144679,672.5,711.0,3,894.2666666666668,933.8,121.61847447379589,757.8,991.2,3,122.33333333333333,107.5,56.334211038527314,74.9,184.6,3,91.76666666666667,91.0,3.808324215889887,88.4,95.9,63.5
2026-10-05T12:00,4,91.125,92.65,7.000178569150935,82.1,97.1,4,0.0,0.0,0.0,0.0,0.0,4,0.0,0.0,0.0,0.0,0.0,4,0.0,0.0,0.0,0.0,0.0,4,0.0,0.0,0.0,0.0,0.0,3,3.6666666666666665,5.0,3.2145502536643185,0.0,6.0,3,782.1999999999999,798.4,31.586706064418934,745.8,802.4,3,904.9333333333334,976.6,139.29168436533945,744.4,993.8,3,117.73333333333333,82.1,69.92755775324444,72.8,198.3,3,94.56666666666666,97.6,5.428013755816514,88.3,97.8,59.8
2026-10-05T13:00,4,91.77499999999999,93.45,7.02442168438086,82.3,97.9,4,0.0,0.0,0.0,0.0,0.0,4,0.0,0.0,0.0,0.0,0.0,4,0.0,0.0,0.0,0.0,0.0,4,0.0,0.0,0.0,0.0,0.0,3,3.3333333333333335,4.0,3.0550504633038935,0.0,6.0,3,798.0,814.3,30.68924893183279,762.6,817.1,3,877.8333333333334,944.5,132.08623445814982,725.7,963.3,3,119.06666666666666,84.1,71.20957332643789,72.1,201.0,3,94.46666666666665,97.7,5.774368652357884,87.8,97.9,60.6
2026-10-05T14:00,4,91.9,93.65,7.0232945735364645,82.1,98.2,4,0.0,0.0,0.0,0.0,0.0,4,0.0,0.0,0.0,0.0,0.0,4,0.0,0.0,0.0,0.0,0.0,4,0.0,0.0,0.0,0.0,0.0,3,3.0,3.0,3.0,0.0,6.0,3,749.2333333333332,763.8,27.069232226521123,718.0,765.9,3,839.0333333333333,900.2,119.25998211191097,701.6,915.3,3,114.60000000000001,84.9,63.49307048804617,71.4,187.5,3,94.0,97.5,6.236184731067546,86.8,97.7,62.4
2026-10-05T15:00,4,91.67500000000001,93.25,7.115417532841389,81.7,98.5,4,0.0,0.0,0.0,0.0,0.0,4,0.0,0.0,0.0,0.0,0.0,4,0.0,0.0,0.0,0.0,0.0,4,0.0,0.0,0.0,0.0,0.0,3,2.6666666666666665,2.0,3.0550504633038935,0.0,6.0,3,639.8333333333334,649.5,22.700073421320297,613.9,656.1,3,785.6666666666666,840.5,109.48444333937739,659.6,856.9,3,102.03333333333335,80.3,53.61243636819104,62.7,163.1,3,91.13333333333333,92.2,6.070694633510517,84.6,96.6,63.7
2026-10-05T16:00,4,91.07499999999999,92.4,7.22835850429866,81.1,98.4,4,0.0,0.0,0.0,0.0,0.0,4,0.0,0.0,0.0,0.0,0.0,4,0.0,0.0,0.0,0.0,0.0,4,0.0,0.0,0.0,0.0,0.0,3,2.3333333333333335,1.0,3.2145502536643185,0.0,6.0,3,480.3999999999999,485.7,17.46396289505908,460.9,494.6,3,699.3000000000001,756.1,102.91666531713904,580.5,761.3,3,86.89999999999999,68.4,42.20888532051042,57.1,135.2,3,85.13333333333333,83.2,6.229232162420449,80.1,92.1,64.7
2026-10-05T17:00,4,90.2,91.25,7.352550577860722,80.3,98.0,4,0.0,0.0,0.0,0.0,0.0,4,0.0,0.0,0.0,0.0,0.0,4,0.0,0.0,0.0,0.0,0.0,4,0.0,0.0,0.0,0.0,0.0,3,2.0,0.0,3.4641016151377544,0.0,6.0,3,287.8666666666666,288.5,9.765415164412278,277.8,297.3,3,561.0333333333334,616.7,100.77863530199909,444.7,621.7,3,63.96666666666666,48.4,32.47989121492455,42.2,101.3,3,76.16666666666667,72.1,7.392789279651719,71.7,84.7,65.6
2026-10-05T18:00,4,88.825,89.3,7.373545054223686,79.4,97.3,4,0.0,0.0,0.0,0.0,0.0,4,0.0,0.0,0.0,0.0,0.0,4,0.0,0.0,0.0,0.0,0.0,4,0.0,0.0,0.0,0.0,0.0,3,2.0,0.0,3.4641016151377544,0.0,6.0,3,83.83333333333333,84.0,2.753785273643053,81.0,86.5,3,271.26666666666665,298.6,49.17258721415146,214.5,300.7,3,28.233333333333334,22.4,12.881899445863304,19.3,43.0,3,59.5,59.0,5.467174773134661,54.3,65.2,71.7
2026-10-05T19:00,4,86.875,86.6,7.6032339610633235,77.9,96.4,4,0.0,0.0,0.0,0.0,0.0,4,0.0,0.0,0.0,0.0,0.0,4,0.0,0.0,0.0,0.0,0.0,4,0.0,0.0,0.0,0.0,0.0,3,2.3333333333333335,1.0,3.214550253664318,0.0,6.0,3,0.0,0.0,0.0,0.0,0.0,3,0.0,0.0,0.0,0.0,0.0,3,0.0,0.0,0.0,0.0,0.0,3,28.166666666666668,30.1,4.521430452117265,23.0,31.4,76.2
2026-10-05T20:00,4,84.64999999999999,83.44999999999999,7.86998517575901,76.4,95.3,4,0.0,0.0,0.0,0.0,0.0,4,0.0,0.0,0.0,0.0,0.0,4,0.0,0.0,0.0,0.0,0.0,4,0.0,0.0,0.0,0.0,0.0,3,2.3333333333333335,1.0,3.214550253664318,0.0,6.0,3,0.0,0.0,0.0,0.0,0.0,3,0.0,0.0,0.0,0.0,0.0,3,0.0,0.0,0.0,0.0,0.0,3,0.0,0.0,0.0,0.0,0.0,75.4
2026-10-05T21:00,4,82.325,80.15,8.32561309053774,74.8,94.2,4,0.0,0.0,0.0,0.0,0.0,4,0.0,0.0,0.0,0.0,0.0,4,0.0,0.0,0.0,0.0,0.0,4,0.0,0.0,0.0,0.0,0.0,3,2.3333333333333335,1.0,3.214550253664318,0.0,6.0,3,0.0,0.0,0.0,0.0,0.0,3,0.0,0.0,0.0,0.0,0.0,3,0.0,0.0,0.0,0.0,0.0,3,0.0,0.0,0.0,0.0,0.0,75.0
2026-10-05T22:00,4,80.15,77.19999999999999,8.702681579068988,73.3,92.9,4,0.0,0.0,0.0,0.0,0.0,4,0.0,0.0,0.0,0.0,0.0,4,0.0,0.0,0.0,0.0,0.0,4,0.0,0.0,0.0,0.0,0.0,3,2.6666666666666665,2.0,3.0550504633038935,0.0,6.0,3,0.0,0.0,0.0,0.0,0.0,3,0.0,0.0,0.0,0.0,0.0,3,0.0,0.0,0.0,0.0,0.0,3,0.0,0.0,0.0,0.0,0.0,75.0
2026-10-05T23:00,4,78.475,75.0,8.916417441999897,72.2,91.7,4,0.0,0.0,0.0,0.0,0.0,4,0.0,0.0,0.0,0.0,0.0,4,0.0,0.0,0.0,0.0,0.0,4,0.0,0.0,0.0,0.0,0.0,3,2.6666666666666665,2.0,3.0550504633038935,0.0,6.0,3,0.0,0.0,0.0,0.0,0.0,3,0.0,0.0,0.0,0.0,0.0,3,0.0,0.0,0.0,0.0,0.0,3,0.0,0.0,0.0,0.0,0.0,75.0
