time,source,model,temperature_2m,relative_humidity_2m,dew_point_2m,apparent_temperature,wet_bulb_temperature_2m,pressure_msl,surface_pressure,visibility,weather_code,cloud_cover,cloud_cover_low,cloud_cover_mid,cloud_cover_high,precipitation_probability,precipitation,rain,showers,snowfall,wind_speed_10m,wind_direction_10m,wind_gusts_10m,uv_index,uv_index_clear_sky,sunshine_duration,is_day,cape,lifted_index,convective_inhibition,freezing_level_height,boundary_layer_height,total_column_integrated_water_vapour,evapotranspiration,et0_fao_evapotranspiration,vapour_pressure_deficit,shortwave_radiation,direct_radiation,diffuse_radiation,direct_normal_irradiance,terrestrial_radiation,shortwave_radiation_instant,direct_radiation_instant,diffuse_radiation_instant,direct_normal_irradiance_instant,terrestrial_radiation_instant,relative_humidity_925hPa,relative_humidity_850hPa,relative_humidity_700hPa,relative_humidity_500hPa,relative_humidity_300hPa,cloud_cover_925hPa,cloud_cover_850hPa,cloud_cover_700hPa,cloud_cover_500hPa,cloud_cover_300hPa,geopotential_height_925hPa,geopotential_height_850hPa,geopotential_height_700hPa,geopotential_height_500hPa,geopotential_height_300hPa,timezone,latitude_grid,longitude_grid,elevation_m,generationtime_ms,uv_transmission,uv_attenuation,clearness_index,clearness_index_instant,direct_fraction,diffuse_fraction,direct_fraction_instant,diffuse_fraction_instant,sunshine_fraction,ghi_balance_error,ghi_balance_error_instant,upper_air_rh_max,upper_air_cloud_max,sun_score_0_100,sun_score_evidence_weight,air__pm10,air__pm2_5,air__carbon_monoxide,air__carbon_dioxide,air__nitrogen_dioxide,air__sulphur_dioxide,air__ozone,air__methane,air__aerosol_optical_depth,air__dust,air__uv_index,air__uv_index_clear_sky,air__us_aqi,air__us_aqi_pm2_5,air__us_aqi_pm10,air__us_aqi_ozone,time_utc,sza,solar_elevation_deg,solar_azimuth_deg,clear_ghi,clear_dni,clear_dhi,ghi,dni,dhi,kt,cloud,temp_c,rh,pressure_kpa,aod55,cams_cycle,aod340,aod380,ozone_du,cams_forecast_albedo,albedo,predicted_uva_wm2,predicted_uvb_wm2,tan_calibration_tier,tan_score_absolute_0_100,absolute_tan_intensity_label,local_tan_score_0_100,atmospheric_quality_percentile_0_100,local_tan_label,ensemble_strong_sun_support_0_100,deterministic_agreement_0_100,sun_window_confidence_0_100,tan_forecast_confidence_0_100,uv_input_disagree,humidity_context_pct,wet_bulb_context_f,wind_context_mph,precipitation_context_probability_pct,skin_plane_standard,sun_compass,torso_lift_deg,sun_posture_guidance,outdoor_feasibility_0_100,outdoor_blocked,outdoor_block_reason,outdoor_flags,minimum_tan_temperature_f,overall_components_unblocked_0_100,overall_tan_opportunity_0_100,fitzpatrick_type,fitzpatrick_label,skin_response_note,personal_uv_risk_context
2026-09-22T00:00,deterministic,best_match,65.9,76,58.1,66.7,60.6,1012.7,1002.6,64304.46,0,6,6,0,0,0,0.0,0.0,0.0,0.0,4.3,354,6.3,0.0,0.0,0.0,0,0.0,3.3,0.0,13188.977,475.722,28.1,0.0,0.001,0.52,0.0,0.0,0.0,0.0,0.0,0.0,0.0,0.0,0.0,0.0,90,55,36,7,2,24,0,0,0,0,2559.055,4911.418,10236.221,18996.062,31268.522,America/Los_Angeles,34.03202,-118.52633,86.0,42.10615158081055,,,,,,,,,0.0,0.0,0.0,90.0,24.0,0.0,0.6,13.1,11.0,192.0,468.0,23.6,4.3,53.0,1421.0,0.17,1.0,0.0,0.0,59.0,59.0,15.0,36.0,2026-09-22 07:00:00+00:00,143.96353081855682,-53.963530818556826,339.78496191178397,0.0,0.0,0.0,0.0,0.0,0.0,,6,18.833333333333336,76,100.26,0.17,2026-09-22T00:00Z,0.21140324,0.19765928,283.54062,0.16548818,0.16548818,0.0,0.0,nasa_power_ml_plus_cams_spectral,0.0,low,0.0,,poor locally,,,,,False,76,60.6,4.3,0,horizontal environmental reference,NNW,,sun below horizon — no direct-sun posture,93.6,False,,cold,50.0,0.0,0.0,,not specified,Environmental scores are skin-type independent.,not personalized
2026-09-22T01:00,deterministic,best_match,65.6,73,56.7,65.7,59.7,1012.8,1002.7,68897.64,0,12,12,0,0,0,0.0,0.0,0.0,0.0,4.9,16,5.4,0.0,0.0,0.0,0,0.0,4.0,0.0,13385.827,1181.102,26.6,0.0,0.001,0.58,0.0,0.0,0.0,0.0,0.0,0.0,0.0,0.0,0.0,0.0,91,53,33,9,2,27,0,0,0,0,2559.055,4908.137,10232.939,18992.784,31263.228,America/Los_Angeles,34.03202,-118.52633,86.0,42.10615158081055,,,,,,,,,0.0,0.0,0.0,91.0,27.0,0.0,0.6,14.1,11.9,210.0,474.0,26.3,4.4,51.0,1439.0,0.18,1.0,0.0,0.0,59.0,59.0,15.0,33.0,2026-09-22 08:00:00+00:00,145.56336944119974,-55.56336944119973,5.796235733576168,0.0,0.0,0.0,0.0,0.0,0.0,,12,18.666666666666664,73,100.27000000000001,0.18,2026-09-22T00:00Z,0.2296224,0.21440208,283.95078,0.16548818,0.16548818,0.0,0.0,nasa_power_ml_plus_cams_spectral,0.0,low,0.0,,poor locally,,,,,False,73,59.7,4.9,0,horizontal environmental reference,N,,sun below horizon — no direct-sun posture,92.7,False,,cold,50.0,0.0,0.0,,not specified,Environmental scores are skin-type independent.,not personalized
2026-09-22T02:00,deterministic,best_match,65.3,69,54.9,65.4,58.6,1012.6,1002.5,76115.488,0,15,15,0,0,0,0.0,0.0,0.0,0.0,3.5,27,3.6,0.0,0.0,0.0,0,0.0,4.8,0.0,13648.294,2050.525,25.3,0.0,0.001,0.66,0.0,0.0,0.0,0.0,0.0,0.0,0.0,0.0,0.0,0.0,91,52,31,9,4,27,0,0,0,0,2555.775,4901.575,10229.659,18996.062,31279.106,America/Los_Angeles,34.03202,-118.52633,86.0,42.10615158081055,,,,,,,,,0.0,0.0,0.0,91.0,27.0,0.0,0.6,15.6,13.3,229.0,482.0,30.3,4.4,46.0,1467.0,0.19,1.0,0.0,0.0,59.0,59.0,15.0,31.0,2026-09-22 09:00:00+00:00,141.67072918934983,-51.67072918934983,30.376301795961012,0.0,0.0,0.0,0.0,0.0,0.0,,15,18.5,69,100.25,0.19,2026-09-22T00:00Z,0.22923936,0.21319197,284.4622,0.16548818,0.16548818,0.0,0.0,nasa_power_ml_plus_cams_spectral,0.0,low,0.0,,poor locally,,,,,False,69,58.6,3.5,0,horizontal environmental reference,NNE,,sun below horizon — no direct-sun posture,91.8,False,,cold,50.0,0.0,0.0,,not specified,Environmental scores are skin-type independent.,not personalized
2026-09-22T03:00,deterministic,best_match,64.9,68,54.1,65.0,58.0,1012.6,1002.5,77755.904,2,52,52,0,0,0,0.0,0.0,0.0,0.0,2.7,55,2.9,0.0,0.0,0.0,0,0.0,4.4,0.0,13484.252,2099.738,24.4,0.0,0.0,0.67,0.0,0.0,0.0,0.0,0.0,0.0,0.0,0.0,0.0,0.0,91,57,23,9,4,27,0,0,0,0,2555.775,4901.575,10219.816,18979.658,31247.354,America/Los_Angeles,34.03202,-118.52633,86.0,42.10615158081055,,,,,,,,,0.0,0.0,0.0,91.0,27.0,0.0,0.6,18.8,16.4,250.0,492.0,37.1,4.3,37.0,1518.0,0.21,1.0,0.0,0.0,58.0,58.0,15.0,28.0,2026-09-22 10:00:00+00:00,133.67148767022243,-43.67148767022243,49.34434787004977,0.0,0.0,0.0,0.0,0.0,0.0,,52,18.277777777777782,68,100.25,0.21,2026-09-22T00:00Z,0.23951048,0.22249472,285.66638,0.16548818,0.16548818,0.0,0.0,nasa_power_ml_plus_cams_spectral,0.0,low,0.0,,poor locally,,,,,False,68,58.0,2.7,0,horizontal environmental reference,NE,,sun below horizon — no direct-sun posture,90.5,False,,cold,50.0,0.0,0.0,,not specified,Environmental scores are skin-type independent.,not personalized
2026-09-22T04:00,deterministic,best_match,64.4,68,53.6,64.2,57.5,1012.6,1002.4,78083.992,2,64,64,0,0,0,0.0,0.0,0.0,0.0,3.0,42,3.1,0.0,0.0,0.0,0,0.0,5.0,0.0,13582.678,1935.696,24.2,0.0,0.001,0.66,0.0,0.0,0.0,0.0,0.0,0.0,0.0,0.0,0.0,0.0,93,54,22,9,6,36,0,0,0,0,2552.494,4898.294,10219.816,18982.94,31236.772,America/Los_Angeles,34.03202,-118.52633,86.0,42.10615158081055,,,,,,,,,0.0,0.0,0.0,93.0,36.0,0.0,0.6,21.7,19.3,270.0,504.0,45.1,4.1,27.0,1580.0,0.23,1.0,0.0,0.0,58.0,58.0,15.0,26.0,2026-09-22 11:00:00+00:00,123.32278651811232,-33.32278651811232,63.292635372661266,0.0,0.0,0.0,0.0,0.0,0.0,,64,18.000000000000004,68,100.24,0.23,2026-09-22T00:00Z,0.25335607,0.2347031,286.96225,0.16544467,0.16544467,0.0,0.0,nasa_power_ml_plus_cams_spectral,0.0,low,0.0,,poor locally,,,,,False,68,57.5,3.0,0,horizontal environmental reference,ENE,,sun below horizon — no direct-sun posture,89.0,False,,cold,50.0,0.0,0.0,,not specified,Environmental scores are skin-type independent.,not personalized
2026-09-22T05:00,deterministic,best_match,63.5,70,53.6,63.4,57.1,1012.9,1002.7,76115.488,0,14,14,0,0,0,0.0,0.0,0.0,0.0,2.8,45,2.7,0.0,0.0,0.0,0,0.0,4.6,0.0,13681.103,1984.908,23.6,0.0,0.0,0.6,0.0,0.0,0.0,0.0,0.0,0.0,0.0,0.0,0.0,0.0,93,49,23,9,6,36,0,0,0,0,2559.055,4908.137,10226.378,18996.062,31231.478,America/Los_Angeles,34.03202,-118.52633,86.0,42.10615158081055,,,,,,,,,0.0,0.0,0.0,93.0,36.0,0.0,0.6,24.8,22.2,283.0,510.0,51.1,4.0,19.0,1623.0,0.24,1.0,0.0,0.0,58.0,58.0,15.0,23.0,2026-09-22 12:00:00+00:00,111.75211853515842,-21.75211853515842,74.10068172728927,0.0,0.0,0.0,0.0,0.0,0.0,,14,17.5,70,100.27000000000001,0.24,2026-09-22T00:00Z,0.269197,0.24915299,287.14172,0.16527045,0.16527045,0.0,0.0,nasa_power_ml_plus_cams_spectral,0.0,low,0.0,,poor locally,,,,,False,70,57.1,2.8,0,horizontal environmental reference,ENE,,sun below horizon — no direct-sun posture,86.2,False,,cold,50.0,0.0,0.0,,not specified,Environmental scores are skin-type independent.,not personalized
2026-09-22T06:00,deterministic,best_match,63.6,72,54.4,63.6,57.7,1012.1,1001.9,74803.152,1,21,21,0,0,0,0.0,0.0,0.0,0.0,3.4,37,3.4,0.0,0.0,0.0,0,0.0,4.7,0.0,13681.103,1870.079,23.4,0.0,0.001,0.56,0.0,0.0,0.0,0.0,0.0,0.0,0.0,0.0,0.0,0.0,93,47,24,9,6,36,0,0,0,0,2536.089,4881.89,10206.693,18973.098,31194.438,America/Los_Angeles,34.03202,-118.52633,86.0,42.10615158081055,,,,,,,,,0.0,0.0,0.0,93.0,36.0,0.0,0.6,28.0,25.5,284.0,508.0,54.9,4.1,13.0,1635.0,0.25,1.0,0.0,0.0,58.0,58.0,15.0,20.0,2026-09-22 13:00:00+00:00,99.58032306084247,-9.580323060842474,83.23327266466265,0.0,0.0,0.0,0.0,0.0,0.0,,21,17.555555555555557,72,100.19,0.25,2026-09-22T00:00Z,0.27243948,0.25221103,286.79352,0.1650238,0.1650238,0.0,0.0,nasa_power_ml_plus_cams_spectral,0.0,low,0.0,0.0,poor locally,,,,,False,72,57.7,3.4,0,horizontal environmental reference,E,,sun below horizon — no direct-sun posture,86.6,False,,cold,50.0,0.0,0.0,,not specified,Environmental scores are skin-type independent.,not personalized
2026-09-22T07:00,deterministic,best_match,62.8,73,54.0,62.1,57.1,1013.1,1002.9,74146.984,0,12,12,0,0,0,0.0,0.0,0.0,0.0,4.7,8,4.9,0.0,0.0,0.0,1,0.0,5.1,0.0,13746.72,1673.228,23.2,0.0,0.002,0.53,0.0,0.0,0.0,0.0,7.6,0.0,0.0,0.0,0.0,66.9,92,44,26,7,6,32,0,0,0,0,2562.336,4914.698,10239.501,19009.186,31220.896,America/Los_Angeles,34.03202,-118.52633,86.0,42.10615158081055,,,0.0,0.0,,,,,0.0,0.0,0.0,92.0,32.0,0.0,0.75,31.7,29.3,277.0,502.0,56.6,4.3,8.0,1628.0,0.25,1.0,0.05,0.05,59.0,59.0,15.0,18.0,2026-09-22 14:00:00+00:00,86.94713868402735,3.0528613159726543,91.71092572634097,5.598388906965185,18.00461171220628,4.639512377610569,0.0,0.0,0.0,0.0,12,17.11111111111111,73,100.28999999999999,0.25,2026-09-22T00:00Z,0.27963674,0.25930116,286.06738,0.16482037,0.16482037,0.0,0.0,nasa_power_ml_plus_cams_spectral,0.0,low,0.0,0.0,poor locally,32.8,74.0,47.2,47.2,False,73,57.1,4.7,0,horizontal environmental reference,E,86.9,"sun low 3° (E) — face E, lift torso ~87° toward the sun if comfortable",84.1,False,,cold,50.0,0.5,0.4,,not specified,Environmental scores are skin-type independent.,not personalized
2026-09-22T08:00,deterministic,best_match,68.0,73,59.0,69.5,61.9,1013.4,1003.3,72178.48,0,5,5,0,0,0,0.0,0.0,0.0,0.0,3.4,337,3.8,0.55,0.55,3600.0,1,0.0,4.5,0.0,13713.911,1607.612,23.5,0.0,0.002,0.63,101.0,56.5,44.5,361.5,212.3,169.1,94.6,74.5,605.2,355.4,89,43,28,7,8,20,0,0,0,0,2568.898,4924.541,10249.344,19019.03,31226.19,America/Los_Angeles,34.03202,-118.52633,86.0,42.10615158081055,1.0,0.0,0.47574187470560525,0.475801913337085,0.5594059405940595,0.4405940594059406,0.5594322885866351,0.44056771141336487,1.0,0.0,0.0,89.0,20.0,56.5,1.0,33.8,31.4,264.0,494.0,53.7,4.6,12.0,1610.0,0.25,1.0,0.6,0.6,60.0,60.0,16.0,15.0,2026-09-22 15:00:00+00:00,74.7760879929913,15.223912007008702,100.36380649233996,169.1004653355443,397.83764978970135,64.63152141588053,101.0,361.5,44.5,0.47574187470560525,5,20.0,73,100.33,0.25,2026-09-22T00:00Z,0.29781148,0.27683035,285.53207,0.16470462,0.16470462,5.708,0.0375,nasa_power_ml_plus_cams_spectral,5.1,low,18.1,43.4,poor locally,41.7,59.9,48.1,48.1,False,73,61.9,3.4,0,horizontal environmental reference,E,74.8,"sun low 15° (E) — face E, lift torso ~75° toward the sun if comfortable",100.0,False,,,50.0,10.7,10.7,,not specified,Environmental scores are skin-type independent.,not personalized
2026-09-22T09:00,deterministic,best_match,70.6,72,61.1,72.6,64.2,1013.5,1003.5,66929.132,1,28,28,0,0,0,0.0,0.0,0.0,0.0,4.3,258,4.5,1.85,1.85,3600.0,1,0.0,3.2,0.0,13582.678,1968.504,23.9,0.0,0.007,0.71,296.0,202.3,93.8,560.2,490.3,374.2,255.7,118.5,708.2,619.8,83,41,32,7,12,0,0,0,0,0,2572.179,4934.384,10259.187,19028.872,31236.772,America/Los_Angeles,34.03202,-118.52633,86.0,42.10615158081055,1.0,0.0,0.6037120130532327,0.6037431429493385,0.683445945945946,0.3168918918918919,0.6833244254409406,0.3166755745590593,1.0,-0.10000000000002274,0.0,83.0,0.0,68.0,1.0,23.6,20.3,244.0,485.0,42.7,5.3,29.0,1579.0,0.24,2.0,1.8,1.9,61.0,61.0,16.0,12.0,2026-09-22 16:00:00+00:00,62.82334108626502,27.176658913734986,110.07646049805459,379.62475722005945,615.136786250111,98.66991282386482,296.0,560.2,93.8,0.6037120130532327,28,21.444444444444443,72,100.35,0.24,2026-09-22T00:00Z,0.320148,0.29830575,284.9136,0.16474885,0.16474885,16.354,0.2498,nasa_power_ml_plus_cams_spectral,15.6,low,35.7,43.8,below typical locally,52.7,63.9,56.6,56.6,False,72,64.2,4.3,0,horizontal environmental reference,ESE,62.8,"sun low 27° (ESE) — face ESE, lift torso ~63° toward the sun if comfortable",100.0,False,,,50.0,23.8,23.8,,not specified,Environmental scores are skin-type independent.,not personalized
2026-09-22T10:00,deterministic,best_match,71.1,75,62.8,72.6,65.4,1014.0,1004.0,63648.292,0,16,16,0,0,0,0.0,0.0,0.0,0.0,7.1,246,7.4,3.55,3.55,3600.0,1,0.0,2.5,0.0,13648.294,1886.483,24.3,0.0,0.011,0.65,469.5,333.0,136.5,615.3,735.1,537.9,381.5,156.4,704.9,842.1,77,38,34,9,18,0,0,0,0,0,2595.144,4960.63,10291.995,19061.68,31268.522,America/Los_Angeles,34.03202,-118.52633,86.0,42.10615158081055,1.0,0.0,0.6386886137940416,0.6387602422515141,0.7092651757188498,0.29073482428115016,0.7092396356200037,0.2907603643799963,1.0,0.0,0.0,77.0,0.0,77.9,1.0,22.2,17.5,219.0,474.0,27.0,6.1,54.0,1536.0,0.23,4.0,3.55,3.85,61.0,61.0,16.0,11.0,2026-09-22 17:00:00+00:00,51.67276483081179,38.32723516918821,122.04389923009722,565.3848121443821,720.3597624602896,118.65226472828022,469.5,615.3,136.5,0.6386886137940416,16,21.72222222222222,75,100.4,0.23,2026-09-22T00:00Z,0.3623255,0.33811763,284.6304,0.16474885,0.16474885,26.653,0.6087,nasa_power_ml_plus_cams_spectral,27.3,low-moderate,50.9,34.6,typical-to-good locally,65.3,62.7,64.4,64.4,False,75,65.4,7.1,0,horizontal environmental reference,ESE,51.7,"sun 38° up (ESE) — lay flat, or lift torso ~52° toward ESE to face it",100.0,False,,,50.0,34.9,34.9,,not specified,Environmental scores are skin-type independent.,not personalized
2026-09-22T11:00,deterministic,best_match,71.6,78,64.4,73.8,66.6,1013.7,1003.7,57414.7,0,14,14,0,0,0,0.0,0.0,0.0,0.0,9.4,252,10.3,5.1,5.1,3600.0,1,0.0,2.0,0.0,13910.762,1689.633,24.5,0.0,0.014,0.58,642.3,477.5,164.8,697.5,929.8,695.6,517.2,178.4,755.5,1007.1,75,36,37,9,24,0,0,0,0,0,2588.583,4960.63,10291.995,19074.802,31279.106,America/Los_Angeles,34.03202,-118.52633,86.0,42.10615158081055,1.0,0.0,0.6907937190793719,0.6906960579882832,0.7434220769111007,0.2565779230888993,0.7435307648073606,0.2564692351926394,1.0,0.0,0.0,75.0,0.0,88.3,1.0,23.2,17.3,193.0,463.0,14.7,6.5,76.0,1493.0,0.21,5.0,5.55,5.85,62.0,62.0,16.0,12.0,2026-09-22 18:00:00+00:00,42.14230456170297,47.85769543829703,137.99280357579113,705.3186255491177,774.5331048657762,131.01733357802186,642.3,697.5,164.8,0.6907937190793719,14,21.999999999999996,78,100.37,0.21,2026-09-22T00:00Z,0.38914627,0.36387864,284.97583,0.16474885,0.16474885,37.771,0.9978,nasa_power_ml_plus_cams_spectral,38.9,moderate,65.8,25.5,typical-to-good locally,83.4,68.9,78.3,78.3,False,78,66.6,9.4,0,horizontal environmental reference,SE,42.1,"sun 48° up (SE) — lay flat, or lift torso ~42° toward SE to face it",100.0,False,,,50.0,44.8,44.8,,not specified,Environmental scores are skin-type independent.,not personalized
2026-09-22T12:00,deterministic,best_match,71.7,78,64.5,74.2,66.7,1012.5,1002.5,56430.444,0,12,12,0,0,0,0.0,0.0,0.0,0.0,10.9,251,12.3,6.3,6.3,3600.0,1,0.0,1.9,0.0,14107.611,1624.016,24.6,0.0,0.016,0.58,742.5,555.5,187.0,711.0,1061.3,772.1,577.6,194.4,739.2,1103.5,72,34,37,9,26,0,0,0,0,0,2559.055,4934.384,10269.029,19058.398,31263.228,America/Los_Angeles,34.03202,-118.52633,86.0,42.10615158081055,1.0,0.0,0.6996136813342128,0.6996828273674671,0.7481481481481481,0.2518518518518518,0.7480896256961533,0.25178085740189093,1.0,0.0,0.10000000000002274,72.0,0.0,92.7,1.0,23.6,17.3,166.0,453.0,9.2,6.0,92.0,1447.0,0.2,5.0,7.15,7.2,62.0,62.0,17.0,14.0,2026-09-22 19:00:00+00:00,35.670402356403514,54.329597643596486,159.6810964928261,787.5625448327621,800.0333089598781,137.62759545478286,742.5,711.0,187.0,0.6996136813342128,12,22.055555555555557,78,100.25,0.2,2026-09-22T00:00Z,0.4023784,0.37655866,285.19232,0.16469032,0.16469032,44.705,1.2679,nasa_power_ml_plus_cams_spectral,46.9,moderate,79.4,29.2,good locally,99.4,69.7,89.0,89.0,False,78,66.7,10.9,0,horizontal environmental reference,SSE,35.7,"sun 54° up (SSE) — lay flat, or lift torso ~36° toward SSE to face it",100.0,False,,,50.0,53.3,53.3,,not specified,Environmental scores are skin-type independent.,not personalized
2026-09-22T13:00,deterministic,best_match,71.7,79,64.9,74.5,66.9,1012.0,1002.0,54133.86,0,14,14,0,0,0,0.0,0.0,0.0,0.0,11.7,252,13.9,6.85,6.85,3600.0,1,0.0,1.8,0.0,14271.653,1591.207,24.5,0.0,0.017,0.56,798.0,607.8,190.3,736.7,1120.5,801.1,610.1,191.0,739.6,1124.8,69,34,37,9,24,0,0,0,0,0,2549.213,4931.103,10272.31,19064.96,31273.812,America/Los_Angeles,34.03202,-118.52633,86.0,42.10615158081055,1.0,0.0,0.7121820615796519,0.7122155049786629,0.7616541353383458,0.23847117794486217,0.7615778304830858,0.23842216951691422,1.0,-0.09999999999990905,0.0,69.0,0.0,93.0,1.0,23.0,16.6,139.0,443.0,7.0,5.1,104.0,1401.0,0.19,5.0,7.35,7.35,62.0,62.0,17.0,18.0,2026-09-22 20:00:00+00:00,34.106007680900234,55.893992319099766,185.9235016119261,805.712049927763,805.1633854063949,139.03552288631886,798.0,736.7,190.3,0.7121820615796519,14,22.055555555555557,79,100.2,0.19,2026-09-22T00:00Z,0.4448489,0.41688374,285.4354,0.1647771,0.1647771,47.999,1.3583,nasa_power_ml_plus_cams_spectral,50.7,strong,85.5,41.2,good locally,99.3,74.0,90.4,90.4,False,79,66.9,11.7,0,horizontal environmental reference,S,34.1,"sun 56° up (S) — lay flat on back, face up",100.0,False,,,50.0,58.6,58.6,,not specified,Environmental scores are skin-type independent.,not personalized
2026-09-22T14:00,deterministic,best_match,71.8,79,65.0,74.0,67.0,1011.5,1001.5,54133.86,0,15,15,0,0,0,0.0,0.0,0.0,0.0,12.8,254,15.4,6.5,6.65,3600.0,1,0.0,1.7,0.0,14337.271,1591.207,24.7,0.0,0.017,0.56,782.8,566.8,216.0,697.7,1103.3,758.7,549.3,209.4,676.3,1069.5,65,36,36,9,22,0,0,0,0,0,2536.089,4924.541,10269.029,19064.96,31279.106,America/Los_Angeles,34.03202,-118.52633,86.0,42.10615158081055,0.9774436090225563,0.022556390977443663,0.7095078401160155,0.7093969144460028,0.7240674501788451,0.27593254982115484,0.7240015816528271,0.2759984183471728,1.0,0.0,1.1368683772161603e-13,65.0,0.0,90.7,1.0,20.4,14.7,120.0,437.0,5.8,4.2,111.0,1370.0,0.17,5.0,6.3,6.3,62.0,62.0,17.0,22.0,2026-09-22 21:00:00+00:00,38.070566950866315,51.929433049133685,210.6414400295914,758.3785788389338,791.4257636144149,135.3271493130428,782.8,697.7,216.0,0.7095078401160155,15,22.11111111111111,79,100.15,0.17,2026-09-22T00:00Z,0.44363233,0.4155523,285.74677,0.16496527,0.16496527,46.367,1.2645,nasa_power_ml_plus_cams_spectral,48.6,moderate,82.2,53.8,good locally,99.1,77.0,91.4,91.4,False,79,67.0,12.8,0,horizontal environmental reference,SSW,38.1,"sun 52° up (SSW) — lay flat, or lift torso ~38° toward SSW to face it",100.0,False,,,50.0,58.4,58.4,,not specified,Environmental scores are skin-type independent.,not personalized
2026-09-22T15:00,deterministic,best_match,70.8,79,64.0,71.3,66.0,1010.9,1000.9,52165.356,0,17,17,0,0,0,0.0,0.0,0.0,0.0,13.6,257,16.8,5.55,5.85,3600.0,1,0.0,1.8,0.0,14337.271,1558.399,24.8,0.0,0.014,0.54,676.8,459.0,217.8,616.7,1011.0,630.0,427.3,202.7,574.1,941.3,61,39,33,9,12,0,0,0,0,0,2519.685,4911.418,10259.187,19061.68,31279.106,America/Los_Angeles,34.03202,-118.52633,86.0,42.10615158081055,0.9487179487179488,0.05128205128205121,0.6694362017804154,0.669287156060767,0.6781914893617021,0.3218085106382979,0.6782539682539682,0.3217460317460317,1.0,0.0,0.0,61.0,0.0,84.3,1.0,17.7,12.5,115.0,436.0,4.6,3.4,112.0,1367.0,0.16,5.0,4.4,4.4,62.0,62.0,17.0,28.0,2026-09-22 22:00:00+00:00,46.13891166850611,43.86108833149389,229.6204761180379,649.1619827561732,754.6582828205164,126.24996446153159,676.8,616.7,217.8,0.6694362017804154,17,21.555555555555554,79,100.09,0.16,2026-09-22T00:00Z,0.48362693,0.45361197,286.16437,0.16519797,0.16519797,38.958,0.928,nasa_power_ml_plus_cams_spectral,41.1,moderate,69.4,55.4,typical-to-good locally,71.3,78.2,73.7,73.7,False,79,66.0,13.6,0,horizontal environmental reference,SW,46.1,"sun 44° up (SW) — lay flat, or lift torso ~46° toward SW to face it",100.0,False,,,50.0,50.0,50.0,,not specified,Environmental scores are skin-type independent.,not personalized
2026-09-22T16:00,deterministic,best_match,70.9,82,65.2,70.8,66.8,1010.2,1000.2,52493.436,1,26,26,0,0,0,0.0,0.0,0.0,0.0,14.0,262,17.7,4.3,4.45,3600.0,1,0.0,1.6,0.0,14468.504,1394.357,25.3,0.0,0.012,0.47,579.0,433.8,145.3,693.3,849.8,510.2,382.2,128.0,611.0,748.9,57,39,33,9,10,0,0,0,0,0,2506.562,4901.575,10255.905,19061.68,31284.394,America/Los_Angeles,34.03202,-118.52633,86.0,42.10615158081055,0.9662921348314606,0.03370786516853941,0.681336785125912,0.6812658565896649,0.7492227979274612,0.2509499136442142,0.7491179929439435,0.25088200705605646,1.0,-0.10000000000002274,0.0,57.0,0.0,79.7,1.0,16.2,11.1,120.0,438.0,4.3,2.6,107.0,1380.0,0.15,5.0,2.4,2.4,62.0,62.0,17.0,34.0,2026-09-22 23:00:00+00:00,56.534592192945205,33.465407807054795,243.53201856391973,486.770759098311,681.7352060294188,110.8391773583703,579.0,693.3,145.3,0.681336785125912,26,21.611111111111114,82,100.02000000000001,0.15,2026-09-22T00:00Z,0.45384672,0.42528585,286.14297,0.1654014,0.1654014,31.397,0.5649,nasa_power_ml_plus_cams_spectral,32.6,low-moderate,56.6,85.0,typical-to-good locally,51.9,74.2,59.7,59.7,False,82,66.8,14.0,0,horizontal environmental reference,WSW,56.5,"sun 33° up (WSW) — lay flat, or lift torso ~56° toward WSW to face it",100.0,False,,,50.0,42.7,42.7,,not specified,Environmental scores are skin-type independent.,not personalized
2026-09-22T17:00,deterministic,best_match,69.8,83,64.4,68.8,66.0,1009.9,999.9,52821.524,0,9,9,0,0,0,0.0,0.0,0.0,0.0,14.8,265,19.2,2.75,2.75,3600.0,1,0.0,2.0,0.0,14435.695,1197.507,26.0,0.0,0.008,0.42,389.8,269.8,120.0,581.0,630.7,312.4,216.2,96.2,465.7,505.5,54,38,39,9,12,0,0,0,0,0,2496.719,4898.294,10255.905,19064.96,31294.98,America/Los_Angeles,34.03202,-118.52633,86.0,42.10615158081055,1.0,0.0,0.6180434437926113,0.6180019782393669,0.6921498204207286,0.3078501795792714,0.6920614596670935,0.3079385403329066,1.0,0.0,0.0,54.0,0.0,68.1,1.0,16.6,11.1,126.0,440.0,5.5,2.1,100.0,1390.0,0.14,5.0,0.9,0.9,62.0,62.0,17.0,40.0,2026-09-23 00:00:00+00:00,68.12745053472902,21.872549465270975,254.298820475332,286.35786551449064,538.0277603744242,85.91927585130838,389.8,581.0,120.0,0.6180434437926113,9,21.0,83,99.99,0.14,2026-09-22T00:00Z,0.38875538,0.363324,285.72925,0.16488642,0.16488642,18.788,0.2178,nasa_power_ml_plus_cams_spectral,20.1,low-moderate,39.6,94.9,below typical locally,35.0,79.1,50.4,50.4,False,83,66.0,14.8,0,horizontal environmental reference,WSW,68.1,"sun low 22° (WSW) — face WSW, lift torso ~68° toward the sun if comfortable",100.0,False,,,50.0,29.8,29.8,,not specified,Environmental scores are skin-type independent.,not personalized
2026-09-22T18:00,deterministic,best_match,68.9,82,63.2,67.8,64.9,1010.0,1000.0,53477.692,0,4,4,0,0,0,0.0,0.0,0.0,0.0,13.9,267,18.3,1.2,1.2,3600.0,1,0.0,2.5,0.0,14435.695,1148.294,25.3,0.0,0.005,0.43,204.8,126.0,78.8,464.4,368.6,126.5,77.8,48.6,286.9,227.7,46,37,41,9,14,0,0,0,0,0,2503.281,4904.856,10265.748,19074.802,31305.562,America/Los_Angeles,34.03202,-118.52633,86.0,42.10615158081055,1.0,0.0,0.555615843733044,0.5555555555555556,0.615234375,0.38476562499999994,0.6150197628458498,0.3841897233201581,1.0,0.0,0.09999999999999432,46.0,0.0,54.4,1.0,16.5,11.3,131.0,441.0,7.3,1.9,91.0,1388.0,0.13,4.0,0.15,0.15,62.0,62.0,17.0,44.0,2026-09-23 01:00:00+00:00,80.27516695161637,9.724833048383633,263.39635451320333,79.10836702581427,230.84608316972125,40.11463481070751,204.8,464.4,78.8,0.555615843733044,4,20.500000000000004,82,100.0,0.13,2026-09-22T00:00Z,0.33695138,0.31449974,286.21323,0.16488642,0.16488642,7.627,0.0405,nasa_power_ml_plus_cams_spectral,8.4,low,22.1,99.8,poor locally,35.0,80.8,51.0,51.0,False,82,64.9,13.9,0,horizontal environmental reference,W,80.3,"sun low 10° (W) — face W, lift torso ~80° toward the sun if comfortable",100.0,False,,,50.0,16.3,16.3,,not specified,Environmental scores are skin-type independent.,not personalized
2026-09-22T19:00,deterministic,best_match,67.7,85,63.0,67.5,64.4,1010.0,999.9,52493.436,0,3,3,0,0,0,0.0,0.0,0.0,0.0,11.5,264,14.5,0.15,0.15,2796.74,0,0.0,2.5,0.0,14337.271,557.743,24.3,0.0,0.002,0.35,34.8,18.0,16.8,170.5,88.6,0.0,0.0,0.0,0.0,0.0,39,38,41,9,12,0,0,0,0,0,2503.281,4904.856,10269.029,19078.084,31310.854,America/Los_Angeles,34.03202,-118.52633,86.0,42.10615158081055,1.0,0.0,0.3927765237020316,,0.5172413793103449,0.48275862068965525,,,0.7768722222222222,0.0,0.0,41.0,0.0,36.1,1.0,16.4,11.6,139.0,442.0,10.6,1.9,79.0,1382.0,0.13,3.0,0.0,0.0,62.0,62.0,17.0,46.0,2026-09-23 02:00:00+00:00,92.7872414447939,-2.7872414447939007,271.845552950655,0.0,0.0,0.0,34.8,170.5,16.8,0.3927765237020316,3,19.833333333333336,85,99.99,0.13,2026-09-22T00:00Z,0.30671194,0.2856617,286.49222,0.16488642,0.16488642,0.0,0.0,nasa_power_ml_plus_cams_spectral,0.4,low,1.0,28.4,poor locally,,,,,False,85,64.4,11.5,0,horizontal environmental reference,W,,sun below horizon — no direct-sun posture,99.1,False,,cold,50.0,0.0,0.0,,not specified,Environmental scores are skin-type independent.,not personalized
2026-09-22T20:00,deterministic,best_match,67.1,85,62.4,67.6,63.7,1010.1,1000.0,48556.428,0,2,2,0,0,0,0.0,0.0,0.0,0.0,9.0,264,11.9,0.0,0.0,0.0,0,0.0,2.3,0.0,14632.546,524.934,24.1,0.0,0.001,0.34,0.0,0.0,0.0,0.0,0.0,0.0,0.0,0.0,0.0,0.0,38,39,40,7,10,0,0,0,0,0,2506.562,4911.418,10275.591,19087.926,31326.728,America/Los_Angeles,34.03202,-118.52633,86.0,42.10615158081055,,,,,,,,,0.0,0.0,0.0,40.0,0.0,0.0,0.6,16.6,12.3,150.0,445.0,17.9,2.0,65.0,1381.0,0.13,2.0,0.0,0.0,63.0,63.0,18.0,46.0,2026-09-23 03:00:00+00:00,105.14681774005552,-15.146817740055527,280.47479380116636,0.0,0.0,0.0,0.0,0.0,0.0,,2,19.499999999999996,85,100.0,0.13,2026-09-22T00:00Z,0.28761423,0.26754487,286.81793,0.16488642,0.16488642,0.0,0.0,nasa_power_ml_plus_cams_spectral,0.0,low,0.0,,poor locally,,,,,False,85,63.7,9.0,0,horizontal environmental reference,W,,sun below horizon — no direct-sun posture,97.2,False,,cold,50.0,0.0,0.0,,not specified,Environmental scores are skin-type independent.,not personalized
2026-09-22T21:00,deterministic,best_match,66.7,87,62.7,68.2,63.9,1010.3,1000.2,49868.764,0,3,3,0,0,0,0.0,0.0,0.0,0.0,7.3,267,10.1,0.0,0.0,0.0,0,0.0,2.1,0.0,14665.354,508.53,23.5,0.0,0.001,0.29,0.0,0.0,0.0,0.0,0.0,0.0,0.0,0.0,0.0,0.0,41,37,34,7,8,0,0,0,0,0,2516.404,4921.26,10285.434,19101.05,31342.604,America/Los_Angeles,34.03202,-118.52633,86.0,42.10615158081055,,,,,,,,,0.0,0.0,0.0,41.0,0.0,0.0,0.6,17.6,13.6,167.0,451.0,33.6,2.3,44.0,1385.0,0.14,2.0,0.0,0.0,63.0,63.0,18.0,45.0,2026-09-23 04:00:00+00:00,117.14054953793837,-27.140549537938377,290.1667553489878,0.0,0.0,0.0,0.0,0.0,0.0,,3,19.27777777777778,87,100.02000000000001,0.14,2026-09-22T00:00Z,0.29153386,0.27109393,286.82205,0.16488642,0.16488642,0.0,0.0,nasa_power_ml_plus_cams_spectral,0.0,low,0.0,,poor locally,,,,,False,87,63.9,7.3,0,horizontal environmental reference,WNW,,sun below horizon — no direct-sun posture,96.0,False,,cold,50.0,0.0,0.0,,not specified,Environmental scores are skin-type independent.,not personalized
2026-09-22T22:00,deterministic,best_match,65.6,87,61.6,68.1,62.7,1010.6,1000.5,48392.392,0,6,6,0,0,0,0.0,0.0,0.0,0.0,3.5,276,5.1,0.0,0.0,0.0,0,0.0,2.2,0.0,14796.588,705.381,23.0,0.0,0.0,0.28,0.0,0.0,0.0,0.0,0.0,0.0,0.0,0.0,0.0,0.0,42,34,31,7,8,0,0,0,0,0,2522.966,4931.103,10298.557,19124.016,31369.062,America/Los_Angeles,34.03202,-118.52633,86.0,42.10615158081055,,,,,,,,,0.0,0.0,0.0,42.0,0.0,0.0,0.6,20.0,15.9,188.0,459.0,53.4,2.8,21.0,1394.0,0.16,2.0,0.0,0.0,63.0,63.0,18.0,41.0,2026-09-23 05:00:00+00:00,128.31587553148216,-38.31587553148218,302.11544945729355,0.0,0.0,0.0,0.0,0.0,0.0,,6,18.666666666666664,87,100.05,0.16,2026-09-22T00:00Z,0.29786244,0.27739272,286.79672,0.16488642,0.16488642,0.0,0.0,nasa_power_ml_plus_cams_spectral,0.0,low,0.0,,poor locally,,,,,False,87,62.7,3.5,0,horizontal environmental reference,WNW,,sun below horizon — no direct-sun posture,92.7,False,,cold,50.0,0.0,0.0,,not specified,Environmental scores are skin-type independent.,not personalized
2026-09-22T23:00,deterministic,best_match,64.0,87,60.1,65.7,61.2,1011.8,1001.6,44701.444,0,12,12,0,0,0,0.0,0.0,0.0,0.0,4.1,55,4.1,0.0,0.0,0.0,0,0.0,3.4,0.0,14895.014,738.189,23.9,0.0,0.0,0.27,0.0,0.0,0.0,0.0,0.0,0.0,0.0,0.0,0.0,0.0,45,36,34,7,8,0,0,0,0,0,2549.213,4954.069,10314.961,19143.702,31395.52,America/Los_Angeles,34.03202,-118.52633,86.0,42.10615158081055,,,,,,,,,0.0,0.0,0.0,45.0,0.0,0.0,0.6,22.6,18.9,209.0,467.0,67.3,3.2,4.0,1411.0,0.18,2.0,0.0,0.0,64.0,64.0,18.0,36.0,2026-09-23 06:00:00+00:00,137.86796868732898,-47.867968687328975,318.04981922838783,0.0,0.0,0.0,0.0,0.0,0.0,,12,17.77777777777778,87,100.16,0.18,2026-09-22T00:00Z,0.27923843,0.25978056,287.1231,0.16488642,0.16488642,0.0,0.0,nasa_power_ml_plus_cams_spectral,0.0,low,0.0,,poor locally,,,,,False,87,61.2,4.1,0,horizontal environmental reference,NW,,sun below horizon — no direct-sun posture,87.8,False,,cold,50.0,0.0,0.0,,not specified,Environmental scores are skin-type independent.,not personalized
2026-09-23T00:00,deterministic,best_match,63.6,93,61.6,65.1,62.1,1012.0,1001.8,41338.584,0,19,19,0,0,0,0.0,0.0,0.0,0.0,6.0,59,7.2,0.0,0.0,0.0,0,0.0,4.3,0.0,14763.779,524.934,23.3,0.0,0.0,0.14,0.0,0.0,0.0,0.0,0.0,0.0,0.0,0.0,0.0,0.0,45,33,33,7,8,0,0,0,0,0,2552.494,4957.349,10318.241,19143.702,31395.52,America/Los_Angeles,34.03202,-118.52633,86.0,42.10615158081055,,,,,,,,,0.0,0.0,0.0,45.0,0.0,0.0,0.6,24.9,21.5,231.0,477.0,70.1,3.3,0.0,1439.0,0.19,2.0,0.0,0.0,65.0,65.0,19.0,30.0,2026-09-23 07:00:00+00:00,144.36148543093228,-54.36148543093228,339.73891796399965,0.0,0.0,0.0,0.0,0.0,0.0,,19,17.555555555555557,93,100.17999999999999,0.19,2026-09-22T00:00Z,0.2622105,0.2436721,287.2883,0.16488642,0.16488642,0.0,0.0,nasa_power_ml_plus_cams_spectral,0.0,low,0.0,,poor locally,,,,,False,93,62.1,6.0,0,horizontal environmental reference,NNW,,sun below horizon — no direct-sun posture,86.6,False,,cold,50.0,0.0,0.0,,not specified,Environmental scores are skin-type independent.,not personalized
2026-09-23T01:00,deterministic,best_match,63.6,94,61.9,65.3,62.3,1011.7,1001.5,40682.416,1,35,35,0,0,0,0.0,0.0,0.0,0.0,5.9,53,6.9,0.0,0.0,0.0,0,0.0,4.3,0.0,14632.546,738.189,23.0,0.0,0.0,0.12,0.0,0.0,0.0,0.0,0.0,0.0,0.0,0.0,0.0,0.0,44,30,36,7,10,0,0,0,0,0,2539.37,4947.507,10308.399,19127.296,31384.938,America/Los_Angeles,34.03202,-118.52633,86.0,42.10615158081055,,,,,,,,,0.0,0.0,0.0,44.0,0.0,0.0,0.6,27.1,24.0,252.0,488.0,67.1,3.2,0.0,1475.0,0.18,2.0,0.0,0.0,65.0,65.0,19.0,23.0,2026-09-23 08:00:00+00:00,145.94342506254438,-55.94342506254438,6.011359180141426,0.0,0.0,0.0,0.0,0.0,0.0,,35,17.555555555555557,94,100.15,0.18,2026-09-22T00:00Z,0.2720116,0.25307968,286.8479,0.16488642,0.16488642,0.0,0.0,nasa_power_ml_plus_cams_spectral,0.0,low,0.0,,poor locally,,,,,False,94,62.3,5.9,0,horizontal environmental reference,N,,sun below horizon — no direct-sun posture,86.6,False,,cold,50.0,0.0,0.0,,not specified,Environmental scores are skin-type independent.,not personalized
2026-09-23T02:00,deterministic,best_match,63.5,93,61.4,65.1,61.9,1011.7,1001.5,41010.5,1,36,36,0,0,0,0.0,0.0,0.0,0.0,5.4,42,6.0,0.0,0.0,0.0,0,0.0,4.3,0.0,14501.312,623.36,22.1,0.0,0.0,0.14,0.0,0.0,0.0,0.0,0.0,0.0,0.0,0.0,0.0,0.0,44,28,34,6,10,0,0,0,0,0,2542.651,4947.507,10311.68,19124.016,31384.938,America/Los_Angeles,34.03202,-118.52633,86.0,42.10615158081055,,,,,,,,,0.0,0.0,0.0,44.0,0.0,0.0,0.6,29.3,26.4,264.0,495.0,63.9,3.2,0.0,1514.0,0.18,2.0,0.0,0.0,66.0,66.0,20.0,18.0,2026-09-23 09:00:00+00:00,141.98630914568588,-51.986309145685865,30.771033487579246,0.0,0.0,0.0,0.0,0.0,0.0,,36,17.5,93,100.15,0.18,2026-09-22T00:00Z,0.25666562,0.2387063,286.4376,0.16488642,0.16488642,0.0,0.0,nasa_power_ml_plus_cams_spectral,0.0,low,0.0,,poor locally,,,,,False,93,61.9,5.4,0,horizontal environmental reference,NNE,,sun below horizon — no direct-sun posture,86.2,False,,cold,50.0,0.0,0.0,,not specified,Environmental scores are skin-type independent.,not personalized
2026-09-23T03:00,deterministic,best_match,62.8,91,60.2,64.2,60.9,1011.5,1001.3,43307.084,1,22,22,0,0,0,0.0,0.0,0.0,0.0,4.8,56,4.9,0.0,0.0,0.0,0,0.0,4.8,0.0,14435.695,442.913,21.4,0.0,0.0,0.18,0.0,0.0,0.0,0.0,0.0,0.0,0.0,0.0,0.0,0.0,43,27,32,7,12,0,0,0,0,0,2536.089,4944.226,10305.118,19114.174,31379.644,America/Los_Angeles,34.03202,-118.52633,86.0,42.10615158081055,,,,,,,,,0.0,0.0,0.0,43.0,0.0,0.0,0.6,31.7,28.9,258.0,496.0,62.5,3.2,0.0,1557.0,0.18,2.0,0.0,0.0,67.0,67.0,20.0,12.0,2026-09-23 10:00:00+00:00,133.91775289791934,-43.917752897919335,49.779057095012945,0.0,0.0,0.0,0.0,0.0,0.0,,22,17.11111111111111,91,100.13,0.18,2026-09-22T00:00Z,0.25043508,0.23297684,285.91293,0.16488642,0.16488642,0.0,0.0,nasa_power_ml_plus_cams_spectral,0.0,low,0.0,,poor locally,,,,,False,91,60.9,4.8,0,horizontal environmental reference,NE,,sun below horizon — no direct-sun posture,84.1,False,,cold,50.0,0.0,0.0,,not specified,Environmental scores are skin-type independent.,not personalized
2026-09-23T04:00,deterministic,best_match,62.7,90,59.8,64.0,60.6,1011.3,1001.1,45275.588,1,26,26,0,0,0,0.0,0.0,0.0,0.0,4.7,45,4.7,0.0,0.0,0.0,0,0.0,4.9,0.0,14337.271,442.913,21.3,0.0,0.0,0.19,0.0,0.0,0.0,0.0,0.0,0.0,0.0,0.0,0.0,0.0,39,27,32,7,10,0,0,0,0,0,2529.528,4940.945,10301.837,19107.612,31374.356,America/Los_Angeles,34.03202,-118.52633,86.0,42.10615158081055,,,,,,,,,0.0,0.0,0.0,39.0,0.0,0.0,0.6,34.0,31.4,243.0,492.0,61.0,3.2,0.0,1602.0,0.18,1.0,0.0,0.0,68.0,68.0,21.0,8.0,2026-09-23 11:00:00+00:00,123.51837337624937,-33.51837337624937,63.70915181779924,0.0,0.0,0.0,0.0,0.0,0.0,,26,17.055555555555557,90,100.11,0.18,2026-09-22T00:00Z,0.25111887,0.23377018,285.53677,0.1648432,0.1648432,0.0,0.0,nasa_power_ml_plus_cams_spectral,0.0,low,0.0,,poor locally,,,,,False,90,60.6,4.7,0,horizontal environmental reference,ENE,,sun below horizon — no direct-sun posture,83.8,False,,cold,50.0,0.0,0.0,,not specified,Environmental scores are skin-type independent.,not personalized
2026-09-23T05:00,deterministic,best_match,62.4,90,59.4,63.3,60.2,1011.3,1001.1,43635.172,1,27,27,0,0,0,0.0,0.0,0.0,0.0,5.2,47,5.4,0.0,0.0,0.0,0,0.0,4.8,0.0,14206.037,459.318,21.2,0.0,0.0,0.19,0.0,0.0,0.0,0.0,0.0,0.0,0.0,0.0,0.0,0.0,39,26,33,7,10,0,0,0,0,0,2529.528,4940.945,10301.837,19101.05,31369.062,America/Los_Angeles,34.03202,-118.52633,86.0,42.10615158081055,,,,,,,,,0.0,0.0,0.0,39.0,0.0,0.0,0.6,35.9,33.4,233.0,490.0,59.5,3.3,0.0,1639.0,0.18,1.0,0.0,0.0,69.0,69.0,21.0,4.0,2026-09-23 12:00:00+00:00,111.91639309643163,-21.916393096431637,74.4922705716055,0.0,0.0,0.0,0.0,0.0,0.0,,27,16.88888888888889,90,100.11,0.18,2026-09-22T00:00Z,0.25257045,0.23530059,284.7267,0.16466963,0.16466963,0.0,0.0,nasa_power_ml_plus_cams_spectral,0.0,low,0.0,,poor locally,,,,,False,90,60.2,5.2,0,horizontal environmental reference,ENE,,sun below horizon — no direct-sun posture,82.9,False,,cold,50.0,0.0,0.0,,not specified,Environmental scores are skin-type independent.,not personalized
2026-09-23T06:00,deterministic,best_match,62.3,89,59.0,63.4,59.9,1011.4,1001.2,45275.588,1,24,24,0,0,0,0.0,0.0,0.0,0.0,4.4,41,4.5,0.0,0.0,0.0,0,0.0,4.9,0.0,14304.462,377.297,21.8,0.0,0.0,0.21,0.0,0.0,0.0,0.0,0.0,0.0,0.0,0.0,0.0,0.0,35,25,42,7,8,0,0,0,0,0,2532.808,4944.226,10305.118,19107.612,31374.356,America/Los_Angeles,34.03202,-118.52633,86.0,42.10615158081055,,,,,,,,,0.0,0.0,0.0,42.0,0.0,0.0,0.6,37.7,35.5,237.0,491.0,58.7,3.5,0.0,1664.0,0.18,1.0,0.0,0.0,70.0,70.0,22.0,1.0,2026-09-23 13:00:00+00:00,99.72865387840469,-9.72865387840468,83.60888981454377,0.0,0.0,0.0,0.0,0.0,0.0,,24,16.833333333333332,89,100.12,0.18,2026-09-22T00:00Z,0.25340757,0.23618439,283.86105,0.16442299,0.16442299,0.0,0.0,nasa_power_ml_plus_cams_spectral,0.0,low,0.0,0.0,poor locally,,,,,False,89,59.9,4.4,0,horizontal environmental reference,E,,sun below horizon — no direct-sun posture,82.6,False,,cold,50.0,0.0,0.0,,not specified,Environmental scores are skin-type independent.,not personalized
2026-09-23T07:00,deterministic,best_match,61.4,83,56.2,61.7,57.8,1011.8,1001.6,47572.18,0,15,15,0,0,0,0.0,0.0,0.0,0.0,3.8,40,3.8,0.0,0.0,0.0,1,0.0,4.8,0.0,14402.888,590.551,21.0,0.0,0.001,0.32,0.0,0.0,0.0,0.0,6.8,0.0,0.0,0.0,0.0,63.5,32,23,39,7,8,0,0,0,0,0,2545.932,4960.63,10321.522,19127.296,31395.52,America/Los_Angeles,34.03202,-118.52633,86.0,42.10615158081055,,,0.0,0.0,,,,,0.0,0.0,0.0,39.0,0.0,0.0,0.75,39.9,38.0,246.0,492.0,58.0,3.8,0.0,1681.0,0.18,1.0,0.05,0.05,71.0,71.0,22.0,0.0,2026-09-23 14:00:00+00:00,87.0851404204818,2.914859579518197,92.08295061827675,4.951507254508575,15.791270982937604,4.14849025581582,0.0,0.0,0.0,0.0,15,16.333333333333332,83,100.16,0.18,2026-09-22T00:00Z,0.2434954,0.22700422,283.24362,0.16422045,0.16422045,0.005,0.0,nasa_power_ml_plus_cams_spectral,0.0,low,0.0,0.0,poor locally,34.7,68.8,46.6,46.6,False,83,57.8,3.8,0,horizontal environmental reference,E,87.1,"sun low 3° (E) — face E, lift torso ~87° toward the sun if comfortable",79.8,False,,cold,50.0,0.5,0.4,,not specified,Environmental scores are skin-type independent.,not personalized
2026-09-23T08:00,deterministic,best_match,65.8,87,61.8,69.5,63.0,1011.9,1001.8,47900.26,0,13,13,0,0,0,0.0,0.0,0.0,0.0,1.0,27,1.6,0.55,0.55,3600.0,1,0.0,4.4,0.0,14402.888,262.467,20.0,0.0,0.002,0.28,121.0,85.0,36.0,552.9,208.9,203.9,143.2,60.7,931.7,352.1,30,22,36,7,8,0,0,0,0,0,2552.494,4970.473,10331.365,19137.138,31406.106,America/Los_Angeles,34.03202,-118.52633,86.0,42.10615158081055,1.0,0.0,0.5792245093346099,0.5790968474865095,0.7024793388429752,0.2975206611570248,0.7023050514958312,0.2976949485041687,1.0,0.0,2.842170943040401e-14,36.0,0.0,65.3,1.0,42.8,41.0,251.0,492.0,55.1,4.2,6.0,1689.0,0.18,1.0,0.6,0.6,72.0,72.0,22.0,0.0,2026-09-23 15:00:00+00:00,74.92936267313627,15.070637326863732,100.74498545656672,166.5534624183391,394.0971446626355,64.08438460281045,121.0,552.9,36.0,0.5792245093346099,13,18.77777777777778,87,100.17999999999999,0.18,2026-09-22T00:00Z,0.23304334,0.2172954,283.07825,0.1640895,0.1640895,6.389,0.0391,nasa_power_ml_plus_cams_spectral,5.5,low,18.5,45.7,poor locally,43.6,51.2,46.3,46.3,False,87,63.0,1.0,0,horizontal environmental reference,E,74.9,"sun low 15° (E) — face E, lift torso ~75° toward the sun if comfortable",93.3,False,,cold,50.0,11.2,10.4,,not specified,Environmental scores are skin-type independent.,not personalized
2026-09-23T09:00,deterministic,best_match,68.3,87,64.3,72.5,65.4,1012.1,1002.0,47572.18,1,21,21,0,0,0,0.0,0.0,0.0,0.0,2.3,209,2.2,1.85,1.85,3600.0,1,0.0,3.2,0.0,14501.312,902.231,20.0,0.0,0.007,0.31,318.0,215.0,103.0,600.0,487.0,402.5,272.2,130.4,759.5,616.4,29,24,31,6,8,0,0,0,0,0,2562.336,4977.034,10341.207,19150.262,31421.978,America/Los_Angeles,34.03202,-118.52633,86.0,42.10615158081055,1.0,0.0,0.6529774127310062,0.6529850746268657,0.6761006289308176,0.3238993710691824,0.6762732919254658,0.3239751552795031,1.0,0.0,-0.10000000000002274,31.0,0.0,70.4,1.0,31.9,28.7,251.0,490.0,48.5,4.8,24.0,1696.0,0.18,2.0,1.95,1.95,72.0,72.0,23.0,0.0,2026-09-23 16:00:00+00:00,62.99941611128444,27.00058388871556,110.47827670796846,376.77177289542004,613.2776590028227,98.34397342707814,318.0,600.0,103.0,0.6529774127310062,21,20.166666666666664,87,100.2,0.18,2026-09-22T00:00Z,0.246858,0.23051265,283.14136,0.16414708,0.16414708,17.444,0.259,nasa_power_ml_plus_cams_spectral,16.3,low,36.3,46.6,below typical locally,64.3,47.3,58.4,58.4,False,87,65.4,2.3,0,horizontal environmental reference,ESE,63.0,"sun low 27° (ESE) — face ESE, lift torso ~63° toward the sun if comfortable",100.0,False,,,50.0,24.7,24.7,,not specified,Environmental scores are skin-type independent.,not personalized
2026-09-23T10:00,deterministic,best_match,70.2,84,65.1,73.8,66.6,1012.4,1002.4,49868.764,0,14,14,0,0,0,0.0,0.0,0.0,0.0,4.6,231,4.5,3.55,3.55,3600.0,1,0.0,2.8,0.0,14632.546,1082.677,19.8,0.0,0.011,0.4,483.0,332.0,151.0,616.7,731.6,553.6,380.5,173.1,706.8,838.5,27,24,31,6,8,0,0,0,0,0,2575.459,4993.439,10354.331,19169.948,31432.564,America/Los_Angeles,34.03202,-118.52633,86.0,42.10615158081055,1.0,0.0,0.6601968288682339,0.6602265951103161,0.6873706004140787,0.31262939958592134,0.6873193641618497,0.31268063583815026,1.0,0.0,0.0,31.0,0.0,78.3,1.0,33.3,28.6,247.0,486.0,39.7,5.5,49.0,1695.0,0.18,3.0,3.95,3.95,73.0,73.0,23.0,2.0,2026-09-23 17:00:00+00:00,51.8884661986291,38.1115338013709,122.47078378663463,562.3113790593044,719.2446670495743,118.39768832679721,483.0,616.7,151.0,0.6601968288682339,14,21.222222222222225,84,100.24,0.18,2026-09-22T00:00Z,0.2633843,0.24631272,283.0035,0.16414708,0.16414708,28.157,0.623,nasa_power_ml_plus_cams_spectral,28.2,low-moderate,52.3,39.4,typical-to-good locally,67.3,53.6,62.5,62.5,False,84,66.6,4.6,0,horizontal environmental reference,ESE,51.9,"sun 38° up (ESE) — lay flat, or lift torso ~52° toward ESE to face it",100.0,False,,,50.0,36.0,36.0,,not specified,Environmental scores are skin-type independent.,not personalized
2026-09-23T11:00,deterministic,best_match,71.0,84,65.9,75.5,67.4,1012.6,1002.6,49540.684,0,16,16,0,0,0,0.0,0.0,0.0,0.0,5.3,234,5.4,5.15,5.15,3600.0,1,0.0,2.3,0.0,14632.546,1148.294,19.8,0.0,0.014,0.41,618.0,441.0,177.0,647.1,926.1,669.5,477.7,191.7,701.0,1003.2,26,24,32,6,10,0,0,0,0,0,2588.583,5006.562,10367.454,19179.792,31437.854,America/Los_Angeles,34.03202,-118.52633,86.0,42.10615158081055,1.0,0.0,0.6673145448655653,0.6673644338118022,0.7135922330097088,0.28640776699029125,0.7135175504107543,0.2863330843913368,1.0,0.0,0.10000000000002274,32.0,0.0,86.4,1.0,33.8,28.3,234.0,480.0,31.9,6.0,70.0,1666.0,0.17,4.0,6.05,6.05,74.0,74.0,23.0,5.0,2026-09-23 18:00:00+00:00,42.417917679191454,47.582082320808546,138.42118121464102,701.9732696254171,773.7169669293112,130.7810245288556,618.0,647.1,177.0,0.6673145448655653,16,21.666666666666668,84,100.26,0.17,2026-09-22T00:00Z,0.25032005,0.23395057,282.95776,0.16414708,0.16414708,37.07,0.9803,nasa_power_ml_plus_cams_spectral,38.7,moderate,66.1,26.2,typical-to-good locally,93.0,48.3,77.4,77.4,False,84,67.4,5.3,0,horizontal environmental reference,SE,42.4,"sun 48° up (SE) — lay flat, or lift torso ~42° toward SE to face it",100.0,False,,,50.0,44.8,44.8,,not specified,Environmental scores are skin-type independent.,not personalized
2026-09-23T12:00,deterministic,best_match,72.2,82,66.4,78.3,68.0,1012.6,1002.6,52165.356,0,11,11,0,0,0,0.0,0.0,0.0,0.0,6.2,244,6.5,6.3,6.3,3600.0,1,0.0,2.0,0.0,14534.121,1181.102,20.1,0.0,0.018,0.49,795.0,653.0,142.0,839.4,1057.3,826.6,679.0,147.6,872.8,1099.3,25,24,33,4,10,0,0,0,0,0,2591.864,5009.843,10374.016,19179.792,31437.854,America/Los_Angeles,34.03202,-118.52633,86.0,42.10615158081055,1.0,0.0,0.7519152558403481,0.7519330483034659,0.8213836477987422,0.17861635220125785,0.8214372126784418,0.17856278732155817,1.0,0.0,0.0,33.0,0.0,97.1,1.0,32.6,26.7,201.0,468.0,25.9,6.2,84.0,1583.0,0.16,4.0,7.4,7.4,75.0,75.0,24.0,9.0,2026-09-23 19:00:00+00:00,36.01802940090283,53.98197059909717,160.0147580457426,783.8833428149709,799.3004068121438,137.38360054973305,795.0,839.4,142.0,0.7519152558403481,11,22.333333333333336,82,100.26,0.16,2026-09-22T00:00Z,0.25022727,0.23408525,283.11853,0.1640895,0.1640895,47.776,1.3578,nasa_power_ml_plus_cams_spectral,48.7,moderate,83.1,42.5,good locally,98.7,57.3,84.2,84.2,False,82,68.0,6.2,0,horizontal environmental reference,SSE,36.0,"sun 54° up (SSE) — lay flat, or lift torso ~36° toward SSE to face it",100.0,False,,,50.0,56.5,56.5,,not specified,Environmental scores are skin-type independent.,not personalized
2026-09-23T13:00,deterministic,best_match,73.0,79,66.1,78.4,68.1,1012.5,1002.5,55774.276,0,10,10,0,0,0,0.0,0.0,0.0,0.0,8.3,256,9.2,6.85,6.85,3600.0,1,0.0,1.9,0.0,14468.504,1197.507,19.6,0.0,0.019,0.58,844.0,725.0,119.0,882.9,1116.0,847.1,727.7,119.4,886.1,1120.1,23,26,27,4,10,0,0,0,0,0,2591.864,5013.124,10377.297,19179.792,31432.564,America/Los_Angeles,34.03202,-118.52633,86.0,42.10615158081055,1.0,0.0,0.7562724014336918,0.7562717614498706,0.8590047393364929,0.14099526066350712,0.8590485184747964,0.14095148152520365,1.0,0.0,0.0,27.0,0.0,97.6,1.0,30.5,24.6,159.0,453.0,20.9,6.3,94.0,1472.0,0.16,3.0,7.55,7.55,76.0,76.0,24.0,14.0,2026-09-23 20:00:00+00:00,34.501086573483974,55.498913426516026,186.01952724679535,801.6530217427486,804.3618421291427,138.7660026791366,844.0,882.9,119.0,0.7562724014336918,10,22.77777777777778,79,100.25,0.16,2026-09-22T00:00Z,0.26341474,0.24637988,283.63266,0.16417629,0.16417629,49.955,1.4615,nasa_power_ml_plus_cams_spectral,51.8,strong,88.2,52.1,good locally,99.3,59.0,85.2,85.2,False,79,68.1,8.3,0,horizontal environmental reference,S,34.5,"sun 55° up (S) — lay flat on back, face up",100.0,False,,,50.0,60.5,60.5,,not specified,Environmental scores are skin-type independent.,not personalized
2026-09-23T14:00,deterministic,best_match,72.4,82,66.6,76.8,68.2,1012.7,1002.7,51181.1,0,16,16,0,0,0,0.0,0.0,0.0,0.0,9.3,253,10.7,6.65,6.65,3600.0,1,0.0,1.4,0.0,14402.888,1213.911,18.9,0.0,0.017,0.49,774.0,627.0,147.0,775.8,1098.4,750.0,607.5,142.4,751.7,1064.3,22,25,23,4,10,0,0,0,0,0,2598.425,5019.685,10390.42,19192.914,31443.146,America/Los_Angeles,34.03202,-118.52633,86.0,42.10615158081055,1.0,0.0,0.7046613255644574,0.7046885276707695,0.810077519379845,0.18992248062015504,0.81,0.18986666666666668,1.0,0.0,0.10000000000002274,25.0,0.0,93.5,1.0,28.4,22.6,130.0,443.0,16.7,6.1,103.0,1393.0,0.17,3.0,6.4,6.4,76.0,76.0,24.0,19.0,2026-09-23 21:00:00+00:00,38.46033085995662,51.53966914004338,210.50548987516817,753.9209481977663,790.3905226627186,135.01436611039014,774.0,775.8,147.0,0.7046613255644574,16,22.44444444444445,82,100.27000000000001,0.17,2026-09-22T00:00Z,0.25201598,0.23508744,284.4488,0.16436541,0.16436541,45.444,1.2322,nasa_power_ml_plus_cams_spectral,48.5,moderate,82.7,56.0,good locally,99.3,56.6,84.4,84.4,False,82,68.2,9.3,0,horizontal environmental reference,SSW,38.5,"sun 52° up (SSW) — lay flat, or lift torso ~38° toward SSW to face it",100.0,False,,,50.0,57.9,57.9,,not specified,Environmental scores are skin-type independent.,not personalized
2026-09-23T15:00,deterministic,best_match,70.8,85,66.1,72.9,67.4,1012.6,1002.6,47900.26,2,57,57,0,0,0,0.0,0.0,0.0,0.0,9.3,249,11.0,5.75,5.8,3600.0,1,0.0,1.6,0.0,14337.271,1213.911,19.1,0.0,0.011,0.39,500.0,267.0,233.0,360.8,1005.7,465.2,248.4,216.8,335.7,935.7,22,23,26,4,10,0,0,0,0,0,2595.144,5019.685,10390.42,19192.914,31443.146,America/Los_Angeles,34.03202,-118.52633,86.0,42.10615158081055,0.9913793103448276,0.008620689655172376,0.4971661529283086,0.49716789569306397,0.534,0.466,0.5339638865004299,0.46603611349957014,1.0,0.0,-5.684341886080802e-14,26.0,0.0,73.6,1.0,27.2,21.7,126.0,441.0,12.3,5.6,113.0,1379.0,0.17,3.0,4.45,4.45,77.0,77.0,25.0,25.0,2026-09-23 22:00:00+00:00,46.4962798653967,43.5037201346033,229.37596531544227,644.3236884441785,753.1298588090295,125.86783457012393,500.0,360.8,233.0,0.4971661529283086,57,21.555555555555554,85,100.26,0.17,2026-09-22T00:00Z,0.2316614,0.2157566,284.80954,0.16459715,0.16459715,30.689,0.7803,nasa_power_ml_plus_cams_spectral,36.9,moderate,63.1,36.1,typical-to-good locally,79.6,44.6,67.4,67.4,False,85,67.4,9.3,0,horizontal environmental reference,SW,46.5,"sun 44° up (SW) — lay flat, or lift torso ~46° toward SW to face it",100.0,False,,,50.0,43.7,43.7,,not specified,Environmental scores are skin-type independent.,not personalized
2026-09-23T16:00,deterministic,best_match,69.8,85,65.0,71.4,66.4,1012.4,1002.3,47572.18,2,69,69,0,0,0,0.0,0.0,0.0,0.0,9.2,257,11.0,4.2,4.4,3079.45,1,0.0,1.8,0.0,14271.653,1197.507,19.5,0.0,0.007,0.37,285.0,101.0,184.0,162.6,844.0,250.8,88.9,162.0,143.2,742.9,23,22,27,6,10,0,0,0,0,0,2582.021,5006.562,10383.858,19183.07,31427.272,America/Los_Angeles,34.03202,-118.52633,86.0,42.10615158081055,0.9545454545454545,0.045454545454545525,0.33767772511848343,0.3375959079283888,0.3543859649122807,0.6456140350877193,0.35446570972886765,0.6459330143540669,0.8554027777777777,0.0,-0.09999999999999432,27.0,0.0,53.8,1.0,26.4,21.0,136.0,443.0,8.9,4.9,121.0,1396.0,0.17,4.0,2.4,2.4,78.0,78.0,25.0,31.0,2026-09-23 23:00:00+00:00,56.86077748031551,33.13922251968449,243.2578140779753,481.62568862583953,679.1821086821271,110.33360322836364,285.0,162.6,184.0,0.33767772511848343,69,21.0,85,100.22999999999999,0.17,2026-09-22T00:00Z,0.21622977,0.20098478,284.56393,0.16480058,0.16480058,18.894,0.3734,nasa_power_ml_plus_cams_spectral,24.9,low-moderate,47.3,50.6,below typical locally,64.3,38.6,55.3,55.3,False,85,66.4,9.2,0,horizontal environmental reference,WSW,56.9,"sun 33° up (WSW) — lay flat, or lift torso ~57° toward WSW to face it",100.0,False,,,50.0,33.2,33.2,,not specified,Environmental scores are skin-type independent.,not personalized
2026-09-23T17:00,deterministic,best_match,68.9,87,64.9,71.0,66.0,1012.2,1002.1,45275.588,3,82,82,0,0,0,0.0,0.0,0.0,0.0,8.1,254,9.8,2.6,2.75,3600.0,1,0.0,1.9,0.0,14173.229,1148.294,20.2,0.0,0.005,0.31,204.0,112.0,92.0,243.8,624.4,163.0,89.5,73.5,194.8,499.1,23,22,31,7,10,0,0,0,0,0,2578.74,5003.281,10380.577,19176.51,31416.69,America/Los_Angeles,34.03202,-118.52633,86.0,42.10615158081055,0.9454545454545454,0.054545454545454564,0.32671364509929535,0.32658785814466035,0.5490196078431373,0.45098039215686275,0.549079754601227,0.450920245398773,1.0,0.0,0.0,31.0,0.0,49.4,1.0,25.4,20.0,144.0,445.0,9.4,4.3,120.0,1409.0,0.16,4.0,0.9,0.9,78.0,78.0,26.0,38.0,2026-09-24 00:00:00+00:00,68.43184576416796,21.568154235832036,254.02212281939882,281.1157234712524,533.1095795913258,85.14052982773342,204.0,243.8,92.0,0.32671364509929535,82,20.500000000000004,87,100.21000000000001,0.16,2026-09-22T00:00Z,0.20023619,0.18609184,284.07465,0.16427225,0.16427225,11.266,0.1356,nasa_power_ml_plus_cams_spectral,15.1,low,35.3,81.5,below typical locally,35.0,46.3,39.0,39.0,False,87,66.0,8.1,0,horizontal environmental reference,WSW,68.4,"sun low 22° (WSW) — face WSW, lift torso ~68° toward the sun if comfortable",100.0,False,,,50.0,23.4,23.4,,not specified,Environmental scores are skin-type independent.,not personalized
2026-09-23T18:00,deterministic,best_match,67.5,91,64.8,70.7,65.5,1012.5,1002.4,41666.668,3,86,86,0,0,4,0.0,0.0,0.0,0.0,5.2,260,6.9,1.15,1.15,0.0,1,0.0,1.8,0.0,14140.42,1099.081,21.5,0.0,0.003,0.21,109.0,2.0,107.0,7.5,362.0,66.5,1.2,65.3,4.6,220.9,27,23,38,9,10,0,0,0,0,0,2582.021,5003.281,10387.14,19179.792,31416.69,America/Los_Angeles,34.03202,-118.52633,86.0,42.10615158081055,1.0,0.0,0.3011049723756906,0.30104119511090993,0.01834862385321101,0.981651376146789,0.018045112781954885,0.981954887218045,0.0,0.0,0.0,38.0,0.0,21.8,1.0,24.9,19.6,145.0,444.0,16.0,3.8,106.0,1399.0,0.16,4.0,0.15,0.15,79.0,79.0,26.0,44.0,2026-09-24 01:00:00+00:00,80.56597684602954,9.43402315397045,263.1223233940002,74.80558282404554,220.7872845005568,38.6159469466114,109.0,7.5,107.0,0.3011049723756906,86,19.72222222222222,91,100.24,0.16,2026-09-22T00:00Z,0.1742288,0.16166578,284.1457,0.16427225,0.16427225,5.545,0.0233,nasa_power_ml_plus_cams_spectral,7.0,low,20.2,96.2,poor locally,35.0,51.1,40.6,40.6,False,91,65.5,5.2,4,horizontal environmental reference,W,80.6,"sun low 9° (W) — face W, lift torso ~81° toward the sun if comfortable",97.3,False,,cold,50.0,13.9,13.5,,not specified,Environmental scores are skin-type independent.,not personalized
2026-09-23T19:00,deterministic,best_match,66.1,96,64.9,70.1,65.2,1012.6,1002.5,1312.336,45,100,100,0,0,4,0.0,0.0,0.0,0.0,3.3,250,4.5,0.15,0.15,0.0,0,0.0,1.9,0.0,14107.611,935.039,23.9,0.0,0.0,0.09,0.0,0.0,0.0,0.0,83.4,0.0,0.0,0.0,0.0,0.0,36,23,40,9,8,0,0,0,0,0,2582.021,5003.281,10390.42,19179.792,31416.69,America/Los_Angeles,34.03202,-118.52633,86.0,42.10615158081055,1.0,0.0,0.0,,,,,,0.0,0.0,0.0,40.0,0.0,11.8,0.9,24.7,20.0,145.0,444.0,26.7,3.4,83.0,1385.0,0.16,3.0,0.0,0.0,80.0,80.0,26.0,47.0,2026-09-24 02:00:00+00:00,93.07806329935597,-3.0780632993559727,271.5721216278925,0.0,0.0,0.0,0.0,0.0,0.0,0.0,100,18.944444444444443,96,100.25,0.16,2026-09-22T00:00Z,0.15748334,0.14617094,283.87268,0.16427225,0.16427225,0.0,0.0,nasa_power_ml_plus_cams_spectral,0.4,low,0.9,28.7,poor locally,,,,,False,96,65.2,3.3,4,horizontal environmental reference,W,,sun below horizon — no direct-sun posture,93.1,False,,cold,50.0,0.0,0.0,,not specified,Environmental scores are skin-type independent.,not personalized
2026-09-23T20:00,deterministic,best_match,64.9,100,64.9,69.3,64.9,1012.7,1002.6,328.084,45,100,100,0,0,4,0.0,0.0,0.0,0.0,2.5,243,3.4,0.0,0.0,0.0,0,0.0,2.3,0.0,13845.145,820.21,25.0,0.0,0.0,0.0,0.0,0.0,0.0,0.0,0.0,0.0,0.0,0.0,0.0,0.0,41,23,40,9,8,0,0,0,0,0,2582.021,5000.0,10393.701,19179.792,31411.396,America/Los_Angeles,34.03202,-118.52633,86.0,42.10615158081055,,,,,,,,,0.0,0.0,0.0,41.0,0.0,0.0,0.6,25.4,21.4,148.0,445.0,38.4,3.2,61.0,1378.0,0.15,3.0,0.0,0.0,80.0,80.0,26.0,48.0,2026-09-24 03:00:00+00:00,105.44381439805464,-15.443814398054636,280.1986730081145,0.0,0.0,0.0,0.0,0.0,0.0,,100,18.277777777777782,100,100.26,0.15,2026-09-22T00:00Z,0.15022086,0.13958475,283.11835,0.16427225,0.16427225,0.0,0.0,nasa_power_ml_plus_cams_spectral,0.0,low,0.0,,poor locally,,,,,False,100,64.9,2.5,4,horizontal environmental reference,W,,sun below horizon — no direct-sun posture,89.5,False,,cold,50.0,0.0,0.0,,not specified,Environmental scores are skin-type independent.,not personalized
2026-09-23T21:00,deterministic,best_match,66.7,93,64.4,70.9,65.1,1012.4,1002.2,20045.932,45,75,75,0,0,4,0.0,0.0,0.0,0.0,2.4,195,3.8,0.0,0.0,0.0,0,5.0,2.4,45.3,13730.315,889.928,24.85,0.0,0.0,0.19,0.0,0.0,0.0,0.0,0.0,0.0,0.0,0.0,0.0,0.0,41,21,42,9,10,0,0,0,0,0,2566.437,4988.517,10384.679,19175.69,31418.008,America/Los_Angeles,34.03202,-118.52633,86.0,42.10615158081055,,,,,,,,,0.0,0.0,0.0,42.0,0.0,0.0,0.6,28.2,24.0,159.0,450.0,52.0,3.4,42.0,1386.0,0.15,3.0,0.0,0.0,81.0,81.0,27.0,46.0,2026-09-24 04:00:00+00:00,117.45314986705222,-27.453149867052215,289.88786137180983,0.0,0.0,0.0,0.0,0.0,0.0,,75,19.27777777777778,93,100.22,0.15,2026-09-22T00:00Z,0.15864015,0.14796233,282.2195,0.16427225,0.16427225,0.0,0.0,nasa_power_ml_plus_cams_spectral,0.0,low,0.0,,poor locally,,,,,False,93,65.1,2.4,4,horizontal environmental reference,WNW,,sun below horizon — no direct-sun posture,94.9,False,,cold,50.0,0.0,0.0,,not specified,Environmental scores are skin-type independent.,not personalized
2026-09-23T22:00,deterministic,best_match,69.1,83,63.3,72.6,65.1,1012.4,1002.3,60269.032,3,42,42,0,0,4,0.0,0.0,0.0,0.0,3.0,103,4.7,0.0,0.0,0.0,0,5.0,2.7,92.5,13943.569,902.231,24.3,0.0,0.0,0.45,0.0,0.0,0.0,0.0,0.0,0.0,0.0,0.0,0.0,0.0,42,20,43,8,12,0,0,0,0,0,2565.617,4985.237,10383.858,19181.43,31432.56,America/Los_Angeles,34.03202,-118.52633,86.0,42.10615158081055,,,,,,,,,0.0,0.0,0.0,43.0,0.0,0.0,0.6,31.4,27.2,173.0,457.0,66.7,3.8,25.0,1403.0,0.16,2.0,0.0,0.0,82.0,82.0,27.0,43.0,2026-09-24 05:00:00+00:00,128.65439246828964,-38.65439246828966,301.84581599404623,0.0,0.0,0.0,0.0,0.0,0.0,,42,20.611111111111107,83,100.22999999999999,0.16,2026-09-22T00:00Z,0.17163561,0.16023198,282.13696,0.16427225,0.16427225,0.0,0.0,nasa_power_ml_plus_cams_spectral,0.0,low,0.0,,poor locally,,,,,False,83,65.1,3.0,4,horizontal environmental reference,WNW,,sun below horizon — no direct-sun posture,98.8,False,,,50.0,0.0,0.0,,not specified,Environmental scores are skin-type independent.,not personalized
2026-09-23T23:00,deterministic,best_match,70.3,77,62.7,73.3,65.0,1011.8,1001.7,72030.84,1,8,8,0,0,4,0.0,0.0,0.0,0.0,3.6,132,4.4,0.0,0.0,0.0,0,0.0,3.8,27.0,13968.176,705.381,23.72,0.0,0.001,0.6,0.0,0.0,0.0,0.0,0.0,0.0,0.0,0.0,0.0,0.0,41,20,42,8,14,0,0,0,0,0,2550.853,4970.473,10370.735,19170.768,31423.3,America/Los_Angeles,34.03202,-118.52633,86.0,42.10615158081055,,,,,,,,,0.0,0.0,0.0,42.0,0.0,0.0,0.6,29.9,26.4,185.0,464.0,76.9,4.1,12.0,1422.0,0.19,2.0,0.0,0.0,83.0,83.0,28.0,39.0,2026-09-24 06:00:00+00:00,138.24038428827976,-48.24038428827975,317.83590235828774,0.0,0.0,0.0,0.0,0.0,0.0,,8,21.27777777777778,77,100.17,0.19,2026-09-22T00:00Z,0.1789599,0.16716789,283.16306,0.16427225,0.16427225,0.0,0.0,nasa_power_ml_plus_cams_spectral,0.0,low,0.0,,poor locally,,,,,False,77,65.0,3.6,4,horizontal environmental reference,NW,,sun below horizon — no direct-sun posture,98.8,False,,,50.0,0.0,0.0,,not specified,Environmental scores are skin-type independent.,not personalized
2026-09-24T00:00,deterministic,best_match,71.9,74,63.2,75.7,65.9,1010.9,1000.9,79199.48,0,0,0,0,0,0,0.0,0.0,0.0,0.0,2.2,174,3.4,0.0,0.0,0.0,0,0.0,1.4,35.0,13943.569,639.764,22.9,0.0,0.0,0.7,0.0,0.0,0.0,0.0,0.0,0.0,0.0,0.0,0.0,0.0,39,20,40,7,16,0,0,0,0,0,2526.247,4950.788,10347.77,19153.542,31411.396,America/Los_Angeles,34.03202,-118.52633,86.0,42.10615158081055,,,,,,,,,0.0,0.0,0.0,40.0,0.0,0.0,0.6,28.9,25.9,192.0,469.0,79.1,4.3,7.0,1441.0,0.2,2.0,0.0,0.0,83.0,83.0,28.0,33.0,2026-09-24 07:00:00+00:00,144.75944123709553,-54.759441237095515,339.69109696020917,0.0,0.0,0.0,0.0,0.0,0.0,,0,22.16666666666667,74,100.09,0.2,2026-09-22T00:00Z,0.18230343,0.17057133,284.53152,0.16427225,0.16427225,0.0,0.0,nasa_power_ml_plus_cams_spectral,0.0,low,0.0,,poor locally,,,,,False,74,65.9,2.2,0,horizontal environmental reference,NNW,,sun below horizon — no direct-sun posture,100.0,False,,,50.0,0.0,0.0,,not specified,Environmental scores are skin-type independent.,not personalized
2026-09-24T01:00,deterministic,best_match,71.9,74,63.2,76.4,65.9,1010.8,1000.8,79199.48,0,0,0,0,0,0,0.0,0.0,0.0,0.0,0.7,198,1.8,0.0,0.0,0.0,0,0.0,1.4,37.0,13681.103,492.126,22.9,0.0,0.0,0.7,0.0,0.0,0.0,0.0,0.0,0.0,0.0,0.0,0.0,0.0,39,22,39,7,18,0,0,0,0,0,2526.247,4947.507,10347.77,19143.702,31395.52,America/Los_Angeles,34.03202,-118.52633,86.0,42.10615158081055,,,,,,,,,0.0,0.0,0.0,39.0,0.0,0.0,0.6,30.5,27.4,196.0,474.0,76.9,4.4,6.0,1462.0,0.2,2.0,0.0,0.0,84.0,84.0,28.0,26.0,2026-09-24 08:00:00+00:00,146.32330131973885,-56.323301319738846,6.2299029244963435,0.0,0.0,0.0,0.0,0.0,0.0,,0,22.16666666666667,74,100.08,0.2,2026-09-22T00:00Z,0.18611914,0.174366,284.96384,0.16427225,0.16427225,0.0,0.0,nasa_power_ml_plus_cams_spectral,0.0,low,0.0,,poor locally,,,,,False,74,65.9,0.7,0,horizontal environmental reference,N,,sun below horizon — no direct-sun posture,100.0,False,,,50.0,0.0,0.0,,not specified,Environmental scores are skin-type independent.,not personalized
2026-09-24T02:00,deterministic,best_match,71.8,74,63.0,76.1,65.8,1010.7,1000.7,79199.48,0,0,0,0,0,0,0.0,0.0,0.0,0.0,0.6,225,1.1,0.0,0.0,0.0,0,0.0,1.4,33.0,13549.869,360.892,22.9,0.0,0.0,0.69,0.0,0.0,0.0,0.0,0.0,0.0,0.0,0.0,0.0,0.0,39,24,38,7,18,0,0,0,0,0,2526.247,4944.226,10341.207,19137.138,31384.938,America/Los_Angeles,34.03202,-118.52633,86.0,42.10615158081055,,,,,,,,,0.0,0.0,0.0,39.0,0.0,0.0,0.6,34.0,30.7,202.0,478.0,75.2,4.4,6.0,1483.0,0.2,2.0,0.0,0.0,84.0,84.0,28.0,20.0,2026-09-24 09:00:00+00:00,142.300901157865,-52.30090115786502,31.170745424278778,0.0,0.0,0.0,0.0,0.0,0.0,,0,22.11111111111111,74,100.07000000000001,0.2,2026-09-22T00:00Z,0.1808844,0.16931775,285.08337,0.16427225,0.16427225,0.0,0.0,nasa_power_ml_plus_cams_spectral,0.0,low,0.0,,poor locally,,,,,False,74,65.8,0.6,0,horizontal environmental reference,NNE,,sun below horizon — no direct-sun posture,100.0,False,,,50.0,0.0,0.0,,not specified,Environmental scores are skin-type independent.,not personalized
2026-09-24T03:00,deterministic,best_match,71.6,74,62.9,75.8,65.6,1010.4,1000.4,79199.48,0,0,0,0,0,0,0.0,0.0,0.0,0.0,0.8,236,0.9,0.0,0.0,0.0,0,0.0,1.3,34.0,13484.252,262.467,22.8,0.0,0.0,0.69,0.0,0.0,0.0,0.0,0.0,0.0,0.0,0.0,0.0,0.0,39,24,38,9,16,0,0,0,0,0,2516.404,4934.384,10331.365,19124.016,31369.062,America/Los_Angeles,34.03202,-118.52633,86.0,42.10615158081055,,,,,,,,,0.0,0.0,0.0,39.0,0.0,0.0,0.6,38.8,35.4,210.0,483.0,76.3,4.4,4.0,1500.0,0.2,2.0,0.0,0.0,84.0,84.0,28.0,14.0,2026-09-24 10:00:00+00:00,134.1627873096273,-44.162787309627305,50.216974640322064,0.0,0.0,0.0,0.0,0.0,0.0,,0,21.999999999999996,74,100.03999999999999,0.2,2026-09-22T00:00Z,0.17625068,0.16496545,284.9115,0.16427225,0.16427225,0.0,0.0,nasa_power_ml_plus_cams_spectral,0.0,low,0.0,,poor locally,,,,,False,74,65.6,0.8,0,horizontal environmental reference,NE,,sun below horizon — no direct-sun posture,100.0,False,,,50.0,0.0,0.0,,not specified,Environmental scores are skin-type independent.,not personalized
2026-09-24T04:00,deterministic,best_match,71.4,74,62.7,75.2,65.4,1010.2,1000.2,79199.48,0,0,0,0,0,0,0.0,0.0,0.0,0.0,1.7,230,1.6,0.0,0.0,0.0,0,0.0,1.3,0.0,13451.443,213.255,22.6,0.0,0.0,0.68,0.0,0.0,0.0,0.0,0.0,0.0,0.0,0.0,0.0,0.0,38,24,39,9,16,0,0,0,0,0,2509.843,4927.822,10328.084,19117.456,31358.478,America/Los_Angeles,34.03202,-118.52633,86.0,42.10615158081055,,,,,,,,,0.0,0.0,0.0,39.0,0.0,0.0,0.6,42.7,39.5,219.0,488.0,78.0,4.3,1.0,1517.0,0.19,1.0,0.0,0.0,85.0,85.0,29.0,9.0,2026-09-24 11:00:00+00:00,123.71302897353809,-33.713028973538094,64.12728571548553,0.0,0.0,0.0,0.0,0.0,0.0,,0,21.888888888888893,74,100.02000000000001,0.19,2026-09-22T00:00Z,0.17586099,0.16472496,285.12213,0.16422808,0.16422808,0.0,0.0,nasa_power_ml_plus_cams_spectral,0.0,low,0.0,,poor locally,,,,,False,74,65.4,1.7,0,horizontal environmental reference,ENE,,sun below horizon — no direct-sun posture,100.0,False,,,50.0,0.0,0.0,,not specified,Environmental scores are skin-type independent.,not personalized
2026-09-24T05:00,deterministic,best_match,71.0,76,63.1,74.4,65.5,1010.2,1000.2,79199.48,0,0,0,0,0,0,0.0,0.0,0.0,0.0,3.2,219,2.7,0.0,0.0,0.0,0,0.0,1.2,0.0,13549.869,246.063,22.8,0.0,0.001,0.62,0.0,0.0,0.0,0.0,0.0,0.0,0.0,0.0,0.0,0.0,39,23,41,10,16,0,0,0,0,0,2509.843,4927.822,10324.804,19110.892,31358.478,America/Los_Angeles,34.03202,-118.52633,86.0,42.10615158081055,,,,,,,,,0.0,0.0,0.0,41.0,0.0,0.0,0.6,45.8,42.8,229.0,492.0,78.3,4.3,0.0,1541.0,0.19,1.0,0.0,0.0,86.0,86.0,29.0,6.0,2026-09-24 12:00:00+00:00,112.08022608965757,-22.08022608965757,74.88456312199975,0.0,0.0,0.0,0.0,0.0,0.0,,0,21.666666666666668,76,100.02000000000001,0.19,2026-09-22T00:00Z,0.17349578,0.16242966,285.00436,0.16406816,0.16406816,0.0,0.0,nasa_power_ml_plus_cams_spectral,0.0,low,0.0,,poor locally,,,,,False,76,65.5,3.2,0,horizontal environmental reference,ENE,,sun below horizon — no direct-sun posture,100.0,False,,,50.0,0.0,0.0,,not specified,Environmental scores are skin-type independent.,not personalized
2026-09-24T06:00,deterministic,best_match,70.5,78,63.3,73.9,65.5,1010.5,1000.5,79199.48,0,0,0,0,0,0,0.0,0.0,0.0,0.0,3.2,205,3.1,0.0,0.0,0.0,0,0.0,1.0,0.0,13582.678,295.276,23.5,0.0,0.0,0.56,0.0,0.0,0.0,0.0,0.0,0.0,0.0,0.0,0.0,0.0,40,23,43,10,14,0,0,0,0,0,2516.404,4934.384,10331.365,19114.174,31358.478,America/Los_Angeles,34.03202,-118.52633,86.0,42.10615158081055,,,,,,,,,0.0,0.0,0.0,43.0,0.0,0.0,0.6,48.5,46.0,243.0,497.0,76.6,4.3,0.0,1590.0,0.19,1.0,0.0,0.0,86.0,86.0,29.0,4.0,2026-09-24 13:00:00+00:00,99.87707015107789,-9.877070151077884,83.98466876908287,0.0,0.0,0.0,0.0,0.0,0.0,,0,21.38888888888889,78,100.05,0.19,2026-09-22T00:00Z,0.17109613,0.16027884,284.80466,0.16382217,0.16382217,0.0,0.0,nasa_power_ml_plus_cams_spectral,0.0,low,0.0,0.0,poor locally,,,,,False,78,65.5,3.2,0,horizontal environmental reference,E,,sun below horizon — no direct-sun posture,100.0,False,,,50.0,0.0,0.0,,not specified,Environmental scores are skin-type independent.,not personalized
2026-09-24T07:00,deterministic,best_match,70.3,79,63.5,74.4,65.6,1010.9,1000.9,79199.48,0,0,0,0,0,0,0.0,0.0,0.0,0.0,1.7,203,1.8,0.0,0.0,0.0,1,0.0,1.0,0.0,13549.869,229.659,24.0,0.0,0.0,0.53,2.0,1.0,1.0,19.1,6.1,19.3,9.7,9.7,184.4,60.1,39,23,46,10,14,0,0,0,0,0,2529.528,4944.226,10341.207,19124.016,31369.062,America/Los_Angeles,34.03202,-118.52633,86.0,42.10615158081055,,,0.3278688524590164,0.3211314475873544,0.5,0.5,0.5025906735751294,0.5025906735751294,0.0,0.0,-0.09999999999999787,46.0,0.0,18.3,0.85,51.7,49.2,259.0,503.0,73.6,4.4,0.0,1647.0,0.19,1.0,0.05,0.05,87.0,87.0,30.0,2.0,2026-09-24 14:00:00+00:00,87.22334045125338,2.7766595487466157,92.45471647240265,4.349057468661368,13.740946337738636,3.683406394068198,2.0,19.1,1.0,0.3278688524590164,0,21.27777777777778,79,100.09,0.19,2026-09-22T00:00Z,0.16817081,0.15764241,284.24265,0.16361964,0.16361964,0.768,0.0013,nasa_power_ml_plus_cams_spectral,0.4,low,0.9,6.3,poor locally,30.8,67.8,43.8,43.8,False,79,65.6,1.7,0,horizontal environmental reference,E,87.2,"sun low 3° (E) — face E, lift torso ~87° toward the sun if comfortable",100.0,False,,,50.0,1.2,1.2,,not specified,Environmental scores are skin-type independent.,not personalized
2026-09-24T08:00,deterministic,best_match,71.9,74,63.2,76.0,65.9,1011.4,1001.4,79199.48,0,0,0,0,0,0,0.0,0.0,0.0,0.0,1.6,164,1.6,0.5,0.5,3600.0,1,0.0,0.9,0.0,13582.678,426.509,24.1,0.0,0.002,0.7,104.0,71.0,33.0,467.5,205.5,176.1,120.2,55.9,791.5,348.7,37,23,48,10,14,0,0,0,0,0,2542.651,4960.63,10354.331,19140.42,31379.644,America/Los_Angeles,34.03202,-118.52633,86.0,42.10615158081055,1.0,0.0,0.5060827250608273,0.5050186406653283,0.6826923076923077,0.3173076923076923,0.6825667234525838,0.31743327654741627,1.0,0.0,0.0,48.0,0.0,62.7,1.0,54.8,52.6,261.0,502.0,68.8,4.8,7.0,1665.0,0.19,1.0,0.6,0.6,88.0,88.0,30.0,1.0,2026-09-24 15:00:00+00:00,75.08375024479524,14.916249755204754,101.12541899375083,163.98952095233346,390.28556464996916,63.52733987600712,104.0,467.5,33.0,0.5060827250608273,0,22.16666666666667,74,100.14,0.19,2026-09-22T00:00Z,0.17127463,0.16051409,283.39868,0.16348869,0.16348869,5.684,0.0362,nasa_power_ml_plus_cams_spectral,4.9,low,17.9,43.3,poor locally,39.3,50.0,43.0,43.0,False,74,65.9,1.6,0,horizontal environmental reference,E,75.1,"sun low 15° (E) — face E, lift torso ~75° toward the sun if comfortable",100.0,False,,,50.0,10.2,10.2,,not specified,Environmental scores are skin-type independent.,not personalized
2026-09-24T09:00,deterministic,best_match,74.5,67,62.8,77.7,66.6,1011.6,1001.6,79199.48,0,0,0,0,0,0,0.0,0.0,0.0,0.0,3.1,176,2.2,1.85,1.85,3600.0,1,0.0,0.8,0.0,13648.294,705.381,23.6,0.0,0.008,0.96,312.0,255.0,57.0,715.7,483.6,395.3,323.1,72.2,906.8,613.0,37,24,43,9,14,0,0,0,0,0,2549.213,4967.192,10357.611,19146.982,31390.23,America/Los_Angeles,34.03202,-118.52633,86.0,42.10615158081055,1.0,0.0,0.6451612903225806,0.6448613376835237,0.8173076923076923,0.18269230769230768,0.8173539084239818,0.18264609157601822,1.0,0.0,0.0,43.0,0.0,74.8,1.0,45.3,41.3,242.0,492.0,61.6,5.7,26.0,1611.0,0.19,2.0,1.9,1.9,89.0,89.0,31.0,1.0,2026-09-24 16:00:00+00:00,63.17710464466274,26.82289535533726,110.87857945353994,373.88511770555164,611.3752178413965,98.0117217665059,312.0,715.7,57.0,0.6451612903225806,0,23.61111111111111,67,100.16,0.19,2026-09-22T00:00Z,0.17835632,0.16674921,282.75684,0.16353226,0.16353226,17.164,0.2578,nasa_power_ml_plus_cams_spectral,16.1,low,36.1,46.4,below typical locally,51.4,44.5,49.0,49.0,False,67,66.6,3.1,0,horizontal environmental reference,ESE,63.2,"sun low 27° (ESE) — face ESE, lift torso ~63° toward the sun if comfortable",100.0,False,,,50.0,23.9,23.9,,not specified,Environmental scores are skin-type independent.,not personalized
2026-09-24T10:00,deterministic,best_match,76.8,61,62.3,79.3,67.2,1011.7,1001.8,79199.48,0,0,0,0,0,0,0.0,0.0,0.0,0.0,4.3,192,2.7,3.5,3.5,3600.0,1,10.0,0.5,65.0,13746.72,1066.273,23.3,0.0,0.013,1.23,513.0,443.0,70.0,826.5,728.1,588.1,507.9,80.3,947.5,834.9,36,24,39,9,14,0,0,0,0,0,2555.775,4973.754,10360.893,19150.262,31390.23,America/Los_Angeles,34.03202,-118.52633,86.0,42.10615158081055,1.0,0.0,0.7045735475896168,0.7043957360162895,0.8635477582846004,0.1364522417153996,0.8636286345859547,0.13654140452304028,1.0,0.0,-0.09999999999990905,39.0,0.0,84.7,1.0,42.5,37.6,210.0,476.0,52.7,6.8,51.0,1517.0,0.19,2.0,3.9,3.9,90.0,90.0,31.0,3.0,2026-09-24 17:00:00+00:00,52.10615379655423,37.89384620344577,122.89478340723866,559.1950246353106,718.0995776210723,118.13794396037565,513.0,826.5,70.0,0.7045735475896168,0,24.88888888888889,61,100.17999999999999,0.19,2026-09-22T00:00Z,0.21463037,0.20062257,282.623,0.16353226,0.16353226,28.834,0.6258,nasa_power_ml_plus_cams_spectral,28.4,low-moderate,52.8,40.9,typical-to-good locally,64.8,42.0,56.8,56.8,False,61,67.2,4.3,0,horizontal environmental reference,ESE,52.1,"sun 38° up (ESE) — lay flat, or lift torso ~52° toward ESE to face it",100.0,False,,,50.0,35.9,35.9,,not specified,Environmental scores are skin-type independent.,not personalized
2026-09-24T11:00,deterministic,best_match,79.0,56,61.9,82.2,67.8,1011.7,1001.8,79199.48,0,0,0,0,0,0,0.0,0.0,0.0,0.0,5.5,201,2.9,5.1,5.1,3600.0,1,50.0,0.3,287.0,13845.145,1295.932,23.6,0.0,0.018,1.49,678.0,601.0,77.0,885.5,922.4,734.5,651.0,83.4,959.2,999.3,34,24,42,9,14,0,0,0,0,0,2562.336,4977.034,10367.454,19156.824,31400.812,America/Los_Angeles,34.03202,-118.52633,86.0,42.10615158081055,1.0,0.0,0.7350390286209887,0.7350145101571101,0.8864306784660767,0.11356932153392331,0.8863172226004085,0.11354663036078966,1.0,0.0,0.10000000000002274,42.0,0.0,93.5,1.0,39.7,34.7,180.0,462.0,44.1,7.6,74.0,1441.0,0.19,3.0,5.95,5.95,91.0,91.0,32.0,5.0,2026-09-24 18:00:00+00:00,42.695496982295126,47.304503017704874,138.84450900592373,698.5794238012479,772.876627895901,130.53991848981138,678.0,885.5,77.0,0.7350390286209887,0,26.11111111111111,56,100.17999999999999,0.19,2026-09-22T00:00Z,0.24946526,0.2333373,282.92905,0.16353226,0.16353226,39.168,1.0523,nasa_power_ml_plus_cams_spectral,39.7,moderate,68.1,32.2,typical-to-good locally,82.5,35.2,65.9,65.9,False,56,67.8,5.5,0,horizontal environmental reference,SE,42.7,"sun 47° up (SE) — lay flat, or lift torso ~43° toward SE to face it",100.0,False,,,50.0,45.5,45.5,,not specified,Environmental scores are skin-type independent.,not personalized
2026-09-24T12:00,deterministic,best_match,80.4,52,61.2,84.2,67.9,1011.2,1001.4,79199.48,0,0,0,0,0,0,0.0,0.0,0.0,0.0,6.1,204,3.1,6.25,6.25,3600.0,1,100.0,0.0,248.0,13910.762,1328.74,23.5,0.0,0.022,1.7,790.0,709.0,81.0,915.1,1053.2,821.3,737.1,84.2,951.4,1095.0,31,25,44,9,14,0,0,0,0,0,2552.494,4973.754,10364.173,19153.542,31395.52,America/Los_Angeles,34.03202,-118.52633,86.0,42.10615158081055,1.0,0.0,0.750094948727687,0.7500456621004565,0.8974683544303798,0.10253164556962026,0.8974796055034702,0.1025203944965299,1.0,0.0,-1.1368683772161603e-13,44.0,0.0,98.4,1.0,36.3,31.5,155.0,452.0,36.3,7.8,91.0,1403.0,0.18,3.0,7.3,7.3,91.0,91.0,32.0,9.0,2026-09-24 19:00:00+00:00,36.36682649558267,53.63317350441733,160.34208789890977,780.1534470194175,798.5454233304155,137.13493098927165,790.0,915.1,81.0,0.750094948727687,0,26.888888888888893,52,100.14,0.18,2026-09-22T00:00Z,0.26845306,0.25117105,283.00214,0.16348904,0.16348904,46.865,1.3269,nasa_power_ml_plus_cams_spectral,48.0,moderate,82.6,41.4,good locally,98.5,62.5,85.9,85.9,False,52,67.9,6.1,0,horizontal environmental reference,SSE,36.4,"sun 54° up (SSE) — lay flat, or lift torso ~36° toward SSE to face it",100.0,False,,,50.0,56.0,56.0,,not specified,Environmental scores are skin-type independent.,not personalized
2026-09-24T13:00,deterministic,best_match,81.5,49,60.5,85.0,68.0,1010.8,1001.0,79199.48,0,0,0,0,0,0,0.0,0.0,0.0,0.0,7.2,202,3.8,6.8,6.8,3600.0,1,90.0,0.0,240.0,14009.187,1394.357,23.0,0.0,0.024,1.87,841.0,759.0,82.0,928.5,1111.5,843.8,761.6,82.3,931.6,1115.4,31,26,43,9,12,0,0,0,0,0,2542.651,4967.192,10360.893,19150.262,31390.23,America/Los_Angeles,34.03202,-118.52633,86.0,42.10615158081055,1.0,0.0,0.7566351776878093,0.7564999103460641,0.9024970273483948,0.09750297265160524,0.9025835506044088,0.09753496089120645,1.0,0.0,-0.10000000000002274,43.0,0.0,98.6,1.0,32.6,28.0,132.0,444.0,28.9,7.8,106.0,1382.0,0.17,2.0,7.5,7.5,91.0,91.0,32.0,14.0,2026-09-24 20:00:00+00:00,34.89630619670804,55.10369380329196,186.11269735430466,797.5444585355935,803.5377592660143,138.49182026373728,841.0,928.5,82.0,0.7566351776878093,0,27.5,49,100.1,0.17,2026-09-22T00:00Z,0.2862724,0.26814434,282.75214,0.16357642,0.16357642,49.131,1.468,nasa_power_ml_plus_cams_spectral,51.2,strong,87.8,50.8,good locally,99.8,61.4,86.4,86.4,False,49,68.0,7.2,0,horizontal environmental reference,S,34.9,"sun 55° up (S) — lay flat on back, face up",100.0,False,,,50.0,60.0,60.0,,not specified,Environmental scores are skin-type independent.,not personalized
2026-09-24T14:00,deterministic,best_match,80.6,51,60.8,83.3,67.8,1010.5,1000.7,2034.121,45,0,0,0,0,0,0.0,0.0,0.0,0.0,8.6,217,6.3,6.6,6.6,3600.0,1,70.0,-0.1,276.0,14140.42,1361.549,22.2,0.0,0.023,1.75,826.0,744.0,82.0,925.4,1093.5,800.0,720.5,79.4,896.2,1059.1,30,27,34,9,10,0,0,0,0,0,2532.808,4960.63,10351.05,19146.982,31390.23,America/Los_Angeles,34.03202,-118.52633,86.0,42.10615158081055,1.0,0.0,0.7553726566072245,0.7553583231045228,0.9007263922518159,0.09927360774818401,0.900625,0.09925,1.0,0.0,0.10000000000002274,34.0,0.0,98.5,1.0,28.9,24.6,116.0,439.0,22.6,7.5,116.0,1368.0,0.16,2.0,6.4,6.4,92.0,92.0,32.0,21.0,2026-09-24 21:00:00+00:00,38.8501239611552,51.1498760388448,210.37099468090096,749.4182529169628,789.3294205719238,134.69679119607952,826.0,925.4,82.0,0.7553726566072245,0,26.999999999999996,51,100.07000000000001,0.16,2026-09-22T00:00Z,0.3076215,0.2880301,282.61176,0.1637646,0.1637646,47.062,1.3395,nasa_power_ml_plus_cams_spectral,49.3,moderate,84.7,62.2,good locally,99.5,69.5,89.0,89.0,False,51,67.8,8.6,0,horizontal environmental reference,SSW,38.9,"sun 51° up (SSW) — lay flat, or lift torso ~39° toward SSW to face it",100.0,False,,,50.0,59.8,59.8,,not specified,Environmental scores are skin-type independent.,not personalized
2026-09-24T15:00,deterministic,best_match,79.7,54,61.6,81.6,67.8,1010.0,1000.2,1246.719,45,0,0,0,0,0,0.0,0.0,0.0,0.0,8.7,222,8.3,5.6,5.75,3600.0,1,80.0,-0.2,296.0,14238.846,1115.486,21.1,0.0,0.02,1.59,715.0,613.0,102.0,833.8,1000.2,664.7,569.9,94.8,775.1,930.0,26,27,27,9,8,0,0,0,0,0,2522.966,4950.788,10344.488,19143.702,31390.23,America/Los_Angeles,34.03202,-118.52633,86.0,42.10615158081055,0.9739130434782608,0.026086956521739202,0.7148570285942811,0.714731182795699,0.8573426573426574,0.14265734265734265,0.857379268843087,0.14262073115691287,1.0,0.0,1.1368683772161603e-13,27.0,0.0,93.2,1.0,26.9,22.5,112.0,437.0,17.3,7.0,122.0,1362.0,0.14,2.0,4.45,4.45,92.0,92.0,32.0,27.0,2026-09-24 22:00:00+00:00,46.85390481369351,43.14609518630649,229.13366131589703,639.4480373632185,751.5674168881216,125.48040908908695,715.0,833.8,102.0,0.7148570285942811,0,26.500000000000004,54,100.02000000000001,0.14,2026-09-22T00:00Z,0.32164133,0.30145925,282.73737,0.16401064,0.16401064,41.063,0.9951,nasa_power_ml_plus_cams_spectral,42.5,moderate,72.9,67.0,typical-to-good locally,71.6,71.2,71.5,71.5,False,54,67.8,8.7,0,horizontal environmental reference,SW,46.9,"sun 43° up (SW) — lay flat, or lift torso ~47° toward SW to face it",100.0,False,,,50.0,52.1,52.1,,not specified,Environmental scores are skin-type independent.,not personalized
2026-09-24T16:00,deterministic,best_match,79.1,57,62.6,79.9,68.2,1009.6,999.7,79199.48,0,0,0,0,0,0,0.0,0.0,0.0,0.0,9.3,222,10.5,4.2,4.35,3600.0,1,150.0,-0.6,289.0,14238.846,1066.273,21.2,0.0,0.016,1.46,574.0,488.0,86.0,792.5,838.1,504.5,428.9,75.6,696.5,736.7,26,29,27,9,8,0,0,0,0,0,2513.123,4940.945,10341.207,19140.42,31390.23,America/Los_Angeles,34.03202,-118.52633,86.0,42.10615158081055,0.9655172413793105,0.0344827586206895,0.6848824722586804,0.6848106420523957,0.8501742160278746,0.14982578397212543,0.8501486620416253,0.14985133795837463,1.0,0.0,0.0,29.0,0.0,83.5,1.0,25.7,21.1,115.0,439.0,13.1,6.3,124.0,1363.0,0.13,3.0,2.4,2.4,92.0,92.0,32.0,34.0,2026-09-24 23:00:00+00:00,57.18722046785059,32.81277953214941,242.9851107733274,476.45455429394974,676.5757327249202,109.82108692092072,574.0,792.5,86.0,0.6848824722586804,0,26.166666666666664,57,99.97,0.13,2026-09-22T00:00Z,0.31408936,0.29406327,282.5459,0.16419882,0.16419882,31.079,0.5855,nasa_power_ml_plus_cams_spectral,32.0,low-moderate,56.7,86.3,typical-to-good locally,59.4,73.1,64.2,64.2,False,57,68.2,9.3,0,horizontal environmental reference,WSW,57.2,"sun 33° up (WSW) — lay flat, or lift torso ~57° toward WSW to face it",100.0,False,,,50.0,42.7,42.7,,not specified,Environmental scores are skin-type independent.,not personalized
2026-09-24T17:00,deterministic,best_match,79.7,56,62.6,81.0,68.4,1009.1,999.3,79199.48,0,0,0,0,0,0,0.0,0.0,0.0,0.0,7.3,211,8.3,2.7,2.7,3600.0,1,240.0,-1.2,448.0,14238.846,951.444,21.9,0.0,0.012,1.52,423.0,359.0,64.0,790.9,618.1,336.9,286.0,51.0,629.9,492.6,25,29,31,10,8,0,0,0,0,0,2506.562,4934.384,10337.927,19137.138,31390.23,America/Los_Angeles,34.03202,-118.52633,86.0,42.10615158081055,1.0,0.0,0.6843552823167772,0.6839220462850182,0.8486997635933806,0.15130023640661938,0.8489165924606709,0.15138023152270705,1.0,0.0,-0.10000000000002274,31.0,0.0,75.0,1.0,24.3,19.6,120.0,440.0,11.5,5.6,120.0,1365.0,0.13,3.0,0.9,0.9,92.0,92.0,32.0,41.0,2026-09-25 00:00:00+00:00,68.73630186345197,21.263698136548026,253.74614050802975,275.8660452033764,528.0880575207627,84.34918132824521,423.0,790.9,64.0,0.6843552823167772,0,26.500000000000004,56,99.92999999999999,0.13,2026-09-22T00:00Z,0.27665,0.25845248,281.8702,0.16367084,0.16367084,20.977,0.2458,nasa_power_ml_plus_cams_spectral,21.2,low-moderate,41.6,99.4,below typical locally,34.9,72.9,48.2,48.2,False,56,68.4,7.3,0,horizontal environmental reference,WSW,68.7,"sun low 21° (WSW) — face WSW, lift torso ~69° toward the sun if comfortable",100.0,False,,,50.0,31.0,31.0,,not specified,Environmental scores are skin-type independent.,not personalized
2026-09-24T18:00,deterministic,best_match,77.5,62,63.5,78.8,68.1,1009.5,999.6,79199.48,0,0,0,0,0,0,0.0,0.0,0.0,0.0,8.4,197,8.3,1.15,1.15,3600.0,1,130.0,-0.6,503.0,14206.037,820.21,24.6,0.0,0.007,1.22,213.0,166.0,47.0,637.0,355.3,128.1,99.9,28.3,383.2,214.1,32,28,44,9,6,0,0,0,0,0,2509.843,4934.384,10337.927,19140.42,31400.812,America/Los_Angeles,34.03202,-118.52633,86.0,42.10615158081055,1.0,0.0,0.5994933858710948,0.5983185427370388,0.7793427230046949,0.22065727699530516,0.7798594847775177,0.22092115534738488,1.0,0.0,-0.10000000000002274,44.0,0.0,59.1,1.0,22.4,17.9,125.0,441.0,12.8,4.7,107.0,1365.0,0.12,3.0,0.15,0.15,92.0,92.0,32.0,47.0,2026-09-25 01:00:00+00:00,80.85645557658373,9.14354442341628,262.8483517691979,70.56637001620392,210.63005575859984,37.09547440787931,213.0,637.0,47.0,0.5994933858710948,0,25.27777777777778,62,99.96000000000001,0.12,2026-09-22T00:00Z,0.24783836,0.23143621,281.6916,0.16367084,0.16367084,7.944,0.0475,nasa_power_ml_plus_cams_spectral,8.4,low,22.4,100.0,poor locally,34.9,70.3,47.3,47.3,False,62,68.1,8.4,0,horizontal environmental reference,W,80.9,"sun low 9° (W) — face W, lift torso ~81° toward the sun if comfortable",100.0,False,,,50.0,16.2,16.2,,not specified,Environmental scores are skin-type independent.,not personalized
2026-09-24T19:00,deterministic,best_match,73.9,71,63.9,75.7,67.1,1010.0,1000.0,79199.48,0,0,0,0,0,0,0.0,0.0,0.0,0.0,7.6,201,8.9,0.15,0.15,2616.0,0,10.0,0.3,455.0,14304.462,787.402,26.8,0.0,0.002,0.83,31.0,18.0,13.0,179.8,78.3,0.0,0.0,0.0,0.0,0.0,35,28,54,9,8,0,0,0,0,0,2513.123,4937.664,10337.927,19143.702,31411.396,America/Los_Angeles,34.03202,-118.52633,86.0,42.10615158081055,1.0,0.0,0.3959131545338442,,0.5806451612903226,0.41935483870967744,,,0.7266666666666667,0.0,0.0,54.0,0.0,36.4,1.0,21.1,16.6,131.0,442.0,16.7,3.7,87.0,1366.0,0.12,2.0,0.0,0.0,92.0,92.0,32.0,50.0,2026-09-25 02:00:00+00:00,93.36840425344424,-3.3684042534442447,271.2981484924434,0.0,0.0,0.0,31.0,179.8,13.0,0.3959131545338442,0,23.277777777777782,71,100.0,0.12,2026-09-22T00:00Z,0.21157691,0.19726555,281.71838,0.16367084,0.16367084,0.0,0.0,nasa_power_ml_plus_cams_spectral,0.4,low,0.9,29.8,poor locally,,,,,False,71,67.1,7.6,0,horizontal environmental reference,W,,sun below horizon — no direct-sun posture,100.0,False,,,50.0,0.0,0.0,,not specified,Environmental scores are skin-type independent.,not personalized
2026-09-24T20:00,deterministic,best_match,73.2,73,64.0,76.0,66.9,1010.4,1000.4,79199.48,0,0,0,0,0,0,0.0,0.0,0.0,0.0,5.3,195,5.8,0.0,0.0,0.0,0,10.0,0.6,376.0,14337.271,721.785,27.2,0.0,0.001,0.75,0.0,0.0,0.0,0.0,0.0,0.0,0.0,0.0,0.0,0.0,38,28,54,9,10,0,0,0,0,0,2522.966,4944.226,10344.488,19153.542,31437.854,America/Los_Angeles,34.03202,-118.52633,86.0,42.10615158081055,,,,,,,,,0.0,0.0,0.0,54.0,0.0,0.0,0.6,21.0,16.5,136.0,443.0,23.5,3.1,68.0,1368.0,0.13,2.0,0.0,0.0,92.0,92.0,32.0,52.0,2026-09-25 03:00:00+00:00,105.74006049980687,-15.740060499806871,279.9213450049502,0.0,0.0,0.0,0.0,0.0,0.0,,0,22.888888888888893,73,100.03999999999999,0.13,2026-09-22T00:00Z,0.18252939,0.1701826,282.04407,0.16367084,0.16367084,0.0,0.0,nasa_power_ml_plus_cams_spectral,0.0,low,0.0,,poor locally,,,,,False,73,66.9,5.3,0,horizontal environmental reference,W,,sun below horizon — no direct-sun posture,100.0,False,,,50.0,0.0,0.0,,not specified,Environmental scores are skin-type independent.,not personalized
2026-09-24T21:00,deterministic,best_match,73.0,74,64.2,76.5,66.9,1010.9,1000.9,79199.48,0,6,0,0,5,0,0.0,0.0,0.0,0.0,4.0,164,3.8,0.0,0.0,0.0,0,10.0,1.0,373.0,14304.462,639.764,27.1,0.0,0.001,0.72,0.0,0.0,0.0,0.0,0.0,0.0,0.0,0.0,0.0,0.0,39,28,54,9,46,0,0,0,0,0,2536.089,4957.349,10354.331,19160.106,31459.022,America/Los_Angeles,34.03202,-118.52633,86.0,42.10615158081055,,,,,,,,,0.0,0.0,0.0,54.0,0.0,0.0,0.6,21.4,16.9,138.0,444.0,35.4,3.2,49.0,1370.0,0.13,2.0,0.0,0.0,91.0,91.0,32.0,49.0,2026-09-25 04:00:00+00:00,117.76480243409941,-27.764802434099416,289.6069047031953,0.0,0.0,0.0,0.0,0.0,0.0,,6,22.77777777777778,74,100.09,0.13,2026-09-22T00:00Z,0.15934172,0.14840408,282.54614,0.16367084,0.16367084,0.0,0.0,nasa_power_ml_plus_cams_spectral,0.0,low,0.0,,poor locally,,,,,False,74,66.9,4.0,0,horizontal environmental reference,WNW,,sun below horizon — no direct-sun posture,100.0,False,,,50.0,0.0,0.0,,not specified,Environmental scores are skin-type independent.,not personalized
2026-09-24T22:00,deterministic,best_match,72.8,74,64.1,76.4,66.8,1010.8,1000.8,79199.48,0,0,0,0,0,0,0.0,0.0,0.0,0.0,3.5,145,3.6,0.0,0.0,0.0,0,0.0,1.3,0.0,14337.271,590.551,26.3,0.0,0.001,0.72,0.0,0.0,0.0,0.0,0.0,0.0,0.0,0.0,0.0,0.0,39,27,54,7,40,0,0,0,0,0,2532.808,4950.788,10351.05,19166.666,31469.606,America/Los_Angeles,34.03202,-118.52633,86.0,42.10615158081055,,,,,,,,,0.0,0.0,0.0,54.0,0.0,0.0,0.6,23.9,19.4,138.0,446.0,50.3,3.6,31.0,1373.0,0.14,2.0,0.0,0.0,91.0,91.0,31.0,46.0,2026-09-25 05:00:00+00:00,128.99193944229506,-38.991939442295056,301.57302638715174,0.0,0.0,0.0,0.0,0.0,0.0,,0,22.666666666666668,74,100.08,0.14,2026-09-22T00:00Z,0.14694715,0.13689074,282.88925,0.16367084,0.16367084,0.0,0.0,nasa_power_ml_plus_cams_spectral,0.0,low,0.0,,poor locally,,,,,False,74,66.8,3.5,0,horizontal environmental reference,WNW,,sun below horizon — no direct-sun posture,100.0,False,,,50.0,0.0,0.0,,not specified,Environmental scores are skin-type independent.,not personalized
2026-09-24T23:00,deterministic,best_match,72.5,74,63.7,75.9,66.4,1010.9,1000.9,79199.48,0,0,0,0,0,0,0.0,0.0,0.0,0.0,3.5,153,3.8,0.0,0.0,0.0,0,0.0,1.6,0.0,14337.271,672.572,26.3,0.0,0.001,0.71,0.0,0.0,0.0,0.0,0.0,0.0,0.0,0.0,0.0,0.0,42,27,59,7,24,0,0,0,0,0,2529.528,4947.507,10344.488,19163.386,31474.894,America/Los_Angeles,34.03202,-118.52633,86.0,42.10615158081055,,,,,,,,,0.0,0.0,0.0,59.0,0.0,0.0,0.6,27.1,22.6,137.0,448.0,61.9,4.0,16.0,1378.0,0.15,2.0,0.0,0.0,90.0,90.0,31.0,41.0,2026-09-25 06:00:00+00:00,138.61214135019296,-48.612141350192964,317.61805787329246,0.0,0.0,0.0,0.0,0.0,0.0,,0,22.5,74,100.09,0.15,2026-09-22T00:00Z,0.1436163,0.13399439,283.20404,0.16367084,0.16367084,0.0,0.0,nasa_power_ml_plus_cams_spectral,0.0,low,0.0,,poor locally,,,,,False,74,66.4,3.5,0,horizontal environmental reference,NW,,sun below horizon — no direct-sun posture,100.0,False,,,50.0,0.0,0.0,,not specified,Environmental scores are skin-type independent.,not personalized
2026-09-25T00:00,deterministic,best_match,71.9,74,63.2,75.5,65.9,1011.0,1001.0,79199.48,0,0,0,0,0,0,0.0,0.0,0.0,0.0,2.8,162,3.4,0.0,0.0,0.0,0,0.0,1.9,0.0,14206.037,623.36,26.4,0.0,0.0,0.7,0.0,0.0,0.0,0.0,0.0,0.0,0.0,0.0,0.0,0.0,43,27,63,7,18,0,0,0,0,0,2529.528,4944.226,10337.927,19153.542,31469.606,America/Los_Angeles,34.03202,-118.52633,86.0,42.10615158081055,,,,,,,,,0.0,0.0,0.0,63.0,0.0,0.0,0.6,29.9,25.6,135.0,450.0,67.5,4.1,7.0,1386.0,0.15,2.0,0.0,0.0,90.0,90.0,31.0,35.0,2026-09-25 07:00:00+00:00,145.1572835195198,-55.15728351951982,339.6413130668578,0.0,0.0,0.0,0.0,0.0,0.0,,0,22.16666666666667,74,100.1,0.15,2026-09-22T00:00Z,0.13992952,0.13051641,283.45807,0.16367084,0.16367084,0.0,0.0,nasa_power_ml_plus_cams_spectral,0.0,low,0.0,,poor locally,,,,,False,74,65.9,2.8,0,horizontal environmental reference,NNW,,sun below horizon — no direct-sun posture,100.0,False,,,50.0,0.0,0.0,,not specified,Environmental scores are skin-type independent.,not personalized
2026-09-25T01:00,deterministic,best_match,71.8,74,63.0,75.3,65.8,1010.8,1000.8,79199.48,0,0,0,0,0,0,0.0,0.0,0.0,0.0,2.6,160,3.8,0.0,0.0,0.0,0,0.0,2.0,0.0,14074.804,541.339,25.9,0.0,0.0,0.69,0.0,0.0,0.0,0.0,0.0,0.0,0.0,0.0,0.0,0.0,41,26,63,6,20,0,0,0,0,0,2526.247,4940.945,10334.646,19146.982,31464.312,America/Los_Angeles,34.03202,-118.52633,86.0,42.10615158081055,,,,,,,,,0.0,0.0,0.0,63.0,0.0,0.0,0.6,32.5,28.3,132.0,453.0,69.9,4.1,3.0,1395.0,0.16,2.0,0.0,0.0,90.0,90.0,31.0,28.0,2026-09-25 08:00:00+00:00,146.70291242165092,-56.70291242165092,6.451787029091292,0.0,0.0,0.0,0.0,0.0,0.0,,0,22.11111111111111,74,100.08,0.16,2026-09-22T00:00Z,0.14286068,0.13331321,283.44986,0.16367084,0.16367084,0.0,0.0,nasa_power_ml_plus_cams_spectral,0.0,low,0.0,,poor locally,,,,,False,74,65.8,2.6,0,horizontal environmental reference,N,,sun below horizon — no direct-sun posture,100.0,False,,,50.0,0.0,0.0,,not specified,Environmental scores are skin-type independent.,not personalized
2026-09-25T02:00,deterministic,best_match,71.6,75,63.2,75.6,65.8,1010.7,1000.7,79199.48,0,0,0,0,0,0,0.0,0.0,0.0,0.0,1.6,236,1.6,0.0,0.0,0.0,0,0.0,2.4,0.0,14041.995,426.509,25.2,0.0,0.0,0.66,0.0,0.0,0.0,0.0,0.0,0.0,0.0,0.0,0.0,0.0,40,26,59,6,26,0,0,0,0,0,2519.685,4934.384,10324.804,19143.702,31464.312,America/Los_Angeles,34.03202,-118.52633,86.0,42.10615158081055,,,,,,,,,0.0,0.0,0.0,59.0,0.0,0.0,0.6,35.0,31.1,129.0,454.0,71.1,4.1,0.0,1401.0,0.17,2.0,0.0,0.0,90.0,90.0,31.0,21.0,2026-09-25 09:00:00+00:00,142.61444334193877,-52.61444334193876,31.5753386306302,0.0,0.0,0.0,0.0,0.0,0.0,,0,21.999999999999996,75,100.07000000000001,0.17,2026-09-22T00:00Z,0.14456955,0.13496964,283.25677,0.16367084,0.16367084,0.0,0.0,nasa_power_ml_plus_cams_spectral,0.0,low,0.0,,poor locally,,,,,False,75,65.8,1.6,0,horizontal environmental reference,NNE,,sun below horizon — no direct-sun posture,100.0,False,,,50.0,0.0,0.0,,not specified,Environmental scores are skin-type independent.,not personalized
2026-09-25T03:00,deterministic,best_match,71.4,75,63.1,75.3,65.7,1010.7,1000.7,79199.48,0,6,0,0,5,0,0.0,0.0,0.0,0.0,1.7,247,1.6,0.0,0.0,0.0,0,0.0,2.5,0.0,14173.229,393.701,24.3,0.0,0.0,0.66,0.0,0.0,0.0,0.0,0.0,0.0,0.0,0.0,0.0,0.0,41,26,47,6,34,0,0,0,0,0,2519.685,4931.103,10318.241,19140.42,31464.312,America/Los_Angeles,34.03202,-118.52633,86.0,42.10615158081055,,,,,,,,,0.0,0.0,0.0,47.0,0.0,0.0,0.6,37.1,33.4,125.0,454.0,71.6,4.0,0.0,1398.0,0.18,2.0,0.0,0.0,90.0,90.0,31.0,15.0,2026-09-25 10:00:00+00:00,134.40656663480428,-44.40656663480429,50.657952636120456,0.0,0.0,0.0,0.0,0.0,0.0,,6,21.888888888888893,75,100.07000000000001,0.18,2026-09-22T00:00Z,0.14151978,0.13201284,283.29443,0.16367084,0.16367084,0.0,0.0,nasa_power_ml_plus_cams_spectral,0.0,low,0.0,,poor locally,,,,,False,75,65.7,1.7,0,horizontal environmental reference,NE,,sun below horizon — no direct-sun posture,100.0,False,,,50.0,0.0,0.0,,not specified,Environmental scores are skin-type independent.,not personalized
2026-09-25T04:00,deterministic,best_match,71.2,75,62.9,75.1,65.5,1010.8,1000.8,79199.48,0,8,0,0,5,0,0.0,0.0,0.0,0.0,1.7,203,1.6,0.0,0.0,0.0,0,0.0,2.5,0.0,14206.037,311.68,23.3,0.0,0.0,0.65,0.0,0.0,0.0,0.0,0.0,0.0,0.0,0.0,0.0,0.0,42,26,38,6,62,0,0,0,0,0,2522.966,4927.822,10314.961,19137.138,31459.022,America/Los_Angeles,34.03202,-118.52633,86.0,42.10615158081055,,,,,,,,,0.0,0.0,0.0,62.0,0.0,0.0,0.6,39.1,35.3,121.0,452.0,70.8,4.0,0.0,1392.0,0.2,2.0,0.0,0.0,90.0,90.0,31.0,10.0,2026-09-25 11:00:00+00:00,123.90675887820944,-33.90675887820945,64.54689009781055,0.0,0.0,0.0,0.0,0.0,0.0,,8,21.77777777777778,75,100.08,0.2,2026-09-22T00:00Z,0.1426207,0.13305403,283.9434,0.16362822,0.16362822,0.0,0.0,nasa_power_ml_plus_cams_spectral,0.0,low,0.0,,poor locally,,,,,False,75,65.5,1.7,0,horizontal environmental reference,ENE,,sun below horizon — no direct-sun posture,100.0,False,,,50.0,0.0,0.0,,not specified,Environmental scores are skin-type independent.,not personalized
2026-09-25T05:00,deterministic,best_match,70.7,77,63.1,74.0,65.4,1011.1,1001.1,79199.48,0,6,0,0,5,0,0.0,0.0,0.0,0.0,3.1,210,3.1,0.0,0.0,0.0,0,0.0,2.9,0.0,14435.695,344.488,22.6,0.0,0.0,0.59,0.0,0.0,0.0,0.0,0.0,0.0,0.0,0.0,0.0,0.0,43,27,36,6,88,0,0,0,0,10,2529.528,4934.384,10314.961,19137.138,31464.312,America/Los_Angeles,34.03202,-118.52633,86.0,42.10615158081055,,,,,,,,,0.0,0.0,0.0,88.0,10.0,0.0,0.6,41.0,37.3,121.0,452.0,69.4,4.0,0.0,1390.0,0.21,2.0,0.0,0.0,89.0,89.0,31.0,6.0,2026-09-25 12:00:00+00:00,112.2436400153085,-22.2436400153085,75.27742523256347,0.0,0.0,0.0,0.0,0.0,0.0,,6,21.500000000000004,77,100.11,0.21,2026-09-22T00:00Z,0.14185819,0.13220192,284.46017,0.1634674,0.1634674,0.0,0.0,nasa_power_ml_plus_cams_spectral,0.0,low,0.0,,poor locally,,,,,False,77,65.4,3.1,0,horizontal environmental reference,ENE,,sun below horizon — no direct-sun posture,100.0,False,,,50.0,0.0,0.0,,not specified,Environmental scores are skin-type independent.,not personalized
2026-09-25T06:00,deterministic,best_match,70.3,77,62.8,74.0,65.1,1011.4,1001.4,79199.48,0,6,0,0,5,0,0.0,0.0,0.0,0.0,1.9,234,2.0,0.0,0.0,0.0,0,0.0,3.1,0.0,14501.312,311.68,22.3,0.0,0.0,0.58,0.0,0.0,0.0,0.0,0.0,0.0,0.0,0.0,0.0,0.0,43,27,34,6,68,0,0,0,0,0,2536.089,4940.945,10318.241,19140.42,31469.606,America/Los_Angeles,34.03202,-118.52633,86.0,42.10615158081055,,,,,,,,,0.0,0.0,0.0,68.0,0.0,0.0,0.6,42.6,39.2,128.0,454.0,68.0,4.1,0.0,1401.0,0.21,2.0,0.0,0.0,89.0,89.0,31.0,3.0,2026-09-25 13:00:00+00:00,100.0256019422751,-10.025601942275108,84.36048352059788,0.0,0.0,0.0,0.0,0.0,0.0,,6,21.27777777777778,77,100.14,0.21,2026-09-22T00:00Z,0.13787735,0.12828201,284.75162,0.16322136,0.16322136,0.0,0.0,nasa_power_ml_plus_cams_spectral,0.0,low,0.0,0.0,poor locally,,,,,False,77,65.1,1.9,0,horizontal environmental reference,E,,sun below horizon — no direct-sun posture,100.0,False,,,50.0,0.0,0.0,,not specified,Environmental scores are skin-type independent.,not personalized
2026-09-25T07:00,deterministic,best_match,70.3,77,62.8,74.8,65.1,1011.5,1001.5,79199.48,0,14,0,0,10,0,0.0,0.0,0.0,0.0,0.2,360,1.1,0.0,0.0,0.0,1,0.0,3.3,0.0,14796.588,229.659,21.6,0.0,0.0,0.58,1.0,0.0,1.0,0.0,5.4,10.2,0.0,10.2,0.0,56.6,38,26,34,6,70,0,0,0,0,0,2542.651,4950.788,10328.084,19150.262,31480.188,America/Los_Angeles,34.03202,-118.52633,86.0,42.10615158081055,,,0.18518518518518517,0.1802120141342756,0.0,1.0,0.0,1.0,0.0,0.0,0.0,70.0,0.0,4.1,0.85,45.8,42.6,140.0,457.0,65.9,4.2,0.0,1417.0,0.2,1.0,0.05,0.05,88.0,88.0,30.0,2.0,2026-09-25 14:00:00+00:00,87.36173509536584,2.6382649046341515,92.82609775077628,3.7911027522802585,11.854882254177147,3.2454208738941066,1.0,0.0,1.0,0.18518518518518517,14,21.27777777777778,77,100.15,0.2,2026-09-22T00:00Z,0.13518359,0.12573433,285.03403,0.16301787,0.16301787,0.794,0.0035,nasa_power_ml_plus_cams_spectral,0.4,low,0.8,6.4,poor locally,30.2,67.6,43.3,43.3,False,77,65.1,0.2,0,horizontal environmental reference,E,87.4,"sun low 3° (E) — face E, lift torso ~87° toward the sun if comfortable",100.0,False,,,50.0,1.2,1.2,,not specified,Environmental scores are skin-type independent.,not personalized
2026-09-25T08:00,deterministic,best_match,72.1,71,62.2,75.9,65.4,1011.8,1001.8,79199.48,1,30,0,0,27,0,0.0,0.0,0.0,0.0,1.2,158,1.8,0.5,0.5,3600.0,1,0.0,3.1,0.0,15288.714,426.509,21.5,0.0,0.002,0.78,102.0,69.0,33.0,460.5,202.1,173.9,117.6,56.3,785.1,345.3,39,26,32,6,70,0,0,0,0,0,2552.494,4957.349,10331.365,19166.666,31496.062,America/Los_Angeles,34.03202,-118.52633,86.0,42.10615158081055,1.0,0.0,0.5047006432459179,0.5036200405444541,0.6764705882352942,0.3235294117647059,0.6762507188039102,0.3237492811960897,1.0,0.0,2.842170943040401e-14,70.0,0.0,62.4,1.0,49.0,46.7,148.0,458.0,61.6,4.8,6.0,1425.0,0.19,1.0,0.6,0.6,88.0,88.0,30.0,1.0,2026-09-25 15:00:00+00:00,75.23927493849312,14.760725061506875,101.5049742094941,161.4084563279388,386.4009217772922,62.960084653917605,102.0,460.5,33.0,0.5047006432459179,30,22.277777777777775,71,100.17999999999999,0.19,2026-09-22T00:00Z,0.13437319,0.12489845,285.4797,0.16288728,0.16288728,5.701,0.0388,nasa_power_ml_plus_cams_spectral,5.0,low,18.0,44.2,poor locally,39.2,38.9,39.1,39.1,False,71,65.4,1.2,0,horizontal environmental reference,ESE,75.2,"sun low 15° (ESE) — face ESE, lift torso ~75° toward the sun if comfortable",100.0,False,,,50.0,10.3,10.3,,not specified,Environmental scores are skin-type independent.,not personalized
2026-09-25T09:00,deterministic,best_match,74.5,65,61.9,77.4,66.1,1012.1,1002.1,79199.48,0,13,0,0,10,0,0.0,0.0,0.0,0.0,2.8,135,2.9,1.8,1.8,3600.0,1,0.0,3.1,0.0,15354.331,754.593,21.4,0.0,0.008,1.02,311.0,252.0,59.0,712.7,480.2,394.6,319.7,74.9,904.3,609.5,38,25,31,6,74,0,0,0,0,0,2562.336,4967.192,10341.207,19179.792,31511.94,America/Los_Angeles,34.03202,-118.52633,86.0,42.10615158081055,1.0,0.0,0.6476468138275718,0.6474159146841674,0.8102893890675241,0.18971061093247588,0.8101875316776481,0.18981246832235174,1.0,0.0,0.0,74.0,0.0,74.6,1.0,41.0,36.3,150.0,456.0,53.4,6.2,23.0,1419.0,0.18,1.0,1.95,2.0,87.0,87.0,30.0,1.0,2026-09-25 16:00:00+00:00,63.35641729936428,26.643582700635715,111.27722202484244,370.96445511069925,609.4282393233078,97.67299965864362,311.0,712.7,59.0,0.6476468138275718,13,23.61111111111111,65,100.21000000000001,0.18,2026-09-22T00:00Z,0.13571075,0.12599877,286.01895,0.16291744,0.16291744,17.189,0.2465,nasa_power_ml_plus_cams_spectral,16.0,low,36.2,46.8,below typical locally,51.3,38.3,46.8,46.8,False,65,66.1,2.8,0,horizontal environmental reference,ESE,63.4,"sun low 27° (ESE) — face ESE, lift torso ~63° toward the sun if comfortable",100.0,False,,,50.0,23.7,23.7,,not specified,Environmental scores are skin-type independent.,not personalized
2026-09-25T10:00,deterministic,best_match,77.3,57,60.9,79.7,66.6,1012.1,1002.2,79199.48,0,6,0,0,5,0,0.0,0.0,0.0,0.0,3.4,143,3.1,3.45,3.45,3600.0,1,0.0,3.3,0.0,15485.564,1148.294,21.2,0.0,0.013,1.38,512.0,441.0,71.0,827.3,724.5,587.3,505.8,81.4,948.9,831.2,36,24,30,10,70,0,0,0,0,0,2565.617,4970.473,10347.77,19192.914,31527.814,America/Los_Angeles,34.03202,-118.52633,86.0,42.10615158081055,1.0,0.0,0.7066942719116632,0.7065688161693936,0.861328125,0.138671875,0.8612293546739317,0.13860037459560703,1.0,0.0,0.09999999999990905,70.0,0.0,84.5,1.0,37.3,32.1,150.0,453.0,43.1,8.1,46.0,1405.0,0.17,1.0,3.95,4.0,87.0,87.0,30.0,2.0,2026-09-25 17:00:00+00:00,52.32581224113043,37.67418775886957,123.31574027676203,556.0356230871212,716.9237712182722,117.87294534735042,512.0,827.3,71.0,0.7066942719116632,6,25.166666666666668,57,100.22,0.17,2026-09-22T00:00Z,0.13824278,0.12820473,286.3848,0.16293144,0.16293144,28.687,0.6122,nasa_power_ml_plus_cams_spectral,28.1,low-moderate,52.8,40.7,typical-to-good locally,60.9,40.2,53.7,53.7,False,57,66.6,3.4,0,horizontal environmental reference,ESE,52.3,"sun 38° up (ESE) — lay flat, or lift torso ~52° toward ESE to face it",100.0,False,,,50.0,35.3,35.3,,not specified,Environmental scores are skin-type independent.,not personalized
2026-09-25T11:00,deterministic,best_match,79.9,50,59.6,82.3,66.9,1011.9,1002.0,79199.48,3,100,0,0,100,0,0.0,0.0,0.0,0.0,4.0,142,3.6,4.75,5.05,3600.0,1,0.0,3.5,0.0,15551.182,1377.953,20.6,0.0,0.017,1.74,628.0,440.0,188.0,651.3,918.6,680.4,476.7,203.7,705.7,995.4,33,23,28,14,86,0,0,0,0,6,2568.898,4980.315,10354.331,19206.038,31538.396,America/Los_Angeles,34.03202,-118.52633,86.0,42.10615158081055,0.9405940594059407,0.05940594059405935,0.6836490311343348,0.6835443037974683,0.7006369426751592,0.29936305732484075,0.7006172839506173,0.2993827160493827,1.0,0.0,0.0,86.0,6.0,84.6,1.0,36.8,31.4,147.0,449.0,34.3,9.4,67.0,1393.0,0.17,1.0,6.05,6.1,86.0,86.0,30.0,4.0,2026-09-25 18:00:00+00:00,42.97498830152255,47.02501169847745,139.26265501392425,695.1373102601807,772.0116109373913,130.29397360076848,628.0,651.3,188.0,0.6836490311343348,100,26.611111111111114,50,100.2,0.17,2026-09-22T00:00Z,0.13990952,0.12962055,286.4786,0.16293144,0.16293144,37.719,0.9878,nasa_power_ml_plus_cams_spectral,37.7,moderate,65.6,24.8,typical-to-good locally,78.1,36.4,63.5,63.5,False,50,66.9,4.0,0,horizontal environmental reference,SE,43.0,"sun 47° up (SE) — lay flat, or lift torso ~43° toward SE to face it",100.0,False,,,50.0,42.5,42.5,,not specified,Environmental scores are skin-type independent.,not personalized
2026-09-25T12:00,deterministic,best_match,82.0,44,58.0,84.3,66.9,1011.6,1001.8,79199.48,3,100,0,0,100,0,0.0,0.0,0.0,0.0,4.1,193,2.2,5.5,6.2,3600.0,1,0.0,3.8,0.0,15551.182,1607.612,20.4,0.0,0.02,2.09,679.0,399.0,280.0,517.3,1049.0,705.9,414.8,291.1,537.8,1090.7,34,23,27,21,94,0,0,0,0,36,2565.617,4973.754,10351.05,19206.038,31538.396,America/Los_Angeles,34.03202,-118.52633,86.0,42.10615158081055,0.8870967741935484,0.11290322580645162,0.6472831267874166,0.6471990464839094,0.5876288659793815,0.41237113402061853,0.5876186428672617,0.4123813571327384,1.0,0.0,-1.1368683772161603e-13,94.0,36.0,81.8,1.0,36.0,30.6,141.0,446.0,28.6,9.8,82.0,1387.0,0.14,1.0,7.5,7.5,86.0,86.0,29.0,8.0,2026-09-25 19:00:00+00:00,36.716706364770985,53.283293635229015,160.66303937156977,776.3735102052868,797.7680250322248,136.8815811756332,679.0,517.3,280.0,0.6472831267874166,100,27.77777777777778,44,100.17999999999999,0.14,2026-09-22T00:00Z,0.14198244,0.13144498,286.43365,0.16287297,0.16287297,42.159,1.2021,nasa_power_ml_plus_cams_spectral,42.8,moderate,74.1,15.5,typical-to-good locally,92.6,35.2,72.5,72.5,False,44,66.9,4.1,0,horizontal environmental reference,SSE,36.7,"sun 53° up (SSE) — lay flat, or lift torso ~37° toward SSE to face it",100.0,False,,,50.0,45.4,45.4,,not specified,Environmental scores are skin-type independent.,not personalized
2026-09-25T13:00,deterministic,best_match,83.5,41,57.3,85.5,67.1,1011.1,1001.3,79199.48,3,100,0,0,100,0,0.0,0.0,0.0,0.0,6.0,207,3.6,6.2,6.75,3600.0,1,0.0,3.6,0.0,15518.373,1722.441,19.6,0.0,0.022,2.31,757.0,489.0,268.0,601.0,1107.0,759.4,490.6,268.9,602.9,1110.6,34,22,21,24,100,0,0,0,0,90,2555.775,4967.192,10347.77,19206.038,31543.688,America/Los_Angeles,34.03202,-118.52633,86.0,42.10615158081055,0.9185185185185185,0.08148148148148149,0.6838301716350497,0.6837745362866919,0.6459709379128138,0.35402906208718626,0.6460363444824863,0.3540953384250724,1.0,0.0,-0.10000000000002274,100.0,90.0,87.6,1.0,34.5,29.3,134.0,442.0,24.5,9.7,94.0,1382.0,0.13,1.0,7.7,7.7,86.0,86.0,29.0,13.0,2026-09-25 20:00:00+00:00,35.291566658357794,54.708433341642206,186.20293785809739,793.3874887701069,802.6909038211759,138.2130034728541,757.0,601.0,268.0,0.6838301716350497,100,28.61111111111111,41,100.13,0.13,2026-09-22T00:00Z,0.1448791,0.13407046,286.56314,0.16297466,0.16297466,46.472,1.3611,nasa_power_ml_plus_cams_spectral,47.6,moderate,82.5,30.4,good locally,93.2,35.1,72.9,72.9,False,41,67.1,6.0,0,horizontal environmental reference,S,35.3,"sun 55° up (S) — lay flat, or lift torso ~35° toward S to face it",100.0,False,,,50.0,52.7,52.7,,not specified,Environmental scores are skin-type independent.,not personalized
2026-09-25T14:00,deterministic,best_match,82.7,44,58.6,84.5,67.5,1010.6,1000.8,79199.48,3,100,0,0,100,0,0.0,0.0,0.0,0.0,8.0,210,5.4,6.25,6.6,3600.0,1,0.0,3.3,0.0,15649.606,1706.037,19.4,0.0,0.023,2.14,783.0,575.0,208.0,718.9,1088.4,758.0,556.7,201.4,696.0,1053.9,33,21,20,26,90,0,0,0,0,16,2539.37,4954.069,10331.365,19196.196,31543.688,America/Los_Angeles,34.03202,-118.52633,86.0,42.10615158081055,0.946969696969697,0.05303030303030298,0.7194046306504961,0.719233323844767,0.7343550446998723,0.2656449553001277,0.7344327176781004,0.2656992084432718,1.0,0.0,-0.10000000000002274,90.0,16.0,91.8,1.0,31.3,26.5,127.0,440.0,20.6,9.2,103.0,1378.0,0.12,1.0,6.6,6.6,86.0,86.0,30.0,18.0,2026-09-25 21:00:00+00:00,39.23982258655036,50.76017741344964,210.23781246992388,744.8721072978899,788.2423077158743,134.3744838498884,783.0,718.9,208.0,0.7194046306504961,100,28.166666666666668,44,100.08,0.12,2026-09-22T00:00Z,0.14171393,0.1309911,286.72214,0.16316283,0.16316283,46.679,1.2803,nasa_power_ml_plus_cams_spectral,47.9,moderate,83.2,58.0,good locally,91.2,35.8,71.8,71.8,False,44,67.5,8.0,0,horizontal environmental reference,SSW,39.2,"sun 51° up (SSW) — lay flat, or lift torso ~39° toward SSW to face it",100.0,False,,,50.0,56.4,56.4,,not specified,Environmental scores are skin-type independent.,not personalized
2026-09-25T15:00,deterministic,best_match,80.8,49,59.8,82.2,67.3,1010.1,1000.3,79199.48,0,17,0,0,10,0,0.0,0.0,0.0,0.0,8.4,214,6.3,5.6,5.75,3600.0,1,0.0,3.4,0.0,15649.606,1410.761,18.9,0.0,0.021,1.83,721.0,581.0,140.0,795.1,994.7,669.8,539.8,130.1,738.6,924.2,33,21,17,26,90,0,0,0,0,6,2526.247,4940.945,10321.522,19189.632,31533.104,America/Los_Angeles,34.03202,-118.52633,86.0,42.10615158081055,0.9739130434782608,0.026086956521739202,0.7248416608022519,0.7247349058645314,0.8058252427184466,0.1941747572815534,0.8059122126007764,0.19423708569722306,1.0,0.0,-0.10000000000002274,90.0,6.0,92.0,1.0,28.5,23.9,122.0,439.0,15.7,8.1,111.0,1373.0,0.12,1.0,4.55,4.6,86.0,86.0,30.0,24.0,2026-09-25 22:00:00+00:00,47.2116459235988,42.7883540764012,228.89347004038632,634.5371082959971,749.9708802244062,125.0877747509648,721.0,795.1,140.0,0.7248416608022519,17,27.11111111111111,49,100.03,0.12,2026-09-22T00:00Z,0.14224888,0.13147944,286.79922,0.16340983,0.16340983,40.953,0.9634,nasa_power_ml_plus_cams_spectral,42.4,moderate,73.3,68.2,typical-to-good locally,59.4,45.2,54.4,54.4,False,49,67.3,8.4,0,horizontal environmental reference,SW,47.2,"sun 43° up (SW) — lay flat, or lift torso ~47° toward SW to face it",100.0,False,,,50.0,50.1,50.1,,not specified,Environmental scores are skin-type independent.,not personalized
2026-09-25T16:00,deterministic,best_match,79.9,50,59.6,80.6,66.9,1009.7,999.9,13713.911,0,9,0,0,5,0,0.0,0.0,0.0,0.0,7.3,218,6.9,4.35,4.35,3600.0,1,0.0,3.6,0.0,15715.224,1181.102,18.2,0.0,0.017,1.74,608.0,534.0,74.0,873.9,832.1,533.7,468.7,65.0,767.0,730.6,28,20,16,27,62,0,0,0,0,0,2513.123,4934.384,10311.68,19186.352,31538.396,America/Los_Angeles,34.03202,-118.52633,86.0,42.10615158081055,1.0,0.0,0.7306814084845571,0.7304954831645224,0.8782894736842105,0.12171052631578948,0.8782087314970957,0.12179126850290424,1.0,0.0,0.0,62.0,0.0,87.6,1.0,26.3,21.7,118.0,440.0,11.1,6.7,116.0,1369.0,0.11,2.0,2.45,2.5,86.0,86.0,30.0,31.0,2026-09-25 23:00:00+00:00,57.513777654229585,32.486222345770415,242.71386646106322,471.2598641544693,673.9160324703832,109.30172885956677,608.0,873.9,74.0,0.7306814084845571,9,26.611111111111114,50,99.99,0.11,2026-09-22T00:00Z,0.13825221,0.12776336,286.5725,0.163598,0.163598,31.722,0.5931,nasa_power_ml_plus_cams_spectral,32.9,low-moderate,58.1,90.6,typical-to-good locally,46.0,44.9,45.6,45.6,False,50,66.9,7.3,0,horizontal environmental reference,WSW,57.5,"sun 32° up (WSW) — lay flat, or lift torso ~58° toward WSW to face it",100.0,False,,,50.0,41.6,41.6,,not specified,Environmental scores are skin-type independent.,not personalized
2026-09-25T17:00,deterministic,best_match,78.1,54,60.1,78.5,66.4,1009.4,999.5,3674.541,0,6,0,0,5,0,0.0,0.0,0.0,0.0,7.0,222,7.6,2.65,2.65,3600.0,1,0.0,3.9,0.0,15813.648,918.635,17.6,0.0,0.012,1.51,413.0,339.0,74.0,755.0,611.8,328.0,269.2,58.8,599.6,486.1,25,20,13,27,62,0,0,0,0,0,2506.562,4924.541,10305.118,19183.07,31538.396,America/Los_Angeles,34.03202,-118.52633,86.0,42.10615158081055,1.0,0.0,0.6750572082379863,0.6747582801892614,0.8208232445520581,0.1791767554479419,0.8207317073170731,0.17926829268292682,1.0,0.0,0.0,62.0,0.0,73.5,1.0,23.9,19.4,132.5,440.0,9.3,5.4,115.0,1367.0,0.1,2.0,0.9,0.9,87.0,87.0,30.0,37.0,2026-09-26 00:00:00+00:00,69.04067638390455,20.959323616095443,253.47085827613665,270.6118657717134,522.9631569102015,83.54528989780212,413.0,755.0,74.0,0.6750572082379863,6,25.61111111111111,54,99.95,0.1,2026-09-22T00:00Z,0.13374779,0.123618595,286.11942,0.16305572,0.16305572,20.096,0.2314,nasa_power_ml_plus_cams_spectral,20.5,low-moderate,40.9,99.1,below typical locally,29.1,39.6,32.8,32.8,False,54,66.4,7.0,0,horizontal environmental reference,WSW,69.0,"sun low 21° (WSW) — face WSW, lift torso ~69° toward the sun if comfortable",100.0,False,,,50.0,28.6,28.6,,not specified,Environmental scores are skin-type independent.,not personalized
2026-09-25T18:00,deterministic,best_match,77.0,57,60.6,78.1,66.3,1009.5,999.6,79199.48,0,10,0,0,10,0,0.0,0.0,0.0,0.0,6.0,222,7.4,1.1,1.1,3600.0,1,0.0,3.8,0.0,15879.266,705.381,17.1,0.0,0.006,1.36,200.0,152.0,48.0,594.8,348.6,118.7,90.2,28.5,353.0,207.3,24,20,11,27,60,0,0,0,0,0,2509.843,4931.103,10308.399,19192.914,31554.274,America/Los_Angeles,34.03202,-118.52633,86.0,42.10615158081055,1.0,0.0,0.5737234652897303,0.5726000964785335,0.76,0.24,0.7598989048020219,0.2401010951979781,1.0,0.0,0.0,60.0,0.0,57.4,1.0,21.3,17.2,148.0,440.0,10.8,4.5,106.0,1366.0,0.09,2.0,0.15,0.15,87.0,87.0,30.0,43.0,2026-09-26 01:00:00+00:00,81.14645221940238,8.853547780597617,262.5744357200299,66.3969857287422,200.3919081504109,35.554796831656645,200.0,594.8,48.0,0.5737234652897303,10,25.0,57,99.96000000000001,0.09,2026-09-22T00:00Z,0.13059942,0.12074281,286.01022,0.16305572,0.16305572,7.601,0.0393,nasa_power_ml_plus_cams_spectral,8.1,low,21.9,100.0,poor locally,29.1,50.9,36.7,36.7,False,57,66.3,6.0,0,horizontal environmental reference,W,81.1,"sun low 9° (W) — face W, lift torso ~81° toward the sun if comfortable",100.0,False,,,50.0,15.2,15.2,,not specified,Environmental scores are skin-type independent.,not personalized
2026-09-25T19:00,deterministic,best_match,76.1,60,61.2,77.9,66.3,1009.7,999.8,79199.48,0,10,0,0,10,0,0.0,0.0,0.0,0.0,4.9,210,5.8,0.15,0.15,2531.34,0,0.0,3.7,0.0,15977.69,492.126,17.1,0.0,0.002,1.23,30.0,18.0,12.0,184.5,73.4,0.0,0.0,0.0,0.0,0.0,26,20,10,27,74,0,0,0,0,0,2516.404,4934.384,10314.961,19199.474,31564.856,America/Los_Angeles,34.03202,-118.52633,86.0,42.10615158081055,1.0,0.0,0.4087193460490463,,0.6,0.4,,,0.70315,0.0,0.0,74.0,0.0,36.6,1.0,20.1,16.3,170.3,440.0,15.1,3.8,92.0,1367.0,0.08,1.0,0.0,0.0,86.0,86.0,30.0,46.0,2026-09-26 02:00:00+00:00,93.65812243664301,-3.6581224366430147,271.02363196737133,0.0,0.0,0.0,30.0,184.5,12.0,0.4087193460490463,10,24.499999999999996,60,99.97999999999999,0.08,2026-09-22T00:00Z,0.13094145,0.12110948,285.48193,0.16307002,0.16307002,0.0,0.0,nasa_power_ml_plus_cams_spectral,0.4,low,0.8,32.2,poor locally,,,,,False,60,66.3,4.9,0,horizontal environmental reference,W,,sun below horizon — no direct-sun posture,100.0,False,,,50.0,0.0,0.0,,not specified,Environmental scores are skin-type independent.,not personalized
2026-09-25T20:00,deterministic,best_match,75.7,62,61.8,78.4,66.5,1010.1,1000.2,79199.48,0,11,0,0,10,0,0.0,0.0,0.0,0.0,3.4,203,3.8,0.0,0.0,0.0,0,0.0,3.8,0.0,16141.732,393.701,17.5,0.0,0.001,1.15,0.0,0.0,0.0,0.0,0.0,0.0,0.0,0.0,0.0,0.0,28,21,10,26,70,0,0,0,0,2,2529.528,4947.507,10321.522,19209.318,31580.73,America/Los_Angeles,34.03202,-118.52633,86.0,42.10615158081055,,,,,,,,,0.0,0.0,0.0,70.0,2.0,0.0,0.6,20.1,16.5,200.0,,22.8,3.4,76.0,,0.08,1.0,0.0,0.0,86.0,86.0,30.0,47.0,2026-09-26 03:00:00+00:00,106.03541139268413,-16.035411392684125,279.6428023928912,0.0,0.0,0.0,0.0,0.0,0.0,,11,24.277777777777782,62,100.02000000000001,0.08,2026-09-22T00:00Z,0.13313574,0.12318071,284.99475,0.16305572,0.16305572,0.0,0.0,nasa_power_ml_plus_cams_spectral,0.0,low,0.0,,poor locally,,,,,False,62,66.5,3.4,0,horizontal environmental reference,W,,sun below horizon — no direct-sun posture,100.0,False,,,50.0,0.0,0.0,,not specified,Environmental scores are skin-type independent.,not personalized
2026-09-25T21:00,deterministic,best_match,75.7,62,61.8,78.3,66.5,1010.6,1000.7,79199.48,3,100,0,0,100,0,0.0,0.0,0.0,0.0,3.7,155,3.4,0.0,0.0,0.0,0,0.0,3.8,0.0,16207.35,393.701,17.9,0.0,0.001,1.15,0.0,0.0,0.0,0.0,0.0,0.0,0.0,0.0,0.0,0.0,31,22,10,24,34,0,0,0,0,0,2542.651,4957.349,10328.084,19222.442,31596.606,America/Los_Angeles,34.03202,-118.52633,86.0,42.10615158081055,,,,,,,,,0.0,0.0,0.0,34.0,0.0,0.0,0.6,20.7,17.3,218.0,,36.7,3.4,58.0,,0.09,1.0,0.0,0.0,86.0,86.0,30.0,47.0,2026-09-26 04:00:00+00:00,118.0753581153212,-28.0753581153212,289.3238588215374,0.0,0.0,0.0,0.0,0.0,0.0,,100,24.277777777777782,62,100.07000000000001,0.09,2026-09-22T00:00Z,0.13751897,0.12735763,284.65796,0.16305572,0.16305572,0.0,0.0,nasa_power_ml_plus_cams_spectral,0.0,low,0.0,,poor locally,,,,,False,62,66.5,3.7,0,horizontal environmental reference,WNW,,sun below horizon — no direct-sun posture,100.0,False,,,50.0,0.0,0.0,,not specified,Environmental scores are skin-type independent.,not personalized
2026-09-25T22:00,deterministic,best_match,74.6,65,62.1,77.1,66.3,1010.9,1001.0,79199.48,3,100,0,0,100,0,0.0,0.0,0.0,0.0,4.3,141,4.3,0.0,0.0,0.0,0,0.0,3.9,0.0,16305.774,442.913,17.9,0.0,0.001,1.03,0.0,0.0,0.0,0.0,0.0,0.0,0.0,0.0,0.0,0.0,33,23,9,20,52,0,0,0,0,0,2545.932,4957.349,10328.084,19225.722,31607.19,America/Los_Angeles,34.03202,-118.52633,86.0,42.10615158081055,,,,,,,,,0.0,0.0,0.0,52.0,0.0,0.0,0.6,22.9,19.5,241.0,,54.1,3.8,38.0,,0.09,1.0,0.0,0.0,86.0,86.0,30.0,45.0,2026-09-26 05:00:00+00:00,129.32836371940533,-39.32836371940533,301.297007863481,0.0,0.0,0.0,0.0,0.0,0.0,,100,23.666666666666664,65,100.1,0.09,2026-09-22T00:00Z,0.14461981,0.13393927,283.9817,0.16305572,0.16305572,0.0,0.0,nasa_power_ml_plus_cams_spectral,0.0,low,0.0,,poor locally,,,,,False,65,66.3,4.3,0,horizontal environmental reference,WNW,,sun below horizon — no direct-sun posture,100.0,False,,,50.0,0.0,0.0,,not specified,Environmental scores are skin-type independent.,not personalized
2026-09-25T23:00,deterministic,best_match,74.1,66,62.0,76.5,66.0,1011.0,1001.0,79199.48,3,100,0,0,100,0,0.0,0.0,0.0,0.0,4.3,133,4.9,0.0,0.0,0.0,0,0.0,3.9,0.0,16338.583,508.53,17.5,0.0,0.001,0.98,0.0,0.0,0.0,0.0,0.0,0.0,0.0,0.0,0.0,0.0,34,23,9,20,48,0,0,0,0,0,2542.651,4954.069,10321.522,19222.442,31596.606,America/Los_Angeles,34.03202,-118.52633,86.0,42.10615158081055,,,,,,,,,0.0,0.0,0.0,48.0,0.0,0.0,0.6,25.5,22.2,263.0,,67.7,4.1,22.0,,0.1,1.0,0.0,0.0,86.0,86.0,30.0,41.0,2026-09-26 06:00:00+00:00,138.98309412393047,-48.983094123930464,317.3961275952769,0.0,0.0,0.0,0.0,0.0,0.0,,100,23.388888888888886,66,100.1,0.1,2026-09-22T00:00Z,0.15357427,0.14224912,283.01663,0.16305572,0.16305572,0.0,0.0,nasa_power_ml_plus_cams_spectral,0.0,low,0.0,,poor locally,,,,,False,66,66.0,4.3,0,horizontal environmental reference,NW,,sun below horizon — no direct-sun posture,100.0,False,,,50.0,0.0,0.0,,not specified,Environmental scores are skin-type independent.,not personalized
2026-09-26T00:00,deterministic,best_match,73.7,66,61.7,76.9,65.7,1010.8,1000.8,79199.48,2,64,0,0,63,0,0.0,0.0,0.0,0.0,2.2,135,3.1,0.0,0.0,0.0,0,0.0,4.3,0.0,16371.392,442.913,16.8,0.0,0.0,0.97,0.0,0.0,0.0,0.0,0.0,0.0,0.0,0.0,0.0,0.0,32,23,8,21,42,0,0,0,0,0,2536.089,4944.226,10311.68,19212.598,31586.02,America/Los_Angeles,34.03202,-118.52633,86.0,42.10615158081055,,,,,,,,,0.0,0.0,0.0,42.0,0.0,0.0,0.6,29.6,26.3,283.0,,74.0,4.3,12.0,,0.12,1.0,0.0,0.0,86.0,86.0,29.0,36.0,2026-09-26 07:00:00+00:00,145.5548979813971,-55.55489798139709,339.58936828124035,0.0,0.0,0.0,0.0,0.0,0.0,,64,23.166666666666668,66,100.08,0.12,2026-09-22T00:00Z,0.16418126,0.15220167,282.2225,0.16305572,0.16305572,0.0,0.0,nasa_power_ml_plus_cams_spectral,0.0,low,0.0,,poor locally,,,,,False,66,65.7,2.2,0,horizontal environmental reference,NNW,,sun below horizon — no direct-sun posture,100.0,False,,,50.0,0.0,0.0,,not specified,Environmental scores are skin-type independent.,not personalized
2026-09-26T01:00,deterministic,best_match,73.6,66,61.5,76.8,65.5,1010.5,1000.5,79199.48,3,100,0,0,100,0,0.0,0.0,0.0,0.0,1.7,157,2.7,0.0,0.0,0.0,0,0.0,4.5,0.0,16272.966,360.892,16.1,0.0,0.0,0.96,0.0,0.0,0.0,0.0,0.0,0.0,0.0,0.0,0.0,0.0,29,24,8,21,42,0,0,0,0,0,2526.247,4934.384,10301.837,19199.474,31575.438,America/Los_Angeles,34.03202,-118.52633,86.0,42.10615158081055,,,,,,,,,0.0,0.0,0.0,42.0,0.0,0.0,0.6,32.8,29.5,303.0,,76.5,4.5,7.0,,0.13,1.0,0.0,0.0,87.0,87.0,29.0,30.0,2026-09-26 08:00:00+00:00,147.0821753539666,-57.0821753539666,6.676922641178237,0.0,0.0,0.0,0.0,0.0,0.0,,100,23.11111111111111,66,100.05,0.13,2026-09-22T00:00Z,0.16774769,0.15551758,282.07822,0.16305572,0.16305572,0.0,0.0,nasa_power_ml_plus_cams_spectral,0.0,low,0.0,,poor locally,,,,,False,66,65.5,1.7,0,horizontal environmental reference,N,,sun below horizon — no direct-sun posture,100.0,False,,,50.0,0.0,0.0,,not specified,Environmental scores are skin-type independent.,not personalized
2026-09-26T02:00,deterministic,best_match,72.7,68,61.5,75.4,65.2,1010.7,1000.7,79199.48,3,100,0,0,100,0,0.0,0.0,0.0,0.0,2.9,219,2.9,0.0,0.0,0.0,0,0.0,4.6,0.0,16240.157,311.68,16.4,0.0,0.001,0.88,0.0,0.0,0.0,0.0,0.0,0.0,0.0,0.0,0.0,0.0,28,25,9,21,78,0,0,0,0,2,2526.247,4931.103,10291.995,19186.352,31564.856,America/Los_Angeles,34.03202,-118.52633,86.0,42.10615158081055,,,,,,,,,0.0,0.0,0.0,78.0,2.0,0.0,0.6,35.9,32.6,322.0,,78.1,4.7,3.0,,0.15,1.0,0.0,0.0,87.0,87.0,29.0,24.0,2026-09-26 09:00:00+00:00,142.92687832866716,-52.92687832866716,31.984706824754653,0.0,0.0,0.0,0.0,0.0,0.0,,100,22.611111111111114,68,100.07000000000001,0.15,2026-09-22T00:00Z,0.16543238,0.15354863,282.24393,0.16305572,0.16305572,0.0,0.0,nasa_power_ml_plus_cams_spectral,0.0,low,0.0,,poor locally,,,,,False,68,65.2,2.9,0,horizontal environmental reference,NNE,,sun below horizon — no direct-sun posture,100.0,False,,,50.0,0.0,0.0,,not specified,Environmental scores are skin-type independent.,not personalized
2026-09-26T03:00,deterministic,best_match,72.3,68,61.2,76.0,64.8,1010.6,1000.6,79199.48,3,100,0,0,100,0,0.0,0.0,0.0,0.0,0.3,225,0.9,0.0,0.0,0.0,0,0.0,4.7,0.0,16207.35,262.467,16.2,0.0,0.0,0.87,0.0,0.0,0.0,0.0,0.0,0.0,0.0,0.0,0.0,0.0,26,25,8,21,100,0,0,0,0,100,2522.966,4927.822,10285.434,19183.07,31548.98,America/Los_Angeles,34.03202,-118.52633,86.0,42.10615158081055,,,,,,,,,0.0,0.0,0.0,100.0,100.0,0.0,0.6,38.9,35.7,338.0,,79.9,4.9,1.0,,0.17,1.0,0.0,0.0,87.0,87.0,30.0,18.0,2026-09-26 10:00:00+00:00,134.64907184571197,-44.64907184571198,51.101838827155916,0.0,0.0,0.0,0.0,0.0,0.0,,100,22.38888888888889,68,100.06,0.17,2026-09-22T00:00Z,0.15421414,0.14325759,282.5089,0.16305602,0.16305602,0.0,0.0,nasa_power_ml_plus_cams_spectral,0.0,low,0.0,,poor locally,,,,,False,68,64.8,0.3,0,horizontal environmental reference,NE,,sun below horizon — no direct-sun posture,100.0,False,,,50.0,0.0,0.0,,not specified,Environmental scores are skin-type independent.,not personalized
2026-09-26T04:00,deterministic,best_match,72.3,67,60.7,75.9,64.6,1010.5,1000.5,79199.48,3,100,0,0,100,0,0.0,0.0,0.0,0.0,0.3,135,0.9,0.0,0.0,0.0,0,0.0,5.1,0.0,16272.966,196.85,15.9,0.0,0.0,0.89,0.0,0.0,0.0,0.0,0.0,0.0,0.0,0.0,0.0,0.0,26,25,8,20,64,0,0,0,0,8,2522.966,4924.541,10282.152,19176.51,31543.688,America/Los_Angeles,34.03202,-118.52633,86.0,42.10615158081055,,,,,,,,,0.0,0.0,0.0,64.0,8.0,0.0,0.6,42.5,39.3,354.0,,80.7,5.0,0.0,,0.18,1.0,0.0,0.0,87.0,87.0,30.0,13.0,2026-09-26 11:00:00+00:00,124.09957351946424,-34.09957351946424,64.96781621506796,0.0,0.0,0.0,0.0,0.0,0.0,,100,22.38888888888889,67,100.05,0.18,2026-09-22T00:00Z,0.1422951,0.13229074,282.71283,0.16302675,0.16302675,0.0,0.0,nasa_power_ml_plus_cams_spectral,0.0,low,0.0,,poor locally,,,,,False,67,64.6,0.3,0,horizontal environmental reference,ENE,,sun below horizon — no direct-sun posture,100.0,False,,,50.0,0.0,0.0,,not specified,Environmental scores are skin-type independent.,not personalized
2026-09-26T05:00,deterministic,best_match,72.1,67,60.6,75.4,64.4,1010.6,1000.6,79199.48,3,93,0,0,93,0,0.0,0.0,0.0,0.0,0.7,162,0.9,0.0,0.0,0.0,0,0.0,5.2,0.0,16240.157,98.425,15.5,0.0,0.0,0.89,0.0,0.0,0.0,0.0,0.0,0.0,0.0,0.0,0.0,0.0,26,25,7,19,30,0,0,0,0,0,2522.966,4924.541,10282.152,19176.51,31543.688,America/Los_Angeles,34.03202,-118.52633,86.0,42.10615158081055,,,,,,,,,0.0,0.0,0.0,30.0,0.0,0.0,0.6,45.8,42.6,376.0,,80.1,5.1,0.0,,0.19,1.0,0.0,0.0,87.0,87.0,30.0,8.0,2026-09-26 12:00:00+00:00,112.40666150739048,-22.406661507390474,75.67072214533539,0.0,0.0,0.0,0.0,0.0,0.0,,93,22.277777777777775,67,100.06,0.19,2026-09-22T00:00Z,0.13197227,0.12271771,282.4156,0.16286689,0.16286689,0.0,0.0,nasa_power_ml_plus_cams_spectral,0.0,low,0.0,,poor locally,,,,,False,67,64.4,0.7,0,horizontal environmental reference,ENE,,sun below horizon — no direct-sun posture,100.0,False,,,50.0,0.0,0.0,,not specified,Environmental scores are skin-type independent.,not personalized
2026-09-26T06:00,deterministic,best_match,71.8,67,60.2,75.0,64.1,1010.8,1000.8,79199.48,3,100,0,0,100,0,0.0,0.0,0.0,0.0,0.6,135,0.9,0.0,0.0,0.0,0,0.0,5.5,0.0,16207.35,65.617,15.3,0.0,0.0,0.88,0.0,0.0,0.0,0.0,0.0,0.0,0.0,0.0,0.0,0.0,25,26,7,17,68,0,0,0,0,4,2529.528,4927.822,10285.434,19173.228,31554.274,America/Los_Angeles,34.03202,-118.52633,86.0,42.10615158081055,,,,,,,,,0.0,0.0,0.0,68.0,4.0,0.0,0.6,48.3,45.3,419.0,,78.1,5.0,0.0,,0.19,1.0,0.0,0.0,88.0,88.0,30.0,5.0,2026-09-26 13:00:00+00:00,100.17428269436593,-10.174282694365921,84.73620786987556,0.0,0.0,0.0,0.0,0.0,0.0,,100,22.11111111111111,67,100.08,0.19,2026-09-22T00:00Z,0.12201472,0.113430634,282.36673,0.16262084,0.16262084,0.0,0.0,nasa_power_ml_plus_cams_spectral,0.0,low,0.0,0.0,poor locally,,,,,False,67,64.1,0.6,0,horizontal environmental reference,E,,sun below horizon — no direct-sun posture,100.0,False,,,50.0,0.0,0.0,,not specified,Environmental scores are skin-type independent.,not personalized
2026-09-26T07:00,deterministic,best_match,71.9,67,60.4,74.9,64.3,1011.1,1001.1,79199.48,3,100,0,0,100,0,0.0,0.0,0.0,0.0,1.5,117,1.8,0.0,0.0,0.0,1,0.0,5.4,0.0,16076.115,98.425,15.2,0.0,0.001,0.88,1.0,0.0,1.0,0.0,4.8,10.9,0.0,10.9,0.0,53.2,25,26,7,17,78,0,0,0,0,4,2539.37,4937.664,10291.995,19176.51,31575.438,America/Los_Angeles,34.03202,-118.52633,86.0,42.10615158081055,,,0.20833333333333334,0.20488721804511278,0.0,1.0,0.0,1.0,0.0,0.0,0.0,78.0,4.0,4.6,0.85,50.5,47.8,469.0,,74.7,4.9,0.0,,0.18,0.0,0.05,0.05,88.0,88.0,30.0,3.0,2026-09-26 14:00:00+00:00,87.50031977793222,2.4996802220677785,93.19696886991721,3.27751344188925,10.133168488941063,2.8355673415258913,1.0,0.0,1.0,0.20833333333333334,100,22.16666666666667,67,100.11,0.18,2026-09-22T00:00Z,0.11550818,0.10744068,282.30893,0.16241741,0.16241741,0.814,0.0038,nasa_power_ml_plus_cams_spectral,0.4,low,0.8,6.5,poor locally,26.7,66.6,40.7,40.7,False,67,64.3,1.5,0,horizontal environmental reference,E,87.5,"sun low 2° (E) — face E, lift torso ~88° toward the sun if comfortable",100.0,False,,,50.0,1.2,1.2,,not specified,Environmental scores are skin-type independent.,not personalized
2026-09-26T08:00,deterministic,best_match,73.4,62,59.6,76.6,64.4,1011.7,1001.7,79199.48,3,100,0,0,100,0,0.0,0.0,0.0,0.0,0.0,270,0.4,0.45,0.5,3600.0,1,0.0,5.4,0.0,16108.924,262.467,15.2,0.0,0.001,1.07,83.0,43.0,40.0,289.6,198.7,142.5,73.8,68.7,497.2,341.9,25,27,7,16,72,0,0,0,0,0,2555.775,4950.788,10301.837,19186.352,31580.73,America/Los_Angeles,34.03202,-118.52633,86.0,42.10615158081055,0.9,0.09999999999999998,0.41771514846502267,0.41678853465925714,0.5180722891566265,0.4819277108433735,0.5178947368421053,0.48210526315789476,1.0,0.0,0.0,72.0,0.0,50.6,1.0,53.2,50.8,485.0,,69.4,5.3,5.0,,0.18,0.0,0.55,0.6,89.0,89.0,30.0,1.0,2026-09-26 15:00:00+00:00,75.39596283188118,14.604037168118824,101.8835183070679,158.8100717759488,382.4411418070637,62.38230147163634,83.0,289.6,40.0,0.41771514846502267,100,23.000000000000004,62,100.17,0.18,2026-09-22T00:00Z,0.10792632,0.1002771,282.11917,0.16228646,0.16228646,5.121,0.0364,nasa_power_ml_plus_cams_spectral,4.5,low,17.5,42.2,poor locally,36.3,45.6,39.6,39.6,False,62,64.4,0.0,0,horizontal environmental reference,ESE,75.4,"sun low 15° (ESE) — face ESE, lift torso ~75° toward the sun if comfortable",100.0,False,,,50.0,9.6,9.6,,not specified,Environmental scores are skin-type independent.,not personalized
2026-09-26T09:00,deterministic,best_match,76.4,52,57.5,78.4,64.5,1011.9,1002.0,79199.48,3,87,0,0,86,0,0.0,0.0,0.0,0.0,1.2,68,1.8,1.7,1.8,3600.0,1,0.0,5.9,0.0,16076.115,623.36,14.7,0.0,0.007,1.49,283.0,188.0,95.0,535.9,476.7,359.6,238.9,120.7,680.9,606.0,24,27,7,14,100,0,0,0,0,88,2562.336,4960.63,10311.68,19196.196,31591.312,America/Los_Angeles,34.03202,-118.52633,86.0,42.10615158081055,0.9444444444444444,0.05555555555555558,0.5936647786868051,0.5933993399339934,0.6643109540636042,0.33568904593639576,0.664349276974416,0.33565072302558396,1.0,0.0,0.0,100.0,88.0,66.7,1.0,46.0,43.0,440.0,,61.3,6.9,21.0,,0.17,0.0,1.75,1.9,89.0,89.0,30.0,1.0,2026-09-26 16:00:00+00:00,63.537365802934204,26.462634197065796,111.67405823295996,368.009432988376,607.4354515009207,97.32764238346908,283.0,535.9,95.0,0.5936647786868051,87,24.66666666666667,52,100.2,0.17,2026-09-22T00:00Z,0.10954429,0.10176076,282.19388,0.16230232,0.16230232,15.883,0.2258,nasa_power_ml_plus_cams_spectral,14.9,low,35.6,44.3,below typical locally,44.3,39.4,42.6,42.6,False,52,64.5,1.2,0,horizontal environmental reference,ESE,63.5,"sun low 26° (ESE) — face ESE, lift torso ~64° toward the sun if comfortable",100.0,False,,,50.0,22.2,22.2,,not specified,Environmental scores are skin-type independent.,not personalized
2026-09-26T10:00,deterministic,best_match,79.1,43,54.7,79.2,64.2,1012.0,1002.1,79199.48,3,100,0,0,100,0,0.0,0.0,0.0,0.0,3.4,127,2.9,3.15,3.45,3600.0,1,0.0,6.3,0.0,16141.732,984.252,14.3,0.0,0.013,1.94,451.0,275.0,176.0,518.7,720.9,517.6,315.6,202.0,595.3,827.5,24,26,7,14,70,0,0,0,0,0,2568.898,4967.192,10321.522,19209.318,31607.19,America/Los_Angeles,34.03202,-118.52633,86.0,42.10615158081055,0.9130434782608695,0.08695652173913049,0.6256068802885283,0.6254984894259819,0.6097560975609756,0.3902439024390244,0.6097372488408037,0.3902627511591963,1.0,0.0,0.0,70.0,0.0,71.6,1.0,41.8,38.2,363.0,,51.4,9.0,43.0,,0.17,1.0,3.55,3.85,89.0,89.0,31.0,2.0,2026-09-26 17:00:00+00:00,52.54742660425655,37.45257339574345,123.73349821508458,552.8330471917686,715.7165052166897,117.602603907814,451.0,518.7,176.0,0.6256068802885283,100,26.166666666666664,43,100.21000000000001,0.17,2026-09-22T00:00Z,0.11301954,0.10482586,282.5708,0.16233063,0.16233063,26.819,0.5908,nasa_power_ml_plus_cams_spectral,26.1,low-moderate,50.5,33.1,typical-to-good locally,58.3,36.4,50.6,50.6,False,43,64.2,3.4,0,horizontal environmental reference,ESE,52.5,"sun 37° up (ESE) — lay flat, or lift torso ~52° toward ESE to face it",100.0,False,,,50.0,32.6,32.6,,not specified,Environmental scores are skin-type independent.,not personalized
2026-09-26T11:00,deterministic,best_match,81.7,37,52.9,81.9,64.3,1012.1,1002.3,79199.48,2,74,0,0,73,0,0.0,0.0,0.0,0.0,4.8,169,3.6,4.95,5.05,3600.0,1,0.0,6.4,0.0,16076.115,1509.186,14.7,0.0,0.019,2.33,678.0,571.0,107.0,849.3,914.7,734.7,618.7,115.9,920.3,991.3,27,26,7,13,82,0,0,0,0,2,2578.74,4973.754,10324.804,19212.598,31623.064,America/Los_Angeles,34.03202,-118.52633,86.0,42.10615158081055,0.9801980198019803,0.01980198019801971,0.7412266316825188,0.7411479874911733,0.8421828908554573,0.15781710914454278,0.8421124268408875,0.15775146318225125,1.0,0.0,0.10000000000002274,82.0,2.0,92.1,1.0,38.6,35.2,298.0,,42.2,10.3,64.0,,0.15,1.0,5.8,5.9,90.0,90.0,31.0,4.0,2026-09-26 18:00:00+00:00,43.256337829602295,46.743662170397705,139.67549031095734,691.6471657731964,771.1214332105155,130.0431479926433,678.0,849.3,107.0,0.7412266316825188,74,27.611111111111114,37,100.22999999999999,0.15,2026-09-22T00:00Z,0.11585776,0.10729382,282.7015,0.16233063,0.16233063,39.458,1.045,nasa_power_ml_plus_cams_spectral,39.4,moderate,68.8,34.1,typical-to-good locally,71.3,33.4,58.0,58.0,False,37,64.3,4.8,0,horizontal environmental reference,SE,43.3,"sun 47° up (SE) — lay flat, or lift torso ~43° toward SE to face it",100.0,False,,,50.0,44.7,44.7,,not specified,Environmental scores are skin-type independent.,not personalized
2026-09-26T12:00,deterministic,best_match,82.9,35,52.5,83.4,64.6,1011.8,1002.0,79199.48,3,100,0,0,100,0,0.0,0.0,0.0,0.0,5.4,197,3.6,5.8,6.2,3600.0,1,0.0,6.4,0.0,16207.35,1820.866,15.0,0.0,0.022,2.5,734.0,504.0,230.0,656.5,1044.8,763.0,523.9,239.1,682.5,1086.2,29,26,7,13,96,0,0,0,0,46,2572.179,4970.473,10321.522,19212.598,31623.064,America/Los_Angeles,34.03202,-118.52633,86.0,42.10615158081055,0.9354838709677419,0.06451612903225812,0.7025267993874426,0.7024489044374884,0.6866485013623979,0.3133514986376022,0.6866317169069462,0.3133682830930537,1.0,0.0,0.0,96.0,46.0,89.5,1.0,33.4,30.4,264.0,,34.4,10.2,82.0,,0.13,1.0,7.25,7.25,90.0,90.0,31.0,8.0,2026-09-26 19:00:00+00:00,37.06758270687204,52.93241729312796,160.97756648394216,772.5442145710529,796.9678808206484,136.62354710640636,734.0,656.5,230.0,0.7025267993874426,100,28.277777777777782,35,100.2,0.13,2026-09-22T00:00Z,0.12104903,0.112024486,282.54434,0.16227216,0.16227216,44.569,1.2868,nasa_power_ml_plus_cams_spectral,45.2,moderate,79.0,29.6,good locally,87.9,31.7,68.2,68.2,False,35,64.6,5.4,0,horizontal environmental reference,SSE,37.1,"sun 53° up (SSE) — lay flat, or lift torso ~37° toward SSE to face it",100.0,False,,,50.0,50.1,50.1,,not specified,Environmental scores are skin-type independent.,not personalized
2026-09-26T13:00,deterministic,best_match,83.5,34,52.2,83.4,64.6,1011.3,1001.5,79199.48,3,100,0,0,100,0,0.0,0.0,0.0,0.0,5.8,203,3.6,5.85,6.75,3600.0,1,0.0,6.3,0.0,15977.69,1837.27,14.0,0.0,0.022,2.58,717.0,416.0,301.0,513.7,1102.3,719.1,417.2,301.9,515.3,1105.8,27,24,7,13,92,0,0,0,0,22,2559.055,4960.63,10318.241,19202.756,31617.772,America/Los_Angeles,34.03202,-118.52633,86.0,42.10615158081055,0.8666666666666666,0.13333333333333341,0.6504581329946476,0.6502984264785676,0.5801952580195258,0.4198047419804742,0.5801696565150882,0.41983034348491166,1.0,0.0,1.1368683772161603e-13,92.0,22.0,82.7,1.0,29.8,27.1,243.0,,27.5,9.4,99.0,,0.12,1.0,7.4,7.4,90.0,90.0,31.0,12.0,2026-09-26 20:00:00+00:00,35.68676900378176,54.31323099621824,186.29017369438807,789.1832824687131,801.8210524742954,137.9295830624162,717.0,513.7,301.0,0.6504581329946476,100,28.61111111111111,34,100.15,0.12,2026-09-22T00:00Z,0.12690093,0.117253415,282.28766,0.16237384,0.16237384,43.907,1.2956,nasa_power_ml_plus_cams_spectral,45.0,moderate,78.6,18.3,good locally,86.9,33.3,68.1,68.1,False,34,64.6,5.8,0,horizontal environmental reference,S,35.7,"sun 54° up (S) — lay flat, or lift torso ~36° toward S to face it",100.0,False,,,50.0,47.6,47.6,,not specified,Environmental scores are skin-type independent.,not personalized
2026-09-26T14:00,deterministic,best_match,83.6,35,53.1,83.6,65.1,1010.7,1000.9,79199.48,3,100,0,0,100,0,0.0,0.0,0.0,0.0,7.6,214,5.1,6.1,6.55,3600.0,1,0.0,6.3,0.0,15748.031,1919.291,13.7,0.0,0.023,2.56,768.0,521.0,247.0,654.8,1083.3,743.2,504.2,239.0,633.7,1048.5,25,24,7,13,92,0,0,0,0,4,2542.651,4947.507,10301.837,19183.07,31612.478,America/Los_Angeles,34.03202,-118.52633,86.0,42.10615158081055,0.9312977099236641,0.06870229007633588,0.7089448906120188,0.7088221268478779,0.6783854166666666,0.3216145833333333,0.6784176533907427,0.3215823466092572,1.0,0.0,0.0,92.0,4.0,89.3,1.0,27.0,24.2,225.0,,22.0,8.4,109.0,,0.12,1.0,6.15,6.35,90.0,90.0,31.0,18.0,2026-09-26 21:00:00+00:00,39.629303877921025,50.370696122078975,210.10580063992967,740.2841755079892,787.1290530775492,134.04750756132216,768.0,654.8,247.0,0.7089448906120188,100,28.666666666666664,35,100.09,0.12,2026-09-22T00:00Z,0.13007694,0.120191686,281.796,0.16257727,0.16257727,45.439,1.2557,nasa_power_ml_plus_cams_spectral,46.7,moderate,81.7,54.0,good locally,84.3,37.0,67.7,67.7,False,35,65.1,7.6,0,horizontal environmental reference,SSW,39.6,"sun 50° up (SSW) — lay flat, or lift torso ~40° toward SSW to face it",100.0,False,,,50.0,54.5,54.5,,not specified,Environmental scores are skin-type independent.,not personalized
2026-09-26T15:00,deterministic,best_match,82.4,36,52.8,82.0,64.5,1010.1,1000.3,79199.48,0,9,0,0,5,0,0.0,0.0,0.0,0.0,7.7,216,6.0,5.7,5.7,3600.0,1,0.0,6.5,0.0,15912.073,1624.016,13.0,0.0,0.022,2.42,755.0,678.0,77.0,933.6,989.1,700.9,629.4,71.5,866.7,918.4,25,22,7,13,72,0,0,0,0,0,2526.247,4927.822,10285.434,19169.948,31607.19,America/Los_Angeles,34.03202,-118.52633,86.0,42.10615158081055,1.0,0.0,0.7633201900717824,0.763175087108014,0.8980132450331125,0.10198675496688742,0.8979883007561706,0.10201169924382937,1.0,0.0,0.0,72.0,0.0,97.2,1.0,25.1,22.1,208.0,,18.6,7.3,106.0,,0.12,1.0,4.05,4.4,90.0,90.0,30.0,25.0,2026-09-26 22:00:00+00:00,47.569362807253306,42.430637192746694,228.65529416832248,629.5930335979396,748.3402050591534,124.69002408641649,755.0,933.6,77.0,0.7633201900717824,9,28.000000000000004,36,100.03,0.12,2026-09-22T00:00Z,0.13261811,0.12250242,281.29556,0.16280901,0.16280901,42.109,0.9842,nasa_power_ml_plus_cams_spectral,43.4,moderate,75.9,75.9,good locally,55.7,31.8,47.3,47.3,False,36,64.5,7.7,0,horizontal environmental reference,SW,47.6,"sun 42° up (SW) — lay flat, or lift torso ~48° toward SW to face it",100.0,False,,,50.0,50.6,50.6,,not specified,Environmental scores are skin-type independent.,not personalized
2026-09-26T16:00,deterministic,best_match,80.4,40,53.9,78.2,64.3,1010.1,1000.3,79199.48,3,100,0,0,100,0,0.0,0.0,0.0,0.0,8.4,220,8.3,4.05,4.3,3600.0,1,0.0,6.4,0.0,15748.031,1197.507,12.5,0.0,0.017,2.13,567.0,398.0,169.0,656.4,826.1,497.0,348.9,148.1,575.4,724.4,22,22,7,13,44,0,0,0,0,0,2522.966,4924.541,10278.871,19160.106,31607.19,America/Los_Angeles,34.03202,-118.52633,86.0,42.10615158081055,0.9418604651162791,0.05813953488372092,0.6863575838276238,0.6860850358917725,0.7019400352733686,0.2980599647266314,0.7020120724346076,0.29798792756539233,1.0,0.0,0.0,44.0,0.0,78.1,1.0,23.5,20.1,195.0,,16.7,6.1,97.0,,0.12,1.0,2.05,2.35,90.0,90.0,30.0,31.0,2026-09-26 23:00:00+00:00,57.8403050257769,32.1596949742231,242.4440350463588,466.04417826755844,671.2030250460081,108.77563800303614,567.0,656.4,169.0,0.6863575838276238,100,26.888888888888893,40,100.03,0.12,2026-09-22T00:00Z,0.1319826,0.121849,280.58228,0.16299814,0.16299814,30.094,0.5667,nasa_power_ml_plus_cams_spectral,31.0,low-moderate,56.2,85.5,typical-to-good locally,42.5,36.9,40.5,40.5,False,40,64.3,8.4,0,horizontal environmental reference,WSW,57.8,"sun 32° up (WSW) — lay flat, or lift torso ~58° toward WSW to face it",100.0,False,,,50.0,39.0,39.0,,not specified,Environmental scores are skin-type independent.,not personalized
2026-09-26T17:00,deterministic,best_match,78.6,44,54.9,77.2,64.0,1010.1,1000.2,79199.48,3,100,0,0,100,0,0.0,0.0,0.0,0.0,7.0,225,7.6,2.5,2.65,3600.0,1,0.0,6.0,0.0,15748.031,869.423,12.1,0.0,0.012,1.87,390.0,266.0,124.0,599.0,605.4,308.7,210.6,98.2,474.2,479.5,21,21,7,13,30,0,0,0,0,0,2522.966,4924.541,10282.152,19160.106,31601.896,America/Los_Angeles,34.03202,-118.52633,86.0,42.10615158081055,0.9433962264150944,0.05660377358490565,0.6442021803766105,0.6437956204379561,0.6820512820512821,0.31794871794871793,0.6822157434402333,0.3181081956592161,1.0,0.0,-0.10000000000002274,30.0,0.0,67.0,1.0,21.5,18.0,186.0,,15.6,5.2,89.0,,0.12,1.0,0.75,0.85,90.0,90.0,30.0,36.0,2026-09-27 00:00:00+00:00,69.34482593662467,20.65517406337533,253.19625744162795,265.35626847984156,517.7350027917231,82.72893173613068,390.0,599.0,124.0,0.6442021803766105,100,25.888888888888886,44,100.02000000000001,0.12,2026-09-22T00:00Z,0.13175306,0.121643364,279.77975,0.1624549,0.1624549,18.734,0.2144,nasa_power_ml_plus_cams_spectral,19.2,low,39.3,96.8,below typical locally,27.4,41.2,32.2,32.2,False,44,64.0,7.0,0,horizontal environmental reference,WSW,69.3,"sun low 21° (WSW) — face WSW, lift torso ~69° toward the sun if comfortable",100.0,False,,,50.0,27.2,27.2,,not specified,Environmental scores are skin-type independent.,not personalized
2026-09-26T18:00,deterministic,best_match,77.9,45,54.8,77.2,63.7,1010.3,1000.4,79199.48,3,100,0,0,100,0,0.0,0.0,0.0,0.0,5.1,218,6.0,1.05,1.1,3600.0,1,0.0,5.8,0.0,15616.798,656.168,11.7,0.0,0.006,1.79,182.0,107.0,75.0,427.2,341.9,106.5,62.6,43.9,250.0,200.5,21,19,7,13,28,0,0,0,0,0,2529.528,4931.103,10288.714,19163.386,31607.19,America/Los_Angeles,34.03202,-118.52633,86.0,42.10615158081055,0.9545454545454545,0.045454545454545525,0.532319391634981,0.5311720698254364,0.5879120879120879,0.41208791208791207,0.587793427230047,0.41220657276995304,1.0,0.0,0.0,28.0,0.0,51.5,1.0,,,,,,,,,,,,,89.0,89.0,30.0,40.0,2026-09-27 01:00:00+00:00,81.43581388705297,8.564186112947027,262.30056858535045,62.30383139144042,190.0925278831507,33.99577069706325,182.0,427.2,75.0,0.532319391634981,100,25.500000000000004,45,100.03999999999999,,2026-09-22T00:00Z,0.13175306,0.121643364,279.77975,0.1624549,0.1624549,7.3,0.0325,nasa_power_ml_plus_cams_spectral,7.7,low,21.5,100.0,poor locally,27.6,50.2,35.5,35.5,False,45,63.7,5.1,0,horizontal environmental reference,W,81.4,"sun low 9° (W) — face W, lift torso ~81° toward the sun if comfortable",100.0,False,,,50.0,14.6,14.6,,not specified,Environmental scores are skin-type independent.,not personalized
2026-09-26T19:00,deterministic,best_match,76.6,48,55.5,76.7,63.5,1010.5,1000.6,79199.48,3,92,0,0,89,0,0.0,0.0,0.0,0.0,3.9,211,4.5,0.15,0.15,2109.56,0,0.0,5.7,0.0,15748.031,508.53,11.4,0.0,0.002,1.63,24.0,12.0,12.0,126.3,68.6,0.0,0.0,0.0,0.0,0.0,22,18,7,13,26,0,0,0,0,0,2532.808,4934.384,10291.995,19173.228,31612.478,America/Los_Angeles,34.03202,-118.52633,86.0,42.10615158081055,1.0,0.0,0.34985422740524785,,0.5,0.5,,,0.5859888888888889,0.0,0.0,26.0,0.0,33.3,1.0,,,,,,,,,,,,,,,,,2026-09-27 02:00:00+00:00,93.94707483806306,-3.947074838063061,270.7485683336492,0.0,0.0,0.0,24.0,126.3,12.0,0.34985422740524785,92,24.777777777777775,48,100.06,,2026-09-22T00:00Z,,,,,0.2,0.0,0.0,nasa_power_ml_plus_cams_spectral,0.4,low,0.8,35.5,poor locally,,,,,False,48,63.5,3.9,0,horizontal environmental reference,W,,sun below horizon — no direct-sun posture,100.0,False,,,50.0,0.0,0.0,,not specified,Environmental scores are skin-type independent.,not personalized
2026-09-26T20:00,deterministic,best_match,75.9,50,55.9,76.3,63.5,1010.8,1000.9,79199.48,3,100,0,0,100,0,0.0,0.0,0.0,0.0,3.6,210,4.0,0.0,0.0,0.0,0,0.0,5.7,0.0,15879.266,442.913,11.5,0.0,0.002,1.53,0.0,0.0,0.0,0.0,0.0,0.0,0.0,0.0,0.0,0.0,23,19,7,11,24,0,0,0,0,0,2539.37,4937.664,10295.275,19179.792,31612.478,America/Los_Angeles,34.03202,-118.52633,86.0,42.10615158081055,,,,,,,,,0.0,0.0,0.0,24.0,0.0,0.0,0.6,,,,,,,,,,,,,,,,,2026-09-27 03:00:00+00:00,106.3297213027053,-16.329721302705295,279.3630361107039,0.0,0.0,0.0,0.0,0.0,0.0,,100,24.388888888888893,50,100.09,,2026-09-22T00:00Z,,,,,0.2,0.0,0.0,nasa_power_ml_plus_cams_spectral,0.0,low,0.0,,poor locally,,,,,False,50,63.5,3.6,0,horizontal environmental reference,W,,sun below horizon — no direct-sun posture,100.0,False,,,50.0,0.0,0.0,,not specified,Environmental scores are skin-type independent.,not personalized
2026-09-26T21:00,deterministic,best_match,75.2,52,56.4,75.7,63.4,1011.5,1001.6,79199.48,3,100,0,0,100,0,0.0,0.0,0.0,0.0,3.5,207,3.6,0.0,0.0,0.0,0,0.0,5.8,0.0,16010.499,377.297,11.6,0.0,0.001,1.43,0.0,0.0,0.0,0.0,0.0,0.0,0.0,0.0,0.0,0.0,23,19,7,11,26,0,0,0,0,0,2555.775,4954.069,10308.399,19196.196,31623.064,America/Los_Angeles,34.03202,-118.52633,86.0,42.10615158081055,,,,,,,,,0.0,0.0,0.0,26.0,0.0,0.0,0.6,,,,,,,,,,,,,,,,,2026-09-27 04:00:00+00:00,118.38466664770768,-28.38466664770767,289.0386957498231,0.0,0.0,0.0,0.0,0.0,0.0,,100,24.000000000000004,52,100.16,,2026-09-22T00:00Z,,,,,0.2,0.0,0.0,nasa_power_ml_plus_cams_spectral,0.0,low,0.0,,poor locally,,,,,False,52,63.4,3.5,0,horizontal environmental reference,WNW,,sun below horizon — no direct-sun posture,100.0,False,,,50.0,0.0,0.0,,not specified,Environmental scores are skin-type independent.,not personalized
2026-09-26T22:00,deterministic,best_match,74.5,55,57.2,75.6,63.5,1011.7,1001.7,79199.48,3,100,0,0,100,0,0.0,0.0,0.0,0.0,2.9,184,2.9,0.0,0.0,0.0,0,0.0,5.9,0.0,16010.499,344.488,11.5,0.0,0.001,1.31,0.0,0.0,0.0,0.0,0.0,0.0,0.0,0.0,0.0,0.0,24,18,7,11,30,0,0,0,0,0,2559.055,4954.069,10308.399,19196.196,31612.478,America/Los_Angeles,34.03202,-118.52633,86.0,42.10615158081055,,,,,,,,,0.0,0.0,0.0,30.0,0.0,0.0,0.6,,,,,,,,,,,,,,,,,2026-09-27 05:00:00+00:00,129.66351130730203,-39.663511307302045,301.0176853806324,0.0,0.0,0.0,0.0,0.0,0.0,,100,23.61111111111111,55,100.17,,2026-09-22T00:00Z,,,,,0.2,0.0,0.0,nasa_power_ml_plus_cams_spectral,0.0,low,0.0,,poor locally,,,,,False,55,63.5,2.9,0,horizontal environmental reference,WNW,,sun below horizon — no direct-sun posture,100.0,False,,,50.0,0.0,0.0,,not specified,Environmental scores are skin-type independent.,not personalized
2026-09-26T23:00,deterministic,best_match,73.7,56,57.1,75.0,63.2,1011.6,1001.6,79199.48,3,100,0,0,100,0,0.0,0.0,0.0,0.0,2.5,180,2.5,0.0,0.0,0.0,0,0.0,5.8,0.0,15977.69,328.084,11.6,0.0,0.001,1.25,0.0,0.0,0.0,0.0,0.0,0.0,0.0,0.0,0.0,0.0,26,18,7,11,40,0,0,0,0,0,2555.775,4947.507,10298.557,19183.07,31586.02,America/Los_Angeles,34.03202,-118.52633,86.0,42.10615158081055,,,,,,,,,0.0,0.0,0.0,40.0,0.0,0.0,0.6,,,,,,,,,,,,,,,,,2026-09-27 06:00:00+00:00,139.35309563391954,-49.353095633919544,317.16994703322575,0.0,0.0,0.0,0.0,0.0,0.0,,100,23.166666666666668,56,100.16,,2026-09-22T00:00Z,,,,,0.2,0.0,0.0,nasa_power_ml_plus_cams_spectral,0.0,low,0.0,,poor locally,,,,,False,56,63.2,2.5,0,horizontal environmental reference,NW,,sun below horizon — no direct-sun posture,100.0,False,,,50.0,0.0,0.0,,not specified,Environmental scores are skin-type independent.,not personalized
2026-09-27T00:00,deterministic,best_match,73.1,58,57.5,74.6,63.1,1011.6,1001.6,79199.48,3,100,0,0,100,0,0.0,0.0,0.0,0.0,2.2,174,2.2,0.0,0.0,0.0,0,0.0,5.9,0.0,15748.031,295.276,11.7,0.0,0.001,1.17,0.0,0.0,0.0,0.0,0.0,0.0,0.0,0.0,0.0,0.0,27,17,7,10,42,0,0,0,0,0,2549.213,4937.664,10288.714,19166.666,31559.562,America/Los_Angeles,34.03202,-118.52633,86.0,42.10615158081055,,,,,,,,,0.0,0.0,0.0,42.0,0.0,0.0,0.6,,,,,,,,,,,,,,,,,2026-09-27 07:00:00+00:00,145.9521705195857,-55.95217051958571,339.53505246226814,0.0,0.0,0.0,0.0,0.0,0.0,,100,22.833333333333332,58,100.16,,2026-09-22T00:00Z,,,,,0.2,0.0,0.0,nasa_power_ml_plus_cams_spectral,0.0,low,0.0,,poor locally,,,,,False,58,63.1,2.2,0,horizontal environmental reference,NNW,,sun below horizon — no direct-sun posture,100.0,False,,,50.0,0.0,0.0,,not specified,Environmental scores are skin-type independent.,not personalized
2026-09-27T01:00,deterministic,best_match,72.5,60,57.8,74.2,63.0,1011.4,1001.4,79199.48,3,100,0,0,100,0,0.0,0.0,0.0,0.0,2.0,174,2.0,0.0,0.0,0.0,0,0.0,6.0,0.0,15551.182,278.871,11.8,0.0,0.0,1.09,0.0,0.0,0.0,0.0,0.0,0.0,0.0,0.0,0.0,0.0,27,16,7,9,40,0,0,0,0,0,2542.651,4927.822,10275.591,19146.982,31533.104,America/Los_Angeles,34.03202,-118.52633,86.0,42.10615158081055,,,,,,,,,0.0,0.0,0.0,40.0,0.0,0.0,0.6,,,,,,,,,,,,,,,,,2026-09-27 08:00:00+00:00,147.46100964214395,-57.461009642143964,6.905211993388207,0.0,0.0,0.0,0.0,0.0,0.0,,100,22.5,60,100.14,,2026-09-22T00:00Z,,,,,0.2,0.0,0.0,nasa_power_ml_plus_cams_spectral,0.0,low,0.0,,poor locally,,,,,False,60,63.0,2.0,0,horizontal environmental reference,N,,sun below horizon — no direct-sun posture,100.0,False,,,50.0,0.0,0.0,,not specified,Environmental scores are skin-type independent.,not personalized
2026-09-27T02:00,deterministic,best_match,71.9,62,58.2,73.9,63.1,1011.2,1001.2,79199.48,3,100,0,0,100,0,0.0,0.0,0.0,0.0,1.8,173,1.8,0.0,0.0,0.0,0,0.0,6.1,0.0,15321.522,262.467,11.9,0.0,0.0,1.02,0.0,0.0,0.0,0.0,0.0,0.0,0.0,0.0,0.0,0.0,28,15,7,7,38,0,0,0,0,0,2536.089,4917.979,10265.748,19130.578,31506.646,America/Los_Angeles,34.03202,-118.52633,86.0,42.10615158081055,,,,,,,,,0.0,0.0,0.0,38.0,0.0,0.0,0.6,,,,,,,,,,,,,,,,,2026-09-27 09:00:00+00:00,143.23815297657916,-53.23815297657915,32.39873648818468,0.0,0.0,0.0,0.0,0.0,0.0,,100,22.16666666666667,62,100.12,,2026-09-22T00:00Z,,,,,0.2,0.0,0.0,nasa_power_ml_plus_cams_spectral,0.0,low,0.0,,poor locally,,,,,False,62,63.1,1.8,0,horizontal environmental reference,NNE,,sun below horizon — no direct-sun posture,100.0,False,,,50.0,0.0,0.0,,not specified,Environmental scores are skin-type independent.,not personalized
2026-09-27T03:00,deterministic,best_match,71.3,64,58.5,73.6,63.0,1011.0,1001.0,79199.48,2,71,0,0,71,0,0.0,0.0,0.0,0.0,1.4,171,1.3,0.0,0.0,0.0,0,0.0,6.1,0.0,15223.098,229.659,12.0,0.0,0.0,0.94,0.0,0.0,0.0,0.0,0.0,0.0,0.0,0.0,0.0,0.0,29,16,7,7,32,0,0,0,0,0,2529.528,4911.418,10255.905,19117.456,31485.48,America/Los_Angeles,34.03202,-118.52633,86.0,42.10615158081055,,,,,,,,,0.0,0.0,0.0,32.0,0.0,0.0,0.6,,,,,,,,,,,,,,,,,2026-09-27 10:00:00+00:00,134.89028877615644,-44.89028877615644,51.54847669046467,0.0,0.0,0.0,0.0,0.0,0.0,,71,21.833333333333332,64,100.1,,2026-09-22T00:00Z,,,,,0.2,0.0,0.0,nasa_power_ml_plus_cams_spectral,0.0,low,0.0,,poor locally,,,,,False,64,63.0,1.4,0,horizontal environmental reference,NE,,sun below horizon — no direct-sun posture,100.0,False,,,50.0,0.0,0.0,,not specified,Environmental scores are skin-type independent.,not personalized
2026-09-27T04:00,deterministic,best_match,70.8,65,58.4,73.2,62.7,1010.9,1000.9,79199.48,1,31,0,0,31,0,0.0,0.0,0.0,0.0,0.9,180,0.9,0.0,0.0,0.0,0,0.0,6.1,0.0,15124.672,196.85,12.2,0.0,0.0,0.9,0.0,0.0,0.0,0.0,0.0,0.0,0.0,0.0,0.0,0.0,29,17,8,7,26,0,0,0,0,0,2526.247,4904.856,10249.344,19107.612,31464.312,America/Los_Angeles,34.03202,-118.52633,86.0,42.10615158081055,,,,,,,,,0.0,0.0,0.0,29.0,0.0,0.0,0.6,,,,,,,,,,,,,,,,,2026-09-27 11:00:00+00:00,124.29148773452509,-34.29148773452509,65.38991357821743,0.0,0.0,0.0,0.0,0.0,0.0,,31,21.555555555555554,65,100.09,,2026-09-22T00:00Z,,,,,0.2,0.0,0.0,nasa_power_ml_plus_cams_spectral,0.0,low,0.0,,poor locally,,,,,False,65,62.7,0.9,0,horizontal environmental reference,ENE,,sun below horizon — no direct-sun posture,100.0,False,,,50.0,0.0,0.0,,not specified,Environmental scores are skin-type independent.,not personalized
2026-09-27T05:00,deterministic,best_match,70.5,66,58.6,73.1,62.7,1010.9,1000.9,79199.48,0,2,0,0,2,0,0.0,0.0,0.0,0.0,0.5,207,0.7,0.0,0.0,0.0,0,0.0,6.0,0.0,15026.247,180.446,12.3,0.0,0.0,0.87,0.0,0.0,0.0,0.0,0.0,0.0,0.0,0.0,0.0,0.0,30,18,8,7,20,0,0,0,0,0,2519.685,4898.294,10239.501,19094.488,31443.146,America/Los_Angeles,34.03202,-118.52633,86.0,42.10615158081055,,,,,,,,,0.0,0.0,0.0,30.0,0.0,0.0,0.6,,,,,,,,,,,,,,,,,2026-09-27 12:00:00+00:00,112.56932083960578,-22.569320839605776,76.06431845178952,0.0,0.0,0.0,0.0,0.0,0.0,,2,21.38888888888889,66,100.09,,2026-09-22T00:00Z,,,,,0.2,0.0,0.0,nasa_power_ml_plus_cams_spectral,0.0,low,0.0,,poor locally,,,,,False,66,62.7,0.5,0,horizontal environmental reference,ENE,,sun below horizon — no direct-sun posture,100.0,False,,,50.0,0.0,0.0,,not specified,Environmental scores are skin-type independent.,not personalized
2026-09-27T06:00,deterministic,best_match,70.6,66,58.7,73.3,62.8,1011.1,1001.1,79199.48,0,0,0,0,0,0,0.0,0.0,0.0,0.0,0.4,270,0.7,0.0,0.0,0.0,0,0.0,5.8,0.0,14960.63,164.042,12.4,0.0,0.0,0.87,0.0,0.0,0.0,0.0,0.0,0.0,0.0,0.0,0.0,0.0,30,19,8,7,16,0,0,0,0,0,2526.247,4904.856,10246.063,19094.488,31437.854,America/Los_Angeles,34.03202,-118.52633,86.0,42.10615158081055,,,,,,,,,0.0,0.0,0.0,30.0,0.0,0.0,0.6,,,,,,,,,,,,,,,,,2026-09-27 13:00:00+00:00,100.3231487109843,-10.323148710984302,85.11171533444423,0.0,0.0,0.0,0.0,0.0,0.0,,0,21.444444444444443,66,100.11,,2026-09-22T00:00Z,,,,,0.2,0.0,0.0,nasa_power_ml_plus_cams_spectral,0.0,low,0.0,0.0,poor locally,,,,,False,66,62.8,0.4,0,horizontal environmental reference,E,,sun below horizon — no direct-sun posture,100.0,False,,,50.0,0.0,0.0,,not specified,Environmental scores are skin-type independent.,not personalized
2026-09-27T07:00,deterministic,best_match,71.0,65,58.6,73.5,62.9,1011.5,1001.5,79199.48,0,0,0,0,0,0,0.0,0.0,0.0,0.0,0.7,288,0.7,0.0,0.0,0.0,1,0.0,5.6,0.0,14862.205,196.85,12.4,0.0,0.001,0.91,0.0,0.0,0.0,0.0,4.2,0.0,0.0,0.0,0.0,49.7,30,19,8,7,14,0,0,0,0,0,2536.089,4914.698,10249.344,19091.208,31437.854,America/Los_Angeles,34.03202,-118.52633,86.0,42.10615158081055,,,0.0,0.0,,,,,0.0,0.0,0.0,30.0,0.0,0.0,0.75,,,,,,,,,,,,,,,,,2026-09-27 14:00:00+00:00,87.6390881539349,2.3609118460650933,93.5672040839097,2.8079479778889174,8.574643174944686,2.4547239085208976,0.0,0.0,0.0,0.0,0,21.666666666666668,65,100.15,,2026-09-22T00:00Z,,,,,0.2,0.257,0.0,nasa_power_ml_plus_cams_spectral,0.1,low,0.0,0.0,poor locally,26.1,67.9,40.7,40.7,False,65,62.9,0.7,0,horizontal environmental reference,E,87.6,"sun low 2° (E) — face E, lift torso ~88° toward the sun if comfortable",100.0,False,,,50.0,0.5,0.5,,not specified,Environmental scores are skin-type independent.,not personalized
2026-09-27T08:00,deterministic,best_match,71.9,62,58.2,74.3,63.1,1011.8,1001.8,79199.48,0,0,0,0,0,0,0.0,0.0,0.0,0.0,0.9,256,0.9,0.6,0.6,3600.0,1,0.0,5.4,0.0,14796.588,360.892,12.5,0.0,0.002,1.02,105.0,75.0,30.0,509.8,195.2,181.6,129.7,51.9,881.7,338.4,30,20,8,7,14,0,0,0,0,0,2542.651,4921.26,10255.905,19091.208,31432.564,America/Los_Angeles,34.03202,-118.52633,86.0,42.10615158081055,1.0,0.0,0.5379098360655739,0.5366430260047281,0.7142857142857143,0.2857142857142857,0.7142070484581498,0.28579295154185025,1.0,0.0,0.0,30.0,0.0,65.5,1.0,,,,,,,,,,,,,,,,,2026-09-27 15:00:00+00:00,75.55384128892554,14.446158711074457,102.26091846480881,156.1941695254461,378.404077627255,61.79365970996528,105.0,509.8,30.0,0.5379098360655739,0,22.16666666666667,62,100.17999999999999,,2026-09-22T00:00Z,,,,,0.2,5.812,0.0392,nasa_power_ml_plus_cams_spectral,5.4,low,18.6,47.2,poor locally,30.8,40.4,34.2,34.2,False,62,63.1,0.9,0,horizontal environmental reference,ESE,75.6,"sun low 14° (ESE) — face ESE, lift torso ~76° toward the sun if comfortable",100.0,False,,,50.0,10.7,10.7,,not specified,Environmental scores are skin-type independent.,not personalized
2026-09-27T09:00,deterministic,best_match,74.0,56,57.3,75.6,63.4,1012.0,1002.0,79199.48,0,0,0,0,0,0,0.0,0.0,0.0,0.0,1.9,201,1.6,2.15,2.15,3600.0,1,0.0,5.4,0.0,14796.588,820.21,12.7,0.0,0.008,1.26,322.0,271.0,51.0,778.6,473.2,409.7,344.8,64.9,990.7,602.4,31,21,8,6,14,0,0,0,0,0,2545.932,4924.541,10259.187,19094.488,31437.854,America/Los_Angeles,34.03202,-118.52633,86.0,42.10615158081055,1.0,0.0,0.6804733727810651,0.680112881806109,0.8416149068322981,0.15838509316770186,0.8415914083475714,0.15840859165242863,1.0,0.0,-5.684341886080802e-14,31.0,0.0,77.2,1.0,,,,,,,,,,,,,,,,,2026-09-27 16:00:00+00:00,63.71996241955313,26.280037580446873,112.06894231043032,365.0196939608792,605.3955395790639,96.97547973942721,322.0,778.6,51.0,0.6804733727810651,0,23.333333333333336,56,100.2,,2026-09-22T00:00Z,,,,,0.2,17.841,0.2332,nasa_power_ml_plus_cams_spectral,17.5,low,37.8,53.2,below typical locally,41.4,33.4,38.6,38.6,False,56,63.4,1.9,0,horizontal environmental reference,ESE,63.7,"sun low 26° (ESE) — face ESE, lift torso ~64° toward the sun if comfortable",100.0,False,,,50.0,24.7,24.7,,not specified,Environmental scores are skin-type independent.,not personalized
2026-09-27T10:00,deterministic,best_match,76.7,48,55.6,76.8,63.6,1012.0,1002.1,79199.48,0,0,0,0,0,0,0.0,0.0,0.0,0.0,3.9,190,2.5,3.65,3.65,3600.0,1,0.0,5.4,0.0,14796.588,1443.57,12.9,0.0,0.014,1.63,521.0,454.0,67.0,861.2,717.3,598.2,521.3,76.9,988.9,823.8,33,23,9,4,16,0,0,0,0,0,2552.494,4927.822,10265.748,19097.77,31443.146,America/Los_Angeles,34.03202,-118.52633,86.0,42.10615158081055,1.0,0.0,0.7263348668618431,0.7261471230881282,0.8714011516314779,0.12859884836852206,0.8714476763624205,0.1285523236375794,1.0,0.0,1.1368683772161603e-13,33.0,0.0,85.9,1.0,,,,,,,,,,,,,,,,,2026-09-27 17:00:00+00:00,52.770981831686996,37.229018168313004,124.14790262504118,549.5871777506603,714.4770210772465,117.32682960075903,521.0,861.2,67.0,0.7263348668618431,0,24.833333333333336,48,100.21000000000001,,2026-09-22T00:00Z,,,,,0.2,30.933,0.6168,nasa_power_ml_plus_cams_spectral,30.1,low-moderate,55.8,50.1,typical-to-good locally,47.6,28.8,41.0,41.0,False,48,63.6,3.9,0,horizontal environmental reference,SE,52.8,"sun 37° up (SE) — lay flat, or lift torso ~53° toward SE to face it",100.0,False,,,50.0,36.4,36.4,,not specified,Environmental scores are skin-type independent.,not personalized
2026-09-27T11:00,deterministic,best_match,78.6,42,53.6,78.8,63.4,1011.9,1002.0,79199.48,0,0,0,0,0,0,0.0,0.0,0.0,0.0,5.4,189,3.4,5.0,5.0,3600.0,1,0.0,5.5,0.0,14796.588,1886.483,13.1,0.0,0.019,1.94,683.0,607.0,76.0,907.2,910.8,740.2,657.9,82.4,983.3,987.2,34,24,9,4,18,0,0,0,0,0,2555.775,4931.103,10269.029,19101.05,31448.438,America/Los_Angeles,34.03202,-118.52633,86.0,42.10615158081055,1.0,0.0,0.7498902064119456,0.7497974068071313,0.8887262079062958,0.11127379209370425,0.8888138340988921,0.11132126452310187,1.0,0.0,-0.09999999999990905,34.0,0.0,93.3,1.0,,,,,,,,,,,,,,,,,2026-09-27 18:00:00+00:00,43.539491552548895,46.460508447451105,140.08288898471812,688.109249870634,770.205608662373,129.7874004688373,683.0,907.2,76.0,0.7498902064119456,0,25.888888888888886,42,100.2,,2026-09-22T00:00Z,,,,,0.2,41.337,1.0411,nasa_power_ml_plus_cams_spectral,40.6,moderate,71.5,41.8,typical-to-good locally,59.5,23.2,46.8,46.8,False,42,63.4,5.4,0,horizontal environmental reference,SE,43.5,"sun 46° up (SE) — lay flat, or lift torso ~44° toward SE to face it",100.0,False,,,50.0,45.3,45.3,,not specified,Environmental scores are skin-type independent.,not personalized
2026-09-27T12:00,deterministic,best_match,79.0,41,53.3,79.9,63.4,1011.5,1001.6,79199.48,0,0,0,0,0,0,0.0,0.0,0.0,0.0,6.4,200,4.5,6.3,6.3,3600.0,1,0.0,5.6,0.0,14862.205,2017.717,13.1,0.0,0.022,1.99,803.0,725.0,78.0,948.8,1040.5,834.7,753.6,81.1,986.3,1081.8,32,25,9,6,18,0,0,0,0,0,2539.37,4917.979,10255.905,19087.926,31443.146,America/Los_Angeles,34.03202,-118.52633,86.0,42.10615158081055,1.0,0.0,0.7717443536761173,0.7715843963764097,0.9028642590286425,0.09713574097135741,0.9028393434766981,0.09716065652330177,1.0,0.0,0.0,32.0,0.0,98.9,1.0,,,,,,,,,,,,,,,,,2026-09-27 19:00:00+00:00,37.41936964118338,52.58063035881662,161.28562423729772,768.6662782368884,796.1446642745195,136.36082692225023,803.0,948.8,78.0,0.7717443536761173,0,26.11111111111111,41,100.16,,2026-09-22T00:00Z,,,,,0.2,48.044,1.265,nasa_power_ml_plus_cams_spectral,48.9,moderate,86.2,54.5,good locally,70.2,22.0,53.3,53.3,False,41,63.4,6.4,0,horizontal environmental reference,SSE,37.4,"sun 53° up (SSE) — lay flat, or lift torso ~37° toward SSE to face it",100.0,False,,,50.0,54.5,54.5,,not specified,Environmental scores are skin-type independent.,not personalized
2026-09-27T13:00,deterministic,best_match,78.5,41,52.9,79.2,63.0,1010.8,1000.9,79199.48,0,0,0,0,0,0,0.0,0.0,0.0,0.0,7.6,214,5.8,6.65,6.65,3600.0,1,0.0,5.8,0.0,14927.821,1968.504,13.0,0.0,0.023,1.96,852.0,771.0,81.0,956.7,1097.6,854.4,773.2,81.2,959.4,1100.8,30,25,9,9,16,0,0,0,0,0,2526.247,4904.856,10239.501,19078.084,31432.564,America/Los_Angeles,34.03202,-118.52633,86.0,42.10615158081055,1.0,0.0,0.7762390670553937,0.7761627906976745,0.9049295774647887,0.09507042253521127,0.9049625468164795,0.09503745318352061,1.0,0.0,-1.1368683772161603e-13,30.0,0.0,99.0,1.0,,,,,,,,,,,,,,,,,2026-09-27 20:00:00+00:00,36.081814760949506,53.918185239050494,186.37432962359534,784.9330557919682,800.9279936469906,137.641593144019,852.0,956.7,81.0,0.7762390670553937,0,25.833333333333336,41,100.09,,2026-09-22T00:00Z,,,,,0.2,50.325,1.3757,nasa_power_ml_plus_cams_spectral,51.4,strong,90.1,61.1,excellent locally,71.2,21.3,53.7,53.7,False,41,63.0,7.6,0,horizontal environmental reference,S,36.1,"sun 54° up (S) — lay flat, or lift torso ~36° toward S to face it",100.0,False,,,50.0,57.3,57.3,,not specified,Environmental scores are skin-type independent.,not personalized
2026-09-27T14:00,deterministic,best_match,78.1,42,53.1,78.2,63.0,1010.2,1000.3,79199.48,0,0,0,0,0,0,0.0,0.0,0.0,0.0,8.6,221,7.2,6.35,6.35,3600.0,1,0.0,5.9,0.0,14993.438,1886.483,13.0,0.0,0.023,1.9,832.0,750.0,82.0,947.7,1078.2,804.9,725.5,79.3,916.8,1043.1,28,25,9,13,14,0,0,0,0,0,2509.843,4891.733,10226.378,19064.96,31427.272,America/Los_Angeles,34.03202,-118.52633,86.0,42.10615158081055,1.0,0.0,0.7716564644778334,0.7716422203048605,0.9014423076923077,0.0985576923076923,0.9013542054913655,0.09852155547272953,1.0,0.0,0.10000000000002274,28.0,0.0,98.9,1.0,,,,,,,,,,,,,,,,,2026-09-27 21:00:00+00:00,40.01844551002636,49.98155448997364,209.97481703887556,735.6561741779547,785.9895463671444,133.71593037151354,832.0,947.7,82.0,0.7716564644778334,0,25.61111111111111,42,100.03,,2026-09-22T00:00Z,,,,,0.2,48.278,1.258,nasa_power_ml_plus_cams_spectral,49.2,moderate,86.6,69.0,good locally,68.3,22.8,52.4,52.4,False,42,63.0,8.6,0,horizontal environmental reference,SSW,40.0,"sun 50° up (SSW) — lay flat, or lift torso ~40° toward SSW to face it",100.0,False,,,50.0,55.9,55.9,,not specified,Environmental scores are skin-type independent.,not personalized
2026-09-27T15:00,deterministic,best_match,78.1,42,53.1,77.2,63.0,1009.7,999.8,79199.48,0,0,0,0,0,0,0.0,0.0,0.0,0.0,8.9,221,8.3,5.25,5.25,3600.0,1,0.0,5.9,0.0,14960.63,1788.058,13.2,0.0,0.021,1.9,749.0,675.0,74.0,935.3,983.5,694.9,626.2,68.7,867.7,912.6,28,24,9,23,14,0,0,0,0,0,2496.719,4881.89,10216.535,19055.12,31416.69,America/Los_Angeles,34.03202,-118.52633,86.0,42.10615158081055,1.0,0.0,0.7615658362989324,0.7614507999123383,0.9012016021361816,0.09879839786381843,0.9011368542236294,0.0988631457763707,1.0,0.0,-1.1368683772161603e-13,28.0,0.0,94.9,1.0,,,,,,,,,,,,,,,,,2026-09-27 22:00:00+00:00,47.926915189732014,42.073084810267986,228.41903429715748,624.6179997819978,746.6753832992725,124.28725572058124,749.0,935.3,74.0,0.7615658362989324,0,25.61111111111111,42,99.97999999999999,,2026-09-22T00:00Z,,,,,0.2,42.643,0.9712,nasa_power_ml_plus_cams_spectral,42.2,moderate,74.3,71.8,typical-to-good locally,51.6,26.5,42.8,42.8,False,42,63.0,8.9,0,horizontal environmental reference,SW,47.9,"sun 42° up (SW) — lay flat, or lift torso ~48° toward SW to face it",100.0,False,,,50.0,48.5,48.5,,not specified,Environmental scores are skin-type independent.,not personalized
2026-09-27T16:00,deterministic,best_match,78.0,42,53.0,75.8,62.9,1009.2,999.3,79199.48,0,0,0,0,0,0,0.0,0.0,0.0,0.0,8.8,218,9.4,4.0,4.0,3600.0,1,0.0,5.8,0.0,14895.014,1640.42,13.5,0.0,0.018,1.9,608.0,537.0,71.0,892.7,820.1,532.3,470.1,62.2,781.5,718.1,30,23,9,33,16,0,0,0,0,0,2486.877,4868.767,10209.974,19045.276,31400.812,America/Los_Angeles,34.03202,-118.52633,86.0,42.10615158081055,1.0,0.0,0.7413730032922814,0.7412616627210694,0.8832236842105263,0.11677631578947369,0.8831486004133009,0.11685139958669924,1.0,0.0,-1.1368683772161603e-13,33.0,0.0,86.5,1.0,,,,,,,,,,,,,,,,,2026-09-27 23:00:00+00:00,58.16665808715294,31.833341912847057,242.17556756460849,460.81010745990244,668.436794689586,108.24293224691525,608.0,892.7,71.0,0.7413730032922814,0,25.555555555555557,42,99.92999999999999,,2026-09-22T00:00Z,,,,,0.2,31.989,0.5848,nasa_power_ml_plus_cams_spectral,31.9,low-moderate,57.8,90.0,typical-to-good locally,43.7,31.9,39.6,39.6,False,42,62.9,8.8,0,horizontal environmental reference,WSW,58.2,"sun 32° up (WSW) — lay flat, or lift torso ~58° toward WSW to face it",100.0,False,,,50.0,40.0,40.0,,not specified,Environmental scores are skin-type independent.,not personalized
2026-09-27T17:00,deterministic,best_match,77.7,42,52.8,75.0,62.7,1008.9,999.0,79199.48,0,0,0,0,0,0,0.0,0.0,0.0,0.0,8.3,216,10.1,2.55,2.55,3600.0,1,0.0,6.0,0.0,14862.205,1443.57,13.8,0.0,0.013,1.88,422.0,361.0,61.0,822.2,598.9,333.0,284.9,48.1,648.8,472.9,30,23,10,39,16,0,0,0,0,0,2473.754,4858.924,10200.131,19035.434,31390.23,America/Los_Angeles,34.03202,-118.52633,86.0,42.10615158081055,1.0,0.0,0.7046251461011855,0.7041657855783464,0.8554502369668247,0.14454976303317535,0.8555555555555555,0.14444444444444446,1.0,0.0,0.0,39.0,0.0,75.1,1.0,,,,,,,,,,,,,,,,,2026-09-28 00:00:00+00:00,69.64860628823197,20.351393711768022,252.9223168335493,260.10238169278153,512.4038944840189,81.90020090416681,422.0,822.2,61.0,0.7046251461011855,0,25.388888888888893,42,99.9,,2026-09-22T00:00Z,,,,,0.2,20.909,0.1942,nasa_power_ml_plus_cams_spectral,20.6,low-moderate,41.8,99.9,below typical locally,28.0,35.3,30.6,30.6,False,42,62.7,8.3,0,horizontal environmental reference,WSW,69.6,"sun low 20° (WSW) — face WSW, lift torso ~70° toward the sun if comfortable",100.0,False,,,50.0,28.5,28.5,,not specified,Environmental scores are skin-type independent.,not personalized
2026-09-27T18:00,deterministic,best_match,76.8,42,52.0,74.3,61.9,1008.9,999.0,79199.48,0,0,0,0,0,1,0.0,0.0,0.0,0.0,7.4,221,9.8,1.15,1.15,3600.0,1,0.0,6.8,0.0,14829.396,1164.698,13.9,0.0,0.008,1.83,206.0,158.0,48.0,643.9,335.2,118.8,91.1,27.7,371.2,193.7,27,24,11,33,14,0,0,0,0,0,2477.034,4862.205,10196.851,19035.434,31395.52,America/Los_Angeles,34.03202,-118.52633,86.0,42.10615158081055,1.0,0.0,0.6145584725536993,0.6133195663397006,0.7669902912621359,0.23300970873786409,0.7668350168350168,0.23316498316498316,1.0,0.0,0.0,33.0,0.0,58.8,1.0,,,,,,,,,,,,,,,,,2026-09-28 01:00:00+00:00,81.72438576009479,8.275614239905204,262.0267418381518,58.29343951149134,179.75389447820282,32.42055658330659,206.0,643.9,48.0,0.6145584725536993,0,24.88888888888889,42,99.9,,2026-09-22T00:00Z,,,,,0.2,7.6,0.0414,nasa_power_ml_plus_cams_spectral,8.2,low,22.6,100.0,poor locally,28.2,53.6,37.1,37.1,False,42,61.9,7.4,1,horizontal environmental reference,W,81.7,"sun low 8° (W) — face W, lift torso ~82° toward the sun if comfortable",99.8,False,,,50.0,15.4,15.4,,not specified,Environmental scores are skin-type independent.,not personalized
2026-09-27T19:00,deterministic,best_match,75.6,42,50.9,73.2,61.0,1009.2,999.3,79199.48,0,0,0,0,0,1,0.0,0.0,0.0,0.0,6.4,234,9.2,0.15,0.15,2362.03,0,0.0,7.9,0.0,14829.396,853.018,13.9,0.0,0.004,1.76,25.0,19.0,6.0,205.6,64.0,0.0,0.0,0.0,0.0,0.0,24,25,13,20,10,0,0,0,0,0,2480.315,4862.205,10196.851,19032.152,31400.812,America/Los_Angeles,34.03202,-118.52633,86.0,42.10615158081055,1.0,0.0,0.390625,,0.76,0.24,,,0.6561194444444445,0.0,0.0,25.0,0.0,37.2,1.0,,,,,,,,,,,,,,,,,2026-09-28 02:00:00+00:00,94.235117426902,-4.235117426901998,270.4729526180755,0.0,0.0,0.0,25.0,205.6,6.0,0.390625,0,24.22222222222222,42,99.92999999999999,,2026-09-22T00:00Z,,,,,0.2,0.0,0.0,nasa_power_ml_plus_cams_spectral,0.4,low,0.8,40.1,poor locally,,,,,False,42,61.0,6.4,1,horizontal environmental reference,W,,sun below horizon — no direct-sun posture,99.8,False,,,50.0,0.0,0.0,,not specified,Environmental scores are skin-type independent.,not personalized
2026-09-27T20:00,deterministic,best_match,74.6,42,50.0,72.4,60.2,1009.4,999.5,79199.48,0,0,0,0,0,1,0.0,0.0,0.0,0.0,5.4,240,8.3,0.0,0.0,0.0,0,0.0,8.9,0.0,14796.588,639.764,14.2,0.0,0.003,1.7,0.0,0.0,0.0,0.0,0.0,0.0,0.0,0.0,0.0,0.0,22,25,18,10,8,0,0,0,0,0,2483.596,4865.486,10193.569,19032.152,31406.106,America/Los_Angeles,34.03202,-118.52633,86.0,42.10615158081055,,,,,,,,,0.0,0.0,0.0,25.0,0.0,0.0,0.6,,,,,,,,,,,,,,,,,2026-09-28 03:00:00+00:00,106.62284342789357,-16.622843427893567,279.0820363908413,0.0,0.0,0.0,0.0,0.0,0.0,,0,23.666666666666664,42,99.95,,2026-09-22T00:00Z,,,,,0.2,0.0,0.0,nasa_power_ml_plus_cams_spectral,0.0,low,0.0,,poor locally,,,,,False,42,60.2,5.4,1,horizontal environmental reference,W,,sun below horizon — no direct-sun posture,99.8,False,,,50.0,0.0,0.0,,not specified,Environmental scores are skin-type independent.,not personalized
2026-09-27T21:00,deterministic,best_match,74.0,43,50.1,72.4,59.9,1009.6,999.7,79199.48,0,0,0,0,0,1,0.0,0.0,0.0,0.0,3.8,234,6.7,0.0,0.0,0.0,0,0.0,9.6,0.0,14895.014,590.551,15.0,0.0,0.002,1.64,0.0,0.0,0.0,0.0,0.0,0.0,0.0,0.0,0.0,0.0,24,24,26,6,12,0,0,0,0,0,2486.877,4865.486,10190.289,19035.434,31406.106,America/Los_Angeles,34.03202,-118.52633,86.0,42.10615158081055,,,,,,,,,0.0,0.0,0.0,26.0,0.0,0.0,0.6,,,,,,,,,,,,,,,,,2026-09-28 04:00:00+00:00,118.69257666267089,-28.692576662670888,288.7513871516491,0.0,0.0,0.0,0.0,0.0,0.0,,0,23.333333333333336,43,99.97,,2026-09-22T00:00Z,,,,,0.2,0.0,0.0,nasa_power_ml_plus_cams_spectral,0.0,low,0.0,,poor locally,,,,,False,43,59.9,3.8,1,horizontal environmental reference,WNW,,sun below horizon — no direct-sun posture,99.8,False,,,50.0,0.0,0.0,,not specified,Environmental scores are skin-type independent.,not personalized
2026-09-27T22:00,deterministic,best_match,73.6,44,50.3,72.5,59.8,1009.8,999.8,79199.48,0,0,0,0,0,1,0.0,0.0,0.0,0.0,2.7,204,4.9,0.0,0.0,0.0,0,0.0,10.2,0.0,14960.63,639.764,16.1,0.0,0.001,1.58,0.0,0.0,0.0,0.0,0.0,0.0,0.0,0.0,0.0,0.0,28,22,34,4,18,0,0,0,0,0,2486.877,4868.767,10190.289,19038.714,31406.106,America/Los_Angeles,34.03202,-118.52633,86.0,42.10615158081055,,,,,,,,,0.0,0.0,0.0,34.0,0.0,0.0,0.6,,,,,,,,,,,,,,,,,2026-09-28 05:00:00+00:00,129.99722686426801,-39.99722686426801,300.7349829176257,0.0,0.0,0.0,0.0,0.0,0.0,,0,23.11111111111111,44,99.97999999999999,,2026-09-22T00:00Z,,,,,0.2,0.0,0.0,nasa_power_ml_plus_cams_spectral,0.0,low,0.0,,poor locally,,,,,False,44,59.8,2.7,1,horizontal environmental reference,WNW,,sun below horizon — no direct-sun posture,99.8,False,,,50.0,0.0,0.0,,not specified,Environmental scores are skin-type independent.,not personalized
2026-09-27T23:00,deterministic,best_match,73.0,45,50.4,72.1,59.6,1009.9,999.9,79199.48,0,0,0,0,0,1,0.0,0.0,0.0,0.0,2.5,170,3.6,0.0,0.0,0.0,0,0.0,10.6,0.0,15059.056,672.572,16.7,0.0,0.001,1.53,0.0,0.0,0.0,0.0,0.0,0.0,0.0,0.0,0.0,0.0,31,20,40,4,20,0,0,0,0,0,2490.158,4868.767,10187.008,19041.994,31406.106,America/Los_Angeles,34.03202,-118.52633,86.0,42.10615158081055,,,,,,,,,0.0,0.0,0.0,40.0,0.0,0.0,0.6,,,,,,,,,,,,,,,,,2026-09-28 06:00:00+00:00,139.7219973696549,-49.7219973696549,316.93934673631225,0.0,0.0,0.0,0.0,0.0,0.0,,0,22.77777777777778,45,99.99,,2026-09-22T00:00Z,,,,,0.2,0.0,0.0,nasa_power_ml_plus_cams_spectral,0.0,low,0.0,,poor locally,,,,,False,45,59.6,2.5,1,horizontal environmental reference,NW,,sun below horizon — no direct-sun posture,99.8,False,,,50.0,0.0,0.0,,not specified,Environmental scores are skin-type independent.,not personalized
2026-09-28T00:00,deterministic,best_match,72.2,47,50.9,71.3,59.5,1009.8,999.8,79199.48,0,0,0,0,0,0,0.0,0.0,0.0,0.0,2.8,151,3.1,0.0,0.0,0.0,0,0.0,10.7,0.0,15255.905,672.572,16.4,0.0,0.001,1.43,0.0,0.0,0.0,0.0,0.0,0.0,0.0,0.0,0.0,0.0,33,20,40,6,18,0,0,0,0,0,2480.315,4855.643,10173.885,19035.434,31395.52,America/Los_Angeles,34.03202,-118.52633,86.0,42.10615158081055,,,,,,,,,0.0,0.0,0.0,40.0,0.0,0.0,0.6,,,,,,,,,,,,,,,,,2026-09-28 07:00:00+00:00,146.34898666450383,-56.34898666450383,339.478144212637,0.0,0.0,0.0,0.0,0.0,0.0,,0,22.333333333333336,47,99.97999999999999,,2026-09-22T00:00Z,,,,,0.2,0.0,0.0,nasa_power_ml_plus_cams_spectral,0.0,low,0.0,,poor locally,,,,,False,47,59.5,2.8,0,horizontal environmental reference,NNW,,sun below horizon — no direct-sun posture,100.0,False,,,50.0,0.0,0.0,,not specified,Environmental scores are skin-type independent.,not personalized
2026-09-28T01:00,deterministic,best_match,71.3,49,51.2,70.4,59.3,1009.5,999.5,79199.48,0,0,0,0,0,0,0.0,0.0,0.0,0.0,3.0,138,3.4,0.0,0.0,0.0,0,0.0,10.6,0.0,15452.756,688.976,15.7,0.0,0.001,1.34,0.0,0.0,0.0,0.0,0.0,0.0,0.0,0.0,0.0,0.0,34,20,38,7,12,0,0,0,0,0,2473.754,4845.801,10160.762,19032.152,31390.23,America/Los_Angeles,34.03202,-118.52633,86.0,42.10615158081055,,,,,,,,,0.0,0.0,0.0,38.0,0.0,0.0,0.6,,,,,,,,,,,,,,,,,2026-09-28 08:00:00+00:00,147.83933662416683,-57.83933662416683,7.136548956307024,0.0,0.0,0.0,0.0,0.0,0.0,,0,21.833333333333332,49,99.95,,2026-09-22T00:00Z,,,,,0.2,0.0,0.0,nasa_power_ml_plus_cams_spectral,0.0,low,0.0,,poor locally,,,,,False,49,59.3,3.0,0,horizontal environmental reference,N,,sun below horizon — no direct-sun posture,100.0,False,,,50.0,0.0,0.0,,not specified,Environmental scores are skin-type independent.,not personalized
2026-09-28T02:00,deterministic,best_match,70.5,51,51.5,69.6,59.1,1009.3,999.3,79199.48,0,0,0,0,0,0,0.0,0.0,0.0,0.0,3.3,132,3.6,0.0,0.0,0.0,0,0.0,10.6,0.0,15649.606,656.168,14.9,0.0,0.001,1.25,0.0,0.0,0.0,0.0,0.0,0.0,0.0,0.0,0.0,0.0,35,20,32,9,8,0,0,0,0,0,2463.911,4832.677,10147.638,19025.59,31379.644,America/Los_Angeles,34.03202,-118.52633,86.0,42.10615158081055,,,,,,,,,0.0,0.0,0.0,35.0,0.0,0.0,0.6,,,,,,,,,,,,,,,,,2026-09-28 09:00:00+00:00,143.54821751980398,-53.54821751980397,32.81730709897653,0.0,0.0,0.0,0.0,0.0,0.0,,0,21.38888888888889,51,99.92999999999999,,2026-09-22T00:00Z,,,,,0.2,0.0,0.0,nasa_power_ml_plus_cams_spectral,0.0,low,0.0,,poor locally,,,,,False,51,59.1,3.3,0,horizontal environmental reference,NNE,,sun below horizon — no direct-sun posture,100.0,False,,,50.0,0.0,0.0,,not specified,Environmental scores are skin-type independent.,not personalized
2026-09-28T03:00,deterministic,best_match,69.9,52,51.5,68.9,58.8,1009.1,999.1,79199.48,0,0,0,0,0,0,0.0,0.0,0.0,0.0,3.3,132,3.6,0.0,0.0,0.0,0,0.0,10.8,0.0,15780.84,574.147,14.3,0.0,0.001,1.2,0.0,0.0,0.0,0.0,0.0,0.0,0.0,0.0,0.0,0.0,37,20,23,9,8,0,0,0,0,0,2457.349,4826.116,10141.076,19025.59,31384.938,America/Los_Angeles,34.03202,-118.52633,86.0,42.10615158081055,,,,,,,,,0.0,0.0,0.0,37.0,0.0,0.0,0.6,,,,,,,,,,,,,,,,,2026-09-28 10:00:00+00:00,135.1302071681522,-45.13020716815218,51.99770548210836,0.0,0.0,0.0,0.0,0.0,0.0,,0,21.05555555555556,52,99.91,,2026-09-22T00:00Z,,,,,0.2,0.0,0.0,nasa_power_ml_plus_cams_spectral,0.0,low,0.0,,poor locally,,,,,False,52,58.8,3.3,0,horizontal environmental reference,NE,,sun below horizon — no direct-sun posture,100.0,False,,,50.0,0.0,0.0,,not specified,Environmental scores are skin-type independent.,not personalized
2026-09-28T04:00,deterministic,best_match,69.4,53,51.6,68.6,58.6,1008.9,998.9,79199.48,0,0,0,0,0,0,0.0,0.0,0.0,0.0,3.2,135,3.6,0.0,0.0,0.0,0,0.0,11.1,0.0,15912.073,442.913,13.7,0.0,0.001,1.15,0.0,0.0,0.0,0.0,0.0,0.0,0.0,0.0,0.0,0.0,39,20,13,7,10,0,0,0,0,0,2450.787,4816.273,10134.515,19022.31,31395.52,America/Los_Angeles,34.03202,-118.52633,86.0,42.10615158081055,,,,,,,,,0.0,0.0,0.0,39.0,0.0,0.0,0.6,,,,,,,,,,,,,,,,,2026-09-28 11:00:00+00:00,124.4825197526401,-34.4825197526401,65.81302984082117,0.0,0.0,0.0,0.0,0.0,0.0,,0,20.777777777777782,53,99.89,,2026-09-22T00:00Z,,,,,0.2,0.0,0.0,nasa_power_ml_plus_cams_spectral,0.0,low,0.0,,poor locally,,,,,False,53,58.6,3.2,0,horizontal environmental reference,ENE,,sun below horizon — no direct-sun posture,100.0,False,,,50.0,0.0,0.0,,not specified,Environmental scores are skin-type independent.,not personalized
2026-09-28T05:00,deterministic,best_match,69.2,52,50.9,68.5,58.2,1008.8,998.8,79199.48,0,0,0,0,0,0,0.0,0.0,0.0,0.0,2.5,135,3.4,0.0,0.0,0.0,0,0.0,11.6,0.0,16043.308,377.297,13.2,0.0,0.001,1.17,0.0,0.0,0.0,0.0,0.0,0.0,0.0,0.0,0.0,0.0,40,21,6,7,12,0,0,0,0,0,2444.226,4809.712,10127.953,19022.31,31400.812,America/Los_Angeles,34.03202,-118.52633,86.0,42.10615158081055,,,,,,,,,0.0,0.0,0.0,40.0,0.0,0.0,0.6,,,,,,,,,,,,,,,,,2026-09-28 12:00:00+00:00,112.73165087852513,-22.731650878525123,76.45807786527507,0.0,0.0,0.0,0.0,0.0,0.0,,0,20.666666666666668,52,99.88,,2026-09-22T00:00Z,,,,,0.2,0.0,0.0,nasa_power_ml_plus_cams_spectral,0.0,low,0.0,,poor locally,,,,,False,52,58.2,2.5,0,horizontal environmental reference,ENE,,sun below horizon — no direct-sun posture,100.0,False,,,50.0,0.0,0.0,,not specified,Environmental scores are skin-type independent.,not personalized
2026-09-28T06:00,deterministic,best_match,69.4,49,49.4,68.7,57.6,1009.1,999.1,79199.48,0,0,0,0,0,0,0.0,0.0,0.0,0.0,1.3,121,3.1,0.0,0.0,0.0,0,0.0,12.5,0.0,16174.541,344.488,12.8,0.0,0.0,1.25,0.0,0.0,0.0,0.0,0.0,0.0,0.0,0.0,0.0,0.0,42,23,2,7,14,0,0,0,0,0,2454.068,4816.273,10137.795,19038.714,31427.272,America/Los_Angeles,34.03202,-118.52633,86.0,42.10615158081055,,,,,,,,,0.0,0.0,0.0,42.0,0.0,0.0,0.6,,,,,,,,,,,,,,,,,2026-09-28 13:00:00+00:00,100.4722380881464,-10.472238088146394,85.48687886573089,0.0,0.0,0.0,0.0,0.0,0.0,,0,20.777777777777782,49,99.91,,2026-09-22T00:00Z,,,,,0.2,0.0,0.0,nasa_power_ml_plus_cams_spectral,0.0,low,0.0,0.0,poor locally,,,,,False,49,57.6,1.3,0,horizontal environmental reference,E,,sun below horizon — no direct-sun posture,100.0,False,,,50.0,0.0,0.0,,not specified,Environmental scores are skin-type independent.,not personalized
2026-09-28T07:00,deterministic,best_match,69.9,44,47.0,68.7,56.7,1009.5,999.5,79199.48,0,0,0,0,0,0,0.0,0.0,0.0,0.0,0.8,34,2.9,0.0,0.0,0.0,1,0.0,13.5,0.0,16338.583,360.892,12.5,0.0,0.001,1.4,0.0,0.0,0.0,0.0,3.6,0.0,0.0,0.0,0.0,46.2,43,26,2,6,16,0,0,0,0,0,2463.911,4826.116,10144.357,19058.398,31448.438,America/Los_Angeles,34.03202,-118.52633,86.0,42.10615158081055,,,0.0,0.0,,,,,0.0,0.0,0.0,43.0,0.0,0.0,0.75,,,,,,,,,,,,,,,,,2026-09-28 14:00:00+00:00,87.77803071097301,2.221969289026993,93.93667718057856,2.381834529015478,7.176812284295064,2.103582626587831,0.0,0.0,0.0,0.0,0,21.05555555555556,44,99.95,,2026-09-22T00:00Z,,,,,0.2,0.367,0.0,nasa_power_ml_plus_cams_spectral,0.2,low,0.0,0.0,poor locally,30.1,65.6,42.5,42.5,False,44,56.7,0.8,0,horizontal environmental reference,E,87.8,"sun low 2° (E) — face E, lift torso ~88° toward the sun if comfortable",100.0,False,,,50.0,0.5,0.5,,not specified,Environmental scores are skin-type independent.,not personalized
2026-09-28T08:00,deterministic,best_match,71.0,39,44.8,69.0,56.4,1009.8,999.8,79199.48,0,0,0,0,0,0,0.0,0.0,0.0,0.0,1.6,352,2.7,0.6,0.6,3600.0,1,0.0,14.4,0.0,16469.816,524.934,12.1,0.0,0.002,1.58,102.0,72.0,30.0,494.0,191.8,177.8,125.5,52.3,860.9,334.9,42,28,2,6,16,0,0,0,0,0,2473.754,4832.677,10154.199,19074.802,31474.894,America/Los_Angeles,34.03202,-118.52633,86.0,42.10615158081055,1.0,0.0,0.5318039624608968,0.5309047476858765,0.7058823529411765,0.29411764705882354,0.7058492688413948,0.2941507311586051,1.0,0.0,0.0,42.0,0.0,65.3,1.0,,,,,,,,,,,,,,,,,2026-09-28 15:00:00+00:00,75.71293784543745,14.287062154562548,102.63704154533968,153.56057147507403,374.28753889921956,61.193819668570185,102.0,494.0,30.0,0.5318039624608968,0,21.666666666666668,39,99.97999999999999,,2026-09-22T00:00Z,,,,,0.2,5.668,0.0343,nasa_power_ml_plus_cams_spectral,5.3,low,18.5,47.0,poor locally,37.1,35.8,36.6,36.6,False,39,56.4,1.6,0,horizontal environmental reference,ESE,75.7,"sun low 14° (ESE) — face ESE, lift torso ~76° toward the sun if comfortable",100.0,False,,,50.0,10.6,10.6,,not specified,Environmental scores are skin-type independent.,not personalized
2026-09-28T09:00,deterministic,best_match,73.5,33,42.6,70.9,56.5,1010.0,1000.0,79199.48,0,0,0,0,0,0,0.0,0.0,0.0,0.0,1.7,337,2.5,2.1,2.1,3600.0,1,0.0,15.0,0.0,16502.625,935.039,11.3,0.0,0.007,1.89,320.0,269.0,51.0,779.1,469.7,407.8,342.8,65.0,992.8,598.8,38,29,2,6,16,0,0,0,0,0,2480.315,4839.239,10167.323,19091.208,31496.062,America/Los_Angeles,34.03202,-118.52633,86.0,42.10615158081055,1.0,0.0,0.6812859271875665,0.6810287241148966,0.840625,0.159375,0.8406081412457087,0.15939185875429132,1.0,0.0,0.0,38.0,0.0,77.0,1.0,,,,,,,,,,,,,,,,,2026-09-28 16:00:00+00:00,63.90421881023345,26.095781189766548,112.46172867621317,361.9948957085742,603.3071594594421,96.61633841832213,320.0,779.1,51.0,0.6812859271875665,0,23.055555555555557,33,100.0,,2026-09-22T00:00Z,,,,,0.2,17.627,0.2245,nasa_power_ml_plus_cams_spectral,17.2,low,37.7,52.8,below typical locally,54.4,26.0,44.5,44.5,False,33,56.5,1.7,0,horizontal environmental reference,ESE,63.9,"sun low 26° (ESE) — face ESE, lift torso ~64° toward the sun if comfortable",100.0,False,,,50.0,25.0,25.0,,not specified,Environmental scores are skin-type independent.,not personalized
2026-09-28T10:00,deterministic,best_match,76.5,26,39.1,73.2,56.5,1010.1,1000.2,79199.48,0,0,0,0,0,0,0.0,0.0,0.0,0.0,1.7,310,2.5,3.6,3.6,3600.0,1,0.0,15.3,0.0,16502.625,1492.782,10.4,0.0,0.013,2.31,522.0,456.0,66.0,870.0,713.6,599.7,523.8,75.8,999.5,819.9,32,29,3,6,14,0,0,0,0,0,2483.596,4849.082,10177.165,19107.612,31517.228,America/Los_Angeles,34.03202,-118.52633,86.0,42.10615158081055,1.0,0.0,0.7315022421524664,0.7314306622758874,0.8735632183908046,0.12643678160919541,0.8734367183591795,0.1263965315991329,1.0,0.0,0.10000000000013642,32.0,0.0,85.8,1.0,,,,,,,,,,,,,,,,,2026-09-28 17:00:00+00:00,52.9964615873879,37.0035384126121,124.55880038159762,546.2979224374648,713.2045526963658,117.04553269176449,522.0,870.0,66.0,0.7315022421524664,0,24.722222222222225,26,100.02000000000001,,2026-09-22T00:00Z,,,,,0.2,30.41,0.6016,nasa_power_ml_plus_cams_spectral,29.6,low-moderate,55.4,48.8,typical-to-good locally,57.4,17.9,43.6,43.6,False,26,56.5,1.7,0,horizontal environmental reference,SE,53.0,"sun 37° up (SE) — lay flat, or lift torso ~53° toward SE to face it",100.0,False,,,50.0,36.2,36.2,,not specified,Environmental scores are skin-type independent.,not personalized
2026-09-28T11:00,deterministic,best_match,79.0,22,36.9,76.7,56.7,1009.9,1000.0,79199.48,0,0,0,0,0,0,0.0,0.0,0.0,0.0,2.0,264,3.1,4.95,4.95,3600.0,1,0.0,15.3,0.0,16535.434,2001.312,9.7,0.0,0.018,2.64,688.0,614.0,74.0,922.2,906.8,745.8,665.6,80.2,999.7,983.1,27,28,3,6,14,0,0,0,0,0,2490.158,4855.643,10190.289,19124.016,31538.396,America/Los_Angeles,34.03202,-118.52633,86.0,42.10615158081055,1.0,0.0,0.7587119541243935,0.7586206896551724,0.8924418604651163,0.10755813953488372,0.8924644676857068,0.10753553231429339,1.0,0.0,-1.1368683772161603e-13,28.0,0.0,93.3,1.0,,,,,,,,,,,,,,,,,2026-09-28 18:00:00+00:00,43.82439411081742,46.17560588918258,140.48472823757334,684.5238612586887,769.2636538600183,129.526691897432,688.0,922.2,74.0,0.7587119541243935,0,26.11111111111111,22,100.0,,2026-09-22T00:00Z,,,,,0.2,40.662,1.0081,nasa_power_ml_plus_cams_spectral,40.1,moderate,71.3,41.2,typical-to-good locally,74.8,16.8,54.5,54.5,False,22,56.7,2.0,0,horizontal environmental reference,SE,43.8,"sun 46° up (SE) — lay flat, or lift torso ~44° toward SE to face it",100.0,False,,,50.0,45.9,45.9,,not specified,Environmental scores are skin-type independent.,not personalized
2026-09-28T12:00,deterministic,best_match,80.2,22,37.9,78.4,57.6,1009.4,999.6,79199.48,0,0,0,0,0,0,0.0,0.0,0.0,0.0,4.6,227,5.1,6.25,6.25,3600.0,1,0.0,14.8,0.0,16666.666,2509.843,9.3,0.0,0.023,2.75,814.0,741.0,73.0,974.3,1036.2,846.1,770.3,75.9,1012.8,1077.2,23,26,3,6,14,0,0,0,0,0,2473.754,4845.801,10183.728,19124.016,31543.688,America/Los_Angeles,34.03202,-118.52633,86.0,42.10615158081055,1.0,0.0,0.7855626326963906,0.7854623096917935,0.9103194103194103,0.08968058968058969,0.9104124807942323,0.08970570854508923,1.0,0.0,-0.09999999999990905,26.0,0.0,99.1,1.0,,,,,,,,,,,,,,,,,2026-09-28 19:00:00+00:00,37.77198062515227,52.22801937484773,161.58716925628823,764.7404686315208,795.2980581296059,136.0934220146438,814.0,974.3,73.0,0.7855626326963906,0,26.777777777777782,22,99.96000000000001,,2026-09-22T00:00Z,,,,,0.2,47.348,1.2225,nasa_power_ml_plus_cams_spectral,48.3,moderate,86.0,54.1,good locally,81.3,16.3,58.6,58.6,False,22,57.6,4.6,0,horizontal environmental reference,SSE,37.8,"sun 52° up (SSE) — lay flat, or lift torso ~38° toward SSE to face it",100.0,False,,,50.0,54.8,54.8,,not specified,Environmental scores are skin-type independent.,not personalized
2026-09-28T13:00,deterministic,best_match,80.8,24,40.6,77.9,58.8,1008.6,998.8,79199.48,0,0,0,0,0,0,0.0,0.0,0.0,0.0,8.6,217,8.1,6.6,6.6,3600.0,1,0.0,13.9,0.0,16765.092,2985.564,9.1,0.0,0.026,2.72,864.0,789.0,75.0,983.9,1092.9,866.3,791.1,75.2,986.5,1095.8,20,23,4,7,14,0,0,0,0,0,2460.63,4835.958,10180.446,19124.016,31548.98,America/Los_Angeles,34.03202,-118.52633,86.0,42.10615158081055,1.0,0.0,0.7905572330496843,0.790563971527651,0.9131944444444444,0.08680555555555555,0.9131940436338452,0.08680595636615492,1.0,0.0,-1.1368683772161603e-13,23.0,0.0,99.1,1.0,,,,,,,,,,,,,,,,,2026-09-28 20:00:00+00:00,36.47660506376563,53.52339493623437,186.45533165564262,780.6380810012408,800.0115312488076,137.34907205119362,864.0,983.9,75.0,0.7905572330496843,0,27.11111111111111,24,99.88,,2026-09-22T00:00Z,,,,,0.2,49.726,1.3201,nasa_power_ml_plus_cams_spectral,50.9,strong,89.9,60.7,good locally,83.5,15.9,59.8,59.8,False,24,58.8,8.6,0,horizontal environmental reference,S,36.5,"sun 54° up (S) — lay flat, or lift torso ~36° toward S to face it",100.0,False,,,50.0,57.8,57.8,,not specified,Environmental scores are skin-type independent.,not personalized
2026-09-28T14:00,deterministic,best_match,80.6,27,43.5,76.8,59.8,1007.9,998.1,79199.48,0,0,0,0,0,0,0.0,0.0,0.0,0.0,11.4,212,10.1,6.3,6.3,3600.0,1,0.0,13.2,0.0,16896.326,3116.798,9.1,0.0,0.026,2.6,844.0,767.0,77.0,974.5,1073.0,816.1,741.7,74.5,942.3,1037.7,18,20,4,7,14,0,0,0,0,0,2444.226,4826.116,10173.885,19124.016,31554.274,America/Los_Angeles,34.03202,-118.52633,86.0,42.10615158081055,1.0,0.0,0.7865796831314072,0.7864508046641611,0.9087677725118484,0.09123222748815166,0.9088347016297023,0.09128783237348365,1.0,0.0,-0.10000000000002274,20.0,0.0,99.1,1.0,,,,,,,,,,,,,,,,,2026-09-28 21:00:00+00:00,40.4071251331185,49.5928748668815,209.84472176040674,730.9898788212804,784.8237014741702,133.37982553791278,844.0,974.5,77.0,0.7865796831314072,0,26.999999999999996,27,99.81,,2026-09-22T00:00Z,,,,,0.2,48.197,1.2516,nasa_power_ml_plus_cams_spectral,49.0,moderate,87.0,70.2,good locally,82.5,15.7,59.1,59.1,False,27,59.8,11.4,0,horizontal environmental reference,SSW,40.4,"sun 50° up (SSW) — lay flat, or lift torso ~40° toward SSW to face it",100.0,False,,,50.0,56.9,56.9,,not specified,Environmental scores are skin-type independent.,not personalized
2026-09-28T15:00,deterministic,best_match,79.5,30,45.4,75.2,60.2,1007.4,997.6,79199.48,0,0,0,0,0,0,0.0,0.0,0.0,0.0,11.8,207,11.0,5.2,5.2,3600.0,1,0.0,13.0,0.0,16863.518,2657.48,9.4,0.0,0.023,2.41,757.0,686.0,71.0,956.6,977.9,701.8,636.0,65.8,886.9,906.7,19,19,4,7,14,0,0,0,0,0,2431.102,4816.273,10170.604,19120.734,31554.274,America/Los_Angeles,34.03202,-118.52633,86.0,42.10615158081055,1.0,0.0,0.7741077819817977,0.7740156611889268,0.9062087186261559,0.09379128137384413,0.9062410943288687,0.09375890567113138,1.0,0.0,0.0,19.0,0.0,94.9,1.0,,,,,,,,,,,,,,,,,2026-09-28 22:00:00+00:00,48.2841626550105,41.7158373449895,228.18459078858382,619.6142505643514,744.9764462220827,123.87957490457148,757.0,956.6,71.0,0.7741077819817977,0,26.38888888888889,30,99.76,,2026-09-22T00:00Z,,,,,0.2,42.282,0.9115,nasa_power_ml_plus_cams_spectral,41.9,moderate,74.4,72.6,typical-to-good locally,61.6,17.6,46.2,46.2,False,30,60.2,11.8,0,horizontal environmental reference,SW,48.3,"sun 42° up (SW) — lay flat, or lift torso ~48° toward SW to face it",100.0,False,,,50.0,49.0,49.0,,not specified,Environmental scores are skin-type independent.,not personalized
2026-09-28T16:00,deterministic,best_match,77.7,33,46.3,72.7,59.8,1006.9,997.0,79199.48,0,0,0,0,0,0,0.0,0.0,0.0,0.0,11.0,200,11.0,3.9,3.9,3600.0,1,0.0,12.9,0.0,16830.708,1853.675,9.8,0.0,0.019,2.17,613.0,543.0,70.0,910.0,814.0,535.9,474.7,61.2,795.6,711.8,21,18,3,7,14,0,0,0,0,0,2421.26,4809.712,10167.323,19114.174,31559.562,America/Los_Angeles,34.03202,-118.52633,86.0,42.10615158081055,1.0,0.0,0.7530712530712531,0.7528800224782243,0.8858075040783034,0.11419249592169657,0.8857995894756484,0.11420041052435156,1.0,0.0,0.0,21.0,0.0,86.6,1.0,,,,,,,,,,,,,,,,,2026-09-28 23:00:00+00:00,58.492691816394995,31.50730818360501,241.90841385471714,455.5603132705008,665.6174979448022,107.70373898094658,613.0,910.0,70.0,0.7530712530712531,0,25.388888888888893,33,99.7,,2026-09-22T00:00Z,,,,,0.2,32.198,0.5859,nasa_power_ml_plus_cams_spectral,31.7,low-moderate,57.8,90.3,typical-to-good locally,56.5,19.1,43.4,43.4,False,33,59.8,11.0,0,horizontal environmental reference,WSW,58.5,"sun 32° up (WSW) — lay flat, or lift torso ~58° toward WSW to face it",100.0,False,,,50.0,40.4,40.4,,not specified,Environmental scores are skin-type independent.,not personalized
2026-09-28T17:00,deterministic,best_match,76.1,36,47.2,71.4,59.5,1006.7,996.8,79199.48,0,0,0,0,0,0,0.0,0.0,0.0,0.0,9.3,197,10.3,2.4,2.4,3600.0,1,0.0,12.7,0.0,16797.9,1213.911,10.3,0.0,0.014,1.97,424.0,363.0,61.0,836.2,592.5,333.5,285.5,48.0,657.8,466.3,23,18,3,7,14,0,0,0,0,0,2408.137,4799.869,10164.042,19110.892,31559.562,America/Los_Angeles,34.03202,-118.52633,86.0,42.10615158081055,1.0,0.0,0.7156118143459915,0.7152048037743941,0.8561320754716981,0.14386792452830188,0.856071964017991,0.14392803598200898,1.0,0.0,0.0,23.0,0.0,74.8,1.0,,,,,,,,,,,,,,,,,2026-09-29 00:00:00+00:00,69.95187243652333,20.048127563476672,252.64901430881105,254.8533758438989,506.9703183831361,81.05921065344882,424.0,836.2,61.0,0.7156118143459915,0,24.499999999999996,36,99.67999999999999,,2026-09-22T00:00Z,,,,,0.2,20.684,0.1944,nasa_power_ml_plus_cams_spectral,20.0,low-moderate,41.2,99.6,below typical locally,32.4,28.7,31.1,31.1,False,36,59.5,9.3,0,horizontal environmental reference,WSW,70.0,"sun low 20° (WSW) — face WSW, lift torso ~70° toward the sun if comfortable",100.0,False,,,50.0,28.0,28.0,,not specified,Environmental scores are skin-type independent.,not personalized
2026-09-28T18:00,deterministic,best_match,74.6,41,49.4,71.7,59.9,1006.8,996.9,79199.48,0,0,0,0,0,3,0.0,0.0,0.0,0.0,6.6,204,8.3,1.05,1.05,3600.0,1,0.0,12.1,0.0,16896.326,918.635,10.8,0.0,0.007,1.73,205.0,157.0,48.0,653.3,328.5,116.3,89.1,27.2,370.7,186.8,23,19,3,7,12,0,0,0,0,0,2414.698,4803.15,10167.323,19120.734,31564.856,America/Los_Angeles,34.03202,-118.52633,86.0,42.10615158081055,1.0,0.0,0.624048706240487,0.6225910064239828,0.7658536585365854,0.23414634146341465,0.766122098022356,0.23387790197764402,1.0,0.0,0.0,23.0,0.0,58.1,1.0,,,,,,,,,,,,,,,,,2026-09-29 01:00:00+00:00,82.01201112988196,7.98798887011805,261.7529465292778,54.372456497257105,169.40038189999896,30.831647001034423,205.0,653.3,48.0,0.624048706240487,0,23.666666666666664,41,99.69,,2026-09-22T00:00Z,,,,,0.2,7.446,0.0406,nasa_power_ml_plus_cams_spectral,7.8,low,22.0,100.0,poor locally,32.4,47.4,37.6,37.6,False,41,59.9,6.6,3,horizontal environmental reference,W,82.0,"sun low 8° (W) — face W, lift torso ~82° toward the sun if comfortable",99.2,False,,,50.0,14.9,14.8,,not specified,Environmental scores are skin-type independent.,not personalized
2026-09-28T19:00,deterministic,best_match,73.3,46,51.3,72.0,60.1,1007.1,997.2,79199.48,0,0,0,0,0,3,0.0,0.0,0.0,0.0,4.0,236,5.6,0.1,0.1,2277.57,0,0.0,11.4,0.0,16961.944,770.997,11.3,0.0,0.002,1.51,23.0,17.0,6.0,189.2,59.5,0.0,0.0,0.0,0.0,0.0,22,20,3,9,12,0,0,0,0,0,2417.979,4809.712,10173.885,19130.578,31575.438,America/Los_Angeles,34.03202,-118.52633,86.0,42.10615158081055,1.0,0.0,0.3865546218487395,,0.7391304347826086,0.2608695652173913,,,0.6326583333333334,0.0,0.0,22.0,0.0,36.1,1.0,,,,,,,,,,,,,,,,,2026-09-29 02:00:00+00:00,94.52210530674807,-4.522105306748075,270.1967800451499,0.0,0.0,0.0,23.0,189.2,6.0,0.3865546218487395,0,22.944444444444443,46,99.72,,2026-09-22T00:00Z,,,,,0.2,0.0,0.0,nasa_power_ml_plus_cams_spectral,0.3,low,0.4,21.5,poor locally,,,,,False,46,60.1,4.0,3,horizontal environmental reference,W,,sun below horizon — no direct-sun posture,99.2,False,,,50.0,0.0,0.0,,not specified,Environmental scores are skin-type independent.,not personalized
2026-09-28T20:00,deterministic,best_match,72.5,49,52.2,71.7,60.3,1007.4,997.4,79199.48,0,0,0,0,0,3,0.0,0.0,0.0,0.0,3.4,278,3.6,0.0,0.0,0.0,0,0.0,11.0,0.0,17060.368,639.764,11.6,0.0,0.001,1.39,0.0,0.0,0.0,0.0,0.0,0.0,0.0,0.0,0.0,0.0,22,21,3,9,10,0,0,0,0,0,2424.541,4812.992,10177.165,19140.42,31580.73,America/Los_Angeles,34.03202,-118.52633,86.0,42.10615158081055,,,,,,,,,0.0,0.0,0.0,22.0,0.0,0.0,0.6,,,,,,,,,,,,,,,,,2026-09-29 03:00:00+00:00,106.91463006424908,-16.914630064249085,278.7997943077238,0.0,0.0,0.0,0.0,0.0,0.0,,0,22.5,49,99.74,,2026-09-22T00:00Z,,,,,0.2,0.0,0.0,nasa_power_ml_plus_cams_spectral,0.0,low,0.0,,poor locally,,,,,False,49,60.3,3.4,3,horizontal environmental reference,W,,sun below horizon — no direct-sun posture,99.2,False,,,50.0,0.0,0.0,,not specified,Environmental scores are skin-type independent.,not personalized
2026-09-28T21:00,deterministic,best_match,72.7,48,51.8,72.3,60.1,1007.5,997.6,79199.48,0,0,0,0,0,3,0.0,0.0,0.0,0.0,2.1,288,2.7,0.0,0.0,0.0,0,0.0,11.2,0.0,17060.368,442.913,11.6,0.0,0.001,1.43,0.0,0.0,0.0,0.0,0.0,0.0,0.0,0.0,0.0,0.0,22,23,3,9,10,0,0,0,0,0,2427.822,4816.273,10180.446,19146.982,31580.73,America/Los_Angeles,34.03202,-118.52633,86.0,42.10615158081055,,,,,,,,,0.0,0.0,0.0,23.0,0.0,0.0,0.6,,,,,,,,,,,,,,,,,2026-09-29 04:00:00+00:00,118.99893572490402,-28.998935724904022,288.4619060789412,0.0,0.0,0.0,0.0,0.0,0.0,,0,22.611111111111114,48,99.76,,2026-09-22T00:00Z,,,,,0.2,0.0,0.0,nasa_power_ml_plus_cams_spectral,0.0,low,0.0,,poor locally,,,,,False,48,60.1,2.1,3,horizontal environmental reference,WNW,,sun below horizon — no direct-sun posture,99.2,False,,,50.0,0.0,0.0,,not specified,Environmental scores are skin-type independent.,not personalized
2026-09-28T22:00,deterministic,best_match,73.3,44,50.1,73.1,59.6,1007.5,997.6,79199.48,0,0,0,0,0,3,0.0,0.0,0.0,0.0,0.5,207,2.2,0.0,0.0,0.0,0,0.0,11.7,0.0,17093.176,262.467,11.5,0.0,0.0,1.57,0.0,0.0,0.0,0.0,0.0,0.0,0.0,0.0,0.0,0.0,22,24,3,9,10,0,0,0,0,0,2431.102,4822.835,10187.008,19150.262,31575.438,America/Los_Angeles,34.03202,-118.52633,86.0,42.10615158081055,,,,,,,,,0.0,0.0,0.0,24.0,0.0,0.0,0.6,,,,,,,,,,,,,,,,,2026-09-29 05:00:00+00:00,130.3293535611802,-40.3293535611802,300.44882552652757,0.0,0.0,0.0,0.0,0.0,0.0,,0,22.944444444444443,44,99.76,,2026-09-22T00:00Z,,,,,0.2,0.0,0.0,nasa_power_ml_plus_cams_spectral,0.0,low,0.0,,poor locally,,,,,False,44,59.6,0.5,3,horizontal environmental reference,WNW,,sun below horizon — no direct-sun posture,99.2,False,,,50.0,0.0,0.0,,not specified,Environmental scores are skin-type independent.,not personalized
2026-09-28T23:00,deterministic,best_match,73.7,41,48.6,72.8,59.1,1007.4,997.5,79199.48,0,0,0,0,0,3,0.0,0.0,0.0,0.0,1.4,141,2.0,0.0,0.0,0.0,0,0.0,12.2,0.0,17093.176,131.234,11.3,0.0,0.0,1.68,0.0,0.0,0.0,0.0,0.0,0.0,0.0,0.0,0.0,0.0,22,25,3,9,10,0,0,0,0,0,2434.383,4826.116,10190.289,19156.824,31575.438,America/Los_Angeles,34.03202,-118.52633,86.0,42.10615158081055,,,,,,,,,0.0,0.0,0.0,25.0,0.0,0.0,0.6,,,,,,,,,,,,,,,,,2026-09-29 06:00:00+00:00,140.08964882626913,-50.08964882626912,316.7041545361833,0.0,0.0,0.0,0.0,0.0,0.0,,0,23.166666666666668,41,99.75,,2026-09-22T00:00Z,,,,,0.2,0.0,0.0,nasa_power_ml_plus_cams_spectral,0.0,low,0.0,,poor locally,,,,,False,41,59.1,1.4,3,horizontal environmental reference,NW,,sun below horizon — no direct-sun posture,99.2,False,,,50.0,0.0,0.0,,not specified,Environmental scores are skin-type independent.,not personalized
2026-09-29T00:00,deterministic,best_match,73.6,41,48.4,72.6,59.0,1007.1,997.2,79199.48,0,0,0,0,0,4,0.0,0.0,0.0,0.0,1.3,149,1.8,0.0,0.0,0.0,0,0.0,12.4,0.0,17027.558,65.617,11.1,0.0,0.0,1.67,0.0,0.0,0.0,0.0,0.0,0.0,0.0,0.0,0.0,0.0,22,25,3,9,10,0,0,0,0,0,2424.541,4819.554,10183.728,19146.982,31564.856,America/Los_Angeles,34.03202,-118.52633,86.0,42.10615158081055,,,,,,,,,0.0,0.0,0.0,25.0,0.0,0.0,0.6,,,,,,,,,,,,,,,,,2026-09-29 07:00:00+00:00,146.74523070900776,-56.74523070900775,339.41841263074105,0.0,0.0,0.0,0.0,0.0,0.0,,0,23.11111111111111,41,99.72,,2026-09-22T00:00Z,,,,,0.2,0.0,0.0,nasa_power_ml_plus_cams_spectral,0.0,low,0.0,,poor locally,,,,,False,41,59.0,1.3,4,horizontal environmental reference,NNW,,sun below horizon — no direct-sun posture,98.8,False,,,50.0,0.0,0.0,,not specified,Environmental scores are skin-type independent.,not personalized
2026-09-29T01:00,deterministic,best_match,73.0,41,47.9,72.1,58.5,1006.7,996.8,79199.48,0,0,0,0,0,4,0.0,0.0,0.0,0.0,1.0,207,1.6,0.0,0.0,0.0,0,0.0,12.6,0.0,16994.75,49.213,10.9,0.0,0.0,1.64,0.0,0.0,0.0,0.0,0.0,0.0,0.0,0.0,0.0,0.0,22,23,3,9,10,0,0,0,0,0,2414.698,4809.712,10177.165,19140.42,31554.274,America/Los_Angeles,34.03202,-118.52633,86.0,42.10615158081055,,,,,,,,,0.0,0.0,0.0,23.0,0.0,0.0,0.6,,,,,,,,,,,,,,,,,2026-09-29 08:00:00+00:00,148.21707826154812,-58.21707826154813,7.370820141892409,0.0,0.0,0.0,0.0,0.0,0.0,,0,22.77777777777778,41,99.67999999999999,,2026-09-22T00:00Z,,,,,0.2,0.0,0.0,nasa_power_ml_plus_cams_spectral,0.0,low,0.0,,poor locally,,,,,False,41,58.5,1.0,4,horizontal environmental reference,N,,sun below horizon — no direct-sun posture,98.8,False,,,50.0,0.0,0.0,,not specified,Environmental scores are skin-type independent.,not personalized
2026-09-29T02:00,deterministic,best_match,72.7,41,47.6,71.4,58.2,1006.4,996.5,79199.48,0,0,0,0,0,4,0.0,0.0,0.0,0.0,1.4,252,1.6,0.0,0.0,0.0,0,0.0,12.9,0.0,16929.134,32.808,10.6,0.0,0.0,1.62,0.0,0.0,0.0,0.0,0.0,0.0,0.0,0.0,0.0,0.0,22,22,3,9,12,0,0,0,0,0,2404.856,4803.15,10170.604,19130.578,31543.688,America/Los_Angeles,34.03202,-118.52633,86.0,42.10615158081055,,,,,,,,,0.0,0.0,0.0,22.0,0.0,0.0,0.6,,,,,,,,,,,,,,,,,2026-09-29 09:00:00+00:00,143.85702418951686,-53.85702418951686,33.24029151330126,0.0,0.0,0.0,0.0,0.0,0.0,,0,22.611111111111114,41,99.65,,2026-09-22T00:00Z,,,,,0.2,0.0,0.0,nasa_power_ml_plus_cams_spectral,0.0,low,0.0,,poor locally,,,,,False,41,58.2,1.4,4,horizontal environmental reference,NNE,,sun below horizon — no direct-sun posture,98.8,False,,,50.0,0.0,0.0,,not specified,Environmental scores are skin-type independent.,not personalized
2026-09-29T03:00,deterministic,best_match,72.4,39,46.0,70.6,57.5,1006.2,996.3,79199.48,0,0,0,0,0,4,0.0,0.0,0.0,0.0,1.8,284,2.0,0.0,0.0,0.0,0,0.0,13.3,0.0,16830.708,16.404,10.2,0.0,0.001,1.66,0.0,0.0,0.0,0.0,0.0,0.0,0.0,0.0,0.0,0.0,22,21,3,9,16,0,0,0,0,0,2401.575,4799.869,10167.323,19120.734,31533.104,America/Los_Angeles,34.03202,-118.52633,86.0,42.10615158081055,,,,,,,,,0.0,0.0,0.0,22.0,0.0,0.0,0.6,,,,,,,,,,,,,,,,,2026-09-29 10:00:00+00:00,135.36881919037432,-45.368819190374325,52.449360221598795,0.0,0.0,0.0,0.0,0.0,0.0,,0,22.44444444444445,39,99.63,,2026-09-22T00:00Z,,,,,0.2,0.0,0.0,nasa_power_ml_plus_cams_spectral,0.0,low,0.0,,poor locally,,,,,False,39,57.5,1.8,4,horizontal environmental reference,NE,,sun below horizon — no direct-sun posture,98.8,False,,,50.0,0.0,0.0,,not specified,Environmental scores are skin-type independent.,not personalized
2026-09-29T04:00,deterministic,best_match,72.2,37,44.5,69.8,56.7,1006.0,996.1,79199.48,0,0,0,0,0,4,0.0,0.0,0.0,0.0,2.4,311,2.7,0.0,0.0,0.0,0,0.0,13.7,0.0,16765.092,16.404,9.8,0.0,0.001,1.7,0.0,0.0,0.0,0.0,0.0,0.0,0.0,0.0,0.0,0.0,21,19,2,10,24,0,0,0,0,0,2398.294,4793.307,10164.042,19114.174,31527.814,America/Los_Angeles,34.03202,-118.52633,86.0,42.10615158081055,,,,,,,,,0.0,0.0,0.0,24.0,0.0,0.0,0.6,,,,,,,,,,,,,,,,,2026-09-29 11:00:00+00:00,124.67268967237803,-34.672689672378034,66.23701053925862,0.0,0.0,0.0,0.0,0.0,0.0,,0,22.333333333333336,37,99.61,,2026-09-22T00:00Z,,,,,0.2,0.0,0.0,nasa_power_ml_plus_cams_spectral,0.0,low,0.0,,poor locally,,,,,False,37,56.7,2.4,4,horizontal environmental reference,ENE,,sun below horizon — no direct-sun posture,98.8,False,,,50.0,0.0,0.0,,not specified,Environmental scores are skin-type independent.,not personalized
2026-09-29T05:00,deterministic,best_match,72.3,34,42.4,69.1,55.9,1006.0,996.1,79199.48,0,0,0,0,0,4,0.0,0.0,0.0,0.0,3.2,321,3.1,0.0,0.0,0.0,0,0.0,14.2,0.0,16666.666,32.808,9.4,0.0,0.002,1.79,0.0,0.0,0.0,0.0,0.0,0.0,0.0,0.0,0.0,0.0,20,18,2,10,28,0,0,0,0,0,2395.013,4790.027,10160.762,19104.33,31517.228,America/Los_Angeles,34.03202,-118.52633,86.0,42.10615158081055,,,,,,,,,0.0,0.0,0.0,28.0,0.0,0.0,0.6,,,,,,,,,,,,,,,,,2026-09-29 12:00:00+00:00,112.89368554973112,-22.893685549731114,76.85186283431824,0.0,0.0,0.0,0.0,0.0,0.0,,0,22.38888888888889,34,99.61,,2026-09-22T00:00Z,,,,,0.2,0.0,0.0,nasa_power_ml_plus_cams_spectral,0.0,low,0.0,,poor locally,,,,,False,34,55.9,3.2,4,horizontal environmental reference,ENE,,sun below horizon — no direct-sun posture,98.8,False,,,50.0,0.0,0.0,,not specified,Environmental scores are skin-type independent.,not personalized
2026-09-29T06:00,deterministic,best_match,72.5,31,40.1,68.5,55.2,1006.2,996.3,79199.48,0,0,0,0,0,2,0.0,0.0,0.0,0.0,3.7,327,3.6,0.0,0.0,0.0,0,0.0,14.9,0.0,16633.857,0.0,9.2,0.0,0.002,1.88,0.0,0.0,0.0,0.0,0.0,0.0,0.0,0.0,0.0,0.0,19,17,2,10,30,0,0,0,0,0,2401.575,4799.869,10170.604,19110.892,31522.522,America/Los_Angeles,34.03202,-118.52633,86.0,42.10615158081055,,,,,,,,,0.0,0.0,0.0,30.0,0.0,0.0,0.6,,,,,,,,,,,,,,,,,2026-09-29 13:00:00+00:00,100.62158917259595,-10.621589172595947,85.86157041209248,0.0,0.0,0.0,0.0,0.0,0.0,,0,22.5,31,99.63,,2026-09-22T00:00Z,,,,,0.2,0.0,0.0,nasa_power_ml_plus_cams_spectral,0.0,low,0.0,0.0,poor locally,,,,,False,31,55.2,3.7,2,horizontal environmental reference,E,,sun below horizon — no direct-sun posture,99.5,False,,,50.0,0.0,0.0,,not specified,Environmental scores are skin-type independent.,not personalized
2026-09-29T07:00,deterministic,best_match,73.0,28,38.0,68.6,54.6,1006.5,996.6,79199.48,0,0,0,0,0,2,0.0,0.0,0.0,0.0,3.9,329,3.8,0.0,0.0,0.0,1,0.0,15.6,0.0,16633.857,0.0,9.0,0.0,0.004,2.0,0.0,0.0,0.0,0.0,3.1,0.0,0.0,0.0,0.0,42.7,18,17,2,11,32,0,0,0,0,0,2411.417,4806.431,10177.165,19120.734,31527.814,America/Los_Angeles,34.03202,-118.52633,86.0,42.10615158081055,,,0.0,0.0,,,,,0.0,0.0,0.0,32.0,0.0,0.0,0.75,,,,,,,,,,,,,,,,,2026-09-29 14:00:00+00:00,87.9171329496933,2.0828670503067066,94.30526104395642,1.9983529293063198,5.935788394527532,1.7826174033914104,0.0,0.0,0.0,0.0,0,22.77777777777778,28,99.66,,2026-09-22T00:00Z,,,,,0.2,0.298,0.0,nasa_power_ml_plus_cams_spectral,0.1,low,0.0,0.0,poor locally,32.1,73.3,46.5,46.5,False,28,54.6,3.9,2,horizontal environmental reference,E,87.9,"sun low 2° (E) — face E, lift torso ~88° toward the sun if comfortable",99.5,False,,,50.0,0.5,0.5,,not specified,Environmental scores are skin-type independent.,not personalized
2026-09-29T08:00,deterministic,best_match,74.5,25,36.3,69.8,54.6,1006.7,996.8,79199.48,0,0,0,0,0,2,0.0,0.0,0.0,0.0,3.7,327,4.0,0.55,0.55,3600.0,1,0.0,15.9,0.0,16601.051,114.829,8.9,0.0,0.004,2.18,102.0,72.0,30.0,498.7,188.3,179.2,126.5,52.7,875.9,331.4,17,17,2,11,32,0,0,0,0,0,2417.979,4816.273,10187.008,19127.296,31533.104,America/Los_Angeles,34.03202,-118.52633,86.0,42.10615158081055,1.0,0.0,0.5416887944768985,0.5407362703681352,0.7058823529411765,0.29411764705882354,0.7059151785714286,0.29408482142857145,1.0,0.0,0.0,32.0,0.0,64.8,1.0,,,,,,,,,,,,,,,,,2026-09-29 15:00:00+00:00,75.87327862516099,14.126721374839004,103.01175370038663,150.9091478115739,370.08933683620745,60.58243880696564,102.0,498.7,30.0,0.5416887944768985,0,23.61111111111111,25,99.67999999999999,,2026-09-22T00:00Z,,,,,0.2,5.561,0.0313,nasa_power_ml_plus_cams_spectral,5.1,low,18.3,46.4,poor locally,38.9,49.5,42.6,42.6,False,25,54.6,3.7,2,horizontal environmental reference,ESE,75.9,"sun low 14° (ESE) — face ESE, lift torso ~76° toward the sun if comfortable",99.5,False,,,50.0,10.6,10.5,,not specified,Environmental scores are skin-type independent.,not personalized
2026-09-29T09:00,deterministic,best_match,78.0,21,34.9,73.5,55.6,1006.8,997.0,79199.48,0,0,0,0,0,2,0.0,0.0,0.0,0.0,2.7,312,3.8,2.1,2.1,3600.0,1,0.0,15.3,0.0,16535.434,508.53,8.9,0.0,0.008,2.59,323.0,274.0,49.0,800.1,466.1,412.3,349.7,62.5,1021.2,595.2,16,17,2,11,32,0,0,0,0,0,2421.26,4822.835,10196.851,19133.86,31538.396,America/Los_Angeles,34.03202,-118.52633,86.0,42.10615158081055,1.0,0.0,0.6929843381248659,0.6927083333333333,0.848297213622291,0.15170278637770898,0.848168809119573,0.15158864904195973,1.0,0.0,0.10000000000002274,32.0,0.0,76.9,1.0,,,,,,,,,,,,,,,,,2026-09-29 16:00:00+00:00,64.09014441926637,25.909855580733637,112.85227164538531,358.93473981780755,601.1689586066909,96.25004557407487,323.0,800.1,49.0,0.6929843381248659,0,25.555555555555557,21,99.7,,2026-09-22T00:00Z,,,,,0.2,17.752,0.2261,nasa_power_ml_plus_cams_spectral,17.3,low,37.9,53.9,below typical locally,59.6,52.0,56.9,56.9,False,21,55.6,2.7,2,horizontal environmental reference,ESE,64.1,"sun low 26° (ESE) — face ESE, lift torso ~64° toward the sun if comfortable",99.5,False,,,50.0,26.1,26.0,,not specified,Environmental scores are skin-type independent.,not personalized
2026-09-29T10:00,deterministic,best_match,82.4,18,34.6,78.1,57.2,1006.8,997.0,79199.48,0,0,0,0,0,2,0.0,0.0,0.0,0.0,2.0,264,3.6,3.55,3.55,3600.0,1,0.0,14.2,0.0,16502.625,1049.869,9.0,0.0,0.014,3.1,526.0,463.0,63.0,888.5,709.8,604.6,532.2,72.4,1021.3,816.1,16,17,3,13,30,0,0,0,0,0,2427.822,4829.397,10203.412,19137.138,31548.98,America/Los_Angeles,34.03202,-118.52633,86.0,42.10615158081055,1.0,0.0,0.741053817976895,0.7408405832618552,0.8802281368821293,0.11977186311787072,0.8802514058881906,0.11974859411180946,1.0,0.0,0.0,30.0,0.0,85.4,1.0,,,,,,,,,,,,,,,,,2026-09-29 17:00:00+00:00,53.22384663421704,36.77615336578296,124.96603973993888,542.9652424660817,711.8983388878364,116.75862632812101,526.0,888.5,63.0,0.741053817976895,0,28.000000000000004,18,99.7,,2026-09-22T00:00Z,,,,,0.2,30.375,0.6112,nasa_power_ml_plus_cams_spectral,29.4,low-moderate,55.5,48.6,typical-to-good locally,62.2,51.1,58.3,58.3,False,18,57.2,2.0,2,horizontal environmental reference,SE,53.2,"sun 37° up (SE) — lay flat, or lift torso ~53° toward SE to face it",99.5,False,,,50.0,37.7,37.5,,not specified,Environmental scores are skin-type independent.,not personalized
2026-09-29T11:00,deterministic,best_match,85.4,16,34.1,82.3,58.2,1006.6,996.9,79199.48,0,0,0,0,0,2,0.0,0.0,0.0,0.0,3.0,228,3.6,4.9,4.9,3600.0,1,0.0,13.2,0.0,16437.008,1443.57,9.2,0.0,0.019,3.5,690.0,619.0,71.0,934.4,902.8,748.1,671.1,77.0,1013.1,978.9,15,18,3,13,30,0,0,0,0,0,2431.102,4835.958,10213.255,19143.702,31554.274,America/Los_Angeles,34.03202,-118.52633,86.0,42.10615158081055,1.0,0.0,0.7642888790429775,0.7642251506793339,0.8971014492753623,0.10289855072463767,0.8970725838791606,0.10292741612083946,1.0,0.0,0.0,30.0,0.0,92.8,1.0,,,,,,,,,,,,,,,,,2026-09-29 18:00:00+00:00,44.1109872151524,45.8890127848476,140.88088864734675,680.8913610363195,768.295096506965,129.26098720957873,690.0,934.4,71.0,0.7642888790429775,0,29.66666666666667,16,99.69,,2026-09-22T00:00Z,,,,,0.2,40.754,1.0237,nasa_power_ml_plus_cams_spectral,40.0,moderate,71.7,42.2,typical-to-good locally,81.9,50.7,71.0,71.0,False,16,58.2,3.0,2,horizontal environmental reference,SE,44.1,"sun 46° up (SE) — lay flat, or lift torso ~44° toward SE to face it",99.5,False,,,50.0,47.8,47.6,,not specified,Environmental scores are skin-type independent.,not personalized
2026-09-29T12:00,deterministic,best_match,85.8,17,36.0,83.5,59.0,1006.3,996.6,79199.48,0,0,0,0,0,1,0.0,0.0,0.0,0.0,4.6,219,4.0,6.25,6.25,3600.0,1,0.0,12.5,0.0,16502.625,1558.399,9.5,0.0,0.024,3.5,811.0,739.0,72.0,976.4,1031.8,843.0,768.2,74.8,1014.9,1072.6,14,19,3,11,30,0,0,0,0,0,2421.26,4829.397,10209.974,19140.42,31548.98,America/Los_Angeles,34.03202,-118.52633,86.0,42.10615158081055,1.0,0.0,0.786005039736383,0.7859407048293866,0.9112207151664612,0.08877928483353884,0.9112692763938316,0.08873072360616845,1.0,0.0,0.0,30.0,0.0,98.9,1.0,,,,,,,,,,,,,,,,,2026-09-29 19:00:00+00:00,38.1253269865148,51.8746730134852,161.88216077201957,760.7676213542259,794.4277606432507,135.82133859270698,811.0,976.4,72.0,0.786005039736383,0,29.88888888888889,17,99.66,,2026-09-22T00:00Z,,,,,0.2,47.611,1.2691,nasa_power_ml_plus_cams_spectral,48.5,moderate,87.0,57.7,good locally,89.3,50.9,75.9,75.9,False,17,59.0,4.6,1,horizontal environmental reference,SSE,38.1,"sun 52° up (SSE) — lay flat, or lift torso ~38° toward SSE to face it",99.8,False,,,50.0,57.6,57.5,,not specified,Environmental scores are skin-type independent.,not personalized
2026-09-29T13:00,deterministic,best_match,84.7,20,39.2,82.7,59.8,1005.8,996.1,79199.48,0,0,0,0,0,1,0.0,0.0,0.0,0.0,6.4,219,4.5,6.65,6.65,3600.0,1,0.0,12.0,0.0,16601.051,1525.591,10.0,0.0,0.026,3.26,858.0,783.0,75.0,981.3,1088.0,860.1,784.9,75.2,983.7,1090.8,13,20,3,11,30,0,0,0,0,0,2408.137,4826.116,10206.693,19133.86,31538.396,America/Los_Angeles,34.03202,-118.52633,86.0,42.10615158081055,1.0,0.0,0.7886029411764706,0.7885038503850386,0.9125874125874126,0.08741258741258741,0.9125683060109289,0.08743169398907104,1.0,0.0,0.0,30.0,0.0,98.9,1.0,,,,,,,,,,,,,,,,,2026-09-29 20:00:00+00:00,36.871039489347716,53.128960510652284,186.5331089456411,776.2997004895756,799.0714898168709,137.05206354626205,858.0,981.3,75.0,0.7886029411764706,0,29.277777777777782,20,99.61,,2026-09-22T00:00Z,,,,,0.2,49.905,1.3573,nasa_power_ml_plus_cams_spectral,51.1,strong,90.9,65.1,excellent locally,90.0,52.5,76.9,76.9,False,20,59.8,6.4,1,horizontal environmental reference,S,36.9,"sun 53° up (S) — lay flat, or lift torso ~37° toward S to face it",99.8,False,,,50.0,60.7,60.6,,not specified,Environmental scores are skin-type independent.,not personalized
2026-09-29T14:00,deterministic,best_match,83.8,22,40.9,81.3,60.1,1005.3,995.6,79199.48,0,0,0,0,0,1,0.0,0.0,0.0,0.0,7.5,219,5.4,6.35,6.35,3600.0,1,0.0,11.4,0.0,16666.666,1427.165,10.4,0.0,0.025,3.09,836.0,760.0,76.0,970.9,1067.7,808.1,734.6,73.5,938.5,1032.2,13,21,4,10,30,0,0,0,0,0,2398.294,4819.554,10203.412,19130.578,31533.104,America/Los_Angeles,34.03202,-118.52633,86.0,42.10615158081055,1.0,0.0,0.7829914770066497,0.7828909126138345,0.9090909090909091,0.09090909090909091,0.9090459101596338,0.09095408984036629,1.0,0.0,0.0,30.0,0.0,98.9,1.0,,,,,,,,,,,,,,,,,2026-09-29 21:00:00+00:00,40.79521964050476,49.20478035949524,209.7153794445216,726.2871328845836,783.6314609566805,133.03927243351416,836.0,970.9,76.0,0.7829914770066497,0,28.77777777777778,22,99.56,,2026-09-22T00:00Z,,,,,0.2,47.823,1.2325,nasa_power_ml_plus_cams_spectral,48.9,moderate,87.6,72.1,good locally,87.5,54.1,75.8,75.8,False,22,60.1,7.5,1,horizontal environmental reference,SSW,40.8,"sun 49° up (SSW) — lay flat, or lift torso ~41° toward SSW to face it",99.8,False,,,50.0,59.3,59.2,,not specified,Environmental scores are skin-type independent.,not personalized
2026-09-29T15:00,deterministic,best_match,83.8,23,42.1,80.6,60.5,1004.8,995.1,79199.48,0,0,0,0,0,1,0.0,0.0,0.0,0.0,7.8,219,6.7,5.2,5.2,3600.0,1,0.0,10.8,0.0,16633.857,1246.719,10.6,0.0,0.023,3.05,749.0,680.0,69.0,954.3,972.2,693.9,630.0,63.9,884.2,900.8,13,20,6,10,30,0,0,0,0,0,2385.171,4809.712,10196.851,19124.016,31533.104,America/Los_Angeles,34.03202,-118.52633,86.0,42.10615158081055,1.0,0.0,0.770417609545361,0.7703152753108349,0.9078771695594126,0.09212283044058744,0.9079118028534371,0.09208819714656291,1.0,0.0,0.0,30.0,0.0,94.7,1.0,,,,,,,,,,,,,,,,,2026-09-29 22:00:00+00:00,48.64096431402932,41.35903568597068,227.95186609856532,614.5840911516965,743.2434688834784,123.46709418094252,749.0,954.3,69.0,0.770417609545361,0,28.77777777777778,23,99.51,,2026-09-22T00:00Z,,,,,0.2,41.889,0.9078,nasa_power_ml_plus_cams_spectral,41.6,moderate,74.8,73.9,typical-to-good locally,62.0,55.1,59.6,59.6,False,23,60.5,7.8,1,horizontal environmental reference,SW,48.6,"sun 41° up (SW) — lay flat, or lift torso ~49° toward SW to face it",99.8,False,,,50.0,50.8,50.7,,not specified,Environmental scores are skin-type independent.,not personalized
2026-09-29T16:00,deterministic,best_match,83.9,23,42.2,79.4,60.6,1004.2,994.5,79199.48,0,0,0,0,0,1,0.0,0.0,0.0,0.0,7.5,219,8.3,3.9,3.9,3600.0,1,0.0,10.3,0.0,16633.857,1017.06,10.8,0.0,0.019,3.06,605.0,538.0,67.0,909.0,807.9,528.2,469.7,58.5,793.6,705.5,14,19,8,10,28,0,0,0,0,0,2375.328,4796.588,10193.569,19120.734,31527.814,America/Los_Angeles,34.03202,-118.52633,86.0,42.10615158081055,1.0,0.0,0.7488550563188514,0.7486888731396174,0.8892561983471075,0.11074380165289256,0.8892464975388109,0.11075350246118894,1.0,0.0,0.0,28.0,0.0,86.3,1.0,,,,,,,,,,,,,,,,,2026-09-29 23:00:00+00:00,58.81826061449927,31.181739385500727,241.6425246758235,450.29750792138026,662.7453691378917,107.15819568174174,605.0,909.0,67.0,0.7488550563188514,0,28.83333333333334,23,99.45,,2026-09-22T00:00Z,,,,,0.2,31.461,0.5707,nasa_power_ml_plus_cams_spectral,31.3,low-moderate,57.7,90.4,typical-to-good locally,57.6,56.2,57.1,57.1,False,23,60.6,7.5,1,horizontal environmental reference,WSW,58.8,"sun 31° up (WSW) — lay flat, or lift torso ~59° toward WSW to face it",99.8,False,,,50.0,41.7,41.6,,not specified,Environmental scores are skin-type independent.,not personalized
2026-09-29T17:00,deterministic,best_match,83.5,25,44.0,79.1,61.1,1003.9,994.2,79199.48,0,0,0,0,0,1,0.0,0.0,0.0,0.0,6.7,217,8.7,2.45,2.45,3600.0,1,0.0,9.8,0.0,16601.051,787.402,11.3,0.0,0.014,2.93,416.0,358.0,58.0,834.3,586.0,326.1,280.7,45.5,654.1,459.7,15,18,10,10,26,0,0,0,0,0,2362.205,4786.746,10187.008,19114.174,31527.814,America/Los_Angeles,34.03202,-118.52633,86.0,42.10615158081055,1.0,0.0,0.7098976109215017,0.7093756797911682,0.8605769230769231,0.13942307692307693,0.8607789021772462,0.1395277522232444,1.0,0.0,-0.0999999999999659,26.0,0.0,74.7,1.0,,,,,,,,,,,,,,,,,2026-09-30 00:00:00+00:00,70.25447872739333,19.745521272606663,252.37632867207085,249.61245953399225,501.43496036632826,80.20609470023007,416.0,834.3,58.0,0.7098976109215017,0,28.61111111111111,25,99.42,,2026-09-22T00:00Z,,,,,0.2,20.186,0.1706,nasa_power_ml_plus_cams_spectral,19.9,low,41.3,99.9,below typical locally,32.8,58.5,41.8,41.8,False,25,61.1,6.7,1,horizontal environmental reference,WSW,70.3,"sun low 20° (WSW) — face WSW, lift torso ~70° toward the sun if comfortable",99.8,False,,,50.0,29.2,29.1,,not specified,Environmental scores are skin-type independent.,not personalized
2026-09-29T18:00,deterministic,best_match,82.0,29,46.6,79.0,61.7,1004.1,994.4,79199.48,0,0,0,0,0,0,0.0,0.0,0.0,0.0,5.1,209,7.4,1.05,1.05,3600.0,1,0.0,9.5,0.0,16601.051,590.551,12.4,0.0,0.007,2.65,198.0,152.0,46.0,646.2,321.7,110.5,84.8,25.7,360.6,180.0,16,17,13,10,24,0,0,0,0,0,2368.766,4793.307,10193.569,19120.734,31533.104,America/Los_Angeles,34.03202,-118.52633,86.0,42.10615158081055,1.0,0.0,0.615480261112838,0.6138888888888889,0.7676767676767676,0.23232323232323232,0.767420814479638,0.232579185520362,1.0,0.0,0.0,24.0,0.0,58.2,1.0,,,,,,,,,,,,,,,,,2026-09-30 01:00:00+00:00,82.29853149689589,7.701468503104103,261.47917510619754,50.54762028440198,159.05883366648777,29.231893958260784,198.0,646.2,46.0,0.615480261112838,0,27.77777777777778,29,99.44,,2026-09-22T00:00Z,,,,,0.2,7.297,0.0366,nasa_power_ml_plus_cams_spectral,7.7,low,22.1,100.0,poor locally,32.9,70.0,45.9,45.9,False,29,61.7,5.1,0,horizontal environmental reference,W,82.3,"sun low 8° (W) — face W, lift torso ~82° toward the sun if comfortable",100.0,False,,,50.0,15.2,15.2,,not specified,Environmental scores are skin-type independent.,not personalized
2026-09-29T19:00,deterministic,best_match,80.1,33,48.4,78.3,61.7,1004.5,994.7,79199.48,0,0,0,0,0,0,0.0,0.0,0.0,0.0,3.4,188,4.9,0.1,0.1,2193.39,0,0.0,9.3,0.0,16601.051,426.509,13.7,0.0,0.002,2.35,21.0,16.0,5.0,183.3,55.2,0.0,0.0,0.0,0.0,0.0,16,15,18,10,22,0,0,0,0,0,2378.609,4799.869,10203.412,19127.296,31538.396,America/Los_Angeles,34.03202,-118.52633,86.0,42.10615158081055,1.0,0.0,0.3804347826086956,,0.7619047619047619,0.23809523809523808,,,0.609275,0.0,0.0,22.0,0.0,36.5,1.0,,,,,,,,,,,,,,,,,2026-09-30 02:00:00+00:00,94.80789295273237,-4.807892952732376,269.9200478562559,0.0,0.0,0.0,21.0,183.3,5.0,0.3804347826086956,0,26.72222222222222,33,99.47,,2026-09-22T00:00Z,,,,,0.2,0.0,0.0,nasa_power_ml_plus_cams_spectral,0.3,low,0.4,25.5,poor locally,,,,,False,33,61.7,3.4,0,horizontal environmental reference,W,,sun below horizon — no direct-sun posture,100.0,False,,,50.0,0.0,0.0,,not specified,Environmental scores are skin-type independent.,not personalized
2026-09-29T20:00,deterministic,best_match,78.4,37,50.0,77.3,61.7,1004.9,995.1,79199.48,0,0,0,0,0,0,0.0,0.0,0.0,0.0,2.7,156,3.1,0.0,0.0,0.0,0,0.0,9.1,0.0,16601.051,295.276,15.1,0.0,0.001,2.09,0.0,0.0,0.0,0.0,0.0,0.0,0.0,0.0,0.0,0.0,17,15,22,10,20,0,0,0,0,0,2385.171,4806.431,10209.974,19133.86,31543.688,America/Los_Angeles,34.03202,-118.52633,86.0,42.10615158081055,,,,,,,,,0.0,0.0,0.0,22.0,0.0,0.0,0.6,,,,,,,,,,,,,,,,,2026-09-30 03:00:00+00:00,107.2049328233522,-17.20493282335219,278.516303709683,0.0,0.0,0.0,0.0,0.0,0.0,,0,25.777777777777782,37,99.51,,2026-09-22T00:00Z,,,,,0.2,0.0,0.0,nasa_power_ml_plus_cams_spectral,0.0,low,0.0,,poor locally,,,,,False,37,61.7,2.7,0,horizontal environmental reference,W,,sun below horizon — no direct-sun posture,100.0,False,,,50.0,0.0,0.0,,not specified,Environmental scores are skin-type independent.,not personalized
2026-09-29T21:00,deterministic,best_match,77.3,40,51.1,76.5,61.8,1005.3,995.5,79199.48,0,0,0,0,0,0,0.0,0.0,0.0,0.0,2.7,145,2.7,0.0,0.0,0.0,0,0.0,8.7,0.0,16601.051,262.467,16.5,0.0,0.001,1.92,0.0,0.0,0.0,0.0,0.0,0.0,0.0,0.0,0.0,0.0,17,16,30,10,16,0,0,0,0,0,2391.733,4812.992,10213.255,19137.138,31548.98,America/Los_Angeles,34.03202,-118.52633,86.0,42.10615158081055,,,,,,,,,0.0,0.0,0.0,30.0,0.0,0.0,0.6,,,,,,,,,,,,,,,,,2026-09-30 04:00:00+00:00,119.30359046069495,-29.303590460694956,288.1702291504131,0.0,0.0,0.0,0.0,0.0,0.0,,0,25.166666666666668,40,99.55,,2026-09-22T00:00Z,,,,,0.2,0.0,0.0,nasa_power_ml_plus_cams_spectral,0.0,low,0.0,,poor locally,,,,,False,40,61.8,2.7,0,horizontal environmental reference,WNW,,sun below horizon — no direct-sun posture,100.0,False,,,50.0,0.0,0.0,,not specified,Environmental scores are skin-type independent.,not personalized
2026-09-29T22:00,deterministic,best_match,76.4,43,52.3,76.1,61.9,1005.8,995.9,79199.48,0,0,0,0,0,0,0.0,0.0,0.0,0.0,2.6,142,2.7,0.0,0.0,0.0,0,0.0,8.3,0.0,16568.242,278.871,17.9,0.0,0.001,1.77,0.0,0.0,0.0,0.0,0.0,0.0,0.0,0.0,0.0,0.0,18,17,38,10,12,0,0,0,0,0,2401.575,4816.273,10219.816,19143.702,31548.98,America/Los_Angeles,34.03202,-118.52633,86.0,42.10615158081055,,,,,,,,,0.0,0.0,0.0,38.0,0.0,0.0,0.6,,,,,,,,,,,,,,,,,2026-09-30 05:00:00+00:00,130.659733009386,-40.65973300938602,300.15914190488525,0.0,0.0,0.0,0.0,0.0,0.0,,0,24.66666666666667,43,99.59,,2026-09-22T00:00Z,,,,,0.2,0.0,0.0,nasa_power_ml_plus_cams_spectral,0.0,low,0.0,,poor locally,,,,,False,43,61.9,2.6,0,horizontal environmental reference,WNW,,sun below horizon — no direct-sun posture,100.0,False,,,50.0,0.0,0.0,,not specified,Environmental scores are skin-type independent.,not personalized
2026-09-29T23:00,deterministic,best_match,75.9,44,52.4,75.7,61.8,1006.0,996.1,79199.48,0,0,0,0,0,0,0.0,0.0,0.0,0.0,2.2,143,2.7,0.0,0.0,0.0,0,0.0,8.2,0.0,16568.242,262.467,18.9,0.0,0.001,1.71,0.0,0.0,0.0,0.0,0.0,0.0,0.0,0.0,0.0,0.0,18,19,42,10,8,0,0,0,0,0,2408.137,4822.835,10223.098,19146.982,31554.274,America/Los_Angeles,34.03202,-118.52633,86.0,42.10615158081055,,,,,,,,,0.0,0.0,0.0,42.0,0.0,0.0,0.6,,,,,,,,,,,,,,,,,2026-09-30 06:00:00+00:00,140.45589704637604,-50.45589704637603,316.4641984348896,0.0,0.0,0.0,0.0,0.0,0.0,,0,24.388888888888893,44,99.61,,2026-09-22T00:00Z,,,,,0.2,0.0,0.0,nasa_power_ml_plus_cams_spectral,0.0,low,0.0,,poor locally,,,,,False,44,61.8,2.2,0,horizontal environmental reference,NW,,sun below horizon — no direct-sun posture,100.0,False,,,50.0,0.0,0.0,,not specified,Environmental scores are skin-type independent.,not personalized
2026-09-30T00:00,deterministic,best_match,75.7,43,51.6,75.7,61.3,1005.9,996.0,79199.48,0,0,0,0,0,0,0.0,0.0,0.0,0.0,1.3,135,2.2,0.0,0.0,0.0,0,0.0,8.7,0.0,16502.625,196.85,19.3,0.0,0.0,1.73,0.0,0.0,0.0,0.0,0.0,0.0,0.0,0.0,0.0,0.0,18,23,40,10,6,0,0,0,0,0,2401.575,4816.273,10216.535,19140.42,31548.98,America/Los_Angeles,34.03202,-118.52633,86.0,42.10615158081055,,,,,,,,,0.0,0.0,0.0,40.0,0.0,0.0,0.6,,,,,,,,,,,,,,,,,2026-09-30 07:00:00+00:00,147.1407847277299,-57.14078472772992,339.355619745142,0.0,0.0,0.0,0.0,0.0,0.0,,0,24.277777777777782,43,99.6,,2026-09-22T00:00Z,,,,,0.2,0.0,0.0,nasa_power_ml_plus_cams_spectral,0.0,low,0.0,,poor locally,,,,,False,43,61.3,1.3,0,horizontal environmental reference,NNW,,sun below horizon — no direct-sun posture,100.0,False,,,50.0,0.0,0.0,,not specified,Environmental scores are skin-type independent.,not personalized
2026-09-30T01:00,deterministic,best_match,75.9,40,49.9,75.7,60.6,1005.6,995.7,79199.48,0,0,0,0,0,0,0.0,0.0,0.0,0.0,0.5,63,1.6,0.0,0.0,0.0,0,0.0,9.4,0.0,16404.199,98.425,19.4,0.0,0.0,1.83,0.0,0.0,0.0,0.0,0.0,0.0,0.0,0.0,0.0,0.0,19,27,33,10,6,0,0,0,0,0,2395.013,4812.992,10206.693,19130.578,31543.688,America/Los_Angeles,34.03202,-118.52633,86.0,42.10615158081055,,,,,,,,,0.0,0.0,0.0,33.0,0.0,0.0,0.6,,,,,,,,,,,,,,,,,2026-09-30 08:00:00+00:00,148.59415572786446,-58.594155727864454,7.607906457077888,0.0,0.0,0.0,0.0,0.0,0.0,,0,24.388888888888893,40,99.57000000000001,,2026-09-22T00:00Z,,,,,0.2,0.0,0.0,nasa_power_ml_plus_cams_spectral,0.0,low,0.0,,poor locally,,,,,False,40,60.6,0.5,0,horizontal environmental reference,N,,sun below horizon — no direct-sun posture,100.0,False,,,50.0,0.0,0.0,,not specified,Environmental scores are skin-type independent.,not personalized
2026-09-30T02:00,deterministic,best_match,75.9,38,48.5,75.1,60.0,1005.3,995.4,79199.48,0,0,0,0,0,0,0.0,0.0,0.0,0.0,0.9,346,1.3,0.0,0.0,0.0,0,0.0,10.1,0.0,16338.583,32.808,19.5,0.0,0.0,1.89,0.0,0.0,0.0,0.0,0.0,0.0,0.0,0.0,0.0,0.0,19,31,28,10,6,0,0,0,0,0,2388.452,4806.431,10200.131,19124.016,31538.396,America/Los_Angeles,34.03202,-118.52633,86.0,42.10615158081055,,,,,,,,,0.0,0.0,0.0,31.0,0.0,0.0,0.6,,,,,,,,,,,,,,,,,2026-09-30 09:00:00+00:00,144.16452556512763,-54.16452556512764,33.667556517636456,0.0,0.0,0.0,0.0,0.0,0.0,,0,24.388888888888893,38,99.53999999999999,,2026-09-22T00:00Z,,,,,0.2,0.0,0.0,nasa_power_ml_plus_cams_spectral,0.0,low,0.0,,poor locally,,,,,False,38,60.0,0.9,0,horizontal environmental reference,NNE,,sun below horizon — no direct-sun posture,100.0,False,,,50.0,0.0,0.0,,not specified,Environmental scores are skin-type independent.,not personalized
2026-09-30T03:00,deterministic,best_match,75.6,37,47.5,74.6,59.5,1005.1,995.2,79199.48,0,0,0,0,0,0,0.0,0.0,0.0,0.0,0.9,284,1.6,0.0,0.0,0.0,0,0.0,10.5,0.0,16371.392,16.404,19.8,0.0,0.0,1.91,0.0,0.0,0.0,0.0,0.0,0.0,0.0,0.0,0.0,0.0,20,33,26,10,6,0,0,0,0,0,2385.171,4803.15,10193.569,19117.456,31538.396,America/Los_Angeles,34.03202,-118.52633,86.0,42.10615158081055,,,,,,,,,0.0,0.0,0.0,33.0,0.0,0.0,0.6,,,,,,,,,,,,,,,,,2026-09-30 10:00:00+00:00,135.6061176876703,-45.6061176876703,52.90327170985563,0.0,0.0,0.0,0.0,0.0,0.0,,0,24.22222222222222,37,99.52000000000001,,2026-09-22T00:00Z,,,,,0.2,0.0,0.0,nasa_power_ml_plus_cams_spectral,0.0,low,0.0,,poor locally,,,,,False,37,59.5,0.9,0,horizontal environmental reference,NE,,sun below horizon — no direct-sun posture,100.0,False,,,50.0,0.0,0.0,,not specified,Environmental scores are skin-type independent.,not personalized
2026-09-30T04:00,deterministic,best_match,75.2,38,47.8,73.8,59.4,1004.9,995.0,79199.48,0,0,0,0,0,0,0.0,0.0,0.0,0.0,1.8,240,2.2,0.0,0.0,0.0,0,0.0,10.9,0.0,16404.199,16.404,20.1,0.0,0.001,1.85,0.0,0.0,0.0,0.0,0.0,0.0,0.0,0.0,0.0,0.0,20,35,23,9,8,0,0,0,0,0,2381.89,4796.588,10190.289,19110.892,31543.688,America/Los_Angeles,34.03202,-118.52633,86.0,42.10615158081055,,,,,,,,,0.0,0.0,0.0,35.0,0.0,0.0,0.6,,,,,,,,,,,,,,,,,2026-09-30 11:00:00+00:00,124.86201767760605,-34.86201767760605,66.66169883560508,0.0,0.0,0.0,0.0,0.0,0.0,,0,24.000000000000004,38,99.5,,2026-09-22T00:00Z,,,,,0.2,0.0,0.0,nasa_power_ml_plus_cams_spectral,0.0,low,0.0,,poor locally,,,,,False,38,59.4,1.8,0,horizontal environmental reference,ENE,,sun below horizon — no direct-sun posture,100.0,False,,,50.0,0.0,0.0,,not specified,Environmental scores are skin-type independent.,not personalized
2026-09-30T05:00,deterministic,best_match,75.2,37,47.1,73.3,59.1,1004.9,995.0,79199.48,0,0,0,0,0,0,0.0,0.0,0.0,0.0,2.7,228,2.7,0.0,0.0,0.0,0,0.0,11.2,0.0,16437.008,32.808,20.4,0.0,0.001,1.88,0.0,0.0,0.0,0.0,0.0,0.0,0.0,0.0,0.0,0.0,21,36,23,9,8,0,0,0,0,0,2378.609,4793.307,10183.728,19104.33,31543.688,America/Los_Angeles,34.03202,-118.52633,86.0,42.10615158081055,,,,,,,,,0.0,0.0,0.0,36.0,0.0,0.0,0.6,,,,,,,,,,,,,,,,,2026-09-30 12:00:00+00:00,113.05545805170497,-23.055458051704974,77.24553416157244,0.0,0.0,0.0,0.0,0.0,0.0,,0,24.000000000000004,37,99.5,,2026-09-22T00:00Z,,,,,0.2,0.0,0.0,nasa_power_ml_plus_cams_spectral,0.0,low,0.0,,poor locally,,,,,False,37,59.1,2.7,0,horizontal environmental reference,ENE,,sun below horizon — no direct-sun posture,100.0,False,,,50.0,0.0,0.0,,not specified,Environmental scores are skin-type independent.,not personalized
2026-09-30T06:00,deterministic,best_match,75.5,35,46.0,73.5,58.8,1005.1,995.2,79199.48,0,0,0,0,0,2,0.0,0.0,0.0,0.0,2.4,229,2.5,0.0,0.0,0.0,0,0.0,11.7,0.0,16502.625,16.404,20.7,0.0,0.001,1.96,0.0,0.0,0.0,0.0,0.0,0.0,0.0,0.0,0.0,0.0,22,38,24,9,8,0,0,0,0,0,2385.171,4803.15,10190.289,19110.892,31554.274,America/Los_Angeles,34.03202,-118.52633,86.0,42.10615158081055,,,,,,,,,0.0,0.0,0.0,38.0,0.0,0.0,0.6,,,,,,,,,,,,,,,,,2026-09-30 13:00:00+00:00,100.77123877351298,-10.771238773512973,86.2356605054174,0.0,0.0,0.0,0.0,0.0,0.0,,0,24.166666666666668,35,99.52000000000001,,2026-09-22T00:00Z,,,,,0.2,0.0,0.0,nasa_power_ml_plus_cams_spectral,0.0,low,0.0,0.0,poor locally,,,,,False,35,58.8,2.4,2,horizontal environmental reference,E,,sun below horizon — no direct-sun posture,99.5,False,,,50.0,0.0,0.0,,not specified,Environmental scores are skin-type independent.,not personalized
2026-09-30T07:00,deterministic,best_match,76.3,33,45.1,74.2,58.7,1005.4,995.5,79199.48,0,0,0,0,0,2,0.0,0.0,0.0,0.0,1.8,240,2.0,0.0,0.0,0.0,1,0.0,12.2,0.0,16568.242,0.0,21.1,0.0,0.002,2.07,0.0,0.0,0.0,0.0,2.6,0.0,0.0,0.0,0.0,39.2,23,40,26,7,8,0,0,0,0,0,2395.013,4809.712,10196.851,19117.456,31564.856,America/Los_Angeles,34.03202,-118.52633,86.0,42.10615158081055,,,0.0,0.0,,,,,0.0,0.0,0.0,40.0,0.0,0.0,0.75,,,,,,,,,,,,,,,,,2026-09-30 14:00:00+00:00,88.05637340054986,1.943626599450146,94.67282726141963,1.6564168917251565,4.846253122108196,1.492050508761204,0.0,0.0,0.0,0.0,0,24.61111111111111,33,99.55,,2026-09-22T00:00Z,,,,,0.2,0.369,0.0,nasa_power_ml_plus_cams_spectral,0.2,low,0.0,0.0,poor locally,31.8,70.4,45.3,45.3,False,33,58.7,1.8,2,horizontal environmental reference,E,88.1,"sun low 2° (E) — face E, lift torso ~88° toward the sun if comfortable",99.5,False,,,50.0,0.5,0.5,,not specified,Environmental scores are skin-type independent.,not personalized
2026-09-30T08:00,deterministic,best_match,77.5,31,44.5,75.5,59.0,1005.6,995.8,79199.48,0,0,0,0,0,2,0.0,0.0,0.0,0.0,1.5,243,2.0,0.55,0.55,3600.0,1,0.0,12.3,0.0,16633.857,98.425,21.1,0.0,0.002,2.22,93.0,63.0,30.0,440.6,184.7,164.7,111.6,53.1,780.2,327.9,24,40,27,7,8,0,0,0,0,0,2401.575,4819.554,10203.412,19124.016,31575.438,America/Los_Angeles,34.03202,-118.52633,86.0,42.10615158081055,1.0,0.0,0.5035192203573362,0.5022872827081427,0.6774193548387096,0.3225806451612903,0.6775956284153005,0.3224043715846995,1.0,0.0,0.0,40.0,0.0,62.2,1.0,,,,,,,,,,,,,,,,,2026-09-30 15:00:00+00:00,76.03488654065956,13.965113459340444,103.38492005098203,148.23984910155502,365.8073380992539,59.95917926685057,93.0,440.6,30.0,0.5035192203573362,0,25.27777777777778,31,99.58,,2026-09-22T00:00Z,,,,,0.2,5.289,0.0293,nasa_power_ml_plus_cams_spectral,4.9,low,18.2,46.1,poor locally,39.4,60.4,46.8,46.8,False,31,59.0,1.5,2,horizontal environmental reference,ESE,76.0,"sun low 14° (ESE) — face ESE, lift torso ~76° toward the sun if comfortable",99.5,False,,,50.0,10.5,10.4,,not specified,Environmental scores are skin-type independent.,not personalized
2026-09-30T09:00,deterministic,best_match,79.8,29,44.7,77.5,60.0,1005.7,995.9,79199.48,0,0,0,0,0,2,0.0,0.0,0.0,0.0,2.2,233,2.2,2.05,2.05,3600.0,1,0.0,11.7,0.0,16568.242,393.701,20.6,0.0,0.008,2.46,305.0,254.0,51.0,747.9,462.5,389.9,324.7,65.2,956.1,591.5,24,38,24,7,8,0,0,0,0,0,2404.856,4822.835,10209.974,19130.578,31580.73,America/Los_Angeles,34.03202,-118.52633,86.0,42.10615158081055,1.0,0.0,0.6594594594594595,0.659171597633136,0.8327868852459016,0.16721311475409836,0.8327776352911003,0.16722236470889973,1.0,0.0,0.0,38.0,0.0,75.9,1.0,,,,,,,,,,,,,,,,,2026-09-30 16:00:00+00:00,64.27774466600951,25.722255333990496,113.24042525792339,355.8390043224776,598.9796010191137,95.87643301360532,305.0,747.9,51.0,0.6594594594594595,0,26.555555555555554,29,99.59,,2026-09-22T00:00Z,,,,,0.2,17.059,0.2179,nasa_power_ml_plus_cams_spectral,16.7,low,37.6,52.8,below typical locally,56.0,50.9,54.2,54.2,False,29,60.0,2.2,2,horizontal environmental reference,ESE,64.3,"sun low 26° (ESE) — face ESE, lift torso ~64° toward the sun if comfortable",99.5,False,,,50.0,25.3,25.2,,not specified,Environmental scores are skin-type independent.,not personalized
2026-09-30T10:00,deterministic,best_match,82.6,26,44.2,79.5,60.9,1005.8,996.0,79199.48,0,0,0,0,0,2,0.0,0.0,0.0,0.0,3.6,223,2.9,3.55,3.55,3600.0,1,0.0,10.6,0.0,16469.816,803.806,19.9,0.0,0.014,2.81,500.0,435.0,65.0,839.8,706.0,575.0,500.3,74.8,965.8,812.1,24,36,21,7,8,0,0,0,0,0,2408.137,4829.397,10219.816,19133.86,31591.312,America/Los_Angeles,34.03202,-118.52633,86.0,42.10615158081055,1.0,0.0,0.7082152974504249,0.7080408816648196,0.87,0.13,0.8700869565217392,0.13008695652173913,1.0,0.0,-0.10000000000002274,36.0,0.0,84.7,1.0,,,,,,,,,,,,,,,,,2026-09-30 17:00:00+00:00,53.45311304095314,36.54688695904686,125.36947043640924,539.5891825703103,710.5576381009341,116.46602950761826,500.0,839.8,65.0,0.7082152974504249,0,28.11111111111111,26,99.6,,2026-09-22T00:00Z,,,,,0.2,28.827,0.6066,nasa_power_ml_plus_cams_spectral,28.6,low-moderate,55.0,46.9,typical-to-good locally,59.3,51.7,56.6,56.6,False,26,60.9,3.6,2,horizontal environmental reference,SE,53.5,"sun 37° up (SE) — lay flat, or lift torso ~54° toward SE to face it",99.5,False,,,50.0,36.7,36.5,,not specified,Environmental scores are skin-type independent.,not personalized
2026-09-30T11:00,deterministic,best_match,84.5,25,44.9,82.2,61.9,1005.7,996.0,79199.48,0,0,0,0,0,2,0.0,0.0,0.0,0.0,5.1,221,4.0,4.9,4.9,3600.0,1,0.0,9.6,0.0,16404.199,1115.486,19.4,0.0,0.02,3.04,659.0,586.0,73.0,889.2,898.7,714.6,635.4,79.2,964.2,974.6,24,33,19,7,8,0,0,0,0,0,2411.417,4832.677,10226.378,19140.42,31596.606,America/Los_Angeles,34.03202,-118.52633,86.0,42.10615158081055,1.0,0.0,0.7332814064760209,0.7332238867227581,0.8892261001517451,0.11077389984825493,0.889168765743073,0.11083123425692695,1.0,0.0,0.0,33.0,0.0,92.1,1.0,,,,,,,,,,,,,,,,,2026-09-30 18:00:00+00:00,44.39920794061412,45.60079205938588,141.27125469057313,677.2121983698759,767.2994852602848,128.99025765110616,659.0,889.2,73.0,0.7332814064760209,0,29.166666666666668,25,99.6,,2026-09-22T00:00Z,,,,,0.2,39.446,0.9848,nasa_power_ml_plus_cams_spectral,39.2,moderate,70.7,39.4,typical-to-good locally,74.4,49.9,65.8,65.8,False,25,61.9,5.1,2,horizontal environmental reference,SE,44.4,"sun 46° up (SE) — lay flat, or lift torso ~44° toward SE to face it",99.5,False,,,50.0,46.3,46.1,,not specified,Environmental scores are skin-type independent.,not personalized
2026-09-30T12:00,deterministic,best_match,85.0,27,47.3,83.8,63.1,1005.2,995.5,79199.48,0,0,0,0,0,1,0.0,0.0,0.0,0.0,6.7,222,6.0,6.2,6.2,3600.0,1,0.0,8.6,0.0,16404.199,1279.528,19.5,0.0,0.024,3.0,779.0,706.0,73.0,937.4,1027.3,809.7,733.8,75.9,974.4,1068.0,24,31,21,7,8,0,0,0,0,0,2395.013,4819.554,10213.255,19130.578,31591.312,America/Los_Angeles,34.03202,-118.52633,86.0,42.10615158081055,1.0,0.0,0.75829845225348,0.7581460674157304,0.9062901155327343,0.09370988446726572,0.9062615783623563,0.09373842163764358,1.0,0.0,1.1368683772161603e-13,31.0,0.0,98.5,1.0,,,,,,,,,,,,,,,,,2026-09-30 19:00:00+00:00,38.47931640350021,51.52068359649979,162.17056190256187,756.7486605686397,793.5334927485927,135.5445894053869,779.0,937.4,73.0,0.75829845225348,0,29.444444444444446,27,99.55,,2026-09-22T00:00Z,,,,,0.2,46.675,1.2199,nasa_power_ml_plus_cams_spectral,47.8,moderate,86.5,56.3,good locally,82.5,45.9,69.7,69.7,False,27,63.1,6.7,1,horizontal environmental reference,SSE,38.5,"sun 52° up (SSE) — lay flat, or lift torso ~38° toward SSE to face it",99.8,False,,,50.0,56.2,56.1,,not specified,Environmental scores are skin-type independent.,not personalized
2026-09-30T13:00,deterministic,best_match,84.6,30,49.8,83.8,64.0,1004.5,994.8,79199.48,0,0,0,0,0,1,0.0,0.0,0.0,0.0,8.4,224,8.3,6.55,6.55,3600.0,1,0.0,7.7,0.0,16437.008,1345.144,19.8,0.0,0.025,2.84,825.0,748.0,77.0,942.2,1083.2,826.8,749.7,77.2,944.3,1085.7,24,30,26,9,8,0,0,0,0,0,2378.609,4806.431,10203.412,19124.016,31591.312,America/Los_Angeles,34.03202,-118.52633,86.0,42.10615158081055,1.0,0.0,0.7616322008862629,0.761536336004421,0.9066666666666666,0.09333333333333334,0.9067489114658926,0.0933720367682632,1.0,0.0,-0.10000000000013642,30.0,0.0,98.5,1.0,,,,,,,,,,,,,,,,,2026-09-30 20:00:00+00:00,37.26501491484171,52.73498508515829,186.6075958896264,771.9193413367647,798.1077200814923,136.75061809639578,825.0,942.2,77.0,0.7616322008862629,0,29.22222222222222,30,99.47999999999999,,2026-09-22T00:00Z,,,,,0.2,49.176,1.3299,nasa_power_ml_plus_cams_spectral,50.4,strong,90.4,63.6,excellent locally,84.1,44.3,70.2,70.2,False,30,64.0,8.4,1,horizontal environmental reference,S,37.3,"sun 53° up (S) — lay flat, or lift torso ~37° toward S to face it",99.8,False,,,50.0,59.2,59.1,,not specified,Environmental scores are skin-type independent.,not personalized
2026-09-30T14:00,deterministic,best_match,84.5,32,51.5,83.4,64.7,1003.9,994.2,79199.48,0,0,0,0,0,1,0.0,0.0,0.0,0.0,9.5,225,10.5,6.25,6.25,3600.0,1,0.0,7.0,0.0,16437.008,1394.357,20.1,0.0,0.025,2.75,805.0,727.0,78.0,933.9,1062.4,777.8,702.5,75.4,902.4,1026.7,24,29,29,9,8,0,0,0,0,0,2362.205,4793.307,10190.289,19114.174,31586.02,America/Los_Angeles,34.03202,-118.52633,86.0,42.10615158081055,1.0,0.0,0.7577183734939759,0.7575728060777247,0.9031055900621118,0.0968944099378882,0.9031884803291335,0.09694008742607356,1.0,0.0,-0.10000000000002274,29.0,0.0,98.4,1.0,,,,,,,,,,,,,,,,,2026-09-30 21:00:00+00:00,41.18260449857805,48.81739550142195,209.58666167997586,721.5498563784471,782.4128006404652,132.69435743746624,805.0,933.9,78.0,0.7577183734939759,0,29.166666666666668,32,99.42,,2026-09-22T00:00Z,,,,,0.2,47.065,1.2229,nasa_power_ml_plus_cams_spectral,48.1,moderate,87.0,70.6,good locally,81.2,42.7,67.7,67.7,False,32,64.7,9.5,1,horizontal environmental reference,SSW,41.2,"sun 49° up (SSW) — lay flat, or lift torso ~41° toward SSW to face it",99.8,False,,,50.0,57.5,57.4,,not specified,Environmental scores are skin-type independent.,not personalized
2026-09-30T15:00,deterministic,best_match,85.4,31,51.3,83.1,65.0,1003.4,993.7,79199.48,0,0,0,0,0,1,0.0,0.0,0.0,0.0,10.1,229,12.3,5.15,5.15,3600.0,1,0.0,6.6,0.0,16437.008,1476.378,20.2,0.0,0.023,2.87,721.0,650.0,71.0,918.2,966.4,667.5,601.8,65.7,850.1,894.9,25,30,30,9,8,0,0,0,0,0,2355.643,4790.027,10190.289,19110.892,31580.73,America/Los_Angeles,34.03202,-118.52633,86.0,42.10615158081055,1.0,0.0,0.746067880794702,0.7458933959101576,0.9015256588072122,0.09847434119278779,0.9015730337078651,0.09842696629213483,1.0,0.0,0.0,30.0,0.0,93.9,1.0,,,,,,,,,,,,,,,,,2026-09-30 22:00:00+00:00,48.997178565471216,41.002821434528784,227.72076717003137,609.5298912149279,741.4765742333509,123.04993395681834,721.0,918.2,71.0,0.746067880794702,0,29.66666666666667,31,99.37,,2026-09-22T00:00Z,,,,,0.2,40.684,0.9132,nasa_power_ml_plus_cams_spectral,40.8,moderate,73.8,71.7,typical-to-good locally,58.0,41.5,52.2,52.2,False,31,65.0,10.1,1,horizontal environmental reference,SW,49.0,"sun 41° up (SW) — lay flat, or lift torso ~49° toward SW to face it",99.8,False,,,50.0,49.0,48.9,,not specified,Environmental scores are skin-type independent.,not personalized
2026-09-30T16:00,deterministic,best_match,86.4,30,51.3,82.8,65.4,1003.1,993.4,79199.48,0,0,0,0,0,1,0.0,0.0,0.0,0.0,10.2,232,13.9,3.9,3.9,3600.0,1,0.0,6.4,0.0,16437.008,1525.591,20.3,0.0,0.02,3.01,580.0,510.0,70.0,868.7,801.7,505.7,444.7,61.0,757.5,699.2,26,31,29,9,8,0,0,0,0,0,2352.362,4783.465,10190.289,19110.892,31580.73,America/Los_Angeles,34.03202,-118.52633,86.0,42.10615158081055,1.0,0.0,0.7234626418859922,0.7232551487414187,0.8793103448275862,0.1206896551724138,0.8793751235910618,0.12062487640893811,1.0,0.0,0.0,31.0,0.0,84.8,1.0,,,,,,,,,,,,,,,,,2026-09-30 23:00:00+00:00,59.14321836836761,30.856781631632387,241.37785386510473,445.0244522878206,659.8207249217144,106.60645031638012,580.0,868.7,70.0,0.7234626418859922,0,30.222222222222225,30,99.34,,2026-09-22T00:00Z,,,,,0.2,30.704,0.5319,nasa_power_ml_plus_cams_spectral,30.8,low-moderate,57.5,90.0,typical-to-good locally,54.1,41.5,49.7,49.7,False,30,65.4,10.2,1,horizontal environmental reference,WSW,59.1,"sun 31° up (WSW) — lay flat, or lift torso ~59° toward WSW to face it",99.8,False,,,50.0,40.5,40.4,,not specified,Environmental scores are skin-type independent.,not personalized
2026-09-30T17:00,deterministic,best_match,86.9,29,50.8,83.1,65.3,1002.9,993.3,79199.48,0,0,0,0,0,1,0.0,0.0,0.0,0.0,9.5,236,14.3,2.45,2.45,3600.0,1,0.0,6.5,0.0,16437.008,1443.57,20.5,0.0,0.016,3.1,397.0,337.0,60.0,794.6,579.6,310.2,263.3,46.9,620.8,453.1,27,33,29,9,8,0,0,0,0,0,2345.801,4780.184,10190.289,19107.612,31575.438,America/Los_Angeles,34.03202,-118.52633,86.0,42.10615158081055,1.0,0.0,0.6849551414768806,0.6846170823217832,0.8488664987405542,0.15113350125944586,0.8488072211476467,0.15119277885235333,1.0,0.0,0.0,33.0,0.0,73.3,1.0,,,,,,,,,,,,,,,,,2026-10-01 00:00:00+00:00,70.55627910840417,19.443720891595838,252.1042416261815,244.38287301947682,495.7987157675226,79.34100813937658,397.0,794.6,60.0,0.6849551414768806,0,30.500000000000004,29,99.33,,2026-09-22T00:00Z,,,,,0.2,19.215,0.1705,nasa_power_ml_plus_cams_spectral,19.3,low,40.7,99.8,below typical locally,31.5,43.0,35.5,35.5,False,29,65.3,9.5,1,horizontal environmental reference,WSW,70.6,"sun low 19° (WSW) — face WSW, lift torso ~71° toward the sun if comfortable",99.8,False,,,50.0,27.9,27.8,,not specified,Environmental scores are skin-type independent.,not personalized
2026-09-30T18:00,deterministic,best_match,86.2,30,51.1,83.4,65.2,1003.0,993.3,79199.48,0,0,0,0,0,2,0.0,0.0,0.0,0.0,7.4,241,12.5,1.05,1.05,3600.0,1,0.0,6.9,0.0,16535.434,1082.677,20.8,0.0,0.009,2.99,186.0,140.0,46.0,608.2,315.0,102.0,76.8,25.2,333.5,173.2,26,36,29,9,8,0,0,0,0,0,2352.362,4786.746,10193.569,19117.456,31591.312,America/Los_Angeles,34.03202,-118.52633,86.0,42.10615158081055,1.0,0.0,0.5904761904761905,0.5889145496535797,0.7526881720430108,0.24731182795698925,0.7529411764705882,0.24705882352941175,1.0,0.0,0.0,36.0,0.0,56.6,1.0,,,,,,,,,,,,,,,,,2026-10-01 01:00:00+00:00,82.58378681040236,7.416213189597646,261.20542325128594,46.825731012516286,148.75860022430365,27.624534970728018,186.0,608.2,46.0,0.5904761904761905,0,30.111111111111114,30,99.33,,2026-09-22T00:00Z,,,,,0.2,7.209,0.0449,nasa_power_ml_plus_cams_spectral,7.7,low,22.3,100.0,poor locally,31.8,64.5,43.2,43.2,False,30,65.2,7.4,2,horizontal environmental reference,W,82.6,"sun low 7° (W) — face W, lift torso ~83° toward the sun if comfortable",99.5,False,,,50.0,15.1,15.0,,not specified,Environmental scores are skin-type independent.,not personalized
2026-09-30T19:00,deterministic,best_match,84.8,31,50.8,83.2,64.6,1003.3,993.6,79199.48,0,0,0,0,0,2,0.0,0.0,0.0,0.0,4.5,252,9.6,0.1,0.1,2109.57,0,0.0,7.4,0.0,16666.666,590.551,21.1,0.0,0.004,2.82,18.0,13.0,5.0,153.5,51.1,0.0,0.0,0.0,0.0,0.0,25,40,28,10,8,0,0,0,0,0,2362.205,4793.307,10200.131,19130.578,31607.19,America/Los_Angeles,34.03202,-118.52633,86.0,42.10615158081055,1.0,0.0,0.3522504892367906,,0.7222222222222222,0.2777777777777778,,,0.5859916666666667,0.0,0.0,40.0,0.0,35.0,1.0,,,,,,,,,,,,,,,,,2026-10-01 02:00:00+00:00,95.09233462318294,-5.092334623182936,269.6427571427648,0.0,0.0,0.0,18.0,153.5,5.0,0.3522504892367906,0,29.333333333333332,31,99.36,,2026-09-22T00:00Z,,,,,0.2,0.0,0.0,nasa_power_ml_plus_cams_spectral,0.3,low,0.4,31.8,poor locally,,,,,False,31,64.6,4.5,2,horizontal environmental reference,W,,sun below horizon — no direct-sun posture,99.5,False,,,50.0,0.0,0.0,,not specified,Environmental scores are skin-type independent.,not personalized
2026-09-30T20:00,deterministic,best_match,83.3,33,51.2,82.7,64.1,1003.7,994.0,79199.48,0,0,0,0,0,2,0.0,0.0,0.0,0.0,2.2,270,7.2,0.0,0.0,0.0,0,0.0,7.9,0.0,16765.092,246.063,21.4,0.0,0.001,2.61,0.0,0.0,0.0,0.0,0.0,0.0,0.0,0.0,0.0,0.0,24,43,27,10,8,0,0,0,0,0,2368.766,4799.869,10203.412,19140.42,31623.064,America/Los_Angeles,34.03202,-118.52633,86.0,42.10615158081055,,,,,,,,,0.0,0.0,0.0,43.0,0.0,0.0,0.6,,,,,,,,,,,,,,,,,2026-10-01 03:00:00+00:00,107.49360303593002,-17.493603035930025,278.23156316058754,0.0,0.0,0.0,0.0,0.0,0.0,,0,28.5,33,99.4,,2026-09-22T00:00Z,,,,,0.2,0.0,0.0,nasa_power_ml_plus_cams_spectral,0.0,low,0.0,,poor locally,,,,,False,33,64.1,2.2,2,horizontal environmental reference,W,,sun below horizon — no direct-sun posture,99.5,False,,,50.0,0.0,0.0,,not specified,Environmental scores are skin-type independent.,not personalized
2026-09-30T21:00,deterministic,best_match,81.6,36,52.0,82.0,63.9,1004.2,994.4,79199.48,0,0,0,0,0,2,0.0,0.0,0.0,0.0,0.5,243,6.0,0.0,0.0,0.0,0,0.0,8.1,0.0,16765.092,196.85,21.6,0.0,0.0,2.36,0.0,0.0,0.0,0.0,0.0,0.0,0.0,0.0,0.0,0.0,24,44,24,9,8,0,0,0,0,0,2378.609,4806.431,10206.693,19143.702,31628.354,America/Los_Angeles,34.03202,-118.52633,86.0,42.10615158081055,,,,,,,,,0.0,0.0,0.0,44.0,0.0,0.0,0.6,,,,,,,,,,,,,,,,,2026-10-01 04:00:00+00:00,119.6063868853314,-29.606386885331396,287.87633874985215,0.0,0.0,0.0,0.0,0.0,0.0,,0,27.555555555555554,36,99.44,,2026-09-22T00:00Z,,,,,0.2,0.0,0.0,nasa_power_ml_plus_cams_spectral,0.0,low,0.0,,poor locally,,,,,False,36,63.9,0.5,2,horizontal environmental reference,WNW,,sun below horizon — no direct-sun posture,99.5,False,,,50.0,0.0,0.0,,not specified,Environmental scores are skin-type independent.,not personalized
2026-09-30T22:00,deterministic,best_match,79.6,39,52.5,79.6,63.3,1004.9,995.1,79199.48,0,0,0,0,0,2,0.0,0.0,0.0,0.0,1.7,130,5.4,0.0,0.0,0.0,0,0.0,8.3,0.0,16732.283,295.276,21.8,0.0,0.001,2.1,0.0,0.0,0.0,0.0,0.0,0.0,0.0,0.0,0.0,0.0,26,45,22,7,8,0,0,0,0,0,2388.452,4812.992,10206.693,19146.982,31638.938,America/Los_Angeles,34.03202,-118.52633,86.0,42.10615158081055,,,,,,,,,0.0,0.0,0.0,45.0,0.0,0.0,0.6,,,,,,,,,,,,,,,,,2026-10-01 05:00:00+00:00,130.98820540097404,-40.98820540097404,299.86586703080945,0.0,0.0,0.0,0.0,0.0,0.0,,0,26.444444444444443,39,99.51,,2026-09-22T00:00Z,,,,,0.2,0.0,0.0,nasa_power_ml_plus_cams_spectral,0.0,low,0.0,,poor locally,,,,,False,39,63.3,1.7,2,horizontal environmental reference,WNW,,sun below horizon — no direct-sun posture,99.5,False,,,50.0,0.0,0.0,,not specified,Environmental scores are skin-type independent.,not personalized
2026-09-30T23:00,deterministic,best_match,77.7,44,54.1,77.5,63.3,1005.4,995.6,79199.48,0,0,0,0,0,2,0.0,0.0,0.0,0.0,3.5,130,5.1,0.0,0.0,0.0,0,0.0,8.2,0.0,16732.283,442.913,21.9,0.0,0.002,1.82,0.0,0.0,0.0,0.0,0.0,0.0,0.0,0.0,0.0,0.0,27,44,20,6,8,0,0,0,0,0,2398.294,4819.554,10209.974,19150.262,31644.23,America/Los_Angeles,34.03202,-118.52633,86.0,42.10615158081055,,,,,,,,,0.0,0.0,0.0,44.0,0.0,0.0,0.6,,,,,,,,,,,,,,,,,2026-10-01 06:00:00+00:00,140.8205863864405,-50.82058638644051,316.21930967735454,0.0,0.0,0.0,0.0,0.0,0.0,,0,25.388888888888893,44,99.56,,2026-09-22T00:00Z,,,,,0.2,0.0,0.0,nasa_power_ml_plus_cams_spectral,0.0,low,0.0,,poor locally,,,,,False,44,63.3,3.5,2,horizontal environmental reference,NW,,sun below horizon — no direct-sun posture,99.5,False,,,50.0,0.0,0.0,,not specified,Environmental scores are skin-type independent.,not personalized
2026-10-01T00:00,deterministic,best_match,75.7,51,56.3,75.8,63.6,1005.8,995.9,79199.48,0,0,0,0,0,3,0.0,0.0,0.0,0.0,4.6,141,5.6,0.0,0.0,0.0,0,0.0,7.8,0.0,16765.092,623.36,22.3,0.0,0.002,1.49,0.0,0.0,0.0,0.0,0.0,0.0,0.0,0.0,0.0,0.0,29,42,19,6,8,0,0,0,0,0,2395.013,4812.992,10200.131,19137.138,31633.646,America/Los_Angeles,34.03202,-118.52633,86.0,42.10615158081055,,,,,,,,,0.0,0.0,0.0,42.0,0.0,0.0,0.6,,,,,,,,,,,,,,,,,2026-10-01 07:00:00+00:00,147.53552778939184,-57.53552778939185,339.289523235513,0.0,0.0,0.0,0.0,0.0,0.0,,0,24.277777777777782,51,99.59,,2026-09-22T00:00Z,,,,,0.2,0.0,0.0,nasa_power_ml_plus_cams_spectral,0.0,low,0.0,,poor locally,,,,,False,51,63.6,4.6,3,horizontal environmental reference,NNW,,sun below horizon — no direct-sun posture,99.2,False,,,50.0,0.0,0.0,,not specified,Environmental scores are skin-type independent.,not personalized
2026-10-01T01:00,deterministic,best_match,73.8,60,59.1,74.6,64.3,1006.0,996.1,79199.48,0,0,0,0,0,3,0.0,0.0,0.0,0.0,5.3,152,6.7,0.0,0.0,0.0,0,0.0,7.3,0.0,16797.9,836.614,22.6,0.0,0.002,1.14,0.0,0.0,0.0,0.0,0.0,0.0,0.0,0.0,0.0,0.0,30,39,18,6,8,0,0,0,0,0,2395.013,4803.15,10187.008,19127.296,31628.354,America/Los_Angeles,34.03202,-118.52633,86.0,42.10615158081055,,,,,,,,,0.0,0.0,0.0,39.0,0.0,0.0,0.6,,,,,,,,,,,,,,,,,2026-10-01 08:00:00+00:00,148.9704881412112,-58.97048814121121,7.847684947443611,0.0,0.0,0.0,0.0,0.0,0.0,,0,23.22222222222222,60,99.61,,2026-09-22T00:00Z,,,,,0.2,0.0,0.0,nasa_power_ml_plus_cams_spectral,0.0,low,0.0,,poor locally,,,,,False,60,64.3,5.3,3,horizontal environmental reference,N,,sun below horizon — no direct-sun posture,99.2,False,,,50.0,0.0,0.0,,not specified,Environmental scores are skin-type independent.,not personalized
2026-10-01T02:00,deterministic,best_match,72.5,66,60.5,73.6,64.5,1006.3,996.4,79199.48,0,0,0,0,0,3,0.0,0.0,0.0,0.0,5.9,155,7.8,0.0,0.0,0.0,0,0.0,6.9,0.0,16830.708,1017.06,22.3,0.0,0.002,0.93,0.0,0.0,0.0,0.0,0.0,0.0,0.0,0.0,0.0,0.0,32,35,17,6,8,0,0,0,0,0,2391.733,4796.588,10177.165,19114.174,31617.772,America/Los_Angeles,34.03202,-118.52633,86.0,42.10615158081055,,,,,,,,,0.0,0.0,0.0,35.0,0.0,0.0,0.6,,,,,,,,,,,,,,,,,2026-10-01 09:00:00+00:00,144.47067303808404,-54.47067303808403,34.09896360170819,0.0,0.0,0.0,0.0,0.0,0.0,,0,22.5,66,99.64,,2026-09-22T00:00Z,,,,,0.2,0.0,0.0,nasa_power_ml_plus_cams_spectral,0.0,low,0.0,,poor locally,,,,,False,66,64.5,5.9,3,horizontal environmental reference,NE,,sun below horizon — no direct-sun posture,99.2,False,,,50.0,0.0,0.0,,not specified,Environmental scores are skin-type independent.,not personalized
2026-10-01T03:00,deterministic,best_match,71.9,68,60.8,73.2,64.5,1006.5,996.5,79199.48,0,0,0,0,0,3,0.0,0.0,0.0,0.0,5.7,141,8.9,0.0,0.0,0.0,0,0.0,6.9,0.0,16830.708,1115.486,20.7,0.0,0.002,0.86,0.0,0.0,0.0,0.0,0.0,0.0,0.0,0.0,0.0,0.0,33,29,13,6,8,0,0,0,0,0,2395.013,4796.588,10170.604,19107.612,31612.478,America/Los_Angeles,34.03202,-118.52633,86.0,42.10615158081055,,,,,,,,,0.0,0.0,0.0,33.0,0.0,0.0,0.6,,,,,,,,,,,,,,,,,2026-10-01 10:00:00+00:00,135.84209452498988,-45.84209452498988,53.35926675856189,0.0,0.0,0.0,0.0,0.0,0.0,,0,22.16666666666667,68,99.65,,2026-09-22T00:00Z,,,,,0.2,0.0,0.0,nasa_power_ml_plus_cams_spectral,0.0,low,0.0,,poor locally,,,,,False,68,64.5,5.7,3,horizontal environmental reference,NE,,sun below horizon — no direct-sun posture,99.2,False,,,50.0,0.0,0.0,,not specified,Environmental scores are skin-type independent.,not personalized
2026-10-01T04:00,deterministic,best_match,72.0,67,60.5,73.1,64.3,1006.7,996.7,79199.48,0,0,0,0,0,3,0.0,0.0,0.0,0.0,6.0,117,10.3,0.0,0.0,0.0,0,0.0,7.1,0.0,16863.518,1197.507,18.5,0.0,0.002,0.89,0.0,0.0,0.0,0.0,0.0,0.0,0.0,0.0,0.0,0.0,33,22,9,7,8,0,0,0,0,0,2401.575,4796.588,10167.323,19104.33,31607.19,America/Los_Angeles,34.03202,-118.52633,86.0,42.10615158081055,,,,,,,,,0.0,0.0,0.0,33.0,0.0,0.0,0.6,,,,,,,,,,,,,,,,,2026-10-01 11:00:00+00:00,125.05052234102241,-35.050522341022415,67.08693547390988,0.0,0.0,0.0,0.0,0.0,0.0,,0,22.22222222222222,67,99.67,,2026-09-22T00:00Z,,,,,0.2,0.0,0.0,nasa_power_ml_plus_cams_spectral,0.0,low,0.0,,poor locally,,,,,False,67,64.3,6.0,3,horizontal environmental reference,ENE,,sun below horizon — no direct-sun posture,99.2,False,,,50.0,0.0,0.0,,not specified,Environmental scores are skin-type independent.,not personalized
2026-10-01T05:00,deterministic,best_match,71.9,67,60.4,72.5,64.3,1007.0,997.0,79199.48,0,0,0,0,0,3,0.0,0.0,0.0,0.0,7.1,103,11.6,0.0,0.0,0.0,0,0.0,7.3,0.0,16863.518,1328.74,16.6,0.0,0.002,0.88,0.0,0.0,0.0,0.0,0.0,0.0,0.0,0.0,0.0,0.0,37,17,6,7,8,0,0,0,0,0,2404.856,4796.588,10160.762,19097.77,31601.896,America/Los_Angeles,34.03202,-118.52633,86.0,42.10615158081055,,,,,,,,,0.0,0.0,0.0,37.0,0.0,0.0,0.6,,,,,,,,,,,,,,,,,2026-10-01 12:00:00+00:00,113.21699915491945,-23.216999154919456,77.63895084633651,0.0,0.0,0.0,0.0,0.0,0.0,,0,22.16666666666667,67,99.7,,2026-09-22T00:00Z,,,,,0.2,0.0,0.0,nasa_power_ml_plus_cams_spectral,0.0,low,0.0,,poor locally,,,,,False,67,64.3,7.1,3,horizontal environmental reference,ENE,,sun below horizon — no direct-sun posture,99.2,False,,,50.0,0.0,0.0,,not specified,Environmental scores are skin-type independent.,not personalized
2026-10-01T06:00,deterministic,best_match,71.3,69,60.6,71.4,64.2,1007.7,997.7,79199.48,0,0,0,0,0,2,0.0,0.0,0.0,0.0,8.5,104,13.0,0.0,0.0,0.0,0,0.0,7.3,0.0,16929.134,1541.995,15.5,0.0,0.002,0.81,0.0,0.0,0.0,0.0,0.0,0.0,0.0,0.0,0.0,0.0,48,15,6,7,8,0,0,0,0,0,2421.26,4806.431,10170.604,19114.174,31607.19,America/Los_Angeles,34.03202,-118.52633,86.0,42.10615158081055,,,,,,,,,0.0,0.0,0.0,48.0,0.0,0.0,0.6,,,,,,,,,,,,,,,,,2026-10-01 13:00:00+00:00,100.92122046553665,-10.921220465536653,86.60901808443685,0.0,0.0,0.0,0.0,0.0,0.0,,0,21.833333333333332,69,99.77000000000001,,2026-09-22T00:00Z,,,,,0.2,0.0,0.0,nasa_power_ml_plus_cams_spectral,0.0,low,0.0,0.0,poor locally,,,,,False,69,64.2,8.5,2,horizontal environmental reference,E,,sun below horizon — no direct-sun posture,99.5,False,,,50.0,0.0,0.0,,not specified,Environmental scores are skin-type independent.,not personalized
2026-10-01T07:00,deterministic,best_match,70.6,72,61.1,70.2,64.2,1008.6,998.6,79199.48,0,0,0,0,0,2,0.0,0.0,0.0,0.0,10.1,108,14.3,0.0,0.0,0.0,1,0.0,7.2,0.0,16961.944,1820.866,14.7,0.0,0.003,0.72,0.0,0.0,0.0,0.0,2.1,0.0,0.0,0.0,0.0,35.6,62,14,8,6,8,0,0,0,0,0,2437.664,4816.273,10180.446,19130.578,31612.478,America/Los_Angeles,34.03202,-118.52633,86.0,42.10615158081055,,,0.0,0.0,,,,,0.0,0.0,0.0,62.0,0.0,0.0,0.75,,,,,,,,,,,,,,,,,2026-10-01 14:00:00+00:00,88.1957218309148,1.8042781690852003,95.03924598939773,1.3546573646648816,3.9014506620955474,1.2318186678998242,0.0,0.0,0.0,0.0,0,21.444444444444443,72,99.86,,2026-09-22T00:00Z,,,,,0.2,0.24,0.0,nasa_power_ml_plus_cams_spectral,0.1,low,0.0,0.0,poor locally,31.0,63.1,42.2,42.2,False,72,64.2,10.1,2,horizontal environmental reference,E,88.2,"sun low 2° (E) — face E, lift torso ~88° toward the sun if comfortable",99.5,False,,,50.0,0.5,0.5,,not specified,Environmental scores are skin-type independent.,not personalized
2026-10-01T08:00,deterministic,best_match,70.7,72,61.2,69.9,64.3,1009.3,999.3,79199.48,0,0,0,0,0,2,0.0,0.0,0.0,0.0,11.1,112,15.0,0.55,0.55,3600.0,1,0.0,7.2,0.0,17027.558,2099.738,14.2,0.0,0.004,0.72,93.0,63.0,30.0,445.0,181.1,166.1,112.5,53.6,794.7,324.3,73,13,9,6,8,0,0,0,0,0,2454.068,4826.116,10190.289,19146.982,31617.772,America/Los_Angeles,34.03202,-118.52633,86.0,42.10615158081055,1.0,0.0,0.5135284373274435,0.5121800801726796,0.6774193548387096,0.3225806451612903,0.6773028296207104,0.3226971703792896,1.0,0.0,0.0,73.0,0.0,62.7,1.0,,,,,,,,,,,,,,,,,2026-10-01 15:00:00+00:00,76.19777961304501,13.802220386954978,103.7564046572221,145.55273606353362,361.4395189951567,59.32371538728182,93.0,445.0,30.0,0.5135284373274435,0,21.500000000000004,72,99.92999999999999,,2026-09-22T00:00Z,,,,,0.2,5.413,0.0254,nasa_power_ml_plus_cams_spectral,5.0,low,18.4,47.1,poor locally,37.7,37.2,37.5,37.5,False,72,64.3,11.1,2,horizontal environmental reference,ESE,76.2,"sun low 14° (ESE) — face ESE, lift torso ~76° toward the sun if comfortable",99.5,False,,,50.0,10.3,10.2,,not specified,Environmental scores are skin-type independent.,not personalized
2026-10-01T09:00,deterministic,best_match,72.1,67,60.6,70.9,64.4,1009.8,999.8,79199.48,0,0,0,0,0,2,0.0,0.0,0.0,0.0,11.5,119,15.0,2.05,2.05,3600.0,1,0.0,7.4,0.0,17060.368,2427.822,14.1,0.0,0.008,0.89,307.0,252.0,55.0,748.3,458.8,393.1,322.7,70.4,958.1,587.8,76,12,9,4,10,0,0,0,0,0,2467.192,4835.958,10200.131,19160.106,31623.064,America/Los_Angeles,34.03202,-118.52633,86.0,42.10615158081055,1.0,0.0,0.6691368788142982,0.6687648860156516,0.8208469055374593,0.1791530944625407,0.8209107097430678,0.17908929025693207,1.0,0.0,0.0,76.0,0.0,76.0,1.0,,,,,,,,,,,,,,,,,2026-10-01 16:00:00+00:00,64.46701928745635,25.53298071254365,113.62604343335016,352.707573865171,596.7377918773238,95.49534124823356,307.0,748.3,55.0,0.6691368788142982,0,22.277777777777775,67,99.97999999999999,,2026-09-22T00:00Z,,,,,0.2,17.315,0.2192,nasa_power_ml_plus_cams_spectral,16.9,low,38.0,54.4,below typical locally,56.6,30.5,47.5,47.5,False,67,64.4,11.5,2,horizontal environmental reference,ESE,64.5,"sun low 26° (ESE) — face ESE, lift torso ~64° toward the sun if comfortable",99.5,False,,,50.0,25.0,24.9,,not specified,Environmental scores are skin-type independent.,not personalized
2026-10-01T10:00,deterministic,best_match,74.4,60,59.6,72.7,64.7,1010.1,1000.2,79199.48,0,0,0,0,0,2,0.0,0.0,0.0,0.0,11.7,126,14.3,3.5,3.5,3600.0,1,0.0,7.6,0.0,17093.176,2772.31,14.3,0.0,0.013,1.16,504.0,432.0,72.0,839.0,702.2,579.9,497.1,82.8,965.4,808.2,76,12,8,3,14,0,0,0,0,0,2477.034,4842.52,10213.255,19176.51,31623.064,America/Los_Angeles,34.03202,-118.52633,86.0,42.10615158081055,1.0,0.0,0.717744232412418,0.7175204157386785,0.8571428571428571,0.14285714285714285,0.8572167615106053,0.14278323848939473,1.0,0.0,0.0,76.0,0.0,84.5,1.0,,,,,,,,,,,,,,,,,2026-10-01 17:00:00+00:00,53.68423059927419,36.31576940072581,125.76894413368638,536.1698981503621,709.181742564717,116.1676698528862,504.0,839.0,72.0,0.717744232412418,0,23.55555555555556,60,100.02000000000001,,2026-09-22T00:00Z,,,,,0.2,29.363,0.6121,nasa_power_ml_plus_cams_spectral,28.7,low-moderate,55.4,47.8,typical-to-good locally,59.6,26.0,47.8,47.8,False,60,64.7,11.7,2,horizontal environmental reference,SE,53.7,"sun 36° up (SE) — lay flat, or lift torso ~54° toward SE to face it",99.5,False,,,50.0,36.0,35.8,,not specified,Environmental scores are skin-type independent.,not personalized
2026-10-01T11:00,deterministic,best_match,76.3,54,58.4,75.2,64.9,1010.2,1000.3,79199.48,0,0,0,0,0,2,0.0,0.0,0.0,0.0,11.5,134,13.4,4.85,4.85,3600.0,1,0.0,7.9,0.0,17125.984,3018.373,14.4,0.0,0.018,1.42,665.0,584.0,81.0,890.7,894.5,721.2,633.4,87.8,966.1,970.3,74,12,7,3,16,0,0,0,0,0,2490.158,4852.363,10223.098,19189.632,31628.354,America/Los_Angeles,34.03202,-118.52633,86.0,42.10615158081055,1.0,0.0,0.7434320849636669,0.7432752756879316,0.8781954887218045,0.12180451127819548,0.8782584581253465,0.12174154187465334,1.0,0.0,1.1368683772161603e-13,74.0,0.0,92.0,1.0,,,,,,,,,,,,,,,,,2026-10-01 18:00:00+00:00,44.688987295962725,45.311012704037275,141.6557155912933,673.4869330276384,766.2763989234994,128.7144828180925,665.0,890.7,81.0,0.7434320849636669,0,24.61111111111111,54,100.03,,2026-09-22T00:00Z,,,,,0.2,40.008,0.9658,nasa_power_ml_plus_cams_spectral,39.4,moderate,71.7,42.1,typical-to-good locally,73.7,23.2,56.0,56.0,False,54,64.9,11.5,2,horizontal environmental reference,SE,44.7,"sun 45° up (SE) — lay flat, or lift torso ~45° toward SE to face it",99.5,False,,,50.0,45.7,45.5,,not specified,Environmental scores are skin-type independent.,not personalized
2026-10-01T12:00,deterministic,best_match,77.4,50,57.3,77.3,64.8,1009.9,1000.0,79199.48,0,0,0,0,0,1,0.0,0.0,0.0,0.0,11.0,142,12.1,6.15,6.15,3600.0,1,0.0,8.2,0.0,17125.984,3116.798,14.1,0.0,0.021,1.61,783.0,704.0,79.0,939.4,1022.8,813.9,731.7,82.1,976.4,1063.3,70,11,7,3,16,0,0,0,0,0,2480.315,4845.801,10213.255,19183.07,31617.772,America/Los_Angeles,34.03202,-118.52633,86.0,42.10615158081055,1.0,0.0,0.7655455612045367,0.7654471927019656,0.8991060025542784,0.10089399744572158,0.8990047917434575,0.10087234303968547,1.0,0.0,0.09999999999990905,70.0,0.0,98.5,1.0,,,,,,,,,,,,,,,,,2026-10-01 19:00:00+00:00,38.83385172737361,51.16614827262639,162.45234109904663,752.6846159243553,792.615004506071,135.26319522298888,783.0,939.4,79.0,0.7655455612045367,0,25.222222222222225,50,100.0,,2026-09-22T00:00Z,,,,,0.2,47.014,1.2303,nasa_power_ml_plus_cams_spectral,47.8,moderate,87.1,58.6,good locally,86.2,22.9,64.0,64.0,False,50,64.8,11.0,1,horizontal environmental reference,SSE,38.8,"sun 51° up (SSE) — lay flat, or lift torso ~39° toward SSE to face it",99.8,False,,,50.0,55.8,55.7,,not specified,Environmental scores are skin-type independent.,not personalized
2026-10-01T13:00,deterministic,best_match,78.2,47,56.4,78.5,64.6,1009.4,999.5,79199.48,0,0,0,0,0,1,0.0,0.0,0.0,0.0,10.5,153,10.5,6.5,6.5,3600.0,1,0.0,8.5,0.0,17158.792,3133.202,13.7,0.0,0.023,1.75,830.0,748.0,82.0,947.0,1078.3,831.7,749.5,82.2,949.0,1080.6,65,11,6,4,16,0,0,0,0,0,2470.473,4835.958,10206.693,19173.228,31612.478,America/Los_Angeles,34.03202,-118.52633,86.0,42.10615158081055,1.0,0.0,0.7697301307613837,0.7696650009254119,0.9012048192771084,0.09879518072289156,0.9011662859204039,0.098833714079596,1.0,0.0,0.0,65.0,0.0,98.6,1.0,,,,,,,,,,,,,,,,,2026-10-01 20:00:00+00:00,37.65842473596805,52.34157526403195,186.6787341050991,767.498526098409,797.1201036976831,136.44479388132572,830.0,947.0,82.0,0.7697301307613837,0,25.666666666666668,47,99.95,,2026-09-22T00:00Z,,,,,0.2,49.066,1.2933,nasa_power_ml_plus_cams_spectral,50.1,strong,90.5,64.4,excellent locally,86.1,26.9,65.4,65.4,False,47,64.6,10.5,1,horizontal environmental reference,S,37.7,"sun 52° up (S) — lay flat, or lift torso ~38° toward S to face it",99.8,False,,,50.0,58.4,58.3,,not specified,Environmental scores are skin-type independent.,not personalized
2026-10-01T14:00,deterministic,best_match,78.4,45,55.3,78.4,64.2,1009.0,999.1,79199.48,0,0,0,0,0,1,0.0,0.0,0.0,0.0,9.8,164,8.7,6.2,6.2,3600.0,1,0.0,8.8,0.0,17158.792,3051.181,13.6,0.0,0.022,1.83,810.0,727.0,83.0,939.2,1057.1,782.4,702.2,80.2,907.1,1021.1,61,12,6,4,14,0,0,0,0,0,2460.63,4829.397,10196.851,19166.666,31601.896,America/Los_Angeles,34.03202,-118.52633,86.0,42.10615158081055,1.0,0.0,0.7662472802951472,0.7662324943688179,0.8975308641975308,0.10246913580246914,0.8974948875255625,0.10250511247443764,1.0,0.0,-1.1368683772161603e-13,61.0,0.0,98.5,1.0,,,,,,,,,,,,,,,,,2026-10-01 21:00:00+00:00,41.569153405282485,48.430846594717515,209.4584490917262,716.7800504440804,781.167733130684,132.34517451729914,810.0,939.2,83.0,0.7662472802951472,0,25.777777777777782,45,99.91,,2026-09-22T00:00Z,,,,,0.2,46.957,1.2193,nasa_power_ml_plus_cams_spectral,47.9,moderate,87.3,71.7,good locally,84.9,32.5,66.6,66.6,False,45,64.2,9.8,1,horizontal environmental reference,SSW,41.6,"sun 48° up (SSW) — lay flat, or lift torso ~42° toward SSW to face it",99.8,False,,,50.0,57.3,57.2,,not specified,Environmental scores are skin-type independent.,not personalized
2026-10-01T15:00,deterministic,best_match,78.0,45,54.9,77.4,63.8,1008.8,998.9,79199.48,0,0,0,0,0,1,0.0,0.0,0.0,0.0,9.0,174,6.9,5.1,5.1,3600.0,1,0.0,9.0,0.0,17191.602,2887.139,14.0,0.0,0.02,1.8,728.0,653.0,75.0,928.5,960.7,673.5,604.1,69.4,859.0,888.9,61,16,4,4,14,0,0,0,0,0,2457.349,4826.116,10190.289,19166.666,31601.896,America/Los_Angeles,34.03202,-118.52633,86.0,42.10615158081055,1.0,0.0,0.7577807848443843,0.7576780290246372,0.896978021978022,0.10302197802197802,0.8969561989606534,0.10304380103934671,1.0,0.0,0.0,61.0,0.0,93.9,1.0,,,,,,,,,,,,,,,,,2026-10-01 22:00:00+00:00,49.35266313513856,40.64733686486144,227.4912074465435,604.4540836413503,739.6759357015857,122.62822271628744,728.0,928.5,75.0,0.7577807848443843,0,25.555555555555557,45,99.89,,2026-09-22T00:00Z,,,,,0.2,40.814,0.8963,nasa_power_ml_plus_cams_spectral,40.7,moderate,74.4,73.6,typical-to-good locally,60.2,38.4,52.6,52.6,False,45,63.8,9.0,1,horizontal environmental reference,SW,49.4,"sun 41° up (SW) — lay flat, or lift torso ~49° toward SW to face it",99.8,False,,,50.0,49.1,49.0,,not specified,Environmental scores are skin-type independent.,not personalized
2026-10-01T16:00,deterministic,best_match,76.9,47,55.1,75.5,63.5,1008.7,998.8,79199.48,0,0,0,0,0,1,0.0,0.0,0.0,0.0,7.9,188,5.4,3.85,3.85,3600.0,1,0.0,9.2,0.0,17257.218,2641.076,14.8,0.0,0.016,1.67,585.0,512.0,73.0,879.4,795.6,509.4,445.8,63.6,765.7,692.9,62,23,3,6,12,0,0,0,0,0,2450.787,4819.554,10187.008,19163.386,31596.606,America/Los_Angeles,34.03202,-118.52633,86.0,42.10615158081055,1.0,0.0,0.7352941176470588,0.7351710203492567,0.8752136752136752,0.12478632478632479,0.8751472320376915,0.12485276796230861,1.0,0.0,-5.684341886080802e-14,62.0,0.0,85.0,1.0,,,,,,,,,,,,,,,,,2026-10-01 23:00:00+00:00,59.46741876371986,30.53258123628014,241.11436012865732,439.74394948664366,656.8439663123821,106.0486612765888,585.0,879.4,73.0,0.7352941176470588,0,24.94444444444445,47,99.88,,2026-09-22T00:00Z,,,,,0.2,30.548,0.5383,nasa_power_ml_plus_cams_spectral,30.6,low-moderate,57.7,90.9,typical-to-good locally,52.9,44.5,50.0,50.0,False,47,63.5,7.9,1,horizontal environmental reference,WSW,59.5,"sun 31° up (WSW) — lay flat, or lift torso ~60° toward WSW to face it",99.8,False,,,50.0,40.4,40.3,,not specified,Environmental scores are skin-type independent.,not personalized
2026-10-01T17:00,deterministic,best_match,75.5,50,55.6,74.2,63.1,1008.7,998.8,79199.48,0,0,0,0,0,1,0.0,0.0,0.0,0.0,7.3,198,4.0,2.45,2.45,3600.0,1,0.0,9.3,0.0,17290.028,2345.801,15.7,0.0,0.011,1.51,397.0,335.0,62.0,799.3,573.1,309.1,260.8,48.3,622.3,446.5,63,29,2,6,12,0,0,0,0,0,2447.507,4816.273,10180.446,19163.386,31596.606,America/Los_Angeles,34.03202,-118.52633,86.0,42.10615158081055,1.0,0.0,0.6927237829349153,0.692273236282195,0.8438287153652393,0.1561712846347607,0.8437398900032351,0.1562601099967648,1.0,0.0,0.0,63.0,0.0,73.5,1.0,,,,,,,,,,,,,,,,,2026-10-02 00:00:00+00:00,70.85712761192305,19.142872388076956,251.8327393646784,239.16787743537145,490.06269461886103,78.46412766214658,397.0,799.3,62.0,0.6927237829349153,0,24.166666666666668,50,99.88,,2026-09-22T00:00Z,,,,,0.2,19.291,0.1657,nasa_power_ml_plus_cams_spectral,19.4,low,41.2,99.8,below typical locally,32.4,49.6,38.4,38.4,False,50,63.1,7.3,1,horizontal environmental reference,WSW,70.9,"sun low 19° (WSW) — face WSW, lift torso ~71° toward the sun if comfortable",99.8,False,,,50.0,28.3,28.2,,not specified,Environmental scores are skin-type independent.,not personalized
2026-10-01T18:00,deterministic,best_match,73.7,55,56.5,73.0,62.8,1008.8,998.9,79199.48,0,0,0,0,0,1,0.0,0.0,0.0,0.0,6.4,205,3.4,1.05,1.05,3600.0,1,0.0,9.4,0.0,17257.218,1902.887,16.8,0.0,0.006,1.28,182.0,136.0,46.0,604.1,308.3,98.0,73.2,24.8,325.1,166.4,62,36,2,6,10,0,0,0,0,0,2450.787,4819.554,10187.008,19169.948,31601.896,America/Los_Angeles,34.03202,-118.52633,86.0,42.10615158081055,1.0,0.0,0.5903340901719104,0.5889423076923077,0.7472527472527473,0.25274725274725274,0.7469387755102042,0.2530612244897959,1.0,0.0,0.0,62.0,0.0,56.5,1.0,,,,,,,,,,,,,,,,,2026-10-02 01:00:00+00:00,82.86761591825858,7.132384081741427,260.9316913674246,43.21361339533258,138.5315262320215,26.013216075713252,182.0,604.1,46.0,0.5903340901719104,0,23.166666666666668,55,99.89,,2026-09-22T00:00Z,,,,,0.2,7.169,0.0313,nasa_power_ml_plus_cams_spectral,7.7,low,22.5,100.0,poor locally,32.2,71.7,46.0,46.0,False,55,62.8,6.4,1,horizontal environmental reference,W,82.9,"sun low 7° (W) — face W, lift torso ~83° toward the sun if comfortable",99.8,False,,,50.0,15.3,15.3,,not specified,Environmental scores are skin-type independent.,not personalized
2026-10-01T19:00,deterministic,best_match,71.5,62,57.8,71.8,62.6,1009.1,999.1,79199.48,0,0,0,0,0,1,0.0,0.0,0.0,0.0,5.4,204,3.1,0.1,0.1,2026.21,0,0.0,9.4,0.0,17257.218,1410.761,18.1,0.0,0.002,1.0,16.0,11.0,5.0,133.9,47.2,0.0,0.0,0.0,0.0,0.0,61,42,2,6,10,0,0,0,0,0,2454.068,4822.835,10193.569,19176.51,31607.19,America/Los_Angeles,34.03202,-118.52633,86.0,42.10615158081055,1.0,0.0,0.3389830508474576,,0.6875,0.3125,,,0.5628361111111111,0.0,0.0,61.0,0.0,34.3,1.0,,,,,,,,,,,,,,,,,2026-10-02 02:00:00+00:00,95.37528500106751,-5.375285001067511,269.3649143169438,0.0,0.0,0.0,16.0,133.9,5.0,0.3389830508474576,0,21.944444444444446,62,99.91,,2026-09-22T00:00Z,,,,,0.2,0.0,0.0,nasa_power_ml_plus_cams_spectral,0.3,low,0.4,43.0,poor locally,,,,,False,62,62.6,5.4,1,horizontal environmental reference,W,,sun below horizon — no direct-sun posture,99.8,False,,,50.0,0.0,0.0,,not specified,Environmental scores are skin-type independent.,not personalized
2026-10-01T20:00,deterministic,best_match,70.0,67,58.5,71.0,62.4,1009.3,999.3,79199.48,0,0,0,0,0,1,0.0,0.0,0.0,0.0,4.3,201,3.4,0.0,0.0,0.0,0,0.0,9.4,0.0,17224.41,1115.486,19.1,0.0,0.001,0.83,0.0,0.0,0.0,0.0,0.0,0.0,0.0,0.0,0.0,0.0,61,47,2,7,10,0,0,0,0,0,2457.349,4826.116,10200.131,19183.07,31612.478,America/Los_Angeles,34.03202,-118.52633,86.0,42.10615158081055,,,,,,,,,0.0,0.0,0.0,61.0,0.0,0.0,0.6,,,,,,,,,,,,,,,,,2026-10-02 03:00:00+00:00,107.78049240741143,-17.780492407411426,277.94557750628906,0.0,0.0,0.0,0.0,0.0,0.0,,0,21.11111111111111,67,99.92999999999999,,2026-09-22T00:00Z,,,,,0.2,0.0,0.0,nasa_power_ml_plus_cams_spectral,0.0,low,0.0,,poor locally,,,,,False,67,62.4,4.3,1,horizontal environmental reference,W,,sun below horizon — no direct-sun posture,99.8,False,,,50.0,0.0,0.0,,not specified,Environmental scores are skin-type independent.,not personalized
2026-10-01T21:00,deterministic,best_match,69.8,68,58.7,71.2,62.5,1009.5,999.5,79199.48,0,0,0,0,0,1,0.0,0.0,0.0,0.0,3.6,184,4.0,0.0,0.0,0.0,0,0.0,9.2,0.0,17191.602,1213.911,19.8,0.0,0.001,0.8,0.0,0.0,0.0,0.0,0.0,0.0,0.0,0.0,0.0,0.0,65,48,2,9,14,0,0,0,0,0,2460.63,4826.116,10203.412,19183.07,31617.772,America/Los_Angeles,34.03202,-118.52633,86.0,42.10615158081055,,,,,,,,,0.0,0.0,0.0,65.0,0.0,0.0,0.6,,,,,,,,,,,,,,,,,2026-10-02 04:00:00+00:00,119.9071710174358,-29.9071710174358,287.5802248326043,0.0,0.0,0.0,0.0,0.0,0.0,,0,21.0,68,99.95,,2026-09-22T00:00Z,,,,,0.2,0.0,0.0,nasa_power_ml_plus_cams_spectral,0.0,low,0.0,,poor locally,,,,,False,68,62.5,3.6,1,horizontal environmental reference,WNW,,sun below horizon — no direct-sun posture,99.8,False,,,50.0,0.0,0.0,,not specified,Environmental scores are skin-type independent.,not personalized
2026-10-01T22:00,deterministic,best_match,70.2,67,58.8,71.5,62.7,1009.6,999.6,79199.48,0,0,0,0,0,1,0.0,0.0,0.0,0.0,4.0,153,5.1,0.0,0.0,0.0,0,0.0,8.9,0.0,17125.984,1509.186,20.3,0.0,0.001,0.83,0.0,0.0,0.0,0.0,0.0,0.0,0.0,0.0,0.0,0.0,71,48,3,11,20,0,0,0,0,0,2460.63,4829.397,10206.693,19179.792,31623.064,America/Los_Angeles,34.03202,-118.52633,86.0,42.10615158081055,,,,,,,,,0.0,0.0,0.0,71.0,0.0,0.0,0.6,,,,,,,,,,,,,,,,,2026-10-02 05:00:00+00:00,131.31460999059044,-41.31460999059044,299.5689444132386,0.0,0.0,0.0,0.0,0.0,0.0,,0,21.222222222222225,67,99.96000000000001,,2026-09-22T00:00Z,,,,,0.2,0.0,0.0,nasa_power_ml_plus_cams_spectral,0.0,low,0.0,,poor locally,,,,,False,67,62.7,4.0,1,horizontal environmental reference,WNW,,sun below horizon — no direct-sun posture,99.8,False,,,50.0,0.0,0.0,,not specified,Environmental scores are skin-type independent.,not personalized
2026-10-01T23:00,deterministic,best_match,70.5,66,58.6,71.4,62.7,1009.6,999.6,79199.48,0,0,0,0,0,1,0.0,0.0,0.0,0.0,4.6,137,5.8,0.0,0.0,0.0,0,0.0,8.7,0.0,17093.176,1722.441,20.6,0.0,0.001,0.87,0.0,0.0,0.0,0.0,0.0,0.0,0.0,0.0,0.0,0.0,75,47,3,14,24,0,0,0,0,0,2463.911,4829.397,10209.974,19179.792,31628.354,America/Los_Angeles,34.03202,-118.52633,86.0,42.10615158081055,,,,,,,,,0.0,0.0,0.0,75.0,0.0,0.0,0.6,,,,,,,,,,,,,,,,,2026-10-02 06:00:00+00:00,141.18355868076367,-51.18355868076366,315.9693255007451,0.0,0.0,0.0,0.0,0.0,0.0,,0,21.38888888888889,66,99.96000000000001,,2026-09-22T00:00Z,,,,,0.2,0.0,0.0,nasa_power_ml_plus_cams_spectral,0.0,low,0.0,,poor locally,,,,,False,66,62.7,4.6,1,horizontal environmental reference,NW,,sun below horizon — no direct-sun posture,99.8,False,,,50.0,0.0,0.0,,not specified,Environmental scores are skin-type independent.,not personalized
2026-10-02T00:00,deterministic,best_match,70.1,66,58.3,70.9,62.4,1009.4,999.4,79199.48,0,0,0,0,0,1,0.0,0.0,0.0,0.0,4.8,131,5.8,0.0,0.0,0.0,0,0.0,8.8,0.0,17027.558,1689.633,20.5,0.0,0.001,0.86,0.0,0.0,0.0,0.0,0.0,0.0,0.0,0.0,0.0,0.0,75,47,3,16,24,0,0,0,0,0,2454.068,4819.554,10200.131,19166.666,31617.772,America/Los_Angeles,34.03202,-118.52633,86.0,42.10615158081055,,,,,,,,,0.0,0.0,0.0,75.0,0.0,0.0,0.6,,,,,,,,,,,,,,,,,2026-10-02 07:00:00+00:00,147.92933562257966,-57.929335622579664,339.2198790088385,0.0,0.0,0.0,0.0,0.0,0.0,,0,21.166666666666664,66,99.94,,2026-09-22T00:00Z,,,,,0.2,0.0,0.0,nasa_power_ml_plus_cams_spectral,0.0,low,0.0,,poor locally,,,,,False,66,62.4,4.8,1,horizontal environmental reference,NNW,,sun below horizon — no direct-sun posture,99.8,False,,,50.0,0.0,0.0,,not specified,Environmental scores are skin-type independent.,not personalized
2026-10-02T01:00,deterministic,best_match,69.6,67,58.2,70.3,62.1,1009.0,999.0,79199.48,0,0,0,0,0,1,0.0,0.0,0.0,0.0,4.6,129,5.4,0.0,0.0,0.0,0,0.0,9.0,0.0,16929.134,1574.803,20.1,0.0,0.001,0.82,0.0,0.0,0.0,0.0,0.0,0.0,0.0,0.0,0.0,0.0,73,47,4,17,24,0,0,0,0,0,2444.226,4806.431,10193.569,19153.542,31601.896,America/Los_Angeles,34.03202,-118.52633,86.0,42.10615158081055,,,,,,,,,0.0,0.0,0.0,73.0,0.0,0.0,0.6,,,,,,,,,,,,,,,,,2026-10-02 08:00:00+00:00,149.34599176671207,-59.34599176671209,8.090030709335224,0.0,0.0,0.0,0.0,0.0,0.0,,0,20.888888888888886,67,99.9,,2026-09-22T00:00Z,,,,,0.2,0.0,0.0,nasa_power_ml_plus_cams_spectral,0.0,low,0.0,,poor locally,,,,,False,67,62.1,4.6,1,horizontal environmental reference,N,,sun below horizon — no direct-sun posture,99.8,False,,,50.0,0.0,0.0,,not specified,Environmental scores are skin-type independent.,not personalized
2026-10-02T02:00,deterministic,best_match,69.1,68,58.1,69.8,61.8,1008.7,998.7,79199.48,0,0,0,0,0,1,0.0,0.0,0.0,0.0,4.5,127,5.1,0.0,0.0,0.0,0,0.0,9.2,0.0,16863.518,1476.378,19.9,0.0,0.001,0.78,0.0,0.0,0.0,0.0,0.0,0.0,0.0,0.0,0.0,0.0,72,46,6,19,24,0,0,0,0,0,2434.383,4796.588,10183.728,19140.42,31591.312,America/Los_Angeles,34.03202,-118.52633,86.0,42.10615158081055,,,,,,,,,0.0,0.0,0.0,72.0,0.0,0.0,0.6,,,,,,,,,,,,,,,,,2026-10-02 09:00:00+00:00,144.77541572117119,-54.77541572117118,34.534369995525026,0.0,0.0,0.0,0.0,0.0,0.0,,0,20.611111111111107,68,99.87,,2026-09-22T00:00Z,,,,,0.2,0.0,0.0,nasa_power_ml_plus_cams_spectral,0.0,low,0.0,,poor locally,,,,,False,68,61.8,4.5,1,horizontal environmental reference,NE,,sun below horizon — no direct-sun posture,99.8,False,,,50.0,0.0,0.0,,not specified,Environmental scores are skin-type independent.,not personalized
2026-10-02T03:00,deterministic,best_match,68.6,70,58.4,69.5,61.9,1008.5,998.5,79199.48,0,0,0,0,0,1,0.0,0.0,0.0,0.0,4.5,127,5.1,0.0,0.0,0.0,0,0.0,9.4,0.0,17027.558,1459.974,20.0,0.0,0.001,0.72,0.0,0.0,0.0,0.0,0.0,0.0,0.0,0.0,0.0,0.0,74,44,7,19,26,0,0,0,0,0,2431.102,4790.027,10177.165,19137.138,31586.02,America/Los_Angeles,34.03202,-118.52633,86.0,42.10615158081055,,,,,,,,,0.0,0.0,0.0,74.0,0.0,0.0,0.6,,,,,,,,,,,,,,,,,2026-10-02 10:00:00+00:00,136.07673933978816,-46.07673933978816,53.81716877538372,0.0,0.0,0.0,0.0,0.0,0.0,,0,20.333333333333332,70,99.85,,2026-09-22T00:00Z,,,,,0.2,0.0,0.0,nasa_power_ml_plus_cams_spectral,0.0,low,0.0,,poor locally,,,,,False,70,61.9,4.5,1,horizontal environmental reference,NE,,sun below horizon — no direct-sun posture,99.8,False,,,50.0,0.0,0.0,,not specified,Environmental scores are skin-type independent.,not personalized
2026-10-02T04:00,deterministic,best_match,68.3,72,58.9,69.3,62.0,1008.4,998.4,79199.48,0,0,0,0,0,1,0.0,0.0,0.0,0.0,4.6,133,5.4,0.0,0.0,0.0,0,0.0,9.6,0.0,17158.792,1459.974,20.2,0.0,0.001,0.66,0.0,0.0,0.0,0.0,0.0,0.0,0.0,0.0,0.0,0.0,77,42,9,17,28,0,0,0,0,0,2424.541,4783.465,10170.604,19133.86,31586.02,America/Los_Angeles,34.03202,-118.52633,86.0,42.10615158081055,,,,,,,,,0.0,0.0,0.0,77.0,0.0,0.0,0.6,,,,,,,,,,,,,,,,,2026-10-02 11:00:00+00:00,125.23821931019228,-35.23821931019227,67.5125591182798,0.0,0.0,0.0,0.0,0.0,0.0,,0,20.166666666666664,72,99.84,,2026-09-22T00:00Z,,,,,0.2,0.0,0.0,nasa_power_ml_plus_cams_spectral,0.0,low,0.0,,poor locally,,,,,False,72,62.0,4.6,1,horizontal environmental reference,ENE,,sun below horizon — no direct-sun posture,99.8,False,,,50.0,0.0,0.0,,not specified,Environmental scores are skin-type independent.,not personalized
2026-10-02T05:00,deterministic,best_match,68.0,73,59.0,69.1,62.0,1008.4,998.4,79199.48,0,0,0,0,0,1,0.0,0.0,0.0,0.0,4.4,135,5.4,0.0,0.0,0.0,0,0.0,9.7,0.0,17322.834,1459.974,20.2,0.0,0.001,0.63,0.0,0.0,0.0,0.0,0.0,0.0,0.0,0.0,0.0,0.0,79,40,11,16,28,0,0,0,0,0,2421.26,4776.903,10164.042,19130.578,31580.73,America/Los_Angeles,34.03202,-118.52633,86.0,42.10615158081055,,,,,,,,,0.0,0.0,0.0,79.0,0.0,0.0,0.6,,,,,,,,,,,,,,,,,2026-10-02 12:00:00+00:00,113.37833586878936,-23.37833586878936,78.03197031668583,0.0,0.0,0.0,0.0,0.0,0.0,,0,20.0,73,99.84,,2026-09-22T00:00Z,,,,,0.2,0.0,0.0,nasa_power_ml_plus_cams_spectral,0.0,low,0.0,,poor locally,,,,,False,73,62.0,4.4,1,horizontal environmental reference,ENE,,sun below horizon — no direct-sun posture,99.8,False,,,50.0,0.0,0.0,,not specified,Environmental scores are skin-type independent.,not personalized
2026-10-02T06:00,deterministic,best_match,67.8,74,59.2,69.2,62.0,1008.7,998.6,79199.48,0,0,0,0,0,1,0.0,0.0,0.0,0.0,4.0,137,4.9,0.0,0.0,0.0,0,0.0,9.7,0.0,17355.642,1427.165,19.7,0.0,0.001,0.6,0.0,0.0,0.0,0.0,0.0,0.0,0.0,0.0,0.0,0.0,80,37,14,13,26,0,0,0,0,0,2434.383,4790.027,10173.885,19143.702,31586.02,America/Los_Angeles,34.03202,-118.52633,86.0,42.10615158081055,,,,,,,,,0.0,0.0,0.0,80.0,0.0,0.0,0.6,,,,,,,,,,,,,,,,,2026-10-02 13:00:00+00:00,101.07156325976511,-11.071563259765114,86.9815107114004,0.0,0.0,0.0,0.0,0.0,0.0,,0,19.88888888888889,74,99.86,,2026-09-22T00:00Z,,,,,0.2,0.0,0.0,nasa_power_ml_plus_cams_spectral,0.0,low,0.0,0.0,poor locally,,,,,False,74,62.0,4.0,1,horizontal environmental reference,E,,sun below horizon — no direct-sun posture,99.2,False,,cold,50.0,0.0,0.0,,not specified,Environmental scores are skin-type independent.,not personalized
2026-10-02T07:00,deterministic,best_match,67.9,74,59.3,69.6,62.1,1009.3,999.2,79199.48,0,0,0,0,0,1,0.0,0.0,0.0,0.0,3.3,138,4.3,0.0,0.0,0.0,1,0.0,9.5,0.0,17421.26,1410.761,18.9,0.0,0.001,0.61,0.0,0.0,0.0,0.0,1.7,0.0,0.0,0.0,0.0,32.0,81,34,18,10,24,0,0,0,0,0,2447.507,4799.869,10180.446,19160.106,31596.606,America/Los_Angeles,34.03202,-118.52633,86.0,42.10615158081055,,,0.0,0.0,,,,,0.0,0.0,0.0,81.0,0.0,0.0,0.75,,,,,,,,,,,,,,,,,2026-10-02 14:00:00+00:00,88.3351379479024,1.6648620520975976,95.40438622302463,1.0914092085429572,3.093223473159618,1.00154105825306,0.0,0.0,0.0,0.0,0,19.94444444444445,74,99.92,,2026-09-22T00:00Z,,,,,0.2,0.211,0.0,nasa_power_ml_plus_cams_spectral,0.1,low,0.0,0.0,poor locally,32.1,75.8,47.4,47.4,False,74,62.1,3.3,1,horizontal environmental reference,E,88.3,"sun low 2° (E) — face E, lift torso ~88° toward the sun if comfortable",99.5,False,,cold,50.0,0.5,0.5,,not specified,Environmental scores are skin-type independent.,not personalized
2026-10-02T08:00,deterministic,best_match,68.5,73,59.5,70.4,62.5,1009.7,999.7,79199.48,0,0,0,0,0,1,0.0,0.0,0.0,0.0,3.0,144,3.8,0.55,0.55,3600.0,1,0.0,9.4,0.0,17454.068,1492.782,18.2,0.0,0.002,0.64,87.0,57.0,30.0,406.7,177.5,156.7,102.7,54.0,732.7,320.6,81,31,20,7,24,0,0,0,0,0,2460.63,4812.992,10190.289,19173.228,31601.896,America/Los_Angeles,34.03202,-118.52633,86.0,42.10615158081055,1.0,0.0,0.49014084507042255,0.4887710542732376,0.6551724137931034,0.3448275862068966,0.6553924696873007,0.3446075303126995,1.0,0.0,0.0,81.0,0.0,60.8,1.0,,,,,,,,,,,,,,,,,2026-10-02 15:00:00+00:00,76.36196969552911,13.638030304470892,104.12607090203323,142.84800213692878,356.98401178446795,58.67574002320461,87.0,406.7,30.0,0.49014084507042255,0,20.27777777777778,73,99.97,,2026-09-22T00:00Z,,,,,0.2,5.305,0.0241,nasa_power_ml_plus_cams_spectral,4.9,low,18.3,47.0,poor locally,43.3,55.7,47.6,47.6,False,73,62.5,3.0,1,horizontal environmental reference,ESE,76.4,"sun low 14° (ESE) — face ESE, lift torso ~76° toward the sun if comfortable",99.8,False,,,50.0,10.5,10.5,,not specified,Environmental scores are skin-type independent.,not personalized
2026-10-02T09:00,deterministic,best_match,70.2,68,59.2,72.0,62.9,1010.0,1000.0,79199.48,0,0,0,0,0,1,0.0,0.0,0.0,0.0,3.0,153,3.6,2.0,2.0,3600.0,1,0.0,9.3,0.0,17421.26,1804.462,17.5,0.0,0.007,0.81,298.0,242.0,56.0,724.9,455.1,382.2,310.4,71.8,929.6,584.0,81,28,19,6,26,0,0,0,0,0,2467.192,4822.835,10200.131,19186.352,31612.478,America/Los_Angeles,34.03202,-118.52633,86.0,42.10615158081055,1.0,0.0,0.6548011426060206,0.6544520547945205,0.8120805369127517,0.18791946308724833,0.8121402407116692,0.1878597592883307,1.0,0.0,0.0,81.0,0.0,75.5,1.0,,,,,,,,,,,,,,,,,2026-10-02 16:00:00+00:00,64.65796112373606,25.342038876263945,114.00898055054802,349.540462273245,594.442297773603,95.10662271862336,298.0,724.9,56.0,0.6548011426060206,0,21.222222222222225,68,100.0,,2026-09-22T00:00Z,,,,,0.2,16.823,0.2091,nasa_power_ml_plus_cams_spectral,16.4,low,37.6,53.2,below typical locally,57.0,61.5,58.6,58.6,False,68,62.9,3.0,1,horizontal environmental reference,ESE,64.7,"sun low 25° (ESE) — face ESE, lift torso ~65° toward the sun if comfortable",99.8,False,,,50.0,25.3,25.2,,not specified,Environmental scores are skin-type independent.,not personalized
2026-10-02T10:00,deterministic,best_match,72.5,61,58.3,73.8,63.3,1010.1,1000.1,79199.48,0,0,0,0,0,1,0.0,0.0,0.0,0.0,3.4,169,3.6,3.45,3.45,3600.0,1,0.0,9.3,0.0,17388.452,2214.567,16.8,0.0,0.012,1.06,494.0,420.0,74.0,820.7,698.3,568.8,483.6,85.2,944.9,804.1,81,24,16,4,28,0,0,0,0,0,2477.034,4829.397,10213.255,19202.756,31628.354,America/Los_Angeles,34.03202,-118.52633,86.0,42.10615158081055,1.0,0.0,0.7074323356723472,0.7073747046387264,0.8502024291497976,0.14979757085020243,0.8502109704641351,0.149789029535865,1.0,0.0,-1.1368683772161603e-13,81.0,0.0,84.2,1.0,,,,,,,,,,,,,,,,,2026-10-02 17:00:00+00:00,53.9171617375551,36.0828382624449,126.16431527685688,532.7076748498685,707.769989536982,115.86348572148916,494.0,820.7,74.0,0.7074323356723472,0,22.5,61,100.01,,2026-09-22T00:00Z,,,,,0.2,28.885,0.5914,nasa_power_ml_plus_cams_spectral,28.3,low-moderate,55.1,46.9,typical-to-good locally,60.3,62.6,61.1,61.1,False,61,63.3,3.4,1,horizontal environmental reference,SE,53.9,"sun 36° up (SE) — lay flat, or lift torso ~54° toward SE to face it",99.8,False,,,50.0,36.9,36.8,,not specified,Environmental scores are skin-type independent.,not personalized
2026-10-02T11:00,deterministic,best_match,74.5,56,57.7,76.3,63.8,1010.1,1000.2,79199.48,0,0,0,0,0,1,0.0,0.0,0.0,0.0,4.3,180,3.6,4.8,4.8,3600.0,1,0.0,9.2,0.0,17355.642,2493.438,16.3,0.0,0.017,1.28,654.0,571.0,83.0,875.5,890.4,709.4,619.4,90.0,949.7,966.0,79,22,12,4,30,0,0,0,0,0,2483.596,4839.239,10223.098,19215.878,31638.938,America/Los_Angeles,34.03202,-118.52633,86.0,42.10615158081055,1.0,0.0,0.7345013477088949,0.7343685300207039,0.8730886850152905,0.12691131498470948,0.8731322244149986,0.12686777558500142,1.0,0.0,0.0,79.0,0.0,91.7,1.0,,,,,,,,,,,,,,,,,2026-10-02 18:00:00+00:00,44.98024935554997,45.01975064445003,142.03416647757717,669.7162505026515,765.2254534422373,128.43365210756383,654.0,875.5,83.0,0.7345013477088949,0,23.61111111111111,56,100.02000000000001,,2026-09-22T00:00Z,,,,,0.2,39.69,0.9479,nasa_power_ml_plus_cams_spectral,39.0,moderate,71.6,41.8,typical-to-good locally,70.4,62.1,67.5,67.5,False,56,63.8,4.3,1,horizontal environmental reference,SE,45.0,"sun 45° up (SE) — lay flat, or lift torso ~45° toward SE to face it",99.8,False,,,50.0,46.7,46.6,,not specified,Environmental scores are skin-type independent.,not personalized
2026-10-02T12:00,deterministic,best_match,75.9,53,57.6,78.3,64.3,1009.7,999.8,79199.48,0,0,0,0,0,0,0.0,0.0,0.0,0.0,5.7,191,3.8,6.05,6.05,3600.0,1,0.0,9.0,0.0,17486.876,2575.459,16.0,0.0,0.02,1.44,774.0,694.0,80.0,930.7,1018.3,804.5,721.3,83.2,967.4,1058.5,76,22,10,4,28,0,0,0,0,0,2473.754,4835.958,10219.816,19219.16,31638.938,America/Los_Angeles,34.03202,-118.52633,86.0,42.10615158081055,1.0,0.0,0.7600903466561917,0.7600377893245158,0.896640826873385,0.10335917312661498,0.8965817277812306,0.10341827221876942,1.0,0.0,0.0,76.0,0.0,98.6,1.0,,,,,,,,,,,,,,,,,2026-10-02 19:00:00+00:00,39.18883041256483,50.81116958743517,162.72747361379902,748.5766323334749,791.6720796726962,134.97718577878015,774.0,930.7,80.0,0.7600903466561917,0,24.388888888888893,53,99.97999999999999,,2026-09-22T00:00Z,,,,,0.2,46.221,1.1918,nasa_power_ml_plus_cams_spectral,47.0,moderate,86.3,56.2,good locally,87.1,59.6,77.5,77.5,False,53,64.3,5.7,0,horizontal environmental reference,SSE,39.2,"sun 51° up (SSE) — lay flat, or lift torso ~39° toward SSE to face it",100.0,False,,,50.0,56.5,56.5,,not specified,Environmental scores are skin-type independent.,not personalized
2026-10-02T13:00,deterministic,best_match,77.1,52,58.1,79.1,65.0,1009.2,999.3,79199.48,0,0,0,0,0,0,0.0,0.0,0.0,0.0,7.9,200,4.0,6.4,6.4,3600.0,1,0.0,8.8,0.0,17585.302,2526.247,15.9,0.0,0.022,1.52,822.0,740.0,82.0,941.8,1073.3,823.5,741.4,82.2,943.5,1075.4,71,22,9,3,22,0,0,0,0,0,2463.911,4832.677,10216.535,19219.16,31638.938,America/Los_Angeles,34.03202,-118.52633,86.0,42.10615158081055,1.0,0.0,0.7658622938600578,0.7657615770875953,0.9002433090024331,0.09975669099756691,0.9003035822707953,0.09981785063752277,1.0,0.0,-0.10000000000002274,71.0,0.0,98.7,1.0,,,,,,,,,,,,,,,,,2026-10-02 20:00:00+00:00,38.05115865943889,51.94884134056111,186.7464740188338,763.0388768545755,796.1085561893914,136.1346572905751,822.0,941.8,82.0,0.7658622938600578,0,25.055555555555554,52,99.92999999999999,,2026-09-22T00:00Z,,,,,0.2,48.714,1.2788,nasa_power_ml_plus_cams_spectral,49.6,moderate,90.3,64.2,excellent locally,89.0,61.2,79.3,79.3,False,52,65.0,7.9,0,horizontal environmental reference,S,38.1,"sun 52° up (S) — lay flat, or lift torso ~38° toward S to face it",100.0,False,,,50.0,59.7,59.7,,not specified,Environmental scores are skin-type independent.,not personalized
2026-10-02T14:00,deterministic,best_match,77.3,52,58.4,78.7,65.2,1008.7,998.8,79199.48,0,0,0,0,0,0,0.0,0.0,0.0,0.0,9.1,205,4.5,6.1,6.1,3600.0,1,0.0,8.7,0.0,17716.536,2345.801,15.8,0.0,0.021,1.54,801.0,718.0,83.0,932.8,1051.7,773.4,693.2,80.1,900.6,1015.5,66,23,8,3,18,0,0,0,0,0,2454.068,4829.397,10213.255,19222.442,31638.938,America/Los_Angeles,34.03202,-118.52633,86.0,42.10615158081055,1.0,0.0,0.7616240372729866,0.7615952732644018,0.8963795255930087,0.10362047440699126,0.896302042927334,0.10356865787432118,1.0,0.0,0.09999999999990905,66.0,0.0,98.6,1.0,,,,,,,,,,,,,,,,,2026-10-02 21:00:00+00:00,41.95473841582966,48.04526158417034,209.33063278583901,711.9797957120527,779.8963094410631,131.99182531717634,801.0,932.8,83.0,0.7616240372729866,0,25.166666666666668,52,99.88,,2026-09-22T00:00Z,,,,,0.2,46.827,1.1984,nasa_power_ml_plus_cams_spectral,47.5,moderate,87.1,71.5,good locally,87.9,63.4,79.3,79.3,False,52,65.2,9.1,0,horizontal environmental reference,SSW,42.0,"sun 48° up (SSW) — lay flat, or lift torso ~42° toward SSW to face it",100.0,False,,,50.0,58.5,58.5,,not specified,Environmental scores are skin-type independent.,not personalized
2026-10-02T15:00,deterministic,best_match,76.1,55,58.7,76.8,65.0,1008.4,998.5,79199.48,0,0,0,0,0,0,0.0,0.0,0.0,0.0,8.9,212,5.6,5.0,5.0,3600.0,1,0.0,8.9,0.0,17814.96,1952.1,15.7,0.0,0.019,1.38,717.0,641.0,76.0,917.5,954.9,662.9,592.6,70.3,848.2,882.9,59,23,7,3,14,0,0,0,0,0,2447.507,4829.397,10219.816,19229.002,31649.524,America/Los_Angeles,34.03202,-118.52633,86.0,42.10615158081055,1.0,0.0,0.7508639648130695,0.7508211575489863,0.8940027894002789,0.10599721059972106,0.89395082214512,0.10604917785488008,1.0,0.0,0.0,59.0,0.0,93.3,1.0,,,,,,,,,,,,,,,,,2026-10-02 22:00:00+00:00,49.70727548171562,40.29272451828438,227.26310821336122,599.3591575451451,737.8417774815816,122.20209671851217,717.0,917.5,76.0,0.7508639648130695,0,24.499999999999996,55,99.85,,2026-09-22T00:00Z,,,,,0.2,40.579,0.8888,nasa_power_ml_plus_cams_spectral,40.2,moderate,74.0,72.8,typical-to-good locally,63.1,64.5,63.6,63.6,False,55,65.0,8.9,0,horizontal environmental reference,SW,49.7,"sun 40° up (SW) — lay flat, or lift torso ~50° toward SW to face it",100.0,False,,,50.0,50.1,50.1,,not specified,Environmental scores are skin-type independent.,not personalized
2026-10-02T16:00,deterministic,best_match,74.0,61,59.7,74.1,64.7,1008.2,998.3,79199.48,0,0,0,0,0,0,0.0,0.0,0.0,0.0,8.2,221,6.7,3.7,3.7,3600.0,1,0.0,9.2,0.0,17880.578,1427.165,15.6,0.0,0.015,1.12,575.0,501.0,74.0,867.7,789.4,500.0,435.6,64.3,754.5,686.6,51,22,7,4,12,0,0,0,0,0,2444.226,4832.677,10223.098,19238.846,31654.812,America/Los_Angeles,34.03202,-118.52633,86.0,42.10615158081055,1.0,0.0,0.728401317456296,0.7282260413632391,0.871304347826087,0.12869565217391304,0.8712000000000001,0.1286,1.0,0.0,0.0999999999999659,51.0,0.0,84.0,1.0,,,,,,,,,,,,,,,,,2026-10-02 23:00:00+00:00,59.79071588544266,30.20928411455734,240.8520081894589,434.4588333482217,653.8155774818684,105.48499672968512,575.0,867.7,74.0,0.728401317456296,0,23.333333333333336,61,99.83,,2026-09-22T00:00Z,,,,,0.2,30.695,0.5224,nasa_power_ml_plus_cams_spectral,30.1,low-moderate,57.4,90.9,typical-to-good locally,51.5,64.9,56.2,56.2,False,61,64.7,8.2,0,horizontal environmental reference,WSW,59.8,"sun 30° up (WSW) — lay flat, or lift torso ~60° toward WSW to face it",100.0,False,,,50.0,40.7,40.7,,not specified,Environmental scores are skin-type independent.,not personalized
2026-10-02T17:00,deterministic,best_match,72.5,65,60.1,72.7,64.3,1008.1,998.1,79199.48,0,0,0,0,0,0,0.0,0.0,0.0,0.0,7.4,229,7.4,2.25,2.25,3600.0,1,0.0,9.3,0.0,17979.002,1000.656,15.6,0.0,0.01,0.95,390.0,327.0,63.0,789.5,566.6,302.6,253.7,48.9,612.6,439.9,46,22,6,4,10,0,0,0,0,0,2437.664,4832.677,10229.659,19245.406,31665.398,America/Los_Angeles,34.03202,-118.52633,86.0,42.10615158081055,1.0,0.0,0.6883162725026474,0.6878836099113436,0.8384615384615385,0.16153846153846155,0.838400528750826,0.16159947124917382,1.0,0.0,5.684341886080802e-14,46.0,0.0,72.3,1.0,,,,,,,,,,,,,,,,,2026-10-03 00:00:00+00:00,71.15687908226926,18.843120917730747,251.5618135607382,233.97073950917692,484.22822113914407,77.57565094705683,390.0,789.5,63.0,0.6883162725026474,0,22.5,65,99.81,,2026-09-22T00:00Z,,,,,0.2,18.71,0.1604,nasa_power_ml_plus_cams_spectral,18.4,low,40.0,99.5,below typical locally,34.1,65.4,45.1,45.1,False,65,64.3,7.4,0,horizontal environmental reference,WSW,71.2,"sun low 19° (WSW) — face WSW, lift torso ~71° toward the sun if comfortable",100.0,False,,,50.0,28.0,28.0,,not specified,Environmental scores are skin-type independent.,not personalized
2026-10-02T18:00,deterministic,best_match,72.1,67,60.6,73.1,64.4,1008.3,998.3,79199.48,0,0,0,0,0,1,0.0,0.0,0.0,0.0,6.2,229,6.9,0.9,0.9,3600.0,1,0.0,9.1,0.0,18011.81,787.402,15.9,0.0,0.005,0.89,177.0,130.0,47.0,590.6,301.7,93.4,68.6,24.8,311.7,159.7,46,23,6,4,10,0,0,0,0,0,2450.787,4845.801,10242.782,19261.81,31686.562,America/Los_Angeles,34.03202,-118.52633,86.0,42.10615158081055,1.0,0.0,0.5866755054690089,0.5848465873512837,0.7344632768361582,0.2655367231638418,0.7344753747323339,0.26552462526766596,1.0,0.0,1.4210854715202004e-14,46.0,0.0,55.2,1.0,,,,,,,,,,,,,,,,,2026-10-03 01:00:00+00:00,83.14985721125547,6.850142788744534,260.6579854738918,39.7180706701641,128.41187749147332,24.40201065153842,177.0,590.6,47.0,0.5866755054690089,0,22.277777777777775,67,99.83,,2026-09-22T00:00Z,,,,,0.2,7.234,0.0334,nasa_power_ml_plus_cams_spectral,7.2,low,21.6,100.0,poor locally,34.1,72.8,47.6,47.6,False,67,64.4,6.2,1,horizontal environmental reference,W,83.1,"sun low 7° (W) — face W, lift torso ~83° toward the sun if comfortable",99.8,False,,,50.0,14.7,14.7,,not specified,Environmental scores are skin-type independent.,not personalized
2026-10-02T19:00,deterministic,best_match,72.3,67,60.7,73.9,64.6,1008.7,998.7,79199.48,0,0,0,0,0,1,0.0,0.0,0.0,0.0,4.9,223,5.6,0.05,0.05,1943.43,0,0.0,8.6,0.0,18011.81,672.572,16.3,0.0,0.002,0.89,15.0,11.0,4.0,138.1,43.4,0.0,0.0,0.0,0.0,0.0,49,24,4,4,10,0,0,0,0,0,2463.911,4862.205,10259.187,19281.496,31707.728,America/Los_Angeles,34.03202,-118.52633,86.0,42.10615158081055,1.0,0.0,0.3456221198156682,,0.7333333333333333,0.26666666666666666,,,0.5398416666666667,0.0,0.0,49.0,0.0,34.4,1.0,,,,,,,,,,,,,,,,,2026-10-03 02:00:00+00:00,95.65660004880556,-5.656600048805551,269.0865319929529,0.0,0.0,0.0,15.0,138.1,4.0,0.3456221198156682,0,22.38888888888889,67,99.87,,2026-09-22T00:00Z,,,,,0.2,0.0,0.0,nasa_power_ml_plus_cams_spectral,0.1,low,0.0,0.0,poor locally,,,,,False,67,64.6,4.9,1,horizontal environmental reference,W,,sun below horizon — no direct-sun posture,99.8,False,,,50.0,0.0,0.0,,not specified,Environmental scores are skin-type independent.,not personalized
2026-10-02T20:00,deterministic,best_match,72.5,67,60.9,74.7,64.8,1009.1,999.1,79199.48,0,0,0,0,0,1,0.0,0.0,0.0,0.0,3.5,215,4.5,0.0,0.0,0.0,0,0.0,8.3,0.0,18044.62,574.147,16.5,0.0,0.001,0.9,0.0,0.0,0.0,0.0,0.0,0.0,0.0,0.0,0.0,0.0,51,24,4,4,10,0,0,0,0,0,2477.034,4875.328,10272.31,19297.9,31728.896,America/Los_Angeles,34.03202,-118.52633,86.0,42.10615158081055,,,,,,,,,0.0,0.0,0.0,51.0,0.0,0.0,0.6,,,,,,,,,,,,,,,,,2026-10-03 03:00:00+00:00,108.06545389704827,-18.06545389704827,277.65835882451086,0.0,0.0,0.0,0.0,0.0,0.0,,0,22.5,67,99.91,,2026-09-22T00:00Z,,,,,0.2,0.0,0.0,nasa_power_ml_plus_cams_spectral,0.0,low,0.0,,poor locally,,,,,False,67,64.8,3.5,1,horizontal environmental reference,W,,sun below horizon — no direct-sun posture,99.8,False,,,50.0,0.0,0.0,,not specified,Environmental scores are skin-type independent.,not personalized
2026-10-02T21:00,deterministic,best_match,72.4,68,61.2,75.2,64.9,1009.4,999.4,79199.48,0,0,0,0,0,1,0.0,0.0,0.0,0.0,2.6,195,3.6,0.0,0.0,0.0,0,0.0,8.2,0.0,18011.81,475.722,16.4,0.0,0.001,0.87,0.0,0.0,0.0,0.0,0.0,0.0,0.0,0.0,0.0,0.0,50,23,4,4,10,0,0,0,0,0,2483.596,4885.171,10282.152,19307.742,31744.774,America/Los_Angeles,34.03202,-118.52633,86.0,42.10615158081055,,,,,,,,,0.0,0.0,0.0,50.0,0.0,0.0,0.6,,,,,,,,,,,,,,,,,2026-10-03 04:00:00+00:00,120.2057897560955,-30.2057897560955,287.2818860758323,0.0,0.0,0.0,0.0,0.0,0.0,,0,22.44444444444445,68,99.94,,2026-09-22T00:00Z,,,,,0.2,0.0,0.0,nasa_power_ml_plus_cams_spectral,0.0,low,0.0,,poor locally,,,,,False,68,64.9,2.6,1,horizontal environmental reference,WNW,,sun below horizon — no direct-sun posture,99.8,False,,,50.0,0.0,0.0,,not specified,Environmental scores are skin-type independent.,not personalized
2026-10-02T22:00,deterministic,best_match,72.3,68,61.2,75.3,64.8,1009.6,999.6,79199.48,0,0,0,0,0,1,0.0,0.0,0.0,0.0,2.1,162,2.7,0.0,0.0,0.0,0,0.0,8.1,0.0,18011.81,410.105,16.2,0.0,0.0,0.87,0.0,0.0,0.0,0.0,0.0,0.0,0.0,0.0,0.0,0.0,49,22,3,4,8,0,0,0,0,0,2490.158,4891.733,10291.995,19320.868,31765.938,America/Los_Angeles,34.03202,-118.52633,86.0,42.10615158081055,,,,,,,,,0.0,0.0,0.0,49.0,0.0,0.0,0.6,,,,,,,,,,,,,,,,,2026-10-03 05:00:00+00:00,131.63878590423886,-41.638785904238865,299.2683276437047,0.0,0.0,0.0,0.0,0.0,0.0,,0,22.38888888888889,68,99.96000000000001,,2026-09-22T00:00Z,,,,,0.2,0.0,0.0,nasa_power_ml_plus_cams_spectral,0.0,low,0.0,,poor locally,,,,,False,68,64.8,2.1,1,horizontal environmental reference,WNW,,sun below horizon — no direct-sun posture,99.8,False,,,50.0,0.0,0.0,,not specified,Environmental scores are skin-type independent.,not personalized
2026-10-02T23:00,deterministic,best_match,72.2,68,61.1,75.2,64.7,1009.7,999.7,79199.48,0,0,0,0,0,1,0.0,0.0,0.0,0.0,2.1,139,2.0,0.0,0.0,0.0,0,0.0,8.1,0.0,17979.002,328.084,15.7,0.0,0.0,0.86,0.0,0.0,0.0,0.0,0.0,0.0,0.0,0.0,0.0,0.0,46,21,3,4,8,0,0,0,0,0,2496.719,4901.575,10301.837,19330.708,31781.814,America/Los_Angeles,34.03202,-118.52633,86.0,42.10615158081055,,,,,,,,,0.0,0.0,0.0,46.0,0.0,0.0,0.6,,,,,,,,,,,,,,,,,2026-10-03 06:00:00+00:00,141.54465383967596,-51.54465383967596,315.7140912289226,0.0,0.0,0.0,0.0,0.0,0.0,,0,22.333333333333336,68,99.97,,2026-09-22T00:00Z,,,,,0.2,0.0,0.0,nasa_power_ml_plus_cams_spectral,0.0,low,0.0,,poor locally,,,,,False,68,64.7,2.1,1,horizontal environmental reference,NW,,sun below horizon — no direct-sun posture,99.8,False,,,50.0,0.0,0.0,,not specified,Environmental scores are skin-type independent.,not personalized
2026-10-03T00:00,deterministic,best_match,72.1,68,61.0,75.2,64.7,1009.6,999.6,79199.48,0,0,0,0,0,1,0.0,0.0,0.0,0.0,1.6,135,1.6,0.0,0.0,0.0,0,0.0,8.1,0.0,17946.196,246.063,15.0,0.0,0.0,0.86,0.0,0.0,0.0,0.0,0.0,0.0,0.0,0.0,0.0,0.0,42,19,4,4,8,0,0,0,0,0,2493.438,4898.294,10301.837,19327.428,31781.814,America/Los_Angeles,34.03202,-118.52633,86.0,42.10615158081055,,,,,,,,,0.0,0.0,0.0,42.0,0.0,0.0,0.6,,,,,,,,,,,,,,,,,2026-10-03 07:00:00+00:00,148.3220808208695,-58.3220808208695,339.146443293987,0.0,0.0,0.0,0.0,0.0,0.0,,0,22.277777777777775,68,99.96000000000001,,2026-09-22T00:00Z,,,,,0.2,0.0,0.0,nasa_power_ml_plus_cams_spectral,0.0,low,0.0,,poor locally,,,,,False,68,64.7,1.6,1,horizontal environmental reference,NNW,,sun below horizon — no direct-sun posture,99.8,False,,,50.0,0.0,0.0,,not specified,Environmental scores are skin-type independent.,not personalized
2026-10-03T01:00,deterministic,best_match,72.0,68,60.9,75.4,64.6,1009.3,999.3,79199.48,0,0,0,0,0,1,0.0,0.0,0.0,0.0,0.9,180,1.3,0.0,0.0,0.0,0,0.0,8.2,0.0,17880.578,164.042,14.1,0.0,0.0,0.86,0.0,0.0,0.0,0.0,0.0,0.0,0.0,0.0,0.0,0.0,36,17,4,6,10,0,0,0,0,0,2486.877,4898.294,10301.837,19327.428,31787.106,America/Los_Angeles,34.03202,-118.52633,86.0,42.10615158081055,,,,,,,,,0.0,0.0,0.0,36.0,0.0,0.0,0.6,,,,,,,,,,,,,,,,,2026-10-03 08:00:00+00:00,149.7205798246329,-59.72057982463289,8.334818679173225,0.0,0.0,0.0,0.0,0.0,0.0,,0,22.22222222222222,68,99.92999999999999,,2026-09-22T00:00Z,,,,,0.2,0.0,0.0,nasa_power_ml_plus_cams_spectral,0.0,low,0.0,,poor locally,,,,,False,68,64.6,0.9,1,horizontal environmental reference,N,,sun below horizon — no direct-sun posture,99.8,False,,,50.0,0.0,0.0,,not specified,Environmental scores are skin-type independent.,not personalized
2026-10-03T02:00,deterministic,best_match,71.9,66,60.0,75.0,64.0,1009.1,999.1,79199.48,0,0,0,0,0,1,0.0,0.0,0.0,0.0,0.8,236,1.1,0.0,0.0,0.0,0,0.0,8.5,0.0,17847.77,98.425,13.2,0.0,0.0,0.91,0.0,0.0,0.0,0.0,0.0,0.0,0.0,0.0,0.0,0.0,31,15,6,6,12,0,0,0,0,0,2483.596,4895.013,10301.837,19324.146,31787.106,America/Los_Angeles,34.03202,-118.52633,86.0,42.10615158081055,,,,,,,,,0.0,0.0,0.0,31.0,0.0,0.0,0.6,,,,,,,,,,,,,,,,,2026-10-03 09:00:00+00:00,145.0786999663177,-55.07869996631772,34.97362987645516,0.0,0.0,0.0,0.0,0.0,0.0,,0,22.16666666666667,66,99.91,,2026-09-22T00:00Z,,,,,0.2,0.0,0.0,nasa_power_ml_plus_cams_spectral,0.0,low,0.0,,poor locally,,,,,False,66,64.0,0.8,1,horizontal environmental reference,NE,,sun below horizon — no direct-sun posture,99.8,False,,,50.0,0.0,0.0,,not specified,Environmental scores are skin-type independent.,not personalized
2026-10-03T03:00,deterministic,best_match,71.9,63,58.6,74.3,63.2,1009.1,999.1,79199.48,0,2,0,0,2,2,0.0,0.0,0.0,0.0,0.9,256,0.9,0.0,0.0,0.0,0,0.0,9.2,0.0,17814.96,65.617,12.3,0.0,0.0,0.99,0.0,0.0,0.0,0.0,0.0,0.0,0.0,0.0,0.0,0.0,27,14,6,6,12,0,0,0,0,0,2486.877,4901.575,10308.399,19324.146,31787.106,America/Los_Angeles,34.03202,-118.52633,86.0,42.10615158081055,,,,,,,,,0.0,0.0,0.0,27.0,0.0,0.0,0.6,,,,,,,,,,,,,,,,,2026-10-03 10:00:00+00:00,136.3100388740911,-46.310038874091106,54.276798669949926,0.0,0.0,0.0,0.0,0.0,0.0,,2,22.16666666666667,63,99.91,,2026-09-22T00:00Z,,,,,0.2,0.0,0.0,nasa_power_ml_plus_cams_spectral,0.0,low,0.0,,poor locally,,,,,False,63,63.2,0.9,2,horizontal environmental reference,NE,,sun below horizon — no direct-sun posture,99.5,False,,,50.0,0.0,0.0,,not specified,Environmental scores are skin-type independent.,not personalized
2026-10-03T04:00,deterministic,best_match,71.8,59,56.7,73.5,62.2,1009.2,999.2,79199.48,0,5,0,0,4,2,0.0,0.0,0.0,0.0,0.9,270,0.9,0.0,0.0,0.0,0,0.0,10.1,0.0,17782.152,49.213,11.5,0.0,0.0,1.09,0.0,0.0,0.0,0.0,0.0,0.0,0.0,0.0,0.0,0.0,23,13,6,6,14,0,0,0,0,0,2493.438,4908.137,10311.68,19327.428,31781.814,America/Los_Angeles,34.03202,-118.52633,86.0,42.10615158081055,,,,,,,,,0.0,0.0,0.0,23.0,0.0,0.0,0.6,,,,,,,,,,,,,,,,,2026-10-03 11:00:00+00:00,125.42512054114627,-35.42512054114628,67.93840706339608,0.0,0.0,0.0,0.0,0.0,0.0,,5,22.11111111111111,59,99.92,,2026-09-22T00:00Z,,,,,0.2,0.0,0.0,nasa_power_ml_plus_cams_spectral,0.0,low,0.0,,poor locally,,,,,False,59,62.2,0.9,2,horizontal environmental reference,ENE,,sun below horizon — no direct-sun posture,99.5,False,,,50.0,0.0,0.0,,not specified,Environmental scores are skin-type independent.,not personalized
2026-10-03T05:00,deterministic,best_match,71.9,54,54.4,72.8,61.1,1009.4,999.4,79199.48,0,6,0,0,5,3,0.0,0.0,0.0,0.0,1.2,292,1.1,0.0,0.0,0.0,0,0.0,11.2,0.0,17749.344,32.808,10.7,0.0,0.0,1.23,0.0,0.0,0.0,0.0,0.0,0.0,0.0,0.0,0.0,0.0,20,13,6,6,14,0,0,0,0,0,2496.719,4914.698,10318.241,19327.428,31781.814,America/Los_Angeles,34.03202,-118.52633,86.0,42.10615158081055,,,,,,,,,0.0,0.0,0.0,20.0,0.0,0.0,0.6,,,,,,,,,,,,,,,,,2026-10-03 12:00:00+00:00,113.53949063729674,-23.539490637296737,78.42444904359786,0.0,0.0,0.0,0.0,0.0,0.0,,6,22.16666666666667,54,99.94,,2026-09-22T00:00Z,,,,,0.2,0.0,0.0,nasa_power_ml_plus_cams_spectral,0.0,low,0.0,,poor locally,,,,,False,54,61.1,1.2,3,horizontal environmental reference,ENE,,sun below horizon — no direct-sun posture,99.2,False,,,50.0,0.0,0.0,,not specified,Environmental scores are skin-type independent.,not personalized
2026-10-03T06:00,deterministic,best_match,72.4,47,51.0,72.0,59.6,1009.9,999.9,79199.48,0,5,0,0,4,3,0.0,0.0,0.0,0.0,1.7,310,1.6,0.0,0.0,0.0,0,0.0,12.5,0.0,17716.536,0.0,10.1,0.0,0.0,1.44,0.0,0.0,0.0,0.0,0.0,0.0,0.0,0.0,0.0,0.0,18,13,6,6,14,0,0,0,0,0,2513.123,4931.103,10334.646,19337.27,31792.396,America/Los_Angeles,34.03202,-118.52633,86.0,42.10615158081055,,,,,,,,,0.0,0.0,0.0,18.0,0.0,0.0,0.6,,,,,,,,,,,,,,,,,2026-10-03 13:00:00+00:00,101.22229079529026,-11.222290795290267,87.35300517079816,0.0,0.0,0.0,0.0,0.0,0.0,,5,22.44444444444445,47,99.99,,2026-09-22T00:00Z,,,,,0.2,0.0,0.0,nasa_power_ml_plus_cams_spectral,0.0,low,0.0,0.0,poor locally,,,,,False,47,59.6,1.7,3,horizontal environmental reference,E,,sun below horizon — no direct-sun posture,99.2,False,,,50.0,0.0,0.0,,not specified,Environmental scores are skin-type independent.,not personalized
2026-10-03T07:00,deterministic,best_match,73.1,39,46.7,71.2,58.0,1010.5,1000.5,79199.48,0,3,0,0,3,2,0.0,0.0,0.0,0.0,2.5,315,2.2,0.0,0.0,0.0,1,0.0,14.0,0.0,17716.536,0.0,9.6,0.0,0.002,1.7,0.0,0.0,0.0,0.0,1.4,0.0,0.0,0.0,0.0,28.4,16,12,6,7,16,0,0,0,0,0,2532.808,4950.788,10347.77,19350.394,31802.978,America/Los_Angeles,34.03202,-118.52633,86.0,42.10615158081055,,,0.0,0.0,,,,,0.0,0.0,0.0,16.0,0.0,0.0,0.75,,,,,,,,,,,,,,,,,2026-10-03 14:00:00+00:00,88.47457080718002,1.5254291928199917,95.76811643921121,0.8647043909691252,2.4121025514182914,0.8004927333405791,0.0,0.0,0.0,0.0,3,22.833333333333332,39,100.05,,2026-09-22T00:00Z,,,,,0.2,0.194,0.0,nasa_power_ml_plus_cams_spectral,0.1,low,0.0,0.0,poor locally,32.8,80.4,49.5,49.5,False,39,58.0,2.5,2,horizontal environmental reference,E,88.5,"sun low 2° (E) — face E, lift torso ~88° toward the sun if comfortable",99.5,False,,,50.0,0.6,0.6,,not specified,Environmental scores are skin-type independent.,not personalized
2026-10-03T08:00,deterministic,best_match,74.8,32,43.0,71.9,57.3,1011.0,1001.1,79199.48,0,2,0,0,2,2,0.0,0.0,0.0,0.0,2.8,315,2.7,0.55,0.55,3600.0,1,0.0,14.9,0.0,17683.726,65.617,9.2,0.0,0.003,2.0,90.0,63.0,27.0,454.2,173.9,163.6,114.5,49.1,825.6,317.0,15,12,6,7,18,0,0,0,0,0,2549.213,4967.192,10364.173,19360.236,31813.564,America/Los_Angeles,34.03202,-118.52633,86.0,42.10615158081055,1.0,0.0,0.5175388154111559,0.5160883280757098,0.7,0.3,0.699877750611247,0.3001222493887531,1.0,0.0,0.0,18.0,0.0,63.7,1.0,,,,,,,,,,,,,,,,,2026-10-03 15:00:00+00:00,76.52746174669883,13.472538253301167,104.49378224413101,140.12598640567717,352.4391382118587,58.01496896578662,90.0,454.2,27.0,0.5175388154111559,2,23.77777777777778,32,100.11,,2026-09-22T00:00Z,,,,,0.2,5.092,0.0303,nasa_power_ml_plus_cams_spectral,4.8,low,18.2,46.9,poor locally,45.0,61.6,50.8,50.8,False,32,57.3,2.8,2,horizontal environmental reference,ESE,76.5,"sun low 13° (ESE) — face ESE, lift torso ~76° toward the sun if comfortable",99.5,False,,,50.0,10.5,10.4,,not specified,Environmental scores are skin-type independent.,not personalized
2026-10-03T09:00,deterministic,best_match,78.5,26,40.8,75.3,57.9,1011.3,1001.4,79199.48,0,3,0,0,2,1,0.0,0.0,0.0,0.0,2.2,294,2.9,2.0,2.0,3600.0,1,0.0,14.9,0.0,17749.344,344.488,8.9,0.0,0.008,2.46,312.0,269.0,43.0,812.9,451.4,400.8,345.6,55.2,1044.2,580.2,14,12,6,9,22,0,0,0,0,0,2559.055,4977.034,10374.016,19373.36,31829.44,America/Los_Angeles,34.03202,-118.52633,86.0,42.10615158081055,1.0,0.0,0.6911829862649536,0.6907962771458117,0.8621794871794872,0.13782051282051283,0.8622754491017964,0.1377245508982036,1.0,0.0,0.0,22.0,0.0,76.7,1.0,,,,,,,,,,,,,,,,,2026-10-03 16:00:00+00:00,64.8505554907502,25.149444509249804,114.38909237244161,346.33782490587436,592.0919601224947,94.71014380836704,312.0,812.9,43.0,0.6911829862649536,3,25.833333333333336,26,100.14,,2026-09-22T00:00Z,,,,,0.2,16.739,0.2102,nasa_power_ml_plus_cams_spectral,16.4,low,37.7,54.0,below typical locally,59.4,63.7,60.9,60.9,False,26,57.9,2.2,1,horizontal environmental reference,ESE,64.9,"sun low 25° (ESE) — face ESE, lift torso ~65° toward the sun if comfortable",99.8,False,,,50.0,25.5,25.4,,not specified,Environmental scores are skin-type independent.,not personalized
2026-10-03T10:00,deterministic,best_match,83.1,21,39.1,79.7,59.1,1011.4,1001.6,79199.48,0,5,0,0,2,1,0.0,0.0,0.0,0.0,1.9,249,2.9,3.45,3.45,3600.0,1,0.0,14.3,0.0,17782.152,754.593,8.8,0.0,0.013,3.06,514.0,453.0,61.0,890.8,694.3,592.1,521.8,70.3,1026.1,800.1,13,13,6,10,26,0,0,0,0,0,2568.898,4986.877,10383.858,19383.204,31840.024,America/Los_Angeles,34.03202,-118.52633,86.0,42.10615158081055,1.0,0.0,0.7403139853089443,0.7400324959380078,0.8813229571984436,0.11867704280155641,0.8812700557338287,0.11872994426617124,1.0,0.0,1.1368683772161603e-13,26.0,0.0,85.1,1.0,,,,,,,,,,,,,,,,,2026-10-03 17:00:00+00:00,54.151861062623055,35.848138937376945,126.55544223007911,529.202938241712,706.3217683517357,115.55342740363176,514.0,890.8,61.0,0.7403139853089443,5,28.388888888888886,21,100.16,,2026-09-22T00:00Z,,,,,0.2,29.293,0.5959,nasa_power_ml_plus_cams_spectral,28.5,low-moderate,55.7,48.4,typical-to-good locally,64.0,64.6,64.2,64.2,False,21,59.1,1.9,1,horizontal environmental reference,SE,54.2,"sun 36° up (SE) — lay flat, or lift torso ~54° toward SE to face it",99.8,False,,,50.0,37.5,37.4,,not specified,Environmental scores are skin-type independent.,not personalized
2026-10-03T11:00,deterministic,best_match,86.3,18,37.9,83.7,59.8,1011.4,1001.7,79199.48,0,11,0,0,8,0,0.0,0.0,0.0,0.0,3.0,222,3.1,4.75,4.8,3600.0,1,0.0,13.5,0.0,17847.77,1099.081,8.8,0.0,0.019,3.52,674.0,595.0,79.0,917.2,886.1,731.3,645.6,85.7,995.1,961.6,12,13,6,10,30,0,0,0,0,0,2578.74,4996.719,10393.701,19396.326,31855.898,America/Los_Angeles,34.03202,-118.52633,86.0,42.10615158081055,0.9895833333333334,0.01041666666666663,0.7606364970093669,0.7605033277870216,0.8827893175074184,0.1172106824925816,0.8828114316969781,0.11718856830302203,1.0,0.0,-1.1368683772161603e-13,30.0,0.0,92.0,1.0,,,,,,,,,,,,,,,,,2026-10-03 18:00:00+00:00,45.27291105788184,44.72708894211816,142.40650964405125,665.9009679077172,764.1463059164721,128.14776541438357,674.0,917.2,79.0,0.7606364970093669,11,30.166666666666668,18,100.17,,2026-09-22T00:00Z,,,,,0.2,39.377,0.9854,nasa_power_ml_plus_cams_spectral,38.7,moderate,71.8,42.3,typical-to-good locally,72.4,64.1,69.5,69.5,False,18,59.8,3.0,0,horizontal environmental reference,SE,45.3,"sun 45° up (SE) — lay flat, or lift torso ~45° toward SE to face it",100.0,False,,,50.0,46.8,46.8,,not specified,Environmental scores are skin-type independent.,not personalized
2026-10-03T12:00,deterministic,best_match,86.6,20,40.8,85.3,61.0,1011.1,1001.4,79199.48,1,25,0,0,22,0,0.0,0.0,0.0,0.0,4.4,221,3.8,6.1,6.05,3600.0,1,0.0,12.5,0.0,17814.96,1394.357,9.0,0.0,0.024,3.46,804.0,713.0,91.0,961.1,1013.7,835.7,741.1,94.6,998.9,1053.7,12,13,6,10,34,0,0,0,0,0,2568.898,4990.158,10390.42,19389.764,31845.312,America/Los_Angeles,34.03202,-118.52633,86.0,42.10615158081055,1.0082644628099173,-0.008264462809917328,0.7931340633323468,0.7931099933567429,0.8868159203980099,0.11318407960199005,0.8868014837860476,0.11319851621395237,1.0,0.0,0.0,34.0,0.0,99.0,1.0,,,,,,,,,,,,,,,,,2026-10-03 19:00:00+00:00,39.544144604085616,50.455855395914384,162.99594275500237,744.4259715068077,790.704537934881,134.68660007098856,804.0,961.1,91.0,0.7931340633323468,25,30.333333333333332,20,100.14,,2026-09-22T00:00Z,,,,,0.2,46.386,1.2261,nasa_power_ml_plus_cams_spectral,47.3,moderate,87.4,60.0,good locally,89.0,57.6,78.0,78.0,False,20,61.0,4.4,0,horizontal environmental reference,SSE,39.5,"sun 50° up (SSE) — lay flat, or lift torso ~40° toward SSE to face it",100.0,False,,,50.0,57.2,57.2,,not specified,Environmental scores are skin-type independent.,not personalized
2026-10-03T13:00,deterministic,best_match,85.5,24,44.6,84.5,62.2,1010.6,1000.9,79199.48,1,43,0,0,40,0,0.0,0.0,0.0,0.0,6.0,222,4.7,6.35,6.4,3600.0,1,0.0,11.4,0.0,17782.152,1624.016,9.3,0.0,0.025,3.18,828.0,710.0,118.0,908.3,1068.3,829.4,711.2,118.2,909.9,1070.3,11,13,6,10,40,0,0,0,0,0,2559.055,4980.315,10383.858,19386.482,31840.024,America/Los_Angeles,34.03202,-118.52633,86.0,42.10615158081055,0.9921874999999999,0.007812500000000111,0.7750631844987363,0.774922918807811,0.857487922705314,0.14251207729468598,0.857487340245961,0.14251265975403907,1.0,0.0,-1.1368683772161603e-13,40.0,0.0,98.4,1.0,,,,,,,,,,,,,,,,,2026-10-03 20:00:00+00:00,38.44310306175564,51.55689693824436,186.81077587194804,758.5421121379734,795.0730278747182,135.82028286810214,828.0,908.3,118.0,0.7750631844987363,43,29.722222222222225,24,100.09,,2026-09-22T00:00Z,,,,,0.2,48.13,1.283,nasa_power_ml_plus_cams_spectral,49.1,moderate,90.2,63.9,excellent locally,89.5,57.8,78.4,78.4,False,24,62.2,6.0,0,horizontal environmental reference,S,38.4,"sun 52° up (S) — lay flat, or lift torso ~38° toward S to face it",100.0,False,,,50.0,59.2,59.2,,not specified,Environmental scores are skin-type independent.,not personalized
2026-10-03T14:00,deterministic,best_match,84.9,27,47.2,83.5,63.0,1010.1,1000.3,79199.48,2,60,0,0,58,0,0.0,0.0,0.0,0.0,7.0,225,5.6,5.85,6.1,3600.0,1,0.0,10.6,0.0,17749.344,1689.633,9.5,0.0,0.024,2.99,773.0,625.0,148.0,816.6,1046.3,746.0,603.2,142.8,788.2,1009.9,11,13,6,9,46,0,0,0,0,0,2549.213,4973.754,10380.577,19379.922,31829.44,America/Los_Angeles,34.03202,-118.52633,86.0,42.10615158081055,0.9590163934426229,0.040983606557377095,0.73879384497754,0.7386869987127439,0.8085381630012937,0.19146183699870634,0.8085790884718499,0.19142091152815016,1.0,0.0,0.0,46.0,0.0,94.5,1.0,,,,,,,,,,,,,,,,,2026-10-03 21:00:00+00:00,42.339230489553835,47.660769510446165,209.20311503182305,707.1512447315122,778.598618695257,131.63441876104696,773.0,816.6,148.0,0.73879384497754,60,29.388888888888893,27,100.03,,2026-09-22T00:00Z,,,,,0.2,44.733,1.1729,nasa_power_ml_plus_cams_spectral,45.5,moderate,84.3,63.8,good locally,88.4,56.6,77.3,77.3,False,27,63.0,7.0,0,horizontal environmental reference,SSW,42.3,"sun 48° up (SSW) — lay flat, or lift torso ~42° toward SSW to face it",100.0,False,,,50.0,55.9,55.9,,not specified,Environmental scores are skin-type independent.,not personalized
2026-10-03T15:00,deterministic,best_match,85.8,26,47.0,82.8,63.2,1009.5,999.8,79199.48,2,75,0,0,74,0,0.0,0.0,0.0,0.0,7.3,225,6.5,4.55,5.0,3600.0,1,0.0,10.3,0.0,17749.344,1459.974,9.5,0.0,0.021,3.12,639.0,416.0,223.0,599.4,949.1,590.3,384.3,206.0,553.8,876.9,11,12,6,7,58,0,0,0,0,2,2539.37,4967.192,10377.297,19373.36,31829.44,America/Los_Angeles,34.03202,-118.52633,86.0,42.10615158081055,0.9099999999999999,0.09000000000000008,0.6732694131282267,0.6731668377237997,0.651017214397496,0.3489827856025039,0.6510249025919025,0.3489750974080976,1.0,0.0,0.0,58.0,2.0,78.9,1.0,,,,,,,,,,,,,,,,,2026-10-03 22:00:00+00:00,50.0608734824424,39.9391265175576,227.03639916091296,594.2476466631554,735.9743727873552,121.77169926434874,639.0,599.4,223.0,0.6732694131282267,75,29.88888888888889,26,99.97999999999999,,2026-09-22T00:00Z,,,,,0.2,36.473,0.8496,nasa_power_ml_plus_cams_spectral,36.3,moderate,67.7,55.6,typical-to-good locally,63.5,47.2,57.8,57.8,False,26,63.2,7.3,0,horizontal environmental reference,SW,50.1,"sun 40° up (SW) — lay flat, or lift torso ~50° toward SW to face it",100.0,False,,,50.0,44.6,44.6,,not specified,Environmental scores are skin-type independent.,not personalized
2026-10-03T16:00,deterministic,best_match,87.2,24,46.0,83.2,63.3,1008.9,999.2,79199.48,3,90,0,0,89,0,0.0,0.0,0.0,0.0,6.8,226,7.4,3.4,3.75,3600.0,1,0.0,10.4,0.0,17716.536,1033.465,9.5,0.0,0.017,3.35,489.0,288.0,201.0,503.0,783.3,424.6,250.1,174.5,436.7,680.3,10,12,7,7,72,0,0,0,0,2,2532.808,4963.911,10374.016,19370.078,31829.44,America/Los_Angeles,34.03202,-118.52633,86.0,42.10615158081055,0.9066666666666666,0.09333333333333338,0.6242818843355037,0.6241364104071734,0.588957055214724,0.4110429447852761,0.589024964672633,0.4109750353273669,1.0,0.0,0.0,72.0,2.0,68.8,1.0,,,,,,,,,,,,,,,,,2026-10-03 23:00:00+00:00,60.11296500303651,29.88703499696349,240.5907692220604,429.1719534378103,650.7361220014699,104.91563353807908,489.0,503.0,201.0,0.6242818843355037,90,30.666666666666668,24,99.92,,2026-09-22T00:00Z,,,,,0.2,26.47,0.4553,nasa_power_ml_plus_cams_spectral,26.7,low-moderate,53.6,80.1,typical-to-good locally,53.4,46.9,51.1,51.1,False,24,63.3,6.8,0,horizontal environmental reference,WSW,60.1,"sun low 30° (WSW) — face WSW, lift torso ~60° toward the sun if comfortable",100.0,False,,,50.0,36.5,36.5,,not specified,Environmental scores are skin-type independent.,not personalized
2026-10-03T17:00,deterministic,best_match,88.0,22,44.4,84.0,63.0,1008.5,998.8,79199.48,3,100,0,0,100,0,0.0,0.0,0.0,0.0,5.9,230,7.8,2.1,2.3,3600.0,1,0.0,10.5,0.0,17716.536,672.572,9.5,0.0,0.013,3.52,318.0,174.0,144.0,425.2,560.2,245.8,134.5,111.3,328.7,433.3,10,11,7,6,80,0,0,0,0,4,2522.966,4957.349,10370.735,19363.518,31829.44,America/Los_Angeles,34.03202,-118.52633,86.0,42.10615158081055,0.9130434782608696,0.08695652173913038,0.567654409139593,0.5672744057235172,0.5471698113207547,0.4528301886792453,0.5471928397070789,0.45280716029292106,1.0,0.0,0.0,80.0,4.0,58.3,1.0,,,,,,,,,,,,,,,,,2026-10-04 00:00:00+00:00,71.45539002468871,18.544609975311285,251.29146169510727,228.7947139706707,478.2968292204249,76.67579551538267,318.0,425.2,144.0,0.567654409139593,100,31.111111111111114,22,99.88,,2026-09-22T00:00Z,,,,,0.2,15.051,0.1702,nasa_power_ml_plus_cams_spectral,15.7,low,37.0,95.1,below typical locally,33.7,50.1,39.4,39.4,False,22,63.0,5.9,0,horizontal environmental reference,WSW,71.5,"sun low 19° (WSW) — face WSW, lift torso ~72° toward the sun if comfortable",100.0,False,,,50.0,24.5,24.5,,not specified,Environmental scores are skin-type independent.,not personalized
2026-10-03T18:00,deterministic,best_match,87.9,21,43.1,84.2,62.4,1008.4,998.7,79199.48,3,100,0,0,100,1,0.0,0.0,0.0,0.0,4.5,252,7.4,0.9,0.9,3600.0,1,0.0,10.8,0.0,17683.726,426.509,9.5,0.0,0.007,3.56,134.0,70.0,64.0,325.4,295.0,69.3,36.2,33.1,168.2,153.0,10,11,7,6,76,0,0,0,0,2,2529.528,4963.911,10377.297,19370.078,31834.73,America/Los_Angeles,34.03202,-118.52633,86.0,42.10615158081055,1.0,0.0,0.4542372881355932,0.45294117647058824,0.5223880597014925,0.47761194029850745,0.5223665223665225,0.4776334776334777,1.0,0.0,-1.4210854715202004e-14,76.0,2.0,47.2,1.0,,,,,,,,,,,,,,,,,2026-10-04 01:00:00+00:00,83.43034934012223,6.569650659877772,260.3843174754645,36.34583129959824,118.43620033910373,22.795433234561706,134.0,325.4,64.0,0.4542372881355932,100,31.05555555555556,21,99.87,,2026-09-22T00:00Z,,,,,0.2,5.328,0.0479,nasa_power_ml_plus_cams_spectral,6.1,low,19.8,100.0,poor locally,33.7,59.4,42.7,42.7,False,21,62.4,4.5,1,horizontal environmental reference,W,83.4,"sun low 7° (W) — face W, lift torso ~83° toward the sun if comfortable",99.8,False,,,50.0,12.9,12.9,,not specified,Environmental scores are skin-type independent.,not personalized
2026-10-03T19:00,deterministic,best_match,87.2,20,41.2,83.2,61.4,1008.6,998.9,79199.48,3,100,0,0,100,2,0.0,0.0,0.0,0.0,4.3,291,6.5,0.05,0.05,463.16,0,0.0,11.2,0.0,17683.726,229.659,9.5,0.0,0.005,3.52,10.0,5.0,5.0,64.8,39.8,0.0,0.0,0.0,0.0,0.0,10,11,7,6,68,0,0,0,0,2,2532.808,4973.754,10380.577,19376.64,31845.312,America/Los_Angeles,34.03202,-118.52633,86.0,42.10615158081055,1.0,0.0,0.2512562814070352,,0.5,0.5,,,0.12865555555555555,0.0,0.0,68.0,2.0,26.0,1.0,,,,,,,,,,,,,,,,,2026-10-04 02:00:00+00:00,95.93613794166617,-5.936137941666174,268.8076292411756,0.0,0.0,0.0,10.0,64.8,5.0,0.2512562814070352,100,30.666666666666668,20,99.89,,2026-09-22T00:00Z,,,,,0.2,0.0,0.0,nasa_power_ml_plus_cams_spectral,0.1,low,0.0,0.0,poor locally,,,,,False,20,61.4,4.3,2,horizontal environmental reference,W,,sun below horizon — no direct-sun posture,99.5,False,,,50.0,0.0,0.0,,not specified,Environmental scores are skin-type independent.,not personalized
2026-10-03T20:00,deterministic,best_match,86.0,21,41.5,82.1,61.1,1008.9,999.2,79199.48,3,100,0,0,100,3,0.0,0.0,0.0,0.0,4.3,317,5.8,0.0,0.0,0.0,0,0.0,11.3,0.0,17650.918,131.234,9.7,0.0,0.003,3.35,0.0,0.0,0.0,0.0,0.0,0.0,0.0,0.0,0.0,0.0,10,11,7,6,64,0,0,0,0,0,2539.37,4980.315,10387.14,19383.204,31850.606,America/Los_Angeles,34.03202,-118.52633,86.0,42.10615158081055,,,,,,,,,0.0,0.0,0.0,64.0,0.0,0.0,0.6,,,,,,,,,,,,,,,,,2026-10-04 03:00:00+00:00,108.3483426838269,-18.348342683826907,277.3699267234111,0.0,0.0,0.0,0.0,0.0,0.0,,100,30.0,21,99.92,,2026-09-22T00:00Z,,,,,0.2,0.0,0.0,nasa_power_ml_plus_cams_spectral,0.0,low,0.0,,poor locally,,,,,False,21,61.1,4.3,3,horizontal environmental reference,W,,sun below horizon — no direct-sun posture,99.2,False,,,50.0,0.0,0.0,,not specified,Environmental scores are skin-type independent.,not personalized
2026-10-03T21:00,deterministic,best_match,84.0,25,44.4,81.8,61.5,1009.4,999.6,79199.48,3,100,0,0,99,4,0.0,0.0,0.0,0.0,1.8,353,6.0,0.0,0.0,0.0,0,0.0,11.1,0.0,17618.112,164.042,10.3,0.0,0.001,2.99,0.0,0.0,0.0,0.0,0.0,0.0,0.0,0.0,0.0,0.0,10,11,8,6,72,0,0,0,0,8,2545.932,4983.596,10390.42,19383.204,31850.606,America/Los_Angeles,34.03202,-118.52633,86.0,42.10615158081055,,,,,,,,,0.0,0.0,0.0,72.0,8.0,0.0,0.6,,,,,,,,,,,,,,,,,2026-10-04 04:00:00+00:00,120.5020918717486,-30.5020918717486,286.9813303210259,0.0,0.0,0.0,0.0,0.0,0.0,,100,28.88888888888889,25,99.96000000000001,,2026-09-22T00:00Z,,,,,0.2,0.0,0.0,nasa_power_ml_plus_cams_spectral,0.0,low,0.0,,poor locally,,,,,False,25,61.5,1.8,4,horizontal environmental reference,WNW,,sun below horizon — no direct-sun posture,98.8,False,,,50.0,0.0,0.0,,not specified,Environmental scores are skin-type independent.,not personalized
2026-10-03T22:00,deterministic,best_match,81.4,32,48.7,79.6,62.3,1009.9,1000.1,79199.48,3,99,0,0,98,5,0.0,0.0,0.0,0.0,3.4,101,6.7,0.0,0.0,0.0,0,0.0,10.6,0.0,17618.112,262.467,11.2,0.0,0.002,2.49,0.0,0.0,0.0,0.0,0.0,0.0,0.0,0.0,0.0,0.0,11,12,8,7,84,0,0,0,0,18,2549.213,4986.877,10390.42,19383.204,31845.312,America/Los_Angeles,34.03202,-118.52633,86.0,42.10615158081055,,,,,,,,,0.0,0.0,0.0,84.0,18.0,0.0,0.6,,,,,,,,,,,,,,,,,2026-10-04 05:00:00+00:00,131.9605731276147,-41.960573127614715,298.9639811731692,0.0,0.0,0.0,0.0,0.0,0.0,,99,27.44444444444445,32,100.01,,2026-09-22T00:00Z,,,,,0.2,0.0,0.0,nasa_power_ml_plus_cams_spectral,0.0,low,0.0,,poor locally,,,,,False,32,62.3,3.4,5,horizontal environmental reference,WNW,,sun below horizon — no direct-sun posture,98.5,False,,,50.0,0.0,0.0,,not specified,Environmental scores are skin-type independent.,not personalized
2026-10-03T23:00,deterministic,best_match,79.1,38,51.4,76.9,62.6,1010.4,1000.5,79199.48,3,97,0,0,95,6,0.0,0.0,0.0,0.0,6.2,116,6.9,0.0,0.0,0.0,0,0.0,10.0,0.0,17585.302,360.892,12.1,0.0,0.004,2.11,0.0,0.0,0.0,0.0,0.0,0.0,0.0,0.0,0.0,0.0,12,12,9,9,94,0,0,0,0,26,2555.775,4990.158,10393.701,19383.204,31845.312,America/Los_Angeles,34.03202,-118.52633,86.0,42.10615158081055,,,,,,,,,0.0,0.0,0.0,94.0,26.0,0.0,0.6,,,,,,,,,,,,,,,,,2026-10-04 06:00:00+00:00,141.90371073004786,-51.903710730047855,315.45346155665356,0.0,0.0,0.0,0.0,0.0,0.0,,97,26.166666666666664,38,100.05,,2026-09-22T00:00Z,,,,,0.2,0.0,0.0,nasa_power_ml_plus_cams_spectral,0.0,low,0.0,,poor locally,,,,,False,38,62.6,6.2,6,horizontal environmental reference,NW,,sun below horizon — no direct-sun posture,98.1,False,,,50.0,0.0,0.0,,not specified,Environmental scores are skin-type independent.,not personalized
2026-10-04T00:00,deterministic,best_match,77.3,45,54.4,76.0,63.3,1010.7,1000.8,79199.48,3,93,0,0,90,5,0.0,0.0,0.0,0.0,6.4,119,6.7,0.0,0.0,0.0,0,0.0,9.0,0.0,17454.068,393.701,13.1,0.0,0.003,1.76,0.0,0.0,0.0,0.0,0.0,0.0,0.0,0.0,0.0,0.0,13,13,10,11,98,0,0,0,0,50,2552.494,4983.596,10387.14,19370.078,31829.44,America/Los_Angeles,34.03202,-118.52633,86.0,42.10615158081055,,,,,,,,,0.0,0.0,0.0,98.0,50.0,0.0,0.6,,,,,,,,,,,,,,,,,2026-10-04 07:00:00+00:00,148.71363346545206,-58.713633465452055,339.0689740310032,0.0,0.0,0.0,0.0,0.0,0.0,,93,25.166666666666668,45,100.08,,2026-09-22T00:00Z,,,,,0.2,0.0,0.0,nasa_power_ml_plus_cams_spectral,0.0,low,0.0,,poor locally,,,,,False,45,63.3,6.4,5,horizontal environmental reference,NNW,,sun below horizon — no direct-sun posture,98.5,False,,,50.0,0.0,0.0,,not specified,Environmental scores are skin-type independent.,not personalized
2026-10-04T01:00,deterministic,best_match,75.9,52,57.0,76.0,64.0,1010.9,1001.0,79199.48,3,88,0,0,84,4,0.0,0.0,0.0,0.0,5.0,122,6.0,0.0,0.0,0.0,0,0.0,7.7,0.0,17355.642,426.509,14.1,0.0,0.002,1.47,0.0,0.0,0.0,0.0,0.0,0.0,0.0,0.0,0.0,0.0,14,13,10,13,100,0,0,0,0,72,2552.494,4980.315,10380.577,19360.236,31808.272,America/Los_Angeles,34.03202,-118.52633,86.0,42.10615158081055,,,,,,,,,0.0,0.0,0.0,100.0,72.0,0.0,0.6,,,,,,,,,,,,,,,,,2026-10-04 08:00:00+00:00,150.09416282752255,-60.09416282752254,8.581925037062774,0.0,0.0,0.0,0.0,0.0,0.0,,88,24.388888888888893,52,100.1,,2026-09-22T00:00Z,,,,,0.2,0.0,0.0,nasa_power_ml_plus_cams_spectral,0.0,low,0.0,,poor locally,,,,,False,52,64.0,5.0,4,horizontal environmental reference,N,,sun below horizon — no direct-sun posture,98.8,False,,,50.0,0.0,0.0,,not specified,Environmental scores are skin-type independent.,not personalized
2026-10-04T02:00,deterministic,best_match,74.8,57,58.6,76.2,64.4,1011.0,1001.1,79199.48,3,86,0,0,81,3,0.0,0.0,0.0,0.0,3.5,125,5.1,0.0,0.0,0.0,0,0.0,6.9,0.0,17224.41,393.701,14.8,0.0,0.001,1.27,0.0,0.0,0.0,0.0,0.0,0.0,0.0,0.0,0.0,0.0,15,14,10,16,100,0,0,0,0,96,2549.213,4973.754,10374.016,19347.114,31792.396,America/Los_Angeles,34.03202,-118.52633,86.0,42.10615158081055,,,,,,,,,0.0,0.0,0.0,100.0,96.0,0.0,0.6,,,,,,,,,,,,,,,,,2026-10-04 09:00:00+00:00,145.38046944631154,-55.38046944631153,35.41659554934222,0.0,0.0,0.0,0.0,0.0,0.0,,86,23.77777777777778,57,100.11,,2026-09-22T00:00Z,,,,,0.2,0.0,0.0,nasa_power_ml_plus_cams_spectral,0.0,low,0.0,,poor locally,,,,,False,57,64.4,3.5,3,horizontal environmental reference,NE,,sun below horizon — no direct-sun posture,99.2,False,,,50.0,0.0,0.0,,not specified,Environmental scores are skin-type independent.,not personalized
2026-10-04T03:00,deterministic,best_match,74.4,57,58.2,76.2,64.0,1010.8,1000.8,79199.48,3,89,0,0,86,2,0.0,0.0,0.0,0.0,2.0,117,4.0,0.0,0.0,0.0,0,0.0,6.9,0.0,17158.792,295.276,14.9,0.0,0.0,1.25,0.0,0.0,0.0,0.0,0.0,0.0,0.0,0.0,0.0,0.0,15,15,10,17,100,0,0,0,0,98,2542.651,4967.192,10364.173,19337.27,31776.522,America/Los_Angeles,34.03202,-118.52633,86.0,42.10615158081055,,,,,,,,,0.0,0.0,0.0,100.0,98.0,0.0,0.6,,,,,,,,,,,,,,,,,2026-10-04 10:00:00+00:00,136.54197685963112,-46.54197685963112,54.73797591200747,0.0,0.0,0.0,0.0,0.0,0.0,,89,23.55555555555556,57,100.08,,2026-09-22T00:00Z,,,,,0.2,0.0,0.0,nasa_power_ml_plus_cams_spectral,0.0,low,0.0,,poor locally,,,,,False,57,64.0,2.0,2,horizontal environmental reference,NE,,sun below horizon — no direct-sun posture,99.5,False,,,50.0,0.0,0.0,,not specified,Environmental scores are skin-type independent.,not personalized
2026-10-04T04:00,deterministic,best_match,74.4,55,57.2,76.3,63.5,1010.4,1000.5,79199.48,3,95,0,0,94,1,0.0,0.0,0.0,0.0,1.0,63,2.7,0.0,0.0,0.0,0,0.0,7.3,0.0,17125.984,147.638,14.7,0.0,0.0,1.31,0.0,0.0,0.0,0.0,0.0,0.0,0.0,0.0,0.0,0.0,15,16,9,19,100,0,0,0,0,98,2532.808,4957.349,10357.611,19327.428,31755.356,America/Los_Angeles,34.03202,-118.52633,86.0,42.10615158081055,,,,,,,,,0.0,0.0,0.0,100.0,98.0,0.0,0.6,,,,,,,,,,,,,,,,,2026-10-04 11:00:00+00:00,125.61123407458027,-35.61123407458027,68.3643161503357,0.0,0.0,0.0,0.0,0.0,0.0,,95,23.55555555555556,55,100.05,,2026-09-22T00:00Z,,,,,0.2,0.0,0.0,nasa_power_ml_plus_cams_spectral,0.0,low,0.0,,poor locally,,,,,False,55,63.5,1.0,1,horizontal environmental reference,ENE,,sun below horizon — no direct-sun posture,99.8,False,,,50.0,0.0,0.0,,not specified,Environmental scores are skin-type independent.,not personalized
2026-10-04T05:00,deterministic,best_match,74.6,52,55.9,75.9,62.9,1010.1,1000.2,79199.48,3,100,0,0,100,0,0.0,0.0,0.0,0.0,1.3,360,1.6,0.0,0.0,0.0,0,0.0,7.8,0.0,17060.368,32.808,14.4,0.0,0.0,1.41,0.0,0.0,0.0,0.0,0.0,0.0,0.0,0.0,0.0,0.0,15,17,8,19,100,0,0,0,0,100,2526.247,4950.788,10347.77,19317.586,31739.48,America/Los_Angeles,34.03202,-118.52633,86.0,42.10615158081055,,,,,,,,,0.0,0.0,0.0,100.0,100.0,0.0,0.6,,,,,,,,,,,,,,,,,2026-10-04 12:00:00+00:00,113.70048107259387,-23.70048107259387,78.81624337065733,0.0,0.0,0.0,0.0,0.0,0.0,,100,23.666666666666664,52,100.02000000000001,,2026-09-22T00:00Z,,,,,0.2,0.0,0.0,nasa_power_ml_plus_cams_spectral,0.0,low,0.0,,poor locally,,,,,False,52,62.9,1.3,0,horizontal environmental reference,E,,sun below horizon — no direct-sun posture,100.0,False,,,50.0,0.0,0.0,,not specified,Environmental scores are skin-type independent.,not personalized
2026-10-04T06:00,deterministic,best_match,75.0,49,54.6,75.8,62.4,1010.1,1000.2,79199.48,3,100,0,0,100,0,0.0,0.0,0.0,0.0,1.4,342,1.1,0.0,0.0,0.0,0,0.0,8.3,0.0,16994.75,0.0,14.2,0.0,0.0,1.51,0.0,0.0,0.0,0.0,0.0,0.0,0.0,0.0,0.0,0.0,15,18,8,19,100,0,0,0,0,94,2529.528,4954.069,10351.05,19317.586,31739.48,America/Los_Angeles,34.03202,-118.52633,86.0,42.10615158081055,,,,,,,,,0.0,0.0,0.0,100.0,94.0,0.0,0.6,,,,,,,,,,,,,,,,,2026-10-04 13:00:00+00:00,101.37342107140942,-11.37342107140942,87.72336827746392,0.0,0.0,0.0,0.0,0.0,0.0,,100,23.88888888888889,49,100.02000000000001,,2026-09-22T00:00Z,,,,,0.2,0.0,0.0,nasa_power_ml_plus_cams_spectral,0.0,low,0.0,0.0,poor locally,,,,,False,49,62.4,1.4,0,horizontal environmental reference,E,,sun below horizon — no direct-sun posture,100.0,False,,,50.0,0.0,0.0,,not specified,Environmental scores are skin-type independent.,not personalized
2026-10-04T07:00,deterministic,best_match,75.5,46,53.3,76.2,62.0,1010.1,1000.2,79199.48,3,100,0,0,100,0,0.0,0.0,0.0,0.0,0.9,315,1.1,0.0,0.0,0.0,1,0.0,8.9,0.0,16929.134,0.0,14.0,0.0,0.001,1.63,0.0,0.0,0.0,0.0,1.0,0.0,0.0,0.0,0.0,24.8,15,18,7,17,100,0,0,0,0,88,2532.808,4954.069,10351.05,19320.868,31739.48,America/Los_Angeles,34.03202,-118.52633,86.0,42.10615158081055,,,0.0,0.0,,,,,0.0,0.0,0.0,100.0,88.0,0.0,0.75,,,,,,,,,,,,,,,,,2026-10-04 14:00:00+00:00,88.61395901542609,1.3860409845739157,96.13030544291422,0.6722753766990812,1.847462964288253,0.6275877982433251,0.0,0.0,0.0,,100,24.166666666666668,46,100.02000000000001,,2026-09-22T00:00Z,,,,,0.2,0.694,0.0111,nasa_power_ml_plus_cams_spectral,0.3,low,0.4,3.2,poor locally,32.6,66.1,44.3,44.3,False,46,62.0,0.9,0,horizontal environmental reference,E,88.6,"sun low 1° (E) — face E, lift torso ~89° toward the sun if comfortable",100.0,False,,,50.0,0.8,0.8,,not specified,Environmental scores are skin-type independent.,not personalized
2026-10-04T08:00,deterministic,best_match,76.8,42,52.0,77.0,61.9,1010.2,1000.3,79199.48,3,100,0,0,100,0,0.0,0.0,0.0,0.0,0.9,270,1.1,0.5,0.55,3600.0,1,0.0,9.3,0.0,16863.518,49.213,13.8,0.0,0.002,1.83,66.0,33.0,33.0,240.4,170.3,121.1,60.6,60.6,441.2,313.3,15,19,7,16,100,0,0,0,0,82,2536.089,4957.349,10354.331,19320.868,31739.48,America/Los_Angeles,34.03202,-118.52633,86.0,42.10615158081055,0.9090909090909091,0.09090909090909094,0.3875513799177921,0.3865304819661666,0.5,0.5,0.5004128819157722,0.5004128819157722,1.0,0.0,-0.10000000000000853,100.0,82.0,49.0,1.0,,,,,,,,,,,,,,,,,2026-10-04 15:00:00+00:00,76.6942536537702,13.305746346229789,104.85940314769215,137.3871769586419,347.8034292097954,57.34114332470702,66.0,240.4,33.0,0.3875513799177921,100,24.88888888888889,42,100.03,,2026-09-22T00:00Z,,,,,0.2,4.59,0.0361,nasa_power_ml_plus_cams_spectral,4.3,low,17.6,44.8,poor locally,45.0,34.0,41.2,41.2,False,42,61.9,0.9,0,horizontal environmental reference,ESE,76.7,"sun low 13° (ESE) — face ESE, lift torso ~77° toward the sun if comfortable",100.0,False,,,50.0,9.4,9.4,,not specified,Environmental scores are skin-type independent.,not personalized
2026-10-04T09:00,deterministic,best_match,79.3,37,50.8,79.1,62.4,1010.2,1000.3,79199.48,3,81,0,0,81,0,0.0,0.0,0.0,0.0,1.1,217,1.1,2.0,2.0,3600.0,1,0.0,9.3,0.0,16896.326,360.892,13.7,0.0,0.007,2.15,282.0,218.0,64.0,664.7,447.6,362.9,280.5,82.4,855.3,576.3,15,20,7,14,76,0,0,0,0,54,2536.089,4957.349,10354.331,19324.146,31739.48,America/Los_Angeles,34.03202,-118.52633,86.0,42.10615158081055,1.0,0.0,0.6300268096514745,0.6297067499566198,0.7730496453900709,0.22695035460992907,0.7729402039129237,0.22705979608707635,1.0,0.0,0.0,76.0,54.0,74.8,1.0,,,,,,,,,,,,,,,,,2026-10-04 16:00:00+00:00,65.04478011691299,24.955219883087018,114.76623710338833,343.0999610670919,589.685701507483,94.30578563133281,282.0,664.7,64.0,0.6300268096514745,81,26.27777777777778,37,100.03,,2026-09-22T00:00Z,,,,,0.2,16.024,0.2028,nasa_power_ml_plus_cams_spectral,16.0,low,37.6,53.3,below typical locally,60.2,46.5,55.4,55.4,False,37,62.4,1.1,0,horizontal environmental reference,ESE,65.0,"sun low 25° (ESE) — face ESE, lift torso ~65° toward the sun if comfortable",100.0,False,,,50.0,24.7,24.7,,not specified,Environmental scores are skin-type independent.,not personalized
2026-10-04T10:00,deterministic,best_match,82.4,31,48.7,81.1,62.7,1010.3,1000.5,79199.48,2,55,0,0,55,0,0.0,0.0,0.0,0.0,2.3,191,1.1,3.4,3.45,3600.0,1,0.0,9.0,0.0,16929.134,803.806,13.7,0.0,0.013,2.61,486.0,405.0,81.0,801.4,690.3,560.2,466.8,93.4,923.8,795.9,16,20,7,13,44,0,0,0,0,28,2539.37,4957.349,10357.611,19327.428,31734.19,America/Los_Angeles,34.03202,-118.52633,86.0,42.10615158081055,0.9855072463768115,0.01449275362318847,0.7040417209908736,0.703857268501068,0.8333333333333334,0.16666666666666666,0.8332738307747233,0.1667261692252767,1.0,0.0,0.0,44.0,28.0,83.7,1.0,,,,,,,,,,,,,,,,,2026-10-04 17:00:00+00:00,54.38827548407215,35.61172451592785,126.94218844233404,525.6562541293379,704.8365232576099,115.2374574306092,486.0,801.4,81.0,0.7040417209908736,55,28.000000000000004,31,100.05,,2026-09-22T00:00Z,,,,,0.2,28.301,0.5971,nasa_power_ml_plus_cams_spectral,27.7,low-moderate,55.2,46.7,typical-to-good locally,63.0,54.3,60.0,60.0,False,31,62.7,2.3,0,horizontal environmental reference,SE,54.4,"sun 36° up (SE) — lay flat, or lift torso ~54° toward SE to face it",100.0,False,,,50.0,36.3,36.3,,not specified,Environmental scores are skin-type independent.,not personalized
2026-10-04T11:00,deterministic,best_match,84.7,27,47.1,83.7,62.9,1010.1,1000.3,79199.48,1,33,0,0,33,0,0.0,0.0,0.0,0.0,3.4,191,1.8,4.75,4.75,3600.0,1,0.0,8.9,0.0,16961.944,1181.102,13.8,0.0,0.019,2.97,654.0,568.0,86.0,880.3,881.8,709.7,616.4,93.3,955.3,957.1,16,21,7,11,20,0,0,0,0,0,2539.37,4957.349,10357.611,19330.708,31734.19,America/Los_Angeles,34.03202,-118.52633,86.0,42.10615158081055,1.0,0.0,0.7416647765933319,0.7415108139170411,0.8685015290519877,0.13149847094801223,0.8685360011272367,0.13146399887276314,1.0,0.0,1.1368683772161603e-13,21.0,0.0,91.7,1.0,,,,,,,,,,,,,,,,,2026-10-04 18:00:00+00:00,45.566882575868576,44.433117424131424,142.77265566014785,662.0420316462533,763.0386558223432,127.856833142798,654.0,880.3,86.0,0.7416647765933319,33,29.277777777777782,27,100.03,,2026-09-22T00:00Z,,,,,0.2,38.801,0.9298,nasa_power_ml_plus_cams_spectral,38.3,moderate,71.8,42.2,typical-to-good locally,71.9,61.0,68.1,68.1,False,27,62.9,3.4,0,horizontal environmental reference,SE,45.6,"sun 44° up (SE) — lay flat, or lift torso ~46° toward SE to face it",100.0,False,,,50.0,46.3,46.3,,not specified,Environmental scores are skin-type independent.,not personalized
2026-10-04T12:00,deterministic,best_match,85.4,26,46.7,84.9,63.0,1009.7,1000.0,79199.48,0,18,0,0,18,0,0.0,0.0,0.0,0.0,4.9,204,3.4,6.0,6.05,3600.0,1,0.0,9.1,0.0,16961.944,1459.974,14.0,0.0,0.023,3.08,774.0,700.0,74.0,948.4,1009.1,804.5,727.6,76.9,985.8,1048.9,17,22,7,9,14,0,0,0,0,0,2526.247,4944.226,10347.77,19320.868,31734.19,America/Los_Angeles,34.03202,-118.52633,86.0,42.10615158081055,0.9917355371900827,0.008264462809917328,0.7670201169358835,0.7669939937076937,0.9043927648578811,0.09560723514211886,0.9044126786824115,0.09558732131758857,1.0,0.0,0.0,22.0,0.0,98.7,1.0,,,,,,,,,,,,,,,,,2026-10-04 19:00:00+00:00,39.899681736543826,50.100318263456174,163.25774070104444,740.2340066719806,789.7122351122268,134.39148612587178,774.0,948.4,74.0,0.7670201169358835,18,29.66666666666667,26,100.0,,2026-09-22T00:00Z,,,,,0.2,45.342,1.1939,nasa_power_ml_plus_cams_spectral,46.3,moderate,86.3,56.4,good locally,90.5,62.3,80.6,80.6,False,26,63.0,4.9,0,horizontal environmental reference,SSE,39.9,"sun 50° up (SSE) — lay flat, or lift torso ~40° toward SSE to face it",100.0,False,,,50.0,56.3,56.3,,not specified,Environmental scores are skin-type independent.,not personalized
2026-10-04T13:00,deterministic,best_match,85.4,27,47.7,84.8,63.4,1009.0,999.3,79199.48,0,7,0,0,7,1,0.0,0.0,0.0,0.0,6.6,215,5.4,6.35,6.35,3600.0,1,0.0,9.4,0.0,16929.134,1673.228,14.2,0.0,0.025,3.04,822.0,748.0,74.0,962.0,1063.3,823.2,749.1,74.1,963.5,1065.0,17,23,7,7,16,0,0,0,0,0,2509.843,4934.384,10337.927,19311.024,31734.19,America/Los_Angeles,34.03202,-118.52633,86.0,42.10615158081055,1.0,0.0,0.7730649863632089,0.7729577464788733,0.9099756690997567,0.09002433090024331,0.9099854227405247,0.0900145772594752,1.0,0.0,0.0,23.0,0.0,98.8,1.0,,,,,,,,,,,,,,,,,2026-10-04 20:00:00+00:00,38.834141727514464,51.165858272485536,186.87161004803482,754.0100386731544,794.0135032340555,135.50175284562977,822.0,962.0,74.0,0.7730649863632089,7,29.66666666666667,27,99.92999999999999,,2026-09-22T00:00Z,,,,,0.2,48.049,1.2719,nasa_power_ml_plus_cams_spectral,49.1,moderate,90.8,66.5,excellent locally,93.0,67.4,84.0,84.0,False,27,63.4,6.6,1,horizontal environmental reference,S,38.8,"sun 51° up (S) — lay flat, or lift torso ~39° toward S to face it",99.8,False,,,50.0,60.2,60.1,,not specified,Environmental scores are skin-type independent.,not personalized
2026-10-04T14:00,deterministic,best_match,85.3,28,48.5,84.0,63.7,1008.5,998.8,79199.48,0,0,0,0,0,1,0.0,0.0,0.0,0.0,7.9,220,7.4,6.05,6.05,3600.0,1,0.0,9.6,0.0,16929.134,1755.249,14.3,0.0,0.025,2.98,801.0,727.0,74.0,955.4,1040.9,772.8,701.4,71.4,921.8,1004.3,18,23,7,6,18,0,0,0,0,0,2496.719,4921.26,10328.084,19301.182,31734.19,America/Los_Angeles,34.03202,-118.52633,86.0,42.10615158081055,1.0,0.0,0.7695263714093572,0.7694911878920642,0.9076154806491885,0.09238451935081149,0.907608695652174,0.0923913043478261,1.0,0.0,0.0,23.0,0.0,98.7,1.0,,,,,,,,,,,,,,,,,2026-10-04 21:00:00+00:00,42.72250026010588,47.27749973989412,209.07580920937798,702.296610892089,777.2747865796025,131.2730703579881,801.0,955.4,74.0,0.7695263714093572,0,29.61111111111111,28,99.88,,2026-09-22T00:00Z,,,,,0.2,46.286,1.1916,nasa_power_ml_plus_cams_spectral,47.0,moderate,87.6,73.4,good locally,89.7,71.9,83.5,83.5,False,28,63.7,7.9,1,horizontal environmental reference,SSW,42.7,"sun 47° up (SSW) — lay flat, or lift torso ~43° toward SSW to face it",99.8,False,,,50.0,58.8,58.7,,not specified,Environmental scores are skin-type independent.,not personalized
2026-10-04T15:00,deterministic,best_match,85.4,28,48.6,83.0,63.8,1008.1,998.4,79199.48,0,0,0,0,0,2,0.0,0.0,0.0,0.0,8.4,224,9.4,4.95,4.95,3600.0,1,0.0,9.5,0.0,17125.984,1640.42,14.2,0.0,0.023,2.99,713.0,643.0,70.0,932.7,943.3,658.2,593.6,64.6,861.1,871.0,18,23,7,7,20,0,0,0,0,0,2490.158,4914.698,10324.804,19297.9,31744.774,America/Los_Angeles,34.03202,-118.52633,86.0,42.10615158081055,1.0,0.0,0.7558570974239373,0.755683122847302,0.9018232819074333,0.09817671809256662,0.9018535399574598,0.09814646004254024,1.0,0.0,0.0,23.0,0.0,92.9,1.0,,,,,,,,,,,,,,,,,2026-10-04 22:00:00+00:00,50.413316215050656,39.586683784949344,226.81101827168652,589.122115843346,734.0740410672983,121.33717976380126,713.0,932.7,70.0,0.7558570974239373,0,29.66666666666667,28,99.84,,2026-09-22T00:00Z,,,,,0.2,39.571,0.8685,nasa_power_ml_plus_cams_spectral,39.5,moderate,73.8,72.8,typical-to-good locally,63.3,74.5,67.2,67.2,False,28,63.8,8.4,2,horizontal environmental reference,SW,50.4,"sun 40° up (SW) — lay flat, or lift torso ~50° toward SW to face it",99.5,False,,,50.0,49.9,49.6,,not specified,Environmental scores are skin-type independent.,not personalized
2026-10-04T16:00,deterministic,best_match,85.4,29,49.5,81.8,64.2,1007.7,998.0,79199.48,0,0,0,0,0,2,0.0,0.0,0.0,0.0,8.5,227,11.2,3.7,3.7,3600.0,1,0.0,9.3,0.0,17290.028,1394.357,13.9,0.0,0.019,2.95,570.0,502.0,68.0,884.2,777.1,494.2,435.2,59.0,766.6,674.0,19,22,8,9,24,0,0,0,0,0,2480.315,4908.137,10318.241,19297.9,31755.356,America/Los_Angeles,34.03202,-118.52633,86.0,42.10615158081055,1.0,0.0,0.7334963325183373,0.7332344213649852,0.8807017543859649,0.11929824561403508,0.8806151355726427,0.11938486442735735,1.0,0.0,0.0,24.0,0.0,84.1,1.0,,,,,,,,,,,,,,,,,2026-10-04 23:00:00+00:00,60.43402336521487,29.565976634785134,240.33062069141477,423.88615961482276,647.606238171597,104.34075606210934,570.0,884.2,68.0,0.7334963325183373,0,29.66666666666667,29,99.8,,2026-09-22T00:00Z,,,,,0.2,29.964,0.5092,nasa_power_ml_plus_cams_spectral,29.7,low-moderate,57.6,92.0,typical-to-good locally,53.0,77.0,61.4,61.4,False,29,64.2,8.5,2,horizontal environmental reference,WSW,60.4,"sun low 30° (WSW) — face WSW, lift torso ~60° toward the sun if comfortable",99.5,False,,,50.0,41.0,40.8,,not specified,Environmental scores are skin-type independent.,not personalized
2026-10-04T17:00,deterministic,best_match,85.1,29,49.3,81.5,64.0,1007.5,997.8,79199.48,0,0,0,0,0,3,0.0,0.0,0.0,0.0,7.9,230,11.9,2.25,2.25,3600.0,1,0.0,9.3,0.0,17486.876,1115.486,13.8,0.0,0.014,2.93,385.0,328.0,57.0,811.3,553.8,296.6,252.6,43.9,624.9,426.8,19,22,8,10,26,0,0,0,0,0,2473.754,4901.575,10314.961,19294.62,31765.938,America/Los_Angeles,34.03202,-118.52633,86.0,42.10615158081055,1.0,0.0,0.6951968219573854,0.6949390815370197,0.8519480519480519,0.14805194805194805,0.8516520566419419,0.14801078894133513,1.0,0.0,0.10000000000002274,26.0,0.0,72.3,1.0,,,,,,,,,,,,,,,,,2026-10-05 00:00:00+00:00,71.75251940473805,18.247480595261955,251.02168684500415,223.64302674784426,472.2702570652882,75.76479754408413,385.0,811.3,57.0,0.6951968219573854,0,29.499999999999996,29,99.78,,2026-09-22T00:00Z,,,,,0.2,18.143,0.1444,nasa_power_ml_plus_cams_spectral,18.0,low,40.0,99.6,below typical locally,33.8,78.8,49.6,49.6,False,29,64.0,7.9,3,horizontal environmental reference,WSW,71.8,"sun low 18° (WSW) — face WSW, lift torso ~72° toward the sun if comfortable",99.2,False,,,50.0,28.0,27.8,,not specified,Environmental scores are skin-type independent.,not personalized
2026-10-04T18:00,deterministic,best_match,84.4,29,48.7,81.3,63.4,1007.5,997.8,79199.48,0,0,0,0,0,4,0.0,0.0,0.0,0.0,6.5,236,10.3,0.9,0.9,3600.0,1,0.0,9.6,0.0,17421.26,787.402,13.8,0.0,0.008,2.86,171.0,129.0,42.0,613.7,288.4,86.4,65.2,21.2,310.3,146.3,19,22,8,10,24,0,0,0,0,0,2480.315,4908.137,10321.522,19301.182,31776.522,America/Los_Angeles,34.03202,-118.52633,86.0,42.10615158081055,1.0,0.0,0.5929264909847435,0.5905673274094326,0.7543859649122807,0.24561403508771928,0.7546296296296297,0.24537037037037035,1.0,0.0,0.0,24.0,0.0,55.0,1.0,,,,,,,,,,,,,,,,,2026-10-05 01:00:00+00:00,83.70893182049342,6.291068179506587,260.11070491966257,33.10349002151675,108.64310769184706,21.19844764848589,171.0,613.7,42.0,0.5929264909847435,0,29.111111111111114,29,99.78,,2026-09-22T00:00Z,,,,,0.2,6.801,0.0377,nasa_power_ml_plus_cams_spectral,6.9,low,21.3,100.0,poor locally,33.8,86.9,52.4,52.4,False,29,63.4,6.5,4,horizontal environmental reference,W,83.7,"sun low 6° (W) — face W, lift torso ~84° toward the sun if comfortable",98.8,False,,,50.0,14.5,14.3,,not specified,Environmental scores are skin-type independent.,not personalized
2026-10-04T19:00,deterministic,best_match,83.4,29,47.8,80.8,62.7,1007.7,997.9,79199.48,0,0,0,0,0,6,0.0,0.0,0.0,0.0,4.7,251,7.8,0.05,0.05,1620.75,0,0.0,10.0,0.0,17388.452,426.509,13.9,0.0,0.004,2.77,12.0,9.0,3.0,120.6,36.4,0.0,0.0,0.0,0.0,0.0,19,22,9,9,20,0,0,0,0,0,2486.877,4911.418,10328.084,19304.462,31787.106,America/Los_Angeles,34.03202,-118.52633,86.0,42.10615158081055,1.0,0.0,0.32967032967032966,,0.75,0.25,,,0.4502083333333333,0.0,0.0,22.0,0.0,32.5,1.0,,,,,,,,,,,,,,,,,2026-10-05 02:00:00+00:00,96.21375989243195,-6.213759892431958,268.52823133357293,0.0,0.0,0.0,12.0,120.6,3.0,0.32967032967032966,0,28.55555555555556,29,99.78999999999999,,2026-09-22T00:00Z,,,,,0.2,0.0,0.0,nasa_power_ml_plus_cams_spectral,0.1,low,0.0,0.0,poor locally,,,,,False,29,62.7,4.7,6,horizontal environmental reference,W,,sun below horizon — no direct-sun posture,98.1,False,,,50.0,0.0,0.0,,not specified,Environmental scores are skin-type independent.,not personalized
2026-10-04T20:00,deterministic,best_match,82.4,30,47.8,80.5,62.3,1007.9,998.1,79199.48,0,0,0,0,0,7,0.0,0.0,0.0,0.0,3.2,262,5.6,0.0,0.0,0.0,0,0.0,10.4,0.0,17322.834,164.042,14.1,0.0,0.002,2.64,0.0,0.0,0.0,0.0,0.0,0.0,0.0,0.0,0.0,0.0,19,22,9,9,18,0,0,0,0,0,2493.438,4917.979,10334.646,19311.024,31797.69,America/Los_Angeles,34.03202,-118.52633,86.0,42.10615158081055,,,,,,,,,0.0,0.0,0.0,22.0,0.0,0.0,0.6,,,,,,,,,,,,,,,,,2026-10-05 03:00:00+00:00,108.62901702509765,-18.629017025097653,277.08030810819236,0.0,0.0,0.0,0.0,0.0,0.0,,0,28.000000000000004,30,99.81,,2026-09-22T00:00Z,,,,,0.2,0.0,0.0,nasa_power_ml_plus_cams_spectral,0.0,low,0.0,,poor locally,,,,,False,30,62.3,3.2,7,horizontal environmental reference,W,,sun below horizon — no direct-sun posture,97.7,False,,,50.0,0.0,0.0,,not specified,Environmental scores are skin-type independent.,not personalized
2026-10-04T21:00,deterministic,best_match,81.4,32,48.7,80.4,62.3,1008.2,998.4,79199.48,0,0,0,0,0,8,0.0,0.0,0.0,0.0,1.5,243,4.7,0.0,0.0,0.0,0,0.0,10.6,0.0,17388.452,82.021,14.3,0.0,0.0,2.49,0.0,0.0,0.0,0.0,0.0,0.0,0.0,0.0,0.0,0.0,19,23,9,9,18,0,0,0,0,0,2500.0,4921.26,10337.927,19314.304,31797.69,America/Los_Angeles,34.03202,-118.52633,86.0,42.10615158081055,,,,,,,,,0.0,0.0,0.0,23.0,0.0,0.0,0.6,,,,,,,,,,,,,,,,,2026-10-05 04:00:00+00:00,120.7959289132118,-30.795928913211792,286.6785744319715,0.0,0.0,0.0,0.0,0.0,0.0,,0,27.44444444444445,32,99.84,,2026-09-22T00:00Z,,,,,0.2,0.0,0.0,nasa_power_ml_plus_cams_spectral,0.0,low,0.0,,poor locally,,,,,False,32,62.3,1.5,8,horizontal environmental reference,WNW,,sun below horizon — no direct-sun posture,97.3,False,,,50.0,0.0,0.0,,not specified,Environmental scores are skin-type independent.,not personalized
2026-10-04T22:00,deterministic,best_match,80.3,35,50.2,79.6,62.5,1008.6,998.8,79199.48,0,0,0,0,0,9,0.0,0.0,0.0,0.0,1.8,150,4.0,0.0,0.0,0.0,0,0.0,10.7,0.0,17421.26,114.829,14.5,0.0,0.001,2.3,0.0,0.0,0.0,0.0,0.0,0.0,0.0,0.0,0.0,0.0,19,23,9,7,18,0,0,0,0,0,2503.281,4927.822,10337.927,19317.586,31802.978,America/Los_Angeles,34.03202,-118.52633,86.0,42.10615158081055,,,,,,,,,0.0,0.0,0.0,23.0,0.0,0.0,0.6,,,,,,,,,,,,,,,,,2026-10-05 05:00:00+00:00,132.27981346080753,-42.279813460807546,298.6558804209959,0.0,0.0,0.0,0.0,0.0,0.0,,0,26.833333333333332,35,99.88,,2026-09-22T00:00Z,,,,,0.2,0.0,0.0,nasa_power_ml_plus_cams_spectral,0.0,low,0.0,,poor locally,,,,,False,35,62.5,1.8,9,horizontal environmental reference,WNW,,sun below horizon — no direct-sun posture,96.9,False,,,50.0,0.0,0.0,,not specified,Environmental scores are skin-type independent.,not personalized
2026-10-04T23:00,deterministic,best_match,79.1,39,52.1,78.4,62.9,1008.9,999.1,79199.48,0,0,0,0,0,10,0.0,0.0,0.0,0.0,3.2,135,3.8,0.0,0.0,0.0,0,0.0,10.6,0.0,17486.876,164.042,14.7,0.0,0.002,2.07,0.0,0.0,0.0,0.0,0.0,0.0,0.0,0.0,0.0,0.0,20,24,10,7,20,0,0,0,0,0,2509.843,4931.103,10341.207,19320.868,31802.978,America/Los_Angeles,34.03202,-118.52633,86.0,42.10615158081055,,,,,,,,,0.0,0.0,0.0,24.0,0.0,0.0,0.6,,,,,,,,,,,,,,,,,2026-10-05 06:00:00+00:00,142.2605681088905,-52.26056810889052,315.1873010770795,0.0,0.0,0.0,0.0,0.0,0.0,,0,26.166666666666664,39,99.91,,2026-09-22T00:00Z,,,,,0.2,0.0,0.0,nasa_power_ml_plus_cams_spectral,0.0,low,0.0,,poor locally,,,,,False,39,62.9,3.2,10,horizontal environmental reference,NW,,sun below horizon — no direct-sun posture,96.5,False,,,50.0,0.0,0.0,,not specified,Environmental scores are skin-type independent.,not personalized
2026-10-05T00:00,deterministic,best_match,77.5,45,54.5,77.5,63.4,1009.0,999.1,79199.48,0,0,0,0,0,10,0.0,0.0,0.0,0.0,3.5,135,3.6,0.0,0.0,0.0,0,0.0,10.0,0.0,17454.068,213.255,15.1,0.0,0.002,1.77,0.0,0.0,0.0,0.0,0.0,0.0,0.0,0.0,0.0,0.0,21,24,12,7,20,0,0,0,0,0,2503.281,4921.26,10331.365,19314.304,31792.396,America/Los_Angeles,34.03202,-118.52633,86.0,42.10615158081055,,,,,,,,,0.0,0.0,0.0,24.0,0.0,0.0,0.6,,,,,,,,,,,,,,,,,2026-10-05 07:00:00+00:00,149.10386193300002,-59.10386193300003,338.9872314917939,0.0,0.0,0.0,0.0,0.0,0.0,,0,25.27777777777778,45,99.91,,2026-09-22T00:00Z,,,,,0.2,0.0,0.0,nasa_power_ml_plus_cams_spectral,0.0,low,0.0,,poor locally,,,,,False,45,63.4,3.5,10,horizontal environmental reference,NNW,,sun below horizon — no direct-sun posture,96.5,False,,,50.0,0.0,0.0,,not specified,Environmental scores are skin-type independent.,not personalized
2026-10-05T01:00,deterministic,best_match,75.8,51,56.4,76.5,63.6,1008.9,999.0,79199.48,0,0,0,0,0,9,0.0,0.0,0.0,0.0,3.2,141,3.6,0.0,0.0,0.0,0,0.0,9.2,0.0,17454.068,262.467,15.5,0.0,0.001,1.49,0.0,0.0,0.0,0.0,0.0,0.0,0.0,0.0,0.0,0.0,22,25,14,6,22,0,0,0,0,0,2496.719,4914.698,10324.804,19304.462,31776.522,America/Los_Angeles,34.03202,-118.52633,86.0,42.10615158081055,,,,,,,,,0.0,0.0,0.0,25.0,0.0,0.0,0.6,,,,,,,,,,,,,,,,,2026-10-05 08:00:00+00:00,150.46664924015525,-60.46664924015525,8.831228031036176,0.0,0.0,0.0,0.0,0.0,0.0,,0,24.333333333333332,51,99.9,,2026-09-22T00:00Z,,,,,0.2,0.0,0.0,nasa_power_ml_plus_cams_spectral,0.0,low,0.0,,poor locally,,,,,False,51,63.6,3.2,9,horizontal environmental reference,N,,sun below horizon — no direct-sun posture,96.9,False,,,50.0,0.0,0.0,,not specified,Environmental scores are skin-type independent.,not personalized
2026-10-05T02:00,deterministic,best_match,74.5,56,57.7,75.8,63.8,1008.9,999.0,79199.48,0,0,0,0,0,8,0.0,0.0,0.0,0.0,2.9,141,3.6,0.0,0.0,0.0,0,0.0,8.7,0.0,17421.26,295.276,15.8,0.0,0.001,1.28,0.0,0.0,0.0,0.0,0.0,0.0,0.0,0.0,0.0,0.0,23,25,16,6,22,0,0,0,0,0,2490.158,4904.856,10314.961,19297.9,31765.938,America/Los_Angeles,34.03202,-118.52633,86.0,42.10615158081055,,,,,,,,,0.0,0.0,0.0,25.0,0.0,0.0,0.6,,,,,,,,,,,,,,,,,2026-10-05 09:00:00+00:00,145.68066564112323,-55.68066564112322,35.86311833285549,0.0,0.0,0.0,0.0,0.0,0.0,,0,23.61111111111111,56,99.9,,2026-09-22T00:00Z,,,,,0.2,0.0,0.0,nasa_power_ml_plus_cams_spectral,0.0,low,0.0,,poor locally,,,,,False,56,63.8,2.9,8,horizontal environmental reference,NE,,sun below horizon — no direct-sun posture,97.3,False,,,50.0,0.0,0.0,,not specified,Environmental scores are skin-type independent.,not personalized
2026-10-05T03:00,deterministic,best_match,73.8,57,57.7,75.3,63.5,1008.8,998.9,79199.48,0,0,0,0,0,7,0.0,0.0,0.0,0.0,2.6,128,3.1,0.0,0.0,0.0,0,0.0,8.7,0.0,17388.452,262.467,15.8,0.0,0.001,1.23,0.0,0.0,0.0,0.0,0.0,0.0,0.0,0.0,0.0,0.0,23,25,14,6,20,0,0,0,0,0,2486.877,4901.575,10308.399,19288.058,31750.062,America/Los_Angeles,34.03202,-118.52633,86.0,42.10615158081055,,,,,,,,,0.0,0.0,0.0,25.0,0.0,0.0,0.6,,,,,,,,,,,,,,,,,2026-10-05 10:00:00+00:00,136.77253434200787,-46.772534342007866,55.200519465258935,0.0,0.0,0.0,0.0,0.0,0.0,,0,23.22222222222222,57,99.89,,2026-09-22T00:00Z,,,,,0.2,0.0,0.0,nasa_power_ml_plus_cams_spectral,0.0,low,0.0,,poor locally,,,,,False,57,63.5,2.6,7,horizontal environmental reference,NE,,sun below horizon — no direct-sun posture,97.7,False,,,50.0,0.0,0.0,,not specified,Environmental scores are skin-type independent.,not personalized
2026-10-05T04:00,deterministic,best_match,73.6,57,57.4,75.0,63.3,1008.8,998.9,79199.48,0,0,0,0,0,7,0.0,0.0,0.0,0.0,2.3,101,2.7,0.0,0.0,0.0,0,0.0,9.0,0.0,17355.642,213.255,15.5,0.0,0.001,1.21,0.0,0.0,0.0,0.0,0.0,0.0,0.0,0.0,0.0,0.0,23,26,12,6,18,0,0,0,0,0,2486.877,4895.013,10301.837,19281.496,31739.48,America/Los_Angeles,34.03202,-118.52633,86.0,42.10615158081055,,,,,,,,,0.0,0.0,0.0,26.0,0.0,0.0,0.6,,,,,,,,,,,,,,,,,2026-10-05 11:00:00+00:00,125.79656426027138,-35.79656426027138,68.7901236371041,0.0,0.0,0.0,0.0,0.0,0.0,,0,23.11111111111111,57,99.89,,2026-09-22T00:00Z,,,,,0.2,0.0,0.0,nasa_power_ml_plus_cams_spectral,0.0,low,0.0,,poor locally,,,,,False,57,63.3,2.3,7,horizontal environmental reference,ENE,,sun below horizon — no direct-sun posture,97.7,False,,,50.0,0.0,0.0,,not specified,Environmental scores are skin-type independent.,not personalized
2026-10-05T05:00,deterministic,best_match,73.6,56,56.9,74.8,63.0,1008.8,998.9,79199.48,0,0,0,0,0,6,0.0,0.0,0.0,0.0,2.5,85,2.5,0.0,0.0,0.0,0,0.0,9.3,0.0,17322.834,180.446,15.3,0.0,0.001,1.24,0.0,0.0,0.0,0.0,0.0,0.0,0.0,0.0,0.0,0.0,23,26,10,6,18,0,0,0,0,0,2483.596,4891.733,10295.275,19271.654,31723.604,America/Los_Angeles,34.03202,-118.52633,86.0,42.10615158081055,,,,,,,,,0.0,0.0,0.0,26.0,0.0,0.0,0.6,,,,,,,,,,,,,,,,,2026-10-05 12:00:00+00:00,113.86132014118137,-23.861320141181366,79.20721032709127,0.0,0.0,0.0,0.0,0.0,0.0,,0,23.11111111111111,56,99.89,,2026-09-22T00:00Z,,,,,0.2,0.0,0.0,nasa_power_ml_plus_cams_spectral,0.0,low,0.0,,poor locally,,,,,False,56,63.0,2.5,6,horizontal environmental reference,E,,sun below horizon — no direct-sun posture,98.1,False,,,50.0,0.0,0.0,,not specified,Environmental scores are skin-type independent.,not personalized
2026-10-05T06:00,deterministic,best_match,73.4,56,56.7,74.4,62.8,1009.0,999.0,79199.48,0,0,0,0,0,6,0.0,0.0,0.0,0.0,2.7,81,2.7,0.0,0.0,0.0,0,0.0,9.5,0.0,17257.218,180.446,15.1,0.0,0.001,1.24,0.0,0.0,0.0,0.0,0.0,0.0,0.0,0.0,0.0,0.0,23,26,9,6,20,0,0,0,0,0,2490.158,4898.294,10298.557,19274.934,31723.604,America/Los_Angeles,34.03202,-118.52633,86.0,42.10615158081055,,,,,,,,,0.0,0.0,0.0,26.0,0.0,0.0,0.6,,,,,,,,,,,,,,,,,2026-10-05 13:00:00+00:00,101.524966632776,-11.524966632775998,88.09246767356603,0.0,0.0,0.0,0.0,0.0,0.0,,0,23.000000000000004,56,99.9,,2026-09-22T00:00Z,,,,,0.2,0.0,0.0,nasa_power_ml_plus_cams_spectral,0.0,low,0.0,0.0,poor locally,,,,,False,56,62.8,2.7,6,horizontal environmental reference,E,,sun below horizon — no direct-sun posture,98.1,False,,,50.0,0.0,0.0,,not specified,Environmental scores are skin-type independent.,not personalized
2026-10-05T07:00,deterministic,best_match,73.5,55,56.3,74.3,62.7,1009.3,999.3,79199.48,0,0,0,0,0,6,0.0,0.0,0.0,0.0,2.9,86,3.1,0.0,0.0,0.0,1,0.0,9.7,0.0,17191.602,213.255,14.9,0.0,0.002,1.27,0.0,0.0,0.0,0.0,0.8,0.0,0.0,0.0,0.0,21.1,24,25,8,6,22,0,0,0,0,0,2493.438,4901.575,10305.118,19274.934,31723.604,America/Los_Angeles,34.03202,-118.52633,86.0,42.10615158081055,,,0.0,0.0,,,,,0.0,0.0,0.0,25.0,0.0,0.0,0.75,,,,,,,,,,,,,,,,,2026-10-05 14:00:00+00:00,88.7532317863089,1.2467682136910987,96.49082318061795,0.5115720684552582,1.387749777387679,0.4813767244841573,0.0,0.0,0.0,,0,23.055555555555557,55,99.92999999999999,,2026-09-22T00:00Z,,,,,0.2,0.774,0.0062,nasa_power_ml_plus_cams_spectral,0.4,low,0.9,6.8,poor locally,33.6,86.4,52.1,52.1,False,55,62.7,2.9,6,horizontal environmental reference,E,88.8,"sun low 1° (E) — face E, lift torso ~89° toward the sun if comfortable",98.1,False,,,50.0,1.2,1.2,,not specified,Environmental scores are skin-type independent.,not personalized
2026-10-05T08:00,deterministic,best_match,74.3,53,56.1,75.0,62.9,1009.5,999.6,79199.48,0,0,0,0,0,6,0.0,0.0,0.0,0.0,2.9,99,3.6,0.5,0.5,3600.0,1,0.0,9.8,0.0,17125.984,344.488,14.7,0.0,0.003,1.36,84.0,57.0,27.0,419.8,166.6,155.7,105.6,50.0,777.9,309.5,24,25,8,6,24,0,0,0,0,0,2500.0,4908.137,10308.399,19278.214,31723.604,America/Los_Angeles,34.03202,-118.52633,86.0,42.10615158081055,1.0,0.0,0.5042016806722689,0.5030694668820678,0.6785714285714286,0.32142857142857145,0.6782273603082852,0.32113037893384716,1.0,0.0,0.09999999999999432,25.0,0.0,61.2,1.0,,,,,,,,,,,,,,,,,2026-10-05 15:00:00+00:00,76.86233651943927,13.137663480560738,105.2227999491572,134.63220625776847,343.0756322128432,56.654030093371986,84.0,419.8,27.0,0.5042016806722689,0,23.5,53,99.96000000000001,,2026-09-22T00:00Z,,,,,0.2,5.153,0.0284,nasa_power_ml_plus_cams_spectral,4.6,low,18.0,46.9,poor locally,46.6,63.7,52.6,52.6,False,53,62.9,2.9,6,horizontal environmental reference,ESE,76.9,"sun low 13° (ESE) — face ESE, lift torso ~77° toward the sun if comfortable",98.1,False,,,50.0,10.3,10.1,,not specified,Environmental scores are skin-type independent.,not personalized
2026-10-05T09:00,deterministic,best_match,76.6,47,54.9,76.9,63.2,1009.7,999.8,79199.48,0,0,0,0,0,6,0.0,0.0,0.0,0.0,2.9,122,3.4,1.95,1.95,3600.0,1,0.0,9.8,0.0,17027.558,656.168,14.6,0.0,0.008,1.66,296.0,246.0,50.0,756.9,443.8,381.6,317.1,64.5,975.7,572.4,24,25,8,6,24,0,0,0,0,0,2503.281,4911.418,10311.68,19278.214,31723.604,America/Los_Angeles,34.03202,-118.52633,86.0,42.10615158081055,1.0,0.0,0.6669671022983326,0.6666666666666667,0.831081081081081,0.16891891891891891,0.8309748427672956,0.1690251572327044,1.0,0.0,0.0,25.0,0.0,74.8,1.0,,,,,,,,,,,,,,,,,2026-10-05 16:00:00+00:00,65.24060554486098,24.75939445513901,115.1402763182457,339.8273081396539,587.2225257910412,93.89344375753308,296.0,756.9,50.0,0.6669671022983326,0,24.777777777777775,47,99.97999999999999,,2026-09-22T00:00Z,,,,,0.2,16.449,0.2092,nasa_power_ml_plus_cams_spectral,16.0,low,37.7,54.2,below typical locally,63.1,64.6,63.6,63.6,False,47,63.2,2.9,6,horizontal environmental reference,ESE,65.2,"sun low 25° (ESE) — face ESE, lift torso ~65° toward the sun if comfortable",98.1,False,,,50.0,25.3,24.8,,not specified,Environmental scores are skin-type independent.,not personalized
2026-10-05T10:00,deterministic,best_match,79.8,40,53.3,79.2,63.7,1009.8,1000.0,79199.48,0,0,0,0,0,6,0.0,0.0,0.0,0.0,3.7,155,2.9,3.4,3.4,3600.0,1,0.0,9.7,0.0,16929.134,1049.869,14.5,0.0,0.014,2.08,492.0,427.0,65.0,850.4,686.3,567.5,492.5,75.0,980.8,791.8,25,25,9,6,24,0,0,0,0,0,2506.562,4911.418,10314.961,19278.214,31718.314,America/Los_Angeles,34.03202,-118.52633,86.0,42.10615158081055,1.0,0.0,0.7168876584584002,0.7167213942914878,0.8678861788617886,0.13211382113821138,0.8678414096916299,0.13215859030837004,1.0,0.0,0.0,25.0,0.0,83.4,1.0,,,,,,,,,,,,,,,,,2026-10-05 17:00:00+00:00,54.626344778016865,35.373655221983135,127.32442338303275,522.0683215904082,703.3137528404973,114.91555017856723,492.0,850.4,65.0,0.7168876584584002,0,26.555555555555554,40,100.0,,2026-09-22T00:00Z,,,,,0.2,28.417,0.5686,nasa_power_ml_plus_cams_spectral,27.8,low-moderate,55.6,47.6,typical-to-good locally,66.4,64.6,65.8,65.8,False,40,63.7,3.7,6,horizontal environmental reference,SE,54.6,"sun 35° up (SE) — lay flat, or lift torso ~55° toward SE to face it",98.1,False,,,50.0,37.0,36.3,,not specified,Environmental scores are skin-type independent.,not personalized
2026-10-05T11:00,deterministic,best_match,82.0,35,51.7,81.6,63.9,1009.7,999.9,79199.48,0,0,0,0,0,6,0.0,0.0,0.0,0.0,4.7,175,3.1,4.7,4.7,3600.0,1,0.0,9.5,0.0,16830.708,1377.953,14.4,0.0,0.019,2.43,652.0,578.0,74.0,900.7,877.5,707.7,627.4,80.3,977.7,952.6,25,25,9,6,24,0,0,0,0,0,2509.843,4914.698,10318.241,19278.214,31718.314,America/Los_Angeles,34.03202,-118.52633,86.0,42.10615158081055,1.0,0.0,0.743019943019943,0.7429141297501575,0.8865030674846626,0.11349693251533742,0.8865338420234562,0.11346615797654372,1.0,0.0,1.1368683772161603e-13,25.0,0.0,90.6,1.0,,,,,,,,,,,,,,,,,2026-10-05 18:00:00+00:00,45.86206807873777,44.13793192126223,143.13252407016887,658.1405091614361,761.9022441270658,127.56087571451383,652.0,900.7,74.0,0.743019943019943,0,27.77777777777778,35,99.99,,2026-09-22T00:00Z,,,,,0.2,39.037,0.9135,nasa_power_ml_plus_cams_spectral,38.3,moderate,72.4,43.7,typical-to-good locally,71.0,64.3,68.7,68.7,False,35,63.9,4.7,6,horizontal environmental reference,SE,45.9,"sun 44° up (SE) — lay flat, or lift torso ~46° toward SE to face it",98.1,False,,,50.0,46.6,45.7,,not specified,Environmental scores are skin-type independent.,not personalized
2026-10-05T12:00,deterministic,best_match,82.6,34,51.4,82.8,63.9,1009.3,999.5,79199.48,0,0,0,0,0,6,0.0,0.0,0.0,0.0,6.0,193,4.3,6.0,6.0,3600.0,1,0.0,9.1,0.0,16830.708,1591.207,14.3,0.0,0.022,2.51,769.0,695.0,74.0,946.6,1004.4,799.3,722.4,76.9,983.8,1044.1,25,24,9,6,26,0,0,0,0,0,2496.719,4904.856,10308.399,19265.092,31697.146,America/Los_Angeles,34.03202,-118.52633,86.0,42.10615158081055,1.0,0.0,0.7656312226204699,0.7655396992625227,0.9037711313394018,0.09622886866059818,0.9037908169648443,0.09620918303515577,1.0,0.0,0.0,26.0,0.0,97.7,1.0,,,,,,,,,,,,,,,,,2026-10-05 19:00:00+00:00,40.25532541815949,49.74467458184051,163.51286872305195,736.0022130871747,788.6950620383086,134.0919004212692,769.0,946.6,74.0,0.7656312226204699,0,28.11111111111111,34,99.95,,2026-09-22T00:00Z,,,,,0.2,45.534,1.19,nasa_power_ml_plus_cams_spectral,46.4,moderate,87.2,59.8,good locally,93.3,61.9,82.3,82.3,False,34,63.9,6.0,6,horizontal environmental reference,SSE,40.3,"sun 50° up (SSE) — lay flat, or lift torso ~40° toward SSE to face it",98.1,False,,,50.0,57.0,55.9,,not specified,Environmental scores are skin-type independent.,not personalized
2026-10-05T13:00,deterministic,best_match,82.3,36,52.7,82.5,64.4,1008.8,999.0,79199.48,0,0,0,0,0,6,0.0,0.0,0.0,0.0,7.7,206,6.0,6.3,6.3,3600.0,1,0.0,8.6,0.0,16863.518,1738.845,14.1,0.0,0.024,2.41,815.0,738.0,77.0,954.2,1058.3,816.1,739.0,77.1,955.5,1059.8,26,24,10,7,30,0,0,0,0,0,2486.877,4891.733,10295.275,19255.25,31681.27,America/Los_Angeles,34.03202,-118.52633,86.0,42.10615158081055,1.0,0.0,0.770102995369933,0.7700509530100019,0.905521472392638,0.09447852760736196,0.9055262835436834,0.09447371645631662,1.0,0.0,0.0,30.0,0.0,97.8,1.0,,,,,,,,,,,,,,,,,2026-10-05 20:00:00+00:00,39.22415672333189,50.77584327666811,186.9289567150456,749.4445407752331,792.9299995013941,135.17915648308644,815.0,954.2,77.0,0.770102995369933,0,27.944444444444443,36,99.9,,2026-09-22T00:00Z,,,,,0.2,47.782,1.2835,nasa_power_ml_plus_cams_spectral,48.7,moderate,90.9,67.3,excellent locally,94.4,63.4,83.6,83.6,False,36,64.4,7.7,6,horizontal environmental reference,S,39.2,"sun 51° up (S) — lay flat, or lift torso ~39° toward S to face it",98.1,False,,,50.0,59.9,58.8,,not specified,Environmental scores are skin-type independent.,not personalized
2026-10-05T14:00,deterministic,best_match,81.7,37,52.9,81.2,64.3,1008.3,998.5,79199.48,0,0,0,0,0,6,0.0,0.0,0.0,0.0,8.8,212,7.4,6.0,6.0,3600.0,1,0.0,8.2,0.0,16863.518,1755.249,13.7,0.0,0.023,2.33,794.0,716.0,78.0,946.4,1035.4,765.7,690.5,75.2,912.7,998.7,25,22,10,7,30,0,0,0,0,0,2473.754,4881.89,10285.434,19242.126,31660.106,America/Los_Angeles,34.03202,-118.52633,86.0,42.10615158081055,1.0,0.0,0.766853389994205,0.7666967057174326,0.9017632241813602,0.0982367758186398,0.9017892124853075,0.09821078751469244,1.0,0.0,0.0,30.0,0.0,97.7,1.0,,,,,,,,,,,,,,,,,2026-10-05 21:00:00+00:00,43.10441879411249,46.89558120588751,208.9486391216387,697.4181569525055,775.9249735207211,130.9079014608219,794.0,946.4,78.0,0.766853389994205,0,27.611111111111114,37,99.85,,2026-09-22T00:00Z,,,,,0.2,45.91,1.1815,nasa_power_ml_plus_cams_spectral,46.6,moderate,87.6,73.6,good locally,92.5,65.0,82.9,82.9,False,37,64.3,8.8,6,horizontal environmental reference,SSW,43.1,"sun 47° up (SSW) — lay flat, or lift torso ~43° toward SSW to face it",98.1,False,,,50.0,58.5,57.4,,not specified,Environmental scores are skin-type independent.,not personalized
2026-10-05T15:00,deterministic,best_match,80.9,38,52.9,79.6,64.0,1007.9,998.1,79199.48,0,0,0,0,0,6,0.0,0.0,0.0,0.0,8.6,217,8.3,4.9,4.9,3600.0,1,0.0,8.1,0.0,16797.9,1558.399,12.8,0.0,0.021,2.23,708.0,637.0,71.0,930.3,937.5,653.1,587.6,65.5,858.2,865.0,23,19,10,9,24,0,0,0,0,0,2467.192,4875.328,10282.152,19235.564,31644.23,America/Los_Angeles,34.03202,-118.52633,86.0,42.10615158081055,1.0,0.0,0.7552,0.7550289017341041,0.8997175141242938,0.10028248587570622,0.8997090797733884,0.10029092022661154,1.0,0.0,0.0,24.0,0.0,91.9,1.0,,,,,,,,,,,,,,,,,2026-10-05 22:00:00+00:00,50.7644646210199,39.2355353789801,226.58691118011652,583.9851489515902,732.141145524634,120.89869290465066,708.0,930.3,71.0,0.7552,0,27.16666666666667,38,99.81,,2026-09-22T00:00Z,,,,,0.2,39.148,0.8566,nasa_power_ml_plus_cams_spectral,39.0,moderate,73.6,72.3,typical-to-good locally,65.8,65.8,65.8,65.8,False,38,64.0,8.6,6,horizontal environmental reference,SW,50.8,"sun 39° up (SW) — lay flat, or lift torso ~51° toward SW to face it",98.1,False,,,50.0,49.4,48.5,,not specified,Environmental scores are skin-type independent.,not personalized
2026-10-05T16:00,deterministic,best_match,79.7,39,52.5,77.3,63.4,1007.6,997.8,79199.48,0,0,0,0,0,6,0.0,0.0,0.0,0.0,7.8,219,8.7,3.7,3.7,3600.0,1,0.0,8.2,0.0,16699.475,1230.315,11.6,0.0,0.017,2.11,568.0,499.0,69.0,886.4,771.0,491.8,432.0,59.7,767.5,667.7,20,16,10,9,16,0,0,0,0,0,2457.349,4868.767,10275.591,19225.722,31633.646,America/Los_Angeles,34.03202,-118.52633,86.0,42.10615158081055,1.0,0.0,0.7367055771725033,0.7365583345813987,0.8785211267605634,0.12147887323943662,0.8784058560390402,0.12139080927206182,1.0,0.0,0.10000000000002274,20.0,0.0,83.4,1.0,,,,,,,,,,,,,,,,,2026-10-05 23:00:00+00:00,60.75375080208889,29.246249197911116,240.0715457522652,418.6042896399048,644.4266356197978,103.76055524457837,568.0,886.4,69.0,0.7367055771725033,0,26.500000000000004,39,99.78,,2026-09-22T00:00Z,,,,,0.2,29.862,0.4999,nasa_power_ml_plus_cams_spectral,29.7,low-moderate,58.0,93.1,typical-to-good locally,50.4,65.5,55.7,55.7,False,39,63.4,7.8,6,horizontal environmental reference,WSW,60.8,"sun low 29° (WSW) — face WSW, lift torso ~61° toward the sun if comfortable",98.1,False,,,50.0,40.5,39.7,,not specified,Environmental scores are skin-type independent.,not personalized
2026-10-05T17:00,deterministic,best_match,78.6,40,52.3,76.4,62.8,1007.5,997.7,79199.48,0,0,0,0,0,6,0.0,0.0,0.0,0.0,6.8,221,8.5,2.25,2.25,3600.0,1,0.0,8.2,0.0,16633.857,935.039,10.8,0.0,0.012,2.0,383.0,325.0,58.0,813.7,547.4,293.9,249.4,44.5,624.4,420.4,18,13,10,10,14,0,0,0,0,0,2450.787,4862.205,10272.31,19219.16,31617.772,America/Los_Angeles,34.03202,-118.52633,86.0,42.10615158081055,1.0,0.0,0.6996711728169529,0.6990960989533778,0.8485639686684073,0.1514360313315927,0.8485879550867643,0.15141204491323582,1.0,0.0,0.0,18.0,0.0,71.8,1.0,,,,,,,,,,,,,,,,,2026-10-06 00:00:00+00:00,72.04812921485869,17.951870785141313,250.75249709750858,218.51886224324636,466.1504449305097,74.84291123481691,383.0,813.7,58.0,0.6996711728169529,0,25.888888888888886,40,99.77000000000001,,2026-09-22T00:00Z,,,,,0.2,18.047,0.144,nasa_power_ml_plus_cams_spectral,18.0,low,40.3,99.7,below typical locally,33.7,65.9,45.0,45.0,False,40,62.8,6.8,6,horizontal environmental reference,WSW,72.0,"sun low 18° (WSW) — face WSW, lift torso ~72° toward the sun if comfortable",98.1,False,,,50.0,27.7,27.2,,not specified,Environmental scores are skin-type independent.,not personalized
2026-10-05T18:00,deterministic,best_match,77.7,42,52.8,76.3,62.7,1007.6,997.7,79199.48,0,2,0,0,2,6,0.0,0.0,0.0,0.0,5.4,218,7.2,0.9,0.9,3600.0,1,0.0,8.2,0.0,16633.857,705.381,10.6,0.0,0.006,1.88,169.0,127.0,42.0,618.6,281.9,83.5,62.7,20.7,305.5,139.7,17,11,10,11,30,0,0,0,0,0,2457.349,4868.767,10275.591,19222.442,31617.772,America/Los_Angeles,34.03202,-118.52633,86.0,42.10615158081055,1.0,0.0,0.5995033699893579,0.5977093772369363,0.7514792899408284,0.2485207100591716,0.7508982035928145,0.24790419161676647,1.0,0.0,0.09999999999999432,30.0,0.0,54.6,1.0,,,,,,,,,,,,,,,,,2026-10-06 01:00:00+00:00,83.98544535761096,6.014554642389044,259.8371704105407,29.99744408876419,99.07298416504936,19.61646834877918,169.0,618.6,42.0,0.5995033699893579,2,25.388888888888893,42,99.77000000000001,,2026-09-22T00:00Z,,,,,0.2,6.778,0.0359,nasa_power_ml_plus_cams_spectral,6.9,low,21.5,100.0,poor locally,33.1,74.3,47.5,47.5,False,42,62.7,5.4,6,horizontal environmental reference,W,84.0,"sun low 6° (W) — face W, lift torso ~84° toward the sun if comfortable",98.1,False,,,50.0,14.3,14.0,,not specified,Environmental scores are skin-type independent.,not personalized
2026-10-05T19:00,deterministic,best_match,76.8,43,52.6,75.9,62.2,1007.9,998.0,79199.48,0,4,0,0,4,6,0.0,0.0,0.0,0.0,4.0,207,4.9,0.05,0.05,1383.8,0,0.0,8.1,0.0,16601.051,508.53,10.7,0.0,0.002,1.79,11.0,8.0,3.0,110.8,33.2,0.0,0.0,0.0,0.0,0.0,17,11,10,11,54,0,0,0,0,0,2463.911,4872.048,10278.871,19225.722,31623.064,America/Los_Angeles,34.03202,-118.52633,86.0,42.10615158081055,1.0,0.0,0.33132530120481923,,0.7272727272727273,0.2727272727272727,,,0.3843888888888889,0.0,0.0,54.0,0.0,31.7,1.0,,,,,,,,,,,,,,,,,2026-10-06 02:00:00+00:00,96.48933070663526,-6.489330706635256,268.2483691533521,0.0,0.0,0.0,11.0,110.8,3.0,0.33132530120481923,4,24.88888888888889,43,99.8,,2026-09-22T00:00Z,,,,,0.2,0.0,0.0,nasa_power_ml_plus_cams_spectral,0.1,low,0.0,0.0,poor locally,,,,,False,43,62.2,4.0,6,horizontal environmental reference,W,,sun below horizon — no direct-sun posture,98.1,False,,,50.0,0.0,0.0,,not specified,Environmental scores are skin-type independent.,not personalized
2026-10-05T20:00,deterministic,best_match,75.9,46,53.6,75.8,62.3,1008.2,998.3,79199.48,0,6,0,0,5,6,0.0,0.0,0.0,0.0,3.0,193,3.4,0.0,0.0,0.0,0,0.0,8.0,0.0,16601.051,377.297,11.0,0.0,0.001,1.65,0.0,0.0,0.0,0.0,0.0,0.0,0.0,0.0,0.0,0.0,17,10,9,13,66,0,0,0,0,0,2470.473,4878.609,10282.152,19229.002,31623.064,America/Los_Angeles,34.03202,-118.52633,86.0,42.10615158081055,,,,,,,,,0.0,0.0,0.0,66.0,0.0,0.0,0.6,,,,,,,,,,,,,,,,,2026-10-06 03:00:00+00:00,108.90733883847311,-18.907338838473105,276.78953658874536,0.0,0.0,0.0,0.0,0.0,0.0,,6,24.388888888888893,46,99.83,,2026-09-22T00:00Z,,,,,0.2,0.0,0.0,nasa_power_ml_plus_cams_spectral,0.0,low,0.0,,poor locally,,,,,False,46,62.3,3.0,6,horizontal environmental reference,W,,sun below horizon — no direct-sun posture,98.1,False,,,50.0,0.0,0.0,,not specified,Environmental scores are skin-type independent.,not personalized
2026-10-05T21:00,deterministic,best_match,74.8,50,54.9,75.2,62.5,1008.5,998.6,79199.48,0,6,0,0,5,6,0.0,0.0,0.0,0.0,2.7,189,2.9,0.0,0.0,0.0,0,0.0,7.7,0.0,16535.434,360.892,11.3,0.0,0.001,1.47,0.0,0.0,0.0,0.0,0.0,0.0,0.0,0.0,0.0,0.0,18,9,8,13,56,0,0,0,0,0,2473.754,4878.609,10285.434,19229.002,31623.064,America/Los_Angeles,34.03202,-118.52633,86.0,42.10615158081055,,,,,,,,,0.0,0.0,0.0,56.0,0.0,0.0,0.6,,,,,,,,,,,,,,,,,2026-10-06 04:00:00+00:00,121.08715584466403,-31.087155844664025,286.3736437374255,0.0,0.0,0.0,0.0,0.0,0.0,,6,23.77777777777778,50,99.86,,2026-09-22T00:00Z,,,,,0.2,0.0,0.0,nasa_power_ml_plus_cams_spectral,0.0,low,0.0,,poor locally,,,,,False,50,62.5,2.7,6,horizontal environmental reference,WNW,,sun below horizon — no direct-sun posture,98.1,False,,,50.0,0.0,0.0,,not specified,Environmental scores are skin-type independent.,not personalized
2026-10-05T22:00,deterministic,best_match,73.7,54,56.0,74.4,62.6,1008.9,999.0,79199.48,0,5,0,0,4,6,0.0,0.0,0.0,0.0,2.7,189,2.9,0.0,0.0,0.0,0,0.0,7.4,0.0,16437.008,410.105,11.8,0.0,0.001,1.3,0.0,0.0,0.0,0.0,0.0,0.0,0.0,0.0,0.0,0.0,19,9,6,13,36,0,0,0,0,0,2477.034,4881.89,10285.434,19225.722,31628.354,America/Los_Angeles,34.03202,-118.52633,86.0,42.10615158081055,,,,,,,,,0.0,0.0,0.0,36.0,0.0,0.0,0.6,,,,,,,,,,,,,,,,,2026-10-06 05:00:00+00:00,132.596351232777,-42.596351232777,298.34401137021854,0.0,0.0,0.0,0.0,0.0,0.0,,5,23.166666666666668,54,99.9,,2026-09-22T00:00Z,,,,,0.2,0.0,0.0,nasa_power_ml_plus_cams_spectral,0.0,low,0.0,,poor locally,,,,,False,54,62.6,2.7,6,horizontal environmental reference,WNW,,sun below horizon — no direct-sun posture,98.1,False,,,50.0,0.0,0.0,,not specified,Environmental scores are skin-type independent.,not personalized
2026-10-05T23:00,deterministic,best_match,72.7,58,57.0,73.8,62.7,1009.1,999.1,79199.48,0,4,0,0,3,6,0.0,0.0,0.0,0.0,2.7,189,2.9,0.0,0.0,0.0,0,0.0,7.1,0.0,16371.392,442.913,12.2,0.0,0.001,1.15,0.0,0.0,0.0,0.0,0.0,0.0,0.0,0.0,0.0,0.0,19,9,4,13,20,0,0,0,0,0,2480.315,4881.89,10288.714,19225.722,31628.354,America/Los_Angeles,34.03202,-118.52633,86.0,42.10615158081055,,,,,,,,,0.0,0.0,0.0,20.0,0.0,0.0,0.6,,,,,,,,,,,,,,,,,2026-10-06 06:00:00+00:00,142.61506539461743,-52.61506539461742,314.9154841790012,0.0,0.0,0.0,0.0,0.0,0.0,,4,22.611111111111114,58,99.91,,2026-09-22T00:00Z,,,,,0.2,0.0,0.0,nasa_power_ml_plus_cams_spectral,0.0,low,0.0,,poor locally,,,,,False,58,62.7,2.7,6,horizontal environmental reference,NW,,sun below horizon — no direct-sun posture,98.1,False,,,50.0,0.0,0.0,,not specified,Environmental scores are skin-type independent.,not personalized
