dt,is_day,terrestrial_radiation,terrestrial_radiation_instant,latitude_grid,longitude_grid,elevation_m,generationtime_ms,uv_transmission,uv_attenuation,clearness_index,clearness_index_instant,direct_fraction,diffuse_fraction,direct_fraction_instant,diffuse_fraction_instant,sunshine_fraction,ghi_balance_error,ghi_balance_error_instant,upper_air_rh_max,upper_air_cloud_max,sun_score_0_100,sun_score_evidence_weight,air__pm10,air__pm2_5,air__carbon_monoxide,air__carbon_dioxide,air__nitrogen_dioxide,air__sulphur_dioxide,air__ozone,air__methane,air__aerosol_optical_depth,air__dust,air__uv_index,air__uv_index_clear_sky,air__us_aqi,air__us_aqi_pm2_5,air__us_aqi_pm10,air__us_aqi_ozone,sza,solar_elevation_deg,solar_azimuth_deg,clear_ghi,clear_dni,clear_dhi,ghi,dni,dhi,kt,cloud,temp_c,rh,pressure_kpa,aod55,aod340,aod380,ozone_du,cams_forecast_albedo,albedo,predicted_uva_wm2,predicted_uvb_wm2,tan_score_absolute_0_100,local_tan_score_0_100,atmospheric_quality_percentile_0_100,ensemble_strong_sun_support_0_100,deterministic_agreement_0_100,sun_window_confidence_0_100,tan_forecast_confidence_0_100,uv_input_disagree,humidity_context_pct,wet_bulb_context_f,wind_context_mph,precipitation_context_probability_pct,torso_lift_deg,outdoor_feasibility_0_100,outdoor_blocked,minimum_tan_temperature_f,overall_components_unblocked_0_100,overall_tan_opportunity_0_100,uv_index,shortwave_radiation_instant,time,subhour_source,weather_code,sun_compass,sun_posture_guidance,outdoor_block_reason,outdoor_flags,fitzpatrick_type,fitzpatrick_label,skin_response_note,personal_uv_risk_context
2026-09-22 00:00:00,0.0,0.0,0.0,34.03202,-118.52633,86.0,42.10615158081055,,,,,,,,,0.0,0.0,0.0,90.0,24.0,0.0,0.6,13.1,11.0,192.0,468.0,23.6,4.3,53.0,1421.0,0.17,1.0,0.0,0.0,59.0,59.0,15.0,36.0,143.96353081855682,-53.963530818556826,339.78496191178397,0.0,0.0,0.0,0.0,0.0,0.0,,6.0,18.833333333333336,76.0,100.26,0.17,0.21140324,0.19765928,283.54062,0.16548818,0.16548818,0.0,0.0,0.0,0.0,,,,,,False,76.0,60.6,4.3,0.0,,100.0,False,50.0,0.0,0.0,0.0,0.0,2026-09-22T00:00,interpolated_hourly,0,NNW,sun below horizon — no direct-sun posture,,,,not specified,Environmental scores are skin-type independent.,not personalized
2026-09-22 00:30:00,0.0,0.0,0.0,34.03202,-118.52633,86.0,42.10615158081055,,,,,,,,,0.0,0.0,0.0,90.5,25.5,0.0,0.6,13.6,11.450000000000001,201.0,471.0,24.950000000000003,4.35,52.0,1430.0,0.175,1.0,0.0,0.0,59.0,59.0,15.0,34.5,144.76345012987827,-54.76345012987828,172.79059882268007,0.0,0.0,0.0,0.0,0.0,0.0,,9.0,18.75,74.5,100.26500000000001,0.175,0.2205128,0.20603068,283.7457,0.16548818,0.16548818,0.0,0.0,0.0,0.0,,,,,,False,74.5,60.150000000000006,4.6,0.0,,100.0,False,50.0,0.0,0.0,0.0,0.0,2026-09-22T00:30,interpolated_hourly,0,S,sun below horizon — no direct-sun posture,,,,not specified,Environmental scores are skin-type independent.,not personalized
2026-09-22 01:00:00,0.0,0.0,0.0,34.03202,-118.52633,86.0,42.10615158081055,,,,,,,,,0.0,0.0,0.0,91.0,27.0,0.0,0.6,14.1,11.9,210.0,474.0,26.3,4.4,51.0,1439.0,0.18,1.0,0.0,0.0,59.0,59.0,15.0,33.0,145.56336944119974,-55.56336944119973,5.796235733576168,0.0,0.0,0.0,0.0,0.0,0.0,,12.0,18.666666666666664,73.0,100.27000000000001,0.18,0.2296224,0.21440208,283.95078,0.16548818,0.16548818,0.0,0.0,0.0,0.0,,,,,,False,73.0,59.7,4.9,0.0,,100.0,False,50.0,0.0,0.0,0.0,0.0,2026-09-22T01:00,interpolated_hourly,0,N,sun below horizon — no direct-sun posture,,,,not specified,Environmental scores are skin-type independent.,not personalized
2026-09-22 01:30:00,0.0,0.0,0.0,34.03202,-118.52633,86.0,42.10615158081055,,,,,,,,,0.0,0.0,0.0,91.0,27.0,0.0,0.6,14.85,12.600000000000001,219.5,478.0,28.3,4.4,48.5,1453.0,0.185,1.0,0.0,0.0,59.0,59.0,15.0,32.0,143.61704931527478,-53.617049315274784,18.08626876476859,0.0,0.0,0.0,0.0,0.0,0.0,,13.5,18.583333333333332,71.0,100.26,0.185,0.22943088,0.21379703,284.20648,0.16548818,0.16548818,0.0,0.0,0.0,0.0,,,,,,False,71.0,59.150000000000006,4.2,0.0,,100.0,False,50.0,0.0,0.0,0.0,0.0,2026-09-22T01:30,interpolated_hourly,0,NNE,sun below horizon — no direct-sun posture,,,,not specified,Environmental scores are skin-type independent.,not personalized
2026-09-22 02:00:00,0.0,0.0,0.0,34.03202,-118.52633,86.0,42.10615158081055,,,,,,,,,0.0,0.0,0.0,91.0,27.0,0.0,0.6,15.6,13.3,229.0,482.0,30.3,4.4,46.0,1467.0,0.19,1.0,0.0,0.0,59.0,59.0,15.0,31.0,141.67072918934983,-51.67072918934983,30.376301795961012,0.0,0.0,0.0,0.0,0.0,0.0,,15.0,18.5,69.0,100.25,0.19,0.22923936,0.21319197,284.4622,0.16548818,0.16548818,0.0,0.0,0.0,0.0,,,,,,False,69.0,58.6,3.5,0.0,,100.0,False,50.0,0.0,0.0,0.0,0.0,2026-09-22T02:00,interpolated_hourly,0,NNE,sun below horizon — no direct-sun posture,,,,not specified,Environmental scores are skin-type independent.,not personalized
2026-09-22 02:30:00,0.0,0.0,0.0,34.03202,-118.52633,86.0,42.10615158081055,,,,,,,,,0.0,0.0,0.0,91.0,27.0,0.0,0.6,17.2,14.85,239.5,487.0,33.7,4.35,41.5,1492.5,0.2,1.0,0.0,0.0,58.5,58.5,15.0,29.5,137.67110842978613,-47.67110842978613,39.86032483300539,0.0,0.0,0.0,0.0,0.0,0.0,,33.5,18.388888888888893,68.5,100.25,0.2,0.23437491,0.21784335,285.06427,0.16548818,0.16548818,0.0,0.0,0.0,0.0,,,,,,False,68.5,58.3,3.1,0.0,,100.0,False,50.0,0.0,0.0,0.0,0.0,2026-09-22T02:30,interpolated_hourly,0,NE,sun below horizon — no direct-sun posture,,,,not specified,Environmental scores are skin-type independent.,not personalized
2026-09-22 03:00:00,0.0,0.0,0.0,34.03202,-118.52633,86.0,42.10615158081055,,,,,,,,,0.0,0.0,0.0,91.0,27.0,0.0,0.6,18.8,16.4,250.0,492.0,37.1,4.3,37.0,1518.0,0.21,1.0,0.0,0.0,58.0,58.0,15.0,28.0,133.67148767022243,-43.67148767022243,49.34434787004977,0.0,0.0,0.0,0.0,0.0,0.0,,52.0,18.277777777777782,68.0,100.25,0.21,0.23951048,0.22249472,285.66638,0.16548818,0.16548818,0.0,0.0,0.0,0.0,,,,,,False,68.0,58.0,2.7,0.0,,100.0,False,50.0,0.0,0.0,0.0,0.0,2026-09-22T03:00,interpolated_hourly,2,NE,sun below horizon — no direct-sun posture,,,,not specified,Environmental scores are skin-type independent.,not personalized
2026-09-22 03:30:00,0.0,0.0,0.0,34.03202,-118.52633,86.0,42.10615158081055,,,,,,,,,0.0,0.0,0.0,92.0,31.5,0.0,0.6,20.25,17.85,260.0,498.0,41.1,4.199999999999999,32.0,1549.0,0.22,1.0,0.0,0.0,58.0,58.0,15.0,27.0,128.49713709416739,-38.49713709416738,56.31849162135552,0.0,0.0,0.0,0.0,0.0,0.0,,58.0,18.138888888888893,68.0,100.245,0.22,0.24643327,0.22859891,286.31433,0.16546643,0.16546643,0.0,0.0,0.0,0.0,,,,,,False,68.0,57.75,2.85,0.0,,100.0,False,50.0,0.0,0.0,0.0,0.0,2026-09-22T03:30,interpolated_hourly,2,ENE,sun below horizon — no direct-sun posture,,,,not specified,Environmental scores are skin-type independent.,not personalized
2026-09-22 04:00:00,0.0,0.0,0.0,34.03202,-118.52633,86.0,42.10615158081055,,,,,,,,,0.0,0.0,0.0,93.0,36.0,0.0,0.6,21.7,19.3,270.0,504.0,45.1,4.1,27.0,1580.0,0.23,1.0,0.0,0.0,58.0,58.0,15.0,26.0,123.32278651811232,-33.32278651811232,63.292635372661266,0.0,0.0,0.0,0.0,0.0,0.0,,64.0,18.000000000000004,68.0,100.24,0.23,0.25335607,0.2347031,286.96225,0.16544467,0.16544467,0.0,0.0,0.0,0.0,,,,,,False,68.0,57.5,3.0,0.0,,100.0,False,50.0,0.0,0.0,0.0,0.0,2026-09-22T04:00,interpolated_hourly,2,ENE,sun below horizon — no direct-sun posture,,,,not specified,Environmental scores are skin-type independent.,not personalized
2026-09-22 04:30:00,0.0,0.0,0.0,34.03202,-118.52633,86.0,42.10615158081055,,,,,,,,,0.0,0.0,0.0,93.0,36.0,0.0,0.6,23.25,20.75,276.5,507.0,48.1,4.05,23.0,1601.5,0.235,1.0,0.0,0.0,58.0,58.0,15.0,24.5,117.53745252663538,-27.53745252663537,68.69665854997527,0.0,0.0,0.0,0.0,0.0,0.0,,39.0,17.75,69.0,100.25500000000001,0.235,0.26127654,0.24192804,287.052,0.16535756,0.16535756,0.0,0.0,0.0,0.0,,,,,,False,69.0,57.3,2.9,0.0,,100.0,False,50.0,0.0,0.0,0.0,0.0,2026-09-22T04:30,interpolated_hourly,2,ENE,sun below horizon — no direct-sun posture,,,,not specified,Environmental scores are skin-type independent.,not personalized
2026-09-22 05:00:00,0.0,0.0,0.0,34.03202,-118.52633,86.0,42.10615158081055,,,,,,,,,0.0,0.0,0.0,93.0,36.0,0.0,0.6,24.8,22.2,283.0,510.0,51.1,4.0,19.0,1623.0,0.24,1.0,0.0,0.0,58.0,58.0,15.0,23.0,111.75211853515842,-21.75211853515842,74.10068172728927,0.0,0.0,0.0,0.0,0.0,0.0,,14.0,17.5,70.0,100.27000000000001,0.24,0.269197,0.24915299,287.14172,0.16527045,0.16527045,0.0,0.0,0.0,0.0,,,,,,False,70.0,57.1,2.8,0.0,,100.0,False,50.0,0.0,0.0,0.0,0.0,2026-09-22T05:00,interpolated_hourly,0,ENE,sun below horizon — no direct-sun posture,,,,not specified,Environmental scores are skin-type independent.,not personalized
2026-09-22 05:30:00,0.0,0.0,0.0,34.03202,-118.52633,86.0,42.10615158081055,,,,,,,,,0.0,0.0,0.0,93.0,36.0,0.0,0.6,26.4,23.85,283.5,509.0,53.0,4.05,16.0,1629.0,0.245,1.0,0.0,0.0,58.0,58.0,15.0,21.5,105.66622079800044,-15.666220798000447,78.66697719597596,0.0,0.0,0.0,0.0,0.0,0.0,,17.5,17.52777777777778,71.0,100.23,0.245,0.27081823,0.250682,286.96762,0.16514713,0.16514713,0.0,0.0,0.0,0.0,,,,,,False,71.0,57.400000000000006,3.0999999999999996,0.0,,100.0,False,50.0,0.0,0.0,0.0,0.0,2026-09-22T05:30,interpolated_hourly,0,ENE,sun below horizon — no direct-sun posture,,,,not specified,Environmental scores are skin-type independent.,not personalized
2026-09-22 06:00:00,0.0,0.0,0.0,34.03202,-118.52633,86.0,42.10615158081055,,,,,,,,,0.0,0.0,0.0,93.0,36.0,0.0,0.6,28.0,25.5,284.0,508.0,54.9,4.1,13.0,1635.0,0.25,1.0,0.0,0.0,58.0,58.0,15.0,20.0,99.58032306084247,-9.580323060842474,83.23327266466265,0.0,0.0,0.0,0.0,0.0,0.0,,21.0,17.555555555555557,72.0,100.19,0.25,0.27243948,0.25221103,286.79352,0.1650238,0.1650238,0.0,0.0,0.0,0.0,0.0,,,,,False,72.0,57.7,3.4,0.0,,100.0,False,50.0,0.0,0.0,0.0,0.0,2026-09-22T06:00,interpolated_hourly,1,E,sun below horizon — no direct-sun posture,,,,not specified,Environmental scores are skin-type independent.,not personalized
2026-09-22 06:30:00,0.0,0.0,0.0,34.03202,-118.52633,86.0,42.10615158081055,,,,,,,,,0.0,0.0,0.0,92.5,34.0,0.0,0.675,29.85,27.4,280.5,505.0,55.75,4.199999999999999,10.5,1631.5,0.25,1.0,0.025,0.025,58.5,58.5,15.0,19.0,93.2637308724349,-3.26373087243491,87.47209919550181,2.7991944534825923,9.00230585610314,2.3197561888052847,0.0,0.0,0.0,,16.5,17.333333333333336,72.5,100.24,0.25,0.2760381,0.25575608,286.43045,0.16492209,0.16492209,0.0,0.0,0.0,0.0,0.0,,,,,False,72.5,57.400000000000006,4.05,0.0,,100.0,False,50.0,0.0,0.0,0.0,0.0,2026-09-22T06:30,native_HRRR_radiation_weather_plus_interpolated_UV,0,E,sun below horizon — no direct-sun posture,,,,not specified,Environmental scores are skin-type independent.,not personalized
2026-09-22 07:00:00,1.0,30.4,66.9,34.03202,-118.52633,86.0,42.10615158081055,,,0.0,0.0,,,,,0.0,0.0,0.0,92.0,32.0,0.0,0.75,31.7,29.3,277.0,502.0,56.6,4.3,8.0,1628.0,0.25,1.0,0.05,0.05,59.0,59.0,15.0,18.0,86.94713868402735,3.0528613159726543,91.71092572634097,5.598388906965185,18.00461171220628,4.639512377610569,0.0,0.0,0.0,0.0,12.0,17.11111111111111,73.0,100.28999999999999,0.25,0.27963674,0.25930116,286.06738,0.16482037,0.16482037,0.0,0.0,0.0,0.0,0.0,32.8,74.0,47.2,47.2,False,73.0,57.1,4.7,0.0,86.9,100.0,False,50.0,0.5,0.5,0.0,0.0,2026-09-22T07:00,native_HRRR_radiation_weather_plus_interpolated_UV,0,E,"sun low 3° (E) — face E, lift torso ~87° toward the sun if comfortable",,,,not specified,Environmental scores are skin-type independent.,not personalized
2026-09-22 07:30:00,1.0,176.6,212.9,34.03202,-118.52633,86.0,42.10615158081055,,,0.23787093735280262,0.23790095666854252,,,,,0.5,0.0,0.0,90.5,26.0,28.25,0.875,32.75,30.35,270.5,498.0,55.150000000000006,4.449999999999999,10.0,1619.0,0.25,1.0,0.32499999999999996,0.32499999999999996,59.5,59.5,15.5,16.5,80.86161333850933,9.138386661490678,96.03736610934047,87.34942712125473,207.9211307509538,34.63551689674555,50.5,180.75,22.25,0.23787093735280262,8.5,18.555555555555557,73.0,100.31,0.25,0.28872412,0.26806575,285.79974,0.1647625,0.1647625,3.09659,0.019530624989999676,2.743848095722938,9.05,21.7,37.25,66.95,47.650000000000006,47.650000000000006,False,73.0,59.5,4.05,0.0,80.9,100.0,False,50.0,6.2,6.2,0.2864491665199953,91.6,2026-09-22T07:30,native_HRRR_radiation_weather_plus_interpolated_UV,0,E,"sun low 9° (E) — face E, lift torso ~81° toward the sun if comfortable",,,,not specified,Environmental scores are skin-type independent.,not personalized
2026-09-22 08:00:00,1.0,320.2,355.4,34.03202,-118.52633,86.0,42.10615158081055,1.0,0.0,0.47574187470560525,0.475801913337085,0.5594059405940595,0.4405940594059406,0.5594322885866351,0.44056771141336487,1.0,0.0,0.0,89.0,20.0,56.5,1.0,33.8,31.4,264.0,494.0,53.7,4.6,12.0,1610.0,0.25,1.0,0.6,0.6,60.0,60.0,16.0,15.0,74.7760879929913,15.223912007008702,100.36380649233996,169.1004653355443,397.83764978970135,64.63152141588053,101.0,361.5,44.5,0.47574187470560525,5.0,20.0,73.0,100.33,0.25,0.29781148,0.27683035,285.53207,0.16470462,0.16470462,6.555254878769958,0.04018686025846596,5.7496417333587475,18.1,43.4,41.7,59.9,48.1,48.1,False,73.0,61.9,3.4,0.0,74.8,100.0,False,50.0,11.5,11.5,0.5894072837908342,194.2,2026-09-22T08:00,native_HRRR_radiation_weather_plus_interpolated_UV,0,E,"sun low 15° (E) — face E, lift torso ~75° toward the sun if comfortable",,,,not specified,Environmental scores are skin-type independent.,not personalized
2026-09-22 08:30:00,1.0,458.3,491.8,34.03202,-118.52633,86.0,42.10615158081055,1.0,0.0,0.539726943879419,0.5397725281432117,0.6214259432700027,0.37874297564891624,0.6213783570137879,0.3786216429862121,1.0,-0.05000000000001137,0.0,86.0,10.0,62.25,1.0,28.7,25.85,254.0,489.5,48.2,4.949999999999999,20.5,1594.5,0.245,1.5,1.2000000000000002,1.25,60.5,60.5,16.0,13.5,68.79971453962816,21.200285460371845,105.22013349519727,274.3626112778019,506.48721801990615,81.65071711987267,198.5,460.85,69.15,0.539726943879419,16.5,20.72222222222222,72.5,100.34,0.245,0.30897975,0.28756803,285.22284,0.16472673,0.16472673,12.157855328547763,0.1508087963218318,11.23803410844958,26.900000000000002,43.599999999999994,47.2,61.9,52.35,52.35,False,72.5,63.05,3.8499999999999996,0.0,68.8,100.0,False,50.0,18.5,18.5,1.2598019880696012,299.4,2026-09-22T08:30,native_HRRR_radiation_weather_plus_interpolated_UV,0,ESE,"sun low 21° (ESE) — face ESE, lift torso ~69° toward the sun if comfortable",,,,not specified,Environmental scores are skin-type independent.,not personalized
2026-09-22 09:00:00,1.0,588.6,619.8,34.03202,-118.52633,86.0,42.10615158081055,1.0,0.0,0.6037120130532327,0.6037431429493385,0.683445945945946,0.3168918918918919,0.6833244254409406,0.3166755745590593,1.0,-0.10000000000002274,0.0,83.0,0.0,68.0,1.0,23.6,20.3,244.0,485.0,42.7,5.3,29.0,1579.0,0.24,2.0,1.8,1.9,61.0,61.0,16.0,12.0,62.82334108626502,27.176658913734986,110.07646049805459,379.62475722005945,615.136786250111,98.66991282386482,296.0,560.2,93.8,0.6037120130532327,28.0,21.444444444444443,72.0,100.35,0.24,0.320148,0.29830575,284.9136,0.16474885,0.16474885,16.891557990379475,0.25387228479211593,16.05645769771579,35.7,43.8,52.7,63.9,56.6,56.6,False,72.0,64.2,4.3,0.0,62.8,100.0,False,50.0,24.2,24.2,1.8801590346894095,386.5,2026-09-22T09:00,native_HRRR_radiation_weather_plus_interpolated_UV,1,ESE,"sun low 27° (ESE) — face ESE, lift torso ~63° toward the sun if comfortable",,,,not specified,Environmental scores are skin-type independent.,not personalized
2026-09-22 09:30:00,1.0,708.8,737.2,34.03202,-118.52633,86.0,42.10615158081055,1.0,0.0,0.6212003134236372,0.6212516926004263,0.6963555608323979,0.303813358086521,0.6962820305304722,0.3037179694695278,1.0,-0.05000000000001137,0.0,80.0,0.0,72.95,1.0,22.9,18.9,231.5,479.5,34.85,5.699999999999999,41.5,1557.5,0.235,3.0,2.675,2.875,61.0,61.0,16.0,11.5,57.24805295853841,32.7519470414616,116.0601798640759,472.50478468222076,667.7482743552002,108.66108877607252,382.75,587.75,115.15,0.6212003134236372,22.0,21.583333333333332,73.5,100.375,0.235,0.34123674,0.31821167,284.772,0.16474885,0.16474885,21.62845181449402,0.43049532927179696,21.574551954731263,43.300000000000004,39.2,59.0,63.3,60.5,60.5,False,73.5,64.80000000000001,5.699999999999999,0.0,57.2,100.0,False,50.0,29.7,29.7,2.707833171890161,458.7,2026-09-22T09:30,native_HRRR_radiation_weather_plus_interpolated_UV,1,ESE,"sun 33° up (ESE) — lay flat, or lift torso ~57° toward ESE to face it",,,,not specified,Environmental scores are skin-type independent.,not personalized
2026-09-22 10:00:00,1.0,817.0,842.1,34.03202,-118.52633,86.0,42.10615158081055,1.0,0.0,0.6386886137940416,0.6387602422515141,0.7092651757188498,0.29073482428115016,0.7092396356200037,0.2907603643799963,1.0,0.0,0.0,77.0,0.0,77.9,1.0,22.2,17.5,219.0,474.0,27.0,6.1,54.0,1536.0,0.23,4.0,3.55,3.85,61.0,61.0,16.0,11.0,51.67276483081179,38.32723516918821,122.04389923009722,565.3848121443821,720.3597624602896,118.65226472828022,469.5,615.3,136.5,0.6386886137940416,16.0,21.72222222222222,75.0,100.4,0.23,0.3623255,0.33811763,284.6304,0.16474885,0.16474885,26.811560327198364,0.6105079119077427,27.428050227660812,50.9,34.6,65.3,62.7,64.4,64.4,False,75.0,65.4,7.1,0.0,51.7,100.0,False,50.0,35.0,35.0,3.5605439252053332,541.1,2026-09-22T10:00,native_HRRR_radiation_weather_plus_interpolated_UV,0,ESE,"sun 38° up (ESE) — lay flat, or lift torso ~52° toward ESE to face it",,,,not specified,Environmental scores are skin-type independent.,not personalized
2026-09-22 10:30:00,1.0,911.2,932.5,34.03202,-118.52633,86.0,42.10615158081055,1.0,0.0,0.6647411664367068,0.6647281501198986,0.7263436263149753,0.2736563736850247,0.7263852002136821,0.27361479978631786,1.0,0.0,0.0,76.0,0.0,83.1,1.0,22.7,17.4,206.0,468.5,20.85,6.3,65.0,1514.5,0.22,4.5,4.55,4.85,61.5,61.5,16.0,11.5,46.907534696257386,43.092465303742614,130.01835140294418,635.3517188467499,747.446433663033,124.83479915315104,555.9,656.4,150.65,0.6647411664367068,15.0,21.861111111111107,76.5,100.385,0.22,0.37573588,0.35099813,284.8031,0.16474885,0.16474885,31.53563940008107,0.7947722764685796,32.56630053543877,58.349999999999994,30.05,74.35,65.80000000000001,71.35000000000001,71.35000000000001,False,76.5,66.0,8.25,0.0,46.9,100.0,False,50.0,39.7,39.7,4.279352749114977,603.8,2026-09-22T10:30,native_HRRR_radiation_weather_plus_interpolated_UV,0,SE,"sun 43° up (SE) — lay flat, or lift torso ~47° toward SE to face it",,,,not specified,Environmental scores are skin-type independent.,not personalized
2026-09-22 11:00:00,1.0,989.8,1007.1,34.03202,-118.52633,86.0,42.10615158081055,1.0,0.0,0.6907937190793719,0.6906960579882832,0.7434220769111007,0.2565779230888993,0.7435307648073606,0.2564692351926394,1.0,0.0,0.0,75.0,0.0,88.3,1.0,23.2,17.3,193.0,463.0,14.7,6.5,76.0,1493.0,0.21,5.0,5.55,5.85,62.0,62.0,16.0,12.0,42.14230456170297,47.85769543829703,137.99280357579113,705.3186255491177,774.5331048657762,131.01733357802186,642.3,697.5,164.8,0.6907937190793719,14.0,21.999999999999996,78.0,100.37,0.21,0.38914627,0.36387864,284.97583,0.16474885,0.16474885,39.78009574468085,1.0239934297910895,40.53128473301902,65.8,25.5,83.4,68.9,78.3,78.3,False,78.0,66.6,9.4,0.0,42.1,100.0,False,50.0,45.9,45.9,5.233881030200999,732.6,2026-09-22T11:00,native_HRRR_radiation_weather_plus_interpolated_UV,0,SE,"sun 48° up (SE) — lay flat, or lift torso ~42° toward SE to face it",,,,not specified,Environmental scores are skin-type independent.,not personalized
2026-09-22 11:30:00,1.0,1051.5,1064.4,34.03202,-118.52633,86.0,42.10615158081055,1.0,0.0,0.6952037002067923,0.6951894426778751,0.7457851125296244,0.2542148874703756,0.745810195251757,0.2541250462972652,1.0,0.0,0.05000000000001137,73.5,0.0,90.5,1.0,23.4,17.3,179.5,458.0,11.95,6.25,84.0,1470.0,0.20500000000000002,5.0,6.35,6.525,62.0,62.0,16.5,13.0,38.90635345905324,51.09364654094676,148.83695003430861,746.4405851909398,787.2832069128272,134.32246451640236,692.4,704.25,175.9,0.6952037002067923,13.0,22.027777777777775,78.0,100.31,0.20500000000000002,0.39576232,0.37021863,285.08408,0.16471958,0.16471958,42.09495918784493,1.1445602479960761,43.62647274191113,72.6,27.35,91.4,69.30000000000001,83.65,83.65,False,78.0,66.65,10.15,0.0,38.9,100.0,False,50.0,49.6,49.6,5.75892078702179,749.1,2026-09-22T11:30,native_HRRR_radiation_weather_plus_interpolated_UV,0,SSE,"sun 51° up (SSE) — lay flat, or lift torso ~39° toward SSE to face it",,,,not specified,Environmental scores are skin-type independent.,not personalized
2026-09-22 12:00:00,1.0,1095.3,1103.5,34.03202,-118.52633,86.0,42.10615158081055,1.0,0.0,0.6996136813342128,0.6996828273674671,0.7481481481481481,0.2518518518518518,0.7480896256961533,0.25178085740189093,1.0,0.0,0.10000000000002274,72.0,0.0,92.7,1.0,23.6,17.3,166.0,453.0,9.2,6.0,92.0,1447.0,0.2,5.0,7.15,7.2,62.0,62.0,17.0,14.0,35.670402356403514,54.329597643596486,159.6810964928261,787.5625448327621,800.0333089598781,137.62759545478286,742.5,711.0,187.0,0.6996136813342128,12.0,22.055555555555557,78.0,100.25,0.2,0.4023784,0.37655866,285.19232,0.16469032,0.16469032,46.08303263825929,1.2872932083735116,48.06577023889063,79.4,29.2,99.4,69.7,89.0,89.0,False,78.0,66.7,10.9,0.0,35.7,100.0,False,50.0,54.1,54.1,6.39636186824917,795.9,2026-09-22T12:00,native_HRRR_radiation_weather_plus_interpolated_UV,0,SSE,"sun 54° up (SSE) — lay flat, or lift torso ~36° toward SSE to face it",,,,not specified,Environmental scores are skin-type independent.,not personalized
2026-09-22 12:30:00,1.0,1120.3,1123.8,34.03202,-118.52633,86.0,42.10615158081055,1.0,0.0,0.7058978714569324,0.705949166173065,0.754901141743247,0.245161514898357,0.7548337280896196,0.24510151345940256,1.0,-0.049999999999954525,0.05000000000001137,70.5,0.0,92.85,1.0,23.3,16.950000000000003,152.5,448.0,8.1,5.55,98.0,1424.0,0.195,5.0,7.25,7.275,62.0,62.0,17.0,16.0,34.888205018651874,55.111794981348126,172.8022990523761,796.6372973802626,802.5983471831365,138.33155917055086,770.25,723.85,188.65,0.7058978714569324,13.0,22.055555555555557,78.5,100.225,0.195,0.42361367,0.39672118,285.31384,0.16473371,0.16473371,45.51523620645818,1.30119373284266,48.13165996684228,82.45,35.2,99.35,71.85,89.7,89.7,False,78.5,66.80000000000001,11.3,0.0,34.9,100.0,False,50.0,55.5,55.5,6.515382524895658,772.4,2026-09-22T12:30,native_HRRR_radiation_weather_plus_interpolated_UV,0,S,"sun 55° up (S) — lay flat on back, face up",,,,not specified,Environmental scores are skin-type independent.,not personalized
2026-09-22 13:00:00,1.0,1126.1,1124.8,34.03202,-118.52633,86.0,42.10615158081055,1.0,0.0,0.7121820615796519,0.7122155049786629,0.7616541353383458,0.23847117794486217,0.7615778304830858,0.23842216951691422,1.0,-0.09999999999990905,0.0,69.0,0.0,93.0,1.0,23.0,16.6,139.0,443.0,7.0,5.1,104.0,1401.0,0.19,5.0,7.35,7.35,62.0,62.0,17.0,18.0,34.106007680900234,55.893992319099766,185.9235016119261,805.712049927763,805.1633854063949,139.03552288631886,798.0,736.7,190.3,0.7121820615796519,14.0,22.055555555555557,79.0,100.2,0.19,0.4448489,0.41688374,285.4354,0.1647771,0.1647771,49.371084758457116,1.3775771823102398,51.809796034170475,85.5,41.2,99.3,74.0,90.4,90.4,False,79.0,66.9,11.7,0.0,34.1,100.0,False,50.0,59.3,59.3,6.947216151678673,824.0,2026-09-22T13:00,native_HRRR_radiation_weather_plus_interpolated_UV,0,S,"sun 56° up (S) — lay flat on back, face up",,,,not specified,Environmental scores are skin-type independent.,not personalized
2026-09-22 13:30:00,1.0,1112.7,1106.6,34.03202,-118.52633,86.0,42.10615158081055,0.9887218045112782,0.011278195488721832,0.7108449508478337,0.7108062097123329,0.7428607927585955,0.2572018638830085,0.7427897060679565,0.25721029393204353,1.0,-0.049999999999954525,5.684341886080802e-14,67.0,0.0,91.85,1.0,21.7,15.65,129.5,440.0,6.4,4.65,107.5,1385.5,0.18,5.0,6.824999999999999,6.824999999999999,62.0,62.0,17.0,20.0,36.08828731588328,53.91171268411672,198.28247082075876,782.0453143833483,798.2945745104049,137.18133609968083,790.4,717.2,203.15,0.7108449508478337,14.5,22.083333333333336,79.0,100.17500000000001,0.18,0.44424063,0.416218,285.59106,0.16487119,0.16487119,46.329967175278874,1.299491371480344,48.93466838898352,83.85,47.5,99.19999999999999,75.5,90.9,90.9,False,79.0,66.95,12.25,0.0,36.1,100.0,False,50.0,58.0,58.0,6.614385316937087,765.8,2026-09-22T13:30,native_HRRR_radiation_weather_plus_interpolated_UV,0,SSW,"sun 54° up (SSW) — lay flat, or lift torso ~36° toward SSW to face it",,,,not specified,Environmental scores are skin-type independent.,not personalized
2026-09-22 14:00:00,1.0,1080.3,1069.5,34.03202,-118.52633,86.0,42.10615158081055,0.9774436090225563,0.022556390977443663,0.7095078401160155,0.7093969144460028,0.7240674501788451,0.27593254982115484,0.7240015816528271,0.2759984183471728,1.0,0.0,1.1368683772161603e-13,65.0,0.0,90.7,1.0,20.4,14.7,120.0,437.0,5.8,4.2,111.0,1370.0,0.17,5.0,6.3,6.3,62.0,62.0,17.0,22.0,38.070566950866315,51.929433049133685,210.6414400295914,758.3785788389338,791.4257636144149,135.3271493130428,782.8,697.7,216.0,0.7095078401160155,15.0,22.11111111111111,79.0,100.15,0.17,0.44363233,0.4155523,285.74677,0.16496527,0.16496527,47.613720442862785,1.2813872365526355,49.5889678845997,82.2,53.8,99.1,77.0,91.4,91.4,False,79.0,67.0,12.8,0.0,38.1,100.0,False,50.0,59.1,59.1,6.586806672670725,779.1,2026-09-22T14:00,native_HRRR_radiation_weather_plus_interpolated_UV,0,SSW,"sun 52° up (SSW) — lay flat, or lift torso ~38° toward SSW to face it",,,,not specified,Environmental scores are skin-type independent.,not personalized
2026-09-22 14:30:00,1.0,1029.4,1014.0,34.03202,-118.52633,86.0,42.10615158081055,0.9630807788702526,0.03691922112974744,0.6894720209482155,0.689342035253385,0.7011294697702737,0.29887053022972637,0.7011277749533977,0.29887222504660227,1.0,0.0,5.684341886080802e-14,63.0,0.0,87.5,1.0,19.049999999999997,13.6,117.5,436.5,5.199999999999999,3.8,111.5,1368.5,0.165,5.0,5.35,5.35,62.0,62.0,17.0,25.0,42.10473930968621,47.89526069031379,220.13095807381467,703.7702807975535,773.0420232174656,130.7885568872872,729.8,657.2,216.9,0.6894720209482155,16.0,21.833333333333332,79.0,100.12,0.165,0.46362963,0.4345821,285.95557,0.16508162,0.16508162,44.96966047382442,1.1255019713943264,46.71769208514896,75.80000000000001,54.599999999999994,85.19999999999999,77.6,82.55000000000001,82.55000000000001,False,79.0,66.5,13.2,0.0,42.1,100.0,False,50.0,55.6,55.6,6.1857691016199015,731.9,2026-09-22T14:30,native_HRRR_radiation_weather_plus_interpolated_UV,0,SW,"sun 48° up (SW) — lay flat, or lift torso ~42° toward SW to face it",,,,not specified,Environmental scores are skin-type independent.,not personalized
2026-09-22 15:00:00,1.0,960.8,941.3,34.03202,-118.52633,86.0,42.10615158081055,0.9487179487179488,0.05128205128205121,0.6694362017804154,0.669287156060767,0.6781914893617021,0.3218085106382979,0.6782539682539682,0.3217460317460317,1.0,0.0,0.0,61.0,0.0,84.3,1.0,17.7,12.5,115.0,436.0,4.6,3.4,112.0,1367.0,0.16,5.0,4.4,4.4,62.0,62.0,17.0,28.0,46.13891166850611,43.86108833149389,229.6204761180379,649.1619827561732,754.6582828205164,126.24996446153159,676.8,616.7,217.8,0.6694362017804154,17.0,21.555555555555554,79.0,100.09,0.16,0.48362693,0.45361197,286.16437,0.16519797,0.16519797,32.5330219047619,0.8480312423115719,35.77592373331605,69.4,55.4,71.3,78.2,73.7,73.7,False,79.0,66.0,13.6,0.0,46.1,100.0,False,50.0,46.0,46.0,5.07173857201425,526.1,2026-09-22T15:00,native_HRRR_radiation_weather_plus_interpolated_UV,0,SW,"sun 44° up (SW) — lay flat, or lift torso ~46° toward SW to face it",,,,not specified,Environmental scores are skin-type independent.,not personalized
2026-09-22 15:30:00,1.0,875.8,852.4,34.03202,-118.52633,86.0,42.10615158081055,0.9575050417747046,0.04249495822529531,0.6753864934531637,0.675276506325216,0.7137071436445817,0.28637921214125606,0.7136859805989559,0.28631401940104406,1.0,-0.05000000000001137,0.0,59.0,0.0,82.0,1.0,16.95,11.8,117.5,437.0,4.449999999999999,3.0,109.5,1373.5,0.155,5.0,3.4000000000000004,3.4000000000000004,62.0,62.0,17.0,31.0,51.336751930725654,38.663248069274346,236.57624734097882,567.9663709272421,718.1967444249676,118.54457090995095,627.9,655.0,181.55,0.6753864934531637,21.5,21.583333333333332,80.5,100.055,0.155,0.46873683,0.4394489,286.1537,0.16529968,0.16529968,36.26966233994035,0.7579490147165839,37.71892137838275,63.0,70.2,61.599999999999994,76.2,66.7,66.7,False,80.5,66.4,13.8,0.0,51.3,100.0,False,50.0,47.2,47.2,5.0008693113794305,587.8,2026-09-22T15:30,native_HRRR_radiation_weather_plus_interpolated_UV,1,WSW,"sun 39° up (WSW) — lay flat, or lift torso ~51° toward WSW to face it",,,,not specified,Environmental scores are skin-type independent.,not personalized
2026-09-22 16:00:00,1.0,775.9,748.9,34.03202,-118.52633,86.0,42.10615158081055,0.9662921348314606,0.03370786516853941,0.681336785125912,0.6812658565896649,0.7492227979274612,0.2509499136442142,0.7491179929439435,0.25088200705605646,1.0,-0.10000000000002274,0.0,57.0,0.0,79.7,1.0,16.2,11.1,120.0,438.0,4.3,2.6,107.0,1380.0,0.15,5.0,2.4,2.4,62.0,62.0,17.0,34.0,56.534592192945205,33.465407807054795,243.53201856391973,486.770759098311,681.7352060294188,110.8391773583703,579.0,693.3,145.3,0.681336785125912,26.0,21.611111111111114,82.0,100.02000000000001,0.15,0.45384672,0.42528585,286.14297,0.1654014,0.1654014,31.06469149353195,0.5619025729306565,32.28589439307077,56.6,85.0,51.9,74.2,59.7,59.7,False,82.0,66.8,14.0,0.0,56.5,100.0,False,50.0,42.4,42.4,4.277183684903209,504.8,2026-09-22T16:00,native_HRRR_radiation_weather_plus_interpolated_UV,1,WSW,"sun 33° up (WSW) — lay flat, or lift torso ~56° toward WSW to face it",,,,not specified,Environmental scores are skin-type independent.,not personalized
2026-09-22 16:30:00,1.0,662.7,632.6,34.03202,-118.52633,86.0,42.10615158081055,0.9831460674157303,0.016853932584269704,0.6496901144592617,0.6496339174145158,0.7206863091740949,0.27940004661174284,0.7205897263055185,0.2794102736944815,1.0,-0.05000000000001137,0.0,55.5,0.0,73.9,1.0,16.4,11.1,123.0,439.0,4.9,2.35,103.5,1385.0,0.14500000000000002,5.0,1.65,1.65,62.0,62.0,17.0,37.0,62.33102136383711,27.668978636162883,248.91541951962586,386.5643123064008,609.8814832019216,98.37922660483935,484.4,637.15,132.65,0.6496901144592617,17.5,21.305555555555557,82.5,100.005,0.14500000000000002,0.42130107,0.39430493,285.9361,0.1651439,0.1651439,23.00603391684902,0.37472636443172613,24.600710553535254,48.1,89.95,43.45,76.65,55.05,55.05,False,82.5,66.4,14.4,0.0,62.3,100.0,False,50.0,34.9,34.9,3.3752662185303044,377.1,2026-09-22T16:30,native_HRRR_radiation_weather_plus_interpolated_UV,0,WSW,"sun low 28° (WSW) — face WSW, lift torso ~62° toward the sun if comfortable",,,,not specified,Environmental scores are skin-type independent.,not personalized
2026-09-22 17:00:00,1.0,538.1,505.5,34.03202,-118.52633,86.0,42.10615158081055,1.0,0.0,0.6180434437926113,0.6180019782393669,0.6921498204207286,0.3078501795792714,0.6920614596670935,0.3079385403329066,1.0,0.0,0.0,54.0,0.0,68.1,1.0,16.6,11.1,126.0,440.0,5.5,2.1,100.0,1390.0,0.14,5.0,0.9,0.9,62.0,62.0,17.0,40.0,68.12745053472902,21.872549465270975,254.298820475332,286.35786551449064,538.0277603744242,85.91927585130838,389.8,581.0,120.0,0.6180434437926113,9.0,21.0,83.0,99.99,0.14,0.38875538,0.363324,285.72925,0.16488642,0.16488642,19.100732394366197,0.21960519504360737,20.32680747507181,39.6,94.9,35.0,79.1,50.4,50.4,False,83.0,66.0,14.8,0.0,68.1,100.0,False,50.0,30.0,30.0,2.7727928667122144,317.6,2026-09-22T17:00,native_HRRR_radiation_weather_plus_interpolated_UV,0,WSW,"sun low 22° (WSW) — face WSW, lift torso ~68° toward the sun if comfortable",,,,not specified,Environmental scores are skin-type independent.,not personalized
2026-09-22 17:30:00,1.0,404.3,369.8,34.03202,-118.52633,86.0,42.10615158081055,1.0,0.0,0.5868296437628276,0.5867787668974612,0.6536920977103643,0.3463079022896357,0.6535406112564717,0.34606413182653234,1.0,0.0,0.04999999999999716,50.0,0.0,61.25,1.0,16.55,11.2,128.5,440.5,6.4,2.0,95.5,1389.0,0.135,4.5,0.525,0.525,62.0,62.0,17.0,42.0,74.20130874317269,15.798691256827304,258.84758749426766,182.73311627015246,384.43692177207276,63.01695533100795,297.3,522.7,99.4,0.5868296437628276,6.5,20.75,82.5,99.995,0.135,0.36285338,0.33891186,285.97125,0.16488642,0.16488642,12.93366028708134,0.12780411156537316,14.01853899894983,30.85,97.35,35.0,79.94999999999999,50.7,50.7,False,82.5,65.45,14.35,0.0,74.2,100.0,False,50.0,23.2,23.2,1.95441827597067,214.9,2026-09-22T17:30,native_HRRR_radiation_weather_plus_interpolated_UV,0,W,"sun low 16° (W) — face W, lift torso ~74° toward the sun if comfortable",,,,not specified,Environmental scores are skin-type independent.,not personalized
2026-09-22 18:00:00,1.0,263.6,227.7,34.03202,-118.52633,86.0,42.10615158081055,1.0,0.0,0.555615843733044,0.5555555555555556,0.615234375,0.38476562499999994,0.6150197628458498,0.3841897233201581,1.0,0.0,0.09999999999999432,46.0,0.0,54.4,1.0,16.5,11.3,131.0,441.0,7.3,1.9,91.0,1388.0,0.13,4.0,0.15,0.15,62.0,62.0,17.0,44.0,80.27516695161637,9.724833048383633,263.39635451320333,79.10836702581427,230.84608316972125,40.11463481070751,204.8,464.4,78.8,0.555615843733044,4.0,20.500000000000004,82.0,100.0,0.13,0.33695138,0.31449974,286.21323,0.16488642,0.16488642,6.6140861660079056,0.03771490987497478,7.557323245674693,22.1,99.8,35.0,80.8,51.0,51.0,False,82.0,64.9,13.9,0.0,80.3,100.0,False,50.0,15.3,15.3,1.1174788111103637,109.7,2026-09-22T18:00,native_HRRR_radiation_weather_plus_interpolated_UV,0,W,"sun low 10° (W) — face W, lift torso ~80° toward the sun if comfortable",,,,not specified,Environmental scores are skin-type independent.,not personalized
2026-09-22 18:30:00,1.0,118.3,81.7,34.03202,-118.52633,86.0,42.10615158081055,1.0,0.0,0.4741961837175378,0.5341880341880342,0.5662378771551724,0.4337621228448276,0.6181370945833491,0.38110062421958707,0.8884361111111111,0.0,0.04999999999999716,43.5,0.0,45.25,1.0,16.45,11.45,135.0,441.5,8.95,1.9,85.0,1385.0,0.13,3.5,0.075,0.075,62.0,62.0,17.0,45.0,86.53120419820513,3.468795801794866,267.62095373192915,39.55418351290714,115.42304158486063,20.057317405353754,119.80000000000001,317.45,47.8,0.4741961837175378,3.5,20.16666666666667,83.5,99.995,0.13,0.32183164,0.30008072,286.35272,0.16488642,0.16488642,1.821853170966322,0.01399651257318019,2.5931550205503124,11.55,64.1,34.988461538461536,80.33846153846153,50.83076923076923,50.83076923076923,False,83.5,64.65,12.7,0.0,86.5,100.0,False,50.0,7.0,7.0,0.4665504191060063,29.7,2026-09-22T18:30,native_HRRR_radiation_weather_plus_interpolated_UV,0,W,"sun low 3° (W) — face W, lift torso ~86° toward the sun if comfortable",,,,not specified,Environmental scores are skin-type independent.,not personalized
2026-09-22 19:00:00,0.0,0.4,0.0,34.03202,-118.52633,86.0,42.10615158081055,1.0,0.0,0.3927765237020316,0.5128205128205129,0.5172413793103449,0.48275862068965525,0.6212544263208485,0.37801152511901603,0.7768722222222222,0.0,0.0,41.0,0.0,36.1,1.0,16.4,11.6,139.0,442.0,10.6,1.9,79.0,1382.0,0.13,3.0,0.0,0.0,62.0,62.0,17.0,46.0,92.7872414447939,-2.7872414447939007,271.845552950655,0.0,0.0,0.0,34.8,170.5,16.8,0.3927765237020316,3.0,19.833333333333336,85.0,99.99,0.13,0.30671194,0.2856617,286.49222,0.16488642,0.16488642,0.0,0.0,0.0,1.0,28.4,34.97692307692308,79.87692307692308,50.66153846153846,50.66153846153846,False,85.0,64.4,11.5,0.0,,100.0,False,50.0,0.0,0.0,0.0,0.0,2026-09-22T19:00,native_HRRR_radiation_weather_plus_interpolated_UV,0,W,sun below horizon — no direct-sun posture,,,,not specified,Environmental scores are skin-type independent.,not personalized
2026-09-22 19:30:00,0.0,0.0,0.0,34.03202,-118.52633,86.0,42.10615158081055,1.0,0.0,0.37641083521444696,0.4914529914529915,0.524365916215446,0.4756340837845541,0.6243717580583478,0.37492242601844494,0.3884361111111111,0.0,0.0,40.5,0.0,18.05,0.8,16.5,11.95,144.5,443.5,14.25,1.95,72.0,1381.5,0.13,2.5,0.0,0.0,62.5,62.5,17.5,46.0,98.96702959242472,-8.967029592424714,276.1601733759107,0.0,0.0,0.0,17.4,85.25,8.4,0.37641083521444696,2.5,19.666666666666664,85.0,99.995,0.13,0.29716307,0.27660328,286.6551,0.16488642,0.16488642,0.0,0.0,0.0,0.5,27.10909090909091,34.965384615384615,79.41538461538461,50.49230769230769,50.49230769230769,False,85.0,64.05000000000001,10.25,0.0,,100.0,False,50.0,0.0,0.0,0.0,0.0,2026-09-22T19:30,native_HRRR_radiation_weather_plus_interpolated_UV,0,W,sun below horizon — no direct-sun posture,,,,not specified,Environmental scores are skin-type independent.,not personalized
2026-09-22 20:00:00,0.0,0.0,0.0,34.03202,-118.52633,86.0,42.10615158081055,1.0,0.0,0.3600451467268623,0.4700854700854701,0.5314904531205472,0.4685095468794529,0.6274890897958472,0.3718333269178739,0.0,0.0,0.0,40.0,0.0,0.0,0.6,16.6,12.3,150.0,445.0,17.9,2.0,65.0,1381.0,0.13,2.0,0.0,0.0,63.0,63.0,18.0,46.0,105.14681774005552,-15.146817740055527,280.47479380116636,0.0,0.0,0.0,0.0,0.0,0.0,0.3600451467268623,2.0,19.499999999999996,85.0,100.0,0.13,0.28761423,0.26754487,286.81793,0.16488642,0.16488642,0.0,0.0,0.0,0.0,25.818181818181817,34.95384615384616,78.95384615384616,50.323076923076925,50.323076923076925,False,85.0,63.7,9.0,0.0,,100.0,False,50.0,0.0,0.0,0.0,0.0,2026-09-22T20:00,native_HRRR_radiation_weather_plus_interpolated_UV,0,W,sun below horizon — no direct-sun posture,,,,not specified,Environmental scores are skin-type independent.,not personalized
2026-09-22 20:30:00,0.0,0.0,0.0,34.03202,-118.52633,86.0,42.10615158081055,1.0,0.0,0.34367945823927765,0.44871794871794873,0.5386149900256484,0.4613850099743517,0.6306064215333465,0.36874422781730287,0.0,0.0,0.0,40.5,0.0,0.0,0.6,17.1,12.95,158.5,448.0,25.75,2.15,54.5,1383.0,0.135,2.0,0.0,0.0,63.0,63.0,18.0,45.5,111.14368363899695,-21.14368363899695,285.32077457507705,0.0,0.0,0.0,0.0,0.0,0.0,0.34367945823927765,2.5,19.388888888888886,86.0,100.01,0.135,0.28957403,0.26931942,286.82,0.16488642,0.16488642,0.0,0.0,0.0,0.0,24.527272727272727,34.94230769230769,78.49230769230769,50.15384615384615,50.15384615384615,False,86.0,63.8,8.15,0.0,,100.0,False,50.0,0.0,0.0,0.0,0.0,2026-09-22T20:30,native_HRRR_radiation_weather_plus_interpolated_UV,0,WNW,sun below horizon — no direct-sun posture,,,,not specified,Environmental scores are skin-type independent.,not personalized
2026-09-22 21:00:00,0.0,0.0,0.0,34.03202,-118.52633,86.0,42.10615158081055,1.0,0.0,0.327313769751693,0.4273504273504274,0.5457395269307496,0.45426047306925055,0.6337237532708458,0.3656551287167318,0.0,0.0,0.0,41.0,0.0,0.0,0.6,17.6,13.6,167.0,451.0,33.6,2.3,44.0,1385.0,0.14,2.0,0.0,0.0,63.0,63.0,18.0,45.0,117.14054953793837,-27.140549537938377,290.1667553489878,0.0,0.0,0.0,0.0,0.0,0.0,0.327313769751693,3.0,19.27777777777778,87.0,100.02000000000001,0.14,0.29153386,0.27109393,286.82205,0.16488642,0.16488642,0.0,0.0,0.0,0.0,23.236363636363635,34.93076923076923,78.03076923076922,49.98461538461539,49.98461538461539,False,87.0,63.9,7.3,0.0,,100.0,False,50.0,0.0,0.0,0.0,0.0,2026-09-22T21:00,native_HRRR_radiation_weather_plus_interpolated_UV,0,WNW,sun below horizon — no direct-sun posture,,,,not specified,Environmental scores are skin-type independent.,not personalized
2026-09-22 21:30:00,0.0,0.0,0.0,34.03202,-118.52633,86.0,42.10615158081055,1.0,0.0,0.31094808126410833,0.405982905982906,0.5528640638358507,0.4471359361641494,0.6368410850083451,0.36256602961616075,0.0,0.0,0.0,41.5,0.0,0.0,0.6,18.8,14.75,177.5,455.0,43.5,2.55,32.5,1389.5,0.15000000000000002,2.0,0.0,0.0,63.0,63.0,18.0,43.0,122.72821253471027,-32.72821253471028,296.1411024031407,0.0,0.0,0.0,0.0,0.0,0.0,0.31094808126410833,4.5,18.97222222222222,87.0,100.035,0.15000000000000002,0.29469815,0.27424332,286.8094,0.16488642,0.16488642,0.0,0.0,0.0,0.0,21.945454545454545,34.91923076923077,77.56923076923077,49.815384615384616,49.815384615384616,False,87.0,63.3,5.4,0.0,,100.0,False,50.0,0.0,0.0,0.0,0.0,2026-09-22T21:30,native_HRRR_radiation_weather_plus_interpolated_UV,0,WNW,sun below horizon — no direct-sun posture,,,,not specified,Environmental scores are skin-type independent.,not personalized
2026-09-22 22:00:00,0.0,0.0,0.0,34.03202,-118.52633,86.0,42.10615158081055,1.0,0.0,0.2945823927765237,0.38461538461538464,0.5599886007409519,0.4400113992590482,0.6399584167458445,0.3594769305155897,0.0,0.0,0.0,42.0,0.0,0.0,0.6,20.0,15.9,188.0,459.0,53.4,2.8,21.0,1394.0,0.16,2.0,0.0,0.0,63.0,63.0,18.0,41.0,128.31587553148216,-38.31587553148218,302.11544945729355,0.0,0.0,0.0,0.0,0.0,0.0,0.2945823927765237,6.0,18.666666666666664,87.0,100.05,0.16,0.29786244,0.27739272,286.79672,0.16488642,0.16488642,0.0,0.0,0.0,0.0,20.654545454545453,34.90769230769231,77.1076923076923,49.646153846153844,49.646153846153844,False,87.0,62.7,3.5,0.0,,100.0,False,50.0,0.0,0.0,0.0,0.0,2026-09-22T22:00,native_HRRR_radiation_weather_plus_interpolated_UV,0,WNW,sun below horizon — no direct-sun posture,,,,not specified,Environmental scores are skin-type independent.,not personalized
2026-09-22 22:30:00,0.0,0.0,0.0,34.03202,-118.52633,86.0,42.10615158081055,1.0,0.0,0.278216704288939,0.3632478632478633,0.567113137646053,0.432886862353947,0.6430757484833438,0.3563878314150187,0.0,0.0,0.0,43.5,0.0,0.0,0.6,21.3,17.4,198.5,463.0,60.349999999999994,3.0,12.5,1402.5,0.16999999999999998,2.0,0.0,0.0,63.5,63.5,18.0,38.5,133.09192210940557,-43.09192210940557,310.0826343428407,0.0,0.0,0.0,0.0,0.0,0.0,0.278216704288939,9.0,18.22222222222222,87.0,100.105,0.16999999999999998,0.28855044,0.26858664,286.9599,0.16488642,0.16488642,0.0,0.0,0.0,0.0,19.363636363636363,34.896153846153844,76.64615384615385,49.47692307692308,49.47692307692308,False,87.0,61.95,3.8,0.0,,100.0,False,50.0,0.0,0.0,0.0,0.0,2026-09-22T22:30,native_HRRR_radiation_weather_plus_interpolated_UV,0,NW,sun below horizon — no direct-sun posture,,,,not specified,Environmental scores are skin-type independent.,not personalized
2026-09-22 23:00:00,0.0,0.0,0.0,34.03202,-118.52633,86.0,42.10615158081055,1.0,0.0,0.2618510158013544,0.3418803418803419,0.5742376745511542,0.42576232544884585,0.6461930802208432,0.35329873231444764,0.0,0.0,0.0,45.0,0.0,0.0,0.6,22.6,18.9,209.0,467.0,67.3,3.2,4.0,1411.0,0.18,2.0,0.0,0.0,64.0,64.0,18.0,36.0,137.86796868732898,-47.867968687328975,318.04981922838783,0.0,0.0,0.0,0.0,0.0,0.0,0.2618510158013544,12.0,17.77777777777778,87.0,100.16,0.18,0.27923843,0.25978056,287.1231,0.16488642,0.16488642,0.0,0.0,0.0,0.0,18.07272727272727,34.88461538461539,76.18461538461538,49.30769230769231,49.30769230769231,False,87.0,61.2,4.1,0.0,,100.0,False,50.0,0.0,0.0,0.0,0.0,2026-09-22T23:00,native_HRRR_radiation_weather_plus_interpolated_UV,0,NW,sun below horizon — no direct-sun posture,,,,not specified,Environmental scores are skin-type independent.,not personalized
2026-09-22 23:30:00,0.0,0.0,0.0,34.03202,-118.52633,86.0,42.10615158081055,1.0,0.0,0.24548532731376974,0.3205128205128205,0.5813622114562553,0.41863778854374467,0.6493104119583425,0.35020963321387655,0.0,0.0,0.0,45.0,0.0,0.0,0.6,23.75,20.2,220.0,472.0,68.69999999999999,3.25,2.0,1425.0,0.185,2.0,0.0,0.0,64.5,64.5,18.5,33.0,141.11472705913064,-51.11472705913063,328.8943685961938,0.0,0.0,0.0,0.0,0.0,0.0,0.24548532731376974,15.5,17.666666666666668,90.0,100.16999999999999,0.185,0.27072448,0.25172633,287.2057,0.16488642,0.16488642,0.0,0.0,0.0,0.0,16.78181818181818,34.87307692307692,75.72307692307692,49.13846153846154,49.13846153846154,False,90.0,61.650000000000006,5.05,0.0,,100.0,False,50.0,0.0,0.0,0.0,0.0,2026-09-22T23:30,native_HRRR_radiation_weather_plus_interpolated_UV,0,NNW,sun below horizon — no direct-sun posture,,,,not specified,Environmental scores are skin-type independent.,not personalized
2026-09-23 00:00:00,0.0,0.0,0.0,34.03202,-118.52633,86.0,42.10615158081055,1.0,0.0,0.22911963882618508,0.29914529914529914,0.5884867483613565,0.41151325163864355,0.6524277436958419,0.3471205341133055,0.0,0.0,0.0,45.0,0.0,0.0,0.6,24.9,21.5,231.0,477.0,70.1,3.3,0.0,1439.0,0.19,2.0,0.0,0.0,65.0,65.0,19.0,30.0,144.36148543093228,-54.36148543093228,339.73891796399965,0.0,0.0,0.0,0.0,0.0,0.0,0.22911963882618508,19.0,17.555555555555557,93.0,100.17999999999999,0.19,0.2622105,0.2436721,287.2883,0.16488642,0.16488642,0.0,0.0,0.0,0.0,15.49090909090909,34.861538461538466,75.26153846153846,48.96923076923077,48.96923076923077,False,93.0,62.1,6.0,0.0,,100.0,False,50.0,0.0,0.0,0.0,0.0,2026-09-23T00:00,native_HRRR_radiation_weather_plus_interpolated_UV,0,NNW,sun below horizon — no direct-sun posture,,,,not specified,Environmental scores are skin-type independent.,not personalized
2026-09-23 00:30:00,0.0,0.0,0.0,34.03202,-118.52633,86.0,42.10615158081055,1.0,0.0,0.21275395033860045,0.2777777777777778,0.5956112852664577,0.4043887147335424,0.6555450754333412,0.3440314350127345,0.0,0.0,0.0,44.5,0.0,0.0,0.6,26.0,22.75,241.5,482.5,68.6,3.25,0.0,1457.0,0.185,2.0,0.0,0.0,65.0,65.0,19.0,26.5,145.15245524673833,-55.15245524673833,172.87513857207054,0.0,0.0,0.0,0.0,0.0,0.0,0.21275395033860045,27.0,17.555555555555557,93.5,100.16499999999999,0.185,0.26711106,0.2483759,287.0681,0.16488642,0.16488642,0.0,0.0,0.0,0.0,14.2,34.85,74.8,48.8,48.8,False,93.5,62.2,5.95,0.0,,100.0,False,50.0,0.0,0.0,0.0,0.0,2026-09-23T00:30,interpolated_hourly,0,S,sun below horizon — no direct-sun posture,,,,not specified,Environmental scores are skin-type independent.,not personalized
2026-09-23 01:00:00,0.0,0.0,0.0,34.03202,-118.52633,86.0,42.10615158081055,1.0,0.0,0.1963882618510158,0.2564102564102564,0.6027358221715589,0.3972641778284412,0.6586624071708405,0.3409423359121634,0.0,0.0,0.0,44.0,0.0,0.0,0.6,27.1,24.0,252.0,488.0,67.1,3.2,0.0,1475.0,0.18,2.0,0.0,0.0,65.0,65.0,19.0,23.0,145.94342506254438,-55.94342506254438,6.011359180141426,0.0,0.0,0.0,0.0,0.0,0.0,0.1963882618510158,35.0,17.555555555555557,94.0,100.15,0.18,0.2720116,0.25307968,286.8479,0.16488642,0.16488642,0.0,0.0,0.0,0.0,12.909090909090908,34.83846153846154,74.33846153846153,48.63076923076923,48.63076923076923,False,94.0,62.3,5.9,0.0,,100.0,False,50.0,0.0,0.0,0.0,0.0,2026-09-23T01:00,interpolated_hourly,1,N,sun below horizon — no direct-sun posture,,,,not specified,Environmental scores are skin-type independent.,not personalized
2026-09-23 01:30:00,0.0,0.0,0.0,34.03202,-118.52633,86.0,42.10615158081055,1.0,0.0,0.18002257336343114,0.23504273504273504,0.60986035907666,0.39013964092334,0.6617797389083399,0.33785323681159235,0.0,0.0,0.0,44.0,0.0,0.0,0.6,28.200000000000003,25.2,258.0,491.5,65.5,3.2,0.0,1494.5,0.18,2.0,0.0,0.0,65.5,65.5,19.5,20.5,143.96486710411511,-53.96486710411512,18.391196333860336,0.0,0.0,0.0,0.0,0.0,0.0,0.18002257336343114,35.5,17.52777777777778,93.5,100.15,0.18,0.2643386,0.245893,286.64276,0.16488642,0.16488642,0.0,0.0,0.0,0.0,11.618181818181817,34.82692307692308,73.87692307692308,48.46153846153846,48.46153846153846,False,93.5,62.099999999999994,5.65,0.0,,100.0,False,50.0,0.0,0.0,0.0,0.0,2026-09-23T01:30,interpolated_hourly,1,NNE,sun below horizon — no direct-sun posture,,,,not specified,Environmental scores are skin-type independent.,not personalized
2026-09-23 02:00:00,0.0,0.0,0.0,34.03202,-118.52633,86.0,42.10615158081055,1.0,0.0,0.16365688487584648,0.2136752136752137,0.6169848959817612,0.38301510401823885,0.6648970706458391,0.3347641377110213,0.0,0.0,0.0,44.0,0.0,0.0,0.6,29.3,26.4,264.0,495.0,63.9,3.2,0.0,1514.0,0.18,2.0,0.0,0.0,66.0,66.0,20.0,18.0,141.98630914568588,-51.986309145685865,30.771033487579246,0.0,0.0,0.0,0.0,0.0,0.0,0.16365688487584648,36.0,17.5,93.0,100.15,0.18,0.25666562,0.2387063,286.4376,0.16488642,0.16488642,0.0,0.0,0.0,0.0,10.327272727272728,34.815384615384616,73.41538461538461,48.292307692307695,48.292307692307695,False,93.0,61.9,5.4,0.0,,100.0,False,50.0,0.0,0.0,0.0,0.0,2026-09-23T02:00,interpolated_hourly,1,NNE,sun below horizon — no direct-sun posture,,,,not specified,Environmental scores are skin-type independent.,not personalized
2026-09-23 02:30:00,0.0,0.0,0.0,34.03202,-118.52633,86.0,42.10615158081055,1.0,0.0,0.14729119638826185,0.1923076923076923,0.6241094328868624,0.3758905671131377,0.6680144023833385,0.3316750386104503,0.0,0.0,0.0,43.5,0.0,0.0,0.6,30.5,27.65,261.0,495.5,63.2,3.2,0.0,1535.5,0.18,2.0,0.0,0.0,66.5,66.5,20.0,15.0,137.9520310218026,-47.9520310218026,40.275045291296095,0.0,0.0,0.0,0.0,0.0,0.0,0.14729119638826185,29.0,17.305555555555557,92.0,100.14,0.18,0.25355035,0.23584157,286.17526,0.16488642,0.16488642,0.0,0.0,0.0,0.0,9.036363636363635,34.80384615384616,72.95384615384616,48.12307692307692,48.12307692307692,False,92.0,61.4,5.1,0.0,,100.0,False,50.0,0.0,0.0,0.0,0.0,2026-09-23T02:30,interpolated_hourly,1,NE,sun below horizon — no direct-sun posture,,,,not specified,Environmental scores are skin-type independent.,not personalized
2026-09-23 03:00:00,0.0,0.0,0.0,34.03202,-118.52633,86.0,42.10615158081055,1.0,0.0,0.1309255079006772,0.17094017094017094,0.6312339697919636,0.3687660302080365,0.6711317341208378,0.32858593950987924,0.0,0.0,0.0,43.0,0.0,0.0,0.6,31.7,28.9,258.0,496.0,62.5,3.2,0.0,1557.0,0.18,2.0,0.0,0.0,67.0,67.0,20.0,12.0,133.91775289791934,-43.917752897919335,49.779057095012945,0.0,0.0,0.0,0.0,0.0,0.0,0.1309255079006772,22.0,17.11111111111111,91.0,100.13,0.18,0.25043508,0.23297684,285.91293,0.16488642,0.16488642,0.0,0.0,0.0,0.0,7.745454545454546,34.792307692307695,72.49230769230769,47.95384615384616,47.95384615384616,False,91.0,60.9,4.8,0.0,,100.0,False,50.0,0.0,0.0,0.0,0.0,2026-09-23T03:00,interpolated_hourly,1,NE,sun below horizon — no direct-sun posture,,,,not specified,Environmental scores are skin-type independent.,not personalized
2026-09-23 03:30:00,0.0,0.0,0.0,34.03202,-118.52633,86.0,42.10615158081055,1.0,0.0,0.11455981941309257,0.14957264957264954,0.6383585066970647,0.3616414933029353,0.6742490658583372,0.32549684040930815,0.0,0.0,0.0,41.0,0.0,0.0,0.6,32.85,30.15,250.5,494.0,61.75,3.2,0.0,1579.5,0.18,1.5,0.0,0.0,67.5,67.5,20.5,10.0,128.71806313708436,-38.71806313708436,56.74410445640609,0.0,0.0,0.0,0.0,0.0,0.0,0.11455981941309257,24.0,17.083333333333332,90.5,100.12,0.18,0.25077698,0.23337351,285.72485,0.16486481,0.16486481,0.0,0.0,0.0,0.0,6.454545454545457,34.78076923076923,72.03076923076922,47.784615384615385,47.784615384615385,False,90.5,60.75,4.75,0.0,,100.0,False,50.0,0.0,0.0,0.0,0.0,2026-09-23T03:30,interpolated_hourly,1,ENE,sun below horizon — no direct-sun posture,,,,not specified,Environmental scores are skin-type independent.,not personalized
2026-09-23 04:00:00,0.0,0.0,0.0,34.03202,-118.52633,86.0,42.10615158081055,1.0,0.0,0.09819413092550788,0.1282051282051282,0.6454830436021659,0.35451695639783415,0.6773663975958365,0.3224077413087371,0.0,0.0,0.0,39.0,0.0,0.0,0.6,34.0,31.4,243.0,492.0,61.0,3.2,0.0,1602.0,0.18,1.0,0.0,0.0,68.0,68.0,21.0,8.0,123.51837337624937,-33.51837337624937,63.70915181779924,0.0,0.0,0.0,0.0,0.0,0.0,0.09819413092550788,26.0,17.055555555555557,90.0,100.11,0.18,0.25111887,0.23377018,285.53677,0.1648432,0.1648432,0.0,0.0,0.0,0.0,5.163636363636364,34.769230769230774,71.56923076923077,47.61538461538461,47.61538461538461,False,90.0,60.6,4.7,0.0,,100.0,False,50.0,0.0,0.0,0.0,0.0,2026-09-23T04:00,interpolated_hourly,1,ENE,sun below horizon — no direct-sun posture,,,,not specified,Environmental scores are skin-type independent.,not personalized
2026-09-23 04:30:00,0.0,0.0,0.0,34.03202,-118.52633,86.0,42.10615158081055,1.0,0.0,0.08182844243792325,0.10683760683760685,0.6526075805072671,0.34739241949273303,0.6804837293333359,0.3193186422081661,0.0,0.0,0.0,39.0,0.0,0.0,0.6,34.95,32.4,238.0,491.0,60.25,3.25,0.0,1620.5,0.18,1.0,0.0,0.0,68.5,68.5,21.0,6.0,117.71738323634051,-27.717383236340503,69.10071119470237,0.0,0.0,0.0,0.0,0.0,0.0,0.08182844243792325,26.5,16.97222222222222,90.0,100.11,0.18,0.25184464,0.23453538,285.13174,0.16475642,0.16475642,0.0,0.0,0.0,0.0,3.872727272727275,34.75769230769231,71.1076923076923,47.44615384615385,47.44615384615385,False,90.0,60.400000000000006,4.95,0.0,,100.0,False,50.0,0.0,0.0,0.0,0.0,2026-09-23T04:30,interpolated_hourly,1,ENE,sun below horizon — no direct-sun posture,,,,not specified,Environmental scores are skin-type independent.,not personalized
2026-09-23 05:00:00,0.0,0.0,0.0,34.03202,-118.52633,86.0,42.10615158081055,1.0,0.0,0.06546275395033857,0.08547008547008544,0.6597321174123683,0.34026788258763185,0.6836010610708352,0.316229543107595,0.0,0.0,0.0,39.0,0.0,0.0,0.6,35.9,33.4,233.0,490.0,59.5,3.3,0.0,1639.0,0.18,1.0,0.0,0.0,69.0,69.0,21.0,4.0,111.91639309643163,-21.916393096431637,74.4922705716055,0.0,0.0,0.0,0.0,0.0,0.0,0.06546275395033857,27.0,16.88888888888889,90.0,100.11,0.18,0.25257045,0.23530059,284.7267,0.16466963,0.16466963,0.0,0.0,0.0,0.0,2.581818181818182,34.746153846153845,70.64615384615385,47.276923076923076,47.276923076923076,False,90.0,60.2,5.2,0.0,,100.0,False,50.0,0.0,0.0,0.0,0.0,2026-09-23T05:00,interpolated_hourly,1,ENE,sun below horizon — no direct-sun posture,,,,not specified,Environmental scores are skin-type independent.,not personalized
2026-09-23 05:30:00,0.0,0.0,0.0,34.03202,-118.52633,86.0,42.10615158081055,1.0,0.0,0.04909706546275394,0.0641025641025641,0.6668566543174694,0.3331433456825307,0.6867183928083346,0.31314044400702395,0.0,0.0,0.0,40.5,0.0,0.0,0.6,36.8,34.45,235.0,490.5,59.1,3.4,0.0,1651.5,0.18,1.0,0.0,0.0,69.5,69.5,21.5,2.5,105.82252348741815,-15.82252348741816,79.05058019307464,0.0,0.0,0.0,0.0,0.0,0.0,0.04909706546275394,25.5,16.86111111111111,89.5,100.11500000000001,0.18,0.252989,0.23574248,284.29388,0.16454631,0.16454631,0.0,0.0,0.0,0.0,1.2909090909090928,34.73461538461539,70.18461538461538,47.10769230769231,47.10769230769231,False,89.5,60.05,4.800000000000001,0.0,,100.0,False,50.0,0.0,0.0,0.0,0.0,2026-09-23T05:30,interpolated_hourly,1,E,sun below horizon — no direct-sun posture,,,,not specified,Environmental scores are skin-type independent.,not personalized
2026-09-23 06:00:00,0.0,0.0,0.0,34.03202,-118.52633,86.0,42.10615158081055,1.0,0.0,0.03273137697516931,0.042735042735042694,0.6739811912225706,0.3260188087774295,0.6898357245458339,0.3100513449064529,0.0,0.0,0.0,42.0,0.0,0.0,0.6,37.7,35.5,237.0,491.0,58.7,3.5,0.0,1664.0,0.18,1.0,0.0,0.0,70.0,70.0,22.0,1.0,99.72865387840469,-9.72865387840468,83.60888981454377,0.0,0.0,0.0,0.0,0.0,0.0,0.03273137697516931,24.0,16.833333333333332,89.0,100.12,0.18,0.25340757,0.23618439,283.86105,0.16442299,0.16442299,0.0,0.0,0.0,0.0,0.0,34.723076923076924,69.72307692307692,46.93846153846154,46.93846153846154,False,89.0,59.9,4.4,0.0,,100.0,False,50.0,0.0,0.0,0.0,0.0,2026-09-23T06:00,interpolated_hourly,1,E,sun below horizon — no direct-sun posture,,,,not specified,Environmental scores are skin-type independent.,not personalized
2026-09-23 06:30:00,0.0,3.3999999999999995,31.75,34.03202,-118.52633,86.0,42.10615158081055,1.0,0.0,0.01636568848758463,0.02136752136752129,0.6811057281276717,0.3188942718723283,0.6929530562833333,0.3069622458058819,0.0,0.0,0.0,40.5,0.0,0.0,0.675,38.8,36.75,241.5,491.5,58.35,3.65,0.0,1672.5,0.18,1.0,0.025,0.025,70.5,70.5,22.0,0.5,93.40689714944324,-3.4068971494432416,87.84592021641026,2.4757536272542877,7.895635491468803,2.07424512790791,0.0,0.0,0.0,0.01636568848758463,19.5,16.583333333333332,86.0,100.14,0.18,0.24845149,0.2315943,283.55234,0.16432172,0.16432172,0.0,0.0,0.0,0.0,0.0,34.71153846153847,69.26153846153846,46.769230769230774,46.769230769230774,False,86.0,58.849999999999994,4.1,0.0,,100.0,False,50.0,0.0,0.0,0.0,0.0,2026-09-23T06:30,interpolated_hourly,1,E,sun below horizon — no direct-sun posture,,,,not specified,Environmental scores are skin-type independent.,not personalized
2026-09-23 07:00:00,1.0,6.8,63.5,34.03202,-118.52633,86.0,42.10615158081055,1.0,0.0,0.0,0.0,0.6882302650327728,0.31176973496722715,0.6960703880208325,0.30387314670531085,0.0,0.0,0.0,39.0,0.0,0.0,0.75,39.9,38.0,246.0,492.0,58.0,3.8,0.0,1681.0,0.18,1.0,0.05,0.05,71.0,71.0,22.0,0.0,87.0851404204818,2.914859579518197,92.08295061827675,4.951507254508575,15.791270982937604,4.14849025581582,0.0,0.0,0.0,0.0,15.0,16.333333333333332,83.0,100.16,0.18,0.2434954,0.22700422,283.24362,0.16422045,0.16422045,0.005,0.0,0.0,0.0,0.0,34.7,68.8,46.6,46.6,False,83.0,57.8,3.8,0.0,87.1,100.0,False,50.0,0.5,0.5,0.0,0.0,2026-09-23T07:00,interpolated_hourly,0,E,"sun low 3° (E) — face E, lift torso ~87° toward the sun if comfortable",,,,not specified,Environmental scores are skin-type independent.,not personalized
2026-09-23 07:30:00,1.0,107.85,207.8,34.03202,-118.52633,86.0,42.10615158081055,1.0,0.0,0.28961225466730495,0.28954842374325473,0.695354801937874,0.304645198062126,0.6991877197583318,0.30078404760473976,0.5,0.0,1.4210854715202004e-14,37.5,0.0,32.65,0.875,41.349999999999994,39.5,248.5,492.0,56.55,4.0,3.0,1685.0,0.18,1.0,0.32499999999999996,0.32499999999999996,71.5,71.5,22.0,0.0,81.00725154680904,8.992748453190964,96.41396803742174,85.75248483642383,204.94420782278655,34.11643742931314,60.5,276.45,18.0,0.28961225466730495,14.0,17.555555555555557,85.0,100.16999999999999,0.18,0.23826937,0.2221498,283.16095,0.16415498,0.16415498,2.2379,0.01635670351874118,2.0623888670722685,9.25,22.85,39.150000000000006,60.0,46.45,46.45,False,85.0,60.4,2.4,0.0,81.0,100.0,False,50.0,5.2,5.2,0.2300815072968708,60.68792078267686,2026-09-23T07:30,interpolated_hourly,0,E,"sun low 9° (E) — face E, lift torso ~81° toward the sun if comfortable",,,,not specified,Environmental scores are skin-type independent.,not personalized
2026-09-23 08:00:00,1.0,208.9,352.1,34.03202,-118.52633,86.0,42.10615158081055,1.0,0.0,0.5792245093346099,0.5790968474865095,0.7024793388429752,0.2975206611570248,0.7023050514958312,0.2976949485041687,1.0,0.0,2.842170943040401e-14,36.0,0.0,65.3,1.0,42.8,41.0,251.0,492.0,55.1,4.2,6.0,1689.0,0.18,1.0,0.6,0.6,72.0,72.0,22.0,0.0,74.92936267313627,15.070637326863732,100.74498545656672,166.5534624183391,394.0971446626355,64.08438460281045,121.0,552.9,36.0,0.5792245093346099,13.0,18.77777777777778,87.0,100.17999999999999,0.18,0.23304334,0.2172954,283.07825,0.1640895,0.1640895,6.389,0.0391,5.5,18.5,45.7,43.6,51.2,46.3,46.3,False,87.0,63.0,1.0,0.0,74.9,100.0,False,50.0,11.2,11.2,0.55,203.9,2026-09-23T08:00,interpolated_hourly,0,E,"sun low 15° (E) — face E, lift torso ~75° toward the sun if comfortable",,,,not specified,Environmental scores are skin-type independent.,not personalized
2026-09-23 08:30:00,1.0,347.95000000000005,484.25,34.03202,-118.52633,86.0,42.10615158081055,1.0,0.0,0.6161009610328081,0.6160409610566876,0.6892899838868964,0.31071001611310356,0.6892891717106485,0.3108350518918359,1.0,0.0,-0.04999999999999716,33.5,0.0,67.85,1.0,37.349999999999994,34.85,251.0,491.0,51.8,4.5,15.0,1692.5,0.18,1.5,1.275,1.275,72.0,72.0,22.5,0.0,68.96438939221035,21.035610607789646,105.61163108226759,271.66261765687955,503.6874018327291,81.21417901494429,219.5,576.45,69.5,0.6161009610328081,17.0,19.47222222222222,87.0,100.19,0.18,0.23995067,0.22390401,283.1098,0.16411829,0.16411829,11.826791818274197,0.14848791112741141,10.829138178285394,27.4,46.150000000000006,53.95,49.25,52.349999999999994,52.349999999999994,False,87.0,64.2,1.65,0.0,69.0,100.0,False,50.0,18.2,18.2,1.195474628332061,300.917490815318,2026-09-23T08:30,interpolated_hourly,0,ESE,"sun low 21° (ESE) — face ESE, lift torso ~69° toward the sun if comfortable",,,,not specified,Environmental scores are skin-type independent.,not personalized
2026-09-23 09:00:00,1.0,487.0,616.4,34.03202,-118.52633,86.0,42.10615158081055,1.0,0.0,0.6529774127310062,0.6529850746268657,0.6761006289308176,0.3238993710691824,0.6762732919254658,0.3239751552795031,1.0,0.0,-0.10000000000002274,31.0,0.0,70.4,1.0,31.9,28.7,251.0,490.0,48.5,4.8,24.0,1696.0,0.18,2.0,1.95,1.95,72.0,72.0,23.0,0.0,62.99941611128444,27.00058388871556,110.47827670796846,376.77177289542004,613.2776590028227,98.34397342707814,318.0,600.0,103.0,0.6529774127310062,21.0,20.166666666666664,87.0,100.2,0.18,0.246858,0.23051265,283.14136,0.16414708,0.16414708,17.444,0.259,16.3,36.3,46.6,64.3,47.3,58.4,58.4,False,87.0,65.4,2.3,0.0,63.0,100.0,False,50.0,24.7,24.7,1.85,402.5,2026-09-23T09:00,interpolated_hourly,1,ESE,"sun low 27° (ESE) — face ESE, lift torso ~63° toward the sun if comfortable",,,,not specified,Environmental scores are skin-type independent.,not personalized
2026-09-23 09:30:00,1.0,609.3,727.45,34.03202,-118.52633,86.0,42.10615158081055,1.0,0.0,0.65658712079962,0.6566058348685909,0.6817356146724481,0.31826438532755186,0.6817963280436578,0.3183278955588267,1.0,0.0,-0.05000000000001137,31.0,0.0,74.35,1.0,32.599999999999994,28.65,249.0,488.0,44.1,5.15,36.5,1695.5,0.18,2.5,2.95,2.95,72.5,72.5,23.0,1.0,57.44394115495677,32.55605884504323,116.47453024730154,469.5415759773622,666.2611630261986,108.37083087693767,400.5,608.35,127.0,0.65658712079962,17.5,20.694444444444443,85.5,100.22,0.18,0.25512117,0.23841268,283.07245,0.16414708,0.16414708,22.978982709498727,0.4427227130399773,22.360886058932206,44.3,43.0,65.8,50.45,60.45,60.45,False,85.5,66.0,3.4499999999999997,0.0,57.4,100.0,False,50.0,30.7,30.7,2.7105472226937386,481.79218369228164,2026-09-23T09:30,interpolated_hourly,1,ESE,"sun 33° up (ESE) — lay flat, or lift torso ~57° toward ESE to face it",,,,not specified,Environmental scores are skin-type independent.,not personalized
2026-09-23 10:00:00,1.0,731.6,838.5,34.03202,-118.52633,86.0,42.10615158081055,1.0,0.0,0.6601968288682339,0.6602265951103161,0.6873706004140787,0.31262939958592134,0.6873193641618497,0.31268063583815026,1.0,0.0,0.0,31.0,0.0,78.3,1.0,33.3,28.6,247.0,486.0,39.7,5.5,49.0,1695.0,0.18,3.0,3.95,3.95,73.0,73.0,23.0,2.0,51.8884661986291,38.1115338013709,122.47078378663463,562.3113790593044,719.2446670495743,118.39768832679721,483.0,616.7,151.0,0.6601968288682339,14.0,21.222222222222225,84.0,100.24,0.18,0.2633843,0.24631272,283.0035,0.16414708,0.16414708,28.157,0.623,28.2,52.3,39.4,67.3,53.6,62.5,62.5,False,84.0,66.6,4.6,0.0,51.9,100.0,False,50.0,36.0,36.0,3.55,553.6,2026-09-23T10:00,interpolated_hourly,0,ESE,"sun 38° up (ESE) — lay flat, or lift torso ~52° toward ESE to face it",,,,not specified,Environmental scores are skin-type independent.,not personalized
2026-09-23 10:30:00,1.0,828.85,920.85,34.03202,-118.52633,86.0,42.10615158081055,1.0,0.0,0.6637556868668997,0.6637955144610591,0.7004814167118938,0.2995185832881063,0.7004184572863019,0.29950686011474353,1.0,0.0,0.05000000000001137,31.5,0.0,82.35,1.0,33.55,28.450000000000003,240.5,483.0,35.8,5.75,59.5,1680.5,0.175,3.5,5.0,5.0,73.5,73.5,23.0,3.5,47.153191938910275,42.846808061089725,130.44598250063783,632.1423243423608,746.4808169894427,124.5893564278264,550.5,631.9000000000001,164.0,0.6637556868668997,15.0,21.444444444444446,84.0,100.25,0.175,0.25685218,0.24013165,282.98065,0.16414708,0.16414708,32.88039540712224,0.8049235025650978,33.640725454578266,59.199999999999996,32.8,80.15,50.95,69.95,69.95,False,84.0,67.0,4.949999999999999,0.0,47.2,100.0,False,50.0,40.8,40.8,4.367763033940218,616.5546724891719,2026-09-23T10:30,interpolated_hourly,0,SE,"sun 43° up (SE) — lay flat, or lift torso ~47° toward SE to face it",,,,not specified,Environmental scores are skin-type independent.,not personalized
2026-09-23 11:00:00,1.0,926.1,1003.2,34.03202,-118.52633,86.0,42.10615158081055,1.0,0.0,0.6673145448655653,0.6673644338118022,0.7135922330097088,0.28640776699029125,0.7135175504107543,0.2863330843913368,1.0,0.0,0.10000000000002274,32.0,0.0,86.4,1.0,33.8,28.3,234.0,480.0,31.9,6.0,70.0,1666.0,0.17,4.0,6.05,6.05,74.0,74.0,23.0,5.0,42.417917679191454,47.582082320808546,138.42118121464102,701.9732696254171,773.7169669293112,130.7810245288556,618.0,647.1,177.0,0.6673145448655653,16.0,21.666666666666668,84.0,100.26,0.17,0.25032005,0.23395057,282.95776,0.16414708,0.16414708,37.07,0.9803,38.7,66.1,26.2,93.0,48.3,77.4,77.4,False,84.0,67.4,5.3,0.0,42.4,100.0,False,50.0,44.8,44.8,5.15,669.5,2026-09-23T11:00,interpolated_hourly,0,SE,"sun 48° up (SE) — lay flat, or lift torso ~42° toward SE to face it",,,,not specified,Environmental scores are skin-type independent.,not personalized
2026-09-23 11:30:00,1.0,991.7,1051.25,34.03202,-118.52633,86.0,42.10615158081055,1.0,0.0,0.7096149003529567,0.709648741057634,0.7674879404042254,0.23251205959577453,0.7674773815445981,0.2324479358564475,1.0,0.0,0.05000000000001137,32.5,0.0,91.75,1.0,33.2,27.5,217.5,474.0,28.9,6.1,77.0,1624.5,0.165,4.0,6.725,6.725,74.5,74.5,23.5,7.0,39.21797354004714,50.78202645995286,149.21796963019182,742.9283062201939,786.5086868707275,134.08231253929432,706.5,743.25,159.5,0.7096149003529567,13.5,22.0,83.0,100.26,0.165,0.25027364,0.23401791,283.03815,0.16411829,0.16411829,42.67445784432669,1.172509591081603,43.90576449913171,74.6,34.35,95.85,52.8,80.80000000000001,80.80000000000001,False,83.0,67.7,5.75,0.0,39.2,100.0,False,50.0,50.8,50.8,5.741942097380075,752.4839872344855,2026-09-23T11:30,interpolated_hourly,0,SSE,"sun 51° up (SSE) — lay flat, or lift torso ~39° toward SSE to face it",,,,not specified,Environmental scores are skin-type independent.,not personalized
2026-09-23 12:00:00,1.0,1057.3,1099.3,34.03202,-118.52633,86.0,42.10615158081055,1.0,0.0,0.7519152558403481,0.7519330483034659,0.8213836477987422,0.17861635220125785,0.8214372126784418,0.17856278732155817,1.0,0.0,0.0,33.0,0.0,97.1,1.0,32.6,26.7,201.0,468.0,25.9,6.2,84.0,1583.0,0.16,4.0,7.4,7.4,75.0,75.0,24.0,9.0,36.01802940090283,53.98197059909717,160.0147580457426,783.8833428149709,799.3004068121438,137.38360054973305,795.0,839.4,142.0,0.7519152558403481,11.0,22.333333333333336,82.0,100.26,0.16,0.25022727,0.23408525,283.11853,0.1640895,0.1640895,47.776,1.3578,48.7,83.1,42.5,98.7,57.3,84.2,84.2,False,82.0,68.0,6.2,0.0,36.0,100.0,False,50.0,56.5,56.5,6.3,826.6,2026-09-23T12:00,interpolated_hourly,0,SSE,"sun 54° up (SSE) — lay flat, or lift torso ~36° toward SSE to face it",,,,not specified,Environmental scores are skin-type independent.,not personalized
2026-09-23 12:30:00,1.0,1086.6499999999999,1109.6999999999998,34.03202,-118.52633,86.0,42.10615158081055,1.0,0.0,0.75409382863702,0.7541024048766682,0.8401941935676176,0.15980580643238249,0.8402428655766191,0.1597571344233809,1.0,0.0,0.0,30.0,0.0,97.35,1.0,31.55,25.65,180.0,460.5,23.4,6.25,89.0,1527.5,0.16,3.5,7.475,7.475,75.5,75.5,24.0,11.5,35.2595579871934,54.7404420128066,173.01714264626898,792.7681822788597,801.8311244706433,138.07480161443482,819.5,861.15,130.5,0.75409382863702,10.5,22.555555555555557,80.5,100.255,0.16,0.256821,0.24023256,283.3756,0.1641329,0.1641329,49.287661961412994,1.415726074360521,50.61482590500602,85.65,47.3,99.0,58.15,84.7,84.7,False,80.5,68.05,7.25,0.0,35.3,100.0,False,50.0,58.8,58.8,6.6033405021958815,844.0797681883633,2026-09-23T12:30,interpolated_hourly,0,S,"sun 55° up (S) — lay flat, or lift torso ~35° toward S to face it",,,,not specified,Environmental scores are skin-type independent.,not personalized
2026-09-23 13:00:00,1.0,1116.0,1120.1,34.03202,-118.52633,86.0,42.10615158081055,1.0,0.0,0.7562724014336918,0.7562717614498706,0.8590047393364929,0.14099526066350712,0.8590485184747964,0.14095148152520365,1.0,0.0,0.0,27.0,0.0,97.6,1.0,30.5,24.6,159.0,453.0,20.9,6.3,94.0,1472.0,0.16,3.0,7.55,7.55,76.0,76.0,24.0,14.0,34.501086573483974,55.498913426516026,186.01952724679535,801.6530217427486,804.3618421291427,138.7660026791366,844.0,882.9,119.0,0.7562724014336918,10.0,22.77777777777778,79.0,100.25,0.16,0.26341474,0.24637988,283.63266,0.16417629,0.16417629,49.955,1.4615,51.8,88.2,52.1,99.3,59.0,85.2,85.2,False,79.0,68.1,8.3,0.0,34.5,100.0,False,50.0,60.5,60.5,6.85,847.1,2026-09-23T13:00,interpolated_hourly,0,S,"sun 55° up (S) — lay flat on back, face up",,,,not specified,Environmental scores are skin-type independent.,not personalized
2026-09-23 13:30:00,1.0,1107.2,1092.1999999999998,34.03202,-118.52633,86.0,42.10615158081055,1.0,0.0,0.7304668634990745,0.7304801445603201,0.8345411293581689,0.16545887064183107,0.8345242592373983,0.16540907409593517,1.0,0.0,0.05000000000001137,26.0,0.0,95.55,1.0,29.45,23.6,144.5,448.0,18.799999999999997,6.199999999999999,98.5,1432.5,0.165,3.0,6.975,6.975,76.0,76.0,24.0,16.5,36.480708716720294,53.519291283279706,198.26250856098176,777.7869849702574,797.3761823959306,136.89018439476337,809.0,829.3499999999999,133.0,0.7304668634990745,13.0,22.611111111111114,80.5,100.26,0.165,0.25771534,0.24073365,284.0407,0.16427085,0.16427085,48.06961832914287,1.3520652601693137,50.48415231516741,85.45,54.05,99.3,57.8,84.80000000000001,84.80000000000001,False,80.5,68.15,8.8,0.0,36.5,100.0,False,50.0,59.5,59.5,6.776137287851556,804.7462492633474,2026-09-23T13:30,interpolated_hourly,0,SSW,"sun 54° up (SSW) — lay flat, or lift torso ~36° toward SSW to face it",,,,not specified,Environmental scores are skin-type independent.,not personalized
2026-09-23 14:00:00,1.0,1098.4,1064.3,34.03202,-118.52633,86.0,42.10615158081055,1.0,0.0,0.7046613255644574,0.7046885276707695,0.810077519379845,0.18992248062015504,0.81,0.18986666666666668,1.0,0.0,0.10000000000002274,25.0,0.0,93.5,1.0,28.4,22.6,130.0,443.0,16.7,6.1,103.0,1393.0,0.17,3.0,6.4,6.4,76.0,76.0,24.0,19.0,38.46033085995662,51.53966914004338,210.50548987516817,753.9209481977663,790.3905226627186,135.01436611039014,774.0,775.8,147.0,0.7046613255644574,16.0,22.44444444444445,82.0,100.27000000000001,0.17,0.25201598,0.23508744,284.4488,0.16436541,0.16436541,45.444,1.2322,48.5,82.7,56.0,99.3,56.6,84.4,84.4,False,82.0,68.2,9.3,0.0,38.5,100.0,False,50.0,57.9,57.9,6.65,750.0,2026-09-23T14:00,interpolated_hourly,0,SSW,"sun 52° up (SSW) — lay flat, or lift torso ~38° toward SSW to face it",,,,not specified,Environmental scores are skin-type independent.,not personalized
2026-09-23 14:30:00,1.0,1052.0500000000002,1000.0,34.03202,-118.52633,86.0,42.10615158081055,0.9956896551724138,0.004310344827586188,0.600913739246383,0.6009282116819168,0.6720387596899224,0.32796124031007756,0.671981943250215,0.3279513900831184,1.0,0.0,0.04999999999998295,25.5,0.0,83.55,1.0,27.799999999999997,22.15,128.0,442.0,14.5,5.85,108.0,1386.0,0.17,3.0,5.425,5.425,76.5,76.5,24.5,22.0,42.478305362676664,47.521694637323336,219.94072759530522,699.1223183209723,771.7601907358741,130.44110034025704,637.0,568.3,190.0,0.600913739246383,36.5,22.000000000000004,83.5,100.26500000000001,0.17,0.2418387,0.22542202,284.62915,0.16448128,0.16448128,37.974704129502435,1.0050360014928443,42.656987804102116,72.9,46.05,89.44999999999999,50.6,75.9,75.9,False,83.5,67.80000000000001,9.3,0.0,42.5,100.0,False,50.0,50.8,50.8,6.192519959508705,606.1347964505715,2026-09-23T14:30,interpolated_hourly,0,SW,"sun 48° up (SW) — lay flat, or lift torso ~42° toward SW to face it",,,,not specified,Environmental scores are skin-type independent.,not personalized
2026-09-23 15:00:00,1.0,1005.7,935.7,34.03202,-118.52633,86.0,42.10615158081055,0.9913793103448276,0.008620689655172376,0.4971661529283086,0.49716789569306397,0.534,0.466,0.5339638865004299,0.46603611349957014,1.0,0.0,-5.684341886080802e-14,26.0,0.0,73.6,1.0,27.2,21.7,126.0,441.0,12.3,5.6,113.0,1379.0,0.17,3.0,4.45,4.45,77.0,77.0,25.0,25.0,46.4962798653967,43.5037201346033,229.37596531544227,644.3236884441785,753.1298588090295,125.86783457012393,500.0,360.8,233.0,0.4971661529283086,57.0,21.555555555555554,85.0,100.26,0.17,0.2316614,0.2157566,284.80954,0.16459715,0.16459715,30.689,0.7803,36.9,63.1,36.1,79.6,44.6,67.4,67.4,False,85.0,67.4,9.3,0.0,46.5,100.0,False,50.0,43.7,43.7,5.75,465.2,2026-09-23T15:00,interpolated_hourly,2,SW,"sun 44° up (SW) — lay flat, or lift torso ~46° toward SW to face it",,,,not specified,Environmental scores are skin-type independent.,not personalized
2026-09-23 15:30:00,1.0,924.85,839.3,34.03202,-118.52633,86.0,42.10615158081055,0.972962382445141,0.02703761755485895,0.417421939023396,0.4173819018107264,0.44419298245614036,0.5558070175438596,0.4442147981146488,0.5559845639268185,0.9277013888888889,0.0,-0.05000000000002558,26.5,0.0,63.699999999999996,1.0,26.799999999999997,21.35,131.0,442.0,10.600000000000001,5.25,117.0,1387.5,0.17,3.5,3.425,3.425,77.5,77.5,25.0,28.0,51.6785286728561,38.3214713271439,236.31688969670878,562.974688535009,716.1559837455784,118.10071889924379,392.5,261.7,208.5,0.417421939023396,63.0,21.27777777777778,85.0,100.24499999999999,0.17,0.22394559,0.20837069,284.68674,0.16469887,0.16469887,24.46938590037125,0.5730902631893864,30.58876593062051,55.199999999999996,43.35,71.94999999999999,41.6,61.35,61.35,False,85.0,66.9,9.25,0.0,51.7,100.0,False,50.0,38.4,38.4,4.942574428997482,353.3485328573466,2026-09-23T15:30,interpolated_hourly,2,WSW,"sun 38° up (WSW) — lay flat, or lift torso ~52° toward WSW to face it",,,,not specified,Environmental scores are skin-type independent.,not personalized
2026-09-23 16:00:00,1.0,844.0,742.9,34.03202,-118.52633,86.0,42.10615158081055,0.9545454545454545,0.045454545454545525,0.33767772511848343,0.3375959079283888,0.3543859649122807,0.6456140350877193,0.35446570972886765,0.6459330143540669,0.8554027777777777,0.0,-0.09999999999999432,27.0,0.0,53.8,1.0,26.4,21.0,136.0,443.0,8.9,4.9,121.0,1396.0,0.17,4.0,2.4,2.4,78.0,78.0,25.0,31.0,56.86077748031551,33.13922251968449,243.2578140779753,481.62568862583953,679.1821086821271,110.33360322836364,285.0,162.6,184.0,0.33767772511848343,69.0,21.0,85.0,100.22999999999999,0.17,0.21622977,0.20098478,284.56393,0.16480058,0.16480058,18.894,0.3734,24.9,47.3,50.6,64.3,38.6,55.3,55.3,False,85.0,66.4,9.2,0.0,56.9,100.0,False,50.0,33.2,33.2,4.2,250.8,2026-09-23T16:00,interpolated_hourly,2,WSW,"sun 33° up (WSW) — lay flat, or lift torso ~57° toward WSW to face it",,,,not specified,Environmental scores are skin-type independent.,not personalized
2026-09-23 16:30:00,1.0,734.2,621.0,34.03202,-118.52633,86.0,42.10615158081055,0.95,0.050000000000000044,0.3321956851088894,0.3320918830365246,0.451702786377709,0.548297213622291,0.4517727321650473,0.54842662987642,0.9277013888888889,0.0,-0.04999999999999716,29.0,0.0,51.599999999999994,1.0,25.9,20.5,140.0,444.0,9.15,4.6,120.5,1402.5,0.165,4.0,1.65,1.65,78.0,78.0,25.5,34.5,62.64631162224174,27.35368837775826,248.63996844868706,381.37070604854597,606.1458441367265,97.73706652804853,244.5,203.2,138.0,0.3321956851088894,75.5,20.75,86.0,100.22,0.165,0.20823297,0.19353831,284.31927,0.16453642,0.16453642,15.162253511805565,0.2551931382954718,20.069831562356388,41.3,66.05,49.65,42.45,47.15,47.15,False,86.0,66.2,8.649999999999999,0.0,62.6,100.0,False,50.0,28.6,28.6,3.409260000803946,208.02853127271698,2026-09-23T16:30,interpolated_hourly,2,WSW,"sun low 27° (WSW) — face WSW, lift torso ~63° toward the sun if comfortable",,,,not specified,Environmental scores are skin-type independent.,not personalized
2026-09-23 17:00:00,1.0,624.4,499.1,34.03202,-118.52633,86.0,42.10615158081055,0.9454545454545454,0.054545454545454564,0.32671364509929535,0.32658785814466035,0.5490196078431373,0.45098039215686275,0.549079754601227,0.450920245398773,1.0,0.0,0.0,31.0,0.0,49.4,1.0,25.4,20.0,144.0,445.0,9.4,4.3,120.0,1409.0,0.16,4.0,0.9,0.9,78.0,78.0,26.0,38.0,68.43184576416796,21.568154235832036,254.02212281939882,281.1157234712524,533.1095795913258,85.14052982773342,204.0,243.8,92.0,0.32671364509929535,82.0,20.500000000000004,87.0,100.21000000000001,0.16,0.20023619,0.18609184,284.07465,0.16427225,0.16427225,11.266,0.1356,15.1,35.3,81.5,35.0,46.3,39.0,39.0,False,87.0,66.0,8.1,0.0,68.4,100.0,False,50.0,23.4,23.4,2.6,163.0,2026-09-23T17:00,interpolated_hourly,3,WSW,"sun low 22° (WSW) — face WSW, lift torso ~68° toward the sun if comfortable",,,,not specified,Environmental scores are skin-type independent.,not personalized
2026-09-23 17:30:00,1.0,493.2,360.0,34.03202,-118.52633,86.0,42.10615158081055,0.9727272727272727,0.027272727272727282,0.313909308737493,0.31381452662778514,0.28368411584817416,0.7163158841518258,0.28356243369159095,0.716437566308409,0.5,0.0,0.0,34.5,0.0,35.6,1.0,25.15,19.8,144.5,444.5,12.7,4.05,113.0,1404.0,0.16,4.0,0.525,0.525,78.5,78.5,26.0,41.0,74.49891130509874,15.501088694901243,258.57222310669954,177.96065314764897,376.9484320459413,61.87823838717241,156.5,125.65,99.5,0.313909308737493,84.0,20.111111111111114,89.0,100.225,0.16,0.1872325,0.17387882,284.11017,0.16427225,0.16427225,8.348892201700624,0.07918201550206441,11.02364240451108,27.75,88.85,35.0,48.7,39.8,39.8,False,89.0,65.75,6.65,2.0,74.5,100.0,False,50.0,18.9,18.9,1.8686756333086316,113.977203039099,2026-09-23T17:30,interpolated_hourly,3,WSW,"sun low 16° (WSW) — face WSW, lift torso ~74° toward the sun if comfortable",,,,not specified,Environmental scores are skin-type independent.,not personalized
2026-09-23 18:00:00,1.0,362.0,220.9,34.03202,-118.52633,86.0,42.10615158081055,1.0,0.0,0.3011049723756906,0.30104119511090993,0.01834862385321101,0.981651376146789,0.018045112781954885,0.981954887218045,0.0,0.0,0.0,38.0,0.0,21.8,1.0,24.9,19.6,145.0,444.0,16.0,3.8,106.0,1399.0,0.16,4.0,0.15,0.15,79.0,79.0,26.0,44.0,80.56597684602954,9.43402315397045,263.1223233940002,74.80558282404554,220.7872845005568,38.6159469466114,109.0,7.5,107.0,0.3011049723756906,86.0,19.72222222222222,91.0,100.24,0.16,0.1742288,0.16166578,284.1457,0.16427225,0.16427225,5.545,0.0233,7.0,20.2,96.2,35.0,51.1,40.6,40.6,False,91.0,65.5,5.2,4.0,80.6,100.0,False,50.0,13.9,13.9,1.15,66.5,2026-09-23T18:00,interpolated_hourly,3,W,"sun low 9° (W) — face W, lift torso ~81° toward the sun if comfortable",,,,not specified,Environmental scores are skin-type independent.,not personalized
2026-09-23 18:30:00,1.0,222.7,110.44999999999999,34.03202,-118.52633,86.0,42.10615158081055,1.0,0.0,0.1505524861878453,0.30181389712923473,0.036873676781933665,0.9631263232180663,0.03668148050476929,0.9635178020779329,0.0,0.0,0.0,39.0,0.0,16.8,0.95,24.799999999999997,19.8,145.0,444.0,21.35,3.5999999999999996,94.5,1392.0,0.16,3.5,0.075,0.075,79.5,79.5,26.0,45.5,86.82202007269277,3.1779799273072387,267.3472225109464,37.40279141202277,110.39364225027842,19.3079734733057,54.49999999999999,3.75,53.5,0.1505524861878453,93.0,19.333333333333332,93.5,100.245,0.16,0.16585606,0.15391836,284.0092,0.16427225,0.16427225,1.9407499999999998,0.00974708930912198,2.9107578978787867,10.549999999999999,62.45,34.83846153846154,51.74230769230769,40.723076923076924,40.723076923076924,False,93.5,65.35,4.25,4.0,86.8,100.0,False,50.0,7.1,7.1,0.543829017247149,22.51249802374968,2026-09-23T18:30,interpolated_hourly,3,W,"sun low 3° (W) — face W, lift torso ~87° toward the sun if comfortable",,,,not specified,Environmental scores are skin-type independent.,not personalized
2026-09-23 19:00:00,0.0,83.4,0.0,34.03202,-118.52633,86.0,42.10615158081055,1.0,0.0,0.0,0.30258659914755953,0.05539872971065632,0.9446012702893437,0.0553178482275837,0.9450807169378208,0.0,0.0,0.0,40.0,0.0,11.8,0.9,24.7,20.0,145.0,444.0,26.7,3.4,83.0,1385.0,0.16,3.0,0.0,0.0,80.0,80.0,26.0,47.0,93.07806329935597,-3.0780632993559727,271.5721216278925,0.0,0.0,0.0,0.0,0.0,0.0,0.0,100.0,18.944444444444443,96.0,100.25,0.16,0.15748334,0.14617094,283.87268,0.16427225,0.16427225,0.0,0.0,0.0,0.9,28.7,34.676923076923075,52.38461538461539,40.84615384615385,40.84615384615385,False,96.0,65.2,3.3,4.0,,100.0,False,50.0,0.0,0.0,0.0,0.0,2026-09-23T19:00,interpolated_hourly,45,W,sun below horizon — no direct-sun posture,,,,not specified,Environmental scores are skin-type independent.,not personalized
2026-09-23 19:30:00,0.0,41.7,0.0,34.03202,-118.52633,86.0,42.10615158081055,1.0,0.0,0.013661202185792351,0.3033593011658843,0.07392378263937897,0.9260762173606211,0.0739542159503981,0.9266436317977086,0.0,0.0,0.0,40.5,0.0,5.9,0.75,25.049999999999997,20.7,146.5,444.5,32.55,3.3,72.0,1381.5,0.155,3.0,0.0,0.0,80.0,80.0,26.0,47.5,99.26093884870531,-9.260938848705305,275.88539731800347,0.0,0.0,0.0,0.0,0.0,0.0,0.013661202185792351,100.0,18.611111111111114,98.0,100.255,0.155,0.1538521,0.14287785,283.4955,0.16427225,0.16427225,0.0,0.0,0.0,0.45,27.395454545454545,34.51538461538462,53.026923076923076,40.96923076923077,40.96923076923077,False,98.0,65.05000000000001,2.9,4.0,,100.0,False,50.0,0.0,0.0,0.0,0.0,2026-09-23T19:30,interpolated_hourly,45,W,sun below horizon — no direct-sun posture,,,,not specified,Environmental scores are skin-type independent.,not personalized
2026-09-23 20:00:00,0.0,0.0,0.0,34.03202,-118.52633,86.0,42.10615158081055,1.0,0.0,0.027322404371584702,0.3041320031842091,0.09244883556810163,0.9075511644318983,0.09259058367321252,0.9082065466575965,0.0,0.0,0.0,41.0,0.0,0.0,0.6,25.4,21.4,148.0,445.0,38.4,3.2,61.0,1378.0,0.15,3.0,0.0,0.0,80.0,80.0,26.0,48.0,105.44381439805464,-15.443814398054636,280.1986730081145,0.0,0.0,0.0,0.0,0.0,0.0,0.027322404371584702,100.0,18.277777777777782,100.0,100.26,0.15,0.15022086,0.13958475,283.11835,0.16427225,0.16427225,0.0,0.0,0.0,0.0,26.09090909090909,34.353846153846156,53.66923076923077,41.09230769230769,41.09230769230769,False,100.0,64.9,2.5,4.0,,100.0,False,50.0,0.0,0.0,0.0,0.0,2026-09-23T20:00,interpolated_hourly,45,W,sun below horizon — no direct-sun posture,,,,not specified,Environmental scores are skin-type independent.,not personalized
2026-09-23 20:30:00,0.0,0.0,0.0,34.03202,-118.52633,86.0,42.10615158081055,1.0,0.0,0.04098360655737705,0.3049047052025339,0.11097388849682428,0.8890261115031757,0.11122695139602692,0.8897694615174844,0.0,0.0,0.0,41.5,0.0,0.0,0.6,26.799999999999997,22.7,153.5,447.5,45.2,3.3,51.5,1382.0,0.15,3.0,0.0,0.0,80.5,80.5,26.5,47.0,111.44848213255344,-21.448482132553426,285.0432671899622,0.0,0.0,0.0,0.0,0.0,0.0,0.04098360655737705,87.5,18.77777777777778,96.5,100.24000000000001,0.15,0.15443051,0.14377354,282.66895,0.16427225,0.16427225,0.0,0.0,0.0,0.0,24.786363636363635,34.19230769230769,54.31153846153846,41.215384615384615,41.215384615384615,False,96.5,65.0,2.45,4.0,,100.0,False,50.0,0.0,0.0,0.0,0.0,2026-09-23T20:30,interpolated_hourly,45,WNW,sun below horizon — no direct-sun posture,,,,not specified,Environmental scores are skin-type independent.,not personalized
2026-09-23 21:00:00,0.0,0.0,0.0,34.03202,-118.52633,86.0,42.10615158081055,1.0,0.0,0.054644808743169404,0.3056774072208587,0.12949894142554694,0.870501058574453,0.1298633191188413,0.8713323763773722,0.0,0.0,0.0,42.0,0.0,0.0,0.6,28.2,24.0,159.0,450.0,52.0,3.4,42.0,1386.0,0.15,3.0,0.0,0.0,81.0,81.0,27.0,46.0,117.45314986705222,-27.453149867052215,289.88786137180983,0.0,0.0,0.0,0.0,0.0,0.0,0.054644808743169404,75.0,19.27777777777778,93.0,100.22,0.15,0.15864015,0.14796233,282.2195,0.16427225,0.16427225,0.0,0.0,0.0,0.0,23.48181818181818,34.03076923076923,54.95384615384616,41.33846153846154,41.33846153846154,False,93.0,65.1,2.4,4.0,,100.0,False,50.0,0.0,0.0,0.0,0.0,2026-09-23T21:00,interpolated_hourly,45,WNW,sun below horizon — no direct-sun posture,,,,not specified,Environmental scores are skin-type independent.,not personalized
2026-09-23 21:30:00,0.0,0.0,0.0,34.03202,-118.52633,86.0,42.10615158081055,1.0,0.0,0.06830601092896176,0.3064501092391834,0.14802399435426958,0.8519760056457304,0.14849968684165574,0.85289529123726,0.0,0.0,0.0,42.5,0.0,0.0,0.6,29.799999999999997,25.6,166.0,453.5,59.35,3.5999999999999996,33.5,1394.5,0.155,2.5,0.0,0.0,81.5,81.5,27.0,44.5,123.05377116767093,-33.05377116767094,295.866838682928,0.0,0.0,0.0,0.0,0.0,0.0,0.06830601092896176,58.5,19.944444444444443,88.0,100.225,0.155,0.16513789,0.15409715,282.17822,0.16427225,0.16427225,0.0,0.0,0.0,0.0,22.177272727272726,33.86923076923077,55.59615384615385,41.46153846153846,41.46153846153846,False,88.0,65.1,2.7,4.0,,100.0,False,50.0,0.0,0.0,0.0,0.0,2026-09-23T21:30,interpolated_hourly,45,WNW,sun below horizon — no direct-sun posture,,,,not specified,Environmental scores are skin-type independent.,not personalized
2026-09-23 22:00:00,0.0,0.0,0.0,34.03202,-118.52633,86.0,42.10615158081055,1.0,0.0,0.0819672131147541,0.3072228112575082,0.16654904728299225,0.8334509527170078,0.16713605456447014,0.8344582060971479,0.0,0.0,0.0,43.0,0.0,0.0,0.6,31.4,27.2,173.0,457.0,66.7,3.8,25.0,1403.0,0.16,2.0,0.0,0.0,82.0,82.0,27.0,43.0,128.65439246828964,-38.65439246828966,301.84581599404623,0.0,0.0,0.0,0.0,0.0,0.0,0.0819672131147541,42.0,20.611111111111107,83.0,100.22999999999999,0.16,0.17163561,0.16023198,282.13696,0.16427225,0.16427225,0.0,0.0,0.0,0.0,20.87272727272727,33.707692307692305,56.238461538461536,41.58461538461538,41.58461538461538,False,83.0,65.1,3.0,4.0,,100.0,False,50.0,0.0,0.0,0.0,0.0,2026-09-23T22:00,interpolated_hourly,3,WNW,sun below horizon — no direct-sun posture,,,,not specified,Environmental scores are skin-type independent.,not personalized
2026-09-23 22:30:00,0.0,0.0,0.0,34.03202,-118.52633,86.0,42.10615158081055,1.0,0.0,0.09562841530054646,0.307995513275833,0.1850741002117149,0.8149258997882851,0.18577242228728455,0.8160211209570358,0.0,0.0,0.0,42.5,0.0,0.0,0.6,30.65,26.799999999999997,179.0,460.5,71.80000000000001,3.9499999999999997,18.5,1412.5,0.17500000000000002,2.0,0.0,0.0,82.5,82.5,27.5,41.0,133.4473883782847,-43.4473883782847,309.840859176167,0.0,0.0,0.0,0.0,0.0,0.0,0.09562841530054646,25.0,20.944444444444443,80.0,100.19999999999999,0.17500000000000002,0.17529777,0.16369992,282.65002,0.16427225,0.16427225,0.0,0.0,0.0,0.0,19.56818181818182,33.54615384615385,56.88076923076923,41.707692307692305,41.707692307692305,False,80.0,65.05,3.3,4.0,,100.0,False,50.0,0.0,0.0,0.0,0.0,2026-09-23T22:30,interpolated_hourly,3,NW,sun below horizon — no direct-sun posture,,,,not specified,Environmental scores are skin-type independent.,not personalized
2026-09-23 23:00:00,0.0,0.0,0.0,34.03202,-118.52633,86.0,42.10615158081055,1.0,0.0,0.10928961748633881,0.3087682152941578,0.20359915314043756,0.7964008468595625,0.20440879001009896,0.7975840358169237,0.0,0.0,0.0,42.0,0.0,0.0,0.6,29.9,26.4,185.0,464.0,76.9,4.1,12.0,1422.0,0.19,2.0,0.0,0.0,83.0,83.0,28.0,39.0,138.24038428827976,-48.24038428827975,317.83590235828774,0.0,0.0,0.0,0.0,0.0,0.0,0.10928961748633881,8.0,21.27777777777778,77.0,100.17,0.19,0.1789599,0.16716789,283.16306,0.16427225,0.16427225,0.0,0.0,0.0,0.0,18.263636363636365,33.38461538461539,57.52307692307692,41.83076923076923,41.83076923076923,False,77.0,65.0,3.6,4.0,,100.0,False,50.0,0.0,0.0,0.0,0.0,2026-09-23T23:00,interpolated_hourly,1,NW,sun below horizon — no direct-sun posture,,,,not specified,Environmental scores are skin-type independent.,not personalized
2026-09-23 23:30:00,0.0,0.0,0.0,34.03202,-118.52633,86.0,42.10615158081055,1.0,0.0,0.12295081967213116,0.30954091731248257,0.2221242060691602,0.7778757939308398,0.22304515773291334,0.7791469506768115,0.0,0.0,0.0,41.0,0.0,0.0,0.6,29.4,26.15,188.5,466.5,78.0,4.199999999999999,9.5,1431.5,0.195,2.0,0.0,0.0,83.0,83.0,28.0,36.0,141.49991276268764,-51.49991276268763,328.76349965924845,0.0,0.0,0.0,0.0,0.0,0.0,0.12295081967213116,4.0,21.722222222222225,75.5,100.13,0.195,0.18063167,0.16886961,283.8473,0.16427225,0.16427225,0.0,0.0,0.0,0.0,16.95909090909091,33.223076923076924,58.16538461538462,41.95384615384615,41.95384615384615,False,75.5,65.45,2.9000000000000004,2.0,,100.0,False,50.0,0.0,0.0,0.0,0.0,2026-09-23T23:30,interpolated_hourly,1,NNW,sun below horizon — no direct-sun posture,,,,not specified,Environmental scores are skin-type independent.,not personalized
2026-09-24 00:00:00,0.0,0.0,0.0,34.03202,-118.52633,86.0,42.10615158081055,1.0,0.0,0.1366120218579235,0.31031361933080737,0.24064925899788286,0.7593507410021172,0.24168152545572774,0.7607098655366994,0.0,0.0,0.0,40.0,0.0,0.0,0.6,28.9,25.9,192.0,469.0,79.1,4.3,7.0,1441.0,0.2,2.0,0.0,0.0,83.0,83.0,28.0,33.0,144.75944123709553,-54.759441237095515,339.69109696020917,0.0,0.0,0.0,0.0,0.0,0.0,0.1366120218579235,0.0,22.16666666666667,74.0,100.09,0.2,0.18230343,0.17057133,284.53152,0.16427225,0.16427225,0.0,0.0,0.0,0.0,15.654545454545454,33.06153846153846,58.80769230769231,42.07692307692307,42.07692307692307,False,74.0,65.9,2.2,0.0,,100.0,False,50.0,0.0,0.0,0.0,0.0,2026-09-24T00:00,interpolated_hourly,0,NNW,sun below horizon — no direct-sun posture,,,,not specified,Environmental scores are skin-type independent.,not personalized
2026-09-24 00:30:00,0.0,0.0,0.0,34.03202,-118.52633,86.0,42.10615158081055,1.0,0.0,0.15027322404371585,0.31108632134913217,0.2591743119266055,0.7408256880733946,0.26031789317854215,0.7422727803965873,0.0,0.0,0.0,39.5,0.0,0.0,0.6,29.7,26.65,194.0,471.5,78.0,4.35,6.5,1451.5,0.2,2.0,0.0,0.0,83.5,83.5,28.0,29.5,145.5413712784172,-55.54137127841718,172.96049994235275,0.0,0.0,0.0,0.0,0.0,0.0,0.15027322404371585,0.0,22.16666666666667,74.0,100.08500000000001,0.2,0.18421128,0.17246866,284.74768,0.16427225,0.16427225,0.0,0.0,0.0,0.0,14.35,32.9,59.45,42.2,42.2,False,74.0,65.9,1.4500000000000002,0.0,,100.0,False,50.0,0.0,0.0,0.0,0.0,2026-09-24T00:30,interpolated_hourly,0,S,sun below horizon — no direct-sun posture,,,,not specified,Environmental scores are skin-type independent.,not personalized
2026-09-24 01:00:00,0.0,0.0,0.0,34.03202,-118.52633,86.0,42.10615158081055,1.0,0.0,0.1639344262295082,0.31185902336745697,0.27769936485532815,0.7223006351446719,0.27895426090135655,0.7238356952564751,0.0,0.0,0.0,39.0,0.0,0.0,0.6,30.5,27.4,196.0,474.0,76.9,4.4,6.0,1462.0,0.2,2.0,0.0,0.0,84.0,84.0,28.0,26.0,146.32330131973885,-56.323301319738846,6.2299029244963435,0.0,0.0,0.0,0.0,0.0,0.0,0.1639344262295082,0.0,22.16666666666667,74.0,100.08,0.2,0.18611914,0.174366,284.96384,0.16427225,0.16427225,0.0,0.0,0.0,0.0,13.045454545454545,32.738461538461536,60.09230769230769,42.323076923076925,42.323076923076925,False,74.0,65.9,0.7,0.0,,100.0,False,50.0,0.0,0.0,0.0,0.0,2026-09-24T01:00,interpolated_hourly,0,N,sun below horizon — no direct-sun posture,,,,not specified,Environmental scores are skin-type independent.,not personalized
2026-09-24 01:30:00,0.0,0.0,0.0,34.03202,-118.52633,86.0,42.10615158081055,1.0,0.0,0.17759562841530055,0.31263172538578177,0.29622441778405084,0.7037755822159492,0.29759062862417096,0.705398610116363,0.0,0.0,0.0,39.0,0.0,0.0,0.6,32.25,29.049999999999997,199.0,476.0,76.05000000000001,4.4,6.0,1472.5,0.2,2.0,0.0,0.0,84.0,84.0,28.0,23.0,144.31210123880192,-54.31210123880193,18.70032417438756,0.0,0.0,0.0,0.0,0.0,0.0,0.17759562841530055,0.0,22.138888888888893,74.0,100.075,0.2,0.18350178,0.17184187,285.02362,0.16427225,0.16427225,0.0,0.0,0.0,0.0,11.740909090909092,32.57692307692308,60.73461538461538,42.44615384615385,42.44615384615385,False,74.0,65.85,0.6499999999999999,0.0,,100.0,False,50.0,0.0,0.0,0.0,0.0,2026-09-24T01:30,interpolated_hourly,0,NNE,sun below horizon — no direct-sun posture,,,,not specified,Environmental scores are skin-type independent.,not personalized
2026-09-24 02:00:00,0.0,0.0,0.0,34.03202,-118.52633,86.0,42.10615158081055,1.0,0.0,0.19125683060109291,0.3134044274041065,0.3147494707127735,0.6852505292872265,0.31622699634698537,0.6869615249762508,0.0,0.0,0.0,39.0,0.0,0.0,0.6,34.0,30.7,202.0,478.0,75.2,4.4,6.0,1483.0,0.2,2.0,0.0,0.0,84.0,84.0,28.0,20.0,142.300901157865,-52.30090115786502,31.170745424278778,0.0,0.0,0.0,0.0,0.0,0.0,0.19125683060109291,0.0,22.11111111111111,74.0,100.07000000000001,0.2,0.1808844,0.16931775,285.08337,0.16427225,0.16427225,0.0,0.0,0.0,0.0,10.436363636363637,32.41538461538462,61.37692307692308,42.56923076923077,42.56923076923077,False,74.0,65.8,0.6,0.0,,100.0,False,50.0,0.0,0.0,0.0,0.0,2026-09-24T02:00,interpolated_hourly,0,NNE,sun below horizon — no direct-sun posture,,,,not specified,Environmental scores are skin-type independent.,not personalized
2026-09-24 02:30:00,0.0,0.0,0.0,34.03202,-118.52633,86.0,42.10615158081055,1.0,0.0,0.20491803278688525,0.3141771294224313,0.3332745236414961,0.6667254763585039,0.3348633640697998,0.6685244398361387,0.0,0.0,0.0,39.0,0.0,0.0,0.6,36.4,33.05,206.0,480.5,75.75,4.4,5.0,1491.5,0.2,2.0,0.0,0.0,84.0,84.0,28.0,17.0,138.23184423374616,-48.23184423374616,40.69386003230042,0.0,0.0,0.0,0.0,0.0,0.0,0.20491803278688525,0.0,22.055555555555554,74.0,100.05499999999999,0.2,0.17856754,0.1671416,284.99744,0.16427225,0.16427225,0.0,0.0,0.0,0.0,9.131818181818183,32.253846153846155,62.01923076923077,42.69230769230769,42.69230769230769,False,74.0,65.69999999999999,0.7,0.0,,100.0,False,50.0,0.0,0.0,0.0,0.0,2026-09-24T02:30,interpolated_hourly,0,NE,sun below horizon — no direct-sun posture,,,,not specified,Environmental scores are skin-type independent.,not personalized
2026-09-24 03:00:00,0.0,0.0,0.0,34.03202,-118.52633,86.0,42.10615158081055,1.0,0.0,0.21857923497267762,0.3149498314407561,0.35179957657021876,0.6482004234297812,0.3534997317926142,0.6500873546960266,0.0,0.0,0.0,39.0,0.0,0.0,0.6,38.8,35.4,210.0,483.0,76.3,4.4,4.0,1500.0,0.2,2.0,0.0,0.0,84.0,84.0,28.0,14.0,134.1627873096273,-44.162787309627305,50.216974640322064,0.0,0.0,0.0,0.0,0.0,0.0,0.21857923497267762,0.0,21.999999999999996,74.0,100.03999999999999,0.2,0.17625068,0.16496545,284.9115,0.16427225,0.16427225,0.0,0.0,0.0,0.0,7.827272727272728,32.09230769230769,62.66153846153846,42.815384615384616,42.815384615384616,False,74.0,65.6,0.8,0.0,,100.0,False,50.0,0.0,0.0,0.0,0.0,2026-09-24T03:00,interpolated_hourly,0,NE,sun below horizon — no direct-sun posture,,,,not specified,Environmental scores are skin-type independent.,not personalized
2026-09-24 03:30:00,0.0,0.0,0.0,34.03202,-118.52633,86.0,42.10615158081055,1.0,0.0,0.23224043715846995,0.3157225334590809,0.37032462949894146,0.6296753705010585,0.3721360995154286,0.6316502695559144,0.0,0.0,0.0,39.0,0.0,0.0,0.6,40.75,37.45,214.5,485.5,77.15,4.35,2.5,1508.5,0.195,1.5,0.0,0.0,84.5,84.5,28.5,11.5,128.93790814158268,-38.937908141582696,57.172130177903796,0.0,0.0,0.0,0.0,0.0,0.0,0.23224043715846995,0.0,21.944444444444443,74.0,100.03,0.195,0.17605583,0.1648452,285.0168,0.16425017,0.16425017,0.0,0.0,0.0,0.0,6.522727272727273,31.930769230769233,63.30384615384615,42.93846153846154,42.93846153846154,False,74.0,65.5,1.25,0.0,,100.0,False,50.0,0.0,0.0,0.0,0.0,2026-09-24T03:30,interpolated_hourly,0,ENE,sun below horizon — no direct-sun posture,,,,not specified,Environmental scores are skin-type independent.,not personalized
2026-09-24 04:00:00,0.0,0.0,0.0,34.03202,-118.52633,86.0,42.10615158081055,1.0,0.0,0.24590163934426232,0.31649523547740566,0.3888496824276641,0.6111503175723358,0.390772467238243,0.6132131844158023,0.0,0.0,0.0,39.0,0.0,0.0,0.6,42.7,39.5,219.0,488.0,78.0,4.3,1.0,1517.0,0.19,1.0,0.0,0.0,85.0,85.0,29.0,9.0,123.71302897353809,-33.713028973538094,64.12728571548553,0.0,0.0,0.0,0.0,0.0,0.0,0.24590163934426232,0.0,21.888888888888893,74.0,100.02000000000001,0.19,0.17586099,0.16472496,285.12213,0.16422808,0.16422808,0.0,0.0,0.0,0.0,5.218181818181819,31.76923076923077,63.94615384615385,43.06153846153846,43.06153846153846,False,74.0,65.4,1.7,0.0,,100.0,False,50.0,0.0,0.0,0.0,0.0,2026-09-24T04:00,interpolated_hourly,0,ENE,sun below horizon — no direct-sun posture,,,,not specified,Environmental scores are skin-type independent.,not personalized
2026-09-24 04:30:00,0.0,0.0,0.0,34.03202,-118.52633,86.0,42.10615158081055,1.0,0.0,0.25956284153005466,0.31726793749573046,0.40737473535638674,0.5926252646436132,0.40940883496105734,0.5947760992756901,0.0,0.0,0.0,40.0,0.0,0.0,0.6,44.25,41.15,224.0,490.0,78.15,4.3,0.5,1529.0,0.19,1.0,0.0,0.0,85.5,85.5,29.0,7.5,117.89662753159783,-27.896627531597833,69.50592441874264,0.0,0.0,0.0,0.0,0.0,0.0,0.25956284153005466,0.0,21.77777777777778,75.0,100.02000000000001,0.19,0.17467839,0.16357732,285.06323,0.16414812,0.16414812,0.0,0.0,0.0,0.0,3.913636363636364,31.607692307692307,64.58846153846153,43.184615384615384,43.184615384615384,False,75.0,65.45,2.45,0.0,,100.0,False,50.0,0.0,0.0,0.0,0.0,2026-09-24T04:30,interpolated_hourly,0,ENE,sun below horizon — no direct-sun posture,,,,not specified,Environmental scores are skin-type independent.,not personalized
2026-09-24 05:00:00,0.0,0.0,0.0,34.03202,-118.52633,86.0,42.10615158081055,1.0,0.0,0.273224043715847,0.31804063951405526,0.4258997882851094,0.5741002117148906,0.42804520268387175,0.576339014135578,0.0,0.0,0.0,41.0,0.0,0.0,0.6,45.8,42.8,229.0,492.0,78.3,4.3,0.0,1541.0,0.19,1.0,0.0,0.0,86.0,86.0,29.0,6.0,112.08022608965757,-22.08022608965757,74.88456312199975,0.0,0.0,0.0,0.0,0.0,0.0,0.273224043715847,0.0,21.666666666666668,76.0,100.02000000000001,0.19,0.17349578,0.16242966,285.00436,0.16406816,0.16406816,0.0,0.0,0.0,0.0,2.6090909090909093,31.446153846153848,65.23076923076923,43.30769230769231,43.30769230769231,False,76.0,65.5,3.2,0.0,,100.0,False,50.0,0.0,0.0,0.0,0.0,2026-09-24T05:00,interpolated_hourly,0,ENE,sun below horizon — no direct-sun posture,,,,not specified,Environmental scores are skin-type independent.,not personalized
2026-09-24 05:30:00,0.0,0.0,0.0,34.03202,-118.52633,86.0,42.10615158081055,1.0,0.0,0.2868852459016394,0.31881334153238006,0.4444248412138321,0.5555751587861679,0.44668157040668616,0.5579019289954659,0.0,0.0,0.0,42.0,0.0,0.0,0.6,47.15,44.4,236.0,494.5,77.44999999999999,4.3,0.0,1565.5,0.19,1.0,0.0,0.0,86.0,86.0,29.0,5.0,105.97864812036772,-15.978648120367728,79.43461594554131,0.0,0.0,0.0,0.0,0.0,0.0,0.2868852459016394,0.0,21.52777777777778,77.0,100.035,0.19,0.17229596,0.16135424,284.9045,0.16394517,0.16394517,0.0,0.0,0.0,0.0,1.3045454545454547,31.284615384615385,65.87307692307692,43.43076923076923,43.43076923076923,False,77.0,65.5,3.2,0.0,,100.0,False,50.0,0.0,0.0,0.0,0.0,2026-09-24T05:30,interpolated_hourly,0,E,sun below horizon — no direct-sun posture,,,,not specified,Environmental scores are skin-type independent.,not personalized
2026-09-24 06:00:00,0.0,0.0,0.0,34.03202,-118.52633,86.0,42.10615158081055,1.0,0.0,0.3005464480874317,0.3195860435507048,0.4629498941425547,0.5370501058574453,0.46531793812950056,0.5394648438553538,0.0,0.0,0.0,43.0,0.0,0.0,0.6,48.5,46.0,243.0,497.0,76.6,4.3,0.0,1590.0,0.19,1.0,0.0,0.0,86.0,86.0,29.0,4.0,99.87707015107789,-9.877070151077884,83.98466876908287,0.0,0.0,0.0,0.0,0.0,0.0,0.3005464480874317,0.0,21.38888888888889,78.0,100.05,0.19,0.17109613,0.16027884,284.80466,0.16382217,0.16382217,0.0,0.0,0.0,0.0,0.0,31.123076923076923,66.51538461538462,43.55384615384615,43.55384615384615,False,78.0,65.5,3.2,0.0,,100.0,False,50.0,0.0,0.0,0.0,0.0,2026-09-24T06:00,interpolated_hourly,0,E,sun below horizon — no direct-sun posture,,,,not specified,Environmental scores are skin-type independent.,not personalized
2026-09-24 06:30:00,0.0,3.05,30.05,34.03202,-118.52633,86.0,42.10615158081055,1.0,0.0,0.31420765027322406,0.3203587455690296,0.48147494707127736,0.5185250529287226,0.48395430585231497,0.5210277587152417,0.0,0.0,-0.049999999999998934,44.5,0.0,9.15,0.725,50.1,47.6,251.0,500.0,75.1,4.35,0.0,1618.5,0.19,1.0,0.025,0.025,86.5,86.5,29.5,3.0,93.55020530116563,-3.5502053011656347,88.21969262074276,2.174528734330684,6.870473168869318,1.841703197034099,1.0,9.55,0.5,0.31420765027322406,0.0,21.333333333333336,78.5,100.07,0.19,0.16963348,0.15896063,284.52365,0.1637209,0.1637209,0.0,0.0,0.0,0.45,3.15,30.961538461538463,67.1576923076923,43.676923076923075,43.676923076923075,False,78.5,65.55,2.45,0.0,,100.0,False,50.0,0.0,0.0,0.0,0.0,2026-09-24T06:30,interpolated_hourly,0,E,sun below horizon — no direct-sun posture,,,,not specified,Environmental scores are skin-type independent.,not personalized
2026-09-24 07:00:00,1.0,6.1,60.1,34.03202,-118.52633,86.0,42.10615158081055,1.0,0.0,0.3278688524590164,0.3211314475873544,0.5,0.5,0.5025906735751294,0.5025906735751294,0.0,0.0,-0.09999999999999787,46.0,0.0,18.3,0.85,51.7,49.2,259.0,503.0,73.6,4.4,0.0,1647.0,0.19,1.0,0.05,0.05,87.0,87.0,30.0,2.0,87.22334045125338,2.7766595487466157,92.45471647240265,4.349057468661368,13.740946337738636,3.683406394068198,2.0,19.1,1.0,0.3278688524590164,0.0,21.27777777777778,79.0,100.09,0.19,0.16817081,0.15764241,284.24265,0.16361964,0.16361964,0.768,0.0013,0.4,0.9,6.3,30.8,67.8,43.8,43.8,False,79.0,65.6,1.7,0.0,87.2,100.0,False,50.0,1.2,1.2,0.0,19.3,2026-09-24T07:00,interpolated_hourly,0,E,"sun low 3° (E) — face E, lift torso ~87° toward the sun if comfortable",,,,not specified,Environmental scores are skin-type independent.,not personalized
2026-09-24 07:30:00,1.0,105.8,204.39999999999998,34.03202,-118.52633,86.0,42.10615158081055,1.0,0.0,0.41697578875992186,0.41307504412634133,0.5913461538461539,0.40865384615384615,0.5925786985138566,0.41001197506127285,0.5,0.0,-0.049999999999998934,47.0,0.0,40.5,0.925,53.25,50.900000000000006,260.0,502.5,71.19999999999999,4.6,3.5000000000000004,1656.0,0.19,1.0,0.32499999999999996,0.32499999999999996,87.5,87.5,30.0,1.5,81.15354534802431,8.846454651975684,96.79006773307674,84.16928921049742,202.0132554938539,33.60537313503766,53.0,243.29999999999995,17.0,0.41697578875992186,0.0,21.722222222222225,76.5,100.11500000000001,0.19,0.16972272,0.15907824,283.82068,0.16355416,0.16355416,2.813836380616104,0.017511304935545938,2.3999763893992765,9.4,24.8,35.05,58.9,43.4,43.4,False,76.5,65.75,1.65,0.0,81.2,100.0,False,50.0,5.7,5.7,0.23348406580727918,85.21754940675554,2026-09-24T07:30,interpolated_hourly,0,E,"sun low 9° (E) — face E, lift torso ~81° toward the sun if comfortable",,,,not specified,Environmental scores are skin-type independent.,not personalized
2026-09-24 08:00:00,1.0,205.5,348.7,34.03202,-118.52633,86.0,42.10615158081055,1.0,0.0,0.5060827250608273,0.5050186406653283,0.6826923076923077,0.3173076923076923,0.6825667234525838,0.31743327654741627,1.0,0.0,0.0,48.0,0.0,62.7,1.0,54.8,52.6,261.0,502.0,68.8,4.8,7.0,1665.0,0.19,1.0,0.6,0.6,88.0,88.0,30.0,1.0,75.08375024479524,14.916249755204754,101.12541899375083,163.98952095233346,390.28556464996916,63.52733987600712,104.0,467.5,33.0,0.5060827250608273,0.0,22.16666666666667,74.0,100.14,0.19,0.17127463,0.16051409,283.39868,0.16348869,0.16348869,5.683999999999999,0.036199999999999996,4.9469828765114965,17.9,43.3,39.3,50.0,43.0,43.0,False,74.0,65.9,1.6,0.0,75.1,100.0,False,50.0,10.3,10.3,0.49999999999999994,176.09999999999997,2026-09-24T08:00,interpolated_hourly,0,E,"sun low 15° (E) — face E, lift torso ~75° toward the sun if comfortable",,,,not specified,Environmental scores are skin-type independent.,not personalized
2026-09-24 08:30:00,1.0,344.55,480.85,34.03202,-118.52633,86.0,42.10615158081055,1.0,0.0,0.575622007691704,0.574939989174426,0.75,0.25,0.7499603159382828,0.2500396840617172,1.0,0.0,0.0,45.5,0.0,68.75,1.0,50.05,46.95,251.5,497.0,65.2,5.25,16.5,1638.0,0.19,1.5,1.25,1.25,88.5,88.5,30.5,1.0,69.130427444729,20.869572555271006,106.00199922364538,268.9373193289425,500.83039124568285,80.76953082125651,208.0,591.6,45.0,0.575622007691704,0.0,22.888888888888893,70.5,100.15,0.19,0.17481548,0.16363165,283.07776,0.16351047,0.16351047,11.151692858452767,0.145237457386905,10.326364826002159,27.0,44.849999999999994,45.349999999999994,47.25,46.0,46.0,False,70.5,66.25,2.35,0.0,69.1,100.0,False,50.0,17.3,17.3,1.1609116491810434,278.88993782037426,2026-09-24T08:30,interpolated_hourly,0,ESE,"sun low 21° (ESE) — face ESE, lift torso ~69° toward the sun if comfortable",,,,not specified,Environmental scores are skin-type independent.,not personalized
2026-09-24 09:00:00,1.0,483.6,613.0,34.03202,-118.52633,86.0,42.10615158081055,1.0,0.0,0.6451612903225806,0.6448613376835237,0.8173076923076923,0.18269230769230768,0.8173539084239818,0.18264609157601822,1.0,0.0,0.0,43.0,0.0,74.8,1.0,45.3,41.3,242.0,492.0,61.6,5.7,26.0,1611.0,0.19,2.0,1.9,1.9,89.0,89.0,31.0,1.0,63.17710464466274,26.82289535533726,110.87857945353994,373.88511770555164,611.3752178413965,98.0117217665059,312.0,715.7,57.0,0.6451612903225806,0.0,23.61111111111111,67.0,100.16,0.19,0.17835632,0.16674921,282.75684,0.16353226,0.16353226,17.164,0.2578,16.1,36.1,46.4,51.4,44.5,49.0,49.0,False,67.0,66.6,3.1,0.0,63.2,100.0,False,50.0,23.9,23.9,1.85,395.3,2026-09-24T09:00,interpolated_hourly,0,ESE,"sun low 27° (ESE) — face ESE, lift torso ~63° toward the sun if comfortable",,,,not specified,Environmental scores are skin-type independent.,not personalized
2026-09-24 09:30:00,1.0,605.85,723.95,34.03202,-118.52633,86.0,42.10615158081055,1.0,0.0,0.6748674189560987,0.6746285368499065,0.8404277252961463,0.15957227470385366,0.8404912715049683,0.15959374804952925,1.0,0.0,-0.049999999999954525,41.0,0.0,79.75,1.0,43.9,39.45,226.0,484.0,57.150000000000006,6.25,38.5,1564.0,0.19,2.0,2.9,2.9,89.5,89.5,31.0,2.0,57.641629220608486,32.358370779391514,116.8866814303893,466.54007117043113,664.7373977312344,108.07483286344078,412.5,771.1,63.5,0.6748674189560987,0.0,24.25,64.0,100.16999999999999,0.19,0.19649334,0.1836859,282.6899,0.16353226,0.16353226,23.044175613909513,0.4422336883117331,22.286946975481747,44.45,43.65,58.099999999999994,43.25,52.9,52.9,False,64.0,66.9,3.7,0.0,57.6,100.0,False,50.0,30.1,30.1,2.6776258855452375,492.66581805118943,2026-09-24T09:30,interpolated_hourly,0,ESE,"sun 32° up (ESE) — lay flat, or lift torso ~58° toward ESE to face it",,,,not specified,Environmental scores are skin-type independent.,not personalized
2026-09-24 10:00:00,1.0,728.1,834.9,34.03202,-118.52633,86.0,42.10615158081055,1.0,0.0,0.7045735475896168,0.7043957360162895,0.8635477582846004,0.1364522417153996,0.8636286345859547,0.13654140452304028,1.0,0.0,-0.09999999999990905,39.0,0.0,84.7,1.0,42.5,37.6,210.0,476.0,52.7,6.8,51.0,1517.0,0.19,2.0,3.9,3.9,90.0,90.0,31.0,3.0,52.10615379655423,37.89384620344577,122.89478340723866,559.1950246353106,718.0995776210723,118.13794396037565,513.0,826.5,70.0,0.7045735475896168,0.0,24.88888888888889,61.0,100.17999999999999,0.19,0.21463037,0.20062257,282.623,0.16353226,0.16353226,28.834,0.6258,28.4,52.8,40.9,64.8,42.0,56.8,56.8,False,61.0,67.2,4.3,0.0,52.1,100.0,False,50.0,35.9,35.9,3.5,588.1,2026-09-24T10:00,interpolated_hourly,0,ESE,"sun 38° up (ESE) — lay flat, or lift torso ~52° toward ESE to face it",,,,not specified,Environmental scores are skin-type independent.,not personalized
2026-09-24 10:30:00,1.0,825.25,917.0999999999999,34.03202,-118.52633,86.0,42.10615158081055,1.0,0.0,0.7198062881053028,0.7197051230866998,0.8749892183753385,0.12501078162466145,0.8749729285931815,0.12504401744191496,1.0,0.0,5.684341886080802e-14,40.5,0.0,89.1,1.0,41.1,36.150000000000006,195.0,469.0,48.400000000000006,7.199999999999999,62.5,1479.0,0.19,2.5,4.925,4.925,90.5,90.5,31.5,4.0,47.40082538942468,42.59917461057532,130.8696462065812,628.8872242182792,745.4881027584867,124.33893122509352,595.5,856.0,73.5,0.7198062881053028,0.0,25.5,58.5,100.17999999999999,0.19,0.23204781,0.21697994,282.776,0.16353226,0.16353226,34.23214337789643,0.8418971568165929,34.24364186261203,60.449999999999996,36.55,73.65,38.6,61.35,61.35,False,58.5,67.5,4.9,0.0,47.4,100.0,False,50.0,41.0,41.0,4.314591233313092,665.7956064763656,2026-09-24T10:30,interpolated_hourly,0,SE,"sun 43° up (SE) — lay flat, or lift torso ~47° toward SE to face it",,,,not specified,Environmental scores are skin-type independent.,not personalized
2026-09-24 11:00:00,1.0,922.4,999.3,34.03202,-118.52633,86.0,42.10615158081055,1.0,0.0,0.7350390286209887,0.7350145101571101,0.8864306784660767,0.11356932153392331,0.8863172226004085,0.11354663036078966,1.0,0.0,0.10000000000002274,42.0,0.0,93.5,1.0,39.7,34.7,180.0,462.0,44.1,7.6,74.0,1441.0,0.19,3.0,5.95,5.95,91.0,91.0,32.0,5.0,42.695496982295126,47.304503017704874,138.84450900592373,698.5794238012479,772.876627895901,130.53991848981138,678.0,885.5,77.0,0.7350390286209887,0.0,26.11111111111111,56.0,100.17999999999999,0.19,0.24946526,0.2333373,282.92905,0.16353226,0.16353226,39.168,1.0523,39.7,68.1,32.2,82.5,35.2,65.9,65.9,False,56.0,67.8,5.5,0.0,42.7,100.0,False,50.0,45.5,45.5,5.1,734.5,2026-09-24T11:00,interpolated_hourly,0,SE,"sun 47° up (SE) — lay flat, or lift torso ~43° toward SE to face it",,,,not specified,Environmental scores are skin-type independent.,not personalized
2026-09-24 11:30:00,1.0,987.8,1047.15,34.03202,-118.52633,86.0,42.10615158081055,1.0,0.0,0.7425669886743378,0.7425300861287832,0.8919495164482283,0.10805048355177178,0.8918984140519393,0.10803351242865977,1.0,0.0,0.049999999999954525,43.0,0.0,95.95,1.0,38.0,33.1,167.5,457.0,40.2,7.699999999999999,82.5,1422.0,0.185,3.0,6.625,6.625,91.0,91.0,32.0,7.0,39.5311617389389,50.4688382610611,149.59329845241675,739.3664354103328,785.7110256131582,133.83742473954152,734.0,900.3000000000001,79.0,0.7425669886743378,0.0,26.5,54.0,100.16,0.185,0.25895917,0.24225417,282.96558,0.16351065,0.16351065,43.37104172315974,1.1944922780234157,44.16324907098087,75.35,36.8,90.5,48.85,75.9,75.9,False,54.0,67.85,5.8,0.0,39.5,100.0,False,50.0,51.0,51.0,5.6983386665962374,784.3114469202739,2026-09-24T11:30,interpolated_hourly,0,SSE,"sun 50° up (SSE) — lay flat, or lift torso ~40° toward SSE to face it",,,,not specified,Environmental scores are skin-type independent.,not personalized
2026-09-24 12:00:00,1.0,1053.2,1095.0,34.03202,-118.52633,86.0,42.10615158081055,1.0,0.0,0.750094948727687,0.7500456621004565,0.8974683544303798,0.10253164556962026,0.8974796055034702,0.1025203944965299,1.0,0.0,-1.1368683772161603e-13,44.0,0.0,98.4,1.0,36.3,31.5,155.0,452.0,36.3,7.8,91.0,1403.0,0.18,3.0,7.3,7.3,91.0,91.0,32.0,9.0,36.36682649558267,53.63317350441733,160.34208789890977,780.1534470194175,798.5454233304155,137.13493098927165,790.0,915.1,81.0,0.750094948727687,0.0,26.888888888888893,52.0,100.14,0.18,0.26845306,0.25117105,283.00214,0.16348904,0.16348904,46.865,1.3269,48.0,82.6,41.4,98.5,62.5,85.9,85.9,False,52.0,67.9,6.1,0.0,36.4,100.0,False,50.0,56.0,56.0,6.25,821.3,2026-09-24T12:00,interpolated_hourly,0,SSE,"sun 54° up (SSE) — lay flat, or lift torso ~36° toward SSE to face it",,,,not specified,Environmental scores are skin-type independent.,not personalized
2026-09-24 12:30:00,1.0,1082.3500000000001,1105.2,34.03202,-118.52633,86.0,42.10615158081055,1.0,0.0,0.7533650632077482,0.7532727862232603,0.8999826908893873,0.10001730911061274,0.9000315780539394,0.10002767769386817,1.0,0.0,-0.05000000000006821,43.5,0.0,98.5,1.0,34.45,29.75,143.5,448.0,32.599999999999994,7.8,98.5,1392.5,0.175,2.5,7.4,7.4,91.0,91.0,32.0,11.5,35.631566346145355,54.368433653854645,173.2273926266072,788.8489527775055,801.0415912982148,137.81337562650447,815.5,921.8,81.5,0.7533650632077482,0.0,27.194444444444446,50.5,100.12,0.175,0.27736273,0.25965768,282.87714,0.16353273,0.16353273,48.413999880823624,1.4034928022273518,49.94116406834459,85.19999999999999,46.099999999999994,99.15,61.95,86.15,86.15,False,50.5,67.95,6.65,0.0,35.6,100.0,False,50.0,58.3,58.3,6.553215166577316,839.7657319217406,2026-09-24T12:30,interpolated_hourly,0,S,"sun 54° up (S) — lay flat, or lift torso ~36° toward S to face it",,,,not specified,Environmental scores are skin-type independent.,not personalized
2026-09-24 13:00:00,1.0,1111.5,1115.4,34.03202,-118.52633,86.0,42.10615158081055,1.0,0.0,0.7566351776878093,0.7564999103460641,0.9024970273483948,0.09750297265160524,0.9025835506044088,0.09753496089120645,1.0,0.0,-0.10000000000002274,43.0,0.0,98.6,1.0,32.6,28.0,132.0,444.0,28.9,7.8,106.0,1382.0,0.17,2.0,7.5,7.5,91.0,91.0,32.0,14.0,34.89630619670804,55.10369380329196,186.11269735430466,797.5444585355935,803.5377592660143,138.49182026373728,841.0,928.5,82.0,0.7566351776878093,0.0,27.5,49.0,100.1,0.17,0.2862724,0.26814434,282.75214,0.16357642,0.16357642,49.131,1.468,51.2,87.8,50.8,99.8,61.4,86.4,86.4,False,49.0,68.0,7.2,0.0,34.9,100.0,False,50.0,60.0,60.0,6.8,843.8,2026-09-24T13:00,interpolated_hourly,0,S,"sun 55° up (S) — lay flat on back, face up",,,,not specified,Environmental scores are skin-type independent.,not personalized
2026-09-24 13:30:00,1.0,1102.5,1087.25,34.03202,-118.52633,86.0,42.10615158081055,1.0,0.0,0.7560039171475169,0.7559291167252935,0.9016117098001053,0.09838829019989462,0.9016042753022044,0.09839248044560323,1.0,0.0,0.0,38.5,0.0,98.55,1.0,30.75,26.3,124.0,441.5,25.75,7.65,111.0,1375.0,0.165,2.0,6.95,6.95,91.5,91.5,32.0,17.5,36.87321507893162,53.12678492106838,198.24184601760282,773.4813557262783,796.4335899189691,136.5943057299084,833.5,926.95,82.0,0.7560039171475169,0.0,27.25,50.0,100.08500000000001,0.165,0.29694694,0.2780872,282.68195,0.16367051,0.16367051,48.51449406398252,1.4098366158095685,50.585857246310525,86.25,56.5,99.65,65.45,87.7,87.7,False,50.0,67.9,7.9,0.0,36.9,100.0,False,50.0,60.2,60.2,6.729050989082178,829.0429172847761,2026-09-24T13:30,interpolated_hourly,0,SSW,"sun 53° up (SSW) — lay flat, or lift torso ~37° toward SSW to face it",,,,not specified,Environmental scores are skin-type independent.,not personalized
2026-09-24 14:00:00,1.0,1093.5,1059.1,34.03202,-118.52633,86.0,42.10615158081055,1.0,0.0,0.7553726566072245,0.7553583231045228,0.9007263922518159,0.09927360774818401,0.900625,0.09925,1.0,0.0,0.10000000000002274,34.0,0.0,98.5,1.0,28.9,24.6,116.0,439.0,22.6,7.5,116.0,1368.0,0.16,2.0,6.4,6.4,92.0,92.0,32.0,21.0,38.8501239611552,51.1498760388448,210.37099468090096,749.4182529169628,789.3294205719238,134.69679119607952,826.0,925.4,82.0,0.7553726566072245,0.0,26.999999999999996,51.0,100.07000000000001,0.16,0.3076215,0.2880301,282.61176,0.1637646,0.1637646,47.062,1.3395,49.3,84.7,62.2,99.5,69.5,89.0,89.0,False,51.0,67.8,8.6,0.0,38.9,100.0,False,50.0,59.8,59.8,6.6,800.0,2026-09-24T14:00,interpolated_hourly,45,SSW,"sun 51° up (SSW) — lay flat, or lift torso ~39° toward SSW to face it",,,,not specified,Environmental scores are skin-type independent.,not personalized
2026-09-24 14:30:00,1.0,1046.85,994.55,34.03202,-118.52633,86.0,42.10615158081055,0.9869565217391304,0.013043478260869601,0.7351148426007528,0.735044752950111,0.8790345247972366,0.12096547520276332,0.8790021344215435,0.12093536557845644,1.0,0.0,0.05000000000006821,30.5,0.0,95.85,1.0,27.9,23.55,114.0,438.0,19.950000000000003,7.25,119.0,1365.0,0.15000000000000002,2.0,5.425,5.425,92.0,92.0,32.0,24.0,42.852014387424354,47.147985612575646,219.75232799839898,694.4331451400907,770.4484187300227,130.08860014258323,770.5,879.5999999999999,92.0,0.7351148426007528,0.0,26.75,52.5,100.04500000000002,0.15000000000000002,0.3146314,0.29474467,282.67456,0.16388762,0.16388762,44.367200099641934,1.1713290910822305,46.15233598336077,78.80000000000001,64.6,85.55,70.35,80.25,80.25,False,52.5,67.8,8.649999999999999,0.0,42.9,100.0,False,50.0,56.2,56.2,6.1210549606798645,737.4143317554104,2026-09-24T14:30,interpolated_hourly,45,SW,"sun 47° up (SW) — lay flat, or lift torso ~43° toward SW to face it",,,,not specified,Environmental scores are skin-type independent.,not personalized
2026-09-24 15:00:00,1.0,1000.2,930.0,34.03202,-118.52633,86.0,42.10615158081055,0.9739130434782608,0.026086956521739202,0.7148570285942811,0.714731182795699,0.8573426573426574,0.14265734265734265,0.857379268843087,0.14262073115691287,1.0,0.0,1.1368683772161603e-13,27.0,0.0,93.2,1.0,26.9,22.5,112.0,437.0,17.3,7.0,122.0,1362.0,0.14,2.0,4.45,4.45,92.0,92.0,32.0,27.0,46.85390481369351,43.14609518630649,229.13366131589703,639.4480373632185,751.5674168881216,125.48040908908695,715.0,833.8,102.0,0.7148570285942811,0.0,26.500000000000004,54.0,100.02000000000001,0.14,0.32164133,0.30145925,282.73737,0.16401064,0.16401064,41.063,0.9951,42.5,72.9,67.0,71.6,71.2,71.5,71.5,False,54.0,67.8,8.7,0.0,46.9,100.0,False,50.0,52.1,52.1,5.6,664.7,2026-09-24T15:00,interpolated_hourly,45,SW,"sun 43° up (SW) — lay flat, or lift torso ~47° toward SW to face it",,,,not specified,Environmental scores are skin-type independent.,not personalized
2026-09-24 15:30:00,1.0,919.1500000000001,833.35,34.03202,-118.52633,86.0,42.10615158081055,0.9697151424287856,0.030284857571214352,0.6998697504264808,0.6997709124240474,0.853758436685266,0.14624156331473404,0.8537639654423562,0.14623603455764375,1.0,0.0,5.684341886080802e-14,28.0,0.0,88.35,1.0,26.299999999999997,21.8,113.5,438.0,15.2,6.65,123.0,1362.5,0.135,2.5,3.425,3.425,92.0,92.0,32.0,30.5,52.02056264077205,37.97943735922795,236.0593860446122,557.9512958285841,714.0715748065209,117.65074800500383,644.5,813.15,94.0,0.6998697504264808,0.0,26.333333333333336,55.5,99.995,0.135,0.31786534,0.29776126,282.64163,0.16410473,0.16410473,36.29623480448692,0.7927635587888553,37.44881634278676,64.80000000000001,76.65,65.5,72.15,67.85,67.85,False,55.5,68.0,9.0,0.0,52.0,100.0,False,50.0,47.8,47.8,4.915274500905215,588.2503636356923,2026-09-24T15:30,interpolated_hourly,45,SW,"sun 38° up (SW) — lay flat, or lift torso ~52° toward SW to face it",,,,not specified,Environmental scores are skin-type independent.,not personalized
2026-09-24 16:00:00,1.0,838.1,736.7,34.03202,-118.52633,86.0,42.10615158081055,0.9655172413793105,0.0344827586206895,0.6848824722586804,0.6848106420523957,0.8501742160278746,0.14982578397212543,0.8501486620416253,0.14985133795837463,1.0,0.0,0.0,29.0,0.0,83.5,1.0,25.7,21.1,115.0,439.0,13.1,6.3,124.0,1363.0,0.13,3.0,2.4,2.4,92.0,92.0,32.0,34.0,57.18722046785059,32.81277953214941,242.9851107733274,476.45455429394974,676.5757327249202,109.82108692092072,574.0,792.5,86.0,0.6848824722586804,0.0,26.166666666666664,57.0,99.97,0.13,0.31408936,0.29406327,282.5459,0.16419882,0.16419882,31.079,0.5855,32.0,56.7,86.3,59.4,73.1,64.2,64.2,False,57.0,68.2,9.3,0.0,57.2,100.0,False,50.0,42.7,42.7,4.2,504.5,2026-09-24T16:00,interpolated_hourly,0,WSW,"sun 33° up (WSW) — lay flat, or lift torso ~57° toward WSW to face it",,,,not specified,Environmental scores are skin-type independent.,not personalized
2026-09-24 16:30:00,1.0,728.1,614.6500000000001,34.03202,-118.52633,86.0,42.10615158081055,0.9827586206896552,0.01724137931034475,0.6846188772877289,0.684366344168707,0.8494369898106275,0.1505630101893724,0.8495326272511481,0.15061578474054083,1.0,0.0,-0.05000000000001137,30.0,0.0,79.25,1.0,25.0,20.35,117.5,439.5,12.3,5.949999999999999,122.0,1364.0,0.13,3.0,1.65,1.65,92.0,92.0,32.0,37.5,62.96176116565128,27.038238834348718,248.36562564067856,376.1602997486631,602.3318951228414,97.08513412458296,498.5,791.7,75.0,0.6846188772877289,0.0,26.333333333333336,56.5,99.94999999999999,0.13,0.29536968,0.27625787,282.20807,0.16393483,0.16393483,26.253895193283427,0.4174498020006258,26.785484088314938,49.150000000000006,92.85,47.15,73.0,56.2,56.2,False,56.5,68.30000000000001,8.3,0.0,63.0,100.0,False,50.0,37.1,37.1,3.4649388112646675,424.35122590342473,2026-09-24T16:30,interpolated_hourly,0,WSW,"sun low 27° (WSW) — face WSW, lift torso ~63° toward the sun if comfortable",,,,not specified,Environmental scores are skin-type independent.,not personalized
2026-09-24 17:00:00,1.0,618.1,492.6,34.03202,-118.52633,86.0,42.10615158081055,1.0,0.0,0.6843552823167772,0.6839220462850182,0.8486997635933806,0.15130023640661938,0.8489165924606709,0.15138023152270705,1.0,0.0,-0.10000000000002274,31.0,0.0,75.0,1.0,24.3,19.6,120.0,440.0,11.5,5.6,120.0,1365.0,0.13,3.0,0.9,0.9,92.0,92.0,32.0,41.0,68.73630186345197,21.263698136548026,253.74614050802975,275.8660452033764,528.0880575207627,84.34918132824521,423.0,790.9,64.0,0.6843552823167772,0.0,26.500000000000004,56.0,99.92999999999999,0.13,0.27665,0.25845248,281.8702,0.16367084,0.16367084,20.977,0.2458,21.2,41.6,99.4,34.9,72.9,48.2,48.2,False,56.0,68.4,7.3,0.0,68.7,100.0,False,50.0,31.0,31.0,2.7,336.9,2026-09-24T17:00,interpolated_hourly,0,WSW,"sun low 21° (WSW) — face WSW, lift torso ~69° toward the sun if comfortable",,,,not specified,Environmental scores are skin-type independent.,not personalized
2026-09-24 17:30:00,1.0,486.70000000000005,353.35,34.03202,-118.52633,86.0,42.10615158081055,1.0,0.0,0.641924334093936,0.6411202945110285,0.8140212432990377,0.18597875670096226,0.8143880386190943,0.18615069343504598,1.0,0.0,-0.10000000000002274,37.5,0.0,67.05,1.0,23.349999999999998,18.75,122.5,440.5,12.15,5.15,113.5,1365.0,0.125,3.0,0.525,0.525,92.0,92.0,32.0,44.0,74.79637872001786,15.203621279982153,258.29724613861384,173.21620760979016,369.3590566396813,60.72232786806226,318.0,713.95,55.5,0.641924334093936,0.0,25.888888888888893,59.0,99.94500000000001,0.125,0.2622442,0.24494433,281.78088,0.16367084,0.16367084,14.216410944645974,0.14540702764230326,14.612689780895005,32.0,99.7,34.9,71.6,47.75,47.75,False,59.0,68.25,7.85,0.0,74.8,100.0,False,50.0,23.8,23.8,1.9086841337295177,228.57546728191895,2026-09-24T17:30,interpolated_hourly,0,WSW,"sun low 15° (WSW) — face WSW, lift torso ~75° toward the sun if comfortable",,,,not specified,Environmental scores are skin-type independent.,not personalized
2026-09-24 18:00:00,1.0,355.3,214.1,34.03202,-118.52633,86.0,42.10615158081055,1.0,0.0,0.5994933858710948,0.5983185427370388,0.7793427230046949,0.22065727699530516,0.7798594847775177,0.22092115534738488,1.0,0.0,-0.10000000000002274,44.0,0.0,59.1,1.0,22.4,17.9,125.0,441.0,12.8,4.7,107.0,1365.0,0.12,3.0,0.15,0.15,92.0,92.0,32.0,47.0,80.85645557658373,9.14354442341628,262.8483517691979,70.56637001620392,210.63005575859984,37.09547440787931,213.0,637.0,47.0,0.5994933858710948,0.0,25.27777777777778,62.0,99.96000000000001,0.12,0.24783836,0.23143621,281.6916,0.16367084,0.16367084,7.944,0.0475,8.4,22.4,100.0,34.9,70.3,47.3,47.3,False,62.0,68.1,8.4,0.0,80.9,100.0,False,50.0,16.2,16.2,1.15,128.1,2026-09-24T18:00,interpolated_hourly,0,W,"sun low 9° (W) — face W, lift torso ~81° toward the sun if comfortable",,,,not specified,Environmental scores are skin-type independent.,not personalized
2026-09-24 18:30:00,1.0,216.8,107.05,34.03202,-118.52633,86.0,42.10615158081055,1.0,0.0,0.4977032702024695,0.5822375224061632,0.6799939421475087,0.3200060578524913,0.7498648892091516,0.2508857262955624,0.8633333333333333,0.0,-0.05000000000001137,49.0,0.0,47.75,1.0,21.75,17.25,128.0,441.5,14.75,4.2,97.0,1365.5,0.12,2.5,0.075,0.075,92.0,92.0,32.0,48.5,87.11242991501399,2.8875700849860175,267.0732501308206,35.28318500810196,105.31502787929992,18.547737203939654,122.0,408.40000000000003,30.0,0.4977032702024695,0.0,24.27777777777778,66.5,99.98,0.12,0.22970763,0.21435088,281.705,0.16367084,0.16367084,2.7804,0.019870675630184294,3.4181879295080138,11.649999999999999,64.9,34.71923076923077,70.19615384615385,47.146153846153844,47.146153846153844,False,66.5,67.6,8.0,0.0,87.1,100.0,False,50.0,8.2,8.2,0.543829017247149,39.42710171740358,2026-09-24T18:30,interpolated_hourly,0,W,"sun low 3° (W) — face W, lift torso ~87° toward the sun if comfortable",,,,not specified,Environmental scores are skin-type independent.,not personalized
2026-09-24 19:00:00,0.0,78.3,0.0,34.03202,-118.52633,86.0,42.10615158081055,1.0,0.0,0.3959131545338442,0.5661565020752878,0.5806451612903226,0.41935483870967744,0.7198702936407855,0.2808502972437399,0.7266666666666667,0.0,0.0,54.0,0.0,36.4,1.0,21.1,16.6,131.0,442.0,16.7,3.7,87.0,1366.0,0.12,2.0,0.0,0.0,92.0,92.0,32.0,50.0,93.36840425344424,-3.3684042534442447,271.2981484924434,0.0,0.0,0.0,31.0,179.8,13.0,0.3959131545338442,0.0,23.277777777777782,71.0,100.0,0.12,0.21157691,0.19726555,281.71838,0.16367084,0.16367084,0.0,0.0,0.0,0.9,29.8,34.53846153846154,70.09230769230768,46.99230769230769,46.99230769230769,False,71.0,67.1,7.6,0.0,,100.0,False,50.0,0.0,0.0,0.0,0.0,2026-09-24T19:00,interpolated_hourly,0,W,sun below horizon — no direct-sun posture,,,,not specified,Environmental scores are skin-type independent.,not personalized
2026-09-24 19:30:00,0.0,39.15,0.0,34.03202,-118.52633,86.0,42.10615158081055,1.0,0.0,0.3871328224776501,0.5500754817444122,0.5564516129032259,0.4435483870967742,0.6898756980724194,0.3108148681919174,0.36333333333333334,0.0,0.0,54.0,0.0,18.2,0.8,21.05,16.55,133.5,442.5,20.1,3.4000000000000004,77.5,1367.0,0.125,2.0,0.0,0.0,92.0,92.0,32.0,51.0,99.55423237662555,-9.554232376625558,275.6097467486968,0.0,0.0,0.0,15.5,89.9,6.5,0.3871328224776501,0.0,23.083333333333336,72.0,100.02,0.125,0.19705315,0.18372408,281.88123,0.16367084,0.16367084,0.0,0.0,0.0,0.45,28.445454545454545,34.357692307692304,69.98846153846154,46.83846153846154,46.83846153846154,False,72.0,67.0,6.449999999999999,0.0,,100.0,False,50.0,0.0,0.0,0.0,0.0,2026-09-24T19:30,interpolated_hourly,0,W,sun below horizon — no direct-sun posture,,,,not specified,Environmental scores are skin-type independent.,not personalized
2026-09-24 20:00:00,0.0,0.0,0.0,34.03202,-118.52633,86.0,42.10615158081055,1.0,0.0,0.3783524904214559,0.5339944614135368,0.5322580645161291,0.467741935483871,0.6598811025040534,0.3407794391400949,0.0,0.0,0.0,54.0,0.0,0.0,0.6,21.0,16.5,136.0,443.0,23.5,3.1,68.0,1368.0,0.13,2.0,0.0,0.0,92.0,92.0,32.0,52.0,105.74006049980687,-15.740060499806871,279.9213450049502,0.0,0.0,0.0,0.0,0.0,0.0,0.3783524904214559,0.0,22.888888888888893,73.0,100.03999999999999,0.13,0.18252939,0.1701826,282.04407,0.16367084,0.16367084,0.0,0.0,0.0,0.0,27.09090909090909,34.176923076923075,69.88461538461539,46.684615384615384,46.684615384615384,False,73.0,66.9,5.3,0.0,,100.0,False,50.0,0.0,0.0,0.0,0.0,2026-09-24T20:00,interpolated_hourly,0,W,sun below horizon — no direct-sun posture,,,,not specified,Environmental scores are skin-type independent.,not personalized
2026-09-24 20:30:00,0.0,0.0,0.0,34.03202,-118.52633,86.0,42.10615158081055,1.0,0.0,0.3695721583652618,0.5179134410826612,0.5080645161290323,0.49193548387096775,0.6298865069356874,0.3707440100882724,0.0,0.0,0.0,54.0,0.0,0.0,0.6,21.2,16.7,137.0,443.5,29.45,3.1500000000000004,58.5,1369.0,0.13,2.0,0.0,0.0,91.5,91.5,32.0,50.5,111.75243146695314,-21.752431466953144,284.76412485407275,0.0,0.0,0.0,0.0,0.0,0.0,0.3695721583652618,3.0,22.833333333333336,73.5,100.065,0.13,0.17093556,0.15929334,282.2951,0.16367084,0.16367084,0.0,0.0,0.0,0.0,25.736363636363638,33.996153846153845,69.78076923076922,46.53076923076923,46.53076923076923,False,73.5,66.9,4.65,0.0,,100.0,False,50.0,0.0,0.0,0.0,0.0,2026-09-24T20:30,interpolated_hourly,0,WNW,sun below horizon — no direct-sun posture,,,,not specified,Environmental scores are skin-type independent.,not personalized
2026-09-24 21:00:00,0.0,0.0,0.0,34.03202,-118.52633,86.0,42.10615158081055,1.0,0.0,0.3607918263090677,0.5018324207517857,0.4838709677419355,0.5161290322580645,0.5998919113673212,0.4007085810364499,0.0,0.0,0.0,54.0,0.0,0.0,0.6,21.4,16.9,138.0,444.0,35.4,3.2,49.0,1370.0,0.13,2.0,0.0,0.0,91.0,91.0,32.0,49.0,117.76480243409941,-27.764802434099416,289.6069047031953,0.0,0.0,0.0,0.0,0.0,0.0,0.3607918263090677,6.0,22.77777777777778,74.0,100.09,0.13,0.15934172,0.14840408,282.54614,0.16367084,0.16367084,0.0,0.0,0.0,0.0,24.381818181818183,33.815384615384616,69.67692307692307,46.37692307692308,46.37692307692308,False,74.0,66.9,4.0,0.0,,100.0,False,50.0,0.0,0.0,0.0,0.0,2026-09-24T21:00,interpolated_hourly,0,WNW,sun below horizon — no direct-sun posture,,,,not specified,Environmental scores are skin-type independent.,not personalized
2026-09-24 21:30:00,0.0,0.0,0.0,34.03202,-118.52633,86.0,42.10615158081055,1.0,0.0,0.35201149425287354,0.48575140042091025,0.45967741935483875,0.5403225806451613,0.5698973157989552,0.4306731519846274,0.0,0.0,0.0,54.0,0.0,0.0,0.6,22.65,18.15,138.0,445.0,42.849999999999994,3.4000000000000004,40.0,1371.5,0.135,2.0,0.0,0.0,91.0,91.0,31.5,47.5,123.37837093819724,-33.378370938197236,295.5899655451735,0.0,0.0,0.0,0.0,0.0,0.0,0.35201149425287354,3.0,22.72222222222222,74.0,100.08500000000001,0.135,0.15314443,0.14264742,282.7177,0.16367084,0.16367084,0.0,0.0,0.0,0.0,23.027272727272727,33.63461538461539,69.57307692307693,46.22307692307692,46.22307692307692,False,74.0,66.85,3.75,0.0,,100.0,False,50.0,0.0,0.0,0.0,0.0,2026-09-24T21:30,interpolated_hourly,0,WNW,sun below horizon — no direct-sun posture,,,,not specified,Environmental scores are skin-type independent.,not personalized
2026-09-24 22:00:00,0.0,0.0,0.0,34.03202,-118.52633,86.0,42.10615158081055,1.0,0.0,0.34323116219667943,0.4696703800900347,0.435483870967742,0.564516129032258,0.5399027202305892,0.4606377229328049,0.0,0.0,0.0,54.0,0.0,0.0,0.6,23.9,19.4,138.0,446.0,50.3,3.6,31.0,1373.0,0.14,2.0,0.0,0.0,91.0,91.0,31.0,46.0,128.99193944229506,-38.991939442295056,301.57302638715174,0.0,0.0,0.0,0.0,0.0,0.0,0.34323116219667943,0.0,22.666666666666668,74.0,100.08,0.14,0.14694715,0.13689074,282.88925,0.16367084,0.16367084,0.0,0.0,0.0,0.0,21.672727272727272,33.45384615384615,69.46923076923076,46.069230769230764,46.069230769230764,False,74.0,66.8,3.5,0.0,,100.0,False,50.0,0.0,0.0,0.0,0.0,2026-09-24T22:00,interpolated_hourly,0,WNW,sun below horizon — no direct-sun posture,,,,not specified,Environmental scores are skin-type independent.,not personalized
2026-09-24 22:30:00,0.0,0.0,0.0,34.03202,-118.52633,86.0,42.10615158081055,1.0,0.0,0.3344508301404853,0.4535893597591592,0.4112903225806452,0.5887096774193548,0.509908124662223,0.4906022938809824,0.0,0.0,0.0,56.5,0.0,0.0,0.6,25.5,21.0,137.5,447.0,56.099999999999994,3.8,23.5,1375.5,0.14500000000000002,2.0,0.0,0.0,90.5,90.5,31.0,43.5,133.80204039624402,-43.80204039624401,309.5955421302221,0.0,0.0,0.0,0.0,0.0,0.0,0.3344508301404853,0.0,22.583333333333336,74.0,100.08500000000001,0.14500000000000002,0.14528173,0.13544255,283.04663,0.16367084,0.16367084,0.0,0.0,0.0,0.0,20.31818181818182,33.27307692307692,69.36538461538461,45.91538461538461,45.91538461538461,False,74.0,66.6,3.5,0.0,,100.0,False,50.0,0.0,0.0,0.0,0.0,2026-09-24T22:30,interpolated_hourly,0,NW,sun below horizon — no direct-sun posture,,,,not specified,Environmental scores are skin-type independent.,not personalized
2026-09-24 23:00:00,0.0,0.0,0.0,34.03202,-118.52633,86.0,42.10615158081055,1.0,0.0,0.32567049808429116,0.4375083394282837,0.3870967741935484,0.6129032258064516,0.479913529093857,0.5205668648291599,0.0,0.0,0.0,59.0,0.0,0.0,0.6,27.1,22.6,137.0,448.0,61.9,4.0,16.0,1378.0,0.15,2.0,0.0,0.0,90.0,90.0,31.0,41.0,138.61214135019296,-48.612141350192964,317.61805787329246,0.0,0.0,0.0,0.0,0.0,0.0,0.32567049808429116,0.0,22.5,74.0,100.09,0.15,0.1436163,0.13399439,283.20404,0.16367084,0.16367084,0.0,0.0,0.0,0.0,18.96363636363636,33.09230769230769,69.26153846153846,45.76153846153846,45.76153846153846,False,74.0,66.4,3.5,0.0,,100.0,False,50.0,0.0,0.0,0.0,0.0,2026-09-24T23:00,interpolated_hourly,0,NW,sun below horizon — no direct-sun posture,,,,not specified,Environmental scores are skin-type independent.,not personalized
2026-09-24 23:30:00,0.0,0.0,0.0,34.03202,-118.52633,86.0,42.10615158081055,1.0,0.0,0.31689016602809705,0.42142731909740816,0.3629032258064516,0.6370967741935484,0.44991893352549095,0.5505314357773374,0.0,0.0,0.0,61.0,0.0,0.0,0.6,28.5,24.1,136.0,449.0,64.7,4.05,11.5,1382.0,0.15,2.0,0.0,0.0,90.0,90.0,31.0,38.0,141.8847124348564,-51.8847124348564,328.6296854700751,0.0,0.0,0.0,0.0,0.0,0.0,0.31689016602809705,0.0,22.333333333333336,74.0,100.095,0.15,0.14177291,0.1322554,283.33105,0.16367084,0.16367084,0.0,0.0,0.0,0.0,17.60909090909091,32.91153846153846,69.1576923076923,45.607692307692304,45.607692307692304,False,74.0,66.15,3.15,0.0,,100.0,False,50.0,0.0,0.0,0.0,0.0,2026-09-24T23:30,interpolated_hourly,0,NNW,sun below horizon — no direct-sun posture,,,,not specified,Environmental scores are skin-type independent.,not personalized
2026-09-25 00:00:00,0.0,0.0,0.0,34.03202,-118.52633,86.0,42.10615158081055,1.0,0.0,0.30810983397190295,0.4053462987665327,0.33870967741935487,0.6612903225806451,0.41992433795712486,0.5804960067255149,0.0,0.0,0.0,63.0,0.0,0.0,0.6,29.9,25.6,135.0,450.0,67.5,4.1,7.0,1386.0,0.15,2.0,0.0,0.0,90.0,90.0,31.0,35.0,145.1572835195198,-55.15728351951982,339.6413130668578,0.0,0.0,0.0,0.0,0.0,0.0,0.30810983397190295,0.0,22.16666666666667,74.0,100.1,0.15,0.13992952,0.13051641,283.45807,0.16367084,0.16367084,0.0,0.0,0.0,0.0,16.254545454545454,32.730769230769226,69.05384615384615,45.45384615384615,45.45384615384615,False,74.0,65.9,2.8,0.0,,100.0,False,50.0,0.0,0.0,0.0,0.0,2026-09-25T00:00,interpolated_hourly,0,NNW,sun below horizon — no direct-sun posture,,,,not specified,Environmental scores are skin-type independent.,not personalized
2026-09-25 00:30:00,0.0,0.0,0.0,34.03202,-118.52633,86.0,42.10615158081055,1.0,0.0,0.29932950191570884,0.38926527843565717,0.31451612903225806,0.6854838709677419,0.3899297423887588,0.6104605776736924,0.0,0.0,0.0,63.0,0.0,0.0,0.6,31.2,26.950000000000003,133.5,451.5,68.7,4.1,5.0,1390.5,0.155,2.0,0.0,0.0,90.0,90.0,31.0,31.5,145.93009797058536,-55.93009797058537,173.04655004797453,0.0,0.0,0.0,0.0,0.0,0.0,0.29932950191570884,0.0,22.138888888888893,74.0,100.09,0.155,0.14139509,0.13191481,283.45398,0.16367084,0.16367084,0.0,0.0,0.0,0.0,14.9,32.55,68.94999999999999,45.3,45.3,False,74.0,65.85,2.7,0.0,,100.0,False,50.0,0.0,0.0,0.0,0.0,2026-09-25T00:30,interpolated_hourly,0,S,sun below horizon — no direct-sun posture,,,,not specified,Environmental scores are skin-type independent.,not personalized
2026-09-25 01:00:00,0.0,0.0,0.0,34.03202,-118.52633,86.0,42.10615158081055,1.0,0.0,0.2905491698595147,0.3731842581047817,0.2903225806451613,0.7096774193548387,0.35993514682039274,0.6404251486218699,0.0,0.0,0.0,63.0,0.0,0.0,0.6,32.5,28.3,132.0,453.0,69.9,4.1,3.0,1395.0,0.16,2.0,0.0,0.0,90.0,90.0,31.0,28.0,146.70291242165092,-56.70291242165092,6.451787029091292,0.0,0.0,0.0,0.0,0.0,0.0,0.2905491698595147,0.0,22.11111111111111,74.0,100.08,0.16,0.14286068,0.13331321,283.44986,0.16367084,0.16367084,0.0,0.0,0.0,0.0,13.545454545454547,32.36923076923077,68.84615384615384,45.146153846153844,45.146153846153844,False,74.0,65.8,2.6,0.0,,100.0,False,50.0,0.0,0.0,0.0,0.0,2026-09-25T01:00,interpolated_hourly,0,N,sun below horizon — no direct-sun posture,,,,not specified,Environmental scores are skin-type independent.,not personalized
2026-09-25 01:30:00,0.0,0.0,0.0,34.03202,-118.52633,86.0,42.10615158081055,1.0,0.0,0.28176883780332057,0.3571032377739062,0.26612903225806456,0.7338709677419355,0.32994055125202665,0.6703897195700474,0.0,0.0,0.0,61.0,0.0,0.0,0.6,33.75,29.700000000000003,130.5,453.5,70.5,4.1,1.5,1398.0,0.165,2.0,0.0,0.0,90.0,90.0,31.0,24.5,144.65867788179486,-54.658677881794844,19.013562829860746,0.0,0.0,0.0,0.0,0.0,0.0,0.28176883780332057,0.0,22.055555555555554,74.5,100.075,0.165,0.14371511,0.13414142,283.35333,0.16367084,0.16367084,0.0,0.0,0.0,0.0,12.190909090909091,32.18846153846154,68.74230769230769,44.99230769230769,44.99230769230769,False,74.5,65.8,2.1,0.0,,100.0,False,50.0,0.0,0.0,0.0,0.0,2026-09-25T01:30,interpolated_hourly,0,NNE,sun below horizon — no direct-sun posture,,,,not specified,Environmental scores are skin-type independent.,not personalized
2026-09-25 02:00:00,0.0,0.0,0.0,34.03202,-118.52633,86.0,42.10615158081055,1.0,0.0,0.2729885057471264,0.34102221744303063,0.24193548387096775,0.7580645161290323,0.2999459556836606,0.700354290518225,0.0,0.0,0.0,59.0,0.0,0.0,0.6,35.0,31.1,129.0,454.0,71.1,4.1,0.0,1401.0,0.17,2.0,0.0,0.0,90.0,90.0,31.0,21.0,142.61444334193877,-52.61444334193876,31.5753386306302,0.0,0.0,0.0,0.0,0.0,0.0,0.2729885057471264,0.0,21.999999999999996,75.0,100.07000000000001,0.17,0.14456955,0.13496964,283.25677,0.16367084,0.16367084,0.0,0.0,0.0,0.0,10.836363636363636,32.00769230769231,68.63846153846153,44.83846153846154,44.83846153846154,False,75.0,65.8,1.6,0.0,,100.0,False,50.0,0.0,0.0,0.0,0.0,2026-09-25T02:00,interpolated_hourly,0,NNE,sun below horizon — no direct-sun posture,,,,not specified,Environmental scores are skin-type independent.,not personalized
2026-09-25 02:30:00,0.0,0.0,0.0,34.03202,-118.52633,86.0,42.10615158081055,1.0,0.0,0.2642081736909323,0.32494119711215513,0.217741935483871,0.782258064516129,0.2699513601152945,0.7303188614664025,0.0,0.0,0.0,53.0,0.0,0.0,0.6,36.05,32.25,127.0,454.0,71.35,4.05,0.0,1399.5,0.175,2.0,0.0,0.0,90.0,90.0,31.0,18.0,138.5105049883715,-48.51050498837152,41.11664563337533,0.0,0.0,0.0,0.0,0.0,0.0,0.2642081736909323,3.0,21.944444444444443,75.0,100.07000000000001,0.175,0.14304467,0.13349125,283.2756,0.16367084,0.16367084,0.0,0.0,0.0,0.0,9.48181818181818,31.826923076923077,68.53461538461538,44.684615384615384,44.684615384615384,False,75.0,65.75,1.65,0.0,,100.0,False,50.0,0.0,0.0,0.0,0.0,2026-09-25T02:30,interpolated_hourly,0,NE,sun below horizon — no direct-sun posture,,,,not specified,Environmental scores are skin-type independent.,not personalized
2026-09-25 03:00:00,0.0,0.0,0.0,34.03202,-118.52633,86.0,42.10615158081055,1.0,0.0,0.2554278416347382,0.30886017678127964,0.1935483870967742,0.8064516129032258,0.2399567645469285,0.76028343241458,0.0,0.0,0.0,47.0,0.0,0.0,0.6,37.1,33.4,125.0,454.0,71.6,4.0,0.0,1398.0,0.18,2.0,0.0,0.0,90.0,90.0,31.0,15.0,134.40656663480428,-44.40656663480429,50.657952636120456,0.0,0.0,0.0,0.0,0.0,0.0,0.2554278416347382,6.0,21.888888888888893,75.0,100.07000000000001,0.18,0.14151978,0.13201284,283.29443,0.16367084,0.16367084,0.0,0.0,0.0,0.0,8.127272727272725,31.646153846153844,68.43076923076923,44.53076923076923,44.53076923076923,False,75.0,65.7,1.7,0.0,,100.0,False,50.0,0.0,0.0,0.0,0.0,2026-09-25T03:00,interpolated_hourly,0,NE,sun below horizon — no direct-sun posture,,,,not specified,Environmental scores are skin-type independent.,not personalized
2026-09-25 03:30:00,0.0,0.0,0.0,34.03202,-118.52633,86.0,42.10615158081055,1.0,0.0,0.24664750957854406,0.29277915645040414,0.16935483870967744,0.8306451612903225,0.20996216897856246,0.7902480033627575,0.0,0.0,0.0,54.5,0.0,0.0,0.6,38.1,34.349999999999994,123.0,453.0,71.19999999999999,4.0,0.0,1395.0,0.19,2.0,0.0,0.0,90.0,90.0,31.0,12.5,129.15666275650688,-39.156662756506876,57.6024213669655,0.0,0.0,0.0,0.0,0.0,0.0,0.24664750957854406,7.0,21.833333333333336,75.0,100.075,0.19,0.14207023,0.13253343,283.6189,0.16364953,0.16364953,0.0,0.0,0.0,0.0,6.772727272727273,31.465384615384615,68.32692307692307,44.37692307692308,44.37692307692308,False,75.0,65.6,1.7,0.0,,100.0,False,50.0,0.0,0.0,0.0,0.0,2026-09-25T03:30,interpolated_hourly,0,ENE,sun below horizon — no direct-sun posture,,,,not specified,Environmental scores are skin-type independent.,not personalized
2026-09-25 04:00:00,0.0,0.0,0.0,34.03202,-118.52633,86.0,42.10615158081055,1.0,0.0,0.23786717752234993,0.27669813611952865,0.14516129032258063,0.8548387096774193,0.1799675734101963,0.820212574310935,0.0,0.0,0.0,62.0,0.0,0.0,0.6,39.1,35.3,121.0,452.0,70.8,4.0,0.0,1392.0,0.2,2.0,0.0,0.0,90.0,90.0,31.0,10.0,123.90675887820944,-33.90675887820945,64.54689009781055,0.0,0.0,0.0,0.0,0.0,0.0,0.23786717752234993,8.0,21.77777777777778,75.0,100.08,0.2,0.1426207,0.13305403,283.9434,0.16362822,0.16362822,0.0,0.0,0.0,0.0,5.418181818181818,31.284615384615385,68.22307692307692,44.22307692307692,44.22307692307692,False,75.0,65.5,1.7,0.0,,100.0,False,50.0,0.0,0.0,0.0,0.0,2026-09-25T04:00,interpolated_hourly,0,ENE,sun below horizon — no direct-sun posture,,,,not specified,Environmental scores are skin-type independent.,not personalized
2026-09-25 04:30:00,0.0,0.0,0.0,34.03202,-118.52633,86.0,42.10615158081055,1.0,0.0,0.22908684546615582,0.2606171157886531,0.12096774193548387,0.879032258064516,0.14997297784183028,0.8501771452591125,0.0,0.0,0.0,75.0,5.0,0.0,0.6,40.05,36.3,121.0,452.0,70.1,4.0,0.0,1391.0,0.20500000000000002,2.0,0.0,0.0,89.5,89.5,31.0,8.0,118.07519944675897,-28.075199446758976,69.91215766518701,0.0,0.0,0.0,0.0,0.0,0.0,0.22908684546615582,7.0,21.638888888888893,76.0,100.095,0.20500000000000002,0.14223945,0.13262798,284.20178,0.16354781,0.16354781,0.0,0.0,0.0,0.0,4.063636363636363,31.103846153846153,68.11923076923077,44.069230769230764,44.069230769230764,False,76.0,65.45,2.4,0.0,,100.0,False,50.0,0.0,0.0,0.0,0.0,2026-09-25T04:30,interpolated_hourly,0,ENE,sun below horizon — no direct-sun posture,,,,not specified,Environmental scores are skin-type independent.,not personalized
2026-09-25 05:00:00,0.0,0.0,0.0,34.03202,-118.52633,86.0,42.10615158081055,1.0,0.0,0.22030651340996169,0.2445360954577776,0.09677419354838712,0.9032258064516128,0.11997838227346425,0.88014171620729,0.0,0.0,0.0,88.0,10.0,0.0,0.6,41.0,37.3,121.0,452.0,69.4,4.0,0.0,1390.0,0.21,2.0,0.0,0.0,89.0,89.0,31.0,6.0,112.2436400153085,-22.2436400153085,75.27742523256347,0.0,0.0,0.0,0.0,0.0,0.0,0.22030651340996169,6.0,21.500000000000004,77.0,100.11,0.21,0.14185819,0.13220192,284.46017,0.1634674,0.1634674,0.0,0.0,0.0,0.0,2.709090909090907,30.923076923076923,68.0153846153846,43.91538461538461,43.91538461538461,False,77.0,65.4,3.1,0.0,,100.0,False,50.0,0.0,0.0,0.0,0.0,2026-09-25T05:00,interpolated_hourly,0,ENE,sun below horizon — no direct-sun posture,,,,not specified,Environmental scores are skin-type independent.,not personalized
2026-09-25 05:30:00,0.0,0.0,0.0,34.03202,-118.52633,86.0,42.10615158081055,1.0,0.0,0.21152618135376755,0.2284550751269021,0.07258064516129037,0.9274193548387095,0.0899837867050981,0.9101062871554675,0.0,0.0,0.0,78.0,5.0,0.0,0.6,41.8,38.25,124.5,453.0,68.7,4.05,0.0,1395.5,0.21,2.0,0.0,0.0,89.0,89.0,31.0,4.5,106.1346209787918,-16.134620978791805,79.81895437658068,0.0,0.0,0.0,0.0,0.0,0.0,0.21152618135376755,6.0,21.38888888888889,77.0,100.125,0.21,0.13986777,0.13024196,284.6059,0.16334438,0.16334438,0.0,0.0,0.0,0.0,1.3545454545454554,30.74230769230769,67.91153846153846,43.76153846153846,43.76153846153846,False,77.0,65.25,2.5,0.0,,100.0,False,50.0,0.0,0.0,0.0,0.0,2026-09-25T05:30,interpolated_hourly,0,E,sun below horizon — no direct-sun posture,,,,not specified,Environmental scores are skin-type independent.,not personalized
2026-09-25 06:00:00,0.0,0.0,0.0,34.03202,-118.52633,86.0,42.10615158081055,1.0,0.0,0.20274584929757344,0.2123740547960266,0.048387096774193505,0.9516129032258063,0.05998919113673207,0.940070858103645,0.0,0.0,0.0,68.0,0.0,0.0,0.6,42.6,39.2,128.0,454.0,68.0,4.1,0.0,1401.0,0.21,2.0,0.0,0.0,89.0,89.0,31.0,3.0,100.0256019422751,-10.025601942275108,84.36048352059788,0.0,0.0,0.0,0.0,0.0,0.0,0.20274584929757344,6.0,21.27777777777778,77.0,100.14,0.21,0.13787735,0.12828201,284.75162,0.16322136,0.16322136,0.0,0.0,0.0,0.0,0.0,30.56153846153846,67.8076923076923,43.607692307692304,43.607692307692304,False,77.0,65.1,1.9,0.0,,100.0,False,50.0,0.0,0.0,0.0,0.0,2026-09-25T06:00,interpolated_hourly,0,E,sun below horizon — no direct-sun posture,,,,not specified,Environmental scores are skin-type independent.,not personalized
2026-09-25 06:30:00,0.0,2.7,28.3,34.03202,-118.52633,86.0,42.10615158081055,1.0,0.0,0.1939655172413793,0.19629303446515112,0.024193548387096753,0.9758064516129032,0.029994595568366034,0.9700354290518225,0.0,0.0,0.0,69.0,0.0,2.05,0.725,44.2,40.900000000000006,134.0,455.5,66.95,4.15,0.0,1409.0,0.20500000000000002,1.5,0.025,0.025,88.5,88.5,30.5,2.5,93.69366851882047,-3.693668518820478,88.59329063568708,1.8955513761401295,5.927441127088573,1.6227104369470533,0.5,0.0,0.5,0.1939655172413793,10.0,21.27777777777778,77.0,100.14500000000001,0.20500000000000002,0.13653046,0.12700817,284.89282,0.16311961,0.16311961,0.0,0.0,0.0,0.4,3.2,30.380769230769232,67.70384615384614,43.45384615384615,43.45384615384615,False,77.0,65.1,1.05,0.0,,100.0,False,50.0,0.0,0.0,0.0,0.0,2026-09-25T06:30,interpolated_hourly,0,E,sun below horizon — no direct-sun posture,,,,not specified,Environmental scores are skin-type independent.,not personalized
2026-09-25 07:00:00,1.0,5.4,56.6,34.03202,-118.52633,86.0,42.10615158081055,1.0,0.0,0.18518518518518517,0.1802120141342756,0.0,1.0,0.0,1.0,0.0,0.0,0.0,70.0,0.0,4.1,0.85,45.8,42.6,140.0,457.0,65.9,4.2,0.0,1417.0,0.2,1.0,0.05,0.05,88.0,88.0,30.0,2.0,87.36173509536584,2.6382649046341515,92.82609775077628,3.7911027522802585,11.854882254177147,3.2454208738941066,1.0,0.0,1.0,0.18518518518518517,14.0,21.27777777777778,77.0,100.15,0.2,0.13518359,0.12573433,285.03403,0.16301787,0.16301787,0.794,0.0035,0.4,0.8,6.4,30.2,67.6,43.3,43.3,False,77.0,65.1,0.2,0.0,87.4,100.0,False,50.0,1.2,1.2,0.0,10.2,2026-09-25T07:00,interpolated_hourly,0,E,"sun low 3° (E) — face E, lift torso ~87° toward the sun if comfortable",,,,not specified,Environmental scores are skin-type independent.,not personalized
2026-09-25 07:30:00,1.0,103.75,200.95,34.03202,-118.52633,86.0,42.10615158081055,1.0,0.0,0.34494291421555157,0.3419160273393649,0.3382352941176471,0.6617647058823529,0.3381253594019551,0.6618746405980449,0.5,0.0,1.4210854715202004e-14,70.0,0.0,33.25,0.925,47.4,44.650000000000006,144.0,457.5,63.75,4.5,3.0,1421.0,0.195,1.0,0.32499999999999996,0.32499999999999996,88.0,88.0,30.0,1.5,81.30050501692949,8.699494983070513,97.16553598013519,82.59977954010952,199.12790201573466,33.102752763905855,51.5,230.25000000000003,17.0,0.34494291421555157,22.0,21.77777777777778,74.0,100.16499999999999,0.195,0.13477838,0.12531638,285.25687,0.16295257,0.16295257,2.4464230494124264,0.01835699424545658,2.1354097315377008,9.4,25.300000000000004,34.7,53.25,41.2,41.2,False,74.0,65.25,0.7,0.0,81.3,100.0,False,50.0,5.3,5.3,0.21698574758222908,69.34356942214438,2026-09-25T07:30,interpolated_hourly,0,E,"sun low 9° (E) — face E, lift torso ~81° toward the sun if comfortable",,,,not specified,Environmental scores are skin-type independent.,not personalized
2026-09-25 08:00:00,1.0,202.1,345.3,34.03202,-118.52633,86.0,42.10615158081055,1.0,0.0,0.5047006432459179,0.5036200405444541,0.6764705882352942,0.3235294117647059,0.6762507188039102,0.3237492811960897,1.0,0.0,2.842170943040401e-14,70.0,0.0,62.4,1.0,49.0,46.7,148.0,458.0,61.6,4.8,6.0,1425.0,0.19,1.0,0.6,0.6,88.0,88.0,30.0,1.0,75.23927493849312,14.760725061506875,101.5049742094941,161.4084563279388,386.4009217772922,62.960084653917605,102.0,460.5,33.0,0.5047006432459179,30.0,22.277777777777775,71.0,100.17999999999999,0.19,0.13437319,0.12489845,285.4797,0.16288728,0.16288728,5.700999999999999,0.038799999999999994,4.956573696695483,18.0,44.2,39.2,38.9,39.1,39.1,False,71.0,65.4,1.2,0.0,75.2,100.0,False,50.0,10.2,10.2,0.49999999999999994,173.89999999999998,2026-09-25T08:00,interpolated_hourly,1,ESE,"sun low 15° (ESE) — face ESE, lift torso ~75° toward the sun if comfortable",,,,not specified,Environmental scores are skin-type independent.,not personalized
2026-09-25 08:30:00,1.0,341.15,477.4,34.03202,-118.52633,86.0,42.10615158081055,1.0,0.0,0.5761737285367449,0.5755179776143107,0.7433799886514092,0.2566200113485909,0.7432191252407792,0.25678087475922073,1.0,0.0,1.4210854715202004e-14,72.0,0.0,68.5,1.0,45.0,41.5,149.0,457.0,57.5,5.5,14.5,1422.0,0.185,1.0,1.275,1.2999999999999998,87.5,87.5,30.0,1.0,69.2978461189287,20.702153881071297,106.39109811716827,266.18645571931904,497.9145805503,80.3165421562806,206.5,586.6,46.0,0.5761737285367449,21.5,22.944444444444443,68.0,100.19500000000001,0.185,0.13504197,0.12544861,285.74933,0.16290236,0.16290236,11.160899037316485,0.1408683628168139,10.245045182820268,27.1,45.5,45.25,38.599999999999994,42.95,42.95,False,68.0,65.75,2.0,0.0,69.3,100.0,False,50.0,17.1,17.1,1.1356369943171114,277.19401934095333,2026-09-25T08:30,interpolated_hourly,1,ESE,"sun low 21° (ESE) — face ESE, lift torso ~69° toward the sun if comfortable",,,,not specified,Environmental scores are skin-type independent.,not personalized
2026-09-25 09:00:00,1.0,480.2,609.5,34.03202,-118.52633,86.0,42.10615158081055,1.0,0.0,0.6476468138275718,0.6474159146841674,0.8102893890675241,0.18971061093247588,0.8101875316776481,0.18981246832235174,1.0,0.0,0.0,74.0,0.0,74.6,1.0,41.0,36.3,150.0,456.0,53.4,6.2,23.0,1419.0,0.18,1.0,1.95,2.0,87.0,87.0,30.0,1.0,63.35641729936428,26.643582700635715,111.27722202484244,370.96445511069925,609.4282393233078,97.67299965864362,311.0,712.7,59.0,0.6476468138275718,13.0,23.61111111111111,65.0,100.21000000000001,0.18,0.13571075,0.12599877,286.01895,0.16291744,0.16291744,17.189,0.2465,16.0,36.2,46.8,51.3,38.3,46.8,46.8,False,65.0,66.1,2.8,0.0,63.4,100.0,False,50.0,23.7,23.7,1.8,394.6,2026-09-25T09:00,interpolated_hourly,0,ESE,"sun low 27° (ESE) — face ESE, lift torso ~63° toward the sun if comfortable",,,,not specified,Environmental scores are skin-type independent.,not personalized
2026-09-25 09:30:00,1.0,602.35,720.35,34.03202,-118.52633,86.0,42.10615158081055,1.0,0.0,0.6771705428696175,0.6769923654267805,0.835808757033762,0.16419124296623794,0.83570844317579,0.1642064214589794,1.0,0.0,0.049999999999954525,72.0,0.0,79.55,1.0,39.15,34.2,150.0,454.5,48.25,7.15,34.5,1412.0,0.175,1.0,2.95,3.0,87.0,87.0,30.0,1.5,57.84111477024736,32.15888522975264,117.29648115080224,463.5000390989102,663.17600527079,107.77297250299702,411.5,770.0,65.0,0.6771705428696175,9.5,24.38888888888889,61.0,100.215,0.175,0.13697676,0.12710175,286.20187,0.16292444,0.16292444,22.985376429390744,0.42979316369380827,22.08412205590233,44.5,43.75,56.099999999999994,39.25,50.25,50.25,False,61.0,66.35,3.0999999999999996,0.0,57.8,100.0,False,50.0,29.7,29.7,2.62770945544718,491.96401421263334,2026-09-25T09:30,interpolated_hourly,0,ESE,"sun 32° up (ESE) — lay flat, or lift torso ~58° toward ESE to face it",,,,not specified,Environmental scores are skin-type independent.,not personalized
2026-09-25 10:00:00,1.0,724.5,831.2,34.03202,-118.52633,86.0,42.10615158081055,1.0,0.0,0.7066942719116632,0.7065688161693936,0.861328125,0.138671875,0.8612293546739317,0.13860037459560703,1.0,0.0,0.09999999999990905,70.0,0.0,84.5,1.0,37.3,32.1,150.0,453.0,43.1,8.1,46.0,1405.0,0.17,1.0,3.95,4.0,87.0,87.0,30.0,2.0,52.32581224113043,37.67418775886957,123.31574027676203,556.0356230871212,716.9237712182722,117.87294534735042,512.0,827.3,71.0,0.7066942719116632,6.0,25.166666666666668,57.0,100.22,0.17,0.13824278,0.12820473,286.3848,0.16293144,0.16293144,28.687,0.6122,28.1,52.8,40.7,60.9,40.2,53.7,53.7,False,57.0,66.6,3.4,0.0,52.3,100.0,False,50.0,35.3,35.3,3.45,587.3,2026-09-25T10:00,interpolated_hourly,0,ESE,"sun 38° up (ESE) — lay flat, or lift torso ~52° toward ESE to face it",,,,not specified,Environmental scores are skin-type independent.,not personalized
2026-09-25 10:30:00,1.0,821.55,913.3,34.03202,-118.52633,86.0,42.10615158081055,0.9702970297029704,0.02970297029702967,0.6951716515229991,0.695056559983431,0.7809825338375795,0.21901746616242038,0.7809233193122744,0.21899154532249487,1.0,0.0,0.049999999999954525,78.0,3.0,84.55,1.0,37.05,31.75,148.5,451.0,38.7,8.75,56.5,1399.0,0.17,1.0,5.0,5.05,86.5,86.5,30.0,3.0,47.65040027132649,42.34959972867351,131.28919764534314,625.5864666736509,744.4676910778318,124.08345947405945,570.0,739.3,129.5,0.6951716515229991,53.0,25.888888888888893,53.5,100.21000000000001,0.17,0.13907614,0.12891264,286.4317,0.16293144,0.16293144,33.54384435031812,0.8040957031563224,33.19570181004453,59.199999999999996,32.75,69.5,38.3,58.6,58.6,False,53.5,66.75,3.7,0.0,47.7,100.0,False,50.0,39.4,39.4,4.120990478676152,640.3567672032386,2026-09-25T10:30,interpolated_hourly,0,SE,"sun 42° up (SE) — lay flat, or lift torso ~48° toward SE to face it",,,,not specified,Environmental scores are skin-type independent.,not personalized
2026-09-25 11:00:00,1.0,918.6,995.4,34.03202,-118.52633,86.0,42.10615158081055,0.9405940594059407,0.05940594059405935,0.6836490311343348,0.6835443037974683,0.7006369426751592,0.29936305732484075,0.7006172839506173,0.2993827160493827,1.0,0.0,0.0,86.0,6.0,84.6,1.0,36.8,31.4,147.0,449.0,34.3,9.4,67.0,1393.0,0.17,1.0,6.05,6.1,86.0,86.0,30.0,4.0,42.97498830152255,47.02501169847745,139.26265501392425,695.1373102601807,772.0116109373913,130.29397360076848,628.0,651.3,188.0,0.6836490311343348,100.0,26.611111111111114,50.0,100.2,0.17,0.13990952,0.12962055,286.4786,0.16293144,0.16293144,37.719,0.9878,37.7,65.6,24.8,78.1,36.4,63.5,63.5,False,50.0,66.9,4.0,0.0,43.0,100.0,False,50.0,42.5,42.5,4.75,680.4,2026-09-25T11:00,interpolated_hourly,3,SE,"sun 47° up (SE) — lay flat, or lift torso ~43° toward SE to face it",,,,not specified,Environmental scores are skin-type independent.,not personalized
2026-09-25 11:30:00,1.0,983.8,1043.05,34.03202,-118.52633,86.0,42.10615158081055,0.9138454167997445,0.08615458320025549,0.6654660789608757,0.6653716751406888,0.6441329043272703,0.3558670956727296,0.6441179634089396,0.35588203659106055,1.0,0.0,-5.684341886080802e-14,90.0,21.0,83.19999999999999,1.0,36.4,31.0,144.0,447.5,31.45,9.600000000000001,74.5,1390.0,0.155,1.0,6.775,6.8,86.0,86.0,29.5,6.0,39.845847333146764,50.154152666853236,149.962847192747,735.7554102327338,784.8898179848081,133.58777738820083,653.5,584.3,234.0,0.6654660789608757,100.0,27.194444444444446,47.0,100.19,0.155,0.14094597,0.13053277,286.45612,0.1629022,0.1629022,40.33884868272638,1.100417387434684,40.57507596660713,69.85,20.15,85.35,35.8,68.0,68.0,False,47.0,66.9,4.05,0.0,39.8,100.0,False,50.0,44.3,44.3,5.150590538931236,700.0894605381154,2026-09-25T11:30,interpolated_hourly,3,SSE,"sun 50° up (SSE) — lay flat, or lift torso ~40° toward SSE to face it",,,,not specified,Environmental scores are skin-type independent.,not personalized
2026-09-25 12:00:00,1.0,1049.0,1090.7,34.03202,-118.52633,86.0,42.10615158081055,0.8870967741935484,0.11290322580645162,0.6472831267874166,0.6471990464839094,0.5876288659793815,0.41237113402061853,0.5876186428672617,0.4123813571327384,1.0,0.0,-1.1368683772161603e-13,94.0,36.0,81.8,1.0,36.0,30.6,141.0,446.0,28.6,9.8,82.0,1387.0,0.14,1.0,7.5,7.5,86.0,86.0,29.0,8.0,36.716706364770985,53.283293635229015,160.66303937156977,776.3735102052868,797.7680250322248,136.8815811756332,679.0,517.3,280.0,0.6472831267874166,100.0,27.77777777777778,44.0,100.17999999999999,0.14,0.14198244,0.13144498,286.43365,0.16287297,0.16287297,42.159,1.2021,42.8,74.1,15.5,92.6,35.2,72.5,72.5,False,44.0,66.9,4.1,0.0,36.7,100.0,False,50.0,45.4,45.4,5.5,705.9,2026-09-25T12:00,interpolated_hourly,3,SSE,"sun 53° up (SSE) — lay flat, or lift torso ~37° toward SSE to face it",,,,not specified,Environmental scores are skin-type independent.,not personalized
2026-09-25 12:30:00,1.0,1078.0,1100.65,34.03202,-118.52633,86.0,42.10615158081055,0.9028076463560335,0.09719235364396656,0.6655566492112331,0.6654867913853006,0.6167999019460976,0.3832000980539024,0.616827493674874,0.3832383477789054,1.0,0.0,-0.05000000000006821,97.0,63.0,84.69999999999999,1.0,35.25,29.950000000000003,137.5,444.0,26.55,9.75,88.0,1384.5,0.135,1.0,7.6,7.6,86.0,86.0,29.0,10.5,36.00413651156439,53.99586348843561,173.43298861483356,784.8804994876969,800.2294644267004,137.54729232424364,718.0,559.15,274.0,0.6655566492112331,100.0,28.194444444444443,42.5,100.155,0.135,0.14343077,0.13275772,286.4984,0.16292381,0.16292381,44.69206164341998,1.2870335450794936,45.51810573878891,78.3,22.95,92.9,35.150000000000006,72.7,72.7,False,42.5,67.0,5.05,0.0,36.0,100.0,False,50.0,49.5,49.5,5.874801996500497,738.8755393271349,2026-09-25T12:30,interpolated_hourly,3,S,"sun 54° up (S) — lay flat, or lift torso ~36° toward S to face it",,,,not specified,Environmental scores are skin-type independent.,not personalized
2026-09-25 13:00:00,1.0,1107.0,1110.6,34.03202,-118.52633,86.0,42.10615158081055,0.9185185185185185,0.08148148148148149,0.6838301716350497,0.6837745362866919,0.6459709379128138,0.35402906208718626,0.6460363444824863,0.3540953384250724,1.0,0.0,-0.10000000000002274,100.0,90.0,87.6,1.0,34.5,29.3,134.0,442.0,24.5,9.7,94.0,1382.0,0.13,1.0,7.7,7.7,86.0,86.0,29.0,13.0,35.291566658357794,54.708433341642206,186.20293785809739,793.3874887701069,802.6909038211759,138.2130034728541,757.0,601.0,268.0,0.6838301716350497,100.0,28.61111111111111,41.0,100.13,0.13,0.1448791,0.13407046,286.56314,0.16297466,0.16297466,46.472,1.3611,47.6,82.5,30.4,93.2,35.1,72.9,72.9,False,41.0,67.1,6.0,0.0,35.3,100.0,False,50.0,52.7,52.7,6.2,759.4,2026-09-25T13:00,interpolated_hourly,3,S,"sun 55° up (S) — lay flat, or lift torso ~35° toward S to face it",,,,not specified,Environmental scores are skin-type independent.,not personalized
2026-09-25 13:30:00,1.0,1097.7,1082.25,34.03202,-118.52633,86.0,42.10615158081055,0.9327441077441078,0.06725589225589224,0.7016174011427729,0.7015039300657295,0.6901629913063431,0.309837008693657,0.6902345310802933,0.30989727343417206,1.0,0.0,-0.10000000000002274,95.0,53.0,89.69999999999999,1.0,32.9,27.9,130.5,441.0,22.55,9.45,98.5,1380.0,0.125,1.0,7.15,7.15,86.0,86.0,29.5,15.5,37.26569462245408,52.73430537754592,198.22037516401065,769.1297980339984,795.466605768525,136.29374366137125,770.0,659.95,238.0,0.7016174011427729,100.0,28.38888888888889,42.5,100.10499999999999,0.125,0.14329651,0.13253078,286.64264,0.16306874,0.16306874,47.014361323036056,1.3269076113274514,48.13151912618255,82.85,44.2,92.2,35.45,72.35,72.35,False,42.5,67.3,7.0,0.0,37.3,100.0,False,50.0,55.0,55.0,6.25425901454788,765.8489106029448,2026-09-25T13:30,interpolated_hourly,3,SSW,"sun 53° up (SSW) — lay flat, or lift torso ~37° toward SSW to face it",,,,not specified,Environmental scores are skin-type independent.,not personalized
2026-09-25 14:00:00,1.0,1088.4,1053.9,34.03202,-118.52633,86.0,42.10615158081055,0.946969696969697,0.05303030303030298,0.7194046306504961,0.719233323844767,0.7343550446998723,0.2656449553001277,0.7344327176781004,0.2656992084432718,1.0,0.0,-0.10000000000002274,90.0,16.0,91.8,1.0,31.3,26.5,127.0,440.0,20.6,9.2,103.0,1378.0,0.12,1.0,6.6,6.6,86.0,86.0,30.0,18.0,39.23982258655036,50.76017741344964,210.23781246992388,744.8721072978899,788.2423077158743,134.3744838498884,783.0,718.9,208.0,0.7194046306504961,100.0,28.166666666666668,44.0,100.08,0.12,0.14171393,0.1309911,286.72214,0.16316283,0.16316283,46.679,1.2803,47.9,83.2,58.0,91.2,35.8,71.8,71.8,False,44.0,67.5,8.0,0.0,39.2,100.0,False,50.0,56.4,56.4,6.25,758.0,2026-09-25T14:00,interpolated_hourly,3,SSW,"sun 51° up (SSW) — lay flat, or lift torso ~39° toward SSW to face it",,,,not specified,Environmental scores are skin-type independent.,not personalized
2026-09-25 14:30:00,1.0,1041.5500000000002,989.0500000000001,34.03202,-118.52633,86.0,42.10615158081055,0.9604413702239789,0.03955862977602109,0.7221231457263739,0.7219841148546492,0.7700901437091594,0.22990985629084054,0.7701724651394384,0.22996814707024743,1.0,0.0,-0.10000000000002274,90.0,11.0,91.9,1.0,29.9,25.2,124.5,439.5,18.15,8.649999999999999,107.0,1375.5,0.12,1.0,5.574999999999999,5.6,86.0,86.0,30.0,21.0,43.225734255074585,46.774265744925415,219.5656412551551,689.7046077969435,769.1065939701402,129.7311293004266,752.0,757.0,174.0,0.7221231457263739,58.5,27.63888888888889,46.5,100.055,0.12,0.14198141,0.13123527,286.76068,0.16328633,0.16328633,44.21104908609258,1.1268960031074253,45.49656663813185,78.25,63.1,75.3,40.5,63.099999999999994,63.099999999999994,False,46.5,67.4,8.2,0.0,43.2,100.0,False,50.0,53.6,53.6,5.9516502370294555,720.3365880628422,2026-09-25T14:30,interpolated_hourly,3,SW,"sun 47° up (SW) — lay flat, or lift torso ~43° toward SW to face it",,,,not specified,Environmental scores are skin-type independent.,not personalized
2026-09-25 15:00:00,1.0,994.7,924.2,34.03202,-118.52633,86.0,42.10615158081055,0.9739130434782608,0.026086956521739202,0.7248416608022519,0.7247349058645314,0.8058252427184466,0.1941747572815534,0.8059122126007764,0.19423708569722306,1.0,0.0,-0.10000000000002274,90.0,6.0,92.0,1.0,28.5,23.9,122.0,439.0,15.7,8.1,111.0,1373.0,0.12,1.0,4.55,4.6,86.0,86.0,30.0,24.0,47.2116459235988,42.7883540764012,228.89347004038632,634.5371082959971,749.9708802244062,125.0877747509648,721.0,795.1,140.0,0.7248416608022519,17.0,27.11111111111111,49.0,100.03,0.12,0.14224888,0.13147944,286.79922,0.16340983,0.16340983,40.953,0.9634,42.4,73.3,68.2,59.4,45.2,54.4,54.4,False,49.0,67.3,8.4,0.0,47.2,100.0,False,50.0,50.1,50.1,5.6,669.8,2026-09-25T15:00,interpolated_hourly,0,SW,"sun 43° up (SW) — lay flat, or lift torso ~47° toward SW to face it",,,,not specified,Environmental scores are skin-type independent.,not personalized
2026-09-25 15:30:00,1.0,913.4000000000001,827.4000000000001,34.03202,-118.52633,86.0,42.10615158081055,0.9869565217391304,0.013043478260869601,0.7277615346434045,0.7276151945145268,0.8420573582013285,0.15794264179867143,0.842060472048936,0.15801417710006366,1.0,0.0,-0.05000000000001137,76.0,3.0,89.8,1.0,27.4,22.799999999999997,120.0,439.5,13.399999999999999,7.4,113.5,1371.0,0.11499999999999999,1.5,3.5,3.55,86.0,86.0,30.0,27.5,52.3627117889142,37.6372882110858,235.80366825072477,552.8984862252332,711.9434563473947,117.19475180526578,664.5,834.5,107.0,0.7277615346434045,13.0,26.861111111111114,49.5,100.00999999999999,0.11499999999999999,0.14025055,0.1296214,286.68585,0.16350392,0.16350392,36.67436715982173,0.781849065183035,37.944170064526354,65.7,79.4,52.7,45.05,50.0,50.0,False,49.5,67.1,7.85,0.0,52.4,100.0,False,50.0,46.2,46.2,4.998007194713265,607.3285294371578,2026-09-25T15:30,interpolated_hourly,0,SW,"sun 38° up (SW) — lay flat, or lift torso ~52° toward SW to face it",,,,not specified,Environmental scores are skin-type independent.,not personalized
2026-09-25 16:00:00,1.0,832.1,730.6,34.03202,-118.52633,86.0,42.10615158081055,1.0,0.0,0.7306814084845571,0.7304954831645224,0.8782894736842105,0.12171052631578948,0.8782087314970957,0.12179126850290424,1.0,0.0,0.0,62.0,0.0,87.6,1.0,26.3,21.7,118.0,440.0,11.1,6.7,116.0,1369.0,0.11,2.0,2.45,2.5,86.0,86.0,30.0,31.0,57.513777654229585,32.486222345770415,242.71386646106322,471.2598641544693,673.9160324703832,109.30172885956677,608.0,873.9,74.0,0.7306814084845571,9.0,26.611111111111114,50.0,99.99,0.11,0.13825221,0.12776336,286.5725,0.163598,0.163598,31.722,0.5931,32.9,58.1,90.6,46.0,44.9,45.6,45.6,False,50.0,66.9,7.3,0.0,57.5,100.0,False,50.0,41.6,41.6,4.35,533.7,2026-09-25T16:00,interpolated_hourly,0,WSW,"sun 32° up (WSW) — lay flat, or lift torso ~58° toward WSW to face it",,,,not specified,Environmental scores are skin-type independent.,not personalized
2026-09-25 16:30:00,1.0,721.9499999999999,608.35,34.03202,-118.52633,86.0,42.10615158081055,1.0,0.0,0.7028693083612717,0.7026268816768919,0.8495563591181343,0.15044364088186568,0.8494702194070844,0.15052978059291552,1.0,0.0,0.0,62.0,0.0,80.55,1.0,25.1,20.549999999999997,125.25,440.0,10.2,6.050000000000001,115.5,1368.0,0.10500000000000001,2.0,1.675,1.7,86.5,86.5,30.0,34.0,63.27722701906707,26.72277298093293,248.09236236859994,370.9358649630914,598.4395946902923,96.42350937868444,510.5,814.4499999999999,74.0,0.7028693083612717,7.5,26.111111111111114,52.0,99.97,0.10500000000000001,0.136,0.12569098,286.34595,0.16332686,0.16332686,25.93219091359237,0.41243445937157347,26.72161283979107,49.5,94.85,37.55,42.25,39.2,39.2,False,52.0,66.65,7.15,0.0,63.3,100.0,False,50.0,35.2,35.2,3.5015660589460453,431.23564997187356,2026-09-25T16:30,interpolated_hourly,0,WSW,"sun low 27° (WSW) — face WSW, lift torso ~63° toward the sun if comfortable",,,,not specified,Environmental scores are skin-type independent.,not personalized
2026-09-25 17:00:00,1.0,611.8,486.1,34.03202,-118.52633,86.0,42.10615158081055,1.0,0.0,0.6750572082379863,0.6747582801892614,0.8208232445520581,0.1791767554479419,0.8207317073170731,0.17926829268292682,1.0,0.0,0.0,62.0,0.0,73.5,1.0,23.9,19.4,132.5,440.0,9.3,5.4,115.0,1367.0,0.1,2.0,0.9,0.9,87.0,87.0,30.0,37.0,69.04067638390455,20.959323616095443,253.47085827613665,270.6118657717134,522.9631569102015,83.54528989780212,413.0,755.0,74.0,0.6750572082379863,6.0,25.61111111111111,54.0,99.95,0.1,0.13374779,0.123618595,286.11942,0.16305572,0.16305572,20.096,0.2314,20.5,40.9,99.1,29.1,39.6,32.8,32.8,False,54.0,66.4,7.0,0.0,69.0,100.0,False,50.0,28.6,28.6,2.65,328.0,2026-09-25T17:00,interpolated_hourly,0,WSW,"sun low 21° (WSW) — face WSW, lift torso ~69° toward the sun if comfortable",,,,not specified,Environmental scores are skin-type independent.,not personalized
2026-09-25 17:30:00,1.0,480.2,346.70000000000005,34.03202,-118.52633,86.0,42.10615158081055,1.0,0.0,0.6243903367638584,0.6236791883338975,0.790411622276029,0.20958837772397093,0.7903153060595476,0.20968469394045247,1.0,0.0,0.0,61.0,0.0,65.45,1.0,22.6,18.299999999999997,140.25,440.0,10.05,4.95,110.5,1366.5,0.095,2.0,0.525,0.525,87.0,87.0,30.0,40.0,75.09356430165346,14.906435698346531,258.02264699808325,168.5044257502278,361.6775325303062,59.55004336472938,306.5,674.9,61.0,0.6243903367638584,8.0,25.305555555555557,55.5,99.95500000000001,0.095,0.1321736,0.1221807,286.06482,0.16305572,0.16305572,13.52888381518764,0.1337789786585461,14.029031419209769,31.4,99.55,29.1,45.25,34.75,34.75,False,55.5,66.35,6.5,0.0,75.1,100.0,False,50.0,22.1,22.1,1.8532366825620534,218.19519804470949,2026-09-25T17:30,interpolated_hourly,0,WSW,"sun low 15° (WSW) — face WSW, lift torso ~75° toward the sun if comfortable",,,,not specified,Environmental scores are skin-type independent.,not personalized
2026-09-25 18:00:00,1.0,348.6,207.3,34.03202,-118.52633,86.0,42.10615158081055,1.0,0.0,0.5737234652897303,0.5726000964785335,0.76,0.24,0.7598989048020219,0.2401010951979781,1.0,0.0,0.0,60.0,0.0,57.4,1.0,21.3,17.2,148.0,440.0,10.8,4.5,106.0,1366.0,0.09,2.0,0.15,0.15,87.0,87.0,30.0,43.0,81.14645221940238,8.853547780597617,262.5744357200299,66.3969857287422,200.3919081504109,35.554796831656645,200.0,594.8,48.0,0.5737234652897303,10.0,25.0,57.0,99.96000000000001,0.09,0.13059942,0.12074281,286.01022,0.16305572,0.16305572,7.601,0.0393,8.1,21.9,100.0,29.1,50.9,36.7,36.7,False,57.0,66.3,6.0,0.0,81.1,100.0,False,50.0,15.2,15.2,1.1,118.7,2026-09-25T18:00,interpolated_hourly,0,W,"sun low 9° (W) — face W, lift torso ~81° toward the sun if comfortable",,,,not specified,Environmental scores are skin-type independent.,not personalized
2026-09-25 18:30:00,1.0,211.0,103.65,34.03202,-118.52633,86.0,42.10615158081055,1.0,0.0,0.4912214056693883,0.5584572934618635,0.6799999999999999,0.32,0.730672023848098,0.269327976151902,0.851575,0.0,0.0,67.0,0.0,47.0,1.0,20.700000000000003,16.75,159.15,440.0,12.95,4.15,99.0,1366.5,0.08499999999999999,1.5,0.075,0.075,86.5,86.5,30.0,44.5,87.4022873280227,2.597712671977302,266.7990338437006,33.1984928643711,100.19595407520545,17.777398415828323,115.0,389.65,30.0,0.4912214056693883,10.0,24.75,58.5,99.97,0.08499999999999999,0.13077044,0.12092614,285.7461,0.16306287,0.16306287,2.66035,0.016440369521394587,3.278906393678924,11.35,66.1,29.00769230769231,51.503846153846155,36.853846153846156,36.853846153846156,False,58.5,66.3,5.45,0.0,87.4,100.0,False,50.0,7.7,7.7,0.5229125165837973,33.98250129327379,2026-09-25T18:30,interpolated_hourly,0,W,"sun low 3° (W) — face W, lift torso ~87° toward the sun if comfortable",,,,not specified,Environmental scores are skin-type independent.,not personalized
2026-09-25 19:00:00,0.0,73.4,0.0,34.03202,-118.52633,86.0,42.10615158081055,1.0,0.0,0.4087193460490463,0.5443144904451934,0.6,0.4,0.7014451428941741,0.2985548571058259,0.70315,0.0,0.0,74.0,0.0,36.6,1.0,20.1,16.3,170.3,440.0,15.1,3.8,92.0,1367.0,0.08,1.0,0.0,0.0,86.0,86.0,30.0,46.0,93.65812243664301,-3.6581224366430147,271.02363196737133,0.0,0.0,0.0,30.0,184.5,12.0,0.4087193460490463,10.0,24.499999999999996,60.0,99.97999999999999,0.08,0.13094145,0.12110948,285.48193,0.16307002,0.16307002,0.0,0.0,0.0,0.8,32.2,28.915384615384617,52.107692307692304,37.00769230769231,37.00769230769231,False,60.0,66.3,4.9,0.0,,100.0,False,50.0,0.0,0.0,0.0,0.0,2026-09-25T19:00,interpolated_hourly,0,W,sun below horizon — no direct-sun posture,,,,not specified,Environmental scores are skin-type independent.,not personalized
2026-09-25 19:30:00,0.0,36.7,0.0,34.03202,-118.52633,86.0,42.10615158081055,0.9961538461538462,0.0038461538461538455,0.4003699288525583,0.5301716874285234,0.575,0.42500000000000004,0.6722182619402501,0.32778173805974986,0.351575,0.0,0.0,72.0,1.0,18.3,0.8,20.1,16.4,185.15,440.0,18.95,3.5999999999999996,84.0,1367.0,0.08,1.0,0.0,0.0,86.0,86.0,30.0,46.5,99.84676691466356,-9.846766914663569,275.33321718013127,0.0,0.0,0.0,15.0,92.25,6.0,0.4003699288525583,10.5,24.38888888888889,61.0,100.0,0.08,0.1320386,0.122145094,285.23834,0.16306287,0.16306287,0.0,0.0,0.0,0.4,30.736363636363638,28.823076923076925,52.71153846153846,37.16153846153846,37.16153846153846,False,61.0,66.4,4.15,0.0,,100.0,False,50.0,0.0,0.0,0.0,0.0,2026-09-25T19:30,interpolated_hourly,0,W,sun below horizon — no direct-sun posture,,,,not specified,Environmental scores are skin-type independent.,not personalized
2026-09-25 20:00:00,0.0,0.0,0.0,34.03202,-118.52633,86.0,42.10615158081055,0.9923076923076923,0.007692307692307691,0.3920205116560702,0.5160288844118534,0.5499999999999999,0.45,0.6429913809863262,0.35700861901367376,0.0,0.0,0.0,70.0,2.0,0.0,0.6,20.1,16.5,200.0,440.0,22.8,3.4,76.0,1367.0,0.08,1.0,0.0,0.0,86.0,86.0,30.0,47.0,106.03541139268413,-16.035411392684125,279.6428023928912,0.0,0.0,0.0,0.0,0.0,0.0,0.3920205116560702,11.0,24.277777777777782,62.0,100.02000000000001,0.08,0.13313574,0.12318071,284.99475,0.16305572,0.16305572,0.0,0.0,0.0,0.0,29.272727272727273,28.730769230769234,53.315384615384616,37.315384615384616,37.315384615384616,False,62.0,66.5,3.4,0.0,,100.0,False,50.0,0.0,0.0,0.0,0.0,2026-09-25T20:00,interpolated_hourly,0,W,sun below horizon — no direct-sun posture,,,,not specified,Environmental scores are skin-type independent.,not personalized
2026-09-25 20:30:00,0.0,0.0,0.0,34.03202,-118.52633,86.0,42.10615158081055,0.9884615384615385,0.011538461538461537,0.3836710944595822,0.5018860813951833,0.525,0.47500000000000003,0.6137645000324023,0.38623549996759765,0.0,0.0,0.0,52.0,1.0,0.0,0.6,20.4,16.9,209.0,440.0,29.75,3.4,67.0,1367.0,0.08499999999999999,1.0,0.0,0.0,86.0,86.0,30.0,47.0,112.05538475400266,-22.055384754002663,284.48333060721427,0.0,0.0,0.0,0.0,0.0,0.0,0.3836710944595822,55.5,24.277777777777782,62.0,100.04500000000002,0.08499999999999999,0.13532735,0.12526917,284.82635,0.16305572,0.16305572,0.0,0.0,0.0,0.0,27.809090909090912,28.638461538461538,53.919230769230765,37.46923076923077,37.46923076923077,False,62.0,66.5,3.55,0.0,,100.0,False,50.0,0.0,0.0,0.0,0.0,2026-09-25T20:30,interpolated_hourly,0,WNW,sun below horizon — no direct-sun posture,,,,not specified,Environmental scores are skin-type independent.,not personalized
2026-09-25 21:00:00,0.0,0.0,0.0,34.03202,-118.52633,86.0,42.10615158081055,0.9846153846153847,0.015384615384615382,0.3753216772630942,0.48774327837851333,0.5,0.5,0.5845376190784785,0.4154623809215216,0.0,0.0,0.0,34.0,0.0,0.0,0.6,20.7,17.3,218.0,440.0,36.7,3.4,58.0,1367.0,0.09,1.0,0.0,0.0,86.0,86.0,30.0,47.0,118.0753581153212,-28.0753581153212,289.3238588215374,0.0,0.0,0.0,0.0,0.0,0.0,0.3753216772630942,100.0,24.277777777777782,62.0,100.07000000000001,0.09,0.13751897,0.12735763,284.65796,0.16305572,0.16305572,0.0,0.0,0.0,0.0,26.345454545454547,28.546153846153846,54.52307692307692,37.62307692307692,37.62307692307692,False,62.0,66.5,3.7,0.0,,100.0,False,50.0,0.0,0.0,0.0,0.0,2026-09-25T21:00,interpolated_hourly,3,WNW,sun below horizon — no direct-sun posture,,,,not specified,Environmental scores are skin-type independent.,not personalized
2026-09-25 21:30:00,0.0,0.0,0.0,34.03202,-118.52633,86.0,42.10615158081055,0.9807692307692307,0.01923076923076923,0.3669722600666061,0.4736004753618433,0.475,0.525,0.5553107381245546,0.44468926187544555,0.0,0.0,0.0,43.0,0.0,0.0,0.6,21.799999999999997,18.4,229.5,440.0,45.400000000000006,3.5999999999999996,48.0,1367.0,0.09,1.0,0.0,0.0,86.0,86.0,30.0,46.0,123.70186091736326,-33.70186091736326,295.3104333425092,0.0,0.0,0.0,0.0,0.0,0.0,0.3669722600666061,100.0,23.97222222222222,63.5,100.08500000000001,0.09,0.14106938,0.13064845,284.31982,0.16305572,0.16305572,0.0,0.0,0.0,0.0,24.881818181818183,28.453846153846154,55.12692307692308,37.77692307692308,37.77692307692308,False,63.5,66.4,4.0,0.0,,100.0,False,50.0,0.0,0.0,0.0,0.0,2026-09-25T21:30,interpolated_hourly,3,WNW,sun below horizon — no direct-sun posture,,,,not specified,Environmental scores are skin-type independent.,not personalized
2026-09-25 22:00:00,0.0,0.0,0.0,34.03202,-118.52633,86.0,42.10615158081055,0.9769230769230769,0.023076923076923075,0.3586228428701181,0.45945767234517326,0.44999999999999996,0.55,0.5260838571706306,0.47391614282936945,0.0,0.0,0.0,52.0,0.0,0.0,0.6,22.9,19.5,241.0,440.0,54.1,3.8,38.0,1367.0,0.09,1.0,0.0,0.0,86.0,86.0,30.0,45.0,129.32836371940533,-39.32836371940533,301.297007863481,0.0,0.0,0.0,0.0,0.0,0.0,0.3586228428701181,100.0,23.666666666666664,65.0,100.1,0.09,0.14461981,0.13393927,283.9817,0.16305572,0.16305572,0.0,0.0,0.0,0.0,23.41818181818182,28.361538461538462,55.730769230769226,37.930769230769236,37.930769230769236,False,65.0,66.3,4.3,0.0,,100.0,False,50.0,0.0,0.0,0.0,0.0,2026-09-25T22:00,interpolated_hourly,3,WNW,sun below horizon — no direct-sun posture,,,,not specified,Environmental scores are skin-type independent.,not personalized
2026-09-25 22:30:00,0.0,0.0,0.0,34.03202,-118.52633,86.0,42.10615158081055,0.9730769230769231,0.026923076923076918,0.35027342567363,0.4453148693285033,0.425,0.575,0.49685697621670666,0.5031430237832933,0.0,0.0,0.0,50.0,0.0,0.0,0.6,24.2,20.85,252.0,440.0,60.900000000000006,3.9499999999999997,30.0,1367.0,0.095,1.0,0.0,0.0,86.0,86.0,30.0,43.0,134.1557289216679,-44.1557289216679,309.34656772937893,0.0,0.0,0.0,0.0,0.0,0.0,0.35027342567363,100.0,23.527777777777775,65.5,100.1,0.095,0.14909704,0.13809419,283.49915,0.16305572,0.16305572,0.0,0.0,0.0,0.0,21.954545454545457,28.26923076923077,56.33461538461538,38.08461538461539,38.08461538461539,False,65.5,66.15,4.3,0.0,,100.0,False,50.0,0.0,0.0,0.0,0.0,2026-09-25T22:30,interpolated_hourly,3,NW,sun below horizon — no direct-sun posture,,,,not specified,Environmental scores are skin-type independent.,not personalized
2026-09-25 23:00:00,0.0,0.0,0.0,34.03202,-118.52633,86.0,42.10615158081055,0.9692307692307692,0.030769230769230764,0.341924008477142,0.43117206631183325,0.4,0.6,0.46763009526278276,0.5323699047372172,0.0,0.0,0.0,48.0,0.0,0.0,0.6,25.5,22.2,263.0,440.0,67.7,4.1,22.0,1367.0,0.1,1.0,0.0,0.0,86.0,86.0,30.0,41.0,138.98309412393047,-48.983094123930464,317.3961275952769,0.0,0.0,0.0,0.0,0.0,0.0,0.341924008477142,100.0,23.388888888888886,66.0,100.1,0.1,0.15357427,0.14224912,283.01663,0.16305572,0.16305572,0.0,0.0,0.0,0.0,20.490909090909092,28.176923076923078,56.93846153846154,38.23846153846154,38.23846153846154,False,66.0,66.0,4.3,0.0,,100.0,False,50.0,0.0,0.0,0.0,0.0,2026-09-25T23:00,interpolated_hourly,3,NW,sun below horizon — no direct-sun posture,,,,not specified,Environmental scores are skin-type independent.,not personalized
2026-09-25 23:30:00,0.0,0.0,0.0,34.03202,-118.52633,86.0,42.10615158081055,0.9653846153846154,0.03461538461538461,0.3335745912806539,0.4170292632951632,0.375,0.625,0.4384032143088588,0.5615967856911412,0.0,0.0,0.0,45.0,0.0,0.0,0.6,27.55,24.25,273.0,440.0,70.85,4.199999999999999,17.0,1367.0,0.11,1.0,0.0,0.0,86.0,86.0,29.5,38.5,142.2689960526638,-52.26899605266378,328.4927479382586,0.0,0.0,0.0,0.0,0.0,0.0,0.3335745912806539,82.0,23.27777777777778,66.0,100.09,0.11,0.15887776,0.1472254,282.61957,0.16305572,0.16305572,0.0,0.0,0.0,0.0,19.02727272727273,28.084615384615386,57.54230769230769,38.392307692307696,38.392307692307696,False,66.0,65.85,3.25,0.0,,100.0,False,50.0,0.0,0.0,0.0,0.0,2026-09-25T23:30,interpolated_hourly,3,NNW,sun below horizon — no direct-sun posture,,,,not specified,Environmental scores are skin-type independent.,not personalized
2026-09-26 00:00:00,0.0,0.0,0.0,34.03202,-118.52633,86.0,42.10615158081055,0.9615384615384616,0.03846153846153846,0.3252251740841659,0.4028864602784932,0.35,0.65,0.4091763333549349,0.5908236666450651,0.0,0.0,0.0,42.0,0.0,0.0,0.6,29.6,26.3,283.0,440.0,74.0,4.3,12.0,1367.0,0.12,1.0,0.0,0.0,86.0,86.0,29.0,36.0,145.5548979813971,-55.55489798139709,339.58936828124035,0.0,0.0,0.0,0.0,0.0,0.0,0.3252251740841659,64.0,23.166666666666668,66.0,100.08,0.12,0.16418126,0.15220167,282.2225,0.16305572,0.16305572,0.0,0.0,0.0,0.0,17.563636363636363,27.992307692307694,58.146153846153844,38.54615384615385,38.54615384615385,False,66.0,65.7,2.2,0.0,,100.0,False,50.0,0.0,0.0,0.0,0.0,2026-09-26T00:00,interpolated_hourly,2,NNW,sun below horizon — no direct-sun posture,,,,not specified,Environmental scores are skin-type independent.,not personalized
2026-09-26 00:30:00,0.0,0.0,0.0,34.03202,-118.52633,86.0,42.10615158081055,0.9576923076923077,0.0423076923076923,0.3168757568876779,0.38874365726182314,0.325,0.675,0.37994945240101097,0.620050547598989,0.0,0.0,0.0,42.0,0.0,0.0,0.6,31.2,27.9,293.0,440.0,75.25,4.4,9.5,1367.0,0.125,1.0,0.0,0.0,86.5,86.5,29.0,33.0,146.31853666768183,-56.31853666768184,173.1331454612093,0.0,0.0,0.0,0.0,0.0,0.0,0.3168757568876779,82.0,23.13888888888889,66.0,100.065,0.125,0.16596448,0.15385962,282.15036,0.16305572,0.16305572,0.0,0.0,0.0,0.0,16.1,27.9,58.75,38.7,38.7,False,66.0,65.6,1.9500000000000002,0.0,,100.0,False,50.0,0.0,0.0,0.0,0.0,2026-09-26T00:30,interpolated_hourly,2,S,sun below horizon — no direct-sun posture,,,,not specified,Environmental scores are skin-type independent.,not personalized
2026-09-26 01:00:00,0.0,0.0,0.0,34.03202,-118.52633,86.0,42.10615158081055,0.9538461538461539,0.04615384615384615,0.3085263396911898,0.3746008542451531,0.3,0.7,0.3507225714470871,0.6492774285529129,0.0,0.0,0.0,42.0,0.0,0.0,0.6,32.8,29.5,303.0,440.0,76.5,4.5,7.0,1367.0,0.13,1.0,0.0,0.0,87.0,87.0,29.0,30.0,147.0821753539666,-57.0821753539666,6.676922641178237,0.0,0.0,0.0,0.0,0.0,0.0,0.3085263396911898,100.0,23.11111111111111,66.0,100.05,0.13,0.16774769,0.15551758,282.07822,0.16305572,0.16305572,0.0,0.0,0.0,0.0,14.636363636363637,27.807692307692307,59.35384615384615,38.853846153846156,38.853846153846156,False,66.0,65.5,1.7,0.0,,100.0,False,50.0,0.0,0.0,0.0,0.0,2026-09-26T01:00,interpolated_hourly,3,N,sun below horizon — no direct-sun posture,,,,not specified,Environmental scores are skin-type independent.,not personalized
2026-09-26 01:30:00,0.0,0.0,0.0,34.03202,-118.52633,86.0,42.10615158081055,0.95,0.04999999999999999,0.3001769224947018,0.36045805122848307,0.27499999999999997,0.7250000000000001,0.3214956904931631,0.6785043095068369,0.0,0.0,0.0,60.0,1.0,0.0,0.6,34.349999999999994,31.05,312.5,440.0,77.3,4.6,5.0,1367.0,0.14,1.0,0.0,0.0,87.0,87.0,29.0,27.0,145.00452684131687,-55.004526841316874,19.330814732966445,0.0,0.0,0.0,0.0,0.0,0.0,0.3001769224947018,100.0,22.861111111111114,67.0,100.06,0.14,0.16659003,0.1545331,282.16107,0.16305572,0.16305572,0.0,0.0,0.0,0.0,13.172727272727276,27.715384615384615,59.957692307692305,39.00769230769231,39.00769230769231,False,67.0,65.35,2.3,0.0,,100.0,False,50.0,0.0,0.0,0.0,0.0,2026-09-26T01:30,interpolated_hourly,3,NNE,sun below horizon — no direct-sun posture,,,,not specified,Environmental scores are skin-type independent.,not personalized
2026-09-26 02:00:00,0.0,0.0,0.0,34.03202,-118.52633,86.0,42.10615158081055,0.9461538461538461,0.053846153846153835,0.2918275052982138,0.34631524821181303,0.25,0.75,0.2922688095392392,0.7077311904607608,0.0,0.0,0.0,78.0,2.0,0.0,0.6,35.9,32.6,322.0,440.0,78.1,4.7,3.0,1367.0,0.15,1.0,0.0,0.0,87.0,87.0,29.0,24.0,142.92687832866716,-52.92687832866716,31.984706824754653,0.0,0.0,0.0,0.0,0.0,0.0,0.2918275052982138,100.0,22.611111111111114,68.0,100.07000000000001,0.15,0.16543238,0.15354863,282.24393,0.16305572,0.16305572,0.0,0.0,0.0,0.0,11.70909090909091,27.623076923076923,60.56153846153846,39.16153846153846,39.16153846153846,False,68.0,65.2,2.9,0.0,,100.0,False,50.0,0.0,0.0,0.0,0.0,2026-09-26T02:00,interpolated_hourly,3,NNE,sun below horizon — no direct-sun posture,,,,not specified,Environmental scores are skin-type independent.,not personalized
2026-09-26 02:30:00,0.0,0.0,0.0,34.03202,-118.52633,86.0,42.10615158081055,0.9423076923076923,0.05769230769230768,0.2834780881017257,0.33217244519514305,0.22499999999999998,0.775,0.2630419285853153,0.7369580714146847,0.0,0.0,0.0,89.0,51.0,0.0,0.6,37.4,34.150000000000006,330.0,440.0,79.0,4.800000000000001,2.0,1367.0,0.16,1.0,0.0,0.0,87.0,87.0,29.5,21.0,138.78797508718958,-48.787975087189565,41.543272825955285,0.0,0.0,0.0,0.0,0.0,0.0,0.2834780881017257,100.0,22.5,68.0,100.065,0.16,0.15982327,0.14840311,282.3764,0.16305587,0.16305587,0.0,0.0,0.0,0.0,10.245454545454546,27.53076923076923,61.16538461538461,39.315384615384616,39.315384615384616,False,68.0,65.0,1.5999999999999999,0.0,,100.0,False,50.0,0.0,0.0,0.0,0.0,2026-09-26T02:30,interpolated_hourly,3,NE,sun below horizon — no direct-sun posture,,,,not specified,Environmental scores are skin-type independent.,not personalized
2026-09-26 03:00:00,0.0,0.0,0.0,34.03202,-118.52633,86.0,42.10615158081055,0.9384615384615385,0.06153846153846153,0.2751286709052377,0.318029642178473,0.2,0.8,0.23381504763139138,0.7661849523686086,0.0,0.0,0.0,100.0,100.0,0.0,0.6,38.9,35.7,338.0,440.0,79.9,4.9,1.0,1367.0,0.17,1.0,0.0,0.0,87.0,87.0,30.0,18.0,134.64907184571197,-44.64907184571198,51.101838827155916,0.0,0.0,0.0,0.0,0.0,0.0,0.2751286709052377,100.0,22.38888888888889,68.0,100.06,0.17,0.15421414,0.14325759,282.5089,0.16305602,0.16305602,0.0,0.0,0.0,0.0,8.781818181818181,27.43846153846154,61.76923076923077,39.46923076923077,39.46923076923077,False,68.0,64.8,0.3,0.0,,100.0,False,50.0,0.0,0.0,0.0,0.0,2026-09-26T03:00,interpolated_hourly,3,NE,sun below horizon — no direct-sun posture,,,,not specified,Environmental scores are skin-type independent.,not personalized
2026-09-26 03:30:00,0.0,0.0,0.0,34.03202,-118.52633,86.0,42.10615158081055,0.9346153846153846,0.06538461538461537,0.26677925370874966,0.303886839161803,0.175,0.825,0.2045881666774675,0.7954118333225325,0.0,0.0,0.0,82.0,54.0,0.0,0.6,40.7,37.5,346.0,440.0,80.30000000000001,4.95,0.5,1367.0,0.175,1.0,0.0,0.0,87.0,87.0,30.0,15.5,129.37432268258812,-39.374322682588115,58.034827521111936,0.0,0.0,0.0,0.0,0.0,0.0,0.26677925370874966,100.0,22.38888888888889,67.5,100.055,0.175,0.14825463,0.13777417,282.61087,0.16304138,0.16304138,0.0,0.0,0.0,0.0,7.31818181818182,27.346153846153847,62.37307692307692,39.62307692307692,39.62307692307692,False,67.5,64.69999999999999,0.3,0.0,,100.0,False,50.0,0.0,0.0,0.0,0.0,2026-09-26T03:30,interpolated_hourly,3,ENE,sun below horizon — no direct-sun posture,,,,not specified,Environmental scores are skin-type independent.,not personalized
2026-09-26 04:00:00,0.0,0.0,0.0,34.03202,-118.52633,86.0,42.10615158081055,0.9307692307692308,0.06923076923076922,0.2584298365122616,0.28974403614513294,0.15000000000000002,0.85,0.1753612857235436,0.8246387142764564,0.0,0.0,0.0,64.0,8.0,0.0,0.6,42.5,39.3,354.0,440.0,80.7,5.0,0.0,1367.0,0.18,1.0,0.0,0.0,87.0,87.0,30.0,13.0,124.09957351946424,-34.09957351946424,64.96781621506796,0.0,0.0,0.0,0.0,0.0,0.0,0.2584298365122616,100.0,22.38888888888889,67.0,100.05,0.18,0.1422951,0.13229074,282.71283,0.16302675,0.16302675,0.0,0.0,0.0,0.0,5.854545454545455,27.253846153846155,62.97692307692307,39.77692307692308,39.77692307692308,False,67.0,64.6,0.3,0.0,,100.0,False,50.0,0.0,0.0,0.0,0.0,2026-09-26T04:00,interpolated_hourly,3,ENE,sun below horizon — no direct-sun posture,,,,not specified,Environmental scores are skin-type independent.,not personalized
2026-09-26 04:30:00,0.0,0.0,0.0,34.03202,-118.52633,86.0,42.10615158081055,0.926923076923077,0.07307692307692307,0.2500804193157735,0.27560123312846296,0.125,0.875,0.14613440476961959,0.8538655952303804,0.0,0.0,0.0,47.0,4.0,0.0,0.6,44.15,40.95,365.0,440.0,80.4,5.05,0.0,1367.0,0.185,1.0,0.0,0.0,87.0,87.0,30.0,10.5,118.25311751342736,-28.25311751342736,70.31926918020167,0.0,0.0,0.0,0.0,0.0,0.0,0.2500804193157735,96.5,22.333333333333332,67.0,100.055,0.185,0.13713369,0.12750423,282.5642,0.16294682,0.16294682,0.0,0.0,0.0,0.0,4.390909090909091,27.161538461538463,63.58076923076923,39.930769230769236,39.930769230769236,False,67.0,64.5,0.5,0.0,,100.0,False,50.0,0.0,0.0,0.0,0.0,2026-09-26T04:30,interpolated_hourly,3,ENE,sun below horizon — no direct-sun posture,,,,not specified,Environmental scores are skin-type independent.,not personalized
2026-09-26 05:00:00,0.0,0.0,0.0,34.03202,-118.52633,86.0,42.10615158081055,0.9230769230769231,0.07692307692307691,0.2417310021192855,0.2614584301117929,0.09999999999999998,0.9,0.11690752381569569,0.8830924761843043,0.0,0.0,0.0,30.0,0.0,0.0,0.6,45.8,42.6,376.0,440.0,80.1,5.1,0.0,1367.0,0.19,1.0,0.0,0.0,87.0,87.0,30.0,8.0,112.40666150739048,-22.406661507390474,75.67072214533539,0.0,0.0,0.0,0.0,0.0,0.0,0.2417310021192855,93.0,22.277777777777775,67.0,100.06,0.19,0.13197227,0.12271771,282.4156,0.16286689,0.16286689,0.0,0.0,0.0,0.0,2.927272727272726,27.06923076923077,64.18461538461538,40.08461538461539,40.08461538461539,False,67.0,64.4,0.7,0.0,,100.0,False,50.0,0.0,0.0,0.0,0.0,2026-09-26T05:00,interpolated_hourly,3,ENE,sun below horizon — no direct-sun posture,,,,not specified,Environmental scores are skin-type independent.,not personalized
2026-09-26 05:30:00,0.0,0.0,0.0,34.03202,-118.52633,86.0,42.10615158081055,0.9192307692307693,0.08076923076923076,0.23338158492279748,0.2473156270951229,0.07499999999999996,0.925,0.0876806428617718,0.9123193571382282,0.0,0.0,0.0,49.0,2.0,0.0,0.6,47.05,43.95,397.5,440.0,79.1,5.05,0.0,1367.0,0.19,1.0,0.0,0.0,87.5,87.5,30.0,6.5,106.2904721008782,-16.290472100878198,80.20346500760547,0.0,0.0,0.0,0.0,0.0,0.0,0.23338158492279748,96.5,22.194444444444443,67.0,100.07,0.19,0.12699349,0.11807417,282.39117,0.16274387,0.16274387,0.0,0.0,0.0,0.0,1.4636363636363647,26.976923076923075,64.78846153846153,40.23846153846154,40.23846153846154,False,67.0,64.25,0.6499999999999999,0.0,,100.0,False,50.0,0.0,0.0,0.0,0.0,2026-09-26T05:30,interpolated_hourly,3,E,sun below horizon — no direct-sun posture,,,,not specified,Environmental scores are skin-type independent.,not personalized
2026-09-26 06:00:00,0.0,0.0,0.0,34.03202,-118.52633,86.0,42.10615158081055,0.9153846153846154,0.0846153846153846,0.22503216772630943,0.23317282407845286,0.050000000000000044,0.95,0.0584537619078479,0.9415462380921521,0.0,0.0,0.0,68.0,4.0,0.0,0.6,48.3,45.3,419.0,440.0,78.1,5.0,0.0,1367.0,0.19,1.0,0.0,0.0,88.0,88.0,30.0,5.0,100.17428269436593,-10.174282694365921,84.73620786987556,0.0,0.0,0.0,0.0,0.0,0.0,0.22503216772630943,100.0,22.11111111111111,67.0,100.08,0.19,0.12201472,0.113430634,282.36673,0.16262084,0.16262084,0.0,0.0,0.0,0.0,0.0,26.884615384615383,65.39230769230768,40.392307692307696,40.392307692307696,False,67.0,64.1,0.6,0.0,,100.0,False,50.0,0.0,0.0,0.0,0.0,2026-09-26T06:00,interpolated_hourly,3,E,sun below horizon — no direct-sun posture,,,,not specified,Environmental scores are skin-type independent.,not personalized
2026-09-26 06:30:00,0.0,2.4,26.6,34.03202,-118.52633,86.0,42.10615158081055,0.9115384615384615,0.08846153846153845,0.2166827505298214,0.21903002106178282,0.025000000000000022,0.975,0.029226880953923895,0.9707731190460761,0.0,0.0,0.0,73.0,4.0,2.3,0.725,49.4,46.55,444.0,440.0,76.4,4.95,0.0,1367.0,0.185,0.5,0.025,0.025,88.0,88.0,30.0,4.0,93.83730123614907,-3.837301236149071,88.96658836989639,1.638756720944625,5.066584244470532,1.4177836707629456,0.5,0.0,0.5,0.2166827505298214,100.0,22.13888888888889,67.0,100.095,0.185,0.11876145,0.11043566,282.33783,0.16251913,0.16251913,0.0,0.0,0.0,0.4,3.25,26.79230769230769,65.99615384615385,40.54615384615385,40.54615384615385,False,67.0,64.19999999999999,1.05,0.0,,100.0,False,50.0,0.0,0.0,0.0,0.0,2026-09-26T06:30,interpolated_hourly,3,E,sun below horizon — no direct-sun posture,,,,not specified,Environmental scores are skin-type independent.,not personalized
2026-09-26 07:00:00,1.0,4.8,53.2,34.03202,-118.52633,86.0,42.10615158081055,0.9076923076923077,0.0923076923076923,0.20833333333333334,0.20488721804511278,0.0,1.0,0.0,1.0,0.0,0.0,0.0,78.0,4.0,4.6,0.85,50.5,47.8,469.0,440.0,74.7,4.9,0.0,1367.0,0.18,0.0,0.05,0.05,88.0,88.0,30.0,3.0,87.50031977793222,2.4996802220677785,93.19696886991721,3.27751344188925,10.133168488941063,2.8355673415258913,1.0,0.0,1.0,0.20833333333333334,100.0,22.16666666666667,67.0,100.11,0.18,0.11550818,0.10744068,282.30893,0.16241741,0.16241741,0.814,0.0038,0.4,0.8,6.5,26.7,66.6,40.7,40.7,False,67.0,64.3,1.5,0.0,87.5,100.0,False,50.0,1.2,1.2,0.0,10.9,2026-09-26T07:00,interpolated_hourly,3,E,"sun low 2° (E) — face E, lift torso ~88° toward the sun if comfortable",,,,not specified,Environmental scores are skin-type independent.,not personalized
2026-09-26 07:30:00,1.0,101.74999999999999,197.55,34.03202,-118.52633,86.0,42.10615158081055,0.9038461538461539,0.09615384615384615,0.313024240899178,0.31083787635218496,0.25903614457831325,0.7409638554216867,0.25894736842105265,0.7410526315789474,0.5,0.0,0.0,75.0,2.0,27.6,0.925,51.85,49.3,477.0,440.0,72.05000000000001,5.1,2.5,1367.0,0.18,0.0,0.3,0.32499999999999996,88.5,88.5,30.0,2.0,81.4481413049067,8.551858695093301,97.54024358849256,81.04379260891903,196.28715514800237,32.60893440658111,42.0,144.8,20.5,0.313024240899178,100.0,22.583333333333336,64.5,100.14,0.18,0.11171725,0.10385889,282.21405,0.16235194,0.16235194,2.398864238624213,0.018071888096116966,2.057396191758929,9.15,24.35,31.5,56.099999999999994,40.150000000000006,40.150000000000006,False,64.5,64.35,0.75,0.0,81.4,100.0,False,50.0,5.1,5.1,0.20229725480727942,62.00265782728799,2026-09-26T07:30,interpolated_hourly,3,E,"sun low 9° (E) — face E, lift torso ~81° toward the sun if comfortable",,,,not specified,Environmental scores are skin-type independent.,not personalized
2026-09-26 08:00:00,1.0,198.7,341.9,34.03202,-118.52633,86.0,42.10615158081055,0.9,0.09999999999999998,0.41771514846502267,0.41678853465925714,0.5180722891566265,0.4819277108433735,0.5178947368421053,0.48210526315789476,1.0,0.0,0.0,72.0,0.0,50.6,1.0,53.2,50.8,485.0,440.0,69.4,5.3,5.0,1367.0,0.18,0.0,0.55,0.6,89.0,89.0,30.0,1.0,75.39596283188118,14.604037168118824,101.8835183070679,158.8100717759488,382.4411418070637,62.38230147163634,83.0,289.6,40.0,0.41771514846502267,100.0,23.000000000000004,62.0,100.17,0.18,0.10792632,0.1002771,282.11917,0.16228646,0.16228646,5.121,0.0364,4.5,17.5,42.2,36.3,45.6,39.6,39.6,False,62.0,64.4,0.0,0.0,75.4,100.0,False,50.0,9.6,9.6,0.45,142.5,2026-09-26T08:00,interpolated_hourly,3,ESE,"sun low 15° (ESE) — face ESE, lift torso ~75° toward the sun if comfortable",,,,not specified,Environmental scores are skin-type independent.,not personalized
2026-09-26 08:30:00,1.0,337.7,473.95,34.03202,-118.52633,86.0,42.10615158081055,0.9222222222222223,0.07777777777777778,0.5056899635759139,0.5050939372966252,0.5911916216101154,0.4088083783898846,0.5911220069082607,0.40887799309173933,1.0,0.0,0.0,86.0,44.0,58.650000000000006,1.0,49.6,46.9,462.5,440.0,65.35,6.1,13.0,1367.0,0.175,0.0,1.15,1.25,89.0,89.0,30.0,1.0,69.46666431740769,20.53333568259231,106.77878827001393,263.4097523821624,494.9382966539922,79.85497192755271,183.0,412.75,67.5,0.5056899635759139,93.5,23.833333333333336,57.0,100.185,0.175,0.10873531,0.101018935,282.15652,0.16229439,0.16229439,10.104176890240604,0.1285929487057434,9.36519729931358,26.55,43.25,40.3,42.5,41.1,41.1,False,57.0,64.45,0.6,0.0,69.5,100.0,False,50.0,15.9,15.9,1.0544425618510616,241.5400503042186,2026-09-26T08:30,interpolated_hourly,3,ESE,"sun low 21° (ESE) — face ESE, lift torso ~70° toward the sun if comfortable",,,,not specified,Environmental scores are skin-type independent.,not personalized
2026-09-26 09:00:00,1.0,476.7,606.0,34.03202,-118.52633,86.0,42.10615158081055,0.9444444444444444,0.05555555555555558,0.5936647786868051,0.5933993399339934,0.6643109540636042,0.33568904593639576,0.664349276974416,0.33565072302558396,1.0,0.0,0.0,100.0,88.0,66.7,1.0,46.0,43.0,440.0,440.0,61.3,6.9,21.0,1367.0,0.17,0.0,1.75,1.9,89.0,89.0,30.0,1.0,63.537365802934204,26.462634197065796,111.67405823295996,368.009432988376,607.4354515009207,97.32764238346908,283.0,535.9,95.0,0.5936647786868051,87.0,24.66666666666667,52.0,100.2,0.17,0.10954429,0.10176076,282.19388,0.16230232,0.16230232,15.883,0.2258,14.9,35.6,44.3,44.3,39.4,42.6,42.6,False,52.0,64.5,1.2,0.0,63.5,100.0,False,50.0,22.2,22.2,1.7,359.6,2026-09-26T09:00,interpolated_hourly,3,ESE,"sun low 26° (ESE) — face ESE, lift torso ~64° toward the sun if comfortable",,,,not specified,Environmental scores are skin-type independent.,not personalized
2026-09-26 09:30:00,1.0,598.8,716.75,34.03202,-118.52633,86.0,42.10615158081055,0.9287439613526569,0.07125603864734303,0.6096358294876667,0.6094489146799876,0.6370335258122899,0.3629664741877101,0.6370432629076098,0.3629567370923901,1.0,0.0,0.0,85.0,44.0,69.15,1.0,43.9,40.6,401.5,440.0,56.349999999999994,7.95,32.0,1367.0,0.17,0.5,2.65,2.875,89.0,89.0,30.5,1.5,58.04239620359537,31.957603796404623,117.70377822402227,460.4212400900723,661.5759783588053,107.46512314564154,367.0,527.3,135.5,0.6096358294876667,93.5,25.416666666666668,47.5,100.20500000000001,0.17,0.11128192,0.103293315,282.38232,0.16231647,0.16231647,21.453003887337164,0.4092741595795864,20.53809197184956,43.05,38.7,51.3,37.9,46.6,46.6,False,47.5,64.35,2.3,0.0,58.0,100.0,False,50.0,27.6,27.6,2.4307857873634506,440.6954009173379,2026-09-26T09:30,interpolated_hourly,3,ESE,"sun 32° up (ESE) — lay flat, or lift torso ~58° toward ESE to face it",,,,not specified,Environmental scores are skin-type independent.,not personalized
2026-09-26 10:00:00,1.0,720.9,827.5,34.03202,-118.52633,86.0,42.10615158081055,0.9130434782608695,0.08695652173913049,0.6256068802885283,0.6254984894259819,0.6097560975609756,0.3902439024390244,0.6097372488408037,0.3902627511591963,1.0,0.0,0.0,70.0,0.0,71.6,1.0,41.8,38.2,363.0,440.0,51.4,9.0,43.0,1367.0,0.17,1.0,3.55,3.85,89.0,89.0,31.0,2.0,52.54742660425655,37.45257339574345,123.73349821508458,552.8330471917686,715.7165052166897,117.602603907814,451.0,518.7,176.0,0.6256068802885283,100.0,26.166666666666664,43.0,100.21000000000001,0.17,0.11301954,0.10482586,282.5708,0.16233063,0.16233063,26.819,0.5908,26.1,50.5,33.1,58.3,36.4,50.6,50.6,False,43.0,64.2,3.4,0.0,52.5,100.0,False,50.0,32.6,32.6,3.15,517.6,2026-09-26T10:00,interpolated_hourly,3,ESE,"sun 37° up (ESE) — lay flat, or lift torso ~52° toward ESE to face it",,,,not specified,Environmental scores are skin-type independent.,not personalized
2026-09-26 10:30:00,1.0,817.8,909.4,34.03202,-118.52633,86.0,42.10615158081055,0.9466207490314249,0.0533792509685751,0.6834167559855235,0.6833232384585776,0.7259694942082164,0.27403050579178356,0.7259248378408456,0.27400710717072374,1.0,0.0,0.05000000000001137,76.0,1.0,81.85,1.0,40.2,36.7,330.5,440.0,46.8,9.65,53.5,1367.0,0.16,1.0,4.675,4.875,89.5,89.5,31.0,3.0,47.90188221692942,42.09811778307058,131.70449426302096,622.2401064824826,743.4189692136026,123.82287595022865,564.5,684.0,141.5,0.6834167559855235,87.0,26.88888888888889,40.0,100.22,0.16,0.11443865,0.10605984,282.63617,0.16233063,0.16233063,33.177833008340016,0.8183852501950358,32.753917045961245,59.65,33.6,64.8,34.9,54.3,54.3,False,40.0,64.25,4.1,0.0,47.9,100.0,False,50.0,38.8,38.8,4.052402816102085,626.8931948691734,2026-09-26T10:30,interpolated_hourly,3,SE,"sun 42° up (SE) — lay flat, or lift torso ~48° toward SE to face it",,,,not specified,Environmental scores are skin-type independent.,not personalized
2026-09-26 11:00:00,1.0,914.7,991.3,34.03202,-118.52633,86.0,42.10615158081055,0.9801980198019803,0.01980198019801971,0.7412266316825188,0.7411479874911733,0.8421828908554573,0.15781710914454278,0.8421124268408875,0.15775146318225125,1.0,0.0,0.10000000000002274,82.0,2.0,92.1,1.0,38.6,35.2,298.0,440.0,42.2,10.3,64.0,1367.0,0.15,1.0,5.8,5.9,90.0,90.0,31.0,4.0,43.256337829602295,46.743662170397705,139.67549031095734,691.6471657731964,771.1214332105155,130.0431479926433,678.0,849.3,107.0,0.7412266316825188,74.0,27.611111111111114,37.0,100.22999999999999,0.15,0.11585776,0.10729382,282.7015,0.16233063,0.16233063,39.458,1.045,39.4,68.8,34.1,71.3,33.4,58.0,58.0,False,37.0,64.3,4.8,0.0,43.3,100.0,False,50.0,44.7,44.7,4.95,734.7,2026-09-26T11:00,interpolated_hourly,2,SE,"sun 47° up (SE) — lay flat, or lift torso ~43° toward SE to face it",,,,not specified,Environmental scores are skin-type independent.,not personalized
2026-09-26 11:30:00,1.0,979.75,1038.75,34.03202,-118.52633,86.0,42.10615158081055,0.9578409453848611,0.04215905461513891,0.7218767155349807,0.7217984459643308,0.7644156961089276,0.2355843038910725,0.7643720718739169,0.23555987313765248,1.0,0.0,0.05000000000001137,89.0,24.0,90.8,1.0,36.0,32.8,281.0,440.0,38.3,10.25,73.0,1367.0,0.14,1.0,6.525,6.575,90.0,90.0,31.0,6.0,40.161960268237166,49.838039731762834,150.32652839744975,732.0956901721247,784.044657015582,133.33334754952483,706.0,752.9,168.5,0.7218767155349807,87.0,27.94444444444445,36.0,100.215,0.14,0.1184534,0.10965915,282.62292,0.16230139,0.16230139,42.434980767752954,1.1717335787829262,42.62864878593966,73.9,31.85,79.6,32.55,63.1,63.1,False,36.0,64.44999999999999,5.1,0.0,40.2,100.0,False,50.0,47.7,47.7,5.401893803892468,756.3624870085043,2026-09-26T11:30,interpolated_hourly,2,SSE,"sun 50° up (SSE) — lay flat, or lift torso ~40° toward SSE to face it",,,,not specified,Environmental scores are skin-type independent.,not personalized
2026-09-26 12:00:00,1.0,1044.8,1086.2,34.03202,-118.52633,86.0,42.10615158081055,0.9354838709677419,0.06451612903225812,0.7025267993874426,0.7024489044374884,0.6866485013623979,0.3133514986376022,0.6866317169069462,0.3133682830930537,1.0,0.0,0.0,96.0,46.0,89.5,1.0,33.4,30.4,264.0,440.0,34.4,10.2,82.0,1367.0,0.13,1.0,7.25,7.25,90.0,90.0,31.0,8.0,37.06758270687204,52.93241729312796,160.97756648394216,772.5442145710529,796.9678808206484,136.62354710640636,734.0,656.5,230.0,0.7025267993874426,100.0,28.277777777777782,35.0,100.2,0.13,0.12104903,0.112024486,282.54434,0.16227216,0.16227216,44.569,1.2868,45.2,79.0,29.6,87.9,31.7,68.2,68.2,False,35.0,64.6,5.4,0.0,37.1,100.0,False,50.0,50.1,50.1,5.8,763.0,2026-09-26T12:00,interpolated_hourly,3,SSE,"sun 53° up (SSE) — lay flat, or lift torso ~37° toward SSE to face it",,,,not specified,Environmental scores are skin-type independent.,not personalized
2026-09-26 12:30:00,1.0,1073.55,1096.0,34.03202,-118.52633,86.0,42.10615158081055,0.9010752688172042,0.09892473118279577,0.6764924661910451,0.676373665458028,0.6334218796909619,0.3665781203090382,0.6334006867110172,0.36659931328898265,1.0,0.0,5.684341886080802e-14,94.0,34.0,86.1,1.0,31.6,28.75,253.5,440.0,30.95,9.8,90.5,1367.0,0.125,1.0,7.325,7.325,90.0,90.0,31.0,10.0,36.3771758553269,53.6228241446731,173.6338700891651,780.863748519883,799.3944666474719,137.2765650844113,725.5,585.1,265.5,0.6764924661910451,100.0,28.444444444444446,34.5,100.17500000000001,0.125,0.12397498,0.114638954,282.41602,0.162323,0.162323,44.642086026487284,1.2970837403488482,45.411337580067205,78.8,23.950000000000003,87.4,32.5,68.15,68.15,False,34.5,64.6,5.6,0.0,36.4,100.0,False,50.0,49.2,49.2,5.851543360851951,747.8190209758218,2026-09-26T12:30,interpolated_hourly,3,S,"sun 54° up (S) — lay flat, or lift torso ~36° toward S to face it",,,,not specified,Environmental scores are skin-type independent.,not personalized
2026-09-26 13:00:00,1.0,1102.3,1105.8,34.03202,-118.52633,86.0,42.10615158081055,0.8666666666666666,0.13333333333333341,0.6504581329946476,0.6502984264785676,0.5801952580195258,0.4198047419804742,0.5801696565150882,0.41983034348491166,1.0,0.0,1.1368683772161603e-13,92.0,22.0,82.7,1.0,29.8,27.1,243.0,440.0,27.5,9.4,99.0,1367.0,0.12,1.0,7.4,7.4,90.0,90.0,31.0,12.0,35.68676900378176,54.31323099621824,186.29017369438807,789.1832824687131,801.8210524742954,137.9295830624162,717.0,513.7,301.0,0.6504581329946476,100.0,28.61111111111111,34.0,100.15,0.12,0.12690093,0.117253415,282.28766,0.16237384,0.16237384,43.907,1.2956,45.0,78.6,18.3,86.9,33.3,68.1,68.1,False,34.0,64.6,5.8,0.0,35.7,100.0,False,50.0,47.6,47.6,5.85,719.1,2026-09-26T13:00,interpolated_hourly,3,S,"sun 54° up (S) — lay flat, or lift torso ~36° toward S to face it",,,,not specified,Environmental scores are skin-type independent.,not personalized
2026-09-26 13:30:00,1.0,1092.8,1077.15,34.03202,-118.52633,86.0,42.10615158081055,0.8989821882951654,0.10101781170483465,0.6797015118033332,0.6795602766632227,0.6292903373430963,0.37070966265690375,0.6292936549529154,0.37070634504708444,1.0,0.0,5.684341886080802e-14,92.0,13.0,86.0,1.0,28.4,25.65,234.0,440.0,24.75,8.9,104.0,1367.0,0.12,1.0,6.775,6.875,90.0,90.0,31.0,15.0,37.65803644085139,52.34196355914861,198.19798716715889,764.7337289883511,794.4750527759222,135.9885453118692,742.5,584.25,274.0,0.6797015118033332,100.0,28.63888888888889,34.5,100.12,0.12,0.12848893,0.11872255,282.0418,0.16247556,0.16247556,45.117469293978274,1.2819802658471606,46.19868859325841,80.15,36.150000000000006,85.6,35.15,67.9,67.9,False,34.5,64.85,6.699999999999999,0.0,37.7,100.0,False,50.0,51.9,51.9,6.004650247667294,738.4244996819604,2026-09-26T13:30,interpolated_hourly,3,SSW,"sun 52° up (SSW) — lay flat, or lift torso ~38° toward SSW to face it",,,,not specified,Environmental scores are skin-type independent.,not personalized
2026-09-26 14:00:00,1.0,1083.3,1048.5,34.03202,-118.52633,86.0,42.10615158081055,0.9312977099236641,0.06870229007633588,0.7089448906120188,0.7088221268478779,0.6783854166666666,0.3216145833333333,0.6784176533907427,0.3215823466092572,1.0,0.0,0.0,92.0,4.0,89.3,1.0,27.0,24.2,225.0,440.0,22.0,8.4,109.0,1367.0,0.12,1.0,6.15,6.35,90.0,90.0,31.0,18.0,39.629303877921025,50.370696122078975,210.10580063992967,740.2841755079892,787.1290530775492,134.04750756132216,768.0,654.8,247.0,0.7089448906120188,100.0,28.666666666666664,35.0,100.09,0.12,0.13007694,0.120191686,281.796,0.16257727,0.16257727,45.439,1.2557,46.7,81.7,54.0,84.3,37.0,67.7,67.7,False,35.0,65.1,7.6,0.0,39.6,100.0,False,50.0,54.5,54.5,6.1,743.2,2026-09-26T14:00,interpolated_hourly,3,SSW,"sun 50° up (SSW) — lay flat, or lift torso ~40° toward SSW to face it",,,,not specified,Environmental scores are skin-type independent.,not personalized
2026-09-26 14:30:00,1.0,1036.2,983.45,34.03202,-118.52633,86.0,42.10615158081055,0.9656488549618321,0.03435114503816794,0.7361325403419006,0.735998606977946,0.7881993308498896,0.21180066915011037,0.7882029770734567,0.2117970229265433,1.0,0.0,0.0,82.0,2.0,93.25,1.0,26.05,23.15,216.5,440.0,20.3,7.85,107.5,1367.0,0.12,1.0,5.1,5.375,90.0,90.0,30.5,21.5,43.599333342587165,46.400666657412835,219.38054740412608,684.9386045529644,767.7346290683513,129.36876582386932,761.5,794.2,162.0,0.7361325403419006,54.5,28.333333333333336,35.5,100.06,0.12,0.13134754,0.121347055,281.54578,0.16269314,0.16269314,44.267864114366716,1.1262499932361234,45.467808115360995,78.80000000000001,64.95,70.0,34.4,57.5,57.5,False,35.5,64.8,7.65,0.0,43.6,100.0,False,50.0,53.0,53.0,5.933188946018241,730.1962645355345,2026-09-26T14:30,interpolated_hourly,3,SW,"sun 46° up (SW) — lay flat, or lift torso ~44° toward SW to face it",,,,not specified,Environmental scores are skin-type independent.,not personalized
2026-09-26 15:00:00,1.0,989.1,918.4,34.03202,-118.52633,86.0,42.10615158081055,1.0,0.0,0.7633201900717824,0.763175087108014,0.8980132450331125,0.10198675496688742,0.8979883007561706,0.10201169924382937,1.0,0.0,0.0,72.0,0.0,97.2,1.0,25.1,22.1,208.0,440.0,18.6,7.3,106.0,1367.0,0.12,1.0,4.05,4.4,90.0,90.0,30.0,25.0,47.569362807253306,42.430637192746694,228.65529416832248,629.5930335979396,748.3402050591534,124.69002408641649,755.0,933.6,77.0,0.7633201900717824,9.0,28.000000000000004,36.0,100.03,0.12,0.13261811,0.12250242,281.29556,0.16280901,0.16280901,42.109,0.9842,43.4,75.9,75.9,55.7,31.8,47.3,47.3,False,36.0,64.5,7.7,0.0,47.6,100.0,False,50.0,50.6,50.6,5.7,700.9,2026-09-26T15:00,interpolated_hourly,0,SW,"sun 42° up (SW) — lay flat, or lift torso ~48° toward SW to face it",,,,not specified,Environmental scores are skin-type independent.,not personalized
2026-09-26 15:30:00,1.0,907.6,821.4,34.03202,-118.52633,86.0,42.10615158081055,0.9709302325581396,0.029069767441860458,0.7248388869497031,0.7246300614998933,0.7999766401532405,0.2000233598467594,0.8000001865953892,0.19999981340461087,1.0,0.0,0.0,58.0,0.0,87.65,1.0,24.3,21.1,201.5,440.0,17.65,6.699999999999999,101.5,1367.0,0.12,1.0,3.05,3.375,90.0,90.0,30.0,28.0,52.7048339165151,37.2951660834849,235.54966460734065,547.818605932749,709.7716150525807,116.73283104472631,661.0,795.0,123.0,0.7248388869497031,54.5,27.44444444444445,38.0,100.03,0.12,0.13230035,0.12217571,280.9389,0.16290358,0.16290358,36.19376635843139,0.7764402952969837,37.275739303948455,66.05000000000001,80.7,49.1,34.35,43.9,43.9,False,38.0,64.4,8.05,0.0,52.7,100.0,False,50.0,45.0,45.0,4.881225661967626,600.4807656297517,2026-09-26T15:30,interpolated_hourly,0,SW,"sun 37° up (SW) — lay flat, or lift torso ~53° toward SW to face it",,,,not specified,Environmental scores are skin-type independent.,not personalized
2026-09-26 16:00:00,1.0,826.1,724.4,34.03202,-118.52633,86.0,42.10615158081055,0.9418604651162791,0.05813953488372092,0.6863575838276238,0.6860850358917725,0.7019400352733686,0.2980599647266314,0.7020120724346076,0.29798792756539233,1.0,0.0,0.0,44.0,0.0,78.1,1.0,23.5,20.1,195.0,440.0,16.7,6.1,97.0,1367.0,0.12,1.0,2.05,2.35,90.0,90.0,30.0,31.0,57.8403050257769,32.1596949742231,242.4440350463588,466.04417826755844,671.2030250460081,108.77563800303614,567.0,656.4,169.0,0.6863575838276238,100.0,26.888888888888893,40.0,100.03,0.12,0.1319826,0.121849,280.58228,0.16299814,0.16299814,30.09400000000001,0.5667,30.964942578883264,56.2,85.5,42.5,36.9,40.5,40.5,False,40.0,64.3,8.4,0.0,57.8,100.0,False,50.0,39.0,39.0,4.05,497.00000000000006,2026-09-26T16:00,interpolated_hourly,3,WSW,"sun 32° up (WSW) — lay flat, or lift torso ~58° toward WSW to face it",,,,not specified,Environmental scores are skin-type independent.,not personalized
2026-09-26 16:30:00,1.0,715.75,601.9499999999999,34.03202,-118.52633,86.0,42.10615158081055,0.9426283457656868,0.057371654234313285,0.6652798821021171,0.6649403281648643,0.6919956586623253,0.3080043413376746,0.6921139079374204,0.30804806161230425,1.0,0.0,-0.05000000000001137,37.0,0.0,72.55,1.0,22.5,19.05,190.5,440.0,16.15,5.65,93.0,1367.0,0.12,1.0,1.4,1.6,90.0,90.0,30.0,33.5,63.592565481200786,26.407434518799214,247.82014624399338,365.7002233737,594.4690139188656,95.7522848695834,478.5,627.7,146.5,0.6652798821021171,100.0,26.38888888888889,42.0,100.025,0.12,0.13186783,0.12174618,280.18103,0.16272652,0.16272652,24.473905425768486,0.3910288590500126,25.133283203334578,47.75,91.15,34.95,39.05,36.35,36.35,False,42.0,64.15,7.7,0.0,63.6,100.0,False,50.0,33.3,33.3,3.279015525256155,403.8384861460979,2026-09-26T16:30,interpolated_hourly,3,WSW,"sun low 26° (WSW) — face WSW, lift torso ~64° toward the sun if comfortable",,,,not specified,Environmental scores are skin-type independent.,not personalized
2026-09-26 17:00:00,1.0,605.4,479.5,34.03202,-118.52633,86.0,42.10615158081055,0.9433962264150944,0.05660377358490565,0.6442021803766105,0.6437956204379561,0.6820512820512821,0.31794871794871793,0.6822157434402333,0.3181081956592161,1.0,0.0,-0.10000000000002274,30.0,0.0,67.0,1.0,21.5,18.0,186.0,440.0,15.6,5.2,89.0,1367.0,0.12,1.0,0.75,0.85,90.0,90.0,30.0,36.0,69.34482593662467,20.65517406337533,253.19625744162795,265.35626847984156,517.7350027917231,82.72893173613068,390.0,599.0,124.0,0.6442021803766105,100.0,25.888888888888886,44.0,100.02000000000001,0.12,0.13175306,0.121643364,279.77975,0.1624549,0.1624549,18.734,0.2144,19.2,39.3,96.8,27.4,41.2,32.2,32.2,False,44.0,64.0,7.0,0.0,69.3,100.0,False,50.0,27.2,27.2,2.5,308.7,2026-09-26T17:00,interpolated_hourly,3,WSW,"sun low 21° (WSW) — face WSW, lift torso ~69° toward the sun if comfortable",,,,not specified,Environmental scores are skin-type independent.,not personalized
2026-09-26 17:30:00,1.0,473.65,340.0,34.03202,-118.52633,86.0,42.10615158081055,0.9489708404802744,0.051029159519725587,0.5882607860057957,0.5874838451316963,0.634981684981685,0.365018315018315,0.6350045853351401,0.36515738421458455,1.0,0.0,-0.05000000000001137,29.0,0.0,59.25,1.0,21.5,18.0,186.0,440.0,15.6,5.2,89.0,1367.0,0.12,1.0,0.75,0.85,89.5,89.5,30.0,38.0,75.39031991183882,14.609680088161179,257.7484130134892,163.830049935641,353.91376533743687,58.36235121659696,286.0,513.1,99.5,0.5882607860057957,100.0,25.694444444444443,44.5,100.03,0.12,0.13175306,0.121643364,279.77975,0.1624549,0.1624549,12.640032196768486,0.1216493329685509,13.166092734327032,30.4,98.4,27.5,45.7,33.85,33.85,False,44.5,63.85,6.05,0.0,75.4,100.0,False,50.0,21.0,21.0,1.7491094857770582,201.5879760351185,2026-09-26T17:30,interpolated_hourly,3,WSW,"sun low 15° (WSW) — face WSW, lift torso ~75° toward the sun if comfortable",,,,not specified,Environmental scores are skin-type independent.,not personalized
2026-09-26 18:00:00,1.0,341.9,200.5,34.03202,-118.52633,86.0,42.10615158081055,0.9545454545454545,0.045454545454545525,0.532319391634981,0.5311720698254364,0.5879120879120879,0.41208791208791207,0.587793427230047,0.41220657276995304,1.0,0.0,0.0,28.0,0.0,51.5,1.0,21.5,18.0,186.0,440.0,15.6,5.2,89.0,1367.0,0.12,1.0,0.75,0.85,89.0,89.0,30.0,40.0,81.43581388705297,8.564186112947027,262.30056858535045,62.30383139144042,190.0925278831507,33.99577069706325,182.0,427.2,75.0,0.532319391634981,100.0,25.500000000000004,45.0,100.03999999999999,0.12,0.13175306,0.121643364,279.77975,0.1624549,0.1624549,7.299999999999999,0.032499999999999994,7.736327552235932,21.5,100.0,27.6,50.2,35.5,35.5,False,45.0,63.7,5.1,0.0,81.4,100.0,False,50.0,14.6,14.6,1.0499999999999998,106.49999999999999,2026-09-26T18:00,interpolated_hourly,3,W,"sun low 9° (W) — face W, lift torso ~81° toward the sun if comfortable",,,,not specified,Environmental scores are skin-type independent.,not personalized
2026-09-26 18:30:00,1.0,205.25,100.25,34.03202,-118.52633,86.0,42.10615158081055,0.9772727272727273,0.022727272727272763,0.4410868095201144,0.5107423748321503,0.543956043956044,0.45604395604395603,0.5923081994167649,0.40769180058323506,0.7929944444444444,0.0,0.0,27.0,0.0,42.4,1.0,21.5,18.0,186.0,440.0,15.6,5.2,89.0,1367.0,0.12,1.0,0.75,0.85,89.0,89.0,30.0,40.0,87.69144436255802,2.308555637441983,266.52456845949985,31.15191569572021,95.04626394157535,16.997885348531625,103.0,276.75,43.5,0.4410868095201144,96.0,25.13888888888889,46.5,100.05,0.12,0.13175306,0.121643364,279.77975,0.1624549,0.18122745,2.5549999999999993,0.013595725431178728,3.148384258253071,11.15,67.75,27.542307692307695,50.88076923076923,35.7,35.7,False,46.5,63.6,4.5,0.0,87.7,100.0,False,50.0,7.4,7.4,0.5019960159204454,27.575358278187178,2026-09-26T18:30,interpolated_hourly,3,W,"sun low 2° (W) — face W, lift torso ~88° toward the sun if comfortable",,,,not specified,Environmental scores are skin-type independent.,not personalized
2026-09-26 19:00:00,0.0,68.6,0.0,34.03202,-118.52633,86.0,42.10615158081055,1.0,0.0,0.34985422740524785,0.4903126798388644,0.5,0.5,0.596822971603483,0.40317702839651715,0.5859888888888889,0.0,0.0,26.0,0.0,33.3,1.0,21.5,18.0,186.0,440.0,15.6,5.2,89.0,1367.0,0.12,1.0,0.75,0.85,89.0,89.0,30.0,40.0,93.94707483806306,-3.947074838063061,270.7485683336492,0.0,0.0,0.0,24.0,126.3,12.0,0.34985422740524785,92.0,24.777777777777775,48.0,100.06,0.12,0.13175306,0.121643364,279.77975,0.1624549,0.2,0.0,0.0,0.0,0.8,35.5,27.484615384615385,51.56153846153846,35.9,35.9,False,48.0,63.5,3.9,0.0,,100.0,False,50.0,0.0,0.0,0.0,0.0,2026-09-26T19:00,interpolated_hourly,3,W,sun below horizon — no direct-sun posture,,,,not specified,Environmental scores are skin-type independent.,not personalized
2026-09-26 19:30:00,0.0,34.3,0.0,34.03202,-118.52633,86.0,42.10615158081055,1.0,0.0,0.3352769679300292,0.4698829848455784,0.5082417582417582,0.49175824175824173,0.6013377437902009,0.39866225620979917,0.29299444444444445,0.0,0.0,25.0,0.0,16.65,0.8,21.5,18.0,186.0,440.0,15.6,5.2,89.0,1367.0,0.12,1.0,0.75,0.85,89.0,89.0,30.0,40.0,100.13839807038417,-10.138398070384177,275.05580222217657,0.0,0.0,0.0,12.0,63.15,6.0,0.3352769679300292,96.0,24.583333333333336,49.0,100.075,0.12,0.13175306,0.121643364,279.77975,0.1624549,0.2,0.0,0.0,0.0,0.4,33.88636363636363,27.426923076923078,52.2423076923077,36.1,36.1,False,49.0,63.5,3.75,0.0,,100.0,False,50.0,0.0,0.0,0.0,0.0,2026-09-26T19:30,interpolated_hourly,3,W,sun below horizon — no direct-sun posture,,,,not specified,Environmental scores are skin-type independent.,not personalized
2026-09-26 20:00:00,0.0,0.0,0.0,34.03202,-118.52633,86.0,42.10615158081055,1.0,0.0,0.32069970845481055,0.4494532898522924,0.5164835164835165,0.4835164835164835,0.6058525159769188,0.3941474840230812,0.0,0.0,0.0,24.0,0.0,0.0,0.6,21.5,18.0,186.0,440.0,15.6,5.2,89.0,1367.0,0.12,1.0,0.75,0.85,89.0,89.0,30.0,40.0,106.3297213027053,-16.329721302705295,279.3630361107039,0.0,0.0,0.0,0.0,0.0,0.0,0.32069970845481055,100.0,24.388888888888893,50.0,100.09,0.12,0.13175306,0.121643364,279.77975,0.1624549,0.2,0.0,0.0,0.0,0.0,32.27272727272727,27.36923076923077,52.92307692307693,36.3,36.3,False,50.0,63.5,3.6,0.0,,100.0,False,50.0,0.0,0.0,0.0,0.0,2026-09-26T20:00,interpolated_hourly,3,W,sun below horizon — no direct-sun posture,,,,not specified,Environmental scores are skin-type independent.,not personalized
2026-09-26 20:30:00,0.0,0.0,0.0,34.03202,-118.52633,86.0,42.10615158081055,1.0,0.0,0.30612244897959184,0.4290235948590063,0.5247252747252747,0.47527472527472525,0.6103672881636368,0.3896327118363633,0.0,0.0,0.0,25.0,0.0,0.0,0.6,21.5,18.0,186.0,440.0,15.6,5.2,89.0,1367.0,0.12,1.0,0.75,0.85,89.0,89.0,30.0,40.0,112.35719397520648,-22.357193975206485,284.2008659302635,0.0,0.0,0.0,0.0,0.0,0.0,0.30612244897959184,100.0,24.19444444444445,51.0,100.125,0.12,0.13175306,0.121643364,279.77975,0.1624549,0.2,0.0,0.0,0.0,0.0,30.65909090909091,27.31153846153846,53.603846153846156,36.5,36.5,False,51.0,63.45,3.55,0.0,,100.0,False,50.0,0.0,0.0,0.0,0.0,2026-09-26T20:30,interpolated_hourly,3,WNW,sun below horizon — no direct-sun posture,,,,not specified,Environmental scores are skin-type independent.,not personalized
2026-09-26 21:00:00,0.0,0.0,0.0,34.03202,-118.52633,86.0,42.10615158081055,1.0,0.0,0.2915451895043732,0.4085938998657203,0.532967032967033,0.46703296703296704,0.6148820603503548,0.3851179396496453,0.0,0.0,0.0,26.0,0.0,0.0,0.6,21.5,18.0,186.0,440.0,15.6,5.2,89.0,1367.0,0.12,1.0,0.75,0.85,89.0,89.0,30.0,40.0,118.38466664770768,-28.38466664770767,289.0386957498231,0.0,0.0,0.0,0.0,0.0,0.0,0.2915451895043732,100.0,24.000000000000004,52.0,100.16,0.12,0.13175306,0.121643364,279.77975,0.1624549,0.2,0.0,0.0,0.0,0.0,29.045454545454547,27.253846153846155,54.284615384615385,36.7,36.7,False,52.0,63.4,3.5,0.0,,100.0,False,50.0,0.0,0.0,0.0,0.0,2026-09-26T21:00,interpolated_hourly,3,WNW,sun below horizon — no direct-sun posture,,,,not specified,Environmental scores are skin-type independent.,not personalized
2026-09-26 21:30:00,0.0,0.0,0.0,34.03202,-118.52633,86.0,42.10615158081055,1.0,0.0,0.27696793002915454,0.3881642048724343,0.5412087912087912,0.45879120879120877,0.6193968325370727,0.3806031674629273,0.0,0.0,0.0,28.0,0.0,0.0,0.6,21.5,18.0,186.0,440.0,15.6,5.2,89.0,1367.0,0.12,1.0,0.75,0.85,89.0,89.0,30.0,40.0,124.02408897750485,-34.02408897750486,295.02819056522776,0.0,0.0,0.0,0.0,0.0,0.0,0.27696793002915454,100.0,23.805555555555557,53.5,100.16499999999999,0.12,0.13175306,0.121643364,279.77975,0.1624549,0.2,0.0,0.0,0.0,0.0,27.43181818181818,27.196153846153848,54.96538461538462,36.9,36.9,False,53.5,63.45,3.2,0.0,,100.0,False,50.0,0.0,0.0,0.0,0.0,2026-09-26T21:30,interpolated_hourly,3,WNW,sun below horizon — no direct-sun posture,,,,not specified,Environmental scores are skin-type independent.,not personalized
2026-09-26 22:00:00,0.0,0.0,0.0,34.03202,-118.52633,86.0,42.10615158081055,1.0,0.0,0.2623906705539359,0.3677345098791483,0.5494505494505495,0.45054945054945056,0.6239116047237907,0.3760883952762094,0.0,0.0,0.0,30.0,0.0,0.0,0.6,21.5,18.0,186.0,440.0,15.6,5.2,89.0,1367.0,0.12,1.0,0.75,0.85,89.0,89.0,30.0,40.0,129.66351130730203,-39.663511307302045,301.0176853806324,0.0,0.0,0.0,0.0,0.0,0.0,0.2623906705539359,100.0,23.61111111111111,55.0,100.17,0.12,0.13175306,0.121643364,279.77975,0.1624549,0.2,0.0,0.0,0.0,0.0,25.81818181818182,27.13846153846154,55.64615384615385,37.1,37.1,False,55.0,63.5,2.9,0.0,,100.0,False,50.0,0.0,0.0,0.0,0.0,2026-09-26T22:00,interpolated_hourly,3,WNW,sun below horizon — no direct-sun posture,,,,not specified,Environmental scores are skin-type independent.,not personalized
2026-09-26 22:30:00,0.0,0.0,0.0,34.03202,-118.52633,86.0,42.10615158081055,1.0,0.0,0.24781341107871724,0.3473048148858623,0.5576923076923077,0.4423076923076923,0.6284263769105086,0.37157362308949143,0.0,0.0,0.0,35.0,0.0,0.0,0.6,21.5,18.0,186.0,440.0,15.6,5.2,89.0,1367.0,0.12,1.0,0.75,0.85,89.0,89.0,30.0,40.0,134.50830347061077,-44.5083034706108,309.0938162069291,0.0,0.0,0.0,0.0,0.0,0.0,0.24781341107871724,100.0,23.38888888888889,55.5,100.16499999999999,0.12,0.13175306,0.121643364,279.77975,0.1624549,0.2,0.0,0.0,0.0,0.0,24.204545454545453,27.08076923076923,56.32692307692308,37.300000000000004,37.300000000000004,False,55.5,63.35,2.7,0.0,,100.0,False,50.0,0.0,0.0,0.0,0.0,2026-09-26T22:30,interpolated_hourly,3,NW,sun below horizon — no direct-sun posture,,,,not specified,Environmental scores are skin-type independent.,not personalized
2026-09-26 23:00:00,0.0,0.0,0.0,34.03202,-118.52633,86.0,42.10615158081055,1.0,0.0,0.23323615160349856,0.3268751198925762,0.5659340659340659,0.4340659340659341,0.6329411490972265,0.36705885090277346,0.0,0.0,0.0,40.0,0.0,0.0,0.6,21.5,18.0,186.0,440.0,15.6,5.2,89.0,1367.0,0.12,1.0,0.75,0.85,89.0,89.0,30.0,40.0,139.35309563391954,-49.353095633919544,317.16994703322575,0.0,0.0,0.0,0.0,0.0,0.0,0.23323615160349856,100.0,23.166666666666668,56.0,100.16,0.12,0.13175306,0.121643364,279.77975,0.1624549,0.2,0.0,0.0,0.0,0.0,22.590909090909093,27.023076923076925,57.00769230769231,37.5,37.5,False,56.0,63.2,2.5,0.0,,100.0,False,50.0,0.0,0.0,0.0,0.0,2026-09-26T23:00,interpolated_hourly,3,NW,sun below horizon — no direct-sun posture,,,,not specified,Environmental scores are skin-type independent.,not personalized
2026-09-26 23:30:00,0.0,0.0,0.0,34.03202,-118.52633,86.0,42.10615158081055,1.0,0.0,0.2186588921282799,0.3064454248992903,0.5741758241758241,0.4258241758241758,0.6374559212839446,0.36254407871605554,0.0,0.0,0.0,41.0,0.0,0.0,0.6,21.5,18.0,186.0,440.0,15.6,5.2,89.0,1367.0,0.12,1.0,0.75,0.85,89.0,89.0,30.0,40.0,142.65263307675264,-52.65263307675262,328.35249974774695,0.0,0.0,0.0,0.0,0.0,0.0,0.2186588921282799,100.0,23.0,57.0,100.16,0.12,0.13175306,0.121643364,279.77975,0.1624549,0.2,0.0,0.0,0.0,0.0,20.977272727272727,26.965384615384618,57.688461538461546,37.7,37.7,False,57.0,63.150000000000006,2.35,0.0,,100.0,False,50.0,0.0,0.0,0.0,0.0,2026-09-26T23:30,interpolated_hourly,3,NNW,sun below horizon — no direct-sun posture,,,,not specified,Environmental scores are skin-type independent.,not personalized
2026-09-27 00:00:00,0.0,0.0,0.0,34.03202,-118.52633,86.0,42.10615158081055,1.0,0.0,0.20408163265306123,0.2860157299060042,0.5824175824175825,0.4175824175824176,0.6419706934706625,0.35802930652933757,0.0,0.0,0.0,42.0,0.0,0.0,0.6,21.5,18.0,186.0,440.0,15.6,5.2,89.0,1367.0,0.12,1.0,0.75,0.85,89.0,89.0,30.0,40.0,145.9521705195857,-55.95217051958571,339.53505246226814,0.0,0.0,0.0,0.0,0.0,0.0,0.20408163265306123,100.0,22.833333333333332,58.0,100.16,0.12,0.13175306,0.121643364,279.77975,0.1624549,0.2,0.0,0.0,0.0,0.0,19.363636363636363,26.907692307692308,58.369230769230775,37.9,37.9,False,58.0,63.1,2.2,0.0,,100.0,False,50.0,0.0,0.0,0.0,0.0,2026-09-27T00:00,interpolated_hourly,3,NNW,sun below horizon — no direct-sun posture,,,,not specified,Environmental scores are skin-type independent.,not personalized
2026-09-27 00:30:00,0.0,0.0,0.0,34.03202,-118.52633,86.0,42.10615158081055,1.0,0.0,0.18950437317784258,0.2655860349127182,0.5906593406593407,0.40934065934065933,0.6464854656573804,0.3535145343426196,0.0,0.0,0.0,41.0,0.0,0.0,0.6,21.5,18.0,186.0,440.0,15.6,5.2,89.0,1367.0,0.12,1.0,0.75,0.85,89.0,89.0,30.0,40.0,146.70659008086483,-56.706590080864835,173.22013222782817,0.0,0.0,0.0,0.0,0.0,0.0,0.18950437317784258,100.0,22.666666666666664,59.0,100.15,0.12,0.13175306,0.121643364,279.77975,0.1624549,0.2,0.0,0.0,0.0,0.0,17.75,26.85,59.050000000000004,38.1,38.1,False,59.0,63.05,2.1,0.0,,100.0,False,50.0,0.0,0.0,0.0,0.0,2026-09-27T00:30,interpolated_hourly,3,S,sun below horizon — no direct-sun posture,,,,not specified,Environmental scores are skin-type independent.,not personalized
2026-09-27 01:00:00,0.0,0.0,0.0,34.03202,-118.52633,86.0,42.10615158081055,1.0,0.0,0.1749271137026239,0.2451563399194322,0.5989010989010989,0.4010989010989011,0.6510002378440984,0.34899976215590167,0.0,0.0,0.0,40.0,0.0,0.0,0.6,21.5,18.0,186.0,440.0,15.6,5.2,89.0,1367.0,0.12,1.0,0.75,0.85,89.0,89.0,30.0,40.0,147.46100964214395,-57.461009642143964,6.905211993388207,0.0,0.0,0.0,0.0,0.0,0.0,0.1749271137026239,100.0,22.5,60.0,100.14,0.12,0.13175306,0.121643364,279.77975,0.1624549,0.2,0.0,0.0,0.0,0.0,16.136363636363637,26.792307692307695,59.73076923076923,38.300000000000004,38.300000000000004,False,60.0,63.0,2.0,0.0,,100.0,False,50.0,0.0,0.0,0.0,0.0,2026-09-27T01:00,interpolated_hourly,3,N,sun below horizon — no direct-sun posture,,,,not specified,Environmental scores are skin-type independent.,not personalized
2026-09-27 01:30:00,0.0,0.0,0.0,34.03202,-118.52633,86.0,42.10615158081055,1.0,0.0,0.16034985422740525,0.2247266449261462,0.6071428571428571,0.39285714285714285,0.6555150100308164,0.3444849899691837,0.0,0.0,0.0,39.0,0.0,0.0,0.6,21.5,18.0,186.0,440.0,15.6,5.2,89.0,1367.0,0.12,1.0,0.75,0.85,89.0,89.0,30.0,40.0,145.34958130936155,-55.349581309361554,19.651974240786444,0.0,0.0,0.0,0.0,0.0,0.0,0.16034985422740525,100.0,22.333333333333336,61.0,100.13,0.12,0.13175306,0.121643364,279.77975,0.1624549,0.2,0.0,0.0,0.0,0.0,14.522727272727273,26.734615384615385,60.41153846153847,38.5,38.5,False,61.0,63.05,1.9,0.0,,100.0,False,50.0,0.0,0.0,0.0,0.0,2026-09-27T01:30,interpolated_hourly,3,NNE,sun below horizon — no direct-sun posture,,,,not specified,Environmental scores are skin-type independent.,not personalized
2026-09-27 02:00:00,0.0,0.0,0.0,34.03202,-118.52633,86.0,42.10615158081055,1.0,0.0,0.1457725947521866,0.20429694993286018,0.6153846153846154,0.38461538461538464,0.6600297822175343,0.3399702177824657,0.0,0.0,0.0,38.0,0.0,0.0,0.6,21.5,18.0,186.0,440.0,15.6,5.2,89.0,1367.0,0.12,1.0,0.75,0.85,89.0,89.0,30.0,40.0,143.23815297657916,-53.23815297657915,32.39873648818468,0.0,0.0,0.0,0.0,0.0,0.0,0.1457725947521866,100.0,22.16666666666667,62.0,100.12,0.12,0.13175306,0.121643364,279.77975,0.1624549,0.2,0.0,0.0,0.0,0.0,12.90909090909091,26.676923076923078,61.0923076923077,38.7,38.7,False,62.0,63.1,1.8,0.0,,100.0,False,50.0,0.0,0.0,0.0,0.0,2026-09-27T02:00,interpolated_hourly,3,NNE,sun below horizon — no direct-sun posture,,,,not specified,Environmental scores are skin-type independent.,not personalized
2026-09-27 02:30:00,0.0,0.0,0.0,34.03202,-118.52633,86.0,42.10615158081055,1.0,0.0,0.13119533527696792,0.18386725493957418,0.6236263736263736,0.37637362637362637,0.6645445544042522,0.3354554455957478,0.0,0.0,0.0,35.0,0.0,0.0,0.6,21.5,18.0,186.0,440.0,15.6,5.2,89.0,1367.0,0.12,1.0,0.75,0.85,89.0,89.0,30.0,40.0,139.0642208763678,-49.0642208763678,41.973606589324675,0.0,0.0,0.0,0.0,0.0,0.0,0.13119533527696792,85.5,22.0,63.0,100.11,0.12,0.13175306,0.121643364,279.77975,0.1624549,0.2,0.0,0.0,0.0,0.0,11.295454545454547,26.61923076923077,61.77307692307693,38.9,38.9,False,63.0,63.05,1.6,0.0,,100.0,False,50.0,0.0,0.0,0.0,0.0,2026-09-27T02:30,interpolated_hourly,3,NE,sun below horizon — no direct-sun posture,,,,not specified,Environmental scores are skin-type independent.,not personalized
2026-09-27 03:00:00,0.0,0.0,0.0,34.03202,-118.52633,86.0,42.10615158081055,1.0,0.0,0.11661807580174927,0.1634375599462881,0.6318681318681318,0.36813186813186816,0.6690593265909702,0.33094067340902983,0.0,0.0,0.0,32.0,0.0,0.0,0.6,21.5,18.0,186.0,440.0,15.6,5.2,89.0,1367.0,0.12,1.0,0.75,0.85,89.0,89.0,30.0,40.0,134.89028877615644,-44.89028877615644,51.54847669046467,0.0,0.0,0.0,0.0,0.0,0.0,0.11661807580174927,71.0,21.833333333333332,64.0,100.1,0.12,0.13175306,0.121643364,279.77975,0.1624549,0.2,0.0,0.0,0.0,0.0,9.681818181818183,26.56153846153846,62.45384615384616,39.1,39.1,False,64.0,63.0,1.4,0.0,,100.0,False,50.0,0.0,0.0,0.0,0.0,2026-09-27T03:00,interpolated_hourly,2,NE,sun below horizon — no direct-sun posture,,,,not specified,Environmental scores are skin-type independent.,not personalized
2026-09-27 03:30:00,0.0,0.0,0.0,34.03202,-118.52633,86.0,42.10615158081055,1.0,0.0,0.10204081632653061,0.1430078649530021,0.6401098901098901,0.3598901098901099,0.6735740987776881,0.32642590122231185,0.0,0.0,0.0,30.5,0.0,0.0,0.6,21.5,18.0,186.0,440.0,15.6,5.2,89.0,1367.0,0.12,1.0,0.75,0.85,89.0,89.0,30.0,40.0,129.59088825534076,-39.590888255340765,58.46919513434105,0.0,0.0,0.0,0.0,0.0,0.0,0.10204081632653061,51.0,21.694444444444443,64.5,100.095,0.12,0.13175306,0.121643364,279.77975,0.1624549,0.2,0.0,0.0,0.0,0.0,8.06818181818182,26.503846153846155,63.13461538461539,39.300000000000004,39.300000000000004,False,64.5,62.85,1.15,0.0,,100.0,False,50.0,0.0,0.0,0.0,0.0,2026-09-27T03:30,interpolated_hourly,2,ENE,sun below horizon — no direct-sun posture,,,,not specified,Environmental scores are skin-type independent.,not personalized
2026-09-27 04:00:00,0.0,0.0,0.0,34.03202,-118.52633,86.0,42.10615158081055,1.0,0.0,0.08746355685131196,0.1225781699597161,0.6483516483516484,0.3516483516483516,0.6780888709644061,0.32191112903559393,0.0,0.0,0.0,29.0,0.0,0.0,0.6,21.5,18.0,186.0,440.0,15.6,5.2,89.0,1367.0,0.12,1.0,0.75,0.85,89.0,89.0,30.0,40.0,124.29148773452509,-34.29148773452509,65.38991357821743,0.0,0.0,0.0,0.0,0.0,0.0,0.08746355685131196,31.0,21.555555555555554,65.0,100.09,0.12,0.13175306,0.121643364,279.77975,0.1624549,0.2,0.0,0.0,0.0,0.0,6.454545454545453,26.446153846153848,63.81538461538462,39.5,39.5,False,65.0,62.7,0.9,0.0,,100.0,False,50.0,0.0,0.0,0.0,0.0,2026-09-27T04:00,interpolated_hourly,1,ENE,sun below horizon — no direct-sun posture,,,,not specified,Environmental scores are skin-type independent.,not personalized
2026-09-27 04:30:00,0.0,0.0,0.0,34.03202,-118.52633,86.0,42.10615158081055,1.0,0.0,0.07288629737609326,0.10214847496643009,0.6565934065934066,0.3434065934065934,0.6826036431511241,0.31739635684887596,0.0,0.0,0.0,29.5,0.0,0.0,0.6,21.5,18.0,186.0,440.0,15.6,5.2,89.0,1367.0,0.12,1.0,0.75,0.85,89.0,89.0,30.0,40.0,118.43040428706544,-28.430404287065436,70.72711601500347,0.0,0.0,0.0,0.0,0.0,0.0,0.07288629737609326,16.5,21.47222222222222,65.5,100.09,0.12,0.13175306,0.121643364,279.77975,0.1624549,0.2,0.0,0.0,0.0,0.0,4.84090909090909,26.38846153846154,64.49615384615385,39.7,39.7,False,65.5,62.7,0.7,0.0,,100.0,False,50.0,0.0,0.0,0.0,0.0,2026-09-27T04:30,interpolated_hourly,1,ENE,sun below horizon — no direct-sun posture,,,,not specified,Environmental scores are skin-type independent.,not personalized
2026-09-27 05:00:00,0.0,0.0,0.0,34.03202,-118.52633,86.0,42.10615158081055,1.0,0.0,0.058309037900874605,0.08171877997314408,0.6648351648351648,0.3351648351648352,0.687118415337842,0.312881584662158,0.0,0.0,0.0,30.0,0.0,0.0,0.6,21.5,18.0,186.0,440.0,15.6,5.2,89.0,1367.0,0.12,1.0,0.75,0.85,89.0,89.0,30.0,40.0,112.56932083960578,-22.569320839605776,76.06431845178952,0.0,0.0,0.0,0.0,0.0,0.0,0.058309037900874605,2.0,21.38888888888889,66.0,100.09,0.12,0.13175306,0.121643364,279.77975,0.1624549,0.2,0.0,0.0,0.0,0.0,3.2272727272727266,26.33076923076923,65.17692307692309,39.900000000000006,39.900000000000006,False,66.0,62.7,0.5,0.0,,100.0,False,50.0,0.0,0.0,0.0,0.0,2026-09-27T05:00,interpolated_hourly,0,ENE,sun below horizon — no direct-sun posture,,,,not specified,Environmental scores are skin-type independent.,not personalized
2026-09-27 05:30:00,0.0,0.0,0.0,34.03202,-118.52633,86.0,42.10615158081055,1.0,0.0,0.043731778425655954,0.06128908497985808,0.6730769230769231,0.3269230769230769,0.6916331875245599,0.30836681247544007,0.0,0.0,0.0,30.0,0.0,0.0,0.6,21.5,18.0,186.0,440.0,15.6,5.2,89.0,1367.0,0.12,1.0,0.75,0.85,89.0,89.0,30.0,40.0,106.44623477529504,-16.44623477529504,80.58801689311687,0.0,0.0,0.0,0.0,0.0,0.0,0.043731778425655954,1.0,21.416666666666668,66.0,100.1,0.12,0.13175306,0.121643364,279.77975,0.1624549,0.2,0.0,0.0,0.0,0.0,1.6136363636363669,26.273076923076925,65.85769230769232,40.1,40.1,False,66.0,62.75,0.45,0.0,,100.0,False,50.0,0.0,0.0,0.0,0.0,2026-09-27T05:30,interpolated_hourly,0,E,sun below horizon — no direct-sun posture,,,,not specified,Environmental scores are skin-type independent.,not personalized
2026-09-27 06:00:00,0.0,0.0,0.0,34.03202,-118.52633,86.0,42.10615158081055,1.0,0.0,0.029154518950437303,0.04085938998657207,0.6813186813186813,0.31868131868131866,0.696147959711278,0.3038520402887221,0.0,0.0,0.0,30.0,0.0,0.0,0.6,21.5,18.0,186.0,440.0,15.6,5.2,89.0,1367.0,0.12,1.0,0.75,0.85,89.0,89.0,30.0,40.0,100.3231487109843,-10.323148710984302,85.11171533444423,0.0,0.0,0.0,0.0,0.0,0.0,0.029154518950437303,0.0,21.444444444444443,66.0,100.11,0.12,0.13175306,0.121643364,279.77975,0.1624549,0.2,0.0,0.0,0.0,0.0,0.0,26.215384615384618,66.53846153846155,40.300000000000004,40.300000000000004,False,66.0,62.8,0.4,0.0,,100.0,False,50.0,0.0,0.0,0.0,0.0,2026-09-27T06:00,interpolated_hourly,0,E,sun below horizon — no direct-sun posture,,,,not specified,Environmental scores are skin-type independent.,not personalized
2026-09-27 06:30:00,0.0,2.1,24.85,34.03202,-118.52633,86.0,42.10615158081055,1.0,0.0,0.014577259475218651,0.020429694993286063,0.6895604395604396,0.31043956043956045,0.7006627318979959,0.2993372681020041,0.0,0.0,0.0,30.0,0.0,0.0,0.675,21.5,18.0,186.0,440.0,15.6,5.2,89.0,1367.0,0.12,1.0,0.75,0.85,89.0,89.0,30.0,40.0,93.9811184324596,-3.9811184324596045,89.33945970917696,1.4039739889444587,4.287321587472343,1.2273619542604488,0.0,0.0,0.0,0.014577259475218651,0.0,21.555555555555557,65.5,100.13,0.12,0.13175306,0.121643364,279.77975,0.1624549,0.2,0.0,0.0,0.0,0.0,0.0,26.157692307692308,67.21923076923078,40.5,40.5,False,65.5,62.849999999999994,0.55,0.0,,100.0,False,50.0,0.0,0.0,0.0,0.0,2026-09-27T06:30,interpolated_hourly,0,E,sun below horizon — no direct-sun posture,,,,not specified,Environmental scores are skin-type independent.,not personalized
2026-09-27 07:00:00,1.0,4.2,49.7,34.03202,-118.52633,86.0,42.10615158081055,1.0,0.0,0.0,0.0,0.6978021978021978,0.30219780219780223,0.7051775040847138,0.2948224959152862,0.0,0.0,0.0,30.0,0.0,0.0,0.75,21.5,18.0,186.0,440.0,15.6,5.2,89.0,1367.0,0.12,1.0,0.75,0.85,89.0,89.0,30.0,40.0,87.6390881539349,2.3609118460650933,93.5672040839097,2.8079479778889174,8.574643174944686,2.4547239085208976,0.0,0.0,0.0,0.0,0.0,21.666666666666668,65.0,100.15,0.12,0.13175306,0.121643364,279.77975,0.1624549,0.2,0.257,0.0,0.1,0.0,0.0,26.1,67.9,40.7,40.7,False,65.0,62.9,0.7,0.0,87.6,100.0,False,50.0,0.5,0.5,0.0,0.0,2026-09-27T07:00,interpolated_hourly,0,E,"sun low 2° (E) — face E, lift torso ~88° toward the sun if comfortable",,,,not specified,Environmental scores are skin-type independent.,not personalized
2026-09-27 07:30:00,1.0,99.7,194.05,34.03202,-118.52633,86.0,42.10615158081055,1.0,0.0,0.2689549180327869,0.26832151300236406,0.706043956043956,0.29395604395604397,0.7096922762714318,0.2903077237285682,0.5,0.0,0.0,30.0,0.0,32.75,0.875,21.5,18.0,186.0,440.0,15.6,5.2,89.0,1367.0,0.12,1.0,0.75,0.85,89.0,89.0,30.0,40.0,81.59646472143022,8.403535278569775,97.91406127435926,79.50105875166751,193.48936040109984,32.12419180924309,52.5,254.90000000000003,15.0,0.2689549180327869,0.0,21.91666666666667,63.5,100.16499999999999,0.12,0.13175306,0.121643364,279.77975,0.1624549,0.2,2.12415,0.01639853652006788,2.0684951313059066,9.3,23.6,28.450000000000003,54.150000000000006,37.45,37.45,False,63.5,63.0,0.8,0.0,81.6,100.0,False,50.0,5.1,5.1,0.25099800796022265,52.56478775718405,2026-09-27T07:30,interpolated_hourly,0,E,"sun low 8° (E) — face E, lift torso ~82° toward the sun if comfortable",,,,not specified,Environmental scores are skin-type independent.,not personalized
2026-09-27 08:00:00,1.0,195.2,338.4,34.03202,-118.52633,86.0,42.10615158081055,1.0,0.0,0.5379098360655739,0.5366430260047281,0.7142857142857143,0.2857142857142857,0.7142070484581498,0.28579295154185025,1.0,0.0,0.0,30.0,0.0,65.5,1.0,21.5,18.0,186.0,440.0,15.6,5.2,89.0,1367.0,0.12,1.0,0.75,0.85,89.0,89.0,30.0,40.0,75.55384128892554,14.446158711074457,102.26091846480881,156.1941695254461,378.404077627255,61.79365970996528,105.0,509.8,30.0,0.5379098360655739,0.0,22.16666666666667,62.0,100.17999999999999,0.12,0.13175306,0.121643364,279.77975,0.1624549,0.2,5.812,0.0392,5.4,18.6,47.2,30.8,40.4,34.2,34.2,False,62.0,63.1,0.9,0.0,75.6,100.0,False,50.0,10.7,10.7,0.6,181.6,2026-09-27T08:00,interpolated_hourly,0,ESE,"sun low 14° (ESE) — face ESE, lift torso ~76° toward the sun if comfortable",,,,not specified,Environmental scores are skin-type independent.,not personalized
2026-09-27 08:30:00,1.0,334.2,470.4,34.03202,-118.52633,86.0,42.10615158081055,1.0,0.0,0.6091916044233194,0.6083779539054186,0.7779503105590062,0.2220496894409938,0.7778992284028605,0.22210077159713942,1.0,0.0,-2.842170943040401e-14,30.5,0.0,71.35,1.0,21.5,18.0,186.0,440.0,15.6,5.2,89.0,1367.0,0.12,1.0,0.75,0.85,89.0,89.0,30.0,40.0,69.63690185423934,20.363098145760667,107.16493038761956,260.60693174316265,491.89980860315944,79.38456972469625,213.5,644.2,40.5,0.6091916044233194,0.0,22.750000000000004,59.0,100.19,0.12,0.13175306,0.121643364,279.77975,0.1624549,0.2,11.551695371919719,0.1346083042971981,11.228532693182167,28.2,50.2,36.1,36.9,36.400000000000006,36.400000000000006,False,59.0,63.25,1.4,0.0,69.6,100.0,False,50.0,17.9,17.9,1.3589311190062219,288.78017475229905,2026-09-27T08:30,interpolated_hourly,0,ESE,"sun low 20° (ESE) — face ESE, lift torso ~70° toward the sun if comfortable",,,,not specified,Environmental scores are skin-type independent.,not personalized
2026-09-27 09:00:00,1.0,473.2,602.4,34.03202,-118.52633,86.0,42.10615158081055,1.0,0.0,0.6804733727810651,0.680112881806109,0.8416149068322981,0.15838509316770186,0.8415914083475714,0.15840859165242863,1.0,0.0,-5.684341886080802e-14,31.0,0.0,77.2,1.0,21.5,18.0,186.0,440.0,15.6,5.2,89.0,1367.0,0.12,1.0,0.75,0.85,89.0,89.0,30.0,40.0,63.71996241955313,26.280037580446873,112.06894231043032,365.0196939608792,605.3955395790639,96.97547973942721,322.0,778.6,51.0,0.6804733727810651,0.0,23.333333333333336,56.0,100.2,0.12,0.13175306,0.121643364,279.77975,0.1624549,0.2,17.840999999999998,0.23319999999999996,17.514818995569982,37.8,53.2,41.4,33.4,38.6,38.6,False,56.0,63.4,1.9,0.0,63.7,100.0,False,50.0,24.7,24.7,2.1499999999999995,409.69999999999993,2026-09-27T09:00,interpolated_hourly,0,ESE,"sun low 26° (ESE) — face ESE, lift torso ~64° toward the sun if comfortable",,,,not specified,Environmental scores are skin-type independent.,not personalized
2026-09-27 09:30:00,1.0,595.25,713.0999999999999,34.03202,-118.52633,86.0,42.10615158081055,1.0,0.0,0.7034041198214541,0.7031300024471185,0.8565080292318881,0.14349197076811196,0.8565195423549959,0.143480457645004,1.0,0.0,2.842170943040401e-14,32.0,0.0,81.55000000000001,1.0,21.5,18.0,186.0,440.0,15.6,5.2,89.0,1367.0,0.12,1.0,0.75,0.85,89.0,89.0,30.0,40.0,58.24547212562006,31.75452787437994,118.10842246773575,457.30343585576975,659.9362803281551,107.15115467009312,421.5,819.9000000000001,59.0,0.7034041198214541,0.0,24.083333333333336,52.0,100.20500000000001,0.12,0.13175306,0.121643364,279.77975,0.1624549,0.2,24.480145224487952,0.4258108621894425,23.8822021283752,46.8,51.650000000000006,44.5,31.1,39.8,39.8,False,52.0,63.5,2.9,0.0,58.2,100.0,False,50.0,30.8,30.8,2.905532941998548,505.8748179718992,2026-09-27T09:30,interpolated_hourly,0,ESE,"sun 32° up (ESE) — lay flat, or lift torso ~58° toward ESE to face it",,,,not specified,Environmental scores are skin-type independent.,not personalized
2026-09-27 10:00:00,1.0,717.3,823.8,34.03202,-118.52633,86.0,42.10615158081055,1.0,0.0,0.7263348668618431,0.7261471230881282,0.8714011516314779,0.12859884836852206,0.8714476763624205,0.1285523236375794,1.0,0.0,1.1368683772161603e-13,33.0,0.0,85.9,1.0,21.5,18.0,186.0,440.0,15.6,5.2,89.0,1367.0,0.12,1.0,0.75,0.85,89.0,89.0,30.0,40.0,52.770981831686996,37.229018168313004,124.14790262504118,549.5871777506603,714.4770210772465,117.32682960075903,521.0,861.2,67.0,0.7263348668618431,0.0,24.833333333333336,48.0,100.21000000000001,0.12,0.13175306,0.121643364,279.77975,0.1624549,0.2,30.933,0.6168,30.1,55.8,50.1,47.6,28.8,41.0,41.0,False,48.0,63.6,3.9,0.0,52.8,100.0,False,50.0,36.4,36.4,3.65,598.2,2026-09-27T10:00,interpolated_hourly,0,SE,"sun 37° up (SE) — lay flat, or lift torso ~53° toward SE to face it",,,,not specified,Environmental scores are skin-type independent.,not personalized
2026-09-27 10:30:00,1.0,814.05,905.5,34.03202,-118.52633,86.0,42.10615158081055,1.0,0.0,0.7381125366368944,0.7379722649476297,0.8800636797688868,0.11993632023111316,0.8801307552306563,0.11993679408034064,1.0,0.0,-0.04999999999989768,33.5,0.0,89.6,1.0,21.5,18.0,186.0,440.0,15.6,5.2,89.0,1367.0,0.12,1.0,0.75,0.85,89.0,89.0,30.0,40.0,48.155236692117946,41.844763307882054,132.11539580487965,618.8482138106472,742.3413148698098,123.55711503479816,602.0,884.2,71.5,0.7381125366368944,0.0,25.36111111111111,45.0,100.20500000000001,0.12,0.13175306,0.121643364,279.77975,0.1624549,0.2,36.40292264272806,0.8320174458899,35.582542950723784,63.65,45.95,53.55,26.0,43.9,43.9,False,45.0,63.5,4.65,0.0,48.2,100.0,False,50.0,41.1,41.1,4.341004226399442,674.1617775705996,2026-09-27T10:30,interpolated_hourly,0,SE,"sun 42° up (SE) — lay flat, or lift torso ~48° toward SE to face it",,,,not specified,Environmental scores are skin-type independent.,not personalized
2026-09-27 11:00:00,1.0,910.8,987.2,34.03202,-118.52633,86.0,42.10615158081055,1.0,0.0,0.7498902064119456,0.7497974068071313,0.8887262079062958,0.11127379209370425,0.8888138340988921,0.11132126452310187,1.0,0.0,-0.09999999999990905,34.0,0.0,93.3,1.0,21.5,18.0,186.0,440.0,15.6,5.2,89.0,1367.0,0.12,1.0,0.75,0.85,89.0,89.0,30.0,40.0,43.539491552548895,46.460508447451105,140.08288898471812,688.109249870634,770.205608662373,129.7874004688373,683.0,907.2,76.0,0.7498902064119456,0.0,25.888888888888886,42.0,100.2,0.12,0.13175306,0.121643364,279.77975,0.1624549,0.2,41.337,1.0411,40.6,71.5,41.8,59.5,23.2,46.8,46.8,False,42.0,63.4,5.4,0.0,43.5,100.0,False,50.0,45.3,45.3,5.0,740.2,2026-09-27T11:00,interpolated_hourly,0,SE,"sun 46° up (SE) — lay flat, or lift torso ~44° toward SE to face it",,,,not specified,Environmental scores are skin-type independent.,not personalized
2026-09-27 11:30:00,1.0,975.65,1034.5,34.03202,-118.52633,86.0,42.10615158081055,1.0,0.0,0.7608172800440314,0.7606909015917704,0.8957952334674691,0.10420476653253083,0.8958265887877952,0.10424096052320182,1.0,0.0,-0.049999999999954525,33.0,0.0,96.1,1.0,21.5,18.0,186.0,440.0,15.6,5.2,89.0,1367.0,0.12,1.0,0.75,0.85,89.0,89.0,30.0,40.0,40.47943059686614,49.52056940313386,150.68425661100792,728.3877640537612,783.1751364684462,133.07411369554376,743.0,928.0,77.0,0.7608172800440314,0.0,26.0,41.5,100.18,0.12,0.13175306,0.121643364,279.77975,0.1624549,0.2,45.05599033079016,1.1577553679596924,45.05175922043444,78.85,48.15,64.85,22.6,50.05,50.05,False,41.5,63.4,5.9,0.0,40.5,100.0,False,50.0,50.1,50.1,5.673056527446566,793.8899673528091,2026-09-27T11:30,interpolated_hourly,0,SSE,"sun 50° up (SSE) — lay flat, or lift torso ~40° toward SSE to face it",,,,not specified,Environmental scores are skin-type independent.,not personalized
2026-09-27 12:00:00,1.0,1040.5,1081.8,34.03202,-118.52633,86.0,42.10615158081055,1.0,0.0,0.7717443536761173,0.7715843963764097,0.9028642590286425,0.09713574097135741,0.9028393434766981,0.09716065652330177,1.0,0.0,0.0,32.0,0.0,98.9,1.0,21.5,18.0,186.0,440.0,15.6,5.2,89.0,1367.0,0.12,1.0,0.75,0.85,89.0,89.0,30.0,40.0,37.41936964118338,52.58063035881662,161.28562423729772,768.6662782368884,796.1446642745195,136.36082692225023,803.0,948.8,78.0,0.7717443536761173,0.0,26.11111111111111,41.0,100.16,0.12,0.13175306,0.121643364,279.77975,0.1624549,0.2,48.044,1.265,48.9,86.2,54.5,70.2,22.0,53.3,53.3,False,41.0,63.4,6.4,0.0,37.4,100.0,False,50.0,54.5,54.5,6.3,834.7,2026-09-27T12:00,interpolated_hourly,0,SSE,"sun 53° up (SSE) — lay flat, or lift torso ~37° toward SSE to face it",,,,not specified,Environmental scores are skin-type independent.,not personalized
2026-09-27 12:30:00,1.0,1069.05,1091.3,34.03202,-118.52633,86.0,42.10615158081055,1.0,0.0,0.7739917103657554,0.7738735935370421,0.9038969182467156,0.09610308175328433,0.9039009451465888,0.09609905485341119,1.0,0.0,-5.684341886080802e-14,31.0,0.0,98.95,1.0,21.5,18.0,186.0,440.0,15.6,5.2,89.0,1367.0,0.12,1.0,0.75,0.85,89.0,89.0,30.0,40.0,36.75059220106644,53.24940779893356,173.82997693044655,776.7996670144282,798.5363289607551,137.0012100331346,827.5,952.75,79.5,0.7739917103657554,0.0,25.97222222222222,41.0,100.125,0.12,0.13175306,0.121643364,279.77975,0.1624549,0.2,49.617570388965966,1.3261501129623816,50.47165207453679,88.15,57.8,70.7,21.65,53.5,53.5,False,41.0,63.2,7.0,0.0,36.8,100.0,False,50.0,56.1,56.1,6.503443769781816,851.986277628139,2026-09-27T12:30,interpolated_hourly,0,S,"sun 53° up (S) — lay flat, or lift torso ~37° toward S to face it",,,,not specified,Environmental scores are skin-type independent.,not personalized
2026-09-27 13:00:00,1.0,1097.6,1100.8,34.03202,-118.52633,86.0,42.10615158081055,1.0,0.0,0.7762390670553937,0.7761627906976745,0.9049295774647887,0.09507042253521127,0.9049625468164795,0.09503745318352061,1.0,0.0,-1.1368683772161603e-13,30.0,0.0,99.0,1.0,21.5,18.0,186.0,440.0,15.6,5.2,89.0,1367.0,0.12,1.0,0.75,0.85,89.0,89.0,30.0,40.0,36.081814760949506,53.918185239050494,186.37432962359534,784.9330557919682,800.9279936469906,137.641593144019,852.0,956.7,81.0,0.7762390670553937,0.0,25.833333333333336,41.0,100.09,0.12,0.13175306,0.121643364,279.77975,0.1624549,0.2,50.325,1.3757,51.4,90.1,61.1,71.2,21.3,53.7,53.7,False,41.0,63.0,7.6,0.0,36.1,100.0,False,50.0,57.3,57.3,6.65,854.4,2026-09-27T13:00,interpolated_hourly,0,S,"sun 54° up (S) — lay flat, or lift torso ~36° toward S to face it",,,,not specified,Environmental scores are skin-type independent.,not personalized
2026-09-27 13:30:00,1.0,1087.9,1071.9499999999998,34.03202,-118.52633,86.0,42.10615158081055,1.0,0.0,0.7739477657666136,0.7739025055012675,0.9031859425785482,0.09681405742145179,0.9031583761539225,0.09677950432812507,1.0,0.0,0.049999999999954525,29.0,0.0,98.95,1.0,21.5,18.0,186.0,440.0,15.6,5.2,89.0,1367.0,0.12,1.0,0.75,0.85,89.0,89.0,30.0,40.0,38.05013013548793,51.94986986451207,198.17457333123545,760.2946149849614,793.4587700070674,135.67876175776627,842.0,952.2,81.5,0.7739477657666136,0.0,25.72222222222222,41.5,100.06,0.12,0.13175306,0.121643364,279.77975,0.1624549,0.2,49.73323076428905,1.3226032269954642,50.62209339885012,88.35,65.05,69.75,22.05,53.05,53.05,False,41.5,63.0,8.1,0.0,38.1,100.0,False,50.0,56.8,56.8,6.528398052527256,836.9152034642435,2026-09-27T13:30,interpolated_hourly,0,SSW,"sun 52° up (SSW) — lay flat, or lift torso ~38° toward SSW to face it",,,,not specified,Environmental scores are skin-type independent.,not personalized
2026-09-27 14:00:00,1.0,1078.2,1043.1,34.03202,-118.52633,86.0,42.10615158081055,1.0,0.0,0.7716564644778334,0.7716422203048605,0.9014423076923077,0.0985576923076923,0.9013542054913655,0.09852155547272953,1.0,0.0,0.10000000000002274,28.0,0.0,98.9,1.0,21.5,18.0,186.0,440.0,15.6,5.2,89.0,1367.0,0.12,1.0,0.75,0.85,89.0,89.0,30.0,40.0,40.01844551002636,49.98155448997364,209.97481703887556,735.6561741779547,785.9895463671444,133.71593037151354,832.0,947.7,82.0,0.7716564644778334,0.0,25.61111111111111,42.0,100.03,0.12,0.13175306,0.121643364,279.77975,0.1624549,0.2,48.278,1.258,49.2,86.6,69.0,68.3,22.8,52.4,52.4,False,42.0,63.0,8.6,0.0,40.0,100.0,False,50.0,55.9,55.9,6.35,804.9,2026-09-27T14:00,interpolated_hourly,0,SSW,"sun 50° up (SSW) — lay flat, or lift torso ~40° toward SSW to face it",,,,not specified,Environmental scores are skin-type independent.,not personalized
2026-09-27 14:30:00,1.0,1030.85,977.8499999999999,34.03202,-118.52633,86.0,42.10615158081055,1.0,0.0,0.7666111503883829,0.7665465101085994,0.9013219549142446,0.09867804508575537,0.9012455298574975,0.09869235062455012,1.0,0.0,0.049999999999954525,28.0,0.0,96.9,1.0,21.5,18.0,186.0,440.0,15.6,5.2,89.0,1367.0,0.12,1.0,0.75,0.85,89.0,89.0,30.0,40.0,43.972680349879184,46.027319650120816,219.19692566801652,680.1370869799762,766.3324648332084,129.0015930460474,790.5,941.5,78.0,0.7666111503883829,0.0,25.61111111111111,42.0,100.005,0.12,0.13175306,0.121643364,279.77975,0.1624549,0.2,45.84291234449317,1.1192781731046344,46.013951572367986,80.44999999999999,70.4,59.95,24.65,47.599999999999994,47.599999999999994,False,42.0,63.0,8.75,0.0,44.0,100.0,False,50.0,52.5,52.5,5.824343624624869,756.2081360111621,2026-09-27T14:30,interpolated_hourly,0,SW,"sun 46° up (SW) — lay flat, or lift torso ~44° toward SW to face it",,,,not specified,Environmental scores are skin-type independent.,not personalized
2026-09-27 15:00:00,1.0,983.5,912.6,34.03202,-118.52633,86.0,42.10615158081055,1.0,0.0,0.7615658362989324,0.7614507999123383,0.9012016021361816,0.09879839786381843,0.9011368542236294,0.0988631457763707,1.0,0.0,-1.1368683772161603e-13,28.0,0.0,94.9,1.0,21.5,18.0,186.0,440.0,15.6,5.2,89.0,1367.0,0.12,1.0,0.75,0.85,89.0,89.0,30.0,40.0,47.926915189732014,42.073084810267986,228.41903429715748,624.6179997819978,746.6753832992725,124.28725572058124,749.0,935.3,74.0,0.7615658362989324,0.0,25.61111111111111,42.0,99.97999999999999,0.12,0.13175306,0.121643364,279.77975,0.1624549,0.2,42.643,0.9712,42.2,74.3,71.8,51.6,26.5,42.8,42.8,False,42.0,63.0,8.9,0.0,47.9,100.0,False,50.0,48.5,48.5,5.25,694.9,2026-09-27T15:00,interpolated_hourly,0,SW,"sun 42° up (SW) — lay flat, or lift torso ~48° toward SW to face it",,,,not specified,Environmental scores are skin-type independent.,not personalized
2026-09-27 15:30:00,1.0,901.8,815.35,34.03202,-118.52633,86.0,42.10615158081055,1.0,0.0,0.7514694197956069,0.7513562313167039,0.8922126431733539,0.10778735682664606,0.8921427273184652,0.10785727268153497,1.0,0.0,-1.1368683772161603e-13,30.5,0.0,90.7,1.0,21.5,18.0,186.0,440.0,15.6,5.2,89.0,1367.0,0.12,1.0,0.75,0.85,89.0,89.0,30.0,40.0,53.04678663844248,36.95321336155752,235.29730093088298,542.7140536209502,707.5560889944293,116.26509398374824,678.5,914.0,72.5,0.7514694197956069,0.0,25.583333333333332,42.0,99.95499999999998,0.12,0.13175306,0.121643364,279.77975,0.1624549,0.2,37.58810243612192,0.7808313750530056,37.27875279278519,66.05,80.9,47.650000000000006,29.2,41.2,41.2,False,42.0,62.95,8.850000000000001,0.0,53.0,100.0,False,50.0,44.6,44.6,4.641831760437212,618.0742752386217,2026-09-27T15:30,interpolated_hourly,0,SW,"sun 37° up (SW) — lay flat, or lift torso ~53° toward SW to face it",,,,not specified,Environmental scores are skin-type independent.,not personalized
2026-09-27 16:00:00,1.0,820.1,718.1,34.03202,-118.52633,86.0,42.10615158081055,1.0,0.0,0.7413730032922814,0.7412616627210694,0.8832236842105263,0.11677631578947369,0.8831486004133009,0.11685139958669924,1.0,0.0,-1.1368683772161603e-13,33.0,0.0,86.5,1.0,21.5,18.0,186.0,440.0,15.6,5.2,89.0,1367.0,0.12,1.0,0.75,0.85,89.0,89.0,30.0,40.0,58.16665808715294,31.833341912847057,242.17556756460849,460.81010745990244,668.436794689586,108.24293224691525,608.0,892.7,71.0,0.7413730032922814,0.0,25.555555555555557,42.0,99.92999999999999,0.12,0.13175306,0.121643364,279.77975,0.1624549,0.2,31.989,0.5848,31.9,57.8,90.0,43.7,31.9,39.6,39.6,False,42.0,62.9,8.8,0.0,58.2,100.0,False,50.0,40.0,40.0,4.0,532.3,2026-09-27T16:00,interpolated_hourly,0,WSW,"sun 32° up (WSW) — lay flat, or lift torso ~58° toward WSW to face it",,,,not specified,Environmental scores are skin-type independent.,not personalized
2026-09-27 16:30:00,1.0,709.5,595.5,34.03202,-118.52633,86.0,42.10615158081055,1.0,0.0,0.7229990746967334,0.7227137241497079,0.8693369605886755,0.1306630394113245,0.8693520779844282,0.13064792201557185,1.0,0.0,-5.684341886080802e-14,36.0,0.0,80.8,1.0,21.5,18.0,186.0,440.0,15.6,5.2,89.0,1367.0,0.12,1.0,0.75,0.85,89.0,89.0,30.0,40.0,63.90763218769246,26.09236781230754,247.5489421990789,360.456244576342,590.4203445868025,95.07156657554103,515.0,857.45,66.0,0.7229990746967334,0.0,25.472222222222225,42.0,99.91499999999999,0.12,0.13175306,0.121643364,279.77975,0.1624549,0.2,26.547182302211525,0.3902222689429083,26.33781124225118,49.8,94.95,35.85,33.6,35.1,35.1,False,42.0,62.8,8.55,0.0,63.9,100.0,False,50.0,34.4,34.4,3.28107299303729,434.2560559208974,2026-09-27T16:30,interpolated_hourly,0,WSW,"sun low 26° (WSW) — face WSW, lift torso ~64° toward the sun if comfortable",,,,not specified,Environmental scores are skin-type independent.,not personalized
2026-09-27 17:00:00,1.0,598.9,472.9,34.03202,-118.52633,86.0,42.10615158081055,1.0,0.0,0.7046251461011855,0.7041657855783464,0.8554502369668247,0.14454976303317535,0.8555555555555555,0.14444444444444446,1.0,0.0,0.0,39.0,0.0,75.1,1.0,21.5,18.0,186.0,440.0,15.6,5.2,89.0,1367.0,0.12,1.0,0.75,0.85,89.0,89.0,30.0,40.0,69.64860628823197,20.351393711768022,252.9223168335493,260.10238169278153,512.4038944840189,81.90020090416681,422.0,822.2,61.0,0.7046251461011855,0.0,25.388888888888893,42.0,99.9,0.12,0.13175306,0.121643364,279.77975,0.1624549,0.2,20.909,0.1942,20.6,41.8,99.9,28.0,35.3,30.6,30.6,False,42.0,62.7,8.3,0.0,69.6,100.0,False,50.0,28.5,28.5,2.55,333.0,2026-09-27T17:00,interpolated_hourly,0,WSW,"sun low 20° (WSW) — face WSW, lift torso ~70° toward the sun if comfortable",,,,not specified,Environmental scores are skin-type independent.,not personalized
2026-09-27 17:30:00,1.0,467.04999999999995,333.29999999999995,34.03202,-118.52633,86.0,42.10615158081055,1.0,0.0,0.6595918093274424,0.6587426759590236,0.8112202641144803,0.18877973588551972,0.8111952861952861,0.1888047138047138,1.0,0.0,0.0,36.0,0.0,66.94999999999999,1.0,21.5,18.0,186.0,440.0,15.6,5.2,89.0,1367.0,0.12,1.0,0.75,0.85,89.0,89.0,30.0,40.0,75.68649602416338,14.313503975836614,257.47452933585055,159.19791060213643,346.07889448111086,57.1603787437367,314.0,733.05,54.5,0.6595918093274424,0.0,25.138888888888893,42.0,99.9,0.12,0.13175306,0.121643364,279.77975,0.1624549,0.2,13.98425444037522,0.11667799428530673,14.22310709303885,32.2,99.95,28.1,44.45,33.85,33.85,False,42.0,62.3,7.8500000000000005,0.5,75.7,100.0,False,50.0,22.3,22.3,1.8323793669594008,221.61724915505715,2026-09-27T17:30,interpolated_hourly,0,WSW,"sun low 14° (WSW) — face WSW, lift torso ~76° toward the sun if comfortable",,,,not specified,Environmental scores are skin-type independent.,not personalized
2026-09-27 18:00:00,1.0,335.2,193.7,34.03202,-118.52633,86.0,42.10615158081055,1.0,0.0,0.6145584725536993,0.6133195663397006,0.7669902912621359,0.23300970873786409,0.7668350168350168,0.23316498316498316,1.0,0.0,0.0,33.0,0.0,58.8,1.0,21.5,18.0,186.0,440.0,15.6,5.2,89.0,1367.0,0.12,1.0,0.75,0.85,89.0,89.0,30.0,40.0,81.72438576009479,8.275614239905204,262.0267418381518,58.29343951149134,179.75389447820282,32.42055658330659,206.0,643.9,48.0,0.6145584725536993,0.0,24.88888888888889,42.0,99.9,0.12,0.13175306,0.121643364,279.77975,0.1624549,0.2,7.600000000000001,0.0414,8.24263671144921,22.6,100.0,28.2,53.6,37.1,37.1,False,42.0,61.9,7.4,1.0,81.7,100.0,False,50.0,15.4,15.4,1.15,118.80000000000001,2026-09-27T18:00,interpolated_hourly,0,W,"sun low 8° (W) — face W, lift torso ~82° toward the sun if comfortable",,,,not specified,Environmental scores are skin-type independent.,not personalized
2026-09-27 18:30:00,1.0,199.6,96.85,34.03202,-118.52633,86.0,42.10615158081055,1.0,0.0,0.5025917362768497,0.5897303522497122,0.7634951456310679,0.23650485436893204,0.7646569544066731,0.2353430455933268,0.8280597222222222,0.0,0.0,29.0,0.0,48.0,1.0,21.5,18.0,186.0,440.0,15.6,5.2,89.0,1367.0,0.12,1.0,0.75,0.85,89.0,89.0,30.0,40.0,87.97975159349839,2.0202484065016026,266.24984722811365,29.146719755745675,89.87694723910141,16.210278291653296,115.5,424.75,27.0,0.5025917362768497,0.0,24.555555555555557,42.0,99.91499999999999,0.12,0.13175306,0.121643364,279.77975,0.1624549,0.2,2.6599999999999997,0.017318862549255364,3.346331796611705,11.700000000000001,70.05,28.27307692307692,54.06153846153846,37.30769230769231,37.30769230769231,False,42.0,61.45,6.9,1.0,88.0,100.0,False,50.0,7.9,7.9,0.543829017247149,27.801248545948283,2026-09-27T18:30,interpolated_hourly,0,W,"sun low 2° (W) — face W, lift torso ~88° toward the sun if comfortable",,,,not specified,Environmental scores are skin-type independent.,not personalized
2026-09-27 19:00:00,0.0,64.0,0.0,34.03202,-118.52633,86.0,42.10615158081055,1.0,0.0,0.390625,0.5661411381597237,0.76,0.24,0.7624788919783295,0.23752110802167045,0.6561194444444445,0.0,0.0,25.0,0.0,37.2,1.0,21.5,18.0,186.0,440.0,15.6,5.2,89.0,1367.0,0.12,1.0,0.75,0.85,89.0,89.0,30.0,40.0,94.235117426902,-4.235117426901998,270.4729526180755,0.0,0.0,0.0,25.0,205.6,6.0,0.390625,0.0,24.22222222222222,42.0,99.92999999999999,0.12,0.13175306,0.121643364,279.77975,0.1624549,0.2,0.0,0.0,0.0,0.8,40.1,28.346153846153847,54.52307692307692,37.51538461538462,37.51538461538462,False,42.0,61.0,6.4,1.0,,100.0,False,50.0,0.0,0.0,0.0,0.0,2026-09-27T19:00,interpolated_hourly,0,W,sun below horizon — no direct-sun posture,,,,not specified,Environmental scores are skin-type independent.,not personalized
2026-09-27 19:30:00,0.0,32.0,0.0,34.03202,-118.52633,86.0,42.10615158081055,1.0,0.0,0.3743489583333333,0.5425519240697352,0.7579185520361991,0.2420814479638009,0.7603008295499858,0.23969917045001407,0.32805972222222224,0.0,0.0,25.0,0.0,18.6,0.8,21.5,18.0,186.0,440.0,15.6,5.2,89.0,1367.0,0.12,1.0,0.75,0.85,89.0,89.0,30.0,40.0,100.42898042739779,-10.428980427397782,274.77749450445845,0.0,0.0,0.0,12.5,102.8,3.0,0.3743489583333333,0.0,23.944444444444443,42.0,99.94,0.12,0.13175306,0.121643364,279.77975,0.1624549,0.2,0.0,0.0,0.0,0.4,38.27727272727273,28.41923076923077,54.98461538461539,37.723076923076924,37.723076923076924,False,42.0,60.6,5.9,1.0,,100.0,False,50.0,0.0,0.0,0.0,0.0,2026-09-27T19:30,interpolated_hourly,0,W,sun below horizon — no direct-sun posture,,,,not specified,Environmental scores are skin-type independent.,not personalized
2026-09-27 20:00:00,0.0,0.0,0.0,34.03202,-118.52633,86.0,42.10615158081055,1.0,0.0,0.3580729166666667,0.5189627099797467,0.7558371040723982,0.2441628959276018,0.7581227671216422,0.24187723287835772,0.0,0.0,0.0,25.0,0.0,0.0,0.6,21.5,18.0,186.0,440.0,15.6,5.2,89.0,1367.0,0.12,1.0,0.75,0.85,89.0,89.0,30.0,40.0,106.62284342789357,-16.622843427893567,279.0820363908413,0.0,0.0,0.0,0.0,0.0,0.0,0.3580729166666667,0.0,23.666666666666664,42.0,99.95,0.12,0.13175306,0.121643364,279.77975,0.1624549,0.2,0.0,0.0,0.0,0.0,36.45454545454545,28.49230769230769,55.44615384615385,37.93076923076923,37.93076923076923,False,42.0,60.2,5.4,1.0,,100.0,False,50.0,0.0,0.0,0.0,0.0,2026-09-27T20:00,interpolated_hourly,0,W,sun below horizon — no direct-sun posture,,,,not specified,Environmental scores are skin-type independent.,not personalized
2026-09-27 20:30:00,0.0,0.0,0.0,34.03202,-118.52633,86.0,42.10615158081055,1.0,0.0,0.341796875,0.4953734958897582,0.7537556561085973,0.2462443438914027,0.7559447046932986,0.24405529530670136,0.0,0.0,0.0,25.5,0.0,0.0,0.6,21.5,18.0,186.0,440.0,15.6,5.2,89.0,1367.0,0.12,1.0,0.75,0.85,89.0,89.0,30.0,40.0,112.65771004528223,-22.65771004528223,283.9167117712452,0.0,0.0,0.0,0.0,0.0,0.0,0.341796875,0.0,23.5,42.5,99.96000000000001,0.12,0.13175306,0.121643364,279.77975,0.1624549,0.2,0.0,0.0,0.0,0.0,34.63181818181818,28.565384615384616,55.90769230769231,38.13846153846154,38.13846153846154,False,42.5,60.05,4.6,1.0,,100.0,False,50.0,0.0,0.0,0.0,0.0,2026-09-27T20:30,interpolated_hourly,0,WNW,sun below horizon — no direct-sun posture,,,,not specified,Environmental scores are skin-type independent.,not personalized
2026-09-27 21:00:00,0.0,0.0,0.0,34.03202,-118.52633,86.0,42.10615158081055,1.0,0.0,0.3255208333333333,0.4717842817997697,0.7516742081447964,0.24832579185520362,0.7537666422649549,0.246233357735045,0.0,0.0,0.0,26.0,0.0,0.0,0.6,21.5,18.0,186.0,440.0,15.6,5.2,89.0,1367.0,0.12,1.0,0.75,0.85,89.0,89.0,30.0,40.0,118.69257666267089,-28.692576662670888,288.7513871516491,0.0,0.0,0.0,0.0,0.0,0.0,0.3255208333333333,0.0,23.333333333333336,43.0,99.97,0.12,0.13175306,0.121643364,279.77975,0.1624549,0.2,0.0,0.0,0.0,0.0,32.80909090909091,28.638461538461538,56.36923076923077,38.34615384615385,38.34615384615385,False,43.0,59.9,3.8,1.0,,100.0,False,50.0,0.0,0.0,0.0,0.0,2026-09-27T21:00,interpolated_hourly,0,WNW,sun below horizon — no direct-sun posture,,,,not specified,Environmental scores are skin-type independent.,not personalized
2026-09-27 21:30:00,0.0,0.0,0.0,34.03202,-118.52633,86.0,42.10615158081055,1.0,0.0,0.3092447916666667,0.44819506770978124,0.7495927601809955,0.25040723981900453,0.7515885798366113,0.24841142016338866,0.0,0.0,0.0,30.0,0.0,0.0,0.6,21.5,18.0,186.0,440.0,15.6,5.2,89.0,1367.0,0.12,1.0,0.75,0.85,89.0,89.0,30.0,40.0,124.34490176346945,-34.34490176346945,294.7431850346374,0.0,0.0,0.0,0.0,0.0,0.0,0.3092447916666667,0.0,23.22222222222222,43.5,99.975,0.12,0.13175306,0.121643364,279.77975,0.1624549,0.2,0.0,0.0,0.0,0.0,30.986363636363638,28.71153846153846,56.83076923076923,38.55384615384615,38.55384615384615,False,43.5,59.849999999999994,3.25,1.0,,100.0,False,50.0,0.0,0.0,0.0,0.0,2026-09-27T21:30,interpolated_hourly,0,WNW,sun below horizon — no direct-sun posture,,,,not specified,Environmental scores are skin-type independent.,not personalized
2026-09-27 22:00:00,0.0,0.0,0.0,34.03202,-118.52633,86.0,42.10615158081055,1.0,0.0,0.29296875,0.42460585361979275,0.7475113122171946,0.2524886877828054,0.7494105174082676,0.2505894825917323,0.0,0.0,0.0,34.0,0.0,0.0,0.6,21.5,18.0,186.0,440.0,15.6,5.2,89.0,1367.0,0.12,1.0,0.75,0.85,89.0,89.0,30.0,40.0,129.99722686426801,-39.99722686426801,300.7349829176257,0.0,0.0,0.0,0.0,0.0,0.0,0.29296875,0.0,23.11111111111111,44.0,99.97999999999999,0.12,0.13175306,0.121643364,279.77975,0.1624549,0.2,0.0,0.0,0.0,0.0,29.163636363636364,28.784615384615385,57.29230769230769,38.761538461538464,38.761538461538464,False,44.0,59.8,2.7,1.0,,100.0,False,50.0,0.0,0.0,0.0,0.0,2026-09-27T22:00,interpolated_hourly,0,WNW,sun below horizon — no direct-sun posture,,,,not specified,Environmental scores are skin-type independent.,not personalized
2026-09-27 22:30:00,0.0,0.0,0.0,34.03202,-118.52633,86.0,42.10615158081055,1.0,0.0,0.2766927083333333,0.40101663952980426,0.7454298642533936,0.2545701357466063,0.747232454979924,0.2527675450200759,0.0,0.0,0.0,37.0,0.0,0.0,0.6,21.5,18.0,186.0,440.0,15.6,5.2,89.0,1367.0,0.12,1.0,0.75,0.85,89.0,89.0,30.0,40.0,134.85961211696144,-44.85961211696146,308.837164826969,0.0,0.0,0.0,0.0,0.0,0.0,0.2766927083333333,0.0,22.944444444444443,44.5,99.98499999999999,0.12,0.13175306,0.121643364,279.77975,0.1624549,0.2,0.0,0.0,0.0,0.0,27.340909090909093,28.857692307692307,57.753846153846155,38.96923076923077,38.96923076923077,False,44.5,59.7,2.6,1.0,,100.0,False,50.0,0.0,0.0,0.0,0.0,2026-09-27T22:30,interpolated_hourly,0,NW,sun below horizon — no direct-sun posture,,,,not specified,Environmental scores are skin-type independent.,not personalized
2026-09-27 23:00:00,0.0,0.0,0.0,34.03202,-118.52633,86.0,42.10615158081055,1.0,0.0,0.26041666666666663,0.3774274254398158,0.7433484162895928,0.25665158371040725,0.7450543925515803,0.2549456074484196,0.0,0.0,0.0,40.0,0.0,0.0,0.6,21.5,18.0,186.0,440.0,15.6,5.2,89.0,1367.0,0.12,1.0,0.75,0.85,89.0,89.0,30.0,40.0,139.7219973696549,-49.7219973696549,316.93934673631225,0.0,0.0,0.0,0.0,0.0,0.0,0.26041666666666663,0.0,22.77777777777778,45.0,99.99,0.12,0.13175306,0.121643364,279.77975,0.1624549,0.2,0.0,0.0,0.0,0.0,25.51818181818182,28.93076923076923,58.215384615384615,39.176923076923075,39.176923076923075,False,45.0,59.6,2.5,1.0,,100.0,False,50.0,0.0,0.0,0.0,0.0,2026-09-27T23:00,interpolated_hourly,0,NW,sun below horizon — no direct-sun posture,,,,not specified,Environmental scores are skin-type independent.,not personalized
2026-09-27 23:30:00,0.0,0.0,0.0,34.03202,-118.52633,86.0,42.10615158081055,1.0,0.0,0.244140625,0.3538382113498273,0.7412669683257919,0.25873303167420814,0.7428763301232367,0.2571236698767632,0.0,0.0,0.0,40.0,0.0,0.0,0.6,21.5,18.0,186.0,440.0,15.6,5.2,89.0,1367.0,0.12,1.0,0.75,0.85,89.0,89.0,30.0,40.0,143.03549201707938,-53.03549201707936,328.20874547447465,0.0,0.0,0.0,0.0,0.0,0.0,0.244140625,0.0,22.555555555555557,46.0,99.98499999999999,0.12,0.13175306,0.121643364,279.77975,0.1624549,0.2,0.0,0.0,0.0,0.0,23.69545454545455,29.003846153846155,58.676923076923075,39.38461538461539,39.38461538461539,False,46.0,59.55,2.65,0.5,,100.0,False,50.0,0.0,0.0,0.0,0.0,2026-09-27T23:30,interpolated_hourly,0,NNW,sun below horizon — no direct-sun posture,,,,not specified,Environmental scores are skin-type independent.,not personalized
2026-09-28 00:00:00,0.0,0.0,0.0,34.03202,-118.52633,86.0,42.10615158081055,1.0,0.0,0.22786458333333334,0.3302489972598388,0.7391855203619909,0.260814479638009,0.740698267694893,0.25930173230510684,0.0,0.0,0.0,40.0,0.0,0.0,0.6,21.5,18.0,186.0,440.0,15.6,5.2,89.0,1367.0,0.12,1.0,0.75,0.85,89.0,89.0,30.0,40.0,146.34898666450383,-56.34898666450383,339.478144212637,0.0,0.0,0.0,0.0,0.0,0.0,0.22786458333333334,0.0,22.333333333333336,47.0,99.97999999999999,0.12,0.13175306,0.121643364,279.77975,0.1624549,0.2,0.0,0.0,0.0,0.0,21.872727272727275,29.076923076923077,59.138461538461534,39.59230769230769,39.59230769230769,False,47.0,59.5,2.8,0.0,,100.0,False,50.0,0.0,0.0,0.0,0.0,2026-09-28T00:00,interpolated_hourly,0,NNW,sun below horizon — no direct-sun posture,,,,not specified,Environmental scores are skin-type independent.,not personalized
2026-09-28 00:30:00,0.0,0.0,0.0,34.03202,-118.52633,86.0,42.10615158081055,1.0,0.0,0.21158854166666666,0.3066597831698503,0.7371040723981901,0.26289592760180996,0.7385202052665494,0.2614797947334505,0.0,0.0,0.0,39.0,0.0,0.0,0.6,21.5,18.0,186.0,440.0,15.6,5.2,89.0,1367.0,0.12,1.0,0.75,0.85,89.0,89.0,30.0,40.0,147.09416164433532,-57.09416164433533,173.30734658447201,0.0,0.0,0.0,0.0,0.0,0.0,0.21158854166666666,0.0,22.083333333333336,48.0,99.965,0.12,0.13175306,0.121643364,279.77975,0.1624549,0.2,0.0,0.0,0.0,0.0,20.05,29.150000000000002,59.599999999999994,39.8,39.8,False,48.0,59.4,2.9,0.0,,100.0,False,50.0,0.0,0.0,0.0,0.0,2026-09-28T00:30,interpolated_hourly,0,S,sun below horizon — no direct-sun posture,,,,not specified,Environmental scores are skin-type independent.,not personalized
2026-09-28 01:00:00,0.0,0.0,0.0,34.03202,-118.52633,86.0,42.10615158081055,1.0,0.0,0.1953125,0.28307056907986183,0.7350226244343891,0.26497737556561085,0.7363421428382058,0.26365785716179413,0.0,0.0,0.0,38.0,0.0,0.0,0.6,21.5,18.0,186.0,440.0,15.6,5.2,89.0,1367.0,0.12,1.0,0.75,0.85,89.0,89.0,30.0,40.0,147.83933662416683,-57.83933662416683,7.136548956307024,0.0,0.0,0.0,0.0,0.0,0.0,0.1953125,0.0,21.833333333333332,49.0,99.95,0.12,0.13175306,0.121643364,279.77975,0.1624549,0.2,0.0,0.0,0.0,0.0,18.22727272727273,29.223076923076924,60.06153846153846,40.00769230769231,40.00769230769231,False,49.0,59.3,3.0,0.0,,100.0,False,50.0,0.0,0.0,0.0,0.0,2026-09-28T01:00,interpolated_hourly,0,N,sun below horizon — no direct-sun posture,,,,not specified,Environmental scores are skin-type independent.,not personalized
2026-09-28 01:30:00,0.0,0.0,0.0,34.03202,-118.52633,86.0,42.10615158081055,1.0,0.0,0.17903645833333334,0.25948135498987335,0.7329411764705882,0.2670588235294118,0.7341640804098621,0.2658359195901378,0.0,0.0,0.0,36.5,0.0,0.0,0.6,21.5,18.0,186.0,440.0,15.6,5.2,89.0,1367.0,0.12,1.0,0.75,0.85,89.0,89.0,30.0,40.0,145.6937770719854,-55.6937770719854,19.976928027641776,0.0,0.0,0.0,0.0,0.0,0.0,0.17903645833333334,0.0,21.61111111111111,50.0,99.94,0.12,0.13175306,0.121643364,279.77975,0.1624549,0.2,0.0,0.0,0.0,0.0,16.404545454545456,29.296153846153846,60.52307692307692,40.215384615384615,40.215384615384615,False,50.0,59.2,3.15,0.0,,100.0,False,50.0,0.0,0.0,0.0,0.0,2026-09-28T01:30,interpolated_hourly,0,NNE,sun below horizon — no direct-sun posture,,,,not specified,Environmental scores are skin-type independent.,not personalized
2026-09-28 02:00:00,0.0,0.0,0.0,34.03202,-118.52633,86.0,42.10615158081055,1.0,0.0,0.16276041666666666,0.23589214089988486,0.7308597285067874,0.2691402714932127,0.7319860179815185,0.2680139820184814,0.0,0.0,0.0,35.0,0.0,0.0,0.6,21.5,18.0,186.0,440.0,15.6,5.2,89.0,1367.0,0.12,1.0,0.75,0.85,89.0,89.0,30.0,40.0,143.54821751980398,-53.54821751980397,32.81730709897653,0.0,0.0,0.0,0.0,0.0,0.0,0.16276041666666666,0.0,21.38888888888889,51.0,99.92999999999999,0.12,0.13175306,0.121643364,279.77975,0.1624549,0.2,0.0,0.0,0.0,0.0,14.581818181818186,29.36923076923077,60.98461538461538,40.42307692307693,40.42307692307693,False,51.0,59.1,3.3,0.0,,100.0,False,50.0,0.0,0.0,0.0,0.0,2026-09-28T02:00,interpolated_hourly,0,NNE,sun below horizon — no direct-sun posture,,,,not specified,Environmental scores are skin-type independent.,not personalized
2026-09-28 02:30:00,0.0,0.0,0.0,34.03202,-118.52633,86.0,42.10615158081055,1.0,0.0,0.146484375,0.21230292680989638,0.7287782805429864,0.27122171945701357,0.7298079555531748,0.2701920444468251,0.0,0.0,0.0,36.0,0.0,0.0,0.6,21.5,18.0,186.0,440.0,15.6,5.2,89.0,1367.0,0.12,1.0,0.75,0.85,89.0,89.0,30.0,40.0,139.3392123439781,-49.339212343978076,42.40750629054244,0.0,0.0,0.0,0.0,0.0,0.0,0.146484375,0.0,21.222222222222225,51.5,99.91999999999999,0.12,0.13175306,0.121643364,279.77975,0.1624549,0.2,0.0,0.0,0.0,0.0,12.759090909090911,29.442307692307693,61.44615384615384,40.63076923076923,40.63076923076923,False,51.5,58.95,3.3,0.0,,100.0,False,50.0,0.0,0.0,0.0,0.0,2026-09-28T02:30,interpolated_hourly,0,NE,sun below horizon — no direct-sun posture,,,,not specified,Environmental scores are skin-type independent.,not personalized
2026-09-28 03:00:00,0.0,0.0,0.0,34.03202,-118.52633,86.0,42.10615158081055,1.0,0.0,0.13020833333333331,0.1887137127199079,0.7266968325791856,0.2733031674208145,0.7276298931248312,0.2723701068751687,0.0,0.0,0.0,37.0,0.0,0.0,0.6,21.5,18.0,186.0,440.0,15.6,5.2,89.0,1367.0,0.12,1.0,0.75,0.85,89.0,89.0,30.0,40.0,135.1302071681522,-45.13020716815218,51.99770548210836,0.0,0.0,0.0,0.0,0.0,0.0,0.13020833333333331,0.0,21.05555555555556,52.0,99.91,0.12,0.13175306,0.121643364,279.77975,0.1624549,0.2,0.0,0.0,0.0,0.0,10.936363636363637,29.515384615384615,61.9076923076923,40.83846153846154,40.83846153846154,False,52.0,58.8,3.3,0.0,,100.0,False,50.0,0.0,0.0,0.0,0.0,2026-09-28T03:00,interpolated_hourly,0,NE,sun below horizon — no direct-sun posture,,,,not specified,Environmental scores are skin-type independent.,not personalized
2026-09-28 03:30:00,0.0,0.0,0.0,34.03202,-118.52633,86.0,42.10615158081055,1.0,0.0,0.11393229166666669,0.1651244986299194,0.7246153846153847,0.2753846153846154,0.7254518306964876,0.27454816930351233,0.0,0.0,0.0,38.0,0.0,0.0,0.6,21.5,18.0,186.0,440.0,15.6,5.2,89.0,1367.0,0.12,1.0,0.75,0.85,89.0,89.0,30.0,40.0,129.80636346039614,-39.80636346039614,58.905367661464766,0.0,0.0,0.0,0.0,0.0,0.0,0.11393229166666669,0.0,20.91666666666667,52.5,99.9,0.12,0.13175306,0.121643364,279.77975,0.1624549,0.2,0.0,0.0,0.0,0.0,9.113636363636367,29.58846153846154,62.36923076923077,41.04615384615385,41.04615384615385,False,52.5,58.7,3.25,0.0,,100.0,False,50.0,0.0,0.0,0.0,0.0,2026-09-28T03:30,interpolated_hourly,0,ENE,sun below horizon — no direct-sun posture,,,,not specified,Environmental scores are skin-type independent.,not personalized
2026-09-28 04:00:00,0.0,0.0,0.0,34.03202,-118.52633,86.0,42.10615158081055,1.0,0.0,0.09765625,0.14153528453993092,0.7225339366515837,0.2774660633484163,0.7232737682681439,0.276726231731856,0.0,0.0,0.0,39.0,0.0,0.0,0.6,21.5,18.0,186.0,440.0,15.6,5.2,89.0,1367.0,0.12,1.0,0.75,0.85,89.0,89.0,30.0,40.0,124.4825197526401,-34.4825197526401,65.81302984082117,0.0,0.0,0.0,0.0,0.0,0.0,0.09765625,0.0,20.777777777777782,53.0,99.89,0.12,0.13175306,0.121643364,279.77975,0.1624549,0.2,0.0,0.0,0.0,0.0,7.290909090909096,29.661538461538463,62.83076923076923,41.253846153846155,41.253846153846155,False,53.0,58.6,3.2,0.0,,100.0,False,50.0,0.0,0.0,0.0,0.0,2026-09-28T04:00,interpolated_hourly,0,ENE,sun below horizon — no direct-sun posture,,,,not specified,Environmental scores are skin-type independent.,not personalized
2026-09-28 04:30:00,0.0,0.0,0.0,34.03202,-118.52633,86.0,42.10615158081055,1.0,0.0,0.08138020833333331,0.11794607044994243,0.7204524886877829,0.2795475113122172,0.7210957058398002,0.27890429416019963,0.0,0.0,0.0,39.5,0.0,0.0,0.6,21.5,18.0,186.0,440.0,15.6,5.2,89.0,1367.0,0.12,1.0,0.75,0.85,89.0,89.0,30.0,40.0,118.60708531558262,-28.607085315582612,71.13555385304812,0.0,0.0,0.0,0.0,0.0,0.0,0.08138020833333331,0.0,20.722222222222225,52.5,99.88499999999999,0.12,0.13175306,0.121643364,279.77975,0.1624549,0.2,0.0,0.0,0.0,0.0,5.468181818181819,29.734615384615385,63.29230769230769,41.46153846153846,41.46153846153846,False,52.5,58.400000000000006,2.85,0.0,,100.0,False,50.0,0.0,0.0,0.0,0.0,2026-09-28T04:30,interpolated_hourly,0,ENE,sun below horizon — no direct-sun posture,,,,not specified,Environmental scores are skin-type independent.,not personalized
2026-09-28 05:00:00,0.0,0.0,0.0,34.03202,-118.52633,86.0,42.10615158081055,1.0,0.0,0.06510416666666669,0.09435685635995394,0.718371040723982,0.2816289592760181,0.7189176434114566,0.2810823565885433,0.0,0.0,0.0,40.0,0.0,0.0,0.6,21.5,18.0,186.0,440.0,15.6,5.2,89.0,1367.0,0.12,1.0,0.75,0.85,89.0,89.0,30.0,40.0,112.73165087852513,-22.731650878525123,76.45807786527507,0.0,0.0,0.0,0.0,0.0,0.0,0.06510416666666669,0.0,20.666666666666668,52.0,99.88,0.12,0.13175306,0.121643364,279.77975,0.1624549,0.2,0.0,0.0,0.0,0.0,3.645454545454548,29.80769230769231,63.75384615384615,41.66923076923077,41.66923076923077,False,52.0,58.2,2.5,0.0,,100.0,False,50.0,0.0,0.0,0.0,0.0,2026-09-28T05:00,interpolated_hourly,0,ENE,sun below horizon — no direct-sun posture,,,,not specified,Environmental scores are skin-type independent.,not personalized
2026-09-28 05:30:00,0.0,0.0,0.0,34.03202,-118.52633,86.0,42.10615158081055,1.0,0.0,0.048828125,0.07076764226996546,0.716289592760181,0.283710407239819,0.716739580983113,0.2832604190168869,0.0,0.0,0.0,41.0,0.0,0.0,0.6,21.5,18.0,186.0,440.0,15.6,5.2,89.0,1367.0,0.12,1.0,0.75,0.85,89.0,89.0,30.0,40.0,106.60194448333576,-16.601944483335757,80.97247836550298,0.0,0.0,0.0,0.0,0.0,0.0,0.048828125,0.0,20.722222222222225,50.5,99.895,0.12,0.13175306,0.121643364,279.77975,0.1624549,0.2,0.0,0.0,0.0,0.0,1.8227272727272776,29.880769230769232,64.21538461538461,41.87692307692308,41.87692307692308,False,50.5,57.900000000000006,1.9,0.0,,100.0,False,50.0,0.0,0.0,0.0,0.0,2026-09-28T05:30,interpolated_hourly,0,E,sun below horizon — no direct-sun posture,,,,not specified,Environmental scores are skin-type independent.,not personalized
2026-09-28 06:00:00,0.0,0.0,0.0,34.03202,-118.52633,86.0,42.10615158081055,1.0,0.0,0.032552083333333315,0.04717842817997697,0.7142081447963802,0.28579185520361994,0.7145615185547693,0.28543848144523054,0.0,0.0,0.0,42.0,0.0,0.0,0.6,21.5,18.0,186.0,440.0,15.6,5.2,89.0,1367.0,0.12,1.0,0.75,0.85,89.0,89.0,30.0,40.0,100.4722380881464,-10.472238088146394,85.48687886573089,0.0,0.0,0.0,0.0,0.0,0.0,0.032552083333333315,0.0,20.777777777777782,49.0,99.91,0.12,0.13175306,0.121643364,279.77975,0.1624549,0.2,0.0,0.0,0.0,0.0,0.0,29.953846153846154,64.67692307692307,42.08461538461538,42.08461538461538,False,49.0,57.6,1.3,0.0,,100.0,False,50.0,0.0,0.0,0.0,0.0,2026-09-28T06:00,interpolated_hourly,0,E,sun below horizon — no direct-sun posture,,,,not specified,Environmental scores are skin-type independent.,not personalized
2026-09-28 06:30:00,0.0,1.8,23.1,34.03202,-118.52633,86.0,42.10615158081055,1.0,0.0,0.016276041666666685,0.023589214089988486,0.7121266968325792,0.2878733031674208,0.7123834561264257,0.2876165438735742,0.0,0.0,0.0,42.5,0.0,0.0,0.675,21.5,18.0,186.0,440.0,15.6,5.2,89.0,1367.0,0.12,1.0,0.75,0.85,89.0,89.0,30.0,40.0,94.1251343995597,-4.1251343995597,89.71177802315472,1.190917264507739,3.5884061421475324,1.0517913132939154,0.0,0.0,0.0,0.016276041666666685,0.0,20.91666666666667,46.5,99.93,0.12,0.13175306,0.121643364,279.77975,0.1624549,0.2,0.0,0.0,0.0,0.0,0.0,30.02692307692308,65.13846153846153,42.292307692307695,42.292307692307695,False,46.5,57.150000000000006,1.05,0.0,,100.0,False,50.0,0.0,0.0,0.0,0.0,2026-09-28T06:30,interpolated_hourly,0,E,sun below horizon — no direct-sun posture,,,,not specified,Environmental scores are skin-type independent.,not personalized
2026-09-28 07:00:00,1.0,3.6,46.2,34.03202,-118.52633,86.0,42.10615158081055,1.0,0.0,0.0,0.0,0.7100452488687783,0.2899547511312217,0.710205393698082,0.28979460630191783,0.0,0.0,0.0,43.0,0.0,0.0,0.75,21.5,18.0,186.0,440.0,15.6,5.2,89.0,1367.0,0.12,1.0,0.75,0.85,89.0,89.0,30.0,40.0,87.77803071097301,2.221969289026993,93.93667718057856,2.381834529015478,7.176812284295064,2.103582626587831,0.0,0.0,0.0,0.0,0.0,21.05555555555556,44.0,99.95,0.12,0.13175306,0.121643364,279.77975,0.1624549,0.2,0.367,0.0,0.2,0.0,0.0,30.1,65.6,42.5,42.5,False,44.0,56.7,0.8,0.0,87.8,100.0,False,50.0,0.5,0.5,0.0,0.0,2026-09-28T07:00,interpolated_hourly,0,E,"sun low 2° (E) — face E, lift torso ~88° toward the sun if comfortable",,,,not specified,Environmental scores are skin-type independent.,not personalized
2026-09-28 07:30:00,1.0,97.7,190.55,34.03202,-118.52633,86.0,42.10615158081055,1.0,0.0,0.2659019812304484,0.26545237384293824,0.7079638009049775,0.29203619909502265,0.7080273312697384,0.2919726687302615,0.5,0.0,0.0,42.5,0.0,32.65,0.875,21.5,18.0,186.0,440.0,15.6,5.2,89.0,1367.0,0.12,1.0,0.75,0.85,89.0,89.0,30.0,40.0,81.74548427820523,8.254515721794771,98.28685936295912,77.97120300204476,190.7321755917573,31.64870114757901,51.0,246.99999999999997,15.0,0.2659019812304484,0.0,21.361111111111114,41.5,99.965,0.12,0.13175306,0.121643364,279.77975,0.1624549,0.2,2.11225,0.014348719455059394,2.061658241453922,9.25,23.5,33.6,50.699999999999996,39.55,39.55,False,41.5,56.55,1.2000000000000002,0.0,81.7,100.0,False,50.0,5.1,5.1,0.25099800796022265,51.0772163768914,2026-09-28T07:30,interpolated_hourly,0,E,"sun low 8° (E) — face E, lift torso ~82° toward the sun if comfortable",,,,not specified,Environmental scores are skin-type independent.,not personalized
2026-09-28 08:00:00,1.0,191.8,334.9,34.03202,-118.52633,86.0,42.10615158081055,1.0,0.0,0.5318039624608968,0.5309047476858765,0.7058823529411765,0.29411764705882354,0.7058492688413948,0.2941507311586051,1.0,0.0,0.0,42.0,0.0,65.3,1.0,21.5,18.0,186.0,440.0,15.6,5.2,89.0,1367.0,0.12,1.0,0.75,0.85,89.0,89.0,30.0,40.0,75.71293784543745,14.287062154562548,102.63704154533968,153.56057147507403,374.28753889921956,61.193819668570185,102.0,494.0,30.0,0.5318039624608968,0.0,21.666666666666668,39.0,99.97999999999999,0.12,0.13175306,0.121643364,279.77975,0.1624549,0.2,5.668,0.0343,5.3,18.5,47.0,37.1,35.8,36.6,36.6,False,39.0,56.4,1.6,0.0,75.7,100.0,False,50.0,10.6,10.6,0.6,177.8,2026-09-28T08:00,interpolated_hourly,0,ESE,"sun low 14° (ESE) — face ESE, lift torso ~76° toward the sun if comfortable",,,,not specified,Environmental scores are skin-type independent.,not personalized
2026-09-28 08:30:00,1.0,330.75,466.84999999999997,34.03202,-118.52633,86.0,42.10615158081055,1.0,0.0,0.6065449448242317,0.6059667359003865,0.7732536764705882,0.22674632352941176,0.7732287050435518,0.2267712949564482,1.0,0.0,0.0,40.0,0.0,71.15,1.0,21.5,18.0,186.0,440.0,15.6,5.2,89.0,1367.0,0.12,1.0,0.75,0.85,89.0,89.0,30.0,40.0,69.80857832783545,20.191421672164548,107.54938511077643,257.77773359182413,488.7973491793308,78.90507904344616,211.0,636.55,40.5,0.6065449448242317,0.0,22.361111111111114,36.0,99.99,0.12,0.13175306,0.121643364,279.77975,0.1624549,0.2,11.356810673282938,0.1277750647436082,11.029098477377214,28.1,49.9,45.75,30.9,40.55,40.55,False,36.0,56.45,1.65,0.0,69.8,100.0,False,50.0,17.9,17.9,1.3330474297053403,285.4925233000424,2026-09-28T08:30,interpolated_hourly,0,ESE,"sun low 20° (ESE) — face ESE, lift torso ~70° toward the sun if comfortable",,,,not specified,Environmental scores are skin-type independent.,not personalized
2026-09-28 09:00:00,1.0,469.7,598.8,34.03202,-118.52633,86.0,42.10615158081055,1.0,0.0,0.6812859271875665,0.6810287241148966,0.840625,0.159375,0.8406081412457087,0.15939185875429132,1.0,0.0,0.0,38.0,0.0,77.0,1.0,21.5,18.0,186.0,440.0,15.6,5.2,89.0,1367.0,0.12,1.0,0.75,0.85,89.0,89.0,30.0,40.0,63.90421881023345,26.095781189766548,112.46172867621317,361.9948957085742,603.3071594594421,96.61633841832213,320.0,779.1,51.0,0.6812859271875665,0.0,23.055555555555557,33.0,100.0,0.12,0.13175306,0.121643364,279.77975,0.1624549,0.2,17.627,0.2245,17.2,37.7,52.8,54.4,26.0,44.5,44.5,False,33.0,56.5,1.7,0.0,63.9,100.0,False,50.0,25.0,25.0,2.1,407.8,2026-09-28T09:00,interpolated_hourly,0,ESE,"sun low 26° (ESE) — face ESE, lift torso ~64° toward the sun if comfortable",,,,not specified,Environmental scores are skin-type independent.,not personalized
2026-09-28 09:30:00,1.0,591.65,709.3499999999999,34.03202,-118.52633,86.0,42.10615158081055,1.0,0.0,0.7063940846700165,0.706229693195392,0.8570941091954023,0.1429058908045977,0.857022429802444,0.1428941951767121,1.0,0.0,0.05000000000006821,35.0,0.0,81.4,1.0,21.5,18.0,186.0,440.0,15.6,5.2,89.0,1367.0,0.12,1.0,0.75,0.85,89.0,89.0,30.0,40.0,58.45034019881068,31.549659801189325,118.5102645289054,454.14640907301947,658.2558560779039,106.83093555504331,421.0,824.55,58.5,0.7063940846700165,0.0,23.888888888888893,29.5,100.01,0.12,0.13175306,0.121643364,279.77975,0.1624549,0.2,24.10043847831668,0.4137539547127214,23.492819980224645,46.55,50.8,55.9,21.95,44.05,44.05,False,29.5,56.5,1.7,0.0,58.5,100.0,False,50.0,30.9,30.9,2.8548572108249752,505.46852981876583,2026-09-28T09:30,interpolated_hourly,0,ESE,"sun 32° up (ESE) — lay flat, or lift torso ~58° toward ESE to face it",,,,not specified,Environmental scores are skin-type independent.,not personalized
2026-09-28 10:00:00,1.0,713.6,819.9,34.03202,-118.52633,86.0,42.10615158081055,1.0,0.0,0.7315022421524664,0.7314306622758874,0.8735632183908046,0.12643678160919541,0.8734367183591795,0.1263965315991329,1.0,0.0,0.10000000000013642,32.0,0.0,85.8,1.0,21.5,18.0,186.0,440.0,15.6,5.2,89.0,1367.0,0.12,1.0,0.75,0.85,89.0,89.0,30.0,40.0,52.9964615873879,37.0035384126121,124.55880038159762,546.2979224374648,713.2045526963658,117.04553269176449,522.0,870.0,66.0,0.7315022421524664,0.0,24.722222222222225,26.0,100.02000000000001,0.12,0.13175306,0.121643364,279.77975,0.1624549,0.2,30.41,0.6016,29.6,55.4,48.8,57.4,17.9,43.6,43.6,False,26.0,56.5,1.7,0.0,53.0,100.0,False,50.0,36.2,36.2,3.6,599.7,2026-09-28T10:00,interpolated_hourly,0,SE,"sun 37° up (SE) — lay flat, or lift torso ~53° toward SE to face it",,,,not specified,Environmental scores are skin-type independent.,not personalized
2026-09-28 10:30:00,1.0,810.2,901.5,34.03202,-118.52633,86.0,42.10615158081055,1.0,0.0,0.74510709813843,0.7450256759655299,0.8830025394279605,0.11699746057203957,0.882950593022443,0.11696603195671314,1.0,0.0,0.05000000000001137,30.0,0.0,89.55,1.0,21.5,18.0,186.0,440.0,15.6,5.2,89.0,1367.0,0.12,1.0,0.75,0.85,89.0,89.0,30.0,40.0,48.41042784910266,41.58957215089734,132.52176430958548,615.4108918480767,741.234103278192,123.28611229459824,605.0,896.1,70.0,0.74510709813843,0.0,25.416666666666668,24.0,100.01,0.12,0.13175306,0.121643364,279.77975,0.1624549,0.2,35.79375173339338,0.8077636181055187,35.061762324933596,63.349999999999994,45.0,66.1,17.35,49.05,49.05,False,24.0,56.6,1.85,0.0,48.4,100.0,False,50.0,41.3,41.3,4.290475824564941,677.6296285074402,2026-09-28T10:30,interpolated_hourly,0,SE,"sun 42° up (SE) — lay flat, or lift torso ~48° toward SE to face it",,,,not specified,Environmental scores are skin-type independent.,not personalized
2026-09-28 11:00:00,1.0,906.8,983.1,34.03202,-118.52633,86.0,42.10615158081055,1.0,0.0,0.7587119541243935,0.7586206896551724,0.8924418604651163,0.10755813953488372,0.8924644676857068,0.10753553231429339,1.0,0.0,-1.1368683772161603e-13,28.0,0.0,93.3,1.0,21.5,18.0,186.0,440.0,15.6,5.2,89.0,1367.0,0.12,1.0,0.75,0.85,89.0,89.0,30.0,40.0,43.82439411081742,46.17560588918258,140.48472823757334,684.5238612586887,769.2636538600183,129.526691897432,688.0,922.2,74.0,0.7587119541243935,0.0,26.11111111111111,22.0,100.0,0.12,0.13175306,0.121643364,279.77975,0.1624549,0.2,40.662,1.0081,40.1,71.3,41.2,74.8,16.8,54.5,54.5,False,22.0,56.7,2.0,0.0,43.8,100.0,False,50.0,45.9,45.9,4.95,745.8,2026-09-28T11:00,interpolated_hourly,0,SE,"sun 46° up (SE) — lay flat, or lift torso ~44° toward SE to face it",,,,not specified,Environmental scores are skin-type independent.,not personalized
2026-09-28 11:30:00,1.0,971.5,1030.15,34.03202,-118.52633,86.0,42.10615158081055,1.0,0.0,0.7721372934103921,0.772041499673483,0.9013806353922633,0.09861936460773671,0.9014384742399695,0.0986206204296913,1.0,0.0,-0.05000000000001137,27.0,0.0,96.19999999999999,1.0,21.5,18.0,186.0,440.0,15.6,5.2,89.0,1367.0,0.12,1.0,0.75,0.85,89.0,89.0,30.0,40.0,40.798187367984845,49.201812632015155,151.03594874693079,724.6321649451047,782.2808559948121,132.8100569560379,751.0,948.25,73.5,0.7721372934103921,0.0,26.444444444444446,22.0,99.98,0.12,0.13175306,0.121643364,279.77975,0.1624549,0.2,44.3607402158733,1.1197990163962106,44.48110848543277,78.65,47.650000000000006,78.05,16.55,56.55,56.55,False,22.0,57.150000000000006,3.3,0.0,40.8,100.0,False,50.0,50.6,50.6,5.622589878793849,802.3845284586833,2026-09-28T11:30,interpolated_hourly,0,SSE,"sun 49° up (SSE) — lay flat, or lift torso ~41° toward SSE to face it",,,,not specified,Environmental scores are skin-type independent.,not personalized
2026-09-28 12:00:00,1.0,1036.2,1077.2,34.03202,-118.52633,86.0,42.10615158081055,1.0,0.0,0.7855626326963906,0.7854623096917935,0.9103194103194103,0.08968058968058969,0.9104124807942323,0.08970570854508923,1.0,0.0,-0.09999999999990905,26.0,0.0,99.1,1.0,21.5,18.0,186.0,440.0,15.6,5.2,89.0,1367.0,0.12,1.0,0.75,0.85,89.0,89.0,30.0,40.0,37.77198062515227,52.22801937484773,161.58716925628823,764.7404686315208,795.2980581296059,136.0934220146438,814.0,974.3,73.0,0.7855626326963906,0.0,26.777777777777782,22.0,99.96000000000001,0.12,0.13175306,0.121643364,279.77975,0.1624549,0.2,47.348,1.2225,48.3,86.0,54.1,81.3,16.3,58.6,58.6,False,22.0,57.6,4.6,0.0,37.8,100.0,False,50.0,54.8,54.8,6.25,846.1,2026-09-28T12:00,interpolated_hourly,0,SSE,"sun 52° up (SSE) — lay flat, or lift torso ~38° toward SSE to face it",,,,not specified,Environmental scores are skin-type independent.,not personalized
2026-09-28 12:30:00,1.0,1064.5500000000002,1086.5,34.03202,-118.52633,86.0,42.10615158081055,1.0,0.0,0.7880599328730374,0.7880131406097223,0.9117569273819274,0.08824307261807263,0.9118032622140387,0.08825583245562207,1.0,0.0,-0.05000000000001137,24.5,0.0,99.1,1.0,21.5,18.0,186.0,440.0,15.6,5.2,89.0,1367.0,0.12,1.0,0.75,0.85,89.0,89.0,30.0,40.0,37.12429284445895,52.87570715554105,174.02125045596543,772.6892748163808,797.6547946892067,136.7212470329187,839.0,979.0999999999999,74.0,0.7880599328730374,0.0,26.944444444444446,23.0,99.92,0.12,0.13175306,0.121643364,279.77975,0.1624549,0.2,48.96630993049193,1.2769099487233486,49.927236626128725,87.95,57.400000000000006,82.4,16.1,59.2,59.2,False,23.0,58.2,6.6,0.0,37.1,100.0,False,50.0,56.5,56.5,6.453352018050431,863.7730919193028,2026-09-28T12:30,interpolated_hourly,0,S,"sun 53° up (S) — lay flat, or lift torso ~37° toward S to face it",,,,not specified,Environmental scores are skin-type independent.,not personalized
2026-09-28 13:00:00,1.0,1092.9,1095.8,34.03202,-118.52633,86.0,42.10615158081055,1.0,0.0,0.7905572330496843,0.790563971527651,0.9131944444444444,0.08680555555555555,0.9131940436338452,0.08680595636615492,1.0,0.0,-1.1368683772161603e-13,23.0,0.0,99.1,1.0,21.5,18.0,186.0,440.0,15.6,5.2,89.0,1367.0,0.12,1.0,0.75,0.85,89.0,89.0,30.0,40.0,36.47660506376563,53.52339493623437,186.45533165564262,780.6380810012408,800.0115312488076,137.34907205119362,864.0,983.9,75.0,0.7905572330496843,0.0,27.11111111111111,24.0,99.88,0.12,0.13175306,0.121643364,279.77975,0.1624549,0.2,49.726,1.3201,50.9,89.9,60.7,83.5,15.9,59.8,59.8,False,24.0,58.8,8.6,0.0,36.5,100.0,False,50.0,57.8,57.8,6.6,866.3,2026-09-28T13:00,interpolated_hourly,0,S,"sun 54° up (S) — lay flat, or lift torso ~36° toward S to face it",,,,not specified,Environmental scores are skin-type independent.,not personalized
2026-09-28 13:30:00,1.0,1082.95,1066.75,34.03202,-118.52633,86.0,42.10615158081055,1.0,0.0,0.7885684580905458,0.788507388095906,0.9109811084781464,0.0890188915218536,0.9110143726317737,0.08904689436981927,1.0,0.0,-0.05000000000006821,21.5,0.0,99.1,1.0,21.5,18.0,186.0,440.0,15.6,5.2,89.0,1367.0,0.12,1.0,0.75,0.85,89.0,89.0,30.0,40.0,38.441865098442065,51.558134901557935,198.15002670802468,755.8139799112606,792.4176163614889,135.3644487945532,854.0,979.2,76.0,0.7885684580905458,0.0,27.055555555555554,25.5,99.845,0.12,0.13175306,0.121643364,279.77975,0.1624549,0.2,49.39275297003949,1.291500469366985,50.25758481081557,88.45,65.45,83.0,15.8,59.45,59.45,False,25.5,59.3,10.0,0.0,38.4,100.0,False,50.0,57.6,57.6,6.47834352950737,848.6092909407845,2026-09-28T13:30,interpolated_hourly,0,SSW,"sun 52° up (SSW) — lay flat, or lift torso ~38° toward SSW to face it",,,,not specified,Environmental scores are skin-type independent.,not personalized
2026-09-28 14:00:00,1.0,1073.0,1037.7,34.03202,-118.52633,86.0,42.10615158081055,1.0,0.0,0.7865796831314072,0.7864508046641611,0.9087677725118484,0.09123222748815166,0.9088347016297023,0.09128783237348365,1.0,0.0,-0.10000000000002274,20.0,0.0,99.1,1.0,21.5,18.0,186.0,440.0,15.6,5.2,89.0,1367.0,0.12,1.0,0.75,0.85,89.0,89.0,30.0,40.0,40.4071251331185,49.5928748668815,209.84472176040674,730.9898788212804,784.8237014741702,133.37982553791278,844.0,974.5,77.0,0.7865796831314072,0.0,26.999999999999996,27.0,99.81,0.12,0.13175306,0.121643364,279.77975,0.1624549,0.2,48.197,1.2516,49.0,87.0,70.2,82.5,15.7,59.1,59.1,False,27.0,59.8,11.4,0.0,40.4,100.0,False,50.0,56.9,56.9,6.3,816.1,2026-09-28T14:00,interpolated_hourly,0,SSW,"sun 50° up (SSW) — lay flat, or lift torso ~40° toward SSW to face it",,,,not specified,Environmental scores are skin-type independent.,not personalized
2026-09-28 14:30:00,1.0,1025.45,972.2,34.03202,-118.52633,86.0,42.10615158081055,1.0,0.0,0.7803437325566025,0.780233232926544,0.9074882455690021,0.09251175443099789,0.9075378979792854,0.09252336902230751,1.0,0.0,-0.05000000000001137,19.5,0.0,97.0,1.0,21.5,18.0,186.0,440.0,15.6,5.2,89.0,1367.0,0.12,1.0,0.75,0.85,89.0,89.0,30.0,40.0,44.345643894064494,45.654356105935506,219.01465627449528,675.302064692816,764.9000738481265,128.62970022124213,800.5,965.55,74.0,0.7803437325566025,0.0,26.694444444444443,28.5,99.785,0.12,0.13175306,0.121643364,279.77975,0.1624549,0.2,45.61782966236264,1.086062986719172,45.71498015245511,80.7,71.4,72.05,16.650000000000002,52.650000000000006,52.650000000000006,False,28.5,60.0,11.600000000000001,0.0,44.3,100.0,False,50.0,53.2,53.2,5.773993041131005,765.2969600072973,2026-09-28T14:30,interpolated_hourly,0,SW,"sun 46° up (SW) — lay flat, or lift torso ~44° toward SW to face it",,,,not specified,Environmental scores are skin-type independent.,not personalized
2026-09-28 15:00:00,1.0,977.9,906.7,34.03202,-118.52633,86.0,42.10615158081055,1.0,0.0,0.7741077819817977,0.7740156611889268,0.9062087186261559,0.09379128137384413,0.9062410943288687,0.09375890567113138,1.0,0.0,0.0,19.0,0.0,94.9,1.0,21.5,18.0,186.0,440.0,15.6,5.2,89.0,1367.0,0.12,1.0,0.75,0.85,89.0,89.0,30.0,40.0,48.2841626550105,41.7158373449895,228.18459078858382,619.6142505643514,744.9764462220827,123.87957490457148,757.0,956.6,71.0,0.7741077819817977,0.0,26.38888888888889,30.0,99.76,0.12,0.13175306,0.121643364,279.77975,0.1624549,0.2,42.282,0.9115,41.9,74.4,72.6,61.6,17.6,46.2,46.2,False,30.0,60.2,11.8,0.0,48.3,100.0,False,50.0,49.0,49.0,5.2,701.8,2026-09-28T15:00,interpolated_hourly,0,SW,"sun 42° up (SW) — lay flat, or lift torso ~48° toward SW to face it",,,,not specified,Environmental scores are skin-type independent.,not personalized
2026-09-28 15:30:00,1.0,895.95,809.25,34.03202,-118.52633,86.0,42.10615158081055,1.0,0.0,0.7635895175265255,0.7634478418335755,0.8960081113522297,0.10399188864777034,0.8960203419022585,0.10397965809774147,1.0,0.0,0.0,20.0,0.0,90.75,1.0,21.5,18.0,186.0,440.0,15.6,5.2,89.0,1367.0,0.12,1.0,0.75,0.85,89.0,89.0,30.0,40.0,53.38842723570275,36.61157276429726,235.04650232165048,537.5872819174261,705.2969720834424,115.79165694275903,685.0,933.3,70.5,0.7635895175265255,0.0,25.888888888888893,31.5,99.73,0.12,0.13175306,0.121643364,279.77975,0.1624549,0.2,37.51117873427938,0.7514210424697928,36.98084137475237,66.1,81.44999999999999,59.05,18.35,44.8,44.8,False,31.5,60.0,11.4,0.0,53.4,100.0,False,50.0,44.9,44.9,4.566536320605794,623.3564167483565,2026-09-28T15:30,interpolated_hourly,0,SW,"sun 37° up (SW) — lay flat, or lift torso ~53° toward SW to face it",,,,not specified,Environmental scores are skin-type independent.,not personalized
2026-09-28 16:00:00,1.0,814.0,711.8,34.03202,-118.52633,86.0,42.10615158081055,1.0,0.0,0.7530712530712531,0.7528800224782243,0.8858075040783034,0.11419249592169657,0.8857995894756484,0.11420041052435156,1.0,0.0,0.0,21.0,0.0,86.6,1.0,21.5,18.0,186.0,440.0,15.6,5.2,89.0,1367.0,0.12,1.0,0.75,0.85,89.0,89.0,30.0,40.0,58.492691816394995,31.50730818360501,241.90841385471714,455.5603132705008,665.6174979448022,107.70373898094658,613.0,910.0,70.0,0.7530712530712531,0.0,25.388888888888893,33.0,99.7,0.12,0.13175306,0.121643364,279.77975,0.1624549,0.2,32.198,0.5859,31.7,57.8,90.3,56.5,19.1,43.4,43.4,False,33.0,59.8,11.0,0.0,58.5,100.0,False,50.0,40.4,40.4,3.9,535.9,2026-09-28T16:00,interpolated_hourly,0,WSW,"sun 32° up (WSW) — lay flat, or lift torso ~58° toward WSW to face it",,,,not specified,Environmental scores are skin-type independent.,not personalized
2026-09-28 16:30:00,1.0,703.25,589.05,34.03202,-118.52633,86.0,42.10615158081055,1.0,0.0,0.7343415337086223,0.7340424131263092,0.8709697897750008,0.12903021022499922,0.8709357767468198,0.1290642232531803,1.0,0.0,0.0,22.0,0.0,80.69999999999999,1.0,21.5,18.0,186.0,440.0,15.6,5.2,89.0,1367.0,0.12,1.0,0.75,0.85,89.0,89.0,30.0,40.0,64.22228212645916,25.77771787354084,247.2787140817641,355.2068445571998,586.2939081639691,94.3814748171977,518.5,873.1,65.5,0.7343415337086223,0.0,24.944444444444446,34.5,99.69,0.12,0.13175306,0.121643364,279.77975,0.1624549,0.2,26.539486789068647,0.3908759352230731,25.91119491107469,49.5,94.94999999999999,44.45,23.9,37.25,37.25,False,34.5,59.65,10.15,0.0,64.2,100.0,False,50.0,34.3,34.3,3.1558610686983988,436.31915991105245,2026-09-28T16:30,interpolated_hourly,0,WSW,"sun low 26° (WSW) — face WSW, lift torso ~64° toward the sun if comfortable",,,,not specified,Environmental scores are skin-type independent.,not personalized
2026-09-28 17:00:00,1.0,592.5,466.3,34.03202,-118.52633,86.0,42.10615158081055,1.0,0.0,0.7156118143459915,0.7152048037743941,0.8561320754716981,0.14386792452830188,0.856071964017991,0.14392803598200898,1.0,0.0,0.0,23.0,0.0,74.8,1.0,21.5,18.0,186.0,440.0,15.6,5.2,89.0,1367.0,0.12,1.0,0.75,0.85,89.0,89.0,30.0,40.0,69.95187243652333,20.048127563476672,252.64901430881105,254.8533758438989,506.9703183831361,81.05921065344882,424.0,836.2,61.0,0.7156118143459915,0.0,24.499999999999996,36.0,99.67999999999999,0.12,0.13175306,0.121643364,279.77975,0.1624549,0.2,20.684,0.1944,20.0,41.2,99.6,32.4,28.7,31.1,31.1,False,36.0,59.5,9.3,0.0,70.0,100.0,False,50.0,28.0,28.0,2.4,333.5,2026-09-28T17:00,interpolated_hourly,0,WSW,"sun low 20° (WSW) — face WSW, lift torso ~70° toward the sun if comfortable",,,,not specified,Environmental scores are skin-type independent.,not personalized
2026-09-28 17:30:00,1.0,460.5,326.55,34.03202,-118.52633,86.0,42.10615158081055,1.0,0.0,0.6698302602932393,0.6688979050991885,0.8109928670041417,0.18900713299585825,0.8110970310201735,0.1889029689798265,1.0,0.0,0.0,23.0,0.0,66.45,1.0,21.5,18.0,186.0,440.0,15.6,5.2,89.0,1367.0,0.12,1.0,0.75,0.85,89.0,89.0,30.0,40.0,75.98194178320264,14.01805821679736,257.2009804190444,154.612916170578,338.18535014156754,55.94542882724162,314.5,744.75,54.5,0.6698302602932393,0.0,24.08333333333333,38.5,99.685,0.12,0.13175306,0.121643364,279.77975,0.1624549,0.2,13.788861928462232,0.11634084392792055,13.69277267345343,31.6,99.8,32.4,38.05,34.35,34.35,False,38.5,59.7,7.95,1.5,76.0,100.0,False,50.0,21.7,21.7,1.7079826023460676,220.48453947466447,2026-09-28T17:30,interpolated_hourly,0,WSW,"sun low 14° (WSW) — face WSW, lift torso ~76° toward the sun if comfortable",,,,not specified,Environmental scores are skin-type independent.,not personalized
2026-09-28 18:00:00,1.0,328.5,186.8,34.03202,-118.52633,86.0,42.10615158081055,1.0,0.0,0.624048706240487,0.6225910064239828,0.7658536585365854,0.23414634146341465,0.766122098022356,0.23387790197764402,1.0,0.0,0.0,23.0,0.0,58.1,1.0,21.5,18.0,186.0,440.0,15.6,5.2,89.0,1367.0,0.12,1.0,0.75,0.85,89.0,89.0,30.0,40.0,82.01201112988196,7.98798887011805,261.7529465292778,54.372456497257105,169.40038189999896,30.831647001034423,205.0,653.3,48.0,0.624048706240487,0.0,23.666666666666664,41.0,99.69,0.12,0.13175306,0.121643364,279.77975,0.1624549,0.2,7.446,0.0406,7.8,22.0,100.0,32.4,47.4,37.6,37.6,False,41.0,59.9,6.6,3.0,82.0,100.0,False,50.0,14.9,14.9,1.05,116.3,2026-09-28T18:00,interpolated_hourly,0,W,"sun low 8° (W) — face W, lift torso ~82° toward the sun if comfortable",,,,not specified,Environmental scores are skin-type independent.,not personalized
2026-09-28 18:30:00,1.0,194.0,93.4,34.03202,-118.52633,86.0,42.10615158081055,1.0,0.0,0.5053016640446133,0.5986451984845989,0.752492046659597,0.247507953340403,0.7639718508991086,0.23602814910089143,0.8163291666666668,0.0,0.0,22.5,0.0,47.1,1.0,21.5,18.0,186.0,440.0,15.6,5.2,89.0,1367.0,0.12,1.0,0.75,0.85,89.0,89.0,30.0,40.0,88.26705821831501,1.7329417816849872,265.97486328721385,27.186228248628552,84.70019094999948,15.415823500517211,114.0,421.25,27.0,0.5053016640446133,0.0,23.305555555555554,43.5,99.705,0.12,0.13175306,0.121643364,279.77975,0.1624549,0.2,2.6060999999999996,0.016984198538641734,3.1108655483364878,11.2,60.75,32.388461538461534,48.396153846153844,37.94230769230769,37.94230769230769,False,43.5,60.0,5.3,3.0,88.3,100.0,False,50.0,7.4,7.4,0.4810795152570935,24.117123338745625,2026-09-28T18:30,interpolated_hourly,0,W,"sun low 2° (W) — face W, lift torso ~88° toward the sun if comfortable",,,,not specified,Environmental scores are skin-type independent.,not personalized
2026-09-28 19:00:00,0.0,59.5,0.0,34.03202,-118.52633,86.0,42.10615158081055,1.0,0.0,0.3865546218487395,0.5746993905452149,0.7391304347826086,0.2608695652173913,0.7618216037758612,0.23817839622413883,0.6326583333333334,0.0,0.0,22.0,0.0,36.1,1.0,21.5,18.0,186.0,440.0,15.6,5.2,89.0,1367.0,0.12,1.0,0.75,0.85,89.0,89.0,30.0,40.0,94.52210530674807,-4.522105306748075,270.1967800451499,0.0,0.0,0.0,23.0,189.2,6.0,0.3865546218487395,0.0,22.944444444444443,46.0,99.72,0.12,0.13175306,0.121643364,279.77975,0.1624549,0.2,0.0,0.0,0.0,0.4,21.5,32.37692307692308,49.39230769230769,38.284615384615385,38.284615384615385,False,46.0,60.1,4.0,3.0,,100.0,False,50.0,0.0,0.0,0.0,0.0,2026-09-28T19:00,interpolated_hourly,0,W,sun below horizon — no direct-sun posture,,,,not specified,Environmental scores are skin-type independent.,not personalized
2026-09-28 19:30:00,0.0,29.749999999999996,0.0,34.03202,-118.52633,86.0,42.10615158081055,1.0,0.0,0.3704481792717087,0.550753582605831,0.7378516624040921,0.26214833759590794,0.7596713566526138,0.24032864334738624,0.3163291666666667,0.0,0.0,22.0,0.0,18.05,0.8,21.5,18.0,186.0,440.0,15.6,5.2,89.0,1367.0,0.12,1.0,0.75,0.85,89.0,89.0,30.0,40.0,100.71836768549858,-10.718367685498581,274.49828717643686,0.0,0.0,0.0,11.5,94.6,3.0,0.3704481792717087,0.0,22.72222222222222,47.5,99.72999999999999,0.12,0.13175306,0.121643364,279.77975,0.1624549,0.2,0.0,0.0,0.0,0.2,20.522727272727273,32.36538461538461,50.388461538461534,38.62692307692308,38.62692307692308,False,47.5,60.2,3.7,3.0,,100.0,False,50.0,0.0,0.0,0.0,0.0,2026-09-28T19:30,interpolated_hourly,0,W,sun below horizon — no direct-sun posture,,,,not specified,Environmental scores are skin-type independent.,not personalized
2026-09-28 20:00:00,0.0,0.0,0.0,34.03202,-118.52633,86.0,42.10615158081055,1.0,0.0,0.3543417366946779,0.526807774666447,0.7365728900255754,0.26342710997442453,0.7575211095293664,0.24247889047063365,0.0,0.0,0.0,22.0,0.0,0.0,0.6,21.5,18.0,186.0,440.0,15.6,5.2,89.0,1367.0,0.12,1.0,0.75,0.85,89.0,89.0,30.0,40.0,106.91463006424908,-16.914630064249085,278.7997943077238,0.0,0.0,0.0,0.0,0.0,0.0,0.3543417366946779,0.0,22.5,49.0,99.74,0.12,0.13175306,0.121643364,279.77975,0.1624549,0.2,0.0,0.0,0.0,0.0,19.545454545454547,32.353846153846156,51.38461538461539,38.96923076923077,38.96923076923077,False,49.0,60.3,3.4,3.0,,100.0,False,50.0,0.0,0.0,0.0,0.0,2026-09-28T20:00,interpolated_hourly,0,W,sun below horizon — no direct-sun posture,,,,not specified,Environmental scores are skin-type independent.,not personalized
2026-09-28 20:30:00,0.0,0.0,0.0,34.03202,-118.52633,86.0,42.10615158081055,1.0,0.0,0.3382352941176471,0.5028619667270631,0.7352941176470588,0.2647058823529412,0.755370862406119,0.24462913759388105,0.0,0.0,0.0,22.5,0.0,0.0,0.6,21.5,18.0,186.0,440.0,15.6,5.2,89.0,1367.0,0.12,1.0,0.75,0.85,89.0,89.0,30.0,40.0,112.95678289457655,-22.956782894576556,283.6308501933325,0.0,0.0,0.0,0.0,0.0,0.0,0.3382352941176471,0.0,22.555555555555557,48.5,99.75,0.12,0.13175306,0.121643364,279.77975,0.1624549,0.2,0.0,0.0,0.0,0.0,18.56818181818182,32.34230769230769,52.38076923076923,39.31153846153846,39.31153846153846,False,48.5,60.2,2.75,3.0,,100.0,False,50.0,0.0,0.0,0.0,0.0,2026-09-28T20:30,interpolated_hourly,0,WNW,sun below horizon — no direct-sun posture,,,,not specified,Environmental scores are skin-type independent.,not personalized
2026-09-28 21:00:00,0.0,0.0,0.0,34.03202,-118.52633,86.0,42.10615158081055,1.0,0.0,0.32212885154061627,0.47891615878767907,0.7340153452685422,0.26598465473145777,0.7532206152828715,0.24677938471712846,0.0,0.0,0.0,23.0,0.0,0.0,0.6,21.5,18.0,186.0,440.0,15.6,5.2,89.0,1367.0,0.12,1.0,0.75,0.85,89.0,89.0,30.0,40.0,118.99893572490402,-28.998935724904022,288.4619060789412,0.0,0.0,0.0,0.0,0.0,0.0,0.32212885154061627,0.0,22.611111111111114,48.0,99.76,0.12,0.13175306,0.121643364,279.77975,0.1624549,0.2,0.0,0.0,0.0,0.0,17.59090909090909,32.33076923076923,53.37692307692308,39.65384615384615,39.65384615384615,False,48.0,60.1,2.1,3.0,,100.0,False,50.0,0.0,0.0,0.0,0.0,2026-09-28T21:00,interpolated_hourly,0,WNW,sun below horizon — no direct-sun posture,,,,not specified,Environmental scores are skin-type independent.,not personalized
2026-09-28 21:30:00,0.0,0.0,0.0,34.03202,-118.52633,86.0,42.10615158081055,1.0,0.0,0.30602240896358546,0.4549703508482951,0.7327365728900256,0.2672634271099744,0.7510703681596241,0.2489296318403759,0.0,0.0,0.0,23.5,0.0,0.0,0.6,21.5,18.0,186.0,440.0,15.6,5.2,89.0,1367.0,0.12,1.0,0.75,0.85,89.0,89.0,30.0,40.0,124.6641446430421,-34.66414464304211,294.4553658027344,0.0,0.0,0.0,0.0,0.0,0.0,0.30602240896358546,0.0,22.77777777777778,46.0,99.76,0.12,0.13175306,0.121643364,279.77975,0.1624549,0.2,0.0,0.0,0.0,0.0,16.613636363636363,32.31923076923077,54.37307692307692,39.996153846153845,39.996153846153845,False,46.0,59.85,1.3,3.0,,100.0,False,50.0,0.0,0.0,0.0,0.0,2026-09-28T21:30,interpolated_hourly,0,WNW,sun below horizon — no direct-sun posture,,,,not specified,Environmental scores are skin-type independent.,not personalized
2026-09-28 22:00:00,0.0,0.0,0.0,34.03202,-118.52633,86.0,42.10615158081055,1.0,0.0,0.28991596638655465,0.4310245429089111,0.7314578005115089,0.26854219948849106,0.7489201210363767,0.25107987896362327,0.0,0.0,0.0,24.0,0.0,0.0,0.6,21.5,18.0,186.0,440.0,15.6,5.2,89.0,1367.0,0.12,1.0,0.75,0.85,89.0,89.0,30.0,40.0,130.3293535611802,-40.3293535611802,300.44882552652757,0.0,0.0,0.0,0.0,0.0,0.0,0.28991596638655465,0.0,22.944444444444443,44.0,99.76,0.12,0.13175306,0.121643364,279.77975,0.1624549,0.2,0.0,0.0,0.0,0.0,15.636363636363637,32.30769230769231,55.36923076923077,40.33846153846154,40.33846153846154,False,44.0,59.6,0.5,3.0,,100.0,False,50.0,0.0,0.0,0.0,0.0,2026-09-28T22:00,interpolated_hourly,0,WNW,sun below horizon — no direct-sun posture,,,,not specified,Environmental scores are skin-type independent.,not personalized
2026-09-28 22:30:00,0.0,0.0,0.0,34.03202,-118.52633,86.0,42.10615158081055,1.0,0.0,0.27380952380952384,0.4070787349695272,0.7301790281329923,0.26982097186700765,0.7467698739131293,0.2532301260868707,0.0,0.0,0.0,24.5,0.0,0.0,0.6,21.5,18.0,186.0,440.0,15.6,5.2,89.0,1367.0,0.12,1.0,0.75,0.85,89.0,89.0,30.0,40.0,135.20950119372466,-45.20950119372466,308.57649003135543,0.0,0.0,0.0,0.0,0.0,0.0,0.27380952380952384,0.0,23.055555555555557,42.5,99.755,0.12,0.13175306,0.121643364,279.77975,0.1624549,0.2,0.0,0.0,0.0,0.0,14.65909090909091,32.29615384615384,56.36538461538461,40.68076923076923,40.68076923076923,False,42.5,59.35,0.95,3.0,,100.0,False,50.0,0.0,0.0,0.0,0.0,2026-09-28T22:30,interpolated_hourly,0,NW,sun below horizon — no direct-sun posture,,,,not specified,Environmental scores are skin-type independent.,not personalized
2026-09-28 23:00:00,0.0,0.0,0.0,34.03202,-118.52633,86.0,42.10615158081055,1.0,0.0,0.257703081232493,0.38313292703014323,0.7289002557544757,0.2710997442455243,0.7446196267898819,0.2553803732101181,0.0,0.0,0.0,25.0,0.0,0.0,0.6,21.5,18.0,186.0,440.0,15.6,5.2,89.0,1367.0,0.12,1.0,0.75,0.85,89.0,89.0,30.0,40.0,140.08964882626913,-50.08964882626912,316.7041545361833,0.0,0.0,0.0,0.0,0.0,0.0,0.257703081232493,0.0,23.166666666666668,41.0,99.75,0.12,0.13175306,0.121643364,279.77975,0.1624549,0.2,0.0,0.0,0.0,0.0,13.681818181818183,32.284615384615385,57.36153846153846,41.02307692307692,41.02307692307692,False,41.0,59.1,1.4,3.0,,100.0,False,50.0,0.0,0.0,0.0,0.0,2026-09-28T23:00,interpolated_hourly,0,NW,sun below horizon — no direct-sun posture,,,,not specified,Environmental scores are skin-type independent.,not personalized
2026-09-28 23:30:00,0.0,0.0,0.0,34.03202,-118.52633,86.0,42.10615158081055,1.0,0.0,0.2415966386554622,0.3591871190907593,0.7276214833759591,0.27237851662404094,0.7424693796666345,0.2575306203333655,0.0,0.0,0.0,25.0,0.0,0.0,0.6,21.5,18.0,186.0,440.0,15.6,5.2,89.0,1367.0,0.12,1.0,0.75,0.85,89.0,89.0,30.0,40.0,143.41743976763843,-53.417439767638434,328.06128358346217,0.0,0.0,0.0,0.0,0.0,0.0,0.2415966386554622,0.0,23.13888888888889,41.0,99.735,0.12,0.13175306,0.121643364,279.77975,0.1624549,0.2,0.0,0.0,0.0,0.0,12.704545454545455,32.27307692307692,58.357692307692304,41.36538461538461,41.36538461538461,False,41.0,59.05,1.35,3.5,,100.0,False,50.0,0.0,0.0,0.0,0.0,2026-09-28T23:30,interpolated_hourly,0,NNW,sun below horizon — no direct-sun posture,,,,not specified,Environmental scores are skin-type independent.,not personalized
2026-09-29 00:00:00,0.0,0.0,0.0,34.03202,-118.52633,86.0,42.10615158081055,1.0,0.0,0.22549019607843138,0.33524131115137534,0.7263427109974424,0.27365728900255754,0.7403191325433871,0.2596808674566129,0.0,0.0,0.0,25.0,0.0,0.0,0.6,21.5,18.0,186.0,440.0,15.6,5.2,89.0,1367.0,0.12,1.0,0.75,0.85,89.0,89.0,30.0,40.0,146.74523070900776,-56.74523070900775,339.41841263074105,0.0,0.0,0.0,0.0,0.0,0.0,0.22549019607843138,0.0,23.11111111111111,41.0,99.72,0.12,0.13175306,0.121643364,279.77975,0.1624549,0.2,0.0,0.0,0.0,0.0,11.727272727272728,32.261538461538464,59.35384615384615,41.707692307692305,41.707692307692305,False,41.0,59.0,1.3,4.0,,100.0,False,50.0,0.0,0.0,0.0,0.0,2026-09-29T00:00,interpolated_hourly,0,NNW,sun below horizon — no direct-sun posture,,,,not specified,Environmental scores are skin-type independent.,not personalized
2026-09-29 00:30:00,0.0,0.0,0.0,34.03202,-118.52633,86.0,42.10615158081055,1.0,0.0,0.20938375350140057,0.3112955032119914,0.7250639386189258,0.2749360613810742,0.7381688854201397,0.2618311145798603,0.0,0.0,0.0,24.0,0.0,0.0,0.6,21.5,18.0,186.0,440.0,15.6,5.2,89.0,1367.0,0.12,1.0,0.75,0.85,89.0,89.0,30.0,40.0,147.48115448527795,-57.48115448527794,173.39461638631673,0.0,0.0,0.0,0.0,0.0,0.0,0.20938375350140057,0.0,22.944444444444443,41.0,99.69999999999999,0.12,0.13175306,0.121643364,279.77975,0.1624549,0.2,0.0,0.0,0.0,0.0,10.75,32.25,60.349999999999994,42.05,42.05,False,41.0,58.75,1.15,4.0,,100.0,False,50.0,0.0,0.0,0.0,0.0,2026-09-29T00:30,interpolated_hourly,0,S,sun below horizon — no direct-sun posture,,,,not specified,Environmental scores are skin-type independent.,not personalized
2026-09-29 01:00:00,0.0,0.0,0.0,34.03202,-118.52633,86.0,42.10615158081055,1.0,0.0,0.19327731092436976,0.28734969527260745,0.7237851662404092,0.27621483375959077,0.7360186382968923,0.26398136170310776,0.0,0.0,0.0,23.0,0.0,0.0,0.6,21.5,18.0,186.0,440.0,15.6,5.2,89.0,1367.0,0.12,1.0,0.75,0.85,89.0,89.0,30.0,40.0,148.21707826154812,-58.21707826154813,7.370820141892409,0.0,0.0,0.0,0.0,0.0,0.0,0.19327731092436976,0.0,22.77777777777778,41.0,99.67999999999999,0.12,0.13175306,0.121643364,279.77975,0.1624549,0.2,0.0,0.0,0.0,0.0,9.772727272727273,32.238461538461536,61.34615384615385,42.392307692307696,42.392307692307696,False,41.0,58.5,1.0,4.0,,100.0,False,50.0,0.0,0.0,0.0,0.0,2026-09-29T01:00,interpolated_hourly,0,N,sun below horizon — no direct-sun posture,,,,not specified,Environmental scores are skin-type independent.,not personalized
2026-09-29 01:30:00,0.0,0.0,0.0,34.03202,-118.52633,86.0,42.10615158081055,1.0,0.0,0.17717086834733894,0.26340388733322345,0.7225063938618925,0.2774936061381074,0.7338683911736449,0.26613160882635517,0.0,0.0,0.0,22.5,0.0,0.0,0.6,21.5,18.0,186.0,440.0,15.6,5.2,89.0,1367.0,0.12,1.0,0.75,0.85,89.0,89.0,30.0,40.0,146.03705122553248,-56.037051225532494,20.305555827596834,0.0,0.0,0.0,0.0,0.0,0.0,0.17717086834733894,0.0,22.694444444444446,41.0,99.66499999999999,0.12,0.13175306,0.121643364,279.77975,0.1624549,0.2,0.0,0.0,0.0,0.0,8.795454545454547,32.22692307692308,62.34230769230769,42.73461538461538,42.73461538461538,False,41.0,58.35,1.2,4.0,,100.0,False,50.0,0.0,0.0,0.0,0.0,2026-09-29T01:30,interpolated_hourly,0,NNE,sun below horizon — no direct-sun posture,,,,not specified,Environmental scores are skin-type independent.,not personalized
2026-09-29 02:00:00,0.0,0.0,0.0,34.03202,-118.52633,86.0,42.10615158081055,1.0,0.0,0.16106442577030813,0.2394580793938395,0.7212276214833759,0.27877237851662406,0.7317181440503975,0.2682818559496026,0.0,0.0,0.0,22.0,0.0,0.0,0.6,21.5,18.0,186.0,440.0,15.6,5.2,89.0,1367.0,0.12,1.0,0.75,0.85,89.0,89.0,30.0,40.0,143.85702418951686,-53.85702418951686,33.24029151330126,0.0,0.0,0.0,0.0,0.0,0.0,0.16106442577030813,0.0,22.611111111111114,41.0,99.65,0.12,0.13175306,0.121643364,279.77975,0.1624549,0.2,0.0,0.0,0.0,0.0,7.818181818181818,32.215384615384615,63.33846153846154,43.07692307692308,43.07692307692308,False,41.0,58.2,1.4,4.0,,100.0,False,50.0,0.0,0.0,0.0,0.0,2026-09-29T02:00,interpolated_hourly,0,NNE,sun below horizon — no direct-sun posture,,,,not specified,Environmental scores are skin-type independent.,not personalized
2026-09-29 02:30:00,0.0,0.0,0.0,34.03202,-118.52633,86.0,42.10615158081055,1.0,0.0,0.14495798319327732,0.21551227145445556,0.7199488491048593,0.28005115089514065,0.7295678969271501,0.27043210307285,0.0,0.0,0.0,22.0,0.0,0.0,0.6,21.5,18.0,186.0,440.0,15.6,5.2,89.0,1367.0,0.12,1.0,0.75,0.85,89.0,89.0,30.0,40.0,139.6129216899456,-49.612921689945594,42.84482586745003,0.0,0.0,0.0,0.0,0.0,0.0,0.14495798319327732,0.0,22.527777777777782,40.0,99.64,0.12,0.13175306,0.121643364,279.77975,0.1624549,0.2,0.0,0.0,0.0,0.0,6.840909090909092,32.20384615384616,64.33461538461538,43.41923076923077,43.41923076923077,False,40.0,57.85,1.6,4.0,,100.0,False,50.0,0.0,0.0,0.0,0.0,2026-09-29T02:30,interpolated_hourly,0,NE,sun below horizon — no direct-sun posture,,,,not specified,Environmental scores are skin-type independent.,not personalized
2026-09-29 03:00:00,0.0,0.0,0.0,34.03202,-118.52633,86.0,42.10615158081055,1.0,0.0,0.12885154061624654,0.19156646351507162,0.7186700767263428,0.2813299232736573,0.7274176498039027,0.2725823501960974,0.0,0.0,0.0,22.0,0.0,0.0,0.6,21.5,18.0,186.0,440.0,15.6,5.2,89.0,1367.0,0.12,1.0,0.75,0.85,89.0,89.0,30.0,40.0,135.36881919037432,-45.368819190374325,52.449360221598795,0.0,0.0,0.0,0.0,0.0,0.0,0.12885154061624654,0.0,22.44444444444445,39.0,99.63,0.12,0.13175306,0.121643364,279.77975,0.1624549,0.2,0.0,0.0,0.0,0.0,5.863636363636365,32.19230769230769,65.33076923076922,43.761538461538464,43.761538461538464,False,39.0,57.5,1.8,4.0,,100.0,False,50.0,0.0,0.0,0.0,0.0,2026-09-29T03:00,interpolated_hourly,0,NE,sun below horizon — no direct-sun posture,,,,not specified,Environmental scores are skin-type independent.,not personalized
2026-09-29 03:30:00,0.0,0.0,0.0,34.03202,-118.52633,86.0,42.10615158081055,1.0,0.0,0.11274509803921573,0.16762065557568767,0.717391304347826,0.28260869565217395,0.7252674026806553,0.2747325973193448,0.0,0.0,0.0,23.0,0.0,0.0,0.6,21.5,18.0,186.0,440.0,15.6,5.2,89.0,1367.0,0.12,1.0,0.75,0.85,89.0,89.0,30.0,40.0,130.0207544313762,-40.020754431376176,59.34318538042871,0.0,0.0,0.0,0.0,0.0,0.0,0.11274509803921573,0.0,22.388888888888893,38.0,99.62,0.12,0.13175306,0.121643364,279.77975,0.1624549,0.2,0.0,0.0,0.0,0.0,4.886363636363637,32.18076923076923,66.32692307692308,44.103846153846156,44.103846153846156,False,38.0,57.1,2.1,4.0,,100.0,False,50.0,0.0,0.0,0.0,0.0,2026-09-29T03:30,interpolated_hourly,0,ENE,sun below horizon — no direct-sun posture,,,,not specified,Environmental scores are skin-type independent.,not personalized
2026-09-29 04:00:00,0.0,0.0,0.0,34.03202,-118.52633,86.0,42.10615158081055,1.0,0.0,0.09663865546218486,0.14367484763630373,0.7161125319693095,0.28388746803069054,0.7231171555574079,0.2768828444425922,0.0,0.0,0.0,24.0,0.0,0.0,0.6,21.5,18.0,186.0,440.0,15.6,5.2,89.0,1367.0,0.12,1.0,0.75,0.85,89.0,89.0,30.0,40.0,124.67268967237803,-34.672689672378034,66.23701053925862,0.0,0.0,0.0,0.0,0.0,0.0,0.09663865546218486,0.0,22.333333333333336,37.0,99.61,0.12,0.13175306,0.121643364,279.77975,0.1624549,0.2,0.0,0.0,0.0,0.0,3.90909090909091,32.16923076923077,67.32307692307693,44.44615384615385,44.44615384615385,False,37.0,56.7,2.4,4.0,,100.0,False,50.0,0.0,0.0,0.0,0.0,2026-09-29T04:00,interpolated_hourly,0,ENE,sun below horizon — no direct-sun posture,,,,not specified,Environmental scores are skin-type independent.,not personalized
2026-09-29 04:30:00,0.0,0.0,0.0,34.03202,-118.52633,86.0,42.10615158081055,1.0,0.0,0.08053221288515405,0.11972903969691973,0.7148337595907929,0.2851662404092072,0.7209669084341604,0.2790330915658396,0.0,0.0,0.0,26.0,0.0,0.0,0.6,21.5,18.0,186.0,440.0,15.6,5.2,89.0,1367.0,0.12,1.0,0.75,0.85,89.0,89.0,30.0,40.0,118.78318761105457,-28.783187611054572,71.54443668678843,0.0,0.0,0.0,0.0,0.0,0.0,0.08053221288515405,0.0,22.361111111111114,35.5,99.61,0.12,0.13175306,0.121643364,279.77975,0.1624549,0.2,0.0,0.0,0.0,0.0,2.9318181818181834,32.15769230769231,68.31923076923077,44.78846153846154,44.78846153846154,False,35.5,56.3,2.8,4.0,,100.0,False,50.0,0.0,0.0,0.0,0.0,2026-09-29T04:30,interpolated_hourly,0,ENE,sun below horizon — no direct-sun posture,,,,not specified,Environmental scores are skin-type independent.,not personalized
2026-09-29 05:00:00,0.0,0.0,0.0,34.03202,-118.52633,86.0,42.10615158081055,1.0,0.0,0.06442577030812324,0.09578323175753578,0.7135549872122763,0.2864450127877238,0.718816661310913,0.281183338689087,0.0,0.0,0.0,28.0,0.0,0.0,0.6,21.5,18.0,186.0,440.0,15.6,5.2,89.0,1367.0,0.12,1.0,0.75,0.85,89.0,89.0,30.0,40.0,112.89368554973112,-22.893685549731114,76.85186283431824,0.0,0.0,0.0,0.0,0.0,0.0,0.06442577030812324,0.0,22.38888888888889,34.0,99.61,0.12,0.13175306,0.121643364,279.77975,0.1624549,0.2,0.0,0.0,0.0,0.0,1.9545454545454568,32.146153846153844,69.31538461538462,45.13076923076923,45.13076923076923,False,34.0,55.9,3.2,4.0,,100.0,False,50.0,0.0,0.0,0.0,0.0,2026-09-29T05:00,interpolated_hourly,0,ENE,sun below horizon — no direct-sun posture,,,,not specified,Environmental scores are skin-type independent.,not personalized
2026-09-29 05:30:00,0.0,0.0,0.0,34.03202,-118.52633,86.0,42.10615158081055,1.0,0.0,0.04831932773109243,0.07183742381815184,0.7122762148337596,0.2877237851662404,0.7166664141876656,0.2833335858123344,0.0,0.0,0.0,29.0,0.0,0.0,0.6,21.5,18.0,186.0,440.0,15.6,5.2,89.0,1367.0,0.12,1.0,0.75,0.85,89.0,89.0,30.0,40.0,106.75763736116353,-16.757637361163532,81.35671662320536,0.0,0.0,0.0,0.0,0.0,0.0,0.04831932773109243,0.0,22.444444444444443,32.5,99.62,0.12,0.13175306,0.121643364,279.77975,0.1624549,0.2,0.0,0.0,0.0,0.0,0.9772727272727302,32.13461538461539,70.31153846153846,45.473076923076924,45.473076923076924,False,32.5,55.55,3.45,3.0,,100.0,False,50.0,0.0,0.0,0.0,0.0,2026-09-29T05:30,interpolated_hourly,0,E,sun below horizon — no direct-sun posture,,,,not specified,Environmental scores are skin-type independent.,not personalized
2026-09-29 06:00:00,0.0,0.0,0.0,34.03202,-118.52633,86.0,42.10615158081055,1.0,0.0,0.03221288515406162,0.04789161587876789,0.710997442455243,0.28900255754475707,0.7145161670644182,0.2854838329355818,0.0,0.0,0.0,30.0,0.0,0.0,0.6,21.5,18.0,186.0,440.0,15.6,5.2,89.0,1367.0,0.12,1.0,0.75,0.85,89.0,89.0,30.0,40.0,100.62158917259595,-10.621589172595947,85.86157041209248,0.0,0.0,0.0,0.0,0.0,0.0,0.03221288515406162,0.0,22.5,31.0,99.63,0.12,0.13175306,0.121643364,279.77975,0.1624549,0.2,0.0,0.0,0.0,0.0,0.0,32.12307692307692,71.3076923076923,45.815384615384616,45.815384615384616,False,31.0,55.2,3.7,2.0,,100.0,False,50.0,0.0,0.0,0.0,0.0,2026-09-29T06:00,interpolated_hourly,0,E,sun below horizon — no direct-sun posture,,,,not specified,Environmental scores are skin-type independent.,not personalized
2026-09-29 06:30:00,0.0,1.55,21.35,34.03202,-118.52633,86.0,42.10615158081055,1.0,0.0,0.01610644257703081,0.023945807939383945,0.7097186700767264,0.29028132992327366,0.7123659199411708,0.28763408005882923,0.0,0.0,0.0,31.0,0.0,0.0,0.675,21.5,18.0,186.0,440.0,15.6,5.2,89.0,1367.0,0.12,1.0,0.75,0.85,89.0,89.0,30.0,40.0,94.26936106114462,-4.26936106114462,90.08341572802445,0.9991764646531599,2.967894197263766,0.8913087016957052,0.0,0.0,0.0,0.01610644257703081,0.0,22.63888888888889,29.5,99.645,0.12,0.13175306,0.121643364,279.77975,0.1624549,0.2,0.0,0.0,0.0,0.0,0.0,32.111538461538466,72.30384615384615,46.15769230769231,46.15769230769231,False,29.5,54.900000000000006,3.8,2.0,,100.0,False,50.0,0.0,0.0,0.0,0.0,2026-09-29T06:30,interpolated_hourly,0,E,sun below horizon — no direct-sun posture,,,,not specified,Environmental scores are skin-type independent.,not personalized
2026-09-29 07:00:00,1.0,3.1,42.7,34.03202,-118.52633,86.0,42.10615158081055,1.0,0.0,0.0,0.0,0.7084398976982098,0.2915601023017903,0.7102156728179234,0.28978432718207664,0.0,0.0,0.0,32.0,0.0,0.0,0.75,21.5,18.0,186.0,440.0,15.6,5.2,89.0,1367.0,0.12,1.0,0.75,0.85,89.0,89.0,30.0,40.0,87.9171329496933,2.0828670503067066,94.30526104395642,1.9983529293063198,5.935788394527532,1.7826174033914104,0.0,0.0,0.0,0.0,0.0,22.77777777777778,28.0,99.66,0.12,0.13175306,0.121643364,279.77975,0.1624549,0.2,0.298,0.0,0.1,0.0,0.0,32.1,73.3,46.5,46.5,False,28.0,54.6,3.9,2.0,87.9,100.0,False,50.0,0.5,0.5,0.0,0.0,2026-09-29T07:00,interpolated_hourly,0,E,"sun low 2° (E) — face E, lift torso ~88° toward the sun if comfortable",,,,not specified,Environmental scores are skin-type independent.,not personalized
2026-09-29 07:30:00,1.0,95.7,187.05,34.03202,-118.52633,86.0,42.10615158081055,1.0,0.0,0.2708443972384493,0.2703681351840676,0.7071611253196931,0.2928388746803069,0.708065425694676,0.29193457430532405,0.5,0.0,0.0,32.0,0.0,32.4,0.875,21.5,18.0,186.0,440.0,15.6,5.2,89.0,1367.0,0.12,1.0,0.75,0.85,89.0,89.0,30.0,40.0,81.89520578742714,8.104794212572855,98.65850737217153,76.4537503704401,188.01256261536747,31.182528105178523,51.0,249.35,15.0,0.2708443972384493,0.0,23.194444444444443,26.5,99.66999999999999,0.12,0.13175306,0.121643364,279.77975,0.1624549,0.2,2.05065,0.013093729415258283,1.955480852439594,9.15,23.2,35.5,61.4,44.55,44.55,False,26.5,54.6,3.8,2.0,81.9,100.0,False,50.0,5.0,5.0,0.2300815072968708,51.0779787567067,2026-09-29T07:30,interpolated_hourly,0,E,"sun low 8° (E) — face E, lift torso ~82° toward the sun if comfortable",,,,not specified,Environmental scores are skin-type independent.,not personalized
2026-09-29 08:00:00,1.0,188.3,331.4,34.03202,-118.52633,86.0,42.10615158081055,1.0,0.0,0.5416887944768985,0.5407362703681352,0.7058823529411765,0.29411764705882354,0.7059151785714286,0.29408482142857145,1.0,0.0,0.0,32.0,0.0,64.8,1.0,21.5,18.0,186.0,440.0,15.6,5.2,89.0,1367.0,0.12,1.0,0.75,0.85,89.0,89.0,30.0,40.0,75.87327862516099,14.126721374839004,103.01175370038663,150.9091478115739,370.08933683620745,60.58243880696564,102.0,498.7,30.0,0.5416887944768985,0.0,23.61111111111111,25.0,99.67999999999999,0.12,0.13175306,0.121643364,279.77975,0.1624549,0.2,5.561,0.0313,5.1,18.3,46.4,38.9,49.5,42.6,42.6,False,25.0,54.6,3.7,2.0,75.9,100.0,False,50.0,10.6,10.6,0.55,179.2,2026-09-29T08:00,interpolated_hourly,0,ESE,"sun low 14° (ESE) — face ESE, lift torso ~76° toward the sun if comfortable",,,,not specified,Environmental scores are skin-type independent.,not personalized
2026-09-29 08:30:00,1.0,327.20000000000005,463.3,34.03202,-118.52633,86.0,42.10615158081055,1.0,0.0,0.6173365663008823,0.6167223018507342,0.7770897832817338,0.22291021671826627,0.7770419938455009,0.2228367352352656,1.0,0.0,0.05000000000001137,32.0,0.0,70.85,1.0,21.5,18.0,186.0,440.0,15.6,5.2,89.0,1367.0,0.12,1.0,0.75,0.85,89.0,89.0,30.0,40.0,69.98171152221369,20.01828847778632,107.93201267288597,254.92194381469074,485.62914772144916,78.41624219052025,212.5,649.4,39.5,0.6173365663008823,0.0,24.583333333333336,23.0,99.69,0.12,0.13175306,0.121643364,279.77975,0.1624549,0.2,11.366003185172026,0.12708618698817448,10.950891773431094,28.1,50.15,49.25,50.75,49.75,49.75,False,23.0,55.1,3.2,2.0,70.0,100.0,False,50.0,18.4,18.4,1.3083853749753782,288.37948286489313,2026-09-29T08:30,interpolated_hourly,0,ESE,"sun low 20° (ESE) — face ESE, lift torso ~70° toward the sun if comfortable",,,,not specified,Environmental scores are skin-type independent.,not personalized
2026-09-29 09:00:00,1.0,466.1,595.2,34.03202,-118.52633,86.0,42.10615158081055,1.0,0.0,0.6929843381248659,0.6927083333333333,0.848297213622291,0.15170278637770898,0.848168809119573,0.15158864904195973,1.0,0.0,0.10000000000002274,32.0,0.0,76.9,1.0,21.5,18.0,186.0,440.0,15.6,5.2,89.0,1367.0,0.12,1.0,0.75,0.85,89.0,89.0,30.0,40.0,64.09014441926637,25.909855580733637,112.85227164538531,358.93473981780755,601.1689586066909,96.25004557407487,323.0,800.1,49.0,0.6929843381248659,0.0,25.555555555555557,21.0,99.7,0.12,0.13175306,0.121643364,279.77975,0.1624549,0.2,17.752,0.2261,17.3,37.9,53.9,59.6,52.0,56.9,56.9,False,21.0,55.6,2.7,2.0,64.1,100.0,False,50.0,26.1,26.1,2.1,412.3,2026-09-29T09:00,interpolated_hourly,0,ESE,"sun low 26° (ESE) — face ESE, lift torso ~64° toward the sun if comfortable",,,,not specified,Environmental scores are skin-type independent.,not personalized
2026-09-29 09:30:00,1.0,587.95,705.6500000000001,34.03202,-118.52633,86.0,42.10615158081055,1.0,0.0,0.7170190780508805,0.7167744582975942,0.8642626752522102,0.13573732474778985,0.8642101075038818,0.13566862157688458,1.0,0.0,0.05000000000001137,31.0,0.0,81.15,1.0,21.5,18.0,186.0,440.0,15.6,5.2,89.0,1367.0,0.12,1.0,0.75,0.85,89.0,89.0,30.0,40.0,58.6569955267417,31.343004473258297,118.9091556926621,450.9499911419446,656.5336487472637,106.50433595109794,424.5,844.3,56.0,0.7170190780508805,0.0,26.77777777777778,19.5,99.7,0.12,0.13175306,0.121643364,279.77975,0.1624549,0.2,24.15449380472292,0.41944079542779034,23.440964839471313,46.7,51.25,60.900000000000006,51.55,57.599999999999994,57.599999999999994,False,19.5,56.400000000000006,2.35,2.0,58.7,100.0,False,50.0,32.2,32.2,2.830336192723057,510.3726546433965,2026-09-29T09:30,interpolated_hourly,0,ESE,"sun 31° up (ESE) — lay flat, or lift torso ~59° toward ESE to face it",,,,not specified,Environmental scores are skin-type independent.,not personalized
2026-09-29 10:00:00,1.0,709.8,816.1,34.03202,-118.52633,86.0,42.10615158081055,1.0,0.0,0.741053817976895,0.7408405832618552,0.8802281368821293,0.11977186311787072,0.8802514058881906,0.11974859411180946,1.0,0.0,0.0,30.0,0.0,85.4,1.0,21.5,18.0,186.0,440.0,15.6,5.2,89.0,1367.0,0.12,1.0,0.75,0.85,89.0,89.0,30.0,40.0,53.22384663421704,36.77615336578296,124.96603973993888,542.9652424660817,711.8983388878364,116.75862632812101,526.0,888.5,63.0,0.741053817976895,0.0,28.000000000000004,18.0,99.7,0.12,0.13175306,0.121643364,279.77975,0.1624549,0.2,30.375,0.6112,29.4,55.5,48.6,62.2,51.1,58.3,58.3,False,18.0,57.2,2.0,2.0,53.2,100.0,False,50.0,37.7,37.7,3.55,604.6,2026-09-29T10:00,interpolated_hourly,0,SE,"sun 37° up (SE) — lay flat, or lift torso ~53° toward SE to face it",,,,not specified,Environmental scores are skin-type independent.,not personalized
2026-09-29 10:30:00,1.0,806.3,897.5,34.03202,-118.52633,86.0,42.10615158081055,1.0,0.0,0.7526713485099362,0.7525328669705946,0.8886647930787458,0.1113352069212542,0.8886619948836756,0.11133800511632447,1.0,0.0,0.0,30.0,0.0,89.1,1.0,21.5,18.0,186.0,440.0,15.6,5.2,89.0,1367.0,0.12,1.0,0.75,0.85,89.0,89.0,30.0,40.0,48.667416924684716,41.332583075315284,132.92346419364281,611.9283017512006,740.0967176974007,123.00980676884987,608.0,911.45,67.0,0.7526713485099362,0.0,28.833333333333336,17.0,99.695,0.12,0.13175306,0.121643364,279.77975,0.1624549,0.2,35.83308899350875,0.8205309528600218,34.917016904665005,63.6,45.400000000000006,72.05000000000001,50.900000000000006,64.65,64.65,False,17.0,57.7,2.5,2.0,48.7,100.0,False,50.0,43.0,43.0,4.240923941321905,681.4579072040841,2026-09-29T10:30,interpolated_hourly,0,SE,"sun 41° up (SE) — lay flat, or lift torso ~49° toward SE to face it",,,,not specified,Environmental scores are skin-type independent.,not personalized
2026-09-29 11:00:00,1.0,902.8,978.9,34.03202,-118.52633,86.0,42.10615158081055,1.0,0.0,0.7642888790429775,0.7642251506793339,0.8971014492753623,0.10289855072463767,0.8970725838791606,0.10292741612083946,1.0,0.0,0.0,30.0,0.0,92.8,1.0,21.5,18.0,186.0,440.0,15.6,5.2,89.0,1367.0,0.12,1.0,0.75,0.85,89.0,89.0,30.0,40.0,44.1109872151524,45.8890127848476,140.88088864734675,680.8913610363195,768.295096506965,129.26098720957873,690.0,934.4,71.0,0.7642888790429775,0.0,29.66666666666667,16.0,99.69,0.12,0.13175306,0.121643364,279.77975,0.1624549,0.2,40.754,1.0237,40.0,71.7,42.2,81.9,50.7,71.0,71.0,False,16.0,58.2,3.0,2.0,44.1,100.0,False,50.0,47.8,47.8,4.9,748.1,2026-09-29T11:00,interpolated_hourly,0,SE,"sun 46° up (SE) — lay flat, or lift torso ~44° toward SE to face it",,,,not specified,Environmental scores are skin-type independent.,not personalized
2026-09-29 11:30:00,1.0,967.3,1025.75,34.03202,-118.52633,86.0,42.10615158081055,1.0,0.0,0.7751469593896803,0.7750829277543603,0.9041610822209117,0.09583891777908826,0.9041709301364961,0.09582906986350395,1.0,0.0,0.0,30.0,0.0,95.85,1.0,21.5,18.0,186.0,440.0,15.6,5.2,89.0,1367.0,0.12,1.0,0.75,0.85,89.0,89.0,30.0,40.0,41.1181571008336,48.8818428991664,151.38152470968316,720.8294911952727,781.3614285751079,132.54116290114285,750.5,955.4,71.5,0.7751469593896803,0.0,29.77777777777778,16.5,99.675,0.12,0.13175306,0.121643364,279.77975,0.1624549,0.2,44.54852177187369,1.151138775538989,44.5069847710281,79.35,49.95,85.6,50.8,73.45,73.45,False,16.5,58.6,3.8,1.5,41.1,100.0,False,50.0,52.9,52.9,5.598044900235402,802.1405872373477,2026-09-29T11:30,interpolated_hourly,0,SSE,"sun 49° up (SSE) — lay flat, or lift torso ~41° toward SSE to face it",,,,not specified,Environmental scores are skin-type independent.,not personalized
2026-09-29 12:00:00,1.0,1031.8,1072.6,34.03202,-118.52633,86.0,42.10615158081055,1.0,0.0,0.786005039736383,0.7859407048293866,0.9112207151664612,0.08877928483353884,0.9112692763938316,0.08873072360616845,1.0,0.0,0.0,30.0,0.0,98.9,1.0,21.5,18.0,186.0,440.0,15.6,5.2,89.0,1367.0,0.12,1.0,0.75,0.85,89.0,89.0,30.0,40.0,38.1253269865148,51.8746730134852,161.88216077201957,760.7676213542259,794.4277606432507,135.82133859270698,811.0,976.4,72.0,0.786005039736383,0.0,29.88888888888889,17.0,99.66,0.12,0.13175306,0.121643364,279.77975,0.1624549,0.2,47.611,1.2691,48.5,87.0,57.7,89.3,50.9,75.9,75.9,False,17.0,59.0,4.6,1.0,38.1,100.0,False,50.0,57.6,57.6,6.25,843.0,2026-09-29T12:00,interpolated_hourly,0,SSE,"sun 52° up (SSE) — lay flat, or lift torso ~38° toward SSE to face it",,,,not specified,Environmental scores are skin-type independent.,not personalized
2026-09-29 12:30:00,1.0,1059.9,1081.6999999999998,34.03202,-118.52633,86.0,42.10615158081055,1.0,0.0,0.7873039904564267,0.7872222776072126,0.9119040638769369,0.08809593612306313,0.9119187912023803,0.08808120879761974,1.0,0.0,0.0,30.0,0.0,98.9,1.0,21.5,18.0,186.0,440.0,15.6,5.2,89.0,1367.0,0.12,1.0,0.75,0.85,89.0,89.0,30.0,40.0,37.49818323793126,52.50181676206874,174.20763485883032,768.5336609219007,796.7496252300608,136.4367010694845,834.5,978.8499999999999,73.5,0.7873039904564267,0.0,29.583333333333336,18.5,99.63499999999999,0.12,0.13175306,0.121643364,279.77975,0.1624549,0.2,49.192018850562896,1.3190317692431976,50.14246674250937,88.95,61.4,89.65,51.7,76.4,76.4,False,18.5,59.4,5.5,1.0,37.5,100.0,False,50.0,59.4,59.4,6.478643703638917,859.1300638294606,2026-09-29T12:30,interpolated_hourly,0,S,"sun 53° up (S) — lay flat, or lift torso ~38° toward S to face it",,,,not specified,Environmental scores are skin-type independent.,not personalized
2026-09-29 13:00:00,1.0,1088.0,1090.8,34.03202,-118.52633,86.0,42.10615158081055,1.0,0.0,0.7886029411764706,0.7885038503850386,0.9125874125874126,0.08741258741258741,0.9125683060109289,0.08743169398907104,1.0,0.0,0.0,30.0,0.0,98.9,1.0,21.5,18.0,186.0,440.0,15.6,5.2,89.0,1367.0,0.12,1.0,0.75,0.85,89.0,89.0,30.0,40.0,36.871039489347716,53.128960510652284,186.5331089456411,776.2997004895756,799.0714898168709,137.05206354626205,858.0,981.3,75.0,0.7886029411764706,0.0,29.277777777777782,20.0,99.61,0.12,0.13175306,0.121643364,279.77975,0.1624549,0.2,49.905,1.3573,51.1,90.9,65.1,90.0,52.5,76.9,76.9,False,20.0,59.8,6.4,1.0,36.9,100.0,False,50.0,60.7,60.7,6.65,860.1,2026-09-29T13:00,interpolated_hourly,0,S,"sun 53° up (S) — lay flat, or lift torso ~37° toward S to face it",,,,not specified,Environmental scores are skin-type independent.,not personalized
2026-09-29 13:30:00,1.0,1077.85,1061.5,34.03202,-118.52633,86.0,42.10615158081055,1.0,0.0,0.7857972090915601,0.7856973814994366,0.9108391608391608,0.08916083916083915,0.9108071080852813,0.08919289191471866,1.0,0.0,0.0,30.0,0.0,98.9,1.0,21.5,18.0,186.0,440.0,15.6,5.2,89.0,1367.0,0.12,1.0,0.75,0.85,89.0,89.0,30.0,40.0,38.83312956492624,51.16687043507376,198.12424419508136,751.2934166870796,791.3514753867757,135.0456679898881,847.0,976.0999999999999,75.5,0.7857972090915601,0.0,29.02777777777778,21.0,99.58500000000001,0.12,0.13175306,0.121643364,279.77975,0.1624549,0.2,49.29511538386184,1.3005997522021457,50.36930519310587,89.25,68.6,88.75,53.3,76.35,76.35,False,21.0,59.95,6.95,1.0,38.8,100.0,False,50.0,60.2,60.2,6.528611004180978,841.45906478551,2026-09-29T13:30,interpolated_hourly,0,SSW,"sun 51° up (SSW) — lay flat, or lift torso ~39° toward SSW to face it",,,,not specified,Environmental scores are skin-type independent.,not personalized
2026-09-29 14:00:00,1.0,1067.7,1032.2,34.03202,-118.52633,86.0,42.10615158081055,1.0,0.0,0.7829914770066497,0.7828909126138345,0.9090909090909091,0.09090909090909091,0.9090459101596338,0.09095408984036629,1.0,0.0,0.0,30.0,0.0,98.9,1.0,21.5,18.0,186.0,440.0,15.6,5.2,89.0,1367.0,0.12,1.0,0.75,0.85,89.0,89.0,30.0,40.0,40.79521964050476,49.20478035949524,209.7153794445216,726.2871328845836,783.6314609566805,133.03927243351416,836.0,970.9,76.0,0.7829914770066497,0.0,28.77777777777778,22.0,99.56,0.12,0.13175306,0.121643364,279.77975,0.1624549,0.2,47.823,1.2325,48.9,87.6,72.1,87.5,54.1,75.8,75.8,False,22.0,60.1,7.5,1.0,40.8,100.0,False,50.0,59.3,59.3,6.35,808.1,2026-09-29T14:00,interpolated_hourly,0,SSW,"sun 49° up (SSW) — lay flat, or lift torso ~41° toward SSW to face it",,,,not specified,Environmental scores are skin-type independent.,not personalized
2026-09-29 14:30:00,1.0,1019.95,966.5,34.03202,-118.52633,86.0,42.10615158081055,1.0,0.0,0.7767045432760054,0.7766030939623347,0.9084840393251608,0.09151596067483918,0.9084788565065354,0.0915211434934646,1.0,0.0,0.0,30.0,0.0,96.80000000000001,1.0,21.5,18.0,186.0,440.0,15.6,5.2,89.0,1367.0,0.12,1.0,0.75,0.85,89.0,89.0,30.0,40.0,44.718091977267036,45.281908022732964,218.83362277154345,670.4356120181401,763.4374649200795,128.25318330722834,792.5,962.5999999999999,72.5,0.7767045432760054,0.0,28.77777777777778,22.5,99.535,0.12,0.13175306,0.121643364,279.77975,0.1624549,0.2,45.232673051768984,1.0746338367391979,45.577238146895624,81.19999999999999,73.0,74.75,54.6,67.7,67.7,False,22.5,60.3,7.65,1.0,44.7,100.0,False,50.0,55.3,55.3,5.79919675481836,757.3064353013757,2026-09-29T14:30,interpolated_hourly,0,SW,"sun 45° up (SW) — lay flat, or lift torso ~45° toward SW to face it",,,,not specified,Environmental scores are skin-type independent.,not personalized
2026-09-29 15:00:00,1.0,972.2,900.8,34.03202,-118.52633,86.0,42.10615158081055,1.0,0.0,0.770417609545361,0.7703152753108349,0.9078771695594126,0.09212283044058744,0.9079118028534371,0.09208819714656291,1.0,0.0,0.0,30.0,0.0,94.7,1.0,21.5,18.0,186.0,440.0,15.6,5.2,89.0,1367.0,0.12,1.0,0.75,0.85,89.0,89.0,30.0,40.0,48.64096431402932,41.35903568597068,227.95186609856532,614.5840911516965,743.2434688834784,123.46709418094252,749.0,954.3,69.0,0.770417609545361,0.0,28.77777777777778,23.0,99.51,0.12,0.13175306,0.121643364,279.77975,0.1624549,0.2,41.889,0.9078,41.6,74.8,73.9,62.0,55.1,59.6,59.6,False,23.0,60.5,7.8,1.0,48.6,100.0,False,50.0,50.8,50.8,5.2,693.9,2026-09-29T15:00,interpolated_hourly,0,SW,"sun 41° up (SW) — lay flat, or lift torso ~49° toward SW to face it",,,,not specified,Environmental scores are skin-type independent.,not personalized
2026-09-29 15:30:00,1.0,890.05,803.15,34.03202,-118.52633,86.0,42.10615158081055,1.0,0.0,0.7596363329321062,0.7595020742252261,0.89856668395326,0.10143331604674,0.898579150196124,0.10142084980387592,1.0,0.0,0.0,29.0,0.0,90.5,1.0,21.5,18.0,186.0,440.0,15.6,5.2,89.0,1367.0,0.12,1.0,0.75,0.85,89.0,89.0,30.0,40.0,53.72961246426429,36.27038753573571,234.7971953871944,532.4407995365384,702.9944190106851,115.31264493134213,677.0,931.65,68.0,0.7596363329321062,0.0,28.805555555555557,23.0,99.48,0.12,0.13175306,0.121643364,279.77975,0.1624549,0.2,36.941723098637766,0.7419332699916383,36.65286068529332,66.25,82.15,59.8,55.650000000000006,58.35,58.35,False,23.0,60.55,7.65,1.0,53.7,100.0,False,50.0,46.6,46.6,4.566515222809542,615.4939304546041,2026-09-29T15:30,interpolated_hourly,0,SW,"sun 36° up (SW) — lay flat, or lift torso ~54° toward SW to face it",,,,not specified,Environmental scores are skin-type independent.,not personalized
2026-09-29 16:00:00,1.0,807.9,705.5,34.03202,-118.52633,86.0,42.10615158081055,1.0,0.0,0.7488550563188514,0.7486888731396174,0.8892561983471075,0.11074380165289256,0.8892464975388109,0.11075350246118894,1.0,0.0,0.0,28.0,0.0,86.3,1.0,21.5,18.0,186.0,440.0,15.6,5.2,89.0,1367.0,0.12,1.0,0.75,0.85,89.0,89.0,30.0,40.0,58.81826061449927,31.181739385500727,241.6425246758235,450.29750792138026,662.7453691378917,107.15819568174174,605.0,909.0,67.0,0.7488550563188514,0.0,28.83333333333334,23.0,99.45,0.12,0.13175306,0.121643364,279.77975,0.1624549,0.2,31.461,0.5707,31.3,57.7,90.4,57.6,56.2,57.1,57.1,False,23.0,60.6,7.5,1.0,58.8,100.0,False,50.0,41.7,41.7,3.9,528.2,2026-09-29T16:00,interpolated_hourly,0,WSW,"sun 31° up (WSW) — lay flat, or lift torso ~59° toward WSW to face it",,,,not specified,Environmental scores are skin-type independent.,not personalized
2026-09-29 16:30:00,1.0,696.95,582.6,34.03202,-118.52633,86.0,42.10615158081055,1.0,0.0,0.7293763336201766,0.7290322764653928,0.8749165607120153,0.12508343928798474,0.8750126998580285,0.12514062734221668,1.0,0.0,-0.04999999999998295,27.0,0.0,80.5,1.0,21.5,18.0,186.0,440.0,15.6,5.2,89.0,1367.0,0.12,1.0,0.75,0.85,89.0,89.0,30.0,40.0,64.5363696709463,25.463630329053693,247.0094266739472,349.9549837276862,582.09016475211,93.6821451909859,510.5,871.65,62.5,0.7293763336201766,0.0,28.722222222222225,24.0,99.435,0.12,0.13175306,0.121643364,279.77975,0.1624549,0.2,25.91290019759249,0.3712910353679916,25.633825124673443,49.5,95.15,45.2,57.35,49.45,49.45,False,24.0,60.85,7.1,1.0,64.5,100.0,False,50.0,35.6,35.6,3.1804911298890417,428.6287807385379,2026-09-29T16:30,interpolated_hourly,0,WSW,"sun low 25° (WSW) — face WSW, lift torso ~64° toward the sun if comfortable",,,,not specified,Environmental scores are skin-type independent.,not personalized
2026-09-29 17:00:00,1.0,586.0,459.7,34.03202,-118.52633,86.0,42.10615158081055,1.0,0.0,0.7098976109215017,0.7093756797911682,0.8605769230769231,0.13942307692307693,0.8607789021772462,0.1395277522232444,1.0,0.0,-0.0999999999999659,26.0,0.0,74.7,1.0,21.5,18.0,186.0,440.0,15.6,5.2,89.0,1367.0,0.12,1.0,0.75,0.85,89.0,89.0,30.0,40.0,70.25447872739333,19.745521272606663,252.37632867207085,249.61245953399225,501.43496036632826,80.20609470023007,416.0,834.3,58.0,0.7098976109215017,0.0,28.61111111111111,25.0,99.42,0.12,0.13175306,0.121643364,279.77975,0.1624549,0.2,20.186,0.1706,19.9,41.3,99.9,32.8,58.5,41.8,41.8,False,25.0,61.1,6.7,1.0,70.3,100.0,False,50.0,29.2,29.2,2.45,326.1,2026-09-29T17:00,interpolated_hourly,0,WSW,"sun low 20° (WSW) — face WSW, lift torso ~70° toward the sun if comfortable",,,,not specified,Environmental scores are skin-type independent.,not personalized
2026-09-29 17:30:00,1.0,453.85,319.85,34.03202,-118.52633,86.0,42.10615158081055,1.0,0.0,0.6626889360171699,0.6616322843400286,0.8141268453768453,0.18587315462315462,0.814099858328442,0.18605346887180318,1.0,0.0,-0.04999999999998295,25.0,0.0,66.45,1.0,21.5,18.0,186.0,440.0,15.6,5.2,89.0,1367.0,0.12,1.0,0.75,0.85,89.0,89.0,30.0,40.0,76.2765051121446,13.723494887855383,256.9277518891342,150.08003990919713,330.246897016408,54.718994329245426,307.0,740.25,52.0,0.6626889360171699,0.0,28.194444444444443,27.0,99.43,0.12,0.13175306,0.121643364,279.77975,0.1624549,0.2,13.448183104798808,0.10248834759782552,13.574290928676039,31.7,99.95,32.849999999999994,64.25,43.849999999999994,43.849999999999994,False,27.0,61.400000000000006,5.9,0.5,76.3,100.0,False,50.0,22.4,22.4,1.7312220878011066,213.6403137777957,2026-09-29T17:30,interpolated_hourly,0,WSW,"sun low 14° (WSW) — face WSW, lift torso ~76° toward the sun if comfortable",,,,not specified,Environmental scores are skin-type independent.,not personalized
2026-09-29 18:00:00,1.0,321.7,180.0,34.03202,-118.52633,86.0,42.10615158081055,1.0,0.0,0.615480261112838,0.6138888888888889,0.7676767676767676,0.23232323232323232,0.767420814479638,0.232579185520362,1.0,0.0,0.0,24.0,0.0,58.2,1.0,21.5,18.0,186.0,440.0,15.6,5.2,89.0,1367.0,0.12,1.0,0.75,0.85,89.0,89.0,30.0,40.0,82.29853149689589,7.701468503104103,261.47917510619754,50.54762028440198,159.05883366648777,29.231893958260784,198.0,646.2,46.0,0.615480261112838,0.0,27.77777777777778,29.0,99.44,0.12,0.13175306,0.121643364,279.77975,0.1624549,0.2,7.297,0.0366,7.7,22.1,100.0,32.9,70.0,45.9,45.9,False,29.0,61.7,5.1,0.0,82.3,100.0,False,50.0,15.2,15.2,1.05,110.5,2026-09-29T18:00,interpolated_hourly,0,W,"sun low 8° (W) — face W, lift torso ~82° toward the sun if comfortable",,,,not specified,Environmental scores are skin-type independent.,not personalized
2026-09-29 18:30:00,1.0,188.45,90.0,34.03202,-118.52633,86.0,42.10615158081055,1.0,0.0,0.4979575218607668,0.5902777777777778,0.7647907647907648,0.2352092352092352,0.7642127721201973,0.2357872278798026,0.8046375,0.0,0.0,23.0,0.0,47.35,1.0,21.5,18.0,186.0,440.0,15.6,5.2,89.0,1367.0,0.12,1.0,0.75,0.85,89.0,89.0,30.0,40.0,88.55321222481413,1.4467877751858627,265.6996114812267,25.27381014220099,79.52941683324389,14.615946979130392,109.5,414.75,25.5,0.4979575218607668,0.0,27.25,31.0,99.455,0.12,0.13175306,0.121643364,279.77975,0.1624549,0.2,2.55395,0.015310878485573583,3.079914960628082,11.25,62.75,32.857692307692304,70.01538461538462,45.87692307692308,45.87692307692308,False,31.0,61.7,4.25,0.0,88.6,100.0,False,50.0,7.6,7.6,0.4810795152570935,19.75786364651578,2026-09-29T18:30,interpolated_hourly,0,W,"sun low 1° (W) — face W, lift torso ~89° toward the sun if comfortable",,,,not specified,Environmental scores are skin-type independent.,not personalized
2026-09-29 19:00:00,0.0,55.2,0.0,34.03202,-118.52633,86.0,42.10615158081055,1.0,0.0,0.3804347826086956,0.5666666666666667,0.7619047619047619,0.23809523809523808,0.7610047297607567,0.23899527023924325,0.609275,0.0,0.0,22.0,0.0,36.5,1.0,21.5,18.0,186.0,440.0,15.6,5.2,89.0,1367.0,0.12,1.0,0.75,0.85,89.0,89.0,30.0,40.0,94.80789295273237,-4.807892952732376,269.9200478562559,0.0,0.0,0.0,21.0,183.3,5.0,0.3804347826086956,0.0,26.72222222222222,33.0,99.47,0.12,0.13175306,0.121643364,279.77975,0.1624549,0.2,0.0,0.0,0.0,0.4,25.5,32.815384615384616,70.03076923076924,45.85384615384615,45.85384615384615,False,33.0,61.7,3.4,0.0,,100.0,False,50.0,0.0,0.0,0.0,0.0,2026-09-29T19:00,interpolated_hourly,0,W,sun below horizon — no direct-sun posture,,,,not specified,Environmental scores are skin-type independent.,not personalized
2026-09-29 19:30:00,0.0,27.6,0.0,34.03202,-118.52633,86.0,42.10615158081055,1.0,0.0,0.3645833333333333,0.5430555555555556,0.7586553231714521,0.2413446768285478,0.7577966874013161,0.24220331259868388,0.3046375,0.0,0.0,22.0,0.0,18.25,0.8,21.5,18.0,186.0,440.0,15.6,5.2,89.0,1367.0,0.12,1.0,0.75,0.85,89.0,89.0,30.0,40.0,101.00641288804229,-11.006412888042284,274.2181757829694,0.0,0.0,0.0,10.5,91.65,2.5,0.3645833333333333,0.0,26.25,35.0,99.49000000000001,0.12,0.13175306,0.121643364,279.77975,0.1624549,0.2,0.0,0.0,0.0,0.2,24.34090909090909,32.77307692307692,70.04615384615384,45.83076923076923,45.83076923076923,False,35.0,61.7,3.05,0.0,,100.0,False,50.0,0.0,0.0,0.0,0.0,2026-09-29T19:30,interpolated_hourly,0,W,sun below horizon — no direct-sun posture,,,,not specified,Environmental scores are skin-type independent.,not personalized
2026-09-29 20:00:00,0.0,0.0,0.0,34.03202,-118.52633,86.0,42.10615158081055,1.0,0.0,0.348731884057971,0.5194444444444445,0.7554058844381425,0.24459411556185748,0.7545886450418755,0.2454113549581245,0.0,0.0,0.0,22.0,0.0,0.0,0.6,21.5,18.0,186.0,440.0,15.6,5.2,89.0,1367.0,0.12,1.0,0.75,0.85,89.0,89.0,30.0,40.0,107.2049328233522,-17.20493282335219,278.516303709683,0.0,0.0,0.0,0.0,0.0,0.0,0.348731884057971,0.0,25.777777777777782,37.0,99.51,0.12,0.13175306,0.121643364,279.77975,0.1624549,0.2,0.0,0.0,0.0,0.0,23.18181818181818,32.730769230769226,70.06153846153846,45.80769230769231,45.80769230769231,False,37.0,61.7,2.7,0.0,,100.0,False,50.0,0.0,0.0,0.0,0.0,2026-09-29T20:00,interpolated_hourly,0,W,sun below horizon — no direct-sun posture,,,,not specified,Environmental scores are skin-type independent.,not personalized
2026-09-29 20:30:00,0.0,0.0,0.0,34.03202,-118.52633,86.0,42.10615158081055,1.0,0.0,0.33288043478260865,0.49583333333333335,0.7521564457048328,0.2478435542951672,0.7513806026824348,0.2486193973175651,0.0,0.0,0.0,26.0,0.0,0.0,0.6,21.5,18.0,186.0,440.0,15.6,5.2,89.0,1367.0,0.12,1.0,0.75,0.85,89.0,89.0,30.0,40.0,113.25426164202358,-23.25426164202357,283.34326643004806,0.0,0.0,0.0,0.0,0.0,0.0,0.33288043478260865,0.0,25.472222222222225,38.5,99.53,0.12,0.13175306,0.121643364,279.77975,0.1624549,0.2,0.0,0.0,0.0,0.0,22.022727272727273,32.68846153846154,70.07692307692308,45.784615384615385,45.784615384615385,False,38.5,61.75,2.7,0.0,,100.0,False,50.0,0.0,0.0,0.0,0.0,2026-09-29T20:30,interpolated_hourly,0,WNW,sun below horizon — no direct-sun posture,,,,not specified,Environmental scores are skin-type independent.,not personalized
2026-09-29 21:00:00,0.0,0.0,0.0,34.03202,-118.52633,86.0,42.10615158081055,1.0,0.0,0.31702898550724634,0.4722222222222222,0.748907006971523,0.2510929930284769,0.7481725603229942,0.2518274396770057,0.0,0.0,0.0,30.0,0.0,0.0,0.6,21.5,18.0,186.0,440.0,15.6,5.2,89.0,1367.0,0.12,1.0,0.75,0.85,89.0,89.0,30.0,40.0,119.30359046069495,-29.303590460694956,288.1702291504131,0.0,0.0,0.0,0.0,0.0,0.0,0.31702898550724634,0.0,25.166666666666668,40.0,99.55,0.12,0.13175306,0.121643364,279.77975,0.1624549,0.2,0.0,0.0,0.0,0.0,20.863636363636363,32.646153846153844,70.0923076923077,45.76153846153846,45.76153846153846,False,40.0,61.8,2.7,0.0,,100.0,False,50.0,0.0,0.0,0.0,0.0,2026-09-29T21:00,interpolated_hourly,0,WNW,sun below horizon — no direct-sun posture,,,,not specified,Environmental scores are skin-type independent.,not personalized
2026-09-29 21:30:00,0.0,0.0,0.0,34.03202,-118.52633,86.0,42.10615158081055,1.0,0.0,0.30117753623188404,0.4486111111111111,0.7456575682382134,0.2543424317617866,0.7449645179635536,0.2550354820364464,0.0,0.0,0.0,34.0,0.0,0.0,0.6,21.5,18.0,186.0,440.0,15.6,5.2,89.0,1367.0,0.12,1.0,0.75,0.85,89.0,89.0,30.0,40.0,124.98166173504048,-34.98166173504049,294.16468552764917,0.0,0.0,0.0,0.0,0.0,0.0,0.30117753623188404,0.0,24.91666666666667,41.5,99.57,0.12,0.13175306,0.121643364,279.77975,0.1624549,0.2,0.0,0.0,0.0,0.0,19.704545454545453,32.603846153846156,70.1076923076923,45.738461538461536,45.738461538461536,False,41.5,61.849999999999994,2.6500000000000004,0.0,,100.0,False,50.0,0.0,0.0,0.0,0.0,2026-09-29T21:30,interpolated_hourly,0,WNW,sun below horizon — no direct-sun posture,,,,not specified,Environmental scores are skin-type independent.,not personalized
2026-09-29 22:00:00,0.0,0.0,0.0,34.03202,-118.52633,86.0,42.10615158081055,1.0,0.0,0.28532608695652173,0.42500000000000004,0.7424081295049036,0.2575918704950963,0.741756475604113,0.258243524395887,0.0,0.0,0.0,38.0,0.0,0.0,0.6,21.5,18.0,186.0,440.0,15.6,5.2,89.0,1367.0,0.12,1.0,0.75,0.85,89.0,89.0,30.0,40.0,130.659733009386,-40.65973300938602,300.15914190488525,0.0,0.0,0.0,0.0,0.0,0.0,0.28532608695652173,0.0,24.66666666666667,43.0,99.59,0.12,0.13175306,0.121643364,279.77975,0.1624549,0.2,0.0,0.0,0.0,0.0,18.545454545454547,32.56153846153846,70.12307692307692,45.715384615384615,45.715384615384615,False,43.0,61.9,2.6,0.0,,100.0,False,50.0,0.0,0.0,0.0,0.0,2026-09-29T22:00,interpolated_hourly,0,WNW,sun below horizon — no direct-sun posture,,,,not specified,Environmental scores are skin-type independent.,not personalized
2026-09-29 22:30:00,0.0,0.0,0.0,34.03202,-118.52633,86.0,42.10615158081055,1.0,0.0,0.2694746376811594,0.4013888888888889,0.7391586907715939,0.260841309228406,0.7385484332446723,0.2614515667553276,0.0,0.0,0.0,40.0,0.0,0.0,0.6,21.5,18.0,186.0,440.0,15.6,5.2,89.0,1367.0,0.12,1.0,0.75,0.85,89.0,89.0,30.0,40.0,135.55781502788102,-45.55781502788102,308.3116701698874,0.0,0.0,0.0,0.0,0.0,0.0,0.2694746376811594,0.0,24.527777777777782,43.5,99.6,0.12,0.13175306,0.121643364,279.77975,0.1624549,0.2,0.0,0.0,0.0,0.0,17.386363636363637,32.51923076923077,70.13846153846154,45.69230769230769,45.69230769230769,False,43.5,61.849999999999994,2.4000000000000004,0.0,,100.0,False,50.0,0.0,0.0,0.0,0.0,2026-09-29T22:30,interpolated_hourly,0,NW,sun below horizon — no direct-sun posture,,,,not specified,Environmental scores are skin-type independent.,not personalized
2026-09-29 23:00:00,0.0,0.0,0.0,34.03202,-118.52633,86.0,42.10615158081055,1.0,0.0,0.2536231884057971,0.37777777777777777,0.7359092520382843,0.26409074796171567,0.7353403908852317,0.26465960911476827,0.0,0.0,0.0,42.0,0.0,0.0,0.6,21.5,18.0,186.0,440.0,15.6,5.2,89.0,1367.0,0.12,1.0,0.75,0.85,89.0,89.0,30.0,40.0,140.45589704637604,-50.45589704637603,316.4641984348896,0.0,0.0,0.0,0.0,0.0,0.0,0.2536231884057971,0.0,24.388888888888893,44.0,99.61,0.12,0.13175306,0.121643364,279.77975,0.1624549,0.2,0.0,0.0,0.0,0.0,16.227272727272727,32.47692307692308,70.15384615384616,45.669230769230765,45.669230769230765,False,44.0,61.8,2.2,0.0,,100.0,False,50.0,0.0,0.0,0.0,0.0,2026-09-29T23:00,interpolated_hourly,0,NW,sun below horizon — no direct-sun posture,,,,not specified,Environmental scores are skin-type independent.,not personalized
2026-09-29 23:30:00,0.0,0.0,0.0,34.03202,-118.52633,86.0,42.10615158081055,1.0,0.0,0.23777173913043476,0.3541666666666667,0.7326598133049745,0.2673401866950254,0.7321323485257911,0.2678676514742089,0.0,0.0,0.0,41.0,0.0,0.0,0.6,21.5,18.0,186.0,440.0,15.6,5.2,89.0,1367.0,0.12,1.0,0.75,0.85,89.0,89.0,30.0,40.0,143.79834088705297,-53.79834088705297,327.90990909001584,0.0,0.0,0.0,0.0,0.0,0.0,0.23777173913043476,0.0,24.333333333333336,43.5,99.60499999999999,0.12,0.13175306,0.121643364,279.77975,0.1624549,0.2,0.0,0.0,0.0,0.0,15.068181818181818,32.434615384615384,70.16923076923077,45.646153846153844,45.646153846153844,False,43.5,61.55,1.7500000000000002,0.0,,100.0,False,50.0,0.0,0.0,0.0,0.0,2026-09-29T23:30,interpolated_hourly,0,NNW,sun below horizon — no direct-sun posture,,,,not specified,Environmental scores are skin-type independent.,not personalized
2026-09-30 00:00:00,0.0,0.0,0.0,34.03202,-118.52633,86.0,42.10615158081055,1.0,0.0,0.22192028985507245,0.33055555555555555,0.7294103745716649,0.2705896254283351,0.7289243061663505,0.2710756938336495,0.0,0.0,0.0,40.0,0.0,0.0,0.6,21.5,18.0,186.0,440.0,15.6,5.2,89.0,1367.0,0.12,1.0,0.75,0.85,89.0,89.0,30.0,40.0,147.1407847277299,-57.14078472772992,339.355619745142,0.0,0.0,0.0,0.0,0.0,0.0,0.22192028985507245,0.0,24.277777777777782,43.0,99.6,0.12,0.13175306,0.121643364,279.77975,0.1624549,0.2,0.0,0.0,0.0,0.0,13.90909090909091,32.39230769230769,70.18461538461538,45.62307692307692,45.62307692307692,False,43.0,61.3,1.3,0.0,,100.0,False,50.0,0.0,0.0,0.0,0.0,2026-09-30T00:00,interpolated_hourly,0,NNW,sun below horizon — no direct-sun posture,,,,not specified,Environmental scores are skin-type independent.,not personalized
2026-09-30 00:30:00,0.0,0.0,0.0,34.03202,-118.52633,86.0,42.10615158081055,1.0,0.0,0.20606884057971012,0.30694444444444446,0.7261609358383552,0.2738390641616448,0.7257162638069099,0.2742837361930901,0.0,0.0,0.0,36.5,0.0,0.0,0.6,21.5,18.0,186.0,440.0,15.6,5.2,89.0,1367.0,0.12,1.0,0.75,0.85,89.0,89.0,30.0,40.0,147.86747022779718,-57.867470227797185,173.48176310110995,0.0,0.0,0.0,0.0,0.0,0.0,0.20606884057971012,0.0,24.333333333333336,41.5,99.58500000000001,0.12,0.13175306,0.121643364,279.77975,0.1624549,0.2,0.0,0.0,0.0,0.0,12.75,32.35,70.2,45.599999999999994,45.599999999999994,False,41.5,60.95,0.9,0.0,,100.0,False,50.0,0.0,0.0,0.0,0.0,2026-09-30T00:30,interpolated_hourly,0,S,sun below horizon — no direct-sun posture,,,,not specified,Environmental scores are skin-type independent.,not personalized
2026-09-30 01:00:00,0.0,0.0,0.0,34.03202,-118.52633,86.0,42.10615158081055,1.0,0.0,0.1902173913043478,0.2833333333333333,0.7229114971050454,0.2770885028949545,0.7225082214474692,0.2774917785525307,0.0,0.0,0.0,33.0,0.0,0.0,0.6,21.5,18.0,186.0,440.0,15.6,5.2,89.0,1367.0,0.12,1.0,0.75,0.85,89.0,89.0,30.0,40.0,148.59415572786446,-58.594155727864454,7.607906457077888,0.0,0.0,0.0,0.0,0.0,0.0,0.1902173913043478,0.0,24.388888888888893,40.0,99.57000000000001,0.12,0.13175306,0.121643364,279.77975,0.1624549,0.2,0.0,0.0,0.0,0.0,11.590909090909092,32.30769230769231,70.21538461538462,45.57692307692307,45.57692307692307,False,40.0,60.6,0.5,0.0,,100.0,False,50.0,0.0,0.0,0.0,0.0,2026-09-30T01:00,interpolated_hourly,0,N,sun below horizon — no direct-sun posture,,,,not specified,Environmental scores are skin-type independent.,not personalized
2026-09-30 01:30:00,0.0,0.0,0.0,34.03202,-118.52633,86.0,42.10615158081055,1.0,0.0,0.17436594202898548,0.25972222222222224,0.7196620583717357,0.2803379416282642,0.7193001790880286,0.2806998209119714,0.0,0.0,0.0,32.0,0.0,0.0,0.6,21.5,18.0,186.0,440.0,15.6,5.2,89.0,1367.0,0.12,1.0,0.75,0.85,89.0,89.0,30.0,40.0,146.37934064649605,-56.37934064649605,20.637731487357172,0.0,0.0,0.0,0.0,0.0,0.0,0.17436594202898548,0.0,24.388888888888893,39.0,99.55499999999999,0.12,0.13175306,0.121643364,279.77975,0.1624549,0.2,0.0,0.0,0.0,0.0,10.431818181818182,32.26538461538461,70.23076923076924,45.55384615384615,45.55384615384615,False,39.0,60.3,0.7,0.0,,100.0,False,50.0,0.0,0.0,0.0,0.0,2026-09-30T01:30,interpolated_hourly,0,NNE,sun below horizon — no direct-sun posture,,,,not specified,Environmental scores are skin-type independent.,not personalized
2026-09-30 02:00:00,0.0,0.0,0.0,34.03202,-118.52633,86.0,42.10615158081055,1.0,0.0,0.15851449275362317,0.2361111111111111,0.7164126196384261,0.2835873803615739,0.716092136728588,0.283907863271412,0.0,0.0,0.0,31.0,0.0,0.0,0.6,21.5,18.0,186.0,440.0,15.6,5.2,89.0,1367.0,0.12,1.0,0.75,0.85,89.0,89.0,30.0,40.0,144.16452556512763,-54.16452556512764,33.667556517636456,0.0,0.0,0.0,0.0,0.0,0.0,0.15851449275362317,0.0,24.388888888888893,38.0,99.53999999999999,0.12,0.13175306,0.121643364,279.77975,0.1624549,0.2,0.0,0.0,0.0,0.0,9.272727272727273,32.223076923076924,70.24615384615385,45.53076923076923,45.53076923076923,False,38.0,60.0,0.9,0.0,,100.0,False,50.0,0.0,0.0,0.0,0.0,2026-09-30T02:00,interpolated_hourly,0,NNE,sun below horizon — no direct-sun posture,,,,not specified,Environmental scores are skin-type independent.,not personalized
2026-09-30 02:30:00,0.0,0.0,0.0,34.03202,-118.52633,86.0,42.10615158081055,1.0,0.0,0.14266304347826086,0.21250000000000002,0.7131631809051163,0.2868368190948836,0.7128840943691473,0.2871159056308526,0.0,0.0,0.0,32.0,0.0,0.0,0.6,21.5,18.0,186.0,440.0,15.6,5.2,89.0,1367.0,0.12,1.0,0.75,0.85,89.0,89.0,30.0,40.0,139.88532162639896,-49.88532162639897,43.28541411374604,0.0,0.0,0.0,0.0,0.0,0.0,0.14266304347826086,0.0,24.305555555555557,37.5,99.53,0.12,0.13175306,0.121643364,279.77975,0.1624549,0.2,0.0,0.0,0.0,0.0,8.113636363636363,32.18076923076923,70.26153846153846,45.5076923076923,45.5076923076923,False,37.5,59.75,0.9,0.0,,100.0,False,50.0,0.0,0.0,0.0,0.0,2026-09-30T02:30,interpolated_hourly,0,NE,sun below horizon — no direct-sun posture,,,,not specified,Environmental scores are skin-type independent.,not personalized
2026-09-30 03:00:00,0.0,0.0,0.0,34.03202,-118.52633,86.0,42.10615158081055,1.0,0.0,0.12681159420289856,0.18888888888888888,0.7099137421718067,0.2900862578281933,0.7096760520097067,0.29032394799029326,0.0,0.0,0.0,33.0,0.0,0.0,0.6,21.5,18.0,186.0,440.0,15.6,5.2,89.0,1367.0,0.12,1.0,0.75,0.85,89.0,89.0,30.0,40.0,135.6061176876703,-45.6061176876703,52.90327170985563,0.0,0.0,0.0,0.0,0.0,0.0,0.12681159420289856,0.0,24.22222222222222,37.0,99.52000000000001,0.12,0.13175306,0.121643364,279.77975,0.1624549,0.2,0.0,0.0,0.0,0.0,6.954545454545453,32.13846153846154,70.27692307692308,45.48461538461538,45.48461538461538,False,37.0,59.5,0.9,0.0,,100.0,False,50.0,0.0,0.0,0.0,0.0,2026-09-30T03:00,interpolated_hourly,0,NE,sun below horizon — no direct-sun posture,,,,not specified,Environmental scores are skin-type independent.,not personalized
2026-09-30 03:30:00,0.0,0.0,0.0,34.03202,-118.52633,86.0,42.10615158081055,1.0,0.0,0.1109601449275362,0.1652777777777778,0.706664303438497,0.293335696561503,0.7064680096502661,0.2935319903497339,0.0,0.0,0.0,34.0,0.0,0.0,0.6,21.5,18.0,186.0,440.0,15.6,5.2,89.0,1367.0,0.12,1.0,0.75,0.85,89.0,89.0,30.0,40.0,130.23406768263817,-40.23406768263817,59.782485272730355,0.0,0.0,0.0,0.0,0.0,0.0,0.1109601449275362,0.0,24.111111111111114,37.5,99.51,0.12,0.13175306,0.121643364,279.77975,0.1624549,0.2,0.0,0.0,0.0,0.0,5.795454545454547,32.09615384615385,70.2923076923077,45.46153846153846,45.46153846153846,False,37.5,59.45,1.35,0.0,,100.0,False,50.0,0.0,0.0,0.0,0.0,2026-09-30T03:30,interpolated_hourly,0,ENE,sun below horizon — no direct-sun posture,,,,not specified,Environmental scores are skin-type independent.,not personalized
2026-09-30 04:00:00,0.0,0.0,0.0,34.03202,-118.52633,86.0,42.10615158081055,1.0,0.0,0.09510869565217389,0.14166666666666666,0.7034148647051872,0.2965851352948127,0.7032599672908255,0.2967400327091745,0.0,0.0,0.0,35.0,0.0,0.0,0.6,21.5,18.0,186.0,440.0,15.6,5.2,89.0,1367.0,0.12,1.0,0.75,0.85,89.0,89.0,30.0,40.0,124.86201767760605,-34.86201767760605,66.66169883560508,0.0,0.0,0.0,0.0,0.0,0.0,0.09510869565217389,0.0,24.000000000000004,38.0,99.5,0.12,0.13175306,0.121643364,279.77975,0.1624549,0.2,0.0,0.0,0.0,0.0,4.636363636363637,32.05384615384615,70.3076923076923,45.43846153846154,45.43846153846154,False,38.0,59.4,1.8,0.0,,100.0,False,50.0,0.0,0.0,0.0,0.0,2026-09-30T04:00,interpolated_hourly,0,ENE,sun below horizon — no direct-sun posture,,,,not specified,Environmental scores are skin-type independent.,not personalized
2026-09-30 04:30:00,0.0,0.0,0.0,34.03202,-118.52633,86.0,42.10615158081055,1.0,0.0,0.07925724637681159,0.11805555555555558,0.7001654259718776,0.2998345740281224,0.7000519249313849,0.2999480750686151,0.0,0.0,0.0,35.5,0.0,0.0,0.6,21.5,18.0,186.0,440.0,15.6,5.2,89.0,1367.0,0.12,1.0,0.75,0.85,89.0,89.0,30.0,40.0,118.95873786465552,-28.95873786465551,71.95361649858876,0.0,0.0,0.0,0.0,0.0,0.0,0.07925724637681159,0.0,24.000000000000004,37.5,99.5,0.12,0.13175306,0.121643364,279.77975,0.1624549,0.2,0.0,0.0,0.0,0.0,3.4772727272727266,32.011538461538464,70.32307692307693,45.41538461538461,45.41538461538461,False,37.5,59.25,2.25,0.0,,100.0,False,50.0,0.0,0.0,0.0,0.0,2026-09-30T04:30,interpolated_hourly,0,ENE,sun below horizon — no direct-sun posture,,,,not specified,Environmental scores are skin-type independent.,not personalized
2026-09-30 05:00:00,0.0,0.0,0.0,34.03202,-118.52633,86.0,42.10615158081055,1.0,0.0,0.06340579710144928,0.09444444444444444,0.6969159872385678,0.3030840127614321,0.6968438825719443,0.3031561174280557,0.0,0.0,0.0,36.0,0.0,0.0,0.6,21.5,18.0,186.0,440.0,15.6,5.2,89.0,1367.0,0.12,1.0,0.75,0.85,89.0,89.0,30.0,40.0,113.05545805170497,-23.055458051704974,77.24553416157244,0.0,0.0,0.0,0.0,0.0,0.0,0.06340579710144928,0.0,24.000000000000004,37.0,99.5,0.12,0.13175306,0.121643364,279.77975,0.1624549,0.2,0.0,0.0,0.0,0.0,2.31818181818182,31.96923076923077,70.33846153846154,45.39230769230769,45.39230769230769,False,37.0,59.1,2.7,0.0,,100.0,False,50.0,0.0,0.0,0.0,0.0,2026-09-30T05:00,interpolated_hourly,0,ENE,sun below horizon — no direct-sun posture,,,,not specified,Environmental scores are skin-type independent.,not personalized
2026-09-30 05:30:00,0.0,0.0,0.0,34.03202,-118.52633,86.0,42.10615158081055,1.0,0.0,0.04755434782608697,0.0708333333333333,0.6936665485052581,0.3063334514947418,0.6936358402125036,0.30636415978749637,0.0,0.0,0.0,37.0,0.0,0.0,0.6,21.5,18.0,186.0,440.0,15.6,5.2,89.0,1367.0,0.12,1.0,0.75,0.85,89.0,89.0,30.0,40.0,106.91334841260897,-16.913348412608975,81.74059733349492,0.0,0.0,0.0,0.0,0.0,0.0,0.04755434782608697,0.0,24.083333333333336,36.0,99.51,0.12,0.13175306,0.121643364,279.77975,0.1624549,0.2,0.0,0.0,0.0,0.0,1.15909090909091,31.926923076923078,70.35384615384616,45.36923076923077,45.36923076923077,False,36.0,58.95,2.55,1.0,,100.0,False,50.0,0.0,0.0,0.0,0.0,2026-09-30T05:30,interpolated_hourly,0,E,sun below horizon — no direct-sun posture,,,,not specified,Environmental scores are skin-type independent.,not personalized
2026-09-30 06:00:00,0.0,0.0,0.0,34.03202,-118.52633,86.0,42.10615158081055,1.0,0.0,0.03170289855072461,0.047222222222222165,0.6904171097719485,0.3095828902280515,0.6904277978530631,0.309572202146937,0.0,0.0,0.0,38.0,0.0,0.0,0.6,21.5,18.0,186.0,440.0,15.6,5.2,89.0,1367.0,0.12,1.0,0.75,0.85,89.0,89.0,30.0,40.0,100.77123877351298,-10.771238773512973,86.2356605054174,0.0,0.0,0.0,0.0,0.0,0.0,0.03170289855072461,0.0,24.166666666666668,35.0,99.52000000000001,0.12,0.13175306,0.121643364,279.77975,0.1624549,0.2,0.0,0.0,0.0,0.0,0.0,31.884615384615387,70.36923076923077,45.34615384615385,45.34615384615385,False,35.0,58.8,2.4,2.0,,100.0,False,50.0,0.0,0.0,0.0,0.0,2026-09-30T06:00,interpolated_hourly,0,E,sun below horizon — no direct-sun posture,,,,not specified,Environmental scores are skin-type independent.,not personalized
2026-09-30 06:30:00,0.0,1.3,19.6,34.03202,-118.52633,86.0,42.10615158081055,1.0,0.0,0.015851449275362306,0.023611111111111138,0.6871676710386387,0.3128323289613612,0.6872197554936224,0.3127802445063776,0.0,0.0,0.0,39.0,0.0,0.0,0.675,21.5,18.0,186.0,440.0,15.6,5.2,89.0,1367.0,0.12,1.0,0.75,0.85,89.0,89.0,30.0,40.0,94.41380608703142,-4.413806087031413,90.45424388341851,0.8282084458625782,2.423126561054098,0.746025254380602,0.0,0.0,0.0,0.015851449275362306,0.0,24.38888888888889,34.0,99.535,0.12,0.13175306,0.121643364,279.77975,0.1624549,0.2,0.0,0.0,0.0,0.0,0.0,31.842307692307692,70.38461538461539,45.32307692307692,45.32307692307692,False,34.0,58.75,2.1,2.0,,100.0,False,50.0,0.0,0.0,0.0,0.0,2026-09-30T06:30,interpolated_hourly,0,E,sun below horizon — no direct-sun posture,,,,not specified,Environmental scores are skin-type independent.,not personalized
2026-09-30 07:00:00,1.0,2.6,39.2,34.03202,-118.52633,86.0,42.10615158081055,1.0,0.0,0.0,0.0,0.683918232305329,0.3160817676946709,0.6840117131341817,0.31598828686581826,0.0,0.0,0.0,40.0,0.0,0.0,0.75,21.5,18.0,186.0,440.0,15.6,5.2,89.0,1367.0,0.12,1.0,0.75,0.85,89.0,89.0,30.0,40.0,88.05637340054986,1.943626599450146,94.67282726141963,1.6564168917251565,4.846253122108196,1.492050508761204,0.0,0.0,0.0,0.0,0.0,24.61111111111111,33.0,99.55,0.12,0.13175306,0.121643364,279.77975,0.1624549,0.2,0.369,0.0,0.2,0.0,0.0,31.8,70.4,45.3,45.3,False,33.0,58.7,1.8,2.0,88.1,100.0,False,50.0,0.5,0.5,0.0,0.0,2026-09-30T07:00,interpolated_hourly,0,E,"sun low 2° (E) — face E, lift torso ~88° toward the sun if comfortable",,,,not specified,Environmental scores are skin-type independent.,not personalized
2026-09-30 07:30:00,1.0,93.64999999999999,183.55,34.03202,-118.52633,86.0,42.10615158081055,1.0,0.0,0.2517596101786681,0.25114364135407136,0.6806687935720194,0.31933120642798063,0.6808036707747411,0.31919632922525887,0.5,0.0,0.0,40.0,0.0,31.1,0.875,21.5,18.0,186.0,440.0,15.6,5.2,89.0,1367.0,0.12,1.0,0.75,0.85,89.0,89.0,30.0,40.0,82.04562997060471,7.954370029395294,99.02887365620083,74.9481329966401,185.32679561068107,30.725614887805882,46.5,220.29999999999998,15.0,0.2517596101786681,0.0,24.944444444444443,32.0,99.565,0.12,0.13175306,0.121643364,279.77975,0.1624549,0.2,1.9802999999999997,0.012257069388724206,1.9151594537439753,9.1,23.05,35.6,65.4,46.05,46.05,False,32.0,58.85,1.65,2.0,82.0,100.0,False,50.0,5.0,5.0,0.2300815072968708,46.56566646170281,2026-09-30T07:30,interpolated_hourly,0,E,"sun low 8° (E) — face E, lift torso ~82° toward the sun if comfortable",,,,not specified,Environmental scores are skin-type independent.,not personalized
2026-09-30 08:00:00,1.0,184.7,327.9,34.03202,-118.52633,86.0,42.10615158081055,1.0,0.0,0.5035192203573362,0.5022872827081427,0.6774193548387096,0.3225806451612903,0.6775956284153005,0.3224043715846995,1.0,0.0,0.0,40.0,0.0,62.2,1.0,21.5,18.0,186.0,440.0,15.6,5.2,89.0,1367.0,0.12,1.0,0.75,0.85,89.0,89.0,30.0,40.0,76.03488654065956,13.965113459340444,103.38492005098203,148.23984910155502,365.8073380992539,59.95917926685057,93.0,440.6,30.0,0.5035192203573362,0.0,25.27777777777778,31.0,99.58,0.12,0.13175306,0.121643364,279.77975,0.1624549,0.2,5.289,0.0293,4.9,18.2,46.1,39.4,60.4,46.8,46.8,False,31.0,59.0,1.5,2.0,76.0,100.0,False,50.0,10.5,10.5,0.55,164.7,2026-09-30T08:00,interpolated_hourly,0,ESE,"sun low 14° (ESE) — face ESE, lift torso ~76° toward the sun if comfortable",,,,not specified,Environmental scores are skin-type independent.,not personalized
2026-09-30 08:30:00,1.0,323.6,459.7,34.03202,-118.52633,86.0,42.10615158081055,1.0,0.0,0.5814893399083978,0.5807294401706393,0.7551031200423056,0.24489687995769432,0.7551866318532003,0.2448133681467996,1.0,0.0,0.0,39.0,0.0,69.05,1.0,21.5,18.0,186.0,440.0,15.6,5.2,89.0,1367.0,0.12,1.0,0.75,0.85,89.0,89.0,30.0,40.0,70.15631560333453,19.84368439666547,108.31267265445271,252.0394267120163,482.3934695591838,77.91780614022795,199.0,594.25,40.5,0.5814893399083978,0.0,25.916666666666664,30.0,99.58500000000001,0.12,0.13175306,0.121643364,279.77975,0.1624549,0.2,10.858517350325112,0.12184266851473408,10.568710554074695,27.9,49.45,47.7,55.65,50.5,50.5,False,30.0,59.5,1.85,2.0,70.2,100.0,False,50.0,18.0,18.0,1.2815167400417011,269.47081271211323,2026-09-30T08:30,interpolated_hourly,0,ESE,"sun low 20° (ESE) — face ESE, lift torso ~70° toward the sun if comfortable",,,,not specified,Environmental scores are skin-type independent.,not personalized
2026-09-30 09:00:00,1.0,462.5,591.5,34.03202,-118.52633,86.0,42.10615158081055,1.0,0.0,0.6594594594594595,0.659171597633136,0.8327868852459016,0.16721311475409836,0.8327776352911003,0.16722236470889973,1.0,0.0,0.0,38.0,0.0,75.9,1.0,21.5,18.0,186.0,440.0,15.6,5.2,89.0,1367.0,0.12,1.0,0.75,0.85,89.0,89.0,30.0,40.0,64.27774466600951,25.722255333990496,113.24042525792339,355.8390043224776,598.9796010191137,95.87643301360532,305.0,747.9,51.0,0.6594594594594595,0.0,26.555555555555554,29.0,99.59,0.12,0.13175306,0.121643364,279.77975,0.1624549,0.2,17.059,0.2179,16.7,37.6,52.8,56.0,50.9,54.2,54.2,False,29.0,60.0,2.2,2.0,64.3,100.0,False,50.0,25.3,25.3,2.05,389.9,2026-09-30T09:00,interpolated_hourly,0,ESE,"sun low 26° (ESE) — face ESE, lift torso ~64° toward the sun if comfortable",,,,not specified,Environmental scores are skin-type independent.,not personalized
2026-09-30 09:30:00,1.0,584.25,701.8,34.03202,-118.52633,86.0,42.10615158081055,1.0,0.0,0.6838373784549422,0.6836062396489778,0.8513934426229508,0.1486065573770492,0.8514322959064198,0.14865466061531943,1.0,0.0,-0.05000000000001137,37.0,0.0,80.30000000000001,1.0,21.5,18.0,186.0,440.0,15.6,5.2,89.0,1367.0,0.12,1.0,0.75,0.85,89.0,89.0,30.0,40.0,58.865428853481326,31.134571146518677,119.30494784716632,447.7140934463939,654.7686195600239,106.17123126061179,402.5,793.8499999999999,58.0,0.6838373784549422,0.0,27.333333333333332,27.5,99.595,0.12,0.13175306,0.121643364,279.77975,0.1624549,0.2,23.02308245479461,0.412968851792586,22.704651097216807,46.3,49.849999999999994,57.65,51.3,55.400000000000006,55.400000000000006,False,27.5,60.45,2.9000000000000004,2.0,58.9,100.0,False,50.0,31.2,31.2,2.8048824378877883,484.13398990174164,2026-09-30T09:30,interpolated_hourly,0,ESE,"sun 31° up (ESE) — lay flat, or lift torso ~59° toward ESE to face it",,,,not specified,Environmental scores are skin-type independent.,not personalized
2026-09-30 10:00:00,1.0,706.0,812.1,34.03202,-118.52633,86.0,42.10615158081055,1.0,0.0,0.7082152974504249,0.7080408816648196,0.87,0.13,0.8700869565217392,0.13008695652173913,1.0,0.0,-0.10000000000002274,36.0,0.0,84.7,1.0,21.5,18.0,186.0,440.0,15.6,5.2,89.0,1367.0,0.12,1.0,0.75,0.85,89.0,89.0,30.0,40.0,53.45311304095314,36.54688695904686,125.36947043640924,539.5891825703103,710.5576381009341,116.46602950761826,500.0,839.8,65.0,0.7082152974504249,0.0,28.11111111111111,26.0,99.6,0.12,0.13175306,0.121643364,279.77975,0.1624549,0.2,28.827,0.6066,28.6,55.0,46.9,59.3,51.7,56.6,56.6,False,26.0,60.9,3.6,2.0,53.5,100.0,False,50.0,36.7,36.7,3.55,575.0,2026-09-30T10:00,interpolated_hourly,0,SE,"sun 37° up (SE) — lay flat, or lift torso ~54° toward SE to face it",,,,not specified,Environmental scores are skin-type independent.,not personalized
2026-09-30 10:30:00,1.0,802.35,893.35,34.03202,-118.52633,86.0,42.10615158081055,1.0,0.0,0.720748351963223,0.7206323841937888,0.8796130500758725,0.12038694992412746,0.8796278611324061,0.12045909538933304,1.0,0.0,-0.05000000000001137,34.5,0.0,88.4,1.0,21.5,18.0,186.0,440.0,15.6,5.2,89.0,1367.0,0.12,1.0,0.75,0.85,89.0,89.0,30.0,40.0,48.92616049078363,41.07383950921637,133.3203625634912,608.4006904700931,738.9285616806094,122.72814357936221,579.5,864.5,69.0,0.720748351963223,0.0,28.63888888888889,25.5,99.6,0.12,0.13175306,0.121643364,279.77975,0.1624549,0.2,34.38984195249035,0.798647161569693,34.085864593123326,62.85,43.15,66.85,50.8,61.2,61.2,False,25.5,61.4,4.35,2.0,48.9,100.0,False,50.0,41.8,41.8,4.2406488093904136,649.5853438684627,2026-09-30T10:30,interpolated_hourly,0,SE,"sun 41° up (SE) — lay flat, or lift torso ~49° toward SE to face it",,,,not specified,Environmental scores are skin-type independent.,not personalized
2026-09-30 11:00:00,1.0,898.7,974.6,34.03202,-118.52633,86.0,42.10615158081055,1.0,0.0,0.7332814064760209,0.7332238867227581,0.8892261001517451,0.11077389984825493,0.889168765743073,0.11083123425692695,1.0,0.0,0.0,33.0,0.0,92.1,1.0,21.5,18.0,186.0,440.0,15.6,5.2,89.0,1367.0,0.12,1.0,0.75,0.85,89.0,89.0,30.0,40.0,44.39920794061412,45.60079205938588,141.27125469057313,677.2121983698759,767.2994852602848,128.99025765110616,659.0,889.2,73.0,0.7332814064760209,0.0,29.166666666666668,25.0,99.6,0.12,0.13175306,0.121643364,279.77975,0.1624549,0.2,39.446,0.9848,39.2,70.7,39.4,74.4,49.9,65.8,65.8,False,25.0,61.9,5.1,2.0,44.4,100.0,False,50.0,46.3,46.3,4.9,714.6,2026-09-30T11:00,interpolated_hourly,0,SE,"sun 46° up (SE) — lay flat, or lift torso ~44° toward SE to face it",,,,not specified,Environmental scores are skin-type independent.,not personalized
2026-09-30 11:30:00,1.0,963.0,1021.3,34.03202,-118.52633,86.0,42.10615158081055,1.0,0.0,0.7457899293647505,0.7456849770692442,0.8977581078422396,0.10224189215776033,0.8977151720527147,0.10228482794728527,1.0,0.0,5.684341886080802e-14,32.0,0.0,95.3,1.0,21.5,18.0,186.0,440.0,15.6,5.2,89.0,1367.0,0.12,1.0,0.75,0.85,89.0,89.0,30.0,40.0,41.43926217205717,48.56073782794283,151.7209082965675,716.9804294692578,780.4164890044387,132.26742352824652,719.0,913.3,73.0,0.7457899293647505,0.0,29.305555555555557,26.0,99.57499999999999,0.12,0.13175306,0.121643364,279.77975,0.1624549,0.2,43.41372263622782,1.1068620206064448,43.766987703824014,78.6,47.849999999999994,78.45,47.9,67.75,67.75,False,26.0,62.5,5.9,1.5,41.4,100.0,False,50.0,51.5,51.5,5.572716663823441,768.4018696299632,2026-09-30T11:30,interpolated_hourly,0,SSE,"sun 49° up (SSE) — lay flat, or lift torso ~41° toward SSE to face it",,,,not specified,Environmental scores are skin-type independent.,not personalized
2026-09-30 12:00:00,1.0,1027.3,1068.0,34.03202,-118.52633,86.0,42.10615158081055,1.0,0.0,0.75829845225348,0.7581460674157304,0.9062901155327343,0.09370988446726572,0.9062615783623563,0.09373842163764358,1.0,0.0,1.1368683772161603e-13,31.0,0.0,98.5,1.0,21.5,18.0,186.0,440.0,15.6,5.2,89.0,1367.0,0.12,1.0,0.75,0.85,89.0,89.0,30.0,40.0,38.47931640350021,51.52068359649979,162.17056190256187,756.7486605686397,793.5334927485927,135.5445894053869,779.0,937.4,73.0,0.75829845225348,0.0,29.444444444444446,27.0,99.55,0.12,0.13175306,0.121643364,279.77975,0.1624549,0.2,46.675,1.2199,47.8,86.5,56.3,82.5,45.9,69.7,69.7,False,27.0,63.1,6.7,1.0,38.5,100.0,False,50.0,56.2,56.2,6.2,809.7,2026-09-30T12:00,interpolated_hourly,0,SSE,"sun 52° up (SSE) — lay flat, or lift torso ~38° toward SSE to face it",,,,not specified,Environmental scores are skin-type independent.,not personalized
2026-09-30 12:30:00,1.0,1055.25,1076.85,34.03202,-118.52633,86.0,42.10615158081055,1.0,0.0,0.7599653265698715,0.7598412017100757,0.9064783910997005,0.09352160890029954,0.9065052449141244,0.0935552292029534,1.0,0.0,-0.05000000000001137,30.5,0.0,98.5,1.0,21.5,18.0,186.0,440.0,15.6,5.2,89.0,1367.0,0.12,1.0,0.75,0.85,89.0,89.0,30.0,40.0,37.87216565917096,52.12783434082904,174.38907889609413,764.3340009527021,795.8206064150424,136.14760375089134,802.0,939.8,75.0,0.7599653265698715,0.0,29.333333333333332,28.5,99.51499999999999,0.12,0.13175306,0.121643364,279.77975,0.1624549,0.2,48.35394627333318,1.2805860208750879,49.40585129562699,88.45,59.95,83.3,45.099999999999994,69.95,69.95,False,28.5,63.55,7.550000000000001,1.0,37.9,100.0,False,50.0,57.9,57.9,6.4034323343624475,825.5650235919264,2026-09-30T12:30,interpolated_hourly,0,S,"sun 52° up (S) — lay flat, or lift torso ~38° toward S to face it",,,,not specified,Environmental scores are skin-type independent.,not personalized
2026-09-30 13:00:00,1.0,1083.2,1085.7,34.03202,-118.52633,86.0,42.10615158081055,1.0,0.0,0.7616322008862629,0.761536336004421,0.9066666666666666,0.09333333333333334,0.9067489114658926,0.0933720367682632,1.0,0.0,-0.10000000000013642,30.0,0.0,98.5,1.0,21.5,18.0,186.0,440.0,15.6,5.2,89.0,1367.0,0.12,1.0,0.75,0.85,89.0,89.0,30.0,40.0,37.26501491484171,52.73498508515829,186.6075958896264,771.9193413367647,798.1077200814923,136.75061809639578,825.0,942.2,77.0,0.7616322008862629,0.0,29.22222222222222,30.0,99.47999999999999,0.12,0.13175306,0.121643364,279.77975,0.1624549,0.2,49.176,1.3299,50.4,90.4,63.6,84.1,44.3,70.2,70.2,False,30.0,64.0,8.4,1.0,37.3,100.0,False,50.0,59.2,59.2,6.55,826.8,2026-09-30T13:00,interpolated_hourly,0,S,"sun 53° up (S) — lay flat, or lift torso ~37° toward S to face it",,,,not specified,Environmental scores are skin-type independent.,not personalized
2026-09-30 13:30:00,1.0,1072.8000000000002,1056.2,34.03202,-118.52633,86.0,42.10615158081055,1.0,0.0,0.7596752871901193,0.7595545710410729,0.9048861283643892,0.09511387163561077,0.904968695897513,0.09515606209716837,1.0,0.0,-0.10000000000007958,29.5,0.0,98.45,1.0,21.5,18.0,186.0,440.0,15.6,5.2,89.0,1367.0,0.12,1.0,0.75,0.85,89.0,89.0,30.0,40.0,39.22380970670988,50.77619029329012,198.09712878480113,746.7345988576059,790.2602603609787,134.722487766931,815.0,938.05,77.5,0.7596752871901193,0.0,29.194444444444443,31.0,99.44999999999999,0.12,0.13175306,0.121643364,279.77975,0.1624549,0.2,48.54842514818022,1.2820628122217865,49.60190859890694,88.7,67.1,82.65,43.5,68.95,68.95,False,31.0,64.35,8.95,1.0,39.2,100.0,False,50.0,58.6,58.6,6.428393919006137,809.4346795312806,2026-09-30T13:30,interpolated_hourly,0,SSW,"sun 51° up (SSW) — lay flat, or lift torso ~39° toward SSW to face it",,,,not specified,Environmental scores are skin-type independent.,not personalized
2026-09-30 14:00:00,1.0,1062.4,1026.7,34.03202,-118.52633,86.0,42.10615158081055,1.0,0.0,0.7577183734939759,0.7575728060777247,0.9031055900621118,0.0968944099378882,0.9031884803291335,0.09694008742607356,1.0,0.0,-0.10000000000002274,29.0,0.0,98.4,1.0,21.5,18.0,186.0,440.0,15.6,5.2,89.0,1367.0,0.12,1.0,0.75,0.85,89.0,89.0,30.0,40.0,41.18260449857805,48.81739550142195,209.58666167997586,721.5498563784471,782.4128006404652,132.69435743746624,805.0,933.9,78.0,0.7577183734939759,0.0,29.166666666666668,32.0,99.42,0.12,0.13175306,0.121643364,279.77975,0.1624549,0.2,47.065,1.2229,48.1,87.0,70.6,81.2,42.7,67.7,67.7,False,32.0,64.7,9.5,1.0,41.2,100.0,False,50.0,57.5,57.5,6.25,777.8,2026-09-30T14:00,interpolated_hourly,0,SSW,"sun 49° up (SSW) — lay flat, or lift torso ~41° toward SSW to face it",,,,not specified,Environmental scores are skin-type independent.,not personalized
2026-09-30 14:30:00,1.0,1014.4000000000001,960.8,34.03202,-118.52633,86.0,42.10615158081055,1.0,0.0,0.751893127144339,0.7517331009939412,0.902315624434662,0.09768437556533799,0.9023807570184993,0.0976835268591042,1.0,0.0,-0.05000000000001137,29.5,0.0,96.15,1.0,21.5,18.0,186.0,440.0,15.6,5.2,89.0,1367.0,0.12,1.0,0.75,0.85,89.0,89.0,30.0,40.0,45.08989153202464,44.91010846797536,218.6537144250036,665.5398737966875,761.944687436908,127.87214569714229,763.0,926.05,74.5,0.751893127144339,0.0,29.41666666666667,31.5,99.39500000000001,0.12,0.13175306,0.121643364,279.77975,0.1624549,0.2,44.245837203635965,1.0725602628016921,44.75522484512947,80.4,71.15,69.6,42.1,59.95,59.95,False,31.5,64.85,9.8,1.0,45.1,100.0,False,50.0,53.5,53.5,5.724070500416316,728.7662367709611,2026-09-30T14:30,interpolated_hourly,0,SW,"sun 45° up (SW) — lay flat, or lift torso ~45° toward SW to face it",,,,not specified,Environmental scores are skin-type independent.,not personalized
2026-09-30 15:00:00,1.0,966.4,894.9,34.03202,-118.52633,86.0,42.10615158081055,1.0,0.0,0.746067880794702,0.7458933959101576,0.9015256588072122,0.09847434119278779,0.9015730337078651,0.09842696629213483,1.0,0.0,0.0,30.0,0.0,93.9,1.0,21.5,18.0,186.0,440.0,15.6,5.2,89.0,1367.0,0.12,1.0,0.75,0.85,89.0,89.0,30.0,40.0,48.997178565471216,41.002821434528784,227.72076717003137,609.5298912149279,741.4765742333509,123.04993395681834,721.0,918.2,71.0,0.746067880794702,0.0,29.66666666666667,31.0,99.37,0.12,0.13175306,0.121643364,279.77975,0.1624549,0.2,40.684,0.9132,40.8,73.8,71.7,58.0,41.5,52.2,52.2,False,31.0,65.0,10.1,1.0,49.0,100.0,False,50.0,49.0,49.0,5.15,667.5,2026-09-30T15:00,interpolated_hourly,0,SW,"sun 41° up (SW) — lay flat, or lift torso ~49° toward SW to face it",,,,not specified,Environmental scores are skin-type independent.,not personalized
2026-09-30 15:30:00,1.0,884.05,797.05,34.03202,-118.52633,86.0,42.10615158081055,1.0,0.0,0.734765261340347,0.7345742723257882,0.8904180018173993,0.1095819981826008,0.8904740786494635,0.10952592135053647,1.0,0.0,0.0,30.5,0.0,89.35,1.0,21.5,18.0,186.0,440.0,15.6,5.2,89.0,1367.0,0.12,1.0,0.75,0.85,89.0,89.0,30.0,40.0,54.070198466919415,35.929801533080585,234.54931051756805,527.2771717513742,700.6486495775326,114.82819213659923,650.5,893.45,70.5,0.734765261340347,0.0,29.94444444444445,30.5,99.355,0.12,0.13175306,0.121643364,279.77975,0.1624549,0.2,35.94980173044268,0.7251344620317246,35.99581427485252,65.65,80.85,56.05,41.5,50.95,50.95,False,30.5,65.2,10.149999999999999,1.0,54.1,100.0,False,50.0,45.0,45.0,4.541185303015091,590.8038800660524,2026-09-30T15:30,interpolated_hourly,0,SW,"sun 36° up (SW) — lay flat, or lift torso ~54° toward SW to face it",,,,not specified,Environmental scores are skin-type independent.,not personalized
2026-09-30 16:00:00,1.0,801.7,699.2,34.03202,-118.52633,86.0,42.10615158081055,1.0,0.0,0.7234626418859922,0.7232551487414187,0.8793103448275862,0.1206896551724138,0.8793751235910618,0.12062487640893811,1.0,0.0,0.0,31.0,0.0,84.8,1.0,21.5,18.0,186.0,440.0,15.6,5.2,89.0,1367.0,0.12,1.0,0.75,0.85,89.0,89.0,30.0,40.0,59.14321836836761,30.856781631632387,241.37785386510473,445.0244522878206,659.8207249217144,106.60645031638012,580.0,868.7,70.0,0.7234626418859922,0.0,30.222222222222225,30.0,99.34,0.12,0.13175306,0.121643364,279.77975,0.1624549,0.2,30.704000000000008,0.5319,30.815385801093033,57.5,90.0,54.1,41.5,49.7,49.7,False,30.0,65.4,10.2,1.0,59.1,100.0,False,50.0,40.5,40.5,3.9,505.70000000000005,2026-09-30T16:00,interpolated_hourly,0,WSW,"sun 31° up (WSW) — lay flat, or lift torso ~59° toward WSW to face it",,,,not specified,Environmental scores are skin-type independent.,not personalized
2026-09-30 16:30:00,1.0,690.6500000000001,576.1500000000001,34.03202,-118.52633,86.0,42.10615158081055,1.0,0.0,0.7042088916814364,0.703936115531601,0.8640884217840702,0.13591157821592983,0.8640911723693543,0.1359088276306457,1.0,0.0,0.0,32.0,0.0,79.05,1.0,21.5,18.0,186.0,440.0,15.6,5.2,89.0,1367.0,0.12,1.0,0.75,0.85,89.0,89.0,30.0,40.0,64.8497487383859,25.150251261614113,246.74104774564313,344.70366265364873,577.8097203446184,92.97372922787835,488.5,831.6500000000001,65.0,0.7042088916814364,0.0,30.361111111111114,29.5,99.33500000000001,0.12,0.13175306,0.121643364,279.77975,0.1624549,0.2,25.04348831571016,0.3517903949230137,25.13209497732529,49.1,94.9,42.8,42.25,42.6,42.6,False,29.5,65.35,9.85,1.0,64.8,100.0,False,50.0,34.4,34.4,3.1803374256280423,409.3227451829548,2026-09-30T16:30,interpolated_hourly,0,WSW,"sun low 25° (WSW) — face WSW, lift torso ~65° toward the sun if comfortable",,,,not specified,Environmental scores are skin-type independent.,not personalized
2026-09-30 17:00:00,1.0,579.6,453.1,34.03202,-118.52633,86.0,42.10615158081055,1.0,0.0,0.6849551414768806,0.6846170823217832,0.8488664987405542,0.15113350125944586,0.8488072211476467,0.15119277885235333,1.0,0.0,0.0,33.0,0.0,73.3,1.0,21.5,18.0,186.0,440.0,15.6,5.2,89.0,1367.0,0.12,1.0,0.75,0.85,89.0,89.0,30.0,40.0,70.55627910840417,19.443720891595838,252.1042416261815,244.38287301947682,495.7987157675226,79.34100813937658,397.0,794.6,60.0,0.6849551414768806,0.0,30.500000000000004,29.0,99.33,0.12,0.13175306,0.121643364,279.77975,0.1624549,0.2,19.215,0.1705,19.3,40.7,99.8,31.5,43.0,35.5,35.5,False,29.0,65.3,9.5,1.0,70.6,100.0,False,50.0,27.9,27.9,2.45,310.2,2026-09-30T17:00,interpolated_hourly,0,WSW,"sun low 19° (WSW) — face WSW, lift torso ~71° toward the sun if comfortable",,,,not specified,Environmental scores are skin-type independent.,not personalized
2026-09-30 17:30:00,1.0,447.3,313.15,34.03202,-118.52633,86.0,42.10615158081055,1.0,0.0,0.6377156659765355,0.6367658159876814,0.8007773353917824,0.19922266460821755,0.8008741988091175,0.19912580119088252,1.0,0.0,0.0,34.5,0.0,64.95,1.0,21.5,18.0,186.0,440.0,15.6,5.2,89.0,1367.0,0.12,1.0,0.75,0.85,89.0,89.0,30.0,40.0,76.57003295940326,13.429967040596742,256.6548324387337,145.60430201599655,322.27865799591314,53.4827715550523,291.5,701.4000000000001,53.0,0.6377156659765355,0.0,30.305555555555557,29.5,99.33,0.12,0.13175306,0.121643364,279.77975,0.1624549,0.2,12.9059062983864,0.10644510007505595,13.255205785373109,31.5,99.9,31.65,53.75,39.35,39.35,False,29.5,65.25,8.45,1.5,76.6,100.0,False,50.0,21.7,21.7,1.7296093326958952,201.32510506338457,2026-09-30T17:30,interpolated_hourly,0,WSW,"sun low 13° (WSW) — face WSW, lift torso ~77° toward the sun if comfortable",,,,not specified,Environmental scores are skin-type independent.,not personalized
2026-09-30 18:00:00,1.0,315.0,173.2,34.03202,-118.52633,86.0,42.10615158081055,1.0,0.0,0.5904761904761905,0.5889145496535797,0.7526881720430108,0.24731182795698925,0.7529411764705882,0.24705882352941175,1.0,0.0,0.0,36.0,0.0,56.6,1.0,21.5,18.0,186.0,440.0,15.6,5.2,89.0,1367.0,0.12,1.0,0.75,0.85,89.0,89.0,30.0,40.0,82.58378681040236,7.416213189597646,261.20542325128594,46.825731012516286,148.75860022430365,27.624534970728018,186.0,608.2,46.0,0.5904761904761905,0.0,30.111111111111114,30.0,99.33,0.12,0.13175306,0.121643364,279.77975,0.1624549,0.2,7.209,0.0449,7.7,22.3,100.0,31.8,64.5,43.2,43.2,False,30.0,65.2,7.4,2.0,82.6,100.0,False,50.0,15.1,15.1,1.05,102.0,2026-09-30T18:00,interpolated_hourly,0,W,"sun low 7° (W) — face W, lift torso ~83° toward the sun if comfortable",,,,not specified,Environmental scores are skin-type independent.,not personalized
2026-09-30 18:30:00,1.0,183.05,86.6,34.03202,-118.52633,86.0,42.10615158081055,1.0,0.0,0.47136333985649054,0.566263990051519,0.7374551971326164,0.2625448028673835,0.7502398069402354,0.24976019305976452,0.7929958333333333,0.0,0.0,38.0,0.0,45.8,1.0,21.5,18.0,186.0,440.0,15.6,5.2,89.0,1367.0,0.12,1.0,0.75,0.85,89.0,89.0,30.0,40.0,88.83806071679265,1.1619392832073556,265.4240901970254,23.412865506258143,74.37930011215182,13.812267485364009,102.0,380.85,25.5,0.47136333985649054,0.0,29.72222222222222,30.5,99.345,0.12,0.13175306,0.121643364,279.77975,0.1624549,0.2,2.5231499999999993,0.018783017595689996,3.061612014835668,11.35,65.9,31.76923076923077,64.44615384615385,43.16153846153846,43.16153846153846,False,30.5,64.9,5.95,2.0,88.8,100.0,False,50.0,7.5,7.5,0.4810795152570935,15.108032890237425,2026-09-30T18:30,interpolated_hourly,0,W,"sun low 1° (W) — face W, lift torso ~89° toward the sun if comfortable",,,,not specified,Environmental scores are skin-type independent.,not personalized
2026-09-30 19:00:00,0.0,51.1,0.0,34.03202,-118.52633,86.0,42.10615158081055,1.0,0.0,0.3522504892367906,0.5436134304494582,0.7222222222222222,0.2777777777777778,0.7475384374098827,0.2524615625901173,0.5859916666666667,0.0,0.0,40.0,0.0,35.0,1.0,21.5,18.0,186.0,440.0,15.6,5.2,89.0,1367.0,0.12,1.0,0.75,0.85,89.0,89.0,30.0,40.0,95.09233462318294,-5.092334623182936,269.6427571427648,0.0,0.0,0.0,18.0,153.5,5.0,0.3522504892367906,0.0,29.333333333333332,31.0,99.36,0.12,0.13175306,0.121643364,279.77975,0.1624549,0.2,0.0,0.0,0.0,0.4,31.8,31.73846153846154,64.3923076923077,43.12307692307692,43.12307692307692,False,31.0,64.6,4.5,2.0,,100.0,False,50.0,0.0,0.0,0.0,0.0,2026-09-30T19:00,interpolated_hourly,0,W,sun below horizon — no direct-sun posture,,,,not specified,Environmental scores are skin-type independent.,not personalized
2026-09-30 19:30:00,0.0,25.55,0.0,34.03202,-118.52633,86.0,42.10615158081055,1.0,0.0,0.33757338551859095,0.5209628708473975,0.720499035015164,0.27950096498483595,0.7448370678795299,0.2551629321204701,0.29299583333333334,0.0,0.0,41.5,0.0,17.5,0.8,21.5,18.0,186.0,440.0,15.6,5.2,89.0,1367.0,0.12,1.0,0.75,0.85,89.0,89.0,30.0,40.0,101.29296882955649,-11.29296882955648,273.93716015167615,0.0,0.0,0.0,9.0,76.75,2.5,0.33757338551859095,0.0,28.916666666666664,32.0,99.38,0.12,0.13175306,0.121643364,279.77975,0.1624549,0.2,0.0,0.0,0.0,0.2,30.354545454545455,31.70769230769231,64.33846153846154,43.08461538461539,43.08461538461539,False,32.0,64.35,3.35,2.0,,100.0,False,50.0,0.0,0.0,0.0,0.0,2026-09-30T19:30,interpolated_hourly,0,W,sun below horizon — no direct-sun posture,,,,not specified,Environmental scores are skin-type independent.,not personalized
2026-09-30 20:00:00,0.0,0.0,0.0,34.03202,-118.52633,86.0,42.10615158081055,1.0,0.0,0.32289628180039137,0.4983123112453367,0.7187758478081059,0.2812241521918941,0.7421356983491771,0.25786430165082286,0.0,0.0,0.0,43.0,0.0,0.0,0.6,21.5,18.0,186.0,440.0,15.6,5.2,89.0,1367.0,0.12,1.0,0.75,0.85,89.0,89.0,30.0,40.0,107.49360303593002,-17.493603035930025,278.23156316058754,0.0,0.0,0.0,0.0,0.0,0.0,0.32289628180039137,0.0,28.5,33.0,99.4,0.12,0.13175306,0.121643364,279.77975,0.1624549,0.2,0.0,0.0,0.0,0.0,28.90909090909091,31.676923076923078,64.28461538461538,43.04615384615385,43.04615384615385,False,33.0,64.1,2.2,2.0,,100.0,False,50.0,0.0,0.0,0.0,0.0,2026-09-30T20:00,interpolated_hourly,0,W,sun below horizon — no direct-sun posture,,,,not specified,Environmental scores are skin-type independent.,not personalized
2026-09-30 20:30:00,0.0,0.0,0.0,34.03202,-118.52633,86.0,42.10615158081055,1.0,0.0,0.3082191780821918,0.4756617516432759,0.7170526606010477,0.28294733939895234,0.7394343288188243,0.26056567118117563,0.0,0.0,0.0,43.5,0.0,0.0,0.6,21.5,18.0,186.0,440.0,15.6,5.2,89.0,1367.0,0.12,1.0,0.75,0.85,89.0,89.0,30.0,40.0,113.54999496063071,-23.549994960630713,283.0539509552199,0.0,0.0,0.0,0.0,0.0,0.0,0.3082191780821918,0.0,28.02777777777778,34.5,99.42,0.12,0.13175306,0.121643364,279.77975,0.1624549,0.2,0.0,0.0,0.0,0.0,27.463636363636365,31.646153846153847,64.23076923076923,43.00769230769231,43.00769230769231,False,34.5,64.0,1.35,2.0,,100.0,False,50.0,0.0,0.0,0.0,0.0,2026-09-30T20:30,interpolated_hourly,0,WNW,sun below horizon — no direct-sun posture,,,,not specified,Environmental scores are skin-type independent.,not personalized
2026-09-30 21:00:00,0.0,0.0,0.0,34.03202,-118.52633,86.0,42.10615158081055,1.0,0.0,0.29354207436399216,0.45301119204121515,0.7153294733939896,0.2846705266060105,0.7367329592884716,0.2632670407115284,0.0,0.0,0.0,44.0,0.0,0.0,0.6,21.5,18.0,186.0,440.0,15.6,5.2,89.0,1367.0,0.12,1.0,0.75,0.85,89.0,89.0,30.0,40.0,119.6063868853314,-29.606386885331396,287.87633874985215,0.0,0.0,0.0,0.0,0.0,0.0,0.29354207436399216,0.0,27.555555555555554,36.0,99.44,0.12,0.13175306,0.121643364,279.77975,0.1624549,0.2,0.0,0.0,0.0,0.0,26.01818181818182,31.615384615384617,64.17692307692307,42.96923076923077,42.96923076923077,False,36.0,63.9,0.5,2.0,,100.0,False,50.0,0.0,0.0,0.0,0.0,2026-09-30T21:00,interpolated_hourly,0,WNW,sun below horizon — no direct-sun posture,,,,not specified,Environmental scores are skin-type independent.,not personalized
2026-09-30 21:30:00,0.0,0.0,0.0,34.03202,-118.52633,86.0,42.10615158081055,1.0,0.0,0.2788649706457925,0.4303606324391544,0.7136062861869313,0.28639371381306866,0.7340315897581188,0.2659684102418812,0.0,0.0,0.0,44.5,0.0,0.0,0.6,21.5,18.0,186.0,440.0,15.6,5.2,89.0,1367.0,0.12,1.0,0.75,0.85,89.0,89.0,30.0,40.0,125.29729614315272,-35.29729614315272,293.8711028903308,0.0,0.0,0.0,0.0,0.0,0.0,0.2788649706457925,0.0,27.0,37.5,99.475,0.12,0.13175306,0.121643364,279.77975,0.1624549,0.2,0.0,0.0,0.0,0.0,24.572727272727274,31.584615384615386,64.12307692307692,42.930769230769236,42.930769230769236,False,37.5,63.599999999999994,1.1,2.0,,100.0,False,50.0,0.0,0.0,0.0,0.0,2026-09-30T21:30,interpolated_hourly,0,WNW,sun below horizon — no direct-sun posture,,,,not specified,Environmental scores are skin-type independent.,not personalized
2026-09-30 22:00:00,0.0,0.0,0.0,34.03202,-118.52633,86.0,42.10615158081055,1.0,0.0,0.26418786692759294,0.40771007283709365,0.7118830989798731,0.2881169010201268,0.731330220227766,0.268669779772234,0.0,0.0,0.0,45.0,0.0,0.0,0.6,21.5,18.0,186.0,440.0,15.6,5.2,89.0,1367.0,0.12,1.0,0.75,0.85,89.0,89.0,30.0,40.0,130.98820540097404,-40.98820540097404,299.86586703080945,0.0,0.0,0.0,0.0,0.0,0.0,0.26418786692759294,0.0,26.444444444444443,39.0,99.51,0.12,0.13175306,0.121643364,279.77975,0.1624549,0.2,0.0,0.0,0.0,0.0,23.12727272727273,31.553846153846155,64.06923076923077,42.892307692307696,42.892307692307696,False,39.0,63.3,1.7,2.0,,100.0,False,50.0,0.0,0.0,0.0,0.0,2026-09-30T22:00,interpolated_hourly,0,WNW,sun below horizon — no direct-sun posture,,,,not specified,Environmental scores are skin-type independent.,not personalized
2026-09-30 22:30:00,0.0,0.0,0.0,34.03202,-118.52633,86.0,42.10615158081055,1.0,0.0,0.24951076320939333,0.3850595132350329,0.710159911772815,0.289840088227185,0.7286288506974132,0.27137114930258677,0.0,0.0,0.0,44.5,0.0,0.0,0.6,21.5,18.0,186.0,440.0,15.6,5.2,89.0,1367.0,0.12,1.0,0.75,0.85,89.0,89.0,30.0,40.0,135.90439589370726,-45.904395893707274,308.042588354082,0.0,0.0,0.0,0.0,0.0,0.0,0.24951076320939333,0.0,25.916666666666668,41.5,99.535,0.12,0.13175306,0.121643364,279.77975,0.1624549,0.2,0.0,0.0,0.0,0.0,21.68181818181818,31.523076923076925,64.01538461538462,42.853846153846156,42.853846153846156,False,41.5,63.3,2.6,2.0,,100.0,False,50.0,0.0,0.0,0.0,0.0,2026-09-30T22:30,interpolated_hourly,0,NW,sun below horizon — no direct-sun posture,,,,not specified,Environmental scores are skin-type independent.,not personalized
2026-09-30 23:00:00,0.0,0.0,0.0,34.03202,-118.52633,86.0,42.10615158081055,1.0,0.0,0.23483365949119372,0.3624089536329721,0.7084367245657568,0.2915632754342432,0.7259274811670604,0.27407251883293954,0.0,0.0,0.0,44.0,0.0,0.0,0.6,21.5,18.0,186.0,440.0,15.6,5.2,89.0,1367.0,0.12,1.0,0.75,0.85,89.0,89.0,30.0,40.0,140.8205863864405,-50.82058638644051,316.21930967735454,0.0,0.0,0.0,0.0,0.0,0.0,0.23483365949119372,0.0,25.388888888888893,44.0,99.56,0.12,0.13175306,0.121643364,279.77975,0.1624549,0.2,0.0,0.0,0.0,0.0,20.236363636363635,31.492307692307694,63.96153846153846,42.815384615384616,42.815384615384616,False,44.0,63.3,3.5,2.0,,100.0,False,50.0,0.0,0.0,0.0,0.0,2026-09-30T23:00,interpolated_hourly,0,NW,sun below horizon — no direct-sun posture,,,,not specified,Environmental scores are skin-type independent.,not personalized
2026-09-30 23:30:00,0.0,0.0,0.0,34.03202,-118.52633,86.0,42.10615158081055,1.0,0.0,0.22015655577299412,0.33975839403091135,0.7067135373586986,0.29328646264130137,0.7232261116367077,0.2767738883632923,0.0,0.0,0.0,43.0,0.0,0.0,0.6,21.5,18.0,186.0,440.0,15.6,5.2,89.0,1367.0,0.12,1.0,0.75,0.85,89.0,89.0,30.0,40.0,144.17805708791616,-54.17805708791618,327.7544164564338,0.0,0.0,0.0,0.0,0.0,0.0,0.22015655577299412,0.0,24.833333333333336,47.5,99.575,0.12,0.13175306,0.121643364,279.77975,0.1624549,0.2,0.0,0.0,0.0,0.0,18.79090909090909,31.461538461538463,63.90769230769231,42.77692307692308,42.77692307692308,False,47.5,63.45,4.05,2.5,,100.0,False,50.0,0.0,0.0,0.0,0.0,2026-09-30T23:30,interpolated_hourly,0,NNW,sun below horizon — no direct-sun posture,,,,not specified,Environmental scores are skin-type independent.,not personalized
2026-10-01 00:00:00,0.0,0.0,0.0,34.03202,-118.52633,86.0,42.10615158081055,1.0,0.0,0.2054794520547945,0.3171078344288506,0.7049903501516405,0.29500964984835953,0.7205247421063549,0.27947525789364513,0.0,0.0,0.0,42.0,0.0,0.0,0.6,21.5,18.0,186.0,440.0,15.6,5.2,89.0,1367.0,0.12,1.0,0.75,0.85,89.0,89.0,30.0,40.0,147.53552778939184,-57.53552778939185,339.289523235513,0.0,0.0,0.0,0.0,0.0,0.0,0.2054794520547945,0.0,24.277777777777782,51.0,99.59,0.12,0.13175306,0.121643364,279.77975,0.1624549,0.2,0.0,0.0,0.0,0.0,17.345454545454544,31.430769230769233,63.853846153846156,42.73846153846154,42.73846153846154,False,51.0,63.6,4.6,3.0,,100.0,False,50.0,0.0,0.0,0.0,0.0,2026-10-01T00:00,interpolated_hourly,0,NNW,sun below horizon — no direct-sun posture,,,,not specified,Environmental scores are skin-type independent.,not personalized
2026-10-01 00:30:00,0.0,0.0,0.0,34.03202,-118.52633,86.0,42.10615158081055,1.0,0.0,0.1908023483365949,0.29445727482678985,0.7032671629445822,0.2967328370554177,0.7178233725760021,0.2821766274239979,0.0,0.0,0.0,40.5,0.0,0.0,0.6,21.5,18.0,186.0,440.0,15.6,5.2,89.0,1367.0,0.12,1.0,0.75,0.85,89.0,89.0,30.0,40.0,148.25300796530152,-58.253007965301535,173.5686040914783,0.0,0.0,0.0,0.0,0.0,0.0,0.1908023483365949,0.0,23.75,55.5,99.6,0.12,0.13175306,0.121643364,279.77975,0.1624549,0.2,0.0,0.0,0.0,0.0,15.9,31.4,63.8,42.7,42.7,False,55.5,63.95,4.949999999999999,3.0,,100.0,False,50.0,0.0,0.0,0.0,0.0,2026-10-01T00:30,interpolated_hourly,0,S,sun below horizon — no direct-sun posture,,,,not specified,Environmental scores are skin-type independent.,not personalized
2026-10-01 01:00:00,0.0,0.0,0.0,34.03202,-118.52633,86.0,42.10615158081055,1.0,0.0,0.1761252446183953,0.2718067152247291,0.7015439757375241,0.29845602426247586,0.7151220030456493,0.2848779969543507,0.0,0.0,0.0,39.0,0.0,0.0,0.6,21.5,18.0,186.0,440.0,15.6,5.2,89.0,1367.0,0.12,1.0,0.75,0.85,89.0,89.0,30.0,40.0,148.9704881412112,-58.97048814121121,7.847684947443611,0.0,0.0,0.0,0.0,0.0,0.0,0.1761252446183953,0.0,23.22222222222222,60.0,99.61,0.12,0.13175306,0.121643364,279.77975,0.1624549,0.2,0.0,0.0,0.0,0.0,14.454545454545457,31.369230769230768,63.746153846153845,42.66153846153846,42.66153846153846,False,60.0,64.3,5.3,3.0,,100.0,False,50.0,0.0,0.0,0.0,0.0,2026-10-01T01:00,interpolated_hourly,0,N,sun below horizon — no direct-sun posture,,,,not specified,Environmental scores are skin-type independent.,not personalized
2026-10-01 01:30:00,0.0,0.0,0.0,34.03202,-118.52633,86.0,42.10615158081055,1.0,0.0,0.16144814090019569,0.24915615562266835,0.6998207885304659,0.3001792114695341,0.7124206335152965,0.28757936648470345,0.0,0.0,0.0,37.0,0.0,0.0,0.6,21.5,18.0,186.0,440.0,15.6,5.2,89.0,1367.0,0.12,1.0,0.75,0.85,89.0,89.0,30.0,40.0,146.72058058964762,-56.720580589647625,20.9733242745759,0.0,0.0,0.0,0.0,0.0,0.0,0.16144814090019569,0.0,22.86111111111111,63.0,99.625,0.12,0.13175306,0.121643364,279.77975,0.1624549,0.2,0.0,0.0,0.0,0.0,13.009090909090911,31.338461538461537,63.69230769230769,42.62307692307692,42.62307692307692,False,63.0,64.4,5.6,3.0,,100.0,False,50.0,0.0,0.0,0.0,0.0,2026-10-01T01:30,interpolated_hourly,0,NNE,sun below horizon — no direct-sun posture,,,,not specified,Environmental scores are skin-type independent.,not personalized
2026-10-01 02:00:00,0.0,0.0,0.0,34.03202,-118.52633,86.0,42.10615158081055,1.0,0.0,0.14677103718199608,0.2265055960206076,0.6980976013234077,0.30190239867659224,0.7097192639849438,0.2902807360150562,0.0,0.0,0.0,35.0,0.0,0.0,0.6,21.5,18.0,186.0,440.0,15.6,5.2,89.0,1367.0,0.12,1.0,0.75,0.85,89.0,89.0,30.0,40.0,144.47067303808404,-54.47067303808403,34.09896360170819,0.0,0.0,0.0,0.0,0.0,0.0,0.14677103718199608,0.0,22.5,66.0,99.64,0.12,0.13175306,0.121643364,279.77975,0.1624549,0.2,0.0,0.0,0.0,0.0,11.563636363636363,31.307692307692307,63.63846153846154,42.58461538461539,42.58461538461539,False,66.0,64.5,5.9,3.0,,100.0,False,50.0,0.0,0.0,0.0,0.0,2026-10-01T02:00,interpolated_hourly,0,NE,sun below horizon — no direct-sun posture,,,,not specified,Environmental scores are skin-type independent.,not personalized
2026-10-01 02:30:00,0.0,0.0,0.0,34.03202,-118.52633,86.0,42.10615158081055,1.0,0.0,0.13209393346379647,0.20385503641854685,0.6963744141163496,0.3036255858836504,0.707017894454591,0.292982105545409,0.0,0.0,0.0,34.0,0.0,0.0,0.6,21.5,18.0,186.0,440.0,15.6,5.2,89.0,1367.0,0.12,1.0,0.75,0.85,89.0,89.0,30.0,40.0,140.15638378153696,-50.15638378153696,43.72911518013504,0.0,0.0,0.0,0.0,0.0,0.0,0.13209393346379647,0.0,22.333333333333336,67.0,99.64500000000001,0.12,0.13175306,0.121643364,279.77975,0.1624549,0.2,0.0,0.0,0.0,0.0,10.118181818181817,31.276923076923076,63.58461538461538,42.54615384615385,42.54615384615385,False,67.0,64.5,5.800000000000001,3.0,,100.0,False,50.0,0.0,0.0,0.0,0.0,2026-10-01T02:30,interpolated_hourly,0,NE,sun below horizon — no direct-sun posture,,,,not specified,Environmental scores are skin-type independent.,not personalized
2026-10-01 03:00:00,0.0,0.0,0.0,34.03202,-118.52633,86.0,42.10615158081055,1.0,0.0,0.11741682974559686,0.1812044768164861,0.6946512269092914,0.30534877309070857,0.7043165249242382,0.29568347507576176,0.0,0.0,0.0,33.0,0.0,0.0,0.6,21.5,18.0,186.0,440.0,15.6,5.2,89.0,1367.0,0.12,1.0,0.75,0.85,89.0,89.0,30.0,40.0,135.84209452498988,-45.84209452498988,53.35926675856189,0.0,0.0,0.0,0.0,0.0,0.0,0.11741682974559686,0.0,22.16666666666667,68.0,99.65,0.12,0.13175306,0.121643364,279.77975,0.1624549,0.2,0.0,0.0,0.0,0.0,8.672727272727272,31.246153846153845,63.53076923076923,42.50769230769231,42.50769230769231,False,68.0,64.5,5.7,3.0,,100.0,False,50.0,0.0,0.0,0.0,0.0,2026-10-01T03:00,interpolated_hourly,0,NE,sun below horizon — no direct-sun posture,,,,not specified,Environmental scores are skin-type independent.,not personalized
2026-10-01 03:30:00,0.0,0.0,0.0,34.03202,-118.52633,86.0,42.10615158081055,1.0,0.0,0.10273972602739725,0.15855391721442536,0.6929280397022333,0.30707196029776673,0.7016151553938854,0.2983848446061146,0.0,0.0,0.0,33.0,0.0,0.0,0.6,21.5,18.0,186.0,440.0,15.6,5.2,89.0,1367.0,0.12,1.0,0.75,0.85,89.0,89.0,30.0,40.0,130.44630843300615,-40.44630843300615,60.22310111623588,0.0,0.0,0.0,0.0,0.0,0.0,0.10273972602739725,0.0,22.194444444444446,67.5,99.66,0.12,0.13175306,0.121643364,279.77975,0.1624549,0.2,0.0,0.0,0.0,0.0,7.227272727272727,31.215384615384615,63.47692307692308,42.46923076923077,42.46923076923077,False,67.5,64.4,5.85,3.0,,100.0,False,50.0,0.0,0.0,0.0,0.0,2026-10-01T03:30,interpolated_hourly,0,ENE,sun below horizon — no direct-sun posture,,,,not specified,Environmental scores are skin-type independent.,not personalized
2026-10-01 04:00:00,0.0,0.0,0.0,34.03202,-118.52633,86.0,42.10615158081055,1.0,0.0,0.08806262230919765,0.13590335761236455,0.691204852495175,0.3087951475048249,0.6989137858635327,0.30108621413646736,0.0,0.0,0.0,33.0,0.0,0.0,0.6,21.5,18.0,186.0,440.0,15.6,5.2,89.0,1367.0,0.12,1.0,0.75,0.85,89.0,89.0,30.0,40.0,125.05052234102241,-35.050522341022415,67.08693547390988,0.0,0.0,0.0,0.0,0.0,0.0,0.08806262230919765,0.0,22.22222222222222,67.0,99.67,0.12,0.13175306,0.121643364,279.77975,0.1624549,0.2,0.0,0.0,0.0,0.0,5.781818181818181,31.184615384615384,63.42307692307693,42.430769230769236,42.430769230769236,False,67.0,64.3,6.0,3.0,,100.0,False,50.0,0.0,0.0,0.0,0.0,2026-10-01T04:00,interpolated_hourly,0,ENE,sun below horizon — no direct-sun posture,,,,not specified,Environmental scores are skin-type independent.,not personalized
2026-10-01 04:30:00,0.0,0.0,0.0,34.03202,-118.52633,86.0,42.10615158081055,1.0,0.0,0.07338551859099807,0.1132527980103038,0.6894816652881168,0.3105183347118831,0.6962124163331799,0.3037875836668201,0.0,0.0,0.0,35.0,0.0,0.0,0.6,21.5,18.0,186.0,440.0,15.6,5.2,89.0,1367.0,0.12,1.0,0.75,0.85,89.0,89.0,30.0,40.0,119.13376074797094,-29.133760747970936,72.3629431601232,0.0,0.0,0.0,0.0,0.0,0.0,0.07338551859099807,0.0,22.194444444444446,67.0,99.685,0.12,0.13175306,0.121643364,279.77975,0.1624549,0.2,0.0,0.0,0.0,0.0,4.336363636363636,31.153846153846153,63.36923076923077,42.392307692307696,42.392307692307696,False,67.0,64.3,6.55,3.0,,100.0,False,50.0,0.0,0.0,0.0,0.0,2026-10-01T04:30,interpolated_hourly,0,ENE,sun below horizon — no direct-sun posture,,,,not specified,Environmental scores are skin-type independent.,not personalized
2026-10-01 05:00:00,0.0,0.0,0.0,34.03202,-118.52633,86.0,42.10615158081055,1.0,0.0,0.05870841487279843,0.09060223840824305,0.6877584780810587,0.3122415219189413,0.693511046802827,0.3064889531971729,0.0,0.0,0.0,37.0,0.0,0.0,0.6,21.5,18.0,186.0,440.0,15.6,5.2,89.0,1367.0,0.12,1.0,0.75,0.85,89.0,89.0,30.0,40.0,113.21699915491945,-23.216999154919456,77.63895084633651,0.0,0.0,0.0,0.0,0.0,0.0,0.05870841487279843,0.0,22.16666666666667,67.0,99.7,0.12,0.13175306,0.121643364,279.77975,0.1624549,0.2,0.0,0.0,0.0,0.0,2.8909090909090907,31.123076923076923,63.315384615384616,42.353846153846156,42.353846153846156,False,67.0,64.3,7.1,3.0,,100.0,False,50.0,0.0,0.0,0.0,0.0,2026-10-01T05:00,interpolated_hourly,0,ENE,sun below horizon — no direct-sun posture,,,,not specified,Environmental scores are skin-type independent.,not personalized
2026-10-01 05:30:00,0.0,0.0,0.0,34.03202,-118.52633,86.0,42.10615158081055,1.0,0.0,0.04403131115459885,0.06795167880618236,0.6860352908740005,0.31396470912599944,0.6908096772724743,0.30919032272752567,0.0,0.0,0.0,42.5,0.0,0.0,0.6,21.5,18.0,186.0,440.0,15.6,5.2,89.0,1367.0,0.12,1.0,0.75,0.85,89.0,89.0,30.0,40.0,107.06910981022804,-17.069109810228056,82.12398446538668,0.0,0.0,0.0,0.0,0.0,0.0,0.04403131115459885,0.0,22.0,68.0,99.73500000000001,0.12,0.13175306,0.121643364,279.77975,0.1624549,0.2,0.0,0.0,0.0,0.0,1.4454545454545453,31.092307692307692,63.261538461538464,42.315384615384616,42.315384615384616,False,68.0,64.25,7.8,2.5,,100.0,False,50.0,0.0,0.0,0.0,0.0,2026-10-01T05:30,interpolated_hourly,0,E,sun below horizon — no direct-sun posture,,,,not specified,Environmental scores are skin-type independent.,not personalized
2026-10-01 06:00:00,0.0,0.0,0.0,34.03202,-118.52633,86.0,42.10615158081055,1.0,0.0,0.029354207436399216,0.0453011192041215,0.6843121036669424,0.3156878963330576,0.6881083077421215,0.3118916922578785,0.0,0.0,0.0,48.0,0.0,0.0,0.6,21.5,18.0,186.0,440.0,15.6,5.2,89.0,1367.0,0.12,1.0,0.75,0.85,89.0,89.0,30.0,40.0,100.92122046553665,-10.921220465536653,86.60901808443685,0.0,0.0,0.0,0.0,0.0,0.0,0.029354207436399216,0.0,21.833333333333332,69.0,99.77000000000001,0.12,0.13175306,0.121643364,279.77975,0.1624549,0.2,0.0,0.0,0.0,0.0,0.0,31.06153846153846,63.20769230769231,42.27692307692308,42.27692307692308,False,69.0,64.2,8.5,2.0,,100.0,False,50.0,0.0,0.0,0.0,0.0,2026-10-01T06:00,interpolated_hourly,0,E,sun below horizon — no direct-sun posture,,,,not specified,Environmental scores are skin-type independent.,not personalized
2026-10-01 06:30:00,0.0,1.05,17.8,34.03202,-118.52633,86.0,42.10615158081055,1.0,0.0,0.014677103718199636,0.02265055960206075,0.6825889164598842,0.31741108354011577,0.6854069382117688,0.3145930617882312,0.0,0.0,0.0,55.0,0.0,0.0,0.675,21.5,18.0,186.0,440.0,15.6,5.2,89.0,1367.0,0.12,1.0,0.75,0.85,89.0,89.0,30.0,40.0,94.55847114822572,-4.558471148225726,90.82413203691729,0.6773286823324408,1.9507253310477737,0.6159093339499121,0.0,0.0,0.0,0.014677103718199636,0.0,21.638888888888886,70.5,99.815,0.12,0.13175306,0.121643364,279.77975,0.1624549,0.2,0.0,0.0,0.0,0.0,0.0,31.03076923076923,63.15384615384615,42.23846153846154,42.23846153846154,False,70.5,64.2,9.3,2.0,,100.0,False,50.0,0.0,0.0,0.0,0.0,2026-10-01T06:30,interpolated_hourly,0,E,sun below horizon — no direct-sun posture,,,,not specified,Environmental scores are skin-type independent.,not personalized
2026-10-01 07:00:00,1.0,2.1,35.6,34.03202,-118.52633,86.0,42.10615158081055,1.0,0.0,0.0,0.0,0.680865729252826,0.319134270747174,0.682705568681416,0.31729443131858404,0.0,0.0,0.0,62.0,0.0,0.0,0.75,21.5,18.0,186.0,440.0,15.6,5.2,89.0,1367.0,0.12,1.0,0.75,0.85,89.0,89.0,30.0,40.0,88.1957218309148,1.8042781690852003,95.03924598939773,1.3546573646648816,3.9014506620955474,1.2318186678998242,0.0,0.0,0.0,0.0,0.0,21.444444444444443,72.0,99.86,0.12,0.13175306,0.121643364,279.77975,0.1624549,0.2,0.24,0.0,0.1,0.0,0.0,31.0,63.1,42.2,42.2,False,72.0,64.2,10.1,2.0,88.2,100.0,False,50.0,0.5,0.5,0.0,0.0,2026-10-01T07:00,interpolated_hourly,0,E,"sun low 2° (E) — face E, lift torso ~88° toward the sun if comfortable",,,,not specified,Environmental scores are skin-type independent.,not personalized
2026-10-01 07:30:00,1.0,91.6,179.95,34.03202,-118.52633,86.0,42.10615158081055,1.0,0.0,0.25676421866372173,0.2560900400863398,0.6791425420457678,0.32085745795423215,0.6800041991510632,0.3199958008489368,0.5,0.0,0.0,67.5,0.0,31.35,0.875,21.5,18.0,186.0,440.0,15.6,5.2,89.0,1367.0,0.12,1.0,0.75,0.85,89.0,89.0,30.0,40.0,82.19675072197991,7.803249278020089,99.39782532330992,73.45369671409925,182.67048482862612,30.277767027590823,46.5,222.50000000000003,15.0,0.25676421866372173,0.0,21.47222222222222,72.0,99.895,0.12,0.13175306,0.121643364,279.77975,0.1624549,0.2,1.97855,0.01062558233698276,1.9141552782797282,9.2,23.55,34.35,50.150000000000006,39.85,39.85,False,72.0,64.25,10.6,2.0,82.2,100.0,False,50.0,4.9,4.9,0.2300815072968708,46.56789483539848,2026-10-01T07:30,interpolated_hourly,0,E,"sun low 8° (E) — face E, lift torso ~82° toward the sun if comfortable",,,,not specified,Environmental scores are skin-type independent.,not personalized
2026-10-01 08:00:00,1.0,181.1,324.3,34.03202,-118.52633,86.0,42.10615158081055,1.0,0.0,0.5135284373274435,0.5121800801726796,0.6774193548387096,0.3225806451612903,0.6773028296207104,0.3226971703792896,1.0,0.0,0.0,73.0,0.0,62.7,1.0,21.5,18.0,186.0,440.0,15.6,5.2,89.0,1367.0,0.12,1.0,0.75,0.85,89.0,89.0,30.0,40.0,76.19777961304501,13.802220386954978,103.7564046572221,145.55273606353362,361.4395189951567,59.32371538728182,93.0,445.0,30.0,0.5135284373274435,0.0,21.500000000000004,72.0,99.92999999999999,0.12,0.13175306,0.121643364,279.77975,0.1624549,0.2,5.413,0.0254,5.0,18.4,47.1,37.7,37.2,37.5,37.5,False,72.0,64.3,11.1,2.0,76.2,100.0,False,50.0,10.3,10.3,0.55,166.1,2026-10-01T08:00,interpolated_hourly,0,ESE,"sun low 14° (ESE) — face ESE, lift torso ~76° toward the sun if comfortable",,,,not specified,Environmental scores are skin-type independent.,not personalized
2026-10-01 08:30:00,1.0,319.95000000000005,456.04999999999995,34.03202,-118.52633,86.0,42.10615158081055,1.0,0.0,0.5913326580708709,0.5904724830941657,0.7491331301880845,0.2508668698119155,0.7491067696818892,0.25089323031811084,1.0,0.0,0.0,74.5,0.0,69.35,1.0,21.5,18.0,186.0,440.0,15.6,5.2,89.0,1367.0,0.12,1.0,0.75,0.85,89.0,89.0,30.0,40.0,70.33239945025068,19.667600549749316,108.69122404528613,249.1301549643523,479.0886554362403,77.40952831775769,200.0,596.65,42.5,0.5913326580708709,0.0,21.88888888888889,69.5,99.95499999999998,0.12,0.13175306,0.121643364,279.77975,0.1624549,0.2,11.048739664653665,0.120591643720711,10.679006094251276,28.2,50.75,47.150000000000006,33.85,42.5,42.5,False,69.5,64.35,11.3,2.0,70.3,100.0,False,50.0,17.8,17.8,1.2818408572111553,271.8433307142876,2026-10-01T08:30,interpolated_hourly,0,ESE,"sun low 20° (ESE) — face ESE, lift torso ~70° toward the sun if comfortable",,,,not specified,Environmental scores are skin-type independent.,not personalized
2026-10-01 09:00:00,1.0,458.8,587.8,34.03202,-118.52633,86.0,42.10615158081055,1.0,0.0,0.6691368788142982,0.6687648860156516,0.8208469055374593,0.1791530944625407,0.8209107097430678,0.17908929025693207,1.0,0.0,0.0,76.0,0.0,76.0,1.0,21.5,18.0,186.0,440.0,15.6,5.2,89.0,1367.0,0.12,1.0,0.75,0.85,89.0,89.0,30.0,40.0,64.46701928745635,25.53298071254365,113.62604343335016,352.707573865171,596.7377918773238,95.49534124823356,307.0,748.3,55.0,0.6691368788142982,0.0,22.277777777777775,67.0,99.97999999999999,0.12,0.13175306,0.121643364,279.77975,0.1624549,0.2,17.315,0.2192,16.9,38.0,54.4,56.6,30.5,47.5,47.5,False,67.0,64.4,11.5,2.0,64.5,100.0,False,50.0,25.0,25.0,2.05,393.1,2026-10-01T09:00,interpolated_hourly,0,ESE,"sun low 26° (ESE) — face ESE, lift torso ~64° toward the sun if comfortable",,,,not specified,Environmental scores are skin-type independent.,not personalized
2026-10-01 09:30:00,1.0,580.5,698.0,34.03202,-118.52633,86.0,42.10615158081055,1.0,0.0,0.693440555613358,0.6931426508771651,0.8389948813401582,0.1610051186598418,0.8390637356268366,0.16093626437316338,1.0,0.0,0.0,76.0,0.0,80.25,1.0,21.5,18.0,186.0,440.0,15.6,5.2,89.0,1367.0,0.12,1.0,0.75,0.85,89.0,89.0,30.0,40.0,59.07562494336527,30.92437505663473,119.69749378351827,444.4387360077666,652.9597672210205,105.83150555055988,405.5,793.65,63.5,0.693440555613358,0.0,22.916666666666668,63.5,100.0,0.12,0.13175306,0.121643364,279.77975,0.1624549,0.2,23.423496857113822,0.4164017328895803,22.85102107104765,46.7,51.099999999999994,58.1,28.25,47.65,47.65,False,63.5,64.55000000000001,11.6,2.0,59.1,100.0,False,50.0,30.8,30.8,2.7800187868846034,488.26133171883436,2026-10-01T09:30,interpolated_hourly,0,ESE,"sun 31° up (ESE) — lay flat, or lift torso ~59° toward ESE to face it",,,,not specified,Environmental scores are skin-type independent.,not personalized
2026-10-01 10:00:00,1.0,702.2,808.2,34.03202,-118.52633,86.0,42.10615158081055,1.0,0.0,0.717744232412418,0.7175204157386785,0.8571428571428571,0.14285714285714285,0.8572167615106053,0.14278323848939473,1.0,0.0,0.0,76.0,0.0,84.5,1.0,21.5,18.0,186.0,440.0,15.6,5.2,89.0,1367.0,0.12,1.0,0.75,0.85,89.0,89.0,30.0,40.0,53.68423059927419,36.31576940072581,125.76894413368638,536.1698981503621,709.181742564717,116.1676698528862,504.0,839.0,72.0,0.717744232412418,0.0,23.55555555555556,60.0,100.02000000000001,0.12,0.13175306,0.121643364,279.77975,0.1624549,0.2,29.363,0.6121,28.7,55.4,47.8,59.6,26.0,47.8,47.8,False,60.0,64.7,11.7,2.0,53.7,100.0,False,50.0,36.0,36.0,3.5,579.9,2026-10-01T10:00,interpolated_hourly,0,SE,"sun 36° up (SE) — lay flat, or lift torso ~54° toward SE to face it",,,,not specified,Environmental scores are skin-type independent.,not personalized
2026-10-01 10:30:00,1.0,798.35,889.25,34.03202,-118.52633,86.0,42.10615158081055,1.0,0.0,0.7305881586880425,0.7303978457133051,0.8676691729323308,0.13233082706766916,0.8677376098179759,0.13226239018202404,1.0,0.0,5.684341886080802e-14,75.0,0.0,88.25,1.0,21.5,18.0,186.0,440.0,15.6,5.2,89.0,1367.0,0.12,1.0,0.75,0.85,89.0,89.0,30.0,40.0,49.18660894761845,40.81339105238155,133.71232986248984,604.8284155890003,737.7290707441082,122.44107633548936,584.5,864.85,76.5,0.7305881586880425,0.0,24.083333333333336,57.0,100.025,0.12,0.13175306,0.121643364,279.77975,0.1624549,0.2,34.94422908813444,0.791887035241874,34.236011808196125,63.55,44.95,66.65,24.6,51.9,51.9,False,57.0,64.80000000000001,11.6,2.0,49.2,100.0,False,50.0,41.1,41.1,4.190542331117085,655.4026389495857,2026-10-01T10:30,interpolated_hourly,0,SE,"sun 41° up (SE) — lay flat, or lift torso ~49° toward SE to face it",,,,not specified,Environmental scores are skin-type independent.,not personalized
2026-10-01 11:00:00,1.0,894.5,970.3,34.03202,-118.52633,86.0,42.10615158081055,1.0,0.0,0.7434320849636669,0.7432752756879316,0.8781954887218045,0.12180451127819548,0.8782584581253465,0.12174154187465334,1.0,0.0,1.1368683772161603e-13,74.0,0.0,92.0,1.0,21.5,18.0,186.0,440.0,15.6,5.2,89.0,1367.0,0.12,1.0,0.75,0.85,89.0,89.0,30.0,40.0,44.688987295962725,45.311012704037275,141.6557155912933,673.4869330276384,766.2763989234994,128.7144828180925,665.0,890.7,81.0,0.7434320849636669,0.0,24.61111111111111,54.0,100.03,0.12,0.13175306,0.121643364,279.77975,0.1624549,0.2,40.008,0.9658,39.4,71.7,42.1,73.7,23.2,56.0,56.0,False,54.0,64.9,11.5,2.0,44.7,100.0,False,50.0,45.7,45.7,4.85,721.2,2026-10-01T11:00,interpolated_hourly,0,SE,"sun 45° up (SE) — lay flat, or lift torso ~45° toward SE to face it",,,,not specified,Environmental scores are skin-type independent.,not personalized
2026-10-01 11:30:00,1.0,958.65,1016.8,34.03202,-118.52633,86.0,42.10615158081055,1.0,0.0,0.7544888230841018,0.7543612341949486,0.8886507456380415,0.11134925436195853,0.888631624934402,0.1113069424571694,1.0,0.0,0.05000000000001137,72.0,0.0,95.25,1.0,21.5,18.0,186.0,440.0,15.6,5.2,89.0,1367.0,0.12,1.0,0.75,0.85,89.0,89.0,30.0,40.0,41.761419511668166,48.238580488331834,152.05402834516997,713.0857744759969,779.4457017147852,131.9888390205407,724.0,915.05,80.0,0.7544888230841018,0.0,24.916666666666668,52.0,100.015,0.12,0.13175306,0.121643364,279.77975,0.1624549,0.2,43.87394190089862,1.1026201171321535,43.865345503185424,79.4,50.35,79.95,23.049999999999997,60.0,60.0,False,52.0,64.85,11.25,1.5,41.8,100.0,False,50.0,51.0,51.0,5.522891165454073,773.9524282603188,2026-10-01T11:30,interpolated_hourly,0,SSE,"sun 48° up (SSE) — lay flat, or lift torso ~42° toward SSE to face it",,,,not specified,Environmental scores are skin-type independent.,not personalized
2026-10-01 12:00:00,1.0,1022.8,1063.3,34.03202,-118.52633,86.0,42.10615158081055,1.0,0.0,0.7655455612045367,0.7654471927019656,0.8991060025542784,0.10089399744572158,0.8990047917434575,0.10087234303968547,1.0,0.0,0.09999999999990905,70.0,0.0,98.5,1.0,21.5,18.0,186.0,440.0,15.6,5.2,89.0,1367.0,0.12,1.0,0.75,0.85,89.0,89.0,30.0,40.0,38.83385172737361,51.16614827262639,162.45234109904663,752.6846159243553,792.615004506071,135.26319522298888,783.0,939.4,79.0,0.7655455612045367,0.0,25.222222222222225,50.0,100.0,0.12,0.13175306,0.121643364,279.77975,0.1624549,0.2,47.014,1.2303,47.8,87.1,58.6,86.2,22.9,64.0,64.0,False,50.0,64.8,11.0,1.0,38.8,100.0,False,50.0,55.8,55.8,6.15,813.9,2026-10-01T12:00,interpolated_hourly,0,SSE,"sun 51° up (SSE) — lay flat, or lift torso ~39° toward SSE to face it",,,,not specified,Environmental scores are skin-type independent.,not personalized
2026-10-01 12:30:00,1.0,1050.55,1071.9499999999998,34.03202,-118.52633,86.0,42.10615158081055,1.0,0.0,0.7676378459829603,0.7675560968136887,0.9001554109156934,0.09984458908430657,0.9000855388319307,0.09985302855964073,1.0,0.0,0.049999999999954525,67.5,0.0,98.55,1.0,21.5,18.0,186.0,440.0,15.6,5.2,89.0,1367.0,0.12,1.0,0.75,0.85,89.0,89.0,30.0,40.0,38.24613823167083,51.75386176832917,174.56553760207288,760.0915710113821,794.8675541018771,135.8539945521573,806.5,943.2,80.5,0.7676378459829603,0.0,25.444444444444446,48.5,99.975,0.12,0.13175306,0.121643364,279.77975,0.1624549,0.2,48.47135542620328,1.267452247473747,49.30612589976921,88.8,61.5,86.15,24.9,64.7,64.7,False,48.5,64.69999999999999,10.75,1.0,38.2,100.0,False,50.0,57.3,57.3,6.353332909550999,830.1879942689436,2026-10-01T12:30,interpolated_hourly,0,S,"sun 52° up (S) — lay flat, or lift torso ~38° toward S to face it",,,,not specified,Environmental scores are skin-type independent.,not personalized
2026-10-01 13:00:00,1.0,1078.3,1080.6,34.03202,-118.52633,86.0,42.10615158081055,1.0,0.0,0.7697301307613837,0.7696650009254119,0.9012048192771084,0.09879518072289156,0.9011662859204039,0.098833714079596,1.0,0.0,0.0,65.0,0.0,98.6,1.0,21.5,18.0,186.0,440.0,15.6,5.2,89.0,1367.0,0.12,1.0,0.75,0.85,89.0,89.0,30.0,40.0,37.65842473596805,52.34157526403195,186.6787341050991,767.498526098409,797.1201036976831,136.44479388132572,830.0,947.0,82.0,0.7697301307613837,0.0,25.666666666666668,47.0,99.95,0.12,0.13175306,0.121643364,279.77975,0.1624549,0.2,49.066,1.2933,50.1,90.5,64.4,86.1,26.9,65.4,65.4,False,47.0,64.6,10.5,1.0,37.7,100.0,False,50.0,58.4,58.4,6.5,831.7,2026-10-01T13:00,interpolated_hourly,0,S,"sun 52° up (S) — lay flat, or lift torso ~38° toward S to face it",,,,not specified,Environmental scores are skin-type independent.,not personalized
2026-10-01 13:30:00,1.0,1067.6999999999998,1050.85,34.03202,-118.52633,86.0,42.10615158081055,1.0,0.0,0.7679887055282655,0.7679487476471148,0.8993678417373197,0.10063215826268035,0.8993305867229832,0.10066941327701681,1.0,0.0,-5.684341886080802e-14,63.0,0.0,98.55,1.0,21.5,18.0,186.0,440.0,15.6,5.2,89.0,1367.0,0.12,1.0,0.75,0.85,89.0,89.0,30.0,40.0,39.613789070625266,50.386210929374734,198.06859159841264,742.1392882712447,789.1439184141836,134.39498419931243,820.0,943.1,82.5,0.7679887055282655,0.0,25.722222222222225,46.0,99.93,0.12,0.13175306,0.121643364,279.77975,0.1624549,0.2,48.440993034285746,1.2619066855178336,49.372266255478195,88.9,68.05000000000001,85.5,29.7,66.0,66.0,False,46.0,64.4,10.15,1.0,39.6,100.0,False,50.0,58.2,58.2,6.378339133199271,814.2695693390191,2026-10-01T13:30,interpolated_hourly,0,SSW,"sun 50° up (SSW) — lay flat, or lift torso ~40° toward SSW to face it",,,,not specified,Environmental scores are skin-type independent.,not personalized
2026-10-01 14:00:00,1.0,1057.1,1021.1,34.03202,-118.52633,86.0,42.10615158081055,1.0,0.0,0.7662472802951472,0.7662324943688179,0.8975308641975308,0.10246913580246914,0.8974948875255625,0.10250511247443764,1.0,0.0,-1.1368683772161603e-13,61.0,0.0,98.5,1.0,21.5,18.0,186.0,440.0,15.6,5.2,89.0,1367.0,0.12,1.0,0.75,0.85,89.0,89.0,30.0,40.0,41.569153405282485,48.430846594717515,209.4584490917262,716.7800504440804,781.167733130684,132.34517451729914,810.0,939.2,83.0,0.7662472802951472,0.0,25.777777777777782,45.0,99.91,0.12,0.13175306,0.121643364,279.77975,0.1624549,0.2,46.957,1.2193,47.9,87.3,71.7,84.9,32.5,66.6,66.6,False,45.0,64.2,9.8,1.0,41.6,100.0,False,50.0,57.3,57.3,6.2,782.4,2026-10-01T14:00,interpolated_hourly,0,SSW,"sun 48° up (SSW) — lay flat, or lift torso ~42° toward SSW to face it",,,,not specified,Environmental scores are skin-type independent.,not personalized
2026-10-01 14:30:00,1.0,1008.9,955.0,34.03202,-118.52633,86.0,42.10615158081055,1.0,0.0,0.7620140325697657,0.7619552616967276,0.8972544430877765,0.10274555691222358,0.897225543243108,0.10277445675689217,1.0,0.0,-5.684341886080802e-14,61.0,0.0,96.2,1.0,21.5,18.0,186.0,440.0,15.6,5.2,89.0,1367.0,0.12,1.0,0.75,0.85,89.0,89.0,30.0,40.0,45.460908270210524,44.539091729789476,218.47482826913486,660.6170670427153,760.4218344161349,127.48669861679329,769.0,933.85,79.0,0.7620140325697657,0.0,25.666666666666668,45.0,99.9,0.12,0.13175306,0.121643364,279.77975,0.1624549,0.2,44.26543842683105,1.062369080377924,44.60000310285601,80.85,72.65,72.55000000000001,35.45,59.599999999999994,59.599999999999994,False,45.0,64.0,9.4,1.0,45.5,100.0,False,50.0,53.5,53.5,5.674404711793601,734.2522223242678,2026-10-01T14:30,interpolated_hourly,0,SW,"sun 45° up (SW) — lay flat, or lift torso ~46° toward SW to face it",,,,not specified,Environmental scores are skin-type independent.,not personalized
2026-10-01 15:00:00,1.0,960.7,888.9,34.03202,-118.52633,86.0,42.10615158081055,1.0,0.0,0.7577807848443843,0.7576780290246372,0.896978021978022,0.10302197802197802,0.8969561989606534,0.10304380103934671,1.0,0.0,0.0,61.0,0.0,93.9,1.0,21.5,18.0,186.0,440.0,15.6,5.2,89.0,1367.0,0.12,1.0,0.75,0.85,89.0,89.0,30.0,40.0,49.35266313513856,40.64733686486144,227.4912074465435,604.4540836413503,739.6759357015857,122.62822271628744,728.0,928.5,75.0,0.7577807848443843,0.0,25.555555555555557,45.0,99.89,0.12,0.13175306,0.121643364,279.77975,0.1624549,0.2,40.814,0.8963,40.7,74.4,73.6,60.2,38.4,52.6,52.6,False,45.0,63.8,9.0,1.0,49.4,100.0,False,50.0,49.1,49.1,5.1,673.5,2026-10-01T15:00,interpolated_hourly,0,SW,"sun 41° up (SW) — lay flat, or lift torso ~49° toward SW to face it",,,,not specified,Environmental scores are skin-type independent.,not personalized
2026-10-01 15:30:00,1.0,878.1500000000001,790.9,34.03202,-118.52633,86.0,42.10615158081055,1.0,0.0,0.7465374512457215,0.746424524686947,0.8860958485958486,0.1139041514041514,0.8860517154991725,0.11394828450082767,1.0,0.0,-2.842170943040401e-14,61.5,0.0,89.45,1.0,21.5,18.0,186.0,440.0,15.6,5.2,89.0,1367.0,0.12,1.0,0.75,0.85,89.0,89.0,30.0,40.0,54.41004094942922,35.58995905057079,234.30278378760042,522.099016563997,698.2599510069839,114.33844199643812,656.5,903.95,74.0,0.7465374512457215,0.0,25.250000000000004,46.0,99.88499999999999,0.12,0.13175306,0.121643364,279.77975,0.1624549,0.2,35.939755216889054,0.7198961973324,35.82201839327046,66.05000000000001,82.25,56.55,41.45,51.3,51.3,False,46.0,63.65,8.45,1.0,54.4,100.0,False,50.0,45.0,45.0,4.491196825683103,595.7391391224751,2026-10-01T15:30,interpolated_hourly,0,SW,"sun 36° up (SW) — lay flat, or lift torso ~54° toward SW to face it",,,,not specified,Environmental scores are skin-type independent.,not personalized
2026-10-01 16:00:00,1.0,795.6,692.9,34.03202,-118.52633,86.0,42.10615158081055,1.0,0.0,0.7352941176470588,0.7351710203492567,0.8752136752136752,0.12478632478632479,0.8751472320376915,0.12485276796230861,1.0,0.0,-5.684341886080802e-14,62.0,0.0,85.0,1.0,21.5,18.0,186.0,440.0,15.6,5.2,89.0,1367.0,0.12,1.0,0.75,0.85,89.0,89.0,30.0,40.0,59.46741876371986,30.53258123628014,241.11436012865732,439.74394948664366,656.8439663123821,106.0486612765888,585.0,879.4,73.0,0.7352941176470588,0.0,24.94444444444445,47.0,99.88,0.12,0.13175306,0.121643364,279.77975,0.1624549,0.2,30.548,0.5383,30.6,57.7,90.9,52.9,44.5,50.0,50.0,False,47.0,63.5,7.9,1.0,59.5,100.0,False,50.0,40.4,40.4,3.85,509.4,2026-10-01T16:00,interpolated_hourly,0,WSW,"sun 31° up (WSW) — lay flat, or lift torso ~60° toward WSW to face it",,,,not specified,Environmental scores are skin-type independent.,not personalized
2026-10-01 16:30:00,1.0,684.35,569.6999999999999,34.03202,-118.52633,86.0,42.10615158081055,1.0,0.0,0.714008950290987,0.7137221283157258,0.8595211952894573,0.14047880471054275,0.8594435610204634,0.1405564389795367,1.0,0.0,-2.842170943040401e-14,62.5,0.0,79.25,1.0,21.5,18.0,186.0,440.0,15.6,5.2,89.0,1367.0,0.12,1.0,0.75,0.85,89.0,89.0,30.0,40.0,65.16227318782146,24.83772681217855,246.47354974666786,339.4559134610075,573.4533304656215,92.25639446936769,491.0,839.3499999999999,67.5,0.714008950290987,0.0,24.555555555555557,48.5,99.88,0.12,0.13175306,0.121643364,279.77975,0.1624549,0.2,24.989397688076583,0.35249332364583813,25.013822040351897,49.45,95.35,42.65,47.05,44.2,44.2,False,48.5,63.3,7.6,1.0,65.2,100.0,False,50.0,34.5,34.5,3.1544146860351994,410.39792146091787,2026-10-01T16:30,interpolated_hourly,0,WSW,"sun low 25° (WSW) — face WSW, lift torso ~65° toward the sun if comfortable",,,,not specified,Environmental scores are skin-type independent.,not personalized
2026-10-01 17:00:00,1.0,573.1,446.5,34.03202,-118.52633,86.0,42.10615158081055,1.0,0.0,0.6927237829349153,0.692273236282195,0.8438287153652393,0.1561712846347607,0.8437398900032351,0.1562601099967648,1.0,0.0,0.0,63.0,0.0,73.5,1.0,21.5,18.0,186.0,440.0,15.6,5.2,89.0,1367.0,0.12,1.0,0.75,0.85,89.0,89.0,30.0,40.0,70.85712761192305,19.142872388076956,251.8327393646784,239.16787743537145,490.06269461886103,78.46412766214658,397.0,799.3,62.0,0.6927237829349153,0.0,24.166666666666668,50.0,99.88,0.12,0.13175306,0.121643364,279.77975,0.1624549,0.2,19.291,0.1657,19.4,41.2,99.8,32.4,49.6,38.4,38.4,False,50.0,63.1,7.3,1.0,70.9,100.0,False,50.0,28.3,28.3,2.45,309.1,2026-10-01T17:00,interpolated_hourly,0,WSW,"sun low 19° (WSW) — face WSW, lift torso ~71° toward the sun if comfortable",,,,not specified,Environmental scores are skin-type independent.,not personalized
2026-10-01 17:30:00,1.0,440.70000000000005,306.45,34.03202,-118.52633,86.0,42.10615158081055,1.0,0.0,0.6415289365534129,0.6406077719872514,0.7955407313089933,0.20445926869100672,0.7953393327567196,0.20466066724328036,1.0,0.0,0.0,62.5,0.0,65.0,1.0,21.5,18.0,186.0,440.0,15.6,5.2,89.0,1367.0,0.12,1.0,0.75,0.85,89.0,89.0,30.0,40.0,76.86237176509081,13.137628234909192,256.38221536605147,141.190745415352,314.29711042544125,52.23867186892991,289.5,701.7,54.0,0.6415289365534129,0.0,23.666666666666668,52.5,99.88499999999999,0.12,0.13175306,0.121643364,279.77975,0.1624549,0.2,12.883805073597902,0.09720271178719357,13.233523296070981,31.85,99.9,32.3,60.650000000000006,42.2,42.2,False,52.5,62.95,6.85,1.0,76.9,100.0,False,50.0,22.0,22.0,1.7269517322597845,198.22362227746433,2026-10-01T17:30,interpolated_hourly,0,WSW,"sun low 13° (WSW) — face WSW, lift torso ~77° toward the sun if comfortable",,,,not specified,Environmental scores are skin-type independent.,not personalized
2026-10-01 18:00:00,1.0,308.3,166.4,34.03202,-118.52633,86.0,42.10615158081055,1.0,0.0,0.5903340901719104,0.5889423076923077,0.7472527472527473,0.25274725274725274,0.7469387755102042,0.2530612244897959,1.0,0.0,0.0,62.0,0.0,56.5,1.0,21.5,18.0,186.0,440.0,15.6,5.2,89.0,1367.0,0.12,1.0,0.75,0.85,89.0,89.0,30.0,40.0,82.86761591825858,7.132384081741427,260.9316913674246,43.21361339533258,138.5315262320215,26.013216075713252,182.0,604.1,46.0,0.5903340901719104,0.0,23.166666666666668,55.0,99.89,0.12,0.13175306,0.121643364,279.77975,0.1624549,0.2,7.169,0.0313,7.7,22.5,100.0,32.2,71.7,46.0,46.0,False,55.0,62.8,6.4,1.0,82.9,100.0,False,50.0,15.3,15.3,1.05,98.0,2026-10-01T18:00,interpolated_hourly,0,W,"sun low 7° (W) — face W, lift torso ~83° toward the sun if comfortable",,,,not specified,Environmental scores are skin-type independent.,not personalized
2026-10-01 18:30:00,1.0,177.75,83.2,34.03202,-118.52633,86.0,42.10615158081055,1.0,0.0,0.464658570509684,0.5662906804733728,0.7173763736263736,0.28262362637362637,0.7436692645879576,0.25633073541204243,0.7814180555555555,0.0,0.0,61.5,0.0,45.4,1.0,21.5,18.0,186.0,440.0,15.6,5.2,89.0,1367.0,0.12,1.0,0.75,0.85,89.0,89.0,30.0,40.0,89.12145045966304,0.8785495403369579,265.1483028421842,21.60680669766629,69.26576311601075,13.006608037856626,99.0,369.0,25.5,0.464658570509684,0.0,22.555555555555557,58.5,99.9,0.12,0.13175306,0.121643364,279.77975,0.1624549,0.2,2.5091499999999995,0.013093729415258283,3.0532866383397965,11.45,71.5,32.19615384615385,71.8576923076923,46.05384615384615,46.05384615384615,False,58.5,62.7,5.9,1.0,89.1,100.0,False,50.0,7.7,7.7,0.4810795152570935,11.277849752412907,2026-10-01T18:30,interpolated_hourly,0,W,"sun low 1° (W) — face W, lift torso ~89° toward the sun if comfortable",,,,not specified,Environmental scores are skin-type independent.,not personalized
2026-10-01 19:00:00,0.0,47.2,0.0,34.03202,-118.52633,86.0,42.10615158081055,1.0,0.0,0.3389830508474576,0.5436390532544378,0.6875,0.3125,0.7403997536657111,0.259600246334289,0.5628361111111111,0.0,0.0,61.0,0.0,34.3,1.0,21.5,18.0,186.0,440.0,15.6,5.2,89.0,1367.0,0.12,1.0,0.75,0.85,89.0,89.0,30.0,40.0,95.37528500106751,-5.375285001067511,269.3649143169438,0.0,0.0,0.0,16.0,133.9,5.0,0.3389830508474576,0.0,21.944444444444446,62.0,99.91,0.12,0.13175306,0.121643364,279.77975,0.1624549,0.2,0.0,0.0,0.0,0.4,43.0,32.19230769230769,72.01538461538462,46.10769230769231,46.10769230769231,False,62.0,62.6,5.4,1.0,,100.0,False,50.0,0.0,0.0,0.0,0.0,2026-10-01T19:00,interpolated_hourly,0,W,sun below horizon — no direct-sun posture,,,,not specified,Environmental scores are skin-type independent.,not personalized
2026-10-01 19:30:00,0.0,23.6,0.0,34.03202,-118.52633,86.0,42.10615158081055,1.0,0.0,0.3248587570621469,0.520987426035503,0.6862566312997348,0.31374336870026526,0.7371302427434645,0.26286975725653555,0.28141805555555555,0.0,0.0,61.0,0.0,17.15,0.8,21.5,18.0,186.0,440.0,15.6,5.2,89.0,1367.0,0.12,1.0,0.75,0.85,89.0,89.0,30.0,40.0,101.57788870423947,-11.57788870423947,273.6552459116164,0.0,0.0,0.0,8.0,66.95,2.5,0.3248587570621469,0.0,21.52777777777778,64.5,99.91999999999999,0.12,0.13175306,0.121643364,279.77975,0.1624549,0.2,0.0,0.0,0.0,0.2,41.04545454545455,32.18846153846154,72.17307692307692,46.16153846153846,46.16153846153846,False,64.5,62.5,4.85,1.0,,100.0,False,50.0,0.0,0.0,0.0,0.0,2026-10-01T19:30,interpolated_hourly,0,W,sun below horizon — no direct-sun posture,,,,not specified,Environmental scores are skin-type independent.,not personalized
2026-10-01 20:00:00,0.0,0.0,0.0,34.03202,-118.52633,86.0,42.10615158081055,1.0,0.0,0.3107344632768361,0.4983357988165681,0.6850132625994695,0.3149867374005305,0.7338607318212179,0.26613926817878214,0.0,0.0,0.0,61.0,0.0,0.0,0.6,21.5,18.0,186.0,440.0,15.6,5.2,89.0,1367.0,0.12,1.0,0.75,0.85,89.0,89.0,30.0,40.0,107.78049240741143,-17.780492407411426,277.94557750628906,0.0,0.0,0.0,0.0,0.0,0.0,0.3107344632768361,0.0,21.11111111111111,67.0,99.92999999999999,0.12,0.13175306,0.121643364,279.77975,0.1624549,0.2,0.0,0.0,0.0,0.0,39.09090909090909,32.184615384615384,72.33076923076923,46.215384615384615,46.215384615384615,False,67.0,62.4,4.3,1.0,,100.0,False,50.0,0.0,0.0,0.0,0.0,2026-10-01T20:00,interpolated_hourly,0,W,sun below horizon — no direct-sun posture,,,,not specified,Environmental scores are skin-type independent.,not personalized
2026-10-01 20:30:00,0.0,0.0,0.0,34.03202,-118.52633,86.0,42.10615158081055,1.0,0.0,0.2966101694915254,0.47568417159763315,0.6837698938992043,0.31623010610079577,0.7305912208989714,0.2694087791010287,0.0,0.0,0.0,63.0,0.0,0.0,0.6,21.5,18.0,186.0,440.0,15.6,5.2,89.0,1367.0,0.12,1.0,0.75,0.85,89.0,89.0,30.0,40.0,113.84383171242362,-23.843831712423615,282.76290116944665,0.0,0.0,0.0,0.0,0.0,0.0,0.2966101694915254,0.0,21.055555555555557,67.5,99.94,0.12,0.13175306,0.121643364,279.77975,0.1624549,0.2,0.0,0.0,0.0,0.0,37.13636363636364,32.180769230769236,72.48846153846154,46.26923076923077,46.26923076923077,False,67.5,62.45,3.95,1.0,,100.0,False,50.0,0.0,0.0,0.0,0.0,2026-10-01T20:30,interpolated_hourly,0,WNW,sun below horizon — no direct-sun posture,,,,not specified,Environmental scores are skin-type independent.,not personalized
2026-10-01 21:00:00,0.0,0.0,0.0,34.03202,-118.52633,86.0,42.10615158081055,1.0,0.0,0.2824858757062147,0.4530325443786982,0.682526525198939,0.31747347480106103,0.7273217099767249,0.27267829002327526,0.0,0.0,0.0,65.0,0.0,0.0,0.6,21.5,18.0,186.0,440.0,15.6,5.2,89.0,1367.0,0.12,1.0,0.75,0.85,89.0,89.0,30.0,40.0,119.9071710174358,-29.9071710174358,287.5802248326043,0.0,0.0,0.0,0.0,0.0,0.0,0.2824858757062147,0.0,21.0,68.0,99.95,0.12,0.13175306,0.121643364,279.77975,0.1624549,0.2,0.0,0.0,0.0,0.0,35.18181818181818,32.17692307692308,72.64615384615385,46.323076923076925,46.323076923076925,False,68.0,62.5,3.6,1.0,,100.0,False,50.0,0.0,0.0,0.0,0.0,2026-10-01T21:00,interpolated_hourly,0,WNW,sun below horizon — no direct-sun posture,,,,not specified,Environmental scores are skin-type independent.,not personalized
2026-10-01 21:30:00,0.0,0.0,0.0,34.03202,-118.52633,86.0,42.10615158081055,1.0,0.0,0.2683615819209039,0.43038091715976334,0.6812831564986738,0.3187168435013263,0.7240521990544783,0.2759478009455218,0.0,0.0,0.0,68.0,0.0,0.0,0.6,21.5,18.0,186.0,440.0,15.6,5.2,89.0,1367.0,0.12,1.0,0.75,0.85,89.0,89.0,30.0,40.0,125.61089050401313,-35.61089050401312,293.57458462292146,0.0,0.0,0.0,0.0,0.0,0.0,0.2683615819209039,0.0,21.111111111111114,67.5,99.95500000000001,0.12,0.13175306,0.121643364,279.77975,0.1624549,0.2,0.0,0.0,0.0,0.0,33.22727272727273,32.17307692307693,72.80384615384615,46.37692307692308,46.37692307692308,False,67.5,62.6,3.8,1.0,,100.0,False,50.0,0.0,0.0,0.0,0.0,2026-10-01T21:30,interpolated_hourly,0,WNW,sun below horizon — no direct-sun posture,,,,not specified,Environmental scores are skin-type independent.,not personalized
2026-10-01 22:00:00,0.0,0.0,0.0,34.03202,-118.52633,86.0,42.10615158081055,1.0,0.0,0.2542372881355932,0.4077292899408284,0.6800397877984085,0.31996021220159154,0.7207826881322318,0.2792173118677683,0.0,0.0,0.0,71.0,0.0,0.0,0.6,21.5,18.0,186.0,440.0,15.6,5.2,89.0,1367.0,0.12,1.0,0.75,0.85,89.0,89.0,30.0,40.0,131.31460999059044,-41.31460999059044,299.5689444132386,0.0,0.0,0.0,0.0,0.0,0.0,0.2542372881355932,0.0,21.222222222222225,67.0,99.96000000000001,0.12,0.13175306,0.121643364,279.77975,0.1624549,0.2,0.0,0.0,0.0,0.0,31.272727272727273,32.16923076923077,72.96153846153847,46.43076923076923,46.43076923076923,False,67.0,62.7,4.0,1.0,,100.0,False,50.0,0.0,0.0,0.0,0.0,2026-10-01T22:00,interpolated_hourly,0,WNW,sun below horizon — no direct-sun posture,,,,not specified,Environmental scores are skin-type independent.,not personalized
2026-10-01 22:30:00,0.0,0.0,0.0,34.03202,-118.52633,86.0,42.10615158081055,1.0,0.0,0.24011299435028247,0.3850776627218935,0.6787964190981433,0.32120358090185674,0.7175131772099852,0.2824868227900149,0.0,0.0,0.0,73.0,0.0,0.0,0.6,21.5,18.0,186.0,440.0,15.6,5.2,89.0,1367.0,0.12,1.0,0.75,0.85,89.0,89.0,30.0,40.0,136.24908433567705,-46.249084335677054,307.7691349569918,0.0,0.0,0.0,0.0,0.0,0.0,0.24011299435028247,0.0,21.305555555555557,66.5,99.96000000000001,0.12,0.13175306,0.121643364,279.77975,0.1624549,0.2,0.0,0.0,0.0,0.0,29.31818181818182,32.16538461538462,73.11923076923077,46.48461538461538,46.48461538461538,False,66.5,62.7,4.3,1.0,,100.0,False,50.0,0.0,0.0,0.0,0.0,2026-10-01T22:30,interpolated_hourly,0,NW,sun below horizon — no direct-sun posture,,,,not specified,Environmental scores are skin-type independent.,not personalized
2026-10-01 23:00:00,0.0,0.0,0.0,34.03202,-118.52633,86.0,42.10615158081055,1.0,0.0,0.22598870056497172,0.3624260355029586,0.6775530503978779,0.322446949602122,0.7142436662877386,0.28575633371226145,0.0,0.0,0.0,75.0,0.0,0.0,0.6,21.5,18.0,186.0,440.0,15.6,5.2,89.0,1367.0,0.12,1.0,0.75,0.85,89.0,89.0,30.0,40.0,141.18355868076367,-51.18355868076366,315.9693255007451,0.0,0.0,0.0,0.0,0.0,0.0,0.22598870056497172,0.0,21.38888888888889,66.0,99.96000000000001,0.12,0.13175306,0.121643364,279.77975,0.1624549,0.2,0.0,0.0,0.0,0.0,27.363636363636367,32.16153846153846,73.27692307692308,46.53846153846154,46.53846153846154,False,66.0,62.7,4.6,1.0,,100.0,False,50.0,0.0,0.0,0.0,0.0,2026-10-01T23:00,interpolated_hourly,0,NW,sun below horizon — no direct-sun posture,,,,not specified,Environmental scores are skin-type independent.,not personalized
2026-10-01 23:30:00,0.0,0.0,0.0,34.03202,-118.52633,86.0,42.10615158081055,1.0,0.0,0.211864406779661,0.3397744082840237,0.6763096816976127,0.32369031830238726,0.7109741553654921,0.28902584463450803,0.0,0.0,0.0,75.0,0.0,0.0,0.6,21.5,18.0,186.0,440.0,15.6,5.2,89.0,1367.0,0.12,1.0,0.75,0.85,89.0,89.0,30.0,40.0,144.55644715167165,-54.55644715167166,327.59460225479177,0.0,0.0,0.0,0.0,0.0,0.0,0.211864406779661,0.0,21.277777777777775,66.0,99.95,0.12,0.13175306,0.121643364,279.77975,0.1624549,0.2,0.0,0.0,0.0,0.0,25.40909090909091,32.15769230769231,73.43461538461538,46.59230769230769,46.59230769230769,False,66.0,62.55,4.699999999999999,1.0,,100.0,False,50.0,0.0,0.0,0.0,0.0,2026-10-01T23:30,interpolated_hourly,0,NNW,sun below horizon — no direct-sun posture,,,,not specified,Environmental scores are skin-type independent.,not personalized
2026-10-02 00:00:00,0.0,0.0,0.0,34.03202,-118.52633,86.0,42.10615158081055,1.0,0.0,0.19774011299435026,0.3171227810650888,0.6750663129973474,0.3249336870026525,0.7077046444432455,0.29229535555675457,0.0,0.0,0.0,75.0,0.0,0.0,0.6,21.5,18.0,186.0,440.0,15.6,5.2,89.0,1367.0,0.12,1.0,0.75,0.85,89.0,89.0,30.0,40.0,147.92933562257966,-57.929335622579664,339.2198790088385,0.0,0.0,0.0,0.0,0.0,0.0,0.19774011299435026,0.0,21.166666666666664,66.0,99.94,0.12,0.13175306,0.121643364,279.77975,0.1624549,0.2,0.0,0.0,0.0,0.0,23.454545454545457,32.15384615384615,73.5923076923077,46.646153846153844,46.646153846153844,False,66.0,62.4,4.8,1.0,,100.0,False,50.0,0.0,0.0,0.0,0.0,2026-10-02T00:00,interpolated_hourly,0,NNW,sun below horizon — no direct-sun posture,,,,not specified,Environmental scores are skin-type independent.,not personalized
2026-10-02 00:30:00,0.0,0.0,0.0,34.03202,-118.52633,86.0,42.10615158081055,1.0,0.0,0.18361581920903955,0.29447115384615385,0.6738229442970822,0.3261770557029178,0.704435133520999,0.29556486647900115,0.0,0.0,0.0,74.0,0.0,0.0,0.6,21.5,18.0,186.0,440.0,15.6,5.2,89.0,1367.0,0.12,1.0,0.75,0.85,89.0,89.0,30.0,40.0,148.63766369464588,-58.63766369464588,173.65495485908687,0.0,0.0,0.0,0.0,0.0,0.0,0.18361581920903955,0.0,21.027777777777775,66.5,99.92,0.12,0.13175306,0.121643364,279.77975,0.1624549,0.2,0.0,0.0,0.0,0.0,21.5,32.150000000000006,73.75,46.7,46.7,False,66.5,62.25,4.699999999999999,1.0,,100.0,False,50.0,0.0,0.0,0.0,0.0,2026-10-02T00:30,interpolated_hourly,0,S,sun below horizon — no direct-sun posture,,,,not specified,Environmental scores are skin-type independent.,not personalized
2026-10-02 01:00:00,0.0,0.0,0.0,34.03202,-118.52633,86.0,42.10615158081055,1.0,0.0,0.1694915254237288,0.271819526627219,0.6725795755968169,0.32742042440318303,0.7011656225987524,0.2988343774012477,0.0,0.0,0.0,73.0,0.0,0.0,0.6,21.5,18.0,186.0,440.0,15.6,5.2,89.0,1367.0,0.12,1.0,0.75,0.85,89.0,89.0,30.0,40.0,149.34599176671207,-59.34599176671209,8.090030709335224,0.0,0.0,0.0,0.0,0.0,0.0,0.1694915254237288,0.0,20.888888888888886,67.0,99.9,0.12,0.13175306,0.121643364,279.77975,0.1624549,0.2,0.0,0.0,0.0,0.0,19.545454545454547,32.14615384615385,73.9076923076923,46.753846153846155,46.753846153846155,False,67.0,62.1,4.6,1.0,,100.0,False,50.0,0.0,0.0,0.0,0.0,2026-10-02T01:00,interpolated_hourly,0,N,sun below horizon — no direct-sun posture,,,,not specified,Environmental scores are skin-type independent.,not personalized
2026-10-02 01:30:00,0.0,0.0,0.0,34.03202,-118.52633,86.0,42.10615158081055,1.0,0.0,0.15536723163841806,0.24916789940828404,0.6713362068965517,0.3286637931034483,0.6978961116765059,0.3021038883234942,0.0,0.0,0.0,72.5,0.0,0.0,0.6,21.5,18.0,186.0,440.0,15.6,5.2,89.0,1367.0,0.12,1.0,0.75,0.85,89.0,89.0,30.0,40.0,147.06070374394164,-57.06070374394163,21.312200352430125,0.0,0.0,0.0,0.0,0.0,0.0,0.15536723163841806,0.0,20.749999999999996,67.5,99.885,0.12,0.13175306,0.121643364,279.77975,0.1624549,0.2,0.0,0.0,0.0,0.0,17.590909090909093,32.142307692307696,74.06538461538462,46.80769230769231,46.80769230769231,False,67.5,61.95,4.55,1.0,,100.0,False,50.0,0.0,0.0,0.0,0.0,2026-10-02T01:30,interpolated_hourly,0,NNE,sun below horizon — no direct-sun posture,,,,not specified,Environmental scores are skin-type independent.,not personalized
2026-10-02 02:00:00,0.0,0.0,0.0,34.03202,-118.52633,86.0,42.10615158081055,1.0,0.0,0.14124293785310732,0.2265162721893491,0.6700928381962865,0.32990716180371354,0.6946266007542593,0.3053733992457408,0.0,0.0,0.0,72.0,0.0,0.0,0.6,21.5,18.0,186.0,440.0,15.6,5.2,89.0,1367.0,0.12,1.0,0.75,0.85,89.0,89.0,30.0,40.0,144.77541572117119,-54.77541572117118,34.534369995525026,0.0,0.0,0.0,0.0,0.0,0.0,0.14124293785310732,0.0,20.611111111111107,68.0,99.87,0.12,0.13175306,0.121643364,279.77975,0.1624549,0.2,0.0,0.0,0.0,0.0,15.636363636363637,32.13846153846154,74.22307692307692,46.86153846153846,46.86153846153846,False,68.0,61.8,4.5,1.0,,100.0,False,50.0,0.0,0.0,0.0,0.0,2026-10-02T02:00,interpolated_hourly,0,NE,sun below horizon — no direct-sun posture,,,,not specified,Environmental scores are skin-type independent.,not personalized
2026-10-02 02:30:00,0.0,0.0,0.0,34.03202,-118.52633,86.0,42.10615158081055,1.0,0.0,0.1271186440677966,0.20386464497041423,0.6688494694960212,0.3311505305039788,0.6913570898320127,0.30864291016798734,0.0,0.0,0.0,73.0,0.0,0.0,0.6,21.5,18.0,186.0,440.0,15.6,5.2,89.0,1367.0,0.12,1.0,0.75,0.85,89.0,89.0,30.0,40.0,140.4260775304797,-50.426077530479674,44.17576938545437,0.0,0.0,0.0,0.0,0.0,0.0,0.1271186440677966,0.0,20.47222222222222,69.0,99.86,0.12,0.13175306,0.121643364,279.77975,0.1624549,0.2,0.0,0.0,0.0,0.0,13.681818181818183,32.13461538461539,74.38076923076923,46.91538461538462,46.91538461538462,False,69.0,61.849999999999994,4.5,1.0,,100.0,False,50.0,0.0,0.0,0.0,0.0,2026-10-02T02:30,interpolated_hourly,0,NE,sun below horizon — no direct-sun posture,,,,not specified,Environmental scores are skin-type independent.,not personalized
2026-10-02 03:00:00,0.0,0.0,0.0,34.03202,-118.52633,86.0,42.10615158081055,1.0,0.0,0.11299435028248586,0.1812130177514793,0.667606100795756,0.33239389920424406,0.6880875789097662,0.3119124210902339,0.0,0.0,0.0,74.0,0.0,0.0,0.6,21.5,18.0,186.0,440.0,15.6,5.2,89.0,1367.0,0.12,1.0,0.75,0.85,89.0,89.0,30.0,40.0,136.07673933978816,-46.07673933978816,53.81716877538372,0.0,0.0,0.0,0.0,0.0,0.0,0.11299435028248586,0.0,20.333333333333332,70.0,99.85,0.12,0.13175306,0.121643364,279.77975,0.1624549,0.2,0.0,0.0,0.0,0.0,11.72727272727273,32.13076923076923,74.53846153846153,46.96923076923077,46.96923076923077,False,70.0,61.9,4.5,1.0,,100.0,False,50.0,0.0,0.0,0.0,0.0,2026-10-02T03:00,interpolated_hourly,0,NE,sun below horizon — no direct-sun posture,,,,not specified,Environmental scores are skin-type independent.,not personalized
2026-10-02 03:30:00,0.0,0.0,0.0,34.03202,-118.52633,86.0,42.10615158081055,1.0,0.0,0.09887005649717512,0.15856139053254442,0.6663627320954907,0.3336372679045093,0.6848180679875197,0.31518193201248046,0.0,0.0,0.0,75.5,0.0,0.0,0.6,21.5,18.0,186.0,440.0,15.6,5.2,89.0,1367.0,0.12,1.0,0.75,0.85,89.0,89.0,30.0,40.0,130.65747932499022,-40.65747932499022,60.66486394683176,0.0,0.0,0.0,0.0,0.0,0.0,0.09887005649717512,0.0,20.25,71.0,99.845,0.12,0.13175306,0.121643364,279.77975,0.1624549,0.2,0.0,0.0,0.0,0.0,9.772727272727273,32.12692307692308,74.69615384615385,47.02307692307692,47.02307692307692,False,71.0,61.95,4.55,1.0,,100.0,False,50.0,0.0,0.0,0.0,0.0,2026-10-02T03:30,interpolated_hourly,0,ENE,sun below horizon — no direct-sun posture,,,,not specified,Environmental scores are skin-type independent.,not personalized
2026-10-02 04:00:00,0.0,0.0,0.0,34.03202,-118.52633,86.0,42.10615158081055,1.0,0.0,0.0847457627118644,0.1359097633136095,0.6651193633952255,0.3348806366047746,0.6815485570652731,0.31845144293472705,0.0,0.0,0.0,77.0,0.0,0.0,0.6,21.5,18.0,186.0,440.0,15.6,5.2,89.0,1367.0,0.12,1.0,0.75,0.85,89.0,89.0,30.0,40.0,125.23821931019228,-35.23821931019227,67.5125591182798,0.0,0.0,0.0,0.0,0.0,0.0,0.0847457627118644,0.0,20.166666666666664,72.0,99.84,0.12,0.13175306,0.121643364,279.77975,0.1624549,0.2,0.0,0.0,0.0,0.0,7.81818181818182,32.12307692307692,74.85384615384615,47.07692307692307,47.07692307692307,False,72.0,62.0,4.6,1.0,,100.0,False,50.0,0.0,0.0,0.0,0.0,2026-10-02T04:00,interpolated_hourly,0,ENE,sun below horizon — no direct-sun posture,,,,not specified,Environmental scores are skin-type independent.,not personalized
2026-10-02 04:30:00,0.0,0.0,0.0,34.03202,-118.52633,86.0,42.10615158081055,1.0,0.0,0.07062146892655369,0.11325813609467456,0.6638759946949602,0.33612400530503983,0.6782790461430266,0.3217209538569736,0.0,0.0,0.0,78.0,0.0,0.0,0.6,21.5,18.0,186.0,440.0,15.6,5.2,89.0,1367.0,0.12,1.0,0.75,0.85,89.0,89.0,30.0,40.0,119.30827758949081,-29.308277589490814,72.77226471748281,0.0,0.0,0.0,0.0,0.0,0.0,0.07062146892655369,0.0,20.083333333333332,72.5,99.84,0.12,0.13175306,0.121643364,279.77975,0.1624549,0.2,0.0,0.0,0.0,0.0,5.863636363636367,32.11923076923077,75.01153846153846,47.13076923076923,47.13076923076923,False,72.5,62.0,4.5,1.0,,100.0,False,50.0,0.0,0.0,0.0,0.0,2026-10-02T04:30,interpolated_hourly,0,ENE,sun below horizon — no direct-sun posture,,,,not specified,Environmental scores are skin-type independent.,not personalized
2026-10-02 05:00:00,0.0,0.0,0.0,34.03202,-118.52633,86.0,42.10615158081055,1.0,0.0,0.05649717514124292,0.09060650887573968,0.662632625994695,0.33736737400530503,0.67500953522078,0.3249904647792201,0.0,0.0,0.0,79.0,0.0,0.0,0.6,21.5,18.0,186.0,440.0,15.6,5.2,89.0,1367.0,0.12,1.0,0.75,0.85,89.0,89.0,30.0,40.0,113.37833586878936,-23.37833586878936,78.03197031668583,0.0,0.0,0.0,0.0,0.0,0.0,0.05649717514124292,0.0,20.0,73.0,99.84,0.12,0.13175306,0.121643364,279.77975,0.1624549,0.2,0.0,0.0,0.0,0.0,3.9090909090909136,32.11538461538462,75.16923076923077,47.184615384615384,47.184615384615384,False,73.0,62.0,4.4,1.0,,100.0,False,50.0,0.0,0.0,0.0,0.0,2026-10-02T05:00,interpolated_hourly,0,ENE,sun below horizon — no direct-sun posture,,,,not specified,Environmental scores are skin-type independent.,not personalized
2026-10-02 05:30:00,0.0,0.0,0.0,34.03202,-118.52633,86.0,42.10615158081055,1.0,0.0,0.0423728813559322,0.06795488165680474,0.6613892572944297,0.3386107427055703,0.6717400242985334,0.3282599757014667,0.0,0.0,0.0,79.5,0.0,0.0,0.6,21.5,18.0,186.0,440.0,15.6,5.2,89.0,1367.0,0.12,1.0,0.75,0.85,89.0,89.0,30.0,40.0,107.22494956427724,-17.22494956427724,82.50674051404312,0.0,0.0,0.0,0.0,0.0,0.0,0.0423728813559322,0.0,19.944444444444443,73.5,99.85,0.12,0.13175306,0.121643364,279.77975,0.1624549,0.2,0.0,0.0,0.0,0.0,1.9545454545454604,32.111538461538466,75.32692307692308,47.238461538461536,47.238461538461536,False,73.5,62.0,4.2,1.0,,100.0,False,50.0,0.0,0.0,0.0,0.0,2026-10-02T05:30,interpolated_hourly,0,E,sun below horizon — no direct-sun posture,,,,not specified,Environmental scores are skin-type independent.,not personalized
2026-10-02 06:00:00,0.0,0.0,0.0,34.03202,-118.52633,86.0,42.10615158081055,1.0,0.0,0.028248587570621486,0.045303254437869866,0.6601458885941645,0.33985411140583555,0.6684705133762869,0.33152948662371323,0.0,0.0,0.0,80.0,0.0,0.0,0.6,21.5,18.0,186.0,440.0,15.6,5.2,89.0,1367.0,0.12,1.0,0.75,0.85,89.0,89.0,30.0,40.0,101.07156325976511,-11.071563259765114,86.9815107114004,0.0,0.0,0.0,0.0,0.0,0.0,0.028248587570621486,0.0,19.88888888888889,74.0,99.86,0.12,0.13175306,0.121643364,279.77975,0.1624549,0.2,0.0,0.0,0.0,0.0,0.0,32.10769230769231,75.48461538461538,47.29230769230769,47.29230769230769,False,74.0,62.0,4.0,1.0,,100.0,False,50.0,0.0,0.0,0.0,0.0,2026-10-02T06:00,interpolated_hourly,0,E,sun below horizon — no direct-sun posture,,,,not specified,Environmental scores are skin-type independent.,not personalized
2026-10-02 06:30:00,0.0,0.8499999999999999,16.0,34.03202,-118.52633,86.0,42.10615158081055,1.0,0.0,0.014124293785310715,0.02265162721893499,0.6589025198938991,0.3410974801061008,0.6652010024540403,0.3347989975459598,0.0,0.0,0.0,80.5,0.0,0.0,0.675,21.5,18.0,186.0,440.0,15.6,5.2,89.0,1367.0,0.12,1.0,0.75,0.85,89.0,89.0,30.0,40.0,94.70335060383375,-4.7033506038337585,91.19294846721252,0.5457046042714786,1.546611736579809,0.50077052912653,0.0,0.0,0.0,0.014124293785310715,0.0,19.916666666666668,74.0,99.89,0.12,0.13175306,0.121643364,279.77975,0.1624549,0.2,0.0,0.0,0.0,0.0,0.0,32.103846153846156,75.6423076923077,47.34615384615385,47.34615384615385,False,74.0,62.05,3.65,1.0,,100.0,False,50.0,0.0,0.0,0.0,0.0,2026-10-02T06:30,interpolated_hourly,0,E,sun below horizon — no direct-sun posture,,,,not specified,Environmental scores are skin-type independent.,not personalized
2026-10-02 07:00:00,1.0,1.7,32.0,34.03202,-118.52633,86.0,42.10615158081055,1.0,0.0,0.0,0.0,0.6576591511936339,0.34234084880636606,0.6619314915317938,0.33806850846820635,0.0,0.0,0.0,81.0,0.0,0.0,0.75,21.5,18.0,186.0,440.0,15.6,5.2,89.0,1367.0,0.12,1.0,0.75,0.85,89.0,89.0,30.0,40.0,88.3351379479024,1.6648620520975976,95.40438622302463,1.0914092085429572,3.093223473159618,1.00154105825306,0.0,0.0,0.0,0.0,0.0,19.94444444444445,74.0,99.92,0.12,0.13175306,0.121643364,279.77975,0.1624549,0.2,0.211,0.0,0.1,0.0,0.0,32.1,75.8,47.4,47.4,False,74.0,62.1,3.3,1.0,88.3,100.0,False,50.0,0.5,0.5,0.0,0.0,2026-10-02T07:00,interpolated_hourly,0,E,"sun low 2° (E) — face E, lift torso ~88° toward the sun if comfortable",,,,not specified,Environmental scores are skin-type independent.,not personalized
2026-10-02 07:30:00,1.0,89.60000000000001,176.3,34.03202,-118.52633,86.0,42.10615158081055,1.0,0.0,0.24507042253521127,0.24438552713661876,0.6564157824933686,0.3435842175066313,0.6586619806095473,0.34133801939045294,0.5,0.0,0.0,81.0,0.0,30.4,0.875,21.5,18.0,186.0,440.0,15.6,5.2,89.0,1367.0,0.12,1.0,0.75,0.85,89.0,89.0,30.0,40.0,82.34855382171575,7.651446178284245,99.76522856252893,71.96970567273587,180.03861762881377,29.838640540728836,43.5,203.35,15.0,0.24507042253521127,0.0,20.111111111111114,73.5,99.945,0.12,0.13175306,0.121643364,279.77975,0.1624549,0.2,1.9305999999999996,0.01008175331973561,1.8866183751241452,9.15,23.5,37.7,65.75,47.5,47.5,False,73.5,62.3,3.15,1.0,82.3,100.0,False,50.0,5.0,5.0,0.2300815072968708,43.55021819422758,2026-10-02T07:30,interpolated_hourly,0,E,"sun low 8° (E) — face E, lift torso ~82° toward the sun if comfortable",,,,not specified,Environmental scores are skin-type independent.,not personalized
2026-10-02 08:00:00,1.0,177.5,320.6,34.03202,-118.52633,86.0,42.10615158081055,1.0,0.0,0.49014084507042255,0.4887710542732376,0.6551724137931034,0.3448275862068966,0.6553924696873007,0.3446075303126995,1.0,0.0,0.0,81.0,0.0,60.8,1.0,21.5,18.0,186.0,440.0,15.6,5.2,89.0,1367.0,0.12,1.0,0.75,0.85,89.0,89.0,30.0,40.0,76.36196969552911,13.638030304470892,104.12607090203323,142.84800213692878,356.98401178446795,58.67574002320461,87.0,406.7,30.0,0.49014084507042255,0.0,20.27777777777778,73.0,99.97,0.12,0.13175306,0.121643364,279.77975,0.1624549,0.2,5.305,0.0241,4.9,18.3,47.0,43.3,55.7,47.6,47.6,False,73.0,62.5,3.0,1.0,76.4,100.0,False,50.0,10.5,10.5,0.55,156.7,2026-10-02T08:00,interpolated_hourly,0,ESE,"sun low 14° (ESE) — face ESE, lift torso ~76° toward the sun if comfortable",,,,not specified,Environmental scores are skin-type independent.,not personalized
2026-10-02 08:30:00,1.0,316.3,452.3,34.03202,-118.52633,86.0,42.10615158081055,1.0,0.0,0.5724709938382215,0.571611554533879,0.7336264753529276,0.2663735246470724,0.733766355199485,0.2662336448005151,1.0,0.0,0.0,81.0,0.0,68.15,1.0,21.5,18.0,186.0,440.0,15.6,5.2,89.0,1367.0,0.12,1.0,0.75,0.85,89.0,89.0,30.0,40.0,70.50996540963258,19.49003459036742,109.06752572629063,246.1942322050869,475.71315477903545,76.89118137091398,192.5,565.8,43.0,0.5724709938382215,0.0,20.75,70.5,99.985,0.12,0.13175306,0.121643364,279.77975,0.1624549,0.2,10.71785961792409,0.11476157477302214,10.397927093196163,27.950000000000003,50.1,50.15,58.6,53.1,53.1,False,70.5,62.7,3.0,1.0,70.5,100.0,False,50.0,18.0,18.0,1.2548971512487412,261.02018022863757,2026-10-02T08:30,interpolated_hourly,0,ESE,"sun low 19° (ESE) — face ESE, lift torso ~70° toward the sun if comfortable",,,,not specified,Environmental scores are skin-type independent.,not personalized
2026-10-02 09:00:00,1.0,455.1,584.0,34.03202,-118.52633,86.0,42.10615158081055,1.0,0.0,0.6548011426060206,0.6544520547945205,0.8120805369127517,0.18791946308724833,0.8121402407116692,0.1878597592883307,1.0,0.0,0.0,81.0,0.0,75.5,1.0,21.5,18.0,186.0,440.0,15.6,5.2,89.0,1367.0,0.12,1.0,0.75,0.85,89.0,89.0,30.0,40.0,64.65796112373606,25.342038876263945,114.00898055054802,349.540462273245,594.442297773603,95.10662271862336,298.0,724.9,56.0,0.6548011426060206,0.0,21.222222222222225,68.0,100.0,0.12,0.13175306,0.121643364,279.77975,0.1624549,0.2,16.823,0.2091,16.4,37.6,53.2,57.0,61.5,58.6,58.6,False,68.0,62.9,3.0,1.0,64.7,100.0,False,50.0,25.3,25.3,2.0,382.2,2026-10-02T09:00,interpolated_hourly,0,ESE,"sun low 25° (ESE) — face ESE, lift torso ~65° toward the sun if comfortable",,,,not specified,Environmental scores are skin-type independent.,not personalized
2026-10-02 09:30:00,1.0,576.7,694.0500000000001,34.03202,-118.52633,86.0,42.10615158081055,1.0,0.0,0.6811167391391839,0.6809133797166235,0.8311414830312747,0.1688585169687254,0.8311756055879022,0.16882439441209784,1.0,0.0,-5.684341886080802e-14,81.0,0.0,79.85,1.0,21.5,18.0,186.0,440.0,15.6,5.2,89.0,1367.0,0.12,1.0,0.75,0.85,89.0,89.0,30.0,40.0,59.28756143064558,30.712438569354426,120.08664791370245,441.1240685615567,651.1061436552925,105.48505422005626,396.0,772.8,65.0,0.6811167391391839,0.0,21.861111111111114,64.5,100.005,0.12,0.13175306,0.121643364,279.77975,0.1624549,0.2,22.92447473833512,0.4008666492003326,22.392590284801543,46.35,50.05,58.65,62.05,59.85,59.85,False,64.5,63.099999999999994,3.2,1.0,59.3,100.0,False,50.0,31.4,31.4,2.729198298740553,476.9662964066838,2026-10-02T09:30,interpolated_hourly,0,ESE,"sun 31° up (ESE) — lay flat, or lift torso ~59° toward ESE to face it",,,,not specified,Environmental scores are skin-type independent.,not personalized
2026-10-02 10:00:00,1.0,698.3,804.1,34.03202,-118.52633,86.0,42.10615158081055,1.0,0.0,0.7074323356723472,0.7073747046387264,0.8502024291497976,0.14979757085020243,0.8502109704641351,0.149789029535865,1.0,0.0,-1.1368683772161603e-13,81.0,0.0,84.2,1.0,21.5,18.0,186.0,440.0,15.6,5.2,89.0,1367.0,0.12,1.0,0.75,0.85,89.0,89.0,30.0,40.0,53.9171617375551,36.0828382624449,126.16431527685688,532.7076748498685,707.769989536982,115.86348572148916,494.0,820.7,74.0,0.7074323356723472,0.0,22.5,61.0,100.01,0.12,0.13175306,0.121643364,279.77975,0.1624549,0.2,28.885,0.5914,28.3,55.1,46.9,60.3,62.6,61.1,61.1,False,61.0,63.3,3.4,1.0,53.9,100.0,False,50.0,36.9,36.9,3.45,568.8,2026-10-02T10:00,interpolated_hourly,0,SE,"sun 36° up (SE) — lay flat, or lift torso ~54° toward SE to face it",,,,not specified,Environmental scores are skin-type independent.,not personalized
2026-10-02 10:30:00,1.0,794.3499999999999,885.05,34.03202,-118.52633,86.0,42.10615158081055,1.0,0.0,0.7209668416906211,0.7208716173297152,0.8616455570825441,0.13835444291745597,0.8616715974395668,0.13832840256043322,1.0,0.0,-5.684341886080802e-14,80.0,0.0,87.95,1.0,21.5,18.0,186.0,440.0,15.6,5.2,89.0,1367.0,0.12,1.0,0.75,0.85,89.0,89.0,30.0,40.0,49.44870554655253,40.55129445344747,134.09924087721703,601.21196267626,736.4977214896096,122.14856891452649,574.0,848.1,78.5,0.7209668416906211,0.0,23.055555555555557,58.5,100.01500000000001,0.12,0.13175306,0.121643364,279.77975,0.1624549,0.2,34.541244239424316,0.7724926433318374,33.834508978645594,63.349999999999994,44.349999999999994,65.35,62.35,64.3,64.3,False,58.5,63.55,3.8499999999999996,1.0,49.4,100.0,False,50.0,42.1,42.1,4.140235371589462,643.8296520135931,2026-10-02T10:30,interpolated_hourly,0,SE,"sun 41° up (SE) — lay flat, or lift torso ~49° toward SE to face it",,,,not specified,Environmental scores are skin-type independent.,not personalized
2026-10-02 11:00:00,1.0,890.4,966.0,34.03202,-118.52633,86.0,42.10615158081055,1.0,0.0,0.7345013477088949,0.7343685300207039,0.8730886850152905,0.12691131498470948,0.8731322244149986,0.12686777558500142,1.0,0.0,0.0,79.0,0.0,91.7,1.0,21.5,18.0,186.0,440.0,15.6,5.2,89.0,1367.0,0.12,1.0,0.75,0.85,89.0,89.0,30.0,40.0,44.98024935554997,45.01975064445003,142.03416647757717,669.7162505026515,765.2254534422373,128.43365210756383,654.0,875.5,83.0,0.7345013477088949,0.0,23.61111111111111,56.0,100.02000000000001,0.12,0.13175306,0.121643364,279.77975,0.1624549,0.2,39.69,0.9479,39.0,71.6,41.8,70.4,62.1,67.5,67.5,False,56.0,63.8,4.3,1.0,45.0,100.0,False,50.0,46.7,46.7,4.8,709.4,2026-10-02T11:00,interpolated_hourly,0,SE,"sun 45° up (SE) — lay flat, or lift torso ~45° toward SE to face it",,,,not specified,Environmental scores are skin-type independent.,not personalized
2026-10-02 11:30:00,1.0,954.3499999999999,1012.25,34.03202,-118.52633,86.0,42.10615158081055,1.0,0.0,0.7472958471825433,0.7472031596726099,0.8848647559443377,0.11513524405566222,0.8848569760981146,0.11514302390188542,1.0,0.0,0.0,77.5,0.0,95.15,1.0,21.5,18.0,186.0,440.0,15.6,5.2,89.0,1367.0,0.12,1.0,0.75,0.85,89.0,89.0,30.0,40.0,42.084539884057406,47.915460115942594,152.3808200456881,709.1464414180632,778.4487665574668,131.705418943172,714.0,903.1,81.5,0.7472958471825433,0.0,24.0,54.5,100.0,0.12,0.13175306,0.121643364,279.77975,0.1624549,0.2,43.31097413158542,1.074267600145554,43.286951462782355,78.94999999999999,49.0,78.75,60.85,72.5,72.5,False,54.5,64.05,5.0,0.5,42.1,100.0,False,50.0,51.8,51.8,5.447400785894874,763.2140673232435,2026-10-02T11:30,interpolated_hourly,0,SSE,"sun 48° up (SSE) — lay flat, or lift torso ~42° toward SSE to face it",,,,not specified,Environmental scores are skin-type independent.,not personalized
2026-10-02 12:00:00,1.0,1018.3,1058.5,34.03202,-118.52633,86.0,42.10615158081055,1.0,0.0,0.7600903466561917,0.7600377893245158,0.896640826873385,0.10335917312661498,0.8965817277812306,0.10341827221876942,1.0,0.0,0.0,76.0,0.0,98.6,1.0,21.5,18.0,186.0,440.0,15.6,5.2,89.0,1367.0,0.12,1.0,0.75,0.85,89.0,89.0,30.0,40.0,39.18883041256483,50.81116958743517,162.72747361379902,748.5766323334749,791.6720796726962,134.97718577878015,774.0,930.7,80.0,0.7600903466561917,0.0,24.388888888888893,53.0,99.97999999999999,0.12,0.13175306,0.121643364,279.77975,0.1624549,0.2,46.221,1.1918,47.0,86.3,56.2,87.1,59.6,77.5,77.5,False,53.0,64.3,5.7,0.0,39.2,100.0,False,50.0,56.5,56.5,6.05,804.5,2026-10-02T12:00,interpolated_hourly,0,SSE,"sun 51° up (SSE) — lay flat, or lift torso ~39° toward SSE to face it",,,,not specified,Environmental scores are skin-type independent.,not personalized
2026-10-02 12:30:00,1.0,1045.8,1066.95,34.03202,-118.52633,86.0,42.10615158081055,1.0,0.0,0.7629763202581248,0.7628996832060555,0.898442067937909,0.10155793206209095,0.898442655026013,0.1016180614281461,1.0,0.0,-0.05000000000001137,73.5,0.0,98.65,1.0,21.5,18.0,186.0,440.0,15.6,5.2,89.0,1367.0,0.12,1.0,0.75,0.85,89.0,89.0,30.0,40.0,38.61999453600186,51.38000546399814,174.7369738163164,755.8077545940253,793.8903179310438,135.55592153467762,798.0,936.25,81.0,0.7629763202581248,0.0,24.72222222222222,52.5,99.95499999999998,0.12,0.13175306,0.121643364,279.77975,0.1624549,0.2,47.895419045504326,1.2408556158105426,48.637069782777864,88.3,60.2,88.05,60.400000000000006,78.4,78.4,False,52.5,64.65,6.800000000000001,0.0,38.6,100.0,False,50.0,58.4,58.4,6.252996202072878,821.3382019916894,2026-10-02T12:30,interpolated_hourly,0,S,"sun 51° up (S) — lay flat, or lift torso ~39° toward S to face it",,,,not specified,Environmental scores are skin-type independent.,not personalized
2026-10-02 13:00:00,1.0,1073.3,1075.4,34.03202,-118.52633,86.0,42.10615158081055,1.0,0.0,0.7658622938600578,0.7657615770875953,0.9002433090024331,0.09975669099756691,0.9003035822707953,0.09981785063752277,1.0,0.0,-0.10000000000002274,71.0,0.0,98.7,1.0,21.5,18.0,186.0,440.0,15.6,5.2,89.0,1367.0,0.12,1.0,0.75,0.85,89.0,89.0,30.0,40.0,38.05115865943889,51.94884134056111,186.7464740188338,763.0388768545755,796.1085561893914,136.1346572905751,822.0,941.8,82.0,0.7658622938600578,0.0,25.055555555555554,52.0,99.92999999999999,0.12,0.13175306,0.121643364,279.77975,0.1624549,0.2,48.714,1.2788,49.6,90.3,64.2,89.0,61.2,79.3,79.3,False,52.0,65.0,7.9,0.0,38.1,100.0,False,50.0,59.7,59.7,6.4,823.5,2026-10-02T13:00,interpolated_hourly,0,S,"sun 52° up (S) — lay flat, or lift torso ~38° toward S to face it",,,,not specified,Environmental scores are skin-type independent.,not personalized
2026-10-02 13:30:00,1.0,1062.5,1045.45,34.03202,-118.52633,86.0,42.10615158081055,1.0,0.0,0.7637431655665221,0.7636784251759985,0.8983114172977209,0.1016885827022791,0.8983028125990646,0.10169325425592197,1.0,0.0,-5.684341886080802e-14,68.5,0.0,98.65,1.0,21.5,18.0,186.0,440.0,15.6,5.2,89.0,1367.0,0.12,1.0,0.75,0.85,89.0,89.0,30.0,40.0,40.002948537634275,49.997051462365725,198.0385534023364,737.509336283314,788.0024328152272,134.0632413038757,811.5,937.3,82.5,0.7637431655665221,0.0,25.11111111111111,52.0,99.905,0.12,0.13175306,0.121643364,279.77975,0.1624549,0.2,48.199255463404526,1.2441459984120278,48.89644494304172,88.69999999999999,67.85,88.45,62.3,79.3,79.3,False,52.0,65.1,8.5,0.0,40.0,100.0,False,50.0,59.4,59.4,6.277985217241381,805.6163432401869,2026-10-02T13:30,interpolated_hourly,0,SSW,"sun 50° up (SSW) — lay flat, or lift torso ~40° toward SSW to face it",,,,not specified,Environmental scores are skin-type independent.,not personalized
2026-10-02 14:00:00,1.0,1051.7,1015.5,34.03202,-118.52633,86.0,42.10615158081055,1.0,0.0,0.7616240372729866,0.7615952732644018,0.8963795255930087,0.10362047440699126,0.896302042927334,0.10356865787432118,1.0,0.0,0.09999999999990905,66.0,0.0,98.6,1.0,21.5,18.0,186.0,440.0,15.6,5.2,89.0,1367.0,0.12,1.0,0.75,0.85,89.0,89.0,30.0,40.0,41.95473841582966,48.04526158417034,209.33063278583901,711.9797957120527,779.8963094410631,131.99182531717634,801.0,932.8,83.0,0.7616240372729866,0.0,25.166666666666668,52.0,99.88,0.12,0.13175306,0.121643364,279.77975,0.1624549,0.2,46.827,1.1984,47.5,87.1,71.5,87.9,63.4,79.3,79.3,False,52.0,65.2,9.1,0.0,42.0,100.0,False,50.0,58.5,58.5,6.1,773.4,2026-10-02T14:00,interpolated_hourly,0,SSW,"sun 48° up (SSW) — lay flat, or lift torso ~42° toward SSW to face it",,,,not specified,Environmental scores are skin-type independent.,not personalized
2026-10-02 14:30:00,1.0,1003.3,949.2,34.03202,-118.52633,86.0,42.10615158081055,1.0,0.0,0.756244001043028,0.756208215406694,0.8951911574966438,0.10480884250335616,0.8951264325362269,0.10480891786460063,1.0,0.0,0.049999999999954525,62.5,0.0,95.94999999999999,1.0,21.5,18.0,186.0,440.0,15.6,5.2,89.0,1367.0,0.12,1.0,0.75,0.85,89.0,89.0,30.0,40.0,45.83100694877264,44.16899305122736,218.29687049960012,655.6694766285989,758.8690434613223,127.09696101784425,759.0,925.15,79.5,0.756244001043028,0.0,24.833333333333332,53.5,99.865,0.12,0.13175306,0.121643364,279.77975,0.1624549,0.2,44.0786816314036,1.0480759214346946,44.15450233001589,80.55,72.15,75.5,63.95,71.45,71.45,False,53.5,65.1,9.0,0.0,45.8,100.0,False,50.0,54.6,54.6,5.573803530052276,724.3233922978397,2026-10-02T14:30,interpolated_hourly,0,SW,"sun 44° up (SW) — lay flat, or lift torso ~46° toward SW to face it",,,,not specified,Environmental scores are skin-type independent.,not personalized
2026-10-02 15:00:00,1.0,954.9,882.9,34.03202,-118.52633,86.0,42.10615158081055,1.0,0.0,0.7508639648130695,0.7508211575489863,0.8940027894002789,0.10599721059972106,0.89395082214512,0.10604917785488008,1.0,0.0,0.0,59.0,0.0,93.3,1.0,21.5,18.0,186.0,440.0,15.6,5.2,89.0,1367.0,0.12,1.0,0.75,0.85,89.0,89.0,30.0,40.0,49.70727548171562,40.29272451828438,227.26310821336122,599.3591575451451,737.8417774815816,122.20209671851217,717.0,917.5,76.0,0.7508639648130695,0.0,24.499999999999996,55.0,99.85,0.12,0.13175306,0.121643364,279.77975,0.1624549,0.2,40.579,0.8888,40.2,74.0,72.8,63.1,64.5,63.6,63.6,False,55.0,65.0,8.9,0.0,49.7,100.0,False,50.0,50.1,50.1,5.0,662.9,2026-10-02T15:00,interpolated_hourly,0,SW,"sun 40° up (SW) — lay flat, or lift torso ~50° toward SW to face it",,,,not specified,Environmental scores are skin-type independent.,not personalized
2026-10-02 15:30:00,1.0,872.15,784.75,34.03202,-118.52633,86.0,42.10615158081055,1.0,0.0,0.7396326411346827,0.7395235994561127,0.8826535686131829,0.11734643138681705,0.8825754110725601,0.11732458892744003,1.0,0.0,0.04999999999998295,55.0,0.0,88.65,1.0,21.5,18.0,186.0,440.0,15.6,5.2,89.0,1367.0,0.12,1.0,0.75,0.85,89.0,89.0,30.0,40.0,54.74899568357914,35.25100431642086,234.05755820141007,516.9089954466833,695.828677481725,113.84354672409864,646.0,892.6,75.0,0.7396326411346827,0.0,23.916666666666664,58.0,99.84,0.12,0.13175306,0.121643364,279.77975,0.1624549,0.2,35.896118614328266,0.708160582370121,35.37467336606048,65.7,81.85,57.3,64.7,59.900000000000006,59.900000000000006,False,58.0,64.85,8.55,0.0,54.7,100.0,False,50.0,45.7,45.7,4.365785903217157,585.6777553750645,2026-10-02T15:30,interpolated_hourly,0,SW,"sun 35° up (SW) — lay flat, or lift torso ~55° toward SW to face it",,,,not specified,Environmental scores are skin-type independent.,not personalized
2026-10-02 16:00:00,1.0,789.4,686.6,34.03202,-118.52633,86.0,42.10615158081055,1.0,0.0,0.728401317456296,0.7282260413632391,0.871304347826087,0.12869565217391304,0.8712000000000001,0.1286,1.0,0.0,0.0999999999999659,51.0,0.0,84.0,1.0,21.5,18.0,186.0,440.0,15.6,5.2,89.0,1367.0,0.12,1.0,0.75,0.85,89.0,89.0,30.0,40.0,59.79071588544266,30.20928411455734,240.8520081894589,434.4588333482217,653.8155774818684,105.48499672968512,575.0,867.7,74.0,0.728401317456296,0.0,23.333333333333336,61.0,99.83,0.12,0.13175306,0.121643364,279.77975,0.1624549,0.2,30.695,0.5224,30.1,57.4,90.9,51.5,64.9,56.2,56.2,False,61.0,64.7,8.2,0.0,59.8,100.0,False,50.0,40.7,40.7,3.7,500.0,2026-10-02T16:00,interpolated_hourly,0,WSW,"sun 30° up (WSW) — lay flat, or lift torso ~60° toward WSW to face it",,,,not specified,Environmental scores are skin-type independent.,not personalized
2026-10-02 16:30:00,1.0,678.0,563.25,34.03202,-118.52633,86.0,42.10615158081055,1.0,0.0,0.7083587949794716,0.7080548256372914,0.8548829431438127,0.1451170568561873,0.8548002643754131,0.1450997356245869,1.0,0.0,0.05000000000001137,48.5,0.0,78.15,1.0,21.5,18.0,186.0,440.0,15.6,5.2,89.0,1367.0,0.12,1.0,0.75,0.85,89.0,89.0,30.0,40.0,65.47379748385596,24.526202516144046,246.20691087509854,334.2147864286993,569.0218993105062,91.53032383837098,482.5,828.6,68.5,0.7083587949794716,0.0,22.916666666666668,63.0,99.82,0.12,0.13175306,0.121643364,279.77975,0.1624549,0.2,24.780020392609995,0.341935264271635,24.304876999022547,48.7,95.2,42.8,65.15,50.650000000000006,50.650000000000006,False,63.0,64.5,7.8,0.0,65.5,100.0,False,50.0,34.5,34.5,2.979664356204201,402.5593435301848,2026-10-02T16:30,interpolated_hourly,0,WSW,"sun low 25° (WSW) — face WSW, lift torso ~66° toward the sun if comfortable",,,,not specified,Environmental scores are skin-type independent.,not personalized
2026-10-02 17:00:00,1.0,566.6,439.9,34.03202,-118.52633,86.0,42.10615158081055,1.0,0.0,0.6883162725026474,0.6878836099113436,0.8384615384615385,0.16153846153846155,0.838400528750826,0.16159947124917382,1.0,0.0,5.684341886080802e-14,46.0,0.0,72.3,1.0,21.5,18.0,186.0,440.0,15.6,5.2,89.0,1367.0,0.12,1.0,0.75,0.85,89.0,89.0,30.0,40.0,71.15687908226926,18.843120917730747,251.5618135607382,233.97073950917692,484.22822113914407,77.57565094705683,390.0,789.5,63.0,0.6883162725026474,0.0,22.5,65.0,99.81,0.12,0.13175306,0.121643364,279.77975,0.1624549,0.2,18.71,0.1604,18.4,40.0,99.5,34.1,65.4,45.1,45.1,False,65.0,64.3,7.4,0.0,71.2,100.0,False,50.0,28.0,28.0,2.25,302.6,2026-10-02T17:00,interpolated_hourly,0,WSW,"sun low 19° (WSW) — face WSW, lift torso ~71° toward the sun if comfortable",,,,not specified,Environmental scores are skin-type independent.,not personalized
2026-10-02 17:30:00,1.0,434.15,299.79999999999995,34.03202,-118.52633,86.0,42.10615158081055,1.0,0.0,0.6374958889858282,0.6363650986313136,0.7864624076488483,0.21353759235115166,0.78643795174158,0.2135620482584199,1.0,0.0,3.552713678800501e-14,46.0,0.0,63.75,1.0,21.5,18.0,186.0,440.0,15.6,5.2,89.0,1367.0,0.12,1.0,0.75,0.85,89.0,89.0,30.0,40.0,77.15336814676236,12.846631853237641,256.109899517315,136.84440508967052,306.32004931530867,50.988830799297624,283.5,690.05,55.0,0.6374958889858282,0.0,22.388888888888886,66.0,99.82,0.12,0.13175306,0.121643364,279.77975,0.1624549,0.2,12.62294471349914,0.09558739961148896,12.501658927590814,30.8,99.75,34.1,69.1,46.35,46.35,False,66.0,64.35,6.800000000000001,0.5,77.2,100.0,False,50.0,21.4,21.4,1.55366516396383,192.67214410058813,2026-10-02T17:30,interpolated_hourly,0,WSW,"sun low 13° (WSW) — face WSW, lift torso ~77° toward the sun if comfortable",,,,not specified,Environmental scores are skin-type independent.,not personalized
2026-10-02 18:00:00,1.0,301.7,159.7,34.03202,-118.52633,86.0,42.10615158081055,1.0,0.0,0.5866755054690089,0.5848465873512837,0.7344632768361582,0.2655367231638418,0.7344753747323339,0.26552462526766596,1.0,0.0,1.4210854715202004e-14,46.0,0.0,55.2,1.0,21.5,18.0,186.0,440.0,15.6,5.2,89.0,1367.0,0.12,1.0,0.75,0.85,89.0,89.0,30.0,40.0,83.14985721125547,6.850142788744534,260.6579854738918,39.7180706701641,128.41187749147332,24.40201065153842,177.0,590.6,47.0,0.5866755054690089,0.0,22.277777777777775,67.0,99.83,0.12,0.13175306,0.121643364,279.77975,0.1624549,0.2,7.234,0.0334,7.2,21.6,100.0,34.1,72.8,47.6,47.6,False,67.0,64.4,6.2,1.0,83.1,100.0,False,50.0,14.7,14.7,0.9,93.4,2026-10-02T18:00,interpolated_hourly,0,W,"sun low 7° (W) — face W, lift torso ~83° toward the sun if comfortable",,,,not specified,Environmental scores are skin-type independent.,not personalized
2026-10-02 18:30:00,1.0,172.54999999999998,79.85,34.03202,-118.52633,86.0,42.10615158081055,1.0,0.0,0.46614881264233854,0.5623524878377728,0.7338983050847457,0.26610169491525426,0.7332397452994379,0.2667602547005619,0.7699208333333334,0.0,7.105427357601002e-15,47.5,0.0,44.8,1.0,21.5,18.0,186.0,440.0,15.6,5.2,89.0,1367.0,0.12,1.0,0.75,0.85,89.0,89.0,30.0,40.0,89.40322863003051,0.596771369969491,264.87225873342237,19.85903533508205,64.20593874573666,12.20100532576921,96.0,364.35,25.5,0.46614881264233854,0.0,22.333333333333332,67.0,99.85,0.12,0.13175306,0.121643364,279.77975,0.1624549,0.2,2.5319000000000003,0.013972222443119062,2.7931925597707354,10.8,50.0,34.050000000000004,73.09230769230768,47.67307692307693,47.67307692307693,False,67.0,64.5,5.550000000000001,1.0,89.4,100.0,False,50.0,7.0,7.0,0.39741351260368596,7.418279594579599,2026-10-02T18:30,interpolated_hourly,0,W,"sun low 1° (W) — face W, lift torso ~89° toward the sun if comfortable",,,,not specified,Environmental scores are skin-type independent.,not personalized
2026-10-02 19:00:00,0.0,43.4,0.0,34.03202,-118.52633,86.0,42.10615158081055,1.0,0.0,0.3456221198156682,0.5398583883242619,0.7333333333333333,0.26666666666666666,0.732004115866542,0.2679958841334579,0.5398416666666667,0.0,0.0,49.0,0.0,34.4,1.0,21.5,18.0,186.0,440.0,15.6,5.2,89.0,1367.0,0.12,1.0,0.75,0.85,89.0,89.0,30.0,40.0,95.65660004880556,-5.656600048805551,269.0865319929529,0.0,0.0,0.0,15.0,138.1,4.0,0.3456221198156682,0.0,22.38888888888889,67.0,99.87,0.12,0.13175306,0.121643364,279.77975,0.1624549,0.2,0.0,0.0,0.0,0.0,0.0,34.0,73.38461538461539,47.746153846153845,47.746153846153845,False,67.0,64.6,4.9,1.0,,100.0,False,50.0,0.0,0.0,0.0,0.0,2026-10-02T19:00,interpolated_hourly,0,W,sun below horizon — no direct-sun posture,,,,not specified,Environmental scores are skin-type independent.,not personalized
2026-10-02 19:30:00,0.0,21.7,0.0,34.03202,-118.52633,86.0,42.10615158081055,1.0,0.0,0.33122119815668205,0.5173642888107509,0.732051282051282,0.26794871794871794,0.730768486433646,0.2692315135663539,0.26992083333333333,0.0,0.0,50.0,0.0,17.2,0.8,21.5,18.0,186.0,440.0,15.6,5.2,89.0,1367.0,0.12,1.0,0.75,0.85,89.0,89.0,30.0,40.0,101.86102697292691,-11.86102697292691,273.3724454087319,0.0,0.0,0.0,7.5,69.05,2.0,0.33122119815668205,0.0,22.444444444444443,67.0,99.89,0.12,0.13175306,0.121643364,279.77975,0.1624549,0.2,0.0,0.0,0.0,0.0,0.0,33.95,73.67692307692307,47.81923076923077,47.81923076923077,False,67.0,64.69999999999999,4.2,1.0,,100.0,False,50.0,0.0,0.0,0.0,0.0,2026-10-02T19:30,interpolated_hourly,0,W,sun below horizon — no direct-sun posture,,,,not specified,Environmental scores are skin-type independent.,not personalized
2026-10-02 20:00:00,0.0,0.0,0.0,34.03202,-118.52633,86.0,42.10615158081055,1.0,0.0,0.31682027649769584,0.49487018929724,0.7307692307692307,0.2692307692307692,0.7295328570007501,0.27046714299924984,0.0,0.0,0.0,51.0,0.0,0.0,0.6,21.5,18.0,186.0,440.0,15.6,5.2,89.0,1367.0,0.12,1.0,0.75,0.85,89.0,89.0,30.0,40.0,108.06545389704827,-18.06545389704827,277.65835882451086,0.0,0.0,0.0,0.0,0.0,0.0,0.31682027649769584,0.0,22.5,67.0,99.91,0.12,0.13175306,0.121643364,279.77975,0.1624549,0.2,0.0,0.0,0.0,0.0,0.0,33.9,73.96923076923076,47.892307692307696,47.892307692307696,False,67.0,64.8,3.5,1.0,,100.0,False,50.0,0.0,0.0,0.0,0.0,2026-10-02T20:00,interpolated_hourly,0,W,sun below horizon — no direct-sun posture,,,,not specified,Environmental scores are skin-type independent.,not personalized
2026-10-02 20:30:00,0.0,0.0,0.0,34.03202,-118.52633,86.0,42.10615158081055,1.0,0.0,0.3024193548387097,0.47237608978372914,0.7294871794871794,0.2705128205128205,0.7282972275678541,0.2717027724321458,0.0,0.0,0.0,50.5,0.0,0.0,0.6,21.5,18.0,186.0,440.0,15.6,5.2,89.0,1367.0,0.12,1.0,0.75,0.85,89.0,89.0,30.0,40.0,114.13562182657188,-24.135621826571885,282.4701224501716,0.0,0.0,0.0,0.0,0.0,0.0,0.3024193548387097,0.0,22.472222222222225,67.5,99.925,0.12,0.13175306,0.121643364,279.77975,0.1624549,0.2,0.0,0.0,0.0,0.0,0.0,33.85,74.26153846153846,47.965384615384615,47.965384615384615,False,67.5,64.85,3.05,1.0,,100.0,False,50.0,0.0,0.0,0.0,0.0,2026-10-02T20:30,interpolated_hourly,0,WNW,sun below horizon — no direct-sun posture,,,,not specified,Environmental scores are skin-type independent.,not personalized
2026-10-02 21:00:00,0.0,0.0,0.0,34.03202,-118.52633,86.0,42.10615158081055,1.0,0.0,0.28801843317972353,0.44988199027021825,0.7282051282051282,0.2717948717948718,0.7270615981349582,0.27293840186504176,0.0,0.0,0.0,50.0,0.0,0.0,0.6,21.5,18.0,186.0,440.0,15.6,5.2,89.0,1367.0,0.12,1.0,0.75,0.85,89.0,89.0,30.0,40.0,120.2057897560955,-30.2057897560955,287.2818860758323,0.0,0.0,0.0,0.0,0.0,0.0,0.28801843317972353,0.0,22.44444444444445,68.0,99.94,0.12,0.13175306,0.121643364,279.77975,0.1624549,0.2,0.0,0.0,0.0,0.0,0.0,33.8,74.55384615384615,48.03846153846154,48.03846153846154,False,68.0,64.9,2.6,1.0,,100.0,False,50.0,0.0,0.0,0.0,0.0,2026-10-02T21:00,interpolated_hourly,0,WNW,sun below horizon — no direct-sun posture,,,,not specified,Environmental scores are skin-type independent.,not personalized
2026-10-02 21:30:00,0.0,0.0,0.0,34.03202,-118.52633,86.0,42.10615158081055,1.0,0.0,0.2736175115207373,0.42738789075670736,0.7269230769230769,0.27307692307692305,0.7258259687020622,0.2741740312979377,0.0,0.0,0.0,49.5,0.0,0.0,0.6,21.5,18.0,186.0,440.0,15.6,5.2,89.0,1367.0,0.12,1.0,0.75,0.85,89.0,89.0,30.0,40.0,125.92228783016718,-35.92228783016718,293.27510685976847,0.0,0.0,0.0,0.0,0.0,0.0,0.2736175115207373,0.0,22.41666666666667,68.0,99.95,0.12,0.13175306,0.121643364,279.77975,0.1624549,0.2,0.0,0.0,0.0,0.0,0.0,33.75,74.84615384615384,48.111538461538466,48.111538461538466,False,68.0,64.85,2.35,1.0,,100.0,False,50.0,0.0,0.0,0.0,0.0,2026-10-02T21:30,interpolated_hourly,0,WNW,sun below horizon — no direct-sun posture,,,,not specified,Environmental scores are skin-type independent.,not personalized
2026-10-02 22:00:00,0.0,0.0,0.0,34.03202,-118.52633,86.0,42.10615158081055,1.0,0.0,0.25921658986175117,0.4048937912431964,0.7256410256410256,0.27435897435897433,0.7245903392691663,0.2754096607308337,0.0,0.0,0.0,49.0,0.0,0.0,0.6,21.5,18.0,186.0,440.0,15.6,5.2,89.0,1367.0,0.12,1.0,0.75,0.85,89.0,89.0,30.0,40.0,131.63878590423886,-41.638785904238865,299.2683276437047,0.0,0.0,0.0,0.0,0.0,0.0,0.25921658986175117,0.0,22.38888888888889,68.0,99.96000000000001,0.12,0.13175306,0.121643364,279.77975,0.1624549,0.2,0.0,0.0,0.0,0.0,0.0,33.7,75.13846153846154,48.184615384615384,48.184615384615384,False,68.0,64.8,2.1,1.0,,100.0,False,50.0,0.0,0.0,0.0,0.0,2026-10-02T22:00,interpolated_hourly,0,WNW,sun below horizon — no direct-sun posture,,,,not specified,Environmental scores are skin-type independent.,not personalized
2026-10-02 22:30:00,0.0,0.0,0.0,34.03202,-118.52633,86.0,42.10615158081055,1.0,0.0,0.24481566820276496,0.38239969172968546,0.7243589743589743,0.27564102564102566,0.7233547098362703,0.2766452901637297,0.0,0.0,0.0,47.5,0.0,0.0,0.6,21.5,18.0,186.0,440.0,15.6,5.2,89.0,1367.0,0.12,1.0,0.75,0.85,89.0,89.0,30.0,40.0,136.59171987195742,-46.59171987195741,307.4912094363136,0.0,0.0,0.0,0.0,0.0,0.0,0.24481566820276496,0.0,22.36111111111111,68.0,99.965,0.12,0.13175306,0.121643364,279.77975,0.1624549,0.2,0.0,0.0,0.0,0.0,0.0,33.65,75.43076923076923,48.25769230769231,48.25769230769231,False,68.0,64.75,2.1,1.0,,100.0,False,50.0,0.0,0.0,0.0,0.0,2026-10-02T22:30,interpolated_hourly,0,NW,sun below horizon — no direct-sun posture,,,,not specified,Environmental scores are skin-type independent.,not personalized
2026-10-02 23:00:00,0.0,0.0,0.0,34.03202,-118.52633,86.0,42.10615158081055,1.0,0.0,0.2304147465437788,0.3599055922161746,0.7230769230769231,0.27692307692307694,0.7221190804033744,0.27788091959662564,0.0,0.0,0.0,46.0,0.0,0.0,0.6,21.5,18.0,186.0,440.0,15.6,5.2,89.0,1367.0,0.12,1.0,0.75,0.85,89.0,89.0,30.0,40.0,141.54465383967596,-51.54465383967596,315.7140912289226,0.0,0.0,0.0,0.0,0.0,0.0,0.2304147465437788,0.0,22.333333333333336,68.0,99.97,0.12,0.13175306,0.121643364,279.77975,0.1624549,0.2,0.0,0.0,0.0,0.0,0.0,33.6,75.72307692307692,48.330769230769235,48.330769230769235,False,68.0,64.7,2.1,1.0,,100.0,False,50.0,0.0,0.0,0.0,0.0,2026-10-02T23:00,interpolated_hourly,0,NW,sun below horizon — no direct-sun posture,,,,not specified,Environmental scores are skin-type independent.,not personalized
2026-10-02 23:30:00,0.0,0.0,0.0,34.03202,-118.52633,86.0,42.10615158081055,1.0,0.0,0.21601382488479262,0.3374114927026637,0.7217948717948718,0.2782051282051282,0.7208834509704783,0.2791165490295216,0.0,0.0,0.0,44.0,0.0,0.0,0.6,21.5,18.0,186.0,440.0,15.6,5.2,89.0,1367.0,0.12,1.0,0.75,0.85,89.0,89.0,30.0,40.0,144.93336733027274,-54.93336733027273,327.4302672614548,0.0,0.0,0.0,0.0,0.0,0.0,0.21601382488479262,0.0,22.305555555555557,68.0,99.965,0.12,0.13175306,0.121643364,279.77975,0.1624549,0.2,0.0,0.0,0.0,0.0,0.0,33.55,76.01538461538462,48.40384615384615,48.40384615384615,False,68.0,64.7,1.85,1.0,,100.0,False,50.0,0.0,0.0,0.0,0.0,2026-10-02T23:30,interpolated_hourly,0,NNW,sun below horizon — no direct-sun posture,,,,not specified,Environmental scores are skin-type independent.,not personalized
2026-10-03 00:00:00,0.0,0.0,0.0,34.03202,-118.52633,86.0,42.10615158081055,1.0,0.0,0.20161290322580644,0.31491739318915274,0.7205128205128205,0.2794871794871795,0.7196478215375824,0.2803521784624176,0.0,0.0,0.0,42.0,0.0,0.0,0.6,21.5,18.0,186.0,440.0,15.6,5.2,89.0,1367.0,0.12,1.0,0.75,0.85,89.0,89.0,30.0,40.0,148.3220808208695,-58.3220808208695,339.146443293987,0.0,0.0,0.0,0.0,0.0,0.0,0.20161290322580644,0.0,22.277777777777775,68.0,99.96000000000001,0.12,0.13175306,0.121643364,279.77975,0.1624549,0.2,0.0,0.0,0.0,0.0,0.0,33.5,76.3076923076923,48.47692307692308,48.47692307692308,False,68.0,64.7,1.6,1.0,,100.0,False,50.0,0.0,0.0,0.0,0.0,2026-10-03T00:00,interpolated_hourly,0,NNW,sun below horizon — no direct-sun posture,,,,not specified,Environmental scores are skin-type independent.,not personalized
2026-10-03 00:30:00,0.0,0.0,0.0,34.03202,-118.52633,86.0,42.10615158081055,1.0,0.0,0.18721198156682028,0.29242329367564185,0.7192307692307692,0.28076923076923077,0.7184121921046864,0.28158780789531357,0.0,0.0,0.0,39.0,0.0,0.0,0.6,21.5,18.0,186.0,440.0,15.6,5.2,89.0,1367.0,0.12,1.0,0.75,0.85,89.0,89.0,30.0,40.0,149.0213303227512,-59.0213303227512,173.7406309865801,0.0,0.0,0.0,0.0,0.0,0.0,0.18721198156682028,0.0,22.249999999999996,68.0,99.945,0.12,0.13175306,0.121643364,279.77975,0.1624549,0.2,0.0,0.0,0.0,0.0,0.0,33.45,76.60000000000001,48.55,48.55,False,68.0,64.65,1.25,1.0,,100.0,False,50.0,0.0,0.0,0.0,0.0,2026-10-03T00:30,interpolated_hourly,0,S,sun below horizon — no direct-sun posture,,,,not specified,Environmental scores are skin-type independent.,not personalized
2026-10-03 01:00:00,0.0,0.0,0.0,34.03202,-118.52633,86.0,42.10615158081055,1.0,0.0,0.1728110599078341,0.26992919416213096,0.717948717948718,0.28205128205128205,0.7171765626717905,0.2828234373282095,0.0,0.0,0.0,36.0,0.0,0.0,0.6,21.5,18.0,186.0,440.0,15.6,5.2,89.0,1367.0,0.12,1.0,0.75,0.85,89.0,89.0,30.0,40.0,149.7205798246329,-59.72057982463289,8.334818679173225,0.0,0.0,0.0,0.0,0.0,0.0,0.1728110599078341,0.0,22.22222222222222,68.0,99.92999999999999,0.12,0.13175306,0.121643364,279.77975,0.1624549,0.2,0.0,0.0,0.0,0.0,0.0,33.4,76.8923076923077,48.62307692307692,48.62307692307692,False,68.0,64.6,0.9,1.0,,100.0,False,50.0,0.0,0.0,0.0,0.0,2026-10-03T01:00,interpolated_hourly,0,N,sun below horizon — no direct-sun posture,,,,not specified,Environmental scores are skin-type independent.,not personalized
2026-10-03 01:30:00,0.0,0.0,0.0,34.03202,-118.52633,86.0,42.10615158081055,1.0,0.0,0.15841013824884792,0.24743509464862,0.7166666666666666,0.2833333333333333,0.7159409332388945,0.2840590667611055,0.0,0.0,0.0,33.5,0.0,0.0,0.6,21.5,18.0,186.0,440.0,15.6,5.2,89.0,1367.0,0.12,1.0,0.75,0.85,89.0,89.0,30.0,40.0,147.3996398954753,-57.3996398954753,21.654224277814194,0.0,0.0,0.0,0.0,0.0,0.0,0.15841013824884792,0.0,22.194444444444446,67.0,99.91999999999999,0.12,0.13175306,0.121643364,279.77975,0.1624549,0.2,0.0,0.0,0.0,0.0,0.0,33.35,77.18461538461538,48.69615384615385,48.69615384615385,False,67.0,64.3,0.8500000000000001,1.0,,100.0,False,50.0,0.0,0.0,0.0,0.0,2026-10-03T01:30,interpolated_hourly,0,NNE,sun below horizon — no direct-sun posture,,,,not specified,Environmental scores are skin-type independent.,not personalized
2026-10-03 02:00:00,0.0,0.0,0.0,34.03202,-118.52633,86.0,42.10615158081055,1.0,0.0,0.14400921658986174,0.22494099513510912,0.7153846153846153,0.2846153846153846,0.7147053038059985,0.28529469619400144,0.0,0.0,0.0,31.0,0.0,0.0,0.6,21.5,18.0,186.0,440.0,15.6,5.2,89.0,1367.0,0.12,1.0,0.75,0.85,89.0,89.0,30.0,40.0,145.0786999663177,-55.07869996631772,34.97362987645516,0.0,0.0,0.0,0.0,0.0,0.0,0.14400921658986174,0.0,22.16666666666667,66.0,99.91,0.12,0.13175306,0.121643364,279.77975,0.1624549,0.2,0.0,0.0,0.0,0.0,0.0,33.3,77.47692307692309,48.76923076923077,48.76923076923077,False,66.0,64.0,0.8,1.0,,100.0,False,50.0,0.0,0.0,0.0,0.0,2026-10-03T02:00,interpolated_hourly,0,NE,sun below horizon — no direct-sun posture,,,,not specified,Environmental scores are skin-type independent.,not personalized
2026-10-03 02:30:00,0.0,0.0,0.0,34.03202,-118.52633,86.0,42.10615158081055,1.0,0.0,0.12960829493087558,0.20244689562159818,0.714102564102564,0.2858974358974359,0.7134696743731026,0.28653032562689745,0.0,0.0,0.0,29.0,0.0,0.0,0.6,21.5,18.0,186.0,440.0,15.6,5.2,89.0,1367.0,0.12,1.0,0.75,0.85,89.0,89.0,30.0,40.0,140.6943694202044,-50.69436942020441,44.625214273202545,0.0,0.0,0.0,0.0,0.0,0.0,0.12960829493087558,1.0,22.16666666666667,64.5,99.91,0.12,0.13175306,0.121643364,279.77975,0.1624549,0.2,0.0,0.0,0.0,0.0,0.0,33.25,77.76923076923077,48.84230769230769,48.84230769230769,False,64.5,63.6,0.8500000000000001,1.5,,100.0,False,50.0,0.0,0.0,0.0,0.0,2026-10-03T02:30,interpolated_hourly,0,NE,sun below horizon — no direct-sun posture,,,,not specified,Environmental scores are skin-type independent.,not personalized
2026-10-03 03:00:00,0.0,0.0,0.0,34.03202,-118.52633,86.0,42.10615158081055,1.0,0.0,0.1152073732718894,0.1799527961080873,0.7128205128205127,0.28717948717948716,0.7122340449402066,0.2877659550597934,0.0,0.0,0.0,27.0,0.0,0.0,0.6,21.5,18.0,186.0,440.0,15.6,5.2,89.0,1367.0,0.12,1.0,0.75,0.85,89.0,89.0,30.0,40.0,136.3100388740911,-46.310038874091106,54.276798669949926,0.0,0.0,0.0,0.0,0.0,0.0,0.1152073732718894,2.0,22.16666666666667,63.0,99.91,0.12,0.13175306,0.121643364,279.77975,0.1624549,0.2,0.0,0.0,0.0,0.0,0.0,33.199999999999996,78.06153846153846,48.91538461538462,48.91538461538462,False,63.0,63.2,0.9,2.0,,100.0,False,50.0,0.0,0.0,0.0,0.0,2026-10-03T03:00,interpolated_hourly,0,NE,sun below horizon — no direct-sun posture,,,,not specified,Environmental scores are skin-type independent.,not personalized
2026-10-03 03:30:00,0.0,0.0,0.0,34.03202,-118.52633,86.0,42.10615158081055,1.0,0.0,0.10080645161290322,0.1574586965945764,0.7115384615384615,0.28846153846153844,0.7109984155073107,0.28900158449268937,0.0,0.0,0.0,25.0,0.0,0.0,0.6,21.5,18.0,186.0,440.0,15.6,5.2,89.0,1367.0,0.12,1.0,0.75,0.85,89.0,89.0,30.0,40.0,130.8675797076187,-40.86757970761869,61.107602866673005,0.0,0.0,0.0,0.0,0.0,0.0,0.10080645161290322,3.5,22.138888888888893,61.0,99.91499999999999,0.12,0.13175306,0.121643364,279.77975,0.1624549,0.2,0.0,0.0,0.0,0.0,0.0,33.15,78.35384615384616,48.988461538461536,48.988461538461536,False,61.0,62.7,0.9,2.0,,100.0,False,50.0,0.0,0.0,0.0,0.0,2026-10-03T03:30,interpolated_hourly,0,ENE,sun below horizon — no direct-sun posture,,,,not specified,Environmental scores are skin-type independent.,not personalized
2026-10-03 04:00:00,0.0,0.0,0.0,34.03202,-118.52633,86.0,42.10615158081055,1.0,0.0,0.08640552995391704,0.13496459708106545,0.7102564102564102,0.2897435897435897,0.7097627860744147,0.2902372139255853,0.0,0.0,0.0,23.0,0.0,0.0,0.6,21.5,18.0,186.0,440.0,15.6,5.2,89.0,1367.0,0.12,1.0,0.75,0.85,89.0,89.0,30.0,40.0,125.42512054114627,-35.42512054114628,67.93840706339608,0.0,0.0,0.0,0.0,0.0,0.0,0.08640552995391704,5.0,22.11111111111111,59.0,99.92,0.12,0.13175306,0.121643364,279.77975,0.1624549,0.2,0.0,0.0,0.0,0.0,0.0,33.1,78.64615384615385,49.06153846153846,49.06153846153846,False,59.0,62.2,0.9,2.0,,100.0,False,50.0,0.0,0.0,0.0,0.0,2026-10-03T04:00,interpolated_hourly,0,ENE,sun below horizon — no direct-sun posture,,,,not specified,Environmental scores are skin-type independent.,not personalized
2026-10-03 04:30:00,0.0,0.0,0.0,34.03202,-118.52633,86.0,42.10615158081055,1.0,0.0,0.07200460829493088,0.11247049756755456,0.7089743589743589,0.291025641025641,0.7085271566415188,0.29147284335848134,0.0,0.0,0.0,21.5,0.0,0.0,0.6,21.5,18.0,186.0,440.0,15.6,5.2,89.0,1367.0,0.12,1.0,0.75,0.85,89.0,89.0,30.0,40.0,119.48230558922151,-29.482305589221507,73.18142805349697,0.0,0.0,0.0,0.0,0.0,0.0,0.07200460829493088,5.5,22.13888888888889,56.5,99.93,0.12,0.13175306,0.121643364,279.77975,0.1624549,0.2,0.0,0.0,0.0,0.0,0.0,33.05,78.93846153846154,49.13461538461539,49.13461538461539,False,56.5,61.650000000000006,1.05,2.5,,100.0,False,50.0,0.0,0.0,0.0,0.0,2026-10-03T04:30,interpolated_hourly,0,ENE,sun below horizon — no direct-sun posture,,,,not specified,Environmental scores are skin-type independent.,not personalized
2026-10-03 05:00:00,0.0,0.0,0.0,34.03202,-118.52633,86.0,42.10615158081055,1.0,0.0,0.05760368663594467,0.08997639805404362,0.7076923076923076,0.2923076923076923,0.7072915272086228,0.2927084727913773,0.0,0.0,0.0,20.0,0.0,0.0,0.6,21.5,18.0,186.0,440.0,15.6,5.2,89.0,1367.0,0.12,1.0,0.75,0.85,89.0,89.0,30.0,40.0,113.53949063729674,-23.539490637296737,78.42444904359786,0.0,0.0,0.0,0.0,0.0,0.0,0.05760368663594467,6.0,22.16666666666667,54.0,99.94,0.12,0.13175306,0.121643364,279.77975,0.1624549,0.2,0.0,0.0,0.0,0.0,0.0,33.0,79.23076923076924,49.207692307692305,49.207692307692305,False,54.0,61.1,1.2,3.0,,100.0,False,50.0,0.0,0.0,0.0,0.0,2026-10-03T05:00,interpolated_hourly,0,ENE,sun below horizon — no direct-sun posture,,,,not specified,Environmental scores are skin-type independent.,not personalized
2026-10-03 05:30:00,0.0,0.0,0.0,34.03202,-118.52633,86.0,42.10615158081055,1.0,0.0,0.04320276497695852,0.06748229854053278,0.7064102564102563,0.2935897435897436,0.7060558977757269,0.29394410222427325,0.0,0.0,0.0,19.0,0.0,0.0,0.6,21.5,18.0,186.0,440.0,15.6,5.2,89.0,1367.0,0.12,1.0,0.75,0.85,89.0,89.0,30.0,40.0,107.3808907162935,-17.3808907162935,82.88872710719801,0.0,0.0,0.0,0.0,0.0,0.0,0.04320276497695852,5.5,22.30555555555556,50.5,99.965,0.12,0.13175306,0.121643364,279.77975,0.1624549,0.2,0.0,0.0,0.0,0.0,0.0,32.949999999999996,79.52307692307693,49.28076923076923,49.28076923076923,False,50.5,60.35,1.45,3.0,,100.0,False,50.0,0.0,0.0,0.0,0.0,2026-10-03T05:30,interpolated_hourly,0,E,sun below horizon — no direct-sun posture,,,,not specified,Environmental scores are skin-type independent.,not personalized
2026-10-03 06:00:00,0.0,0.0,0.0,34.03202,-118.52633,86.0,42.10615158081055,1.0,0.0,0.028801843317972364,0.04498819902702178,0.7051282051282051,0.2948717948717949,0.7048202683428308,0.2951797316571692,0.0,0.0,0.0,18.0,0.0,0.0,0.6,21.5,18.0,186.0,440.0,15.6,5.2,89.0,1367.0,0.12,1.0,0.75,0.85,89.0,89.0,30.0,40.0,101.22229079529026,-11.222290795290267,87.35300517079816,0.0,0.0,0.0,0.0,0.0,0.0,0.028801843317972364,5.0,22.44444444444445,47.0,99.99,0.12,0.13175306,0.121643364,279.77975,0.1624549,0.2,0.0,0.0,0.0,0.0,0.0,32.9,79.81538461538462,49.353846153846156,49.353846153846156,False,47.0,59.6,1.7,3.0,,100.0,False,50.0,0.0,0.0,0.0,0.0,2026-10-03T06:00,interpolated_hourly,0,E,sun below horizon — no direct-sun posture,,,,not specified,Environmental scores are skin-type independent.,not personalized
2026-10-03 06:30:00,0.0,0.7,14.199999999999998,34.03202,-118.52633,86.0,42.10615158081055,1.0,0.0,0.014400921658986154,0.02249409951351089,0.7038461538461538,0.29615384615384616,0.703584638909935,0.29641536109006517,0.0,0.0,0.0,17.0,0.0,0.0,0.675,21.5,18.0,186.0,440.0,15.6,5.2,89.0,1367.0,0.12,1.0,0.75,0.85,89.0,89.0,30.0,40.0,94.84843080123514,-4.848430801235137,91.56056080500468,0.4323521954845626,1.2060512757091457,0.40024636667028957,0.0,0.0,0.0,0.014400921658986154,4.0,22.638888888888893,43.0,100.02,0.12,0.13175306,0.121643364,279.77975,0.1624549,0.2,0.0,0.0,0.0,0.0,0.0,32.849999999999994,80.10769230769232,49.426923076923075,49.426923076923075,False,43.0,58.8,2.1,2.5,,100.0,False,50.0,0.0,0.0,0.0,0.0,2026-10-03T06:30,interpolated_hourly,0,E,sun below horizon — no direct-sun posture,,,,not specified,Environmental scores are skin-type independent.,not personalized
2026-10-03 07:00:00,1.0,1.4,28.4,34.03202,-118.52633,86.0,42.10615158081055,1.0,0.0,0.0,0.0,0.7025641025641025,0.29743589743589743,0.7023490094770389,0.2976509905229612,0.0,0.0,0.0,16.0,0.0,0.0,0.75,21.5,18.0,186.0,440.0,15.6,5.2,89.0,1367.0,0.12,1.0,0.75,0.85,89.0,89.0,30.0,40.0,88.47457080718002,1.5254291928199917,95.76811643921121,0.8647043909691252,2.4121025514182914,0.8004927333405791,0.0,0.0,0.0,0.0,3.0,22.833333333333332,39.0,100.05,0.12,0.13175306,0.121643364,279.77975,0.1624549,0.2,0.194,0.0,0.1,0.0,0.0,32.8,80.4,49.5,49.5,False,39.0,58.0,2.5,2.0,88.5,100.0,False,50.0,0.6,0.6,0.0,0.0,2026-10-03T07:00,interpolated_hourly,0,E,"sun low 2° (E) — face E, lift torso ~88° toward the sun if comfortable",,,,not specified,Environmental scores are skin-type independent.,not personalized
2026-10-03 07:30:00,1.0,87.65,172.70000000000002,34.03202,-118.52633,86.0,42.10615158081055,1.0,0.0,0.25876940770557794,0.2580441640378549,0.7012820512820512,0.2987179487179487,0.701113380044143,0.29888661995585714,0.5,0.0,0.0,17.0,0.0,31.850000000000005,0.875,21.5,18.0,186.0,440.0,15.6,5.2,89.0,1367.0,0.12,1.0,0.75,0.85,89.0,89.0,30.0,40.0,82.50101627693942,7.498983723060579,100.13094934167111,70.49534539832314,177.42562038163848,29.407730849563603,45.0,227.09999999999997,13.499999999999998,0.25876940770557794,2.5,23.305555555555554,35.5,100.08,0.12,0.13175306,0.121643364,279.77975,0.1624549,0.2,1.8500999999999996,0.012675399401991244,1.8402875728390649,9.1,23.45,38.9,71.0,50.15,50.15,False,35.5,57.65,2.65,2.0,82.5,100.0,False,50.0,5.0,5.0,0.2300815072968708,45.05670705797307,2026-10-03T07:30,interpolated_hourly,0,E,"sun low 7° (E) — face E, lift torso ~82° toward the sun if comfortable",,,,not specified,Environmental scores are skin-type independent.,not personalized
2026-10-03 08:00:00,1.0,173.9,317.0,34.03202,-118.52633,86.0,42.10615158081055,1.0,0.0,0.5175388154111559,0.5160883280757098,0.7,0.3,0.699877750611247,0.3001222493887531,1.0,0.0,0.0,18.0,0.0,63.7,1.0,21.5,18.0,186.0,440.0,15.6,5.2,89.0,1367.0,0.12,1.0,0.75,0.85,89.0,89.0,30.0,40.0,76.52746174669883,13.472538253301167,104.49378224413101,140.12598640567717,352.4391382118587,58.01496896578662,90.0,454.2,27.0,0.5175388154111559,2.0,23.77777777777778,32.0,100.11,0.12,0.13175306,0.121643364,279.77975,0.1624549,0.2,5.092,0.0303,4.8,18.2,46.9,45.0,61.6,50.8,50.8,False,32.0,57.3,2.8,2.0,76.5,100.0,False,50.0,10.5,10.5,0.55,163.6,2026-10-03T08:00,interpolated_hourly,0,ESE,"sun low 13° (ESE) — face ESE, lift torso ~76° toward the sun if comfortable",,,,not specified,Environmental scores are skin-type independent.,not personalized
2026-10-03 08:30:00,1.0,312.65,448.6,34.03202,-118.52633,86.0,42.10615158081055,1.0,0.0,0.6043609008380547,0.6034423026107607,0.7810897435897436,0.2189102564102564,0.7810765998565217,0.21892340014347833,1.0,0.0,0.0,20.0,0.0,70.2,1.0,21.5,18.0,186.0,440.0,15.6,5.2,89.0,1367.0,0.12,1.0,0.75,0.85,89.0,89.0,30.0,40.0,70.68900861872451,19.310991381275485,109.44143730828631,243.23190565577576,472.2655491671767,76.36255638707684,201.0,633.55,35.0,0.6043609008380547,2.5,24.805555555555557,29.0,100.125,0.12,0.13175306,0.121643364,279.77975,0.1624549,0.2,10.572569197056069,0.11834598705184818,10.31419360754495,27.950000000000003,50.45,52.2,62.650000000000006,55.849999999999994,55.849999999999994,False,29.0,57.599999999999994,2.5,1.5,70.7,100.0,False,50.0,18.1,18.1,1.2548119209239619,273.3341603599672,2026-10-03T08:30,interpolated_hourly,0,ESE,"sun low 19° (ESE) — face ESE, lift torso ~71° toward the sun if comfortable",,,,not specified,Environmental scores are skin-type independent.,not personalized
2026-10-03 09:00:00,1.0,451.4,580.2,34.03202,-118.52633,86.0,42.10615158081055,1.0,0.0,0.6911829862649536,0.6907962771458117,0.8621794871794872,0.13782051282051283,0.8622754491017964,0.1377245508982036,1.0,0.0,0.0,22.0,0.0,76.7,1.0,21.5,18.0,186.0,440.0,15.6,5.2,89.0,1367.0,0.12,1.0,0.75,0.85,89.0,89.0,30.0,40.0,64.8505554907502,25.149444509249804,114.38909237244161,346.33782490587436,592.0919601224947,94.71014380836704,312.0,812.9,43.0,0.6911829862649536,3.0,25.833333333333336,26.0,100.14,0.12,0.13175306,0.121643364,279.77975,0.1624549,0.2,16.739,0.2102,16.4,37.7,54.0,59.4,63.7,60.9,60.9,False,26.0,57.9,2.2,1.0,64.9,100.0,False,50.0,25.5,25.5,2.0,400.8,2026-10-03T09:00,interpolated_hourly,0,ESE,"sun low 25° (ESE) — face ESE, lift torso ~65° toward the sun if comfortable",,,,not specified,Environmental scores are skin-type independent.,not personalized
2026-10-03 09:30:00,1.0,572.8499999999999,690.15,34.03202,-118.52633,86.0,42.10615158081055,1.0,0.0,0.7157484857869489,0.7154143865419098,0.8717512221889654,0.1282487778110346,0.8717727524178125,0.12822724758218743,1.0,0.0,5.684341886080802e-14,24.0,0.0,80.9,1.0,21.5,18.0,186.0,440.0,15.6,5.2,89.0,1367.0,0.12,1.0,0.75,0.85,89.0,89.0,30.0,40.0,59.501208276686626,30.498791723313374,120.47226730126036,437.7703815737932,649.2068642371152,105.1317856059994,413.0,851.8499999999999,52.0,0.7157484857869489,4.0,27.11111111111111,23.5,100.15,0.12,0.13175306,0.121643364,279.77975,0.1624549,0.2,23.10409137584846,0.4038205796128936,22.499209254760437,46.7,51.2,61.7,64.15,62.55,62.55,False,23.5,58.5,2.05,1.0,59.5,100.0,False,50.0,31.8,31.8,2.7302098485178883,498.3501113807772,2026-10-03T09:30,interpolated_hourly,0,ESE,"sun 30° up (ESE) — lay flat, or lift torso ~60° toward ESE to face it",,,,not specified,Environmental scores are skin-type independent.,not personalized
2026-10-03 10:00:00,1.0,694.3,800.1,34.03202,-118.52633,86.0,42.10615158081055,1.0,0.0,0.7403139853089443,0.7400324959380078,0.8813229571984436,0.11867704280155641,0.8812700557338287,0.11872994426617124,1.0,0.0,1.1368683772161603e-13,26.0,0.0,85.1,1.0,21.5,18.0,186.0,440.0,15.6,5.2,89.0,1367.0,0.12,1.0,0.75,0.85,89.0,89.0,30.0,40.0,54.151861062623055,35.848138937376945,126.55544223007911,529.202938241712,706.3217683517357,115.55342740363176,514.0,890.8,61.0,0.7403139853089443,5.0,28.388888888888886,21.0,100.16,0.12,0.13175306,0.121643364,279.77975,0.1624549,0.2,29.293,0.5959,28.5,55.7,48.4,64.0,64.6,64.2,64.2,False,21.0,59.1,1.9,1.0,54.2,100.0,False,50.0,37.5,37.5,3.45,592.1,2026-10-03T10:00,interpolated_hourly,0,SE,"sun 36° up (SE) — lay flat, or lift torso ~54° toward SE to face it",,,,not specified,Environmental scores are skin-type independent.,not personalized
2026-10-03 10:30:00,1.0,790.2,880.85,34.03202,-118.52633,86.0,42.10615158081055,0.9947916666666667,0.005208333333333315,0.7504752411591555,0.7502679118625146,0.882056137352931,0.117943862647069,0.8820407437154034,0.11795925628459664,1.0,0.0,0.0,28.0,0.0,88.55,1.0,21.5,18.0,186.0,440.0,15.6,5.2,89.0,1367.0,0.12,1.0,0.75,0.85,89.0,89.0,30.0,40.0,49.71238606025245,40.28761393974755,134.48097593706518,597.5519530747147,735.2340371341039,121.85059640900766,594.0,904.0,70.0,0.7504752411591555,8.0,29.27777777777778,19.5,100.16499999999999,0.12,0.13175306,0.121643364,279.77975,0.1624549,0.2,34.607001979894356,0.793775587897398,33.79117766068095,63.75,45.349999999999994,68.2,64.35,66.85,66.85,False,19.5,59.45,2.45,0.5,49.7,100.0,False,50.0,42.4,42.4,4.116208069789833,666.9419895178709,2026-10-03T10:30,interpolated_hourly,0,SE,"sun 40° up (SE) — lay flat, or lift torso ~50° toward SE to face it",,,,not specified,Environmental scores are skin-type independent.,not personalized
2026-10-03 11:00:00,1.0,886.1,961.6,34.03202,-118.52633,86.0,42.10615158081055,0.9895833333333334,0.01041666666666663,0.7606364970093669,0.7605033277870216,0.8827893175074184,0.1172106824925816,0.8828114316969781,0.11718856830302203,1.0,0.0,-1.1368683772161603e-13,30.0,0.0,92.0,1.0,21.5,18.0,186.0,440.0,15.6,5.2,89.0,1367.0,0.12,1.0,0.75,0.85,89.0,89.0,30.0,40.0,45.27291105788184,44.72708894211816,142.40650964405125,665.9009679077172,764.1463059164721,128.14776541438357,674.0,917.2,79.0,0.7606364970093669,11.0,30.166666666666668,18.0,100.17,0.12,0.13175306,0.121643364,279.77975,0.1624549,0.2,39.377,0.9854,38.7,71.8,42.3,72.4,64.1,69.5,69.5,False,18.0,59.8,3.0,0.0,45.3,100.0,False,50.0,46.8,46.8,4.75,731.3,2026-10-03T11:00,interpolated_hourly,0,SE,"sun 45° up (SE) — lay flat, or lift torso ~45° toward SE to face it",,,,not specified,Environmental scores are skin-type independent.,not personalized
2026-10-03 11:30:00,1.0,949.9000000000001,1007.6500000000001,34.03202,-118.52633,86.0,42.10615158081055,0.9989238980716253,0.001076101928374651,0.7768852801708568,0.7768066605718822,0.8848026189527142,0.11519738104728583,0.8848064577415129,0.1151935422584872,1.0,0.0,-5.684341886080802e-14,32.0,0.0,95.5,1.0,21.5,18.0,186.0,440.0,15.6,5.2,89.0,1367.0,0.12,1.0,0.75,0.85,89.0,89.0,30.0,40.0,42.40852783098373,47.59147216901627,152.70122619952681,705.1634697072625,777.4254219256766,131.41718274268607,739.0,939.1500000000001,85.0,0.7768852801708568,18.0,30.25,19.0,100.155,0.12,0.13175306,0.121643364,279.77975,0.1624549,0.2,43.23082069299088,1.110244687742445,43.23954459189413,79.6,51.15,80.7,60.849999999999994,73.75,73.75,False,19.0,60.4,3.7,0.0,42.4,100.0,False,50.0,52.2,52.2,5.447051712414889,789.8825370604654,2026-10-03T11:30,interpolated_hourly,0,SSE,"sun 48° up (SSE) — lay flat, or lift torso ~42° toward SSE to face it",,,,not specified,Environmental scores are skin-type independent.,not personalized
2026-10-03 12:00:00,1.0,1013.7,1053.7,34.03202,-118.52633,86.0,42.10615158081055,1.0082644628099173,-0.008264462809917328,0.7931340633323468,0.7931099933567429,0.8868159203980099,0.11318407960199005,0.8868014837860476,0.11319851621395237,1.0,0.0,0.0,34.0,0.0,99.0,1.0,21.5,18.0,186.0,440.0,15.6,5.2,89.0,1367.0,0.12,1.0,0.75,0.85,89.0,89.0,30.0,40.0,39.544144604085616,50.455855395914384,162.99594275500237,744.4259715068077,790.704537934881,134.68660007098856,804.0,961.1,91.0,0.7931340633323468,25.0,30.333333333333332,20.0,100.14,0.12,0.13175306,0.121643364,279.77975,0.1624549,0.2,46.386,1.2261,47.3,87.4,60.0,89.0,57.6,78.0,78.0,False,20.0,61.0,4.4,0.0,39.5,100.0,False,50.0,57.2,57.2,6.1,835.7,2026-10-03T12:00,interpolated_hourly,1,SSE,"sun 50° up (SSE) — lay flat, or lift torso ~40° toward SSE to face it",,,,not specified,Environmental scores are skin-type independent.,not personalized
2026-10-03 12:30:00,1.0,1041.0,1062.0,34.03202,-118.52633,86.0,42.10615158081055,1.0002259814049586,-0.0002259814049586084,0.7840986239155416,0.7840164560822769,0.872151921551662,0.127848078448338,0.8721444120160043,0.1278555879839957,1.0,0.0,-5.684341886080802e-14,37.0,0.0,98.7,1.0,21.5,18.0,186.0,440.0,15.6,5.2,89.0,1367.0,0.12,1.0,0.75,0.85,89.0,89.0,30.0,40.0,38.99362383292063,51.00637616707937,174.90335931347522,751.4840418223905,792.8887829047997,135.25344146954535,816.0,934.7,104.5,0.7840986239155416,34.0,30.02777777777778,22.0,100.11500000000001,0.12,0.13175306,0.121643364,279.77975,0.1624549,0.2,47.69181593019728,1.2602950640300223,48.521032547426636,88.80000000000001,61.95,89.25,57.7,78.2,78.2,False,22.0,61.6,5.2,0.0,39.0,100.0,False,50.0,58.5,58.5,6.253506654646597,840.1925886132663,2026-10-03T12:30,interpolated_hourly,1,S,"sun 51° up (S) — lay flat, or lift torso ~39° toward S to face it",,,,not specified,Environmental scores are skin-type independent.,not personalized
2026-10-03 13:00:00,1.0,1068.3,1070.3,34.03202,-118.52633,86.0,42.10615158081055,0.9921874999999999,0.007812500000000111,0.7750631844987363,0.774922918807811,0.857487922705314,0.14251207729468598,0.857487340245961,0.14251265975403907,1.0,0.0,-1.1368683772161603e-13,40.0,0.0,98.4,1.0,21.5,18.0,186.0,440.0,15.6,5.2,89.0,1367.0,0.12,1.0,0.75,0.85,89.0,89.0,30.0,40.0,38.44310306175564,51.55689693824436,186.81077587194804,758.5421121379734,795.0730278747182,135.82028286810214,828.0,908.3,118.0,0.7750631844987363,43.0,29.722222222222225,24.0,100.09,0.12,0.13175306,0.121643364,279.77975,0.1624549,0.2,48.13,1.283,49.1,90.2,63.9,89.5,57.8,78.4,78.4,False,24.0,62.2,6.0,0.0,38.4,100.0,False,50.0,59.2,59.2,6.35,829.4,2026-10-03T13:00,interpolated_hourly,1,S,"sun 52° up (S) — lay flat, or lift torso ~38° toward S to face it",,,,not specified,Environmental scores are skin-type independent.,not personalized
2026-10-03 13:30:00,1.0,1057.3,1040.1,34.03202,-118.52633,86.0,42.10615158081055,0.9756019467213114,0.024398053278688603,0.7569285147381382,0.7568049587602774,0.8330130428533038,0.16698695714669615,0.8330332143589054,0.16696678564109463,1.0,0.0,-5.684341886080802e-14,43.0,0.0,96.45,1.0,21.5,18.0,186.0,440.0,15.6,5.2,89.0,1367.0,0.12,1.0,0.75,0.85,89.0,89.0,30.0,40.0,40.39116677565474,49.60883322434526,198.00694545188554,732.8466784347428,786.8358232849876,133.72735081457455,800.5,862.45,133.0,0.7569285147381382,51.5,29.555555555555557,25.5,100.06,0.12,0.13175306,0.121643364,279.77975,0.1624549,0.2,46.82145279214393,1.233095659161768,47.58926350689621,87.25,63.849999999999994,88.95,57.2,77.85,77.85,False,25.5,62.6,6.5,0.0,40.4,100.0,False,50.0,57.8,57.8,6.125561725548097,794.3154617958019,2026-10-03T13:30,interpolated_hourly,1,SSW,"sun 50° up (SSW) — lay flat, or lift torso ~40° toward SSW to face it",,,,not specified,Environmental scores are skin-type independent.,not personalized
2026-10-03 14:00:00,1.0,1046.3,1009.9,34.03202,-118.52633,86.0,42.10615158081055,0.9590163934426229,0.040983606557377095,0.73879384497754,0.7386869987127439,0.8085381630012937,0.19146183699870634,0.8085790884718499,0.19142091152815016,1.0,0.0,0.0,46.0,0.0,94.5,1.0,21.5,18.0,186.0,440.0,15.6,5.2,89.0,1367.0,0.12,1.0,0.75,0.85,89.0,89.0,30.0,40.0,42.339230489553835,47.660769510446165,209.20311503182305,707.1512447315122,778.598618695257,131.63441876104696,773.0,816.6,148.0,0.73879384497754,60.0,29.388888888888893,27.0,100.03,0.12,0.13175306,0.121643364,279.77975,0.1624549,0.2,44.733,1.1729,45.5,84.3,63.8,88.4,56.6,77.3,77.3,False,27.0,63.0,7.0,0.0,42.3,100.0,False,50.0,55.9,55.9,5.85,746.0,2026-10-03T14:00,interpolated_hourly,2,SSW,"sun 48° up (SSW) — lay flat, or lift torso ~42° toward SSW to face it",,,,not specified,Environmental scores are skin-type independent.,not personalized
2026-10-03 14:30:00,1.0,997.7,943.4,34.03202,-118.52633,86.0,42.10615158081055,0.9345081967213114,0.06549180327868859,0.7060316290528834,0.7059269182182718,0.7297776886993949,0.27022231130060514,0.7298019955318762,0.2701980044681239,1.0,0.0,0.0,52.0,1.0,86.7,1.0,21.5,18.0,186.0,440.0,15.6,5.2,89.0,1367.0,0.12,1.0,0.75,0.85,89.0,89.0,30.0,40.0,46.200051985998115,43.799948014001885,218.119757096368,650.6994456973338,757.286495741306,126.70305901269785,706.0,708.0,185.5,0.7060316290528834,67.5,29.638888888888893,26.5,100.005,0.12,0.13175306,0.121643364,279.77975,0.1624549,0.2,40.84084569731518,1.0142075432298063,41.0817612763689,76.0,59.7,75.95,51.900000000000006,67.55,67.55,False,26.5,63.1,7.15,0.0,46.2,100.0,False,50.0,50.4,50.4,5.215208133295419,672.0639128306071,2026-10-03T14:30,interpolated_hourly,2,SW,"sun 44° up (SW) — lay flat, or lift torso ~46° toward SW to face it",,,,not specified,Environmental scores are skin-type independent.,not personalized
2026-10-03 15:00:00,1.0,949.1,876.9,34.03202,-118.52633,86.0,42.10615158081055,0.9099999999999999,0.09000000000000008,0.6732694131282267,0.6731668377237997,0.651017214397496,0.3489827856025039,0.6510249025919025,0.3489750974080976,1.0,0.0,0.0,58.0,2.0,78.9,1.0,21.5,18.0,186.0,440.0,15.6,5.2,89.0,1367.0,0.12,1.0,0.75,0.85,89.0,89.0,30.0,40.0,50.0608734824424,39.9391265175576,227.03639916091296,594.2476466631554,735.9743727873552,121.77169926434874,639.0,599.4,223.0,0.6732694131282267,75.0,29.88888888888889,26.0,99.97999999999999,0.12,0.13175306,0.121643364,279.77975,0.1624549,0.2,36.473,0.8496,36.3,67.7,55.6,63.5,47.2,57.8,57.8,False,26.0,63.2,7.3,0.0,50.1,100.0,False,50.0,44.6,44.6,4.55,590.3,2026-10-03T15:00,interpolated_hourly,2,SW,"sun 40° up (SW) — lay flat, or lift torso ~50° toward SW to face it",,,,not specified,Environmental scores are skin-type independent.,not personalized
2026-10-03 15:30:00,1.0,866.2,778.5999999999999,34.03202,-118.52633,86.0,42.10615158081055,0.9083333333333332,0.09166666666666673,0.6487756487318652,0.6486516240654865,0.61998713480611,0.38001286519389,0.6200249336322677,0.37997506636773226,1.0,0.0,0.0,65.0,2.0,73.85,1.0,21.5,18.0,186.0,440.0,15.6,5.2,89.0,1367.0,0.12,1.0,0.75,0.85,89.0,89.0,30.0,40.0,55.086919242739455,34.913080757260545,233.81358419148668,511.70980005048284,693.3552473944126,113.34366640121391,564.0,551.2,212.0,0.6487756487318652,82.5,30.27777777777778,25.0,99.94999999999999,0.12,0.13175306,0.121643364,279.77975,0.1624549,0.2,31.61203083997794,0.6539050818754517,31.621004819012562,60.650000000000006,67.85,58.45,47.05,54.45,54.45,False,25.0,63.25,7.05,0.0,55.1,100.0,False,50.0,40.8,40.8,3.9838649711930727,509.7159350443037,2026-10-03T15:30,interpolated_hourly,2,SW,"sun 35° up (SW) — lay flat, or lift torso ~55° toward SW to face it",,,,not specified,Environmental scores are skin-type independent.,not personalized
2026-10-03 16:00:00,1.0,783.3,680.3,34.03202,-118.52633,86.0,42.10615158081055,0.9066666666666666,0.09333333333333338,0.6242818843355037,0.6241364104071734,0.588957055214724,0.4110429447852761,0.589024964672633,0.4109750353273669,1.0,0.0,0.0,72.0,2.0,68.8,1.0,21.5,18.0,186.0,440.0,15.6,5.2,89.0,1367.0,0.12,1.0,0.75,0.85,89.0,89.0,30.0,40.0,60.11296500303651,29.88703499696349,240.5907692220604,429.1719534378103,650.7361220014699,104.91563353807908,489.0,503.0,201.0,0.6242818843355037,90.0,30.666666666666668,24.0,99.92,0.12,0.13175306,0.121643364,279.77975,0.1624549,0.2,26.47,0.4553,26.7,53.6,80.1,53.4,46.9,51.1,51.1,False,24.0,63.3,6.8,0.0,60.1,100.0,False,50.0,36.5,36.5,3.4,424.6,2026-10-03T16:00,interpolated_hourly,3,WSW,"sun low 30° (WSW) — face WSW, lift torso ~60° toward the sun if comfortable",,,,not specified,Environmental scores are skin-type independent.,not personalized
2026-10-03 16:30:00,1.0,671.75,556.8,34.03202,-118.52633,86.0,42.10615158081055,0.9098550724637682,0.09014492753623188,0.5959681467375484,0.5957054080653452,0.5680634332677393,0.43193656673226066,0.568108902189856,0.431891097810144,1.0,0.0,0.0,76.0,3.0,63.55,1.0,21.5,18.0,186.0,440.0,15.6,5.2,89.0,1367.0,0.12,1.0,0.75,0.85,89.0,89.0,30.0,40.0,65.7841775138626,24.215822486137387,245.94111545858385,328.9833337042405,564.5164756109474,90.79571452673088,403.5,464.1,172.5,0.5959681467375484,95.0,30.88888888888889,23.0,99.9,0.12,0.13175306,0.121643364,279.77975,0.1624549,0.2,20.73765022940963,0.31257784053380694,21.196254538103467,45.3,87.6,43.55,48.5,45.25,45.25,False,23.0,63.15,6.35,0.0,65.8,100.0,False,50.0,30.7,30.7,2.7484862077313164,334.83106653973215,2026-10-03T16:30,interpolated_hourly,3,WSW,"sun low 24° (WSW) — face WSW, lift torso ~66° toward the sun if comfortable",,,,not specified,Environmental scores are skin-type independent.,not personalized
2026-10-03 17:00:00,1.0,560.2,433.3,34.03202,-118.52633,86.0,42.10615158081055,0.9130434782608696,0.08695652173913038,0.567654409139593,0.5672744057235172,0.5471698113207547,0.4528301886792453,0.5471928397070789,0.45280716029292106,1.0,0.0,0.0,80.0,4.0,58.3,1.0,21.5,18.0,186.0,440.0,15.6,5.2,89.0,1367.0,0.12,1.0,0.75,0.85,89.0,89.0,30.0,40.0,71.45539002468871,18.544609975311285,251.29146169510727,228.7947139706707,478.2968292204249,76.67579551538267,318.0,425.2,144.0,0.567654409139593,100.0,31.111111111111114,22.0,99.88,0.12,0.13175306,0.121643364,279.77975,0.1624549,0.2,15.050999999999998,0.17019999999999996,15.734905728304135,37.0,95.1,33.7,50.1,39.4,39.4,False,22.0,63.0,5.9,0.0,71.5,100.0,False,50.0,24.6,24.6,2.0999999999999996,245.79999999999998,2026-10-03T17:00,interpolated_hourly,3,WSW,"sun low 19° (WSW) — face WSW, lift torso ~72° toward the sun if comfortable",,,,not specified,Environmental scores are skin-type independent.,not personalized
2026-10-03 17:30:00,1.0,427.6,293.15,34.03202,-118.52633,86.0,42.10615158081055,0.9565217391304348,0.04347826086956519,0.5109458486375931,0.5101077910970527,0.5347789355111237,0.46522106448887635,0.5347796810368006,0.4652203189631994,1.0,0.0,-7.105427357601002e-15,78.0,3.0,52.75,1.0,21.5,18.0,186.0,440.0,15.6,5.2,89.0,1367.0,0.12,1.0,0.75,0.85,89.0,89.0,30.0,40.0,77.44286968240547,12.55713031759453,255.8378895852859,132.57027263513447,298.3665147797643,49.73561437497219,226.0,375.29999999999995,104.0,0.5109458486375931,100.0,31.083333333333336,21.5,99.875,0.12,0.13175306,0.121643364,279.77975,0.1624549,0.2,9.768861152383485,0.10677539864567626,10.563568013298017,28.4,97.55,33.7,54.75,41.05,41.05,False,21.5,62.7,5.2,0.5,77.4,100.0,False,50.0,18.8,18.8,1.4687124985650102,151.04608416095175,2026-10-03T17:30,interpolated_hourly,3,WSW,"sun low 13° (WSW) — face WSW, lift torso ~77° toward the sun if comfortable",,,,not specified,Environmental scores are skin-type independent.,not personalized
2026-10-03 18:00:00,1.0,295.0,153.0,34.03202,-118.52633,86.0,42.10615158081055,1.0,0.0,0.4542372881355932,0.45294117647058824,0.5223880597014925,0.47761194029850745,0.5223665223665225,0.4776334776334777,1.0,0.0,-1.4210854715202004e-14,76.0,2.0,47.2,1.0,21.5,18.0,186.0,440.0,15.6,5.2,89.0,1367.0,0.12,1.0,0.75,0.85,89.0,89.0,30.0,40.0,83.43034934012223,6.569650659877772,260.3843174754645,36.34583129959824,118.43620033910373,22.795433234561706,134.0,325.4,64.0,0.4542372881355932,100.0,31.05555555555556,21.0,99.87,0.12,0.13175306,0.121643364,279.77975,0.1624549,0.2,5.328,0.0479,6.1,19.8,100.0,33.7,59.4,42.7,42.7,False,21.0,62.4,4.5,1.0,83.4,100.0,False,50.0,12.9,12.9,0.9,69.3,2026-10-03T18:00,interpolated_hourly,3,W,"sun low 7° (W) — face W, lift torso ~83° toward the sun if comfortable",,,,not specified,Environmental scores are skin-type independent.,not personalized
2026-10-03 18:30:00,1.0,167.40000000000003,76.5,34.03202,-118.52633,86.0,42.10615158081055,1.0,0.0,0.3527467847713142,0.43552036199095023,0.5111940298507462,0.48880597014925375,0.5215824637789956,0.4784470277864168,0.5643277777777778,0.0,-7.105427357601002e-15,72.0,2.0,36.6,1.0,21.5,18.0,186.0,440.0,15.6,5.2,89.0,1367.0,0.12,1.0,0.75,0.85,89.0,89.0,30.0,40.0,89.6832436408942,0.31675635910579913,264.59597335832007,18.17291564979912,59.21810016955186,11.397716617280853,72.0,195.1,34.5,0.3527467847713142,100.0,30.861111111111114,20.5,99.88,0.12,0.13175306,0.121643364,279.77975,0.1624549,0.2,1.8648,0.020038007635491108,2.3980546940322687,9.9,50.0,33.65769230769231,59.65769230769231,42.761538461538464,42.761538461538464,False,20.5,61.9,4.4,1.5,89.7,100.0,False,50.0,6.2,6.2,0.39741351260368596,2.830559747201058,2026-10-03T18:30,interpolated_hourly,3,W,"sun low 0° (W) — face W, lift torso ~90° toward the sun if comfortable",,,,not specified,Environmental scores are skin-type independent.,not personalized
2026-10-03 19:00:00,0.0,39.8,0.0,34.03202,-118.52633,86.0,42.10615158081055,1.0,0.0,0.2512562814070352,0.41809954751131223,0.5,0.5,0.5207984051914689,0.47926057793935584,0.12865555555555555,0.0,0.0,68.0,2.0,26.0,1.0,21.5,18.0,186.0,440.0,15.6,5.2,89.0,1367.0,0.12,1.0,0.75,0.85,89.0,89.0,30.0,40.0,95.93613794166617,-5.936137941666174,268.8076292411756,0.0,0.0,0.0,10.0,64.8,5.0,0.2512562814070352,100.0,30.666666666666668,20.0,99.89,0.12,0.13175306,0.121643364,279.77975,0.1624549,0.2,0.0,0.0,0.0,0.0,0.0,33.61538461538462,59.91538461538461,42.823076923076925,42.823076923076925,False,20.0,61.4,4.3,2.0,,100.0,False,50.0,0.0,0.0,0.0,0.0,2026-10-03T19:00,interpolated_hourly,3,W,sun below horizon — no direct-sun posture,,,,not specified,Environmental scores are skin-type independent.,not personalized
2026-10-03 19:30:00,0.0,19.9,0.0,34.03202,-118.52633,86.0,42.10615158081055,0.9965034965034965,0.003496503496503498,0.24078726968174208,0.40067873303167423,0.5,0.5,0.5200143466039421,0.48007412809229494,0.06432777777777778,0.0,0.0,66.0,1.0,13.0,0.8,21.5,18.0,186.0,440.0,15.6,5.2,89.0,1367.0,0.12,1.0,0.75,0.85,89.0,89.0,30.0,40.0,102.14224031274654,-12.14224031274654,273.0887779822933,0.0,0.0,0.0,5.0,32.4,2.5,0.25649840058052586,100.0,30.333333333333336,20.5,99.905,0.12,0.13175306,0.121643364,279.77975,0.1624549,0.2,0.0,0.0,0.0,0.0,0.0,33.573076923076925,60.17307692307692,42.88461538461539,42.88461538461539,False,20.5,61.25,4.3,2.5,,100.0,False,50.0,0.0,0.0,0.0,0.0,2026-10-03T19:30,interpolated_hourly,3,W,sun below horizon — no direct-sun posture,,,,not specified,Environmental scores are skin-type independent.,not personalized
2026-10-03 20:00:00,0.0,0.0,0.0,34.03202,-118.52633,86.0,42.10615158081055,0.993006993006993,0.006993006993006996,0.23031825795644895,0.38325791855203617,0.5,0.5,0.5192302880164152,0.48088767824523404,0.0,0.0,0.0,64.0,0.0,0.0,0.6,21.5,18.0,186.0,440.0,15.6,5.2,89.0,1367.0,0.12,1.0,0.75,0.85,89.0,89.0,30.0,40.0,108.3483426838269,-18.348342683826907,277.3699267234111,0.0,0.0,0.0,0.0,0.0,0.0,0.2617405197540165,100.0,30.0,21.0,99.92,0.12,0.13175306,0.121643364,279.77975,0.1624549,0.2,0.0,0.0,0.0,0.0,0.0,33.53076923076923,60.43076923076923,42.94615384615385,42.94615384615385,False,21.0,61.1,4.3,3.0,,100.0,False,50.0,0.0,0.0,0.0,0.0,2026-10-03T20:00,interpolated_hourly,3,W,sun below horizon — no direct-sun posture,,,,not specified,Environmental scores are skin-type independent.,not personalized
2026-10-03 20:30:00,0.0,0.0,0.0,34.03202,-118.52633,86.0,42.10615158081055,0.9895104895104895,0.010489510489510493,0.21984924623115581,0.3658371040723982,0.5,0.5,0.5184462294288885,0.48170122839817314,0.0,0.0,0.0,68.0,4.0,0.0,0.6,21.5,18.0,186.0,440.0,15.6,5.2,89.0,1367.0,0.12,1.0,0.75,0.85,89.0,89.0,30.0,40.0,114.42521727778775,-24.425217277787752,282.1756285222185,0.0,0.0,0.0,0.0,0.0,0.0,0.2669826389275072,100.0,29.444444444444443,23.0,99.94,0.12,0.13175306,0.121643364,279.77975,0.1624549,0.2,0.0,0.0,0.0,0.0,0.0,33.48846153846154,60.68846153846154,43.00769230769231,43.00769230769231,False,23.0,61.3,3.05,3.5,,100.0,False,50.0,0.0,0.0,0.0,0.0,2026-10-03T20:30,interpolated_hourly,3,WNW,sun below horizon — no direct-sun posture,,,,not specified,Environmental scores are skin-type independent.,not personalized
2026-10-03 21:00:00,0.0,0.0,0.0,34.03202,-118.52633,86.0,42.10615158081055,0.986013986013986,0.013986013986013991,0.20938023450586268,0.34841628959276016,0.5,0.5,0.5176621708413617,0.48251477855111224,0.0,0.0,0.0,72.0,8.0,0.0,0.6,21.5,18.0,186.0,440.0,15.6,5.2,89.0,1367.0,0.12,1.0,0.75,0.85,89.0,89.0,30.0,40.0,120.5020918717486,-30.5020918717486,286.9813303210259,0.0,0.0,0.0,0.0,0.0,0.0,0.27222475810099783,100.0,28.88888888888889,25.0,99.96000000000001,0.12,0.13175306,0.121643364,279.77975,0.1624549,0.2,0.0,0.0,0.0,0.0,0.0,33.44615384615385,60.94615384615384,43.06923076923077,43.06923076923077,False,25.0,61.5,1.8,4.0,,100.0,False,50.0,0.0,0.0,0.0,0.0,2026-10-03T21:00,interpolated_hourly,3,WNW,sun below horizon — no direct-sun posture,,,,not specified,Environmental scores are skin-type independent.,not personalized
2026-10-03 21:30:00,0.0,0.0,0.0,34.03202,-118.52633,86.0,42.10615158081055,0.9825174825174825,0.017482517482517487,0.19891122278056955,0.33099547511312216,0.5,0.5,0.5168781122538348,0.4833283287040513,0.0,0.0,0.0,78.0,13.0,0.0,0.6,21.5,18.0,186.0,440.0,15.6,5.2,89.0,1367.0,0.12,1.0,0.75,0.85,89.0,89.0,30.0,40.0,126.23133249968166,-36.231332499681656,292.9726557470975,0.0,0.0,0.0,0.0,0.0,0.0,0.27746687727448843,99.5,28.16666666666667,28.5,99.98500000000001,0.12,0.13175306,0.121643364,279.77975,0.1624549,0.2,0.0,0.0,0.0,0.0,0.0,33.40384615384615,61.20384615384615,43.13076923076923,43.13076923076923,False,28.5,61.9,2.6,4.5,,100.0,False,50.0,0.0,0.0,0.0,0.0,2026-10-03T21:30,interpolated_hourly,3,WNW,sun below horizon — no direct-sun posture,,,,not specified,Environmental scores are skin-type independent.,not personalized
2026-10-03 22:00:00,0.0,0.0,0.0,34.03202,-118.52633,86.0,42.10615158081055,0.9790209790209791,0.020979020979020987,0.18844221105527642,0.31357466063348416,0.5,0.5,0.5160940536663081,0.4841418788569904,0.0,0.0,0.0,84.0,18.0,0.0,0.6,21.5,18.0,186.0,440.0,15.6,5.2,89.0,1367.0,0.12,1.0,0.75,0.85,89.0,89.0,30.0,40.0,131.9605731276147,-41.960573127614715,298.9639811731692,0.0,0.0,0.0,0.0,0.0,0.0,0.2827089964479791,99.0,27.44444444444445,32.0,100.01,0.12,0.13175306,0.121643364,279.77975,0.1624549,0.2,0.0,0.0,0.0,0.0,0.0,33.361538461538466,61.46153846153846,43.19230769230769,43.19230769230769,False,32.0,62.3,3.4,5.0,,100.0,False,50.0,0.0,0.0,0.0,0.0,2026-10-03T22:00,interpolated_hourly,3,WNW,sun below horizon — no direct-sun posture,,,,not specified,Environmental scores are skin-type independent.,not personalized
2026-10-03 22:30:00,0.0,0.0,0.0,34.03202,-118.52633,86.0,42.10615158081055,0.9755244755244755,0.024475524475524483,0.1779731993299833,0.29615384615384616,0.5,0.5,0.5153099950787813,0.4849554290099295,0.0,0.0,0.0,89.0,22.0,0.0,0.6,21.5,18.0,186.0,440.0,15.6,5.2,89.0,1367.0,0.12,1.0,0.75,0.85,89.0,89.0,30.0,40.0,136.9321419288313,-46.932141928831285,307.2087213649114,0.0,0.0,0.0,0.0,0.0,0.0,0.28795111562146974,98.0,26.805555555555557,35.0,100.03,0.12,0.13175306,0.121643364,279.77975,0.1624549,0.2,0.0,0.0,0.0,0.0,0.0,33.31923076923077,61.71923076923077,43.253846153846155,43.253846153846155,False,35.0,62.45,4.8,5.5,,100.0,False,50.0,0.0,0.0,0.0,0.0,2026-10-03T22:30,interpolated_hourly,3,NW,sun below horizon — no direct-sun posture,,,,not specified,Environmental scores are skin-type independent.,not personalized
2026-10-03 23:00:00,0.0,0.0,0.0,34.03202,-118.52633,86.0,42.10615158081055,0.972027972027972,0.027972027972027982,0.16750418760469013,0.27873303167420815,0.5,0.5,0.5145259364912546,0.48576897916286854,0.0,0.0,0.0,94.0,26.0,0.0,0.6,21.5,18.0,186.0,440.0,15.6,5.2,89.0,1367.0,0.12,1.0,0.75,0.85,89.0,89.0,30.0,40.0,141.90371073004786,-51.903710730047855,315.45346155665356,0.0,0.0,0.0,0.0,0.0,0.0,0.2931932347949604,97.0,26.166666666666664,38.0,100.05,0.12,0.13175306,0.121643364,279.77975,0.1624549,0.2,0.0,0.0,0.0,0.0,0.0,33.276923076923076,61.97692307692307,43.315384615384616,43.315384615384616,False,38.0,62.6,6.2,6.0,,100.0,False,50.0,0.0,0.0,0.0,0.0,2026-10-03T23:00,interpolated_hourly,3,NW,sun below horizon — no direct-sun posture,,,,not specified,Environmental scores are skin-type independent.,not personalized
2026-10-03 23:30:00,0.0,0.0,0.0,34.03202,-118.52633,86.0,42.10615158081055,0.9685314685314685,0.03146853146853148,0.157035175879397,0.26131221719457015,0.5,0.5,0.5137418779037277,0.48658252931580764,0.0,0.0,0.0,96.0,38.0,0.0,0.6,21.5,18.0,186.0,440.0,15.6,5.2,89.0,1367.0,0.12,1.0,0.75,0.85,89.0,89.0,30.0,40.0,145.30867209774996,-55.308672097749955,327.2612177938284,0.0,0.0,0.0,0.0,0.0,0.0,0.29843535396845106,95.0,25.666666666666664,41.5,100.065,0.12,0.13175306,0.121643364,279.77975,0.1624549,0.2,0.0,0.0,0.0,0.0,0.0,33.23461538461539,62.23461538461538,43.37692307692308,43.37692307692308,False,41.5,62.95,6.300000000000001,5.5,,100.0,False,50.0,0.0,0.0,0.0,0.0,2026-10-03T23:30,interpolated_hourly,3,NNW,sun below horizon — no direct-sun posture,,,,not specified,Environmental scores are skin-type independent.,not personalized
2026-10-04 00:00:00,0.0,0.0,0.0,34.03202,-118.52633,86.0,42.10615158081055,0.965034965034965,0.034965034965034975,0.14656616415410387,0.24389140271493215,0.5,0.5,0.5129578193162009,0.48739607946874675,0.0,0.0,0.0,98.0,50.0,0.0,0.6,21.5,18.0,186.0,440.0,15.6,5.2,89.0,1367.0,0.12,1.0,0.75,0.85,89.0,89.0,30.0,40.0,148.71363346545206,-58.713633465452055,339.0689740310032,0.0,0.0,0.0,0.0,0.0,0.0,0.3036774731419417,93.0,25.166666666666668,45.0,100.08,0.12,0.13175306,0.121643364,279.77975,0.1624549,0.2,0.0,0.0,0.0,0.0,0.0,33.19230769230769,62.49230769230769,43.43846153846154,43.43846153846154,False,45.0,63.3,6.4,5.0,,100.0,False,50.0,0.0,0.0,0.0,0.0,2026-10-04T00:00,interpolated_hourly,3,NNW,sun below horizon — no direct-sun posture,,,,not specified,Environmental scores are skin-type independent.,not personalized
2026-10-04 00:30:00,0.0,0.0,0.0,34.03202,-118.52633,86.0,42.10615158081055,0.9615384615384616,0.03846153846153848,0.13609715242881074,0.22647058823529412,0.5,0.5,0.5121737607286742,0.48820962962168585,0.0,0.0,0.0,99.0,61.0,0.0,0.6,21.5,18.0,186.0,440.0,15.6,5.2,89.0,1367.0,0.12,1.0,0.75,0.85,89.0,89.0,30.0,40.0,149.4038981464873,-59.40389814648729,173.825449534033,0.0,0.0,0.0,0.0,0.0,0.0,0.30891959231543237,90.5,24.77777777777778,48.5,100.09,0.12,0.13175306,0.121643364,279.77975,0.1624549,0.2,0.0,0.0,0.0,0.0,0.0,33.150000000000006,62.74999999999999,43.5,43.5,False,48.5,63.65,5.7,4.5,,100.0,False,50.0,0.0,0.0,0.0,0.0,2026-10-04T00:30,interpolated_hourly,3,S,sun below horizon — no direct-sun posture,,,,not specified,Environmental scores are skin-type independent.,not personalized
2026-10-04 01:00:00,0.0,0.0,0.0,34.03202,-118.52633,86.0,42.10615158081055,0.958041958041958,0.041958041958041974,0.1256281407035176,0.20904977375565612,0.5,0.5,0.5113897021411473,0.48902317977462495,0.0,0.0,0.0,100.0,72.0,0.0,0.6,21.5,18.0,186.0,440.0,15.6,5.2,89.0,1367.0,0.12,1.0,0.75,0.85,89.0,89.0,30.0,40.0,150.09416282752255,-60.09416282752254,8.581925037062774,0.0,0.0,0.0,0.0,0.0,0.0,0.314161711488923,88.0,24.388888888888893,52.0,100.1,0.12,0.13175306,0.121643364,279.77975,0.1624549,0.2,0.0,0.0,0.0,0.0,0.0,33.10769230769231,63.0076923076923,43.56153846153846,43.56153846153846,False,52.0,64.0,5.0,4.0,,100.0,False,50.0,0.0,0.0,0.0,0.0,2026-10-04T01:00,interpolated_hourly,3,N,sun below horizon — no direct-sun posture,,,,not specified,Environmental scores are skin-type independent.,not personalized
2026-10-04 01:30:00,0.0,0.0,0.0,34.03202,-118.52633,86.0,42.10615158081055,0.9545454545454546,0.04545454545454547,0.11515912897822447,0.19162895927601808,0.5,0.5,0.5106056435536205,0.489836729927564,0.0,0.0,0.0,100.0,84.0,0.0,0.6,21.5,18.0,186.0,440.0,15.6,5.2,89.0,1367.0,0.12,1.0,0.75,0.85,89.0,89.0,30.0,40.0,147.73731613691706,-57.73731613691703,21.999260293202497,0.0,0.0,0.0,0.0,0.0,0.0,0.3194038306624136,87.0,24.083333333333336,54.5,100.10499999999999,0.12,0.13175306,0.121643364,279.77975,0.1624549,0.2,0.0,0.0,0.0,0.0,0.0,33.065384615384616,63.26538461538461,43.62307692307692,43.62307692307692,False,54.5,64.2,4.25,3.5,,100.0,False,50.0,0.0,0.0,0.0,0.0,2026-10-04T01:30,interpolated_hourly,3,NNE,sun below horizon — no direct-sun posture,,,,not specified,Environmental scores are skin-type independent.,not personalized
2026-10-04 02:00:00,0.0,0.0,0.0,34.03202,-118.52633,86.0,42.10615158081055,0.951048951048951,0.048951048951048966,0.10469011725293134,0.17420814479638008,0.5,0.5,0.5098215849660938,0.4906502800805031,0.0,0.0,0.0,100.0,96.0,0.0,0.6,21.5,18.0,186.0,440.0,15.6,5.2,89.0,1367.0,0.12,1.0,0.75,0.85,89.0,89.0,30.0,40.0,145.38046944631154,-55.38046944631153,35.41659554934222,0.0,0.0,0.0,0.0,0.0,0.0,0.32464594983590433,86.0,23.77777777777778,57.0,100.11,0.12,0.13175306,0.121643364,279.77975,0.1624549,0.2,0.0,0.0,0.0,0.0,0.0,33.02307692307693,63.52307692307692,43.684615384615384,43.684615384615384,False,57.0,64.4,3.5,3.0,,100.0,False,50.0,0.0,0.0,0.0,0.0,2026-10-04T02:00,interpolated_hourly,3,NE,sun below horizon — no direct-sun posture,,,,not specified,Environmental scores are skin-type independent.,not personalized
2026-10-04 02:30:00,0.0,0.0,0.0,34.03202,-118.52633,86.0,42.10615158081055,0.9475524475524475,0.05244755244755246,0.09422110552763821,0.15678733031674208,0.5,0.5,0.5090375263785669,0.4914638302334422,0.0,0.0,0.0,100.0,97.0,0.0,0.6,21.5,18.0,186.0,440.0,15.6,5.2,89.0,1367.0,0.12,1.0,0.75,0.85,89.0,89.0,30.0,40.0,140.96122315297134,-50.96122315297133,45.077285730674845,0.0,0.0,0.0,0.0,0.0,0.0,0.32988806900939494,87.5,23.66666666666667,57.0,100.095,0.12,0.13175306,0.121643364,279.77975,0.1624549,0.2,0.0,0.0,0.0,0.0,0.0,32.98076923076923,63.780769230769224,43.746153846153845,43.746153846153845,False,57.0,64.2,2.75,2.5,,100.0,False,50.0,0.0,0.0,0.0,0.0,2026-10-04T02:30,interpolated_hourly,3,NE,sun below horizon — no direct-sun posture,,,,not specified,Environmental scores are skin-type independent.,not personalized
2026-10-04 03:00:00,0.0,0.0,0.0,34.03202,-118.52633,86.0,42.10615158081055,0.9440559440559441,0.055944055944055965,0.08375209380234505,0.13936651583710408,0.5,0.5,0.5082534677910401,0.49227738038638125,0.0,0.0,0.0,100.0,98.0,0.0,0.6,21.5,18.0,186.0,440.0,15.6,5.2,89.0,1367.0,0.12,1.0,0.75,0.85,89.0,89.0,30.0,40.0,136.54197685963112,-46.54197685963112,54.73797591200747,0.0,0.0,0.0,0.0,0.0,0.0,0.3351301881828856,89.0,23.55555555555556,57.0,100.08,0.12,0.13175306,0.121643364,279.77975,0.1624549,0.2,0.0,0.0,0.0,0.0,0.0,32.93846153846154,64.03846153846153,43.80769230769231,43.80769230769231,False,57.0,64.0,2.0,2.0,,100.0,False,50.0,0.0,0.0,0.0,0.0,2026-10-04T03:00,interpolated_hourly,3,NE,sun below horizon — no direct-sun posture,,,,not specified,Environmental scores are skin-type independent.,not personalized
2026-10-04 03:30:00,0.0,0.0,0.0,34.03202,-118.52633,86.0,42.10615158081055,0.9405594405594405,0.05944055944055946,0.07328308207705192,0.12194570135746607,0.5,0.5,0.5074694092035134,0.49309093053932035,0.0,0.0,0.0,100.0,98.0,0.0,0.6,21.5,18.0,186.0,440.0,15.6,5.2,89.0,1367.0,0.12,1.0,0.75,0.85,89.0,89.0,30.0,40.0,131.0766054671057,-41.07660546710569,61.551146031171584,0.0,0.0,0.0,0.0,0.0,0.0,0.34037230735637625,92.0,23.55555555555556,56.0,100.065,0.12,0.13175306,0.121643364,279.77975,0.1624549,0.2,0.0,0.0,0.0,0.0,0.0,32.89615384615385,64.29615384615384,43.86923076923077,43.86923076923077,False,56.0,63.75,1.5,1.5,,100.0,False,50.0,0.0,0.0,0.0,0.0,2026-10-04T03:30,interpolated_hourly,3,ENE,sun below horizon — no direct-sun posture,,,,not specified,Environmental scores are skin-type independent.,not personalized
2026-10-04 04:00:00,0.0,0.0,0.0,34.03202,-118.52633,86.0,42.10615158081055,0.9370629370629371,0.06293706293706296,0.06281407035175879,0.10452488687782807,0.5,0.5,0.5066853506159865,0.49390448069225945,0.0,0.0,0.0,100.0,98.0,0.0,0.6,21.5,18.0,186.0,440.0,15.6,5.2,89.0,1367.0,0.12,1.0,0.75,0.85,89.0,89.0,30.0,40.0,125.61123407458027,-35.61123407458027,68.3643161503357,0.0,0.0,0.0,0.0,0.0,0.0,0.3456144265298669,95.0,23.55555555555556,55.0,100.05,0.12,0.13175306,0.121643364,279.77975,0.1624549,0.2,0.0,0.0,0.0,0.0,0.0,32.853846153846156,64.55384615384615,43.93076923076923,43.93076923076923,False,55.0,63.5,1.0,1.0,,100.0,False,50.0,0.0,0.0,0.0,0.0,2026-10-04T04:00,interpolated_hourly,3,ENE,sun below horizon — no direct-sun posture,,,,not specified,Environmental scores are skin-type independent.,not personalized
2026-10-04 04:30:00,0.0,0.0,0.0,34.03202,-118.52633,86.0,42.10615158081055,0.9335664335664335,0.06643356643356646,0.05234505862646566,0.08710407239819007,0.5,0.5,0.5059012920284598,0.49471803084519855,0.0,0.0,0.0,100.0,99.0,0.0,0.6,21.5,18.0,186.0,440.0,15.6,5.2,89.0,1367.0,0.12,1.0,0.75,0.85,89.0,89.0,30.0,40.0,119.65585757358707,-29.65585757358707,73.59027976049651,0.0,0.0,0.0,0.0,0.0,0.0,0.35085654570335756,97.5,23.611111111111114,53.5,100.035,0.12,0.13175306,0.121643364,279.77975,0.1624549,0.2,0.0,0.0,0.0,0.0,0.0,32.81153846153846,64.81153846153846,43.99230769230769,43.99230769230769,False,53.5,63.2,1.15,0.5,,100.0,False,50.0,0.0,0.0,0.0,0.0,2026-10-04T04:30,interpolated_hourly,3,ENE,sun below horizon — no direct-sun posture,,,,not specified,Environmental scores are skin-type independent.,not personalized
2026-10-04 05:00:00,0.0,0.0,0.0,34.03202,-118.52633,86.0,42.10615158081055,0.93006993006993,0.06993006993006995,0.041876046901172526,0.06968325791855207,0.5,0.5,0.505117233440933,0.49553158099813766,0.0,0.0,0.0,100.0,100.0,0.0,0.6,21.5,18.0,186.0,440.0,15.6,5.2,89.0,1367.0,0.12,1.0,0.75,0.85,89.0,89.0,30.0,40.0,113.70048107259387,-23.70048107259387,78.81624337065733,0.0,0.0,0.0,0.0,0.0,0.0,0.3560986648768482,100.0,23.666666666666664,52.0,100.02000000000001,0.12,0.13175306,0.121643364,279.77975,0.1624549,0.2,0.0,0.0,0.0,0.0,0.0,32.769230769230774,65.06923076923076,44.05384615384615,44.05384615384615,False,52.0,62.9,1.3,0.0,,100.0,False,50.0,0.0,0.0,0.0,0.0,2026-10-04T05:00,interpolated_hourly,3,E,sun below horizon — no direct-sun posture,,,,not specified,Environmental scores are skin-type independent.,not personalized
2026-10-04 05:30:00,0.0,0.0,0.0,34.03202,-118.52633,86.0,42.10615158081055,0.9265734265734266,0.07342657342657345,0.031407035175879394,0.052262443438914064,0.5,0.5,0.5043331748534061,0.4963451311510767,0.0,0.0,0.0,100.0,97.0,0.0,0.6,21.5,18.0,186.0,440.0,15.6,5.2,89.0,1367.0,0.12,1.0,0.75,0.85,89.0,89.0,30.0,40.0,107.53695107200164,-17.536951072001646,83.26980582406063,0.0,0.0,0.0,0.0,0.0,0.0,0.36134078405033887,100.0,23.77777777777778,50.5,100.02000000000001,0.12,0.13175306,0.121643364,279.77975,0.1624549,0.2,0.0,0.0,0.0,0.0,0.0,32.72692307692308,65.32692307692307,44.11538461538461,44.11538461538461,False,50.5,62.65,1.35,0.0,,100.0,False,50.0,0.0,0.0,0.0,0.0,2026-10-04T05:30,interpolated_hourly,3,E,sun below horizon — no direct-sun posture,,,,not specified,Environmental scores are skin-type independent.,not personalized
2026-10-04 06:00:00,0.0,0.0,0.0,34.03202,-118.52633,86.0,42.10615158081055,0.923076923076923,0.07692307692307696,0.020938023450586263,0.03484162895927606,0.5,0.5,0.5035491162658794,0.4971586813040158,0.0,0.0,0.0,100.0,94.0,0.0,0.6,21.5,18.0,186.0,440.0,15.6,5.2,89.0,1367.0,0.12,1.0,0.75,0.85,89.0,89.0,30.0,40.0,101.37342107140942,-11.37342107140942,87.72336827746392,0.0,0.0,0.0,0.0,0.0,0.0,0.36658290322382947,100.0,23.88888888888889,49.0,100.02000000000001,0.12,0.13175306,0.121643364,279.77975,0.1624549,0.2,0.0,0.0,0.0,0.0,0.0,32.684615384615384,65.58461538461538,44.176923076923075,44.176923076923075,False,49.0,62.4,1.4,0.0,,100.0,False,50.0,0.0,0.0,0.0,0.0,2026-10-04T06:00,interpolated_hourly,3,E,sun below horizon — no direct-sun posture,,,,not specified,Environmental scores are skin-type independent.,not personalized
2026-10-04 06:30:00,0.0,0.5,12.4,34.03202,-118.52633,86.0,42.10615158081055,0.9195804195804196,0.08041958041958044,0.010469011725293131,0.017420814479638003,0.5,0.5,0.5027650576783526,0.4979722314569549,0.0,0.0,0.0,100.0,91.0,0.0,0.675,21.5,18.0,186.0,440.0,15.6,5.2,89.0,1367.0,0.12,1.0,0.75,0.85,89.0,89.0,30.0,40.0,94.99369004341776,-4.993690043417752,91.92683686018907,0.3361376883495406,0.9237314821441265,0.31379389912166256,0.0,0.0,0.0,0.3718250223973202,100.0,24.02777777777778,47.5,100.02000000000001,0.12,0.13175306,0.121643364,279.77975,0.1624549,0.2,0.0,0.0,0.0,0.2,1.6,32.642307692307696,65.84230769230768,44.238461538461536,44.238461538461536,False,47.5,62.2,1.15,0.0,,100.0,False,50.0,0.0,0.0,0.0,0.0,2026-10-04T06:30,interpolated_hourly,3,E,sun below horizon — no direct-sun posture,,,,not specified,Environmental scores are skin-type independent.,not personalized
2026-10-04 07:00:00,1.0,1.0,24.8,34.03202,-118.52633,86.0,42.10615158081055,0.916083916083916,0.08391608391608395,0.0,0.0,0.5,0.5,0.5019809990908257,0.49878578160989395,0.0,0.0,0.0,100.0,88.0,0.0,0.75,21.5,18.0,186.0,440.0,15.6,5.2,89.0,1367.0,0.12,1.0,0.75,0.85,89.0,89.0,30.0,40.0,88.61395901542609,1.3860409845739157,96.13030544291422,0.6722753766990812,1.847462964288253,0.6275877982433251,0.0,0.0,0.0,0.3770671415708108,100.0,24.166666666666668,46.0,100.02000000000001,0.12,0.13175306,0.121643364,279.77975,0.1624549,0.2,0.694,0.0111,0.3,0.4,3.2,32.6,66.1,44.3,44.3,False,46.0,62.0,0.9,0.0,88.6,100.0,False,50.0,0.8,0.8,0.0,0.0,2026-10-04T07:00,interpolated_hourly,3,E,"sun low 1° (E) — face E, lift torso ~89° toward the sun if comfortable",,,,not specified,Environmental scores are skin-type independent.,not personalized
2026-10-04 07:30:00,1.0,85.65,169.05,34.03202,-118.52633,86.0,42.10615158081055,0.9125874125874126,0.08741258741258744,0.19377568995889605,0.1932652409830833,0.5,0.5,0.501196940503299,0.49959933176283305,0.5,0.0,-0.05000000000000426,100.0,85.0,24.5,0.875,21.5,18.0,186.0,440.0,15.6,5.2,89.0,1367.0,0.12,1.0,0.75,0.85,89.0,89.0,30.0,40.0,82.65410633459814,7.345893665401853,100.49485429530318,69.02972616767049,174.82544608704183,28.984365561475173,33.0,120.2,16.5,0.38230926074430144,100.0,24.52777777777778,44.0,100.025,0.12,0.13175306,0.121643364,279.77975,0.1624549,0.2,1.8493999999999997,0.019745176626204185,1.7692187893842506,9.000000000000002,23.999999999999996,38.8,50.05,42.75,42.75,False,44.0,61.95,0.9,0.0,82.7,100.0,False,50.0,4.7,4.7,0.2091650066335189,33.038153340376425,2026-10-04T07:30,interpolated_hourly,3,E,"sun low 7° (E) — face E, lift torso ~83° toward the sun if comfortable",,,,not specified,Environmental scores are skin-type independent.,not personalized
2026-10-04 08:00:00,1.0,170.3,313.3,34.03202,-118.52633,86.0,42.10615158081055,0.9090909090909091,0.09090909090909094,0.3875513799177921,0.3865304819661666,0.5,0.5,0.5004128819157722,0.5004128819157722,1.0,0.0,-0.10000000000000853,100.0,82.0,49.0,1.0,21.5,18.0,186.0,440.0,15.6,5.2,89.0,1367.0,0.12,1.0,0.75,0.85,89.0,89.0,30.0,40.0,76.6942536537702,13.305746346229789,104.85940314769215,137.3871769586419,347.8034292097954,57.34114332470702,66.0,240.4,33.0,0.3875513799177921,100.0,24.88888888888889,42.0,100.03,0.12,0.13175306,0.121643364,279.77975,0.1624549,0.2,4.59,0.0361,4.3,17.6,44.8,45.0,34.0,41.2,41.2,False,42.0,61.9,0.9,0.0,76.7,100.0,False,50.0,9.4,9.4,0.5,121.1,2026-10-04T08:00,interpolated_hourly,3,ESE,"sun low 13° (ESE) — face ESE, lift torso ~77° toward the sun if comfortable",,,,not specified,Environmental scores are skin-type independent.,not personalized
2026-10-04 08:30:00,1.0,308.95000000000005,444.79999999999995,34.03202,-118.52633,86.0,42.10615158081055,0.9545454545454546,0.04545454545454547,0.5087890947846333,0.5081186159613932,0.6365248226950355,0.36347517730496454,0.6366765429143479,0.36373633900142427,1.0,0.0,-0.05000000000000426,88.0,68.0,61.9,1.0,21.5,18.0,186.0,440.0,15.6,5.2,89.0,1367.0,0.12,1.0,0.75,0.85,89.0,89.0,30.0,40.0,70.8695168853416,19.130483114658404,109.81282012554024,240.24356901286689,468.74456535863925,75.82346447801991,174.0,452.55000000000007,48.5,0.5087890947846333,90.5,25.583333333333336,39.5,100.03,0.12,0.13175306,0.121643364,279.77975,0.1624549,0.2,9.72051120431156,0.11600175737861643,9.685962818150735,27.6,49.05,52.6,40.25,48.3,48.3,False,39.5,62.15,1.0,0.0,70.9,100.0,False,50.0,17.0,17.0,1.213915418361411,228.22971877785946,2026-10-04T08:30,interpolated_hourly,3,ESE,"sun low 19° (ESE) — face ESE, lift torso ~71° toward the sun if comfortable",,,,not specified,Environmental scores are skin-type independent.,not personalized
2026-10-04 09:00:00,1.0,447.6,576.3,34.03202,-118.52633,86.0,42.10615158081055,1.0,0.0,0.6300268096514745,0.6297067499566198,0.7730496453900709,0.22695035460992907,0.7729402039129237,0.22705979608707635,1.0,0.0,0.0,76.0,54.0,74.8,1.0,21.5,18.0,186.0,440.0,15.6,5.2,89.0,1367.0,0.12,1.0,0.75,0.85,89.0,89.0,30.0,40.0,65.04478011691299,24.955219883087018,114.76623710338833,343.0999610670919,589.685701507483,94.30578563133281,282.0,664.7,64.0,0.6300268096514745,81.0,26.27777777777778,37.0,100.03,0.12,0.13175306,0.121643364,279.77975,0.1624549,0.2,16.024,0.2028,16.0,37.6,53.3,60.2,46.5,55.4,55.4,False,37.0,62.4,1.1,0.0,65.0,100.0,False,50.0,24.7,24.7,2.0,362.9,2026-10-04T09:00,interpolated_hourly,3,ESE,"sun low 25° (ESE) — face ESE, lift torso ~65° toward the sun if comfortable",,,,not specified,Environmental scores are skin-type independent.,not personalized
2026-10-04 09:30:00,1.0,568.95,686.0999999999999,34.03202,-118.52633,86.0,42.10615158081055,0.9927536231884058,0.007246376811594236,0.667034265321174,0.6667820092288439,0.8031914893617021,0.19680851063829785,0.8031070173438235,0.19689298265617652,1.0,0.0,0.0,60.0,41.0,79.25,1.0,21.5,18.0,186.0,440.0,15.6,5.2,89.0,1367.0,0.12,1.0,0.75,0.85,89.0,89.0,30.0,40.0,59.71652780049257,30.283472199507433,120.85421277286119,434.3781075982149,647.2611123825465,104.771621530971,384.0,733.05,72.5,0.667034265321174,68.0,27.13888888888889,34.0,100.03999999999999,0.12,0.13175306,0.121643364,279.77975,0.1624549,0.2,22.17355485412886,0.40004973689090084,21.86447391078762,46.400000000000006,50.0,61.6,50.4,57.7,57.7,False,34.0,62.55,1.7,0.0,59.7,100.0,False,50.0,30.8,30.8,2.7006733081771026,461.78022528700166,2026-10-04T09:30,interpolated_hourly,3,ESE,"sun 30° up (ESE) — lay flat, or lift torso ~60° toward ESE to face it",,,,not specified,Environmental scores are skin-type independent.,not personalized
2026-10-04 10:00:00,1.0,690.3,795.9,34.03202,-118.52633,86.0,42.10615158081055,0.9855072463768115,0.01449275362318847,0.7040417209908736,0.703857268501068,0.8333333333333334,0.16666666666666666,0.8332738307747233,0.1667261692252767,1.0,0.0,0.0,44.0,28.0,83.7,1.0,21.5,18.0,186.0,440.0,15.6,5.2,89.0,1367.0,0.12,1.0,0.75,0.85,89.0,89.0,30.0,40.0,54.38827548407215,35.61172451592785,126.94218844233404,525.6562541293379,704.8365232576099,115.2374574306092,486.0,801.4,81.0,0.7040417209908736,55.0,28.000000000000004,31.0,100.05,0.12,0.13175306,0.121643364,279.77975,0.1624549,0.2,28.301,0.5971,27.7,55.2,46.7,63.0,54.3,60.0,60.0,False,31.0,62.7,2.3,0.0,54.4,100.0,False,50.0,36.3,36.3,3.4,560.2,2026-10-04T10:00,interpolated_hourly,2,SE,"sun 36° up (SE) — lay flat, or lift torso ~54° toward SE to face it",,,,not specified,Environmental scores are skin-type independent.,not personalized
2026-10-04 10:30:00,1.0,786.05,876.5,34.03202,-118.52633,86.0,42.10615158081055,0.9927536231884058,0.007246376811594234,0.7228532487921027,0.7226840412090545,0.8509174311926606,0.14908256880733944,0.8509049159509801,0.14909508404901992,1.0,0.0,5.684341886080802e-14,32.5,13.999999999999998,87.7,1.0,21.5,18.0,186.0,440.0,15.6,5.2,89.0,1367.0,0.12,1.0,0.75,0.85,89.0,89.0,30.0,40.0,49.977579029970364,40.022420970029636,134.85742205124095,593.8491428877956,733.9375895399766,121.5471452867036,570.0,840.8499999999999,83.5,0.7228532487921027,44.0,28.638888888888893,29.0,100.03999999999999,0.12,0.13175306,0.121643364,279.77975,0.1624549,0.2,33.77989648502407,0.766049832806223,33.223352218613634,63.5,44.45,67.45,57.65,64.05,64.05,False,29.0,62.8,2.8499999999999996,0.0,50.0,100.0,False,50.0,41.6,41.6,4.088876899188367,639.2818477293085,2026-10-04T10:30,interpolated_hourly,2,SE,"sun 40° up (SE) — lay flat, or lift torso ~50° toward SE to face it",,,,not specified,Environmental scores are skin-type independent.,not personalized
2026-10-04 11:00:00,1.0,881.8,957.1,34.03202,-118.52633,86.0,42.10615158081055,1.0,0.0,0.7416647765933319,0.7415108139170411,0.8685015290519877,0.13149847094801223,0.8685360011272367,0.13146399887276314,1.0,0.0,1.1368683772161603e-13,21.0,0.0,91.7,1.0,21.5,18.0,186.0,440.0,15.6,5.2,89.0,1367.0,0.12,1.0,0.75,0.85,89.0,89.0,30.0,40.0,45.566882575868576,44.433117424131424,142.77265566014785,662.0420316462533,763.0386558223432,127.856833142798,654.0,880.3,86.0,0.7416647765933319,33.0,29.277777777777782,27.0,100.03,0.12,0.13175306,0.121643364,279.77975,0.1624549,0.2,38.801,0.9298,38.3,71.8,42.2,71.9,61.0,68.1,68.1,False,27.0,62.9,3.4,0.0,45.6,100.0,False,50.0,46.3,46.3,4.75,709.7,2026-10-04T11:00,interpolated_hourly,1,SE,"sun 44° up (SE) — lay flat, or lift torso ~46° toward SE to face it",,,,not specified,Environmental scores are skin-type independent.,not personalized
2026-10-04 11:30:00,1.0,945.45,1003.0,34.03202,-118.52633,86.0,42.10615158081055,0.9958677685950413,0.004132231404958664,0.7543424467646076,0.7542524038123675,0.8864471469549344,0.11355285304506554,0.886474339904824,0.11352566009517585,1.0,0.0,5.684341886080802e-14,21.5,0.0,95.2,1.0,21.5,18.0,186.0,440.0,15.6,5.2,89.0,1367.0,0.12,1.0,0.75,0.85,89.0,89.0,30.0,40.0,42.7332821562062,47.2667178437938,153.01519818059614,701.138019159117,776.3754454672851,131.1241596343349,714.0,914.3499999999999,80.0,0.7543424467646076,25.5,29.47222222222223,26.5,100.015,0.12,0.13175306,0.121643364,279.77975,0.1624549,0.2,42.42403403705873,1.0662895535323482,42.60748859787479,79.05,49.3,81.2,61.65,74.35,74.35,False,26.5,62.95,4.15,0.0,42.7,100.0,False,50.0,51.6,51.6,5.397472665853343,763.4440457187685,2026-10-04T11:30,interpolated_hourly,1,SSE,"sun 47° up (SSE) — lay flat, or lift torso ~43° toward SSE to face it",,,,not specified,Environmental scores are skin-type independent.,not personalized
2026-10-04 12:00:00,1.0,1009.1,1048.9,34.03202,-118.52633,86.0,42.10615158081055,0.9917355371900827,0.008264462809917328,0.7670201169358835,0.7669939937076937,0.9043927648578811,0.09560723514211886,0.9044126786824115,0.09558732131758857,1.0,0.0,0.0,22.0,0.0,98.7,1.0,21.5,18.0,186.0,440.0,15.6,5.2,89.0,1367.0,0.12,1.0,0.75,0.85,89.0,89.0,30.0,40.0,39.899681736543826,50.100318263456174,163.25774070104444,740.2340066719806,789.7122351122268,134.39148612587178,774.0,948.4,74.0,0.7670201169358835,18.0,29.66666666666667,26.0,100.0,0.12,0.13175306,0.121643364,279.77975,0.1624549,0.2,45.342,1.1939,46.3,86.3,56.4,90.5,62.3,80.6,80.6,False,26.0,63.0,4.9,0.0,39.9,100.0,False,50.0,56.3,56.3,6.0,804.5,2026-10-04T12:00,interpolated_hourly,0,SSE,"sun 50° up (SSE) — lay flat, or lift torso ~40° toward SSE to face it",,,,not specified,Environmental scores are skin-type independent.,not personalized
2026-10-04 12:30:00,1.0,1036.2,1056.95,34.03202,-118.52633,86.0,42.10615158081055,0.9958677685950413,0.004132231404958664,0.7700425516495462,0.7699758700932835,0.9071842169788189,0.09281578302118108,0.9071990507114681,0.09280094928853189,1.0,0.0,0.0,22.5,0.0,98.75,1.0,21.5,18.0,186.0,440.0,15.6,5.2,89.0,1367.0,0.12,1.0,0.75,0.85,89.0,89.0,30.0,40.0,39.366911732029145,50.633088267970855,175.06467537453963,747.1220226725675,791.8628691731412,134.94661948575077,798.0,955.2,74.0,0.7700425516495462,12.5,29.66666666666667,26.5,99.965,0.12,0.13175306,0.121643364,279.77975,0.1624549,0.2,47.1205893562565,1.238499097398253,48.02167440169459,88.55,61.45,91.75,64.85,82.3,82.3,False,26.5,63.2,5.75,0.5,39.4,100.0,False,50.0,58.5,58.5,6.203043171736729,821.2588289575947,2026-10-04T12:30,interpolated_hourly,0,S,"sun 51° up (S) — lay flat, or lift torso ~39° toward S to face it",,,,not specified,Environmental scores are skin-type independent.,not personalized
2026-10-04 13:00:00,1.0,1063.3,1065.0,34.03202,-118.52633,86.0,42.10615158081055,1.0,0.0,0.7730649863632089,0.7729577464788733,0.9099756690997567,0.09002433090024331,0.9099854227405247,0.0900145772594752,1.0,0.0,0.0,23.0,0.0,98.8,1.0,21.5,18.0,186.0,440.0,15.6,5.2,89.0,1367.0,0.12,1.0,0.75,0.85,89.0,89.0,30.0,40.0,38.834141727514464,51.165858272485536,186.87161004803482,754.0100386731544,794.0135032340555,135.50175284562977,822.0,962.0,74.0,0.7730649863632089,7.0,29.66666666666667,27.0,99.92999999999999,0.12,0.13175306,0.121643364,279.77975,0.1624549,0.2,48.049,1.2719,49.1,90.8,66.5,93.0,67.4,84.0,84.0,False,27.0,63.4,6.6,1.0,38.8,100.0,False,50.0,60.2,60.2,6.35,823.2,2026-10-04T13:00,interpolated_hourly,0,S,"sun 51° up (S) — lay flat, or lift torso ~39° toward S to face it",,,,not specified,Environmental scores are skin-type independent.,not personalized
2026-10-04 13:30:00,1.0,1052.1,1034.6499999999999,34.03202,-118.52633,86.0,42.10615158081055,1.0,0.0,0.771295678886283,0.7712244671854688,0.9087955748744726,0.0912044251255274,0.9087970591963493,0.09120294080365066,1.0,0.0,0.0,23.0,0.0,98.75,1.0,21.5,18.0,186.0,440.0,15.6,5.2,89.0,1367.0,0.12,1.0,0.75,0.85,89.0,89.0,30.0,40.0,40.77832099381017,49.22167900618983,197.9737096287064,728.1533247826217,785.6441449068291,133.38741160180894,811.5,958.7,74.0,0.771295678886283,3.4999999999999996,29.638888888888893,27.5,99.905,0.12,0.13175306,0.121643364,279.77975,0.1624549,0.2,47.59568574863371,1.2373282713297309,48.38029489297126,89.19999999999999,69.95,91.35,69.65,83.75,83.75,False,27.5,63.55,7.25,1.0,40.8,100.0,False,50.0,59.7,59.7,6.228078167034164,805.2442301883648,2026-10-04T13:30,interpolated_hourly,0,SSW,"sun 49° up (SSW) — lay flat, or lift torso ~41° toward SSW to face it",,,,not specified,Environmental scores are skin-type independent.,not personalized
2026-10-04 14:00:00,1.0,1040.9,1004.3,34.03202,-118.52633,86.0,42.10615158081055,1.0,0.0,0.7695263714093572,0.7694911878920642,0.9076154806491885,0.09238451935081149,0.907608695652174,0.0923913043478261,1.0,0.0,0.0,23.0,0.0,98.7,1.0,21.5,18.0,186.0,440.0,15.6,5.2,89.0,1367.0,0.12,1.0,0.75,0.85,89.0,89.0,30.0,40.0,42.72250026010588,47.27749973989412,209.07580920937798,702.296610892089,777.2747865796025,131.2730703579881,801.0,955.4,74.0,0.7695263714093572,0.0,29.61111111111111,28.0,99.88,0.12,0.13175306,0.121643364,279.77975,0.1624549,0.2,46.286,1.1916,47.0,87.6,73.4,89.7,71.9,83.5,83.5,False,28.0,63.7,7.9,1.0,42.7,100.0,False,50.0,58.8,58.8,6.05,772.8,2026-10-04T14:00,interpolated_hourly,0,SSW,"sun 47° up (SSW) — lay flat, or lift torso ~43° toward SSW to face it",,,,not specified,Environmental scores are skin-type independent.,not personalized
2026-10-04 14:30:00,1.0,992.1,937.65,34.03202,-118.52633,86.0,42.10615158081055,1.0,0.0,0.7626917344166473,0.762587155369683,0.904719381278311,0.09528061872168905,0.9047311178048169,0.09526888219518317,1.0,0.0,0.0,23.0,0.0,95.80000000000001,1.0,21.5,18.0,186.0,440.0,15.6,5.2,89.0,1367.0,0.12,1.0,0.75,0.85,89.0,89.0,30.0,40.0,46.567908237578266,43.432091762421734,217.94341374053226,645.7093633677175,755.6744138234503,126.30512506089468,757.0,944.05,72.0,0.7626917344166473,0.0,29.63888888888889,28.0,99.86,0.12,0.13175306,0.121643364,279.77975,0.1624549,0.2,43.295574962161375,1.034444524868205,43.53351204369982,80.69999999999999,73.1,76.5,73.2,75.35,75.35,False,28.0,63.75,8.15,1.5,46.6,100.0,False,50.0,54.6,54.6,5.523464770423889,721.6181298071552,2026-10-04T14:30,interpolated_hourly,0,SW,"sun 43° up (SW) — lay flat, or lift torso ~47° toward SW to face it",,,,not specified,Environmental scores are skin-type independent.,not personalized
2026-10-04 15:00:00,1.0,943.3,871.0,34.03202,-118.52633,86.0,42.10615158081055,1.0,0.0,0.7558570974239373,0.755683122847302,0.9018232819074333,0.09817671809256662,0.9018535399574598,0.09814646004254024,1.0,0.0,0.0,23.0,0.0,92.9,1.0,21.5,18.0,186.0,440.0,15.6,5.2,89.0,1367.0,0.12,1.0,0.75,0.85,89.0,89.0,30.0,40.0,50.413316215050656,39.586683784949344,226.81101827168652,589.122115843346,734.0740410672983,121.33717976380126,713.0,932.7,70.0,0.7558570974239373,0.0,29.66666666666667,28.0,99.84,0.12,0.13175306,0.121643364,279.77975,0.1624549,0.2,39.571,0.8685,39.5,73.8,72.8,63.3,74.5,67.2,67.2,False,28.0,63.8,8.4,2.0,50.4,100.0,False,50.0,49.9,49.9,4.95,658.2,2026-10-04T15:00,interpolated_hourly,0,SW,"sun 40° up (SW) — lay flat, or lift torso ~50° toward SW to face it",,,,not specified,Environmental scores are skin-type independent.,not personalized
2026-10-04 15:30:00,1.0,860.2,772.5,34.03202,-118.52633,86.0,42.10615158081055,1.0,0.0,0.7446767149711373,0.7444587721061435,0.8912625181466991,0.10873748185330084,0.8912343377650512,0.1087656622349488,1.0,0.0,0.0,23.5,0.0,88.5,1.0,21.5,18.0,186.0,440.0,15.6,5.2,89.0,1367.0,0.12,1.0,0.75,0.85,89.0,89.0,30.0,40.0,55.42366979013276,34.57633020986724,233.57081948155064,506.5041377290844,690.8401396194477,112.8389679129553,641.5,908.45,69.0,0.7446767149711373,0.0,29.66666666666667,28.5,99.82,0.12,0.13175306,0.121643364,279.77975,0.1624549,0.2,35.023975792559405,0.6913861144934722,34.788704806453744,65.7,82.4,58.15,75.75,64.3,64.3,False,28.5,64.0,8.45,2.0,55.4,100.0,False,50.0,45.7,45.7,4.340923198351263,580.4505601976769,2026-10-04T15:30,interpolated_hourly,0,SW,"sun 35° up (SW) — lay flat, or lift torso ~55° toward SW to face it",,,,not specified,Environmental scores are skin-type independent.,not personalized
2026-10-04 16:00:00,1.0,777.1,674.0,34.03202,-118.52633,86.0,42.10615158081055,1.0,0.0,0.7334963325183373,0.7332344213649852,0.8807017543859649,0.11929824561403508,0.8806151355726427,0.11938486442735735,1.0,0.0,0.0,24.0,0.0,84.1,1.0,21.5,18.0,186.0,440.0,15.6,5.2,89.0,1367.0,0.12,1.0,0.75,0.85,89.0,89.0,30.0,40.0,60.43402336521487,29.565976634785134,240.33062069141477,423.88615961482276,647.606238171597,104.34075606210934,570.0,884.2,68.0,0.7334963325183373,0.0,29.66666666666667,29.0,99.8,0.12,0.13175306,0.121643364,279.77975,0.1624549,0.2,29.964,0.5092,29.7,57.6,92.0,53.0,77.0,61.4,61.4,False,29.0,64.2,8.5,2.0,60.4,100.0,False,50.0,41.0,41.0,3.7,494.2,2026-10-04T16:00,interpolated_hourly,0,WSW,"sun low 30° (WSW) — face WSW, lift torso ~60° toward the sun if comfortable",,,,not specified,Environmental scores are skin-type independent.,not personalized
2026-10-04 16:30:00,1.0,665.4499999999999,550.4,34.03202,-118.52633,86.0,42.10615158081055,1.0,0.0,0.7143465772378614,0.7140867514510024,0.8663249031670084,0.13367509683299156,0.8661335961072923,0.13369782668434624,1.0,0.0,0.05000000000001137,25.0,0.0,78.19999999999999,1.0,21.5,18.0,186.0,440.0,15.6,5.2,89.0,1367.0,0.12,1.0,0.75,0.85,89.0,89.0,30.0,40.0,66.09327138497646,23.906728615023546,245.67615376820947,323.7645931813335,559.9382476184426,90.05277680309673,477.5,847.75,62.5,0.7143465772378614,0.0,29.583333333333336,29.0,99.78999999999999,0.12,0.13175306,0.121643364,279.77975,0.1624549,0.2,24.138168557586344,0.3273746643521613,23.93735583381471,48.8,95.8,43.4,77.9,55.5,55.5,False,29.0,64.1,8.2,2.5,66.1,100.0,False,50.0,34.7,34.7,2.9802314150785802,396.7918119055289,2026-10-04T16:30,interpolated_hourly,0,WSW,"sun low 24° (WSW) — face WSW, lift torso ~66° toward the sun if comfortable",,,,not specified,Environmental scores are skin-type independent.,not personalized
2026-10-04 17:00:00,1.0,553.8,426.8,34.03202,-118.52633,86.0,42.10615158081055,1.0,0.0,0.6951968219573854,0.6949390815370197,0.8519480519480519,0.14805194805194805,0.8516520566419419,0.14801078894133513,1.0,0.0,0.10000000000002274,26.0,0.0,72.3,1.0,21.5,18.0,186.0,440.0,15.6,5.2,89.0,1367.0,0.12,1.0,0.75,0.85,89.0,89.0,30.0,40.0,71.75251940473805,18.247480595261955,251.02168684500415,223.64302674784426,472.2702570652882,75.76479754408413,385.0,811.3,57.0,0.6951968219573854,0.0,29.499999999999996,29.0,99.78,0.12,0.13175306,0.121643364,279.77975,0.1624549,0.2,18.143,0.1444,18.0,40.0,99.6,33.8,78.8,49.6,49.6,False,29.0,64.0,7.9,3.0,71.8,100.0,False,50.0,28.0,28.0,2.25,296.6,2026-10-04T17:00,interpolated_hourly,0,WSW,"sun low 18° (WSW) — face WSW, lift torso ~72° toward the sun if comfortable",,,,not specified,Environmental scores are skin-type independent.,not personalized
2026-10-04 17:30:00,1.0,421.09999999999997,286.55,34.03202,-118.52633,86.0,42.10615158081055,1.0,0.0,0.6440616564710644,0.6427532044732261,0.8031670084301663,0.19683299156983367,0.8031408431357858,0.19669057965585274,1.0,0.0,0.05000000000001137,25.0,0.0,63.65,1.0,21.5,18.0,186.0,440.0,15.6,5.2,89.0,1367.0,0.12,1.0,0.75,0.85,89.0,89.0,30.0,40.0,77.73072561261574,12.269274387384272,255.56619588233337,128.3732583846805,290.4566823785676,48.48162259628501,278.0,712.5,49.5,0.6440616564710644,0.0,29.305555555555557,29.0,99.78,0.12,0.13175306,0.121643364,279.77975,0.1624549,0.2,12.117037442414883,0.08974497150099463,12.205725851775993,30.65,99.8,33.8,82.85,51.0,51.0,False,29.0,63.7,7.2,3.5,77.7,100.0,False,50.0,21.4,21.4,1.5524253719282433,186.0497650916012,2026-10-04T17:30,interpolated_hourly,0,WSW,"sun low 12° (WSW) — face WSW, lift torso ~78° toward the sun if comfortable",,,,not specified,Environmental scores are skin-type independent.,not personalized
2026-10-04 18:00:00,1.0,288.4,146.3,34.03202,-118.52633,86.0,42.10615158081055,1.0,0.0,0.5929264909847435,0.5905673274094326,0.7543859649122807,0.24561403508771928,0.7546296296296297,0.24537037037037035,1.0,0.0,0.0,24.0,0.0,55.0,1.0,21.5,18.0,186.0,440.0,15.6,5.2,89.0,1367.0,0.12,1.0,0.75,0.85,89.0,89.0,30.0,40.0,83.70893182049342,6.291068179506587,260.11070491966257,33.10349002151675,108.64310769184706,21.19844764848589,171.0,613.7,42.0,0.5929264909847435,0.0,29.111111111111114,29.0,99.78,0.12,0.13175306,0.121643364,279.77975,0.1624549,0.2,6.801,0.0377,6.9,21.3,100.0,33.8,86.9,52.4,52.4,False,29.0,63.4,6.5,4.0,83.7,100.0,False,50.0,14.5,14.5,0.9,86.4,2026-10-04T18:00,interpolated_hourly,0,W,"sun low 6° (W) — face W, lift torso ~84° toward the sun if comfortable",,,,not specified,Environmental scores are skin-type independent.,not personalized
2026-10-04 18:30:00,1.0,162.39999999999998,73.15,34.03202,-118.52633,86.0,42.10615158081055,1.0,0.0,0.4612984103275366,0.5678531994321467,0.7521929824561404,0.24780701754385964,0.7519009771538674,0.2480760849619231,0.7251041666666667,0.0,0.0,23.0,0.0,43.75,1.0,21.5,18.0,186.0,440.0,15.6,5.2,89.0,1367.0,0.12,1.0,0.75,0.85,89.0,89.0,30.0,40.0,89.96134585646269,0.03865414353731467,264.3194681266177,16.551745010758374,54.32155384592353,10.599223824242944,91.5,367.1500000000001,22.5,0.4612984103275366,0.0,28.833333333333336,29.0,99.785,0.12,0.13175306,0.121643364,279.77975,0.1624549,0.2,0.0,0.0,0.0,10.65,50.0,33.79230769230769,86.88076923076923,52.388461538461534,52.388461538461534,False,29.0,63.05,5.6,5.0,90.0,100.0,False,50.0,1.7,1.7,0.0,0.0,2026-10-04T18:30,interpolated_hourly,0,W,"sun low 0° (W) — face W, lift torso ~90° toward the sun if comfortable",,,,not specified,Environmental scores are skin-type independent.,not personalized
2026-10-04 19:00:00,0.0,36.4,0.0,34.03202,-118.52633,86.0,42.10615158081055,1.0,0.0,0.32967032967032966,0.5451390714548608,0.75,0.25,0.749172324678105,0.25078179955347585,0.4502083333333333,0.0,0.0,22.0,0.0,32.5,1.0,21.5,18.0,186.0,440.0,15.6,5.2,89.0,1367.0,0.12,1.0,0.75,0.85,89.0,89.0,30.0,40.0,96.21375989243195,-6.213759892431958,268.52823133357293,0.0,0.0,0.0,12.0,120.6,3.0,0.32967032967032966,0.0,28.55555555555556,29.0,99.78999999999999,0.12,0.13175306,0.121643364,279.77975,0.1624549,0.2,0.0,0.0,0.0,0.0,0.0,33.784615384615385,86.86153846153847,52.37692307692308,52.37692307692308,False,29.0,62.7,4.7,6.0,,100.0,False,50.0,0.0,0.0,0.0,0.0,2026-10-04T19:00,interpolated_hourly,0,W,sun below horizon — no direct-sun posture,,,,not specified,Environmental scores are skin-type independent.,not personalized
2026-10-04 19:30:00,0.0,18.2,0.0,34.03202,-118.52633,86.0,42.10615158081055,1.0,0.0,0.3159340659340659,0.522424943477575,0.7472527472527473,0.25274725274725274,0.7464436722023428,0.25348751414502857,0.2251041666666667,0.0,0.0,22.0,0.0,16.25,0.8,21.5,18.0,186.0,440.0,15.6,5.2,89.0,1367.0,0.12,1.0,0.75,0.85,89.0,89.0,30.0,40.0,102.4213884587648,-12.421388458764806,272.80426972088264,0.0,0.0,0.0,6.0,60.300000000000004,1.5,0.336383073939635,0.0,28.277777777777782,29.5,99.8,0.12,0.13175306,0.121643364,279.77975,0.1624549,0.2,0.0,0.0,0.0,0.0,0.0,33.776923076923076,86.8423076923077,52.36538461538461,52.36538461538461,False,29.5,62.5,3.95,6.5,,100.0,False,50.0,0.0,0.0,0.0,0.0,2026-10-04T19:30,interpolated_hourly,0,W,sun below horizon — no direct-sun posture,,,,not specified,Environmental scores are skin-type independent.,not personalized
2026-10-04 20:00:00,0.0,0.0,0.0,34.03202,-118.52633,86.0,42.10615158081055,1.0,0.0,0.3021978021978022,0.4997108155002892,0.7445054945054945,0.2554945054945055,0.7437150197265805,0.25619322873658135,0.0,0.0,0.0,22.0,0.0,0.0,0.6,21.5,18.0,186.0,440.0,15.6,5.2,89.0,1367.0,0.12,1.0,0.75,0.85,89.0,89.0,30.0,40.0,108.62901702509765,-18.629017025097653,277.08030810819236,0.0,0.0,0.0,0.0,0.0,0.0,0.34309581820894036,0.0,28.000000000000004,30.0,99.81,0.12,0.13175306,0.121643364,279.77975,0.1624549,0.2,0.0,0.0,0.0,0.0,0.0,33.76923076923077,86.82307692307693,52.353846153846156,52.353846153846156,False,30.0,62.3,3.2,7.0,,100.0,False,50.0,0.0,0.0,0.0,0.0,2026-10-04T20:00,interpolated_hourly,0,W,sun below horizon — no direct-sun posture,,,,not specified,Environmental scores are skin-type independent.,not personalized
2026-10-04 20:30:00,0.0,0.0,0.0,34.03202,-118.52633,86.0,42.10615158081055,1.0,0.0,0.28846153846153844,0.4769966875230033,0.7417582417582418,0.25824175824175827,0.7409863672508181,0.25889894332813407,0.0,0.0,0.0,22.5,0.0,0.0,0.6,21.5,18.0,186.0,440.0,15.6,5.2,89.0,1367.0,0.12,1.0,0.75,0.85,89.0,89.0,30.0,40.0,114.71247296915473,-24.712472969154724,281.87944127008194,0.0,0.0,0.0,0.0,0.0,0.0,0.3498085624782457,0.0,27.72222222222223,31.0,99.825,0.12,0.13175306,0.121643364,279.77975,0.1624549,0.2,0.0,0.0,0.0,0.0,0.0,33.76153846153846,86.80384615384617,52.34230769230769,52.34230769230769,False,31.0,62.3,2.35,7.5,,100.0,False,50.0,0.0,0.0,0.0,0.0,2026-10-04T20:30,interpolated_hourly,0,WNW,sun below horizon — no direct-sun posture,,,,not specified,Environmental scores are skin-type independent.,not personalized
2026-10-04 21:00:00,0.0,0.0,0.0,34.03202,-118.52633,86.0,42.10615158081055,1.0,0.0,0.27472527472527475,0.4542825595457174,0.739010989010989,0.260989010989011,0.7382577147750559,0.2616046579196868,0.0,0.0,0.0,23.0,0.0,0.0,0.6,21.5,18.0,186.0,440.0,15.6,5.2,89.0,1367.0,0.12,1.0,0.75,0.85,89.0,89.0,30.0,40.0,120.7959289132118,-30.795928913211792,286.6785744319715,0.0,0.0,0.0,0.0,0.0,0.0,0.35652130674755106,0.0,27.44444444444445,32.0,99.84,0.12,0.13175306,0.121643364,279.77975,0.1624549,0.2,0.0,0.0,0.0,0.0,0.0,33.753846153846155,86.78461538461539,52.33076923076923,52.33076923076923,False,32.0,62.3,1.5,8.0,,100.0,False,50.0,0.0,0.0,0.0,0.0,2026-10-04T21:00,interpolated_hourly,0,WNW,sun below horizon — no direct-sun posture,,,,not specified,Environmental scores are skin-type independent.,not personalized
2026-10-04 21:30:00,0.0,0.0,0.0,34.03202,-118.52633,86.0,42.10615158081055,1.0,0.0,0.26098901098901095,0.4315684315684315,0.7362637362637363,0.26373626373626374,0.7355290622992936,0.26431037251123957,0.0,0.0,0.0,23.0,0.0,0.0,0.6,21.5,18.0,186.0,440.0,15.6,5.2,89.0,1367.0,0.12,1.0,0.75,0.85,89.0,89.0,30.0,40.0,126.53787118700967,-36.53787118700967,292.6672274264837,0.0,0.0,0.0,0.0,0.0,0.0,0.36323405101685646,0.0,27.138888888888893,33.5,99.86,0.12,0.13175306,0.121643364,279.77975,0.1624549,0.2,0.0,0.0,0.0,0.0,0.0,33.746153846153845,86.76538461538462,52.31923076923077,52.31923076923077,False,33.5,62.4,1.65,8.5,,100.0,False,50.0,0.0,0.0,0.0,0.0,2026-10-04T21:30,interpolated_hourly,0,WNW,sun below horizon — no direct-sun posture,,,,not specified,Environmental scores are skin-type independent.,not personalized
2026-10-04 22:00:00,0.0,0.0,0.0,34.03202,-118.52633,86.0,42.10615158081055,1.0,0.0,0.24725274725274726,0.40885430359114566,0.7335164835164836,0.2664835164835165,0.7328004098235312,0.2670160871027923,0.0,0.0,0.0,23.0,0.0,0.0,0.6,21.5,18.0,186.0,440.0,15.6,5.2,89.0,1367.0,0.12,1.0,0.75,0.85,89.0,89.0,30.0,40.0,132.27981346080753,-42.279813460807546,298.6558804209959,0.0,0.0,0.0,0.0,0.0,0.0,0.3699467952861618,0.0,26.833333333333332,35.0,99.88,0.12,0.13175306,0.121643364,279.77975,0.1624549,0.2,0.0,0.0,0.0,0.0,0.0,33.738461538461536,86.74615384615385,52.30769230769231,52.30769230769231,False,35.0,62.5,1.8,9.0,,100.0,False,50.0,0.0,0.0,0.0,0.0,2026-10-04T22:00,interpolated_hourly,0,WNW,sun below horizon — no direct-sun posture,,,,not specified,Environmental scores are skin-type independent.,not personalized
2026-10-04 22:30:00,0.0,0.0,0.0,34.03202,-118.52633,86.0,42.10615158081055,1.0,0.0,0.23351648351648352,0.3861401756138598,0.7307692307692307,0.2692307692307692,0.730071757347769,0.26972180169434506,0.0,0.0,0.0,23.5,0.0,0.0,0.6,21.5,18.0,186.0,440.0,15.6,5.2,89.0,1367.0,0.12,1.0,0.75,0.85,89.0,89.0,30.0,40.0,137.27019078484904,-47.270190784849035,306.9215907490377,0.0,0.0,0.0,0.0,0.0,0.0,0.37665953955546716,0.0,26.5,37.0,99.895,0.12,0.13175306,0.121643364,279.77975,0.1624549,0.2,0.0,0.0,0.0,0.0,0.0,33.730769230769226,86.72692307692309,52.29615384615384,52.29615384615384,False,37.0,62.7,2.5,9.5,,100.0,False,50.0,0.0,0.0,0.0,0.0,2026-10-04T22:30,interpolated_hourly,0,NW,sun below horizon — no direct-sun posture,,,,not specified,Environmental scores are skin-type independent.,not personalized
2026-10-04 23:00:00,0.0,0.0,0.0,34.03202,-118.52633,86.0,42.10615158081055,1.0,0.0,0.21978021978021978,0.36342604763657393,0.728021978021978,0.271978021978022,0.7273431048720066,0.2724275162858978,0.0,0.0,0.0,24.0,0.0,0.0,0.6,21.5,18.0,186.0,440.0,15.6,5.2,89.0,1367.0,0.12,1.0,0.75,0.85,89.0,89.0,30.0,40.0,142.2605681088905,-52.26056810889052,315.1873010770795,0.0,0.0,0.0,0.0,0.0,0.0,0.3833722838247725,0.0,26.166666666666664,39.0,99.91,0.12,0.13175306,0.121643364,279.77975,0.1624549,0.2,0.0,0.0,0.0,0.0,0.0,33.723076923076924,86.70769230769231,52.284615384615385,52.284615384615385,False,39.0,62.9,3.2,10.0,,100.0,False,50.0,0.0,0.0,0.0,0.0,2026-10-04T23:00,interpolated_hourly,0,NW,sun below horizon — no direct-sun posture,,,,not specified,Environmental scores are skin-type independent.,not personalized
2026-10-04 23:30:00,0.0,0.0,0.0,34.03202,-118.52633,86.0,42.10615158081055,1.0,0.0,0.20604395604395603,0.34071191965928804,0.7252747252747253,0.27472527472527475,0.7246144523962443,0.2751332308774505,0.0,0.0,0.0,24.0,0.0,0.0,0.6,21.5,18.0,186.0,440.0,15.6,5.2,89.0,1367.0,0.12,1.0,0.75,0.85,89.0,89.0,30.0,40.0,145.68221502094525,-55.68221502094528,327.08726628443674,0.0,0.0,0.0,0.0,0.0,0.0,0.39008502809407786,0.0,25.72222222222222,42.0,99.91,0.12,0.13175306,0.121643364,279.77975,0.1624549,0.2,0.0,0.0,0.0,0.0,0.0,33.715384615384615,86.68846153846154,52.27307692307692,52.27307692307692,False,42.0,63.15,3.35,10.0,,100.0,False,50.0,0.0,0.0,0.0,0.0,2026-10-04T23:30,interpolated_hourly,0,NNW,sun below horizon — no direct-sun posture,,,,not specified,Environmental scores are skin-type independent.,not personalized
2026-10-05 00:00:00,0.0,0.0,0.0,34.03202,-118.52633,86.0,42.10615158081055,1.0,0.0,0.1923076923076923,0.31799779168200215,0.7225274725274725,0.2774725274725275,0.7218857999204821,0.2778389454690033,0.0,0.0,0.0,24.0,0.0,0.0,0.6,21.5,18.0,186.0,440.0,15.6,5.2,89.0,1367.0,0.12,1.0,0.75,0.85,89.0,89.0,30.0,40.0,149.10386193300002,-59.10386193300003,338.9872314917939,0.0,0.0,0.0,0.0,0.0,0.0,0.3967977723633832,0.0,25.27777777777778,45.0,99.91,0.12,0.13175306,0.121643364,279.77975,0.1624549,0.2,0.0,0.0,0.0,0.0,0.0,33.707692307692305,86.66923076923078,52.261538461538464,52.261538461538464,False,45.0,63.4,3.5,10.0,,100.0,False,50.0,0.0,0.0,0.0,0.0,2026-10-05T00:00,interpolated_hourly,0,NNW,sun below horizon — no direct-sun posture,,,,not specified,Environmental scores are skin-type independent.,not personalized
2026-10-05 00:30:00,0.0,0.0,0.0,34.03202,-118.52633,86.0,42.10615158081055,1.0,0.0,0.17857142857142858,0.2952836637047163,0.7197802197802198,0.2802197802197802,0.7191571474447197,0.280544660060556,0.0,0.0,0.0,24.5,0.0,0.0,0.6,21.5,18.0,186.0,440.0,15.6,5.2,89.0,1367.0,0.12,1.0,0.75,0.85,89.0,89.0,30.0,40.0,149.78525558657765,-59.78525558657764,173.90922976141505,0.0,0.0,0.0,0.0,0.0,0.0,0.40351051663268855,0.0,24.805555555555557,48.0,99.905,0.12,0.13175306,0.121643364,279.77975,0.1624549,0.2,0.0,0.0,0.0,0.0,0.0,33.7,86.65,52.25,52.25,False,48.0,63.5,3.35,9.5,,100.0,False,50.0,0.0,0.0,0.0,0.0,2026-10-05T00:30,interpolated_hourly,0,S,sun below horizon — no direct-sun posture,,,,not specified,Environmental scores are skin-type independent.,not personalized
2026-10-05 01:00:00,0.0,0.0,0.0,34.03202,-118.52633,86.0,42.10615158081055,1.0,0.0,0.16483516483516483,0.2725695357274304,0.717032967032967,0.28296703296703296,0.7164284949689574,0.2832503746521088,0.0,0.0,0.0,25.0,0.0,0.0,0.6,21.5,18.0,186.0,440.0,15.6,5.2,89.0,1367.0,0.12,1.0,0.75,0.85,89.0,89.0,30.0,40.0,150.46664924015525,-60.46664924015525,8.831228031036176,0.0,0.0,0.0,0.0,0.0,0.0,0.4102232609019939,0.0,24.333333333333332,51.0,99.9,0.12,0.13175306,0.121643364,279.77975,0.1624549,0.2,0.0,0.0,0.0,0.0,0.0,33.69230769230769,86.63076923076923,52.238461538461536,52.238461538461536,False,51.0,63.6,3.2,9.0,,100.0,False,50.0,0.0,0.0,0.0,0.0,2026-10-05T01:00,interpolated_hourly,0,N,sun below horizon — no direct-sun posture,,,,not specified,Environmental scores are skin-type independent.,not personalized
2026-10-05 01:30:00,0.0,0.0,0.0,34.03202,-118.52633,86.0,42.10615158081055,1.0,0.0,0.1510989010989011,0.2498554077501446,0.7142857142857143,0.2857142857142857,0.7136998424931952,0.2859560892436615,0.0,0.0,0.0,25.0,0.0,0.0,0.6,21.5,18.0,186.0,440.0,15.6,5.2,89.0,1367.0,0.12,1.0,0.75,0.85,89.0,89.0,30.0,40.0,148.07365744063924,-58.07365744063924,22.347173181945834,0.0,0.0,0.0,0.0,0.0,0.0,0.41693600517129925,0.0,23.97222222222222,53.5,99.9,0.12,0.13175306,0.121643364,279.77975,0.1624549,0.2,0.0,0.0,0.0,0.0,0.0,33.684615384615384,86.61153846153847,52.22692307692308,52.22692307692308,False,53.5,63.7,3.05,8.5,,100.0,False,50.0,0.0,0.0,0.0,0.0,2026-10-05T01:30,interpolated_hourly,0,NNE,sun below horizon — no direct-sun posture,,,,not specified,Environmental scores are skin-type independent.,not personalized
2026-10-05 02:00:00,0.0,0.0,0.0,34.03202,-118.52633,86.0,42.10615158081055,1.0,0.0,0.13736263736263735,0.2271412797728587,0.7115384615384616,0.2884615384615385,0.7109711900174328,0.2886618038352142,0.0,0.0,0.0,25.0,0.0,0.0,0.6,21.5,18.0,186.0,440.0,15.6,5.2,89.0,1367.0,0.12,1.0,0.75,0.85,89.0,89.0,30.0,40.0,145.68066564112323,-55.68066564112322,35.86311833285549,0.0,0.0,0.0,0.0,0.0,0.0,0.4236487494406046,0.0,23.61111111111111,56.0,99.9,0.12,0.13175306,0.121643364,279.77975,0.1624549,0.2,0.0,0.0,0.0,0.0,0.0,33.676923076923075,86.5923076923077,52.215384615384615,52.215384615384615,False,56.0,63.8,2.9,8.0,,100.0,False,50.0,0.0,0.0,0.0,0.0,2026-10-05T02:00,interpolated_hourly,0,NE,sun below horizon — no direct-sun posture,,,,not specified,Environmental scores are skin-type independent.,not personalized
2026-10-05 02:30:00,0.0,0.0,0.0,34.03202,-118.52633,86.0,42.10615158081055,1.0,0.0,0.12362637362637363,0.2044271517955728,0.7087912087912088,0.29120879120879123,0.7082425375416705,0.291367518426767,0.0,0.0,0.0,25.0,0.0,0.0,0.6,21.5,18.0,186.0,440.0,15.6,5.2,89.0,1367.0,0.12,1.0,0.75,0.85,89.0,89.0,30.0,40.0,141.22659999156554,-51.22659999156554,45.531818899057214,0.0,0.0,0.0,0.0,0.0,0.0,0.43036149370990995,0.0,23.416666666666664,56.5,99.89500000000001,0.12,0.13175306,0.121643364,279.77975,0.1624549,0.2,0.0,0.0,0.0,0.0,0.0,33.66923076923077,86.57307692307693,52.20384615384616,52.20384615384616,False,56.5,63.65,2.75,7.5,,100.0,False,50.0,0.0,0.0,0.0,0.0,2026-10-05T02:30,interpolated_hourly,0,NE,sun below horizon — no direct-sun posture,,,,not specified,Environmental scores are skin-type independent.,not personalized
2026-10-05 03:00:00,0.0,0.0,0.0,34.03202,-118.52633,86.0,42.10615158081055,1.0,0.0,0.10989010989010989,0.18171302381828697,0.7060439560439561,0.29395604395604397,0.7055138850659083,0.2940732330183197,0.0,0.0,0.0,25.0,0.0,0.0,0.6,21.5,18.0,186.0,440.0,15.6,5.2,89.0,1367.0,0.12,1.0,0.75,0.85,89.0,89.0,30.0,40.0,136.77253434200787,-46.772534342007866,55.200519465258935,0.0,0.0,0.0,0.0,0.0,0.0,0.43707423797921535,0.0,23.22222222222222,57.0,99.89,0.12,0.13175306,0.121643364,279.77975,0.1624549,0.2,0.0,0.0,0.0,0.0,0.0,33.66153846153846,86.55384615384617,52.19230769230769,52.19230769230769,False,57.0,63.5,2.6,7.0,,100.0,False,50.0,0.0,0.0,0.0,0.0,2026-10-05T03:00,interpolated_hourly,0,NE,sun below horizon — no direct-sun posture,,,,not specified,Environmental scores are skin-type independent.,not personalized
2026-10-05 03:30:00,0.0,0.0,0.0,34.03202,-118.52633,86.0,42.10615158081055,1.0,0.0,0.09615384615384615,0.15899889584100108,0.7032967032967034,0.2967032967032967,0.7027852325901459,0.29677894760987245,0.0,0.0,0.0,25.5,0.0,0.0,0.6,21.5,18.0,186.0,440.0,15.6,5.2,89.0,1367.0,0.12,1.0,0.75,0.85,89.0,89.0,30.0,40.0,131.28454930113963,-41.28454930113962,61.99532155118152,0.0,0.0,0.0,0.0,0.0,0.0,0.4437869822485207,0.0,23.166666666666664,57.0,99.89,0.12,0.13175306,0.121643364,279.77975,0.1624549,0.2,0.0,0.0,0.0,0.0,0.0,33.65384615384615,86.53461538461539,52.18076923076923,52.18076923076923,False,57.0,63.4,2.45,7.0,,100.0,False,50.0,0.0,0.0,0.0,0.0,2026-10-05T03:30,interpolated_hourly,0,ENE,sun below horizon — no direct-sun posture,,,,not specified,Environmental scores are skin-type independent.,not personalized
2026-10-05 04:00:00,0.0,0.0,0.0,34.03202,-118.52633,86.0,42.10615158081055,1.0,0.0,0.0824175824175824,0.13628476786371518,0.7005494505494506,0.2994505494505495,0.7000565801143837,0.2994846622014252,0.0,0.0,0.0,26.0,0.0,0.0,0.6,21.5,18.0,186.0,440.0,15.6,5.2,89.0,1367.0,0.12,1.0,0.75,0.85,89.0,89.0,30.0,40.0,125.79656426027138,-35.79656426027138,68.7901236371041,0.0,0.0,0.0,0.0,0.0,0.0,0.45049972651782605,0.0,23.11111111111111,57.0,99.89,0.12,0.13175306,0.121643364,279.77975,0.1624549,0.2,0.0,0.0,0.0,0.0,0.0,33.646153846153844,86.51538461538462,52.16923076923077,52.16923076923077,False,57.0,63.3,2.3,7.0,,100.0,False,50.0,0.0,0.0,0.0,0.0,2026-10-05T04:00,interpolated_hourly,0,ENE,sun below horizon — no direct-sun posture,,,,not specified,Environmental scores are skin-type independent.,not personalized
2026-10-05 04:30:00,0.0,0.0,0.0,34.03202,-118.52633,86.0,42.10615158081055,1.0,0.0,0.06868131868131866,0.11357063988642935,0.6978021978021978,0.30219780219780223,0.6973279276386214,0.30219037679297794,0.0,0.0,0.0,26.0,0.0,0.0,0.6,21.5,18.0,186.0,440.0,15.6,5.2,89.0,1367.0,0.12,1.0,0.75,0.85,89.0,89.0,30.0,40.0,119.82894220072637,-29.828942200726374,73.99866698209769,0.0,0.0,0.0,0.0,0.0,0.0,0.4572124707871314,0.0,23.11111111111111,56.5,99.89,0.12,0.13175306,0.121643364,279.77975,0.1624549,0.2,0.0,0.0,0.0,0.0,0.0,33.63846153846154,86.49615384615385,52.15769230769231,52.15769230769231,False,56.5,63.15,2.4,6.5,,100.0,False,50.0,0.0,0.0,0.0,0.0,2026-10-05T04:30,interpolated_hourly,0,ENE,sun below horizon — no direct-sun posture,,,,not specified,Environmental scores are skin-type independent.,not personalized
2026-10-05 05:00:00,0.0,0.0,0.0,34.03202,-118.52633,86.0,42.10615158081055,1.0,0.0,0.054945054945054916,0.09085651190914346,0.695054945054945,0.30494505494505497,0.694599275162859,0.3048960913845307,0.0,0.0,0.0,26.0,0.0,0.0,0.6,21.5,18.0,186.0,440.0,15.6,5.2,89.0,1367.0,0.12,1.0,0.75,0.85,89.0,89.0,30.0,40.0,113.86132014118137,-23.861320141181366,79.20721032709127,0.0,0.0,0.0,0.0,0.0,0.0,0.46392521505643675,0.0,23.11111111111111,56.0,99.89,0.12,0.13175306,0.121643364,279.77975,0.1624549,0.2,0.0,0.0,0.0,0.0,0.0,33.63076923076923,86.47692307692309,52.146153846153844,52.146153846153844,False,56.0,63.0,2.5,6.0,,100.0,False,50.0,0.0,0.0,0.0,0.0,2026-10-05T05:00,interpolated_hourly,0,E,sun below horizon — no direct-sun posture,,,,not specified,Environmental scores are skin-type independent.,not personalized
2026-10-05 05:30:00,0.0,0.0,0.0,34.03202,-118.52633,86.0,42.10615158081055,1.0,0.0,0.04120879120879123,0.06814238393185756,0.6923076923076923,0.3076923076923077,0.6918706226870968,0.30760180597608344,0.0,0.0,0.0,26.0,0.0,0.0,0.6,21.5,18.0,186.0,440.0,15.6,5.2,89.0,1367.0,0.12,1.0,0.75,0.85,89.0,89.0,30.0,40.0,107.69314338697868,-17.693143386978683,83.64983900032865,0.0,0.0,0.0,0.0,0.0,0.0,0.4706379593257421,0.0,23.055555555555557,56.0,99.89500000000001,0.12,0.13175306,0.121643364,279.77975,0.1624549,0.2,0.0,0.0,0.0,0.0,0.0,33.62307692307692,86.45769230769231,52.13461538461539,52.13461538461539,False,56.0,62.9,2.6,6.0,,100.0,False,50.0,0.0,0.0,0.0,0.0,2026-10-05T05:30,interpolated_hourly,0,E,sun below horizon — no direct-sun posture,,,,not specified,Environmental scores are skin-type independent.,not personalized
2026-10-05 06:00:00,0.0,0.0,0.0,34.03202,-118.52633,86.0,42.10615158081055,1.0,0.0,0.027472527472527486,0.04542825595457167,0.6895604395604396,0.31043956043956045,0.6891419702113344,0.3103075205676362,0.0,0.0,0.0,26.0,0.0,0.0,0.6,21.5,18.0,186.0,440.0,15.6,5.2,89.0,1367.0,0.12,1.0,0.75,0.85,89.0,89.0,30.0,40.0,101.524966632776,-11.524966632775998,88.09246767356603,0.0,0.0,0.0,0.0,0.0,0.0,0.4773507035950475,0.0,23.000000000000004,56.0,99.9,0.12,0.13175306,0.121643364,279.77975,0.1624549,0.2,0.0,0.0,0.0,0.0,0.0,33.61538461538461,86.43846153846154,52.12307692307692,52.12307692307692,False,56.0,62.8,2.7,6.0,,100.0,False,50.0,0.0,0.0,0.0,0.0,2026-10-05T06:00,interpolated_hourly,0,E,sun below horizon — no direct-sun posture,,,,not specified,Environmental scores are skin-type independent.,not personalized
2026-10-05 06:30:00,0.0,0.4,10.55,34.03202,-118.52633,86.0,42.10615158081055,1.0,0.0,0.013736263736263743,0.02271412797728589,0.6868131868131868,0.3131868131868132,0.6864133177355721,0.31301323515918894,0.0,0.0,0.0,25.5,0.0,0.0,0.675,21.5,18.0,186.0,440.0,15.6,5.2,89.0,1367.0,0.12,1.0,0.75,0.85,89.0,89.0,30.0,40.0,95.13909920954245,-5.13909920954245,92.29164542709199,0.2557860342276291,0.6938748886938395,0.24068836224207865,0.0,0.0,0.0,0.48406344786435285,0.0,23.027777777777782,55.5,99.91499999999999,0.12,0.13175306,0.121643364,279.77975,0.1624549,0.2,0.0,0.0,0.0,0.45,3.3999999999999995,33.60769230769231,86.41923076923078,52.111538461538466,52.111538461538466,False,55.5,62.75,2.8,6.0,,100.0,False,50.0,0.0,0.0,0.0,0.0,2026-10-05T06:30,interpolated_hourly,0,E,sun below horizon — no direct-sun posture,,,,not specified,Environmental scores are skin-type independent.,not personalized
2026-10-05 07:00:00,1.0,0.8,21.1,34.03202,-118.52633,86.0,42.10615158081055,1.0,0.0,0.0,0.0,0.6840659340659341,0.315934065934066,0.6836846652598099,0.31571894975074166,0.0,0.0,0.0,25.0,0.0,0.0,0.75,21.5,18.0,186.0,440.0,15.6,5.2,89.0,1367.0,0.12,1.0,0.75,0.85,89.0,89.0,30.0,40.0,88.7532317863089,1.2467682136910987,96.49082318061795,0.5115720684552582,1.387749777387679,0.4813767244841573,0.0,0.0,0.0,0.4907761921336582,0.0,23.055555555555557,55.0,99.92999999999999,0.12,0.13175306,0.121643364,279.77975,0.1624549,0.2,0.774,0.0062,0.4,0.9,6.8,33.6,86.4,52.1,52.1,False,55.0,62.7,2.9,6.0,88.8,100.0,False,50.0,1.2,1.2,0.0,0.0,2026-10-05T07:00,interpolated_hourly,0,E,"sun low 1° (E) — face E, lift torso ~89° toward the sun if comfortable",,,,not specified,Environmental scores are skin-type independent.,not personalized
2026-10-05 07:30:00,1.0,83.69999999999999,165.29999999999998,34.03202,-118.52633,86.0,42.10615158081055,1.0,0.0,0.25210084033613445,0.2515347334410339,0.6813186813186813,0.3186813186813187,0.6809560127840475,0.31842466434229444,0.5,0.0,0.04999999999999716,25.0,0.0,30.6,0.875,21.5,18.0,186.0,440.0,15.6,5.2,89.0,1367.0,0.12,1.0,0.75,0.85,89.0,89.0,30.0,40.0,82.80778415287409,7.192215847125919,100.85681156488758,67.57188916311186,172.23169099511543,28.56770340892807,42.0,209.9,13.499999999999998,0.49748893640296354,0.0,23.27777777777778,54.0,99.94500000000001,0.12,0.13175306,0.121643364,279.77975,0.1624549,0.2,2.0744499999999997,0.014474218459039507,1.8976597102033255,9.450000000000001,26.85,40.1,75.05000000000001,52.35,52.35,False,54.0,62.8,2.9,6.0,82.8,100.0,False,50.0,5.2,5.2,0.2091650066335189,42.061611914351424,2026-10-05T07:30,interpolated_hourly,0,E,"sun low 7° (E) — face E, lift torso ~83° toward the sun if comfortable",,,,not specified,Environmental scores are skin-type independent.,not personalized
2026-10-05 08:00:00,1.0,166.6,309.5,34.03202,-118.52633,86.0,42.10615158081055,1.0,0.0,0.5042016806722689,0.5030694668820678,0.6785714285714286,0.32142857142857145,0.6782273603082852,0.32113037893384716,1.0,0.0,0.09999999999999432,25.0,0.0,61.2,1.0,21.5,18.0,186.0,440.0,15.6,5.2,89.0,1367.0,0.12,1.0,0.75,0.85,89.0,89.0,30.0,40.0,76.86233651943927,13.137663480560738,105.2227999491572,134.63220625776847,343.0756322128432,56.654030093371986,84.0,419.8,27.0,0.5042016806722689,0.0,23.5,53.0,99.96000000000001,0.12,0.13175306,0.121643364,279.77975,0.1624549,0.2,5.153,0.0284,4.6,18.0,46.9,46.6,63.7,52.6,52.6,False,53.0,62.9,2.9,6.0,76.9,100.0,False,50.0,10.3,10.3,0.5,155.7,2026-10-05T08:00,interpolated_hourly,0,ESE,"sun low 13° (ESE) — face ESE, lift torso ~77° toward the sun if comfortable",,,,not specified,Environmental scores are skin-type independent.,not personalized
2026-10-05 08:30:00,1.0,305.20000000000005,440.95,34.03202,-118.52633,86.0,42.10615158081055,1.0,0.0,0.5855843914853007,0.5848680667743673,0.7548262548262548,0.24517374517374518,0.7546011015377905,0.24507776808327578,1.0,0.0,0.04999999999999716,25.0,0.0,68.0,1.0,21.5,18.0,186.0,440.0,15.6,5.2,89.0,1367.0,0.12,1.0,0.75,0.85,89.0,89.0,30.0,40.0,71.05147103215012,18.948528967849875,110.18153813370145,237.22975719871118,465.1490790019422,75.27373692545254,190.0,588.35,38.5,0.5855843914853007,0.0,24.138888888888886,50.0,99.97,0.12,0.13175306,0.121643364,279.77975,0.1624549,0.2,10.47164677306956,0.11697470261171053,10.09172687423226,27.85,50.550000000000004,54.85,64.15,58.1,58.1,False,50.0,63.05,2.9,6.0,71.1,100.0,False,50.0,18.0,18.0,1.2061785412402815,260.4580969896433,2026-10-05T08:30,interpolated_hourly,0,ESE,"sun low 19° (ESE) — face ESE, lift torso ~71° toward the sun if comfortable",,,,not specified,Environmental scores are skin-type independent.,not personalized
2026-10-05 09:00:00,1.0,443.8,572.4,34.03202,-118.52633,86.0,42.10615158081055,1.0,0.0,0.6669671022983326,0.6666666666666667,0.831081081081081,0.16891891891891891,0.8309748427672956,0.1690251572327044,1.0,0.0,0.0,25.0,0.0,74.8,1.0,21.5,18.0,186.0,440.0,15.6,5.2,89.0,1367.0,0.12,1.0,0.75,0.85,89.0,89.0,30.0,40.0,65.24060554486098,24.75939445513901,115.1402763182457,339.8273081396539,587.2225257910412,93.89344375753308,296.0,756.9,50.0,0.6669671022983326,0.0,24.777777777777775,47.0,99.97999999999999,0.12,0.13175306,0.121643364,279.77975,0.1624549,0.2,16.449,0.2092,16.0,37.7,54.2,63.1,64.6,63.6,63.6,False,47.0,63.2,2.9,6.0,65.2,100.0,False,50.0,25.3,25.3,1.95,381.6,2026-10-05T09:00,interpolated_hourly,0,ESE,"sun low 25° (ESE) — face ESE, lift torso ~65° toward the sun if comfortable",,,,not specified,Environmental scores are skin-type independent.,not personalized
2026-10-05 09:30:00,1.0,565.05,682.0999999999999,34.03202,-118.52633,86.0,42.10615158081055,1.0,0.0,0.6919273803783663,0.6916940304790773,0.8494836299714348,0.15051637002856516,0.8494081262294628,0.15059187377053723,1.0,0.0,0.0,25.0,0.0,79.1,1.0,21.5,18.0,186.0,440.0,15.6,5.2,89.0,1367.0,0.12,1.0,0.75,0.85,89.0,89.0,30.0,40.0,59.93347516143892,30.066524838561072,121.23234985063922,430.9478148650311,645.2681393157692,104.40449696805015,394.0,803.65,57.5,0.6919273803783663,0.0,25.666666666666664,43.5,99.99,0.12,0.13175306,0.121643364,279.77975,0.1624549,0.2,22.514398949535767,0.3896049299508431,21.990241205899302,46.650000000000006,50.900000000000006,64.75,64.6,64.7,64.7,False,43.5,63.45,3.3,6.0,59.9,100.0,False,50.0,31.5,31.5,2.6798487724826567,476.27192178942624,2026-10-05T09:30,interpolated_hourly,0,ESE,"sun 30° up (ESE) — lay flat, or lift torso ~60° toward ESE to face it",,,,not specified,Environmental scores are skin-type independent.,not personalized
2026-10-05 10:00:00,1.0,686.3,791.8,34.03202,-118.52633,86.0,42.10615158081055,1.0,0.0,0.7168876584584002,0.7167213942914878,0.8678861788617886,0.13211382113821138,0.8678414096916299,0.13215859030837004,1.0,0.0,0.0,25.0,0.0,83.4,1.0,21.5,18.0,186.0,440.0,15.6,5.2,89.0,1367.0,0.12,1.0,0.75,0.85,89.0,89.0,30.0,40.0,54.626344778016865,35.373655221983135,127.32442338303275,522.0683215904082,703.3137528404973,114.91555017856723,492.0,850.4,65.0,0.7168876584584002,0.0,26.555555555555554,40.0,100.0,0.12,0.13175306,0.121643364,279.77975,0.1624549,0.2,28.417,0.5686,27.8,55.6,47.6,66.4,64.6,65.8,65.8,False,40.0,63.7,3.7,6.0,54.6,100.0,False,50.0,37.0,37.0,3.4,567.5,2026-10-05T10:00,interpolated_hourly,0,SE,"sun 35° up (SE) — lay flat, or lift torso ~55° toward SE to face it",,,,not specified,Environmental scores are skin-type independent.,not personalized
2026-10-05 10:30:00,1.0,781.9,872.2,34.03202,-118.52633,86.0,42.10615158081055,1.0,0.0,0.7299538007391716,0.7298177620208226,0.8771946231732256,0.12280537682677439,0.8771876258575431,0.12281237414245688,1.0,0.0,5.684341886080802e-14,25.0,0.0,87.0,1.0,21.5,18.0,186.0,440.0,15.6,5.2,89.0,1367.0,0.12,1.0,0.75,0.85,89.0,89.0,30.0,40.0,50.24420642837732,39.75579357162268,135.2284737266008,590.1044153759221,732.6079984837816,121.23821294654053,572.0,875.55,69.5,0.7299538007391716,0.0,27.166666666666664,37.5,99.995,0.12,0.13175306,0.121643364,279.77975,0.1624549,0.2,33.98418175635406,0.7438700343719765,33.26166417946247,64.0,45.650000000000006,68.7,64.44999999999999,67.25,67.25,False,37.5,63.8,4.2,6.0,50.2,100.0,False,50.0,42.1,42.1,4.065412103375622,642.4619529709535,2026-10-05T10:30,interpolated_hourly,0,SE,"sun 40° up (SE) — lay flat, or lift torso ~50° toward SE to face it",,,,not specified,Environmental scores are skin-type independent.,not personalized
2026-10-05 11:00:00,1.0,877.5,952.6,34.03202,-118.52633,86.0,42.10615158081055,1.0,0.0,0.743019943019943,0.7429141297501575,0.8865030674846626,0.11349693251533742,0.8865338420234562,0.11346615797654372,1.0,0.0,1.1368683772161603e-13,25.0,0.0,90.6,1.0,21.5,18.0,186.0,440.0,15.6,5.2,89.0,1367.0,0.12,1.0,0.75,0.85,89.0,89.0,30.0,40.0,45.86206807873777,44.13793192126223,143.13252407016887,658.1405091614361,761.9022441270658,127.56087571451383,652.0,900.7,74.0,0.743019943019943,0.0,27.77777777777778,35.0,99.99,0.12,0.13175306,0.121643364,279.77975,0.1624549,0.2,39.037,0.9135,38.3,72.4,43.7,71.0,64.3,68.7,68.7,False,35.0,63.9,4.7,6.0,45.9,100.0,False,50.0,46.6,46.6,4.7,707.7,2026-10-05T11:00,interpolated_hourly,0,SE,"sun 44° up (SE) — lay flat, or lift torso ~46° toward SE to face it",,,,not specified,Environmental scores are skin-type independent.,not personalized
2026-10-05 11:30:00,1.0,940.95,998.3499999999999,34.03202,-118.52633,86.0,42.10615158081055,1.0,0.0,0.7543255828202065,0.75422691450634,0.8951370994120322,0.1048629005879678,0.8951623294941502,0.10483767050584974,1.0,0.0,5.684341886080802e-14,25.5,0.0,94.14999999999999,1.0,21.5,18.0,186.0,440.0,15.6,5.2,89.0,1367.0,0.12,1.0,0.75,0.85,89.0,89.0,30.0,40.0,43.058696748448625,46.941303251551375,153.3226963966104,697.0713611243054,775.2986530826872,130.82638806789151,710.5,923.6500000000001,74.0,0.7543255828202065,0.0,27.944444444444443,34.5,99.97,0.12,0.13175306,0.121643364,279.77975,0.1624549,0.2,42.645425893785465,1.05621666030571,42.652111220725,79.80000000000001,51.75,82.15,63.099999999999994,75.5,75.5,False,34.5,63.9,5.35,6.0,43.1,100.0,False,50.0,52.0,52.0,5.372720829698643,759.9136444163448,2026-10-05T11:30,interpolated_hourly,0,SSE,"sun 47° up (SSE) — lay flat, or lift torso ~43° toward SSE to face it",,,,not specified,Environmental scores are skin-type independent.,not personalized
2026-10-05 12:00:00,1.0,1004.4,1044.1,34.03202,-118.52633,86.0,42.10615158081055,1.0,0.0,0.7656312226204699,0.7655396992625227,0.9037711313394018,0.09622886866059818,0.9037908169648443,0.09620918303515577,1.0,0.0,0.0,26.0,0.0,97.7,1.0,21.5,18.0,186.0,440.0,15.6,5.2,89.0,1367.0,0.12,1.0,0.75,0.85,89.0,89.0,30.0,40.0,40.25532541815949,49.74467458184051,163.51286872305195,736.0022130871747,788.6950620383086,134.0919004212692,769.0,946.6,74.0,0.7656312226204699,0.0,28.11111111111111,34.0,99.95,0.12,0.13175306,0.121643364,279.77975,0.1624549,0.2,45.534,1.19,46.4,87.2,59.8,93.3,61.9,82.3,82.3,False,34.0,63.9,6.0,6.0,40.3,100.0,False,50.0,57.0,57.0,6.0,799.3,2026-10-05T12:00,interpolated_hourly,0,SSE,"sun 50° up (SSE) — lay flat, or lift torso ~40° toward SSE to face it",,,,not specified,Environmental scores are skin-type independent.,not personalized
2026-10-05 12:30:00,1.0,1031.35,1051.9499999999998,34.03202,-118.52633,86.0,42.10615158081055,1.0,0.0,0.7678671089952014,0.7677953261362623,0.9046463018660199,0.09535369813398006,0.9046585502542639,0.0953414497457362,1.0,0.0,0.0,28.0,0.0,97.75,1.0,21.5,18.0,186.0,440.0,15.6,5.2,89.0,1367.0,0.12,1.0,0.75,0.85,89.0,89.0,30.0,40.0,39.73974107074569,50.26025892925431,175.22091271904878,742.7233769312039,790.8125307698514,134.63552845217782,792.0,950.4000000000001,75.5,0.7678671089952014,0.0,28.02777777777778,35.0,99.92500000000001,0.12,0.13175306,0.121643364,279.77975,0.1624549,0.2,47.08519084043954,1.2423988111460504,47.91767282120959,89.05000000000001,63.55,93.85,62.65,82.94999999999999,82.94999999999999,False,35.0,64.15,6.85,6.0,39.7,100.0,False,50.0,58.7,58.7,6.178089903819051,815.0951314206142,2026-10-05T12:30,interpolated_hourly,0,S,"sun 50° up (S) — lay flat, or lift torso ~40° toward S to face it",,,,not specified,Environmental scores are skin-type independent.,not personalized
2026-10-05 13:00:00,1.0,1058.3,1059.8,34.03202,-118.52633,86.0,42.10615158081055,1.0,0.0,0.770102995369933,0.7700509530100019,0.905521472392638,0.09447852760736196,0.9055262835436834,0.09447371645631662,1.0,0.0,0.0,30.0,0.0,97.8,1.0,21.5,18.0,186.0,440.0,15.6,5.2,89.0,1367.0,0.12,1.0,0.75,0.85,89.0,89.0,30.0,40.0,39.22415672333189,50.77584327666811,186.9289567150456,749.4445407752331,792.9299995013941,135.17915648308644,815.0,954.2,77.0,0.770102995369933,0.0,27.944444444444443,36.0,99.9,0.12,0.13175306,0.121643364,279.77975,0.1624549,0.2,47.782,1.2835,48.7,90.9,67.3,94.4,63.4,83.6,83.6,False,36.0,64.4,7.7,6.0,39.2,100.0,False,50.0,59.9,59.9,6.3,816.1,2026-10-05T13:00,interpolated_hourly,0,S,"sun 51° up (S) — lay flat, or lift torso ~39° toward S to face it",,,,not specified,Environmental scores are skin-type independent.,not personalized
2026-10-05 13:30:00,1.0,1046.85,1029.25,34.03202,-118.52633,86.0,42.10615158081055,1.0,0.0,0.768478192682069,0.7683738293637172,0.9036423482869991,0.09635765171300087,0.9036577480144955,0.09634225198550453,1.0,0.0,0.0,30.0,0.0,97.75,1.0,21.5,18.0,186.0,440.0,15.6,5.2,89.0,1367.0,0.12,1.0,0.75,0.85,89.0,89.0,30.0,40.0,41.16428775872219,48.83571224127781,197.93879791834215,723.4313488638693,784.4274865110576,133.04352897195417,804.5,950.3,77.5,0.768478192682069,0.0,27.77777777777778,36.5,99.875,0.12,0.13175306,0.121643364,279.77975,0.1624549,0.2,47.27345835869748,1.2381103621649006,48.026238643931364,89.25,70.44999999999999,93.45,64.2,83.25,83.25,False,36.5,64.35,8.25,6.0,41.2,100.0,False,50.0,59.5,59.5,6.177994910599708,798.1167701808872,2026-10-05T13:30,interpolated_hourly,0,SSW,"sun 49° up (SSW) — lay flat, or lift torso ~41° toward SSW to face it",,,,not specified,Environmental scores are skin-type independent.,not personalized
2026-10-05 14:00:00,1.0,1035.4,998.7,34.03202,-118.52633,86.0,42.10615158081055,1.0,0.0,0.766853389994205,0.7666967057174326,0.9017632241813602,0.0982367758186398,0.9017892124853075,0.09821078751469244,1.0,0.0,0.0,30.0,0.0,97.7,1.0,21.5,18.0,186.0,440.0,15.6,5.2,89.0,1367.0,0.12,1.0,0.75,0.85,89.0,89.0,30.0,40.0,43.10441879411249,46.89558120588751,208.9486391216387,697.4181569525055,775.9249735207211,130.9079014608219,794.0,946.4,78.0,0.766853389994205,0.0,27.611111111111114,37.0,99.85,0.12,0.13175306,0.121643364,279.77975,0.1624549,0.2,45.91,1.1815,46.6,87.6,73.6,92.5,65.0,82.9,82.9,False,37.0,64.3,8.8,6.0,43.1,100.0,False,50.0,58.5,58.5,6.0,765.7,2026-10-05T14:00,interpolated_hourly,0,SSW,"sun 47° up (SSW) — lay flat, or lift torso ~43° toward SSW to face it",,,,not specified,Environmental scores are skin-type independent.,not personalized
2026-10-05 14:30:00,1.0,986.45,931.85,34.03202,-118.52633,86.0,42.10615158081055,1.0,0.0,0.7610266949971025,0.7608628037257683,0.9007403691528271,0.09925963084717301,0.900749146129348,0.099250853870652,1.0,0.0,0.0,27.0,0.0,94.80000000000001,1.0,21.5,18.0,186.0,440.0,15.6,5.2,89.0,1367.0,0.12,1.0,0.75,0.85,89.0,89.0,30.0,40.0,46.934441707566194,43.065558292433806,217.7677751508776,640.7016529520478,754.0330595226776,125.90329718273628,751.0,938.3499999999999,74.5,0.7610266949971025,0.0,27.388888888888893,37.5,99.83,0.12,0.13175306,0.121643364,279.77975,0.1624549,0.2,42.89876494673366,1.0234704363667408,43.13720478649771,80.6,72.94999999999999,79.15,65.4,74.35,74.35,False,37.5,64.15,8.7,6.0,46.9,100.0,False,50.0,54.2,54.2,5.473641016828162,715.5678208566592,2026-10-05T14:30,interpolated_hourly,0,SW,"sun 43° up (SW) — lay flat, or lift torso ~47° toward SW to face it",,,,not specified,Environmental scores are skin-type independent.,not personalized
2026-10-05 15:00:00,1.0,937.5,865.0,34.03202,-118.52633,86.0,42.10615158081055,1.0,0.0,0.7552,0.7550289017341041,0.8997175141242938,0.10028248587570622,0.8997090797733884,0.10029092022661154,1.0,0.0,0.0,24.0,0.0,91.9,1.0,21.5,18.0,186.0,440.0,15.6,5.2,89.0,1367.0,0.12,1.0,0.75,0.85,89.0,89.0,30.0,40.0,50.7644646210199,39.2355353789801,226.58691118011652,583.9851489515902,732.141145524634,120.89869290465066,708.0,930.3,71.0,0.7552,0.0,27.16666666666667,38.0,99.81,0.12,0.13175306,0.121643364,279.77975,0.1624549,0.2,39.148,0.8566,39.0,73.6,72.3,65.8,65.8,65.8,65.8,False,38.0,64.0,8.6,6.0,50.8,100.0,False,50.0,49.4,49.4,4.9,653.1,2026-10-05T15:00,interpolated_hourly,0,SW,"sun 39° up (SW) — lay flat, or lift torso ~51° toward SW to face it",,,,not specified,Environmental scores are skin-type independent.,not personalized
2026-10-05 15:30:00,1.0,854.25,766.35,34.03202,-118.52633,86.0,42.10615158081055,1.0,0.0,0.7459527885862516,0.7457936181577514,0.8891193204424286,0.11088067955757142,0.8890574679062143,0.11084086474933669,1.0,0.0,0.05000000000001137,22.0,0.0,87.65,1.0,21.5,18.0,186.0,440.0,15.6,5.2,89.0,1367.0,0.12,1.0,0.75,0.85,89.0,89.0,30.0,40.0,55.75910771155439,34.24089228844561,233.32922846619084,501.2947192957475,688.2838905722159,112.32962407461451,638.0,908.3499999999999,70.0,0.7459527885862516,0.0,26.833333333333336,38.5,99.795,0.12,0.13175306,0.121643364,279.77975,0.1624549,0.2,34.773063810226056,0.6808795105468889,34.56251294043085,65.8,82.69999999999999,58.099999999999994,65.65,60.75,60.75,False,38.5,63.7,8.2,6.0,55.8,100.0,False,50.0,45.2,45.2,4.316670689792293,576.8972722261674,2026-10-05T15:30,interpolated_hourly,0,SW,"sun 34° up (SW) — lay flat, or lift torso ~56° toward SW to face it",,,,not specified,Environmental scores are skin-type independent.,not personalized
2026-10-05 16:00:00,1.0,771.0,667.7,34.03202,-118.52633,86.0,42.10615158081055,1.0,0.0,0.7367055771725033,0.7365583345813987,0.8785211267605634,0.12147887323943662,0.8784058560390402,0.12139080927206182,1.0,0.0,0.10000000000002274,20.0,0.0,83.4,1.0,21.5,18.0,186.0,440.0,15.6,5.2,89.0,1367.0,0.12,1.0,0.75,0.85,89.0,89.0,30.0,40.0,60.75375080208889,29.246249197911116,240.0715457522652,418.6042896399048,644.4266356197978,103.76055524457837,568.0,886.4,69.0,0.7367055771725033,0.0,26.500000000000004,39.0,99.78,0.12,0.13175306,0.121643364,279.77975,0.1624549,0.2,29.862,0.4999,29.7,58.0,93.1,50.4,65.5,55.7,55.7,False,39.0,63.4,7.8,6.0,60.8,100.0,False,50.0,40.5,40.5,3.7,491.8,2026-10-05T16:00,interpolated_hourly,0,WSW,"sun low 29° (WSW) — face WSW, lift torso ~61° toward the sun if comfortable",,,,not specified,Environmental scores are skin-type independent.,not personalized
2026-10-05 16:30:00,1.0,659.2,544.05,34.03202,-118.52633,86.0,42.10615158081055,1.0,0.0,0.7181883749947281,0.7178272167673883,0.8635425477144854,0.13645745228551465,0.8634969055629023,0.13640142709264882,1.0,0.0,0.05000000000001137,19.0,0.0,77.6,1.0,21.5,18.0,186.0,440.0,15.6,5.2,89.0,1367.0,0.12,1.0,0.75,0.85,89.0,89.0,30.0,40.0,66.40094000847378,23.599059991526214,245.4120214248869,318.5615759415756,555.2885402751538,89.30173323969764,475.5,850.05,63.5,0.7181883749947281,0.0,26.194444444444443,39.5,99.775,0.12,0.13175306,0.121643364,279.77975,0.1624549,0.2,24.043755984507143,0.32254924536016444,23.883989556047418,49.15,96.4,42.05,65.7,50.35,50.35,False,39.5,63.099999999999994,7.3,6.0,66.4,100.0,False,50.0,34.2,34.2,2.9805373658844205,394.31378398687644,2026-10-05T16:30,interpolated_hourly,0,WSW,"sun low 24° (WSW) — face WSW, lift torso ~66° toward the sun if comfortable",,,,not specified,Environmental scores are skin-type independent.,not personalized
2026-10-05 17:00:00,1.0,547.4,420.4,34.03202,-118.52633,86.0,42.10615158081055,1.0,0.0,0.6996711728169529,0.6990960989533778,0.8485639686684073,0.1514360313315927,0.8485879550867643,0.15141204491323582,1.0,0.0,0.0,18.0,0.0,71.8,1.0,21.5,18.0,186.0,440.0,15.6,5.2,89.0,1367.0,0.12,1.0,0.75,0.85,89.0,89.0,30.0,40.0,72.04812921485869,17.951870785141313,250.75249709750858,218.51886224324636,466.1504449305097,74.84291123481691,383.0,813.7,58.0,0.6996711728169529,0.0,25.888888888888886,40.0,99.77000000000001,0.12,0.13175306,0.121643364,279.77975,0.1624549,0.2,18.047,0.144,18.0,40.3,99.7,33.7,65.9,45.0,45.0,False,40.0,62.8,6.8,6.0,72.0,100.0,False,50.0,27.7,27.7,2.25,293.9,2026-10-05T17:00,interpolated_hourly,0,WSW,"sun low 18° (WSW) — face WSW, lift torso ~72° toward the sun if comfortable",,,,not specified,Environmental scores are skin-type independent.,not personalized
2026-10-05 17:30:00,1.0,414.65,280.04999999999995,34.03202,-118.52633,86.0,42.10615158081055,1.0,0.0,0.6495872714031554,0.648402738095157,0.8000216293046178,0.19997837069538216,0.7997430793397894,0.19965811826500113,1.0,0.0,0.04999999999999716,24.0,0.0,63.2,1.0,21.5,18.0,186.0,440.0,15.6,5.2,89.0,1367.0,0.12,1.0,0.75,0.85,89.0,89.0,30.0,40.0,78.01678728623483,11.983212713765178,255.29483375402464,124.25815316600527,282.61171454777957,47.22968979179804,276.0,716.1500000000001,50.0,0.6495872714031554,1.0,25.63888888888889,41.0,99.77000000000001,0.12,0.13175306,0.121643364,279.77975,0.1624549,0.2,12.067278117657803,0.08869031512761252,12.178722868711636,30.9,99.85,33.400000000000006,70.1,46.25,46.25,False,41.0,62.75,6.1,6.0,78.0,100.0,False,50.0,21.1,21.1,1.5529432609893241,183.4517930152691,2026-10-05T17:30,interpolated_hourly,0,WSW,"sun low 12° (WSW) — face WSW, lift torso ~78° toward the sun if comfortable",,,,not specified,Environmental scores are skin-type independent.,not personalized
2026-10-05 18:00:00,1.0,281.9,139.7,34.03202,-118.52633,86.0,42.10615158081055,1.0,0.0,0.5995033699893579,0.5977093772369363,0.7514792899408284,0.2485207100591716,0.7508982035928145,0.24790419161676647,1.0,0.0,0.09999999999999432,30.0,0.0,54.6,1.0,21.5,18.0,186.0,440.0,15.6,5.2,89.0,1367.0,0.12,1.0,0.75,0.85,89.0,89.0,30.0,40.0,83.98544535761096,6.014554642389044,259.8371704105407,29.99744408876419,99.07298416504936,19.61646834877918,169.0,618.6,42.0,0.5995033699893579,2.0,25.388888888888893,42.0,99.77000000000001,0.12,0.13175306,0.121643364,279.77975,0.1624549,0.2,6.778,0.0359,6.9,21.5,100.0,33.1,74.3,47.5,47.5,False,42.0,62.7,5.4,6.0,84.0,100.0,False,50.0,14.3,14.3,0.9,83.5,2026-10-05T18:00,interpolated_hourly,0,W,"sun low 6° (W) — face W, lift torso ~84° toward the sun if comfortable",,,,not specified,Environmental scores are skin-type independent.,not personalized
2026-10-05 18:30:00,1.0,157.54999999999998,69.85,34.03202,-118.52633,86.0,42.10615158081055,1.0,0.0,0.46541433559708856,0.5977093772369363,0.7393760086067778,0.2606239913932221,0.7508982035928145,0.24790419161676647,0.6921944444444444,0.0,0.04999999999999716,42.0,0.0,43.15,1.0,21.5,18.0,186.0,440.0,15.6,5.2,89.0,1367.0,0.12,1.0,0.75,0.85,89.0,89.0,30.0,40.0,90.2373880321231,-0.2373880321231061,264.0427697819464,14.998722044382095,49.53649208252468,9.80823417438959,90.0,364.70000000000005,22.5,0.46541433559708856,3.0,25.138888888888893,42.5,99.785,0.12,0.13175306,0.121643364,279.77975,0.1624549,0.2,0.0,0.0,0.0,10.75,50.0,33.1,74.3,47.5,47.5,False,42.5,62.45,4.7,6.0,,100.0,False,50.0,0.0,0.0,0.0,0.0,2026-10-05T18:30,interpolated_hourly,0,W,sun below horizon — no direct-sun posture,,,,not specified,Environmental scores are skin-type independent.,not personalized
2026-10-05 19:00:00,0.0,33.2,0.0,34.03202,-118.52633,86.0,42.10615158081055,1.0,0.0,0.33132530120481923,0.5977093772369363,0.7272727272727273,0.2727272727272727,0.7508982035928145,0.24790419161676647,0.3843888888888889,0.0,0.0,54.0,0.0,31.7,1.0,21.5,18.0,186.0,440.0,15.6,5.2,89.0,1367.0,0.12,1.0,0.75,0.85,89.0,89.0,30.0,40.0,96.48933070663526,-6.489330706635256,268.2483691533521,0.0,0.0,0.0,11.0,110.8,3.0,0.33132530120481923,4.0,24.88888888888889,43.0,99.8,0.12,0.13175306,0.121643364,279.77975,0.1624549,0.2,0.0,0.0,0.0,0.0,0.0,33.1,74.3,47.5,47.5,False,43.0,62.2,4.0,6.0,,100.0,False,50.0,0.0,0.0,0.0,0.0,2026-10-05T19:00,interpolated_hourly,0,W,sun below horizon — no direct-sun posture,,,,not specified,Environmental scores are skin-type independent.,not personalized
2026-10-05 19:30:00,0.0,16.6,0.0,34.03202,-118.52633,86.0,42.10615158081055,1.0,0.0,0.33132530120481923,0.5977093772369363,0.7272727272727273,0.2727272727272727,0.7508982035928145,0.24790419161676647,0.19219444444444445,0.0,0.0,60.0,0.0,15.849999999999998,0.8,21.5,18.0,186.0,440.0,15.6,5.2,89.0,1367.0,0.12,1.0,0.75,0.85,89.0,89.0,30.0,40.0,102.69833477255418,-12.69833477255418,272.5189528710487,0.0,0.0,0.0,5.5,55.4,1.5,0.33132530120481923,5.0,24.638888888888893,44.5,99.815,0.12,0.13175306,0.121643364,279.77975,0.1624549,0.2,0.0,0.0,0.0,0.0,0.0,33.1,74.3,47.5,47.5,False,44.5,62.25,3.5,6.0,,100.0,False,50.0,0.0,0.0,0.0,0.0,2026-10-05T19:30,interpolated_hourly,0,W,sun below horizon — no direct-sun posture,,,,not specified,Environmental scores are skin-type independent.,not personalized
2026-10-05 20:00:00,0.0,0.0,0.0,34.03202,-118.52633,86.0,42.10615158081055,1.0,0.0,0.33132530120481923,0.5977093772369363,0.7272727272727273,0.2727272727272727,0.7508982035928145,0.24790419161676647,0.0,0.0,0.0,66.0,0.0,0.0,0.6,21.5,18.0,186.0,440.0,15.6,5.2,89.0,1367.0,0.12,1.0,0.75,0.85,89.0,89.0,30.0,40.0,108.90733883847311,-18.907338838473105,276.78953658874536,0.0,0.0,0.0,0.0,0.0,0.0,0.33132530120481923,6.0,24.388888888888893,46.0,99.83,0.12,0.13175306,0.121643364,279.77975,0.1624549,0.2,0.0,0.0,0.0,0.0,0.0,33.1,74.3,47.5,47.5,False,46.0,62.3,3.0,6.0,,100.0,False,50.0,0.0,0.0,0.0,0.0,2026-10-05T20:00,interpolated_hourly,0,W,sun below horizon — no direct-sun posture,,,,not specified,Environmental scores are skin-type independent.,not personalized
2026-10-05 20:30:00,0.0,0.0,0.0,34.03202,-118.52633,86.0,42.10615158081055,1.0,0.0,0.33132530120481923,0.5977093772369363,0.7272727272727273,0.2727272727272727,0.7508982035928145,0.24790419161676647,0.0,0.0,0.0,61.0,0.0,0.0,0.6,21.5,18.0,186.0,440.0,15.6,5.2,89.0,1367.0,0.12,1.0,0.75,0.85,89.0,89.0,30.0,40.0,114.99724734156857,-24.997247341568567,281.5815901630854,0.0,0.0,0.0,0.0,0.0,0.0,0.33132530120481923,6.0,24.083333333333336,48.0,99.845,0.12,0.13175306,0.121643364,279.77975,0.1624549,0.2,0.0,0.0,0.0,0.0,0.0,33.1,74.3,47.5,47.5,False,48.0,62.4,2.85,6.0,,100.0,False,50.0,0.0,0.0,0.0,0.0,2026-10-05T20:30,interpolated_hourly,0,WNW,sun below horizon — no direct-sun posture,,,,not specified,Environmental scores are skin-type independent.,not personalized
2026-10-05 21:00:00,0.0,0.0,0.0,34.03202,-118.52633,86.0,42.10615158081055,1.0,0.0,0.33132530120481923,0.5977093772369363,0.7272727272727273,0.2727272727272727,0.7508982035928145,0.24790419161676647,0.0,0.0,0.0,56.0,0.0,0.0,0.6,21.5,18.0,186.0,440.0,15.6,5.2,89.0,1367.0,0.12,1.0,0.75,0.85,89.0,89.0,30.0,40.0,121.08715584466403,-31.087155844664025,286.3736437374255,0.0,0.0,0.0,0.0,0.0,0.0,0.33132530120481923,6.0,23.77777777777778,50.0,99.86,0.12,0.13175306,0.121643364,279.77975,0.1624549,0.2,0.0,0.0,0.0,0.0,0.0,33.1,74.3,47.5,47.5,False,50.0,62.5,2.7,6.0,,100.0,False,50.0,0.0,0.0,0.0,0.0,2026-10-05T21:00,interpolated_hourly,0,WNW,sun below horizon — no direct-sun posture,,,,not specified,Environmental scores are skin-type independent.,not personalized
2026-10-05 21:30:00,0.0,0.0,0.0,34.03202,-118.52633,86.0,42.10615158081055,1.0,0.0,0.33132530120481923,0.5977093772369363,0.7272727272727273,0.2727272727272727,0.7508982035928145,0.24790419161676647,0.0,0.0,0.0,46.0,0.0,0.0,0.6,21.5,18.0,186.0,440.0,15.6,5.2,89.0,1367.0,0.12,1.0,0.75,0.85,89.0,89.0,30.0,40.0,126.84175353872052,-36.84175353872051,292.35882755382204,0.0,0.0,0.0,0.0,0.0,0.0,0.33132530120481923,5.5,23.47222222222222,52.0,99.88,0.12,0.13175306,0.121643364,279.77975,0.1624549,0.2,0.0,0.0,0.0,0.0,0.0,33.1,74.3,47.5,47.5,False,52.0,62.55,2.7,6.0,,100.0,False,50.0,0.0,0.0,0.0,0.0,2026-10-05T21:30,interpolated_hourly,0,WNW,sun below horizon — no direct-sun posture,,,,not specified,Environmental scores are skin-type independent.,not personalized
2026-10-05 22:00:00,0.0,0.0,0.0,34.03202,-118.52633,86.0,42.10615158081055,1.0,0.0,0.33132530120481923,0.5977093772369363,0.7272727272727273,0.2727272727272727,0.7508982035928145,0.24790419161676647,0.0,0.0,0.0,36.0,0.0,0.0,0.6,21.5,18.0,186.0,440.0,15.6,5.2,89.0,1367.0,0.12,1.0,0.75,0.85,89.0,89.0,30.0,40.0,132.596351232777,-42.596351232777,298.34401137021854,0.0,0.0,0.0,0.0,0.0,0.0,0.33132530120481923,5.0,23.166666666666668,54.0,99.9,0.12,0.13175306,0.121643364,279.77975,0.1624549,0.2,0.0,0.0,0.0,0.0,0.0,33.1,74.3,47.5,47.5,False,54.0,62.6,2.7,6.0,,100.0,False,50.0,0.0,0.0,0.0,0.0,2026-10-05T22:00,interpolated_hourly,0,WNW,sun below horizon — no direct-sun posture,,,,not specified,Environmental scores are skin-type independent.,not personalized
2026-10-05 22:30:00,0.0,0.0,0.0,34.03202,-118.52633,86.0,42.10615158081055,1.0,0.0,0.33132530120481923,0.5977093772369363,0.7272727272727273,0.2727272727272727,0.7508982035928145,0.24790419161676647,0.0,0.0,0.0,28.0,0.0,0.0,0.6,21.5,18.0,186.0,440.0,15.6,5.2,89.0,1367.0,0.12,1.0,0.75,0.85,89.0,89.0,30.0,40.0,137.60570831369722,-47.60570831369721,306.6297477746099,0.0,0.0,0.0,0.0,0.0,0.0,0.33132530120481923,4.5,22.888888888888893,56.0,99.905,0.12,0.13175306,0.121643364,279.77975,0.1624549,0.2,0.0,0.0,0.0,0.0,0.0,33.1,74.3,47.5,47.5,False,56.0,62.650000000000006,2.7,6.0,,100.0,False,50.0,0.0,0.0,0.0,0.0,2026-10-05T22:30,interpolated_hourly,0,NW,sun below horizon — no direct-sun posture,,,,not specified,Environmental scores are skin-type independent.,not personalized
2026-10-05 23:00:00,0.0,0.0,0.0,34.03202,-118.52633,86.0,42.10615158081055,1.0,0.0,0.33132530120481923,0.5977093772369363,0.7272727272727273,0.2727272727272727,0.7508982035928145,0.24790419161676647,0.0,0.0,0.0,20.0,0.0,0.0,0.6,21.5,18.0,186.0,440.0,15.6,5.2,89.0,1367.0,0.12,1.0,0.75,0.85,89.0,89.0,30.0,40.0,142.61506539461743,-52.61506539461742,314.9154841790012,0.0,0.0,0.0,0.0,0.0,0.0,0.33132530120481923,4.0,22.611111111111114,58.0,99.91,0.12,0.13175306,0.121643364,279.77975,0.1624549,0.2,0.0,0.0,0.0,0.0,0.0,33.1,74.3,47.5,47.5,False,58.0,62.7,2.7,6.0,,100.0,False,50.0,0.0,0.0,0.0,0.0,2026-10-05T23:00,interpolated_hourly,0,NW,sun below horizon — no direct-sun posture,,,,not specified,Environmental scores are skin-type independent.,not personalized
