time,source,model,temperature_2m,relative_humidity_2m,dew_point_2m,apparent_temperature,wet_bulb_temperature_2m,pressure_msl,surface_pressure,visibility,weather_code,cloud_cover,cloud_cover_low,cloud_cover_mid,cloud_cover_high,precipitation_probability,precipitation,rain,showers,snowfall,wind_speed_10m,wind_direction_10m,wind_gusts_10m,uv_index,uv_index_clear_sky,sunshine_duration,is_day,cape,lifted_index,convective_inhibition,freezing_level_height,boundary_layer_height,total_column_integrated_water_vapour,evapotranspiration,et0_fao_evapotranspiration,vapour_pressure_deficit,shortwave_radiation,direct_radiation,diffuse_radiation,direct_normal_irradiance,terrestrial_radiation,shortwave_radiation_instant,direct_radiation_instant,diffuse_radiation_instant,direct_normal_irradiance_instant,terrestrial_radiation_instant,relative_humidity_925hPa,relative_humidity_850hPa,relative_humidity_700hPa,relative_humidity_500hPa,relative_humidity_300hPa,cloud_cover_925hPa,cloud_cover_850hPa,cloud_cover_700hPa,cloud_cover_500hPa,cloud_cover_300hPa,geopotential_height_925hPa,geopotential_height_850hPa,geopotential_height_700hPa,geopotential_height_500hPa,geopotential_height_300hPa,timezone,latitude_grid,longitude_grid,elevation_m,generationtime_ms,uv_transmission,uv_attenuation,clearness_index,clearness_index_instant,direct_fraction,diffuse_fraction,direct_fraction_instant,diffuse_fraction_instant,sunshine_fraction,ghi_balance_error,ghi_balance_error_instant,upper_air_rh_max,upper_air_cloud_max,sun_score_0_100,sun_score_evidence_weight,air__pm10,air__pm2_5,air__carbon_monoxide,air__carbon_dioxide,air__nitrogen_dioxide,air__sulphur_dioxide,air__ozone,air__methane,air__aerosol_optical_depth,air__dust,air__uv_index,air__uv_index_clear_sky,air__us_aqi,air__us_aqi_pm2_5,air__us_aqi_pm10,air__us_aqi_ozone,time_utc,sza,solar_elevation_deg,solar_azimuth_deg,clear_ghi,clear_dni,clear_dhi,ghi,dni,dhi,kt,cloud,temp_c,rh,pressure_kpa,aod55,cams_cycle,aod340,aod380,ozone_du,cams_forecast_albedo,albedo,predicted_uva_wm2,predicted_uvb_wm2,tan_calibration_tier,tan_score_absolute_0_100,absolute_tan_intensity_label,local_tan_score_0_100,atmospheric_quality_percentile_0_100,local_tan_label,ensemble_strong_sun_support_0_100,deterministic_agreement_0_100,sun_window_confidence_0_100,tan_forecast_confidence_0_100,uv_input_disagree,humidity_context_pct,wet_bulb_context_f,wind_context_mph,precipitation_context_probability_pct,skin_plane_standard,sun_compass,torso_lift_deg,sun_posture_guidance,outdoor_feasibility_0_100,outdoor_blocked,outdoor_block_reason,outdoor_flags,minimum_tan_temperature_f,overall_components_unblocked_0_100,overall_tan_opportunity_0_100,fitzpatrick_type,fitzpatrick_label,skin_response_note,personal_uv_risk_context,tan_window_rank_value
2026-10-03T13:00,deterministic,best_match,85.4,43,60.3,88.4,69.3,1006.1,996.4,79199.48,0,0,0,0,0,0,0.0,0.0,0.0,0.0,7.0,207,9.6,6.55,6.55,3600.0,1,0.0,2.2,0.0,15452.756,1197.507,28.5,0.0,0.024,2.37,798.0,719.0,79.0,919.8,1068.3,799.3,720.2,79.1,921.4,1070.3,4,6,6,7,4,0,0,0,0,0,2431.102,4888.452,10364.173,19271.654,31824.146,America/Los_Angeles,34.03202,-118.52633,86.0,34.08241271972656,1.0,0.0,0.7469811850603764,0.7467999626273008,0.9010025062656641,0.09899749373433583,0.9010384086075317,0.0989615913924684,1.0,0.0,-1.1368683772161603e-13,7.0,0.0,98.4,1.0,,,,,,,,,,,,,,,,,2026-10-03 20:00:00+00:00,38.44310306175564,51.55689693824436,186.81077587194804,758.5421121379734,795.0730278747182,135.82028286810214,798.0,919.8,79.0,0.7469811850603764,0,29.66666666666667,43,99.64,,2026-09-21T12:00Z,,,,,0.2,48.389,1.3117,nasa_power_ml_plus_cams_spectral,49.9,moderate,91.2,67.9,excellent locally,94.6,74.1,87.4,87.4,False,43,69.3,7.0,0,horizontal environmental reference,S,38.4,"sun 52° up (S) — lay flat, or lift torso ~38° toward S to face it",100.0,False,,,50.0,61.3,61.3,,not specified,Environmental scores are skin-type independent.,not personalized,61.3
2026-09-29T13:00,deterministic,best_match,89.3,15,35.6,87.3,60.1,1006.1,996.5,79199.48,0,0,0,0,0,1,0.0,0.0,0.0,0.0,5.1,203,3.6,6.65,6.65,3600.0,1,0.0,11.7,0.0,16830.708,1820.866,9.4,0.0,0.026,4.01,860.0,786.0,74.0,985.1,1088.0,862.1,787.9,74.2,987.5,1090.8,15,11,10,13,22,0,0,0,0,0,2434.383,4862.205,10262.467,19212.598,31580.73,America/Los_Angeles,34.03202,-118.52633,86.0,34.08241271972656,1.0,0.0,0.7904411764705882,0.7903373670700404,0.913953488372093,0.08604651162790698,0.9139310984804546,0.0860689015195453,1.0,0.0,0.0,22.0,0.0,99.0,1.0,,,,,,,,,,,,,,,,,2026-09-29 20:00:00+00:00,36.871039489347716,53.128960510652284,186.5331089456411,776.2997004895756,799.0714898168709,137.05206354626205,860.0,985.1,74.0,0.7904411764705882,0,31.833333333333332,15,99.65,,2026-09-21T12:00Z,,,,,0.2,50.15,1.3638,nasa_power_ml_plus_cams_spectral,51.3,strong,91.2,66.2,excellent locally,90.6,51.5,76.9,76.9,False,15,60.1,5.1,1,horizontal environmental reference,S,36.9,"sun 53° up (S) — lay flat, or lift torso ~37° toward S to face it",99.8,False,,,50.0,61.0,60.9,,not specified,Environmental scores are skin-type independent.,not personalized,60.9
2026-10-04T13:00,deterministic,best_match,85.5,38,57.0,87.7,67.7,1005.4,995.7,79199.48,0,0,0,0,0,2,0.0,0.0,0.0,0.0,6.6,213,6.7,6.5,6.5,3600.0,1,0.0,5.5,0.0,16994.75,1312.336,18.9,0.0,0.024,2.59,811.0,736.0,75.0,946.6,1063.3,812.2,737.1,75.1,948.0,1065.0,8,9,7,9,8,0,0,0,0,0,2414.698,4865.486,10331.365,19274.934,31723.604,America/Los_Angeles,34.03202,-118.52633,86.0,34.08241271972656,1.0,0.0,0.7627198344775699,0.7626291079812207,0.9075215782983971,0.09247842170160296,0.9075350898793401,0.09246491012065992,1.0,0.0,0.0,9.0,0.0,98.4,1.0,,,,,,,,,,,,,,,,,2026-10-04 20:00:00+00:00,38.834141727514464,51.165858272485536,186.87161004803482,754.0100386731543,794.0135032340555,135.50175284562965,811.0,946.6,75.0,0.7627198344775699,0,29.722222222222225,38,99.57000000000001,,2026-09-21T12:00Z,,,,,0.2,48.56,1.3219,nasa_power_ml_plus_cams_spectral,49.8,moderate,91.7,69.8,excellent locally,92.0,66.8,83.2,83.2,False,38,67.7,6.6,2,horizontal environmental reference,S,38.8,"sun 51° up (S) — lay flat, or lift torso ~39° toward S to face it",99.5,False,,,50.0,61.0,60.7,,not specified,Environmental scores are skin-type independent.,not personalized,60.7
2026-10-02T13:00,deterministic,best_match,94.4,19,45.8,94.1,65.7,1001.7,992.2,79199.48,0,0,0,0,0,1,0.0,0.0,0.0,0.0,4.8,214,8.1,6.6,6.6,3600.0,1,0.0,7.7,0.0,16699.475,1492.782,22.4,0.0,0.026,4.46,814.0,739.0,75.0,940.5,1073.3,815.5,740.4,75.1,942.2,1075.4,8,12,7,6,6,0,0,0,0,0,2335.958,4799.869,10275.591,19225.722,31734.19,America/Los_Angeles,34.03202,-118.52633,86.0,34.08241271972656,1.0,0.0,0.7584086462312495,0.7583224846568718,0.9078624078624079,0.09213759213759214,0.9079092581238504,0.0920907418761496,1.0,0.0,0.0,12.0,0.0,98.5,1.0,,,,,,,,,,,,,,,,,2026-10-02 20:00:00+00:00,38.05115865943889,51.94884134056111,186.7464740188338,763.0388768545755,796.1085561893914,136.1346572905751,814.0,940.5,75.0,0.7584086462312495,0,34.66666666666667,19,99.22,,2026-09-21T12:00Z,,,,,0.2,48.56,1.3366,nasa_power_ml_plus_cams_spectral,50.2,strong,91.1,67.1,excellent locally,91.0,52.2,77.4,77.4,False,19,65.7,4.8,1,horizontal environmental reference,S,38.1,"sun 52° up (S) — lay flat, or lift torso ~38° toward S to face it",99.8,False,,,50.0,60.3,60.2,,not specified,Environmental scores are skin-type independent.,not personalized,60.2
2026-09-28T13:00,deterministic,best_match,81.2,29,45.9,79.8,61.1,1007.6,997.8,79199.48,0,0,0,0,0,3,0.0,0.0,0.0,0.0,8.1,222,4.9,6.65,6.65,3600.0,1,0.0,9.4,0.0,15977.69,1624.016,9.3,0.0,0.025,2.58,862.0,787.0,75.0,981.4,1092.9,864.3,789.1,75.2,984.0,1095.8,22,16,12,6,14,0,0,0,0,0,2444.226,4842.52,10223.098,19127.296,31437.854,America/Los_Angeles,34.03202,-118.52633,86.0,34.08241271972656,1.0,0.0,0.7887272394546618,0.7887388209527286,0.9129930394431555,0.08700696055684455,0.9129931736665511,0.08700682633344904,1.0,0.0,-1.1368683772161603e-13,22.0,0.0,98.6,1.0,,,,,,,,,,,,,,,,,2026-09-28 20:00:00+00:00,36.47660506376563,53.52339493623437,186.45533165564262,780.6380810012408,800.0115312488076,137.34907205119362,862.0,981.4,75.0,0.7887272394546618,0,27.333333333333336,29,99.78,,2026-09-21T12:00Z,,,,,0.2,49.851,1.3456,nasa_power_ml_plus_cams_spectral,51.1,strong,90.2,62.2,excellent locally,87.3,58.6,77.3,77.3,False,29,61.1,8.1,3,horizontal environmental reference,S,36.5,"sun 54° up (S) — lay flat, or lift torso ~36° toward S to face it",99.2,False,,,50.0,60.4,59.9,,not specified,Environmental scores are skin-type independent.,not personalized,59.9
2026-09-30T13:00,deterministic,best_match,89.1,16,37.1,86.2,60.6,1006.0,996.4,79199.48,0,0,0,0,0,2,0.0,0.0,0.0,0.0,7.0,222,4.9,6.55,6.55,3600.0,1,0.0,10.2,0.0,16601.051,1427.165,15.1,0.0,0.027,3.94,838.0,765.0,73.0,963.6,1083.2,839.9,766.7,73.2,965.8,1085.7,10,18,48,7,8,0,0,0,0,0,2437.664,4875.328,10301.837,19238.846,31670.688,America/Los_Angeles,34.03202,-118.52633,86.0,34.08241271972656,1.0,0.0,0.7736336779911374,0.7736022842405821,0.9128878281622912,0.08711217183770883,0.9128467674723182,0.08715323252768187,1.0,0.0,-1.1368683772161603e-13,48.0,0.0,98.6,1.0,,,,,,,,,,,,,,,,,2026-09-30 20:00:00+00:00,37.26501491484171,52.73498508515829,186.6075958896264,771.9193413367647,798.1077200814923,136.75061809639578,838.0,963.6,73.0,0.7736336779911374,0,31.72222222222222,16,99.64,,2026-09-21T12:00Z,,,,,0.2,49.533,1.3158,nasa_power_ml_plus_cams_spectral,50.6,strong,90.7,64.7,excellent locally,92.0,47.0,76.2,76.2,False,16,60.6,7.0,2,horizontal environmental reference,S,37.3,"sun 53° up (S) — lay flat, or lift torso ~37° toward S to face it",99.5,False,,,50.0,60.2,59.9,,not specified,Environmental scores are skin-type independent.,not personalized,59.9
2026-10-01T13:00,deterministic,best_match,96.4,16,42.9,95.0,65.2,1001.5,992.0,79199.48,0,0,0,0,0,2,0.0,0.0,0.0,0.0,5.9,230,7.4,6.65,6.65,3600.0,1,0.0,7.2,0.0,16732.283,2837.927,23.9,0.0,0.027,4.93,816.0,741.0,75.0,938.2,1078.3,817.7,742.5,75.2,940.1,1080.6,18,31,51,4,12,0,0,0,0,0,2335.958,4796.588,10255.905,19202.756,31750.062,America/Los_Angeles,34.03202,-118.52633,86.0,34.08241271972656,1.0,0.0,0.7567467309654086,0.7567092356098465,0.9080882352941176,0.09191176470588236,0.9080347315641433,0.09196526843585667,1.0,0.0,0.0,51.0,0.0,98.3,1.0,,,,,,,,,,,,,,,,,2026-10-01 20:00:00+00:00,37.65842473596805,52.34157526403195,186.6787341050991,767.498526098409,797.1201036976831,136.44479388132572,816.0,938.2,75.0,0.7567467309654086,0,35.777777777777786,16,99.2,,2026-09-21T12:00Z,,,,,0.2,48.84,1.3357,nasa_power_ml_plus_cams_spectral,50.5,strong,91.0,66.3,excellent locally,94.3,39.6,75.2,75.2,False,16,65.2,5.9,2,horizontal environmental reference,S,37.7,"sun 52° up (S) — lay flat, or lift torso ~38° toward S to face it",99.5,False,,,50.0,60.2,59.9,,not specified,Environmental scores are skin-type independent.,not personalized,59.9
2026-09-23T13:00,deterministic,best_match,72.5,81,66.3,78.2,68.1,1012.8,1002.8,51837.268,0,14,14,0,0,0,0.0,0.0,0.0,0.0,7.8,252,8.3,6.8,6.8,3600.0,1,0.0,1.7,0.0,14304.462,1197.507,18.9,0.0,0.019,0.52,845.0,736.0,109.0,896.3,1116.0,848.1,738.7,109.4,899.6,1120.1,23,23,27,6,8,0,0,0,0,0,2598.425,5019.685,10383.858,19183.07,31421.978,America/Los_Angeles,34.03202,-118.52633,86.0,34.08241271972656,1.0,0.0,0.757168458781362,0.7571645388804572,0.8710059171597633,0.1289940828402367,0.8710057776205636,0.1289942223794364,1.0,0.0,0.0,27.0,0.0,97.6,1.0,31.9,25.6,159.0,453.0,20.1,6.6,92.0,1472.0,0.19,3.0,7.35,7.35,79.0,79.0,26.0,13.0,2026-09-23 20:00:00+00:00,34.501086573483974,55.498913426516026,186.01952724679535,801.6530217427486,804.3618421291427,138.7660026791366,845.0,896.3,109.0,0.757168458781362,14,22.5,81,100.28,0.19,2026-09-21T12:00Z,0.2571019,0.23929667,284.59244,0.16417629,0.16417629,49.204,1.44,nasa_power_ml_plus_cams_spectral,51.2,strong,87.1,47.9,good locally,100.0,62.9,87.0,87.0,False,81,68.1,7.8,0,horizontal environmental reference,S,34.5,"sun 55° up (S) — lay flat on back, face up",100.0,False,,,50.0,59.6,59.6,,not specified,Environmental scores are skin-type independent.,not personalized,59.6
2026-09-29T14:00,deterministic,best_match,88.7,17,38.3,86.4,60.8,1005.6,996.0,79199.48,0,0,0,0,0,1,0.0,0.0,0.0,0.0,6.0,211,4.5,6.35,6.35,3600.0,1,0.0,11.0,0.0,16863.518,1853.675,9.5,0.0,0.026,3.83,840.0,765.0,75.0,977.3,1067.7,812.0,739.5,72.5,944.6,1032.2,15,10,10,13,22,0,0,0,0,0,2424.541,4858.924,10255.905,19206.038,31575.438,America/Los_Angeles,34.03202,-118.52633,86.0,34.08241271972656,1.0,0.0,0.7867378477100309,0.7866692501453206,0.9107142857142857,0.08928571428571429,0.9107142857142857,0.08928571428571429,1.0,0.0,0.0,22.0,0.0,98.9,1.0,,,,,,,,,,,,,,,,,2026-09-29 21:00:00+00:00,40.79521964050476,49.20478035949524,209.7153794445216,726.2871328845836,783.6314609566805,133.03927243351416,840.0,977.3,75.0,0.7867378477100309,0,31.500000000000004,17,99.6,,2026-09-21T12:00Z,,,,,0.2,48.311,1.2643,nasa_power_ml_plus_cams_spectral,49.2,moderate,88.0,73.4,good locally,90.0,52.1,76.7,76.7,False,17,60.8,6.0,1,horizontal environmental reference,SSW,40.8,"sun 49° up (SSW) — lay flat, or lift torso ~41° toward SSW to face it",99.8,False,,,50.0,59.7,59.6,,not specified,Environmental scores are skin-type independent.,not personalized,59.6
2026-09-24T13:00,deterministic,best_match,80.8,52,61.5,83.9,68.2,1011.1,1001.3,6102.363,0,0,0,0,0,0,0.0,0.0,0.0,0.0,8.8,216,5.4,6.8,6.8,3600.0,1,160.0,0.0,234.0,14009.187,1591.207,23.4,0.0,0.023,1.72,841.0,758.0,83.0,927.3,1111.5,843.8,760.6,83.3,930.4,1115.4,40,32,29,9,10,0,0,0,0,0,2549.213,4963.911,10351.05,19146.982,31374.356,America/Los_Angeles,34.03202,-118.52633,86.0,34.08241271972656,1.0,0.0,0.7566351776878093,0.7564999103460641,0.901307966706302,0.09869203329369798,0.901398435648258,0.09872007584735719,1.0,0.0,-0.10000000000002274,40.0,0.0,98.6,1.0,35.6,28.6,132.0,444.0,23.4,8.5,96.0,1382.0,0.19,3.0,7.45,7.45,86.0,86.0,30.0,13.0,2026-09-24 20:00:00+00:00,34.89630619670804,55.10369380329196,186.11269735430466,797.5444585355934,803.5377592660143,138.49182026373717,841.0,927.3,83.0,0.7566351776878093,0,27.11111111111111,52,100.13,0.19,2026-09-21T12:00Z,0.22992949,0.21574573,280.96616,0.16357642,0.16357642,48.709,1.4516,nasa_power_ml_plus_cams_spectral,50.9,strong,87.2,48.3,good locally,99.1,61.3,85.9,85.9,False,52,68.2,8.8,0,horizontal environmental reference,S,34.9,"sun 55° up (S) — lay flat on back, face up",100.0,False,,,50.0,59.4,59.4,,not specified,Environmental scores are skin-type independent.,not personalized,59.4
2026-10-03T14:00,deterministic,best_match,84.9,44,60.6,87.6,69.3,1005.6,995.9,79199.48,0,0,0,0,0,0,0.0,0.0,0.0,0.0,7.5,210,9.2,6.2,6.2,3600.0,1,0.0,2.3,0.0,15419.947,1131.89,28.5,0.0,0.023,2.29,777.0,697.0,80.0,910.7,1046.3,749.9,672.7,77.2,879.0,1009.9,4,6,6,7,4,0,0,0,0,0,2421.26,4878.609,10354.331,19261.81,31818.854,America/Los_Angeles,34.03202,-118.52633,86.0,34.08241271972656,1.0,0.0,0.7426168402943707,0.7425487672046738,0.8970398970398971,0.10296010296010295,0.8970529403920524,0.10294705960794773,1.0,0.0,-1.1368683772161603e-13,7.0,0.0,98.3,1.0,,,,,,,,,,,,,,,,,2026-10-03 21:00:00+00:00,42.339230489553835,47.660769510446165,209.20311503182305,707.1512447315122,778.598618695257,131.63441876104696,777.0,910.7,80.0,0.7426168402943707,0,29.388888888888893,44,99.59,,2026-09-21T12:00Z,,,,,0.2,45.967,1.2,nasa_power_ml_plus_cams_spectral,47.3,moderate,87.4,72.6,good locally,93.5,73.2,86.4,86.4,False,44,69.3,7.5,0,horizontal environmental reference,SSW,42.3,"sun 48° up (SSW) — lay flat, or lift torso ~42° toward SSW to face it",100.0,False,,,50.0,59.3,59.3,,not specified,Environmental scores are skin-type independent.,not personalized,59.3
2026-09-23T14:00,deterministic,best_match,72.0,82,66.2,76.7,67.9,1013.0,1003.0,50853.02,0,16,16,0,0,0,0.0,0.0,0.0,0.0,9.0,256,10.1,6.65,6.65,3600.0,1,0.0,1.8,0.0,14238.846,1230.315,18.9,0.0,0.018,0.48,803.0,665.0,138.0,822.8,1098.4,778.1,644.3,133.7,797.2,1064.3,21,23,27,6,8,0,0,0,0,0,2608.268,5032.809,10396.981,19196.196,31432.564,America/Los_Angeles,34.03202,-118.52633,86.0,34.08241271972656,1.0,0.0,0.7310633648943918,0.7310908578408344,0.8281444582814446,0.1718555417185554,0.8280426680375272,0.17182881377714945,1.0,0.0,0.10000000000002274,27.0,0.0,95.3,1.0,30.2,23.8,130.0,443.0,16.6,6.5,100.0,1393.0,0.19,3.0,6.25,6.25,79.0,79.0,26.0,18.0,2026-09-23 21:00:00+00:00,38.46033085995662,51.53966914004338,210.50548987516817,753.9209481977662,790.3905226627186,135.01436611039003,803.0,822.8,138.0,0.7310633648943918,16,22.22222222222222,82,100.3,0.19,2026-09-21T12:00Z,0.22007623,0.20395991,285.18036,0.16436541,0.16436541,46.665,1.2599,nasa_power_ml_plus_cams_spectral,49.2,moderate,83.8,59.3,good locally,100.0,64.1,87.4,87.4,False,82,67.9,9.0,0,horizontal environmental reference,SSW,38.5,"sun 52° up (SSW) — lay flat, or lift torso ~38° toward SSW to face it",100.0,False,,,50.0,59.2,59.2,,not specified,Environmental scores are skin-type independent.,not personalized,59.2
2026-09-24T14:00,deterministic,best_match,79.0,56,61.9,81.7,67.8,1010.8,1000.9,3937.008,0,0,0,0,0,0,0.0,0.0,0.0,0.0,9.3,217,7.4,6.55,6.6,3600.0,1,110.0,0.1,284.0,14074.804,1328.74,22.8,0.0,0.022,1.49,804.0,691.0,113.0,859.5,1093.5,778.6,669.2,109.4,832.4,1059.1,35,31,30,9,8,0,0,0,0,0,2539.37,4960.63,10347.77,19143.702,31374.356,America/Los_Angeles,34.03202,-118.52633,86.0,34.08241271972656,0.9924242424242424,0.007575757575757569,0.7352537722908093,0.7351524879614768,0.8594527363184079,0.14054726368159204,0.8594913948111996,0.1405086051888004,1.0,0.0,0.0,35.0,0.0,97.2,1.0,33.5,26.4,116.0,439.0,19.4,8.1,105.0,1368.0,0.17,3.0,6.4,6.4,86.0,86.0,30.0,19.0,2026-09-24 21:00:00+00:00,38.8501239611552,51.1498760388448,210.37099468090096,749.4182529169628,789.3294205719238,134.69679119607952,804.0,859.5,113.0,0.7352537722908093,0,26.11111111111111,56,100.09,0.17,2026-09-21T12:00Z,0.25113413,0.23587711,280.93542,0.1637646,0.1637646,46.94,1.3109,nasa_power_ml_plus_cams_spectral,49.1,moderate,84.3,61.2,good locally,97.1,65.9,86.2,86.2,False,56,67.8,9.3,0,horizontal environmental reference,SSW,38.9,"sun 51° up (SSW) — lay flat, or lift torso ~39° toward SSW to face it",100.0,False,,,50.0,59.2,59.2,,not specified,Environmental scores are skin-type independent.,not personalized,59.2
2026-09-26T14:00,deterministic,best_match,82.2,36,52.6,83.1,64.4,1011.0,1001.2,79199.48,0,9,0,0,5,0,0.0,0.0,0.0,0.0,6.7,217,5.1,6.55,6.6,3600.0,1,0.0,6.9,0.0,15912.073,1574.803,13.9,0.0,0.024,2.4,834.0,752.0,82.0,945.2,1083.3,807.1,727.7,79.4,914.7,1048.5,27,22,6,4,38,0,0,0,0,0,2552.494,4957.349,10321.522,19209.318,31649.524,America/Los_Angeles,34.03202,-118.52633,86.0,34.08241271972656,0.9924242424242424,0.007575757575757569,0.7698698421489892,0.7697663328564617,0.9016786570743405,0.09832134292565947,0.9016230950315947,0.09837690496840541,1.0,0.0,0.0,38.0,0.0,98.7,1.0,,,,,,,,,,,,,,,,,2026-09-26 21:00:00+00:00,39.629303877921025,50.370696122078975,210.10580063992967,740.2841755079892,787.1290530775492,134.04750756132216,834.0,945.2,82.0,0.7698698421489892,9,27.888888888888893,36,100.12,,2026-09-21T12:00Z,,,,,0.2,48.331,1.2779,nasa_power_ml_plus_cams_spectral,49.9,moderate,87.0,69.7,good locally,89.6,32.4,69.6,69.6,False,36,64.4,6.7,0,horizontal environmental reference,SSW,39.6,"sun 50° up (SSW) — lay flat, or lift torso ~40° toward SSW to face it",100.0,False,,,50.0,59.0,59.0,,not specified,Environmental scores are skin-type independent.,not personalized,59.0
2026-09-25T13:00,deterministic,best_match,82.7,45,59.2,86.1,67.8,1011.5,1001.7,79199.48,2,56,0,0,55,0,0.0,0.0,0.0,0.0,6.4,205,3.6,6.7,6.75,3600.0,1,0.0,2.3,0.0,15485.564,1722.441,22.0,0.0,0.024,2.1,832.0,725.0,107.0,891.1,1107.0,834.7,727.3,107.3,893.9,1110.6,38,25,31,23,82,0,0,0,0,14,2565.617,4977.034,10351.05,19196.196,31517.228,America/Los_Angeles,34.03202,-118.52633,86.0,34.08241271972656,0.9925925925925926,0.007407407407407418,0.7515808491418248,0.7515757248334235,0.8713942307692307,0.12860576923076922,0.8713310171319035,0.12854917934587276,1.0,0.0,0.10000000000013642,82.0,14.0,98.1,1.0,30.9,24.3,134.0,442.0,15.0,7.3,91.0,1382.0,0.12,2.0,7.65,7.75,84.0,84.0,29.0,13.0,2026-09-25 20:00:00+00:00,35.291566658357794,54.708433341642206,186.20293785809739,793.3874887701069,802.6909038211759,138.2130034728541,832.0,891.1,107.0,0.7515808491418248,56,28.166666666666668,45,100.17,0.12,2026-09-21T12:00Z,0.1567798,0.14477313,291.28394,0.16297466,0.16297466,49.81,1.4015,nasa_power_ml_plus_cams_spectral,51.2,strong,88.4,53.6,good locally,90.3,39.0,72.3,72.3,False,45,67.8,6.4,0,horizontal environmental reference,S,35.3,"sun 55° up (S) — lay flat, or lift torso ~35° toward S to face it",100.0,False,,,50.0,58.8,58.8,,not specified,Environmental scores are skin-type independent.,not personalized,58.8
2026-09-28T14:00,deterministic,best_match,80.4,33,48.7,78.2,61.9,1007.0,997.2,79199.48,0,0,0,0,0,3,0.0,0.0,0.0,0.0,10.7,217,6.3,6.3,6.3,3600.0,1,0.0,8.9,0.0,16108.924,1230.315,9.8,0.0,0.025,2.37,841.0,764.0,77.0,970.6,1073.0,813.2,738.8,74.5,938.6,1037.7,23,16,12,4,14,0,0,0,0,0,2431.102,4835.958,10219.816,19127.296,31448.438,America/Los_Angeles,34.03202,-118.52633,86.0,34.08241271972656,1.0,0.0,0.7837837837837838,0.7836561626674377,0.9084423305588585,0.09155766944114149,0.9085095917363502,0.09161337924249877,1.0,0.0,-0.09999999999990905,23.0,0.0,98.5,1.0,,,,,,,,,,,,,,,,,2026-09-28 21:00:00+00:00,40.4071251331185,49.5928748668815,209.84472176040674,730.9898788212803,784.8237014741702,133.37982553791267,841.0,970.6,77.0,0.7837837837837838,0,26.888888888888893,33,99.72,,2026-09-21T12:00Z,,,,,0.2,48.189,1.2675,nasa_power_ml_plus_cams_spectral,49.0,moderate,87.0,70.2,good locally,87.0,60.1,77.6,77.6,False,33,61.9,10.7,3,horizontal environmental reference,SSW,40.4,"sun 50° up (SSW) — lay flat, or lift torso ~40° toward SSW to face it",99.2,False,,,50.0,59.3,58.8,,not specified,Environmental scores are skin-type independent.,not personalized,58.8
2026-10-02T14:00,deterministic,best_match,93.4,20,46.3,92.5,65.6,1001.3,991.8,79199.48,0,0,0,0,0,1,0.0,0.0,0.0,0.0,5.9,223,7.4,6.25,6.25,3600.0,1,0.0,7.6,0.0,16732.283,1509.186,22.9,0.0,0.026,4.28,793.0,717.0,76.0,931.5,1051.7,765.6,692.3,73.4,899.4,1015.5,7,9,7,6,6,0,0,0,0,0,2326.116,4790.027,10269.029,19222.442,31739.48,America/Los_Angeles,34.03202,-118.52633,86.0,34.08241271972656,1.0,0.0,0.754017305315204,0.7539143279172822,0.9041614123581336,0.09583858764186633,0.9042580982236154,0.0958725182863114,1.0,0.0,-0.09999999999990905,9.0,0.0,98.4,1.0,,,,,,,,,,,,,,,,,2026-10-02 21:00:00+00:00,41.95473841582966,48.04526158417034,209.33063278583901,711.9797957120527,779.8963094410631,131.99182531717634,793.0,931.5,76.0,0.754017305315204,0,34.111111111111114,20,99.17999999999999,,2026-09-21T12:00Z,,,,,0.2,46.299,1.2137,nasa_power_ml_plus_cams_spectral,47.7,moderate,87.5,72.7,good locally,90.4,56.1,78.4,78.4,False,20,65.6,5.9,1,horizontal environmental reference,SSW,42.0,"sun 48° up (SSW) — lay flat, or lift torso ~42° toward SSW to face it",99.8,False,,,50.0,58.7,58.6,,not specified,Environmental scores are skin-type independent.,not personalized,58.6
2026-10-04T14:00,deterministic,best_match,84.9,39,57.2,86.3,67.6,1004.8,995.1,79199.48,0,0,0,0,0,2,0.0,0.0,0.0,0.0,7.7,216,8.9,6.1,6.15,3600.0,1,0.0,5.6,0.0,17060.368,1312.336,18.8,0.0,0.024,2.5,783.0,702.0,81.0,922.6,1040.9,755.4,677.3,78.1,890.1,1004.3,8,9,7,10,8,0,0,0,0,0,2401.575,4852.363,10321.522,19268.374,31718.314,America/Los_Angeles,34.03202,-118.52633,86.0,34.08241271972656,0.9918699186991868,0.008130081300813163,0.7522336439619559,0.7521656875435627,0.896551724137931,0.10344827586206896,0.8966110669843791,0.10338893301562085,1.0,0.0,0.0,10.0,0.0,97.9,1.0,,,,,,,,,,,,,,,,,2026-10-04 21:00:00+00:00,42.72250026010588,47.27749973989412,209.075809209378,702.296610892089,777.2747865796025,131.2730703579881,783.0,922.6,81.0,0.7522336439619559,0,29.388888888888893,39,99.51,,2026-09-21T12:00Z,,,,,0.2,46.148,1.2076,nasa_power_ml_plus_cams_spectral,47.1,moderate,87.8,74.0,good locally,89.5,68.0,82.0,82.0,False,39,67.6,7.7,2,horizontal environmental reference,SSW,42.7,"sun 47° up (SSW) — lay flat, or lift torso ~43° toward SSW to face it",99.5,False,,,50.0,58.8,58.5,,not specified,Environmental scores are skin-type independent.,not personalized,58.5
2026-09-30T14:00,deterministic,best_match,89.2,17,38.7,85.9,61.2,1005.4,995.8,79199.48,0,0,0,0,0,2,0.0,0.0,0.0,0.0,7.9,227,6.0,6.25,6.25,3600.0,1,0.0,9.5,0.0,16568.242,1541.995,15.4,0.0,0.027,3.9,817.0,742.0,75.0,953.2,1062.4,789.4,717.0,72.5,921.0,1026.7,9,22,47,7,6,0,0,0,0,0,2424.541,4865.486,10295.275,19229.002,31665.398,America/Los_Angeles,34.03202,-118.52633,86.0,34.08241271972656,1.0,0.0,0.7690135542168675,0.7688711405473848,0.9082007343941249,0.09179926560587515,0.9082847732455029,0.09184190524448949,1.0,0.0,-0.10000000000002274,47.0,0.0,98.5,1.0,,,,,,,,,,,,,,,,,2026-09-30 21:00:00+00:00,41.18260449857805,48.81739550142195,209.58666167997586,721.5498563784471,782.4128006404652,132.69435743746624,817.0,953.2,75.0,0.7690135542168675,0,31.777777777777782,17,99.58,,2026-09-21T12:00Z,,,,,0.2,47.398,1.2386,nasa_power_ml_plus_cams_spectral,48.3,moderate,87.3,71.7,good locally,90.6,46.7,75.2,75.2,False,17,61.2,7.9,2,horizontal environmental reference,SSW,41.2,"sun 49° up (SSW) — lay flat, or lift torso ~41° toward SSW to face it",99.5,False,,,50.0,58.7,58.4,,not specified,Environmental scores are skin-type independent.,not personalized,58.4
2026-10-01T14:00,deterministic,best_match,95.9,18,45.6,94.1,66.2,1000.9,991.4,79199.48,0,0,0,0,0,2,0.0,0.0,0.0,0.0,7.4,224,9.4,6.3,6.3,3600.0,1,0.0,6.1,0.0,16732.283,3313.649,24.2,0.0,0.028,4.74,795.0,719.0,76.0,928.8,1057.1,767.9,694.5,73.4,897.1,1021.1,18,30,49,4,12,0,0,0,0,0,2322.835,4786.746,10246.063,19196.196,31744.774,America/Los_Angeles,34.03202,-118.52633,86.0,34.08241271972656,1.0,0.0,0.7520575158452371,0.752032122221134,0.9044025157232705,0.09559748427672957,0.9044146373225681,0.09558536267743196,1.0,0.0,0.0,49.0,0.0,98.1,1.0,,,,,,,,,,,,,,,,,2026-10-01 21:00:00+00:00,41.56915340528248,48.43084659471752,209.4584490917262,716.7800504440805,781.167733130684,132.34517451729914,795.0,928.8,76.0,0.7520575158452371,0,35.50000000000001,18,99.14,,2026-09-21T12:00Z,,,,,0.2,46.688,1.2311,nasa_power_ml_plus_cams_spectral,48.1,moderate,87.6,72.6,good locally,93.1,41.6,75.1,75.1,False,18,66.2,7.4,2,horizontal environmental reference,SSW,41.6,"sun 48° up (SSW) — lay flat, or lift torso ~42° toward SSW to face it",99.5,False,,,50.0,58.6,58.3,,not specified,Environmental scores are skin-type independent.,not personalized,58.3
2026-09-27T13:00,deterministic,best_match,78.9,42,53.8,79.5,63.6,1011.1,1001.2,79199.48,0,0,0,0,0,1,0.0,0.0,0.0,0.0,8.4,212,6.9,6.7,6.7,3600.0,1,0.0,5.9,0.0,15255.905,2017.717,13.2,0.0,0.024,1.95,854.0,774.0,80.0,960.5,1097.6,856.4,776.2,80.2,963.2,1100.8,29,15,8,7,24,0,0,0,0,0,2532.808,4917.979,10269.029,19130.578,31464.312,America/Los_Angeles,34.03202,-118.52633,86.0,34.08241271972656,1.0,0.0,0.778061224489796,0.7779796511627907,0.9063231850117096,0.0936768149882904,0.9063521718822981,0.09364782811770202,1.0,0.0,-1.1368683772161603e-13,29.0,0.0,98.8,1.0,,,,,,,,,,,,,,,,,2026-09-27 20:00:00+00:00,36.081814760949506,53.918185239050494,186.37432962359534,784.9330557919682,800.9279936469906,137.641593144019,854.0,960.5,80.0,0.778061224489796,0,26.05555555555556,42,100.12,,2026-09-21T12:00Z,,,,,0.2,50.336,1.3711,nasa_power_ml_plus_cams_spectral,51.5,strong,90.2,61.7,excellent locally,76.2,24.8,58.2,58.2,False,42,63.6,8.4,1,horizontal environmental reference,S,36.1,"sun 54° up (S) — lay flat, or lift torso ~36° toward S to face it",99.8,False,,,50.0,58.1,58.0,,not specified,Environmental scores are skin-type independent.,not personalized,58.0
2026-10-03T12:00,deterministic,best_match,85.4,42,59.7,88.2,69.0,1006.7,997.0,79199.48,0,0,0,0,0,0,0.0,0.0,0.0,0.0,6.2,199,10.3,6.15,6.15,3600.0,1,0.0,2.3,0.0,15518.373,1213.911,28.5,0.0,0.022,2.42,753.0,678.0,75.0,913.9,1013.7,782.7,704.7,78.0,949.9,1053.7,4,6,6,6,4,0,0,0,0,0,2444.226,4895.013,10374.016,19281.496,31834.73,America/Los_Angeles,34.03202,-118.52633,86.0,34.08241271972656,1.0,0.0,0.7428233205090263,0.7428110467875106,0.900398406374502,0.099601593625498,0.9003449597546953,0.09965504024530471,1.0,0.0,0.0,6.0,0.0,98.3,1.0,,,,,,,,,,,,,,,,,2026-10-03 19:00:00+00:00,39.544144604085616,50.455855395914384,162.99594275500237,744.4259715068077,790.7045379348809,134.68660007098867,753.0,913.9,75.0,0.7428233205090263,0,29.66666666666667,42,99.7,,2026-09-21T12:00Z,,,,,0.2,45.854,1.2274,nasa_power_ml_plus_cams_spectral,47.1,moderate,87.2,59.1,good locally,93.4,75.4,87.1,87.1,False,42,69.0,6.2,0,horizontal environmental reference,SSE,39.5,"sun 50° up (SSE) — lay flat, or lift torso ~40° toward SSE to face it",100.0,False,,,50.0,57.9,57.9,,not specified,Environmental scores are skin-type independent.,not personalized,57.9
2026-09-25T14:00,deterministic,best_match,82.0,47,59.8,84.6,67.8,1010.8,1001.0,79199.48,3,100,0,0,100,0,0.0,0.0,0.0,0.0,7.8,213,5.8,6.45,6.55,3600.0,1,0.0,2.6,0.0,15485.564,1607.612,21.5,0.0,0.023,1.98,805.0,663.0,142.0,828.9,1088.4,779.3,641.9,137.5,802.5,1053.9,36,24,27,31,100,0,0,0,0,76,2549.213,4963.911,10341.207,19192.914,31511.94,America/Los_Angeles,34.03202,-118.52633,86.0,34.08241271972656,0.984732824427481,0.015267175572518998,0.7396177875780963,0.7394439700161305,0.8236024844720496,0.1763975155279503,0.8236879250609521,0.17644039522648533,1.0,0.0,-0.10000000000002274,100.0,76.0,96.1,1.0,30.9,24.2,127.0,440.0,12.7,7.2,98.0,1378.0,0.11,2.0,6.45,6.6,84.0,84.0,29.0,19.0,2026-09-25 21:00:00+00:00,39.23982258655036,50.76017741344964,210.23781246992388,744.8721072978899,788.2423077158743,134.3744838498884,805.0,828.9,142.0,0.7396177875780963,100,27.77777777777778,47,100.1,0.11,2026-09-21T12:00Z,0.15274614,0.14101195,291.84778,0.16316283,0.16316283,47.468,1.2564,nasa_power_ml_plus_cams_spectral,49.0,moderate,84.9,63.1,good locally,89.6,35.9,70.8,70.8,False,47,67.8,7.8,0,horizontal environmental reference,SSW,39.2,"sun 51° up (SSW) — lay flat, or lift torso ~39° toward SSW to face it",100.0,False,,,50.0,57.7,57.7,,not specified,Environmental scores are skin-type independent.,not personalized,57.7
2026-09-29T12:00,deterministic,best_match,89.6,14,34.1,87.3,59.6,1006.6,997.0,79199.48,0,0,0,0,0,1,0.0,0.0,0.0,0.0,3.9,193,2.9,6.25,6.25,3600.0,1,0.0,12.4,0.0,16797.9,1624.016,9.2,0.0,0.024,4.09,811.0,740.0,71.0,977.7,1031.8,843.0,769.2,73.8,1016.3,1072.6,15,11,10,13,20,0,0,0,0,0,2440.945,4868.767,10265.748,19219.16,31591.312,America/Los_Angeles,34.03202,-118.52633,86.0,34.08241271972656,1.0,0.0,0.786005039736383,0.7859407048293866,0.9124537607891492,0.08754623921085081,0.9124555160142349,0.08754448398576511,1.0,0.0,0.0,20.0,0.0,98.9,1.0,,,,,,,,,,,,,,,,,2026-09-29 19:00:00+00:00,38.1253269865148,51.8746730134852,161.88216077201957,760.7676213542259,794.4277606432507,135.82133859270698,811.0,977.7,71.0,0.786005039736383,0,32.0,14,99.7,,2026-09-21T12:00Z,,,,,0.2,47.843,1.2834,nasa_power_ml_plus_cams_spectral,48.6,moderate,87.1,58.1,good locally,90.4,50.8,76.5,76.5,False,14,59.6,3.9,1,horizontal environmental reference,SSE,38.1,"sun 52° up (SSE) — lay flat, or lift torso ~38° toward SSE to face it",99.8,False,,,50.0,57.8,57.7,,not specified,Environmental scores are skin-type independent.,not personalized,57.7
2026-09-22T14:00,deterministic,best_match,71.5,81,65.3,74.1,67.1,1011.8,1001.8,52493.436,1,23,23,0,0,0,0.0,0.0,0.0,0.0,12.0,255,14.1,6.55,6.7,3600.0,1,0.0,1.5,0.0,14271.653,1574.803,26.3,0.0,0.016,0.5,777.1,561.9,215.3,691.7,1103.3,753.3,544.6,208.6,670.5,1069.5,65,40,36,7,16,0,0,0,0,0,2542.651,4934.384,10278.871,19068.242,31279.106,America/Los_Angeles,34.03202,-118.52633,86.0,34.08241271972656,0.9776119402985074,0.022388059701492602,0.7043415208918699,0.7043478260869565,0.7230729635825505,0.27705571998455797,0.7229523430240277,0.2769149077392805,1.0,-0.10000000000002274,0.09999999999990905,65.0,0.0,90.1,1.0,28.4,21.9,120.0,437.0,9.5,7.0,112.0,1370.0,0.25,3.0,6.15,6.15,72.0,72.0,22.0,20.0,2026-09-22 21:00:00+00:00,38.070566950866315,51.929433049133685,210.6414400295914,758.3785788389338,791.4257636144149,135.3271493130428,777.1,691.7,215.3,0.7043415208918699,23,21.944444444444446,81,100.17999999999999,0.25,2026-09-21T12:00Z,0.36039385,0.3363582,287.11853,0.16496527,0.16496527,45.223,1.2016,nasa_power_ml_plus_cams_spectral,48.1,moderate,81.4,51.4,good locally,99.5,75.7,91.2,91.2,False,81,67.1,12.0,0,horizontal environmental reference,SSW,38.1,"sun 52° up (SSW) — lay flat, or lift torso ~38° toward SSW to face it",100.0,False,,,50.0,57.7,57.7,,not specified,Environmental scores are skin-type independent.,not personalized,57.7
2026-10-04T12:00,deterministic,best_match,86.3,36,56.2,88.3,67.6,1005.9,996.2,79199.48,0,0,0,0,0,3,0.0,0.0,0.0,0.0,5.3,208,4.7,6.15,6.1,3600.0,1,0.0,5.4,0.0,16961.944,1230.315,19.0,0.0,0.023,2.74,770.0,701.0,69.0,949.8,1009.1,800.3,728.6,71.7,987.2,1048.9,9,9,6,6,6,0,0,0,0,0,2427.822,4878.609,10344.488,19284.778,31728.896,America/Los_Angeles,34.03202,-118.52633,86.0,34.08241271972656,1.0081967213114755,-0.00819672131147553,0.7630561886829849,0.7629897988368766,0.9103896103896104,0.08961038961038961,0.910408596776209,0.08959140322379108,1.0,0.0,-1.1368683772161603e-13,9.0,0.0,98.4,1.0,,,,,,,,,,,,,,,,,2026-10-04 19:00:00+00:00,39.899681736543826,50.100318263456174,163.25774070104444,740.2340066719806,789.7122351122268,134.39148612587178,770.0,949.8,69.0,0.7630561886829849,0,30.166666666666668,36,99.62,,2026-09-21T12:00Z,,,,,0.2,46.187,1.2278,nasa_power_ml_plus_cams_spectral,47.3,moderate,88.1,62.4,good locally,90.6,67.3,82.4,82.4,False,36,67.6,5.3,3,horizontal environmental reference,SSE,39.9,"sun 50° up (SSE) — lay flat, or lift torso ~40° toward SSE to face it",99.2,False,,,50.0,58.0,57.5,,not specified,Environmental scores are skin-type independent.,not personalized,57.5
2026-09-30T12:00,deterministic,best_match,89.3,14,33.9,86.0,59.5,1006.5,996.9,79199.48,0,0,0,0,0,2,0.0,0.0,0.0,0.0,5.6,217,4.3,6.2,6.2,3600.0,1,0.0,10.9,0.0,16666.666,1263.123,14.8,0.0,0.025,4.05,791.0,721.0,70.0,957.3,1027.3,822.2,749.4,72.8,995.1,1068.0,11,14,49,7,8,0,0,0,0,0,2450.787,4888.452,10311.68,19248.688,31675.98,America/Los_Angeles,34.03202,-118.52633,86.0,34.08241271972656,1.0,0.0,0.7699795580648302,0.7698501872659177,0.911504424778761,0.08849557522123894,0.9114570664072001,0.0885429335927998,1.0,0.0,1.1368683772161603e-13,49.0,0.0,98.6,1.0,,,,,,,,,,,,,,,,,2026-09-30 19:00:00+00:00,38.47931640350021,51.52068359649979,162.17056190256187,756.7486605686397,793.5334927485927,135.5445894053869,791.0,957.3,70.0,0.7699795580648302,0,31.833333333333332,14,99.69,,2026-09-21T12:00Z,,,,,0.2,47.112,1.246,nasa_power_ml_plus_cams_spectral,48.0,moderate,86.8,57.5,good locally,90.4,47.3,75.3,75.3,False,14,59.5,5.6,2,horizontal environmental reference,SSE,38.5,"sun 52° up (SSE) — lay flat, or lift torso ~38° toward SSE to face it",99.5,False,,,50.0,57.1,56.8,,not specified,Environmental scores are skin-type independent.,not personalized,56.8
2026-10-01T12:00,deterministic,best_match,97.0,14,39.9,95.3,64.2,1002.1,992.6,79199.48,0,0,0,0,0,2,0.0,0.0,0.0,0.0,4.0,251,5.1,6.25,6.25,3600.0,1,0.0,8.6,0.0,16699.475,1968.504,23.4,0.0,0.025,5.13,771.0,700.0,71.0,934.0,1022.8,801.4,727.6,73.8,970.9,1063.3,17,32,53,4,10,0,0,0,0,0,2352.362,4809.712,10262.467,19206.038,31755.356,America/Los_Angeles,34.03202,-118.52633,86.0,34.08241271972656,1.0,0.0,0.7538130621822449,0.7536913382864666,0.9079118028534371,0.09208819714656291,0.9079111554779137,0.09208884452208635,1.0,0.0,0.0,53.0,0.0,98.2,1.0,,,,,,,,,,,,,,,,,2026-10-01 19:00:00+00:00,38.83385172737361,51.16614827262639,162.45234109904663,752.6846159243553,792.615004506071,135.26319522298888,771.0,934.0,71.0,0.7538130621822449,0,36.111111111111114,14,99.26,,2026-09-21T12:00Z,,,,,0.2,46.6,1.2532,nasa_power_ml_plus_cams_spectral,47.9,moderate,87.3,59.1,good locally,92.8,38.1,73.7,73.7,False,14,64.2,4.0,2,horizontal environmental reference,SSE,38.8,"sun 51° up (SSE) — lay flat, or lift torso ~39° toward SSE to face it",99.5,False,,,50.0,57.1,56.8,,not specified,Environmental scores are skin-type independent.,not personalized,56.8
2026-10-02T12:00,deterministic,best_match,95.5,17,43.8,94.9,65.3,1002.1,992.6,79199.48,0,0,0,0,0,1,0.0,0.0,0.0,0.0,3.6,191,8.9,6.2,6.2,3600.0,1,0.0,7.9,0.0,16666.666,1361.549,21.9,0.0,0.024,4.74,769.0,698.0,71.0,936.1,1018.3,799.3,725.5,73.8,972.9,1058.5,9,17,8,6,4,0,0,0,0,0,2345.801,4806.431,10282.152,19232.284,31734.19,America/Los_Angeles,34.03202,-118.52633,86.0,34.08241271972656,1.0,0.0,0.7551802022979476,0.7551251771374586,0.9076723016905072,0.09232769830949285,0.9076692105592394,0.09233078944076066,1.0,0.0,0.0,17.0,0.0,98.4,1.0,,,,,,,,,,,,,,,,,2026-10-02 19:00:00+00:00,39.18883041256483,50.81116958743517,162.72747361379902,748.5766323334749,791.6720796726962,134.97718577878015,769.0,936.1,71.0,0.7551802022979476,0,35.27777777777778,17,99.26,,2026-09-21T12:00Z,,,,,0.2,46.053,1.2366,nasa_power_ml_plus_cams_spectral,47.4,moderate,86.9,58.1,good locally,88.9,49.3,75.0,75.0,False,17,65.3,3.6,1,horizontal environmental reference,SSE,39.2,"sun 51° up (SSE) — lay flat, or lift torso ~39° toward SSE to face it",99.8,False,,,50.0,56.8,56.7,,not specified,Environmental scores are skin-type independent.,not personalized,56.7
2026-09-27T14:00,deterministic,best_match,78.6,43,54.2,78.8,63.7,1010.4,1000.5,79199.48,0,0,0,0,0,1,0.0,0.0,0.0,0.0,9.1,216,8.3,6.35,6.35,3600.0,1,0.0,6.0,0.0,15255.905,1952.1,13.5,0.0,0.023,1.9,833.0,752.0,81.0,950.2,1078.2,805.8,727.5,78.4,919.2,1043.1,28,15,8,9,28,0,0,0,0,0,2516.404,4901.575,10255.905,19120.734,31464.312,America/Los_Angeles,34.03202,-118.52633,86.0,34.08241271972656,1.0,0.0,0.7725839361899461,0.7725050330744895,0.9027611044417767,0.09723889555822329,0.9028294862248697,0.09729461404815092,1.0,0.0,-0.10000000000002274,28.0,0.0,98.7,1.0,,,,,,,,,,,,,,,,,2026-09-27 21:00:00+00:00,40.01844551002636,49.98155448997364,209.97481703887556,735.6561741779547,785.9895463671444,133.71593037151354,833.0,950.2,81.0,0.7725839361899461,0,25.888888888888886,43,100.05,,2026-09-21T12:00Z,,,,,0.2,48.486,1.2629,nasa_power_ml_plus_cams_spectral,49.3,moderate,86.8,69.3,good locally,73.3,26.5,56.9,56.9,False,43,63.7,9.1,1,horizontal environmental reference,SSW,40.0,"sun 50° up (SSW) — lay flat, or lift torso ~40° toward SSW to face it",99.8,False,,,50.0,56.7,56.6,,not specified,Environmental scores are skin-type independent.,not personalized,56.6
2026-09-28T12:00,deterministic,best_match,82.1,24,41.8,81.2,59.7,1008.2,998.4,79199.48,0,0,0,0,0,3,0.0,0.0,0.0,0.0,4.3,231,3.4,6.25,6.25,3600.0,1,0.0,10.1,0.0,15846.457,2066.929,8.8,0.0,0.023,2.85,814.0,742.0,72.0,975.7,1036.2,846.1,771.3,74.8,1014.2,1077.2,21,16,12,7,12,0,0,0,0,0,2457.349,4849.082,10229.659,19127.296,31432.564,America/Los_Angeles,34.03202,-118.52633,86.0,34.08241271972656,1.0,0.0,0.7855626326963906,0.7854623096917935,0.9115479115479116,0.08845208845208845,0.9115943741874483,0.08840562581255171,1.0,0.0,1.1368683772161603e-13,21.0,0.0,98.6,1.0,,,,,,,,,,,,,,,,,2026-09-28 19:00:00+00:00,37.77198062515227,52.22801937484773,161.58716925628823,764.7404686315208,795.2980581296059,136.0934220146438,814.0,975.7,72.0,0.7855626326963906,0,27.833333333333332,24,99.84,,2026-09-21T12:00Z,,,,,0.2,47.542,1.2464,nasa_power_ml_plus_cams_spectral,48.4,moderate,86.1,54.7,good locally,85.8,56.7,75.6,75.6,False,24,59.7,4.3,3,horizontal environmental reference,SSE,37.8,"sun 52° up (SSE) — lay flat, or lift torso ~38° toward SSE to face it",99.2,False,,,50.0,57.1,56.6,,not specified,Environmental scores are skin-type independent.,not personalized,56.6
2026-09-27T12:00,deterministic,best_match,79.2,41,53.5,79.9,63.6,1011.8,1001.9,79199.48,0,0,0,0,0,1,0.0,0.0,0.0,0.0,7.1,204,5.1,6.3,6.3,3600.0,1,0.0,5.8,0.0,15288.714,2001.312,12.9,0.0,0.022,2.01,806.0,730.0,76.0,955.3,1040.5,837.8,758.8,79.0,993.1,1081.8,31,16,7,7,18,0,0,0,0,0,2549.213,4931.103,10282.152,19137.138,31469.606,America/Los_Angeles,34.03202,-118.52633,86.0,34.08241271972656,1.0,0.0,0.77462758289284,0.7744499907561472,0.9057071960297767,0.09429280397022333,0.9057054189544044,0.09429458104559561,1.0,0.0,0.0,31.0,0.0,98.8,1.0,,,,,,,,,,,,,,,,,2026-09-27 19:00:00+00:00,37.41936964118338,52.58063035881662,161.28562423729772,768.6662782368884,796.1446642745195,136.36082692225023,806.0,955.3,76.0,0.77462758289284,0,26.222222222222225,41,100.19,,2026-09-21T12:00Z,,,,,0.2,48.065,1.2663,nasa_power_ml_plus_cams_spectral,48.9,moderate,86.2,54.5,good locally,76.8,24.7,58.6,58.6,False,41,63.6,7.1,1,horizontal environmental reference,SSE,37.4,"sun 53° up (SSE) — lay flat, or lift torso ~37° toward SSE to face it",99.8,False,,,50.0,55.3,55.2,,not specified,Environmental scores are skin-type independent.,not personalized,55.2
2026-09-24T12:00,deterministic,best_match,80.9,51,61.1,84.6,68.1,1011.3,1001.5,79199.48,0,0,0,0,0,0,0.0,0.0,0.0,0.0,6.3,207,3.8,6.25,6.25,3600.0,1,130.0,0.1,372.0,13943.569,1509.186,23.3,0.0,0.022,1.77,790.0,709.0,81.0,915.1,1053.2,821.3,737.1,84.2,951.4,1095.0,38,31,30,9,10,0,0,0,0,0,2552.494,4970.473,10354.331,19150.262,31379.644,America/Los_Angeles,34.03202,-118.52633,86.0,34.08241271972656,1.0,0.0,0.750094948727687,0.7500456621004565,0.8974683544303798,0.10253164556962026,0.8974796055034702,0.1025203944965299,1.0,0.0,-1.1368683772161603e-13,38.0,0.0,98.4,1.0,36.6,29.9,155.0,452.0,28.0,8.5,83.0,1403.0,0.21,3.0,7.25,7.25,86.0,86.0,30.0,8.0,2026-09-24 19:00:00+00:00,36.36682649558267,53.63317350441733,160.34208789890977,780.1534470194175,798.5454233304155,137.13493098927165,790.0,915.1,81.0,0.750094948727687,0,27.16666666666667,51,100.15,0.21,2026-09-21T12:00Z,0.21337289,0.20012209,280.87064,0.16348904,0.16348904,46.074,1.2937,nasa_power_ml_plus_cams_spectral,47.6,moderate,81.8,38.6,good locally,97.7,60.5,84.7,84.7,False,51,68.1,6.3,0,horizontal environmental reference,SSE,36.4,"sun 54° up (SSE) — lay flat, or lift torso ~36° toward SSE to face it",100.0,False,,,50.0,55.1,55.1,,not specified,Environmental scores are skin-type independent.,not personalized,55.1
2026-09-22T13:00,deterministic,best_match,71.3,81,65.1,74.1,66.9,1012.3,1002.3,52821.524,0,19,13,0,0,0,0.0,0.0,0.0,0.0,11.0,252,12.5,6.85,6.85,3600.0,1,0.0,1.7,0.0,14238.846,1591.207,25.8,0.0,0.016,0.5,753.8,533.3,220.6,646.4,1120.5,756.7,535.3,221.4,648.9,1124.8,68,40,36,7,18,0,0,0,0,0,2555.775,4944.226,10285.434,19074.802,31279.106,America/Los_Angeles,34.03202,-118.52633,86.0,34.08241271972656,1.0,0.0,0.672735385988398,0.6727418207681366,0.7074820907402494,0.29265057044308834,0.7074137703184881,0.2925862296815118,1.0,-0.10000000000002274,1.1368683772161603e-13,68.0,0.0,89.6,1.0,30.9,24.2,139.0,443.0,11.8,8.3,104.0,1401.0,0.26,3.0,7.25,7.25,72.0,72.0,22.0,14.0,2026-09-22 20:00:00+00:00,34.106007680900234,55.893992319099766,185.9235016119261,805.712049927763,805.1633854063949,139.03552288631886,753.8,646.4,220.6,0.672735385988398,19,21.833333333333332,81,100.22999999999999,0.26,2026-09-21T12:00Z,0.4086575,0.3824767,286.11804,0.1647771,0.1647771,44.781,1.279,nasa_power_ml_plus_cams_spectral,48.8,moderate,82.5,29.2,good locally,99.3,69.5,88.9,88.9,False,81,66.9,11.0,0,horizontal environmental reference,S,34.1,"sun 56° up (S) — lay flat on back, face up",100.0,False,,,50.0,54.9,54.9,,not specified,Environmental scores are skin-type independent.,not personalized,54.9
2026-09-22T12:00,deterministic,best_match,71.6,77,64.0,74.8,66.3,1012.6,1002.6,57414.7,0,10,9,0,0,0,0.0,0.0,0.0,0.0,9.6,248,10.7,6.3,6.3,3600.0,1,0.0,2.1,0.0,13943.569,1607.612,25.7,0.0,0.017,0.61,772.5,617.8,154.8,790.6,1061.3,803.2,642.3,160.9,822.1,1103.5,71,40,38,7,22,0,0,0,0,0,2562.336,4944.226,10282.152,19058.398,31268.522,America/Los_Angeles,34.03202,-118.52633,86.0,34.08241271972656,1.0,0.0,0.7278809007820598,0.7278658812868147,0.7997411003236246,0.2003883495145631,0.799676294820717,0.20032370517928286,1.0,-0.09999999999990905,1.1368683772161603e-13,71.0,0.0,95.9,1.0,32.6,25.7,166.0,453.0,15.0,9.4,90.0,1447.0,0.28,3.0,7.1,7.1,71.0,71.0,21.0,9.0,2026-09-22 19:00:00+00:00,35.67040235640351,54.32959764359649,159.6810964928261,787.5625448327622,800.0333089598781,137.62759545478286,772.5,790.6,154.8,0.7278809007820598,10,21.999999999999996,77,100.26,0.28,2026-09-21T12:00Z,0.44290194,0.415043,285.24475,0.16469032,0.16469032,44.848,1.2544,nasa_power_ml_plus_cams_spectral,47.0,moderate,79.5,29.7,good locally,98.7,70.4,88.8,88.8,False,77,66.3,9.6,0,horizontal environmental reference,SSE,35.7,"sun 54° up (SSE) — lay flat, or lift torso ~36° toward SSE to face it",100.0,False,,,50.0,53.4,53.4,,not specified,Environmental scores are skin-type independent.,not personalized,53.4
2026-09-26T13:00,deterministic,best_match,82.4,37,53.5,82.7,64.9,1011.8,1002.0,79199.48,3,100,0,0,100,0,0.0,0.0,0.0,0.0,7.0,211,4.3,6.15,6.75,3600.0,1,0.0,6.5,0.0,15846.457,1689.633,14.7,0.0,0.023,2.38,767.0,504.0,263.0,622.4,1102.3,769.3,505.5,263.8,624.3,1105.8,28,23,6,6,42,0,0,0,0,0,2575.459,4977.034,10337.927,19222.442,31654.812,America/Los_Angeles,34.03202,-118.52633,86.0,34.08241271972656,0.9111111111111112,0.0888888888888888,0.6958178354349995,0.6956954241273287,0.6571056062581486,0.3428943937418514,0.657090861822436,0.3429091381775641,1.0,0.0,0.0,42.0,0.0,88.3,1.0,,,,,,,,,,,,,,,,,2026-09-26 20:00:00+00:00,35.68676900378176,54.31323099621824,186.29017369438807,789.1832824687131,801.8210524742954,137.9295830624162,767.0,622.4,263.0,0.6958178354349995,100,28.000000000000004,37,100.2,,2026-09-21T12:00Z,,,,,0.2,46.686,1.32,nasa_power_ml_plus_cams_spectral,47.6,moderate,83.3,33.8,good locally,91.0,37.8,72.4,72.4,False,37,64.9,7.0,0,horizontal environmental reference,S,35.7,"sun 54° up (S) — lay flat, or lift torso ~36° toward S to face it",100.0,False,,,50.0,53.3,53.3,,not specified,Environmental scores are skin-type independent.,not personalized,53.3
2026-09-23T15:00,deterministic,best_match,73.8,74,64.4,77.0,67.4,1012.0,1002.0,39206.036,0,12,12,0,0,0,0.0,0.0,0.0,0.0,9.4,246,10.2,5.75,5.8,3600.0,1,2.5,1.7,13.3,14329.068,1193.406,18.03,0.0,0.017,0.8,746.8,649.0,97.8,877.2,1005.7,694.7,603.8,90.9,816.1,935.7,21,22,23,6,10,0,0,0,0,0,2579.56,5004.922,10375.656,19179.792,31425.952,America/Los_Angeles,34.03202,-118.52633,86.0,34.08241271972656,0.9913793103448276,0.008620689655172376,0.7425673660137218,0.7424388158597841,0.8690412426352437,0.1309587573647563,0.869152152008061,0.13084784799193896,1.0,0.0,1.1368683772161603e-13,23.0,0.0,95.2,1.0,28.9,22.8,126.0,441.0,12.9,6.1,108.0,1379.0,0.19,3.0,4.3,4.35,79.0,79.0,26.0,24.0,2026-09-23 22:00:00+00:00,46.4962798653967,43.5037201346033,229.37596531544227,644.3236884441785,753.1298588090295,125.86783457012393,746.8,877.2,97.8,0.7425673660137218,12,23.22222222222222,74,100.2,0.19,2026-09-21T12:00Z,0.19257902,0.17820469,285.34457,0.16459715,0.16459715,41.157,1.0053,nasa_power_ml_plus_cams_spectral,43.1,moderate,73.4,67.8,typical-to-good locally,80.3,65.7,75.2,75.2,False,74,67.4,9.4,0,horizontal environmental reference,SW,46.5,"sun 44° up (SW) — lay flat, or lift torso ~46° toward SW to face it",100.0,False,,,50.0,53.1,53.1,,not specified,Environmental scores are skin-type independent.,not personalized,53.1
2026-09-23T12:00,deterministic,best_match,71.3,84,66.2,76.4,67.6,1012.8,1002.8,48884.516,1,20,20,0,0,0,0.0,0.0,0.0,0.0,6.2,249,6.3,6.3,6.3,3600.0,1,0.0,1.9,0.0,14370.079,1213.911,19.5,0.0,0.016,0.42,714.0,517.0,197.0,664.6,1057.3,742.4,537.6,204.8,691.0,1099.3,23,24,29,4,8,0,0,0,0,0,2598.425,5016.405,10377.297,19179.792,31416.69,America/Los_Angeles,34.03202,-118.52633,86.0,34.08241271972656,1.0,0.0,0.6753050222264259,0.6753388519967252,0.7240896358543417,0.2759103641456583,0.7241379310344828,0.27586206896551724,1.0,0.0,-1.1368683772161603e-13,29.0,0.0,90.5,1.0,33.9,27.6,201.0,468.0,24.3,6.5,81.0,1583.0,0.19,4.0,7.25,7.25,79.0,79.0,26.0,8.0,2026-09-23 19:00:00+00:00,36.01802940090283,53.98197059909717,160.0147580457426,783.8833428149709,799.3004068121438,137.38360054973305,714.0,664.6,197.0,0.6753050222264259,20,21.833333333333332,84,100.28,0.19,2026-09-21T12:00Z,0.25057372,0.23340245,284.307,0.1640895,0.1640895,43.379,1.2413,nasa_power_ml_plus_cams_spectral,46.2,moderate,78.7,27.2,good locally,100.0,60.6,86.2,86.2,False,84,67.6,6.2,0,horizontal environmental reference,SSE,36.0,"sun 54° up (SSE) — lay flat, or lift torso ~36° toward SSE to face it",100.0,False,,,50.0,52.1,52.1,,not specified,Environmental scores are skin-type independent.,not personalized,52.1
2026-09-24T15:00,deterministic,best_match,79.0,56,61.9,81.4,67.8,1010.4,1000.5,4855.643,0,0,0,0,0,0,0.0,0.0,0.0,0.0,8.1,214,9.2,5.6,5.75,3600.0,1,120.0,-0.3,301.0,14140.42,1148.294,21.6,0.0,0.019,1.49,716.0,611.0,105.0,831.1,1000.2,665.6,568.0,97.6,772.6,930.0,32,32,32,9,8,0,0,0,0,0,2532.808,4954.069,10347.77,19143.702,31374.356,America/Los_Angeles,34.03202,-118.52633,86.0,34.08241271972656,0.9739130434782608,0.026086956521739202,0.7158568286342731,0.7156989247311828,0.8533519553072626,0.14664804469273743,0.8533653846153846,0.14663461538461536,1.0,0.0,0.0,32.0,0.0,93.1,1.0,30.2,23.4,112.0,437.0,15.2,7.3,111.0,1362.0,0.15,3.0,4.45,4.5,87.0,87.0,30.0,25.0,2026-09-24 22:00:00+00:00,46.85390481369351,43.14609518630649,229.13366131589703,639.4480373632185,751.5674168881216,125.48040908908695,716.0,831.1,105.0,0.7158568286342731,0,26.11111111111111,56,100.05,0.15,2026-09-21T12:00Z,0.26459762,0.24904713,280.65158,0.16401064,0.16401064,41.057,0.9971,nasa_power_ml_plus_cams_spectral,42.5,moderate,72.9,67.0,typical-to-good locally,68.4,69.7,68.9,68.9,False,56,67.8,8.1,0,horizontal environmental reference,SW,46.9,"sun 43° up (SW) — lay flat, or lift torso ~47° toward SW to face it",100.0,False,,,50.0,51.9,51.9,,not specified,Environmental scores are skin-type independent.,not personalized,51.9
2026-09-26T15:00,deterministic,best_match,82.0,35,51.7,81.5,63.9,1010.2,1000.4,79199.48,1,42,0,0,36,0,0.0,0.0,0.0,0.0,7.2,219,6.9,5.7,5.7,3600.0,1,0.0,7.0,0.0,15977.69,1459.974,13.2,0.0,0.022,2.43,751.0,667.0,84.0,918.4,989.1,697.2,619.2,78.0,852.7,918.4,25,21,6,4,34,0,0,0,0,0,2529.528,4937.664,10305.118,19196.196,31638.938,America/Los_Angeles,34.03202,-118.52633,86.0,34.08241271972656,1.0,0.0,0.7592761095945809,0.7591463414634148,0.8881491344873502,0.1118508655126498,0.8881239242685026,0.11187607573149741,1.0,0.0,0.0,34.0,0.0,97.0,1.0,,,,,,,,,,,,,,,,,2026-09-26 22:00:00+00:00,47.569362807253306,42.430637192746694,228.65529416832248,629.5930335979396,748.3402050591534,124.69002408641649,751.0,918.4,84.0,0.7592761095945809,42,27.77777777777778,35,100.03999999999999,,2026-09-21T12:00Z,,,,,0.2,42.532,0.994,nasa_power_ml_plus_cams_spectral,43.7,moderate,76.4,77.2,good locally,59.1,30.0,48.9,48.9,False,35,63.9,7.2,0,horizontal environmental reference,SW,47.6,"sun 42° up (SW) — lay flat, or lift torso ~48° toward SW to face it",100.0,False,,,50.0,51.2,51.2,,not specified,Environmental scores are skin-type independent.,not personalized,51.2
2026-09-29T15:00,deterministic,best_match,88.2,18,39.4,85.0,61.1,1005.0,995.4,79199.48,0,0,0,0,0,1,0.0,0.0,0.0,0.0,6.5,218,5.8,5.2,5.2,3600.0,1,0.0,10.4,0.0,16830.708,1574.803,9.4,0.0,0.024,3.74,754.0,686.0,68.0,962.8,972.2,698.5,635.5,63.0,892.0,900.8,15,9,9,13,24,0,0,0,0,0,2414.698,4849.082,10252.625,19202.756,31570.148,America/Los_Angeles,34.03202,-118.52633,86.0,34.08241271972656,1.0,0.0,0.7755605842419255,0.7754218472468917,0.9098143236074271,0.09018567639257294,0.9098067287043665,0.0901932712956335,1.0,0.0,0.0,24.0,0.0,94.8,1.0,,,,,,,,,,,,,,,,,2026-09-29 22:00:00+00:00,48.64096431402932,41.35903568597068,227.95186609856532,614.5840911516965,743.2434688834784,123.46709418094252,754.0,962.8,68.0,0.7755605842419255,0,31.222222222222225,18,99.53999999999999,,2026-09-21T12:00Z,,,,,0.2,42.405,0.9245,nasa_power_ml_plus_cams_spectral,41.9,moderate,75.2,75.0,good locally,65.2,52.2,60.6,60.6,False,18,61.1,6.5,1,horizontal environmental reference,SW,48.6,"sun 41° up (SW) — lay flat, or lift torso ~49° toward SW to face it",99.8,False,,,50.0,51.2,51.1,,not specified,Environmental scores are skin-type independent.,not personalized,51.1
2026-09-28T15:00,deterministic,best_match,80.0,34,49.1,77.1,61.9,1006.3,996.5,79199.48,0,0,0,0,0,3,0.0,0.0,0.0,0.0,10.7,216,7.6,5.2,5.2,3600.0,1,0.0,9.0,0.0,16207.35,1066.273,10.0,0.0,0.023,2.3,754.0,682.0,72.0,951.0,977.9,699.0,632.3,66.8,881.7,906.7,22,16,12,6,16,0,0,0,0,0,2414.698,4826.116,10213.255,19130.578,31464.312,America/Los_Angeles,34.03202,-118.52633,86.0,34.08241271972656,1.0,0.0,0.7710399836384089,0.7709275394286974,0.9045092838196287,0.09549071618037135,0.9045779685264663,0.0955650929899857,1.0,0.0,-0.09999999999990905,22.0,0.0,94.3,1.0,,,,,,,,,,,,,,,,,2026-09-28 22:00:00+00:00,48.2841626550105,41.7158373449895,228.18459078858382,619.6142505643514,744.9764462220827,123.87957490457148,754.0,951.0,72.0,0.7710399836384089,0,26.666666666666668,34,99.65,,2026-09-21T12:00Z,,,,,0.2,42.409,0.9287,nasa_power_ml_plus_cams_spectral,41.9,moderate,74.4,72.6,typical-to-good locally,62.8,61.2,62.2,62.2,False,34,61.9,10.7,3,horizontal environmental reference,SW,48.3,"sun 42° up (SW) — lay flat, or lift torso ~48° toward SW to face it",99.2,False,,,50.0,51.2,50.8,,not specified,Environmental scores are skin-type independent.,not personalized,50.8
2026-10-03T15:00,deterministic,best_match,84.2,45,60.6,86.1,69.0,1005.2,995.5,79199.48,0,0,0,0,0,0,0.0,0.0,0.0,0.0,7.4,213,9.4,5.05,5.05,3600.0,1,0.0,2.5,0.0,15518.373,1017.06,28.4,0.0,0.021,2.2,697.0,623.0,74.0,897.7,949.1,643.9,575.5,68.4,829.3,876.9,4,6,4,7,4,0,0,0,0,0,2411.417,4872.048,10351.05,19258.532,31813.564,America/Los_Angeles,34.03202,-118.52633,86.0,34.08241271972656,1.0,0.0,0.7343799388894742,0.734291253278595,0.8938307030129125,0.10616929698708752,0.8937723248951701,0.10622767510482996,1.0,0.0,0.0,7.0,0.0,92.8,1.0,,,,,,,,,,,,,,,,,2026-10-03 22:00:00+00:00,50.0608734824424,39.9391265175576,227.03639916091296,594.2476466631554,735.9743727873552,121.77169926434874,697.0,897.7,74.0,0.7343799388894742,0,29.000000000000004,45,99.55,,2026-09-21T12:00Z,,,,,0.2,39.733,0.8929,nasa_power_ml_plus_cams_spectral,39.9,moderate,74.0,73.2,typical-to-good locally,66.2,71.8,68.2,68.2,False,45,69.0,7.4,0,horizontal environmental reference,SW,50.1,"sun 40° up (SW) — lay flat, or lift torso ~50° toward SW to face it",100.0,False,,,50.0,50.4,50.4,,not specified,Environmental scores are skin-type independent.,not personalized,50.4
2026-10-02T15:00,deterministic,best_match,93.2,20,46.2,91.1,65.5,1001.0,991.5,79199.48,0,0,0,0,0,2,0.0,0.0,0.0,0.0,6.5,224,6.5,5.15,5.15,3600.0,1,0.0,7.4,0.0,16765.092,1377.953,23.2,0.0,0.024,4.25,709.0,640.0,69.0,916.1,954.9,655.5,591.7,63.8,846.9,882.9,6,8,7,6,6,0,0,0,0,0,2319.554,4786.746,10269.029,19225.722,31744.774,America/Los_Angeles,34.03202,-118.52633,86.0,34.08241271972656,1.0,0.0,0.7424861242014871,0.7424396873938158,0.9026798307475318,0.09732016925246827,0.9026697177726927,0.0973302822273074,1.0,0.0,0.0,8.0,0.0,93.6,1.0,,,,,,,,,,,,,,,,,2026-10-02 22:00:00+00:00,49.70727548171562,40.29272451828438,227.26310821336122,599.3591575451451,737.8417774815816,122.20209671851217,709.0,916.1,69.0,0.7424861242014871,0,34.0,20,99.15,,2026-09-21T12:00Z,,,,,0.2,39.951,0.9044,nasa_power_ml_plus_cams_spectral,40.3,moderate,74.2,73.4,typical-to-good locally,64.6,58.9,62.6,62.6,False,20,65.5,6.5,2,horizontal environmental reference,SW,49.7,"sun 40° up (SW) — lay flat, or lift torso ~50° toward SW to face it",99.5,False,,,50.0,50.1,49.8,,not specified,Environmental scores are skin-type independent.,not personalized,49.8
2026-09-30T15:00,deterministic,best_match,90.4,18,41.1,86.5,62.5,1004.7,995.1,79199.48,0,0,0,0,0,2,0.0,0.0,0.0,0.0,8.4,228,8.1,5.15,5.15,3600.0,1,0.0,8.6,0.0,16469.816,1624.016,15.8,0.0,0.025,4.0,732.0,662.0,70.0,935.1,966.4,677.7,612.9,64.8,865.8,894.9,10,24,47,7,6,0,0,0,0,0,2411.417,4858.924,10291.995,19219.16,31670.688,America/Los_Angeles,34.03202,-118.52633,86.0,34.08241271972656,1.0,0.0,0.7574503311258278,0.7572913174656387,0.9043715846994536,0.09562841530054644,0.9043824701195218,0.09561752988047807,1.0,0.0,1.1368683772161603e-13,47.0,0.0,94.0,1.0,,,,,,,,,,,,,,,,,2026-09-30 22:00:00+00:00,48.997178565471216,41.002821434528784,227.72076717003137,609.5298912149279,741.4765742333509,123.04993395681834,732.0,935.1,70.0,0.7574503311258278,0,32.44444444444445,18,99.51,,2026-09-21T12:00Z,,,,,0.2,40.815,0.9162,nasa_power_ml_plus_cams_spectral,40.8,moderate,73.8,71.7,typical-to-good locally,63.6,46.1,57.5,57.5,False,18,62.5,8.4,2,horizontal environmental reference,SW,49.0,"sun 41° up (SW) — lay flat, or lift torso ~49° toward SW to face it",99.5,False,,,50.0,49.7,49.4,,not specified,Environmental scores are skin-type independent.,not personalized,49.4
2026-09-22T15:00,deterministic,best_match,70.9,80,64.4,71.4,66.4,1011.4,1001.4,53477.692,1,20,23,0,0,0,0.0,0.0,0.0,0.0,13.6,260,16.6,5.55,5.85,3600.0,1,0.0,1.7,0.0,14337.271,1525.591,27.2,0.0,0.014,0.52,664.9,446.2,218.8,599.5,1011.0,619.1,415.4,203.7,558.1,941.3,64,41,34,7,12,0,0,0,0,0,2532.808,4927.822,10275.591,19055.12,31284.394,America/Los_Angeles,34.03202,-118.52633,86.0,34.08241271972656,0.9487179487179488,0.05128205128205121,0.6576656775469831,0.6577074259003506,0.6710783576477666,0.3290720409084073,0.670973994508157,0.32902600549184297,1.0,-0.10000000000002274,1.1368683772161603e-13,64.0,0.0,83.3,1.0,24.0,18.3,115.0,436.0,7.2,5.6,113.0,1367.0,0.23,3.0,4.3,4.3,73.0,73.0,23.0,27.0,2026-09-22 22:00:00+00:00,46.138911668506104,43.861088331493896,229.6204761180379,649.1619827561732,754.6582828205164,126.24996446153159,664.9,599.5,218.8,0.6576656775469831,20,21.611111111111114,80,100.14,0.23,2026-09-21T12:00Z,0.32012892,0.29850465,287.58463,0.16519737,0.16519737,38.067,0.9047,nasa_power_ml_plus_cams_spectral,40.6,moderate,68.6,52.8,typical-to-good locally,71.9,76.2,73.4,73.4,False,80,66.4,13.6,0,horizontal environmental reference,SW,46.1,"sun 44° up (SW) — lay flat, or lift torso ~46° toward SW to face it",100.0,False,,,50.0,49.3,49.3,,not specified,Environmental scores are skin-type independent.,not personalized,49.3
2026-10-01T15:00,deterministic,best_match,96.1,19,47.2,93.3,66.9,1000.2,990.7,79199.48,0,0,0,0,0,2,0.0,0.0,0.0,0.0,8.5,225,11.2,5.2,5.2,3600.0,1,0.0,5.6,0.0,16765.092,3067.585,24.2,0.0,0.026,4.7,711.0,641.0,70.0,911.4,960.7,657.8,593.0,64.8,843.2,888.9,17,30,50,4,12,0,0,0,0,0,2309.712,4776.903,10239.501,19192.914,31739.48,America/Los_Angeles,34.03202,-118.52633,86.0,34.08241271972656,1.0,0.0,0.7400853544290621,0.7400157498031275,0.9015471167369902,0.09845288326300984,0.9014898145332929,0.09851018546670721,1.0,0.0,0.0,50.0,0.0,93.7,1.0,,,,,,,,,,,,,,,,,2026-10-01 22:00:00+00:00,49.35266313513856,40.64733686486144,227.4912074465435,604.4540836413503,739.6759357015857,122.62822271628744,711.0,911.4,70.0,0.7400853544290621,0,35.61111111111111,19,99.07000000000001,,2026-09-21T12:00Z,,,,,0.2,40.008,0.9153,nasa_power_ml_plus_cams_spectral,40.5,moderate,74.1,72.6,typical-to-good locally,65.1,43.0,57.4,57.4,False,19,66.9,8.5,2,horizontal environmental reference,SW,49.4,"sun 41° up (SW) — lay flat, or lift torso ~49° toward SW to face it",99.5,False,,,50.0,49.5,49.3,,not specified,Environmental scores are skin-type independent.,not personalized,49.3
2026-09-25T15:00,deterministic,best_match,80.9,49,60.0,82.3,67.5,1010.3,1000.5,75328.088,3,100,0,0,100,0,0.0,0.0,0.0,0.0,8.5,215,7.4,5.55,5.7,3600.0,1,0.0,2.6,0.0,15551.182,1394.357,20.9,0.0,0.02,1.84,712.0,548.0,164.0,749.9,994.7,661.5,509.1,152.4,696.7,924.2,37,24,24,31,100,0,0,0,0,66,2532.808,4954.069,10331.365,19189.632,31506.646,America/Los_Angeles,34.03202,-118.52633,86.0,34.08241271972656,0.9736842105263157,0.026315789473684292,0.7157937066452197,0.7157541657649859,0.7696629213483146,0.2303370786516854,0.7696145124716554,0.23038548752834467,1.0,0.0,0.0,100.0,66.0,90.2,1.0,29.5,23.0,122.0,439.0,10.0,6.7,104.0,1373.0,0.11,2.0,4.45,4.6,84.0,84.0,29.0,24.0,2026-09-25 22:00:00+00:00,47.2116459235988,42.7883540764012,228.89347004038632,634.5371082959971,749.9708802244062,125.0877747509648,712.0,749.9,164.0,0.7157937066452197,100,27.16666666666667,49,100.05,0.11,2026-09-21T12:00Z,0.14761078,0.13621971,291.54678,0.16340983,0.16340983,40.724,0.93,nasa_power_ml_plus_cams_spectral,42.1,moderate,72.8,66.8,typical-to-good locally,57.9,37.1,50.6,50.6,False,49,67.5,8.5,0,horizontal environmental reference,SW,47.2,"sun 43° up (SW) — lay flat, or lift torso ~47° toward SW to face it",100.0,False,,,50.0,49.2,49.2,,not specified,Environmental scores are skin-type independent.,not personalized,49.2
2026-09-25T12:00,deterministic,best_match,81.3,48,59.7,84.4,67.5,1012.0,1002.2,79199.48,3,100,0,0,100,0,0.0,0.0,0.0,0.0,4.8,193,2.0,5.75,6.2,3600.0,1,0.0,2.4,0.0,15387.14,1574.803,22.7,0.0,0.02,1.9,719.0,479.0,240.0,621.1,1049.0,747.5,498.0,249.5,645.7,1090.7,40,26,33,14,72,0,0,0,0,0,2575.459,4983.596,10357.611,19192.914,31517.228,America/Los_Angeles,34.03202,-118.52633,86.0,34.08241271972656,0.9274193548387096,0.07258064516129037,0.6854146806482364,0.6853396901072706,0.6662030598052852,0.3337969401947149,0.6662207357859532,0.3337792642140468,1.0,0.0,0.0,72.0,0.0,87.7,1.0,30.3,24.2,141.0,446.0,17.9,7.2,82.0,1387.0,0.13,2.0,7.6,7.6,84.0,84.0,30.0,9.0,2026-09-25 19:00:00+00:00,36.716706364770985,53.283293635229015,160.66303937156977,776.3735102052868,797.7680250322248,136.8815811756332,719.0,621.1,240.0,0.6854146806482364,100,27.38888888888889,48,100.22,0.13,2026-09-21T12:00Z,0.16131882,0.1490281,290.23422,0.16287297,0.16287297,44.009,1.2306,nasa_power_ml_plus_cams_spectral,44.7,moderate,77.3,23.9,good locally,90.2,36.8,71.5,71.5,False,48,67.5,4.8,0,horizontal environmental reference,SSE,36.7,"sun 53° up (SSE) — lay flat, or lift torso ~37° toward SSE to face it",100.0,False,,,50.0,48.9,48.9,,not specified,Environmental scores are skin-type independent.,not personalized,48.9
2026-10-04T15:00,deterministic,best_match,85.0,39,57.3,85.2,67.6,1004.2,994.5,79199.48,0,0,0,0,0,1,0.0,0.0,0.0,0.0,8.0,216,11.2,4.9,5.0,3600.0,1,0.0,5.5,0.0,17191.602,1164.698,18.4,0.0,0.021,2.51,678.0,592.0,86.0,858.8,943.3,625.9,546.5,79.4,792.8,871.0,8,9,7,10,8,0,0,0,0,0,2388.452,4845.801,10314.961,19268.374,31723.604,America/Los_Angeles,34.03202,-118.52633,86.0,34.08241271972656,0.9800000000000001,0.019999999999999907,0.7187533128379096,0.7185993111366246,0.8731563421828908,0.12684365781710916,0.87314267454865,0.12685732545135006,1.0,0.0,0.0,10.0,0.0,90.2,1.0,,,,,,,,,,,,,,,,,2026-10-04 22:00:00+00:00,50.41331621505067,39.58668378494933,226.81101827168655,589.1221158433459,734.074041067298,121.33717976380137,678.0,858.8,86.0,0.7187533128379096,0,29.444444444444446,39,99.45,,2026-09-21T12:00Z,,,,,0.2,38.742,0.8477,nasa_power_ml_plus_cams_spectral,38.8,moderate,72.6,69.5,typical-to-good locally,63.8,70.1,66.0,66.0,False,39,67.6,8.0,1,horizontal environmental reference,SW,50.4,"sun 40° up (SW) — lay flat, or lift torso ~50° toward SW to face it",99.8,False,,,50.0,48.9,48.8,,not specified,Environmental scores are skin-type independent.,not personalized,48.8
2026-09-27T15:00,deterministic,best_match,78.7,43,54.3,78.0,63.8,1009.8,999.9,79199.48,0,0,0,0,0,1,0.0,0.0,0.0,0.0,9.3,217,9.2,5.25,5.25,3600.0,1,0.0,6.1,0.0,15255.905,1837.27,13.7,0.0,0.021,1.91,748.0,674.0,74.0,933.9,983.5,694.0,625.3,68.7,866.4,912.6,28,16,8,13,28,0,0,0,0,0,2506.562,4891.733,10249.344,19114.174,31464.312,America/Los_Angeles,34.03202,-118.52633,86.0,34.08241271972656,1.0,0.0,0.7605490594814438,0.7604646066184527,0.9010695187165776,0.09893048128342247,0.9010086455331412,0.09899135446685879,1.0,0.0,0.0,28.0,0.0,94.7,1.0,,,,,,,,,,,,,,,,,2026-09-27 22:00:00+00:00,47.926915189732014,42.073084810267986,228.41903429715748,624.6179997819978,746.6753832992725,124.28725572058124,748.0,933.9,74.0,0.7605490594814438,0,25.944444444444446,43,99.99,,2026-09-21T12:00Z,,,,,0.2,42.35,0.9747,nasa_power_ml_plus_cams_spectral,42.1,moderate,74.1,71.3,typical-to-good locally,52.6,28.2,44.1,44.1,False,43,63.8,9.3,1,horizontal environmental reference,SW,47.9,"sun 42° up (SW) — lay flat, or lift torso ~48° toward SW to face it",99.8,False,,,50.0,48.6,48.5,,not specified,Environmental scores are skin-type independent.,not personalized,48.5
2026-09-29T11:00,deterministic,best_match,88.7,14,33.4,85.7,59.1,1006.8,997.1,79199.48,0,0,0,0,0,2,0.0,0.0,0.0,0.0,2.5,185,2.5,4.9,4.9,3600.0,1,0.0,13.1,0.0,16765.092,1328.74,9.1,0.0,0.02,3.97,690.0,620.0,70.0,936.0,902.8,748.1,672.2,75.9,1014.7,978.9,15,12,10,13,20,0,0,0,0,0,2450.787,4872.048,10272.31,19225.722,31596.606,America/Los_Angeles,34.03202,-118.52633,86.0,34.08241271972656,1.0,0.0,0.7642888790429775,0.7642251506793339,0.8985507246376812,0.10144927536231885,0.8985429755380298,0.10145702446197033,1.0,0.0,0.0,20.0,0.0,92.8,1.0,,,,,,,,,,,,,,,,,2026-09-29 18:00:00+00:00,44.1109872151524,45.8890127848476,140.88088864734675,680.8913610363195,768.295096506965,129.26098720957873,690.0,936.0,70.0,0.7642888790429775,0,31.500000000000004,14,99.71000000000001,,2026-09-21T12:00Z,,,,,0.2,40.899,1.0382,nasa_power_ml_plus_cams_spectral,40.1,moderate,72.0,42.9,typical-to-good locally,83.6,50.9,72.2,72.2,False,14,59.1,2.5,2,horizontal environmental reference,SE,44.1,"sun 46° up (SE) — lay flat, or lift torso ~44° toward SE to face it",99.5,False,,,50.0,48.1,47.9,,not specified,Environmental scores are skin-type independent.,not personalized,47.9
2026-09-21T15:00,deterministic,best_match,73.9,70,63.5,75.3,66.8,1012.3,1002.3,70209.976,0,12,12,0,0,0,0.0,0.0,0.0,0.0,10.6,257,11.4,5.75,5.9,3600.0,1,30.0,-0.5,237.0,13156.168,1870.079,23.1,0.0,0.016,0.86,665.8,504.8,161.0,674.2,1016.3,620.2,470.2,150.0,628.1,946.8,77,55,43,19,6,0,0,0,0,0,2552.494,4891.733,10209.974,18923.884,31104.48,America/Los_Angeles,34.03202,-118.52633,86.0,34.08241271972656,0.9745762711864406,0.025423728813559365,0.6551215192364459,0.6550485847063795,0.7581856413337339,0.24181435866626616,0.7581425346662366,0.2418574653337633,1.0,0.0,0.0,77.0,0.0,87.7,1.0,18.8,14.3,133.0,437.0,5.3,5.0,113.0,1363.0,0.21,2.0,4.1,4.65,61.0,61.0,17.0,34.0,2026-09-21 22:00:00+00:00,45.78194098185536,44.21805901814464,229.8672840802107,653.9608962387751,756.1527970080411,126.62671769664962,665.8,674.2,161.0,0.6551215192364459,12,23.277777777777782,70,100.22999999999999,0.21,2026-09-21T12:00Z,0.19003269,0.1775865,281.14108,0.16579914,0.16579914,38.325,0.9383,nasa_power_ml_plus_cams_spectral,41.4,moderate,69.5,55.1,typical-to-good locally,40.8,71.5,51.5,51.5,False,70,66.8,10.6,0,horizontal environmental reference,SW,45.8,"sun 44° up (SW) — lay flat, or lift torso ~46° toward SW to face it",100.0,False,,,50.0,47.6,47.6,,not specified,Environmental scores are skin-type independent.,not personalized,47.6
2026-09-26T12:00,deterministic,best_match,82.0,38,53.9,82.3,64.9,1012.0,1002.2,79199.48,3,100,0,0,100,0,0.0,0.0,0.0,0.0,5.8,203,3.6,5.6,6.2,3600.0,1,0.0,6.3,0.0,15944.882,1574.803,14.9,0.0,0.021,2.32,699.0,422.0,277.0,549.7,1044.8,726.6,438.7,288.0,571.4,1086.2,29,24,6,7,42,0,0,0,0,0,2578.74,4980.315,10341.207,19229.002,31654.812,America/Los_Angeles,34.03202,-118.52633,86.0,34.08241271972656,0.9032258064516128,0.09677419354838723,0.6690275650842267,0.668937580556067,0.6037195994277539,0.39628040057224606,0.6037709881640517,0.3963666391412056,1.0,0.0,-0.10000000000002274,42.0,0.0,83.9,1.0,,,,,,,,,,,,,,,,,2026-09-26 19:00:00+00:00,37.06758270687204,52.93241729312796,160.97756648394216,772.5442145710529,796.9678808206484,136.62354710640636,699.0,549.7,277.0,0.6690275650842267,100,27.77777777777778,38,100.22,,2026-09-21T12:00Z,,,,,0.2,43.074,1.2162,nasa_power_ml_plus_cams_spectral,43.7,moderate,76.4,21.6,good locally,90.6,32.4,70.2,70.2,False,38,64.9,5.8,0,horizontal environmental reference,SSE,37.1,"sun 53° up (SSE) — lay flat, or lift torso ~37° toward SSE to face it",100.0,False,,,50.0,47.5,47.5,,not specified,Environmental scores are skin-type independent.,not personalized,47.5
2026-10-03T11:00,deterministic,best_match,84.9,43,59.9,87.0,68.9,1007.0,997.3,79199.48,0,0,0,0,0,0,0.0,0.0,0.0,0.0,5.3,192,10.7,4.85,4.85,3600.0,1,0.0,2.4,0.0,15551.182,1131.89,28.5,0.0,0.019,2.33,638.0,563.0,75.0,867.9,886.1,692.2,610.8,81.4,941.6,961.6,4,6,6,9,4,0,0,0,0,0,2454.068,4904.856,10383.858,19291.338,31840.024,America/Los_Angeles,34.03202,-118.52633,86.0,34.08241271972656,1.0,0.0,0.720009028326374,0.7198419301164726,0.8824451410658307,0.11755485893416928,0.8824039295001443,0.11759607049985553,1.0,0.0,1.1368683772161603e-13,9.0,0.0,91.9,1.0,,,,,,,,,,,,,,,,,2026-10-03 18:00:00+00:00,45.27291105788184,44.72708894211816,142.40650964405125,665.9009679077172,764.1463059164721,128.14776541438357,638.0,867.9,75.0,0.720009028326374,0,29.388888888888893,43,99.72999999999999,,2026-09-21T12:00Z,,,,,0.2,38.948,0.9395,nasa_power_ml_plus_cams_spectral,38.8,moderate,71.9,42.7,typical-to-good locally,73.6,79.9,75.8,75.8,False,43,68.9,5.3,0,horizontal environmental reference,SE,45.3,"sun 45° up (SE) — lay flat, or lift torso ~45° toward SE to face it",100.0,False,,,50.0,47.5,47.5,,not specified,Environmental scores are skin-type independent.,not personalized,47.5
2026-09-30T11:00,deterministic,best_match,88.7,14,33.4,84.6,59.1,1006.9,997.2,79199.48,0,0,0,0,0,2,0.0,0.0,0.0,0.0,4.3,215,3.6,4.9,4.9,3600.0,1,0.0,11.7,0.0,16699.475,1033.465,14.7,0.0,0.02,3.97,672.0,601.0,71.0,911.9,898.7,728.7,651.7,77.0,988.9,974.6,12,11,50,7,10,0,0,0,0,0,2463.911,4898.294,10318.241,19258.532,31681.27,America/Los_Angeles,34.03202,-118.52633,86.0,34.08241271972656,1.0,0.0,0.7477467452987648,0.7476913605581778,0.8943452380952381,0.1056547619047619,0.8943323727185398,0.10566762728146013,1.0,0.0,0.0,50.0,0.0,92.5,1.0,,,,,,,,,,,,,,,,,2026-09-30 18:00:00+00:00,44.39920794061412,45.60079205938588,141.27125469057313,677.2121983698759,767.2994852602848,128.99025765110616,672.0,911.9,71.0,0.7477467452987648,0,31.500000000000004,14,99.72,,2026-09-21T12:00Z,,,,,0.2,40.057,1.0102,nasa_power_ml_plus_cams_spectral,39.6,moderate,71.5,41.6,typical-to-good locally,79.1,49.2,68.6,68.6,False,14,59.1,4.3,2,horizontal environmental reference,SE,44.4,"sun 46° up (SE) — lay flat, or lift torso ~44° toward SE to face it",99.5,False,,,50.0,47.2,47.0,,not specified,Environmental scores are skin-type independent.,not personalized,47.0
2026-09-28T11:00,deterministic,best_match,81.7,22,39.1,80.0,58.6,1008.7,998.9,79199.48,0,0,0,0,0,4,0.0,0.0,0.0,0.0,1.8,263,2.2,4.9,4.9,3600.0,1,0.0,10.6,0.0,15715.224,2214.567,8.5,0.0,0.018,2.88,692.0,619.0,73.0,929.8,906.8,750.1,671.0,79.1,1007.8,983.1,21,16,12,9,12,0,0,0,0,0,2470.473,4855.643,10232.939,19127.296,31421.978,America/Los_Angeles,34.03202,-118.52633,86.0,34.08241271972656,1.0,0.0,0.7631230701367446,0.7629946088902452,0.8945086705202312,0.10549132947976879,0.8945473936808426,0.10545260631915744,1.0,0.0,0.0,21.0,0.0,92.4,1.0,,,,,,,,,,,,,,,,,2026-09-28 18:00:00+00:00,43.82439411081742,46.17560588918258,140.48472823757334,684.5238612586887,769.2636538600183,129.526691897432,692.0,929.8,73.0,0.7631230701367446,0,27.611111111111114,22,99.89,,2026-09-21T12:00Z,,,,,0.2,40.701,1.0173,nasa_power_ml_plus_cams_spectral,39.9,moderate,70.9,40.0,typical-to-good locally,78.7,56.1,70.8,70.8,False,22,58.6,1.8,4,horizontal environmental reference,SE,43.8,"sun 46° up (SE) — lay flat, or lift torso ~44° toward SE to face it",98.8,False,,,50.0,47.4,46.9,,not specified,Environmental scores are skin-type independent.,not personalized,46.9
2026-10-04T11:00,deterministic,best_match,85.8,37,56.5,87.2,67.6,1006.4,996.7,79199.48,0,0,0,0,0,3,0.0,0.0,0.0,0.0,4.1,202,3.8,4.8,4.8,3600.0,1,0.0,5.3,0.0,16896.326,1082.677,19.3,0.0,0.019,2.66,646.0,574.0,72.0,889.6,881.8,701.0,622.9,78.1,965.4,957.1,9,9,6,4,6,0,0,0,0,0,2440.945,4891.733,10354.331,19291.338,31734.19,America/Los_Angeles,34.03202,-118.52633,86.0,34.08241271972656,1.0,0.0,0.732592424586074,0.7324208546651343,0.8885448916408669,0.11145510835913312,0.8885877318116976,0.11141226818830241,1.0,0.0,0.0,9.0,0.0,91.4,1.0,,,,,,,,,,,,,,,,,2026-10-04 18:00:00+00:00,45.566882575868576,44.433117424131424,142.77265566014785,662.0420316462533,763.0386558223432,127.856833142798,646.0,889.6,72.0,0.732592424586074,0,29.88888888888889,37,99.67,,2026-09-21T12:00Z,,,,,0.2,39.161,0.9349,nasa_power_ml_plus_cams_spectral,38.7,moderate,72.5,44.3,typical-to-good locally,72.0,72.2,72.1,72.1,False,37,67.6,4.1,3,horizontal environmental reference,SE,45.6,"sun 44° up (SE) — lay flat, or lift torso ~46° toward SE to face it",99.2,False,,,50.0,47.3,46.9,,not specified,Environmental scores are skin-type independent.,not personalized,46.9
2026-10-01T11:00,deterministic,best_match,96.2,13,37.4,93.1,63.1,1002.5,993.0,79199.48,0,0,0,0,0,1,0.0,0.0,0.0,0.0,3.3,286,3.6,4.95,4.95,3600.0,1,0.0,9.9,0.0,16699.475,1213.911,23.1,0.0,0.02,5.08,654.0,583.0,71.0,889.2,894.5,709.3,632.3,77.0,964.4,970.3,16,32,56,4,10,0,0,0,0,0,2365.486,4819.554,10272.31,19212.598,31760.648,America/Los_Angeles,34.03202,-118.52633,86.0,34.08241271972656,1.0,0.0,0.7311347121296814,0.7310110275172627,0.8914373088685015,0.10856269113149847,0.8914422670238263,0.1085577329761737,1.0,0.0,0.0,56.0,0.0,92.5,1.0,,,,,,,,,,,,,,,,,2026-10-01 18:00:00+00:00,44.688987295962725,45.311012704037275,141.6557155912933,673.4869330276384,766.2763989234994,128.7144828180925,654.0,889.2,71.0,0.7311347121296814,0,35.66666666666667,13,99.3,,2026-09-21T12:00Z,,,,,0.2,39.535,0.9646,nasa_power_ml_plus_cams_spectral,39.4,moderate,71.7,42.1,typical-to-good locally,80.1,39.2,65.8,65.8,False,13,63.1,3.3,1,horizontal environmental reference,SE,44.7,"sun 45° up (SE) — lay flat, or lift torso ~45° toward SE to face it",99.8,False,,,50.0,46.9,46.8,,not specified,Environmental scores are skin-type independent.,not personalized,46.8
2026-10-02T11:00,deterministic,best_match,95.5,16,42.2,93.7,64.7,1002.3,992.8,79199.48,0,0,0,0,0,1,0.0,0.0,0.0,0.0,2.6,165,9.4,4.9,4.9,3600.0,1,0.0,8.4,0.0,16633.857,1148.294,21.4,0.0,0.02,4.8,653.0,582.0,71.0,892.4,890.4,708.4,631.3,77.0,968.0,966.0,10,20,8,6,4,0,0,0,0,0,2355.643,4816.273,10288.714,19235.564,31728.896,America/Los_Angeles,34.03202,-118.52633,86.0,34.08241271972656,1.0,0.0,0.7333782569631626,0.7333333333333333,0.891271056661562,0.10872894333843798,0.8911631846414455,0.10869565217391304,1.0,0.0,0.10000000000002274,20.0,0.0,92.3,1.0,,,,,,,,,,,,,,,,,2026-10-02 18:00:00+00:00,44.98024935554997,45.01975064445003,142.03416647757717,669.7162505026515,765.2254534422373,128.43365210756383,653.0,892.4,71.0,0.7333782569631626,0,35.27777777777778,16,99.28,,2026-09-21T12:00Z,,,,,0.2,39.535,0.9658,nasa_power_ml_plus_cams_spectral,39.3,moderate,72.1,43.2,typical-to-good locally,71.0,51.5,64.2,64.2,False,16,64.7,2.6,1,horizontal environmental reference,SE,45.0,"sun 45° up (SE) — lay flat, or lift torso ~45° toward SE to face it",99.8,False,,,50.0,46.8,46.7,,not specified,Environmental scores are skin-type independent.,not personalized,46.7
2026-09-27T11:00,deterministic,best_match,78.8,42,53.8,78.9,63.6,1012.3,1002.4,79199.48,0,0,0,0,0,1,0.0,0.0,0.0,0.0,5.9,198,3.8,4.95,4.95,3600.0,1,0.0,5.8,0.0,15288.714,1837.27,12.6,0.0,0.019,1.95,685.0,609.0,76.0,910.2,910.8,742.4,660.0,82.4,986.5,987.2,32,17,7,7,14,0,0,0,0,0,2565.617,4947.507,10295.275,19146.982,31469.606,America/Los_Angeles,34.03202,-118.52633,86.0,34.08241271972656,1.0,0.0,0.7520860781730347,0.7520259319286872,0.8890510948905109,0.11094890510948906,0.8890086206896552,0.11099137931034483,1.0,0.0,0.0,32.0,0.0,92.9,1.0,,,,,,,,,,,,,,,,,2026-09-27 18:00:00+00:00,43.53949155254889,46.46050844745111,140.08288898471812,688.109249870634,770.205608662373,129.7874004688373,685.0,910.2,76.0,0.7520860781730347,0,26.0,42,100.24,,2026-09-21T12:00Z,,,,,0.2,41.602,1.0491,nasa_power_ml_plus_cams_spectral,40.6,moderate,71.5,41.8,typical-to-good locally,67.9,27.9,53.9,53.9,False,42,63.6,5.9,1,horizontal environmental reference,SE,43.5,"sun 46° up (SE) — lay flat, or lift torso ~44° toward SE to face it",99.8,False,,,50.0,46.3,46.2,,not specified,Environmental scores are skin-type independent.,not personalized,46.2
2026-09-25T11:00,deterministic,best_match,79.5,53,60.9,82.8,67.4,1012.5,1002.6,79199.48,0,17,0,0,14,0,0.0,0.0,0.0,0.0,4.3,180,2.2,5.05,5.05,3600.0,1,0.0,2.3,0.0,15419.947,1345.144,23.1,0.0,0.018,1.62,674.0,594.0,80.0,879.3,918.6,730.2,643.6,86.7,952.7,995.4,39,26,36,9,68,0,0,0,0,0,2582.021,4990.158,10364.173,19196.196,31517.228,America/Los_Angeles,34.03202,-118.52633,86.0,34.08241271972656,1.0,0.0,0.733725234051818,0.733574442435202,0.8813056379821959,0.11869436201780416,0.8814023555190359,0.11873459326211996,1.0,0.0,-0.10000000000002274,68.0,0.0,93.2,1.0,30.2,24.4,147.0,449.0,23.2,6.7,69.0,1393.0,0.14,2.0,6.2,6.2,85.0,85.0,30.0,5.0,2026-09-25 18:00:00+00:00,42.974988301522544,47.025011698477456,139.26265501392425,695.1373102601808,772.0116109373913,130.29397360076848,674.0,879.3,80.0,0.733725234051818,17,26.38888888888889,53,100.26,0.14,2026-09-21T12:00Z,0.16489632,0.1525702,288.90625,0.16293144,0.16293144,39.837,1.0603,nasa_power_ml_plus_cams_spectral,39.9,moderate,69.1,34.9,typical-to-good locally,75.6,49.7,66.5,66.5,False,53,67.4,4.3,0,horizontal environmental reference,SE,43.0,"sun 47° up (SE) — lay flat, or lift torso ~43° toward SE to face it",100.0,False,,,50.0,46.2,46.2,,not specified,Environmental scores are skin-type independent.,not personalized,46.2
2026-09-24T11:00,deterministic,best_match,79.0,55,61.4,82.2,67.5,1011.8,1001.9,79199.48,0,0,0,0,0,0,0.0,0.0,0.0,0.0,5.0,188,2.5,5.05,5.05,3600.0,1,90.0,0.2,406.0,13845.145,1328.74,23.3,0.0,0.018,1.52,678.0,601.0,77.0,885.5,922.4,734.5,651.0,83.4,959.2,999.3,37,30,33,9,12,0,0,0,0,0,2562.336,4977.034,10360.893,19153.542,31379.644,America/Los_Angeles,34.03202,-118.52633,86.0,34.08241271972656,1.0,0.0,0.7350390286209887,0.7350145101571101,0.8864306784660767,0.11356932153392331,0.8863172226004085,0.11354663036078966,1.0,0.0,0.10000000000002274,37.0,0.0,93.2,1.0,36.6,30.6,180.0,462.0,34.0,8.2,68.0,1441.0,0.23,3.0,5.9,5.9,86.0,86.0,30.0,5.0,2026-09-24 18:00:00+00:00,42.69549698229512,47.30450301770488,138.84450900592373,698.5794238012479,772.876627895901,130.53991848981138,678.0,885.5,77.0,0.7350390286209887,0,26.11111111111111,55,100.19,0.23,2026-09-21T12:00Z,0.19492337,0.1828787,280.76956,0.16353226,0.16353226,38.495,1.0418,nasa_power_ml_plus_cams_spectral,39.2,moderate,67.3,29.7,typical-to-good locally,84.7,65.3,77.9,77.9,False,55,67.5,5.0,0,horizontal environmental reference,SE,42.7,"sun 47° up (SE) — lay flat, or lift torso ~43° toward SE to face it",100.0,False,,,50.0,45.8,45.8,,not specified,Environmental scores are skin-type independent.,not personalized,45.8
2026-09-23T11:00,deterministic,best_match,70.5,86,66.1,75.4,67.3,1013.0,1003.0,46916.012,1,24,24,0,0,0,0.0,0.0,0.0,0.0,5.2,230,5.4,5.1,5.1,3600.0,1,0.0,2.3,0.0,14304.462,1148.294,20.5,0.0,0.015,0.36,656.0,538.0,118.0,789.5,926.1,710.6,582.8,127.8,855.2,1003.2,24,26,33,4,8,0,0,0,0,0,2598.425,5016.405,10374.016,19176.51,31416.69,America/Los_Angeles,34.03202,-118.52633,86.0,34.08241271972656,1.0,0.0,0.7083468307958104,0.7083333333333334,0.8201219512195121,0.1798780487804878,0.8201519842386714,0.17984801576132844,1.0,0.0,1.1368683772161603e-13,33.0,0.0,91.1,1.0,34.7,28.8,234.0,480.0,29.7,6.3,67.0,1666.0,0.2,4.0,5.95,5.95,79.0,79.0,26.0,4.0,2026-09-23 18:00:00+00:00,42.417917679191454,47.582082320808546,138.42118121464102,701.9732696254171,773.7169669293112,130.7810245288556,656.0,789.5,118.0,0.7083468307958104,24,21.38888888888889,86,100.3,0.2,2026-09-21T12:00Z,0.24307221,0.22625063,284.3075,0.16414708,0.16414708,37.711,1.0224,nasa_power_ml_plus_cams_spectral,38.9,moderate,66.3,27.0,typical-to-good locally,94.1,50.4,78.8,78.8,False,86,67.3,5.2,0,horizontal environmental reference,SE,42.4,"sun 48° up (SE) — lay flat, or lift torso ~42° toward SE to face it",100.0,False,,,50.0,45.2,45.2,,not specified,Environmental scores are skin-type independent.,not personalized,45.2
2026-09-22T11:00,deterministic,best_match,71.3,76,63.3,73.9,65.8,1012.7,1002.7,60695.54,0,8,9,0,0,0,0.0,0.0,0.0,0.0,7.7,240,8.1,5.15,5.15,3600.0,1,0.0,2.6,0.0,13615.485,1656.824,25.5,0.0,0.015,0.63,656.8,504.5,152.3,737.0,929.8,711.3,546.4,164.9,798.2,1007.1,75,41,38,9,20,0,0,0,0,0,2562.336,4937.664,10272.31,19055.12,31252.646,America/Los_Angeles,34.03202,-118.52633,86.0,34.08241271972656,1.0,0.0,0.706388470638847,0.7062853738456955,0.7681181485992692,0.23188185140073084,0.768170954590187,0.23182904540981303,1.0,0.0,0.0,75.0,0.0,90.3,1.0,32.4,25.8,193.0,463.0,21.3,9.8,73.0,1493.0,0.31,3.0,5.5,5.8,70.0,70.0,21.0,6.0,2026-09-22 18:00:00+00:00,42.14230456170297,47.85769543829703,137.99280357579113,705.3186255491177,774.5331048657762,131.01733357802186,656.8,737.0,152.3,0.706388470638847,8,21.833333333333332,76,100.27000000000001,0.31,2026-09-21T12:00Z,0.4139879,0.3875053,284.98547,0.16474885,0.16474885,36.871,1.0059,nasa_power_ml_plus_cams_spectral,38.6,moderate,65.3,24.1,typical-to-good locally,87.5,67.9,80.6,80.6,False,76,65.8,7.7,0,horizontal environmental reference,SE,42.1,"sun 48° up (SE) — lay flat, or lift torso ~42° toward SE to face it",100.0,False,,,50.0,44.5,44.5,,not specified,Environmental scores are skin-type independent.,not personalized,44.5
2026-09-21T16:00,deterministic,best_match,73.3,68,62.1,73.3,65.7,1012.2,1002.2,75131.232,0,15,15,0,0,0,0.0,0.0,0.0,0.0,10.6,263,12.3,4.5,4.5,3600.0,1,0.0,0.0,0.0,13188.977,2280.184,23.3,0.0,0.014,0.89,577.0,452.0,125.0,717.2,855.6,509.1,398.8,110.3,632.8,754.9,77,54,36,23,10,0,0,0,0,0,2549.213,4891.733,10209.974,18930.448,31136.228,America/Los_Angeles,34.03202,-118.52633,86.0,34.08241271972656,1.0,0.0,0.674380551659654,0.6743939594648298,0.7833622183708839,0.21663778162911612,0.7833431545865253,0.21665684541347474,1.0,0.0,0.0,77.0,0.0,82.4,1.0,18.7,14.2,135.0,437.0,5.0,4.8,114.0,1363.0,0.2,2.0,2.45,2.55,61.0,61.0,16.0,38.0,2026-09-21 23:00:00+00:00,56.20880751830999,33.79119248169001,243.80776209602442,491.88731156968106,684.2351295272414,111.33771711434804,577.0,717.2,125.0,0.674380551659654,15,22.944444444444443,68,100.22,0.2,2026-09-21T12:00Z,0.19216864,0.17969017,281.08105,0.16601592,0.16601592,31.051,0.5891,nasa_power_ml_plus_cams_spectral,33.0,low-moderate,56.8,85.3,typical-to-good locally,45.9,74.4,55.9,55.9,False,68,65.7,10.6,0,horizontal environmental reference,WSW,56.2,"sun 34° up (WSW) — lay flat, or lift torso ~56° toward WSW to face it",100.0,False,,,50.0,42.6,42.6,,not specified,Environmental scores are skin-type independent.,not personalized,42.6
2026-09-22T16:00,deterministic,best_match,70.3,79,63.5,70.1,65.5,1010.8,1000.8,56102.364,0,11,18,0,0,0,0.0,0.0,0.0,0.0,12.3,260,15.2,4.3,4.45,3600.0,1,0.0,3.0,0.0,13845.145,1377.953,24.3,0.0,0.012,0.53,568.0,410.0,158.0,655.4,849.8,500.6,361.3,139.2,577.5,748.9,57,26,39,7,12,0,0,0,0,0,2516.404,4917.979,10272.31,19048.556,31294.98,America/Los_Angeles,34.03202,-118.52633,86.0,34.08241271972656,0.9662921348314606,0.03370786516853941,0.6683925629559897,0.6684470556816665,0.721830985915493,0.27816901408450706,0.7217339192968438,0.2780663204155014,1.0,0.0,0.10000000000002274,57.0,0.0,78.8,1.0,21.2,15.7,120.0,438.0,5.7,4.1,108.0,1380.0,0.21,3.0,2.35,2.35,73.0,73.0,23.0,33.0,2026-09-22 23:00:00+00:00,56.534592192945205,33.465407807054795,243.53201856391973,486.770759098311,681.7352060294188,110.8391773583703,568.0,655.4,158.0,0.6683925629559897,11,21.27777777777778,79,100.08,0.21,2026-09-21T12:00Z,0.3267123,0.304915,287.2405,0.16540146,0.16540146,30.793,0.5513,nasa_power_ml_plus_cams_spectral,32.2,low-moderate,56.2,83.8,typical-to-good locally,54.0,80.9,63.4,63.4,False,79,65.5,12.3,0,horizontal environmental reference,WSW,56.5,"sun 33° up (WSW) — lay flat, or lift torso ~56° toward WSW to face it",100.0,False,,,50.0,42.6,42.6,,not specified,Environmental scores are skin-type independent.,not personalized,42.6
2026-09-24T16:00,deterministic,best_match,78.1,59,62.6,79.1,67.8,1010.1,1000.2,9317.585,0,0,0,0,0,0,0.0,0.0,0.0,0.0,8.7,220,9.8,4.2,4.35,3600.0,1,110.0,-0.4,317.0,14140.42,1049.869,20.7,0.0,0.016,1.34,578.0,489.0,89.0,794.1,838.1,508.0,429.8,78.2,697.9,736.7,31,33,34,9,6,0,0,0,0,0,2522.966,4944.226,10341.207,19137.138,31379.644,America/Los_Angeles,34.03202,-118.52633,86.0,34.08241271972656,0.9655172413793105,0.0344827586206895,0.689655172413793,0.6895615583005293,0.8460207612456747,0.15397923875432526,0.8460629921259842,0.15393700787401576,1.0,0.0,0.0,34.0,0.0,83.6,1.0,27.6,21.1,115.0,439.0,11.6,6.3,112.0,1363.0,0.14,3.0,2.4,2.45,87.0,87.0,30.0,31.0,2026-09-24 23:00:00+00:00,57.18722046785059,32.81277953214941,242.9851107733274,476.45455429394974,676.5757327249202,109.82108692092072,578.0,794.1,89.0,0.689655172413793,0,25.61111111111111,59,100.02000000000001,0.14,2026-09-21T12:00Z,0.27030697,0.2547597,280.04227,0.16419882,0.16419882,31.074,0.5931,nasa_power_ml_plus_cams_spectral,32.0,low-moderate,56.7,86.3,typical-to-good locally,56.5,71.5,61.8,61.8,False,59,67.8,8.7,0,horizontal environmental reference,WSW,57.2,"sun 33° up (WSW) — lay flat, or lift torso ~57° toward WSW to face it",100.0,False,,,50.0,42.5,42.5,,not specified,Environmental scores are skin-type independent.,not personalized,42.5
2026-09-23T16:00,deterministic,best_match,74.8,68,62.9,75.8,66.9,1010.5,1000.6,28510.498,1,12,12,0,0,0,0.0,0.0,0.0,0.0,9.1,239,9.7,4.2,4.4,3600.0,1,5.0,1.9,28.5,14320.866,1082.677,17.35,0.0,0.014,1.0,560.0,465.5,94.5,749.9,844.0,492.8,409.7,83.2,660.0,742.9,19,18,24,6,11,0,0,0,0,0,2539.37,4965.552,10346.129,19155.184,31406.104,America/Los_Angeles,34.03202,-118.52633,86.0,34.08241271972656,0.9545454545454545,0.045454545454545525,0.6635071090047393,0.6633463454031499,0.83125,0.16875,0.8313717532467532,0.16883116883116883,1.0,0.0,-0.0999999999999659,24.0,0.0,81.3,1.0,28.7,22.5,136.0,443.0,9.9,5.5,113.0,1396.0,0.19,3.0,2.3,2.35,80.0,80.0,27.0,30.0,2026-09-23 23:00:00+00:00,56.86077748031551,33.13922251968449,243.2578140779753,481.62568862583953,679.1821086821271,110.33360322836364,560.0,749.9,94.5,0.6635071090047393,12,23.77777777777778,68,100.06,0.19,2026-09-21T12:00Z,0.17883009,0.16539705,284.81625,0.16480058,0.16480058,30.348,0.5689,nasa_power_ml_plus_cams_spectral,31.6,low-moderate,55.9,83.6,typical-to-good locally,63.6,65.7,64.3,64.3,False,68,66.9,9.1,0,horizontal environmental reference,WSW,56.9,"sun 33° up (WSW) — lay flat, or lift torso ~57° toward WSW to face it",100.0,False,,,50.0,42.2,42.2,,not specified,Environmental scores are skin-type independent.,not personalized,42.2
2026-09-28T16:00,deterministic,best_match,79.5,34,48.7,75.9,61.6,1005.6,995.8,79199.48,0,0,0,0,0,3,0.0,0.0,0.0,0.0,9.2,214,8.7,3.9,3.9,3600.0,1,0.0,9.5,0.0,16338.583,967.848,10.2,0.0,0.019,2.27,611.0,541.0,70.0,906.6,814.0,534.2,473.0,61.2,792.7,711.8,21,16,11,9,16,0,0,0,0,0,2401.575,4816.273,10209.974,19130.578,31480.188,America/Los_Angeles,34.03202,-118.52633,86.0,34.08241271972656,1.0,0.0,0.7506142506142506,0.7504917111548188,0.8854337152209493,0.11456628477905073,0.8854361662298764,0.11456383377012354,1.0,0.0,0.0,21.0,0.0,85.9,1.0,,,,,,,,,,,,,,,,,2026-09-28 23:00:00+00:00,58.492691816394995,31.50730818360501,241.90841385471714,455.5603132705008,665.6174979448022,107.70373898094658,611.0,906.6,70.0,0.7506142506142506,0,26.38888888888889,34,99.58,,2026-09-21T12:00Z,,,,,0.2,32.015,0.5924,nasa_power_ml_plus_cams_spectral,31.6,low-moderate,57.7,90.0,typical-to-good locally,58.6,62.3,59.9,59.9,False,34,61.6,9.2,3,horizontal environmental reference,WSW,58.5,"sun 32° up (WSW) — lay flat, or lift torso ~58° toward WSW to face it",99.2,False,,,50.0,42.3,42.0,,not specified,Environmental scores are skin-type independent.,not personalized,42.0
2026-09-29T16:00,deterministic,best_match,87.6,20,41.6,83.3,61.7,1004.4,994.8,79199.48,0,0,0,0,0,1,0.0,0.0,0.0,0.0,6.8,224,7.4,3.9,3.9,3600.0,1,0.0,9.8,0.0,16797.9,1115.486,9.1,0.0,0.02,3.57,610.0,544.0,66.0,919.1,807.9,532.6,475.0,57.6,802.5,705.5,14,9,8,11,26,0,0,0,0,0,2401.575,4842.52,10246.063,19199.474,31570.148,America/Los_Angeles,34.03202,-118.52633,86.0,34.08241271972656,1.0,0.0,0.755043941081817,0.754925584691708,0.8918032786885246,0.10819672131147541,0.8918512955313556,0.10814870446864439,1.0,0.0,0.0,26.0,0.0,86.6,1.0,,,,,,,,,,,,,,,,,2026-09-29 23:00:00+00:00,58.81826061449927,31.181739385500727,241.6425246758235,450.29750792138026,662.7453691378917,107.15819568174174,610.0,919.1,66.0,0.755043941081817,0,30.888888888888886,20,99.47999999999999,,2026-09-21T12:00Z,,,,,0.2,31.747,0.584,nasa_power_ml_plus_cams_spectral,31.4,low-moderate,57.8,90.7,typical-to-good locally,59.6,52.7,57.2,57.2,False,20,61.7,6.8,1,horizontal environmental reference,WSW,58.8,"sun 31° up (WSW) — lay flat, or lift torso ~59° toward WSW to face it",99.8,False,,,50.0,41.9,41.8,,not specified,Environmental scores are skin-type independent.,not personalized,41.8
2026-09-26T16:00,deterministic,best_match,80.8,38,52.8,78.9,63.9,1010.0,1000.2,79199.48,1,33,0,0,31,0,0.0,0.0,0.0,0.0,7.9,220,8.9,4.3,4.3,3600.0,1,0.0,6.9,0.0,16043.308,1181.102,12.8,0.0,0.018,2.22,613.0,542.0,71.0,893.9,826.1,537.4,475.1,62.2,783.6,724.4,23,19,6,3,32,0,0,0,0,0,2522.966,4931.103,10298.557,19192.914,31633.646,America/Los_Angeles,34.03202,-118.52633,86.0,34.08241271972656,1.0,0.0,0.7420409151434451,0.7418553285477637,0.8841761827079935,0.11582381729200653,0.8840714551544474,0.11574246371417939,1.0,0.0,0.09999999999990905,32.0,0.0,88.0,1.0,,,,,,,,,,,,,,,,,2026-09-26 23:00:00+00:00,57.8403050257769,32.1596949742231,242.4440350463588,466.04417826755844,671.2030250460081,108.77563800303614,613.0,893.9,71.0,0.7420409151434451,33,27.11111111111111,38,100.02000000000001,,2026-09-21T12:00Z,,,,,0.2,32.501,0.6188,nasa_power_ml_plus_cams_spectral,33.2,low-moderate,59.0,93.2,typical-to-good locally,44.3,33.6,40.6,40.6,False,38,63.9,7.9,0,horizontal environmental reference,WSW,57.8,"sun 32° up (WSW) — lay flat, or lift torso ~58° toward WSW to face it",100.0,False,,,50.0,41.4,41.4,,not specified,Environmental scores are skin-type independent.,not personalized,41.4
2026-10-02T16:00,deterministic,best_match,93.3,20,46.2,89.6,65.6,1000.7,991.2,79199.48,0,0,0,0,0,2,0.0,0.0,0.0,0.0,6.8,224,5.6,3.9,3.9,3600.0,1,0.0,7.2,0.0,16830.708,1148.294,23.4,0.0,0.02,4.26,568.0,500.0,68.0,866.0,789.4,493.9,434.7,59.1,753.0,686.6,6,9,7,6,6,0,0,0,0,0,2316.273,4783.465,10269.029,19225.722,31750.062,America/Los_Angeles,34.03202,-118.52633,86.0,34.08241271972656,1.0,0.0,0.719533823156828,0.7193416836586076,0.8802816901408451,0.11971830985915492,0.8801376796922454,0.11965985017209962,1.0,0.0,0.0999999999999659,9.0,0.0,84.5,1.0,,,,,,,,,,,,,,,,,2026-10-02 23:00:00+00:00,59.79071588544266,30.20928411455734,240.8520081894589,434.4588333482217,653.8155774818684,105.48499672968512,568.0,866.0,68.0,0.719533823156828,0,34.05555555555556,20,99.12,,2026-09-21T12:00Z,,,,,0.2,30.297,0.5333,nasa_power_ml_plus_cams_spectral,30.6,low-moderate,58.0,92.4,typical-to-good locally,57.7,61.2,58.9,58.9,False,20,65.6,6.8,2,horizontal environmental reference,WSW,59.8,"sun 30° up (WSW) — lay flat, or lift torso ~60° toward WSW to face it",99.5,False,,,50.0,41.5,41.3,,not specified,Environmental scores are skin-type independent.,not personalized,41.3
2026-10-03T16:00,deterministic,best_match,83.2,45,59.7,83.6,68.2,1004.8,995.1,79199.48,0,0,0,0,0,0,0.0,0.0,0.0,0.0,6.9,213,10.1,3.75,3.75,3600.0,1,0.0,2.9,0.0,15583.989,853.018,28.3,0.0,0.017,2.13,555.0,483.0,72.0,843.6,783.3,481.9,419.4,62.5,732.5,680.3,5,7,4,9,4,0,0,0,0,0,2404.856,4865.486,10344.488,19255.25,31813.564,America/Los_Angeles,34.03202,-118.52633,86.0,34.08241271972656,1.0,0.0,0.7085407889697435,0.7083639570777598,0.8702702702702703,0.12972972972972974,0.870305042539946,0.12969495746005397,1.0,0.0,0.0,9.0,0.0,83.3,1.0,,,,,,,,,,,,,,,,,2026-10-03 23:00:00+00:00,60.11296500303651,29.88703499696349,240.5907692220604,429.1719534378103,650.7361220014699,104.91563353807908,555.0,843.6,72.0,0.7085407889697435,0,28.444444444444446,45,99.51,,2026-09-21T12:00Z,,,,,0.2,30.113,0.5027,nasa_power_ml_plus_cams_spectral,30.0,low-moderate,57.6,91.8,typical-to-good locally,58.8,70.4,62.9,62.9,False,45,68.2,6.9,0,horizontal environmental reference,WSW,60.1,"sun low 30° (WSW) — face WSW, lift torso ~60° toward the sun if comfortable",100.0,False,,,50.0,41.3,41.3,,not specified,Environmental scores are skin-type independent.,not personalized,41.3
2026-09-30T16:00,deterministic,best_match,91.9,18,42.4,86.9,63.5,1003.9,994.3,79199.48,0,0,0,0,0,2,0.0,0.0,0.0,0.0,8.4,228,10.5,3.9,3.9,3600.0,1,0.0,7.8,0.0,16404.199,1640.42,16.3,0.0,0.022,4.19,589.0,521.0,68.0,887.5,801.7,513.6,454.3,59.3,773.8,699.2,11,26,47,6,4,0,0,0,0,0,2401.575,4849.082,10285.434,19212.598,31675.98,America/Los_Angeles,34.03202,-118.52633,86.0,34.08241271972656,1.0,0.0,0.7346887863290508,0.7345537757437071,0.8845500848896435,0.11544991511035653,0.8845404984423676,0.11545950155763239,1.0,0.0,0.0,47.0,0.0,85.3,1.0,,,,,,,,,,,,,,,,,2026-09-30 23:00:00+00:00,59.14321836836761,30.856781631632387,241.37785386510473,445.0244522878206,659.8207249217144,106.60645031638012,589.0,887.5,68.0,0.7346887863290508,0,33.277777777777786,18,99.42999999999999,,2026-09-21T12:00Z,,,,,0.2,30.685,0.559,nasa_power_ml_plus_cams_spectral,30.8,low-moderate,57.5,90.0,typical-to-good locally,57.5,45.9,53.4,53.4,False,18,63.5,8.4,2,horizontal environmental reference,WSW,59.1,"sun 31° up (WSW) — lay flat, or lift torso ~59° toward WSW to face it",99.5,False,,,50.0,40.9,40.7,,not specified,Environmental scores are skin-type independent.,not personalized,40.7
2026-10-01T16:00,deterministic,best_match,96.2,19,47.3,91.7,67.0,999.5,990.0,79199.48,0,0,0,0,0,2,0.0,0.0,0.0,0.0,9.5,229,12.8,3.9,3.9,3600.0,1,0.0,5.4,0.0,16765.092,2411.417,24.1,0.0,0.023,4.73,571.0,503.0,68.0,863.9,795.6,497.2,438.0,59.2,752.2,692.9,16,29,51,3,14,0,0,0,0,0,2296.588,4763.78,10232.939,19186.352,31734.19,America/Los_Angeles,34.03202,-118.52633,86.0,34.08241271972656,1.0,0.0,0.7176973353443942,0.7175638620291528,0.8809106830122592,0.1190893169877408,0.8809332260659695,0.11906677393403058,1.0,0.0,0.0,51.0,0.0,84.4,1.0,,,,,,,,,,,,,,,,,2026-10-01 23:00:00+00:00,59.46741876371986,30.53258123628014,241.11436012865732,439.74394948664366,656.8439663123821,106.0486612765888,571.0,863.9,68.0,0.7176973353443942,0,35.66666666666667,19,99.0,,2026-09-21T12:00Z,,,,,0.2,30.367,0.5427,nasa_power_ml_plus_cams_spectral,30.6,low-moderate,57.7,90.9,typical-to-good locally,59.8,44.3,54.4,54.4,False,19,67.0,9.5,2,horizontal environmental reference,WSW,59.5,"sun 31° up (WSW) — lay flat, or lift torso ~60° toward WSW to face it",99.5,False,,,50.0,40.9,40.7,,not specified,Environmental scores are skin-type independent.,not personalized,40.7
2026-10-04T16:00,deterministic,best_match,85.2,40,58.1,84.5,68.1,1003.6,993.9,79199.48,0,0,0,0,0,1,0.0,0.0,0.0,0.0,8.0,216,13.4,3.65,3.75,3600.0,1,0.0,5.4,0.0,17322.834,935.039,18.0,0.0,0.018,2.48,543.0,461.0,82.0,812.0,777.1,470.8,399.7,71.1,704.0,674.0,9,9,7,9,8,0,0,0,0,0,2378.609,4835.958,10305.118,19268.374,31728.896,America/Los_Angeles,34.03202,-118.52633,86.0,34.08241271972656,0.9733333333333333,0.026666666666666727,0.6987517693990477,0.6985163204747775,0.848987108655617,0.15101289134438306,0.8489804587935429,0.15101954120645708,1.0,0.0,5.684341886080802e-14,9.0,0.0,81.2,1.0,,,,,,,,,,,,,,,,,2026-10-04 23:00:00+00:00,60.43402336521487,29.565976634785134,240.33062069141477,423.88615961482276,647.606238171597,104.34075606210934,543.0,812.0,82.0,0.6987517693990477,0,29.555555555555557,40,99.39,,2026-09-21T12:00Z,,,,,0.2,29.53,0.4908,nasa_power_ml_plus_cams_spectral,29.3,low-moderate,57.1,90.4,typical-to-good locally,53.8,71.3,59.9,59.9,False,40,68.1,8.0,1,horizontal environmental reference,WSW,60.4,"sun low 30° (WSW) — face WSW, lift torso ~60° toward the sun if comfortable",99.8,False,,,50.0,40.4,40.3,,not specified,Environmental scores are skin-type independent.,not personalized,40.3
2026-09-27T16:00,deterministic,best_match,78.7,43,54.3,76.9,63.8,1009.3,999.4,79199.48,0,0,0,0,0,1,0.0,0.0,0.0,0.0,8.6,217,9.6,4.0,4.0,3600.0,1,0.0,6.1,0.0,15255.905,1656.824,14.0,0.0,0.018,1.91,606.0,535.0,71.0,889.4,820.1,530.5,468.4,62.2,778.6,718.1,27,17,8,19,26,0,0,0,0,0,2493.438,4881.89,10239.501,19104.33,31459.022,America/Los_Angeles,34.03202,-118.52633,86.0,34.08241271972656,1.0,0.0,0.7389342763077673,0.7387550480434479,0.8828382838283828,0.11716171617161716,0.8829406220546654,0.1172478793590952,1.0,0.0,-0.10000000000002274,27.0,0.0,86.2,1.0,,,,,,,,,,,,,,,,,2026-09-27 23:00:00+00:00,58.16665808715294,31.833341912847057,242.17556756460849,460.81010745990244,668.436794689586,108.24293224691525,606.0,889.4,71.0,0.7389342763077673,0,25.944444444444446,43,99.94,,2026-09-21T12:00Z,,,,,0.2,32.013,0.5856,nasa_power_ml_plus_cams_spectral,31.9,low-moderate,57.8,90.0,typical-to-good locally,45.9,30.7,40.6,40.6,False,43,63.8,8.6,1,horizontal environmental reference,WSW,58.2,"sun 32° up (WSW) — lay flat, or lift torso ~58° toward WSW to face it",99.8,False,,,50.0,40.1,40.0,,not specified,Environmental scores are skin-type independent.,not personalized,40.0
2026-09-25T16:00,deterministic,best_match,79.1,53,60.5,79.5,67.1,1009.9,1000.0,4855.643,3,100,0,0,100,0,0.0,0.0,0.0,0.0,8.1,222,8.9,4.1,4.3,3600.0,1,0.0,2.7,0.0,15649.606,1115.486,20.6,0.0,0.016,1.6,566.0,412.0,154.0,674.2,832.1,496.8,361.6,135.2,591.8,730.6,36,24,21,31,98,0,0,0,0,44,2519.685,4940.945,10321.522,19183.07,31501.356,America/Los_Angeles,34.03202,-118.52633,86.0,34.08241271972656,0.9534883720930232,0.04651162790697683,0.6802067059247686,0.6799890500958117,0.7279151943462897,0.27208480565371024,0.7278582930756844,0.2721417069243156,1.0,0.0,0.0,98.0,44.0,79.1,1.0,26.5,20.7,118.0,440.0,7.8,5.8,107.0,1369.0,0.1,2.0,2.4,2.45,83.0,83.0,29.0,30.0,2026-09-25 23:00:00+00:00,57.513777654229585,32.486222345770415,242.71386646106322,471.2598641544693,673.9160324703832,109.30172885956677,566.0,674.2,154.0,0.6802067059247686,100,26.166666666666664,53,100.0,0.1,2026-09-21T12:00Z,0.14011443,0.12922236,290.31204,0.163598,0.163598,30.744,0.5501,nasa_power_ml_plus_cams_spectral,31.5,low-moderate,56.4,86.0,typical-to-good locally,41.6,39.3,40.8,40.8,False,53,67.1,8.1,0,horizontal environmental reference,WSW,57.5,"sun 32° up (WSW) — lay flat, or lift torso ~58° toward WSW to face it",100.0,False,,,50.0,39.5,39.5,,not specified,Environmental scores are skin-type independent.,not personalized,39.5
2026-09-26T11:00,deterministic,best_match,80.9,40,54.4,80.5,64.7,1012.2,1002.4,79199.48,3,100,0,0,100,0,0.0,0.0,0.0,0.0,4.8,191,2.9,4.45,5.05,3600.0,1,0.0,6.0,0.0,16010.499,1312.336,15.1,0.0,0.017,2.16,571.0,326.0,245.0,484.9,914.7,618.7,353.3,265.5,525.4,991.3,30,25,6,11,88,0,0,0,0,18,2582.021,4983.596,10344.488,19232.284,31644.23,America/Los_Angeles,34.03202,-118.52633,86.0,34.08241271972656,0.8811881188118813,0.1188118811881187,0.6242483874494369,0.6241299303944317,0.5709281961471103,0.4290718038528897,0.5710360433166316,0.42912558590593175,1.0,0.0,-0.09999999999990905,88.0,18.0,75.5,1.0,,,,,,,,,,,,,,,,,2026-09-26 18:00:00+00:00,43.256337829602295,46.743662170397705,139.67549031095734,691.6471657731964,771.1214332105155,130.0431479926433,571.0,484.9,245.0,0.6242483874494369,100,27.16666666666667,40,100.24,,2026-09-21T12:00Z,,,,,0.2,35.384,0.9586,nasa_power_ml_plus_cams_spectral,35.4,moderate,62.4,16.0,typical-to-good locally,74.0,36.0,60.7,60.7,False,40,64.7,4.8,0,horizontal environmental reference,SE,43.3,"sun 47° up (SE) — lay flat, or lift torso ~43° toward SE to face it",100.0,False,,,50.0,38.6,38.6,,not specified,Environmental scores are skin-type independent.,not personalized,38.6
2026-10-03T10:00,deterministic,best_match,83.1,46,60.2,84.7,68.4,1006.9,997.1,79199.48,0,0,0,0,0,0,0.0,0.0,0.0,0.0,4.5,186,10.3,3.5,3.5,3600.0,1,0.0,2.6,0.0,15518.373,885.827,28.8,0.0,0.014,2.09,482.0,416.0,66.0,818.0,694.3,555.3,479.2,76.0,942.3,800.1,4,6,6,16,4,0,0,0,0,0,2444.226,4898.294,10377.297,19284.778,31829.44,America/Los_Angeles,34.03202,-118.52633,86.0,34.08241271972656,1.0,0.0,0.6942243986749245,0.6940382452193475,0.8630705394190872,0.13692946058091288,0.8629569602016929,0.1368629569602017,1.0,0.0,0.09999999999990905,16.0,0.0,84.5,1.0,,,,,,,,,,,,,,,,,2026-10-03 17:00:00+00:00,54.151861062623055,35.848138937376945,126.55544223007911,529.202938241712,706.3217683517357,115.55342740363176,482.0,818.0,66.0,0.6942243986749245,0,28.388888888888886,46,99.71000000000001,,2026-09-21T12:00Z,,,,,0.2,28.611,0.6111,nasa_power_ml_plus_cams_spectral,28.3,low-moderate,55.4,47.6,typical-to-good locally,65.3,80.6,70.7,70.7,False,46,68.4,4.5,0,horizontal environmental reference,SE,54.2,"sun 36° up (SE) — lay flat, or lift torso ~54° toward SE to face it",100.0,False,,,50.0,37.8,37.8,,not specified,Environmental scores are skin-type independent.,not personalized,37.8
2026-09-29T10:00,deterministic,best_match,85.4,16,34.1,81.7,58.2,1006.7,997.0,79199.48,0,0,0,0,0,2,0.0,0.0,0.0,0.0,0.5,243,2.2,3.55,3.55,3600.0,1,0.0,13.8,0.0,16765.092,918.635,9.1,0.0,0.013,3.5,526.0,463.0,63.0,888.5,709.8,604.6,532.2,72.4,1021.3,816.1,16,13,10,13,20,0,0,0,0,0,2440.945,4862.205,10262.467,19215.878,31586.02,America/Los_Angeles,34.03202,-118.52633,86.0,34.08241271972656,1.0,0.0,0.741053817976895,0.7408405832618552,0.8802281368821293,0.11977186311787072,0.8802514058881906,0.11974859411180946,1.0,0.0,0.0,20.0,0.0,85.4,1.0,,,,,,,,,,,,,,,,,2026-09-29 17:00:00+00:00,53.22384663421704,36.77615336578296,124.96603973993888,542.9652424660817,711.8983388878364,116.75862632812101,526.0,888.5,63.0,0.741053817976895,0,29.66666666666667,16,99.7,,2026-09-21T12:00Z,,,,,0.2,30.469,0.6161,nasa_power_ml_plus_cams_spectral,29.5,low-moderate,55.6,48.9,typical-to-good locally,62.5,51.5,58.6,58.6,False,16,58.2,0.5,2,horizontal environmental reference,SE,53.2,"sun 37° up (SE) — lay flat, or lift torso ~53° toward SE to face it",99.5,False,,,50.0,37.8,37.6,,not specified,Environmental scores are skin-type independent.,not personalized,37.6
2026-09-21T14:00,deterministic,best_match,73.2,70,62.8,74.7,66.1,1013.1,1003.1,72178.48,1,30,30,0,0,0,0.0,0.0,0.0,0.0,8.3,256,8.7,5.5,6.7,3600.0,1,10.0,-0.3,7.0,13057.743,1968.504,22.7,0.0,0.015,0.84,595.5,316.5,279.0,387.7,1108.2,577.4,306.9,270.5,376.0,1074.5,82,64,41,21,10,0,0,0,0,0,2572.179,4908.137,10219.816,18930.448,31088.606,America/Los_Angeles,34.03202,-118.52633,86.0,34.08241271972656,0.8208955223880596,0.17910447761194037,0.5373578776394152,0.5373662168450442,0.5314861460957179,0.46851385390428213,0.5315206096293731,0.46847939037062697,1.0,0.0,0.0,82.0,0.0,72.8,1.0,18.7,14.4,133.0,438.0,6.3,5.2,109.0,1366.0,0.22,2.0,5.75,6.55,61.0,61.0,17.0,31.0,2026-09-21 21:00:00+00:00,37.680956747611,52.319043252389,210.77898611143152,762.7895809147265,792.4353105818097,135.63508564968197,595.5,387.7,279.0,0.5373578776394152,30,22.888888888888893,70,100.31,0.22,2026-09-21T12:00Z,0.17864004,0.16682708,280.5541,0.16556644,0.16556644,37.222,1.0458,nasa_power_ml_plus_cams_spectral,39.9,moderate,66.8,10.1,typical-to-good locally,36.7,40.5,38.0,38.0,False,70,66.1,8.3,0,horizontal environmental reference,SSW,37.7,"sun 52° up (SSW) — lay flat, or lift torso ~38° toward SSW to face it",100.0,False,,,50.0,37.3,37.3,,not specified,Environmental scores are skin-type independent.,not personalized,37.3
2026-09-28T10:00,deterministic,best_match,78.9,27,42.1,76.3,58.6,1009.0,999.1,79199.48,0,0,0,0,0,4,0.0,0.0,0.0,0.0,1.3,270,1.6,3.55,3.55,3600.0,1,0.0,10.7,0.0,15748.031,1755.249,8.5,0.0,0.013,2.46,527.0,462.0,65.0,881.5,713.6,605.4,530.7,74.7,1012.6,819.9,23,17,13,7,10,0,0,0,0,0,2467.192,4852.363,10223.098,19114.174,31411.396,America/Los_Angeles,34.03202,-118.52633,86.0,34.08241271972656,1.0,0.0,0.7385089686098655,0.7383827296011709,0.8766603415559773,0.12333965844402277,0.8766105054509417,0.12338949454905848,1.0,0.0,-1.1368683772161603e-13,23.0,0.0,85.0,1.0,,,,,,,,,,,,,,,,,2026-09-28 17:00:00+00:00,52.9964615873879,37.0035384126121,124.55880038159762,546.2979224374648,713.2045526963658,117.04553269176449,527.0,881.5,65.0,0.7385089686098655,0,26.05555555555556,27,99.91,,2026-09-21T12:00Z,,,,,0.2,30.473,0.6005,nasa_power_ml_plus_cams_spectral,29.5,low-moderate,55.3,48.4,typical-to-good locally,59.7,56.3,58.5,58.5,False,27,58.6,1.3,4,horizontal environmental reference,SE,53.0,"sun 37° up (SE) — lay flat, or lift torso ~53° toward SE to face it",98.8,False,,,50.0,37.7,37.3,,not specified,Environmental scores are skin-type independent.,not personalized,37.3
2026-09-30T10:00,deterministic,best_match,86.2,15,33.1,81.1,58.1,1007.0,997.3,79199.48,0,0,0,0,0,2,0.0,0.0,0.0,0.0,3.3,228,3.1,3.55,3.55,3600.0,1,0.0,12.6,0.0,16633.857,705.381,14.8,0.0,0.015,3.63,510.0,447.0,63.0,862.9,706.0,586.5,514.1,72.5,992.4,812.1,13,10,51,9,10,0,0,0,0,0,2460.63,4895.013,10311.68,19248.688,31665.398,America/Los_Angeles,34.03202,-118.52633,86.0,34.08241271972656,1.0,0.0,0.7223796033994334,0.722201699298116,0.8764705882352941,0.12352941176470589,0.8765558397271953,0.12361466325660699,1.0,0.0,-0.10000000000002274,51.0,0.0,85.0,1.0,,,,,,,,,,,,,,,,,2026-09-30 17:00:00+00:00,53.45311304095314,36.54688695904686,125.36947043640924,539.5891825703103,710.5576381009341,116.46602950761826,510.0,862.9,63.0,0.7223796033994334,0,30.111111111111114,15,99.72999999999999,,2026-09-21T12:00Z,,,,,0.2,29.652,0.6174,nasa_power_ml_plus_cams_spectral,29.0,low-moderate,55.4,48.2,typical-to-good locally,61.6,50.2,57.6,57.6,False,15,58.1,3.3,2,horizontal environmental reference,SE,53.5,"sun 37° up (SE) — lay flat, or lift torso ~54° toward SE to face it",99.5,False,,,50.0,37.3,37.1,,not specified,Environmental scores are skin-type independent.,not personalized,37.1
2026-10-04T10:00,deterministic,best_match,83.2,43,58.4,84.7,67.5,1006.7,996.9,79199.48,0,0,0,0,0,3,0.0,0.0,0.0,0.0,2.9,203,5.6,3.45,3.45,3600.0,1,0.0,5.2,0.0,16699.475,836.614,20.0,0.0,0.014,2.21,488.0,424.0,64.0,839.0,690.3,562.5,488.7,73.8,967.1,795.9,8,9,6,4,6,0,0,0,0,0,2440.945,4888.452,10351.05,19278.214,31718.314,America/Los_Angeles,34.03202,-118.52633,86.0,34.08241271972656,1.0,0.0,0.7069390120237579,0.7067470787787411,0.8688524590163934,0.13114754098360656,0.8688,0.13119999999999998,1.0,0.0,0.0,9.0,0.0,84.0,1.0,,,,,,,,,,,,,,,,,2026-10-04 17:00:00+00:00,54.38827548407215,35.61172451592785,126.94218844233404,525.6562541293379,704.8365232576097,115.23745743060937,488.0,839.0,64.0,0.7069390120237579,0,28.444444444444446,43,99.69,,2026-09-21T12:00Z,,,,,0.2,28.599,0.6091,nasa_power_ml_plus_cams_spectral,28.1,low-moderate,55.7,47.9,typical-to-good locally,64.0,72.6,67.0,67.0,False,43,67.5,2.9,3,horizontal environmental reference,SE,54.4,"sun 36° up (SE) — lay flat, or lift torso ~54° toward SE to face it",99.2,False,,,50.0,37.4,37.1,,not specified,Environmental scores are skin-type independent.,not personalized,37.1
2026-09-27T10:00,deterministic,best_match,76.9,46,54.5,76.5,63.2,1012.3,1002.4,79199.48,0,0,0,0,0,1,0.0,0.0,0.0,0.0,4.2,198,2.9,3.6,3.6,3600.0,1,0.0,5.9,0.0,15288.714,1377.953,12.3,0.0,0.014,1.7,522.0,455.0,67.0,863.1,717.3,599.4,522.4,76.9,991.0,823.8,31,17,7,6,12,0,0,0,0,0,2559.055,4940.945,10288.714,19140.42,31459.022,America/Los_Angeles,34.03202,-118.52633,86.0,34.08241271972656,1.0,0.0,0.7277289836888332,0.7276037873270211,0.8716475095785441,0.12835249042145594,0.8715382048715382,0.12829496162829498,1.0,0.0,0.10000000000002274,31.0,0.0,85.5,1.0,,,,,,,,,,,,,,,,,2026-09-27 17:00:00+00:00,52.770981831686996,37.229018168313004,124.14790262504118,549.5871777506603,714.4770210772465,117.32682960075903,522.0,863.1,67.0,0.7277289836888332,0,24.94444444444445,46,100.24,,2026-09-21T12:00Z,,,,,0.2,30.857,0.6112,nasa_power_ml_plus_cams_spectral,29.9,low-moderate,55.5,49.4,typical-to-good locally,56.2,35.0,48.8,48.8,False,46,63.2,4.2,1,horizontal environmental reference,SE,52.8,"sun 37° up (SE) — lay flat, or lift torso ~53° toward SE to face it",99.8,False,,,50.0,37.1,37.0,,not specified,Environmental scores are skin-type independent.,not personalized,37.0
2026-10-02T10:00,deterministic,best_match,93.0,16,40.2,90.2,63.0,1002.2,992.7,79199.48,0,0,0,0,0,1,0.0,0.0,0.0,0.0,0.9,104,9.8,3.55,3.55,3600.0,1,0.0,9.7,0.0,16699.475,820.21,21.1,0.0,0.013,4.44,495.0,432.0,63.0,844.2,698.3,569.9,497.4,72.5,971.9,804.1,10,20,8,6,4,0,0,0,0,0,2345.801,4803.15,10275.591,19222.442,31713.022,America/Los_Angeles,34.03202,-118.52633,86.0,34.08241271972656,1.0,0.0,0.7088643849348418,0.708742693694814,0.8727272727272727,0.12727272727272726,0.8727846990700123,0.12721530092998773,1.0,0.0,0.0,20.0,0.0,84.9,1.0,,,,,,,,,,,,,,,,,2026-10-02 17:00:00+00:00,53.9171617375551,36.0828382624449,126.16431527685688,532.7076748498685,707.769989536982,115.86348572148916,495.0,844.2,63.0,0.7088643849348418,0,33.88888888888889,16,99.27000000000001,,2026-09-21T12:00Z,,,,,0.2,28.682,0.6204,nasa_power_ml_plus_cams_spectral,28.5,low-moderate,55.4,47.8,typical-to-good locally,62.4,52.8,59.0,59.0,False,16,63.0,0.9,1,horizontal environmental reference,SE,53.9,"sun 36° up (SE) — lay flat, or lift torso ~54° toward SE to face it",99.8,False,,,50.0,37.0,36.9,,not specified,Environmental scores are skin-type independent.,not personalized,36.9
2026-10-01T10:00,deterministic,best_match,93.0,13,34.9,88.0,61.1,1002.7,993.2,79199.48,0,0,0,0,0,1,0.0,0.0,0.0,0.0,4.0,317,3.1,3.55,3.55,3600.0,1,0.0,11.2,0.0,16666.666,754.593,23.0,0.0,0.016,4.6,496.0,433.0,63.0,841.0,702.2,570.7,498.2,72.5,967.7,808.2,16,32,57,4,10,0,0,0,0,0,2362.205,4816.273,10269.029,19202.756,31750.062,America/Los_Angeles,34.03202,-118.52633,86.0,34.08241271972656,1.0,0.0,0.7063514668185702,0.7061370947785202,0.8729838709677419,0.12701612903225806,0.872963027860522,0.12703697213947782,1.0,0.0,0.0,57.0,0.0,84.9,1.0,,,,,,,,,,,,,,,,,2026-10-01 17:00:00+00:00,53.68423059927418,36.31576940072582,125.76894413368638,536.1698981503621,709.181742564717,116.1676698528862,496.0,841.0,63.0,0.7063514668185702,0,33.88888888888889,13,99.32000000000001,,2026-09-21T12:00Z,,,,,0.2,28.715,0.6216,nasa_power_ml_plus_cams_spectral,28.5,low-moderate,55.2,47.2,typical-to-good locally,63.8,41.0,55.8,55.8,False,13,61.1,4.0,1,horizontal environmental reference,SE,53.7,"sun 36° up (SE) — lay flat, or lift torso ~54° toward SE to face it",99.8,False,,,50.0,36.6,36.5,,not specified,Environmental scores are skin-type independent.,not personalized,36.5
2026-09-23T10:00,deterministic,best_match,69.7,86,65.3,73.4,66.5,1013.1,1003.0,47572.18,1,22,22,0,0,0,0.0,0.0,0.0,0.0,4.4,221,4.5,3.55,3.55,3600.0,1,0.0,2.9,0.0,14370.079,1017.06,20.1,0.0,0.011,0.35,493.0,323.0,170.0,600.0,731.6,565.1,370.2,194.8,687.7,838.5,24,28,29,6,8,0,0,0,0,0,2595.144,5013.124,10370.735,19173.228,31421.978,America/Los_Angeles,34.03202,-118.52633,86.0,34.08241271972656,1.0,0.0,0.6738655002733734,0.6739415623136553,0.6551724137931034,0.3448275862068966,0.6551052910989205,0.3447177490709609,1.0,0.0,0.10000000000002274,29.0,0.0,77.3,1.0,34.0,28.8,247.0,486.0,37.5,5.8,47.0,1695.0,0.2,3.0,3.9,3.9,78.0,78.0,26.0,2.0,2026-09-23 17:00:00+00:00,51.8884661986291,38.1115338013709,122.47078378663463,562.3113790593044,719.2446670495743,118.39768832679721,493.0,600.0,170.0,0.6738655002733734,22,20.944444444444446,86,100.3,0.2,2026-09-21T12:00Z,0.21871011,0.20314604,284.2528,0.16414708,0.16414708,28.393,0.6364,nasa_power_ml_plus_cams_spectral,28.3,low-moderate,52.4,39.7,typical-to-good locally,69.3,53.7,63.8,63.8,False,86,66.5,4.4,0,horizontal environmental reference,ESE,51.9,"sun 38° up (ESE) — lay flat, or lift torso ~52° toward ESE to face it",100.0,False,,,50.0,36.3,36.3,,not specified,Environmental scores are skin-type independent.,not personalized,36.3
2026-09-25T10:00,deterministic,best_match,77.2,58,61.2,79.5,66.7,1012.4,1002.5,79199.48,0,13,0,5,10,0,0.0,0.0,0.0,0.0,3.7,166,2.5,3.45,3.45,3600.0,1,0.0,2.4,0.0,15452.756,1017.06,23.4,0.0,0.013,1.34,510.0,439.0,71.0,823.5,724.5,585.0,503.5,81.4,944.6,831.2,42,27,38,7,76,0,0,0,0,2,2575.459,4980.315,10354.331,19186.352,31501.356,America/Los_Angeles,34.03202,-118.52633,86.0,34.08241271972656,1.0,0.0,0.7039337474120083,0.7038017324350336,0.8607843137254902,0.1392156862745098,0.8606837606837607,0.13914529914529916,1.0,0.0,0.10000000000002274,76.0,2.0,84.4,1.0,31.1,25.7,150.0,453.0,33.1,5.8,49.0,1405.0,0.15,2.0,4.1,4.1,85.0,85.0,30.0,2.0,2026-09-25 17:00:00+00:00,52.32581224113043,37.67418775886957,123.31574027676203,556.0356230871212,716.9237712182722,117.87294534735042,510.0,823.5,71.0,0.7039337474120083,13,25.111111111111114,58,100.25,0.15,2026-09-21T12:00Z,0.15833071,0.14675823,287.62314,0.16293144,0.16293144,29.226,0.6195,nasa_power_ml_plus_cams_spectral,28.4,low-moderate,53.1,41.8,typical-to-good locally,60.7,49.8,56.9,56.9,False,58,66.7,3.7,0,horizontal environmental reference,ESE,52.3,"sun 38° up (ESE) — lay flat, or lift torso ~52° toward ESE to face it",100.0,False,,,50.0,36.0,36.0,,not specified,Environmental scores are skin-type independent.,not personalized,36.0
2026-09-24T10:00,deterministic,best_match,76.6,61,62.2,79.1,67.0,1011.8,1001.9,79199.48,0,0,0,0,0,0,0.0,0.0,0.0,0.0,4.3,159,2.2,3.5,3.5,3600.0,1,40.0,0.6,328.0,13746.72,1066.273,23.3,0.0,0.013,1.22,513.0,443.0,70.0,826.5,728.1,588.1,507.9,80.3,947.5,834.9,40,29,37,9,12,0,0,0,0,0,2559.055,4973.754,10357.611,19146.982,31379.644,America/Los_Angeles,34.03202,-118.52633,86.0,34.08241271972656,1.0,0.0,0.7045735475896168,0.7043957360162895,0.8635477582846004,0.1364522417153996,0.8636286345859547,0.13654140452304028,1.0,0.0,-0.09999999999990905,40.0,0.0,84.7,1.0,35.9,30.6,210.0,476.0,42.6,7.3,47.0,1517.0,0.24,3.0,3.85,3.85,86.0,86.0,30.0,2.0,2026-09-24 17:00:00+00:00,52.10615379655423,37.89384620344577,122.89478340723866,559.1950246353106,718.0995776210723,118.13794396037565,513.0,826.5,70.0,0.7045735475896168,0,24.777777777777775,61,100.19,0.24,2026-09-21T12:00Z,0.16630802,0.1560303,280.66934,0.16353226,0.16353226,28.027,0.6178,nasa_power_ml_plus_cams_spectral,27.9,low-moderate,52.2,38.9,typical-to-good locally,65.5,61.9,64.2,64.2,False,61,67.0,4.3,0,horizontal environmental reference,ESE,52.1,"sun 38° up (ESE) — lay flat, or lift torso ~52° toward ESE to face it",100.0,False,,,50.0,35.9,35.9,,not specified,Environmental scores are skin-type independent.,not personalized,35.9
2026-09-22T10:00,deterministic,best_match,70.7,75,62.3,72.6,64.9,1012.7,1002.7,62664.044,0,7,11,0,0,0,0.0,0.0,0.0,0.0,5.6,233,5.8,3.55,3.55,3600.0,1,0.0,2.9,0.0,13615.485,1640.42,24.7,0.0,0.012,0.64,502.3,385.0,117.3,711.4,735.1,575.4,441.1,134.3,815.0,842.1,76,44,34,10,14,0,0,0,0,0,2555.775,4924.541,10259.187,19045.276,31236.772,America/Los_Angeles,34.03202,-118.52633,86.0,34.08241271972656,1.0,0.0,0.6833083934158618,0.683291770573566,0.7664742185944654,0.23352578140553454,0.7665971498088288,0.23340285019117138,1.0,0.0,-1.1368683772161603e-13,76.0,0.0,82.2,1.0,31.7,26.1,219.0,474.0,33.5,9.0,51.0,1536.0,0.33,2.0,3.5,3.8,69.0,69.0,20.0,4.0,2026-09-22 17:00:00+00:00,51.672764830811786,38.327235169188214,122.04389923009722,565.3848121443822,720.3597624602899,118.6522647282801,502.3,711.4,117.3,0.6833083934158618,7,21.500000000000004,75,100.27000000000001,0.33,2026-09-21T12:00Z,0.36373022,0.33975282,284.9461,0.16474885,0.16474885,26.805,0.6099,nasa_power_ml_plus_cams_spectral,27.4,low-moderate,51.0,34.8,typical-to-good locally,66.1,68.1,66.8,66.8,False,75,64.9,5.6,0,horizontal environmental reference,ESE,51.7,"sun 38° up (ESE) — lay flat, or lift torso ~52° toward ESE to face it",100.0,False,,,50.0,35.2,35.2,,not specified,Environmental scores are skin-type independent.,not personalized,35.2
2026-09-26T10:00,deterministic,best_match,79.5,44,55.7,80.2,64.8,1011.9,1002.0,79199.48,3,100,0,0,100,0,0.0,0.0,0.0,0.0,2.7,175,1.8,3.3,3.45,3600.0,1,0.0,6.0,0.0,16043.308,918.635,15.2,0.0,0.013,1.93,480.0,334.0,146.0,630.0,720.9,550.8,383.3,167.5,723.0,827.5,29,26,6,13,86,0,0,0,0,18,2572.179,4973.754,10334.646,19229.002,31633.646,America/Los_Angeles,34.03202,-118.52633,86.0,34.08241271972656,0.9565217391304347,0.0434782608695653,0.6658343736995422,0.665619335347432,0.6958333333333333,0.30416666666666664,0.6958968772694264,0.3041031227305737,1.0,0.0,0.0,86.0,18.0,77.6,1.0,,,,,,,,,,,,,,,,,2026-09-26 17:00:00+00:00,52.54742660425655,37.45257339574345,123.73349821508458,552.8330471917686,715.7165052166897,117.602603907814,480.0,630.0,146.0,0.6658343736995422,100,26.38888888888889,44,100.2,,2026-09-21T12:00Z,,,,,0.2,28.841,0.6298,nasa_power_ml_plus_cams_spectral,27.7,low-moderate,52.6,40.0,typical-to-good locally,57.5,39.0,51.0,51.0,False,44,64.8,2.7,0,horizontal environmental reference,ESE,52.5,"sun 37° up (ESE) — lay flat, or lift torso ~52° toward ESE to face it",100.0,False,,,50.0,34.7,34.7,,not specified,Environmental scores are skin-type independent.,not personalized,34.7
2026-09-21T17:00,deterministic,best_match,72.6,68,61.5,71.6,65.1,1011.8,1001.8,77427.824,1,27,27,0,0,0,0.0,0.0,0.0,0.0,11.9,269,14.1,2.8,2.8,3600.0,1,0.0,0.3,0.0,13188.977,2132.546,24.0,0.0,0.011,0.88,408.5,307.8,100.8,656.0,636.9,328.3,247.4,81.0,527.3,511.9,78,60,32,13,10,0,0,0,0,0,2536.089,4885.171,10206.693,18930.448,31167.978,America/Los_Angeles,34.03202,-118.52633,86.0,34.08241271972656,1.0,0.0,0.6413879729941906,0.641336198476265,0.7534883720930233,0.2467564259485924,0.7535790435577215,0.2467255558939994,1.0,-0.10000000000002274,-0.0999999999999659,78.0,0.0,69.9,1.0,17.5,13.3,136.0,438.0,5.6,4.6,111.0,1364.0,0.19,2.0,0.95,0.95,60.0,60.0,16.0,42.0,2026-09-22 00:00:00+00:00,67.82325759551524,22.176742404484756,254.57624497109094,291.58948739443537,542.8427877096926,86.6853753456466,408.5,656.0,100.8,0.6413879729941906,27,22.555555555555554,68,100.17999999999999,0.19,2026-09-21T12:00Z,0.1876312,0.1753534,280.058,0.166089,0.166089,19.876,0.2493,nasa_power_ml_plus_cams_spectral,20.9,low-moderate,40.4,96.2,below typical locally,34.4,76.9,49.3,49.3,False,68,65.1,11.9,0,horizontal environmental reference,WSW,67.8,"sun low 22° (WSW) — face WSW, lift torso ~68° toward the sun if comfortable",100.0,False,,,50.0,30.6,30.6,,not specified,Environmental scores are skin-type independent.,not personalized,30.6
2026-09-24T17:00,deterministic,best_match,77.3,62,63.3,78.3,67.9,1009.9,1000.0,79199.48,0,0,0,0,0,0,0.0,0.0,0.0,0.0,8.9,221,7.8,2.6,2.7,3600.0,1,170.0,-0.3,294.0,14107.611,984.252,21.4,0.0,0.011,1.22,403.0,330.0,73.0,727.0,618.1,321.0,262.9,58.1,579.1,492.6,31,32,36,9,6,0,0,0,0,0,2516.404,4937.664,10334.646,19130.578,31379.644,America/Los_Angeles,34.03202,-118.52633,86.0,34.08241271972656,0.9629629629629629,0.03703703703703709,0.651998058566575,0.6516443361753959,0.8188585607940446,0.18114143920595532,0.8190031152647974,0.1809968847352025,1.0,0.0,0.0,36.0,0.0,71.8,1.0,25.4,19.2,120.0,440.0,10.5,5.3,109.0,1365.0,0.12,3.0,0.9,0.9,87.0,87.0,30.0,37.0,2026-09-25 00:00:00+00:00,68.73630186345197,21.263698136548026,253.74614050802973,275.8660452033764,528.0880575207627,84.34918132824521,403.0,727.0,73.0,0.651998058566575,0,25.166666666666668,62,100.0,0.12,2026-09-21T12:00Z,0.26954925,0.2544243,279.47687,0.16427225,0.16427225,19.955,0.2384,nasa_power_ml_plus_cams_spectral,20.2,low-moderate,40.2,97.6,below typical locally,34.6,73.5,48.2,48.2,False,62,67.9,8.9,0,horizontal environmental reference,WSW,68.7,"sun low 21° (WSW) — face WSW, lift torso ~69° toward the sun if comfortable",100.0,False,,,50.0,29.9,29.9,,not specified,Environmental scores are skin-type independent.,not personalized,29.9
2026-09-22T17:00,deterministic,best_match,69.6,81,63.5,69.7,65.3,1010.4,1000.4,54133.86,0,9,9,0,0,0,0.0,0.0,0.0,0.0,11.1,256,14.1,2.75,2.75,3600.0,1,0.0,2.9,0.0,13713.911,1295.932,25.0,0.0,0.008,0.47,380.0,260.0,120.0,560.0,630.7,304.6,208.4,96.2,448.8,505.5,55,26,44,9,8,0,0,0,0,0,2513.123,4911.418,10269.029,19061.68,31294.98,America/Los_Angeles,34.03202,-118.52633,86.0,34.08241271972656,1.0,0.0,0.6025051530045981,0.6025717111770524,0.6842105263157895,0.3157894736842105,0.6841759684832567,0.31582403151674326,1.0,0.0,0.0,55.0,0.0,67.3,1.0,20.0,14.4,126.0,440.0,6.1,3.0,100.0,1390.0,0.2,3.0,0.9,0.9,73.0,73.0,23.0,39.0,2026-09-23 00:00:00+00:00,68.12745053472902,21.872549465270975,254.298820475332,286.35786551449064,538.0277603744242,85.91927585130838,380.0,560.0,120.0,0.6025051530045981,9,20.888888888888886,81,100.03999999999999,0.2,2026-09-21T12:00Z,0.3398219,0.31750742,286.99814,0.16548759,0.16548759,18.102,0.2149,nasa_power_ml_plus_cams_spectral,19.7,low,39.1,93.5,below typical locally,35.0,80.6,51.0,51.0,False,81,65.3,11.1,0,horizontal environmental reference,WSW,68.1,"sun low 22° (WSW) — face WSW, lift torso ~68° toward the sun if comfortable",100.0,False,,,50.0,29.4,29.4,,not specified,Environmental scores are skin-type independent.,not personalized,29.4
2026-09-29T17:00,deterministic,best_match,86.3,22,43.0,81.8,61.8,1004.2,994.5,79199.48,0,0,0,0,0,1,0.0,0.0,0.0,0.0,6.6,225,8.1,2.45,2.45,3600.0,1,0.0,9.4,0.0,16765.092,738.189,9.1,0.0,0.015,3.35,421.0,363.0,58.0,846.0,586.0,330.1,284.6,45.5,663.2,459.7,14,8,7,11,28,0,0,0,0,0,2391.733,4832.677,10242.782,19196.196,31564.856,America/Los_Angeles,34.03202,-118.52633,86.0,34.08241271972656,1.0,0.0,0.7184300341296929,0.7180770067435285,0.8622327790973872,0.1377672209026128,0.8621629809148743,0.13783701908512572,1.0,0.0,0.0,28.0,0.0,75.1,1.0,,,,,,,,,,,,,,,,,2026-09-30 00:00:00+00:00,70.25447872739333,19.745521272606663,252.37632867207085,249.61245953399225,501.43496036632826,80.20609470023007,421.0,846.0,58.0,0.7184300341296929,0,30.166666666666668,22,99.45,,2026-09-21T12:00Z,,,,,0.2,20.684,0.1767,nasa_power_ml_plus_cams_spectral,20.2,low-moderate,41.9,100.0,below typical locally,33.0,54.4,40.5,40.5,False,22,61.8,6.6,1,horizontal environmental reference,WSW,70.3,"sun low 20° (WSW) — face WSW, lift torso ~70° toward the sun if comfortable",99.8,False,,,50.0,29.4,29.3,,not specified,Environmental scores are skin-type independent.,not personalized,29.3
2026-09-28T17:00,deterministic,best_match,78.8,35,48.8,75.3,61.3,1005.2,995.4,79199.48,0,0,0,0,0,3,0.0,0.0,0.0,0.0,7.6,212,8.9,2.4,2.4,3600.0,1,0.0,9.7,0.0,16437.008,869.423,10.4,0.0,0.013,2.18,423.0,363.0,60.0,836.2,592.5,332.7,285.5,47.2,657.8,466.3,20,16,11,10,18,0,0,0,0,0,2385.171,4806.431,10203.412,19133.86,31496.062,America/Los_Angeles,34.03202,-118.52633,86.0,34.08241271972656,1.0,0.0,0.7139240506329114,0.7134891700621917,0.8581560283687943,0.14184397163120568,0.8581304478509167,0.14186955214908328,1.0,0.0,0.0,20.0,0.0,74.2,1.0,,,,,,,,,,,,,,,,,2026-09-29 00:00:00+00:00,69.95187243652333,20.048127563476672,252.64901430881105,254.8533758438989,506.9703183831361,81.05921065344882,423.0,836.2,60.0,0.7139240506329114,0,26.0,35,99.53999999999999,,2026-09-21T12:00Z,,,,,0.2,20.793,0.1946,nasa_power_ml_plus_cams_spectral,20.1,low-moderate,41.3,99.7,below typical locally,33.0,62.0,43.2,43.2,False,35,61.3,7.6,3,horizontal environmental reference,WSW,70.0,"sun low 20° (WSW) — face WSW, lift torso ~70° toward the sun if comfortable",99.2,False,,,50.0,29.5,29.3,,not specified,Environmental scores are skin-type independent.,not personalized,29.3
2026-09-26T17:00,deterministic,best_match,79.5,43,55.1,77.7,64.5,1010.0,1000.2,79199.48,0,6,0,0,5,0,0.0,0.0,0.0,0.0,7.9,220,9.8,2.65,2.65,3600.0,1,0.0,6.2,0.0,16043.308,935.039,12.7,0.0,0.013,1.96,426.0,365.0,61.0,822.0,605.4,337.2,289.0,48.3,650.7,479.5,21,18,6,3,32,0,0,0,0,0,2522.966,4931.103,10295.275,19189.632,31633.646,America/Los_Angeles,34.03202,-118.52633,86.0,34.08241271972656,1.0,0.0,0.7036669970267592,0.7032325338894682,0.8568075117370892,0.1431924882629108,0.8570581257413998,0.14323843416370105,1.0,0.0,-0.10000000000002274,32.0,0.0,75.7,1.0,,,,,,,,,,,,,,,,,2026-09-27 00:00:00+00:00,69.34482593662467,20.65517406337533,253.19625744162795,265.35626847984156,517.7350027917231,82.72893173613068,426.0,822.0,61.0,0.7036669970267592,6,26.38888888888889,43,100.02000000000001,,2026-09-21T12:00Z,,,,,0.2,21.002,0.2286,nasa_power_ml_plus_cams_spectral,21.0,low-moderate,42.0,99.8,below typical locally,28.1,36.7,31.1,31.1,False,43,64.5,7.9,0,horizontal environmental reference,WSW,69.3,"sun low 21° (WSW) — face WSW, lift torso ~69° toward the sun if comfortable",100.0,False,,,50.0,28.9,28.9,,not specified,Environmental scores are skin-type independent.,not personalized,28.9
2026-09-27T17:00,deterministic,best_match,78.4,43,54.1,76.3,63.6,1009.0,999.1,79199.48,0,0,0,0,0,1,0.0,0.0,0.0,0.0,8.0,216,9.4,2.55,2.55,3600.0,1,0.0,6.3,0.0,15255.905,1443.57,14.4,0.0,0.013,1.89,419.0,358.0,61.0,815.4,598.9,330.7,282.5,48.1,643.4,472.9,27,18,8,23,24,0,0,0,0,0,2483.596,4872.048,10232.939,19097.77,31459.022,America/Los_Angeles,34.03202,-118.52633,86.0,34.08241271972656,1.0,0.0,0.6996159625980966,0.6993021780503278,0.8544152744630071,0.14558472553699284,0.8542485636528576,0.14544904747505294,1.0,0.0,0.0999999999999659,27.0,0.0,74.7,1.0,,,,,,,,,,,,,,,,,2026-09-28 00:00:00+00:00,69.64860628823197,20.351393711768022,252.9223168335493,260.10238169278153,512.4038944840188,81.90020090416684,419.0,815.4,61.0,0.6996159625980966,0,25.777777777777782,43,99.91,,2026-09-21T12:00Z,,,,,0.2,20.674,0.1985,nasa_power_ml_plus_cams_spectral,20.5,low-moderate,41.6,99.8,below typical locally,29.4,35.2,31.4,31.4,False,43,63.6,8.0,1,horizontal environmental reference,WSW,69.6,"sun low 20° (WSW) — face WSW, lift torso ~70° toward the sun if comfortable",99.8,False,,,50.0,28.5,28.4,,not specified,Environmental scores are skin-type independent.,not personalized,28.4
2026-09-30T17:00,deterministic,best_match,92.8,18,43.1,87.8,64.1,1003.4,993.9,79199.48,0,0,0,0,0,2,0.0,0.0,0.0,0.0,7.7,232,11.9,2.45,2.45,3600.0,1,0.0,7.4,0.0,16305.774,1509.186,16.7,0.0,0.016,4.31,403.0,345.0,58.0,813.5,579.6,314.9,269.6,45.3,635.6,453.1,12,27,48,6,4,0,0,0,0,0,2388.452,4842.52,10282.152,19202.756,31681.27,America/Los_Angeles,34.03202,-118.52633,86.0,34.08241271972656,1.0,0.0,0.6953071083505866,0.6949900684175678,0.8560794044665012,0.14392059553349876,0.8561448078755162,0.14385519212448397,1.0,0.0,-5.684341886080802e-14,48.0,0.0,73.8,1.0,,,,,,,,,,,,,,,,,2026-10-01 00:00:00+00:00,70.55627910840417,19.443720891595838,252.1042416261815,244.38287301947682,495.7987157675226,79.34100813937658,403.0,813.5,58.0,0.6953071083505866,0,33.77777777777778,18,99.39,,2026-09-21T12:00Z,,,,,0.2,19.712,0.1822,nasa_power_ml_plus_cams_spectral,19.6,low,41.2,99.9,below typical locally,33.1,46.0,37.6,37.6,False,18,64.1,7.7,2,horizontal environmental reference,WSW,70.6,"sun low 19° (WSW) — face WSW, lift torso ~71° toward the sun if comfortable",99.5,False,,,50.0,28.4,28.3,,not specified,Environmental scores are skin-type independent.,not personalized,28.3
2026-10-02T17:00,deterministic,best_match,93.0,20,46.0,89.2,65.4,1000.6,991.1,79199.48,0,0,0,0,0,3,0.0,0.0,0.0,0.0,6.5,224,5.8,2.45,2.45,3600.0,1,0.0,7.0,0.0,16863.518,902.231,23.5,0.0,0.015,4.23,385.0,327.0,58.0,789.5,566.6,298.7,253.7,45.0,612.6,439.9,6,9,7,6,6,0,0,0,0,0,2309.712,4780.184,10269.029,19229.002,31755.356,America/Los_Angeles,34.03202,-118.52633,86.0,34.08241271972656,1.0,0.0,0.6794917049064596,0.6790179586269607,0.8493506493506493,0.15064935064935064,0.8493471710746568,0.15065282892534315,1.0,0.0,0.0,9.0,0.0,72.7,1.0,,,,,,,,,,,,,,,,,2026-10-03 00:00:00+00:00,71.15687908226926,18.843120917730747,251.5618135607382,233.97073950917692,484.22822113914407,77.57565094705683,385.0,789.5,58.0,0.6794917049064596,0,33.88888888888889,20,99.11,,2026-09-21T12:00Z,,,,,0.2,18.402,0.1801,nasa_power_ml_plus_cams_spectral,18.8,low,40.5,99.8,below typical locally,34.4,63.6,44.6,44.6,False,20,65.4,6.5,3,horizontal environmental reference,WSW,71.2,"sun low 19° (WSW) — face WSW, lift torso ~71° toward the sun if comfortable",99.2,False,,,50.0,28.4,28.2,,not specified,Environmental scores are skin-type independent.,not personalized,28.2
2026-09-23T17:00,deterministic,best_match,75.8,64,62.2,76.8,66.8,1009.3,999.3,71538.712,1,16,16,0,0,0,0.0,0.0,0.0,0.0,7.8,224,8.6,2.6,2.75,3600.0,1,22.5,1.8,39.0,14238.846,885.827,17.0,0.0,0.01,1.14,375.5,293.0,82.5,638.5,624.4,300.0,234.1,65.9,510.1,499.1,17,16,22,6,11,0,0,0,0,0,2504.101,4934.384,10323.983,19137.958,31399.49,America/Los_Angeles,34.03202,-118.52633,86.0,34.08241271972656,0.9454545454545454,0.054545454545454564,0.6013773222293401,0.6010819475055099,0.7802929427430093,0.2197070572569907,0.7803333333333333,0.21966666666666668,1.0,0.0,0.0,22.0,0.0,67.7,1.0,28.4,22.1,144.0,445.0,10.0,5.0,112.0,1409.0,0.18,3.0,0.85,0.85,80.0,80.0,27.0,37.0,2026-09-24 00:00:00+00:00,68.43184576416796,21.568154235832036,254.02212281939882,281.1157234712524,533.1095795913258,85.14052982773342,375.5,638.5,82.5,0.6013773222293401,16,24.333333333333332,64,99.92999999999999,0.18,2026-09-21T12:00Z,0.16600026,0.15344606,284.08566,0.16488642,0.16488642,18.103,0.2227,nasa_power_ml_plus_cams_spectral,19.2,low,38.7,93.2,below typical locally,35.0,56.0,42.3,42.3,False,64,66.8,7.8,0,horizontal environmental reference,WSW,68.4,"sun low 22° (WSW) — face WSW, lift torso ~68° toward the sun if comfortable",100.0,False,,,50.0,28.1,28.1,,not specified,Environmental scores are skin-type independent.,not personalized,28.1
2026-10-03T17:00,deterministic,best_match,81.8,47,59.6,82.4,67.7,1004.7,994.9,79199.48,0,0,0,0,0,0,0.0,0.0,0.0,0.0,6.3,212,10.7,2.3,2.3,3600.0,1,0.0,3.2,0.0,15682.415,705.381,28.1,0.0,0.012,1.97,371.0,310.0,61.0,757.5,560.2,286.8,239.7,47.2,585.7,433.3,5,7,3,10,4,0,0,0,0,0,2395.013,4858.924,10341.207,19251.968,31808.272,America/Los_Angeles,34.03202,-118.52633,86.0,34.08241271972656,1.0,0.0,0.6622634773295251,0.6618970690053081,0.8355795148247979,0.16442048517520216,0.8357740585774058,0.16457461645746166,1.0,0.0,-0.0999999999999659,10.0,0.0,71.4,1.0,,,,,,,,,,,,,,,,,2026-10-04 00:00:00+00:00,71.45539002468871,18.544609975311285,251.29146169510727,228.7947139706707,478.2968292204249,76.67579551538267,371.0,757.5,61.0,0.6622634773295251,0,27.666666666666668,47,99.49,,2026-09-21T12:00Z,,,,,0.2,18.03,0.1727,nasa_power_ml_plus_cams_spectral,18.1,low,39.8,99.6,below typical locally,34.7,69.9,47.0,47.0,False,47,67.7,6.3,0,horizontal environmental reference,WSW,71.5,"sun low 19° (WSW) — face WSW, lift torso ~72° toward the sun if comfortable",100.0,False,,,50.0,27.9,27.9,,not specified,Environmental scores are skin-type independent.,not personalized,27.9
2026-10-01T17:00,deterministic,best_match,96.1,19,47.2,91.4,66.9,999.1,989.6,79199.48,0,0,0,0,0,2,0.0,0.0,0.0,0.0,9.2,236,13.2,2.45,2.45,3600.0,1,0.0,5.4,0.0,16797.9,1788.058,24.0,0.0,0.018,4.7,389.0,331.0,58.0,789.7,573.1,302.9,257.7,45.2,614.9,446.5,14,28,52,3,14,0,0,0,0,0,2283.465,4753.937,10226.378,19183.07,31728.896,America/Los_Angeles,34.03202,-118.52633,86.0,34.08241271972656,1.0,0.0,0.6787646135054964,0.6783874580067188,0.8508997429305912,0.14910025706940874,0.8507758336084517,0.1492241663915484,1.0,0.0,0.0,52.0,0.0,72.9,1.0,,,,,,,,,,,,,,,,,2026-10-02 00:00:00+00:00,70.85712761192305,19.142872388076956,251.8327393646784,239.16787743537145,490.06269461886103,78.46412766214658,389.0,789.7,58.0,0.6787646135054964,0,35.61111111111111,19,98.96000000000001,,2026-09-21T12:00Z,,,,,0.2,18.718,0.1833,nasa_power_ml_plus_cams_spectral,19.0,low,40.5,99.7,below typical locally,33.4,45.6,37.7,37.7,False,19,66.9,9.2,2,horizontal environmental reference,WSW,70.9,"sun low 19° (WSW) — face WSW, lift torso ~71° toward the sun if comfortable",99.5,False,,,50.0,27.8,27.7,,not specified,Environmental scores are skin-type independent.,not personalized,27.7
2026-10-04T17:00,deterministic,best_match,85.1,40,58.1,84.7,68.1,1003.3,993.6,79199.48,0,0,0,0,0,0,0.0,0.0,0.0,0.0,7.1,215,14.1,2.25,2.3,3600.0,1,0.0,5.6,0.0,17454.068,721.785,17.6,0.0,0.013,2.47,369.0,303.0,66.0,749.4,553.8,284.2,233.4,50.8,577.3,426.8,9,9,7,7,8,0,0,0,0,0,2365.486,4829.397,10298.557,19268.374,31734.19,America/Los_Angeles,34.03202,-118.52633,86.0,34.08241271972656,0.9782608695652175,0.021739130434782483,0.6663055254604551,0.6658856607310215,0.8211382113821138,0.17886178861788618,0.8212526389866291,0.17874736101337085,1.0,0.0,0.0,9.0,0.0,70.5,1.0,,,,,,,,,,,,,,,,,2026-10-05 00:00:00+00:00,71.75251940473805,18.247480595261955,251.02168684500415,223.64302674784426,472.2702570652882,75.76479754408413,369.0,749.4,66.0,0.6663055254604551,0,29.499999999999996,40,99.36,,2026-09-21T12:00Z,,,,,0.2,17.677,0.1532,nasa_power_ml_plus_cams_spectral,17.8,low,39.7,99.4,below typical locally,33.9,72.7,47.5,47.5,False,40,68.1,7.1,0,horizontal environmental reference,WSW,71.8,"sun low 18° (WSW) — face WSW, lift torso ~72° toward the sun if comfortable",100.0,False,,,50.0,27.6,27.6,,not specified,Environmental scores are skin-type independent.,not personalized,27.6
2026-09-25T17:00,deterministic,best_match,77.5,56,60.6,77.8,66.5,1009.8,999.9,79199.48,3,88,0,0,86,0,0.0,0.0,0.0,0.0,7.8,217,9.4,2.55,2.65,3600.0,1,0.0,3.1,0.0,15649.606,935.039,20.5,0.0,0.012,1.42,390.0,291.0,99.0,648.1,611.8,309.7,231.1,78.6,514.7,486.1,32,23,17,30,88,0,0,0,0,4,2516.404,4937.664,10314.961,19179.792,31506.646,America/Los_Angeles,34.03202,-118.52633,86.0,34.08241271972656,0.9622641509433962,0.037735849056603765,0.6374632232755802,0.6371117054104093,0.7461538461538462,0.25384615384615383,0.7462060058120762,0.2537939941879238,1.0,0.0,0.0,88.0,4.0,69.0,1.0,22.9,17.9,126.5,440.0,7.5,5.0,106.0,1367.0,0.09,2.0,0.9,0.9,83.0,83.0,29.0,36.0,2026-09-26 00:00:00+00:00,69.04067638390455,20.95932361609544,253.47085827613665,270.61186577171344,522.9631569102015,83.54528989780218,390.0,648.1,99.0,0.6374632232755802,88,25.27777777777778,56,99.99,0.09,2026-09-21T12:00Z,0.13594688,0.12531906,289.01154,0.16367084,0.16367084,18.925,0.2123,nasa_power_ml_plus_cams_spectral,19.5,low,39.5,96.6,below typical locally,27.7,42.2,32.8,32.8,False,56,66.5,7.8,0,horizontal environmental reference,WSW,69.0,"sun low 21° (WSW) — face WSW, lift torso ~69° toward the sun if comfortable",100.0,False,,,50.0,27.5,27.5,,not specified,Environmental scores are skin-type independent.,not personalized,27.5
2026-09-21T13:00,deterministic,best_match,72.7,72,63.2,73.9,66.2,1013.6,1003.6,67257.216,3,93,93,0,0,0,0.0,0.0,0.0,0.0,8.4,254,8.9,4.1,6.85,3600.0,1,40.0,-0.1,251.0,12893.701,2312.992,26.8,0.0,0.013,0.77,504.5,225.5,279.0,272.2,1124.8,506.5,226.4,280.1,273.3,1129.4,89,75,49,24,8,20,0,0,0,0,2585.302,4917.979,10229.659,18940.29,31078.022,America/Los_Angeles,34.03202,-118.52633,86.0,34.08241271972656,0.5985401459854014,0.4014598540145986,0.44852418207681366,0.44846821321055425,0.44697720515361744,0.5530227948463825,0.4469891411648569,0.5530108588351432,1.0,0.0,0.0,89.0,20.0,54.4,1.0,18.3,14.2,135.0,440.0,7.9,5.5,100.0,1372.0,0.21,2.0,6.2,7.55,62.0,62.0,17.0,29.0,2026-09-21 20:00:00+00:00,33.71117043425927,56.28882956574073,185.82469332664138,809.7204560508416,805.9426310294832,139.30035589535487,504.5,272.2,279.0,0.44852418207681366,93,22.611111111111114,72,100.36,0.21,2026-09-21T12:00Z,0.16682377,0.15582128,279.4224,0.16537827,0.16537827,33.757,0.9931,nasa_power_ml_plus_cams_spectral,33.2,low-moderate,57.0,1.6,typical-to-good locally,33.6,35.1,34.1,34.1,False,72,66.2,8.4,0,horizontal environmental reference,S,33.7,"sun 56° up (S) — lay flat on back, face up",100.0,False,,,50.0,26.7,26.7,,not specified,Environmental scores are skin-type independent.,not personalized,26.7
2026-10-03T09:00,deterministic,best_match,80.7,50,60.3,82.6,67.6,1006.5,996.7,79199.48,0,0,0,0,0,0,0.0,0.0,0.0,0.0,3.8,183,9.6,2.05,2.05,3600.0,1,0.0,3.0,0.0,15485.564,557.743,29.1,0.0,0.008,1.79,291.0,241.0,50.0,728.3,451.4,373.8,309.6,64.2,935.5,580.2,5,5,7,26,4,0,0,0,0,0,2437.664,4891.733,10370.735,19281.496,31824.146,America/Los_Angeles,34.03202,-118.52633,86.0,34.08241271972656,1.0,0.0,0.6446610544971201,0.6442605997931747,0.8281786941580757,0.1718213058419244,0.8282504012841092,0.17174959871589085,1.0,0.0,0.0,26.0,0.0,75.9,1.0,,,,,,,,,,,,,,,,,2026-10-03 16:00:00+00:00,64.8505554907502,25.149444509249804,114.38909237244161,346.33782490587436,592.0919601224947,94.71014380836704,291.0,728.3,50.0,0.6446610544971201,0,27.055555555555557,50,99.67,,2026-09-21T12:00Z,,,,,0.2,16.834,0.2254,nasa_power_ml_plus_cams_spectral,16.6,low,38.0,55.0,below typical locally,63.1,78.3,68.4,68.4,False,50,67.6,3.8,0,horizontal environmental reference,ESE,64.9,"sun low 25° (ESE) — face ESE, lift torso ~65° toward the sun if comfortable",100.0,False,,,50.0,26.2,26.2,,not specified,Environmental scores are skin-type independent.,not personalized,26.2
2026-09-29T09:00,deterministic,best_match,80.9,20,36.1,76.7,57.2,1006.3,996.5,79199.48,0,0,0,0,0,2,0.0,0.0,0.0,0.0,2.7,336,2.2,2.1,2.1,3600.0,1,0.0,14.5,0.0,16765.092,442.913,9.1,0.0,0.009,2.89,323.0,273.0,50.0,797.2,466.1,412.3,348.4,63.8,1017.5,595.2,17,13,11,13,18,0,0,0,0,0,2431.102,4855.643,10255.905,19209.318,31570.148,America/Los_Angeles,34.03202,-118.52633,86.0,34.08241271972656,1.0,0.0,0.6929843381248659,0.6927083333333333,0.8452012383900929,0.15479876160990713,0.8450157652195003,0.1547416929420325,1.0,0.0,0.10000000000002274,18.0,0.0,76.9,1.0,,,,,,,,,,,,,,,,,2026-09-29 16:00:00+00:00,64.09014441926637,25.909855580733637,112.85227164538531,358.93473981780755,601.1689586066908,96.25004557407493,323.0,797.2,50.0,0.6929843381248659,0,27.16666666666667,20,99.65,,2026-09-21T12:00Z,,,,,0.2,17.764,0.2251,nasa_power_ml_plus_cams_spectral,17.3,low,37.9,53.9,below typical locally,60.9,51.2,57.5,57.5,False,20,57.2,2.7,2,horizontal environmental reference,ESE,64.1,"sun low 26° (ESE) — face ESE, lift torso ~64° toward the sun if comfortable",99.5,False,,,50.0,26.1,26.0,,not specified,Environmental scores are skin-type independent.,not personalized,26.0
2026-09-28T09:00,deterministic,best_match,74.9,36,46.2,73.1,58.6,1009.2,999.3,79199.48,0,0,0,0,0,4,0.0,0.0,0.0,0.0,1.8,240,1.1,2.1,2.1,3600.0,1,0.0,10.5,0.0,15813.648,967.848,8.8,0.0,0.008,1.89,323.0,272.0,51.0,787.8,469.7,411.6,346.6,65.0,1003.9,598.8,26,18,13,6,10,0,0,0,0,0,2467.192,4845.801,10209.974,19104.33,31395.52,America/Los_Angeles,34.03202,-118.52633,86.0,34.08241271972656,1.0,0.0,0.68767298275495,0.6873747494989981,0.8421052631578947,0.15789473684210525,0.8420796890184645,0.15792031098153547,1.0,0.0,0.0,26.0,0.0,76.4,1.0,,,,,,,,,,,,,,,,,2026-09-28 16:00:00+00:00,63.90421881023345,26.095781189766548,112.46172867621317,361.9948957085742,603.3071594594421,96.61633841832213,323.0,787.8,51.0,0.68767298275495,0,23.83333333333334,36,99.92999999999999,,2026-09-21T12:00Z,,,,,0.2,17.868,0.2334,nasa_power_ml_plus_cams_spectral,17.4,low,37.9,53.7,below typical locally,57.3,54.4,56.3,56.3,False,36,58.6,1.8,4,horizontal environmental reference,ESE,63.9,"sun low 26° (ESE) — face ESE, lift torso ~64° toward the sun if comfortable",98.8,False,,,50.0,26.1,25.8,,not specified,Environmental scores are skin-type independent.,not personalized,25.8
2026-10-04T09:00,deterministic,best_match,79.4,51,59.7,81.9,66.8,1006.8,997.0,79199.48,0,0,0,0,0,2,0.0,0.0,0.0,0.0,1.9,201,8.7,2.0,2.0,3600.0,1,0.0,5.1,0.0,16502.625,508.53,20.9,0.0,0.007,1.68,294.0,245.0,49.0,747.0,447.6,378.3,315.3,63.1,961.3,576.3,8,8,4,4,8,0,0,0,0,0,2440.945,4888.452,10347.77,19268.374,31707.728,America/Los_Angeles,34.03202,-118.52633,86.0,34.08241271972656,1.0,0.0,0.6568364611260054,0.6564289432587195,0.8333333333333334,0.16666666666666666,0.8334655035685964,0.16679883690192968,1.0,0.0,-0.10000000000002274,8.0,0.0,75.6,1.0,,,,,,,,,,,,,,,,,2026-10-04 16:00:00+00:00,65.04478011691299,24.955219883087018,114.76623710338833,343.0999610670919,589.685701507483,94.30578563133281,294.0,747.0,49.0,0.6568364611260054,0,26.33333333333334,51,99.7,,2026-09-21T12:00Z,,,,,0.2,16.905,0.2242,nasa_power_ml_plus_cams_spectral,16.5,low,38.2,55.7,below typical locally,59.9,70.7,63.7,63.7,False,51,66.8,1.9,2,horizontal environmental reference,ESE,65.0,"sun low 25° (ESE) — face ESE, lift torso ~65° toward the sun if comfortable",99.5,False,,,50.0,25.9,25.8,,not specified,Environmental scores are skin-type independent.,not personalized,25.8
2026-09-27T09:00,deterministic,best_match,74.4,51,55.1,74.9,62.4,1012.1,1002.1,79199.48,0,0,0,0,0,1,0.0,0.0,0.0,0.0,2.4,214,2.2,2.1,2.1,3600.0,1,0.0,6.0,0.0,15321.522,754.593,12.1,0.0,0.008,1.42,323.0,271.0,52.0,778.6,473.2,411.0,344.8,66.2,990.7,602.4,29,18,7,4,8,0,0,0,0,0,2555.775,4934.384,10278.871,19133.86,31443.146,America/Los_Angeles,34.03202,-118.52633,86.0,34.08241271972656,1.0,0.0,0.6825866441251057,0.6822709163346614,0.8390092879256966,0.1609907120743034,0.8389294403892944,0.1610705596107056,1.0,0.0,0.0,29.0,0.0,76.8,1.0,,,,,,,,,,,,,,,,,2026-09-27 16:00:00+00:00,63.71996241955313,26.280037580446873,112.06894231043032,365.0196939608792,605.3955395790639,96.97547973942721,323.0,778.6,52.0,0.6825866441251057,0,23.55555555555556,51,100.21000000000001,,2026-09-21T12:00Z,,,,,0.2,18.05,0.241,nasa_power_ml_plus_cams_spectral,17.5,low,37.8,53.2,below typical locally,50.2,40.9,46.9,46.9,False,51,62.4,2.4,1,horizontal environmental reference,ESE,63.7,"sun low 26° (ESE) — face ESE, lift torso ~64° toward the sun if comfortable",99.8,False,,,50.0,25.5,25.4,,not specified,Environmental scores are skin-type independent.,not personalized,25.4
2026-10-02T09:00,deterministic,best_match,89.3,17,38.8,85.6,61.2,1001.8,992.2,79199.48,0,0,0,0,0,1,0.0,0.0,0.0,0.0,2.6,15,10.1,2.05,2.05,3600.0,1,0.0,11.4,0.0,16765.092,393.701,20.9,0.0,0.009,3.91,301.0,253.0,48.0,757.8,455.1,386.0,324.5,61.6,971.9,584.0,11,17,8,6,4,0,0,0,0,0,2332.677,4793.307,10262.467,19212.598,31702.44,America/Los_Angeles,34.03202,-118.52633,86.0,34.08241271972656,1.0,0.0,0.6613931004174907,0.660958904109589,0.840531561461794,0.15946843853820597,0.8406735751295337,0.15958549222797927,1.0,0.0,-0.10000000000002274,17.0,0.0,76.2,1.0,,,,,,,,,,,,,,,,,2026-10-02 16:00:00+00:00,64.65796112373606,25.342038876263945,114.00898055054802,349.540462273245,594.442297773603,95.10662271862336,301.0,757.8,48.0,0.6613931004174907,0,31.833333333333332,17,99.22,,2026-09-21T12:00Z,,,,,0.2,16.873,0.2272,nasa_power_ml_plus_cams_spectral,16.6,low,37.8,54.1,below typical locally,59.8,53.2,57.5,57.5,False,17,61.2,2.6,1,horizontal environmental reference,ESE,64.7,"sun low 25° (ESE) — face ESE, lift torso ~65° toward the sun if comfortable",99.8,False,,,50.0,25.5,25.4,,not specified,Environmental scores are skin-type independent.,not personalized,25.4
2026-09-30T09:00,deterministic,best_match,82.7,17,33.5,77.9,57.0,1006.9,997.1,79199.48,0,0,0,0,0,2,0.0,0.0,0.0,0.0,2.9,261,2.9,2.05,2.05,3600.0,1,0.0,13.6,0.0,16535.434,328.084,15.0,0.0,0.009,3.17,312.0,264.0,48.0,777.3,462.5,398.8,337.5,61.4,993.7,591.5,14,9,52,9,12,0,0,0,0,0,2454.068,4888.452,10308.399,19235.564,31644.23,America/Los_Angeles,34.03202,-118.52633,86.0,34.08241271972656,1.0,0.0,0.6745945945945946,0.674218089602705,0.8461538461538461,0.15384615384615385,0.8462888665997994,0.15396188565697091,1.0,0.0,-0.0999999999999659,52.0,0.0,76.3,1.0,,,,,,,,,,,,,,,,,2026-09-30 16:00:00+00:00,64.27774466600951,25.722255333990496,113.24042525792339,355.8390043224776,598.9796010191137,95.87643301360532,312.0,777.3,48.0,0.6745945945945946,0,28.166666666666668,17,99.71000000000001,,2026-09-21T12:00Z,,,,,0.2,17.04,0.2196,nasa_power_ml_plus_cams_spectral,16.7,low,37.6,52.8,below typical locally,58.6,47.8,54.8,54.8,False,17,57.0,2.9,2,horizontal environmental reference,ESE,64.3,"sun low 26° (ESE) — face ESE, lift torso ~64° toward the sun if comfortable",99.5,False,,,50.0,25.3,25.2,,not specified,Environmental scores are skin-type independent.,not personalized,25.2
2026-10-01T09:00,deterministic,best_match,88.5,15,35.0,82.9,59.6,1002.7,993.1,79199.48,0,0,0,0,0,1,0.0,0.0,0.0,0.0,5.3,338,3.4,2.05,2.05,3600.0,1,0.0,12.3,0.0,16601.051,393.701,23.0,0.0,0.011,3.91,301.0,253.0,48.0,751.3,458.8,385.4,323.9,61.5,962.0,587.8,15,31,56,4,10,0,0,0,0,0,2362.205,4816.273,10262.467,19196.196,31734.19,America/Los_Angeles,34.03202,-118.52633,86.0,34.08241271972656,1.0,0.0,0.6560592850915431,0.6556651922422593,0.840531561461794,0.15946843853820597,0.8404255319148936,0.1595744680851064,1.0,0.0,0.0,56.0,0.0,76.1,1.0,,,,,,,,,,,,,,,,,2026-10-01 16:00:00+00:00,64.46701928745635,25.53298071254365,113.62604343335016,352.707573865171,596.7377918773238,95.49534124823356,301.0,751.3,48.0,0.6560592850915431,0,31.38888888888889,15,99.31,,2026-09-21T12:00Z,,,,,0.2,17.007,0.2301,nasa_power_ml_plus_cams_spectral,16.7,low,37.8,53.7,below typical locally,59.7,41.7,53.4,53.4,False,15,59.6,5.3,1,horizontal environmental reference,ESE,64.5,"sun low 26° (ESE) — face ESE, lift torso ~64° toward the sun if comfortable",99.8,False,,,50.0,25.3,25.2,,not specified,Environmental scores are skin-type independent.,not personalized,25.2
2026-09-24T09:00,deterministic,best_match,73.9,69,63.1,77.4,66.6,1011.7,1001.7,79199.48,0,0,0,0,0,0,0.0,0.0,0.0,0.0,2.8,162,2.7,1.85,1.85,3600.0,1,10.0,0.9,505.0,13615.485,721.785,23.7,0.0,0.008,0.89,311.0,253.0,58.0,710.1,483.6,394.0,320.5,73.5,899.7,613.0,42,27,41,9,12,0,0,0,0,0,2552.494,4967.192,10351.05,19137.138,31369.062,America/Los_Angeles,34.03202,-118.52633,86.0,34.08241271972656,1.0,0.0,0.6430934656741109,0.6427406199021207,0.8135048231511254,0.1864951768488746,0.8134517766497462,0.1865482233502538,1.0,0.0,0.0,42.0,0.0,74.7,1.0,34.0,29.8,242.0,492.0,52.6,6.1,24.0,1611.0,0.25,2.0,1.9,1.9,86.0,86.0,30.0,1.0,2026-09-24 16:00:00+00:00,63.17710464466274,26.82289535533726,110.87857945353994,373.88511770555164,611.3752178413964,98.01172176650596,311.0,710.1,58.0,0.6430934656741109,0,23.277777777777782,69,100.17,0.25,2026-09-21T12:00Z,0.14263168,0.13399595,281.1178,0.16353226,0.16353226,16.892,0.2495,nasa_power_ml_plus_cams_spectral,16.0,low,36.1,46.2,below typical locally,53.0,65.6,57.4,57.4,False,69,66.6,2.8,0,horizontal environmental reference,ESE,63.2,"sun low 27° (ESE) — face ESE, lift torso ~63° toward the sun if comfortable",100.0,False,,,50.0,24.3,24.3,,not specified,Environmental scores are skin-type independent.,not personalized,24.3
2026-09-26T09:00,deterministic,best_match,77.2,50,57.1,78.9,64.5,1011.9,1002.0,79199.48,2,60,0,0,57,0,0.0,0.0,0.0,0.0,1.2,202,0.9,1.8,1.8,3600.0,1,0.0,6.0,0.0,16108.924,590.551,15.5,0.0,0.007,1.59,306.0,236.0,70.0,672.7,476.7,388.8,299.9,88.9,854.7,606.0,29,26,7,13,96,0,0,0,0,12,2565.617,4967.192,10328.084,19219.16,31612.478,America/Los_Angeles,34.03202,-118.52633,86.0,34.08241271972656,1.0,0.0,0.6419131529263687,0.6415841584158416,0.7712418300653595,0.22875816993464052,0.7713477366255144,0.2286522633744856,1.0,0.0,5.684341886080802e-14,96.0,12.0,74.1,1.0,,,,,,,,,,,,,,,,,2026-09-26 16:00:00+00:00,63.537365802934204,26.462634197065796,111.67405823295996,368.009432988376,607.4354515009207,97.32764238346908,306.0,672.7,70.0,0.6419131529263687,60,25.111111111111114,50,100.2,,2026-09-21T12:00Z,,,,,0.2,17.555,0.2607,nasa_power_ml_plus_cams_spectral,16.2,low,36.5,48.1,below typical locally,47.9,42.3,45.9,45.9,False,50,64.5,1.2,0,horizontal environmental reference,ESE,63.5,"sun low 26° (ESE) — face ESE, lift torso ~64° toward the sun if comfortable",100.0,False,,,50.0,23.9,23.9,,not specified,Environmental scores are skin-type independent.,not personalized,23.9
2026-09-22T09:00,deterministic,best_match,69.4,76,61.5,71.5,64.0,1012.9,1002.8,61679.788,0,9,9,0,0,0,0.0,0.0,0.0,0.0,4.4,240,4.7,1.85,1.85,3600.0,1,0.0,3.3,0.0,13713.911,1427.165,23.8,0.0,0.007,0.59,300.5,212.3,88.3,587.9,490.3,379.9,268.3,111.6,743.2,619.8,76,44,32,7,8,0,0,0,0,0,2559.055,4924.541,10252.625,19035.434,31236.772,America/Los_Angeles,34.03202,-118.52633,86.0,34.08241271972656,1.0,0.0,0.6128900673057311,0.6129396579541788,0.7064891846921797,0.29384359400998333,0.7062384838115294,0.29376151618847063,1.0,-0.10000000000002274,0.0,76.0,0.0,70.1,1.0,32.8,28.4,244.0,485.0,48.8,7.5,26.0,1579.0,0.35,2.0,1.8,1.85,68.0,68.0,20.0,4.0,2026-09-22 16:00:00+00:00,62.82334108626502,27.176658913734986,110.07646049805453,379.62475722005945,615.136786250111,98.66991282386482,300.5,587.9,88.3,0.6128900673057311,9,20.777777777777782,76,100.28,0.35,2026-09-21T12:00Z,0.33313707,0.3104025,284.9669,0.16474885,0.16474885,16.114,0.2407,nasa_power_ml_plus_cams_spectral,15.5,low,35.6,43.6,below typical locally,57.7,62.5,59.4,59.4,False,76,64.0,4.4,0,horizontal environmental reference,ESE,62.8,"sun low 27° (ESE) — face ESE, lift torso ~63° toward the sun if comfortable",100.0,False,,,50.0,23.8,23.8,,not specified,Environmental scores are skin-type independent.,not personalized,23.8
2026-09-25T09:00,deterministic,best_match,74.5,65,61.9,77.5,66.1,1012.1,1002.1,79199.48,3,84,0,0,76,0,0.0,0.0,0.0,0.0,2.7,156,1.8,1.75,1.8,3600.0,1,0.0,2.5,0.0,15387.14,672.572,23.3,0.0,0.007,1.02,298.0,221.0,77.0,625.0,480.2,378.1,280.4,97.7,793.0,609.5,44,28,37,6,82,0,0,0,0,4,2565.617,4970.473,10344.488,19176.51,31490.77,America/Los_Angeles,34.03202,-118.52633,86.0,34.08241271972656,0.9722222222222222,0.02777777777777779,0.6205747605164514,0.6203445447087778,0.7416107382550335,0.25838926174496646,0.7416027505950805,0.2583972494049193,1.0,0.0,5.684341886080802e-14,82.0,4.0,71.3,1.0,33.5,28.7,150.0,456.0,45.3,4.6,25.0,1419.0,0.16,1.0,2.0,2.0,85.0,85.0,30.0,1.0,2026-09-25 16:00:00+00:00,63.35641729936428,26.643582700635715,111.27722202484244,370.96445511069925,609.4282393233078,97.67299965864362,298.0,625.0,77.0,0.6205747605164514,84,23.61111111111111,65,100.21000000000001,0.16,2026-09-21T12:00Z,0.15160973,0.14077179,286.71378,0.16291744,0.16291744,16.876,0.2442,nasa_power_ml_plus_cams_spectral,15.6,low,35.9,45.6,below typical locally,49.6,41.2,46.7,46.7,False,65,66.1,2.7,0,horizontal environmental reference,ESE,63.4,"sun low 27° (ESE) — face ESE, lift torso ~63° toward the sun if comfortable",100.0,False,,,50.0,23.2,23.2,,not specified,Environmental scores are skin-type independent.,not personalized,23.2
2026-09-23T09:00,deterministic,best_match,67.5,90,64.5,72.1,65.3,1013.0,1002.9,43963.252,2,54,54,0,0,0,0.0,0.0,0.0,0.0,1.7,203,1.6,1.85,1.85,3600.0,1,0.0,3.4,0.0,14402.888,885.827,19.1,0.0,0.006,0.23,272.0,127.0,145.0,354.4,487.0,344.3,160.8,183.5,448.6,616.4,25,27,23,6,8,0,0,0,0,0,2588.583,5006.562,10360.893,19166.666,31421.978,America/Los_Angeles,34.03202,-118.52633,86.0,34.08241271972656,1.0,0.0,0.5585215605749486,0.5585658663205711,0.46691176470588236,0.5330882352941176,0.46703456288120826,0.5329654371187917,1.0,0.0,0.0,27.0,0.0,57.5,1.0,32.0,28.3,251.0,490.0,46.5,5.1,23.0,1696.0,0.22,2.0,1.9,1.9,78.0,78.0,26.0,0.0,2026-09-23 16:00:00+00:00,62.99941611128444,27.00058388871556,110.47827670796846,376.77177289542004,613.2776590028227,98.34397342707814,272.0,354.4,145.0,0.5585215605749486,54,19.72222222222222,90,100.28999999999999,0.22,2026-09-21T12:00Z,0.20371616,0.18917558,284.24557,0.16414708,0.16414708,15.45,0.2315,nasa_power_ml_plus_cams_spectral,15.1,low,35.3,42.8,below typical locally,68.6,50.2,62.2,62.2,False,90,65.3,1.7,0,horizontal environmental reference,ESE,63.0,"sun low 27° (ESE) — face ESE, lift torso ~63° toward the sun if comfortable",98.5,False,,cold,50.0,23.5,23.1,,not specified,Environmental scores are skin-type independent.,not personalized,23.1
2026-09-21T11:00,deterministic,best_match,72.5,70,62.2,74.3,65.5,1014.4,1004.4,71194.224,3,100,100,0,0,1,0.0,0.0,0.0,0.0,6.4,241,9.2,2.3,5.1,3600.0,1,30.0,1.2,3.0,12992.126,3412.074,25.1,0.0,0.014,0.82,565.5,417.3,148.3,606.8,933.4,612.4,451.9,160.5,657.1,1010.8,95,77,32,10,10,46,0,0,0,0,2601.706,4924.541,10232.939,18946.85,31067.436,America/Los_Angeles,34.03202,-118.52633,86.0,34.08241271972656,0.45098039215686275,0.5490196078431373,0.605849582172702,0.6058567471309854,0.7379310344827587,0.2622458001768347,0.73791639451339,0.2620836054866101,1.0,-0.10000000000002274,0.0,95.0,46.0,57.6,1.0,17.9,14.2,143.0,446.0,13.1,6.0,75.0,1395.0,0.22,1.0,3.35,5.95,63.0,63.0,17.0,26.0,2026-09-21 18:00:00+00:00,41.868712225145586,48.131287774854414,137.55951113369986,708.6152828661793,775.325512186011,131.24888740366646,565.5,606.8,148.3,0.605849582172702,100,22.5,70,100.44,0.22,2026-09-21T12:00Z,0.16127656,0.15154375,276.39893,0.16534996,0.16534996,33.828,0.8827,nasa_power_ml_plus_cams_spectral,27.1,low-moderate,50.4,1.8,typical-to-good locally,22.0,22.9,22.3,22.3,False,70,65.5,6.4,1,horizontal environmental reference,SE,41.9,"sun 48° up (SE) — lay flat, or lift torso ~42° toward SE to face it",99.8,False,,,50.0,22.0,22.0,,not specified,Environmental scores are skin-type independent.,not personalized,22.0
2026-09-21T12:00,deterministic,best_match,72.0,67,60.4,73.3,64.3,1014.2,1004.2,76771.656,3,100,100,0,0,0,0.0,0.0,0.0,0.0,5.4,218,9.2,2.75,6.3,2845.11,1,20.0,0.8,7.0,12828.084,3395.67,25.2,0.0,0.012,0.88,445.0,121.5,323.5,154.8,1065.2,462.7,126.3,336.4,161.0,1107.7,89,73,44,16,4,20,0,0,0,0,2598.425,4927.822,10232.939,18937.008,31056.854,America/Los_Angeles,34.03202,-118.52633,86.0,34.08241271972656,0.4365079365079365,0.5634920634920635,0.417761922643635,0.41771237699738195,0.27303370786516856,0.7269662921348314,0.2729630430084288,0.7270369569915712,0.7903083333333334,0.0,0.0,89.0,20.0,37.8,1.0,18.0,14.1,139.0,443.0,10.3,5.9,87.0,1382.0,0.22,1.0,4.35,7.3,62.0,62.0,17.0,27.0,2026-09-21 19:00:00+00:00,35.32403369686116,54.67596630313884,159.34115069702773,791.1904290678526,800.744465111045,137.86692281188357,445.0,154.8,323.5,0.417761922643635,100,22.22222222222222,67,100.42,0.22,2026-09-21T12:00Z,0.15776148,0.14757733,278.0665,0.1653058,0.1653058,30.139,0.9039,nasa_power_ml_plus_cams_spectral,26.6,low-moderate,49.6,0.6,below typical locally,25.1,22.6,24.2,24.2,False,67,64.3,5.4,0,horizontal environmental reference,SSE,35.3,"sun 55° up (SSE) — lay flat, or lift torso ~35° toward SSE to face it",100.0,False,,,50.0,19.7,19.7,,not specified,Environmental scores are skin-type independent.,not personalized,19.7
2026-09-24T18:00,deterministic,best_match,76.6,65,64.0,78.5,68.1,1009.7,999.8,79199.48,0,0,0,0,0,0,0.0,0.0,0.0,0.0,7.5,207,7.8,1.15,1.15,3600.0,1,140.0,-0.2,307.0,14140.42,820.21,22.7,0.0,0.007,1.09,213.0,166.0,47.0,637.0,355.3,128.1,99.9,28.3,383.2,214.1,35,32,33,9,6,0,0,0,0,0,2509.843,4931.103,10328.084,19133.86,31395.52,America/Los_Angeles,34.03202,-118.52633,86.0,34.08241271972656,1.0,0.0,0.5994933858710948,0.5983185427370388,0.7793427230046949,0.22065727699530516,0.7798594847775177,0.22092115534738488,1.0,0.0,-0.10000000000002274,35.0,0.0,59.1,1.0,23.2,17.5,125.0,441.0,12.7,4.5,98.0,1365.0,0.11,3.0,0.15,0.15,86.0,86.0,30.0,42.0,2026-09-25 01:00:00+00:00,80.85645557658373,9.14354442341628,262.8483517691979,70.56637001620392,210.63005575859984,37.09547440787931,213.0,637.0,47.0,0.5994933858710948,0,24.777777777777775,65,99.97999999999999,0.11,2026-09-21T12:00Z,0.25974378,0.24520771,279.8305,0.16427225,0.16427225,7.977,0.0466,nasa_power_ml_plus_cams_spectral,8.5,low,22.7,100.0,poor locally,34.7,72.4,47.9,47.9,False,65,68.1,7.5,0,horizontal environmental reference,W,80.9,"sun low 9° (W) — face W, lift torso ~81° toward the sun if comfortable",100.0,False,,,50.0,16.3,16.3,,not specified,Environmental scores are skin-type independent.,not personalized,16.3
2026-09-23T18:00,deterministic,best_match,76.1,64,63.0,77.7,67.3,1008.5,998.6,79199.48,0,0,0,0,0,1,0.0,0.0,0.0,0.0,7.1,198,7.4,1.15,1.15,3600.0,1,30.0,0.9,547.0,14173.229,754.593,18.0,0.0,0.007,1.11,222.0,175.0,47.0,658.8,362.0,135.3,106.6,28.6,401.4,220.9,17,17,27,6,12,0,0,0,0,0,2480.315,4911.418,10308.399,19127.296,31395.52,America/Los_Angeles,34.03202,-118.52633,86.0,34.08241271972656,1.0,0.0,0.6132596685082873,0.612494341330919,0.7882882882882883,0.21171171171171171,0.7878787878787877,0.2113821138211382,1.0,0.0,0.10000000000002274,27.0,0.0,59.7,1.0,28.1,21.8,145.0,444.0,15.0,4.6,100.0,1399.0,0.18,3.0,0.15,0.15,81.0,81.0,27.0,42.0,2026-09-24 01:00:00+00:00,80.56597684602954,9.43402315397045,263.1223233940002,74.80558282404554,220.7872845005568,38.6159469466114,222.0,658.8,47.0,0.6132596685082873,0,24.499999999999996,64,99.86,0.18,2026-09-21T12:00Z,0.15457363,0.14286368,283.92575,0.16488642,0.16488642,7.87,0.047,nasa_power_ml_plus_cams_spectral,8.4,low,22.2,99.9,poor locally,35.0,71.7,47.8,47.8,False,64,67.3,7.1,1,horizontal environmental reference,W,80.6,"sun low 9° (W) — face W, lift torso ~81° toward the sun if comfortable",99.8,False,,,50.0,16.2,16.2,,not specified,Environmental scores are skin-type independent.,not personalized,16.2
2026-09-21T18:00,deterministic,best_match,70.6,70,60.3,69.3,63.7,1011.9,1001.9,73490.816,0,5,5,0,0,0,0.0,0.0,0.0,0.0,11.2,267,13.4,1.2,1.2,3600.0,1,0.0,0.7,0.0,13090.552,1738.845,22.8,0.0,0.006,0.77,185.5,109.8,75.8,397.2,375.1,115.9,68.6,47.3,248.2,234.4,79,55,38,9,14,0,0,0,0,0,2536.089,4885.171,10203.412,18927.166,31173.272,America/Los_Angeles,34.03202,-118.52633,86.0,34.08241271972656,1.0,0.0,0.49453479072247397,0.49445392491467577,0.5919137466307277,0.4086253369272237,0.5918895599654874,0.40811044003451247,1.0,-0.09999999999999432,1.4210854715202004e-14,79.0,0.0,52.0,1.0,15.5,11.9,134.0,438.0,7.1,4.3,103.0,1366.0,0.18,2.0,0.15,0.2,61.0,61.0,17.0,45.0,2026-09-22 01:00:00+00:00,79.98417484241716,10.015825157582839,263.6704459742591,83.46861951797219,240.79098570283665,41.590208898341174,185.5,397.2,75.8,0.49453479072247397,5,21.444444444444443,70,100.19,0.18,2026-09-21T12:00Z,0.18692234,0.17489527,279.94778,0.166089,0.166089,7.23,0.0367,nasa_power_ml_plus_cams_spectral,8.2,low,21.7,98.7,poor locally,34.6,83.7,51.8,51.8,False,70,63.7,11.2,0,horizontal environmental reference,W,80.0,"sun low 10° (W) — face W, lift torso ~80° toward the sun if comfortable",100.0,False,,,50.0,16.0,16.0,,not specified,Environmental scores are skin-type independent.,not personalized,16.0
2026-09-22T18:00,deterministic,best_match,68.7,80,62.3,68.4,64.2,1010.3,1000.2,55774.276,0,6,6,0,0,0,0.0,0.0,0.0,0.0,10.8,263,13.6,1.2,1.2,3600.0,1,0.0,3.2,0.0,13910.762,1164.698,25.4,0.0,0.005,0.48,181.0,106.0,75.0,390.7,368.6,111.8,65.5,46.3,241.3,227.7,49,27,50,9,12,0,0,0,0,0,2509.843,4914.698,10272.31,19068.242,31305.562,America/Los_Angeles,34.03202,-118.52633,86.0,34.08241271972656,1.0,0.0,0.4910472056429734,0.49099692577953447,0.585635359116022,0.4143646408839779,0.5858676207513417,0.4141323792486583,1.0,0.0,0.0,50.0,0.0,51.7,1.0,19.2,13.7,131.0,441.0,7.9,2.5,90.0,1388.0,0.19,3.0,0.15,0.15,73.0,73.0,23.0,44.0,2026-09-23 01:00:00+00:00,80.27516695161637,9.724833048383632,263.39635451320333,79.10836702581427,230.84608316972125,40.11463481070751,181.0,390.7,75.0,0.4910472056429734,6,20.388888888888893,80,100.02000000000001,0.19,2026-09-21T12:00Z,0.3243466,0.30290523,287.54825,0.16548789,0.16548789,7.089,0.033,nasa_power_ml_plus_cams_spectral,8.1,low,21.6,99.1,poor locally,35.0,82.9,51.8,51.8,False,80,64.2,10.8,0,horizontal environmental reference,W,80.3,"sun low 10° (W) — face W, lift torso ~80° toward the sun if comfortable",100.0,False,,,50.0,15.9,15.9,,not specified,Environmental scores are skin-type independent.,not personalized,15.9
2026-09-27T18:00,deterministic,best_match,77.4,44,53.8,75.7,63.0,1008.9,999.0,79199.48,0,0,0,0,0,2,0.0,0.0,0.0,0.0,6.9,216,8.1,1.15,1.15,3600.0,1,0.0,6.7,0.0,15321.522,1148.294,15.2,0.0,0.008,1.8,203.0,155.0,48.0,631.7,335.2,117.0,89.4,27.7,364.1,193.7,26,19,8,21,22,0,0,0,0,0,2483.596,4872.048,10229.659,19101.05,31464.312,America/Los_Angeles,34.03202,-118.52633,86.0,34.08241271972656,1.0,0.0,0.6056085918854416,0.6040268456375839,0.7635467980295566,0.23645320197044334,0.7641025641025642,0.23675213675213674,1.0,0.0,-0.10000000000000853,26.0,0.0,58.2,1.0,,,,,,,,,,,,,,,,,2026-09-28 01:00:00+00:00,81.72438576009479,8.275614239905204,262.0267418381518,58.29343951149134,179.7538944782028,32.42055658330659,203.0,631.7,48.0,0.6056085918854416,0,25.222222222222225,44,99.9,,2026-09-21T12:00Z,,,,,0.2,7.569,0.0415,nasa_power_ml_plus_cams_spectral,8.2,low,22.6,100.0,poor locally,29.8,55.1,38.7,38.7,False,44,63.0,6.9,2,horizontal environmental reference,W,81.7,"sun low 8° (W) — face W, lift torso ~82° toward the sun if comfortable",99.5,False,,,50.0,15.5,15.4,,not specified,Environmental scores are skin-type independent.,not personalized,15.4
2026-09-28T18:00,deterministic,best_match,77.6,39,50.7,75.3,61.7,1005.3,995.5,79199.48,0,0,0,0,0,3,0.0,0.0,0.0,0.0,5.9,209,7.6,1.05,1.05,3600.0,1,0.0,9.5,0.0,16568.242,721.785,10.8,0.0,0.007,1.97,205.0,160.0,45.0,665.8,328.5,116.3,90.8,25.5,377.8,186.8,21,16,11,10,20,0,0,0,0,0,2391.733,4812.992,10209.974,19150.262,31517.228,America/Los_Angeles,34.03202,-118.52633,86.0,34.08241271972656,1.0,0.0,0.624048706240487,0.6225910064239828,0.7804878048780488,0.21951219512195122,0.7807394668959587,0.21926053310404128,1.0,0.0,0.0,21.0,0.0,58.4,1.0,,,,,,,,,,,,,,,,,2026-09-29 01:00:00+00:00,82.01201112988196,7.98798887011805,261.7529465292778,54.3724564972571,169.40038189999896,30.831647001034415,205.0,665.8,45.0,0.624048706240487,0,25.333333333333332,39,99.55,,2026-09-21T12:00Z,,,,,0.2,7.493,0.0412,nasa_power_ml_plus_cams_spectral,7.8,low,22.0,100.0,poor locally,33.5,81.0,50.1,50.1,False,39,61.7,5.9,3,horizontal environmental reference,W,82.0,"sun low 8° (W) — face W, lift torso ~82° toward the sun if comfortable",99.2,False,,,50.0,15.5,15.4,,not specified,Environmental scores are skin-type independent.,not personalized,15.4
2026-09-26T18:00,deterministic,best_match,78.5,45,55.4,77.5,64.2,1010.1,1000.2,79199.48,1,33,0,0,32,0,0.0,0.0,0.0,0.0,6.5,218,8.9,1.15,1.15,3600.0,1,0.0,6.3,0.0,16010.499,738.189,12.4,0.0,0.007,1.83,192.0,124.0,68.0,495.1,341.9,112.4,72.6,39.8,289.7,200.5,20,18,6,3,28,0,0,0,0,0,2529.528,4934.384,10301.837,19192.914,31633.646,America/Los_Angeles,34.03202,-118.52633,86.0,34.08241271972656,1.0,0.0,0.5615677098566833,0.5605985037406485,0.6458333333333334,0.3541666666666667,0.6459074733096084,0.35409252669039143,1.0,0.0,1.4210854715202004e-14,28.0,0.0,54.8,1.0,,,,,,,,,,,,,,,,,2026-09-27 01:00:00+00:00,81.43581388705297,8.564186112947027,262.30056858535045,62.30383139144042,190.0925278831507,33.99577069706325,192.0,495.1,68.0,0.5615677098566833,33,25.833333333333336,45,100.02000000000001,,2026-09-21T12:00Z,,,,,0.2,7.479,0.0492,nasa_power_ml_plus_cams_spectral,8.2,low,22.3,100.0,poor locally,28.6,49.2,35.8,35.8,False,45,64.2,6.5,0,horizontal environmental reference,W,81.4,"sun low 9° (W) — face W, lift torso ~81° toward the sun if comfortable",100.0,False,,,50.0,15.3,15.3,,not specified,Environmental scores are skin-type independent.,not personalized,15.3
2026-09-29T18:00,deterministic,best_match,84.1,26,45.5,80.3,62.0,1004.6,994.9,79199.48,0,0,0,0,0,0,0.0,0.0,0.0,0.0,6.2,221,7.4,1.05,1.05,3600.0,1,0.0,9.2,0.0,16765.092,541.339,9.4,0.0,0.009,2.95,201.0,155.0,46.0,658.9,321.7,112.2,86.5,25.7,367.7,180.0,15,8,4,11,26,0,0,0,0,0,2404.856,4842.52,10255.905,19206.038,31575.438,America/Los_Angeles,34.03202,-118.52633,86.0,34.08241271972656,1.0,0.0,0.6248057196145478,0.6233333333333333,0.7711442786069652,0.22885572139303484,0.7709447415329768,0.22905525846702315,1.0,0.0,0.0,26.0,0.0,58.6,1.0,,,,,,,,,,,,,,,,,2026-09-30 01:00:00+00:00,82.29853149689589,7.701468503104104,261.47917510619754,50.54762028440198,159.05883366648777,29.231893958260784,201.0,658.9,46.0,0.6248057196145478,0,28.944444444444443,26,99.49,,2026-09-21T12:00Z,,,,,0.2,7.418,0.0376,nasa_power_ml_plus_cams_spectral,7.8,low,22.2,100.0,poor locally,32.9,65.6,44.3,44.3,False,26,62.0,6.2,0,horizontal environmental reference,W,82.3,"sun low 8° (W) — face W, lift torso ~82° toward the sun if comfortable",100.0,False,,,50.0,15.3,15.3,,not specified,Environmental scores are skin-type independent.,not personalized,15.3
2026-10-02T18:00,deterministic,best_match,92.5,21,46.9,89.3,65.6,1000.9,991.4,79199.48,0,0,0,0,0,3,0.0,0.0,0.0,0.0,5.4,232,8.5,1.05,1.05,3600.0,1,0.0,6.9,0.0,16830.708,623.36,23.5,0.0,0.008,4.11,175.0,131.0,44.0,595.1,301.7,92.3,69.1,23.2,314.1,159.7,6,9,8,6,6,0,0,0,0,0,2322.835,4793.307,10282.152,19242.126,31771.23,America/Los_Angeles,34.03202,-118.52633,86.0,34.08241271972656,1.0,0.0,0.580046403712297,0.5779586725109581,0.7485714285714286,0.25142857142857145,0.7486457204767063,0.2513542795232936,1.0,0.0,0.0,9.0,0.0,55.7,1.0,,,,,,,,,,,,,,,,,2026-10-03 01:00:00+00:00,83.14985721125547,6.850142788744534,260.6579854738918,39.7180706701641,128.41187749147332,24.40201065153842,175.0,595.1,44.0,0.580046403712297,0,33.611111111111114,21,99.14,,2026-09-21T12:00Z,,,,,0.2,7.218,0.056,nasa_power_ml_plus_cams_spectral,7.7,low,22.8,100.0,poor locally,34.5,73.8,48.3,48.3,False,21,65.6,5.4,3,horizontal environmental reference,W,83.1,"sun low 7° (W) — face W, lift torso ~83° toward the sun if comfortable",99.2,False,,,50.0,15.4,15.3,,not specified,Environmental scores are skin-type independent.,not personalized,15.3
2026-09-30T18:00,deterministic,best_match,92.5,18,42.8,88.1,63.9,1003.3,993.7,79199.48,0,0,0,0,0,3,0.0,0.0,0.0,0.0,5.9,250,11.4,1.05,1.05,3600.0,1,0.0,7.8,0.0,16404.199,1099.081,16.9,0.0,0.009,4.26,189.0,146.0,43.0,634.3,315.0,103.6,80.1,23.6,347.8,173.2,12,28,49,6,4,0,0,0,0,0,2391.733,4849.082,10288.714,19209.318,31691.856,America/Los_Angeles,34.03202,-118.52633,86.0,34.08241271972656,1.0,0.0,0.6,0.5981524249422633,0.7724867724867724,0.2275132275132275,0.7731660231660231,0.22779922779922782,1.0,0.0,-0.09999999999999432,49.0,0.0,57.1,1.0,,,,,,,,,,,,,,,,,2026-10-01 01:00:00+00:00,82.58378681040236,7.416213189597646,261.20542325128594,46.825731012516286,148.75860022430365,27.624534970728018,189.0,634.3,43.0,0.6,0,33.611111111111114,18,99.37,,2026-09-21T12:00Z,,,,,0.2,7.246,0.0553,nasa_power_ml_plus_cams_spectral,7.7,low,22.3,100.0,poor locally,32.9,66.7,44.7,44.7,False,18,63.9,5.9,3,horizontal environmental reference,W,82.6,"sun low 7° (W) — face W, lift torso ~83° toward the sun if comfortable",99.2,False,,,50.0,15.2,15.1,,not specified,Environmental scores are skin-type independent.,not personalized,15.1
2026-10-01T18:00,deterministic,best_match,95.3,19,46.5,91.2,66.3,999.3,989.8,79199.48,0,0,0,0,0,2,0.0,0.0,0.0,0.0,7.4,254,11.4,1.05,1.05,3600.0,1,0.0,5.6,0.0,16765.092,1295.932,24.0,0.0,0.011,4.59,179.0,135.0,44.0,599.6,308.3,96.3,72.7,23.7,322.7,166.4,12,25,52,3,14,0,0,0,0,0,2293.307,4760.499,10232.939,19189.632,31734.19,America/Los_Angeles,34.03202,-118.52633,86.0,34.08241271972656,1.0,0.0,0.58060330846578,0.5787259615384615,0.7541899441340782,0.24581005586592178,0.754932502596054,0.24610591900311526,1.0,0.0,-0.10000000000000853,52.0,0.0,56.2,1.0,,,,,,,,,,,,,,,,,2026-10-02 01:00:00+00:00,82.86761591825858,7.132384081741427,260.9316913674246,43.21361339533258,138.5315262320215,26.013216075713252,179.0,599.6,44.0,0.58060330846578,0,35.166666666666664,19,98.97999999999999,,2026-09-21T12:00Z,,,,,0.2,7.213,0.0584,nasa_power_ml_plus_cams_spectral,7.7,low,22.5,100.0,poor locally,33.2,66.7,44.9,44.9,False,19,66.3,7.4,2,horizontal environmental reference,W,82.9,"sun low 7° (W) — face W, lift torso ~83° toward the sun if comfortable",99.5,False,,,50.0,15.2,15.1,,not specified,Environmental scores are skin-type independent.,not personalized,15.1
2026-09-25T18:00,deterministic,best_match,77.2,56,60.3,78.2,66.2,1009.6,999.7,79199.48,3,100,0,0,100,0,0.0,0.0,0.0,0.0,5.7,222,8.3,1.05,1.1,3600.0,1,0.0,3.1,0.0,15780.84,656.168,19.8,0.0,0.006,1.4,191.0,122.0,69.0,477.4,348.6,113.4,72.4,41.0,283.4,207.3,28,23,13,30,72,0,0,0,0,0,2513.123,4937.664,10314.961,19189.632,31517.228,America/Los_Angeles,34.03202,-118.52633,86.0,34.08241271972656,0.9545454545454545,0.045454545454545525,0.5479059093516925,0.5470332850940666,0.6387434554973822,0.3612565445026178,0.6384479717813051,0.36155202821869487,1.0,0.0,0.0,72.0,0.0,53.1,1.0,19.4,15.1,135.5,440.0,8.6,4.1,98.0,1366.0,0.08,2.0,0.15,0.15,83.0,83.0,29.0,41.0,2026-09-26 01:00:00+00:00,81.14645221940238,8.853547780597617,262.5744357200299,66.3969857287422,200.3919081504109,35.554796831656645,191.0,477.4,69.0,0.5479059093516925,100,25.111111111111114,56,99.97,0.08,2026-09-21T12:00Z,0.13567846,0.1250676,288.82828,0.16367084,0.16367084,7.469,0.0309,nasa_power_ml_plus_cams_spectral,7.8,low,21.4,100.0,poor locally,27.9,52.8,36.6,36.6,False,56,66.2,5.7,0,horizontal environmental reference,W,81.1,"sun low 9° (W) — face W, lift torso ~81° toward the sun if comfortable",100.0,False,,,50.0,14.8,14.8,,not specified,Environmental scores are skin-type independent.,not personalized,14.8
2026-09-21T10:00,deterministic,best_match,69.9,79,63.1,72.5,65.2,1014.4,1004.3,58398.948,2,55,53,55,0,1,0.0,0.0,0.0,0.0,4.9,246,6.7,1.8,3.55,3600.0,1,70.0,0.4,244.0,12992.126,2739.501,24.4,0.0,0.007,0.52,258.8,138.8,120.0,255.0,738.5,296.3,158.9,137.4,292.0,845.6,88,73,51,10,26,16,0,0,0,0,2601.706,4924.541,10229.659,18956.694,31051.56,America/Los_Angeles,34.03202,-118.52633,86.0,34.08241271972656,0.5070422535211268,0.49295774647887325,0.3504400812457685,0.35040208136234624,0.536321483771252,0.46367851622874806,0.5362807964900439,0.4637192035099561,1.0,0.0,0.0,88.0,16.0,42.7,1.0,16.9,13.4,150.0,449.0,17.2,5.7,65.0,1418.0,0.24,1.0,2.05,3.9,63.0,63.0,18.0,26.0,2026-09-21 17:00:00+00:00,51.45906561263594,38.54093438736406,121.61428920632261,568.4154468030333,721.44556712859,118.90175708652009,258.8,255.0,120.0,0.3504400812457685,55,21.05555555555556,79,100.42999999999999,0.24,2026-09-21T12:00Z,0.17156115,0.16153845,274.36554,0.16534996,0.16534996,16.571,0.3966,nasa_power_ml_plus_cams_spectral,15.6,low,35.6,1.1,below typical locally,20.5,38.8,26.9,26.9,False,79,65.2,4.9,1,horizontal environmental reference,ESE,51.5,"sun 39° up (ESE) — lay flat, or lift torso ~52° toward ESE to face it",99.8,False,,,50.0,14.7,14.7,,not specified,Environmental scores are skin-type independent.,not personalized,14.7
2026-10-04T18:00,deterministic,best_match,84.7,39,57.0,84.9,67.4,1003.3,993.6,79199.48,0,0,0,0,0,0,0.0,0.0,0.0,0.0,4.9,210,11.4,0.9,0.9,3600.0,1,0.0,6.3,0.0,17519.686,541.339,17.1,0.0,0.007,2.48,168.0,126.0,42.0,599.4,288.4,84.9,63.7,21.2,303.0,146.3,8,9,7,7,8,0,0,0,0,0,2372.047,4835.958,10305.118,19278.214,31750.062,America/Los_Angeles,34.03202,-118.52633,86.0,34.08241271972656,1.0,0.0,0.5825242718446603,0.5803144224196856,0.75,0.25,0.7502944640753828,0.24970553592461717,1.0,0.0,0.0,9.0,0.0,55.3,1.0,,,,,,,,,,,,,,,,,2026-10-05 01:00:00+00:00,83.70893182049342,6.291068179506587,260.11070491966257,33.10349002151675,108.64310769184706,21.19844764848589,168.0,599.4,42.0,0.5825242718446603,0,29.277777777777782,39,99.36,,2026-09-21T12:00Z,,,,,0.2,7.084,0.0493,nasa_power_ml_plus_cams_spectral,7.1,low,21.8,100.0,poor locally,33.7,79.7,49.8,49.8,False,39,67.4,4.9,0,horizontal environmental reference,W,83.7,"sun low 6° (W) — face W, lift torso ~84° toward the sun if comfortable",100.0,False,,,50.0,14.7,14.7,,not specified,Environmental scores are skin-type independent.,not personalized,14.7
2026-10-03T18:00,deterministic,best_match,80.0,51,60.2,81.0,67.2,1005.0,995.2,79199.48,0,0,0,0,0,0,0.0,0.0,0.0,0.0,5.7,206,11.4,0.9,0.9,3600.0,1,0.0,3.5,0.0,15649.606,606.955,27.7,0.0,0.006,1.71,162.0,118.0,44.0,548.5,295.0,83.7,61.0,22.7,283.5,153.0,5,7,3,11,4,0,0,0,0,0,2404.856,4865.486,10347.77,19258.532,31808.272,America/Los_Angeles,34.03202,-118.52633,86.0,34.08241271972656,1.0,0.0,0.5491525423728814,0.5470588235294118,0.7283950617283951,0.2716049382716049,0.7287933094384706,0.27120669056152924,1.0,0.0,0.0,11.0,0.0,54.0,1.0,,,,,,,,,,,,,,,,,2026-10-04 01:00:00+00:00,83.43034934012223,6.569650659877772,260.3843174754645,36.34583129959824,118.43620033910373,22.795433234561706,162.0,548.5,44.0,0.5491525423728814,0,26.666666666666668,51,99.52000000000001,,2026-09-21T12:00Z,,,,,0.2,6.855,0.0442,nasa_power_ml_plus_cams_spectral,7.0,low,21.3,100.0,poor locally,34.7,75.7,49.1,49.1,False,51,67.2,5.7,0,horizontal environmental reference,W,83.4,"sun low 7° (W) — face W, lift torso ~83° toward the sun if comfortable",100.0,False,,,50.0,14.5,14.5,,not specified,Environmental scores are skin-type independent.,not personalized,14.5
2026-09-28T08:00,deterministic,best_match,71.9,43,48.2,70.5,58.2,1009.2,999.2,79199.48,0,0,0,0,0,4,0.0,0.0,0.0,0.0,2.2,225,0.9,0.6,0.6,3600.0,1,0.0,10.3,0.0,15846.457,360.892,9.4,0.0,0.003,1.53,102.0,72.0,30.0,494.0,191.8,177.8,125.5,52.3,860.9,334.9,29,20,14,4,12,0,0,0,0,0,2463.911,4842.52,10200.131,19091.208,31384.938,America/Los_Angeles,34.03202,-118.52633,86.0,34.08241271972656,1.0,0.0,0.5318039624608968,0.5309047476858765,0.7058823529411765,0.29411764705882354,0.7058492688413948,0.2941507311586051,1.0,0.0,0.0,29.0,0.0,64.5,1.0,,,,,,,,,,,,,,,,,2026-09-28 15:00:00+00:00,75.71293784543745,14.287062154562548,102.63704154533963,153.56057147507403,374.28753889921956,61.193819668570185,102.0,494.0,30.0,0.5318039624608968,0,22.16666666666667,43,99.92,,2026-09-21T12:00Z,,,,,0.2,5.692,0.033,nasa_power_ml_plus_cams_spectral,5.3,low,18.5,47.0,poor locally,38.2,58.1,45.2,45.2,False,43,58.2,2.2,4,horizontal environmental reference,ESE,75.7,"sun low 14° (ESE) — face ESE, lift torso ~76° toward the sun if comfortable",98.8,False,,,50.0,11.0,10.9,,not specified,Environmental scores are skin-type independent.,not personalized,10.9
2026-10-03T08:00,deterministic,best_match,78.8,53,60.2,80.9,66.8,1006.0,996.2,79199.48,0,0,0,0,0,0,0.0,0.0,0.0,0.0,3.1,180,8.7,0.55,0.55,3600.0,1,0.0,3.3,0.0,15452.756,295.276,29.3,0.0,0.003,1.58,84.0,57.0,27.0,410.9,173.9,152.7,103.6,49.1,747.0,317.0,5,5,7,31,4,0,0,0,0,0,2427.822,4885.171,10364.173,19274.934,31813.564,America/Los_Angeles,34.03202,-118.52633,86.0,34.08241271972656,1.0,0.0,0.48303622771707877,0.48170347003154573,0.6785714285714286,0.32142857142857145,0.6784544859201048,0.32154551407989523,1.0,0.0,0.0,31.0,0.0,61.4,1.0,,,,,,,,,,,,,,,,,2026-10-03 15:00:00+00:00,76.52746174669883,13.472538253301167,104.49378224413101,140.12598640567717,352.4391382118587,58.01496896578662,84.0,410.9,27.0,0.48303622771707877,0,26.0,53,99.62,,2026-09-21T12:00Z,,,,,0.2,5.348,0.044,nasa_power_ml_plus_cams_spectral,4.9,low,18.3,47.5,poor locally,47.5,71.5,55.9,55.9,False,53,66.8,3.1,0,horizontal environmental reference,ESE,76.5,"sun low 13° (ESE) — face ESE, lift torso ~76° toward the sun if comfortable",100.0,False,,,50.0,10.8,10.8,,not specified,Environmental scores are skin-type independent.,not personalized,10.8
2026-09-27T08:00,deterministic,best_match,72.3,56,55.7,73.5,61.9,1011.8,1001.8,79199.48,0,0,0,0,0,1,0.0,0.0,0.0,0.0,1.5,243,1.6,0.6,0.6,3600.0,1,0.0,6.0,0.0,15321.522,295.276,12.0,0.0,0.002,1.19,105.0,75.0,30.0,509.8,195.2,181.6,129.7,51.9,881.7,338.4,28,18,7,3,8,0,0,0,0,0,2549.213,4927.822,10272.31,19127.296,31432.564,America/Los_Angeles,34.03202,-118.52633,86.0,34.08241271972656,1.0,0.0,0.5379098360655739,0.5366430260047281,0.7142857142857143,0.2857142857142857,0.7142070484581498,0.28579295154185025,1.0,0.0,0.0,28.0,0.0,65.3,1.0,,,,,,,,,,,,,,,,,2026-09-27 15:00:00+00:00,75.55384128892554,14.446158711074457,102.26091846480881,156.1941695254461,378.404077627255,61.79365970996528,105.0,509.8,30.0,0.5379098360655739,0,22.38888888888889,56,100.17999999999999,,2026-09-21T12:00Z,,,,,0.2,5.777,0.0341,nasa_power_ml_plus_cams_spectral,5.3,low,18.5,46.5,poor locally,34.1,45.7,38.2,38.2,False,56,61.9,1.5,1,horizontal environmental reference,ESE,75.6,"sun low 14° (ESE) — face ESE, lift torso ~76° toward the sun if comfortable",99.8,False,,,50.0,10.7,10.7,,not specified,Environmental scores are skin-type independent.,not personalized,10.7
2026-10-04T08:00,deterministic,best_match,76.4,57,60.1,79.4,65.8,1006.9,997.0,79199.48,0,0,0,0,0,2,0.0,0.0,0.0,0.0,1.0,207,10.7,0.55,0.55,3600.0,1,0.0,5.0,0.0,16305.774,295.276,21.7,0.0,0.002,1.34,84.0,57.0,27.0,415.3,170.3,154.1,104.6,49.5,762.1,313.3,7,8,4,4,8,0,0,0,0,0,2440.945,4885.171,10344.488,19255.25,31691.856,America/Los_Angeles,34.03202,-118.52633,86.0,34.08241271972656,1.0,0.0,0.49324721080446265,0.4918608362591765,0.6785714285714286,0.32142857142857145,0.6787800129785854,0.3212199870214147,1.0,0.0,0.0,8.0,0.0,61.6,1.0,,,,,,,,,,,,,,,,,2026-10-04 15:00:00+00:00,76.6942536537702,13.305746346229789,104.85940314769215,137.3871769586419,347.8034292097954,57.34114332470702,84.0,415.3,27.0,0.49324721080446265,0,24.66666666666667,57,99.7,,2026-09-21T12:00Z,,,,,0.2,5.259,0.0404,nasa_power_ml_plus_cams_spectral,4.9,low,18.4,48.2,poor locally,47.6,68.3,54.8,54.8,False,57,65.8,1.0,2,horizontal environmental reference,ESE,76.7,"sun low 13° (ESE) — face ESE, lift torso ~77° toward the sun if comfortable",99.5,False,,,50.0,10.8,10.7,,not specified,Environmental scores are skin-type independent.,not personalized,10.7
2026-09-29T08:00,deterministic,best_match,77.5,23,36.8,72.6,56.1,1006.0,996.2,79199.48,0,0,0,0,0,2,0.0,0.0,0.0,0.0,4.5,340,2.0,0.55,0.55,3600.0,1,0.0,14.8,0.0,16765.092,82.021,9.2,0.0,0.005,2.48,102.0,72.0,30.0,498.7,188.3,179.2,126.5,52.7,875.9,331.4,18,14,11,13,18,0,0,0,0,0,2421.26,4845.801,10246.063,19199.474,31559.562,America/Los_Angeles,34.03202,-118.52633,86.0,34.08241271972656,1.0,0.0,0.5416887944768985,0.5407362703681352,0.7058823529411765,0.29411764705882354,0.7059151785714286,0.29408482142857145,1.0,0.0,0.0,18.0,0.0,64.8,1.0,,,,,,,,,,,,,,,,,2026-09-29 15:00:00+00:00,75.87327862516099,14.126721374839004,103.01175370038663,150.9091478115739,370.08933683620745,60.58243880696564,102.0,498.7,30.0,0.5416887944768985,0,25.27777777777778,23,99.62,,2026-09-21T12:00Z,,,,,0.2,5.567,0.0279,nasa_power_ml_plus_cams_spectral,5.1,low,18.3,46.4,poor locally,41.4,46.6,43.2,43.2,False,23,56.1,4.5,2,horizontal environmental reference,ESE,75.9,"sun low 14° (ESE) — face ESE, lift torso ~76° toward the sun if comfortable",99.5,False,,,50.0,10.6,10.5,,not specified,Environmental scores are skin-type independent.,not personalized,10.5
2026-09-24T08:00,deterministic,best_match,71.4,76,63.4,75.4,65.9,1011.5,1001.5,79199.48,0,0,0,0,0,0,0.0,0.0,0.0,0.0,2.1,193,1.8,0.5,0.5,3600.0,1,0.0,1.0,160.0,13517.061,508.53,24.5,0.0,0.002,0.63,103.0,70.0,33.0,460.9,205.5,174.4,118.5,55.9,780.4,348.7,42,26,42,9,10,0,0,0,0,0,2542.651,4957.349,10344.488,19127.296,31358.478,America/Los_Angeles,34.03202,-118.52633,86.0,34.08241271972656,1.0,0.0,0.5012165450121655,0.5001433897332951,0.6796116504854369,0.32038834951456313,0.6794724770642202,0.3205275229357798,1.0,0.0,0.0,42.0,0.0,62.3,1.0,46.7,43.3,261.0,502.0,60.6,5.1,7.0,1665.0,0.26,2.0,0.6,0.6,85.0,85.0,30.0,1.0,2026-09-24 15:00:00+00:00,75.08375024479524,14.916249755204754,101.12541899375083,163.98952095233346,390.28556464996916,63.52733987600712,103.0,460.9,33.0,0.5012165450121655,0,21.888888888888893,76,100.15,0.26,2026-09-21T12:00Z,0.12906392,0.12134312,281.77063,0.16348869,0.16348869,5.608,0.0352,nasa_power_ml_plus_cams_spectral,4.9,low,17.9,43.3,poor locally,38.4,63.5,47.2,47.2,False,76,65.9,2.1,0,horizontal environmental reference,E,75.1,"sun low 15° (E) — face E, lift torso ~75° toward the sun if comfortable",100.0,False,,,50.0,10.4,10.4,,not specified,Environmental scores are skin-type independent.,not personalized,10.4
2026-10-02T08:00,deterministic,best_match,86.5,17,36.5,81.6,59.4,1001.4,991.8,79199.48,0,0,0,0,0,1,0.0,0.0,0.0,0.0,4.5,6,9.6,0.55,0.55,3600.0,1,0.0,12.6,0.0,16830.708,98.425,20.9,0.0,0.005,3.58,90.0,63.0,27.0,449.5,177.5,162.1,113.5,48.6,809.8,320.6,11,15,8,6,4,0,0,0,0,0,2322.835,4780.184,10249.344,19199.474,31686.562,America/Los_Angeles,34.03202,-118.52633,86.0,34.08241271972656,1.0,0.0,0.5070422535211268,0.5056144728633811,0.7,0.3,0.7001850709438618,0.2998149290561382,1.0,0.0,0.0,15.0,0.0,63.3,1.0,,,,,,,,,,,,,,,,,2026-10-02 15:00:00+00:00,76.36196969552911,13.638030304470892,104.12607090203323,142.84800213692876,356.98401178446795,58.67574002320458,90.0,449.5,27.0,0.5070422535211268,0,30.27777777777778,17,99.17999999999999,,2026-09-21T12:00Z,,,,,0.2,5.196,0.0346,nasa_power_ml_plus_cams_spectral,4.8,low,18.1,46.3,poor locally,44.8,48.0,45.9,45.9,False,17,59.4,4.5,1,horizontal environmental reference,ESE,76.4,"sun low 14° (ESE) — face ESE, lift torso ~76° toward the sun if comfortable",99.8,False,,,50.0,10.3,10.3,,not specified,Environmental scores are skin-type independent.,not personalized,10.3
2026-09-23T08:00,deterministic,best_match,65.3,93,63.2,69.5,63.7,1012.8,1002.7,40354.332,1,46,46,0,0,0,0.0,0.0,0.0,0.0,1.0,27,2.2,0.55,0.55,3600.0,1,0.0,3.9,0.0,14435.695,328.084,19.4,0.0,0.002,0.15,112.0,52.0,60.0,338.2,208.9,188.7,87.6,101.1,570.0,352.1,28,26,23,6,8,0,0,0,0,0,2575.459,4993.439,10351.05,19156.824,31411.396,America/Los_Angeles,34.03202,-118.52633,86.0,34.08241271972656,1.0,0.0,0.5361416945907133,0.5359272933825617,0.4642857142857143,0.5357142857142857,0.4642289348171701,0.5357710651828299,1.0,0.0,0.0,28.0,0.0,53.8,1.0,41.4,39.0,251.0,492.0,53.3,4.5,6.0,1689.0,0.23,1.0,0.6,0.6,79.0,79.0,26.0,0.0,2026-09-23 15:00:00+00:00,74.92936267313627,15.070637326863732,100.74498545656672,166.5534624183391,394.0971446626355,64.08438460281045,112.0,338.2,60.0,0.5361416945907133,46,18.5,93,100.27000000000001,0.23,2026-09-21T12:00Z,0.19066603,0.17706087,284.4313,0.1640895,0.1640895,6.083,0.041,nasa_power_ml_plus_cams_spectral,5.3,low,18.3,44.7,poor locally,45.9,49.9,47.3,47.3,False,93,63.7,1.0,0,horizontal environmental reference,E,74.9,"sun low 15° (E) — face E, lift torso ~75° toward the sun if comfortable",91.8,False,,cold,50.0,11.0,10.1,,not specified,Environmental scores are skin-type independent.,not personalized,10.1
2026-09-22T08:00,deterministic,best_match,66.9,79,60.1,69.1,62.2,1013.1,1003.0,60039.372,0,3,1,0,0,0,0.0,0.0,0.0,0.0,2.8,331,3.1,0.55,0.55,3600.0,1,0.0,3.9,0.0,13746.72,738.189,23.9,0.0,0.002,0.47,101.0,56.3,44.8,359.9,212.3,169.1,94.2,74.9,602.5,355.4,78,45,31,7,6,0,0,0,0,0,2562.336,4924.541,10252.625,19022.31,31231.478,America/Los_Angeles,34.03202,-118.52633,86.0,34.08241271972656,1.0,0.0,0.47574187470560525,0.475801913337085,0.5574257425742574,0.4435643564356435,0.5570668243642816,0.44293317563571855,1.0,-0.09999999999999432,-2.842170943040401e-14,78.0,0.0,56.6,1.0,44.5,41.8,264.0,494.0,60.8,6.2,8.0,1610.0,0.36,1.0,0.6,0.6,66.0,66.0,19.0,6.0,2026-09-22 15:00:00+00:00,74.7760879929913,15.223912007008702,100.36380649233996,169.1004653355443,397.8376497897013,64.63152141588054,101.0,359.9,44.8,0.47574187470560525,3,19.388888888888893,79,100.3,0.36,2026-09-21T12:00Z,0.2945404,0.2738859,285.2361,0.16470462,0.16470462,5.518,0.0349,nasa_power_ml_plus_cams_spectral,5.0,low,18.0,43.1,poor locally,42.2,58.0,47.7,47.7,False,79,62.2,2.8,0,horizontal environmental reference,E,74.8,"sun low 15° (E) — face E, lift torso ~75° toward the sun if comfortable",96.6,False,,cold,50.0,10.5,10.1,,not specified,Environmental scores are skin-type independent.,not personalized,10.1
2026-09-26T08:00,deterministic,best_match,74.1,58,58.4,76.5,64.0,1011.7,1001.7,79199.48,2,63,0,0,54,0,0.0,0.0,0.0,0.0,0.9,284,1.3,0.5,0.5,3600.0,1,0.0,6.0,0.0,16108.924,213.255,15.6,0.0,0.002,1.21,98.0,61.0,37.0,410.8,198.7,168.3,104.7,63.5,705.4,341.9,30,27,7,14,96,0,0,0,0,8,2559.055,4960.63,10321.522,19209.318,31596.606,America/Los_Angeles,34.03202,-118.52633,86.0,34.08241271972656,1.0,0.0,0.4932058379466533,0.492249195671249,0.6224489795918368,0.37755102040816324,0.6221033868092691,0.37730243612596553,1.0,0.0,0.10000000000002274,96.0,8.0,59.8,1.0,,,,,,,,,,,,,,,,,2026-09-26 15:00:00+00:00,75.39596283188118,14.604037168118824,101.88351830706796,158.8100717759488,382.4411418070637,62.38230147163634,98.0,410.8,37.0,0.4932058379466533,63,23.388888888888886,58,100.17,,2026-09-21T12:00Z,,,,,0.2,5.574,0.0443,nasa_power_ml_plus_cams_spectral,4.9,low,18.0,44.1,poor locally,36.8,41.7,38.5,38.5,False,58,64.0,0.9,0,horizontal environmental reference,ESE,75.4,"sun low 15° (ESE) — face ESE, lift torso ~75° toward the sun if comfortable",100.0,False,,,50.0,10.1,10.1,,not specified,Environmental scores are skin-type independent.,not personalized,10.1
2026-09-30T08:00,deterministic,best_match,80.0,19,34.1,75.2,56.1,1006.7,996.9,79199.48,0,0,0,0,0,2,0.0,0.0,0.0,0.0,3.1,291,2.9,0.55,0.55,3600.0,1,0.0,14.1,0.0,16469.816,49.213,15.1,0.0,0.004,2.84,96.0,69.0,27.0,482.6,184.7,170.0,122.2,47.8,854.6,327.9,14,9,53,10,12,0,0,0,0,0,2450.787,4885.171,10301.837,19225.722,31628.354,America/Los_Angeles,34.03202,-118.52633,86.0,34.08241271972656,1.0,0.0,0.5197617758527342,0.5184507471790181,0.71875,0.28125,0.7188235294117648,0.28117647058823525,1.0,0.0,0.0,53.0,0.0,64.5,1.0,,,,,,,,,,,,,,,,,2026-09-30 15:00:00+00:00,76.03488654065956,13.965113459340444,103.38492005098203,148.23984910155502,365.8073380992539,59.95917926685057,96.0,482.6,27.0,0.5197617758527342,0,26.666666666666668,19,99.69,,2026-09-21T12:00Z,,,,,0.2,5.164,0.0272,nasa_power_ml_plus_cams_spectral,4.8,low,18.0,45.5,poor locally,40.9,51.0,44.4,44.4,False,19,56.1,3.1,2,horizontal environmental reference,ESE,76.0,"sun low 14° (ESE) — face ESE, lift torso ~76° toward the sun if comfortable",99.5,False,,,50.0,10.2,10.1,,not specified,Environmental scores are skin-type independent.,not personalized,10.1
2026-10-01T08:00,deterministic,best_match,85.1,16,33.9,78.9,57.9,1002.6,992.9,79199.48,0,0,0,0,0,1,0.0,0.0,0.0,0.0,6.2,345,3.6,0.55,0.55,3600.0,1,0.0,13.1,0.0,16568.242,147.638,22.9,0.0,0.007,3.46,90.0,63.0,27.0,445.0,181.1,160.7,112.5,48.2,794.7,324.3,15,31,56,4,10,0,0,0,0,0,2358.924,4812.992,10259.187,19186.352,31723.604,America/Los_Angeles,34.03202,-118.52633,86.0,34.08241271972656,1.0,0.0,0.4969630038652678,0.4955288313290163,0.7,0.3,0.7000622277535782,0.29993777224642193,1.0,0.0,0.0,56.0,0.0,62.8,1.0,,,,,,,,,,,,,,,,,2026-10-01 15:00:00+00:00,76.19777961304501,13.802220386954978,103.7564046572221,145.55273606353362,361.4395189951567,59.32371538728182,90.0,445.0,27.0,0.4969630038652678,0,29.499999999999996,16,99.28999999999999,,2026-09-21T12:00Z,,,,,0.2,5.157,0.0303,nasa_power_ml_plus_cams_spectral,4.8,low,18.1,45.9,poor locally,41.4,39.0,40.6,40.6,False,16,57.9,6.2,1,horizontal environmental reference,ESE,76.2,"sun low 14° (ESE) — face ESE, lift torso ~76° toward the sun if comfortable",99.8,False,,,50.0,10.1,10.1,,not specified,Environmental scores are skin-type independent.,not personalized,10.1
2026-09-25T08:00,deterministic,best_match,71.9,72,62.4,75.7,65.5,1012.0,1002.0,79199.48,3,100,0,0,100,0,0.0,0.0,0.0,0.0,1.4,198,1.6,0.4,0.5,3600.0,1,0.0,2.8,0.0,15387.14,377.297,23.0,0.0,0.002,0.75,64.0,31.0,33.0,206.9,202.1,109.1,52.8,56.3,352.7,345.3,44,27,38,7,92,0,0,0,0,32,2559.055,4963.911,10337.927,19166.666,31474.894,America/Los_Angeles,34.03202,-118.52633,86.0,34.08241271972656,0.8,0.19999999999999996,0.3166749134092034,0.3159571387199536,0.484375,0.515625,0.48395967002749773,0.5160403299725023,1.0,0.0,0.0,92.0,32.0,43.2,1.0,42.6,40.4,148.0,458.0,55.1,3.7,7.0,1425.0,0.18,1.0,0.65,0.65,86.0,86.0,30.0,1.0,2026-09-25 15:00:00+00:00,75.23927493849312,14.760725061506875,101.5049742094941,161.4084563279388,386.4009217772922,62.960084653917605,64.0,206.9,33.0,0.3166749134092034,100,22.16666666666667,72,100.2,0.18,2026-09-21T12:00Z,0.1452904,0.13485599,285.90402,0.16288728,0.16288728,4.42,0.0371,nasa_power_ml_plus_cams_spectral,3.9,low,16.1,35.9,poor locally,38.3,40.9,39.2,39.2,False,72,65.5,1.4,0,horizontal environmental reference,ESE,75.2,"sun low 15° (ESE) — face ESE, lift torso ~75° toward the sun if comfortable",100.0,False,,,50.0,8.5,8.5,,not specified,Environmental scores are skin-type independent.,not personalized,8.5
2026-09-21T09:00,deterministic,best_match,69.2,73,60.2,71.6,63.1,1014.2,1004.1,68241.472,3,96,96,18,6,3,0.0,0.0,0.0,0.0,2.6,211,6.7,0.7,1.85,0.0,1,50.0,1.6,0.0,13156.168,4117.454,22.9,0.0,0.003,0.66,93.8,18.8,75.0,51.6,493.6,118.3,23.7,94.7,65.1,623.1,90,79,43,9,44,24,4,0,0,0,2595.144,4917.979,10223.098,18953.412,31040.978,America/Los_Angeles,34.03202,-118.52633,86.0,34.08241271972656,0.37837837837837834,0.6216216216216217,0.19003241491085898,0.1898571657839833,0.2004264392324094,0.7995735607675907,0.2003381234150465,0.8005071851225698,0.0,0.0,-0.10000000000000853,90.0,24.0,11.0,1.0,18.3,15.1,158.0,452.0,21.8,5.3,55.0,1446.0,0.28,1.0,0.75,1.9,63.0,63.0,18.0,26.0,2026-09-21 16:00:00+00:00,62.64887016481578,27.351129835184217,109.67327805727246,382.4443898428614,616.9537752226655,98.98969163340661,93.8,51.6,75.0,0.19003241491085898,96,20.666666666666668,73,100.41,0.28,2026-09-21T12:00Z,0.16928329,0.15968296,273.72134,0.16534996,0.16534996,6.726,0.166,nasa_power_ml_plus_cams_spectral,6.2,low,19.3,0.3,poor locally,19.8,48.3,29.8,29.8,False,73,63.1,2.6,3,horizontal environmental reference,ESE,62.6,"sun low 27° (ESE) — face ESE, lift torso ~63° toward the sun if comfortable",99.2,False,,,50.0,6.9,6.8,,not specified,Environmental scores are skin-type independent.,not personalized,6.8
2026-09-21T08:00,deterministic,best_match,68.4,71,58.6,70.6,61.9,1013.9,1003.8,69881.888,3,100,100,11,94,1,0.0,0.0,0.0,0.0,1.6,188,4.9,0.2,0.55,0.0,1,40.0,1.8,5.0,13320.21,3756.562,23.2,0.0,0.001,0.69,13.5,0.3,13.3,1.6,215.6,22.5,0.4,22.0,2.6,358.7,94,70,34,10,52,41,0,0,0,0,2585.302,4904.856,10223.098,18956.694,31025.102,America/Los_Angeles,34.03202,-118.52633,86.0,34.08241271972656,0.36363636363636365,0.6363636363636364,0.06261595547309833,0.06272651240591023,0.022222222222222223,0.9851851851851853,0.017777777777777778,0.9777777777777777,0.0,-0.10000000000000142,0.10000000000000142,94.0,41.0,2.7,1.0,21.2,18.4,162.0,454.0,24.4,4.8,50.0,1462.0,0.29,1.0,0.3,0.6,64.0,64.0,18.0,27.0,2026-09-21 15:00:00+00:00,74.62390391282128,15.376096087178716,99.98201509305687,171.63069914643597,401.5089813201475,65.16903815754786,13.5,1.6,13.3,0.06261595547309833,100,20.222222222222225,71,100.38,0.29,2026-09-21T12:00Z,0.16040584,0.15134877,273.59525,0.16530514,0.16530514,2.514,0.0,nasa_power_ml_plus_cams_spectral,2.1,low,7.5,1.1,poor locally,19.7,55.9,32.4,32.4,False,71,61.9,1.6,1,horizontal environmental reference,E,74.6,"sun low 15° (E) — face E, lift torso ~75° toward the sun if comfortable",99.8,False,,,50.0,3.6,3.6,,not specified,Environmental scores are skin-type independent.,not personalized,3.6
2026-10-04T07:00,deterministic,best_match,75.1,60,60.3,78.4,65.4,1006.8,996.9,79199.48,0,0,0,0,0,1,0.0,0.0,0.0,0.0,0.5,207,10.7,0.0,0.0,0.0,1,0.0,4.7,0.0,16338.583,246.063,22.4,0.0,0.001,1.19,0.0,0.0,0.0,0.0,1.0,0.0,0.0,0.0,0.0,24.8,7,8,4,4,6,0,0,0,0,0,2434.383,4875.328,10337.927,19248.688,31691.856,America/Los_Angeles,34.03202,-118.52633,86.0,34.08241271972656,,,0.0,0.0,,,,,0.0,0.0,0.0,8.0,0.0,0.0,0.75,,,,,,,,,,,,,,,,,2026-10-04 14:00:00+00:00,88.61395901542609,1.3860409845739161,96.13030544291422,0.6722753766990812,1.847462964288253,0.6275877982433251,0.0,0.0,0.0,,0,23.944444444444443,60,99.69,,2026-09-21T12:00Z,,,,,0.2,0.927,0.0136,nasa_power_ml_plus_cams_spectral,0.5,low,0.9,7.3,poor locally,33.5,89.8,53.2,53.2,False,60,65.4,0.5,1,horizontal environmental reference,E,88.6,"sun low 1° (E) — face E, lift torso ~89° toward the sun if comfortable",99.8,False,,,50.0,1.4,1.4,,not specified,Environmental scores are skin-type independent.,not personalized,1.4
2026-09-21T07:00,deterministic,best_match,68.0,70,57.8,69.9,61.3,1013.5,1003.4,74803.152,3,100,100,0,0,0,0.0,0.0,0.0,0.0,1.5,117,3.6,0.0,0.0,0.0,1,10.0,1.7,15.0,13517.061,2181.759,22.9,0.0,0.001,0.7,0.8,0.5,0.3,9.6,8.4,6.3,4.2,2.1,80.0,70.3,97,70,34,13,20,58,0,0,0,0,2575.459,4901.575,10223.098,18959.974,31051.56,America/Los_Angeles,34.03202,-118.52633,86.0,34.08241271972656,,,0.09523809523809523,0.08961593172119488,0.625,0.37499999999999994,0.6666666666666667,0.33333333333333337,0.0,0.0,-8.881784197001252e-16,97.0,58.0,7.1,0.85,21.6,18.8,158.0,453.0,23.2,4.4,51.0,1458.0,0.28,1.0,0.05,0.05,65.0,65.0,18.0,28.0,2026-09-21 14:00:00+00:00,86.80933844388552,3.190661556114483,91.33876727804841,6.289466150971999,20.378679308801942,5.155213889856944,0.8,9.6,0.3,0.09523809523809523,100,20.0,70,100.34,0.28,2026-09-21T12:00Z,0.15446481,0.14538893,273.59943,0.16542178,0.16542178,0.752,0.0,nasa_power_ml_plus_cams_spectral,0.4,low,1.1,7.8,poor locally,19.3,66.2,35.7,35.7,False,70,61.3,1.5,0,horizontal environmental reference,E,86.8,"sun low 3° (E) — face E, lift torso ~87° toward the sun if comfortable",100.0,False,,,50.0,1.2,1.2,,not specified,Environmental scores are skin-type independent.,not personalized,1.2
2026-09-24T07:00,deterministic,best_match,70.1,80,63.7,73.9,65.6,1011.1,1001.1,79199.48,0,0,0,0,0,0,0.0,0.0,0.0,0.0,2.7,204,1.6,0.0,0.0,0.0,1,0.0,1.2,158.0,13451.443,344.488,25.4,0.0,0.0,0.5,2.0,1.0,1.0,19.1,6.1,19.3,9.7,9.7,184.4,60.1,42,27,47,10,10,0,0,0,0,0,2529.528,4944.226,10334.646,19114.174,31347.896,America/Los_Angeles,34.03202,-118.52633,86.0,34.08241271972656,,,0.3278688524590164,0.3211314475873544,0.5,0.5,0.5025906735751294,0.5025906735751294,0.0,0.0,-0.09999999999999787,47.0,0.0,18.3,0.85,44.6,40.9,259.0,503.0,65.3,4.7,0.0,1647.0,0.26,2.0,0.05,0.05,85.0,85.0,29.0,2.0,2026-09-24 14:00:00+00:00,87.22334045125338,2.7766595487466157,92.45471647240265,4.349057468661368,13.740946337738636,3.683406394068198,2.0,19.1,1.0,0.3278688524590164,0,21.166666666666664,80,100.11,0.26,2026-09-21T12:00Z,0.12505314,0.117554575,282.17004,0.16361964,0.16361964,0.709,0.0,nasa_power_ml_plus_cams_spectral,0.4,low,0.9,6.3,poor locally,32.0,67.1,44.3,44.3,False,80,65.6,2.7,0,horizontal environmental reference,E,87.2,"sun low 3° (E) — face E, lift torso ~87° toward the sun if comfortable",100.0,False,,,50.0,1.2,1.2,,not specified,Environmental scores are skin-type independent.,not personalized,1.2
2026-09-25T07:00,deterministic,best_match,70.9,75,62.5,74.2,65.1,1011.8,1001.8,79199.48,3,100,0,0,100,0,0.0,0.0,0.0,0.0,2.5,225,1.8,0.0,0.0,0.0,1,0.0,2.6,0.0,15255.905,278.871,22.9,0.0,0.001,0.64,1.0,0.0,1.0,0.0,5.4,10.2,0.0,10.2,0.0,56.6,45,28,40,7,100,0,0,0,0,100,2549.213,4954.069,10328.084,19156.824,31459.022,America/Los_Angeles,34.03202,-118.52633,86.0,34.08241271972656,,,0.18518518518518517,0.1802120141342756,0.0,1.0,0.0,1.0,0.0,0.0,0.0,100.0,100.0,4.1,0.85,43.7,40.5,140.0,457.0,60.3,3.5,0.0,1417.0,0.18,1.0,0.05,0.05,86.0,86.0,30.0,1.0,2026-09-25 14:00:00+00:00,87.36173509536584,2.6382649046341515,92.82609775077628,3.7911027522802585,11.854882254177147,3.2454208738941066,1.0,0.0,1.0,0.18518518518518517,100,21.611111111111114,75,100.17999999999999,0.18,2026-09-21T12:00Z,0.14123708,0.13135841,285.3096,0.16301787,0.16301787,0.828,0.0038,nasa_power_ml_plus_cams_spectral,0.4,low,0.8,6.4,poor locally,30.5,66.2,43.0,43.0,False,75,65.1,2.5,0,horizontal environmental reference,E,87.4,"sun low 3° (E) — face E, lift torso ~87° toward the sun if comfortable",100.0,False,,,50.0,1.2,1.2,,not specified,Environmental scores are skin-type independent.,not personalized,1.2
2026-09-26T07:00,deterministic,best_match,71.9,64,59.1,74.5,63.5,1011.3,1001.3,79199.48,2,65,0,0,62,0,0.0,0.0,0.0,0.0,1.1,307,1.3,0.0,0.0,0.0,1,0.0,6.0,0.0,16207.35,49.213,15.8,0.0,0.0,0.96,1.0,0.0,1.0,0.0,4.8,10.9,0.0,10.9,0.0,53.2,29,27,7,14,96,0,0,0,0,18,2545.932,4947.507,10308.399,19199.474,31586.02,America/Los_Angeles,34.03202,-118.52633,86.0,34.08241271972656,,,0.20833333333333334,0.20488721804511278,0.0,1.0,0.0,1.0,0.0,0.0,0.0,96.0,18.0,4.6,0.85,,,,,,,,,,,,,,,,,2026-09-26 14:00:00+00:00,87.50031977793222,2.4996802220677785,93.19696886991721,3.27751344188925,10.133168488941063,2.8355673415258913,1.0,0.0,1.0,0.20833333333333334,65,22.16666666666667,64,100.13,,2026-09-21T12:00Z,,,,,0.2,0.829,0.0097,nasa_power_ml_plus_cams_spectral,0.4,low,0.8,6.5,poor locally,28.0,66.0,41.3,41.3,False,64,63.5,1.1,0,horizontal environmental reference,E,87.5,"sun low 2° (E) — face E, lift torso ~88° toward the sun if comfortable",100.0,False,,,50.0,1.2,1.2,,not specified,Environmental scores are skin-type independent.,not personalized,1.2
2026-10-03T07:00,deterministic,best_match,78.1,54,60.1,80.5,66.4,1005.5,995.7,79199.48,0,0,0,0,0,0,0.0,0.0,0.0,0.0,2.2,186,8.1,0.0,0.0,0.0,1,0.0,3.6,0.0,15616.798,196.85,29.2,0.0,0.002,1.51,0.0,0.0,0.0,0.0,1.4,0.0,0.0,0.0,0.0,28.4,5,5,7,33,4,0,0,0,0,0,2414.698,4872.048,10351.05,19265.092,31808.272,America/Los_Angeles,34.03202,-118.52633,86.0,34.08241271972656,,,0.0,0.0,,,,,0.0,0.0,0.0,33.0,0.0,0.0,0.75,,,,,,,,,,,,,,,,,2026-10-03 14:00:00+00:00,88.47457080718002,1.5254291928199917,95.76811643921121,0.8647043909691252,2.4121025514182914,0.8004927333405791,0.0,0.0,0.0,0.0,0,25.61111111111111,54,99.57000000000001,,2026-09-21T12:00Z,,,,,0.2,0.485,0.0,nasa_power_ml_plus_cams_spectral,0.2,low,0.0,0.0,poor locally,34.0,87.6,52.8,52.8,False,54,66.4,2.2,0,horizontal environmental reference,E,88.5,"sun low 2° (E) — face E, lift torso ~88° toward the sun if comfortable",100.0,False,,,50.0,0.6,0.6,,not specified,Environmental scores are skin-type independent.,not personalized,0.6
2026-09-28T07:00,deterministic,best_match,71.0,46,49.2,69.8,58.2,1008.8,998.8,79199.48,0,0,0,0,0,4,0.0,0.0,0.0,0.0,2.4,221,1.1,0.0,0.0,0.0,1,0.0,10.0,0.0,15813.648,131.234,10.3,0.0,0.002,1.4,0.0,0.0,0.0,0.0,3.6,0.0,0.0,0.0,0.0,46.2,31,22,14,4,24,0,0,0,0,0,2454.068,4832.677,10190.289,19081.366,31379.644,America/Los_Angeles,34.03202,-118.52633,86.0,34.08241271972656,,,0.0,0.0,,,,,0.0,0.0,0.0,31.0,0.0,0.0,0.75,,,,,,,,,,,,,,,,,2026-09-28 14:00:00+00:00,87.77803071097301,2.221969289026993,93.93667718057856,2.381834529015478,7.176812284295064,2.103582626587831,0.0,0.0,0.0,0.0,0,21.666666666666668,46,99.88,,2026-09-21T12:00Z,,,,,0.2,0.355,0.0,nasa_power_ml_plus_cams_spectral,0.2,low,0.0,0.0,poor locally,31.6,74.4,46.6,46.6,False,46,58.2,2.4,4,horizontal environmental reference,E,87.8,"sun low 2° (E) — face E, lift torso ~88° toward the sun if comfortable",98.8,False,,,50.0,0.5,0.5,,not specified,Environmental scores are skin-type independent.,not personalized,0.5
2026-09-29T07:00,deterministic,best_match,76.2,25,37.8,71.3,55.9,1005.7,995.8,79199.48,0,0,0,0,0,2,0.0,0.0,0.0,0.0,4.9,344,1.6,0.0,0.0,0.0,1,0.0,14.6,0.0,16797.9,0.0,9.5,0.0,0.005,2.31,0.0,0.0,0.0,0.0,3.1,0.0,0.0,0.0,0.0,42.7,19,15,11,13,16,0,0,0,0,0,2411.417,4835.958,10236.221,19192.914,31554.274,America/Los_Angeles,34.03202,-118.52633,86.0,34.08241271972656,,,0.0,0.0,,,,,0.0,0.0,0.0,19.0,0.0,0.0,0.75,,,,,,,,,,,,,,,,,2026-09-29 14:00:00+00:00,87.9171329496933,2.0828670503067066,94.30526104395642,1.9983529293063198,5.935788394527532,1.7826174033914104,0.0,0.0,0.0,0.0,0,24.555555555555557,25,99.58,,2026-09-21T12:00Z,,,,,0.2,0.314,0.0,nasa_power_ml_plus_cams_spectral,0.2,low,0.0,0.0,poor locally,32.6,73.3,46.8,46.8,False,25,55.9,4.9,2,horizontal environmental reference,E,87.9,"sun low 2° (E) — face E, lift torso ~88° toward the sun if comfortable",99.5,False,,,50.0,0.5,0.5,,not specified,Environmental scores are skin-type independent.,not personalized,0.5
2026-09-30T07:00,deterministic,best_match,79.0,21,35.7,74.2,56.3,1006.3,996.5,79199.48,0,0,0,0,0,2,0.0,0.0,0.0,0.0,3.7,322,2.9,0.0,0.0,0.0,1,0.0,13.9,0.0,16469.816,0.0,14.9,0.0,0.004,2.67,0.0,0.0,0.0,0.0,2.6,0.0,0.0,0.0,0.0,39.2,14,9,54,10,14,0,0,0,0,0,2440.945,4875.328,10291.995,19219.16,31617.772,America/Los_Angeles,34.03202,-118.52633,86.0,34.08241271972656,,,0.0,0.0,,,,,0.0,0.0,0.0,54.0,0.0,0.0,0.75,,,,,,,,,,,,,,,,,2026-09-30 14:00:00+00:00,88.05637340054986,1.943626599450146,94.67282726141963,1.6564168917251565,4.846253122108196,1.492050508761204,0.0,0.0,0.0,0.0,0,26.11111111111111,21,99.65,,2026-09-21T12:00Z,,,,,0.2,0.317,0.0,nasa_power_ml_plus_cams_spectral,0.2,low,0.0,0.0,poor locally,33.2,68.7,45.6,45.6,False,21,56.3,3.7,2,horizontal environmental reference,E,88.1,"sun low 2° (E) — face E, lift torso ~88° toward the sun if comfortable",99.5,False,,,50.0,0.5,0.5,,not specified,Environmental scores are skin-type independent.,not personalized,0.5
2026-10-01T07:00,deterministic,best_match,83.8,17,34.4,77.8,57.7,1002.4,992.7,79199.48,0,0,0,0,0,1,0.0,0.0,0.0,0.0,6.1,352,3.6,0.0,0.0,0.0,1,0.0,13.2,0.0,16469.816,32.808,22.6,0.0,0.007,3.29,0.0,0.0,0.0,0.0,2.1,0.0,0.0,0.0,0.0,35.6,15,31,54,4,8,0,0,0,0,0,2352.362,4806.431,10252.625,19179.792,31713.022,America/Los_Angeles,34.03202,-118.52633,86.0,34.08241271972656,,,0.0,0.0,,,,,0.0,0.0,0.0,54.0,0.0,0.0,0.75,,,,,,,,,,,,,,,,,2026-10-01 14:00:00+00:00,88.1957218309148,1.8042781690852006,95.03924598939773,1.3546573646648816,3.9014506620955474,1.2318186678998242,0.0,0.0,0.0,0.0,0,28.77777777777778,17,99.27000000000001,,2026-09-21T12:00Z,,,,,0.2,0.31,0.0,nasa_power_ml_plus_cams_spectral,0.2,low,0.0,0.0,poor locally,32.1,65.8,43.9,43.9,False,17,57.7,6.1,1,horizontal environmental reference,E,88.2,"sun low 2° (E) — face E, lift torso ~88° toward the sun if comfortable",99.8,False,,,50.0,0.5,0.5,,not specified,Environmental scores are skin-type independent.,not personalized,0.5
2026-10-02T07:00,deterministic,best_match,85.5,17,35.7,80.1,58.8,1001.0,991.3,79199.48,0,0,0,0,0,1,0.0,0.0,0.0,0.0,5.2,7,8.1,0.0,0.0,0.0,1,0.0,12.8,0.0,16797.9,0.0,21.1,0.0,0.006,3.47,0.0,0.0,0.0,0.0,1.7,0.0,0.0,0.0,0.0,32.0,12,13,8,6,4,0,0,0,0,0,2309.712,4770.342,10239.501,19189.632,31675.98,America/Los_Angeles,34.03202,-118.52633,86.0,34.08241271972656,,,0.0,0.0,,,,,0.0,0.0,0.0,13.0,0.0,0.0,0.75,,,,,,,,,,,,,,,,,2026-10-02 14:00:00+00:00,88.3351379479024,1.6648620520975976,95.40438622302463,1.0914092085429572,3.093223473159618,1.00154105825306,0.0,0.0,0.0,0.0,0,29.722222222222225,17,99.13,,2026-09-21T12:00Z,,,,,0.2,0.319,0.0,nasa_power_ml_plus_cams_spectral,0.2,low,0.0,0.0,poor locally,33.2,64.3,44.1,44.1,False,17,58.8,5.2,1,horizontal environmental reference,E,88.3,"sun low 2° (E) — face E, lift torso ~88° toward the sun if comfortable",99.8,False,,,50.0,0.5,0.5,,not specified,Environmental scores are skin-type independent.,not personalized,0.5
2026-09-27T07:00,deterministic,best_match,71.3,60,56.7,72.8,62.0,1011.5,1001.5,79199.48,0,0,0,0,0,1,0.0,0.0,0.0,0.0,1.6,262,1.1,0.0,0.0,0.0,1,0.0,5.9,0.0,15354.331,147.638,12.2,0.0,0.001,1.05,0.0,0.0,0.0,0.0,4.2,0.0,0.0,0.0,0.0,49.7,27,19,7,3,8,0,0,0,0,0,2542.651,4921.26,10265.748,19127.296,31432.564,America/Los_Angeles,34.03202,-118.52633,86.0,34.08241271972656,,,0.0,0.0,,,,,0.0,0.0,0.0,27.0,0.0,0.0,0.75,,,,,,,,,,,,,,,,,2026-09-27 14:00:00+00:00,87.6390881539349,2.3609118460650933,93.5672040839097,2.8079479778889174,8.574643174944686,2.4547239085208976,0.0,0.0,0.0,0.0,0,21.833333333333332,60,100.15,,2026-09-21T12:00Z,,,,,0.2,0.272,0.0,nasa_power_ml_plus_cams_spectral,0.1,low,0.0,0.0,poor locally,28.6,72.1,43.8,43.8,False,60,62.0,1.6,1,horizontal environmental reference,E,87.6,"sun low 2° (E) — face E, lift torso ~88° toward the sun if comfortable",99.8,False,,,50.0,0.5,0.5,,not specified,Environmental scores are skin-type independent.,not personalized,0.5
2026-09-22T07:00,deterministic,best_match,62.0,76,54.4,61.8,57.0,1013.0,1002.8,60039.372,0,1,0,0,0,0,0.0,0.0,0.0,0.0,3.8,332,3.6,0.0,0.0,0.0,1,0.0,3.9,0.0,13746.72,1082.677,23.9,0.0,0.001,0.46,0.0,0.0,0.0,0.0,7.6,0.0,0.0,0.0,0.0,66.9,82,48,29,4,6,0,0,0,0,0,2559.055,4917.979,10242.782,19002.624,31226.19,America/Los_Angeles,34.03202,-118.52633,86.0,34.08241271972656,,,0.0,0.0,,,,,0.0,0.0,0.0,82.0,0.0,0.0,0.75,41.7,38.6,277.0,502.0,67.2,5.5,0.0,1628.0,0.36,1.0,0.05,0.05,64.0,64.0,18.0,9.0,2026-09-22 14:00:00+00:00,86.94713868402735,3.0528613159726543,91.71092572634097,5.598388906965185,18.00461171220628,4.639512377610569,0.0,0.0,0.0,0.0,1,16.666666666666668,76,100.28,0.36,2026-09-21T12:00Z,0.26668173,0.24713667,285.79193,0.16482031,0.16482031,0.0,0.0,nasa_power_ml_plus_cams_spectral,0.0,low,0.0,0.0,poor locally,33.9,72.8,47.5,47.5,False,76,57.0,3.8,0,horizontal environmental reference,E,86.9,"sun low 3° (E) — face E, lift torso ~87° toward the sun if comfortable",81.7,False,,cold,50.0,0.5,0.4,,not specified,Environmental scores are skin-type independent.,not personalized,0.4
2026-09-23T07:00,deterministic,best_match,61.0,85,56.5,62.3,57.9,1012.2,1002.0,42322.836,1,23,23,0,0,0,0.0,0.0,0.0,0.0,1.8,7,2.0,0.0,0.0,0.0,1,0.0,4.1,0.0,14501.312,524.934,20.1,0.0,0.001,0.28,0.0,0.0,0.0,0.0,6.8,0.0,0.0,0.0,0.0,63.5,30,25,27,6,8,0,0,0,0,0,2562.336,4977.034,10334.646,19143.702,31395.52,America/Los_Angeles,34.03202,-118.52633,86.0,34.08241271972656,,,0.0,0.0,,,,,0.0,0.0,0.0,30.0,0.0,0.0,0.75,39.0,36.1,246.0,492.0,56.2,4.0,0.0,1681.0,0.23,1.0,0.05,0.05,79.0,79.0,26.0,0.0,2026-09-23 14:00:00+00:00,87.0851404204818,2.914859579518197,92.08295061827675,4.951507254508575,15.791270982937604,4.14849025581582,0.0,0.0,0.0,0.0,23,16.11111111111111,85,100.2,0.23,2026-09-21T12:00Z,0.191315,0.17762221,284.79507,0.16422045,0.16422045,0.003,0.0,nasa_power_ml_plus_cams_spectral,0.0,low,0.0,0.0,poor locally,34.3,69.3,46.6,46.6,False,85,57.9,1.8,0,horizontal environmental reference,E,87.1,"sun low 3° (E) — face E, lift torso ~87° toward the sun if comfortable",78.6,False,,cold,50.0,0.5,0.4,,not specified,Environmental scores are skin-type independent.,not personalized,0.4
