time,source,model,temperature_1000hPa,relative_humidity_1000hPa,dew_point_1000hPa,cloud_cover_1000hPa,vertical_velocity_1000hPa,geopotential_height_1000hPa,temperature_925hPa,relative_humidity_925hPa,dew_point_925hPa,cloud_cover_925hPa,vertical_velocity_925hPa,geopotential_height_925hPa,temperature_850hPa,relative_humidity_850hPa,dew_point_850hPa,cloud_cover_850hPa,vertical_velocity_850hPa,geopotential_height_850hPa,temperature_700hPa,relative_humidity_700hPa,dew_point_700hPa,cloud_cover_700hPa,vertical_velocity_700hPa,geopotential_height_700hPa,temperature_600hPa,relative_humidity_600hPa,dew_point_600hPa,cloud_cover_600hPa,vertical_velocity_600hPa,geopotential_height_600hPa,temperature_500hPa,relative_humidity_500hPa,dew_point_500hPa,cloud_cover_500hPa,vertical_velocity_500hPa,geopotential_height_500hPa,temperature_400hPa,relative_humidity_400hPa,dew_point_400hPa,cloud_cover_400hPa,vertical_velocity_400hPa,geopotential_height_400hPa,temperature_300hPa,relative_humidity_300hPa,dew_point_300hPa,cloud_cover_300hPa,vertical_velocity_300hPa,geopotential_height_300hPa,timezone,latitude_grid,longitude_grid,elevation_m,generationtime_ms
2026-09-21T00:00,pressure_profile,best_match,66.2,86,61.9,0,0.0,370.735,58.8,98,58.2,66,0.0,2562.336,65.0,11,9.2,0,0.0,4927.822,48.7,11,-3.3,0,0.0,10282.152,30.7,31,3.7,0,0.0,14389.764,14.8,19,-20.5,0,0.0,19084.646,-8.1,8,-53.2,0,0.0,24590.098,-31.9,16,-62.4,0,0.0,31337.314,America/Los_Angeles,34.03202,-118.52633,86.0,361.3084554672241
2026-09-21T01:00,pressure_profile,best_match,65.8,88,62.2,0,0.02,377.297,58.0,99,57.7,76,0.01,2568.898,64.4,14,14.1,0,0.01,4927.822,48.7,19,8.1,0,0.01,10282.152,30.3,35,5.9,0,0.01,14386.483,13.9,9,-35.5,0,0.01,19074.802,-9.2,13,-46.4,0,0.0,24569.846,-33.7,18,-62.1,0,0.0,31289.688,America/Los_Angeles,34.03202,-118.52633,86.0,361.3084554672241
2026-09-21T02:00,pressure_profile,best_match,65.1,89,61.8,0,-0.01,367.454,56.8,99,56.5,76,-0.01,2559.055,62.6,23,24.3,0,0.0,4908.137,48.2,23,12.4,0,0.0,10259.187,30.7,26,-0.0,0,0.0,14363.518,13.5,17,-23.1,0,0.0,19051.838,-9.2,13,-46.4,0,0.0,24549.594,-33.7,18,-62.1,0,0.0,31257.936,America/Los_Angeles,34.03202,-118.52633,86.0,361.3084554672241
2026-09-21T03:00,pressure_profile,best_match,65.5,90,62.5,5,0.0,364.173,57.2,99,56.9,76,0.0,2555.775,61.3,33,32.0,0,0.0,4904.856,47.9,29,17.0,0,0.0,10252.625,30.3,26,-0.3,0,0.0,14356.955,12.7,20,-20.9,0,0.0,19035.434,-9.2,13,-46.4,0,0.0,24525.292,-34.6,16,-64.6,0,0.0,31226.19,America/Los_Angeles,34.03202,-118.52633,86.0,361.3084554672241
2026-09-21T04:00,pressure_profile,best_match,65.8,85,61.2,0,-0.01,370.735,57.8,99,57.5,76,-0.01,2562.336,59.6,48,39.9,0,-0.01,4908.137,47.1,27,14.5,0,-0.01,10249.344,28.7,28,-0.7,0,0.0,14343.832,11.8,16,-26.2,0,0.0,19012.466,-9.8,17,-43.1,0,0.0,24496.938,-34.6,14,-66.6,0,0.0,31178.562,America/Los_Angeles,34.03202,-118.52633,86.0,361.3084554672241
2026-09-21T05:00,pressure_profile,best_match,66.0,84,61.0,0,-0.01,367.454,57.6,99,57.3,76,-0.01,2559.055,55.5,70,45.8,0,-0.01,4895.013,45.4,31,16.6,0,-0.01,10219.816,28.4,23,-5.2,0,0.0,14307.743,10.2,19,-24.4,0,0.0,18963.254,-11.5,22,-40.1,0,0.0,24428.082,-35.5,18,-63.6,0,0.0,31093.894,America/Los_Angeles,34.03202,-118.52633,86.0,361.3084554672241
2026-09-21T06:00,pressure_profile,best_match,66.7,80,60.4,0,-0.02,370.735,57.8,98,57.2,66,-0.01,2562.336,55.0,65,43.5,0,-0.01,4895.013,43.8,40,21.0,0,-0.01,10219.816,28.7,9,-23.7,0,-0.01,14304.462,9.7,16,-27.9,0,0.0,18956.694,-13.2,18,-44.4,0,0.0,24407.83,-35.5,20,-62.0,0,0.0,31062.146,America/Los_Angeles,34.03202,-118.52633,86.0,361.3084554672241
2026-09-21T07:00,pressure_profile,best_match,67.3,78,60.2,0,-0.01,380.577,58.0,97,57.1,58,-0.01,2575.459,53.5,70,44.0,0,-0.01,4901.575,43.5,34,17.3,0,-0.01,10223.098,28.7,19,-8.7,0,-0.01,14304.462,9.3,13,-31.9,0,0.0,18959.974,-12.1,25,-38.1,0,0.0,24411.878,-38.2,20,-64.4,0,0.0,31051.56,America/Los_Angeles,34.03202,-118.52633,86.0,361.3084554672241
2026-09-21T08:00,pressure_profile,best_match,67.1,78,60.0,0,0.01,393.701,57.4,94,55.7,41,0.01,2585.302,51.6,70,42.1,0,0.01,4904.856,43.5,34,17.3,0,0.01,10223.098,28.0,15,-13.8,0,0.01,14301.182,9.7,10,-36.1,0,0.0,18956.694,-13.2,25,-39.1,0,0.0,24407.83,-40.9,52,-51.8,0,0.0,31025.102,America/Los_Angeles,34.03202,-118.52633,86.0,361.3084554672241
2026-09-21T09:00,pressure_profile,best_match,67.6,79,60.9,0,0.02,400.262,57.4,90,54.5,24,0.02,2595.144,50.0,79,43.8,4,0.01,4917.979,42.7,43,21.9,0,0.01,10223.098,28.0,10,-21.7,0,0.01,14294.619,10.6,9,-38.1,0,0.01,18953.412,-13.8,45,-29.1,0,0.0,24407.83,-40.0,44,-53.7,0,0.0,31040.978,America/Los_Angeles,34.03202,-118.52633,86.0,361.3084554672241
2026-09-21T10:00,pressure_profile,best_match,68.2,76,60.3,0,0.03,406.824,58.0,88,54.5,16,0.02,2601.706,50.9,73,42.6,0,0.02,4924.541,41.9,51,25.1,0,0.01,10229.659,27.7,11,-19.7,0,0.01,14297.9,10.6,10,-35.4,0,0.01,18956.694,-13.2,55,-24.8,0,0.0,24411.878,-38.2,26,-60.3,0,0.0,31051.56,America/Los_Angeles,34.03202,-118.52633,86.0,361.3084554672241
2026-09-21T11:00,pressure_profile,best_match,68.2,75,60.0,0,0.04,406.824,58.0,95,56.6,46,0.03,2601.706,50.9,77,43.9,0,0.02,4924.541,42.1,32,14.5,0,0.02,10232.939,27.0,11,-20.2,0,0.01,14297.9,10.2,10,-35.7,0,0.01,18946.85,-12.1,58,-22.6,0,0.0,24399.728,-35.5,10,-72.3,0,0.0,31067.436,America/Los_Angeles,34.03202,-118.52633,86.0,361.3084554672241
2026-09-21T12:00,pressure_profile,best_match,69.3,72,59.8,0,0.04,400.262,59.0,89,55.7,20,0.03,2598.425,52.0,73,43.6,0,0.03,4927.822,41.6,44,21.5,0,0.02,10232.939,26.0,18,-12.3,0,0.01,14294.619,9.3,16,-28.2,0,0.01,18937.008,-12.7,48,-26.7,0,0.0,24383.526,-34.6,4,-84.3,0,0.0,31056.854,America/Los_Angeles,34.03202,-118.52633,86.0,361.3084554672241
2026-09-21T13:00,pressure_profile,best_match,69.3,73,60.2,0,0.04,383.858,59.2,89,55.9,20,0.04,2585.302,52.9,75,45.1,0,0.03,4917.979,41.6,49,23.8,0,0.02,10229.659,26.7,20,-9.1,0,0.02,14294.619,8.9,24,-20.4,0,0.01,18940.29,-11.5,27,-36.4,0,0.0,24387.578,-33.7,8,-74.1,0,0.0,31078.022,America/Los_Angeles,34.03202,-118.52633,86.0,361.3084554672241
2026-09-21T14:00,pressure_profile,best_match,70.0,69,59.3,0,0.03,370.735,60.0,82,54.4,0,0.03,2572.179,53.5,64,41.6,0,0.02,4908.137,42.1,41,20.2,0,0.02,10219.816,26.7,15,-14.8,0,0.01,14288.058,8.5,21,-23.1,0,0.01,18930.448,-11.5,20,-41.5,0,0.0,24379.476,-33.7,10,-70.9,0,0.0,31088.606,America/Los_Angeles,34.03202,-118.52633,86.0,361.3084554672241
2026-09-21T15:00,pressure_profile,best_match,70.5,69,59.9,0,0.03,347.769,60.7,77,53.5,0,0.03,2552.494,55.7,55,39.8,0,0.03,4891.733,42.4,43,21.7,0,0.02,10209.974,27.0,19,-10.1,0,0.01,14281.496,9.3,19,-25.1,0,0.01,18923.884,-11.0,28,-34.9,0,0.0,24387.578,-31.9,6,-76.7,0,0.0,31104.48,America/Los_Angeles,34.03202,-118.52633,86.0,361.3084554672241
2026-09-21T16:00,pressure_profile,best_match,70.7,66,58.8,0,0.03,344.488,60.7,77,53.5,0,0.02,2549.213,56.1,54,39.7,0,0.02,4891.733,42.7,36,17.3,0,0.01,10209.974,27.4,23,-6.1,0,0.01,14288.058,9.7,23,-20.8,0,0.01,18930.448,-9.2,8,-54.1,0,0.0,24399.728,-31.9,10,-69.4,0,0.0,31136.228,America/Los_Angeles,34.03202,-118.52633,86.0,361.3084554672241
2026-09-21T17:00,pressure_profile,best_match,70.5,69,59.9,0,0.02,334.646,61.1,78,54.2,0,0.01,2536.089,56.8,60,43.0,0,0.01,4885.171,43.2,32,15.5,0,0.01,10206.693,27.4,19,-9.8,0,0.01,14281.496,10.6,13,-30.9,0,0.0,18930.448,-8.1,7,-56.8,0,0.0,24415.93,-32.8,10,-70.1,0,0.0,31167.978,America/Los_Angeles,34.03202,-118.52633,86.0,361.3084554672241
2026-09-21T18:00,pressure_profile,best_match,70.0,70,59.7,0,0.02,334.646,61.5,79,55.0,0,0.02,2536.089,57.0,55,41.0,0,0.01,4885.171,43.0,38,18.9,0,0.01,10203.412,27.0,20,-8.8,0,0.01,14278.215,11.0,9,-37.8,0,0.0,18927.166,-6.4,7,-55.4,0,0.0,24419.98,-32.8,14,-65.1,0,0.0,31173.272,America/Los_Angeles,34.03202,-118.52633,86.0,361.3084554672241
2026-09-21T19:00,pressure_profile,best_match,68.7,77,61.2,0,0.0,341.207,61.3,74,53.0,0,-0.01,2542.651,56.5,59,42.4,0,0.0,4888.452,43.0,39,19.6,0,0.0,10203.412,26.7,24,-5.5,0,0.0,14278.215,11.4,9,-37.5,0,0.0,18930.448,-4.1,10,-47.0,0,0.0,24444.284,-32.8,18,-61.3,0,0.0,31205.02,America/Los_Angeles,34.03202,-118.52633,86.0,361.3084554672241
2026-09-21T20:00,pressure_profile,best_match,68.9,75,60.7,0,-0.01,347.769,61.3,76,53.7,0,-0.01,2545.932,57.6,48,38.1,0,-0.01,4895.013,44.1,38,19.9,0,-0.01,10216.535,27.4,26,-2.9,0,-0.01,14291.339,11.8,11,-32.0,0,0.0,18950.13,-3.5,12,-44.0,0,0.0,24480.736,-32.8,18,-61.3,0,0.0,31242.064,America/Los_Angeles,34.03202,-118.52633,86.0,361.3084554672241
2026-09-21T21:00,pressure_profile,best_match,69.1,73,60.1,0,-0.04,354.331,60.4,91,57.7,27,-0.04,2555.775,58.1,49,39.0,0,-0.03,4901.575,44.3,32,16.5,0,-0.02,10223.098,27.7,30,0.2,0,-0.02,14304.462,12.3,11,-31.7,0,-0.01,18966.536,-4.1,13,-42.2,0,0.0,24492.888,-32.8,16,-63.1,0,0.0,31252.646,America/Los_Angeles,34.03202,-118.52633,86.0,361.3084554672241
2026-09-21T22:00,pressure_profile,best_match,68.5,74,59.9,0,-0.06,370.735,60.2,90,57.2,24,-0.02,2575.459,58.1,47,37.9,0,-0.03,4921.26,44.6,27,12.4,0,-0.01,10242.782,27.7,34,2.8,0,0.0,14314.305,12.3,10,-34.1,0,-0.01,18979.658,-4.7,15,-40.6,0,-0.02,24509.088,-32.8,12,-67.4,0,-0.07,31263.228,America/Los_Angeles,34.03202,-118.52633,86.0,361.3084554672241
2026-09-21T23:00,pressure_profile,best_match,68.0,76,60.2,0,-0.03,367.454,60.4,88,56.8,16,0.0,2555.775,59.6,49,40.4,0,-0.02,4908.137,44.1,30,14.6,0,0.0,10226.378,27.7,35,3.6,0,-0.02,14311.023,13.1,9,-36.2,0,-0.04,18979.658,-4.7,18,-37.1,0,-0.05,24496.938,-32.8,6,-77.4,0,-0.03,31247.354,America/Los_Angeles,34.03202,-118.52633,86.0,361.3084554672241
2026-09-22T00:00,pressure_profile,best_match,67.6,78,60.5,0,-0.03,374.016,59.8,89,56.5,20,0.02,2572.179,59.4,54,42.7,0,0.0,4921.26,43.8,31,15.2,0,-0.02,10239.501,28.4,29,-0.1,0,-0.04,14314.305,13.1,9,-36.2,0,0.0,18986.22,-5.2,20,-36.1,0,0.01,24513.14,-32.8,4,-83.0,0,-0.03,31257.936,America/Los_Angeles,34.03202,-118.52633,86.0,361.3084554672241
2026-09-22T01:00,pressure_profile,best_match,67.5,79,60.7,0,-0.02,383.858,59.4,90,56.4,24,0.0,2568.898,59.6,51,41.4,0,-0.02,4917.979,43.5,31,14.9,0,-0.03,10236.221,29.0,25,-2.5,0,-0.03,14327.428,13.1,10,-33.4,0,-0.02,19002.624,-5.8,18,-38.1,0,-0.04,24513.14,-33.7,4,-83.6,0,-0.04,31252.646,America/Los_Angeles,34.03202,-118.52633,86.0,361.3084554672241
2026-09-22T02:00,pressure_profile,best_match,67.3,80,60.9,0,-0.02,370.735,59.2,91,56.5,27,0.0,2552.494,59.6,51,41.4,0,-0.01,4901.575,44.3,28,13.1,0,-0.05,10223.098,29.3,21,-5.6,0,-0.03,14317.585,13.1,10,-33.4,0,-0.02,18989.502,-5.8,17,-39.8,0,-0.04,24509.088,-33.7,4,-83.6,0,-0.03,31247.354,America/Los_Angeles,34.03202,-118.52633,86.0,361.3084554672241
2026-09-22T03:00,pressure_profile,best_match,67.1,80,60.7,0,-0.02,337.927,58.8,93,56.8,36,-0.01,2555.775,59.4,54,42.7,0,-0.02,4901.575,44.9,21,7.4,0,-0.02,10223.098,29.7,16,-10.8,0,-0.02,14281.496,13.5,10,-33.1,0,-0.01,18959.974,-5.8,17,-39.8,0,-0.01,24513.14,-34.6,4,-84.3,0,0.0,31242.064,America/Los_Angeles,34.03202,-118.52633,86.0,361.3084554672241
2026-09-22T04:00,pressure_profile,best_match,66.9,80,60.5,0,-0.02,337.927,58.4,95,57.0,46,-0.01,2552.494,59.2,53,42.0,0,-0.02,4901.575,44.6,20,5.9,0,0.0,10223.098,29.7,14,-14.1,0,0.0,14284.777,13.5,10,-33.1,0,-0.03,18966.536,-6.4,15,-42.1,0,-0.02,24513.14,-34.6,4,-84.3,0,0.01,31231.478,America/Los_Angeles,34.03202,-118.52633,86.0,361.3084554672241
2026-09-22T05:00,pressure_profile,best_match,66.9,81,60.9,0,-0.02,334.646,58.6,92,56.3,32,-0.02,2555.775,59.6,51,41.4,0,-0.02,4911.418,44.3,21,6.9,0,-0.01,10232.939,29.7,13,-16.0,0,-0.02,14288.058,13.9,9,-35.5,0,-0.03,18969.816,-6.9,15,-42.5,0,0.01,24521.24,-35.5,4,-85.0,0,0.03,31236.772,America/Los_Angeles,34.03202,-118.52633,86.0,361.3084554672241
2026-09-22T06:00,pressure_profile,best_match,66.6,82,60.9,0,-0.02,351.05,59.4,87,55.5,13,-0.01,2555.775,60.2,49,41.0,0,0.0,4911.418,44.1,23,8.9,0,-0.03,10236.221,30.0,13,-15.8,0,-0.03,14307.743,13.9,7,-38.7,0,0.01,18989.502,-7.5,17,-41.2,0,0.04,24525.292,-35.5,4,-85.0,0,0.01,31231.478,America/Los_Angeles,34.03202,-118.52633,86.0,361.3084554672241
2026-09-22T07:00,pressure_profile,best_match,66.4,83,61.1,0,-0.02,357.612,60.0,82,54.4,0,-0.01,2559.055,60.9,48,41.1,0,-0.02,4917.979,43.8,29,13.5,0,-0.02,10242.782,30.0,13,-15.8,0,-0.01,14317.585,13.9,4,-47.4,0,-0.02,19002.624,-7.5,18,-39.6,0,-0.02,24525.292,-36.4,6,-80.2,0,0.0,31226.19,America/Los_Angeles,34.03202,-118.52633,86.0,361.3084554672241
2026-09-22T08:00,pressure_profile,best_match,66.2,83,60.9,0,-0.01,367.454,60.7,78,53.8,0,0.0,2562.336,61.8,45,40.2,0,-0.02,4924.541,43.8,31,15.2,0,-0.01,10252.625,30.0,15,-12.1,0,-0.01,14333.989,14.4,7,-38.4,0,-0.03,19022.31,-8.1,18,-40.0,0,-0.01,24537.442,-37.3,6,-80.9,0,0.0,31231.478,America/Los_Angeles,34.03202,-118.52633,86.0,361.3084554672241
2026-09-22T09:00,pressure_profile,best_match,67.5,80,61.1,0,0.02,374.016,61.1,76,53.5,0,0.01,2559.055,62.4,44,40.2,0,-0.02,4924.541,43.5,32,15.7,0,-0.02,10252.625,30.0,16,-10.5,0,-0.02,14347.113,14.4,7,-38.4,0,-0.02,19035.434,-7.5,17,-41.2,0,-0.02,24541.494,-37.3,8,-76.9,0,-0.01,31236.772,America/Los_Angeles,34.03202,-118.52633,86.0,361.3084554672241
2026-09-22T10:00,pressure_profile,best_match,68.5,78,61.4,0,0.03,367.454,61.3,76,53.7,0,0.02,2555.775,63.3,44,41.0,0,-0.03,4924.541,43.8,34,17.5,0,-0.01,10259.187,29.7,23,-4.1,0,-0.02,14350.394,14.4,10,-32.4,0,-0.01,19045.276,-7.5,17,-41.2,0,0.0,24545.542,-38.2,14,-69.7,0,-0.01,31236.772,America/Los_Angeles,34.03202,-118.52633,86.0,361.3084554672241
2026-09-22T11:00,pressure_profile,best_match,69.3,77,61.7,0,0.04,360.892,62.5,75,54.5,0,0.01,2562.336,64.4,41,40.2,0,-0.04,4937.664,43.8,38,19.7,0,-0.01,10272.31,29.7,28,0.1,0,-0.02,14360.236,14.4,9,-35.2,0,0.01,19055.12,-7.5,17,-41.2,0,0.0,24557.694,-38.2,20,-64.4,0,0.0,31252.646,America/Los_Angeles,34.03202,-118.52633,86.0,361.3084554672241
2026-09-22T12:00,pressure_profile,best_match,69.6,79,62.8,0,0.04,351.05,64.3,71,54.7,0,-0.01,2562.336,65.2,40,40.3,0,-0.04,4944.226,43.8,38,19.7,0,-0.02,10282.152,30.7,26,-0.0,0,-0.03,14363.518,14.4,7,-38.4,0,-0.01,19058.398,-8.1,17,-41.7,0,-0.01,24573.896,-39.1,22,-63.7,0,-0.03,31268.522,America/Los_Angeles,34.03202,-118.52633,86.0,361.3084554672241
2026-09-22T13:00,pressure_profile,best_match,69.8,81,63.7,0,0.04,347.769,65.9,68,55.0,0,0.0,2555.775,65.9,40,40.9,0,-0.03,4944.226,44.1,36,18.5,0,-0.01,10285.434,31.3,24,-1.6,0,-0.02,14376.641,14.8,7,-38.1,0,0.0,19074.802,-8.1,17,-41.7,0,-0.01,24586.046,-38.2,18,-65.9,0,0.0,31279.106,America/Los_Angeles,34.03202,-118.52633,86.0,361.3084554672241
2026-09-22T14:00,pressure_profile,best_match,69.8,81,63.7,0,0.03,328.084,67.0,65,54.9,0,-0.01,2542.651,66.3,40,41.3,0,-0.03,4934.384,44.3,36,18.7,0,-0.02,10278.871,31.7,23,-2.4,0,-0.02,14370.079,14.8,7,-38.1,0,-0.01,19068.242,-8.1,12,-47.7,0,-0.02,24581.998,-38.2,16,-67.7,0,-0.01,31279.106,America/Los_Angeles,34.03202,-118.52633,86.0,361.3084554672241
2026-09-22T15:00,pressure_profile,best_match,70.0,81,63.9,0,0.03,298.556,68.0,64,55.4,0,-0.02,2532.808,66.8,41,42.3,0,-0.04,4927.822,44.3,34,18.0,0,-0.01,10275.591,32.0,21,-3.3,0,0.0,14350.394,14.8,7,-38.1,0,-0.01,19055.12,-7.5,12,-47.2,0,-0.02,24586.046,-38.2,12,-71.9,0,-0.04,31284.394,America/Los_Angeles,34.03202,-118.52633,86.0,361.3084554672241
2026-09-22T16:00,pressure_profile,best_match,70.3,78,63.2,0,0.02,278.871,70.0,57,54.1,0,-0.01,2516.404,67.6,26,31.5,0,-0.03,4917.979,44.6,39,21.1,0,-0.02,10272.31,30.7,24,-2.1,0,-0.01,14343.832,16.0,7,-37.1,0,-0.02,19048.556,-8.1,13,-45.5,0,-0.01,24590.098,-38.2,12,-71.9,0,-0.01,31294.98,America/Los_Angeles,34.03202,-118.52633,86.0,361.3084554672241
2026-09-22T17:00,pressure_profile,best_match,70.5,78,63.3,0,0.04,295.276,71.0,55,54.0,0,0.0,2513.123,68.1,26,31.9,0,-0.03,4911.418,44.6,44,24.3,0,0.01,10269.029,30.3,24,-2.4,0,-0.01,14356.955,16.0,9,-33.9,0,-0.04,19061.68,-6.9,15,-42.5,0,-0.04,24590.098,-37.3,8,-76.9,0,-0.03,31294.98,America/Los_Angeles,34.03202,-118.52633,86.0,361.3084554672241
2026-09-22T18:00,pressure_profile,best_match,70.5,76,62.6,0,0.03,291.995,72.0,49,51.8,0,-0.01,2509.843,68.5,27,33.2,0,-0.04,4914.698,44.3,50,26.8,0,0.0,10272.31,30.7,24,-2.1,0,-0.03,14363.518,16.5,9,-33.5,0,-0.03,19068.242,-6.9,12,-46.8,0,-0.02,24598.198,-37.3,12,-71.1,0,-0.03,31305.562,America/Los_Angeles,34.03202,-118.52633,86.0,361.3084554672241
2026-09-22T19:00,pressure_profile,best_match,70.2,76,62.2,0,0.02,305.118,72.4,43,48.6,0,0.01,2522.966,68.7,31,36.9,0,-0.01,4927.822,44.6,46,24.9,0,0.0,10291.995,31.3,23,-2.7,0,-0.03,14383.202,16.9,7,-36.5,0,-0.03,19094.488,-6.9,8,-52.3,0,-0.05,24626.55,-36.4,12,-70.4,0,-0.01,31337.314,America/Los_Angeles,34.03202,-118.52633,86.0,361.3084554672241
2026-09-22T20:00,pressure_profile,best_match,69.6,77,62.1,0,0.01,318.242,72.4,42,48.0,0,0.0,2536.089,68.5,34,39.0,0,0.0,4940.945,44.6,43,23.7,0,-0.02,10301.837,31.7,20,-4.9,0,-0.05,14396.325,17.7,7,-35.8,0,-0.01,19110.892,-6.9,7,-55.9,0,-0.05,24646.802,-36.4,8,-76.2,0,-0.04,31358.478,America/Los_Angeles,34.03202,-118.52633,86.0,361.3084554672241
2026-09-22T21:00,pressure_profile,best_match,69.4,79,62.6,0,0.01,328.084,72.8,42,48.3,0,0.0,2542.651,68.3,36,40.3,0,0.01,4950.788,44.9,42,23.3,0,0.0,10311.68,32.7,18,-6.8,0,-0.02,14409.449,17.7,7,-35.8,0,0.02,19130.578,-6.9,8,-52.3,0,0.0,24663.004,-35.5,6,-79.5,0,-0.07,31379.644,America/Los_Angeles,34.03202,-118.52633,86.0,361.3084554672241
2026-09-22T22:00,pressure_profile,best_match,68.2,86,63.8,0,0.01,331.365,72.4,44,49.2,0,-0.01,2545.932,68.1,37,40.8,0,-0.02,4950.788,44.9,44,24.5,0,-0.04,10311.68,32.7,16,-8.3,0,-0.04,14409.449,17.3,7,-36.1,0,0.01,19127.296,-6.9,8,-52.3,0,0.04,24663.004,-35.5,6,-79.5,0,-0.09,31379.644,America/Los_Angeles,34.03202,-118.52633,86.0,361.3084554672241
2026-09-22T23:00,pressure_profile,best_match,67.3,88,63.6,0,-0.01,331.365,72.2,45,49.7,0,-0.01,2542.651,68.3,36,40.3,0,-0.02,4950.788,45.1,42,23.5,0,-0.02,10314.961,32.7,16,-8.3,0,-0.01,14416.011,16.9,9,-33.2,0,0.03,19130.578,-6.9,8,-52.3,0,0.05,24663.004,-36.4,8,-76.2,0,-0.03,31374.356,America/Los_Angeles,34.03202,-118.52633,86.0,361.3084554672241
2026-09-23T00:00,pressure_profile,best_match,66.6,91,63.9,10,-0.01,331.365,72.0,45,49.5,0,0.0,2542.651,68.7,32,37.7,0,-0.01,4950.788,45.1,41,22.9,0,-0.02,10314.961,32.3,15,-10.2,0,-0.02,14416.011,16.5,9,-33.5,0,0.0,19127.296,-6.9,7,-55.9,0,0.01,24654.904,-37.3,8,-76.9,0,-0.04,31363.772,America/Los_Angeles,34.03202,-118.52633,86.0,361.3084554672241
2026-09-23T01:00,pressure_profile,best_match,66.2,92,63.8,15,-0.01,337.927,70.6,49,50.5,0,0.0,2542.651,68.7,30,36.0,0,-0.01,4950.788,45.1,38,20.9,0,0.0,10314.961,32.3,14,-12.0,0,-0.01,14416.011,16.5,9,-33.5,0,-0.02,19127.296,-6.9,7,-55.9,0,-0.01,24654.904,-36.4,8,-76.2,0,-0.01,31363.772,America/Los_Angeles,34.03202,-118.52633,86.0,361.3084554672241
2026-09-23T02:00,pressure_profile,best_match,66.0,91,63.3,10,-0.02,354.331,70.2,50,50.7,0,-0.01,2559.055,69.1,29,35.5,0,-0.03,4963.911,44.6,39,21.1,0,0.01,10328.084,32.0,14,-12.3,0,-0.01,14425.854,16.5,7,-36.8,0,-0.03,19133.86,-6.4,7,-55.4,0,-0.01,24663.004,-36.4,8,-76.2,0,0.01,31379.644,America/Los_Angeles,34.03202,-118.52633,86.0,361.3084554672241
2026-09-23T03:00,pressure_profile,best_match,66.0,91,63.3,10,-0.02,344.488,71.2,46,49.3,0,-0.02,2549.213,69.6,27,34.1,0,-0.02,4960.63,44.6,36,19.0,0,0.01,10321.522,32.3,13,-13.9,0,-0.01,14419.291,16.9,6,-40.4,0,-0.03,19133.86,-5.8,7,-55.0,0,-0.01,24667.056,-36.4,8,-76.2,0,0.03,31379.644,America/Los_Angeles,34.03202,-118.52633,86.0,361.3084554672241
2026-09-23T04:00,pressure_profile,best_match,66.2,89,62.9,0,-0.03,331.365,72.8,40,47.0,0,-0.01,2539.37,69.4,27,33.9,0,-0.01,4950.788,44.6,32,16.7,0,0.0,10311.68,32.3,11,-16.0,0,-0.02,14406.168,16.9,6,-40.4,0,-0.02,19120.734,-5.8,7,-55.0,0,-0.01,24654.904,-37.3,8,-76.9,0,0.0,31369.062,America/Los_Angeles,34.03202,-118.52633,86.0,361.3084554672241
2026-09-23T05:00,pressure_profile,best_match,66.7,86,62.4,0,-0.02,318.242,73.9,35,44.6,0,-0.01,2529.528,69.6,26,33.2,0,-0.03,4944.226,45.1,27,12.8,0,-0.03,10305.118,32.0,11,-16.2,0,-0.02,14399.606,16.9,6,-40.4,0,-0.01,19114.174,-6.4,7,-55.4,0,0.01,24646.802,-37.3,8,-76.9,0,-0.07,31358.478,America/Los_Angeles,34.03202,-118.52633,86.0,361.3084554672241
2026-09-23T06:00,pressure_profile,best_match,66.9,85,62.3,0,-0.01,321.522,74.5,33,43.5,0,0.0,2536.089,69.6,24,31.2,0,-0.01,4947.507,45.1,26,11.9,0,-0.01,10308.399,32.3,9,-20.9,0,-0.01,14406.168,16.9,6,-40.4,0,0.0,19124.016,-6.4,7,-55.4,0,-0.02,24654.904,-37.3,10,-73.8,0,-0.04,31369.062,America/Los_Angeles,34.03202,-118.52633,86.0,361.3084554672241
2026-09-23T07:00,pressure_profile,best_match,66.9,86,62.6,0,-0.01,344.488,75.3,30,41.7,0,0.0,2562.336,69.8,25,32.4,0,0.0,4977.034,44.9,27,12.6,0,0.0,10334.646,32.0,9,-21.1,0,0.0,14432.415,16.9,6,-40.4,0,-0.01,19143.702,-6.4,7,-55.4,0,-0.04,24675.156,-37.3,8,-76.9,0,-0.01,31395.52,America/Los_Angeles,34.03202,-118.52633,86.0,361.3084554672241
2026-09-23T08:00,pressure_profile,best_match,66.6,87,62.6,0,-0.01,360.892,76.1,28,40.6,0,-0.01,2575.459,69.8,26,33.4,0,0.0,4993.439,44.6,23,9.4,0,0.0,10351.05,32.0,8,-24.1,0,-0.01,14445.538,16.9,6,-40.4,0,-0.02,19156.824,-5.8,7,-55.0,0,-0.05,24691.358,-37.3,8,-76.9,0,0.0,31411.396,America/Los_Angeles,34.03202,-118.52633,86.0,361.3084554672241
2026-09-23T09:00,pressure_profile,best_match,67.6,84,62.6,0,0.01,367.454,77.3,25,38.7,0,-0.01,2588.583,69.8,27,34.3,0,0.0,5006.562,44.6,23,9.4,0,0.02,10360.893,32.0,8,-24.1,0,0.0,14455.381,16.9,6,-40.4,0,0.0,19166.666,-5.8,7,-55.0,0,-0.02,24703.508,-37.3,8,-76.9,0,-0.01,31421.978,America/Los_Angeles,34.03202,-118.52633,86.0,361.3084554672241
2026-09-23T10:00,pressure_profile,best_match,70.0,81,63.9,0,0.03,367.454,78.1,24,38.3,0,-0.01,2595.144,69.6,28,35.0,0,-0.01,5013.124,44.3,29,13.9,0,-0.01,10370.735,31.7,8,-24.3,0,-0.02,14461.942,16.9,6,-40.4,0,-0.01,19173.228,-6.4,7,-55.4,0,0.01,24707.56,-38.2,8,-77.6,0,0.0,31421.978,America/Los_Angeles,34.03202,-118.52633,86.0,361.3084554672241
2026-09-23T11:00,pressure_profile,best_match,71.4,80,64.9,0,0.03,367.454,78.3,24,38.5,0,0.0,2598.425,69.8,26,33.4,0,0.0,5016.405,44.3,33,17.2,0,0.0,10374.016,31.7,10,-18.8,0,-0.01,14468.504,16.5,4,-45.6,0,0.01,19176.51,-6.9,7,-55.9,0,0.0,24707.56,-38.2,8,-77.6,0,-0.03,31416.69,America/Los_Angeles,34.03202,-118.52633,86.0,361.3084554672241
2026-09-23T12:00,pressure_profile,best_match,72.5,77,64.9,0,0.03,364.173,78.9,23,37.9,0,-0.01,2598.425,70.0,24,31.6,0,-0.02,5016.405,44.9,29,14.4,0,-0.01,10377.297,31.7,11,-16.5,0,-0.01,14471.785,16.0,4,-45.9,0,-0.01,19179.792,-6.9,7,-55.9,0,0.0,24707.56,-37.3,8,-76.9,0,-0.01,31416.69,America/Los_Angeles,34.03202,-118.52633,86.0,361.3084554672241
2026-09-23T13:00,pressure_profile,best_match,73.4,74,64.6,0,0.03,360.892,79.4,23,38.4,0,-0.02,2598.425,70.2,23,30.7,0,-0.02,5019.685,45.1,27,12.8,0,-0.01,10383.858,31.3,13,-14.7,0,-0.01,14478.347,16.0,6,-41.0,0,0.0,19183.07,-6.9,7,-55.9,0,0.01,24711.61,-37.3,8,-76.9,0,-0.01,31421.978,America/Los_Angeles,34.03202,-118.52633,86.0,361.3084554672241
2026-09-23T14:00,pressure_profile,best_match,73.2,75,64.8,0,0.03,370.735,80.4,21,36.9,0,-0.04,2608.268,70.5,23,30.9,0,-0.04,5032.809,45.4,27,13.1,0,-0.02,10396.981,31.0,15,-11.3,0,0.0,14491.47,16.0,6,-41.0,0,0.0,19196.196,-6.9,7,-55.9,0,0.01,24723.762,-37.3,8,-76.9,0,0.01,31432.564,America/Los_Angeles,34.03202,-118.52633,86.0,361.3084554672241
2026-09-23T15:00,pressure_profile,best_match,73.9,71,63.7,1,0.03,338.747,81.0,21,37.1,0,-0.04,2579.56,71.2,22,30.4,0,-0.05,5004.922,45.8,23,9.7,0,-0.02,10375.656,31.5,13,-14.2,0,0.0,14473.426,16.3,6,-39.9,0,-0.01,19179.792,-6.8,7,-54.9,0,-0.01,24707.56,-37.3,10,-74.9,0,0.01,31425.952,America/Los_Angeles,34.03202,-118.52633,86.0,361.3084554672241
2026-09-23T16:00,pressure_profile,best_match,74.2,69,63.0,3,0.02,298.556,81.5,19,35.2,0,-0.04,2539.37,72.1,18,25.9,0,-0.07,4965.552,46.4,24,10.4,0,-0.02,10346.129,31.5,13,-14.7,0,-0.01,14445.538,16.3,6,-38.9,0,-0.01,19155.184,-7.2,8,-52.8,0,0.02,24685.284,-37.3,11,-72.9,0,0.02,31406.104,America/Los_Angeles,34.03202,-118.52633,86.0,361.3084554672241
2026-09-23T17:00,pressure_profile,best_match,75.2,68,63.9,0,0.02,262.467,82.0,17,33.1,0,-0.01,2504.101,72.9,16,24.2,0,-0.03,4934.384,47.2,22,9.7,0,-0.02,10323.983,31.3,13,-14.9,0,-0.02,14423.393,16.6,6,-38.8,0,-0.01,19137.958,-6.9,10,-49.1,0,-0.02,24673.13,-37.1,11,-73.4,0,-0.01,31399.49,America/Los_Angeles,34.03202,-118.52633,86.0,361.3084554672241
2026-09-23T18:00,pressure_profile,best_match,75.2,68,63.9,0,0.02,239.501,82.2,17,33.1,0,0.02,2480.315,73.5,17,26.0,0,-0.01,4911.418,47.6,27,15.0,0,-0.01,10308.399,31.3,13,-14.7,0,-0.02,14412.729,16.5,6,-40.7,0,0.01,19127.296,-6.4,13,-44.1,0,-0.04,24667.056,-36.4,12,-70.4,0,0.0,31395.52,America/Los_Angeles,34.03202,-118.52633,86.0,361.3084554672241
2026-09-23T19:00,pressure_profile,best_match,73.0,72,63.5,0,0.03,255.906,80.4,24,40.3,0,0.03,2486.877,73.3,18,27.2,0,0.0,4917.979,47.6,33,20.1,0,-0.01,10314.961,31.0,14,-13.1,0,-0.02,14419.291,16.5,6,-40.7,0,-0.01,19130.578,-6.4,12,-46.3,0,-0.05,24671.106,-36.4,14,-68.1,0,0.04,31400.812,America/Los_Angeles,34.03202,-118.52633,86.0,361.3084554672241
2026-09-23T20:00,pressure_profile,best_match,72.0,75,63.6,0,0.03,275.591,77.3,33,45.9,0,0.04,2500.0,72.8,18,26.9,0,0.02,4927.822,47.6,40,24.5,0,-0.02,10328.084,30.7,16,-10.0,0,-0.02,14429.134,16.5,6,-40.7,0,-0.01,19137.138,-6.4,10,-48.9,0,-0.05,24683.256,-36.4,14,-68.1,0,0.06,31411.396,America/Los_Angeles,34.03202,-118.52633,86.0,361.3084554672241
2026-09-23T21:00,pressure_profile,best_match,71.6,77,64.0,0,0.02,301.837,74.9,38,47.6,0,0.01,2519.685,72.6,18,26.7,0,0.0,4940.945,47.6,44,27.0,0,-0.02,10344.488,30.7,19,-7.1,0,-0.02,14442.258,16.0,7,-37.1,0,0.01,19150.262,-6.4,10,-48.9,0,0.0,24695.408,-36.4,14,-68.1,0,0.03,31421.978,America/Los_Angeles,34.03202,-118.52633,86.0,361.3084554672241
2026-09-23T22:00,pressure_profile,best_match,71.6,77,64.0,0,0.02,311.68,74.5,38,47.3,0,0.0,2526.247,72.4,19,27.8,0,0.0,4947.507,47.6,48,28.8,0,0.01,10351.05,31.0,20,-5.4,0,-0.02,14448.819,16.0,9,-33.9,0,-0.01,19156.824,-6.4,10,-48.9,0,0.0,24699.458,-36.4,14,-68.1,0,0.0,31421.978,America/Los_Angeles,34.03202,-118.52633,86.0,361.3084554672241
2026-09-23T23:00,pressure_profile,best_match,71.6,76,63.6,0,0.01,308.399,74.3,38,47.1,0,-0.01,2526.247,72.4,19,27.8,0,0.0,4944.226,47.3,50,29.6,0,0.02,10344.488,31.0,23,-3.0,0,-0.01,14442.258,15.6,9,-34.2,0,-0.02,19146.982,-6.9,10,-49.3,0,-0.01,24687.308,-36.4,14,-68.1,0,-0.01,31406.106,America/Los_Angeles,34.03202,-118.52633,86.0,361.3084554672241
2026-09-24T00:00,pressure_profile,best_match,71.6,74,62.9,0,0.0,301.837,74.7,37,46.7,0,-0.01,2522.966,72.4,20,29.1,0,-0.01,4944.226,47.1,49,28.8,0,0.03,10341.207,30.3,24,-2.4,0,0.01,14438.977,15.6,10,-31.4,0,-0.02,19140.42,-6.9,10,-49.3,0,0.01,24679.208,-36.4,12,-70.4,0,0.0,31395.52,America/Los_Angeles,34.03202,-118.52633,86.0,361.3084554672241
2026-09-24T01:00,pressure_profile,best_match,71.8,74,63.0,0,0.0,298.556,74.9,36,46.2,0,-0.01,2519.685,72.4,20,29.1,0,-0.01,4940.945,47.1,47,27.7,0,0.02,10334.646,29.7,29,1.1,0,0.0,14432.415,16.0,10,-31.1,0,-0.02,19130.578,-6.9,10,-49.3,0,0.04,24663.004,-36.4,12,-70.4,0,0.0,31379.644,America/Los_Angeles,34.03202,-118.52633,86.0,361.3084554672241
2026-09-24T02:00,pressure_profile,best_match,71.8,74,63.0,0,0.0,295.276,74.9,36,46.2,0,-0.01,2516.404,72.0,21,29.9,0,0.0,4937.664,47.1,46,27.1,0,0.03,10331.365,29.0,33,3.1,0,-0.01,14425.854,15.6,10,-31.4,0,-0.01,19124.016,-7.5,10,-49.8,0,0.04,24650.854,-36.4,12,-70.4,0,-0.01,31369.062,America/Los_Angeles,34.03202,-118.52633,86.0,361.3084554672241
2026-09-24T03:00,pressure_profile,best_match,71.4,76,63.5,0,0.01,288.714,74.9,36,46.2,0,0.0,2509.843,71.8,23,32.0,0,0.0,4927.822,46.8,47,27.4,0,0.02,10324.804,29.0,33,3.1,0,-0.01,14416.011,15.6,10,-31.4,0,0.0,19110.892,-8.1,10,-50.2,0,0.01,24634.652,-36.4,14,-68.1,0,0.0,31353.186,America/Los_Angeles,34.03202,-118.52633,86.0,361.3084554672241
2026-09-24T04:00,pressure_profile,best_match,70.7,78,63.5,0,0.01,285.433,74.3,39,47.8,0,0.0,2506.562,71.5,25,33.9,0,0.0,4924.541,46.8,49,28.6,0,0.03,10318.241,28.7,33,2.8,0,-0.01,14409.449,15.6,10,-31.4,0,0.0,19101.05,-8.1,10,-50.2,0,0.0,24622.502,-36.4,14,-68.1,0,0.01,31342.604,America/Los_Angeles,34.03202,-118.52633,86.0,361.3084554672241
2026-09-24T05:00,pressure_profile,best_match,70.3,79,63.5,0,0.01,285.433,73.9,40,48.1,0,0.0,2506.562,71.3,26,34.7,0,0.0,4924.541,46.5,51,29.4,0,0.02,10314.961,28.7,33,2.8,0,-0.01,14409.449,15.2,10,-31.7,0,0.01,19101.05,-8.1,10,-50.2,0,0.0,24618.452,-37.3,14,-68.9,0,0.01,31337.314,America/Los_Angeles,34.03202,-118.52633,86.0,361.3084554672241
2026-09-24T06:00,pressure_profile,best_match,70.0,80,63.5,0,0.0,298.556,73.7,41,48.6,0,0.0,2516.404,71.3,27,35.6,0,-0.01,4931.103,46.2,52,29.7,0,0.0,10324.804,28.4,38,5.7,0,-0.01,14416.011,15.2,10,-31.7,0,0.02,19107.612,-8.1,10,-50.2,0,-0.02,24626.55,-37.3,12,-71.1,0,0.01,31337.314,America/Los_Angeles,34.03202,-118.52633,86.0,361.3084554672241
2026-09-24T07:00,pressure_profile,best_match,70.2,81,64.1,0,0.0,314.961,73.7,42,49.2,0,0.0,2529.528,71.3,27,35.6,0,-0.01,4944.226,46.5,47,27.2,0,-0.01,10334.646,28.4,44,9.1,0,-0.01,14425.854,14.4,10,-32.4,0,0.02,19114.174,-8.1,10,-50.2,0,-0.01,24634.652,-37.3,10,-73.8,0,0.03,31347.896,America/Los_Angeles,34.03202,-118.52633,86.0,361.3084554672241
2026-09-24T08:00,pressure_profile,best_match,71.1,78,63.9,0,0.0,324.803,73.7,42,49.2,0,0.0,2542.651,71.1,26,34.5,0,0.01,4957.349,46.8,42,25.0,0,0.01,10344.488,28.4,44,9.1,0,-0.01,14438.977,14.8,9,-34.8,0,-0.01,19127.296,-8.1,8,-53.2,0,0.01,24646.802,-38.2,10,-74.5,0,0.03,31358.478,America/Los_Angeles,34.03202,-118.52633,86.0,361.3084554672241
2026-09-24T09:00,pressure_profile,best_match,72.5,73,63.4,0,0.01,331.365,73.7,42,49.2,0,0.0,2552.494,70.7,27,35.1,0,0.02,4967.192,46.8,41,24.4,0,0.01,10351.05,28.7,44,9.4,0,-0.01,14448.819,14.8,9,-34.8,0,-0.01,19137.138,-8.1,8,-53.2,0,0.01,24658.956,-38.2,12,-71.9,0,0.01,31369.062,America/Los_Angeles,34.03202,-118.52633,86.0,361.3084554672241
2026-09-24T10:00,pressure_profile,best_match,74.1,67,62.5,0,0.01,334.646,74.5,40,48.6,0,-0.02,2559.055,70.9,29,37.0,0,0.0,4973.754,46.8,37,21.7,0,-0.01,10357.611,29.0,41,8.4,0,-0.02,14455.381,15.2,9,-34.5,0,0.0,19146.982,-8.1,8,-53.2,0,0.0,24667.056,-38.2,12,-71.9,0,-0.01,31379.644,America/Los_Angeles,34.03202,-118.52633,86.0,361.3084554672241
2026-09-24T11:00,pressure_profile,best_match,76.1,62,62.1,0,0.02,331.365,75.3,37,47.2,0,-0.01,2562.336,71.1,30,38.1,0,0.01,4977.034,47.1,33,19.7,0,0.0,10360.893,29.7,43,9.6,0,0.0,14461.942,14.8,9,-34.8,0,0.01,19153.542,-8.1,8,-53.2,0,-0.01,24675.156,-38.2,12,-71.9,0,-0.03,31379.644,America/Los_Angeles,34.03202,-118.52633,86.0,361.3084554672241
2026-09-24T12:00,pressure_profile,best_match,77.2,60,62.2,0,0.02,321.522,74.9,38,47.6,0,-0.01,2552.494,70.9,31,38.7,0,0.01,4970.473,47.1,30,17.2,0,-0.01,10354.331,29.7,45,10.9,0,-0.01,14458.661,14.4,9,-35.2,0,0.0,19150.262,-7.5,8,-52.8,0,0.0,24671.106,-38.2,10,-74.5,0,-0.01,31379.644,America/Los_Angeles,34.03202,-118.52633,86.0,361.3084554672241
2026-09-24T13:00,pressure_profile,best_match,76.3,62,62.3,4,0.02,314.961,75.1,40,49.2,0,-0.02,2549.213,70.9,32,39.6,0,-0.01,4963.911,47.1,29,16.3,0,-0.02,10351.05,30.0,43,9.9,0,-0.02,14455.381,14.8,9,-34.8,0,-0.01,19146.982,-7.5,8,-52.8,0,-0.01,24667.056,-37.3,10,-73.8,0,-0.01,31374.356,America/Los_Angeles,34.03202,-118.52633,86.0,361.3084554672241
2026-09-24T14:00,pressure_profile,best_match,75.4,65,62.8,5,0.02,305.118,76.1,35,46.5,0,-0.02,2539.37,71.1,31,38.9,0,-0.01,4960.63,47.3,30,17.4,0,-0.01,10347.77,30.3,36,6.7,0,0.01,14452.1,14.8,9,-34.8,0,0.01,19143.702,-6.9,8,-52.3,0,-0.02,24663.004,-37.3,8,-76.9,0,-0.01,31374.356,America/Los_Angeles,34.03202,-118.52633,86.0,361.3084554672241
2026-09-24T15:00,pressure_profile,best_match,75.0,65,62.5,5,0.02,295.276,77.1,32,45.0,0,-0.02,2532.808,71.3,32,39.9,0,-0.01,4954.069,47.3,32,19.1,0,-0.02,10347.77,30.3,33,4.3,0,0.01,14455.381,14.8,9,-34.8,0,0.0,19143.702,-6.9,8,-52.3,0,-0.01,24663.004,-37.3,8,-76.9,0,0.0,31374.356,America/Los_Angeles,34.03202,-118.52633,86.0,361.3084554672241
2026-09-24T16:00,pressure_profile,best_match,75.2,67,63.5,4,0.02,285.433,77.7,31,44.6,0,-0.02,2522.966,71.5,33,40.9,0,-0.01,4944.226,47.3,34,20.7,0,-0.03,10341.207,30.3,30,2.6,0,0.0,14448.819,14.8,9,-34.8,0,0.01,19137.138,-6.9,8,-52.3,0,0.01,24658.956,-37.3,6,-80.9,0,0.0,31379.644,America/Los_Angeles,34.03202,-118.52633,86.0,361.3084554672241
2026-09-24T17:00,pressure_profile,best_match,75.7,68,64.4,0,0.02,278.871,78.1,31,45.0,0,0.01,2516.404,71.3,32,39.9,0,0.02,4937.664,47.6,36,21.7,0,-0.03,10334.646,30.3,30,2.6,0,-0.01,14438.977,14.8,9,-34.8,0,-0.02,19130.578,-6.9,7,-55.9,0,-0.05,24658.956,-36.4,6,-80.2,0,-0.04,31379.644,America/Los_Angeles,34.03202,-118.52633,86.0,361.3084554672241
2026-09-24T18:00,pressure_profile,best_match,74.3,69,63.5,0,0.02,275.591,76.7,35,47.0,0,0.0,2509.843,70.7,32,39.4,0,0.01,4931.103,47.9,33,20.4,0,-0.03,10328.084,30.3,29,1.7,0,-0.02,14438.977,15.6,9,-34.2,0,-0.04,19133.86,-6.4,5,-59.9,0,-0.04,24667.056,-36.4,6,-80.2,0,-0.04,31395.52,America/Los_Angeles,34.03202,-118.52633,86.0,361.3084554672241
2026-09-24T19:00,pressure_profile,best_match,72.9,74,64.1,0,0.02,282.152,76.5,38,49.0,0,0.01,2516.404,70.2,31,38.2,0,0.02,4934.384,47.9,29,17.0,0,-0.02,10331.365,30.7,30,2.9,0,0.0,14438.977,16.0,9,-33.9,0,-0.01,19133.86,-5.8,3,-65.7,0,-0.02,24675.156,-35.5,6,-79.5,0,-0.01,31406.106,America/Los_Angeles,34.03202,-118.52633,86.0,361.3084554672241
2026-09-24T20:00,pressure_profile,best_match,72.1,74,63.4,0,0.02,298.556,75.5,40,49.5,0,0.02,2529.528,69.8,31,37.8,0,0.0,4947.507,47.9,27,15.2,0,-0.03,10341.207,30.3,30,2.6,0,-0.01,14448.819,16.0,7,-37.1,0,-0.02,19150.262,-5.2,5,-59.1,0,-0.02,24691.358,-34.6,6,-78.8,0,-0.03,31427.272,America/Los_Angeles,34.03202,-118.52633,86.0,361.3084554672241
2026-09-24T21:00,pressure_profile,best_match,71.6,75,63.3,0,0.01,311.68,74.9,41,49.6,0,0.01,2539.37,69.8,29,36.1,0,-0.01,4954.069,47.9,24,13.2,0,-0.03,10347.77,30.7,30,2.9,0,-0.02,14455.381,16.9,7,-36.5,0,-0.02,19163.386,-5.2,5,-59.1,0,-0.04,24711.61,-32.8,12,-67.4,0,0.0,31448.438,America/Los_Angeles,34.03202,-118.52633,86.0,361.3084554672241
2026-09-24T22:00,pressure_profile,best_match,71.2,77,63.7,0,0.02,321.522,74.1,44,50.8,0,0.01,2545.932,69.8,29,36.1,0,-0.01,4957.349,47.9,27,15.2,0,-0.03,10351.05,31.7,29,2.8,0,-0.04,14458.661,17.3,6,-40.0,0,-0.03,19166.666,-5.2,5,-59.1,0,-0.01,24719.71,-33.7,26,-56.4,0,0.0,31464.312,America/Los_Angeles,34.03202,-118.52633,86.0,361.3084554672241
2026-09-24T23:00,pressure_profile,best_match,70.9,78,63.7,0,0.01,321.522,73.9,45,51.3,0,-0.01,2545.932,70.0,27,34.5,0,-0.01,4957.349,47.6,29,16.8,0,0.0,10351.05,31.7,29,2.8,0,0.01,14455.381,17.3,6,-40.0,0,-0.01,19163.386,-5.8,5,-59.5,0,-0.02,24715.662,-33.7,62,-42.1,0,-0.04,31464.312,America/Los_Angeles,34.03202,-118.52633,86.0,361.3084554672241
2026-09-25T00:00,pressure_profile,best_match,70.7,78,63.5,0,0.01,321.522,73.5,45,50.9,0,0.01,2542.651,69.8,27,34.3,0,0.0,4954.069,47.3,29,16.6,0,0.0,10344.488,31.3,28,1.6,0,0.0,14445.538,17.3,6,-40.0,0,0.0,19156.824,-5.2,5,-59.1,0,0.01,24707.56,-33.7,50,-45.7,0,-0.01,31459.022,America/Los_Angeles,34.03202,-118.52633,86.0,361.3084554672241
2026-09-25T01:00,pressure_profile,best_match,70.3,79,63.5,0,0.01,321.522,72.6,46,50.6,0,0.0,2539.37,69.6,27,34.1,0,-0.01,4950.788,47.1,29,16.3,0,0.01,10337.927,31.7,24,-1.3,0,0.0,14438.977,17.3,6,-40.0,0,0.01,19150.262,-5.2,7,-54.6,0,0.02,24699.458,-33.7,36,-51.2,0,0.01,31453.73,America/Los_Angeles,34.03202,-118.52633,86.0,361.3084554672241
2026-09-25T02:00,pressure_profile,best_match,70.0,79,63.2,0,0.01,318.242,72.8,45,50.2,0,0.0,2536.089,69.8,26,33.4,0,-0.01,4947.507,46.8,30,17.0,0,0.02,10331.365,31.7,23,-2.4,0,-0.01,14429.134,16.9,6,-40.4,0,0.01,19143.702,-5.8,10,-48.4,0,0.0,24691.358,-33.7,42,-48.6,0,0.0,31453.73,America/Los_Angeles,34.03202,-118.52633,86.0,361.3084554672241
2026-09-25T03:00,pressure_profile,best_match,70.0,79,63.2,0,0.0,318.242,72.4,44,49.2,0,0.01,2532.808,69.6,26,33.2,0,0.0,4940.945,46.5,30,16.7,0,0.01,10324.804,33.0,16,-8.1,0,-0.02,14422.572,16.9,6,-40.4,0,0.0,19137.138,-5.8,15,-41.6,0,0.0,24683.256,-33.7,64,-41.5,0,-0.01,31448.438,America/Los_Angeles,34.03202,-118.52633,86.0,361.3084554672241
2026-09-25T04:00,pressure_profile,best_match,70.3,79,63.5,0,0.0,318.242,71.8,45,49.3,0,0.0,2536.089,69.4,27,33.9,0,0.0,4940.945,46.2,31,17.3,0,0.0,10318.241,33.3,11,-15.2,0,-0.01,14416.011,17.3,7,-36.1,0,0.01,19137.138,-6.4,18,-38.6,0,0.0,24679.208,-33.7,70,-40.0,0,0.04,31443.146,America/Los_Angeles,34.03202,-118.52633,86.0,361.3084554672241
2026-09-25T05:00,pressure_profile,best_match,70.3,78,63.2,0,0.0,318.242,71.4,46,49.5,0,0.0,2536.089,68.7,27,33.4,0,0.0,4940.945,46.0,33,18.7,0,-0.01,10318.241,33.7,8,-22.8,0,-0.02,14416.011,17.3,7,-36.1,0,0.0,19140.42,-6.4,22,-35.6,0,0.0,24679.208,-32.8,100,-32.8,100,-0.01,31437.854,America/Los_Angeles,34.03202,-118.52633,86.0,361.3084554672241
2026-09-25T06:00,pressure_profile,best_match,70.0,77,62.4,0,0.01,321.522,71.6,45,49.1,0,0.0,2539.37,68.7,27,33.4,0,0.0,4944.226,45.4,38,21.1,0,0.0,10321.522,34.3,8,-22.3,0,0.0,14419.291,17.3,7,-36.1,0,-0.01,19143.702,-6.4,28,-30.8,0,-0.05,24687.308,-32.8,100,-32.8,100,-0.01,31448.438,America/Los_Angeles,34.03202,-118.52633,86.0,361.3084554672241
2026-09-25T07:00,pressure_profile,best_match,69.8,77,62.3,0,0.0,331.365,71.4,45,48.9,0,0.0,2549.213,68.5,28,34.1,0,0.0,4954.069,45.1,40,22.2,0,-0.02,10328.084,34.7,6,-25.5,0,0.0,14429.134,17.3,7,-36.1,0,0.01,19156.824,-5.8,42,-23.1,0,-0.02,24695.408,-33.7,100,-33.7,100,-0.07,31459.022,America/Los_Angeles,34.03202,-118.52633,86.0,361.3084554672241
2026-09-25T08:00,pressure_profile,best_match,70.7,74,62.0,0,0.0,337.927,71.8,44,48.7,0,-0.01,2559.055,68.5,27,33.2,0,-0.01,4963.911,45.1,38,20.9,0,-0.01,10337.927,35.0,6,-25.2,0,0.02,14438.977,17.3,7,-36.1,0,-0.01,19166.666,-5.8,77,-11.2,2,-0.06,24707.56,-32.8,92,-34.3,32,-0.01,31474.894,America/Los_Angeles,34.03202,-118.52633,86.0,361.3084554672241
2026-09-25T09:00,pressure_profile,best_match,72.3,69,61.6,0,0.01,344.488,71.4,44,48.3,0,0.0,2565.617,68.3,28,33.9,0,0.0,4970.473,45.1,37,20.2,0,0.0,10344.488,34.7,6,-25.5,0,0.01,14445.538,17.3,6,-40.0,0,-0.01,19176.51,-5.2,88,-7.8,5,-0.05,24719.71,-32.8,82,-36.3,4,-0.01,31490.77,America/Los_Angeles,34.03202,-118.52633,86.0,361.3084554672241
2026-09-25T10:00,pressure_profile,best_match,73.9,64,61.0,0,0.01,351.05,72.2,42,47.8,0,-0.02,2575.459,68.7,27,33.4,0,-0.03,4980.315,44.9,38,20.6,0,-0.01,10354.331,34.3,6,-25.7,0,0.0,14458.661,17.3,7,-36.1,0,-0.01,19186.352,-5.2,80,-9.8,0,0.01,24735.914,-33.7,76,-38.6,2,-0.01,31501.356,America/Los_Angeles,34.03202,-118.52633,86.0,361.3084554672241
2026-09-25T11:00,pressure_profile,best_match,75.4,60,60.5,0,0.01,354.331,72.8,39,46.4,0,-0.01,2582.021,69.1,26,32.8,0,-0.01,4990.158,45.1,36,19.5,0,-0.02,10364.173,34.7,6,-25.5,0,0.0,14465.224,17.3,9,-32.9,0,-0.02,19196.196,-4.7,68,-12.4,0,0.0,24744.014,-33.7,68,-40.5,0,0.0,31517.228,America/Los_Angeles,34.03202,-118.52633,86.0,361.3084554672241
2026-09-25T12:00,pressure_profile,best_match,76.8,57,60.4,0,0.01,341.207,72.8,40,47.0,0,-0.03,2575.459,69.4,26,33.0,0,-0.02,4983.596,45.1,33,18.0,0,-0.01,10357.611,34.7,6,-25.5,0,-0.01,14461.942,17.3,14,-23.5,0,-0.01,19192.914,-4.1,65,-12.9,0,0.0,24744.014,-34.6,72,-40.4,0,0.01,31517.228,America/Los_Angeles,34.03202,-118.52633,86.0,361.3084554672241
2026-09-25T13:00,pressure_profile,best_match,77.5,55,60.1,0,0.02,324.803,74.3,38,47.1,0,-0.03,2565.617,69.8,25,32.4,0,-0.03,4977.034,45.4,31,16.6,0,-0.01,10351.05,35.3,5,-29.1,0,-0.03,14461.942,17.3,23,-14.4,0,0.01,19196.196,-4.1,65,-12.9,0,0.01,24744.014,-34.6,82,-38.1,14,0.01,31517.228,America/Los_Angeles,34.03202,-118.52633,86.0,361.3084554672241
2026-09-25T14:00,pressure_profile,best_match,77.4,57,60.9,2,0.02,305.118,75.5,36,46.7,0,-0.02,2549.213,70.0,24,31.6,0,-0.02,4963.911,46.0,27,13.5,0,-0.01,10341.207,36.0,5,-28.7,0,-0.02,14452.1,17.3,31,-7.9,0,0.0,19192.914,-4.7,67,-12.9,0,0.01,24739.962,-34.6,100,-34.6,76,0.01,31511.94,America/Los_Angeles,34.03202,-118.52633,86.0,361.3084554672241
2026-09-25T15:00,pressure_profile,best_match,76.3,58,60.4,3,0.02,291.995,75.9,37,47.8,0,-0.02,2532.808,70.2,24,31.7,0,-0.01,4954.069,46.2,24,11.8,0,0.0,10331.365,36.3,5,-28.4,0,-0.01,14448.819,17.7,31,-7.6,0,-0.01,19189.632,-4.7,65,-13.4,0,0.0,24735.914,-34.6,100,-34.6,66,0.0,31506.646,America/Los_Angeles,34.03202,-118.52633,86.0,361.3084554672241
2026-09-25T16:00,pressure_profile,best_match,75.4,61,61.0,5,0.02,278.871,76.5,36,47.6,0,-0.02,2519.685,70.2,24,31.7,0,-0.03,4940.945,46.5,21,8.8,0,-0.03,10321.522,36.6,5,-28.2,0,-0.01,14442.258,17.7,31,-7.6,0,-0.02,19183.07,-4.1,62,-13.9,0,-0.01,24731.862,-34.6,98,-35.0,44,0.01,31501.356,America/Los_Angeles,34.03202,-118.52633,86.0,361.3084554672241
2026-09-25T17:00,pressure_profile,best_match,75.6,62,61.6,1,0.02,275.591,77.7,32,45.5,0,-0.03,2516.404,70.7,23,31.1,0,-0.04,4937.664,47.1,17,4.0,0,-0.03,10314.961,36.6,5,-28.2,0,0.0,14435.695,18.1,30,-8.1,0,-0.01,19179.792,-4.1,52,-17.4,0,0.0,24735.914,-34.6,88,-36.9,4,-0.01,31506.646,America/Los_Angeles,34.03202,-118.52633,86.0,361.3084554672241
2026-09-25T18:00,pressure_profile,best_match,76.6,61,62.2,0,0.01,272.31,78.5,28,42.7,0,0.0,2513.123,70.7,23,31.1,0,-0.01,4937.664,47.6,13,-0.4,0,-0.03,10314.961,37.0,5,-27.9,0,-0.01,14442.258,18.1,30,-8.1,0,-0.02,19189.632,-4.1,50,-18.1,0,-0.01,24748.064,-34.6,72,-40.4,0,-0.03,31517.228,America/Los_Angeles,34.03202,-118.52633,86.0,361.3084554672241
2026-09-25T19:00,pressure_profile,best_match,75.6,62,61.6,0,0.01,282.152,77.9,28,42.2,0,0.01,2526.247,70.5,23,30.9,0,0.01,4947.507,48.2,11,-3.8,0,-0.02,10324.804,37.0,5,-27.9,0,-0.01,14452.1,18.1,30,-8.1,0,-0.01,19202.756,-4.1,52,-17.4,0,0.0,24760.214,-34.6,74,-39.9,2,-0.04,31538.396,America/Los_Angeles,34.03202,-118.52633,86.0,361.3084554672241
2026-09-25T20:00,pressure_profile,best_match,75.2,62,61.3,0,0.01,298.556,77.5,28,41.8,0,0.01,2539.37,70.2,24,31.7,0,0.01,4957.349,48.4,10,-5.7,0,0.0,10334.646,37.3,5,-27.7,0,0.01,14461.942,18.1,29,-9.1,0,-0.02,19215.878,-3.5,57,-15.1,0,-0.05,24776.418,-34.6,80,-38.5,4,-0.04,31554.274,America/Los_Angeles,34.03202,-118.52633,86.0,361.3084554672241
2026-09-25T21:00,pressure_profile,best_match,75.2,65,62.6,0,0.01,311.68,76.9,29,42.2,0,0.03,2552.494,69.6,25,32.2,0,0.04,4967.192,48.7,9,-8.0,0,0.0,10341.207,37.3,5,-27.7,0,-0.01,14471.785,18.6,27,-9.8,0,-0.03,19229.002,-3.5,65,-12.3,0,-0.01,24788.568,-34.6,82,-38.1,4,-0.01,31570.148,America/Los_Angeles,34.03202,-118.52633,86.0,361.3084554672241
2026-09-25T22:00,pressure_profile,best_match,73.4,67,61.8,0,0.02,321.522,75.7,32,43.8,0,0.0,2555.775,68.9,26,32.6,0,-0.01,4970.473,49.0,9,-7.8,0,0.0,10344.488,37.6,5,-27.4,0,0.0,14475.065,19.0,27,-9.4,0,-0.01,19235.564,-2.9,65,-11.8,0,-0.02,24796.67,-33.7,78,-38.1,4,-0.01,31586.02,America/Los_Angeles,34.03202,-118.52633,86.0,361.3084554672241
2026-09-25T23:00,pressure_profile,best_match,72.5,69,61.8,0,0.01,328.084,75.3,33,44.2,0,0.02,2559.055,68.9,26,32.6,0,0.01,4970.473,49.0,8,-10.5,0,0.0,10341.207,38.0,5,-27.2,0,-0.02,14471.785,18.6,29,-8.8,0,-0.01,19232.284,-2.9,60,-13.4,0,-0.01,24796.67,-33.7,62,-42.1,0,0.0,31586.02,America/Los_Angeles,34.03202,-118.52633,86.0,361.3084554672241
2026-09-26T00:00,pressure_profile,best_match,72.0,70,61.6,0,0.01,328.084,74.3,33,43.4,0,0.0,2552.494,68.7,26,32.4,0,-0.01,4960.63,49.0,8,-10.5,0,0.01,10331.365,38.3,5,-27.0,0,-0.01,14465.224,18.6,29,-8.8,0,-0.01,19225.722,-2.9,52,-16.4,0,-0.01,24792.62,-33.7,82,-37.2,2,-0.03,31575.438,America/Los_Angeles,34.03202,-118.52633,86.0,361.3084554672241
2026-09-26T01:00,pressure_profile,best_match,71.8,71,61.9,0,0.0,321.522,74.5,32,42.7,0,-0.01,2545.932,68.5,26,32.3,0,0.0,4950.788,48.7,8,-10.7,0,0.0,10321.522,38.3,5,-27.0,0,0.0,14452.1,19.0,29,-8.4,0,-0.02,19212.598,-2.4,40,-20.8,0,-0.02,24780.466,-32.8,66,-40.1,0,-0.01,31564.856,America/Los_Angeles,34.03202,-118.52633,86.0,361.3084554672241
2026-09-26T02:00,pressure_profile,best_match,72.1,70,61.8,0,0.0,314.961,74.3,31,41.7,0,0.0,2542.651,68.3,26,32.1,0,0.0,4947.507,49.0,8,-10.5,0,-0.01,10311.68,38.3,5,-27.0,0,-0.01,14445.538,19.0,23,-12.9,0,-0.01,19206.038,-2.4,30,-26.2,0,0.02,24780.466,-32.8,72,-38.6,0,0.01,31559.562,America/Los_Angeles,34.03202,-118.52633,86.0,361.3084554672241
2026-09-26T03:00,pressure_profile,best_match,72.1,68,61.0,0,0.0,314.961,74.1,31,41.6,0,0.0,2539.37,68.1,26,31.9,0,0.0,4944.226,49.3,7,-13.4,0,-0.01,10305.118,38.6,5,-26.7,0,0.0,14442.258,19.0,16,-20.3,0,-0.01,19202.756,-2.4,17,-36.9,0,0.0,24772.368,-32.8,78,-37.2,2,-0.03,31559.562,America/Los_Angeles,34.03202,-118.52633,86.0,361.3084554672241
2026-09-26T04:00,pressure_profile,best_match,72.3,68,61.2,0,0.0,314.961,74.1,30,40.7,0,-0.01,2539.37,67.8,27,32.6,0,-0.02,4940.945,49.5,7,-13.2,0,-0.03,10301.837,38.6,5,-26.7,0,-0.01,14435.695,19.0,14,-22.1,0,-0.01,19196.196,-2.9,17,-37.4,0,0.05,24768.316,-32.8,62,-41.2,0,0.03,31559.562,America/Los_Angeles,34.03202,-118.52633,86.0,361.3084554672241
2026-09-26T05:00,pressure_profile,best_match,72.5,66,60.5,0,0.0,311.68,74.1,30,40.7,0,-0.01,2536.089,67.6,27,32.4,0,-0.01,4937.664,49.5,7,-13.2,0,0.0,10301.837,38.3,5,-27.0,0,0.01,14435.695,19.4,14,-21.7,0,-0.02,19196.196,-2.4,12,-43.1,0,-0.04,24768.316,-32.8,64,-40.7,12,-0.03,31564.856,America/Los_Angeles,34.03202,-118.52633,86.0,361.3084554672241
2026-09-26T06:00,pressure_profile,best_match,72.5,64,59.6,0,0.0,314.961,74.1,29,39.8,0,-0.01,2539.37,67.4,27,32.3,0,0.0,4940.945,49.3,7,-13.4,0,0.0,10301.837,38.3,5,-27.0,0,0.01,14435.695,19.4,14,-21.7,0,0.0,19196.196,-2.4,5,-56.9,0,0.0,24768.316,-32.8,86,-35.5,6,-0.03,31570.148,America/Los_Angeles,34.03202,-118.52633,86.0,361.3084554672241
2026-09-26T07:00,pressure_profile,best_match,72.5,61,58.3,0,0.0,321.522,73.9,29,39.7,0,0.01,2545.932,67.4,27,32.3,0,0.01,4947.507,49.3,7,-13.4,0,0.0,10308.399,38.3,5,-27.0,0,0.0,14442.258,19.0,14,-22.1,0,0.0,19199.474,-2.4,5,-56.9,0,-0.01,24776.418,-31.9,96,-32.6,18,-0.01,31586.02,America/Los_Angeles,34.03202,-118.52633,86.0,361.3084554672241
2026-09-26T08:00,pressure_profile,best_match,73.2,58,57.6,0,0.0,331.365,73.9,30,40.5,0,0.0,2559.055,67.2,27,32.1,0,0.0,4960.63,49.3,7,-13.4,0,0.0,10321.522,38.3,5,-27.0,0,0.03,14455.381,19.0,14,-22.1,0,-0.02,19209.318,-2.4,5,-56.9,0,-0.04,24784.518,-30.1,96,-30.8,8,-0.03,31596.606,America/Los_Angeles,34.03202,-118.52633,86.0,361.3084554672241
2026-09-26T09:00,pressure_profile,best_match,75.4,52,56.5,0,0.0,337.927,73.9,29,39.7,0,0.0,2565.617,67.2,26,31.1,0,0.01,4967.192,49.5,7,-13.2,0,0.0,10328.084,37.6,6,-23.3,0,0.03,14465.224,19.4,13,-23.7,0,-0.01,19219.16,-1.8,5,-56.5,0,-0.02,24796.67,-30.1,96,-30.8,12,0.0,31612.478,America/Los_Angeles,34.03202,-118.52633,86.0,361.3084554672241
2026-09-26T10:00,pressure_profile,best_match,76.8,48,55.6,0,0.01,337.927,73.9,29,39.7,0,0.0,2572.179,67.2,26,31.1,0,0.0,4973.754,49.8,6,-16.6,0,0.0,10334.646,38.0,6,-23.0,0,0.0,14475.065,19.4,13,-23.7,0,-0.02,19229.002,-1.8,7,-51.9,0,-0.01,24808.82,-30.1,86,-32.8,18,0.03,31633.646,America/Los_Angeles,34.03202,-118.52633,86.0,361.3084554672241
2026-09-26T11:00,pressure_profile,best_match,77.5,45,54.5,0,0.02,347.769,74.1,30,40.7,0,-0.02,2582.021,67.2,25,30.2,0,-0.02,4983.596,49.8,6,-16.6,0,-0.01,10344.488,38.0,6,-23.0,0,0.0,14478.347,19.4,11,-26.0,0,-0.02,19232.284,-1.8,7,-51.9,0,0.01,24816.92,-29.2,88,-31.5,18,0.01,31644.23,America/Los_Angeles,34.03202,-118.52633,86.0,361.3084554672241
2026-09-26T12:00,pressure_profile,best_match,77.9,45,54.9,0,0.02,341.207,74.5,29,40.2,0,-0.03,2578.74,67.4,24,29.4,0,-0.02,4980.315,49.8,6,-16.6,0,-0.01,10341.207,38.0,6,-23.0,0,0.0,14475.065,19.8,7,-34.2,0,-0.02,19229.002,-1.8,7,-51.9,0,0.01,24816.92,-29.2,42,-44.5,0,0.01,31654.812,America/Los_Angeles,34.03202,-118.52633,86.0,361.3084554672241
2026-09-26T13:00,pressure_profile,best_match,77.7,45,54.7,0,0.02,337.927,75.1,28,39.8,0,-0.04,2575.459,67.8,23,28.7,0,-0.03,4977.034,49.8,6,-16.6,0,0.0,10337.927,38.3,8,-19.3,0,-0.01,14471.785,19.8,6,-38.2,0,-0.03,19222.442,-1.2,5,-56.1,0,0.01,24812.872,-29.2,42,-44.5,0,0.01,31654.812,America/Los_Angeles,34.03202,-118.52633,86.0,361.3084554672241
2026-09-26T14:00,pressure_profile,best_match,77.5,44,53.9,0,0.02,314.961,75.9,27,39.5,0,-0.04,2552.494,68.1,22,27.8,0,-0.03,4957.349,49.8,6,-16.6,0,0.0,10321.522,38.3,8,-19.3,0,-0.01,14455.381,20.2,4,-42.8,0,-0.03,19209.318,-1.2,5,-56.1,0,0.01,24800.718,-29.2,38,-46.2,0,0.01,31649.524,America/Los_Angeles,34.03202,-118.52633,86.0,361.3084554672241
2026-09-26T15:00,pressure_profile,best_match,77.5,44,53.9,0,0.02,288.714,76.7,25,38.2,0,-0.04,2529.528,68.3,21,26.8,0,-0.03,4937.664,50.1,6,-16.4,0,-0.01,10305.118,38.3,8,-19.3,0,-0.02,14442.258,20.2,4,-42.8,0,-0.02,19196.196,-1.2,5,-56.1,0,0.01,24788.568,-29.2,34,-48.0,0,0.01,31638.938,America/Los_Angeles,34.03202,-118.52633,86.0,361.3084554672241
2026-09-26T16:00,pressure_profile,best_match,77.5,47,55.7,0,0.02,282.152,77.7,23,36.9,0,-0.04,2522.966,68.7,19,24.8,0,-0.03,4931.103,50.6,6,-16.0,0,-0.02,10298.557,38.6,8,-19.0,0,-0.03,14435.695,20.7,3,-49.3,0,-0.01,19192.914,-1.2,5,-56.1,0,0.02,24788.568,-29.2,32,-49.0,0,0.0,31633.646,America/Los_Angeles,34.03202,-118.52633,86.0,361.3084554672241
2026-09-26T17:00,pressure_profile,best_match,77.4,50,57.3,0,0.02,282.152,78.3,21,35.1,0,-0.03,2522.966,68.7,18,23.5,0,-0.03,4931.103,50.9,6,-15.8,0,-0.02,10295.275,38.6,6,-22.5,0,-0.03,14435.695,20.7,3,-49.3,0,0.0,19189.632,-1.2,5,-56.1,0,0.02,24784.518,-29.2,32,-49.0,0,0.0,31633.646,America/Los_Angeles,34.03202,-118.52633,86.0,361.3084554672241
2026-09-26T18:00,pressure_profile,best_match,77.0,51,57.5,0,0.02,288.714,78.1,20,33.7,0,-0.01,2529.528,68.5,18,23.3,0,-0.01,4934.384,51.2,6,-15.6,0,-0.01,10301.837,38.6,6,-22.5,0,-0.02,14438.977,21.1,3,-49.0,0,0.0,19192.914,-1.2,5,-56.1,0,0.01,24784.518,-29.2,28,-51.2,0,0.0,31633.646,America/Los_Angeles,34.03202,-118.52633,86.0,361.3084554672241
2026-09-26T19:00,pressure_profile,best_match,76.5,52,57.5,0,0.01,298.556,77.5,21,34.5,0,0.01,2532.808,68.3,18,23.1,0,0.01,4940.945,51.2,6,-15.6,0,0.01,10305.118,39.0,6,-22.3,0,0.0,14445.538,21.5,4,-41.9,0,-0.01,19199.474,-0.6,7,-51.0,0,0.0,24788.568,-29.2,24,-53.7,0,0.01,31633.646,America/Los_Angeles,34.03202,-118.52633,86.0,361.3084554672241
2026-09-26T20:00,pressure_profile,best_match,75.9,53,57.6,0,0.01,305.118,76.9,21,34.0,0,0.02,2539.37,67.8,19,24.1,0,0.03,4944.226,51.2,6,-15.6,0,0.02,10311.68,39.0,6,-22.3,0,0.01,14448.819,21.9,4,-41.6,0,-0.02,19202.756,-0.6,7,-51.0,0,-0.01,24788.568,-29.2,24,-53.7,0,0.01,31633.646,America/Los_Angeles,34.03202,-118.52633,86.0,361.3084554672241
2026-09-26T21:00,pressure_profile,best_match,75.4,55,58.1,0,0.01,318.242,76.3,22,34.7,0,0.02,2549.213,67.4,19,23.7,0,0.03,4950.788,51.2,6,-15.6,0,0.03,10314.961,39.0,6,-22.3,0,0.01,14452.1,21.9,4,-41.6,0,-0.02,19206.038,-1.2,7,-51.5,0,-0.01,24788.568,-29.2,34,-48.0,0,0.03,31623.064,America/Los_Angeles,34.03202,-118.52633,86.0,361.3084554672241
2026-09-26T22:00,pressure_profile,best_match,75.0,58,59.2,0,0.01,328.084,75.7,23,35.3,0,0.02,2559.055,67.2,20,24.7,0,0.03,4954.069,51.4,6,-15.4,0,0.03,10321.522,38.6,6,-22.5,0,0.01,14455.381,21.9,4,-41.6,0,-0.01,19209.318,-1.8,7,-51.9,0,0.0,24784.518,-29.2,50,-41.5,0,0.03,31617.772,America/Los_Angeles,34.03202,-118.52633,86.0,361.3084554672241
2026-09-26T23:00,pressure_profile,best_match,74.5,60,59.7,0,0.01,341.207,75.1,24,35.9,0,0.01,2568.898,66.8,20,24.4,0,0.02,4960.63,51.4,6,-15.4,0,0.03,10324.804,38.6,6,-22.5,0,0.01,14458.661,21.9,4,-41.6,0,0.0,19212.598,-2.4,7,-52.4,0,0.01,24784.518,-29.2,58,-38.9,0,0.04,31607.19,America/Los_Angeles,34.03202,-118.52633,86.0,361.3084554672241
2026-09-27T00:00,pressure_profile,best_match,73.9,62,60.1,0,0.01,331.365,74.7,24,35.5,0,0.01,2559.055,66.5,20,24.2,0,0.01,4947.507,51.4,6,-15.4,0,0.02,10308.399,38.6,6,-22.5,0,0.0,14442.258,21.5,6,-36.9,0,0.0,19196.196,-2.4,5,-56.9,0,0.01,24764.266,-29.2,50,-41.5,0,0.04,31575.438,America/Los_Angeles,34.03202,-118.52633,86.0,361.3084554672241
2026-09-27T01:00,pressure_profile,best_match,73.4,64,60.5,0,0.01,324.803,74.3,25,36.2,0,0.0,2545.932,66.1,20,23.8,0,0.01,4934.384,51.7,6,-15.2,0,0.0,10295.275,39.0,6,-22.3,0,0.0,14429.134,20.7,6,-37.5,0,-0.01,19176.51,-2.9,3,-63.6,0,0.02,24744.014,-29.2,34,-48.0,0,0.06,31548.98,America/Los_Angeles,34.03202,-118.52633,86.0,361.3084554672241
2026-09-27T02:00,pressure_profile,best_match,72.9,66,60.8,0,0.01,314.961,73.9,25,35.9,0,0.0,2536.089,65.9,20,23.7,0,0.0,4921.26,51.7,6,-15.2,0,-0.01,10278.871,39.0,6,-22.3,0,-0.01,14412.729,20.2,7,-33.9,0,-0.01,19160.106,-2.9,3,-63.6,0,0.02,24723.762,-29.2,22,-55.1,0,0.06,31517.228,America/Los_Angeles,34.03202,-118.52633,86.0,361.3084554672241
2026-09-27T03:00,pressure_profile,best_match,72.1,67,60.6,0,0.01,314.961,73.3,26,36.4,0,0.0,2532.808,65.5,20,23.3,0,-0.01,4917.979,51.7,6,-15.2,0,-0.02,10272.31,39.0,6,-22.3,0,-0.01,14406.168,19.8,7,-34.2,0,-0.01,19146.982,-3.5,5,-57.8,0,0.02,24707.56,-30.1,16,-60.8,0,0.06,31490.77,America/Los_Angeles,34.03202,-118.52633,86.0,361.3084554672241
2026-09-27T04:00,pressure_profile,best_match,71.2,68,60.1,0,0.0,311.68,72.8,26,35.9,0,-0.01,2529.528,65.0,20,22.9,0,-0.02,4911.418,51.4,7,-11.7,0,-0.03,10262.467,38.6,5,-26.7,0,0.0,14396.325,19.8,7,-34.2,0,-0.01,19137.138,-4.1,7,-53.7,0,0.04,24691.358,-30.1,14,-62.9,0,0.04,31464.312,America/Los_Angeles,34.03202,-118.52633,86.0,361.3084554672241
2026-09-27T05:00,pressure_profile,best_match,70.9,67,59.4,0,0.0,311.68,72.2,27,36.3,0,-0.01,2526.247,64.8,20,22.8,0,-0.03,4908.137,51.4,7,-11.7,0,-0.03,10255.905,38.6,5,-26.7,0,0.0,14389.764,19.4,6,-38.5,0,0.0,19124.016,-4.7,10,-47.5,0,0.04,24675.156,-31.0,12,-66.0,0,0.04,31437.854,America/Los_Angeles,34.03202,-118.52633,86.0,361.3084554672241
2026-09-27T06:00,pressure_profile,best_match,70.9,65,58.5,0,0.0,318.242,72.0,27,36.2,0,-0.01,2532.808,64.6,19,21.4,0,-0.03,4914.698,51.4,7,-11.7,0,-0.03,10262.467,38.3,5,-27.0,0,0.0,14393.045,19.0,4,-43.7,0,0.01,19124.016,-5.2,17,-39.3,0,0.04,24675.156,-31.0,10,-68.7,0,0.04,31437.854,America/Los_Angeles,34.03202,-118.52633,86.0,361.3084554672241
2026-09-27T07:00,pressure_profile,best_match,71.4,62,57.7,0,0.0,328.084,71.8,27,36.0,0,0.0,2542.651,64.6,19,21.4,0,-0.02,4921.26,51.7,7,-11.5,0,-0.02,10265.748,38.0,4,-32.5,0,0.0,14396.325,18.6,3,-50.8,0,0.03,19127.296,-5.8,23,-33.8,0,0.04,24671.106,-31.0,8,-71.9,0,0.06,31432.564,America/Los_Angeles,34.03202,-118.52633,86.0,361.3084554672241
2026-09-27T08:00,pressure_profile,best_match,72.1,59,57.0,0,0.0,334.646,71.6,28,36.7,0,0.0,2549.213,64.6,18,20.1,0,-0.01,4927.822,51.7,7,-11.5,0,-0.01,10272.31,38.0,4,-32.5,0,0.0,14399.606,18.1,3,-51.1,0,0.04,19127.296,-6.4,28,-30.8,0,0.02,24671.106,-31.0,8,-71.9,0,0.06,31432.564,America/Los_Angeles,34.03202,-118.52633,86.0,361.3084554672241
2026-09-27T09:00,pressure_profile,best_match,73.4,55,56.3,0,0.01,337.927,71.2,29,37.3,0,0.0,2555.775,64.6,18,20.1,0,-0.01,4934.384,51.4,7,-11.7,0,0.0,10278.871,38.0,4,-32.5,0,-0.01,14406.168,17.7,4,-44.7,0,0.03,19133.86,-5.8,27,-31.4,0,0.01,24679.208,-31.9,8,-72.6,0,0.04,31443.146,America/Los_Angeles,34.03202,-118.52633,86.0,361.3084554672241
2026-09-27T10:00,pressure_profile,best_match,75.0,51,55.7,0,0.01,344.488,70.6,31,38.5,0,-0.01,2559.055,64.4,17,18.6,0,-0.01,4940.945,51.2,7,-11.9,0,0.01,10288.714,38.3,5,-27.0,0,-0.01,14412.729,17.3,6,-40.0,0,0.01,19140.42,-5.2,23,-33.3,0,-0.01,24687.308,-32.8,12,-67.4,0,0.03,31459.022,America/Los_Angeles,34.03202,-118.52633,86.0,361.3084554672241
2026-09-27T11:00,pressure_profile,best_match,76.1,49,55.6,0,0.02,347.769,70.4,32,39.1,0,-0.01,2565.617,64.6,17,18.8,0,-0.01,4947.507,50.9,7,-12.1,0,0.01,10295.275,38.3,5,-27.0,0,-0.02,14419.291,17.3,7,-36.1,0,0.0,19146.982,-4.7,22,-34.2,0,-0.01,24695.408,-33.7,14,-65.9,0,0.01,31469.606,America/Los_Angeles,34.03202,-118.52633,86.0,361.3084554672241
2026-09-27T12:00,pressure_profile,best_match,76.1,49,55.6,0,0.02,328.084,71.0,31,38.8,0,-0.02,2549.213,65.0,16,17.7,0,-0.02,4931.103,50.9,7,-12.1,0,0.01,10282.152,38.3,5,-27.0,0,-0.02,14409.449,17.3,7,-36.1,0,0.0,19137.138,-4.1,27,-29.9,0,0.0,24691.358,-33.7,18,-62.1,0,0.01,31469.606,America/Los_Angeles,34.03202,-118.52633,86.0,361.3084554672241
2026-09-27T13:00,pressure_profile,best_match,75.6,51,56.2,0,0.02,311.68,71.8,29,37.8,0,-0.03,2532.808,65.7,15,16.7,0,-0.03,4917.979,50.6,8,-9.2,0,0.0,10269.029,38.3,5,-27.0,0,-0.01,14399.606,17.3,7,-36.1,0,-0.01,19130.578,-4.1,35,-24.9,0,0.04,24687.308,-34.6,24,-58.4,0,0.01,31464.312,America/Los_Angeles,34.03202,-118.52633,86.0,361.3084554672241
2026-09-27T14:00,pressure_profile,best_match,75.2,52,56.4,0,0.02,291.995,72.6,28,37.6,0,-0.03,2516.404,66.1,15,17.1,0,-0.03,4901.575,50.6,8,-9.2,0,-0.01,10255.905,38.0,5,-27.2,0,-0.01,14389.764,17.3,9,-32.9,0,-0.01,19120.734,-3.5,38,-22.6,0,0.05,24683.256,-33.7,28,-55.2,0,0.01,31464.312,America/Los_Angeles,34.03202,-118.52633,86.0,361.3084554672241
2026-09-27T15:00,pressure_profile,best_match,75.2,51,55.8,0,0.02,278.871,73.0,28,37.9,0,-0.03,2506.562,66.3,16,18.8,0,-0.02,4891.733,50.4,8,-9.4,0,-0.01,10249.344,37.6,4,-32.7,0,-0.02,14379.921,17.7,13,-25.1,0,-0.02,19114.174,-3.5,33,-25.3,0,0.05,24675.156,-31.9,28,-53.6,0,0.0,31464.312,America/Los_Angeles,34.03202,-118.52633,86.0,361.3084554672241
2026-09-27T16:00,pressure_profile,best_match,75.4,49,54.9,0,0.02,269.029,73.1,27,37.2,0,-0.03,2493.438,66.5,17,20.4,0,-0.01,4881.89,50.1,8,-9.6,0,0.0,10239.501,37.3,4,-32.9,0,-0.02,14370.079,18.1,19,-17.7,0,-0.03,19104.33,-2.9,25,-30.1,0,0.02,24671.106,-29.2,26,-52.4,0,-0.01,31459.022,America/Los_Angeles,34.03202,-118.52633,86.0,361.3084554672241
2026-09-27T17:00,pressure_profile,best_match,75.4,48,54.3,0,0.02,255.906,73.3,27,37.3,0,-0.02,2483.596,66.8,18,21.9,0,0.0,4872.048,50.1,8,-9.6,0,0.0,10232.939,37.0,5,-27.9,0,-0.03,14360.236,18.6,23,-13.3,0,-0.04,19097.77,-2.9,17,-37.4,0,0.01,24663.004,-28.3,24,-52.9,0,-0.03,31459.022,America/Los_Angeles,34.03202,-118.52633,86.0,361.3084554672241
2026-09-27T18:00,pressure_profile,best_match,74.8,48,53.8,0,0.02,255.906,73.5,26,36.5,0,-0.01,2483.596,66.8,19,23.2,0,0.01,4872.048,50.1,8,-9.6,0,-0.01,10229.659,37.0,10,-14.7,0,-0.03,14360.236,19.0,21,-14.2,0,-0.03,19101.05,-2.9,13,-41.2,0,0.0,24667.056,-29.2,22,-55.1,0,-0.06,31464.312,America/Los_Angeles,34.03202,-118.52633,86.0,361.3084554672241
2026-09-27T19:00,pressure_profile,best_match,74.1,48,53.2,0,0.01,255.906,73.5,24,34.5,0,0.01,2483.596,66.5,19,23.0,0,0.01,4872.048,50.4,7,-12.6,0,-0.02,10229.659,37.0,18,-3.3,0,-0.03,14363.518,19.4,19,-16.7,0,-0.02,19101.05,-2.4,10,-45.7,0,-0.01,24675.156,-31.0,20,-58.1,0,-0.07,31464.312,America/Los_Angeles,34.03202,-118.52633,86.0,361.3084554672241
2026-09-27T20:00,pressure_profile,best_match,73.2,48,52.4,0,0.01,255.906,73.5,24,34.5,0,0.02,2483.596,66.5,20,24.2,0,0.01,4872.048,50.6,7,-12.3,0,-0.03,10226.378,37.3,23,2.4,0,-0.03,14363.518,19.8,16,-19.6,0,-0.01,19104.33,-2.4,10,-45.7,0,-0.02,24679.208,-31.9,18,-60.6,0,-0.09,31469.606,America/Los_Angeles,34.03202,-118.52633,86.0,361.3084554672241
2026-09-27T21:00,pressure_profile,best_match,72.3,49,52.1,0,0.01,259.186,73.1,25,35.2,0,0.02,2483.596,66.5,21,25.4,0,0.01,4872.048,50.9,7,-12.1,0,-0.03,10226.378,37.6,23,2.7,0,-0.03,14363.518,20.2,13,-23.1,0,-0.01,19104.33,-2.4,10,-45.7,0,-0.02,24679.208,-32.8,20,-59.7,0,-0.07,31469.606,America/Los_Angeles,34.03202,-118.52633,86.0,361.3084554672241
2026-09-27T22:00,pressure_profile,best_match,71.4,50,51.8,0,0.02,265.748,72.6,28,37.6,0,0.01,2483.596,66.3,22,26.3,0,0.0,4872.048,51.2,7,-11.9,0,-0.02,10223.098,38.3,20,0.7,0,-0.03,14360.236,20.2,11,-25.3,0,-0.02,19101.05,-2.4,13,-40.8,0,-0.01,24679.208,-32.8,22,-58.2,0,-0.06,31469.606,America/Los_Angeles,34.03202,-118.52633,86.0,361.3084554672241
2026-09-27T23:00,pressure_profile,best_match,70.7,51,51.7,0,0.02,269.029,72.0,30,38.8,0,0.0,2483.596,66.3,23,27.4,0,0.0,4872.048,51.4,8,-8.6,0,-0.02,10223.098,38.6,16,-3.4,0,-0.03,14360.236,20.7,10,-27.4,0,-0.02,19101.05,-2.4,15,-38.7,0,0.0,24679.208,-32.8,26,-55.6,0,-0.03,31469.606,America/Los_Angeles,34.03202,-118.52633,86.0,361.3084554672241
2026-09-28T00:00,pressure_profile,best_match,70.3,53,52.4,0,0.01,259.186,71.6,31,39.3,0,-0.01,2473.754,66.3,24,28.4,0,-0.01,4858.924,51.7,10,-3.2,0,-0.02,10213.255,38.6,13,-8.9,0,-0.02,14350.394,21.1,11,-24.6,0,-0.03,19091.208,-2.4,17,-36.9,0,0.0,24667.056,-32.8,30,-53.3,0,0.0,31453.73,America/Los_Angeles,34.03202,-118.52633,86.0,361.3084554672241
2026-09-28T01:00,pressure_profile,best_match,70.2,56,53.7,0,0.01,252.625,71.2,32,39.8,0,-0.02,2463.911,66.1,25,29.2,0,-0.02,4849.082,52.0,12,1.3,0,-0.01,10203.412,38.6,9,-16.0,0,-0.02,14340.552,21.5,13,-22.1,0,-0.03,19084.646,-2.9,20,-34.1,0,-0.01,24654.904,-32.8,32,-52.3,0,0.03,31432.564,America/Los_Angeles,34.03202,-118.52633,86.0,361.3084554672241
2026-09-28T02:00,pressure_profile,best_match,70.2,57,54.2,0,0.0,242.782,70.8,33,40.3,0,-0.02,2454.068,66.1,26,30.2,0,-0.02,4835.958,52.0,14,4.9,0,-0.01,10193.569,38.6,6,-22.5,0,-0.01,14330.709,21.9,14,-19.7,0,-0.03,19074.802,-3.5,23,-31.9,0,-0.01,24642.754,-32.8,36,-50.3,0,0.04,31416.69,America/Los_Angeles,34.03202,-118.52633,86.0,361.3084554672241
2026-09-28T03:00,pressure_profile,best_match,70.3,56,53.9,0,0.0,236.22,70.6,34,40.9,0,-0.01,2447.507,66.1,26,30.2,0,-0.02,4829.397,52.0,16,6.5,0,-0.01,10187.008,38.6,5,-26.7,0,-0.01,14324.147,22.3,13,-21.4,0,-0.02,19068.242,-4.1,30,-27.8,0,-0.01,24634.652,-32.8,42,-47.8,0,0.03,31400.812,America/Los_Angeles,34.03202,-118.52633,86.0,361.3084554672241
2026-09-28T04:00,pressure_profile,best_match,70.7,53,52.7,0,0.0,226.378,70.4,35,41.4,0,-0.01,2437.664,66.3,27,31.3,0,-0.01,4819.554,52.0,16,6.5,0,-0.01,10177.165,38.3,5,-27.0,0,-0.01,14320.866,22.3,10,-26.1,0,0.0,19064.96,-4.7,37,-24.5,0,-0.01,24622.502,-31.9,50,-44.0,0,0.0,31390.23,America/Los_Angeles,34.03202,-118.52633,86.0,361.3084554672241
2026-09-28T05:00,pressure_profile,best_match,71.1,50,51.5,0,0.0,219.816,70.2,35,41.3,0,0.0,2431.102,66.3,26,30.4,0,0.0,4812.992,52.0,16,6.5,0,-0.01,10170.604,38.3,5,-27.0,0,-0.01,14314.305,22.3,7,-32.3,0,0.01,19058.398,-5.2,38,-24.2,0,-0.01,24614.4,-31.9,50,-44.0,0,-0.01,31374.356,America/Los_Angeles,34.03202,-118.52633,86.0,361.3084554672241
2026-09-28T06:00,pressure_profile,best_match,70.9,49,50.8,0,0.0,232.94,70.0,34,40.3,0,0.0,2440.945,66.3,24,28.4,0,0.0,4822.835,51.7,16,6.3,0,-0.01,10180.446,38.3,4,-32.2,0,-0.01,14324.147,22.3,6,-36.3,0,0.01,19068.242,-5.2,33,-26.8,0,-0.01,24622.502,-31.9,40,-47.8,0,-0.01,31379.644,America/Los_Angeles,34.03202,-118.52633,86.0,361.3084554672241
2026-09-28T07:00,pressure_profile,best_match,70.7,48,50.1,0,0.0,246.063,70.0,31,38.0,0,-0.01,2454.068,66.5,22,26.5,0,-0.01,4832.677,51.4,14,4.4,0,0.0,10190.289,38.6,3,-39.2,0,-0.01,14333.989,22.3,4,-41.3,0,0.0,19081.366,-5.2,23,-33.3,0,-0.01,24630.602,-31.9,24,-56.1,0,0.0,31379.644,America/Los_Angeles,34.03202,-118.52633,86.0,361.3084554672241
2026-09-28T08:00,pressure_profile,best_match,71.1,46,49.2,0,0.0,259.186,70.0,29,36.3,0,-0.02,2463.911,66.5,20,24.2,0,-0.01,4842.52,51.4,14,4.4,0,0.0,10200.131,39.0,3,-39.0,0,-0.01,14343.832,22.3,4,-41.3,0,-0.01,19091.208,-5.2,15,-41.1,0,-0.01,24638.704,-31.9,12,-66.7,0,0.01,31384.938,America/Los_Angeles,34.03202,-118.52633,86.0,361.3084554672241
2026-09-28T09:00,pressure_profile,best_match,72.9,40,47.1,0,0.0,255.906,70.4,26,33.9,0,-0.02,2467.192,66.5,18,21.7,0,-0.01,4845.801,51.4,13,2.7,0,0.0,10209.974,39.3,3,-38.7,0,0.0,14356.955,22.3,6,-36.3,0,-0.01,19104.33,-5.2,10,-48.0,0,-0.01,24654.904,-31.9,10,-69.4,0,0.0,31395.52,America/Los_Angeles,34.03202,-118.52633,86.0,361.3084554672241
2026-09-28T10:00,pressure_profile,best_match,75.4,33,44.3,0,0.01,249.344,71.0,23,31.3,0,-0.03,2467.192,66.8,17,20.5,0,-0.02,4852.363,51.7,13,2.9,0,0.0,10223.098,39.6,4,-31.3,0,0.01,14370.079,22.8,7,-32.0,0,0.0,19114.174,-5.2,7,-54.6,0,0.0,24667.056,-32.8,10,-70.1,0,-0.01,31411.396,America/Los_Angeles,34.03202,-118.52633,86.0,361.3084554672241
2026-09-28T11:00,pressure_profile,best_match,77.0,29,42.3,0,0.01,246.063,71.8,21,29.7,0,-0.03,2470.473,67.2,16,19.5,0,-0.02,4855.643,52.0,12,1.3,0,0.0,10232.939,40.0,5,-25.8,0,0.01,14383.202,22.8,9,-28.7,0,0.0,19127.296,-5.2,5,-59.1,0,0.0,24683.256,-32.8,12,-67.4,0,-0.03,31421.978,America/Los_Angeles,34.03202,-118.52633,86.0,361.3084554672241
2026-09-28T12:00,pressure_profile,best_match,77.0,31,44.1,0,0.02,229.659,72.8,21,30.5,0,-0.03,2457.349,68.1,16,20.2,0,-0.03,4849.082,52.0,12,1.3,0,0.0,10229.659,40.0,5,-25.8,0,0.01,14376.641,22.8,7,-32.0,0,0.0,19127.296,-5.2,7,-54.6,0,-0.01,24687.308,-32.8,12,-67.4,0,-0.03,31432.564,America/Los_Angeles,34.03202,-118.52633,86.0,361.3084554672241
2026-09-28T13:00,pressure_profile,best_match,76.3,35,46.6,0,0.03,216.535,74.1,22,32.8,0,-0.02,2444.226,69.4,16,21.2,0,-0.04,4842.52,51.7,12,1.1,0,0.0,10223.098,40.0,5,-25.8,0,0.0,14373.359,23.2,6,-35.7,0,-0.01,19127.296,-4.7,8,-50.5,0,-0.02,24695.408,-31.9,14,-64.4,0,-0.01,31437.854,America/Los_Angeles,34.03202,-118.52633,86.0,361.3084554672241
2026-09-28T14:00,pressure_profile,best_match,75.9,39,49.2,0,0.03,200.131,75.3,23,35.0,0,-0.02,2431.102,70.5,16,22.1,0,-0.04,4835.958,51.7,12,1.1,0,0.0,10219.816,40.0,5,-25.8,0,-0.01,14366.798,23.2,4,-40.7,0,-0.01,19127.296,-4.1,10,-47.0,0,-0.04,24699.458,-31.9,14,-64.4,0,-0.01,31448.438,America/Los_Angeles,34.03202,-118.52633,86.0,361.3084554672241
2026-09-28T15:00,pressure_profile,best_match,76.3,40,50.2,0,0.03,183.727,76.5,22,34.8,0,-0.02,2414.698,71.3,16,22.8,0,-0.04,4826.116,51.7,12,1.1,0,0.0,10213.255,40.3,5,-25.5,0,-0.01,14363.518,23.6,6,-35.4,0,-0.01,19130.578,-3.5,8,-49.6,0,-0.04,24707.56,-31.9,16,-62.4,0,-0.01,31464.312,America/Los_Angeles,34.03202,-118.52633,86.0,361.3084554672241
2026-09-28T16:00,pressure_profile,best_match,76.8,39,50.0,0,0.03,167.323,77.7,21,34.6,0,-0.01,2401.575,72.0,16,23.3,0,-0.03,4816.273,51.7,11,-1.0,0,-0.01,10209.974,40.3,5,-25.5,0,-0.01,14363.518,23.6,9,-28.0,0,-0.02,19130.578,-2.9,7,-52.8,0,-0.04,24715.662,-31.9,16,-62.4,0,-0.01,31480.188,America/Los_Angeles,34.03202,-118.52633,86.0,361.3084554672241
2026-09-28T17:00,pressure_profile,best_match,77.2,40,51.0,0,0.02,150.919,78.5,20,34.1,0,-0.01,2385.171,72.4,16,23.7,0,-0.02,4806.431,52.0,11,-0.8,0,-0.01,10203.412,40.6,5,-25.3,0,-0.01,14360.236,24.0,10,-24.8,0,-0.02,19133.86,-2.4,5,-56.9,0,-0.04,24723.762,-31.9,18,-60.6,0,-0.01,31496.062,America/Los_Angeles,34.03202,-118.52633,86.0,361.3084554672241
2026-09-28T18:00,pressure_profile,best_match,77.0,43,52.8,0,0.01,157.48,78.9,21,35.6,0,-0.01,2391.733,72.8,16,24.0,0,-0.02,4812.992,52.3,11,-0.5,0,-0.01,10209.974,41.0,5,-25.0,0,-0.01,14373.359,24.0,10,-24.8,0,-0.02,19150.262,-1.8,7,-51.9,0,-0.04,24744.014,-31.9,20,-58.9,0,-0.01,31517.228,America/Los_Angeles,34.03202,-118.52633,86.0,361.3084554672241
2026-09-28T19:00,pressure_profile,best_match,76.6,48,55.5,0,0.0,167.323,79.1,22,37.0,0,-0.02,2401.575,73.1,17,25.6,0,-0.02,4822.835,52.5,11,-0.3,0,-0.01,10219.816,41.0,6,-20.8,0,-0.02,14383.202,24.4,10,-24.5,0,-0.02,19166.666,-1.8,8,-48.3,0,-0.02,24760.214,-31.9,22,-57.4,0,0.0,31533.104,America/Los_Angeles,34.03202,-118.52633,86.0,361.3084554672241
2026-09-28T20:00,pressure_profile,best_match,76.1,50,56.1,0,0.0,173.885,79.1,23,38.1,0,-0.02,2408.137,73.3,17,25.8,0,-0.02,4829.397,52.8,11,-0.1,0,-0.01,10226.378,41.3,6,-20.6,0,-0.02,14396.325,24.4,10,-24.5,0,-0.02,19183.07,-1.8,10,-45.2,0,-0.02,24780.466,-31.9,24,-56.1,0,0.0,31554.274,America/Los_Angeles,34.03202,-118.52633,86.0,361.3084554672241
2026-09-28T21:00,pressure_profile,best_match,75.6,47,53.9,0,0.0,177.165,78.7,24,38.8,0,-0.01,2414.698,73.3,18,27.2,0,-0.01,4835.958,52.8,11,-0.1,0,-0.01,10232.939,41.6,6,-20.3,0,-0.02,14402.888,24.4,11,-21.9,0,-0.02,19189.632,-1.8,12,-42.6,0,-0.02,24788.568,-31.9,26,-54.8,0,0.0,31559.562,America/Los_Angeles,34.03202,-118.52633,86.0,361.3084554672241
2026-09-28T22:00,pressure_profile,best_match,75.0,42,50.4,0,0.01,180.446,77.9,25,39.2,0,0.0,2421.26,73.3,19,28.5,0,0.0,4839.239,52.8,10,-2.4,0,-0.01,10236.221,41.6,8,-16.8,0,-0.01,14412.729,24.4,11,-21.9,0,-0.01,19196.196,-1.8,13,-40.3,0,-0.01,24796.67,-32.8,26,-55.6,0,0.0,31564.856,America/Los_Angeles,34.03202,-118.52633,86.0,361.3084554672241
2026-09-28T23:00,pressure_profile,best_match,74.7,38,47.4,0,0.01,183.727,77.5,25,38.9,0,0.01,2427.822,73.1,19,28.3,0,0.01,4845.801,52.8,10,-2.4,0,-0.01,10242.782,41.9,8,-16.5,0,-0.01,14419.291,24.4,13,-19.7,0,-0.01,19202.756,-1.8,13,-40.3,0,-0.01,24804.77,-32.8,26,-55.6,0,0.0,31570.148,America/Los_Angeles,34.03202,-118.52633,86.0,361.3084554672241
2026-09-29T00:00,pressure_profile,best_match,74.5,38,47.2,0,0.01,177.165,77.5,25,38.9,0,0.01,2421.26,72.8,19,28.2,0,0.01,4839.239,52.5,10,-2.6,0,0.0,10236.221,41.9,8,-16.5,0,-0.01,14412.729,24.4,13,-19.7,0,-0.01,19196.196,-1.8,13,-40.3,0,-0.01,24800.718,-32.8,24,-56.8,0,0.0,31564.856,America/Los_Angeles,34.03202,-118.52633,86.0,361.3084554672241
2026-09-29T01:00,pressure_profile,best_match,74.3,39,47.7,0,0.0,170.604,77.5,24,37.9,0,0.0,2411.417,72.6,19,28.0,0,0.0,4832.677,52.3,11,-0.5,0,0.0,10226.378,41.9,9,-13.5,0,-0.01,14406.168,24.9,14,-17.3,0,-0.02,19192.914,-1.8,12,-42.6,0,-0.02,24792.62,-33.7,20,-60.5,0,0.0,31564.856,America/Los_Angeles,34.03202,-118.52633,86.0,361.3084554672241
2026-09-29T02:00,pressure_profile,best_match,74.3,39,47.7,0,0.0,164.042,77.7,23,36.9,0,-0.01,2404.856,72.4,18,26.5,0,0.0,4826.116,52.0,11,-0.8,0,0.01,10219.816,41.9,9,-13.5,0,-0.01,14399.606,24.9,14,-17.3,0,-0.02,19186.352,-1.8,12,-42.6,0,-0.02,24788.568,-33.7,18,-62.1,0,0.0,31559.562,America/Los_Angeles,34.03202,-118.52633,86.0,361.3084554672241
2026-09-29T03:00,pressure_profile,best_match,74.5,36,45.8,0,0.0,160.761,77.9,23,37.1,0,-0.01,2401.575,72.4,17,25.1,0,0.0,4822.835,51.7,11,-1.0,0,0.02,10216.535,41.9,10,-10.8,0,0.0,14396.325,24.9,14,-17.3,0,-0.02,19183.07,-1.8,12,-42.6,0,-0.02,24784.518,-33.7,16,-63.9,0,0.0,31554.274,America/Los_Angeles,34.03202,-118.52633,86.0,361.3084554672241
2026-09-29T04:00,pressure_profile,best_match,74.7,33,43.7,0,0.0,154.199,78.1,23,37.3,0,0.0,2398.294,72.4,17,25.1,0,0.01,4822.835,51.7,12,1.1,0,0.02,10216.535,41.9,10,-10.8,0,0.0,14389.764,24.4,13,-19.7,0,-0.01,19179.792,-1.8,10,-45.2,0,-0.02,24780.466,-32.8,14,-65.1,0,-0.01,31554.274,America/Los_Angeles,34.03202,-118.52633,86.0,361.3084554672241
2026-09-29T05:00,pressure_profile,best_match,75.0,29,40.6,0,0.0,150.919,78.3,22,36.3,0,0.0,2395.013,72.6,16,23.8,0,0.01,4819.554,51.7,12,1.1,0,0.02,10213.255,41.6,11,-8.7,0,0.01,14386.483,24.4,13,-19.7,0,-0.01,19176.51,-1.8,10,-45.2,0,-0.02,24776.418,-32.8,14,-65.1,0,-0.01,31548.98,America/Los_Angeles,34.03202,-118.52633,86.0,361.3084554672241
2026-09-29T06:00,pressure_profile,best_match,75.2,26,38.0,0,0.0,157.48,78.7,21,35.5,0,0.0,2404.856,72.8,15,22.5,0,0.01,4829.397,51.7,12,1.1,0,0.01,10223.098,41.3,13,-6.8,0,0.01,14396.325,24.4,13,-19.7,0,0.0,19183.07,-1.8,10,-45.2,0,-0.02,24780.466,-32.8,14,-65.1,0,-0.01,31554.274,America/Los_Angeles,34.03202,-118.52633,86.0,361.3084554672241
2026-09-29T07:00,pressure_profile,best_match,75.2,24,35.9,0,0.0,167.323,78.9,19,33.1,0,0.0,2411.417,72.8,15,22.5,0,0.01,4835.958,51.7,11,-1.0,0,0.01,10236.221,41.0,13,-7.0,0,0.01,14406.168,24.0,13,-20.0,0,0.01,19192.914,-2.4,12,-43.1,0,-0.01,24788.568,-32.8,16,-63.1,0,0.0,31554.274,America/Los_Angeles,34.03202,-118.52633,86.0,361.3084554672241
2026-09-29T08:00,pressure_profile,best_match,75.7,22,34.2,0,0.0,173.885,79.3,18,32.1,0,0.0,2421.26,73.1,14,21.0,0,0.01,4845.801,51.7,11,-1.0,0,0.0,10246.063,40.6,14,-5.3,0,0.01,14416.011,24.0,13,-20.0,0,0.01,19199.474,-2.4,12,-43.1,0,-0.01,24792.62,-32.8,18,-61.3,0,0.0,31559.562,America/Los_Angeles,34.03202,-118.52633,86.0,361.3084554672241
2026-09-29T09:00,pressure_profile,best_match,77.0,19,31.6,0,0.01,180.446,79.4,17,30.8,0,-0.01,2431.102,73.3,13,19.4,0,0.01,4855.643,52.0,11,-0.8,0,0.0,10255.905,40.6,14,-5.3,0,0.01,14425.854,24.0,13,-20.0,0,0.01,19209.318,-2.4,12,-43.1,0,-0.01,24800.718,-32.8,18,-61.3,0,0.0,31570.148,America/Los_Angeles,34.03202,-118.52633,86.0,361.3084554672241
2026-09-29T10:00,pressure_profile,best_match,78.6,17,30.2,0,0.01,187.008,79.6,16,29.5,0,-0.01,2440.945,73.3,13,19.4,0,0.01,4862.205,52.3,10,-2.8,0,0.0,10262.467,40.3,15,-3.8,0,0.0,14435.695,23.6,13,-20.4,0,0.0,19215.878,-1.8,10,-45.2,0,-0.01,24812.872,-32.8,20,-59.7,0,-0.01,31586.02,America/Los_Angeles,34.03202,-118.52633,86.0,361.3084554672241
2026-09-29T11:00,pressure_profile,best_match,79.7,16,29.5,0,0.02,193.57,79.8,15,28.1,0,-0.02,2450.787,73.5,12,17.8,0,0.0,4872.048,52.5,10,-2.6,0,0.0,10272.31,40.3,15,-3.8,0,0.0,14445.538,23.6,13,-20.4,0,0.0,19225.722,-1.8,10,-45.2,0,-0.01,24820.972,-32.8,20,-59.7,0,-0.01,31596.606,America/Los_Angeles,34.03202,-118.52633,86.0,361.3084554672241
2026-09-29T12:00,pressure_profile,best_match,80.1,17,31.3,0,0.02,183.727,80.4,15,28.5,0,-0.03,2440.945,73.9,11,16.1,0,-0.01,4868.767,52.8,10,-2.4,0,0.0,10265.748,40.0,15,-4.0,0,0.0,14438.977,23.6,13,-20.4,0,0.0,19219.16,-1.8,10,-45.2,0,-0.01,24812.872,-32.8,20,-59.7,0,-0.03,31591.312,America/Los_Angeles,34.03202,-118.52633,86.0,361.3084554672241
2026-09-29T13:00,pressure_profile,best_match,80.1,20,35.4,0,0.02,170.604,81.0,15,29.0,0,-0.03,2434.383,74.1,11,16.2,0,-0.02,4862.205,53.1,10,-2.1,0,0.0,10262.467,40.0,14,-5.8,0,0.0,14429.134,23.6,13,-20.4,0,0.0,19212.598,-1.8,10,-45.2,0,-0.01,24804.77,-32.8,22,-58.2,0,-0.04,31580.73,America/Los_Angeles,34.03202,-118.52633,86.0,361.3084554672241
2026-09-29T14:00,pressure_profile,best_match,79.9,23,38.8,0,0.02,160.761,81.6,15,29.5,0,-0.03,2424.541,74.6,10,14.4,0,-0.03,4858.924,53.4,10,-1.9,0,0.0,10255.905,39.6,14,-6.1,0,0.0,14422.572,23.6,13,-20.4,0,0.0,19206.038,-1.8,10,-45.2,0,-0.01,24796.67,-32.8,22,-58.2,0,-0.04,31575.438,America/Los_Angeles,34.03202,-118.52633,86.0,361.3084554672241
2026-09-29T15:00,pressure_profile,best_match,79.3,25,40.5,0,0.02,147.638,81.8,15,29.6,0,-0.03,2414.698,74.8,9,12.2,0,-0.03,4849.082,53.6,9,-4.2,0,0.0,10252.625,39.6,13,-8.1,0,0.0,14419.291,23.6,13,-20.4,0,0.0,19202.756,-1.8,10,-45.2,0,-0.01,24792.62,-31.9,24,-56.1,0,-0.04,31570.148,America/Los_Angeles,34.03202,-118.52633,86.0,361.3084554672241
2026-09-29T16:00,pressure_profile,best_match,78.6,28,42.8,0,0.02,134.514,82.0,14,28.1,0,-0.02,2401.575,75.0,9,12.3,0,-0.02,4842.52,53.6,8,-7.0,0,0.0,10246.063,39.6,13,-8.1,0,-0.01,14419.291,23.2,11,-22.9,0,0.0,19199.474,-1.8,10,-45.2,0,0.0,24792.62,-30.1,26,-53.2,0,-0.03,31570.148,America/Los_Angeles,34.03202,-118.52633,86.0,361.3084554672241
2026-09-29T17:00,pressure_profile,best_match,77.9,30,44.0,0,0.02,121.391,81.8,14,28.0,0,-0.01,2391.733,75.0,8,9.7,0,-0.01,4832.677,53.9,7,-9.9,0,0.0,10242.782,39.6,11,-10.2,0,-0.01,14416.011,23.2,11,-22.9,0,0.0,19196.196,-1.8,10,-45.2,0,0.0,24788.568,-29.2,28,-51.2,0,-0.01,31564.856,America/Los_Angeles,34.03202,-118.52633,86.0,361.3084554672241
2026-09-29T18:00,pressure_profile,best_match,77.0,33,45.7,0,0.02,137.795,81.2,15,29.2,0,0.0,2404.856,74.6,8,9.3,0,0.0,4842.52,54.2,4,-17.8,0,0.0,10255.905,39.6,11,-10.2,0,-0.01,14425.854,23.2,11,-22.9,0,-0.01,19206.038,-1.8,10,-45.2,0,0.0,24800.718,-28.3,26,-51.6,0,-0.01,31575.438,America/Los_Angeles,34.03202,-118.52633,86.0,361.3084554672241
2026-09-29T19:00,pressure_profile,best_match,75.9,36,47.1,0,0.01,154.199,80.2,16,30.0,0,0.01,2414.698,74.1,7,6.1,0,0.02,4855.643,54.5,3,-23.1,0,-0.01,10269.029,39.3,10,-12.9,0,-0.01,14432.415,23.6,11,-22.6,0,-0.01,19212.598,-1.2,8,-47.8,0,0.01,24808.82,-27.4,22,-53.5,0,-0.03,31591.312,America/Los_Angeles,34.03202,-118.52633,86.0,361.3084554672241
2026-09-29T20:00,pressure_profile,best_match,75.0,39,48.4,0,0.01,170.604,79.4,17,30.8,0,0.02,2427.822,73.7,7,5.7,0,0.03,4865.486,54.5,4,-17.6,0,-0.01,10282.152,39.3,10,-12.9,0,-0.01,14442.258,24.0,11,-22.3,0,-0.02,19222.442,-1.2,8,-47.8,0,0.01,24820.972,-26.5,20,-54.3,0,-0.03,31601.896,America/Los_Angeles,34.03202,-118.52633,86.0,361.3084554672241
2026-09-29T21:00,pressure_profile,best_match,74.5,41,49.2,0,0.01,180.446,78.9,18,31.8,0,0.01,2434.383,73.5,7,5.6,0,0.02,4868.767,53.9,11,0.7,0,0.0,10285.434,39.3,10,-12.9,0,-0.01,14448.819,24.4,11,-21.9,0,-0.02,19229.002,-1.2,8,-47.8,0,0.01,24829.072,-25.6,18,-55.2,0,-0.03,31607.19,America/Los_Angeles,34.03202,-118.52633,86.0,361.3084554672241
2026-09-29T22:00,pressure_profile,best_match,74.3,43,50.4,0,0.0,190.289,78.3,18,31.3,0,0.0,2440.945,73.3,8,8.4,0,0.01,4875.328,53.4,20,13.3,0,0.01,10285.434,39.0,10,-13.1,0,0.0,14452.1,24.4,10,-24.5,0,-0.02,19235.564,-1.8,8,-48.3,0,0.0,24833.124,-25.6,18,-55.2,0,-0.01,31617.772,America/Los_Angeles,34.03202,-118.52633,86.0,361.3084554672241
2026-09-29T23:00,pressure_profile,best_match,74.3,44,51.0,0,0.0,200.131,77.9,18,31.0,0,-0.01,2447.507,73.3,8,8.4,0,0.0,4878.609,52.8,28,20.4,0,0.01,10288.714,39.0,10,-13.1,0,0.0,14458.661,24.4,10,-24.5,0,-0.01,19242.126,-1.8,8,-48.3,0,0.0,24841.224,-24.7,18,-54.4,0,-0.01,31623.064,America/Los_Angeles,34.03202,-118.52633,86.0,361.3084554672241
2026-09-30T00:00,pressure_profile,best_match,74.8,43,50.8,0,0.0,196.85,78.1,18,31.1,0,-0.02,2444.226,73.3,8,8.4,0,0.0,4872.048,52.5,34,25.3,0,0.01,10282.152,39.0,10,-13.1,0,0.0,14452.1,24.4,10,-24.5,0,0.0,19235.564,-1.8,8,-48.3,0,0.0,24833.124,-24.7,16,-56.3,0,0.0,31612.478,America/Los_Angeles,34.03202,-118.52633,86.0,361.3084554672241
2026-09-30T01:00,pressure_profile,best_match,75.7,42,51.0,0,-0.01,193.57,78.5,17,30.0,0,-0.02,2437.664,73.7,8,8.7,0,-0.01,4868.767,52.5,40,28.9,0,0.0,10278.871,39.3,10,-12.9,0,0.0,14448.819,24.0,10,-24.8,0,0.01,19225.722,-1.8,7,-51.9,0,-0.01,24825.022,-23.8,14,-57.7,0,0.01,31607.19,America/Los_Angeles,34.03202,-118.52633,86.0,361.3084554672241
2026-09-30T02:00,pressure_profile,best_match,76.6,39,49.8,0,-0.01,190.289,78.9,16,28.9,0,-0.02,2434.383,73.9,8,8.9,0,-0.01,4862.205,52.5,44,31.5,0,-0.01,10272.31,39.3,10,-12.9,0,0.0,14442.258,23.6,10,-25.1,0,0.02,19219.16,-1.8,7,-51.9,0,-0.01,24816.92,-23.8,14,-57.7,0,0.01,31596.606,America/Los_Angeles,34.03202,-118.52633,86.0,361.3084554672241
2026-09-30T03:00,pressure_profile,best_match,77.2,34,46.6,0,-0.01,180.446,79.3,15,27.6,0,-0.02,2427.822,74.4,8,9.2,0,-0.02,4858.924,52.3,48,33.0,0,-0.01,10272.31,39.0,10,-13.1,0,0.0,14442.258,22.8,10,-25.8,0,0.02,19215.878,-1.8,7,-51.9,0,0.0,24808.82,-23.8,14,-57.7,0,0.0,31596.606,America/Los_Angeles,34.03202,-118.52633,86.0,361.3084554672241
2026-09-30T04:00,pressure_profile,best_match,77.7,28,42.0,0,-0.01,170.604,79.8,15,28.1,0,-0.01,2424.541,75.0,8,9.7,0,-0.02,4855.643,52.3,51,34.7,0,0.0,10272.31,38.3,10,-13.6,0,0.0,14438.977,21.9,11,-24.0,0,0.01,19212.598,-1.8,7,-51.9,0,0.0,24804.77,-23.8,16,-55.5,0,-0.03,31591.312,America/Los_Angeles,34.03202,-118.52633,86.0,361.3084554672241
2026-09-30T05:00,pressure_profile,best_match,78.3,23,37.4,0,-0.01,160.761,80.2,14,26.7,0,-0.01,2417.979,75.4,8,10.0,0,-0.02,4852.363,52.0,53,35.5,0,0.0,10272.31,37.6,9,-16.8,0,0.0,14438.977,21.5,11,-24.3,0,0.0,19209.318,-1.8,7,-51.9,0,0.01,24796.67,-23.8,16,-55.5,0,-0.04,31591.312,America/Los_Angeles,34.03202,-118.52633,86.0,361.3084554672241
2026-09-30T06:00,pressure_profile,best_match,78.8,21,35.6,0,-0.01,173.885,80.6,14,27.0,0,0.0,2427.822,75.9,8,10.3,0,0.0,4862.205,52.0,54,36.1,0,0.0,10282.152,36.6,8,-20.5,0,-0.01,14445.538,21.1,11,-24.6,0,0.0,19215.878,-1.8,8,-48.3,0,0.01,24804.77,-22.9,16,-54.8,0,-0.04,31601.896,America/Los_Angeles,34.03202,-118.52633,86.0,361.3084554672241
2026-09-30T07:00,pressure_profile,best_match,79.3,20,34.8,0,-0.01,183.727,81.0,14,27.3,0,0.01,2440.945,76.1,9,13.1,0,0.02,4875.328,52.0,54,36.1,0,0.01,10291.995,35.6,6,-24.7,0,-0.01,14448.819,21.1,10,-27.1,0,-0.01,19219.16,-1.2,12,-42.1,0,0.01,24812.872,-22.9,14,-56.9,0,-0.03,31617.772,America/Los_Angeles,34.03202,-118.52633,86.0,361.3084554672241
2026-09-30T08:00,pressure_profile,best_match,80.2,19,34.2,0,-0.01,196.85,81.4,14,27.6,0,0.01,2450.787,76.3,9,13.3,0,0.03,4885.171,52.0,53,35.5,0,0.01,10301.837,35.0,5,-29.4,0,-0.02,14455.381,21.1,10,-27.1,0,-0.01,19225.722,-1.2,13,-39.8,0,0.01,24820.972,-22.0,12,-58.6,0,-0.01,31628.354,America/Los_Angeles,34.03202,-118.52633,86.0,361.3084554672241
2026-09-30T09:00,pressure_profile,best_match,81.7,19,35.4,0,-0.01,196.85,81.6,14,27.8,0,0.0,2454.068,76.3,9,13.3,0,0.02,4888.452,52.3,52,35.3,0,0.01,10308.399,35.0,5,-29.4,0,-0.02,14461.942,21.1,9,-30.0,0,-0.01,19235.564,-1.2,15,-37.8,0,0.01,24837.172,-22.0,12,-58.6,0,-0.01,31644.23,America/Los_Angeles,34.03202,-118.52633,86.0,361.3084554672241
2026-09-30T10:00,pressure_profile,best_match,83.7,19,37.0,0,0.0,200.131,81.8,13,26.2,0,-0.01,2460.63,76.3,10,15.7,0,0.01,4895.013,52.3,51,34.7,0,0.0,10311.68,35.0,6,-25.2,0,-0.01,14471.785,20.7,9,-30.3,0,-0.01,19248.688,-1.2,17,-35.9,0,0.0,24849.324,-22.0,10,-61.4,0,-0.01,31665.398,America/Los_Angeles,34.03202,-118.52633,86.0,361.3084554672241
2026-09-30T11:00,pressure_profile,best_match,85.1,20,39.5,0,0.0,200.131,82.4,12,24.7,0,-0.02,2463.911,76.3,11,17.9,0,-0.01,4898.294,52.5,50,34.4,0,0.0,10318.241,35.3,8,-21.5,0,-0.01,14478.347,20.7,7,-33.6,0,-0.01,19258.532,-1.2,17,-35.9,0,0.0,24865.526,-22.0,10,-61.4,0,-0.01,31681.27,America/Los_Angeles,34.03202,-118.52633,86.0,361.3084554672241
2026-09-30T12:00,pressure_profile,best_match,86.0,22,42.7,0,0.0,183.727,83.8,11,23.7,0,-0.03,2450.787,76.5,14,23.8,0,-0.02,4888.452,52.8,49,34.1,0,0.0,10311.68,35.3,9,-18.6,0,-0.01,14471.785,20.2,7,-33.9,0,0.0,19248.688,-1.2,17,-35.9,0,-0.01,24853.376,-22.0,8,-64.8,0,-0.01,31675.98,America/Los_Angeles,34.03202,-118.52633,86.0,361.3084554672241
2026-09-30T13:00,pressure_profile,best_match,86.5,24,45.5,0,0.01,170.604,85.4,10,22.6,0,-0.03,2437.664,77.0,18,30.2,0,-0.03,4875.328,52.8,48,33.5,0,-0.01,10301.837,35.0,9,-18.8,0,0.0,14461.942,19.8,7,-34.2,0,0.0,19238.846,-1.2,15,-37.8,0,-0.02,24837.172,-22.0,8,-64.8,0,-0.01,31670.688,America/Los_Angeles,34.03202,-118.52633,86.0,361.3084554672241
2026-09-30T14:00,pressure_profile,best_match,87.1,25,47.0,0,0.01,154.199,86.7,9,21.2,0,-0.03,2424.541,77.4,22,35.6,0,-0.04,4865.486,53.1,47,33.2,0,-0.01,10295.275,35.0,9,-18.8,0,0.0,14455.381,19.4,7,-34.5,0,0.01,19229.002,-1.2,15,-37.8,0,-0.02,24825.022,-22.0,6,-69.1,0,-0.01,31665.398,America/Los_Angeles,34.03202,-118.52633,86.0,361.3084554672241
2026-09-30T15:00,pressure_profile,best_match,87.6,26,48.5,0,0.01,134.514,87.5,10,24.3,0,-0.03,2411.417,77.6,24,38.0,0,-0.04,4858.924,53.4,47,33.5,0,-0.01,10291.995,35.0,8,-21.8,0,0.0,14448.819,18.6,7,-35.2,0,0.01,19219.16,-0.6,15,-37.3,0,-0.02,24820.972,-22.0,6,-69.1,0,-0.01,31670.688,America/Los_Angeles,34.03202,-118.52633,86.0,361.3084554672241
2026-09-30T16:00,pressure_profile,best_match,88.0,26,48.8,0,0.01,118.11,87.9,11,26.9,0,-0.03,2401.575,77.8,26,40.2,0,-0.04,4849.082,53.6,47,33.7,0,-0.01,10285.434,35.3,8,-21.5,0,0.0,14442.258,17.7,6,-39.7,0,0.0,19212.598,-0.6,15,-37.3,0,-0.01,24820.972,-21.1,4,-74.2,0,-0.01,31675.98,America/Los_Angeles,34.03202,-118.52633,86.0,361.3084554672241
2026-09-30T17:00,pressure_profile,best_match,88.3,25,48.1,0,0.01,98.425,88.1,12,29.1,0,-0.03,2388.452,77.8,27,41.2,0,-0.03,4842.52,53.6,48,34.3,0,-0.01,10282.152,35.3,6,-25.0,0,0.0,14435.695,17.3,6,-40.0,0,0.0,19202.756,-0.1,15,-36.8,0,-0.01,24816.92,-21.1,4,-74.2,0,-0.01,31681.27,America/Los_Angeles,34.03202,-118.52633,86.0,361.3084554672241
2026-09-30T18:00,pressure_profile,best_match,88.5,24,47.1,0,0.0,101.706,88.3,12,29.3,0,-0.02,2391.733,77.8,28,42.1,0,-0.02,4849.082,53.6,49,34.9,0,-0.01,10288.714,35.3,6,-25.0,0,0.0,14438.977,17.3,6,-40.0,0,0.0,19209.318,-0.1,13,-38.9,0,-0.01,24825.022,-21.1,4,-74.2,0,-0.01,31691.856,America/Los_Angeles,34.03202,-118.52633,86.0,361.3084554672241
2026-09-30T19:00,pressure_profile,best_match,88.3,22,44.7,0,0.0,108.268,88.5,12,29.4,0,-0.01,2398.294,77.6,28,41.9,0,-0.02,4852.363,53.4,51,35.7,0,-0.02,10295.275,35.6,6,-24.7,0,-0.01,14445.538,17.7,4,-44.7,0,0.0,19219.16,-0.1,13,-38.9,0,0.0,24837.172,-22.0,4,-74.9,0,-0.01,31707.728,America/Los_Angeles,34.03202,-118.52633,86.0,361.3084554672241
2026-09-30T20:00,pressure_profile,best_match,88.2,20,42.0,0,-0.01,111.549,88.5,12,29.4,0,0.0,2401.575,77.6,28,41.9,0,-0.01,4858.924,53.4,52,36.3,0,-0.02,10301.837,35.6,6,-24.7,0,-0.01,14448.819,17.7,4,-44.7,0,-0.01,19225.722,-0.1,12,-41.2,0,0.0,24845.274,-22.0,4,-74.9,0,-0.01,31718.314,America/Los_Angeles,34.03202,-118.52633,86.0,361.3084554672241
2026-09-30T21:00,pressure_profile,best_match,87.8,19,40.4,0,-0.01,111.549,88.1,12,29.1,0,0.01,2401.575,77.6,28,41.9,0,-0.01,4855.643,53.4,52,36.3,0,-0.01,10298.557,35.6,6,-24.7,0,0.0,14455.381,17.3,4,-45.0,0,-0.02,19232.284,-0.6,12,-41.7,0,0.01,24849.324,-22.0,4,-74.9,0,0.0,31723.604,America/Los_Angeles,34.03202,-118.52633,86.0,361.3084554672241
2026-09-30T22:00,pressure_profile,best_match,87.3,18,38.6,0,-0.01,111.549,87.5,12,28.7,0,0.01,2398.294,77.4,28,41.8,0,-0.01,4855.643,53.6,51,36.0,0,0.0,10298.557,35.3,6,-25.0,0,0.01,14458.661,16.9,6,-40.4,0,-0.04,19242.126,-0.6,10,-44.3,0,0.02,24849.324,-22.9,4,-75.6,0,0.01,31723.604,America/Los_Angeles,34.03202,-118.52633,86.0,361.3084554672241
2026-09-30T23:00,pressure_profile,best_match,86.7,18,38.2,0,-0.01,111.549,87.1,12,28.4,0,0.01,2398.294,77.4,28,41.8,0,-0.01,4852.363,53.6,51,36.0,0,0.01,10295.275,35.3,6,-25.0,0,0.01,14465.224,16.9,6,-40.4,0,-0.05,19248.688,-1.2,10,-44.8,0,0.04,24853.376,-22.9,4,-75.6,0,0.03,31728.896,America/Los_Angeles,34.03202,-118.52633,86.0,361.3084554672241
2026-09-21T00:00,pressure_profile,ncep_hrrr_conus,66.2,86.0,61.9,0.0,0.0,370.735,58.8,98.0,58.2,66.0,0.0,2562.336,65.0,11.0,9.2,0.0,0.0,4927.822,48.7,11.0,-3.3,0.0,0.0,10282.152,30.7,31.0,3.7,0.0,0.0,14389.764,14.8,19.0,-20.5,0.0,0.0,19084.646,-8.1,8.0,-53.2,0.0,0.0,24590.098,-31.9,16.0,-62.4,0.0,0.0,31337.314,America/Los_Angeles,34.03202,-118.52633,86.0,0.7278919219970703
2026-09-21T01:00,pressure_profile,ncep_hrrr_conus,65.8,88.0,62.2,0.0,0.02,377.297,58.0,99.0,57.7,76.0,0.01,2568.898,64.4,14.0,14.1,0.0,0.01,4927.822,48.7,19.0,8.1,0.0,0.01,10282.152,30.3,35.0,5.9,0.0,0.01,14386.483,13.9,9.0,-35.5,0.0,0.01,19074.802,-9.2,13.0,-46.4,0.0,0.0,24569.846,-33.7,18.0,-62.1,0.0,0.0,31289.688,America/Los_Angeles,34.03202,-118.52633,86.0,0.7278919219970703
2026-09-21T02:00,pressure_profile,ncep_hrrr_conus,65.1,89.0,61.8,0.0,-0.01,367.454,56.8,99.0,56.5,76.0,-0.01,2559.055,62.6,23.0,24.3,0.0,0.0,4908.137,48.2,23.0,12.4,0.0,0.0,10259.187,30.7,26.0,-0.0,0.0,0.0,14363.518,13.5,17.0,-23.1,0.0,0.0,19051.838,-9.2,13.0,-46.4,0.0,0.0,24549.594,-33.7,18.0,-62.1,0.0,0.0,31257.936,America/Los_Angeles,34.03202,-118.52633,86.0,0.7278919219970703
2026-09-21T03:00,pressure_profile,ncep_hrrr_conus,65.5,90.0,62.5,5.0,0.0,364.173,57.2,99.0,56.9,76.0,0.0,2555.775,61.3,33.0,32.0,0.0,0.0,4904.856,47.9,29.0,17.0,0.0,0.0,10252.625,30.3,26.0,-0.3,0.0,0.0,14356.955,12.7,20.0,-20.9,0.0,0.0,19035.434,-9.2,13.0,-46.4,0.0,0.0,24525.292,-34.6,16.0,-64.6,0.0,0.0,31226.19,America/Los_Angeles,34.03202,-118.52633,86.0,0.7278919219970703
2026-09-21T04:00,pressure_profile,ncep_hrrr_conus,65.8,85.0,61.2,0.0,-0.01,370.735,57.8,99.0,57.5,76.0,-0.01,2562.336,59.6,48.0,39.9,0.0,-0.01,4908.137,47.1,27.0,14.5,0.0,-0.01,10249.344,28.7,28.0,-0.7,0.0,0.0,14343.832,11.8,16.0,-26.2,0.0,0.0,19012.466,-9.8,17.0,-43.1,0.0,0.0,24496.938,-34.6,14.0,-66.6,0.0,0.0,31178.562,America/Los_Angeles,34.03202,-118.52633,86.0,0.7278919219970703
2026-09-21T05:00,pressure_profile,ncep_hrrr_conus,66.0,84.0,61.0,0.0,-0.01,367.454,57.6,99.0,57.3,76.0,-0.01,2559.055,55.5,70.0,45.8,0.0,-0.01,4895.013,45.4,31.0,16.6,0.0,-0.01,10219.816,28.4,23.0,-5.2,0.0,0.0,14307.743,10.2,19.0,-24.4,0.0,0.0,18963.254,-11.5,22.0,-40.1,0.0,0.0,24428.082,-35.5,18.0,-63.6,0.0,0.0,31093.894,America/Los_Angeles,34.03202,-118.52633,86.0,0.7278919219970703
2026-09-21T06:00,pressure_profile,ncep_hrrr_conus,66.7,80.0,60.4,0.0,-0.02,370.735,57.8,98.0,57.2,66.0,-0.01,2562.336,55.0,65.0,43.5,0.0,-0.01,4895.013,43.8,40.0,21.0,0.0,-0.01,10219.816,28.7,9.0,-23.7,0.0,-0.01,14304.462,9.7,16.0,-27.9,0.0,0.0,18956.694,-13.2,18.0,-44.4,0.0,0.0,24407.83,-35.5,20.0,-62.0,0.0,0.0,31062.146,America/Los_Angeles,34.03202,-118.52633,86.0,0.7278919219970703
2026-09-21T07:00,pressure_profile,ncep_hrrr_conus,67.3,78.0,60.2,0.0,-0.01,380.577,58.0,97.0,57.1,58.0,-0.01,2575.459,53.5,70.0,44.0,0.0,-0.01,4901.575,43.5,34.0,17.3,0.0,-0.01,10223.098,28.7,19.0,-8.7,0.0,-0.01,14304.462,9.3,13.0,-31.9,0.0,0.0,18959.974,-12.1,25.0,-38.1,0.0,0.0,24411.878,-38.2,20.0,-64.4,0.0,0.0,31051.56,America/Los_Angeles,34.03202,-118.52633,86.0,0.7278919219970703
2026-09-21T08:00,pressure_profile,ncep_hrrr_conus,67.1,78.0,60.0,0.0,0.01,393.701,57.4,94.0,55.7,41.0,0.01,2585.302,51.6,70.0,42.1,0.0,0.01,4904.856,43.5,34.0,17.3,0.0,0.01,10223.098,28.0,15.0,-13.8,0.0,0.01,14301.182,9.7,10.0,-36.1,0.0,0.0,18956.694,-13.2,25.0,-39.1,0.0,0.0,24407.83,-40.9,52.0,-51.8,0.0,0.0,31025.102,America/Los_Angeles,34.03202,-118.52633,86.0,0.7278919219970703
2026-09-21T09:00,pressure_profile,ncep_hrrr_conus,67.6,79.0,60.9,0.0,0.02,400.262,57.4,90.0,54.5,24.0,0.02,2595.144,50.0,79.0,43.8,4.0,0.01,4917.979,42.7,43.0,21.9,0.0,0.01,10223.098,28.0,10.0,-21.7,0.0,0.01,14294.619,10.6,9.0,-38.1,0.0,0.01,18953.412,-13.8,45.0,-29.1,0.0,0.0,24407.83,-40.0,44.0,-53.7,0.0,0.0,31040.978,America/Los_Angeles,34.03202,-118.52633,86.0,0.7278919219970703
2026-09-21T10:00,pressure_profile,ncep_hrrr_conus,68.2,76.0,60.3,0.0,0.03,406.824,58.0,88.0,54.5,16.0,0.02,2601.706,50.9,73.0,42.6,0.0,0.02,4924.541,41.9,51.0,25.1,0.0,0.01,10229.659,27.7,11.0,-19.7,0.0,0.01,14297.9,10.6,10.0,-35.4,0.0,0.01,18956.694,-13.2,55.0,-24.8,0.0,0.0,24411.878,-38.2,26.0,-60.3,0.0,0.0,31051.56,America/Los_Angeles,34.03202,-118.52633,86.0,0.7278919219970703
2026-09-21T11:00,pressure_profile,ncep_hrrr_conus,68.2,75.0,60.0,0.0,0.04,406.824,58.0,95.0,56.6,46.0,0.03,2601.706,50.9,77.0,43.9,0.0,0.02,4924.541,42.1,32.0,14.5,0.0,0.02,10232.939,27.0,11.0,-20.2,0.0,0.01,14297.9,10.2,10.0,-35.7,0.0,0.01,18946.85,-12.1,58.0,-22.6,0.0,0.0,24399.728,-35.5,10.0,-72.3,0.0,0.0,31067.436,America/Los_Angeles,34.03202,-118.52633,86.0,0.7278919219970703
2026-09-21T12:00,pressure_profile,ncep_hrrr_conus,69.3,72.0,59.8,0.0,0.04,400.262,59.0,89.0,55.7,20.0,0.03,2598.425,52.0,73.0,43.6,0.0,0.03,4927.822,41.6,44.0,21.5,0.0,0.02,10232.939,26.0,18.0,-12.3,0.0,0.01,14294.619,9.3,16.0,-28.2,0.0,0.01,18937.008,-12.7,48.0,-26.7,0.0,0.0,24383.526,-34.6,4.0,-84.3,0.0,0.0,31056.854,America/Los_Angeles,34.03202,-118.52633,86.0,0.7278919219970703
2026-09-21T13:00,pressure_profile,ncep_hrrr_conus,69.3,73.0,60.2,0.0,0.04,383.858,59.2,89.0,55.9,20.0,0.04,2585.302,52.9,75.0,45.1,0.0,0.03,4917.979,41.6,49.0,23.8,0.0,0.02,10229.659,26.7,20.0,-9.1,0.0,0.02,14294.619,8.9,24.0,-20.4,0.0,0.01,18940.29,-11.5,27.0,-36.4,0.0,0.0,24387.578,-33.7,8.0,-74.1,0.0,0.0,31078.022,America/Los_Angeles,34.03202,-118.52633,86.0,0.7278919219970703
2026-09-21T14:00,pressure_profile,ncep_hrrr_conus,70.0,69.0,59.3,0.0,0.03,370.735,60.0,82.0,54.4,0.0,0.03,2572.179,53.5,64.0,41.6,0.0,0.02,4908.137,42.1,41.0,20.2,0.0,0.02,10219.816,26.7,15.0,-14.8,0.0,0.01,14288.058,8.5,21.0,-23.1,0.0,0.01,18930.448,-11.5,20.0,-41.5,0.0,0.0,24379.476,-33.7,10.0,-70.9,0.0,0.0,31088.606,America/Los_Angeles,34.03202,-118.52633,86.0,0.7278919219970703
2026-09-21T15:00,pressure_profile,ncep_hrrr_conus,70.5,69.0,59.9,0.0,0.03,347.769,60.7,77.0,53.5,0.0,0.03,2552.494,55.7,55.0,39.8,0.0,0.03,4891.733,42.4,43.0,21.7,0.0,0.02,10209.974,27.0,19.0,-10.1,0.0,0.01,14281.496,9.3,19.0,-25.1,0.0,0.01,18923.884,-11.0,28.0,-34.9,0.0,0.0,24387.578,-31.9,6.0,-76.7,0.0,0.0,31104.48,America/Los_Angeles,34.03202,-118.52633,86.0,0.7278919219970703
2026-09-21T16:00,pressure_profile,ncep_hrrr_conus,70.7,66.0,58.8,0.0,0.03,344.488,60.7,77.0,53.5,0.0,0.02,2549.213,56.1,54.0,39.7,0.0,0.02,4891.733,42.7,36.0,17.3,0.0,0.01,10209.974,27.4,23.0,-6.1,0.0,0.01,14288.058,9.7,23.0,-20.8,0.0,0.01,18930.448,-9.2,8.0,-54.1,0.0,0.0,24399.728,-31.9,10.0,-69.4,0.0,0.0,31136.228,America/Los_Angeles,34.03202,-118.52633,86.0,0.7278919219970703
2026-09-21T17:00,pressure_profile,ncep_hrrr_conus,70.5,69.0,59.9,0.0,0.02,334.646,61.1,78.0,54.2,0.0,0.01,2536.089,56.8,60.0,43.0,0.0,0.01,4885.171,43.2,32.0,15.5,0.0,0.01,10206.693,27.4,19.0,-9.8,0.0,0.01,14281.496,10.6,13.0,-30.9,0.0,0.0,18930.448,-8.1,7.0,-56.8,0.0,0.0,24415.93,-32.8,10.0,-70.1,0.0,0.0,31167.978,America/Los_Angeles,34.03202,-118.52633,86.0,0.7278919219970703
2026-09-21T18:00,pressure_profile,ncep_hrrr_conus,70.0,70.0,59.7,0.0,0.02,334.646,61.5,79.0,55.0,0.0,0.02,2536.089,57.0,55.0,41.0,0.0,0.01,4885.171,43.0,38.0,18.9,0.0,0.01,10203.412,27.0,20.0,-8.8,0.0,0.01,14278.215,11.0,9.0,-37.8,0.0,0.0,18927.166,-6.4,7.0,-55.4,0.0,0.0,24419.98,-32.8,14.0,-65.1,0.0,0.0,31173.272,America/Los_Angeles,34.03202,-118.52633,86.0,0.7278919219970703
2026-09-21T19:00,pressure_profile,ncep_hrrr_conus,68.7,77.0,61.2,0.0,0.0,341.207,61.3,74.0,53.0,0.0,-0.01,2542.651,56.5,59.0,42.4,0.0,0.0,4888.452,43.0,39.0,19.6,0.0,0.0,10203.412,26.7,24.0,-5.5,0.0,0.0,14278.215,11.4,9.0,-37.5,0.0,0.0,18930.448,-4.1,10.0,-47.0,0.0,0.0,24444.284,-32.8,18.0,-61.3,0.0,0.0,31205.02,America/Los_Angeles,34.03202,-118.52633,86.0,0.7278919219970703
2026-09-21T20:00,pressure_profile,ncep_hrrr_conus,68.9,75.0,60.7,0.0,-0.01,347.769,61.3,76.0,53.7,0.0,-0.01,2545.932,57.6,48.0,38.1,0.0,-0.01,4895.013,44.1,38.0,19.9,0.0,-0.01,10216.535,27.4,26.0,-2.9,0.0,-0.01,14291.339,11.8,11.0,-32.0,0.0,0.0,18950.13,-3.5,12.0,-44.0,0.0,0.0,24480.736,-32.8,18.0,-61.3,0.0,0.0,31242.064,America/Los_Angeles,34.03202,-118.52633,86.0,0.7278919219970703
2026-09-21T21:00,pressure_profile,ncep_hrrr_conus,69.1,73.0,60.1,0.0,-0.04,354.331,60.4,91.0,57.7,27.0,-0.04,2555.775,58.1,49.0,39.0,0.0,-0.03,4901.575,44.3,32.0,16.5,0.0,-0.02,10223.098,27.7,30.0,0.2,0.0,-0.02,14304.462,12.3,11.0,-31.7,0.0,-0.01,18966.536,-4.1,13.0,-42.2,0.0,0.0,24492.888,-32.8,16.0,-63.1,0.0,0.0,31252.646,America/Los_Angeles,34.03202,-118.52633,86.0,0.7278919219970703
2026-09-21T22:00,pressure_profile,ncep_hrrr_conus,68.5,74.0,59.9,0.0,-0.06,370.735,60.2,90.0,57.2,24.0,-0.02,2575.459,58.1,47.0,37.9,0.0,-0.03,4921.26,44.6,27.0,12.4,0.0,-0.01,10242.782,27.7,34.0,2.8,0.0,0.0,14314.305,12.3,10.0,-34.1,0.0,-0.01,18979.658,-4.7,15.0,-40.6,0.0,-0.02,24509.088,-32.8,12.0,-67.4,0.0,-0.07,31263.228,America/Los_Angeles,34.03202,-118.52633,86.0,0.7278919219970703
2026-09-21T23:00,pressure_profile,ncep_hrrr_conus,68.0,76.0,60.2,0.0,-0.03,367.454,60.4,88.0,56.8,16.0,0.0,2555.775,59.6,49.0,40.4,0.0,-0.02,4908.137,44.1,30.0,14.6,0.0,0.0,10226.378,27.7,35.0,3.6,0.0,-0.02,14311.023,13.1,9.0,-36.2,0.0,-0.04,18979.658,-4.7,18.0,-37.1,0.0,-0.05,24496.938,-32.8,6.0,-77.4,0.0,-0.03,31247.354,America/Los_Angeles,34.03202,-118.52633,86.0,0.7278919219970703
2026-09-22T00:00,pressure_profile,ncep_hrrr_conus,67.6,78.0,60.5,0.0,-0.03,374.016,59.8,89.0,56.5,20.0,0.02,2572.179,59.4,54.0,42.7,0.0,0.0,4921.26,43.8,31.0,15.2,0.0,-0.02,10239.501,28.4,29.0,-0.1,0.0,-0.04,14314.305,13.1,9.0,-36.2,0.0,0.0,18986.22,-5.2,20.0,-36.1,0.0,0.01,24513.14,-32.8,4.0,-83.0,0.0,-0.03,31257.936,America/Los_Angeles,34.03202,-118.52633,86.0,0.7278919219970703
2026-09-22T01:00,pressure_profile,ncep_hrrr_conus,67.5,79.0,60.7,0.0,-0.02,383.858,59.4,90.0,56.4,24.0,0.0,2568.898,59.6,51.0,41.4,0.0,-0.02,4917.979,43.5,31.0,14.9,0.0,-0.03,10236.221,29.0,25.0,-2.5,0.0,-0.03,14327.428,13.1,10.0,-33.4,0.0,-0.02,19002.624,-5.8,18.0,-38.1,0.0,-0.04,24513.14,-33.7,4.0,-83.6,0.0,-0.04,31252.646,America/Los_Angeles,34.03202,-118.52633,86.0,0.7278919219970703
2026-09-22T02:00,pressure_profile,ncep_hrrr_conus,67.3,80.0,60.9,0.0,-0.02,370.735,59.2,91.0,56.5,27.0,0.0,2552.494,59.6,51.0,41.4,0.0,-0.01,4901.575,44.3,28.0,13.1,0.0,-0.05,10223.098,29.3,21.0,-5.6,0.0,-0.03,14317.585,13.1,10.0,-33.4,0.0,-0.02,18989.502,-5.8,17.0,-39.8,0.0,-0.04,24509.088,-33.7,4.0,-83.6,0.0,-0.03,31247.354,America/Los_Angeles,34.03202,-118.52633,86.0,0.7278919219970703
2026-09-22T03:00,pressure_profile,ncep_hrrr_conus,67.1,80.0,60.7,0.0,-0.02,337.927,58.8,93.0,56.8,36.0,-0.01,2555.775,59.4,54.0,42.7,0.0,-0.02,4901.575,44.9,21.0,7.4,0.0,-0.02,10223.098,29.7,16.0,-10.8,0.0,-0.02,14281.496,13.5,10.0,-33.1,0.0,-0.01,18959.974,-5.8,17.0,-39.8,0.0,-0.01,24513.14,-34.6,4.0,-84.3,0.0,0.0,31242.064,America/Los_Angeles,34.03202,-118.52633,86.0,0.7278919219970703
2026-09-22T04:00,pressure_profile,ncep_hrrr_conus,66.9,80.0,60.5,0.0,-0.02,337.927,58.4,95.0,57.0,46.0,-0.01,2552.494,59.2,53.0,42.0,0.0,-0.02,4901.575,44.6,20.0,5.9,0.0,0.0,10223.098,29.7,14.0,-14.1,0.0,0.0,14284.777,13.5,10.0,-33.1,0.0,-0.03,18966.536,-6.4,15.0,-42.1,0.0,-0.02,24513.14,-34.6,4.0,-84.3,0.0,0.01,31231.478,America/Los_Angeles,34.03202,-118.52633,86.0,0.7278919219970703
2026-09-22T05:00,pressure_profile,ncep_hrrr_conus,66.9,81.0,60.9,0.0,-0.02,334.646,58.6,92.0,56.3,32.0,-0.02,2555.775,59.6,51.0,41.4,0.0,-0.02,4911.418,44.3,21.0,6.9,0.0,-0.01,10232.939,29.7,13.0,-16.0,0.0,-0.02,14288.058,13.9,9.0,-35.5,0.0,-0.03,18969.816,-6.9,15.0,-42.5,0.0,0.01,24521.24,-35.5,4.0,-85.0,0.0,0.03,31236.772,America/Los_Angeles,34.03202,-118.52633,86.0,0.7278919219970703
2026-09-22T06:00,pressure_profile,ncep_hrrr_conus,66.6,82.0,60.9,0.0,-0.02,351.05,59.4,87.0,55.5,13.0,-0.01,2555.775,60.2,49.0,41.0,0.0,0.0,4911.418,44.1,23.0,8.9,0.0,-0.03,10236.221,30.0,13.0,-15.8,0.0,-0.03,14307.743,13.9,7.0,-38.7,0.0,0.01,18989.502,-7.5,17.0,-41.2,0.0,0.04,24525.292,-35.5,4.0,-85.0,0.0,0.01,31231.478,America/Los_Angeles,34.03202,-118.52633,86.0,0.7278919219970703
2026-09-22T07:00,pressure_profile,ncep_hrrr_conus,66.4,83.0,61.1,0.0,-0.02,357.612,60.0,82.0,54.4,0.0,-0.01,2559.055,60.9,48.0,41.1,0.0,-0.02,4917.979,43.8,29.0,13.5,0.0,-0.02,10242.782,30.0,13.0,-15.8,0.0,-0.01,14317.585,13.9,4.0,-47.4,0.0,-0.02,19002.624,-7.5,18.0,-39.6,0.0,-0.02,24525.292,-36.4,6.0,-80.2,0.0,0.0,31226.19,America/Los_Angeles,34.03202,-118.52633,86.0,0.7278919219970703
2026-09-22T08:00,pressure_profile,ncep_hrrr_conus,66.2,83.0,60.9,0.0,-0.01,367.454,60.7,78.0,53.8,0.0,0.0,2562.336,61.8,45.0,40.2,0.0,-0.02,4924.541,43.8,31.0,15.2,0.0,-0.01,10252.625,30.0,15.0,-12.1,0.0,-0.01,14333.989,14.4,7.0,-38.4,0.0,-0.03,19022.31,-8.1,18.0,-40.0,0.0,-0.01,24537.442,-37.3,6.0,-80.9,0.0,0.0,31231.478,America/Los_Angeles,34.03202,-118.52633,86.0,0.7278919219970703
2026-09-22T09:00,pressure_profile,ncep_hrrr_conus,67.5,80.0,61.1,0.0,0.02,374.016,61.1,76.0,53.5,0.0,0.01,2559.055,62.4,44.0,40.2,0.0,-0.02,4924.541,43.5,32.0,15.7,0.0,-0.02,10252.625,30.0,16.0,-10.5,0.0,-0.02,14347.113,14.4,7.0,-38.4,0.0,-0.02,19035.434,-7.5,17.0,-41.2,0.0,-0.02,24541.494,-37.3,8.0,-76.9,0.0,-0.01,31236.772,America/Los_Angeles,34.03202,-118.52633,86.0,0.7278919219970703
2026-09-22T10:00,pressure_profile,ncep_hrrr_conus,68.5,78.0,61.4,0.0,0.03,367.454,61.3,76.0,53.7,0.0,0.02,2555.775,63.3,44.0,41.0,0.0,-0.03,4924.541,43.8,34.0,17.5,0.0,-0.01,10259.187,29.7,23.0,-4.1,0.0,-0.02,14350.394,14.4,10.0,-32.4,0.0,-0.01,19045.276,-7.5,17.0,-41.2,0.0,0.0,24545.542,-38.2,14.0,-69.7,0.0,-0.01,31236.772,America/Los_Angeles,34.03202,-118.52633,86.0,0.7278919219970703
2026-09-22T11:00,pressure_profile,ncep_hrrr_conus,69.3,77.0,61.7,0.0,0.04,360.892,62.5,75.0,54.5,0.0,0.01,2562.336,64.4,41.0,40.2,0.0,-0.04,4937.664,43.8,38.0,19.7,0.0,-0.01,10272.31,29.7,28.0,0.1,0.0,-0.02,14360.236,14.4,9.0,-35.2,0.0,0.01,19055.12,-7.5,17.0,-41.2,0.0,0.0,24557.694,-38.2,20.0,-64.4,0.0,0.0,31252.646,America/Los_Angeles,34.03202,-118.52633,86.0,0.7278919219970703
2026-09-22T12:00,pressure_profile,ncep_hrrr_conus,69.6,79.0,62.8,0.0,0.04,351.05,64.3,71.0,54.7,0.0,-0.01,2562.336,65.2,40.0,40.3,0.0,-0.04,4944.226,43.8,38.0,19.7,0.0,-0.02,10282.152,30.7,26.0,-0.0,0.0,-0.03,14363.518,14.4,7.0,-38.4,0.0,-0.01,19058.398,-8.1,17.0,-41.7,0.0,-0.01,24573.896,-39.1,22.0,-63.7,0.0,-0.03,31268.522,America/Los_Angeles,34.03202,-118.52633,86.0,0.7278919219970703
2026-09-22T13:00,pressure_profile,ncep_hrrr_conus,69.8,81.0,63.7,0.0,0.04,347.769,65.9,68.0,55.0,0.0,0.0,2555.775,65.9,40.0,40.9,0.0,-0.03,4944.226,44.1,36.0,18.5,0.0,-0.01,10285.434,31.3,24.0,-1.6,0.0,-0.02,14376.641,14.8,7.0,-38.1,0.0,0.0,19074.802,-8.1,17.0,-41.7,0.0,-0.01,24586.046,-38.2,18.0,-65.9,0.0,0.0,31279.106,America/Los_Angeles,34.03202,-118.52633,86.0,0.7278919219970703
2026-09-22T14:00,pressure_profile,ncep_hrrr_conus,69.8,81.0,63.7,0.0,0.03,328.084,67.0,65.0,54.9,0.0,-0.01,2542.651,66.3,40.0,41.3,0.0,-0.03,4934.384,44.3,36.0,18.7,0.0,-0.02,10278.871,31.7,23.0,-2.4,0.0,-0.02,14370.079,14.8,7.0,-38.1,0.0,-0.01,19068.242,-8.1,12.0,-47.7,0.0,-0.02,24581.998,-38.2,16.0,-67.7,0.0,-0.01,31279.106,America/Los_Angeles,34.03202,-118.52633,86.0,0.7278919219970703
2026-09-22T15:00,pressure_profile,ncep_hrrr_conus,70.0,81.0,63.9,0.0,0.03,298.556,68.0,64.0,55.4,0.0,-0.02,2532.808,66.8,41.0,42.3,0.0,-0.04,4927.822,44.3,34.0,18.0,0.0,-0.01,10275.591,32.0,21.0,-3.3,0.0,0.0,14350.394,14.8,7.0,-38.1,0.0,-0.01,19055.12,-7.5,12.0,-47.2,0.0,-0.02,24586.046,-38.2,12.0,-71.9,0.0,-0.04,31284.394,America/Los_Angeles,34.03202,-118.52633,86.0,0.7278919219970703
2026-09-22T16:00,pressure_profile,ncep_hrrr_conus,70.3,78.0,63.2,0.0,0.02,278.871,70.0,57.0,54.1,0.0,-0.01,2516.404,67.6,26.0,31.5,0.0,-0.03,4917.979,44.6,39.0,21.1,0.0,-0.02,10272.31,30.7,24.0,-2.1,0.0,-0.01,14343.832,16.0,7.0,-37.1,0.0,-0.02,19048.556,-8.1,13.0,-45.5,0.0,-0.01,24590.098,-38.2,12.0,-71.9,0.0,-0.01,31294.98,America/Los_Angeles,34.03202,-118.52633,86.0,0.7278919219970703
2026-09-22T17:00,pressure_profile,ncep_hrrr_conus,70.5,78.0,63.3,0.0,0.04,295.276,71.0,55.0,54.0,0.0,0.0,2513.123,68.1,26.0,31.9,0.0,-0.03,4911.418,44.6,44.0,24.3,0.0,0.01,10269.029,30.3,24.0,-2.4,0.0,-0.01,14356.955,16.0,9.0,-33.9,0.0,-0.04,19061.68,-6.9,15.0,-42.5,0.0,-0.04,24590.098,-37.3,8.0,-76.9,0.0,-0.03,31294.98,America/Los_Angeles,34.03202,-118.52633,86.0,0.7278919219970703
2026-09-22T18:00,pressure_profile,ncep_hrrr_conus,70.5,76.0,62.6,0.0,0.03,291.995,72.0,49.0,51.8,0.0,-0.01,2509.843,68.5,27.0,33.2,0.0,-0.04,4914.698,44.3,50.0,26.8,0.0,0.0,10272.31,30.7,24.0,-2.1,0.0,-0.03,14363.518,16.5,9.0,-33.5,0.0,-0.03,19068.242,-6.9,12.0,-46.8,0.0,-0.02,24598.198,-37.3,12.0,-71.1,0.0,-0.03,31305.562,America/Los_Angeles,34.03202,-118.52633,86.0,0.7278919219970703
2026-09-22T19:00,pressure_profile,ncep_hrrr_conus,70.2,76.0,62.2,0.0,0.02,305.118,72.4,43.0,48.6,0.0,0.01,2522.966,68.7,31.0,36.9,0.0,-0.01,4927.822,44.6,46.0,24.9,0.0,0.0,10291.995,31.3,23.0,-2.7,0.0,-0.03,14383.202,16.9,7.0,-36.5,0.0,-0.03,19094.488,-6.9,8.0,-52.3,0.0,-0.05,24626.55,-36.4,12.0,-70.4,0.0,-0.01,31337.314,America/Los_Angeles,34.03202,-118.52633,86.0,0.7278919219970703
2026-09-22T20:00,pressure_profile,ncep_hrrr_conus,69.6,77.0,62.1,0.0,0.01,318.242,72.4,42.0,48.0,0.0,0.0,2536.089,68.5,34.0,39.0,0.0,0.0,4940.945,44.6,43.0,23.7,0.0,-0.02,10301.837,31.7,20.0,-4.9,0.0,-0.05,14396.325,17.7,7.0,-35.8,0.0,-0.01,19110.892,-6.9,7.0,-55.9,0.0,-0.05,24646.802,-36.4,8.0,-76.2,0.0,-0.04,31358.478,America/Los_Angeles,34.03202,-118.52633,86.0,0.7278919219970703
2026-09-22T21:00,pressure_profile,ncep_hrrr_conus,69.4,79.0,62.6,0.0,0.01,328.084,72.8,42.0,48.3,0.0,0.0,2542.651,68.3,36.0,40.3,0.0,0.01,4950.788,44.9,42.0,23.3,0.0,0.0,10311.68,32.7,18.0,-6.8,0.0,-0.02,14409.449,17.7,7.0,-35.8,0.0,0.02,19130.578,-6.9,8.0,-52.3,0.0,0.0,24663.004,-35.5,6.0,-79.5,0.0,-0.07,31379.644,America/Los_Angeles,34.03202,-118.52633,86.0,0.7278919219970703
2026-09-22T22:00,pressure_profile,ncep_hrrr_conus,68.2,86.0,63.8,0.0,0.01,331.365,72.4,44.0,49.2,0.0,-0.01,2545.932,68.1,37.0,40.8,0.0,-0.02,4950.788,44.9,44.0,24.5,0.0,-0.04,10311.68,32.7,16.0,-8.3,0.0,-0.04,14409.449,17.3,7.0,-36.1,0.0,0.01,19127.296,-6.9,8.0,-52.3,0.0,0.04,24663.004,-35.5,6.0,-79.5,0.0,-0.09,31379.644,America/Los_Angeles,34.03202,-118.52633,86.0,0.7278919219970703
2026-09-22T23:00,pressure_profile,ncep_hrrr_conus,67.3,88.0,63.6,0.0,-0.01,331.365,72.2,45.0,49.7,0.0,-0.01,2542.651,68.3,36.0,40.3,0.0,-0.02,4950.788,45.1,42.0,23.5,0.0,-0.02,10314.961,32.7,16.0,-8.3,0.0,-0.01,14416.011,16.9,9.0,-33.2,0.0,0.03,19130.578,-6.9,8.0,-52.3,0.0,0.05,24663.004,-36.4,8.0,-76.2,0.0,-0.03,31374.356,America/Los_Angeles,34.03202,-118.52633,86.0,0.7278919219970703
2026-09-23T00:00,pressure_profile,ncep_hrrr_conus,66.6,91.0,63.9,10.0,-0.01,331.365,72.0,45.0,49.5,0.0,0.0,2542.651,68.7,32.0,37.7,0.0,-0.01,4950.788,45.1,41.0,22.9,0.0,-0.02,10314.961,32.3,15.0,-10.2,0.0,-0.02,14416.011,16.5,9.0,-33.5,0.0,0.0,19127.296,-6.9,7.0,-55.9,0.0,0.01,24654.904,-37.3,8.0,-76.9,0.0,-0.04,31363.772,America/Los_Angeles,34.03202,-118.52633,86.0,0.7278919219970703
2026-09-23T01:00,pressure_profile,ncep_hrrr_conus,66.2,92.0,63.8,15.0,-0.01,337.927,70.6,49.0,50.5,0.0,0.0,2542.651,68.7,30.0,36.0,0.0,-0.01,4950.788,45.1,38.0,20.9,0.0,0.0,10314.961,32.3,14.0,-12.0,0.0,-0.01,14416.011,16.5,9.0,-33.5,0.0,-0.02,19127.296,-6.9,7.0,-55.9,0.0,-0.01,24654.904,-36.4,8.0,-76.2,0.0,-0.01,31363.772,America/Los_Angeles,34.03202,-118.52633,86.0,0.7278919219970703
2026-09-23T02:00,pressure_profile,ncep_hrrr_conus,66.0,91.0,63.3,10.0,-0.02,354.331,70.2,50.0,50.7,0.0,-0.01,2559.055,69.1,29.0,35.5,0.0,-0.03,4963.911,44.6,39.0,21.1,0.0,0.01,10328.084,32.0,14.0,-12.3,0.0,-0.01,14425.854,16.5,7.0,-36.8,0.0,-0.03,19133.86,-6.4,7.0,-55.4,0.0,-0.01,24663.004,-36.4,8.0,-76.2,0.0,0.01,31379.644,America/Los_Angeles,34.03202,-118.52633,86.0,0.7278919219970703
2026-09-23T03:00,pressure_profile,ncep_hrrr_conus,66.0,91.0,63.3,10.0,-0.02,344.488,71.2,46.0,49.3,0.0,-0.02,2549.213,69.6,27.0,34.1,0.0,-0.02,4960.63,44.6,36.0,19.0,0.0,0.01,10321.522,32.3,13.0,-13.9,0.0,-0.01,14419.291,16.9,6.0,-40.4,0.0,-0.03,19133.86,-5.8,7.0,-55.0,0.0,-0.01,24667.056,-36.4,8.0,-76.2,0.0,0.03,31379.644,America/Los_Angeles,34.03202,-118.52633,86.0,0.7278919219970703
2026-09-23T04:00,pressure_profile,ncep_hrrr_conus,66.2,89.0,62.9,0.0,-0.03,331.365,72.8,40.0,47.0,0.0,-0.01,2539.37,69.4,27.0,33.9,0.0,-0.01,4950.788,44.6,32.0,16.7,0.0,0.0,10311.68,32.3,11.0,-16.0,0.0,-0.02,14406.168,16.9,6.0,-40.4,0.0,-0.02,19120.734,-5.8,7.0,-55.0,0.0,-0.01,24654.904,-37.3,8.0,-76.9,0.0,0.0,31369.062,America/Los_Angeles,34.03202,-118.52633,86.0,0.7278919219970703
2026-09-23T05:00,pressure_profile,ncep_hrrr_conus,66.7,86.0,62.4,0.0,-0.02,318.242,73.9,35.0,44.6,0.0,-0.01,2529.528,69.6,26.0,33.2,0.0,-0.03,4944.226,45.1,27.0,12.8,0.0,-0.03,10305.118,32.0,11.0,-16.2,0.0,-0.02,14399.606,16.9,6.0,-40.4,0.0,-0.01,19114.174,-6.4,7.0,-55.4,0.0,0.01,24646.802,-37.3,8.0,-76.9,0.0,-0.07,31358.478,America/Los_Angeles,34.03202,-118.52633,86.0,0.7278919219970703
2026-09-23T06:00,pressure_profile,ncep_hrrr_conus,66.9,85.0,62.3,0.0,-0.01,321.522,74.5,33.0,43.5,0.0,0.0,2536.089,69.6,24.0,31.2,0.0,-0.01,4947.507,45.1,26.0,11.9,0.0,-0.01,10308.399,32.3,9.0,-20.9,0.0,-0.01,14406.168,16.9,6.0,-40.4,0.0,0.0,19124.016,-6.4,7.0,-55.4,0.0,-0.02,24654.904,-37.3,10.0,-73.8,0.0,-0.04,31369.062,America/Los_Angeles,34.03202,-118.52633,86.0,0.7278919219970703
2026-09-23T07:00,pressure_profile,ncep_hrrr_conus,66.9,86.0,62.6,0.0,-0.01,344.488,75.3,30.0,41.7,0.0,0.0,2562.336,69.8,25.0,32.4,0.0,0.0,4977.034,44.9,27.0,12.6,0.0,0.0,10334.646,32.0,9.0,-21.1,0.0,0.0,14432.415,16.9,6.0,-40.4,0.0,-0.01,19143.702,-6.4,7.0,-55.4,0.0,-0.04,24675.156,-37.3,8.0,-76.9,0.0,-0.01,31395.52,America/Los_Angeles,34.03202,-118.52633,86.0,0.7278919219970703
2026-09-23T08:00,pressure_profile,ncep_hrrr_conus,66.6,87.0,62.6,0.0,-0.01,360.892,76.1,28.0,40.6,0.0,-0.01,2575.459,69.8,26.0,33.4,0.0,0.0,4993.439,44.6,23.0,9.4,0.0,0.0,10351.05,32.0,8.0,-24.1,0.0,-0.01,14445.538,16.9,6.0,-40.4,0.0,-0.02,19156.824,-5.8,7.0,-55.0,0.0,-0.05,24691.358,-37.3,8.0,-76.9,0.0,0.0,31411.396,America/Los_Angeles,34.03202,-118.52633,86.0,0.7278919219970703
2026-09-23T09:00,pressure_profile,ncep_hrrr_conus,67.6,84.0,62.6,0.0,0.01,367.454,77.3,25.0,38.7,0.0,-0.01,2588.583,69.8,27.0,34.3,0.0,0.0,5006.562,44.6,23.0,9.4,0.0,0.02,10360.893,32.0,8.0,-24.1,0.0,0.0,14455.381,16.9,6.0,-40.4,0.0,0.0,19166.666,-5.8,7.0,-55.0,0.0,-0.02,24703.508,-37.3,8.0,-76.9,0.0,-0.01,31421.978,America/Los_Angeles,34.03202,-118.52633,86.0,0.7278919219970703
2026-09-23T10:00,pressure_profile,ncep_hrrr_conus,70.0,81.0,63.9,0.0,0.03,367.454,78.1,24.0,38.3,0.0,-0.01,2595.144,69.6,28.0,35.0,0.0,-0.01,5013.124,44.3,29.0,13.9,0.0,-0.01,10370.735,31.7,8.0,-24.3,0.0,-0.02,14461.942,16.9,6.0,-40.4,0.0,-0.01,19173.228,-6.4,7.0,-55.4,0.0,0.01,24707.56,-38.2,8.0,-77.6,0.0,0.0,31421.978,America/Los_Angeles,34.03202,-118.52633,86.0,0.7278919219970703
2026-09-23T11:00,pressure_profile,ncep_hrrr_conus,71.4,80.0,64.9,0.0,0.03,367.454,78.3,24.0,38.5,0.0,0.0,2598.425,69.8,26.0,33.4,0.0,0.0,5016.405,44.3,33.0,17.2,0.0,0.0,10374.016,31.7,10.0,-18.8,0.0,-0.01,14468.504,16.5,4.0,-45.6,0.0,0.01,19176.51,-6.9,7.0,-55.9,0.0,0.0,24707.56,-38.2,8.0,-77.6,0.0,-0.03,31416.69,America/Los_Angeles,34.03202,-118.52633,86.0,0.7278919219970703
2026-09-23T12:00,pressure_profile,ncep_hrrr_conus,72.5,77.0,64.9,0.0,0.03,364.173,78.9,23.0,37.9,0.0,-0.01,2598.425,70.0,24.0,31.6,0.0,-0.02,5016.405,44.9,29.0,14.4,0.0,-0.01,10377.297,31.7,11.0,-16.5,0.0,-0.01,14471.785,16.0,4.0,-45.9,0.0,-0.01,19179.792,-6.9,7.0,-55.9,0.0,0.0,24707.56,-37.3,8.0,-76.9,0.0,-0.01,31416.69,America/Los_Angeles,34.03202,-118.52633,86.0,0.7278919219970703
2026-09-23T13:00,pressure_profile,ncep_hrrr_conus,73.4,74.0,64.6,0.0,0.03,360.892,79.4,23.0,38.4,0.0,-0.02,2598.425,70.2,23.0,30.7,0.0,-0.02,5019.685,45.1,27.0,12.8,0.0,-0.01,10383.858,31.3,13.0,-14.7,0.0,-0.01,14478.347,16.0,6.0,-41.0,0.0,0.0,19183.07,-6.9,7.0,-55.9,0.0,0.01,24711.61,-37.3,8.0,-76.9,0.0,-0.01,31421.978,America/Los_Angeles,34.03202,-118.52633,86.0,0.7278919219970703
2026-09-23T14:00,pressure_profile,ncep_hrrr_conus,73.2,75.0,64.8,0.0,0.03,370.735,80.4,21.0,36.9,0.0,-0.04,2608.268,70.5,23.0,30.9,0.0,-0.04,5032.809,45.4,27.0,13.1,0.0,-0.02,10396.981,31.0,15.0,-11.3,0.0,0.0,14491.47,16.0,6.0,-41.0,0.0,0.0,19196.196,-6.9,7.0,-55.9,0.0,0.01,24723.762,-37.3,8.0,-76.9,0.0,0.01,31432.564,America/Los_Angeles,34.03202,-118.52633,86.0,0.7278919219970703
2026-09-23T15:00,pressure_profile,ncep_hrrr_conus,73.2,74.0,64.4,0.0,0.03,367.454,81.0,21.0,37.4,0.0,-0.04,2608.268,70.9,24.0,32.3,0.0,-0.05,5032.809,45.4,26.0,12.1,0.0,-0.02,10400.263,31.0,14.0,-13.1,0.0,0.0,14494.751,16.0,6.0,-41.0,0.0,0.0,19196.196,-6.9,7.0,-55.9,0.0,-0.01,24719.71,-37.3,8.0,-76.9,0.0,0.0,31432.564,America/Los_Angeles,34.03202,-118.52633,86.0,0.7278919219970703
2026-09-23T16:00,pressure_profile,ncep_hrrr_conus,72.3,76.0,64.3,0.0,0.03,357.612,81.2,21.0,37.6,0.0,-0.04,2595.144,71.3,21.0,29.4,0.0,-0.07,5019.685,45.7,31.0,16.8,0.0,-0.02,10393.701,30.7,14.0,-13.3,0.0,-0.01,14488.189,15.6,7.0,-37.4,0.0,0.0,19186.352,-7.5,7.0,-56.3,0.0,0.01,24707.56,-37.3,8.0,-76.9,0.0,0.01,31416.69,America/Los_Angeles,34.03202,-118.52633,86.0,0.7278919219970703
2026-09-23T17:00,pressure_profile,ncep_hrrr_conus,70.9,81.0,64.8,0.0,0.03,351.05,80.8,21.0,37.2,0.0,0.0,2585.302,71.8,20.0,28.5,0.0,0.01,5013.124,46.0,31.0,17.1,0.0,-0.01,10390.42,30.3,16.0,-10.2,0.0,-0.01,14484.908,15.6,9.0,-34.2,0.0,-0.02,19179.792,-6.9,7.0,-55.9,0.0,-0.01,24703.508,-36.4,6.0,-80.2,0.0,0.0,31411.396,America/Los_Angeles,34.03202,-118.52633,86.0,0.7278919219970703
2026-09-23T18:00,pressure_profile,ncep_hrrr_conus,,,,,,,,,,,,,,,,,,,,,,,,,,,,,,,,,,,,,,,,,,,,,,,,,America/Los_Angeles,34.03202,-118.52633,86.0,0.7278919219970703
2026-09-23T19:00,pressure_profile,ncep_hrrr_conus,,,,,,,,,,,,,,,,,,,,,,,,,,,,,,,,,,,,,,,,,,,,,,,,,America/Los_Angeles,34.03202,-118.52633,86.0,0.7278919219970703
2026-09-23T20:00,pressure_profile,ncep_hrrr_conus,,,,,,,,,,,,,,,,,,,,,,,,,,,,,,,,,,,,,,,,,,,,,,,,,America/Los_Angeles,34.03202,-118.52633,86.0,0.7278919219970703
2026-09-23T21:00,pressure_profile,ncep_hrrr_conus,,,,,,,,,,,,,,,,,,,,,,,,,,,,,,,,,,,,,,,,,,,,,,,,,America/Los_Angeles,34.03202,-118.52633,86.0,0.7278919219970703
2026-09-23T22:00,pressure_profile,ncep_hrrr_conus,,,,,,,,,,,,,,,,,,,,,,,,,,,,,,,,,,,,,,,,,,,,,,,,,America/Los_Angeles,34.03202,-118.52633,86.0,0.7278919219970703
2026-09-23T23:00,pressure_profile,ncep_hrrr_conus,,,,,,,,,,,,,,,,,,,,,,,,,,,,,,,,,,,,,,,,,,,,,,,,,America/Los_Angeles,34.03202,-118.52633,86.0,0.7278919219970703
2026-09-24T00:00,pressure_profile,ncep_hrrr_conus,,,,,,,,,,,,,,,,,,,,,,,,,,,,,,,,,,,,,,,,,,,,,,,,,America/Los_Angeles,34.03202,-118.52633,86.0,0.7278919219970703
2026-09-24T01:00,pressure_profile,ncep_hrrr_conus,,,,,,,,,,,,,,,,,,,,,,,,,,,,,,,,,,,,,,,,,,,,,,,,,America/Los_Angeles,34.03202,-118.52633,86.0,0.7278919219970703
2026-09-24T02:00,pressure_profile,ncep_hrrr_conus,,,,,,,,,,,,,,,,,,,,,,,,,,,,,,,,,,,,,,,,,,,,,,,,,America/Los_Angeles,34.03202,-118.52633,86.0,0.7278919219970703
2026-09-24T03:00,pressure_profile,ncep_hrrr_conus,,,,,,,,,,,,,,,,,,,,,,,,,,,,,,,,,,,,,,,,,,,,,,,,,America/Los_Angeles,34.03202,-118.52633,86.0,0.7278919219970703
2026-09-24T04:00,pressure_profile,ncep_hrrr_conus,,,,,,,,,,,,,,,,,,,,,,,,,,,,,,,,,,,,,,,,,,,,,,,,,America/Los_Angeles,34.03202,-118.52633,86.0,0.7278919219970703
2026-09-24T05:00,pressure_profile,ncep_hrrr_conus,,,,,,,,,,,,,,,,,,,,,,,,,,,,,,,,,,,,,,,,,,,,,,,,,America/Los_Angeles,34.03202,-118.52633,86.0,0.7278919219970703
2026-09-24T06:00,pressure_profile,ncep_hrrr_conus,,,,,,,,,,,,,,,,,,,,,,,,,,,,,,,,,,,,,,,,,,,,,,,,,America/Los_Angeles,34.03202,-118.52633,86.0,0.7278919219970703
2026-09-24T07:00,pressure_profile,ncep_hrrr_conus,,,,,,,,,,,,,,,,,,,,,,,,,,,,,,,,,,,,,,,,,,,,,,,,,America/Los_Angeles,34.03202,-118.52633,86.0,0.7278919219970703
2026-09-24T08:00,pressure_profile,ncep_hrrr_conus,,,,,,,,,,,,,,,,,,,,,,,,,,,,,,,,,,,,,,,,,,,,,,,,,America/Los_Angeles,34.03202,-118.52633,86.0,0.7278919219970703
2026-09-24T09:00,pressure_profile,ncep_hrrr_conus,,,,,,,,,,,,,,,,,,,,,,,,,,,,,,,,,,,,,,,,,,,,,,,,,America/Los_Angeles,34.03202,-118.52633,86.0,0.7278919219970703
2026-09-24T10:00,pressure_profile,ncep_hrrr_conus,,,,,,,,,,,,,,,,,,,,,,,,,,,,,,,,,,,,,,,,,,,,,,,,,America/Los_Angeles,34.03202,-118.52633,86.0,0.7278919219970703
2026-09-24T11:00,pressure_profile,ncep_hrrr_conus,,,,,,,,,,,,,,,,,,,,,,,,,,,,,,,,,,,,,,,,,,,,,,,,,America/Los_Angeles,34.03202,-118.52633,86.0,0.7278919219970703
2026-09-24T12:00,pressure_profile,ncep_hrrr_conus,,,,,,,,,,,,,,,,,,,,,,,,,,,,,,,,,,,,,,,,,,,,,,,,,America/Los_Angeles,34.03202,-118.52633,86.0,0.7278919219970703
2026-09-24T13:00,pressure_profile,ncep_hrrr_conus,,,,,,,,,,,,,,,,,,,,,,,,,,,,,,,,,,,,,,,,,,,,,,,,,America/Los_Angeles,34.03202,-118.52633,86.0,0.7278919219970703
2026-09-24T14:00,pressure_profile,ncep_hrrr_conus,,,,,,,,,,,,,,,,,,,,,,,,,,,,,,,,,,,,,,,,,,,,,,,,,America/Los_Angeles,34.03202,-118.52633,86.0,0.7278919219970703
2026-09-24T15:00,pressure_profile,ncep_hrrr_conus,,,,,,,,,,,,,,,,,,,,,,,,,,,,,,,,,,,,,,,,,,,,,,,,,America/Los_Angeles,34.03202,-118.52633,86.0,0.7278919219970703
2026-09-24T16:00,pressure_profile,ncep_hrrr_conus,,,,,,,,,,,,,,,,,,,,,,,,,,,,,,,,,,,,,,,,,,,,,,,,,America/Los_Angeles,34.03202,-118.52633,86.0,0.7278919219970703
2026-09-24T17:00,pressure_profile,ncep_hrrr_conus,,,,,,,,,,,,,,,,,,,,,,,,,,,,,,,,,,,,,,,,,,,,,,,,,America/Los_Angeles,34.03202,-118.52633,86.0,0.7278919219970703
2026-09-24T18:00,pressure_profile,ncep_hrrr_conus,,,,,,,,,,,,,,,,,,,,,,,,,,,,,,,,,,,,,,,,,,,,,,,,,America/Los_Angeles,34.03202,-118.52633,86.0,0.7278919219970703
2026-09-24T19:00,pressure_profile,ncep_hrrr_conus,,,,,,,,,,,,,,,,,,,,,,,,,,,,,,,,,,,,,,,,,,,,,,,,,America/Los_Angeles,34.03202,-118.52633,86.0,0.7278919219970703
2026-09-24T20:00,pressure_profile,ncep_hrrr_conus,,,,,,,,,,,,,,,,,,,,,,,,,,,,,,,,,,,,,,,,,,,,,,,,,America/Los_Angeles,34.03202,-118.52633,86.0,0.7278919219970703
2026-09-24T21:00,pressure_profile,ncep_hrrr_conus,,,,,,,,,,,,,,,,,,,,,,,,,,,,,,,,,,,,,,,,,,,,,,,,,America/Los_Angeles,34.03202,-118.52633,86.0,0.7278919219970703
2026-09-24T22:00,pressure_profile,ncep_hrrr_conus,,,,,,,,,,,,,,,,,,,,,,,,,,,,,,,,,,,,,,,,,,,,,,,,,America/Los_Angeles,34.03202,-118.52633,86.0,0.7278919219970703
2026-09-24T23:00,pressure_profile,ncep_hrrr_conus,,,,,,,,,,,,,,,,,,,,,,,,,,,,,,,,,,,,,,,,,,,,,,,,,America/Los_Angeles,34.03202,-118.52633,86.0,0.7278919219970703
2026-09-25T00:00,pressure_profile,ncep_hrrr_conus,,,,,,,,,,,,,,,,,,,,,,,,,,,,,,,,,,,,,,,,,,,,,,,,,America/Los_Angeles,34.03202,-118.52633,86.0,0.7278919219970703
2026-09-25T01:00,pressure_profile,ncep_hrrr_conus,,,,,,,,,,,,,,,,,,,,,,,,,,,,,,,,,,,,,,,,,,,,,,,,,America/Los_Angeles,34.03202,-118.52633,86.0,0.7278919219970703
2026-09-25T02:00,pressure_profile,ncep_hrrr_conus,,,,,,,,,,,,,,,,,,,,,,,,,,,,,,,,,,,,,,,,,,,,,,,,,America/Los_Angeles,34.03202,-118.52633,86.0,0.7278919219970703
2026-09-25T03:00,pressure_profile,ncep_hrrr_conus,,,,,,,,,,,,,,,,,,,,,,,,,,,,,,,,,,,,,,,,,,,,,,,,,America/Los_Angeles,34.03202,-118.52633,86.0,0.7278919219970703
2026-09-25T04:00,pressure_profile,ncep_hrrr_conus,,,,,,,,,,,,,,,,,,,,,,,,,,,,,,,,,,,,,,,,,,,,,,,,,America/Los_Angeles,34.03202,-118.52633,86.0,0.7278919219970703
2026-09-25T05:00,pressure_profile,ncep_hrrr_conus,,,,,,,,,,,,,,,,,,,,,,,,,,,,,,,,,,,,,,,,,,,,,,,,,America/Los_Angeles,34.03202,-118.52633,86.0,0.7278919219970703
2026-09-25T06:00,pressure_profile,ncep_hrrr_conus,,,,,,,,,,,,,,,,,,,,,,,,,,,,,,,,,,,,,,,,,,,,,,,,,America/Los_Angeles,34.03202,-118.52633,86.0,0.7278919219970703
2026-09-25T07:00,pressure_profile,ncep_hrrr_conus,,,,,,,,,,,,,,,,,,,,,,,,,,,,,,,,,,,,,,,,,,,,,,,,,America/Los_Angeles,34.03202,-118.52633,86.0,0.7278919219970703
2026-09-25T08:00,pressure_profile,ncep_hrrr_conus,,,,,,,,,,,,,,,,,,,,,,,,,,,,,,,,,,,,,,,,,,,,,,,,,America/Los_Angeles,34.03202,-118.52633,86.0,0.7278919219970703
2026-09-25T09:00,pressure_profile,ncep_hrrr_conus,,,,,,,,,,,,,,,,,,,,,,,,,,,,,,,,,,,,,,,,,,,,,,,,,America/Los_Angeles,34.03202,-118.52633,86.0,0.7278919219970703
2026-09-25T10:00,pressure_profile,ncep_hrrr_conus,,,,,,,,,,,,,,,,,,,,,,,,,,,,,,,,,,,,,,,,,,,,,,,,,America/Los_Angeles,34.03202,-118.52633,86.0,0.7278919219970703
2026-09-25T11:00,pressure_profile,ncep_hrrr_conus,,,,,,,,,,,,,,,,,,,,,,,,,,,,,,,,,,,,,,,,,,,,,,,,,America/Los_Angeles,34.03202,-118.52633,86.0,0.7278919219970703
2026-09-25T12:00,pressure_profile,ncep_hrrr_conus,,,,,,,,,,,,,,,,,,,,,,,,,,,,,,,,,,,,,,,,,,,,,,,,,America/Los_Angeles,34.03202,-118.52633,86.0,0.7278919219970703
2026-09-25T13:00,pressure_profile,ncep_hrrr_conus,,,,,,,,,,,,,,,,,,,,,,,,,,,,,,,,,,,,,,,,,,,,,,,,,America/Los_Angeles,34.03202,-118.52633,86.0,0.7278919219970703
2026-09-25T14:00,pressure_profile,ncep_hrrr_conus,,,,,,,,,,,,,,,,,,,,,,,,,,,,,,,,,,,,,,,,,,,,,,,,,America/Los_Angeles,34.03202,-118.52633,86.0,0.7278919219970703
2026-09-25T15:00,pressure_profile,ncep_hrrr_conus,,,,,,,,,,,,,,,,,,,,,,,,,,,,,,,,,,,,,,,,,,,,,,,,,America/Los_Angeles,34.03202,-118.52633,86.0,0.7278919219970703
2026-09-25T16:00,pressure_profile,ncep_hrrr_conus,,,,,,,,,,,,,,,,,,,,,,,,,,,,,,,,,,,,,,,,,,,,,,,,,America/Los_Angeles,34.03202,-118.52633,86.0,0.7278919219970703
2026-09-25T17:00,pressure_profile,ncep_hrrr_conus,,,,,,,,,,,,,,,,,,,,,,,,,,,,,,,,,,,,,,,,,,,,,,,,,America/Los_Angeles,34.03202,-118.52633,86.0,0.7278919219970703
2026-09-25T18:00,pressure_profile,ncep_hrrr_conus,,,,,,,,,,,,,,,,,,,,,,,,,,,,,,,,,,,,,,,,,,,,,,,,,America/Los_Angeles,34.03202,-118.52633,86.0,0.7278919219970703
2026-09-25T19:00,pressure_profile,ncep_hrrr_conus,,,,,,,,,,,,,,,,,,,,,,,,,,,,,,,,,,,,,,,,,,,,,,,,,America/Los_Angeles,34.03202,-118.52633,86.0,0.7278919219970703
2026-09-25T20:00,pressure_profile,ncep_hrrr_conus,,,,,,,,,,,,,,,,,,,,,,,,,,,,,,,,,,,,,,,,,,,,,,,,,America/Los_Angeles,34.03202,-118.52633,86.0,0.7278919219970703
2026-09-25T21:00,pressure_profile,ncep_hrrr_conus,,,,,,,,,,,,,,,,,,,,,,,,,,,,,,,,,,,,,,,,,,,,,,,,,America/Los_Angeles,34.03202,-118.52633,86.0,0.7278919219970703
2026-09-25T22:00,pressure_profile,ncep_hrrr_conus,,,,,,,,,,,,,,,,,,,,,,,,,,,,,,,,,,,,,,,,,,,,,,,,,America/Los_Angeles,34.03202,-118.52633,86.0,0.7278919219970703
2026-09-25T23:00,pressure_profile,ncep_hrrr_conus,,,,,,,,,,,,,,,,,,,,,,,,,,,,,,,,,,,,,,,,,,,,,,,,,America/Los_Angeles,34.03202,-118.52633,86.0,0.7278919219970703
2026-09-26T00:00,pressure_profile,ncep_hrrr_conus,,,,,,,,,,,,,,,,,,,,,,,,,,,,,,,,,,,,,,,,,,,,,,,,,America/Los_Angeles,34.03202,-118.52633,86.0,0.7278919219970703
2026-09-26T01:00,pressure_profile,ncep_hrrr_conus,,,,,,,,,,,,,,,,,,,,,,,,,,,,,,,,,,,,,,,,,,,,,,,,,America/Los_Angeles,34.03202,-118.52633,86.0,0.7278919219970703
2026-09-26T02:00,pressure_profile,ncep_hrrr_conus,,,,,,,,,,,,,,,,,,,,,,,,,,,,,,,,,,,,,,,,,,,,,,,,,America/Los_Angeles,34.03202,-118.52633,86.0,0.7278919219970703
2026-09-26T03:00,pressure_profile,ncep_hrrr_conus,,,,,,,,,,,,,,,,,,,,,,,,,,,,,,,,,,,,,,,,,,,,,,,,,America/Los_Angeles,34.03202,-118.52633,86.0,0.7278919219970703
2026-09-26T04:00,pressure_profile,ncep_hrrr_conus,,,,,,,,,,,,,,,,,,,,,,,,,,,,,,,,,,,,,,,,,,,,,,,,,America/Los_Angeles,34.03202,-118.52633,86.0,0.7278919219970703
2026-09-26T05:00,pressure_profile,ncep_hrrr_conus,,,,,,,,,,,,,,,,,,,,,,,,,,,,,,,,,,,,,,,,,,,,,,,,,America/Los_Angeles,34.03202,-118.52633,86.0,0.7278919219970703
2026-09-26T06:00,pressure_profile,ncep_hrrr_conus,,,,,,,,,,,,,,,,,,,,,,,,,,,,,,,,,,,,,,,,,,,,,,,,,America/Los_Angeles,34.03202,-118.52633,86.0,0.7278919219970703
2026-09-26T07:00,pressure_profile,ncep_hrrr_conus,,,,,,,,,,,,,,,,,,,,,,,,,,,,,,,,,,,,,,,,,,,,,,,,,America/Los_Angeles,34.03202,-118.52633,86.0,0.7278919219970703
2026-09-26T08:00,pressure_profile,ncep_hrrr_conus,,,,,,,,,,,,,,,,,,,,,,,,,,,,,,,,,,,,,,,,,,,,,,,,,America/Los_Angeles,34.03202,-118.52633,86.0,0.7278919219970703
2026-09-26T09:00,pressure_profile,ncep_hrrr_conus,,,,,,,,,,,,,,,,,,,,,,,,,,,,,,,,,,,,,,,,,,,,,,,,,America/Los_Angeles,34.03202,-118.52633,86.0,0.7278919219970703
2026-09-26T10:00,pressure_profile,ncep_hrrr_conus,,,,,,,,,,,,,,,,,,,,,,,,,,,,,,,,,,,,,,,,,,,,,,,,,America/Los_Angeles,34.03202,-118.52633,86.0,0.7278919219970703
2026-09-26T11:00,pressure_profile,ncep_hrrr_conus,,,,,,,,,,,,,,,,,,,,,,,,,,,,,,,,,,,,,,,,,,,,,,,,,America/Los_Angeles,34.03202,-118.52633,86.0,0.7278919219970703
2026-09-26T12:00,pressure_profile,ncep_hrrr_conus,,,,,,,,,,,,,,,,,,,,,,,,,,,,,,,,,,,,,,,,,,,,,,,,,America/Los_Angeles,34.03202,-118.52633,86.0,0.7278919219970703
2026-09-26T13:00,pressure_profile,ncep_hrrr_conus,,,,,,,,,,,,,,,,,,,,,,,,,,,,,,,,,,,,,,,,,,,,,,,,,America/Los_Angeles,34.03202,-118.52633,86.0,0.7278919219970703
2026-09-26T14:00,pressure_profile,ncep_hrrr_conus,,,,,,,,,,,,,,,,,,,,,,,,,,,,,,,,,,,,,,,,,,,,,,,,,America/Los_Angeles,34.03202,-118.52633,86.0,0.7278919219970703
2026-09-26T15:00,pressure_profile,ncep_hrrr_conus,,,,,,,,,,,,,,,,,,,,,,,,,,,,,,,,,,,,,,,,,,,,,,,,,America/Los_Angeles,34.03202,-118.52633,86.0,0.7278919219970703
2026-09-26T16:00,pressure_profile,ncep_hrrr_conus,,,,,,,,,,,,,,,,,,,,,,,,,,,,,,,,,,,,,,,,,,,,,,,,,America/Los_Angeles,34.03202,-118.52633,86.0,0.7278919219970703
2026-09-26T17:00,pressure_profile,ncep_hrrr_conus,,,,,,,,,,,,,,,,,,,,,,,,,,,,,,,,,,,,,,,,,,,,,,,,,America/Los_Angeles,34.03202,-118.52633,86.0,0.7278919219970703
2026-09-26T18:00,pressure_profile,ncep_hrrr_conus,,,,,,,,,,,,,,,,,,,,,,,,,,,,,,,,,,,,,,,,,,,,,,,,,America/Los_Angeles,34.03202,-118.52633,86.0,0.7278919219970703
2026-09-26T19:00,pressure_profile,ncep_hrrr_conus,,,,,,,,,,,,,,,,,,,,,,,,,,,,,,,,,,,,,,,,,,,,,,,,,America/Los_Angeles,34.03202,-118.52633,86.0,0.7278919219970703
2026-09-26T20:00,pressure_profile,ncep_hrrr_conus,,,,,,,,,,,,,,,,,,,,,,,,,,,,,,,,,,,,,,,,,,,,,,,,,America/Los_Angeles,34.03202,-118.52633,86.0,0.7278919219970703
2026-09-26T21:00,pressure_profile,ncep_hrrr_conus,,,,,,,,,,,,,,,,,,,,,,,,,,,,,,,,,,,,,,,,,,,,,,,,,America/Los_Angeles,34.03202,-118.52633,86.0,0.7278919219970703
2026-09-26T22:00,pressure_profile,ncep_hrrr_conus,,,,,,,,,,,,,,,,,,,,,,,,,,,,,,,,,,,,,,,,,,,,,,,,,America/Los_Angeles,34.03202,-118.52633,86.0,0.7278919219970703
2026-09-26T23:00,pressure_profile,ncep_hrrr_conus,,,,,,,,,,,,,,,,,,,,,,,,,,,,,,,,,,,,,,,,,,,,,,,,,America/Los_Angeles,34.03202,-118.52633,86.0,0.7278919219970703
2026-09-27T00:00,pressure_profile,ncep_hrrr_conus,,,,,,,,,,,,,,,,,,,,,,,,,,,,,,,,,,,,,,,,,,,,,,,,,America/Los_Angeles,34.03202,-118.52633,86.0,0.7278919219970703
2026-09-27T01:00,pressure_profile,ncep_hrrr_conus,,,,,,,,,,,,,,,,,,,,,,,,,,,,,,,,,,,,,,,,,,,,,,,,,America/Los_Angeles,34.03202,-118.52633,86.0,0.7278919219970703
2026-09-27T02:00,pressure_profile,ncep_hrrr_conus,,,,,,,,,,,,,,,,,,,,,,,,,,,,,,,,,,,,,,,,,,,,,,,,,America/Los_Angeles,34.03202,-118.52633,86.0,0.7278919219970703
2026-09-27T03:00,pressure_profile,ncep_hrrr_conus,,,,,,,,,,,,,,,,,,,,,,,,,,,,,,,,,,,,,,,,,,,,,,,,,America/Los_Angeles,34.03202,-118.52633,86.0,0.7278919219970703
2026-09-27T04:00,pressure_profile,ncep_hrrr_conus,,,,,,,,,,,,,,,,,,,,,,,,,,,,,,,,,,,,,,,,,,,,,,,,,America/Los_Angeles,34.03202,-118.52633,86.0,0.7278919219970703
2026-09-27T05:00,pressure_profile,ncep_hrrr_conus,,,,,,,,,,,,,,,,,,,,,,,,,,,,,,,,,,,,,,,,,,,,,,,,,America/Los_Angeles,34.03202,-118.52633,86.0,0.7278919219970703
2026-09-27T06:00,pressure_profile,ncep_hrrr_conus,,,,,,,,,,,,,,,,,,,,,,,,,,,,,,,,,,,,,,,,,,,,,,,,,America/Los_Angeles,34.03202,-118.52633,86.0,0.7278919219970703
2026-09-27T07:00,pressure_profile,ncep_hrrr_conus,,,,,,,,,,,,,,,,,,,,,,,,,,,,,,,,,,,,,,,,,,,,,,,,,America/Los_Angeles,34.03202,-118.52633,86.0,0.7278919219970703
2026-09-27T08:00,pressure_profile,ncep_hrrr_conus,,,,,,,,,,,,,,,,,,,,,,,,,,,,,,,,,,,,,,,,,,,,,,,,,America/Los_Angeles,34.03202,-118.52633,86.0,0.7278919219970703
2026-09-27T09:00,pressure_profile,ncep_hrrr_conus,,,,,,,,,,,,,,,,,,,,,,,,,,,,,,,,,,,,,,,,,,,,,,,,,America/Los_Angeles,34.03202,-118.52633,86.0,0.7278919219970703
2026-09-27T10:00,pressure_profile,ncep_hrrr_conus,,,,,,,,,,,,,,,,,,,,,,,,,,,,,,,,,,,,,,,,,,,,,,,,,America/Los_Angeles,34.03202,-118.52633,86.0,0.7278919219970703
2026-09-27T11:00,pressure_profile,ncep_hrrr_conus,,,,,,,,,,,,,,,,,,,,,,,,,,,,,,,,,,,,,,,,,,,,,,,,,America/Los_Angeles,34.03202,-118.52633,86.0,0.7278919219970703
2026-09-27T12:00,pressure_profile,ncep_hrrr_conus,,,,,,,,,,,,,,,,,,,,,,,,,,,,,,,,,,,,,,,,,,,,,,,,,America/Los_Angeles,34.03202,-118.52633,86.0,0.7278919219970703
2026-09-27T13:00,pressure_profile,ncep_hrrr_conus,,,,,,,,,,,,,,,,,,,,,,,,,,,,,,,,,,,,,,,,,,,,,,,,,America/Los_Angeles,34.03202,-118.52633,86.0,0.7278919219970703
2026-09-27T14:00,pressure_profile,ncep_hrrr_conus,,,,,,,,,,,,,,,,,,,,,,,,,,,,,,,,,,,,,,,,,,,,,,,,,America/Los_Angeles,34.03202,-118.52633,86.0,0.7278919219970703
2026-09-27T15:00,pressure_profile,ncep_hrrr_conus,,,,,,,,,,,,,,,,,,,,,,,,,,,,,,,,,,,,,,,,,,,,,,,,,America/Los_Angeles,34.03202,-118.52633,86.0,0.7278919219970703
2026-09-27T16:00,pressure_profile,ncep_hrrr_conus,,,,,,,,,,,,,,,,,,,,,,,,,,,,,,,,,,,,,,,,,,,,,,,,,America/Los_Angeles,34.03202,-118.52633,86.0,0.7278919219970703
2026-09-27T17:00,pressure_profile,ncep_hrrr_conus,,,,,,,,,,,,,,,,,,,,,,,,,,,,,,,,,,,,,,,,,,,,,,,,,America/Los_Angeles,34.03202,-118.52633,86.0,0.7278919219970703
2026-09-27T18:00,pressure_profile,ncep_hrrr_conus,,,,,,,,,,,,,,,,,,,,,,,,,,,,,,,,,,,,,,,,,,,,,,,,,America/Los_Angeles,34.03202,-118.52633,86.0,0.7278919219970703
2026-09-27T19:00,pressure_profile,ncep_hrrr_conus,,,,,,,,,,,,,,,,,,,,,,,,,,,,,,,,,,,,,,,,,,,,,,,,,America/Los_Angeles,34.03202,-118.52633,86.0,0.7278919219970703
2026-09-27T20:00,pressure_profile,ncep_hrrr_conus,,,,,,,,,,,,,,,,,,,,,,,,,,,,,,,,,,,,,,,,,,,,,,,,,America/Los_Angeles,34.03202,-118.52633,86.0,0.7278919219970703
2026-09-27T21:00,pressure_profile,ncep_hrrr_conus,,,,,,,,,,,,,,,,,,,,,,,,,,,,,,,,,,,,,,,,,,,,,,,,,America/Los_Angeles,34.03202,-118.52633,86.0,0.7278919219970703
2026-09-27T22:00,pressure_profile,ncep_hrrr_conus,,,,,,,,,,,,,,,,,,,,,,,,,,,,,,,,,,,,,,,,,,,,,,,,,America/Los_Angeles,34.03202,-118.52633,86.0,0.7278919219970703
2026-09-27T23:00,pressure_profile,ncep_hrrr_conus,,,,,,,,,,,,,,,,,,,,,,,,,,,,,,,,,,,,,,,,,,,,,,,,,America/Los_Angeles,34.03202,-118.52633,86.0,0.7278919219970703
2026-09-28T00:00,pressure_profile,ncep_hrrr_conus,,,,,,,,,,,,,,,,,,,,,,,,,,,,,,,,,,,,,,,,,,,,,,,,,America/Los_Angeles,34.03202,-118.52633,86.0,0.7278919219970703
2026-09-28T01:00,pressure_profile,ncep_hrrr_conus,,,,,,,,,,,,,,,,,,,,,,,,,,,,,,,,,,,,,,,,,,,,,,,,,America/Los_Angeles,34.03202,-118.52633,86.0,0.7278919219970703
2026-09-28T02:00,pressure_profile,ncep_hrrr_conus,,,,,,,,,,,,,,,,,,,,,,,,,,,,,,,,,,,,,,,,,,,,,,,,,America/Los_Angeles,34.03202,-118.52633,86.0,0.7278919219970703
2026-09-28T03:00,pressure_profile,ncep_hrrr_conus,,,,,,,,,,,,,,,,,,,,,,,,,,,,,,,,,,,,,,,,,,,,,,,,,America/Los_Angeles,34.03202,-118.52633,86.0,0.7278919219970703
2026-09-28T04:00,pressure_profile,ncep_hrrr_conus,,,,,,,,,,,,,,,,,,,,,,,,,,,,,,,,,,,,,,,,,,,,,,,,,America/Los_Angeles,34.03202,-118.52633,86.0,0.7278919219970703
2026-09-28T05:00,pressure_profile,ncep_hrrr_conus,,,,,,,,,,,,,,,,,,,,,,,,,,,,,,,,,,,,,,,,,,,,,,,,,America/Los_Angeles,34.03202,-118.52633,86.0,0.7278919219970703
2026-09-28T06:00,pressure_profile,ncep_hrrr_conus,,,,,,,,,,,,,,,,,,,,,,,,,,,,,,,,,,,,,,,,,,,,,,,,,America/Los_Angeles,34.03202,-118.52633,86.0,0.7278919219970703
2026-09-28T07:00,pressure_profile,ncep_hrrr_conus,,,,,,,,,,,,,,,,,,,,,,,,,,,,,,,,,,,,,,,,,,,,,,,,,America/Los_Angeles,34.03202,-118.52633,86.0,0.7278919219970703
2026-09-28T08:00,pressure_profile,ncep_hrrr_conus,,,,,,,,,,,,,,,,,,,,,,,,,,,,,,,,,,,,,,,,,,,,,,,,,America/Los_Angeles,34.03202,-118.52633,86.0,0.7278919219970703
2026-09-28T09:00,pressure_profile,ncep_hrrr_conus,,,,,,,,,,,,,,,,,,,,,,,,,,,,,,,,,,,,,,,,,,,,,,,,,America/Los_Angeles,34.03202,-118.52633,86.0,0.7278919219970703
2026-09-28T10:00,pressure_profile,ncep_hrrr_conus,,,,,,,,,,,,,,,,,,,,,,,,,,,,,,,,,,,,,,,,,,,,,,,,,America/Los_Angeles,34.03202,-118.52633,86.0,0.7278919219970703
2026-09-28T11:00,pressure_profile,ncep_hrrr_conus,,,,,,,,,,,,,,,,,,,,,,,,,,,,,,,,,,,,,,,,,,,,,,,,,America/Los_Angeles,34.03202,-118.52633,86.0,0.7278919219970703
2026-09-28T12:00,pressure_profile,ncep_hrrr_conus,,,,,,,,,,,,,,,,,,,,,,,,,,,,,,,,,,,,,,,,,,,,,,,,,America/Los_Angeles,34.03202,-118.52633,86.0,0.7278919219970703
2026-09-28T13:00,pressure_profile,ncep_hrrr_conus,,,,,,,,,,,,,,,,,,,,,,,,,,,,,,,,,,,,,,,,,,,,,,,,,America/Los_Angeles,34.03202,-118.52633,86.0,0.7278919219970703
2026-09-28T14:00,pressure_profile,ncep_hrrr_conus,,,,,,,,,,,,,,,,,,,,,,,,,,,,,,,,,,,,,,,,,,,,,,,,,America/Los_Angeles,34.03202,-118.52633,86.0,0.7278919219970703
2026-09-28T15:00,pressure_profile,ncep_hrrr_conus,,,,,,,,,,,,,,,,,,,,,,,,,,,,,,,,,,,,,,,,,,,,,,,,,America/Los_Angeles,34.03202,-118.52633,86.0,0.7278919219970703
2026-09-28T16:00,pressure_profile,ncep_hrrr_conus,,,,,,,,,,,,,,,,,,,,,,,,,,,,,,,,,,,,,,,,,,,,,,,,,America/Los_Angeles,34.03202,-118.52633,86.0,0.7278919219970703
2026-09-28T17:00,pressure_profile,ncep_hrrr_conus,,,,,,,,,,,,,,,,,,,,,,,,,,,,,,,,,,,,,,,,,,,,,,,,,America/Los_Angeles,34.03202,-118.52633,86.0,0.7278919219970703
2026-09-28T18:00,pressure_profile,ncep_hrrr_conus,,,,,,,,,,,,,,,,,,,,,,,,,,,,,,,,,,,,,,,,,,,,,,,,,America/Los_Angeles,34.03202,-118.52633,86.0,0.7278919219970703
2026-09-28T19:00,pressure_profile,ncep_hrrr_conus,,,,,,,,,,,,,,,,,,,,,,,,,,,,,,,,,,,,,,,,,,,,,,,,,America/Los_Angeles,34.03202,-118.52633,86.0,0.7278919219970703
2026-09-28T20:00,pressure_profile,ncep_hrrr_conus,,,,,,,,,,,,,,,,,,,,,,,,,,,,,,,,,,,,,,,,,,,,,,,,,America/Los_Angeles,34.03202,-118.52633,86.0,0.7278919219970703
2026-09-28T21:00,pressure_profile,ncep_hrrr_conus,,,,,,,,,,,,,,,,,,,,,,,,,,,,,,,,,,,,,,,,,,,,,,,,,America/Los_Angeles,34.03202,-118.52633,86.0,0.7278919219970703
2026-09-28T22:00,pressure_profile,ncep_hrrr_conus,,,,,,,,,,,,,,,,,,,,,,,,,,,,,,,,,,,,,,,,,,,,,,,,,America/Los_Angeles,34.03202,-118.52633,86.0,0.7278919219970703
2026-09-28T23:00,pressure_profile,ncep_hrrr_conus,,,,,,,,,,,,,,,,,,,,,,,,,,,,,,,,,,,,,,,,,,,,,,,,,America/Los_Angeles,34.03202,-118.52633,86.0,0.7278919219970703
2026-09-29T00:00,pressure_profile,ncep_hrrr_conus,,,,,,,,,,,,,,,,,,,,,,,,,,,,,,,,,,,,,,,,,,,,,,,,,America/Los_Angeles,34.03202,-118.52633,86.0,0.7278919219970703
2026-09-29T01:00,pressure_profile,ncep_hrrr_conus,,,,,,,,,,,,,,,,,,,,,,,,,,,,,,,,,,,,,,,,,,,,,,,,,America/Los_Angeles,34.03202,-118.52633,86.0,0.7278919219970703
2026-09-29T02:00,pressure_profile,ncep_hrrr_conus,,,,,,,,,,,,,,,,,,,,,,,,,,,,,,,,,,,,,,,,,,,,,,,,,America/Los_Angeles,34.03202,-118.52633,86.0,0.7278919219970703
2026-09-29T03:00,pressure_profile,ncep_hrrr_conus,,,,,,,,,,,,,,,,,,,,,,,,,,,,,,,,,,,,,,,,,,,,,,,,,America/Los_Angeles,34.03202,-118.52633,86.0,0.7278919219970703
2026-09-29T04:00,pressure_profile,ncep_hrrr_conus,,,,,,,,,,,,,,,,,,,,,,,,,,,,,,,,,,,,,,,,,,,,,,,,,America/Los_Angeles,34.03202,-118.52633,86.0,0.7278919219970703
2026-09-29T05:00,pressure_profile,ncep_hrrr_conus,,,,,,,,,,,,,,,,,,,,,,,,,,,,,,,,,,,,,,,,,,,,,,,,,America/Los_Angeles,34.03202,-118.52633,86.0,0.7278919219970703
2026-09-29T06:00,pressure_profile,ncep_hrrr_conus,,,,,,,,,,,,,,,,,,,,,,,,,,,,,,,,,,,,,,,,,,,,,,,,,America/Los_Angeles,34.03202,-118.52633,86.0,0.7278919219970703
2026-09-29T07:00,pressure_profile,ncep_hrrr_conus,,,,,,,,,,,,,,,,,,,,,,,,,,,,,,,,,,,,,,,,,,,,,,,,,America/Los_Angeles,34.03202,-118.52633,86.0,0.7278919219970703
2026-09-29T08:00,pressure_profile,ncep_hrrr_conus,,,,,,,,,,,,,,,,,,,,,,,,,,,,,,,,,,,,,,,,,,,,,,,,,America/Los_Angeles,34.03202,-118.52633,86.0,0.7278919219970703
2026-09-29T09:00,pressure_profile,ncep_hrrr_conus,,,,,,,,,,,,,,,,,,,,,,,,,,,,,,,,,,,,,,,,,,,,,,,,,America/Los_Angeles,34.03202,-118.52633,86.0,0.7278919219970703
2026-09-29T10:00,pressure_profile,ncep_hrrr_conus,,,,,,,,,,,,,,,,,,,,,,,,,,,,,,,,,,,,,,,,,,,,,,,,,America/Los_Angeles,34.03202,-118.52633,86.0,0.7278919219970703
2026-09-29T11:00,pressure_profile,ncep_hrrr_conus,,,,,,,,,,,,,,,,,,,,,,,,,,,,,,,,,,,,,,,,,,,,,,,,,America/Los_Angeles,34.03202,-118.52633,86.0,0.7278919219970703
2026-09-29T12:00,pressure_profile,ncep_hrrr_conus,,,,,,,,,,,,,,,,,,,,,,,,,,,,,,,,,,,,,,,,,,,,,,,,,America/Los_Angeles,34.03202,-118.52633,86.0,0.7278919219970703
2026-09-29T13:00,pressure_profile,ncep_hrrr_conus,,,,,,,,,,,,,,,,,,,,,,,,,,,,,,,,,,,,,,,,,,,,,,,,,America/Los_Angeles,34.03202,-118.52633,86.0,0.7278919219970703
2026-09-29T14:00,pressure_profile,ncep_hrrr_conus,,,,,,,,,,,,,,,,,,,,,,,,,,,,,,,,,,,,,,,,,,,,,,,,,America/Los_Angeles,34.03202,-118.52633,86.0,0.7278919219970703
2026-09-29T15:00,pressure_profile,ncep_hrrr_conus,,,,,,,,,,,,,,,,,,,,,,,,,,,,,,,,,,,,,,,,,,,,,,,,,America/Los_Angeles,34.03202,-118.52633,86.0,0.7278919219970703
2026-09-29T16:00,pressure_profile,ncep_hrrr_conus,,,,,,,,,,,,,,,,,,,,,,,,,,,,,,,,,,,,,,,,,,,,,,,,,America/Los_Angeles,34.03202,-118.52633,86.0,0.7278919219970703
2026-09-29T17:00,pressure_profile,ncep_hrrr_conus,,,,,,,,,,,,,,,,,,,,,,,,,,,,,,,,,,,,,,,,,,,,,,,,,America/Los_Angeles,34.03202,-118.52633,86.0,0.7278919219970703
2026-09-29T18:00,pressure_profile,ncep_hrrr_conus,,,,,,,,,,,,,,,,,,,,,,,,,,,,,,,,,,,,,,,,,,,,,,,,,America/Los_Angeles,34.03202,-118.52633,86.0,0.7278919219970703
2026-09-29T19:00,pressure_profile,ncep_hrrr_conus,,,,,,,,,,,,,,,,,,,,,,,,,,,,,,,,,,,,,,,,,,,,,,,,,America/Los_Angeles,34.03202,-118.52633,86.0,0.7278919219970703
2026-09-29T20:00,pressure_profile,ncep_hrrr_conus,,,,,,,,,,,,,,,,,,,,,,,,,,,,,,,,,,,,,,,,,,,,,,,,,America/Los_Angeles,34.03202,-118.52633,86.0,0.7278919219970703
2026-09-29T21:00,pressure_profile,ncep_hrrr_conus,,,,,,,,,,,,,,,,,,,,,,,,,,,,,,,,,,,,,,,,,,,,,,,,,America/Los_Angeles,34.03202,-118.52633,86.0,0.7278919219970703
2026-09-29T22:00,pressure_profile,ncep_hrrr_conus,,,,,,,,,,,,,,,,,,,,,,,,,,,,,,,,,,,,,,,,,,,,,,,,,America/Los_Angeles,34.03202,-118.52633,86.0,0.7278919219970703
2026-09-29T23:00,pressure_profile,ncep_hrrr_conus,,,,,,,,,,,,,,,,,,,,,,,,,,,,,,,,,,,,,,,,,,,,,,,,,America/Los_Angeles,34.03202,-118.52633,86.0,0.7278919219970703
2026-09-30T00:00,pressure_profile,ncep_hrrr_conus,,,,,,,,,,,,,,,,,,,,,,,,,,,,,,,,,,,,,,,,,,,,,,,,,America/Los_Angeles,34.03202,-118.52633,86.0,0.7278919219970703
2026-09-30T01:00,pressure_profile,ncep_hrrr_conus,,,,,,,,,,,,,,,,,,,,,,,,,,,,,,,,,,,,,,,,,,,,,,,,,America/Los_Angeles,34.03202,-118.52633,86.0,0.7278919219970703
2026-09-30T02:00,pressure_profile,ncep_hrrr_conus,,,,,,,,,,,,,,,,,,,,,,,,,,,,,,,,,,,,,,,,,,,,,,,,,America/Los_Angeles,34.03202,-118.52633,86.0,0.7278919219970703
2026-09-30T03:00,pressure_profile,ncep_hrrr_conus,,,,,,,,,,,,,,,,,,,,,,,,,,,,,,,,,,,,,,,,,,,,,,,,,America/Los_Angeles,34.03202,-118.52633,86.0,0.7278919219970703
2026-09-30T04:00,pressure_profile,ncep_hrrr_conus,,,,,,,,,,,,,,,,,,,,,,,,,,,,,,,,,,,,,,,,,,,,,,,,,America/Los_Angeles,34.03202,-118.52633,86.0,0.7278919219970703
2026-09-30T05:00,pressure_profile,ncep_hrrr_conus,,,,,,,,,,,,,,,,,,,,,,,,,,,,,,,,,,,,,,,,,,,,,,,,,America/Los_Angeles,34.03202,-118.52633,86.0,0.7278919219970703
2026-09-30T06:00,pressure_profile,ncep_hrrr_conus,,,,,,,,,,,,,,,,,,,,,,,,,,,,,,,,,,,,,,,,,,,,,,,,,America/Los_Angeles,34.03202,-118.52633,86.0,0.7278919219970703
2026-09-30T07:00,pressure_profile,ncep_hrrr_conus,,,,,,,,,,,,,,,,,,,,,,,,,,,,,,,,,,,,,,,,,,,,,,,,,America/Los_Angeles,34.03202,-118.52633,86.0,0.7278919219970703
2026-09-30T08:00,pressure_profile,ncep_hrrr_conus,,,,,,,,,,,,,,,,,,,,,,,,,,,,,,,,,,,,,,,,,,,,,,,,,America/Los_Angeles,34.03202,-118.52633,86.0,0.7278919219970703
2026-09-30T09:00,pressure_profile,ncep_hrrr_conus,,,,,,,,,,,,,,,,,,,,,,,,,,,,,,,,,,,,,,,,,,,,,,,,,America/Los_Angeles,34.03202,-118.52633,86.0,0.7278919219970703
2026-09-30T10:00,pressure_profile,ncep_hrrr_conus,,,,,,,,,,,,,,,,,,,,,,,,,,,,,,,,,,,,,,,,,,,,,,,,,America/Los_Angeles,34.03202,-118.52633,86.0,0.7278919219970703
2026-09-30T11:00,pressure_profile,ncep_hrrr_conus,,,,,,,,,,,,,,,,,,,,,,,,,,,,,,,,,,,,,,,,,,,,,,,,,America/Los_Angeles,34.03202,-118.52633,86.0,0.7278919219970703
2026-09-30T12:00,pressure_profile,ncep_hrrr_conus,,,,,,,,,,,,,,,,,,,,,,,,,,,,,,,,,,,,,,,,,,,,,,,,,America/Los_Angeles,34.03202,-118.52633,86.0,0.7278919219970703
2026-09-30T13:00,pressure_profile,ncep_hrrr_conus,,,,,,,,,,,,,,,,,,,,,,,,,,,,,,,,,,,,,,,,,,,,,,,,,America/Los_Angeles,34.03202,-118.52633,86.0,0.7278919219970703
2026-09-30T14:00,pressure_profile,ncep_hrrr_conus,,,,,,,,,,,,,,,,,,,,,,,,,,,,,,,,,,,,,,,,,,,,,,,,,America/Los_Angeles,34.03202,-118.52633,86.0,0.7278919219970703
2026-09-30T15:00,pressure_profile,ncep_hrrr_conus,,,,,,,,,,,,,,,,,,,,,,,,,,,,,,,,,,,,,,,,,,,,,,,,,America/Los_Angeles,34.03202,-118.52633,86.0,0.7278919219970703
2026-09-30T16:00,pressure_profile,ncep_hrrr_conus,,,,,,,,,,,,,,,,,,,,,,,,,,,,,,,,,,,,,,,,,,,,,,,,,America/Los_Angeles,34.03202,-118.52633,86.0,0.7278919219970703
2026-09-30T17:00,pressure_profile,ncep_hrrr_conus,,,,,,,,,,,,,,,,,,,,,,,,,,,,,,,,,,,,,,,,,,,,,,,,,America/Los_Angeles,34.03202,-118.52633,86.0,0.7278919219970703
2026-09-30T18:00,pressure_profile,ncep_hrrr_conus,,,,,,,,,,,,,,,,,,,,,,,,,,,,,,,,,,,,,,,,,,,,,,,,,America/Los_Angeles,34.03202,-118.52633,86.0,0.7278919219970703
2026-09-30T19:00,pressure_profile,ncep_hrrr_conus,,,,,,,,,,,,,,,,,,,,,,,,,,,,,,,,,,,,,,,,,,,,,,,,,America/Los_Angeles,34.03202,-118.52633,86.0,0.7278919219970703
2026-09-30T20:00,pressure_profile,ncep_hrrr_conus,,,,,,,,,,,,,,,,,,,,,,,,,,,,,,,,,,,,,,,,,,,,,,,,,America/Los_Angeles,34.03202,-118.52633,86.0,0.7278919219970703
2026-09-30T21:00,pressure_profile,ncep_hrrr_conus,,,,,,,,,,,,,,,,,,,,,,,,,,,,,,,,,,,,,,,,,,,,,,,,,America/Los_Angeles,34.03202,-118.52633,86.0,0.7278919219970703
2026-09-30T22:00,pressure_profile,ncep_hrrr_conus,,,,,,,,,,,,,,,,,,,,,,,,,,,,,,,,,,,,,,,,,,,,,,,,,America/Los_Angeles,34.03202,-118.52633,86.0,0.7278919219970703
2026-09-30T23:00,pressure_profile,ncep_hrrr_conus,,,,,,,,,,,,,,,,,,,,,,,,,,,,,,,,,,,,,,,,,,,,,,,,,America/Los_Angeles,34.03202,-118.52633,86.0,0.7278919219970703
2026-09-21T00:00,pressure_profile,ncep_gfs_global,65.7,83,60.4,0,0.01,374.016,58.2,91,55.6,21,-0.01,2555.775,63.9,14,13.8,0,0.01,4921.26,49.5,7,-13.2,0,0.01,10272.31,30.7,43,10.5,0,0.02,14389.764,13.1,40,-6.7,0,0.07,19078.084,-8.1,17,-41.7,0,0.02,24586.046,-31.9,18,-60.6,0,0.04,31332.022,America/Los_Angeles,34.03189,-118.47656,86.0,1.8776655197143555
2026-09-21T01:00,pressure_profile,ncep_gfs_global,65.8,82,60.2,0,0.01,367.454,57.2,96,56.1,47,0.01,2545.932,63.5,15,15.0,0,0.02,4908.137,49.3,10,-5.1,0,0.02,10259.187,30.3,31,3.5,0,0.01,14366.798,12.7,21,-19.6,0,0.05,19051.838,-8.7,18,-40.5,0,0.05,24557.694,-32.8,20,-59.7,0,0.04,31289.688,America/Los_Angeles,34.03189,-118.47656,86.0,1.8776655197143555
2026-09-21T02:00,pressure_profile,ncep_gfs_global,65.8,81,59.8,1,0.01,364.173,56.6,100,56.6,82,0.01,2542.651,62.6,17,17.2,0,0.03,4895.013,48.4,14,2.0,0,0.03,10242.782,29.7,19,-7.9,0,0.04,14343.832,13.5,0,,0,0.05,19025.59,-9.2,18,-41.0,0,0.06,24525.292,-33.7,22,-59.0,0,0.03,31242.064,America/Los_Angeles,34.03189,-118.47656,86.0,1.8776655197143555
2026-09-21T03:00,pressure_profile,ncep_gfs_global,66.0,78,59.0,0,0.01,360.892,56.2,99,55.9,92,0.01,2539.37,61.5,20,20.1,0,0.03,4885.171,47.3,34,20.7,0,0.01,10229.659,28.7,18,-10.1,0,0.03,14320.866,12.7,4,-48.3,0,0.07,18996.062,-9.2,18,-41.0,0,0.06,24492.888,-33.7,18,-62.1,0,0.04,31189.144,America/Los_Angeles,34.03189,-118.47656,86.0,1.8776655197143555
2026-09-21T04:00,pressure_profile,ncep_gfs_global,66.2,75,58.0,0,0.01,360.892,55.8,98,55.3,73,0.0,2539.37,60.7,22,21.6,0,0.01,4881.89,46.2,46,26.4,0,-0.01,10223.098,27.7,20,-8.2,0,0.03,14307.743,11.8,14,-27.9,0,0.07,18973.098,-9.8,28,-33.9,0,0.07,24464.536,-34.6,16,-64.6,0,0.03,31141.522,America/Los_Angeles,34.03189,-118.47656,86.0,1.8776655197143555
2026-09-21T05:00,pressure_profile,ncep_gfs_global,66.7,73,57.8,1,0.01,364.173,55.6,97,54.8,31,-0.02,2545.932,60.2,23,22.3,0,-0.02,4885.171,45.1,54,29.7,0,0.01,10219.816,26.7,39,4.9,0,0.02,14304.462,10.2,19,-24.4,0,0.1,18959.974,-11.0,27,-35.9,0,0.1,24436.182,-36.4,20,-62.8,0,0.06,31099.188,America/Los_Angeles,34.03189,-118.47656,86.0,1.8776655197143555
2026-09-21T06:00,pressure_profile,ncep_gfs_global,67.1,70,57.0,0,0.02,374.016,55.8,96,54.7,26,0.04,2555.775,58.3,28,25.3,0,0.08,4885.171,44.1,62,32.0,0,0.04,10216.535,28.4,14,-15.2,0,0.03,14297.9,9.7,13,-31.6,0,0.04,18953.412,-13.8,27,-38.5,0,0.08,24407.83,-35.5,18,-63.6,0,0.06,31056.854,America/Los_Angeles,34.03189,-118.47656,86.0,1.8776655197143555
2026-09-21T07:00,pressure_profile,ncep_gfs_global,66.7,73,57.8,1,0.02,387.139,56.0,94,54.3,10,0.0,2565.617,57.2,30,26.0,0,0.01,4895.013,42.7,58,28.8,0,0.05,10216.535,28.0,15,-13.8,0,0.02,14294.619,9.3,13,-31.9,0,0.05,18946.85,-13.2,18,-44.4,0,0.01,24399.728,-40.0,66,-47.1,12,0.01,31051.56,America/Los_Angeles,34.03189,-118.47656,86.0,1.8776655197143555
2026-09-21T08:00,pressure_profile,ncep_gfs_global,66.7,74,58.2,1,0.01,393.701,56.4,92,54.1,7,-0.01,2575.459,57.4,29,25.4,0,-0.01,4904.856,42.1,36,16.8,0,0.02,10219.816,28.0,16,-12.2,0,0.03,14297.9,9.7,11,-33.7,0,0.03,18950.13,-13.8,50,-27.1,2,0.01,24407.83,-40.0,62,-48.1,8,0.06,31051.56,America/Los_Angeles,34.03189,-118.47656,86.0,1.8776655197143555
2026-09-21T09:00,pressure_profile,ncep_gfs_global,66.9,74,58.4,1,0.01,400.262,56.8,91,54.2,6,0.0,2582.021,56.1,37,30.2,1,0.01,4908.137,42.1,23,7.3,0,0.02,10219.816,28.0,16,-12.2,0,0.02,14294.619,9.7,10,-36.1,0,0.03,18950.13,-13.2,38,-31.5,2,0.11,24407.83,-40.0,80,-43.8,6,0.03,31062.146,America/Los_Angeles,34.03189,-118.47656,86.0,1.8776655197143555
2026-09-21T10:00,pressure_profile,ncep_gfs_global,67.6,71,57.9,1,0.01,403.543,56.8,91,54.2,7,0.0,2585.302,55.5,42,32.7,1,0.01,4911.418,42.4,20,4.1,0,0.0,10223.098,28.0,16,-12.2,0,0.01,14297.9,9.3,11,-34.0,0,0.03,18950.13,-13.2,100,-13.2,93,0.08,24399.728,-37.3,32,-56.3,0,0.06,31062.146,America/Los_Angeles,34.03189,-118.47656,86.0,1.8776655197143555
2026-09-21T11:00,pressure_profile,ncep_gfs_global,68.5,69,58.0,1,0.01,400.262,57.6,88,54.1,5,-0.02,2585.302,53.5,56,38.2,12,-0.01,4914.698,42.4,23,7.5,0,0.0,10223.098,27.7,16,-12.4,0,0.01,14297.9,9.3,16,-28.2,0,0.05,18950.13,-12.1,72,-18.7,2,0.05,24399.728,-36.4,14,-68.1,0,0.07,31078.022,America/Los_Angeles,34.03189,-118.47656,86.0,1.8776655197143555
2026-09-21T12:00,pressure_profile,ncep_gfs_global,69.6,65,57.3,0,0.02,390.42,58.4,85,53.9,4,-0.02,2582.021,53.7,57,38.8,13,-0.02,4908.137,42.1,27,10.2,0,0.01,10219.816,27.4,18,-11.2,0,0.01,14291.339,9.3,17,-26.6,0,0.01,18940.29,-11.0,37,-30.2,0,0.05,24399.728,-35.5,10,-72.3,0,0.04,31093.894,America/Los_Angeles,34.03189,-118.47656,86.0,1.8776655197143555
2026-09-21T13:00,pressure_profile,ncep_gfs_global,70.7,62,57.0,0,0.02,374.016,59.4,81,53.5,4,-0.02,2568.898,54.6,54,38.3,14,-0.02,4898.294,41.9,29,11.8,0,0.0,10209.974,27.0,19,-10.1,0,-0.01,14281.496,9.3,19,-25.1,0,-0.01,18930.448,-9.8,22,-38.6,0,0.04,24395.678,-34.6,14,-66.6,0,0.03,31099.188,America/Los_Angeles,34.03189,-118.47656,86.0,1.8776655197143555
2026-09-21T14:00,pressure_profile,ncep_gfs_global,71.8,59,56.7,0,0.02,354.331,60.4,78,53.5,0,-0.03,2552.494,54.8,54,38.5,2,-0.03,4888.452,41.9,32,14.3,0,-0.01,10200.131,27.4,18,-11.2,0,-0.01,14271.653,9.3,20,-23.7,0,-0.01,18920.604,-10.4,28,-34.4,0,0.06,24387.578,-33.7,14,-65.9,0,0.01,31099.188,America/Los_Angeles,34.03189,-118.47656,86.0,1.8776655197143555
2026-09-21T15:00,pressure_profile,ncep_gfs_global,72.1,58,56.6,0,0.02,334.646,60.9,76,53.3,0,-0.03,2536.089,57.4,43,35.1,0,-0.03,4875.328,41.9,36,16.5,0,-0.02,10193.569,27.7,18,-10.9,0,0.0,14261.812,9.7,23,-20.8,0,-0.01,18914.042,-11.0,10,-52.5,0,0.04,24379.476,-31.9,10,-69.4,0,0.04,31109.77,America/Los_Angeles,34.03189,-118.47656,86.0,1.8776655197143555
2026-09-21T16:00,pressure_profile,ncep_gfs_global,72.1,58,56.6,0,0.02,321.522,61.3,75,53.3,0,-0.02,2522.966,58.5,41,34.9,0,-0.03,4865.486,42.1,36,16.8,0,-0.03,10187.008,27.7,16,-12.4,0,-0.02,14258.53,10.2,29,-16.1,0,-0.02,18914.042,-9.2,8,-54.1,0,0.01,24383.526,-30.1,12,-65.2,0,0.01,31141.522,America/Los_Angeles,34.03189,-118.47656,86.0,1.8776655197143555
2026-09-21T17:00,pressure_profile,ncep_gfs_global,71.4,62,57.7,0,0.02,324.803,60.7,77,53.5,0,-0.01,2522.966,59.4,38,33.8,0,-0.02,4865.486,42.4,36,17.0,0,-0.01,10190.289,27.7,16,-12.4,0,-0.02,14261.812,10.6,17,-25.6,0,-0.03,18920.604,-6.4,7,-55.4,0,-0.05,24407.83,-31.9,18,-60.6,0,-0.03,31173.272,America/Los_Angeles,34.03189,-118.47656,86.0,1.8776655197143555
2026-09-21T18:00,pressure_profile,ncep_gfs_global,70.0,67,58.5,0,0.01,334.646,60.9,76,53.3,0,-0.02,2522.966,59.8,38,34.1,0,-0.02,4872.048,42.1,37,17.5,0,-0.02,10193.569,27.7,16,-12.4,0,-0.03,14268.373,11.0,10,-35.1,0,-0.02,18927.166,-4.7,8,-50.5,0,-0.06,24436.182,-32.8,24,-56.8,0,-0.04,31205.02,America/Los_Angeles,34.03189,-118.47656,86.0,1.8776655197143555
2026-09-21T19:00,pressure_profile,ncep_gfs_global,69.4,71,59.6,0,0.0,337.927,62.1,73,53.4,0,-0.01,2529.528,59.4,41,35.7,0,0.0,4878.609,42.1,41,20.2,0,-0.02,10196.851,28.0,16,-12.2,0,-0.05,14271.653,11.0,11,-32.7,0,-0.04,18933.726,-4.1,15,-40.2,0,-0.04,24456.434,-32.8,28,-54.4,0,-0.04,31220.896,America/Los_Angeles,34.03189,-118.47656,86.0,1.8776655197143555
2026-09-21T20:00,pressure_profile,ncep_gfs_global,69.6,72,60.2,0,0.0,344.488,62.7,72,53.6,0,-0.01,2536.089,59.6,42,36.5,0,-0.02,4885.171,41.9,44,21.8,0,-0.02,10200.131,28.4,18,-10.4,0,-0.03,14278.215,11.4,10,-34.7,0,-0.04,18946.85,-3.5,25,-30.6,0,-0.05,24472.634,-32.8,18,-61.3,0,-0.06,31242.064,America/Los_Angeles,34.03189,-118.47656,86.0,1.8776655197143555
2026-09-21T21:00,pressure_profile,ncep_gfs_global,69.3,72,59.8,0,0.0,347.769,62.7,73,53.9,0,0.01,2542.651,60.7,40,36.2,0,-0.01,4895.013,42.4,46,22.8,0,-0.04,10213.255,28.4,20,-7.7,0,-0.02,14291.339,12.3,9,-36.8,0,-0.04,18963.254,-3.5,25,-30.6,0,-0.04,24492.888,-31.9,10,-69.4,0,-0.03,31257.936,America/Los_Angeles,34.03189,-118.47656,86.0,1.8776655197143555
2026-09-21T22:00,pressure_profile,ncep_gfs_global,68.9,73,59.9,0,0.0,354.331,61.9,75,53.9,0,0.01,2549.213,60.2,46,39.4,0,0.01,4898.294,43.0,42,21.5,0,-0.01,10216.535,28.7,23,-5.0,0,-0.02,14297.9,13.1,7,-39.4,0,-0.06,18973.098,-4.1,23,-32.3,0,-0.06,24509.088,-31.9,2,-91.4,0,-0.04,31273.812,America/Los_Angeles,34.03189,-118.47656,86.0,1.8776655197143555
2026-09-21T23:00,pressure_profile,ncep_gfs_global,68.7,74,60.1,0,0.0,354.331,61.7,75,53.7,0,0.0,2545.932,59.4,53,42.2,0,-0.01,4898.294,42.7,43,21.9,0,-0.02,10216.535,28.4,23,-5.2,0,-0.02,14294.619,13.5,7,-39.0,0,-0.04,18976.378,-3.5,15,-39.7,0,-0.06,24517.19,-32.8,2,-92.1,0,-0.01,31279.106,America/Los_Angeles,34.03189,-118.47656,86.0,1.8776655197143555
2026-09-22T00:00,pressure_profile,ncep_gfs_global,68.4,75,60.1,0,0.01,347.769,61.5,75,53.5,0,0.0,2539.37,59.6,56,43.9,0,-0.01,4891.733,43.0,37,18.2,0,-0.04,10209.974,28.7,18,-10.1,0,-0.01,14291.339,13.5,7,-39.0,0,-0.03,18976.378,-3.5,18,-36.2,0,-0.04,24517.19,-31.9,4,-82.3,0,0.0,31279.106,America/Los_Angeles,34.03189,-118.47656,86.0,1.8776655197143555
2026-09-22T01:00,pressure_profile,ncep_gfs_global,68.0,76,60.2,0,0.01,347.769,60.9,77,53.7,0,0.01,2536.089,59.2,58,44.4,0,0.01,4885.171,43.5,28,12.3,0,-0.03,10206.693,28.0,21,-6.7,0,-0.04,14288.058,14.4,7,-38.4,0,-0.04,18969.816,-4.1,25,-31.1,0,-0.01,24513.14,-31.9,6,-76.7,0,0.03,31273.812,America/Los_Angeles,34.03189,-118.47656,86.0,1.8776655197143555
2026-09-22T02:00,pressure_profile,ncep_gfs_global,67.3,77,59.8,0,0.01,344.488,60.2,80,54.0,0,0.01,2532.808,58.5,59,44.2,0,0.0,4878.609,43.5,26,10.5,0,-0.04,10200.131,28.7,21,-6.1,0,-0.05,14281.496,14.8,7,-38.1,0,-0.01,18966.536,-4.1,27,-29.9,0,0.01,24513.14,-32.8,6,-77.4,0,0.01,31263.228,America/Los_Angeles,34.03189,-118.47656,86.0,1.8776655197143555
2026-09-22T03:00,pressure_profile,ncep_gfs_global,66.7,79,60.0,0,0.01,337.927,59.8,81,53.9,0,0.0,2522.966,58.7,58,44.0,0,-0.01,4868.767,43.8,27,11.7,0,-0.04,10187.008,29.3,21,-5.6,0,-0.03,14274.935,15.2,7,-37.7,0,-0.03,18963.254,-4.7,25,-31.6,0,-0.01,24500.988,-33.7,6,-78.1,0,-0.01,31252.646,America/Los_Angeles,34.03189,-118.47656,86.0,1.8776655197143555
2026-09-22T04:00,pressure_profile,ncep_gfs_global,66.4,80,60.0,0,0.01,331.365,59.6,82,54.1,0,0.0,2516.404,58.9,57,43.7,0,-0.01,4865.486,44.1,27,11.9,0,-0.02,10183.728,29.3,21,-5.6,0,-0.02,14268.373,15.6,7,-37.4,0,-0.03,18963.254,-5.2,23,-33.3,0,-0.01,24496.938,-33.7,6,-78.1,0,0.0,31242.064,America/Los_Angeles,34.03189,-118.47656,86.0,1.8776655197143555
2026-09-22T05:00,pressure_profile,ncep_gfs_global,66.0,81,60.0,0,0.01,334.646,59.6,82,54.1,0,-0.01,2519.685,59.2,56,43.5,0,-0.02,4868.767,43.8,28,12.6,0,-0.02,10190.289,29.3,19,-8.2,0,-0.02,14271.653,15.2,7,-37.7,0,-0.01,18966.536,-5.8,27,-31.4,0,0.0,24496.938,-34.6,6,-78.8,0,-0.03,31231.478,America/Los_Angeles,34.03189,-118.47656,86.0,1.8776655197143555
2026-09-22T06:00,pressure_profile,ncep_gfs_global,65.8,82,60.2,0,0.01,337.927,59.4,83,54.2,0,0.0,2519.685,59.8,53,42.6,0,-0.02,4872.048,43.8,28,12.6,0,-0.03,10196.851,30.0,16,-10.5,0,-0.03,14278.215,14.8,7,-38.1,0,-0.01,18976.378,-6.4,37,-26.1,0,0.02,24496.938,-34.6,6,-78.8,0,-0.01,31226.19,America/Los_Angeles,34.03189,-118.47656,86.0,1.8776655197143555
2026-09-22T07:00,pressure_profile,ncep_gfs_global,65.8,82,60.2,0,0.01,344.488,59.2,84,54.3,0,-0.01,2526.247,60.2,51,42.0,0,-0.01,4881.89,43.8,28,12.6,0,-0.02,10206.693,30.3,16,-10.2,0,-0.02,14291.339,14.4,7,-38.4,0,0.0,18986.22,-7.5,37,-27.1,0,0.01,24505.04,-35.5,6,-79.5,0,-0.03,31226.19,America/Los_Angeles,34.03189,-118.47656,86.0,1.8776655197143555
2026-09-22T08:00,pressure_profile,ncep_gfs_global,66.4,81,60.4,0,0.01,357.612,59.2,85,54.7,0,0.0,2539.37,60.5,49,41.2,0,-0.01,4891.733,43.8,30,14.3,0,-0.02,10219.816,30.7,21,-4.5,0,-0.04,14304.462,13.9,9,-35.5,0,-0.02,19002.624,-6.9,32,-29.3,0,-0.02,24517.19,-35.5,6,-79.5,0,-0.01,31236.772,America/Los_Angeles,34.03189,-118.47656,86.0,1.8776655197143555
2026-09-22T09:00,pressure_profile,ncep_gfs_global,67.1,78,60.0,0,0.01,360.892,59.4,85,54.9,0,-0.01,2542.651,61.1,45,39.6,0,-0.03,4901.575,43.8,32,16.0,0,-0.01,10229.659,31.3,25,-0.5,0,-0.02,14317.585,13.9,9,-35.5,0,-0.03,19015.748,-6.4,22,-35.6,0,-0.01,24533.392,-36.4,6,-80.2,0,-0.03,31247.354,America/Los_Angeles,34.03189,-118.47656,86.0,1.8776655197143555
2026-09-22T10:00,pressure_profile,ncep_gfs_global,68.4,75,60.1,0,0.01,360.892,59.6,86,55.4,0,-0.02,2545.932,62.2,41,38.2,0,-0.03,4911.418,43.5,33,16.5,0,0.0,10242.782,31.3,25,-0.5,0,-0.01,14327.428,13.9,9,-35.5,0,-0.02,19028.872,-6.4,18,-38.6,0,-0.02,24549.594,-37.3,8,-76.9,0,-0.01,31263.228,America/Los_Angeles,34.03189,-118.47656,86.0,1.8776655197143555
2026-09-22T11:00,pressure_profile,ncep_gfs_global,69.6,71,59.8,0,0.01,351.05,60.4,84,55.5,0,-0.02,2545.932,63.1,39,37.7,0,-0.03,4914.698,43.5,36,18.0,0,-0.01,10249.344,32.0,24,-1.0,0,-0.03,14337.271,14.4,9,-35.2,0,-0.02,19038.714,-5.8,20,-36.6,0,0.01,24557.694,-37.3,20,-63.6,0,0.01,31268.522,America/Los_Angeles,34.03189,-118.47656,86.0,1.8776655197143555
2026-09-22T12:00,pressure_profile,ncep_gfs_global,71.1,68,60.0,0,0.02,334.646,62.1,77,54.8,0,-0.02,2536.089,63.9,37,37.1,0,-0.03,4908.137,43.8,37,19.0,0,-0.02,10246.063,32.3,20,-4.3,0,-0.02,14340.552,14.8,9,-34.8,0,-0.02,19045.276,-6.4,18,-38.6,0,0.0,24561.746,-38.2,42,-52.8,0,0.03,31268.522,America/Los_Angeles,34.03189,-118.47656,86.0,1.8776655197143555
2026-09-22T13:00,pressure_profile,ncep_gfs_global,71.8,66,59.8,3,0.02,311.68,64.3,70,54.3,0,-0.03,2516.404,64.6,37,37.7,0,-0.03,4895.013,44.1,37,19.2,0,-0.02,10236.221,33.0,18,-6.5,0,-0.01,14337.271,14.8,9,-34.8,0,0.0,19041.994,-6.4,20,-37.1,0,-0.05,24561.746,-38.2,46,-51.3,0,0.0,31268.522,America/Los_Angeles,34.03189,-118.47656,86.0,1.8776655197143555
2026-09-22T14:00,pressure_profile,ncep_gfs_global,71.4,68,60.3,5,0.03,291.995,67.0,63,54.0,0,-0.02,2500.0,65.2,38,39.0,0,-0.03,4885.171,44.1,37,19.2,0,-0.01,10226.378,33.3,16,-7.8,0,-0.02,14327.428,14.8,10,-32.1,0,-0.03,19035.434,-6.4,20,-37.1,0,-0.01,24557.694,-38.2,44,-52.0,0,-0.03,31268.522,America/Los_Angeles,34.03189,-118.47656,86.0,1.8776655197143555
2026-09-22T15:00,pressure_profile,ncep_gfs_global,70.0,72,60.5,2,0.03,275.591,67.6,64,55.0,0,-0.01,2480.315,66.1,38,39.8,0,-0.04,4872.048,44.1,36,18.5,0,-0.02,10216.535,33.7,15,-9.2,0,-0.02,14317.585,15.6,9,-34.2,0,-0.04,19028.872,-6.4,18,-38.6,0,-0.02,24557.694,-38.2,38,-54.4,0,-0.06,31263.228,America/Los_Angeles,34.03189,-118.47656,86.0,1.8776655197143555
2026-09-22T16:00,pressure_profile,ncep_gfs_global,70.2,71,60.3,0,0.02,252.625,68.8,61,54.8,0,-0.03,2460.63,66.8,37,39.7,0,-0.04,4858.924,44.1,36,18.5,0,-0.02,10206.693,33.7,15,-9.2,0,-0.01,14314.305,15.6,9,-34.2,0,-0.02,19025.59,-6.4,20,-37.1,0,-0.01,24557.694,-38.2,28,-59.2,0,-0.01,31263.228,America/Los_Angeles,34.03189,-118.47656,86.0,1.8776655197143555
2026-09-22T17:00,pressure_profile,ncep_gfs_global,72.3,67,60.8,0,0.02,242.782,71.0,56,54.5,0,-0.02,2457.349,67.4,36,39.5,0,-0.03,4858.924,44.1,40,21.3,0,-0.01,10213.255,33.3,14,-11.2,0,-0.03,14314.305,16.0,9,-33.9,0,-0.02,19032.152,-6.4,20,-37.1,0,-0.04,24565.794,-37.3,14,-68.9,0,0.01,31268.522,America/Los_Angeles,34.03189,-118.47656,86.0,1.8776655197143555
2026-09-22T18:00,pressure_profile,ncep_gfs_global,73.6,65,61.1,0,0.01,242.782,72.2,52,53.6,0,0.0,2463.911,67.8,36,39.9,0,-0.02,4868.767,44.9,39,21.3,0,-0.01,10226.378,33.3,14,-11.2,0,-0.02,14330.709,16.0,9,-33.9,0,-0.01,19045.276,-6.4,15,-42.1,0,-0.04,24581.998,-37.3,16,-66.9,0,0.0,31289.688,America/Los_Angeles,34.03189,-118.47656,86.0,1.8776655197143555
2026-09-22T19:00,pressure_profile,ncep_gfs_global,73.2,64,60.3,0,0.02,242.782,72.6,49,52.3,0,0.0,2470.473,67.8,36,39.9,0,-0.01,4875.328,45.4,36,19.7,0,-0.03,10236.221,33.3,14,-11.2,0,-0.05,14337.271,16.5,9,-33.5,0,-0.01,19055.12,-6.9,8,-52.3,0,-0.04,24594.148,-37.3,16,-66.9,0,0.0,31305.562,America/Los_Angeles,34.03189,-118.47656,86.0,1.8776655197143555
2026-09-22T20:00,pressure_profile,ncep_gfs_global,72.3,64,59.5,0,0.01,252.625,72.6,49,52.3,0,0.0,2477.034,68.1,36,40.1,0,0.01,4881.89,46.0,41,23.6,0,-0.02,10242.782,34.0,13,-12.6,0,-0.04,14347.113,16.9,9,-33.2,0,-0.02,19068.242,-6.9,7,-55.9,0,-0.07,24610.35,-36.4,12,-70.4,0,-0.04,31332.022,America/Los_Angeles,34.03189,-118.47656,86.0,1.8776655197143555
2026-09-22T21:00,pressure_profile,ncep_gfs_global,71.6,66,59.6,0,0.01,272.31,72.2,50,52.5,0,0.0,2493.438,67.6,37,40.4,0,0.01,4898.294,45.7,44,25.3,0,-0.01,10262.467,33.7,13,-12.8,0,-0.03,14366.798,16.9,7,-36.5,0,-0.01,19091.208,-6.9,8,-52.3,0,-0.08,24634.652,-36.4,10,-73.0,0,-0.03,31358.478,America/Los_Angeles,34.03189,-118.47656,86.0,1.8776655197143555
2026-09-22T22:00,pressure_profile,ncep_gfs_global,71.1,69,60.4,0,0.01,278.871,71.4,52,52.8,0,0.0,2496.719,67.4,38,40.9,0,0.0,4898.294,45.4,47,26.2,0,0.0,10262.467,33.7,11,-14.9,0,-0.03,14376.641,17.3,7,-36.1,0,-0.01,19101.05,-6.9,10,-49.3,0,-0.08,24642.754,-35.5,10,-72.3,0,-0.01,31363.772,America/Los_Angeles,34.03189,-118.47656,86.0,1.8776655197143555
2026-09-22T23:00,pressure_profile,ncep_gfs_global,70.7,71,60.8,0,0.01,275.591,71.6,52,53.0,0,-0.02,2490.158,68.1,33,37.9,0,-0.03,4895.013,45.7,46,25.9,0,-0.02,10259.187,34.0,11,-14.7,0,-0.04,14373.359,17.3,7,-36.1,0,0.01,19101.05,-6.9,10,-49.3,0,-0.02,24638.704,-36.4,10,-73.0,0,-0.03,31358.478,America/Los_Angeles,34.03189,-118.47656,86.0,1.8776655197143555
2026-09-23T00:00,pressure_profile,ncep_gfs_global,70.3,72,60.9,0,0.01,272.31,72.0,50,52.3,0,-0.01,2486.877,68.7,30,36.0,0,-0.01,4888.452,45.7,42,24.0,0,0.0,10252.625,34.3,13,-12.3,0,-0.03,14363.518,16.9,7,-36.5,0,0.0,19094.488,-6.4,10,-48.9,0,-0.05,24630.602,-36.4,10,-73.0,0,-0.06,31358.478,America/Los_Angeles,34.03189,-118.47656,86.0,1.8776655197143555
2026-09-23T01:00,pressure_profile,ncep_gfs_global,70.3,73,61.3,0,0.01,265.748,72.2,49,51.9,0,-0.01,2480.315,68.7,29,35.2,0,-0.01,4885.171,45.7,40,22.7,0,0.0,10249.344,34.0,11,-14.7,0,-0.02,14363.518,16.9,9,-33.2,0,-0.01,19091.208,-5.8,8,-51.4,0,-0.04,24626.55,-37.3,12,-71.1,0,-0.03,31353.186,America/Los_Angeles,34.03189,-118.47656,86.0,1.8776655197143555
2026-09-23T02:00,pressure_profile,ncep_gfs_global,70.0,75,61.7,0,0.01,262.467,72.6,47,51.2,0,-0.01,2477.034,68.9,29,35.4,0,-0.03,4881.89,45.4,37,20.4,0,-0.01,10249.344,34.0,11,-14.7,0,-0.01,14360.236,16.9,9,-33.2,0,-0.02,19087.926,-5.8,8,-51.4,0,0.01,24626.55,-38.2,12,-71.9,0,-0.01,31353.186,America/Los_Angeles,34.03189,-118.47656,86.0,1.8776655197143555
2026-09-23T03:00,pressure_profile,ncep_gfs_global,69.8,76,61.9,0,0.01,259.186,72.8,46,50.8,0,0.0,2470.473,69.4,28,34.8,0,-0.02,4878.609,45.7,31,16.8,0,0.0,10242.782,34.0,13,-12.6,0,-0.01,14350.394,16.9,9,-33.2,0,-0.01,19081.366,-5.8,7,-55.0,0,0.0,24614.4,-38.2,16,-67.7,0,-0.03,31342.604,America/Los_Angeles,34.03189,-118.47656,86.0,1.8776655197143555
2026-09-23T04:00,pressure_profile,ncep_gfs_global,69.4,77,61.9,0,0.01,255.906,72.8,45,50.2,0,-0.01,2470.473,69.4,28,34.8,0,-0.01,4878.609,45.4,30,15.8,0,0.01,10242.782,34.0,13,-12.6,0,-0.01,14350.394,17.3,9,-32.9,0,0.0,19078.084,-5.8,7,-55.0,0,0.0,24614.4,-37.3,16,-66.9,0,-0.03,31337.314,America/Los_Angeles,34.03189,-118.47656,86.0,1.8776655197143555
2026-09-23T05:00,pressure_profile,ncep_gfs_global,69.3,77,61.7,0,0.0,255.906,73.1,42,48.7,0,-0.01,2473.754,69.4,27,33.9,0,-0.01,4881.89,45.1,31,16.4,0,0.01,10242.782,34.0,14,-10.7,0,-0.01,14350.394,16.9,10,-30.4,0,0.0,19078.084,-5.8,8,-51.4,0,-0.02,24614.4,-37.3,14,-68.9,0,-0.03,31342.604,America/Los_Angeles,34.03189,-118.47656,86.0,1.8776655197143555
2026-09-23T06:00,pressure_profile,ncep_gfs_global,69.4,76,61.5,0,0.0,262.467,73.9,38,46.7,0,-0.02,2483.596,69.6,26,33.2,0,-0.01,4895.013,44.9,30,15.3,0,0.01,10252.625,34.0,14,-10.7,0,-0.01,14360.236,16.5,10,-30.8,0,0.0,19081.366,-5.8,10,-48.4,0,-0.01,24622.502,-36.4,16,-66.2,0,-0.01,31353.186,America/Los_Angeles,34.03189,-118.47656,86.0,1.8776655197143555
2026-09-23T07:00,pressure_profile,ncep_gfs_global,69.8,75,61.5,0,0.0,275.591,74.7,34,44.5,0,-0.01,2493.438,69.6,25,32.2,0,-0.01,4904.856,45.1,26,11.9,0,-0.02,10265.748,34.0,14,-10.7,0,-0.01,14373.359,16.5,10,-30.8,0,0.01,19094.488,-5.8,10,-48.4,0,0.0,24634.652,-36.4,14,-68.1,0,0.0,31358.478,America/Los_Angeles,34.03189,-118.47656,86.0,1.8776655197143555
2026-09-23T08:00,pressure_profile,ncep_gfs_global,71.1,71,61.2,0,0.0,282.152,74.5,33,43.5,0,-0.01,2503.281,69.4,26,33.0,0,0.0,4914.698,45.4,24,11.1,0,0.0,10275.591,34.0,14,-10.7,0,0.0,14383.202,16.5,10,-30.8,0,-0.02,19104.33,-5.8,10,-48.4,0,-0.01,24646.802,-35.5,16,-65.4,0,0.03,31374.356,America/Los_Angeles,34.03189,-118.47656,86.0,1.8776655197143555
2026-09-23T09:00,pressure_profile,ncep_gfs_global,73.0,65,60.6,0,0.01,285.433,75.1,30,41.6,0,-0.01,2509.843,69.4,25,32.0,0,-0.01,4921.26,45.4,28,14.0,0,-0.01,10285.434,34.0,13,-12.6,0,-0.01,14393.045,16.9,9,-33.2,0,-0.02,19114.174,-6.4,10,-48.9,0,0.02,24654.904,-35.5,20,-62.0,0,0.0,31384.938,America/Los_Angeles,34.03189,-118.47656,86.0,1.8776655197143555
2026-09-23T10:00,pressure_profile,ncep_gfs_global,74.8,60,60.0,0,0.01,291.995,76.1,28,40.6,0,-0.02,2519.685,69.6,24,31.2,0,-0.03,4934.384,45.7,26,12.3,0,-0.02,10295.275,34.3,13,-12.3,0,0.0,14406.168,16.9,9,-33.2,0,-0.02,19130.578,-6.4,10,-48.9,0,0.01,24671.106,-35.5,20,-62.0,0,-0.01,31400.812,America/Los_Angeles,34.03189,-118.47656,86.0,1.8776655197143555
2026-09-23T11:00,pressure_profile,ncep_gfs_global,76.3,57,59.9,0,0.02,295.276,76.9,26,39.4,0,-0.02,2526.247,70.0,23,30.5,0,-0.03,4940.945,46.2,20,7.3,0,-0.02,10308.399,34.0,13,-12.6,0,0.01,14416.011,16.9,7,-36.5,0,-0.02,19143.702,-6.4,10,-48.9,0,-0.01,24679.208,-35.5,22,-60.6,0,0.0,31416.69,America/Los_Angeles,34.03189,-118.47656,86.0,1.8776655197143555
2026-09-23T12:00,pressure_profile,ncep_gfs_global,76.8,57,60.4,0,0.02,285.433,77.9,25,39.2,0,-0.03,2519.685,70.5,22,29.8,0,-0.04,4937.664,46.2,18,4.7,0,-0.01,10308.399,33.3,13,-13.1,0,0.0,14416.011,16.9,7,-36.5,0,-0.02,19140.42,-6.4,8,-51.9,0,0.0,24679.208,-36.4,22,-61.3,0,0.0,31416.69,America/Los_Angeles,34.03189,-118.47656,86.0,1.8776655197143555
2026-09-23T13:00,pressure_profile,ncep_gfs_global,76.5,60,61.5,2,0.02,282.152,78.9,24,39.0,0,-0.02,2519.685,70.9,21,29.0,0,-0.03,4940.945,46.5,16,2.1,0,-0.01,10311.68,33.3,11,-15.2,0,-0.01,14419.291,16.5,7,-36.8,0,0.0,19140.42,-6.4,8,-51.9,0,0.0,24679.208,-36.4,16,-66.2,0,0.0,31416.69,America/Los_Angeles,34.03189,-118.47656,86.0,1.8776655197143555
2026-09-23T14:00,pressure_profile,ncep_gfs_global,75.7,61,61.3,3,0.02,269.029,79.8,22,37.6,0,-0.02,2509.843,71.3,19,26.9,0,-0.02,4934.384,46.8,16,2.3,0,-0.01,10308.399,33.3,10,-17.5,0,-0.01,14416.011,16.5,7,-36.8,0,-0.02,19137.138,-6.4,8,-51.9,0,0.0,24675.156,-36.4,14,-68.1,0,0.04,31411.396,America/Los_Angeles,34.03189,-118.47656,86.0,1.8776655197143555
2026-09-23T15:00,pressure_profile,ncep_gfs_global,75.7,61,61.3,5,0.02,252.625,80.8,20,36.0,0,-0.03,2493.438,72.0,17,24.8,0,-0.04,4921.26,46.8,16,2.3,0,0.0,10301.837,33.0,10,-17.8,0,0.0,14409.449,16.9,7,-36.5,0,-0.03,19130.578,-6.4,8,-51.9,0,0.01,24671.106,-37.3,14,-68.9,0,0.04,31406.106,America/Los_Angeles,34.03189,-118.47656,86.0,1.8776655197143555
2026-09-23T16:00,pressure_profile,ncep_gfs_global,76.1,61,61.7,5,0.02,239.501,81.8,17,32.7,0,-0.03,2483.596,72.8,15,22.5,0,-0.06,4911.418,47.1,17,4.0,0,-0.01,10298.557,32.3,11,-16.0,0,0.0,14402.888,16.9,6,-40.4,0,-0.01,19124.016,-6.9,10,-49.3,0,0.02,24663.004,-37.3,14,-68.9,0,0.03,31395.52,America/Los_Angeles,34.03189,-118.47656,86.0,1.8776655197143555
2026-09-23T17:00,pressure_profile,ncep_gfs_global,76.6,64,63.6,0,0.02,232.94,82.4,16,31.7,0,-0.01,2477.034,73.3,15,22.8,0,-0.04,4908.137,47.6,19,7.2,0,-0.02,10301.837,31.7,11,-16.5,0,-0.02,14402.888,16.9,6,-40.4,0,0.0,19124.016,-6.9,12,-46.8,0,-0.02,24663.004,-37.3,12,-71.1,0,-0.01,31395.52,America/Los_Angeles,34.03189,-118.47656,86.0,1.8776655197143555
2026-09-23T18:00,pressure_profile,ncep_gfs_global,75.2,68,63.9,0,0.02,239.501,82.2,17,33.1,0,0.02,2480.315,73.5,17,26.0,0,-0.01,4911.418,47.6,27,15.0,0,-0.01,10308.399,31.3,13,-14.7,0,-0.02,14412.729,16.5,6,-40.7,0,0.01,19127.296,-6.4,13,-44.1,0,-0.04,24667.056,-36.4,12,-70.4,0,0.0,31395.52,America/Los_Angeles,34.03189,-118.47656,86.0,1.8776655197143555
2026-09-23T19:00,pressure_profile,ncep_gfs_global,73.0,72,63.5,0,0.03,255.906,80.4,24,40.3,0,0.03,2486.877,73.3,18,27.2,0,0.0,4917.979,47.6,33,20.1,0,-0.01,10314.961,31.0,14,-13.1,0,-0.02,14419.291,16.5,6,-40.7,0,-0.01,19130.578,-6.4,12,-46.3,0,-0.05,24671.106,-36.4,14,-68.1,0,0.04,31400.812,America/Los_Angeles,34.03189,-118.47656,86.0,1.8776655197143555
2026-09-23T20:00,pressure_profile,ncep_gfs_global,72.0,75,63.6,0,0.03,275.591,77.3,33,45.9,0,0.04,2500.0,72.8,18,26.9,0,0.02,4927.822,47.6,40,24.5,0,-0.02,10328.084,30.7,16,-10.0,0,-0.02,14429.134,16.5,6,-40.7,0,-0.01,19137.138,-6.4,10,-48.9,0,-0.05,24683.256,-36.4,14,-68.1,0,0.06,31411.396,America/Los_Angeles,34.03189,-118.47656,86.0,1.8776655197143555
2026-09-23T21:00,pressure_profile,ncep_gfs_global,71.6,77,64.0,0,0.02,301.837,74.9,38,47.6,0,0.01,2519.685,72.6,18,26.7,0,0.0,4940.945,47.6,44,27.0,0,-0.02,10344.488,30.7,19,-7.1,0,-0.02,14442.258,16.0,7,-37.1,0,0.01,19150.262,-6.4,10,-48.9,0,0.0,24695.408,-36.4,14,-68.1,0,0.03,31421.978,America/Los_Angeles,34.03189,-118.47656,86.0,1.8776655197143555
2026-09-23T22:00,pressure_profile,ncep_gfs_global,71.6,77,64.0,0,0.02,311.68,74.5,38,47.3,0,0.0,2526.247,72.4,19,27.8,0,0.0,4947.507,47.6,48,28.8,0,0.01,10351.05,31.0,20,-5.4,0,-0.02,14448.819,16.0,9,-33.9,0,-0.01,19156.824,-6.4,10,-48.9,0,0.0,24699.458,-36.4,14,-68.1,0,0.0,31421.978,America/Los_Angeles,34.03189,-118.47656,86.0,1.8776655197143555
2026-09-23T23:00,pressure_profile,ncep_gfs_global,71.6,76,63.6,0,0.01,308.399,74.3,38,47.1,0,-0.01,2526.247,72.4,19,27.8,0,0.0,4944.226,47.3,50,29.6,0,0.02,10344.488,31.0,23,-3.0,0,-0.01,14442.258,15.6,9,-34.2,0,-0.02,19146.982,-6.9,10,-49.3,0,-0.01,24687.308,-36.4,14,-68.1,0,-0.01,31406.106,America/Los_Angeles,34.03189,-118.47656,86.0,1.8776655197143555
2026-09-24T00:00,pressure_profile,ncep_gfs_global,71.6,74,62.9,0,0.0,301.837,74.7,37,46.7,0,-0.01,2522.966,72.4,20,29.1,0,-0.01,4944.226,47.1,49,28.8,0,0.03,10341.207,30.3,24,-2.4,0,0.01,14438.977,15.6,10,-31.4,0,-0.02,19140.42,-6.9,10,-49.3,0,0.01,24679.208,-36.4,12,-70.4,0,0.0,31395.52,America/Los_Angeles,34.03189,-118.47656,86.0,1.8776655197143555
2026-09-24T01:00,pressure_profile,ncep_gfs_global,71.8,74,63.0,0,0.0,298.556,74.9,36,46.2,0,-0.01,2519.685,72.4,20,29.1,0,-0.01,4940.945,47.1,47,27.7,0,0.02,10334.646,29.7,29,1.1,0,0.0,14432.415,16.0,10,-31.1,0,-0.02,19130.578,-6.9,10,-49.3,0,0.04,24663.004,-36.4,12,-70.4,0,0.0,31379.644,America/Los_Angeles,34.03189,-118.47656,86.0,1.8776655197143555
2026-09-24T02:00,pressure_profile,ncep_gfs_global,71.8,74,63.0,0,0.0,295.276,74.9,36,46.2,0,-0.01,2516.404,72.0,21,29.9,0,0.0,4937.664,47.1,46,27.1,0,0.03,10331.365,29.0,33,3.1,0,-0.01,14425.854,15.6,10,-31.4,0,-0.01,19124.016,-7.5,10,-49.8,0,0.04,24650.854,-36.4,12,-70.4,0,-0.01,31369.062,America/Los_Angeles,34.03189,-118.47656,86.0,1.8776655197143555
2026-09-24T03:00,pressure_profile,ncep_gfs_global,71.4,76,63.5,0,0.01,288.714,74.9,36,46.2,0,0.0,2509.843,71.8,23,32.0,0,0.0,4927.822,46.8,47,27.4,0,0.02,10324.804,29.0,33,3.1,0,-0.01,14416.011,15.6,10,-31.4,0,0.0,19110.892,-8.1,10,-50.2,0,0.01,24634.652,-36.4,14,-68.1,0,0.0,31353.186,America/Los_Angeles,34.03189,-118.47656,86.0,1.8776655197143555
2026-09-24T04:00,pressure_profile,ncep_gfs_global,70.7,78,63.5,0,0.01,285.433,74.3,39,47.8,0,0.0,2506.562,71.5,25,33.9,0,0.0,4924.541,46.8,49,28.6,0,0.03,10318.241,28.7,33,2.8,0,-0.01,14409.449,15.6,10,-31.4,0,0.0,19101.05,-8.1,10,-50.2,0,0.0,24622.502,-36.4,14,-68.1,0,0.01,31342.604,America/Los_Angeles,34.03189,-118.47656,86.0,1.8776655197143555
2026-09-24T05:00,pressure_profile,ncep_gfs_global,70.3,79,63.5,0,0.01,285.433,73.9,40,48.1,0,0.0,2506.562,71.3,26,34.7,0,0.0,4924.541,46.5,51,29.4,0,0.02,10314.961,28.7,33,2.8,0,-0.01,14409.449,15.2,10,-31.7,0,0.01,19101.05,-8.1,10,-50.2,0,0.0,24618.452,-37.3,14,-68.9,0,0.01,31337.314,America/Los_Angeles,34.03189,-118.47656,86.0,1.8776655197143555
2026-09-24T06:00,pressure_profile,ncep_gfs_global,70.0,80,63.5,0,0.0,298.556,73.7,41,48.6,0,0.0,2516.404,71.3,27,35.6,0,-0.01,4931.103,46.2,52,29.7,0,0.0,10324.804,28.4,38,5.7,0,-0.01,14416.011,15.2,10,-31.7,0,0.02,19107.612,-8.1,10,-50.2,0,-0.02,24626.55,-37.3,12,-71.1,0,0.01,31337.314,America/Los_Angeles,34.03189,-118.47656,86.0,1.8776655197143555
2026-09-24T07:00,pressure_profile,ncep_gfs_global,70.2,81,64.1,0,0.0,314.961,73.7,42,49.2,0,0.0,2529.528,71.3,27,35.6,0,-0.01,4944.226,46.5,47,27.2,0,-0.01,10334.646,28.4,44,9.1,0,-0.01,14425.854,14.4,10,-32.4,0,0.02,19114.174,-8.1,10,-50.2,0,-0.01,24634.652,-37.3,10,-73.8,0,0.03,31347.896,America/Los_Angeles,34.03189,-118.47656,86.0,1.8776655197143555
2026-09-24T08:00,pressure_profile,ncep_gfs_global,71.1,78,63.9,0,0.0,324.803,73.7,42,49.2,0,0.0,2542.651,71.1,26,34.5,0,0.01,4957.349,46.8,42,25.0,0,0.01,10344.488,28.4,44,9.1,0,-0.01,14438.977,14.8,9,-34.8,0,-0.01,19127.296,-8.1,8,-53.2,0,0.01,24646.802,-38.2,10,-74.5,0,0.03,31358.478,America/Los_Angeles,34.03189,-118.47656,86.0,1.8776655197143555
2026-09-24T09:00,pressure_profile,ncep_gfs_global,72.5,73,63.4,0,0.01,331.365,73.7,42,49.2,0,0.0,2552.494,70.7,27,35.1,0,0.02,4967.192,46.8,41,24.4,0,0.01,10351.05,28.7,44,9.4,0,-0.01,14448.819,14.8,9,-34.8,0,-0.01,19137.138,-8.1,8,-53.2,0,0.01,24658.956,-38.2,12,-71.9,0,0.01,31369.062,America/Los_Angeles,34.03189,-118.47656,86.0,1.8776655197143555
2026-09-24T10:00,pressure_profile,ncep_gfs_global,74.1,67,62.5,0,0.01,334.646,74.5,40,48.6,0,-0.02,2559.055,70.9,29,37.0,0,0.0,4973.754,46.8,37,21.7,0,-0.01,10357.611,29.0,41,8.4,0,-0.02,14455.381,15.2,9,-34.5,0,0.0,19146.982,-8.1,8,-53.2,0,0.0,24667.056,-38.2,12,-71.9,0,-0.01,31379.644,America/Los_Angeles,34.03189,-118.47656,86.0,1.8776655197143555
2026-09-24T11:00,pressure_profile,ncep_gfs_global,76.1,62,62.1,0,0.02,331.365,75.3,37,47.2,0,-0.01,2562.336,71.1,30,38.1,0,0.01,4977.034,47.1,33,19.7,0,0.0,10360.893,29.7,43,9.6,0,0.0,14461.942,14.8,9,-34.8,0,0.01,19153.542,-8.1,8,-53.2,0,-0.01,24675.156,-38.2,12,-71.9,0,-0.03,31379.644,America/Los_Angeles,34.03189,-118.47656,86.0,1.8776655197143555
2026-09-24T12:00,pressure_profile,ncep_gfs_global,77.2,60,62.2,0,0.02,321.522,74.9,38,47.6,0,-0.01,2552.494,70.9,31,38.7,0,0.01,4970.473,47.1,30,17.2,0,-0.01,10354.331,29.7,45,10.9,0,-0.01,14458.661,14.4,9,-35.2,0,0.0,19150.262,-7.5,8,-52.8,0,0.0,24671.106,-38.2,10,-74.5,0,-0.01,31379.644,America/Los_Angeles,34.03189,-118.47656,86.0,1.8776655197143555
2026-09-24T13:00,pressure_profile,ncep_gfs_global,76.3,62,62.3,4,0.02,314.961,75.1,40,49.2,0,-0.02,2549.213,70.9,32,39.6,0,-0.01,4963.911,47.1,29,16.3,0,-0.02,10351.05,30.0,43,9.9,0,-0.02,14455.381,14.8,9,-34.8,0,-0.01,19146.982,-7.5,8,-52.8,0,-0.01,24667.056,-37.3,10,-73.8,0,-0.01,31374.356,America/Los_Angeles,34.03189,-118.47656,86.0,1.8776655197143555
2026-09-24T14:00,pressure_profile,ncep_gfs_global,75.4,65,62.8,5,0.02,305.118,76.1,35,46.5,0,-0.02,2539.37,71.1,31,38.9,0,-0.01,4960.63,47.3,30,17.4,0,-0.01,10347.77,30.3,36,6.7,0,0.01,14452.1,14.8,9,-34.8,0,0.01,19143.702,-6.9,8,-52.3,0,-0.02,24663.004,-37.3,8,-76.9,0,-0.01,31374.356,America/Los_Angeles,34.03189,-118.47656,86.0,1.8776655197143555
2026-09-24T15:00,pressure_profile,ncep_gfs_global,75.0,65,62.5,5,0.02,295.276,77.1,32,45.0,0,-0.02,2532.808,71.3,32,39.9,0,-0.01,4954.069,47.3,32,19.1,0,-0.02,10347.77,30.3,33,4.3,0,0.01,14455.381,14.8,9,-34.8,0,0.0,19143.702,-6.9,8,-52.3,0,-0.01,24663.004,-37.3,8,-76.9,0,0.0,31374.356,America/Los_Angeles,34.03189,-118.47656,86.0,1.8776655197143555
2026-09-24T16:00,pressure_profile,ncep_gfs_global,75.2,67,63.5,4,0.02,285.433,77.7,31,44.6,0,-0.02,2522.966,71.5,33,40.9,0,-0.01,4944.226,47.3,34,20.7,0,-0.03,10341.207,30.3,30,2.6,0,0.0,14448.819,14.8,9,-34.8,0,0.01,19137.138,-6.9,8,-52.3,0,0.01,24658.956,-37.3,6,-80.9,0,0.0,31379.644,America/Los_Angeles,34.03189,-118.47656,86.0,1.8776655197143555
2026-09-24T17:00,pressure_profile,ncep_gfs_global,75.7,68,64.4,0,0.02,278.871,78.1,31,45.0,0,0.01,2516.404,71.3,32,39.9,0,0.02,4937.664,47.6,36,21.7,0,-0.03,10334.646,30.3,30,2.6,0,-0.01,14438.977,14.8,9,-34.8,0,-0.02,19130.578,-6.9,7,-55.9,0,-0.05,24658.956,-36.4,6,-80.2,0,-0.04,31379.644,America/Los_Angeles,34.03189,-118.47656,86.0,1.8776655197143555
2026-09-24T18:00,pressure_profile,ncep_gfs_global,74.3,69,63.5,0,0.02,275.591,76.7,35,47.0,0,0.0,2509.843,70.7,32,39.4,0,0.01,4931.103,47.9,33,20.4,0,-0.03,10328.084,30.3,29,1.7,0,-0.02,14438.977,15.6,9,-34.2,0,-0.04,19133.86,-6.4,5,-59.9,0,-0.04,24667.056,-36.4,6,-80.2,0,-0.04,31395.52,America/Los_Angeles,34.03189,-118.47656,86.0,1.8776655197143555
2026-09-24T19:00,pressure_profile,ncep_gfs_global,72.9,74,64.1,0,0.02,282.152,76.5,38,49.0,0,0.01,2516.404,70.2,31,38.2,0,0.02,4934.384,47.9,29,17.0,0,-0.02,10331.365,30.7,30,2.9,0,0.0,14438.977,16.0,9,-33.9,0,-0.01,19133.86,-5.8,3,-65.7,0,-0.02,24675.156,-35.5,6,-79.5,0,-0.01,31406.106,America/Los_Angeles,34.03189,-118.47656,86.0,1.8776655197143555
2026-09-24T20:00,pressure_profile,ncep_gfs_global,72.1,74,63.4,0,0.02,298.556,75.5,40,49.5,0,0.02,2529.528,69.8,31,37.8,0,0.0,4947.507,47.9,27,15.2,0,-0.03,10341.207,30.3,30,2.6,0,-0.01,14448.819,16.0,7,-37.1,0,-0.02,19150.262,-5.2,5,-59.1,0,-0.02,24691.358,-34.6,6,-78.8,0,-0.03,31427.272,America/Los_Angeles,34.03189,-118.47656,86.0,1.8776655197143555
2026-09-24T21:00,pressure_profile,ncep_gfs_global,71.6,75,63.3,0,0.01,311.68,74.9,41,49.6,0,0.01,2539.37,69.8,29,36.1,0,-0.01,4954.069,47.9,24,13.2,0,-0.03,10347.77,30.7,30,2.9,0,-0.02,14455.381,16.9,7,-36.5,0,-0.02,19163.386,-5.2,5,-59.1,0,-0.04,24711.61,-32.8,12,-67.4,0,0.0,31448.438,America/Los_Angeles,34.03189,-118.47656,86.0,1.8776655197143555
2026-09-24T22:00,pressure_profile,ncep_gfs_global,71.2,77,63.7,0,0.02,321.522,74.1,44,50.8,0,0.01,2545.932,69.8,29,36.1,0,-0.01,4957.349,47.9,27,15.2,0,-0.03,10351.05,31.7,29,2.8,0,-0.04,14458.661,17.3,6,-40.0,0,-0.03,19166.666,-5.2,5,-59.1,0,-0.01,24719.71,-33.7,26,-56.4,0,0.0,31464.312,America/Los_Angeles,34.03189,-118.47656,86.0,1.8776655197143555
2026-09-24T23:00,pressure_profile,ncep_gfs_global,70.9,78,63.7,0,0.01,321.522,73.9,45,51.3,0,-0.01,2545.932,70.0,27,34.5,0,-0.01,4957.349,47.6,29,16.8,0,0.0,10351.05,31.7,29,2.8,0,0.01,14455.381,17.3,6,-40.0,0,-0.01,19163.386,-5.8,5,-59.5,0,-0.02,24715.662,-33.7,62,-42.1,0,-0.04,31464.312,America/Los_Angeles,34.03189,-118.47656,86.0,1.8776655197143555
2026-09-25T00:00,pressure_profile,ncep_gfs_global,70.7,78,63.5,0,0.01,321.522,73.5,45,50.9,0,0.01,2542.651,69.8,27,34.3,0,0.0,4954.069,47.3,29,16.6,0,0.0,10344.488,31.3,28,1.6,0,0.0,14445.538,17.3,6,-40.0,0,0.0,19156.824,-5.2,5,-59.1,0,0.01,24707.56,-33.7,50,-45.7,0,-0.01,31459.022,America/Los_Angeles,34.03189,-118.47656,86.0,1.8776655197143555
2026-09-25T01:00,pressure_profile,ncep_gfs_global,70.3,79,63.5,0,0.01,321.522,72.6,46,50.6,0,0.0,2539.37,69.6,27,34.1,0,-0.01,4950.788,47.1,29,16.3,0,0.01,10337.927,31.7,24,-1.3,0,0.0,14438.977,17.3,6,-40.0,0,0.01,19150.262,-5.2,7,-54.6,0,0.02,24699.458,-33.7,36,-51.2,0,0.01,31453.73,America/Los_Angeles,34.03189,-118.47656,86.0,1.8776655197143555
2026-09-25T02:00,pressure_profile,ncep_gfs_global,70.0,79,63.2,0,0.01,318.242,72.8,45,50.2,0,0.0,2536.089,69.8,26,33.4,0,-0.01,4947.507,46.8,30,17.0,0,0.02,10331.365,31.7,23,-2.4,0,-0.01,14429.134,16.9,6,-40.4,0,0.01,19143.702,-5.8,10,-48.4,0,0.0,24691.358,-33.7,42,-48.6,0,0.0,31453.73,America/Los_Angeles,34.03189,-118.47656,86.0,1.8776655197143555
2026-09-25T03:00,pressure_profile,ncep_gfs_global,70.0,79,63.2,0,0.0,318.242,72.4,44,49.2,0,0.01,2532.808,69.6,26,33.2,0,0.0,4940.945,46.5,30,16.7,0,0.01,10324.804,33.0,16,-8.1,0,-0.02,14422.572,16.9,6,-40.4,0,0.0,19137.138,-5.8,15,-41.6,0,0.0,24683.256,-33.7,64,-41.5,0,-0.01,31448.438,America/Los_Angeles,34.03189,-118.47656,86.0,1.8776655197143555
2026-09-25T04:00,pressure_profile,ncep_gfs_global,70.3,79,63.5,0,0.0,318.242,71.8,45,49.3,0,0.0,2536.089,69.4,27,33.9,0,0.0,4940.945,46.2,31,17.3,0,0.0,10318.241,33.3,11,-15.2,0,-0.01,14416.011,17.3,7,-36.1,0,0.01,19137.138,-6.4,18,-38.6,0,0.0,24679.208,-33.7,70,-40.0,0,0.04,31443.146,America/Los_Angeles,34.03189,-118.47656,86.0,1.8776655197143555
2026-09-25T05:00,pressure_profile,ncep_gfs_global,70.3,78,63.2,0,0.0,318.242,71.4,46,49.5,0,0.0,2536.089,68.7,27,33.4,0,0.0,4940.945,46.0,33,18.7,0,-0.01,10318.241,33.7,8,-22.8,0,-0.02,14416.011,17.3,7,-36.1,0,0.0,19140.42,-6.4,22,-35.6,0,0.0,24679.208,-32.8,100,-32.8,100,-0.01,31437.854,America/Los_Angeles,34.03189,-118.47656,86.0,1.8776655197143555
2026-09-25T06:00,pressure_profile,ncep_gfs_global,70.0,77,62.4,0,0.01,321.522,71.6,45,49.1,0,0.0,2539.37,68.7,27,33.4,0,0.0,4944.226,45.4,38,21.1,0,0.0,10321.522,34.3,8,-22.3,0,0.0,14419.291,17.3,7,-36.1,0,-0.01,19143.702,-6.4,28,-30.8,0,-0.05,24687.308,-32.8,100,-32.8,100,-0.01,31448.438,America/Los_Angeles,34.03189,-118.47656,86.0,1.8776655197143555
2026-09-25T07:00,pressure_profile,ncep_gfs_global,69.8,77,62.3,0,0.0,331.365,71.4,45,48.9,0,0.0,2549.213,68.5,28,34.1,0,0.0,4954.069,45.1,40,22.2,0,-0.02,10328.084,34.7,6,-25.5,0,0.0,14429.134,17.3,7,-36.1,0,0.01,19156.824,-5.8,42,-23.1,0,-0.02,24695.408,-33.7,100,-33.7,100,-0.07,31459.022,America/Los_Angeles,34.03189,-118.47656,86.0,1.8776655197143555
2026-09-25T08:00,pressure_profile,ncep_gfs_global,70.7,74,62.0,0,0.0,337.927,71.8,44,48.7,0,-0.01,2559.055,68.5,27,33.2,0,-0.01,4963.911,45.1,38,20.9,0,-0.01,10337.927,35.0,6,-25.2,0,0.02,14438.977,17.3,7,-36.1,0,-0.01,19166.666,-5.8,77,-11.2,2,-0.06,24707.56,-32.8,92,-34.3,32,-0.01,31474.894,America/Los_Angeles,34.03189,-118.47656,86.0,1.8776655197143555
2026-09-25T09:00,pressure_profile,ncep_gfs_global,72.3,69,61.6,0,0.01,344.488,71.4,44,48.3,0,0.0,2565.617,68.3,28,33.9,0,0.0,4970.473,45.1,37,20.2,0,0.0,10344.488,34.7,6,-25.5,0,0.01,14445.538,17.3,6,-40.0,0,-0.01,19176.51,-5.2,88,-7.8,5,-0.05,24719.71,-32.8,82,-36.3,4,-0.01,31490.77,America/Los_Angeles,34.03189,-118.47656,86.0,1.8776655197143555
2026-09-25T10:00,pressure_profile,ncep_gfs_global,73.9,64,61.0,0,0.01,351.05,72.2,42,47.8,0,-0.02,2575.459,68.7,27,33.4,0,-0.03,4980.315,44.9,38,20.6,0,-0.01,10354.331,34.3,6,-25.7,0,0.0,14458.661,17.3,7,-36.1,0,-0.01,19186.352,-5.2,80,-9.8,0,0.01,24735.914,-33.7,76,-38.6,2,-0.01,31501.356,America/Los_Angeles,34.03189,-118.47656,86.0,1.8776655197143555
2026-09-25T11:00,pressure_profile,ncep_gfs_global,75.4,60,60.5,0,0.01,354.331,72.8,39,46.4,0,-0.01,2582.021,69.1,26,32.8,0,-0.01,4990.158,45.1,36,19.5,0,-0.02,10364.173,34.7,6,-25.5,0,0.0,14465.224,17.3,9,-32.9,0,-0.02,19196.196,-4.7,68,-12.4,0,0.0,24744.014,-33.7,68,-40.5,0,0.0,31517.228,America/Los_Angeles,34.03189,-118.47656,86.0,1.8776655197143555
2026-09-25T12:00,pressure_profile,ncep_gfs_global,76.8,57,60.4,0,0.01,341.207,72.8,40,47.0,0,-0.03,2575.459,69.4,26,33.0,0,-0.02,4983.596,45.1,33,18.0,0,-0.01,10357.611,34.7,6,-25.5,0,-0.01,14461.942,17.3,14,-23.5,0,-0.01,19192.914,-4.1,65,-12.9,0,0.0,24744.014,-34.6,72,-40.4,0,0.01,31517.228,America/Los_Angeles,34.03189,-118.47656,86.0,1.8776655197143555
2026-09-25T13:00,pressure_profile,ncep_gfs_global,77.5,55,60.1,0,0.02,324.803,74.3,38,47.1,0,-0.03,2565.617,69.8,25,32.4,0,-0.03,4977.034,45.4,31,16.6,0,-0.01,10351.05,35.3,5,-29.1,0,-0.03,14461.942,17.3,23,-14.4,0,0.01,19196.196,-4.1,65,-12.9,0,0.01,24744.014,-34.6,82,-38.1,14,0.01,31517.228,America/Los_Angeles,34.03189,-118.47656,86.0,1.8776655197143555
2026-09-25T14:00,pressure_profile,ncep_gfs_global,77.4,57,60.9,2,0.02,305.118,75.5,36,46.7,0,-0.02,2549.213,70.0,24,31.6,0,-0.02,4963.911,46.0,27,13.5,0,-0.01,10341.207,36.0,5,-28.7,0,-0.02,14452.1,17.3,31,-7.9,0,0.0,19192.914,-4.7,67,-12.9,0,0.01,24739.962,-34.6,100,-34.6,76,0.01,31511.94,America/Los_Angeles,34.03189,-118.47656,86.0,1.8776655197143555
2026-09-25T15:00,pressure_profile,ncep_gfs_global,76.3,58,60.4,3,0.02,291.995,75.9,37,47.8,0,-0.02,2532.808,70.2,24,31.7,0,-0.01,4954.069,46.2,24,11.8,0,0.0,10331.365,36.3,5,-28.4,0,-0.01,14448.819,17.7,31,-7.6,0,-0.01,19189.632,-4.7,65,-13.4,0,0.0,24735.914,-34.6,100,-34.6,66,0.0,31506.646,America/Los_Angeles,34.03189,-118.47656,86.0,1.8776655197143555
2026-09-25T16:00,pressure_profile,ncep_gfs_global,75.4,61,61.0,5,0.02,278.871,76.5,36,47.6,0,-0.02,2519.685,70.2,24,31.7,0,-0.03,4940.945,46.5,21,8.8,0,-0.03,10321.522,36.6,5,-28.2,0,-0.01,14442.258,17.7,31,-7.6,0,-0.02,19183.07,-4.1,62,-13.9,0,-0.01,24731.862,-34.6,98,-35.0,44,0.01,31501.356,America/Los_Angeles,34.03189,-118.47656,86.0,1.8776655197143555
2026-09-25T17:00,pressure_profile,ncep_gfs_global,75.6,62,61.6,1,0.02,275.591,77.7,32,45.5,0,-0.03,2516.404,70.7,23,31.1,0,-0.04,4937.664,47.1,17,4.0,0,-0.03,10314.961,36.6,5,-28.2,0,0.0,14435.695,18.1,30,-8.1,0,-0.01,19179.792,-4.1,52,-17.4,0,0.0,24735.914,-34.6,88,-36.9,4,-0.01,31506.646,America/Los_Angeles,34.03189,-118.47656,86.0,1.8776655197143555
2026-09-25T18:00,pressure_profile,ncep_gfs_global,76.6,61,62.2,0,0.01,272.31,78.5,28,42.7,0,0.0,2513.123,70.7,23,31.1,0,-0.01,4937.664,47.6,13,-0.4,0,-0.03,10314.961,37.0,5,-27.9,0,-0.01,14442.258,18.1,30,-8.1,0,-0.02,19189.632,-4.1,50,-18.1,0,-0.01,24748.064,-34.6,72,-40.4,0,-0.03,31517.228,America/Los_Angeles,34.03189,-118.47656,86.0,1.8776655197143555
2026-09-25T19:00,pressure_profile,ncep_gfs_global,75.6,62,61.6,0,0.01,282.152,77.9,28,42.2,0,0.01,2526.247,70.5,23,30.9,0,0.01,4947.507,48.2,11,-3.8,0,-0.02,10324.804,37.0,5,-27.9,0,-0.01,14452.1,18.1,30,-8.1,0,-0.01,19202.756,-4.1,52,-17.4,0,0.0,24760.214,-34.6,74,-39.9,2,-0.04,31538.396,America/Los_Angeles,34.03189,-118.47656,86.0,1.8776655197143555
2026-09-25T20:00,pressure_profile,ncep_gfs_global,75.2,62,61.3,0,0.01,298.556,77.5,28,41.8,0,0.01,2539.37,70.2,24,31.7,0,0.01,4957.349,48.4,10,-5.7,0,0.0,10334.646,37.3,5,-27.7,0,0.01,14461.942,18.1,29,-9.1,0,-0.02,19215.878,-3.5,57,-15.1,0,-0.05,24776.418,-34.6,80,-38.5,4,-0.04,31554.274,America/Los_Angeles,34.03189,-118.47656,86.0,1.8776655197143555
2026-09-25T21:00,pressure_profile,ncep_gfs_global,75.2,65,62.6,0,0.01,311.68,76.9,29,42.2,0,0.03,2552.494,69.6,25,32.2,0,0.04,4967.192,48.7,9,-8.0,0,0.0,10341.207,37.3,5,-27.7,0,-0.01,14471.785,18.6,27,-9.8,0,-0.03,19229.002,-3.5,65,-12.3,0,-0.01,24788.568,-34.6,82,-38.1,4,-0.01,31570.148,America/Los_Angeles,34.03189,-118.47656,86.0,1.8776655197143555
2026-09-25T22:00,pressure_profile,ncep_gfs_global,73.4,67,61.8,0,0.02,321.522,75.7,32,43.8,0,0.0,2555.775,68.9,26,32.6,0,-0.01,4970.473,49.0,9,-7.8,0,0.0,10344.488,37.6,5,-27.4,0,0.0,14475.065,19.0,27,-9.4,0,-0.01,19235.564,-2.9,65,-11.8,0,-0.02,24796.67,-33.7,78,-38.1,4,-0.01,31586.02,America/Los_Angeles,34.03189,-118.47656,86.0,1.8776655197143555
2026-09-25T23:00,pressure_profile,ncep_gfs_global,72.5,69,61.8,0,0.01,328.084,75.3,33,44.2,0,0.02,2559.055,68.9,26,32.6,0,0.01,4970.473,49.0,8,-10.5,0,0.0,10341.207,38.0,5,-27.2,0,-0.02,14471.785,18.6,29,-8.8,0,-0.01,19232.284,-2.9,60,-13.4,0,-0.01,24796.67,-33.7,62,-42.1,0,0.0,31586.02,America/Los_Angeles,34.03189,-118.47656,86.0,1.8776655197143555
2026-09-26T00:00,pressure_profile,ncep_gfs_global,72.0,70,61.6,0,0.01,328.084,74.3,33,43.4,0,0.0,2552.494,68.7,26,32.4,0,-0.01,4960.63,49.0,8,-10.5,0,0.01,10331.365,38.3,5,-27.0,0,-0.01,14465.224,18.6,29,-8.8,0,-0.01,19225.722,-2.9,52,-16.4,0,-0.01,24792.62,-33.7,82,-37.2,2,-0.03,31575.438,America/Los_Angeles,34.03189,-118.47656,86.0,1.8776655197143555
2026-09-26T01:00,pressure_profile,ncep_gfs_global,71.8,71,61.9,0,0.0,321.522,74.5,32,42.7,0,-0.01,2545.932,68.5,26,32.3,0,0.0,4950.788,48.7,8,-10.7,0,0.0,10321.522,38.3,5,-27.0,0,0.0,14452.1,19.0,29,-8.4,0,-0.02,19212.598,-2.4,40,-20.8,0,-0.02,24780.466,-32.8,66,-40.1,0,-0.01,31564.856,America/Los_Angeles,34.03189,-118.47656,86.0,1.8776655197143555
2026-09-26T02:00,pressure_profile,ncep_gfs_global,72.1,70,61.8,0,0.0,314.961,74.3,31,41.7,0,0.0,2542.651,68.3,26,32.1,0,0.0,4947.507,49.0,8,-10.5,0,-0.01,10311.68,38.3,5,-27.0,0,-0.01,14445.538,19.0,23,-12.9,0,-0.01,19206.038,-2.4,30,-26.2,0,0.02,24780.466,-32.8,72,-38.6,0,0.01,31559.562,America/Los_Angeles,34.03189,-118.47656,86.0,1.8776655197143555
2026-09-26T03:00,pressure_profile,ncep_gfs_global,72.1,68,61.0,0,0.0,314.961,74.1,31,41.6,0,0.0,2539.37,68.1,26,31.9,0,0.0,4944.226,49.3,7,-13.4,0,-0.01,10305.118,38.6,5,-26.7,0,0.0,14442.258,19.0,16,-20.3,0,-0.01,19202.756,-2.4,17,-36.9,0,0.0,24772.368,-32.8,78,-37.2,2,-0.03,31559.562,America/Los_Angeles,34.03189,-118.47656,86.0,1.8776655197143555
2026-09-26T04:00,pressure_profile,ncep_gfs_global,72.3,68,61.2,0,0.0,314.961,74.1,30,40.7,0,-0.01,2539.37,67.8,27,32.6,0,-0.02,4940.945,49.5,7,-13.2,0,-0.03,10301.837,38.6,5,-26.7,0,-0.01,14435.695,19.0,14,-22.1,0,-0.01,19196.196,-2.9,17,-37.4,0,0.05,24768.316,-32.8,62,-41.2,0,0.03,31559.562,America/Los_Angeles,34.03189,-118.47656,86.0,1.8776655197143555
2026-09-26T05:00,pressure_profile,ncep_gfs_global,72.5,66,60.5,0,0.0,311.68,74.1,30,40.7,0,-0.01,2536.089,67.6,27,32.4,0,-0.01,4937.664,49.5,7,-13.2,0,0.0,10301.837,38.3,5,-27.0,0,0.01,14435.695,19.4,14,-21.7,0,-0.02,19196.196,-2.4,12,-43.1,0,-0.04,24768.316,-32.8,64,-40.7,12,-0.03,31564.856,America/Los_Angeles,34.03189,-118.47656,86.0,1.8776655197143555
2026-09-26T06:00,pressure_profile,ncep_gfs_global,72.5,64,59.6,0,0.0,314.961,74.1,29,39.8,0,-0.01,2539.37,67.4,27,32.3,0,0.0,4940.945,49.3,7,-13.4,0,0.0,10301.837,38.3,5,-27.0,0,0.01,14435.695,19.4,14,-21.7,0,0.0,19196.196,-2.4,5,-56.9,0,0.0,24768.316,-32.8,86,-35.5,6,-0.03,31570.148,America/Los_Angeles,34.03189,-118.47656,86.0,1.8776655197143555
2026-09-26T07:00,pressure_profile,ncep_gfs_global,72.5,61,58.3,0,0.0,321.522,73.9,29,39.7,0,0.01,2545.932,67.4,27,32.3,0,0.01,4947.507,49.3,7,-13.4,0,0.0,10308.399,38.3,5,-27.0,0,0.0,14442.258,19.0,14,-22.1,0,0.0,19199.474,-2.4,5,-56.9,0,-0.01,24776.418,-31.9,96,-32.6,18,-0.01,31586.02,America/Los_Angeles,34.03189,-118.47656,86.0,1.8776655197143555
2026-09-26T08:00,pressure_profile,ncep_gfs_global,73.2,58,57.6,0,0.0,331.365,73.9,30,40.5,0,0.0,2559.055,67.2,27,32.1,0,0.0,4960.63,49.3,7,-13.4,0,0.0,10321.522,38.3,5,-27.0,0,0.03,14455.381,19.0,14,-22.1,0,-0.02,19209.318,-2.4,5,-56.9,0,-0.04,24784.518,-30.1,96,-30.8,8,-0.03,31596.606,America/Los_Angeles,34.03189,-118.47656,86.0,1.8776655197143555
2026-09-26T09:00,pressure_profile,ncep_gfs_global,75.4,52,56.5,0,0.0,337.927,73.9,29,39.7,0,0.0,2565.617,67.2,26,31.1,0,0.01,4967.192,49.5,7,-13.2,0,0.0,10328.084,37.6,6,-23.3,0,0.03,14465.224,19.4,13,-23.7,0,-0.01,19219.16,-1.8,5,-56.5,0,-0.02,24796.67,-30.1,96,-30.8,12,0.0,31612.478,America/Los_Angeles,34.03189,-118.47656,86.0,1.8776655197143555
2026-09-26T10:00,pressure_profile,ncep_gfs_global,76.8,48,55.6,0,0.01,337.927,73.9,29,39.7,0,0.0,2572.179,67.2,26,31.1,0,0.0,4973.754,49.8,6,-16.6,0,0.0,10334.646,38.0,6,-23.0,0,0.0,14475.065,19.4,13,-23.7,0,-0.02,19229.002,-1.8,7,-51.9,0,-0.01,24808.82,-30.1,86,-32.8,18,0.03,31633.646,America/Los_Angeles,34.03189,-118.47656,86.0,1.8776655197143555
2026-09-26T11:00,pressure_profile,ncep_gfs_global,77.5,45,54.5,0,0.02,347.769,74.1,30,40.7,0,-0.02,2582.021,67.2,25,30.2,0,-0.02,4983.596,49.8,6,-16.6,0,-0.01,10344.488,38.0,6,-23.0,0,0.0,14478.347,19.4,11,-26.0,0,-0.02,19232.284,-1.8,7,-51.9,0,0.01,24816.92,-29.2,88,-31.5,18,0.01,31644.23,America/Los_Angeles,34.03189,-118.47656,86.0,1.8776655197143555
2026-09-26T12:00,pressure_profile,ncep_gfs_global,77.9,45,54.9,0,0.02,341.207,74.5,29,40.2,0,-0.03,2578.74,67.4,24,29.4,0,-0.02,4980.315,49.8,6,-16.6,0,-0.01,10341.207,38.0,6,-23.0,0,0.0,14475.065,19.8,7,-34.2,0,-0.02,19229.002,-1.8,7,-51.9,0,0.01,24816.92,-29.2,42,-44.5,0,0.01,31654.812,America/Los_Angeles,34.03189,-118.47656,86.0,1.8776655197143555
2026-09-26T13:00,pressure_profile,ncep_gfs_global,77.7,45,54.7,0,0.02,337.927,75.1,28,39.8,0,-0.04,2575.459,67.8,23,28.7,0,-0.03,4977.034,49.8,6,-16.6,0,0.0,10337.927,38.3,8,-19.3,0,-0.01,14471.785,19.8,6,-38.2,0,-0.03,19222.442,-1.2,5,-56.1,0,0.01,24812.872,-29.2,42,-44.5,0,0.01,31654.812,America/Los_Angeles,34.03189,-118.47656,86.0,1.8776655197143555
2026-09-26T14:00,pressure_profile,ncep_gfs_global,77.5,44,53.9,0,0.02,314.961,75.9,27,39.5,0,-0.04,2552.494,68.1,22,27.8,0,-0.03,4957.349,49.8,6,-16.6,0,0.0,10321.522,38.3,8,-19.3,0,-0.01,14455.381,20.2,4,-42.8,0,-0.03,19209.318,-1.2,5,-56.1,0,0.01,24800.718,-29.2,38,-46.2,0,0.01,31649.524,America/Los_Angeles,34.03189,-118.47656,86.0,1.8776655197143555
2026-09-26T15:00,pressure_profile,ncep_gfs_global,77.5,44,53.9,0,0.02,288.714,76.7,25,38.2,0,-0.04,2529.528,68.3,21,26.8,0,-0.03,4937.664,50.1,6,-16.4,0,-0.01,10305.118,38.3,8,-19.3,0,-0.02,14442.258,20.2,4,-42.8,0,-0.02,19196.196,-1.2,5,-56.1,0,0.01,24788.568,-29.2,34,-48.0,0,0.01,31638.938,America/Los_Angeles,34.03189,-118.47656,86.0,1.8776655197143555
2026-09-26T16:00,pressure_profile,ncep_gfs_global,77.5,47,55.7,0,0.02,282.152,77.7,23,36.9,0,-0.04,2522.966,68.7,19,24.8,0,-0.03,4931.103,50.6,6,-16.0,0,-0.02,10298.557,38.6,8,-19.0,0,-0.03,14435.695,20.7,3,-49.3,0,-0.01,19192.914,-1.2,5,-56.1,0,0.02,24788.568,-29.2,32,-49.0,0,0.0,31633.646,America/Los_Angeles,34.03189,-118.47656,86.0,1.8776655197143555
2026-09-26T17:00,pressure_profile,ncep_gfs_global,77.4,50,57.3,0,0.02,282.152,78.3,21,35.1,0,-0.03,2522.966,68.7,18,23.5,0,-0.03,4931.103,50.9,6,-15.8,0,-0.02,10295.275,38.6,6,-22.5,0,-0.03,14435.695,20.7,3,-49.3,0,0.0,19189.632,-1.2,5,-56.1,0,0.02,24784.518,-29.2,32,-49.0,0,0.0,31633.646,America/Los_Angeles,34.03189,-118.47656,86.0,1.8776655197143555
2026-09-26T18:00,pressure_profile,ncep_gfs_global,77.0,51,57.5,0,0.02,288.714,78.1,20,33.7,0,-0.01,2529.528,68.5,18,23.3,0,-0.01,4934.384,51.2,6,-15.6,0,-0.01,10301.837,38.6,6,-22.5,0,-0.02,14438.977,21.1,3,-49.0,0,0.0,19192.914,-1.2,5,-56.1,0,0.01,24784.518,-29.2,28,-51.2,0,0.0,31633.646,America/Los_Angeles,34.03189,-118.47656,86.0,1.8776655197143555
2026-09-26T19:00,pressure_profile,ncep_gfs_global,76.5,52,57.5,0,0.01,298.556,77.5,21,34.5,0,0.01,2532.808,68.3,18,23.1,0,0.01,4940.945,51.2,6,-15.6,0,0.01,10305.118,39.0,6,-22.3,0,0.0,14445.538,21.5,4,-41.9,0,-0.01,19199.474,-0.6,7,-51.0,0,0.0,24788.568,-29.2,24,-53.7,0,0.01,31633.646,America/Los_Angeles,34.03189,-118.47656,86.0,1.8776655197143555
2026-09-26T20:00,pressure_profile,ncep_gfs_global,75.9,53,57.6,0,0.01,305.118,76.9,21,34.0,0,0.02,2539.37,67.8,19,24.1,0,0.03,4944.226,51.2,6,-15.6,0,0.02,10311.68,39.0,6,-22.3,0,0.01,14448.819,21.9,4,-41.6,0,-0.02,19202.756,-0.6,7,-51.0,0,-0.01,24788.568,-29.2,24,-53.7,0,0.01,31633.646,America/Los_Angeles,34.03189,-118.47656,86.0,1.8776655197143555
2026-09-26T21:00,pressure_profile,ncep_gfs_global,75.4,55,58.1,0,0.01,318.242,76.3,22,34.7,0,0.02,2549.213,67.4,19,23.7,0,0.03,4950.788,51.2,6,-15.6,0,0.03,10314.961,39.0,6,-22.3,0,0.01,14452.1,21.9,4,-41.6,0,-0.02,19206.038,-1.2,7,-51.5,0,-0.01,24788.568,-29.2,34,-48.0,0,0.03,31623.064,America/Los_Angeles,34.03189,-118.47656,86.0,1.8776655197143555
2026-09-26T22:00,pressure_profile,ncep_gfs_global,75.0,58,59.2,0,0.01,328.084,75.7,23,35.3,0,0.02,2559.055,67.2,20,24.7,0,0.03,4954.069,51.4,6,-15.4,0,0.03,10321.522,38.6,6,-22.5,0,0.01,14455.381,21.9,4,-41.6,0,-0.01,19209.318,-1.8,7,-51.9,0,0.0,24784.518,-29.2,50,-41.5,0,0.03,31617.772,America/Los_Angeles,34.03189,-118.47656,86.0,1.8776655197143555
2026-09-26T23:00,pressure_profile,ncep_gfs_global,74.5,60,59.7,0,0.01,341.207,75.1,24,35.9,0,0.01,2568.898,66.8,20,24.4,0,0.02,4960.63,51.4,6,-15.4,0,0.03,10324.804,38.6,6,-22.5,0,0.01,14458.661,21.9,4,-41.6,0,0.0,19212.598,-2.4,7,-52.4,0,0.01,24784.518,-29.2,58,-38.9,0,0.04,31607.19,America/Los_Angeles,34.03189,-118.47656,86.0,1.8776655197143555
2026-09-27T00:00,pressure_profile,ncep_gfs_global,73.9,62,60.1,0,0.01,331.365,74.7,24,35.5,0,0.01,2559.055,66.5,20,24.2,0,0.01,4947.507,51.4,6,-15.4,0,0.02,10308.399,38.6,6,-22.5,0,0.0,14442.258,21.5,6,-36.9,0,0.0,19196.196,-2.4,5,-56.9,0,0.01,24764.266,-29.2,50,-41.5,0,0.04,31575.438,America/Los_Angeles,34.03189,-118.47656,86.0,1.8776655197143555
2026-09-27T01:00,pressure_profile,ncep_gfs_global,73.4,64,60.5,0,0.01,324.803,74.3,25,36.2,0,0.0,2545.932,66.1,20,23.8,0,0.01,4934.384,51.7,6,-15.2,0,0.0,10295.275,39.0,6,-22.3,0,0.0,14429.134,20.7,6,-37.5,0,-0.01,19176.51,-2.9,3,-63.6,0,0.02,24744.014,-29.2,34,-48.0,0,0.06,31548.98,America/Los_Angeles,34.03189,-118.47656,86.0,1.8776655197143555
2026-09-27T02:00,pressure_profile,ncep_gfs_global,72.9,66,60.8,0,0.01,314.961,73.9,25,35.9,0,0.0,2536.089,65.9,20,23.7,0,0.0,4921.26,51.7,6,-15.2,0,-0.01,10278.871,39.0,6,-22.3,0,-0.01,14412.729,20.2,7,-33.9,0,-0.01,19160.106,-2.9,3,-63.6,0,0.02,24723.762,-29.2,22,-55.1,0,0.06,31517.228,America/Los_Angeles,34.03189,-118.47656,86.0,1.8776655197143555
2026-09-27T03:00,pressure_profile,ncep_gfs_global,72.1,67,60.6,0,0.01,314.961,73.3,26,36.4,0,0.0,2532.808,65.5,20,23.3,0,-0.01,4917.979,51.7,6,-15.2,0,-0.02,10272.31,39.0,6,-22.3,0,-0.01,14406.168,19.8,7,-34.2,0,-0.01,19146.982,-3.5,5,-57.8,0,0.02,24707.56,-30.1,16,-60.8,0,0.06,31490.77,America/Los_Angeles,34.03189,-118.47656,86.0,1.8776655197143555
2026-09-27T04:00,pressure_profile,ncep_gfs_global,71.2,68,60.1,0,0.0,311.68,72.8,26,35.9,0,-0.01,2529.528,65.0,20,22.9,0,-0.02,4911.418,51.4,7,-11.7,0,-0.03,10262.467,38.6,5,-26.7,0,0.0,14396.325,19.8,7,-34.2,0,-0.01,19137.138,-4.1,7,-53.7,0,0.04,24691.358,-30.1,14,-62.9,0,0.04,31464.312,America/Los_Angeles,34.03189,-118.47656,86.0,1.8776655197143555
2026-09-27T05:00,pressure_profile,ncep_gfs_global,70.9,67,59.4,0,0.0,311.68,72.2,27,36.3,0,-0.01,2526.247,64.8,20,22.8,0,-0.03,4908.137,51.4,7,-11.7,0,-0.03,10255.905,38.6,5,-26.7,0,0.0,14389.764,19.4,6,-38.5,0,0.0,19124.016,-4.7,10,-47.5,0,0.04,24675.156,-31.0,12,-66.0,0,0.04,31437.854,America/Los_Angeles,34.03189,-118.47656,86.0,1.8776655197143555
2026-09-27T06:00,pressure_profile,ncep_gfs_global,70.9,65,58.5,0,0.0,318.242,72.0,27,36.2,0,-0.01,2532.808,64.6,19,21.4,0,-0.03,4914.698,51.4,7,-11.7,0,-0.03,10262.467,38.3,5,-27.0,0,0.0,14393.045,19.0,4,-43.7,0,0.01,19124.016,-5.2,17,-39.3,0,0.04,24675.156,-31.0,10,-68.7,0,0.04,31437.854,America/Los_Angeles,34.03189,-118.47656,86.0,1.8776655197143555
2026-09-27T07:00,pressure_profile,ncep_gfs_global,71.4,62,57.7,0,0.0,328.084,71.8,27,36.0,0,0.0,2542.651,64.6,19,21.4,0,-0.02,4921.26,51.7,7,-11.5,0,-0.02,10265.748,38.0,4,-32.5,0,0.0,14396.325,18.6,3,-50.8,0,0.03,19127.296,-5.8,23,-33.8,0,0.04,24671.106,-31.0,8,-71.9,0,0.06,31432.564,America/Los_Angeles,34.03189,-118.47656,86.0,1.8776655197143555
2026-09-27T08:00,pressure_profile,ncep_gfs_global,72.1,59,57.0,0,0.0,334.646,71.6,28,36.7,0,0.0,2549.213,64.6,18,20.1,0,-0.01,4927.822,51.7,7,-11.5,0,-0.01,10272.31,38.0,4,-32.5,0,0.0,14399.606,18.1,3,-51.1,0,0.04,19127.296,-6.4,28,-30.8,0,0.02,24671.106,-31.0,8,-71.9,0,0.06,31432.564,America/Los_Angeles,34.03189,-118.47656,86.0,1.8776655197143555
2026-09-27T09:00,pressure_profile,ncep_gfs_global,73.4,55,56.3,0,0.01,337.927,71.2,29,37.3,0,0.0,2555.775,64.6,18,20.1,0,-0.01,4934.384,51.4,7,-11.7,0,0.0,10278.871,38.0,4,-32.5,0,-0.01,14406.168,17.7,4,-44.7,0,0.03,19133.86,-5.8,27,-31.4,0,0.01,24679.208,-31.9,8,-72.6,0,0.04,31443.146,America/Los_Angeles,34.03189,-118.47656,86.0,1.8776655197143555
2026-09-27T10:00,pressure_profile,ncep_gfs_global,75.0,51,55.7,0,0.01,344.488,70.6,31,38.5,0,-0.01,2559.055,64.4,17,18.6,0,-0.01,4940.945,51.2,7,-11.9,0,0.01,10288.714,38.3,5,-27.0,0,-0.01,14412.729,17.3,6,-40.0,0,0.01,19140.42,-5.2,23,-33.3,0,-0.01,24687.308,-32.8,12,-67.4,0,0.03,31459.022,America/Los_Angeles,34.03189,-118.47656,86.0,1.8776655197143555
2026-09-27T11:00,pressure_profile,ncep_gfs_global,76.1,49,55.6,0,0.02,347.769,70.4,32,39.1,0,-0.01,2565.617,64.6,17,18.8,0,-0.01,4947.507,50.9,7,-12.1,0,0.01,10295.275,38.3,5,-27.0,0,-0.02,14419.291,17.3,7,-36.1,0,0.0,19146.982,-4.7,22,-34.2,0,-0.01,24695.408,-33.7,14,-65.9,0,0.01,31469.606,America/Los_Angeles,34.03189,-118.47656,86.0,1.8776655197143555
2026-09-27T12:00,pressure_profile,ncep_gfs_global,76.1,49,55.6,0,0.02,328.084,71.0,31,38.8,0,-0.02,2549.213,65.0,16,17.7,0,-0.02,4931.103,50.9,7,-12.1,0,0.01,10282.152,38.3,5,-27.0,0,-0.02,14409.449,17.3,7,-36.1,0,0.0,19137.138,-4.1,27,-29.9,0,0.0,24691.358,-33.7,18,-62.1,0,0.01,31469.606,America/Los_Angeles,34.03189,-118.47656,86.0,1.8776655197143555
2026-09-27T13:00,pressure_profile,ncep_gfs_global,75.6,51,56.2,0,0.02,311.68,71.8,29,37.8,0,-0.03,2532.808,65.7,15,16.7,0,-0.03,4917.979,50.6,8,-9.2,0,0.0,10269.029,38.3,5,-27.0,0,-0.01,14399.606,17.3,7,-36.1,0,-0.01,19130.578,-4.1,35,-24.9,0,0.04,24687.308,-34.6,24,-58.4,0,0.01,31464.312,America/Los_Angeles,34.03189,-118.47656,86.0,1.8776655197143555
2026-09-27T14:00,pressure_profile,ncep_gfs_global,75.2,52,56.4,0,0.02,291.995,72.6,28,37.6,0,-0.03,2516.404,66.1,15,17.1,0,-0.03,4901.575,50.6,8,-9.2,0,-0.01,10255.905,38.0,5,-27.2,0,-0.01,14389.764,17.3,9,-32.9,0,-0.01,19120.734,-3.5,38,-22.6,0,0.05,24683.256,-33.7,28,-55.2,0,0.01,31464.312,America/Los_Angeles,34.03189,-118.47656,86.0,1.8776655197143555
2026-09-27T15:00,pressure_profile,ncep_gfs_global,75.2,51,55.8,0,0.02,278.871,73.0,28,37.9,0,-0.03,2506.562,66.3,16,18.8,0,-0.02,4891.733,50.4,8,-9.4,0,-0.01,10249.344,37.6,4,-32.7,0,-0.02,14379.921,17.7,13,-25.1,0,-0.02,19114.174,-3.5,33,-25.3,0,0.05,24675.156,-31.9,28,-53.6,0,0.0,31464.312,America/Los_Angeles,34.03189,-118.47656,86.0,1.8776655197143555
2026-09-27T16:00,pressure_profile,ncep_gfs_global,75.4,49,54.9,0,0.02,269.029,73.1,27,37.2,0,-0.03,2493.438,66.5,17,20.4,0,-0.01,4881.89,50.1,8,-9.6,0,0.0,10239.501,37.3,4,-32.9,0,-0.02,14370.079,18.1,19,-17.7,0,-0.03,19104.33,-2.9,25,-30.1,0,0.02,24671.106,-29.2,26,-52.4,0,-0.01,31459.022,America/Los_Angeles,34.03189,-118.47656,86.0,1.8776655197143555
2026-09-27T17:00,pressure_profile,ncep_gfs_global,75.4,48,54.3,0,0.02,255.906,73.3,27,37.3,0,-0.02,2483.596,66.8,18,21.9,0,0.0,4872.048,50.1,8,-9.6,0,0.0,10232.939,37.0,5,-27.9,0,-0.03,14360.236,18.6,23,-13.3,0,-0.04,19097.77,-2.9,17,-37.4,0,0.01,24663.004,-28.3,24,-52.9,0,-0.03,31459.022,America/Los_Angeles,34.03189,-118.47656,86.0,1.8776655197143555
2026-09-27T18:00,pressure_profile,ncep_gfs_global,74.8,48,53.8,0,0.02,255.906,73.5,26,36.5,0,-0.01,2483.596,66.8,19,23.2,0,0.01,4872.048,50.1,8,-9.6,0,-0.01,10229.659,37.0,10,-14.7,0,-0.03,14360.236,19.0,21,-14.2,0,-0.03,19101.05,-2.9,13,-41.2,0,0.0,24667.056,-29.2,22,-55.1,0,-0.06,31464.312,America/Los_Angeles,34.03189,-118.47656,86.0,1.8776655197143555
2026-09-27T19:00,pressure_profile,ncep_gfs_global,74.1,48,53.2,0,0.01,255.906,73.5,24,34.5,0,0.01,2483.596,66.5,19,23.0,0,0.01,4872.048,50.4,7,-12.6,0,-0.02,10229.659,37.0,18,-3.3,0,-0.03,14363.518,19.4,19,-16.7,0,-0.02,19101.05,-2.4,10,-45.7,0,-0.01,24675.156,-31.0,20,-58.1,0,-0.07,31464.312,America/Los_Angeles,34.03189,-118.47656,86.0,1.8776655197143555
2026-09-27T20:00,pressure_profile,ncep_gfs_global,73.2,48,52.4,0,0.01,255.906,73.5,24,34.5,0,0.02,2483.596,66.5,20,24.2,0,0.01,4872.048,50.6,7,-12.3,0,-0.03,10226.378,37.3,23,2.4,0,-0.03,14363.518,19.8,16,-19.6,0,-0.01,19104.33,-2.4,10,-45.7,0,-0.02,24679.208,-31.9,18,-60.6,0,-0.09,31469.606,America/Los_Angeles,34.03189,-118.47656,86.0,1.8776655197143555
2026-09-27T21:00,pressure_profile,ncep_gfs_global,72.3,49,52.1,0,0.01,259.186,73.1,25,35.2,0,0.02,2483.596,66.5,21,25.4,0,0.01,4872.048,50.9,7,-12.1,0,-0.03,10226.378,37.6,23,2.7,0,-0.03,14363.518,20.2,13,-23.1,0,-0.01,19104.33,-2.4,10,-45.7,0,-0.02,24679.208,-32.8,20,-59.7,0,-0.07,31469.606,America/Los_Angeles,34.03189,-118.47656,86.0,1.8776655197143555
2026-09-27T22:00,pressure_profile,ncep_gfs_global,71.4,50,51.8,0,0.02,265.748,72.6,28,37.6,0,0.01,2483.596,66.3,22,26.3,0,0.0,4872.048,51.2,7,-11.9,0,-0.02,10223.098,38.3,20,0.7,0,-0.03,14360.236,20.2,11,-25.3,0,-0.02,19101.05,-2.4,13,-40.8,0,-0.01,24679.208,-32.8,22,-58.2,0,-0.06,31469.606,America/Los_Angeles,34.03189,-118.47656,86.0,1.8776655197143555
2026-09-27T23:00,pressure_profile,ncep_gfs_global,70.7,51,51.7,0,0.02,269.029,72.0,30,38.8,0,0.0,2483.596,66.3,23,27.4,0,0.0,4872.048,51.4,8,-8.6,0,-0.02,10223.098,38.6,16,-3.4,0,-0.03,14360.236,20.7,10,-27.4,0,-0.02,19101.05,-2.4,15,-38.7,0,0.0,24679.208,-32.8,26,-55.6,0,-0.03,31469.606,America/Los_Angeles,34.03189,-118.47656,86.0,1.8776655197143555
2026-09-28T00:00,pressure_profile,ncep_gfs_global,70.3,53,52.4,0,0.01,259.186,71.6,31,39.3,0,-0.01,2473.754,66.3,24,28.4,0,-0.01,4858.924,51.7,10,-3.2,0,-0.02,10213.255,38.6,13,-8.9,0,-0.02,14350.394,21.1,11,-24.6,0,-0.03,19091.208,-2.4,17,-36.9,0,0.0,24667.056,-32.8,30,-53.3,0,0.0,31453.73,America/Los_Angeles,34.03189,-118.47656,86.0,1.8776655197143555
2026-09-28T01:00,pressure_profile,ncep_gfs_global,70.2,56,53.7,0,0.01,252.625,71.2,32,39.8,0,-0.02,2463.911,66.1,25,29.2,0,-0.02,4849.082,52.0,12,1.3,0,-0.01,10203.412,38.6,9,-16.0,0,-0.02,14340.552,21.5,13,-22.1,0,-0.03,19084.646,-2.9,20,-34.1,0,-0.01,24654.904,-32.8,32,-52.3,0,0.03,31432.564,America/Los_Angeles,34.03189,-118.47656,86.0,1.8776655197143555
2026-09-28T02:00,pressure_profile,ncep_gfs_global,70.2,57,54.2,0,0.0,242.782,70.8,33,40.3,0,-0.02,2454.068,66.1,26,30.2,0,-0.02,4835.958,52.0,14,4.9,0,-0.01,10193.569,38.6,6,-22.5,0,-0.01,14330.709,21.9,14,-19.7,0,-0.03,19074.802,-3.5,23,-31.9,0,-0.01,24642.754,-32.8,36,-50.3,0,0.04,31416.69,America/Los_Angeles,34.03189,-118.47656,86.0,1.8776655197143555
2026-09-28T03:00,pressure_profile,ncep_gfs_global,70.3,56,53.9,0,0.0,236.22,70.6,34,40.9,0,-0.01,2447.507,66.1,26,30.2,0,-0.02,4829.397,52.0,16,6.5,0,-0.01,10187.008,38.6,5,-26.7,0,-0.01,14324.147,22.3,13,-21.4,0,-0.02,19068.242,-4.1,30,-27.8,0,-0.01,24634.652,-32.8,42,-47.8,0,0.03,31400.812,America/Los_Angeles,34.03189,-118.47656,86.0,1.8776655197143555
2026-09-28T04:00,pressure_profile,ncep_gfs_global,70.7,53,52.7,0,0.0,226.378,70.4,35,41.4,0,-0.01,2437.664,66.3,27,31.3,0,-0.01,4819.554,52.0,16,6.5,0,-0.01,10177.165,38.3,5,-27.0,0,-0.01,14320.866,22.3,10,-26.1,0,0.0,19064.96,-4.7,37,-24.5,0,-0.01,24622.502,-31.9,50,-44.0,0,0.0,31390.23,America/Los_Angeles,34.03189,-118.47656,86.0,1.8776655197143555
2026-09-28T05:00,pressure_profile,ncep_gfs_global,71.1,50,51.5,0,0.0,219.816,70.2,35,41.3,0,0.0,2431.102,66.3,26,30.4,0,0.0,4812.992,52.0,16,6.5,0,-0.01,10170.604,38.3,5,-27.0,0,-0.01,14314.305,22.3,7,-32.3,0,0.01,19058.398,-5.2,38,-24.2,0,-0.01,24614.4,-31.9,50,-44.0,0,-0.01,31374.356,America/Los_Angeles,34.03189,-118.47656,86.0,1.8776655197143555
2026-09-28T06:00,pressure_profile,ncep_gfs_global,70.9,49,50.8,0,0.0,232.94,70.0,34,40.3,0,0.0,2440.945,66.3,24,28.4,0,0.0,4822.835,51.7,16,6.3,0,-0.01,10180.446,38.3,4,-32.2,0,-0.01,14324.147,22.3,6,-36.3,0,0.01,19068.242,-5.2,33,-26.8,0,-0.01,24622.502,-31.9,40,-47.8,0,-0.01,31379.644,America/Los_Angeles,34.03189,-118.47656,86.0,1.8776655197143555
2026-09-28T07:00,pressure_profile,ncep_gfs_global,70.7,48,50.1,0,0.0,246.063,70.0,31,38.0,0,-0.01,2454.068,66.5,22,26.5,0,-0.01,4832.677,51.4,14,4.4,0,0.0,10190.289,38.6,3,-39.2,0,-0.01,14333.989,22.3,4,-41.3,0,0.0,19081.366,-5.2,23,-33.3,0,-0.01,24630.602,-31.9,24,-56.1,0,0.0,31379.644,America/Los_Angeles,34.03189,-118.47656,86.0,1.8776655197143555
2026-09-28T08:00,pressure_profile,ncep_gfs_global,71.1,46,49.2,0,0.0,259.186,70.0,29,36.3,0,-0.02,2463.911,66.5,20,24.2,0,-0.01,4842.52,51.4,14,4.4,0,0.0,10200.131,39.0,3,-39.0,0,-0.01,14343.832,22.3,4,-41.3,0,-0.01,19091.208,-5.2,15,-41.1,0,-0.01,24638.704,-31.9,12,-66.7,0,0.01,31384.938,America/Los_Angeles,34.03189,-118.47656,86.0,1.8776655197143555
2026-09-28T09:00,pressure_profile,ncep_gfs_global,72.9,40,47.1,0,0.0,255.906,70.4,26,33.9,0,-0.02,2467.192,66.5,18,21.7,0,-0.01,4845.801,51.4,13,2.7,0,0.0,10209.974,39.3,3,-38.7,0,0.0,14356.955,22.3,6,-36.3,0,-0.01,19104.33,-5.2,10,-48.0,0,-0.01,24654.904,-31.9,10,-69.4,0,0.0,31395.52,America/Los_Angeles,34.03189,-118.47656,86.0,1.8776655197143555
2026-09-28T10:00,pressure_profile,ncep_gfs_global,75.4,33,44.3,0,0.01,249.344,71.0,23,31.3,0,-0.03,2467.192,66.8,17,20.5,0,-0.02,4852.363,51.7,13,2.9,0,0.0,10223.098,39.6,4,-31.3,0,0.01,14370.079,22.8,7,-32.0,0,0.0,19114.174,-5.2,7,-54.6,0,0.0,24667.056,-32.8,10,-70.1,0,-0.01,31411.396,America/Los_Angeles,34.03189,-118.47656,86.0,1.8776655197143555
2026-09-28T11:00,pressure_profile,ncep_gfs_global,77.0,29,42.3,0,0.01,246.063,71.8,21,29.7,0,-0.03,2470.473,67.2,16,19.5,0,-0.02,4855.643,52.0,12,1.3,0,0.0,10232.939,40.0,5,-25.8,0,0.01,14383.202,22.8,9,-28.7,0,0.0,19127.296,-5.2,5,-59.1,0,0.0,24683.256,-32.8,12,-67.4,0,-0.03,31421.978,America/Los_Angeles,34.03189,-118.47656,86.0,1.8776655197143555
2026-09-28T12:00,pressure_profile,ncep_gfs_global,77.0,31,44.1,0,0.02,229.659,72.8,21,30.5,0,-0.03,2457.349,68.1,16,20.2,0,-0.03,4849.082,52.0,12,1.3,0,0.0,10229.659,40.0,5,-25.8,0,0.01,14376.641,22.8,7,-32.0,0,0.0,19127.296,-5.2,7,-54.6,0,-0.01,24687.308,-32.8,12,-67.4,0,-0.03,31432.564,America/Los_Angeles,34.03189,-118.47656,86.0,1.8776655197143555
2026-09-28T13:00,pressure_profile,ncep_gfs_global,76.3,35,46.6,0,0.03,216.535,74.1,22,32.8,0,-0.02,2444.226,69.4,16,21.2,0,-0.04,4842.52,51.7,12,1.1,0,0.0,10223.098,40.0,5,-25.8,0,0.0,14373.359,23.2,6,-35.7,0,-0.01,19127.296,-4.7,8,-50.5,0,-0.02,24695.408,-31.9,14,-64.4,0,-0.01,31437.854,America/Los_Angeles,34.03189,-118.47656,86.0,1.8776655197143555
2026-09-28T14:00,pressure_profile,ncep_gfs_global,75.9,39,49.2,0,0.03,200.131,75.3,23,35.0,0,-0.02,2431.102,70.5,16,22.1,0,-0.04,4835.958,51.7,12,1.1,0,0.0,10219.816,40.0,5,-25.8,0,-0.01,14366.798,23.2,4,-40.7,0,-0.01,19127.296,-4.1,10,-47.0,0,-0.04,24699.458,-31.9,14,-64.4,0,-0.01,31448.438,America/Los_Angeles,34.03189,-118.47656,86.0,1.8776655197143555
2026-09-28T15:00,pressure_profile,ncep_gfs_global,76.3,40,50.2,0,0.03,183.727,76.5,22,34.8,0,-0.02,2414.698,71.3,16,22.8,0,-0.04,4826.116,51.7,12,1.1,0,0.0,10213.255,40.3,5,-25.5,0,-0.01,14363.518,23.6,6,-35.4,0,-0.01,19130.578,-3.5,8,-49.6,0,-0.04,24707.56,-31.9,16,-62.4,0,-0.01,31464.312,America/Los_Angeles,34.03189,-118.47656,86.0,1.8776655197143555
2026-09-28T16:00,pressure_profile,ncep_gfs_global,76.8,39,50.0,0,0.03,167.323,77.7,21,34.6,0,-0.01,2401.575,72.0,16,23.3,0,-0.03,4816.273,51.7,11,-1.0,0,-0.01,10209.974,40.3,5,-25.5,0,-0.01,14363.518,23.6,9,-28.0,0,-0.02,19130.578,-2.9,7,-52.8,0,-0.04,24715.662,-31.9,16,-62.4,0,-0.01,31480.188,America/Los_Angeles,34.03189,-118.47656,86.0,1.8776655197143555
2026-09-28T17:00,pressure_profile,ncep_gfs_global,77.2,40,51.0,0,0.02,150.919,78.5,20,34.1,0,-0.01,2385.171,72.4,16,23.7,0,-0.02,4806.431,52.0,11,-0.8,0,-0.01,10203.412,40.6,5,-25.3,0,-0.01,14360.236,24.0,10,-24.8,0,-0.02,19133.86,-2.4,5,-56.9,0,-0.04,24723.762,-31.9,18,-60.6,0,-0.01,31496.062,America/Los_Angeles,34.03189,-118.47656,86.0,1.8776655197143555
2026-09-28T18:00,pressure_profile,ncep_gfs_global,77.0,43,52.8,0,0.01,157.48,78.9,21,35.6,0,-0.01,2391.733,72.8,16,24.0,0,-0.02,4812.992,52.3,11,-0.5,0,-0.01,10209.974,41.0,5,-25.0,0,-0.01,14373.359,24.0,10,-24.8,0,-0.02,19150.262,-1.8,7,-51.9,0,-0.04,24744.014,-31.9,20,-58.9,0,-0.01,31517.228,America/Los_Angeles,34.03189,-118.47656,86.0,1.8776655197143555
2026-09-28T19:00,pressure_profile,ncep_gfs_global,76.6,48,55.5,0,0.0,167.323,79.1,22,37.0,0,-0.02,2401.575,73.1,17,25.6,0,-0.02,4822.835,52.5,11,-0.3,0,-0.01,10219.816,41.0,6,-20.8,0,-0.02,14383.202,24.4,10,-24.5,0,-0.02,19166.666,-1.8,8,-48.3,0,-0.02,24760.214,-31.9,22,-57.4,0,0.0,31533.104,America/Los_Angeles,34.03189,-118.47656,86.0,1.8776655197143555
2026-09-28T20:00,pressure_profile,ncep_gfs_global,76.1,50,56.1,0,0.0,173.885,79.1,23,38.1,0,-0.02,2408.137,73.3,17,25.8,0,-0.02,4829.397,52.8,11,-0.1,0,-0.01,10226.378,41.3,6,-20.6,0,-0.02,14396.325,24.4,10,-24.5,0,-0.02,19183.07,-1.8,10,-45.2,0,-0.02,24780.466,-31.9,24,-56.1,0,0.0,31554.274,America/Los_Angeles,34.03189,-118.47656,86.0,1.8776655197143555
2026-09-28T21:00,pressure_profile,ncep_gfs_global,75.6,47,53.9,0,0.0,177.165,78.7,24,38.8,0,-0.01,2414.698,73.3,18,27.2,0,-0.01,4835.958,52.8,11,-0.1,0,-0.01,10232.939,41.6,6,-20.3,0,-0.02,14402.888,24.4,11,-21.9,0,-0.02,19189.632,-1.8,12,-42.6,0,-0.02,24788.568,-31.9,26,-54.8,0,0.0,31559.562,America/Los_Angeles,34.03189,-118.47656,86.0,1.8776655197143555
2026-09-28T22:00,pressure_profile,ncep_gfs_global,75.0,42,50.4,0,0.01,180.446,77.9,25,39.2,0,0.0,2421.26,73.3,19,28.5,0,0.0,4839.239,52.8,10,-2.4,0,-0.01,10236.221,41.6,8,-16.8,0,-0.01,14412.729,24.4,11,-21.9,0,-0.01,19196.196,-1.8,13,-40.3,0,-0.01,24796.67,-32.8,26,-55.6,0,0.0,31564.856,America/Los_Angeles,34.03189,-118.47656,86.0,1.8776655197143555
2026-09-28T23:00,pressure_profile,ncep_gfs_global,74.7,38,47.4,0,0.01,183.727,77.5,25,38.9,0,0.01,2427.822,73.1,19,28.3,0,0.01,4845.801,52.8,10,-2.4,0,-0.01,10242.782,41.9,8,-16.5,0,-0.01,14419.291,24.4,13,-19.7,0,-0.01,19202.756,-1.8,13,-40.3,0,-0.01,24804.77,-32.8,26,-55.6,0,0.0,31570.148,America/Los_Angeles,34.03189,-118.47656,86.0,1.8776655197143555
2026-09-29T00:00,pressure_profile,ncep_gfs_global,74.5,38,47.2,0,0.01,177.165,77.5,25,38.9,0,0.01,2421.26,72.8,19,28.2,0,0.01,4839.239,52.5,10,-2.6,0,0.0,10236.221,41.9,8,-16.5,0,-0.01,14412.729,24.4,13,-19.7,0,-0.01,19196.196,-1.8,13,-40.3,0,-0.01,24800.718,-32.8,24,-56.8,0,0.0,31564.856,America/Los_Angeles,34.03189,-118.47656,86.0,1.8776655197143555
2026-09-29T01:00,pressure_profile,ncep_gfs_global,74.3,39,47.7,0,0.0,170.604,77.5,24,37.9,0,0.0,2411.417,72.6,19,28.0,0,0.0,4832.677,52.3,11,-0.5,0,0.0,10226.378,41.9,9,-13.5,0,-0.01,14406.168,24.9,14,-17.3,0,-0.02,19192.914,-1.8,12,-42.6,0,-0.02,24792.62,-33.7,20,-60.5,0,0.0,31564.856,America/Los_Angeles,34.03189,-118.47656,86.0,1.8776655197143555
2026-09-29T02:00,pressure_profile,ncep_gfs_global,74.3,39,47.7,0,0.0,164.042,77.7,23,36.9,0,-0.01,2404.856,72.4,18,26.5,0,0.0,4826.116,52.0,11,-0.8,0,0.01,10219.816,41.9,9,-13.5,0,-0.01,14399.606,24.9,14,-17.3,0,-0.02,19186.352,-1.8,12,-42.6,0,-0.02,24788.568,-33.7,18,-62.1,0,0.0,31559.562,America/Los_Angeles,34.03189,-118.47656,86.0,1.8776655197143555
2026-09-29T03:00,pressure_profile,ncep_gfs_global,74.5,36,45.8,0,0.0,160.761,77.9,23,37.1,0,-0.01,2401.575,72.4,17,25.1,0,0.0,4822.835,51.7,11,-1.0,0,0.02,10216.535,41.9,10,-10.8,0,0.0,14396.325,24.9,14,-17.3,0,-0.02,19183.07,-1.8,12,-42.6,0,-0.02,24784.518,-33.7,16,-63.9,0,0.0,31554.274,America/Los_Angeles,34.03189,-118.47656,86.0,1.8776655197143555
2026-09-29T04:00,pressure_profile,ncep_gfs_global,74.7,33,43.7,0,0.0,154.199,78.1,23,37.3,0,0.0,2398.294,72.4,17,25.1,0,0.01,4822.835,51.7,12,1.1,0,0.02,10216.535,41.9,10,-10.8,0,0.0,14389.764,24.4,13,-19.7,0,-0.01,19179.792,-1.8,10,-45.2,0,-0.02,24780.466,-32.8,14,-65.1,0,-0.01,31554.274,America/Los_Angeles,34.03189,-118.47656,86.0,1.8776655197143555
2026-09-29T05:00,pressure_profile,ncep_gfs_global,75.0,29,40.6,0,0.0,150.919,78.3,22,36.3,0,0.0,2395.013,72.6,16,23.8,0,0.01,4819.554,51.7,12,1.1,0,0.02,10213.255,41.6,11,-8.7,0,0.01,14386.483,24.4,13,-19.7,0,-0.01,19176.51,-1.8,10,-45.2,0,-0.02,24776.418,-32.8,14,-65.1,0,-0.01,31548.98,America/Los_Angeles,34.03189,-118.47656,86.0,1.8776655197143555
2026-09-29T06:00,pressure_profile,ncep_gfs_global,75.2,26,38.0,0,0.0,157.48,78.7,21,35.5,0,0.0,2404.856,72.8,15,22.5,0,0.01,4829.397,51.7,12,1.1,0,0.01,10223.098,41.3,13,-6.8,0,0.01,14396.325,24.4,13,-19.7,0,0.0,19183.07,-1.8,10,-45.2,0,-0.02,24780.466,-32.8,14,-65.1,0,-0.01,31554.274,America/Los_Angeles,34.03189,-118.47656,86.0,1.8776655197143555
2026-09-29T07:00,pressure_profile,ncep_gfs_global,75.2,24,35.9,0,0.0,167.323,78.9,19,33.1,0,0.0,2411.417,72.8,15,22.5,0,0.01,4835.958,51.7,11,-1.0,0,0.01,10236.221,41.0,13,-7.0,0,0.01,14406.168,24.0,13,-20.0,0,0.01,19192.914,-2.4,12,-43.1,0,-0.01,24788.568,-32.8,16,-63.1,0,0.0,31554.274,America/Los_Angeles,34.03189,-118.47656,86.0,1.8776655197143555
2026-09-29T08:00,pressure_profile,ncep_gfs_global,75.7,22,34.2,0,0.0,173.885,79.3,18,32.1,0,0.0,2421.26,73.1,14,21.0,0,0.01,4845.801,51.7,11,-1.0,0,0.0,10246.063,40.6,14,-5.3,0,0.01,14416.011,24.0,13,-20.0,0,0.01,19199.474,-2.4,12,-43.1,0,-0.01,24792.62,-32.8,18,-61.3,0,0.0,31559.562,America/Los_Angeles,34.03189,-118.47656,86.0,1.8776655197143555
2026-09-29T09:00,pressure_profile,ncep_gfs_global,77.0,19,31.6,0,0.01,180.446,79.4,17,30.8,0,-0.01,2431.102,73.3,13,19.4,0,0.01,4855.643,52.0,11,-0.8,0,0.0,10255.905,40.6,14,-5.3,0,0.01,14425.854,24.0,13,-20.0,0,0.01,19209.318,-2.4,12,-43.1,0,-0.01,24800.718,-32.8,18,-61.3,0,0.0,31570.148,America/Los_Angeles,34.03189,-118.47656,86.0,1.8776655197143555
2026-09-29T10:00,pressure_profile,ncep_gfs_global,78.6,17,30.2,0,0.01,187.008,79.6,16,29.5,0,-0.01,2440.945,73.3,13,19.4,0,0.01,4862.205,52.3,10,-2.8,0,0.0,10262.467,40.3,15,-3.8,0,0.0,14435.695,23.6,13,-20.4,0,0.0,19215.878,-1.8,10,-45.2,0,-0.01,24812.872,-32.8,20,-59.7,0,-0.01,31586.02,America/Los_Angeles,34.03189,-118.47656,86.0,1.8776655197143555
2026-09-29T11:00,pressure_profile,ncep_gfs_global,79.7,16,29.5,0,0.02,193.57,79.8,15,28.1,0,-0.02,2450.787,73.5,12,17.8,0,0.0,4872.048,52.5,10,-2.6,0,0.0,10272.31,40.3,15,-3.8,0,0.0,14445.538,23.6,13,-20.4,0,0.0,19225.722,-1.8,10,-45.2,0,-0.01,24820.972,-32.8,20,-59.7,0,-0.01,31596.606,America/Los_Angeles,34.03189,-118.47656,86.0,1.8776655197143555
2026-09-29T12:00,pressure_profile,ncep_gfs_global,80.1,17,31.3,0,0.02,183.727,80.4,15,28.5,0,-0.03,2440.945,73.9,11,16.1,0,-0.01,4868.767,52.8,10,-2.4,0,0.0,10265.748,40.0,15,-4.0,0,0.0,14438.977,23.6,13,-20.4,0,0.0,19219.16,-1.8,10,-45.2,0,-0.01,24812.872,-32.8,20,-59.7,0,-0.03,31591.312,America/Los_Angeles,34.03189,-118.47656,86.0,1.8776655197143555
2026-09-29T13:00,pressure_profile,ncep_gfs_global,80.1,20,35.4,0,0.02,170.604,81.0,15,29.0,0,-0.03,2434.383,74.1,11,16.2,0,-0.02,4862.205,53.1,10,-2.1,0,0.0,10262.467,40.0,14,-5.8,0,0.0,14429.134,23.6,13,-20.4,0,0.0,19212.598,-1.8,10,-45.2,0,-0.01,24804.77,-32.8,22,-58.2,0,-0.04,31580.73,America/Los_Angeles,34.03189,-118.47656,86.0,1.8776655197143555
2026-09-29T14:00,pressure_profile,ncep_gfs_global,79.9,23,38.8,0,0.02,160.761,81.6,15,29.5,0,-0.03,2424.541,74.6,10,14.4,0,-0.03,4858.924,53.4,10,-1.9,0,0.0,10255.905,39.6,14,-6.1,0,0.0,14422.572,23.6,13,-20.4,0,0.0,19206.038,-1.8,10,-45.2,0,-0.01,24796.67,-32.8,22,-58.2,0,-0.04,31575.438,America/Los_Angeles,34.03189,-118.47656,86.0,1.8776655197143555
2026-09-29T15:00,pressure_profile,ncep_gfs_global,79.3,25,40.5,0,0.02,147.638,81.8,15,29.6,0,-0.03,2414.698,74.8,9,12.2,0,-0.03,4849.082,53.6,9,-4.2,0,0.0,10252.625,39.6,13,-8.1,0,0.0,14419.291,23.6,13,-20.4,0,0.0,19202.756,-1.8,10,-45.2,0,-0.01,24792.62,-31.9,24,-56.1,0,-0.04,31570.148,America/Los_Angeles,34.03189,-118.47656,86.0,1.8776655197143555
2026-09-29T16:00,pressure_profile,ncep_gfs_global,78.6,28,42.8,0,0.02,134.514,82.0,14,28.1,0,-0.02,2401.575,75.0,9,12.3,0,-0.02,4842.52,53.6,8,-7.0,0,0.0,10246.063,39.6,13,-8.1,0,-0.01,14419.291,23.2,11,-22.9,0,0.0,19199.474,-1.8,10,-45.2,0,0.0,24792.62,-30.1,26,-53.2,0,-0.03,31570.148,America/Los_Angeles,34.03189,-118.47656,86.0,1.8776655197143555
2026-09-29T17:00,pressure_profile,ncep_gfs_global,77.9,30,44.0,0,0.02,121.391,81.8,14,28.0,0,-0.01,2391.733,75.0,8,9.7,0,-0.01,4832.677,53.9,7,-9.9,0,0.0,10242.782,39.6,11,-10.2,0,-0.01,14416.011,23.2,11,-22.9,0,0.0,19196.196,-1.8,10,-45.2,0,0.0,24788.568,-29.2,28,-51.2,0,-0.01,31564.856,America/Los_Angeles,34.03189,-118.47656,86.0,1.8776655197143555
2026-09-29T18:00,pressure_profile,ncep_gfs_global,77.0,33,45.7,0,0.02,137.795,81.2,15,29.2,0,0.0,2404.856,74.6,8,9.3,0,0.0,4842.52,54.2,4,-17.8,0,0.0,10255.905,39.6,11,-10.2,0,-0.01,14425.854,23.2,11,-22.9,0,-0.01,19206.038,-1.8,10,-45.2,0,0.0,24800.718,-28.3,26,-51.6,0,-0.01,31575.438,America/Los_Angeles,34.03189,-118.47656,86.0,1.8776655197143555
2026-09-29T19:00,pressure_profile,ncep_gfs_global,75.9,36,47.1,0,0.01,154.199,80.2,16,30.0,0,0.01,2414.698,74.1,7,6.1,0,0.02,4855.643,54.5,3,-23.1,0,-0.01,10269.029,39.3,10,-12.9,0,-0.01,14432.415,23.6,11,-22.6,0,-0.01,19212.598,-1.2,8,-47.8,0,0.01,24808.82,-27.4,22,-53.5,0,-0.03,31591.312,America/Los_Angeles,34.03189,-118.47656,86.0,1.8776655197143555
2026-09-29T20:00,pressure_profile,ncep_gfs_global,75.0,39,48.4,0,0.01,170.604,79.4,17,30.8,0,0.02,2427.822,73.7,7,5.7,0,0.03,4865.486,54.5,4,-17.6,0,-0.01,10282.152,39.3,10,-12.9,0,-0.01,14442.258,24.0,11,-22.3,0,-0.02,19222.442,-1.2,8,-47.8,0,0.01,24820.972,-26.5,20,-54.3,0,-0.03,31601.896,America/Los_Angeles,34.03189,-118.47656,86.0,1.8776655197143555
2026-09-29T21:00,pressure_profile,ncep_gfs_global,74.5,41,49.2,0,0.01,180.446,78.9,18,31.8,0,0.01,2434.383,73.5,7,5.6,0,0.02,4868.767,53.9,11,0.7,0,0.0,10285.434,39.3,10,-12.9,0,-0.01,14448.819,24.4,11,-21.9,0,-0.02,19229.002,-1.2,8,-47.8,0,0.01,24829.072,-25.6,18,-55.2,0,-0.03,31607.19,America/Los_Angeles,34.03189,-118.47656,86.0,1.8776655197143555
2026-09-29T22:00,pressure_profile,ncep_gfs_global,74.3,43,50.4,0,0.0,190.289,78.3,18,31.3,0,0.0,2440.945,73.3,8,8.4,0,0.01,4875.328,53.4,20,13.3,0,0.01,10285.434,39.0,10,-13.1,0,0.0,14452.1,24.4,10,-24.5,0,-0.02,19235.564,-1.8,8,-48.3,0,0.0,24833.124,-25.6,18,-55.2,0,-0.01,31617.772,America/Los_Angeles,34.03189,-118.47656,86.0,1.8776655197143555
2026-09-29T23:00,pressure_profile,ncep_gfs_global,74.3,44,51.0,0,0.0,200.131,77.9,18,31.0,0,-0.01,2447.507,73.3,8,8.4,0,0.0,4878.609,52.8,28,20.4,0,0.01,10288.714,39.0,10,-13.1,0,0.0,14458.661,24.4,10,-24.5,0,-0.01,19242.126,-1.8,8,-48.3,0,0.0,24841.224,-24.7,18,-54.4,0,-0.01,31623.064,America/Los_Angeles,34.03189,-118.47656,86.0,1.8776655197143555
2026-09-30T00:00,pressure_profile,ncep_gfs_global,74.8,43,50.8,0,0.0,196.85,78.1,18,31.1,0,-0.02,2444.226,73.3,8,8.4,0,0.0,4872.048,52.5,34,25.3,0,0.01,10282.152,39.0,10,-13.1,0,0.0,14452.1,24.4,10,-24.5,0,0.0,19235.564,-1.8,8,-48.3,0,0.0,24833.124,-24.7,16,-56.3,0,0.0,31612.478,America/Los_Angeles,34.03189,-118.47656,86.0,1.8776655197143555
2026-09-30T01:00,pressure_profile,ncep_gfs_global,75.7,42,51.0,0,-0.01,193.57,78.5,17,30.0,0,-0.02,2437.664,73.7,8,8.7,0,-0.01,4868.767,52.5,40,28.9,0,0.0,10278.871,39.3,10,-12.9,0,0.0,14448.819,24.0,10,-24.8,0,0.01,19225.722,-1.8,7,-51.9,0,-0.01,24825.022,-23.8,14,-57.7,0,0.01,31607.19,America/Los_Angeles,34.03189,-118.47656,86.0,1.8776655197143555
2026-09-30T02:00,pressure_profile,ncep_gfs_global,76.6,39,49.8,0,-0.01,190.289,78.9,16,28.9,0,-0.02,2434.383,73.9,8,8.9,0,-0.01,4862.205,52.5,44,31.5,0,-0.01,10272.31,39.3,10,-12.9,0,0.0,14442.258,23.6,10,-25.1,0,0.02,19219.16,-1.8,7,-51.9,0,-0.01,24816.92,-23.8,14,-57.7,0,0.01,31596.606,America/Los_Angeles,34.03189,-118.47656,86.0,1.8776655197143555
2026-09-30T03:00,pressure_profile,ncep_gfs_global,77.2,34,46.6,0,-0.01,180.446,79.3,15,27.6,0,-0.02,2427.822,74.4,8,9.2,0,-0.02,4858.924,52.3,48,33.0,0,-0.01,10272.31,39.0,10,-13.1,0,0.0,14442.258,22.8,10,-25.8,0,0.02,19215.878,-1.8,7,-51.9,0,0.0,24808.82,-23.8,14,-57.7,0,0.0,31596.606,America/Los_Angeles,34.03189,-118.47656,86.0,1.8776655197143555
2026-09-30T04:00,pressure_profile,ncep_gfs_global,77.7,28,42.0,0,-0.01,170.604,79.8,15,28.1,0,-0.01,2424.541,75.0,8,9.7,0,-0.02,4855.643,52.3,51,34.7,0,0.0,10272.31,38.3,10,-13.6,0,0.0,14438.977,21.9,11,-24.0,0,0.01,19212.598,-1.8,7,-51.9,0,0.0,24804.77,-23.8,16,-55.5,0,-0.03,31591.312,America/Los_Angeles,34.03189,-118.47656,86.0,1.8776655197143555
2026-09-30T05:00,pressure_profile,ncep_gfs_global,78.3,23,37.4,0,-0.01,160.761,80.2,14,26.7,0,-0.01,2417.979,75.4,8,10.0,0,-0.02,4852.363,52.0,53,35.5,0,0.0,10272.31,37.6,9,-16.8,0,0.0,14438.977,21.5,11,-24.3,0,0.0,19209.318,-1.8,7,-51.9,0,0.01,24796.67,-23.8,16,-55.5,0,-0.04,31591.312,America/Los_Angeles,34.03189,-118.47656,86.0,1.8776655197143555
2026-09-30T06:00,pressure_profile,ncep_gfs_global,78.8,21,35.6,0,-0.01,173.885,80.6,14,27.0,0,0.0,2427.822,75.9,8,10.3,0,0.0,4862.205,52.0,54,36.1,0,0.0,10282.152,36.6,8,-20.5,0,-0.01,14445.538,21.1,11,-24.6,0,0.0,19215.878,-1.8,8,-48.3,0,0.01,24804.77,-22.9,16,-54.8,0,-0.04,31601.896,America/Los_Angeles,34.03189,-118.47656,86.0,1.8776655197143555
2026-09-30T07:00,pressure_profile,ncep_gfs_global,79.3,20,34.8,0,-0.01,183.727,81.0,14,27.3,0,0.01,2440.945,76.1,9,13.1,0,0.02,4875.328,52.0,54,36.1,0,0.01,10291.995,35.6,6,-24.7,0,-0.01,14448.819,21.1,10,-27.1,0,-0.01,19219.16,-1.2,12,-42.1,0,0.01,24812.872,-22.9,14,-56.9,0,-0.03,31617.772,America/Los_Angeles,34.03189,-118.47656,86.0,1.8776655197143555
2026-09-30T08:00,pressure_profile,ncep_gfs_global,80.2,19,34.2,0,-0.01,196.85,81.4,14,27.6,0,0.01,2450.787,76.3,9,13.3,0,0.03,4885.171,52.0,53,35.5,0,0.01,10301.837,35.0,5,-29.4,0,-0.02,14455.381,21.1,10,-27.1,0,-0.01,19225.722,-1.2,13,-39.8,0,0.01,24820.972,-22.0,12,-58.6,0,-0.01,31628.354,America/Los_Angeles,34.03189,-118.47656,86.0,1.8776655197143555
2026-09-30T09:00,pressure_profile,ncep_gfs_global,81.7,19,35.4,0,-0.01,196.85,81.6,14,27.8,0,0.0,2454.068,76.3,9,13.3,0,0.02,4888.452,52.3,52,35.3,0,0.01,10308.399,35.0,5,-29.4,0,-0.02,14461.942,21.1,9,-30.0,0,-0.01,19235.564,-1.2,15,-37.8,0,0.01,24837.172,-22.0,12,-58.6,0,-0.01,31644.23,America/Los_Angeles,34.03189,-118.47656,86.0,1.8776655197143555
2026-09-30T10:00,pressure_profile,ncep_gfs_global,83.7,19,37.0,0,0.0,200.131,81.8,13,26.2,0,-0.01,2460.63,76.3,10,15.7,0,0.01,4895.013,52.3,51,34.7,0,0.0,10311.68,35.0,6,-25.2,0,-0.01,14471.785,20.7,9,-30.3,0,-0.01,19248.688,-1.2,17,-35.9,0,0.0,24849.324,-22.0,10,-61.4,0,-0.01,31665.398,America/Los_Angeles,34.03189,-118.47656,86.0,1.8776655197143555
2026-09-30T11:00,pressure_profile,ncep_gfs_global,85.1,20,39.5,0,0.0,200.131,82.4,12,24.7,0,-0.02,2463.911,76.3,11,17.9,0,-0.01,4898.294,52.5,50,34.4,0,0.0,10318.241,35.3,8,-21.5,0,-0.01,14478.347,20.7,7,-33.6,0,-0.01,19258.532,-1.2,17,-35.9,0,0.0,24865.526,-22.0,10,-61.4,0,-0.01,31681.27,America/Los_Angeles,34.03189,-118.47656,86.0,1.8776655197143555
2026-09-30T12:00,pressure_profile,ncep_gfs_global,86.0,22,42.7,0,0.0,183.727,83.8,11,23.7,0,-0.03,2450.787,76.5,14,23.8,0,-0.02,4888.452,52.8,49,34.1,0,0.0,10311.68,35.3,9,-18.6,0,-0.01,14471.785,20.2,7,-33.9,0,0.0,19248.688,-1.2,17,-35.9,0,-0.01,24853.376,-22.0,8,-64.8,0,-0.01,31675.98,America/Los_Angeles,34.03189,-118.47656,86.0,1.8776655197143555
2026-09-30T13:00,pressure_profile,ncep_gfs_global,86.5,24,45.5,0,0.01,170.604,85.4,10,22.6,0,-0.03,2437.664,77.0,18,30.2,0,-0.03,4875.328,52.8,48,33.5,0,-0.01,10301.837,35.0,9,-18.8,0,0.0,14461.942,19.8,7,-34.2,0,0.0,19238.846,-1.2,15,-37.8,0,-0.02,24837.172,-22.0,8,-64.8,0,-0.01,31670.688,America/Los_Angeles,34.03189,-118.47656,86.0,1.8776655197143555
2026-09-30T14:00,pressure_profile,ncep_gfs_global,87.1,25,47.0,0,0.01,154.199,86.7,9,21.2,0,-0.03,2424.541,77.4,22,35.6,0,-0.04,4865.486,53.1,47,33.2,0,-0.01,10295.275,35.0,9,-18.8,0,0.0,14455.381,19.4,7,-34.5,0,0.01,19229.002,-1.2,15,-37.8,0,-0.02,24825.022,-22.0,6,-69.1,0,-0.01,31665.398,America/Los_Angeles,34.03189,-118.47656,86.0,1.8776655197143555
2026-09-30T15:00,pressure_profile,ncep_gfs_global,87.6,26,48.5,0,0.01,134.514,87.5,10,24.3,0,-0.03,2411.417,77.6,24,38.0,0,-0.04,4858.924,53.4,47,33.5,0,-0.01,10291.995,35.0,8,-21.8,0,0.0,14448.819,18.6,7,-35.2,0,0.01,19219.16,-0.6,15,-37.3,0,-0.02,24820.972,-22.0,6,-69.1,0,-0.01,31670.688,America/Los_Angeles,34.03189,-118.47656,86.0,1.8776655197143555
2026-09-30T16:00,pressure_profile,ncep_gfs_global,88.0,26,48.8,0,0.01,118.11,87.9,11,26.9,0,-0.03,2401.575,77.8,26,40.2,0,-0.04,4849.082,53.6,47,33.7,0,-0.01,10285.434,35.3,8,-21.5,0,0.0,14442.258,17.7,6,-39.7,0,0.0,19212.598,-0.6,15,-37.3,0,-0.01,24820.972,-21.1,4,-74.2,0,-0.01,31675.98,America/Los_Angeles,34.03189,-118.47656,86.0,1.8776655197143555
2026-09-30T17:00,pressure_profile,ncep_gfs_global,88.3,25,48.1,0,0.01,98.425,88.1,12,29.1,0,-0.03,2388.452,77.8,27,41.2,0,-0.03,4842.52,53.6,48,34.3,0,-0.01,10282.152,35.3,6,-25.0,0,0.0,14435.695,17.3,6,-40.0,0,0.0,19202.756,-0.1,15,-36.8,0,-0.01,24816.92,-21.1,4,-74.2,0,-0.01,31681.27,America/Los_Angeles,34.03189,-118.47656,86.0,1.8776655197143555
2026-09-30T18:00,pressure_profile,ncep_gfs_global,88.5,24,47.1,0,0.0,101.706,88.3,12,29.3,0,-0.02,2391.733,77.8,28,42.1,0,-0.02,4849.082,53.6,49,34.9,0,-0.01,10288.714,35.3,6,-25.0,0,0.0,14438.977,17.3,6,-40.0,0,0.0,19209.318,-0.1,13,-38.9,0,-0.01,24825.022,-21.1,4,-74.2,0,-0.01,31691.856,America/Los_Angeles,34.03189,-118.47656,86.0,1.8776655197143555
2026-09-30T19:00,pressure_profile,ncep_gfs_global,88.3,22,44.7,0,0.0,108.268,88.5,12,29.4,0,-0.01,2398.294,77.6,28,41.9,0,-0.02,4852.363,53.4,51,35.7,0,-0.02,10295.275,35.6,6,-24.7,0,-0.01,14445.538,17.7,4,-44.7,0,0.0,19219.16,-0.1,13,-38.9,0,0.0,24837.172,-22.0,4,-74.9,0,-0.01,31707.728,America/Los_Angeles,34.03189,-118.47656,86.0,1.8776655197143555
2026-09-30T20:00,pressure_profile,ncep_gfs_global,88.2,20,42.0,0,-0.01,111.549,88.5,12,29.4,0,0.0,2401.575,77.6,28,41.9,0,-0.01,4858.924,53.4,52,36.3,0,-0.02,10301.837,35.6,6,-24.7,0,-0.01,14448.819,17.7,4,-44.7,0,-0.01,19225.722,-0.1,12,-41.2,0,0.0,24845.274,-22.0,4,-74.9,0,-0.01,31718.314,America/Los_Angeles,34.03189,-118.47656,86.0,1.8776655197143555
2026-09-30T21:00,pressure_profile,ncep_gfs_global,87.8,19,40.4,0,-0.01,111.549,88.1,12,29.1,0,0.01,2401.575,77.6,28,41.9,0,-0.01,4855.643,53.4,52,36.3,0,-0.01,10298.557,35.6,6,-24.7,0,0.0,14455.381,17.3,4,-45.0,0,-0.02,19232.284,-0.6,12,-41.7,0,0.01,24849.324,-22.0,4,-74.9,0,0.0,31723.604,America/Los_Angeles,34.03189,-118.47656,86.0,1.8776655197143555
2026-09-30T22:00,pressure_profile,ncep_gfs_global,87.3,18,38.6,0,-0.01,111.549,87.5,12,28.7,0,0.01,2398.294,77.4,28,41.8,0,-0.01,4855.643,53.6,51,36.0,0,0.0,10298.557,35.3,6,-25.0,0,0.01,14458.661,16.9,6,-40.4,0,-0.04,19242.126,-0.6,10,-44.3,0,0.02,24849.324,-22.9,4,-75.6,0,0.01,31723.604,America/Los_Angeles,34.03189,-118.47656,86.0,1.8776655197143555
2026-09-30T23:00,pressure_profile,ncep_gfs_global,86.7,18,38.2,0,-0.01,111.549,87.1,12,28.4,0,0.01,2398.294,77.4,28,41.8,0,-0.01,4852.363,53.6,51,36.0,0,0.01,10295.275,35.3,6,-25.0,0,0.01,14465.224,16.9,6,-40.4,0,-0.05,19248.688,-1.2,10,-44.8,0,0.04,24853.376,-22.9,4,-75.6,0,0.03,31728.896,America/Los_Angeles,34.03189,-118.47656,86.0,1.8776655197143555
2026-09-21T00:00,pressure_profile,ecmwf_ifs,,,,,,,,,,,,,,,,,,,,,,,,,,,,,,,,,,,,,,,,,,,,,,,,,America/Los_Angeles,34.059753,-118.57501,86.0,0.09584426879882812
2026-09-21T01:00,pressure_profile,ecmwf_ifs,,,,,,,,,,,,,,,,,,,,,,,,,,,,,,,,,,,,,,,,,,,,,,,,,America/Los_Angeles,34.059753,-118.57501,86.0,0.09584426879882812
2026-09-21T02:00,pressure_profile,ecmwf_ifs,,,,,,,,,,,,,,,,,,,,,,,,,,,,,,,,,,,,,,,,,,,,,,,,,America/Los_Angeles,34.059753,-118.57501,86.0,0.09584426879882812
2026-09-21T03:00,pressure_profile,ecmwf_ifs,,,,,,,,,,,,,,,,,,,,,,,,,,,,,,,,,,,,,,,,,,,,,,,,,America/Los_Angeles,34.059753,-118.57501,86.0,0.09584426879882812
2026-09-21T04:00,pressure_profile,ecmwf_ifs,,,,,,,,,,,,,,,,,,,,,,,,,,,,,,,,,,,,,,,,,,,,,,,,,America/Los_Angeles,34.059753,-118.57501,86.0,0.09584426879882812
2026-09-21T05:00,pressure_profile,ecmwf_ifs,,,,,,,,,,,,,,,,,,,,,,,,,,,,,,,,,,,,,,,,,,,,,,,,,America/Los_Angeles,34.059753,-118.57501,86.0,0.09584426879882812
2026-09-21T06:00,pressure_profile,ecmwf_ifs,,,,,,,,,,,,,,,,,,,,,,,,,,,,,,,,,,,,,,,,,,,,,,,,,America/Los_Angeles,34.059753,-118.57501,86.0,0.09584426879882812
2026-09-21T07:00,pressure_profile,ecmwf_ifs,,,,,,,,,,,,,,,,,,,,,,,,,,,,,,,,,,,,,,,,,,,,,,,,,America/Los_Angeles,34.059753,-118.57501,86.0,0.09584426879882812
2026-09-21T08:00,pressure_profile,ecmwf_ifs,,,,,,,,,,,,,,,,,,,,,,,,,,,,,,,,,,,,,,,,,,,,,,,,,America/Los_Angeles,34.059753,-118.57501,86.0,0.09584426879882812
2026-09-21T09:00,pressure_profile,ecmwf_ifs,,,,,,,,,,,,,,,,,,,,,,,,,,,,,,,,,,,,,,,,,,,,,,,,,America/Los_Angeles,34.059753,-118.57501,86.0,0.09584426879882812
2026-09-21T10:00,pressure_profile,ecmwf_ifs,,,,,,,,,,,,,,,,,,,,,,,,,,,,,,,,,,,,,,,,,,,,,,,,,America/Los_Angeles,34.059753,-118.57501,86.0,0.09584426879882812
2026-09-21T11:00,pressure_profile,ecmwf_ifs,,,,,,,,,,,,,,,,,,,,,,,,,,,,,,,,,,,,,,,,,,,,,,,,,America/Los_Angeles,34.059753,-118.57501,86.0,0.09584426879882812
2026-09-21T12:00,pressure_profile,ecmwf_ifs,,,,,,,,,,,,,,,,,,,,,,,,,,,,,,,,,,,,,,,,,,,,,,,,,America/Los_Angeles,34.059753,-118.57501,86.0,0.09584426879882812
2026-09-21T13:00,pressure_profile,ecmwf_ifs,,,,,,,,,,,,,,,,,,,,,,,,,,,,,,,,,,,,,,,,,,,,,,,,,America/Los_Angeles,34.059753,-118.57501,86.0,0.09584426879882812
2026-09-21T14:00,pressure_profile,ecmwf_ifs,,,,,,,,,,,,,,,,,,,,,,,,,,,,,,,,,,,,,,,,,,,,,,,,,America/Los_Angeles,34.059753,-118.57501,86.0,0.09584426879882812
2026-09-21T15:00,pressure_profile,ecmwf_ifs,,,,,,,,,,,,,,,,,,,,,,,,,,,,,,,,,,,,,,,,,,,,,,,,,America/Los_Angeles,34.059753,-118.57501,86.0,0.09584426879882812
2026-09-21T16:00,pressure_profile,ecmwf_ifs,,,,,,,,,,,,,,,,,,,,,,,,,,,,,,,,,,,,,,,,,,,,,,,,,America/Los_Angeles,34.059753,-118.57501,86.0,0.09584426879882812
2026-09-21T17:00,pressure_profile,ecmwf_ifs,,,,,,,,,,,,,,,,,,,,,,,,,,,,,,,,,,,,,,,,,,,,,,,,,America/Los_Angeles,34.059753,-118.57501,86.0,0.09584426879882812
2026-09-21T18:00,pressure_profile,ecmwf_ifs,,,,,,,,,,,,,,,,,,,,,,,,,,,,,,,,,,,,,,,,,,,,,,,,,America/Los_Angeles,34.059753,-118.57501,86.0,0.09584426879882812
2026-09-21T19:00,pressure_profile,ecmwf_ifs,,,,,,,,,,,,,,,,,,,,,,,,,,,,,,,,,,,,,,,,,,,,,,,,,America/Los_Angeles,34.059753,-118.57501,86.0,0.09584426879882812
2026-09-21T20:00,pressure_profile,ecmwf_ifs,,,,,,,,,,,,,,,,,,,,,,,,,,,,,,,,,,,,,,,,,,,,,,,,,America/Los_Angeles,34.059753,-118.57501,86.0,0.09584426879882812
2026-09-21T21:00,pressure_profile,ecmwf_ifs,,,,,,,,,,,,,,,,,,,,,,,,,,,,,,,,,,,,,,,,,,,,,,,,,America/Los_Angeles,34.059753,-118.57501,86.0,0.09584426879882812
2026-09-21T22:00,pressure_profile,ecmwf_ifs,,,,,,,,,,,,,,,,,,,,,,,,,,,,,,,,,,,,,,,,,,,,,,,,,America/Los_Angeles,34.059753,-118.57501,86.0,0.09584426879882812
2026-09-21T23:00,pressure_profile,ecmwf_ifs,,,,,,,,,,,,,,,,,,,,,,,,,,,,,,,,,,,,,,,,,,,,,,,,,America/Los_Angeles,34.059753,-118.57501,86.0,0.09584426879882812
2026-09-22T00:00,pressure_profile,ecmwf_ifs,,,,,,,,,,,,,,,,,,,,,,,,,,,,,,,,,,,,,,,,,,,,,,,,,America/Los_Angeles,34.059753,-118.57501,86.0,0.09584426879882812
2026-09-22T01:00,pressure_profile,ecmwf_ifs,,,,,,,,,,,,,,,,,,,,,,,,,,,,,,,,,,,,,,,,,,,,,,,,,America/Los_Angeles,34.059753,-118.57501,86.0,0.09584426879882812
2026-09-22T02:00,pressure_profile,ecmwf_ifs,,,,,,,,,,,,,,,,,,,,,,,,,,,,,,,,,,,,,,,,,,,,,,,,,America/Los_Angeles,34.059753,-118.57501,86.0,0.09584426879882812
2026-09-22T03:00,pressure_profile,ecmwf_ifs,,,,,,,,,,,,,,,,,,,,,,,,,,,,,,,,,,,,,,,,,,,,,,,,,America/Los_Angeles,34.059753,-118.57501,86.0,0.09584426879882812
2026-09-22T04:00,pressure_profile,ecmwf_ifs,,,,,,,,,,,,,,,,,,,,,,,,,,,,,,,,,,,,,,,,,,,,,,,,,America/Los_Angeles,34.059753,-118.57501,86.0,0.09584426879882812
2026-09-22T05:00,pressure_profile,ecmwf_ifs,,,,,,,,,,,,,,,,,,,,,,,,,,,,,,,,,,,,,,,,,,,,,,,,,America/Los_Angeles,34.059753,-118.57501,86.0,0.09584426879882812
2026-09-22T06:00,pressure_profile,ecmwf_ifs,,,,,,,,,,,,,,,,,,,,,,,,,,,,,,,,,,,,,,,,,,,,,,,,,America/Los_Angeles,34.059753,-118.57501,86.0,0.09584426879882812
2026-09-22T07:00,pressure_profile,ecmwf_ifs,,,,,,,,,,,,,,,,,,,,,,,,,,,,,,,,,,,,,,,,,,,,,,,,,America/Los_Angeles,34.059753,-118.57501,86.0,0.09584426879882812
2026-09-22T08:00,pressure_profile,ecmwf_ifs,,,,,,,,,,,,,,,,,,,,,,,,,,,,,,,,,,,,,,,,,,,,,,,,,America/Los_Angeles,34.059753,-118.57501,86.0,0.09584426879882812
2026-09-22T09:00,pressure_profile,ecmwf_ifs,,,,,,,,,,,,,,,,,,,,,,,,,,,,,,,,,,,,,,,,,,,,,,,,,America/Los_Angeles,34.059753,-118.57501,86.0,0.09584426879882812
2026-09-22T10:00,pressure_profile,ecmwf_ifs,,,,,,,,,,,,,,,,,,,,,,,,,,,,,,,,,,,,,,,,,,,,,,,,,America/Los_Angeles,34.059753,-118.57501,86.0,0.09584426879882812
2026-09-22T11:00,pressure_profile,ecmwf_ifs,,,,,,,,,,,,,,,,,,,,,,,,,,,,,,,,,,,,,,,,,,,,,,,,,America/Los_Angeles,34.059753,-118.57501,86.0,0.09584426879882812
2026-09-22T12:00,pressure_profile,ecmwf_ifs,,,,,,,,,,,,,,,,,,,,,,,,,,,,,,,,,,,,,,,,,,,,,,,,,America/Los_Angeles,34.059753,-118.57501,86.0,0.09584426879882812
2026-09-22T13:00,pressure_profile,ecmwf_ifs,,,,,,,,,,,,,,,,,,,,,,,,,,,,,,,,,,,,,,,,,,,,,,,,,America/Los_Angeles,34.059753,-118.57501,86.0,0.09584426879882812
2026-09-22T14:00,pressure_profile,ecmwf_ifs,,,,,,,,,,,,,,,,,,,,,,,,,,,,,,,,,,,,,,,,,,,,,,,,,America/Los_Angeles,34.059753,-118.57501,86.0,0.09584426879882812
2026-09-22T15:00,pressure_profile,ecmwf_ifs,,,,,,,,,,,,,,,,,,,,,,,,,,,,,,,,,,,,,,,,,,,,,,,,,America/Los_Angeles,34.059753,-118.57501,86.0,0.09584426879882812
2026-09-22T16:00,pressure_profile,ecmwf_ifs,,,,,,,,,,,,,,,,,,,,,,,,,,,,,,,,,,,,,,,,,,,,,,,,,America/Los_Angeles,34.059753,-118.57501,86.0,0.09584426879882812
2026-09-22T17:00,pressure_profile,ecmwf_ifs,,,,,,,,,,,,,,,,,,,,,,,,,,,,,,,,,,,,,,,,,,,,,,,,,America/Los_Angeles,34.059753,-118.57501,86.0,0.09584426879882812
2026-09-22T18:00,pressure_profile,ecmwf_ifs,,,,,,,,,,,,,,,,,,,,,,,,,,,,,,,,,,,,,,,,,,,,,,,,,America/Los_Angeles,34.059753,-118.57501,86.0,0.09584426879882812
2026-09-22T19:00,pressure_profile,ecmwf_ifs,,,,,,,,,,,,,,,,,,,,,,,,,,,,,,,,,,,,,,,,,,,,,,,,,America/Los_Angeles,34.059753,-118.57501,86.0,0.09584426879882812
2026-09-22T20:00,pressure_profile,ecmwf_ifs,,,,,,,,,,,,,,,,,,,,,,,,,,,,,,,,,,,,,,,,,,,,,,,,,America/Los_Angeles,34.059753,-118.57501,86.0,0.09584426879882812
2026-09-22T21:00,pressure_profile,ecmwf_ifs,,,,,,,,,,,,,,,,,,,,,,,,,,,,,,,,,,,,,,,,,,,,,,,,,America/Los_Angeles,34.059753,-118.57501,86.0,0.09584426879882812
2026-09-22T22:00,pressure_profile,ecmwf_ifs,,,,,,,,,,,,,,,,,,,,,,,,,,,,,,,,,,,,,,,,,,,,,,,,,America/Los_Angeles,34.059753,-118.57501,86.0,0.09584426879882812
2026-09-22T23:00,pressure_profile,ecmwf_ifs,,,,,,,,,,,,,,,,,,,,,,,,,,,,,,,,,,,,,,,,,,,,,,,,,America/Los_Angeles,34.059753,-118.57501,86.0,0.09584426879882812
2026-09-23T00:00,pressure_profile,ecmwf_ifs,,,,,,,,,,,,,,,,,,,,,,,,,,,,,,,,,,,,,,,,,,,,,,,,,America/Los_Angeles,34.059753,-118.57501,86.0,0.09584426879882812
2026-09-23T01:00,pressure_profile,ecmwf_ifs,,,,,,,,,,,,,,,,,,,,,,,,,,,,,,,,,,,,,,,,,,,,,,,,,America/Los_Angeles,34.059753,-118.57501,86.0,0.09584426879882812
2026-09-23T02:00,pressure_profile,ecmwf_ifs,,,,,,,,,,,,,,,,,,,,,,,,,,,,,,,,,,,,,,,,,,,,,,,,,America/Los_Angeles,34.059753,-118.57501,86.0,0.09584426879882812
2026-09-23T03:00,pressure_profile,ecmwf_ifs,,,,,,,,,,,,,,,,,,,,,,,,,,,,,,,,,,,,,,,,,,,,,,,,,America/Los_Angeles,34.059753,-118.57501,86.0,0.09584426879882812
2026-09-23T04:00,pressure_profile,ecmwf_ifs,,,,,,,,,,,,,,,,,,,,,,,,,,,,,,,,,,,,,,,,,,,,,,,,,America/Los_Angeles,34.059753,-118.57501,86.0,0.09584426879882812
2026-09-23T05:00,pressure_profile,ecmwf_ifs,,,,,,,,,,,,,,,,,,,,,,,,,,,,,,,,,,,,,,,,,,,,,,,,,America/Los_Angeles,34.059753,-118.57501,86.0,0.09584426879882812
2026-09-23T06:00,pressure_profile,ecmwf_ifs,,,,,,,,,,,,,,,,,,,,,,,,,,,,,,,,,,,,,,,,,,,,,,,,,America/Los_Angeles,34.059753,-118.57501,86.0,0.09584426879882812
2026-09-23T07:00,pressure_profile,ecmwf_ifs,,,,,,,,,,,,,,,,,,,,,,,,,,,,,,,,,,,,,,,,,,,,,,,,,America/Los_Angeles,34.059753,-118.57501,86.0,0.09584426879882812
2026-09-23T08:00,pressure_profile,ecmwf_ifs,,,,,,,,,,,,,,,,,,,,,,,,,,,,,,,,,,,,,,,,,,,,,,,,,America/Los_Angeles,34.059753,-118.57501,86.0,0.09584426879882812
2026-09-23T09:00,pressure_profile,ecmwf_ifs,,,,,,,,,,,,,,,,,,,,,,,,,,,,,,,,,,,,,,,,,,,,,,,,,America/Los_Angeles,34.059753,-118.57501,86.0,0.09584426879882812
2026-09-23T10:00,pressure_profile,ecmwf_ifs,,,,,,,,,,,,,,,,,,,,,,,,,,,,,,,,,,,,,,,,,,,,,,,,,America/Los_Angeles,34.059753,-118.57501,86.0,0.09584426879882812
2026-09-23T11:00,pressure_profile,ecmwf_ifs,,,,,,,,,,,,,,,,,,,,,,,,,,,,,,,,,,,,,,,,,,,,,,,,,America/Los_Angeles,34.059753,-118.57501,86.0,0.09584426879882812
2026-09-23T12:00,pressure_profile,ecmwf_ifs,,,,,,,,,,,,,,,,,,,,,,,,,,,,,,,,,,,,,,,,,,,,,,,,,America/Los_Angeles,34.059753,-118.57501,86.0,0.09584426879882812
2026-09-23T13:00,pressure_profile,ecmwf_ifs,,,,,,,,,,,,,,,,,,,,,,,,,,,,,,,,,,,,,,,,,,,,,,,,,America/Los_Angeles,34.059753,-118.57501,86.0,0.09584426879882812
2026-09-23T14:00,pressure_profile,ecmwf_ifs,,,,,,,,,,,,,,,,,,,,,,,,,,,,,,,,,,,,,,,,,,,,,,,,,America/Los_Angeles,34.059753,-118.57501,86.0,0.09584426879882812
2026-09-23T15:00,pressure_profile,ecmwf_ifs,,,,,,,,,,,,,,,,,,,,,,,,,,,,,,,,,,,,,,,,,,,,,,,,,America/Los_Angeles,34.059753,-118.57501,86.0,0.09584426879882812
2026-09-23T16:00,pressure_profile,ecmwf_ifs,,,,,,,,,,,,,,,,,,,,,,,,,,,,,,,,,,,,,,,,,,,,,,,,,America/Los_Angeles,34.059753,-118.57501,86.0,0.09584426879882812
2026-09-23T17:00,pressure_profile,ecmwf_ifs,,,,,,,,,,,,,,,,,,,,,,,,,,,,,,,,,,,,,,,,,,,,,,,,,America/Los_Angeles,34.059753,-118.57501,86.0,0.09584426879882812
2026-09-23T18:00,pressure_profile,ecmwf_ifs,,,,,,,,,,,,,,,,,,,,,,,,,,,,,,,,,,,,,,,,,,,,,,,,,America/Los_Angeles,34.059753,-118.57501,86.0,0.09584426879882812
2026-09-23T19:00,pressure_profile,ecmwf_ifs,,,,,,,,,,,,,,,,,,,,,,,,,,,,,,,,,,,,,,,,,,,,,,,,,America/Los_Angeles,34.059753,-118.57501,86.0,0.09584426879882812
2026-09-23T20:00,pressure_profile,ecmwf_ifs,,,,,,,,,,,,,,,,,,,,,,,,,,,,,,,,,,,,,,,,,,,,,,,,,America/Los_Angeles,34.059753,-118.57501,86.0,0.09584426879882812
2026-09-23T21:00,pressure_profile,ecmwf_ifs,,,,,,,,,,,,,,,,,,,,,,,,,,,,,,,,,,,,,,,,,,,,,,,,,America/Los_Angeles,34.059753,-118.57501,86.0,0.09584426879882812
2026-09-23T22:00,pressure_profile,ecmwf_ifs,,,,,,,,,,,,,,,,,,,,,,,,,,,,,,,,,,,,,,,,,,,,,,,,,America/Los_Angeles,34.059753,-118.57501,86.0,0.09584426879882812
2026-09-23T23:00,pressure_profile,ecmwf_ifs,,,,,,,,,,,,,,,,,,,,,,,,,,,,,,,,,,,,,,,,,,,,,,,,,America/Los_Angeles,34.059753,-118.57501,86.0,0.09584426879882812
2026-09-24T00:00,pressure_profile,ecmwf_ifs,,,,,,,,,,,,,,,,,,,,,,,,,,,,,,,,,,,,,,,,,,,,,,,,,America/Los_Angeles,34.059753,-118.57501,86.0,0.09584426879882812
2026-09-24T01:00,pressure_profile,ecmwf_ifs,,,,,,,,,,,,,,,,,,,,,,,,,,,,,,,,,,,,,,,,,,,,,,,,,America/Los_Angeles,34.059753,-118.57501,86.0,0.09584426879882812
2026-09-24T02:00,pressure_profile,ecmwf_ifs,,,,,,,,,,,,,,,,,,,,,,,,,,,,,,,,,,,,,,,,,,,,,,,,,America/Los_Angeles,34.059753,-118.57501,86.0,0.09584426879882812
2026-09-24T03:00,pressure_profile,ecmwf_ifs,,,,,,,,,,,,,,,,,,,,,,,,,,,,,,,,,,,,,,,,,,,,,,,,,America/Los_Angeles,34.059753,-118.57501,86.0,0.09584426879882812
2026-09-24T04:00,pressure_profile,ecmwf_ifs,,,,,,,,,,,,,,,,,,,,,,,,,,,,,,,,,,,,,,,,,,,,,,,,,America/Los_Angeles,34.059753,-118.57501,86.0,0.09584426879882812
2026-09-24T05:00,pressure_profile,ecmwf_ifs,,,,,,,,,,,,,,,,,,,,,,,,,,,,,,,,,,,,,,,,,,,,,,,,,America/Los_Angeles,34.059753,-118.57501,86.0,0.09584426879882812
2026-09-24T06:00,pressure_profile,ecmwf_ifs,,,,,,,,,,,,,,,,,,,,,,,,,,,,,,,,,,,,,,,,,,,,,,,,,America/Los_Angeles,34.059753,-118.57501,86.0,0.09584426879882812
2026-09-24T07:00,pressure_profile,ecmwf_ifs,,,,,,,,,,,,,,,,,,,,,,,,,,,,,,,,,,,,,,,,,,,,,,,,,America/Los_Angeles,34.059753,-118.57501,86.0,0.09584426879882812
2026-09-24T08:00,pressure_profile,ecmwf_ifs,,,,,,,,,,,,,,,,,,,,,,,,,,,,,,,,,,,,,,,,,,,,,,,,,America/Los_Angeles,34.059753,-118.57501,86.0,0.09584426879882812
2026-09-24T09:00,pressure_profile,ecmwf_ifs,,,,,,,,,,,,,,,,,,,,,,,,,,,,,,,,,,,,,,,,,,,,,,,,,America/Los_Angeles,34.059753,-118.57501,86.0,0.09584426879882812
2026-09-24T10:00,pressure_profile,ecmwf_ifs,,,,,,,,,,,,,,,,,,,,,,,,,,,,,,,,,,,,,,,,,,,,,,,,,America/Los_Angeles,34.059753,-118.57501,86.0,0.09584426879882812
2026-09-24T11:00,pressure_profile,ecmwf_ifs,,,,,,,,,,,,,,,,,,,,,,,,,,,,,,,,,,,,,,,,,,,,,,,,,America/Los_Angeles,34.059753,-118.57501,86.0,0.09584426879882812
2026-09-24T12:00,pressure_profile,ecmwf_ifs,,,,,,,,,,,,,,,,,,,,,,,,,,,,,,,,,,,,,,,,,,,,,,,,,America/Los_Angeles,34.059753,-118.57501,86.0,0.09584426879882812
2026-09-24T13:00,pressure_profile,ecmwf_ifs,,,,,,,,,,,,,,,,,,,,,,,,,,,,,,,,,,,,,,,,,,,,,,,,,America/Los_Angeles,34.059753,-118.57501,86.0,0.09584426879882812
2026-09-24T14:00,pressure_profile,ecmwf_ifs,,,,,,,,,,,,,,,,,,,,,,,,,,,,,,,,,,,,,,,,,,,,,,,,,America/Los_Angeles,34.059753,-118.57501,86.0,0.09584426879882812
2026-09-24T15:00,pressure_profile,ecmwf_ifs,,,,,,,,,,,,,,,,,,,,,,,,,,,,,,,,,,,,,,,,,,,,,,,,,America/Los_Angeles,34.059753,-118.57501,86.0,0.09584426879882812
2026-09-24T16:00,pressure_profile,ecmwf_ifs,,,,,,,,,,,,,,,,,,,,,,,,,,,,,,,,,,,,,,,,,,,,,,,,,America/Los_Angeles,34.059753,-118.57501,86.0,0.09584426879882812
2026-09-24T17:00,pressure_profile,ecmwf_ifs,,,,,,,,,,,,,,,,,,,,,,,,,,,,,,,,,,,,,,,,,,,,,,,,,America/Los_Angeles,34.059753,-118.57501,86.0,0.09584426879882812
2026-09-24T18:00,pressure_profile,ecmwf_ifs,,,,,,,,,,,,,,,,,,,,,,,,,,,,,,,,,,,,,,,,,,,,,,,,,America/Los_Angeles,34.059753,-118.57501,86.0,0.09584426879882812
2026-09-24T19:00,pressure_profile,ecmwf_ifs,,,,,,,,,,,,,,,,,,,,,,,,,,,,,,,,,,,,,,,,,,,,,,,,,America/Los_Angeles,34.059753,-118.57501,86.0,0.09584426879882812
2026-09-24T20:00,pressure_profile,ecmwf_ifs,,,,,,,,,,,,,,,,,,,,,,,,,,,,,,,,,,,,,,,,,,,,,,,,,America/Los_Angeles,34.059753,-118.57501,86.0,0.09584426879882812
2026-09-24T21:00,pressure_profile,ecmwf_ifs,,,,,,,,,,,,,,,,,,,,,,,,,,,,,,,,,,,,,,,,,,,,,,,,,America/Los_Angeles,34.059753,-118.57501,86.0,0.09584426879882812
2026-09-24T22:00,pressure_profile,ecmwf_ifs,,,,,,,,,,,,,,,,,,,,,,,,,,,,,,,,,,,,,,,,,,,,,,,,,America/Los_Angeles,34.059753,-118.57501,86.0,0.09584426879882812
2026-09-24T23:00,pressure_profile,ecmwf_ifs,,,,,,,,,,,,,,,,,,,,,,,,,,,,,,,,,,,,,,,,,,,,,,,,,America/Los_Angeles,34.059753,-118.57501,86.0,0.09584426879882812
2026-09-25T00:00,pressure_profile,ecmwf_ifs,,,,,,,,,,,,,,,,,,,,,,,,,,,,,,,,,,,,,,,,,,,,,,,,,America/Los_Angeles,34.059753,-118.57501,86.0,0.09584426879882812
2026-09-25T01:00,pressure_profile,ecmwf_ifs,,,,,,,,,,,,,,,,,,,,,,,,,,,,,,,,,,,,,,,,,,,,,,,,,America/Los_Angeles,34.059753,-118.57501,86.0,0.09584426879882812
2026-09-25T02:00,pressure_profile,ecmwf_ifs,,,,,,,,,,,,,,,,,,,,,,,,,,,,,,,,,,,,,,,,,,,,,,,,,America/Los_Angeles,34.059753,-118.57501,86.0,0.09584426879882812
2026-09-25T03:00,pressure_profile,ecmwf_ifs,,,,,,,,,,,,,,,,,,,,,,,,,,,,,,,,,,,,,,,,,,,,,,,,,America/Los_Angeles,34.059753,-118.57501,86.0,0.09584426879882812
2026-09-25T04:00,pressure_profile,ecmwf_ifs,,,,,,,,,,,,,,,,,,,,,,,,,,,,,,,,,,,,,,,,,,,,,,,,,America/Los_Angeles,34.059753,-118.57501,86.0,0.09584426879882812
2026-09-25T05:00,pressure_profile,ecmwf_ifs,,,,,,,,,,,,,,,,,,,,,,,,,,,,,,,,,,,,,,,,,,,,,,,,,America/Los_Angeles,34.059753,-118.57501,86.0,0.09584426879882812
2026-09-25T06:00,pressure_profile,ecmwf_ifs,,,,,,,,,,,,,,,,,,,,,,,,,,,,,,,,,,,,,,,,,,,,,,,,,America/Los_Angeles,34.059753,-118.57501,86.0,0.09584426879882812
2026-09-25T07:00,pressure_profile,ecmwf_ifs,,,,,,,,,,,,,,,,,,,,,,,,,,,,,,,,,,,,,,,,,,,,,,,,,America/Los_Angeles,34.059753,-118.57501,86.0,0.09584426879882812
2026-09-25T08:00,pressure_profile,ecmwf_ifs,,,,,,,,,,,,,,,,,,,,,,,,,,,,,,,,,,,,,,,,,,,,,,,,,America/Los_Angeles,34.059753,-118.57501,86.0,0.09584426879882812
2026-09-25T09:00,pressure_profile,ecmwf_ifs,,,,,,,,,,,,,,,,,,,,,,,,,,,,,,,,,,,,,,,,,,,,,,,,,America/Los_Angeles,34.059753,-118.57501,86.0,0.09584426879882812
2026-09-25T10:00,pressure_profile,ecmwf_ifs,,,,,,,,,,,,,,,,,,,,,,,,,,,,,,,,,,,,,,,,,,,,,,,,,America/Los_Angeles,34.059753,-118.57501,86.0,0.09584426879882812
2026-09-25T11:00,pressure_profile,ecmwf_ifs,,,,,,,,,,,,,,,,,,,,,,,,,,,,,,,,,,,,,,,,,,,,,,,,,America/Los_Angeles,34.059753,-118.57501,86.0,0.09584426879882812
2026-09-25T12:00,pressure_profile,ecmwf_ifs,,,,,,,,,,,,,,,,,,,,,,,,,,,,,,,,,,,,,,,,,,,,,,,,,America/Los_Angeles,34.059753,-118.57501,86.0,0.09584426879882812
2026-09-25T13:00,pressure_profile,ecmwf_ifs,,,,,,,,,,,,,,,,,,,,,,,,,,,,,,,,,,,,,,,,,,,,,,,,,America/Los_Angeles,34.059753,-118.57501,86.0,0.09584426879882812
2026-09-25T14:00,pressure_profile,ecmwf_ifs,,,,,,,,,,,,,,,,,,,,,,,,,,,,,,,,,,,,,,,,,,,,,,,,,America/Los_Angeles,34.059753,-118.57501,86.0,0.09584426879882812
2026-09-25T15:00,pressure_profile,ecmwf_ifs,,,,,,,,,,,,,,,,,,,,,,,,,,,,,,,,,,,,,,,,,,,,,,,,,America/Los_Angeles,34.059753,-118.57501,86.0,0.09584426879882812
2026-09-25T16:00,pressure_profile,ecmwf_ifs,,,,,,,,,,,,,,,,,,,,,,,,,,,,,,,,,,,,,,,,,,,,,,,,,America/Los_Angeles,34.059753,-118.57501,86.0,0.09584426879882812
2026-09-25T17:00,pressure_profile,ecmwf_ifs,,,,,,,,,,,,,,,,,,,,,,,,,,,,,,,,,,,,,,,,,,,,,,,,,America/Los_Angeles,34.059753,-118.57501,86.0,0.09584426879882812
2026-09-25T18:00,pressure_profile,ecmwf_ifs,,,,,,,,,,,,,,,,,,,,,,,,,,,,,,,,,,,,,,,,,,,,,,,,,America/Los_Angeles,34.059753,-118.57501,86.0,0.09584426879882812
2026-09-25T19:00,pressure_profile,ecmwf_ifs,,,,,,,,,,,,,,,,,,,,,,,,,,,,,,,,,,,,,,,,,,,,,,,,,America/Los_Angeles,34.059753,-118.57501,86.0,0.09584426879882812
2026-09-25T20:00,pressure_profile,ecmwf_ifs,,,,,,,,,,,,,,,,,,,,,,,,,,,,,,,,,,,,,,,,,,,,,,,,,America/Los_Angeles,34.059753,-118.57501,86.0,0.09584426879882812
2026-09-25T21:00,pressure_profile,ecmwf_ifs,,,,,,,,,,,,,,,,,,,,,,,,,,,,,,,,,,,,,,,,,,,,,,,,,America/Los_Angeles,34.059753,-118.57501,86.0,0.09584426879882812
2026-09-25T22:00,pressure_profile,ecmwf_ifs,,,,,,,,,,,,,,,,,,,,,,,,,,,,,,,,,,,,,,,,,,,,,,,,,America/Los_Angeles,34.059753,-118.57501,86.0,0.09584426879882812
2026-09-25T23:00,pressure_profile,ecmwf_ifs,,,,,,,,,,,,,,,,,,,,,,,,,,,,,,,,,,,,,,,,,,,,,,,,,America/Los_Angeles,34.059753,-118.57501,86.0,0.09584426879882812
2026-09-26T00:00,pressure_profile,ecmwf_ifs,,,,,,,,,,,,,,,,,,,,,,,,,,,,,,,,,,,,,,,,,,,,,,,,,America/Los_Angeles,34.059753,-118.57501,86.0,0.09584426879882812
2026-09-26T01:00,pressure_profile,ecmwf_ifs,,,,,,,,,,,,,,,,,,,,,,,,,,,,,,,,,,,,,,,,,,,,,,,,,America/Los_Angeles,34.059753,-118.57501,86.0,0.09584426879882812
2026-09-26T02:00,pressure_profile,ecmwf_ifs,,,,,,,,,,,,,,,,,,,,,,,,,,,,,,,,,,,,,,,,,,,,,,,,,America/Los_Angeles,34.059753,-118.57501,86.0,0.09584426879882812
2026-09-26T03:00,pressure_profile,ecmwf_ifs,,,,,,,,,,,,,,,,,,,,,,,,,,,,,,,,,,,,,,,,,,,,,,,,,America/Los_Angeles,34.059753,-118.57501,86.0,0.09584426879882812
2026-09-26T04:00,pressure_profile,ecmwf_ifs,,,,,,,,,,,,,,,,,,,,,,,,,,,,,,,,,,,,,,,,,,,,,,,,,America/Los_Angeles,34.059753,-118.57501,86.0,0.09584426879882812
2026-09-26T05:00,pressure_profile,ecmwf_ifs,,,,,,,,,,,,,,,,,,,,,,,,,,,,,,,,,,,,,,,,,,,,,,,,,America/Los_Angeles,34.059753,-118.57501,86.0,0.09584426879882812
2026-09-26T06:00,pressure_profile,ecmwf_ifs,,,,,,,,,,,,,,,,,,,,,,,,,,,,,,,,,,,,,,,,,,,,,,,,,America/Los_Angeles,34.059753,-118.57501,86.0,0.09584426879882812
2026-09-26T07:00,pressure_profile,ecmwf_ifs,,,,,,,,,,,,,,,,,,,,,,,,,,,,,,,,,,,,,,,,,,,,,,,,,America/Los_Angeles,34.059753,-118.57501,86.0,0.09584426879882812
2026-09-26T08:00,pressure_profile,ecmwf_ifs,,,,,,,,,,,,,,,,,,,,,,,,,,,,,,,,,,,,,,,,,,,,,,,,,America/Los_Angeles,34.059753,-118.57501,86.0,0.09584426879882812
2026-09-26T09:00,pressure_profile,ecmwf_ifs,,,,,,,,,,,,,,,,,,,,,,,,,,,,,,,,,,,,,,,,,,,,,,,,,America/Los_Angeles,34.059753,-118.57501,86.0,0.09584426879882812
2026-09-26T10:00,pressure_profile,ecmwf_ifs,,,,,,,,,,,,,,,,,,,,,,,,,,,,,,,,,,,,,,,,,,,,,,,,,America/Los_Angeles,34.059753,-118.57501,86.0,0.09584426879882812
2026-09-26T11:00,pressure_profile,ecmwf_ifs,,,,,,,,,,,,,,,,,,,,,,,,,,,,,,,,,,,,,,,,,,,,,,,,,America/Los_Angeles,34.059753,-118.57501,86.0,0.09584426879882812
2026-09-26T12:00,pressure_profile,ecmwf_ifs,,,,,,,,,,,,,,,,,,,,,,,,,,,,,,,,,,,,,,,,,,,,,,,,,America/Los_Angeles,34.059753,-118.57501,86.0,0.09584426879882812
2026-09-26T13:00,pressure_profile,ecmwf_ifs,,,,,,,,,,,,,,,,,,,,,,,,,,,,,,,,,,,,,,,,,,,,,,,,,America/Los_Angeles,34.059753,-118.57501,86.0,0.09584426879882812
2026-09-26T14:00,pressure_profile,ecmwf_ifs,,,,,,,,,,,,,,,,,,,,,,,,,,,,,,,,,,,,,,,,,,,,,,,,,America/Los_Angeles,34.059753,-118.57501,86.0,0.09584426879882812
2026-09-26T15:00,pressure_profile,ecmwf_ifs,,,,,,,,,,,,,,,,,,,,,,,,,,,,,,,,,,,,,,,,,,,,,,,,,America/Los_Angeles,34.059753,-118.57501,86.0,0.09584426879882812
2026-09-26T16:00,pressure_profile,ecmwf_ifs,,,,,,,,,,,,,,,,,,,,,,,,,,,,,,,,,,,,,,,,,,,,,,,,,America/Los_Angeles,34.059753,-118.57501,86.0,0.09584426879882812
2026-09-26T17:00,pressure_profile,ecmwf_ifs,,,,,,,,,,,,,,,,,,,,,,,,,,,,,,,,,,,,,,,,,,,,,,,,,America/Los_Angeles,34.059753,-118.57501,86.0,0.09584426879882812
2026-09-26T18:00,pressure_profile,ecmwf_ifs,,,,,,,,,,,,,,,,,,,,,,,,,,,,,,,,,,,,,,,,,,,,,,,,,America/Los_Angeles,34.059753,-118.57501,86.0,0.09584426879882812
2026-09-26T19:00,pressure_profile,ecmwf_ifs,,,,,,,,,,,,,,,,,,,,,,,,,,,,,,,,,,,,,,,,,,,,,,,,,America/Los_Angeles,34.059753,-118.57501,86.0,0.09584426879882812
2026-09-26T20:00,pressure_profile,ecmwf_ifs,,,,,,,,,,,,,,,,,,,,,,,,,,,,,,,,,,,,,,,,,,,,,,,,,America/Los_Angeles,34.059753,-118.57501,86.0,0.09584426879882812
2026-09-26T21:00,pressure_profile,ecmwf_ifs,,,,,,,,,,,,,,,,,,,,,,,,,,,,,,,,,,,,,,,,,,,,,,,,,America/Los_Angeles,34.059753,-118.57501,86.0,0.09584426879882812
2026-09-26T22:00,pressure_profile,ecmwf_ifs,,,,,,,,,,,,,,,,,,,,,,,,,,,,,,,,,,,,,,,,,,,,,,,,,America/Los_Angeles,34.059753,-118.57501,86.0,0.09584426879882812
2026-09-26T23:00,pressure_profile,ecmwf_ifs,,,,,,,,,,,,,,,,,,,,,,,,,,,,,,,,,,,,,,,,,,,,,,,,,America/Los_Angeles,34.059753,-118.57501,86.0,0.09584426879882812
2026-09-27T00:00,pressure_profile,ecmwf_ifs,,,,,,,,,,,,,,,,,,,,,,,,,,,,,,,,,,,,,,,,,,,,,,,,,America/Los_Angeles,34.059753,-118.57501,86.0,0.09584426879882812
2026-09-27T01:00,pressure_profile,ecmwf_ifs,,,,,,,,,,,,,,,,,,,,,,,,,,,,,,,,,,,,,,,,,,,,,,,,,America/Los_Angeles,34.059753,-118.57501,86.0,0.09584426879882812
2026-09-27T02:00,pressure_profile,ecmwf_ifs,,,,,,,,,,,,,,,,,,,,,,,,,,,,,,,,,,,,,,,,,,,,,,,,,America/Los_Angeles,34.059753,-118.57501,86.0,0.09584426879882812
2026-09-27T03:00,pressure_profile,ecmwf_ifs,,,,,,,,,,,,,,,,,,,,,,,,,,,,,,,,,,,,,,,,,,,,,,,,,America/Los_Angeles,34.059753,-118.57501,86.0,0.09584426879882812
2026-09-27T04:00,pressure_profile,ecmwf_ifs,,,,,,,,,,,,,,,,,,,,,,,,,,,,,,,,,,,,,,,,,,,,,,,,,America/Los_Angeles,34.059753,-118.57501,86.0,0.09584426879882812
2026-09-27T05:00,pressure_profile,ecmwf_ifs,,,,,,,,,,,,,,,,,,,,,,,,,,,,,,,,,,,,,,,,,,,,,,,,,America/Los_Angeles,34.059753,-118.57501,86.0,0.09584426879882812
2026-09-27T06:00,pressure_profile,ecmwf_ifs,,,,,,,,,,,,,,,,,,,,,,,,,,,,,,,,,,,,,,,,,,,,,,,,,America/Los_Angeles,34.059753,-118.57501,86.0,0.09584426879882812
2026-09-27T07:00,pressure_profile,ecmwf_ifs,,,,,,,,,,,,,,,,,,,,,,,,,,,,,,,,,,,,,,,,,,,,,,,,,America/Los_Angeles,34.059753,-118.57501,86.0,0.09584426879882812
2026-09-27T08:00,pressure_profile,ecmwf_ifs,,,,,,,,,,,,,,,,,,,,,,,,,,,,,,,,,,,,,,,,,,,,,,,,,America/Los_Angeles,34.059753,-118.57501,86.0,0.09584426879882812
2026-09-27T09:00,pressure_profile,ecmwf_ifs,,,,,,,,,,,,,,,,,,,,,,,,,,,,,,,,,,,,,,,,,,,,,,,,,America/Los_Angeles,34.059753,-118.57501,86.0,0.09584426879882812
2026-09-27T10:00,pressure_profile,ecmwf_ifs,,,,,,,,,,,,,,,,,,,,,,,,,,,,,,,,,,,,,,,,,,,,,,,,,America/Los_Angeles,34.059753,-118.57501,86.0,0.09584426879882812
2026-09-27T11:00,pressure_profile,ecmwf_ifs,,,,,,,,,,,,,,,,,,,,,,,,,,,,,,,,,,,,,,,,,,,,,,,,,America/Los_Angeles,34.059753,-118.57501,86.0,0.09584426879882812
2026-09-27T12:00,pressure_profile,ecmwf_ifs,,,,,,,,,,,,,,,,,,,,,,,,,,,,,,,,,,,,,,,,,,,,,,,,,America/Los_Angeles,34.059753,-118.57501,86.0,0.09584426879882812
2026-09-27T13:00,pressure_profile,ecmwf_ifs,,,,,,,,,,,,,,,,,,,,,,,,,,,,,,,,,,,,,,,,,,,,,,,,,America/Los_Angeles,34.059753,-118.57501,86.0,0.09584426879882812
2026-09-27T14:00,pressure_profile,ecmwf_ifs,,,,,,,,,,,,,,,,,,,,,,,,,,,,,,,,,,,,,,,,,,,,,,,,,America/Los_Angeles,34.059753,-118.57501,86.0,0.09584426879882812
2026-09-27T15:00,pressure_profile,ecmwf_ifs,,,,,,,,,,,,,,,,,,,,,,,,,,,,,,,,,,,,,,,,,,,,,,,,,America/Los_Angeles,34.059753,-118.57501,86.0,0.09584426879882812
2026-09-27T16:00,pressure_profile,ecmwf_ifs,,,,,,,,,,,,,,,,,,,,,,,,,,,,,,,,,,,,,,,,,,,,,,,,,America/Los_Angeles,34.059753,-118.57501,86.0,0.09584426879882812
2026-09-27T17:00,pressure_profile,ecmwf_ifs,,,,,,,,,,,,,,,,,,,,,,,,,,,,,,,,,,,,,,,,,,,,,,,,,America/Los_Angeles,34.059753,-118.57501,86.0,0.09584426879882812
2026-09-27T18:00,pressure_profile,ecmwf_ifs,,,,,,,,,,,,,,,,,,,,,,,,,,,,,,,,,,,,,,,,,,,,,,,,,America/Los_Angeles,34.059753,-118.57501,86.0,0.09584426879882812
2026-09-27T19:00,pressure_profile,ecmwf_ifs,,,,,,,,,,,,,,,,,,,,,,,,,,,,,,,,,,,,,,,,,,,,,,,,,America/Los_Angeles,34.059753,-118.57501,86.0,0.09584426879882812
2026-09-27T20:00,pressure_profile,ecmwf_ifs,,,,,,,,,,,,,,,,,,,,,,,,,,,,,,,,,,,,,,,,,,,,,,,,,America/Los_Angeles,34.059753,-118.57501,86.0,0.09584426879882812
2026-09-27T21:00,pressure_profile,ecmwf_ifs,,,,,,,,,,,,,,,,,,,,,,,,,,,,,,,,,,,,,,,,,,,,,,,,,America/Los_Angeles,34.059753,-118.57501,86.0,0.09584426879882812
2026-09-27T22:00,pressure_profile,ecmwf_ifs,,,,,,,,,,,,,,,,,,,,,,,,,,,,,,,,,,,,,,,,,,,,,,,,,America/Los_Angeles,34.059753,-118.57501,86.0,0.09584426879882812
2026-09-27T23:00,pressure_profile,ecmwf_ifs,,,,,,,,,,,,,,,,,,,,,,,,,,,,,,,,,,,,,,,,,,,,,,,,,America/Los_Angeles,34.059753,-118.57501,86.0,0.09584426879882812
2026-09-28T00:00,pressure_profile,ecmwf_ifs,,,,,,,,,,,,,,,,,,,,,,,,,,,,,,,,,,,,,,,,,,,,,,,,,America/Los_Angeles,34.059753,-118.57501,86.0,0.09584426879882812
2026-09-28T01:00,pressure_profile,ecmwf_ifs,,,,,,,,,,,,,,,,,,,,,,,,,,,,,,,,,,,,,,,,,,,,,,,,,America/Los_Angeles,34.059753,-118.57501,86.0,0.09584426879882812
2026-09-28T02:00,pressure_profile,ecmwf_ifs,,,,,,,,,,,,,,,,,,,,,,,,,,,,,,,,,,,,,,,,,,,,,,,,,America/Los_Angeles,34.059753,-118.57501,86.0,0.09584426879882812
2026-09-28T03:00,pressure_profile,ecmwf_ifs,,,,,,,,,,,,,,,,,,,,,,,,,,,,,,,,,,,,,,,,,,,,,,,,,America/Los_Angeles,34.059753,-118.57501,86.0,0.09584426879882812
2026-09-28T04:00,pressure_profile,ecmwf_ifs,,,,,,,,,,,,,,,,,,,,,,,,,,,,,,,,,,,,,,,,,,,,,,,,,America/Los_Angeles,34.059753,-118.57501,86.0,0.09584426879882812
2026-09-28T05:00,pressure_profile,ecmwf_ifs,,,,,,,,,,,,,,,,,,,,,,,,,,,,,,,,,,,,,,,,,,,,,,,,,America/Los_Angeles,34.059753,-118.57501,86.0,0.09584426879882812
2026-09-28T06:00,pressure_profile,ecmwf_ifs,,,,,,,,,,,,,,,,,,,,,,,,,,,,,,,,,,,,,,,,,,,,,,,,,America/Los_Angeles,34.059753,-118.57501,86.0,0.09584426879882812
2026-09-28T07:00,pressure_profile,ecmwf_ifs,,,,,,,,,,,,,,,,,,,,,,,,,,,,,,,,,,,,,,,,,,,,,,,,,America/Los_Angeles,34.059753,-118.57501,86.0,0.09584426879882812
2026-09-28T08:00,pressure_profile,ecmwf_ifs,,,,,,,,,,,,,,,,,,,,,,,,,,,,,,,,,,,,,,,,,,,,,,,,,America/Los_Angeles,34.059753,-118.57501,86.0,0.09584426879882812
2026-09-28T09:00,pressure_profile,ecmwf_ifs,,,,,,,,,,,,,,,,,,,,,,,,,,,,,,,,,,,,,,,,,,,,,,,,,America/Los_Angeles,34.059753,-118.57501,86.0,0.09584426879882812
2026-09-28T10:00,pressure_profile,ecmwf_ifs,,,,,,,,,,,,,,,,,,,,,,,,,,,,,,,,,,,,,,,,,,,,,,,,,America/Los_Angeles,34.059753,-118.57501,86.0,0.09584426879882812
2026-09-28T11:00,pressure_profile,ecmwf_ifs,,,,,,,,,,,,,,,,,,,,,,,,,,,,,,,,,,,,,,,,,,,,,,,,,America/Los_Angeles,34.059753,-118.57501,86.0,0.09584426879882812
2026-09-28T12:00,pressure_profile,ecmwf_ifs,,,,,,,,,,,,,,,,,,,,,,,,,,,,,,,,,,,,,,,,,,,,,,,,,America/Los_Angeles,34.059753,-118.57501,86.0,0.09584426879882812
2026-09-28T13:00,pressure_profile,ecmwf_ifs,,,,,,,,,,,,,,,,,,,,,,,,,,,,,,,,,,,,,,,,,,,,,,,,,America/Los_Angeles,34.059753,-118.57501,86.0,0.09584426879882812
2026-09-28T14:00,pressure_profile,ecmwf_ifs,,,,,,,,,,,,,,,,,,,,,,,,,,,,,,,,,,,,,,,,,,,,,,,,,America/Los_Angeles,34.059753,-118.57501,86.0,0.09584426879882812
2026-09-28T15:00,pressure_profile,ecmwf_ifs,,,,,,,,,,,,,,,,,,,,,,,,,,,,,,,,,,,,,,,,,,,,,,,,,America/Los_Angeles,34.059753,-118.57501,86.0,0.09584426879882812
2026-09-28T16:00,pressure_profile,ecmwf_ifs,,,,,,,,,,,,,,,,,,,,,,,,,,,,,,,,,,,,,,,,,,,,,,,,,America/Los_Angeles,34.059753,-118.57501,86.0,0.09584426879882812
2026-09-28T17:00,pressure_profile,ecmwf_ifs,,,,,,,,,,,,,,,,,,,,,,,,,,,,,,,,,,,,,,,,,,,,,,,,,America/Los_Angeles,34.059753,-118.57501,86.0,0.09584426879882812
2026-09-28T18:00,pressure_profile,ecmwf_ifs,,,,,,,,,,,,,,,,,,,,,,,,,,,,,,,,,,,,,,,,,,,,,,,,,America/Los_Angeles,34.059753,-118.57501,86.0,0.09584426879882812
2026-09-28T19:00,pressure_profile,ecmwf_ifs,,,,,,,,,,,,,,,,,,,,,,,,,,,,,,,,,,,,,,,,,,,,,,,,,America/Los_Angeles,34.059753,-118.57501,86.0,0.09584426879882812
2026-09-28T20:00,pressure_profile,ecmwf_ifs,,,,,,,,,,,,,,,,,,,,,,,,,,,,,,,,,,,,,,,,,,,,,,,,,America/Los_Angeles,34.059753,-118.57501,86.0,0.09584426879882812
2026-09-28T21:00,pressure_profile,ecmwf_ifs,,,,,,,,,,,,,,,,,,,,,,,,,,,,,,,,,,,,,,,,,,,,,,,,,America/Los_Angeles,34.059753,-118.57501,86.0,0.09584426879882812
2026-09-28T22:00,pressure_profile,ecmwf_ifs,,,,,,,,,,,,,,,,,,,,,,,,,,,,,,,,,,,,,,,,,,,,,,,,,America/Los_Angeles,34.059753,-118.57501,86.0,0.09584426879882812
2026-09-28T23:00,pressure_profile,ecmwf_ifs,,,,,,,,,,,,,,,,,,,,,,,,,,,,,,,,,,,,,,,,,,,,,,,,,America/Los_Angeles,34.059753,-118.57501,86.0,0.09584426879882812
2026-09-29T00:00,pressure_profile,ecmwf_ifs,,,,,,,,,,,,,,,,,,,,,,,,,,,,,,,,,,,,,,,,,,,,,,,,,America/Los_Angeles,34.059753,-118.57501,86.0,0.09584426879882812
2026-09-29T01:00,pressure_profile,ecmwf_ifs,,,,,,,,,,,,,,,,,,,,,,,,,,,,,,,,,,,,,,,,,,,,,,,,,America/Los_Angeles,34.059753,-118.57501,86.0,0.09584426879882812
2026-09-29T02:00,pressure_profile,ecmwf_ifs,,,,,,,,,,,,,,,,,,,,,,,,,,,,,,,,,,,,,,,,,,,,,,,,,America/Los_Angeles,34.059753,-118.57501,86.0,0.09584426879882812
2026-09-29T03:00,pressure_profile,ecmwf_ifs,,,,,,,,,,,,,,,,,,,,,,,,,,,,,,,,,,,,,,,,,,,,,,,,,America/Los_Angeles,34.059753,-118.57501,86.0,0.09584426879882812
2026-09-29T04:00,pressure_profile,ecmwf_ifs,,,,,,,,,,,,,,,,,,,,,,,,,,,,,,,,,,,,,,,,,,,,,,,,,America/Los_Angeles,34.059753,-118.57501,86.0,0.09584426879882812
2026-09-29T05:00,pressure_profile,ecmwf_ifs,,,,,,,,,,,,,,,,,,,,,,,,,,,,,,,,,,,,,,,,,,,,,,,,,America/Los_Angeles,34.059753,-118.57501,86.0,0.09584426879882812
2026-09-29T06:00,pressure_profile,ecmwf_ifs,,,,,,,,,,,,,,,,,,,,,,,,,,,,,,,,,,,,,,,,,,,,,,,,,America/Los_Angeles,34.059753,-118.57501,86.0,0.09584426879882812
2026-09-29T07:00,pressure_profile,ecmwf_ifs,,,,,,,,,,,,,,,,,,,,,,,,,,,,,,,,,,,,,,,,,,,,,,,,,America/Los_Angeles,34.059753,-118.57501,86.0,0.09584426879882812
2026-09-29T08:00,pressure_profile,ecmwf_ifs,,,,,,,,,,,,,,,,,,,,,,,,,,,,,,,,,,,,,,,,,,,,,,,,,America/Los_Angeles,34.059753,-118.57501,86.0,0.09584426879882812
2026-09-29T09:00,pressure_profile,ecmwf_ifs,,,,,,,,,,,,,,,,,,,,,,,,,,,,,,,,,,,,,,,,,,,,,,,,,America/Los_Angeles,34.059753,-118.57501,86.0,0.09584426879882812
2026-09-29T10:00,pressure_profile,ecmwf_ifs,,,,,,,,,,,,,,,,,,,,,,,,,,,,,,,,,,,,,,,,,,,,,,,,,America/Los_Angeles,34.059753,-118.57501,86.0,0.09584426879882812
2026-09-29T11:00,pressure_profile,ecmwf_ifs,,,,,,,,,,,,,,,,,,,,,,,,,,,,,,,,,,,,,,,,,,,,,,,,,America/Los_Angeles,34.059753,-118.57501,86.0,0.09584426879882812
2026-09-29T12:00,pressure_profile,ecmwf_ifs,,,,,,,,,,,,,,,,,,,,,,,,,,,,,,,,,,,,,,,,,,,,,,,,,America/Los_Angeles,34.059753,-118.57501,86.0,0.09584426879882812
2026-09-29T13:00,pressure_profile,ecmwf_ifs,,,,,,,,,,,,,,,,,,,,,,,,,,,,,,,,,,,,,,,,,,,,,,,,,America/Los_Angeles,34.059753,-118.57501,86.0,0.09584426879882812
2026-09-29T14:00,pressure_profile,ecmwf_ifs,,,,,,,,,,,,,,,,,,,,,,,,,,,,,,,,,,,,,,,,,,,,,,,,,America/Los_Angeles,34.059753,-118.57501,86.0,0.09584426879882812
2026-09-29T15:00,pressure_profile,ecmwf_ifs,,,,,,,,,,,,,,,,,,,,,,,,,,,,,,,,,,,,,,,,,,,,,,,,,America/Los_Angeles,34.059753,-118.57501,86.0,0.09584426879882812
2026-09-29T16:00,pressure_profile,ecmwf_ifs,,,,,,,,,,,,,,,,,,,,,,,,,,,,,,,,,,,,,,,,,,,,,,,,,America/Los_Angeles,34.059753,-118.57501,86.0,0.09584426879882812
2026-09-29T17:00,pressure_profile,ecmwf_ifs,,,,,,,,,,,,,,,,,,,,,,,,,,,,,,,,,,,,,,,,,,,,,,,,,America/Los_Angeles,34.059753,-118.57501,86.0,0.09584426879882812
2026-09-29T18:00,pressure_profile,ecmwf_ifs,,,,,,,,,,,,,,,,,,,,,,,,,,,,,,,,,,,,,,,,,,,,,,,,,America/Los_Angeles,34.059753,-118.57501,86.0,0.09584426879882812
2026-09-29T19:00,pressure_profile,ecmwf_ifs,,,,,,,,,,,,,,,,,,,,,,,,,,,,,,,,,,,,,,,,,,,,,,,,,America/Los_Angeles,34.059753,-118.57501,86.0,0.09584426879882812
2026-09-29T20:00,pressure_profile,ecmwf_ifs,,,,,,,,,,,,,,,,,,,,,,,,,,,,,,,,,,,,,,,,,,,,,,,,,America/Los_Angeles,34.059753,-118.57501,86.0,0.09584426879882812
2026-09-29T21:00,pressure_profile,ecmwf_ifs,,,,,,,,,,,,,,,,,,,,,,,,,,,,,,,,,,,,,,,,,,,,,,,,,America/Los_Angeles,34.059753,-118.57501,86.0,0.09584426879882812
2026-09-29T22:00,pressure_profile,ecmwf_ifs,,,,,,,,,,,,,,,,,,,,,,,,,,,,,,,,,,,,,,,,,,,,,,,,,America/Los_Angeles,34.059753,-118.57501,86.0,0.09584426879882812
2026-09-29T23:00,pressure_profile,ecmwf_ifs,,,,,,,,,,,,,,,,,,,,,,,,,,,,,,,,,,,,,,,,,,,,,,,,,America/Los_Angeles,34.059753,-118.57501,86.0,0.09584426879882812
2026-09-30T00:00,pressure_profile,ecmwf_ifs,,,,,,,,,,,,,,,,,,,,,,,,,,,,,,,,,,,,,,,,,,,,,,,,,America/Los_Angeles,34.059753,-118.57501,86.0,0.09584426879882812
2026-09-30T01:00,pressure_profile,ecmwf_ifs,,,,,,,,,,,,,,,,,,,,,,,,,,,,,,,,,,,,,,,,,,,,,,,,,America/Los_Angeles,34.059753,-118.57501,86.0,0.09584426879882812
2026-09-30T02:00,pressure_profile,ecmwf_ifs,,,,,,,,,,,,,,,,,,,,,,,,,,,,,,,,,,,,,,,,,,,,,,,,,America/Los_Angeles,34.059753,-118.57501,86.0,0.09584426879882812
2026-09-30T03:00,pressure_profile,ecmwf_ifs,,,,,,,,,,,,,,,,,,,,,,,,,,,,,,,,,,,,,,,,,,,,,,,,,America/Los_Angeles,34.059753,-118.57501,86.0,0.09584426879882812
2026-09-30T04:00,pressure_profile,ecmwf_ifs,,,,,,,,,,,,,,,,,,,,,,,,,,,,,,,,,,,,,,,,,,,,,,,,,America/Los_Angeles,34.059753,-118.57501,86.0,0.09584426879882812
2026-09-30T05:00,pressure_profile,ecmwf_ifs,,,,,,,,,,,,,,,,,,,,,,,,,,,,,,,,,,,,,,,,,,,,,,,,,America/Los_Angeles,34.059753,-118.57501,86.0,0.09584426879882812
2026-09-30T06:00,pressure_profile,ecmwf_ifs,,,,,,,,,,,,,,,,,,,,,,,,,,,,,,,,,,,,,,,,,,,,,,,,,America/Los_Angeles,34.059753,-118.57501,86.0,0.09584426879882812
2026-09-30T07:00,pressure_profile,ecmwf_ifs,,,,,,,,,,,,,,,,,,,,,,,,,,,,,,,,,,,,,,,,,,,,,,,,,America/Los_Angeles,34.059753,-118.57501,86.0,0.09584426879882812
2026-09-30T08:00,pressure_profile,ecmwf_ifs,,,,,,,,,,,,,,,,,,,,,,,,,,,,,,,,,,,,,,,,,,,,,,,,,America/Los_Angeles,34.059753,-118.57501,86.0,0.09584426879882812
2026-09-30T09:00,pressure_profile,ecmwf_ifs,,,,,,,,,,,,,,,,,,,,,,,,,,,,,,,,,,,,,,,,,,,,,,,,,America/Los_Angeles,34.059753,-118.57501,86.0,0.09584426879882812
2026-09-30T10:00,pressure_profile,ecmwf_ifs,,,,,,,,,,,,,,,,,,,,,,,,,,,,,,,,,,,,,,,,,,,,,,,,,America/Los_Angeles,34.059753,-118.57501,86.0,0.09584426879882812
2026-09-30T11:00,pressure_profile,ecmwf_ifs,,,,,,,,,,,,,,,,,,,,,,,,,,,,,,,,,,,,,,,,,,,,,,,,,America/Los_Angeles,34.059753,-118.57501,86.0,0.09584426879882812
2026-09-30T12:00,pressure_profile,ecmwf_ifs,,,,,,,,,,,,,,,,,,,,,,,,,,,,,,,,,,,,,,,,,,,,,,,,,America/Los_Angeles,34.059753,-118.57501,86.0,0.09584426879882812
2026-09-30T13:00,pressure_profile,ecmwf_ifs,,,,,,,,,,,,,,,,,,,,,,,,,,,,,,,,,,,,,,,,,,,,,,,,,America/Los_Angeles,34.059753,-118.57501,86.0,0.09584426879882812
2026-09-30T14:00,pressure_profile,ecmwf_ifs,,,,,,,,,,,,,,,,,,,,,,,,,,,,,,,,,,,,,,,,,,,,,,,,,America/Los_Angeles,34.059753,-118.57501,86.0,0.09584426879882812
2026-09-30T15:00,pressure_profile,ecmwf_ifs,,,,,,,,,,,,,,,,,,,,,,,,,,,,,,,,,,,,,,,,,,,,,,,,,America/Los_Angeles,34.059753,-118.57501,86.0,0.09584426879882812
2026-09-30T16:00,pressure_profile,ecmwf_ifs,,,,,,,,,,,,,,,,,,,,,,,,,,,,,,,,,,,,,,,,,,,,,,,,,America/Los_Angeles,34.059753,-118.57501,86.0,0.09584426879882812
2026-09-30T17:00,pressure_profile,ecmwf_ifs,,,,,,,,,,,,,,,,,,,,,,,,,,,,,,,,,,,,,,,,,,,,,,,,,America/Los_Angeles,34.059753,-118.57501,86.0,0.09584426879882812
2026-09-30T18:00,pressure_profile,ecmwf_ifs,,,,,,,,,,,,,,,,,,,,,,,,,,,,,,,,,,,,,,,,,,,,,,,,,America/Los_Angeles,34.059753,-118.57501,86.0,0.09584426879882812
2026-09-30T19:00,pressure_profile,ecmwf_ifs,,,,,,,,,,,,,,,,,,,,,,,,,,,,,,,,,,,,,,,,,,,,,,,,,America/Los_Angeles,34.059753,-118.57501,86.0,0.09584426879882812
2026-09-30T20:00,pressure_profile,ecmwf_ifs,,,,,,,,,,,,,,,,,,,,,,,,,,,,,,,,,,,,,,,,,,,,,,,,,America/Los_Angeles,34.059753,-118.57501,86.0,0.09584426879882812
2026-09-30T21:00,pressure_profile,ecmwf_ifs,,,,,,,,,,,,,,,,,,,,,,,,,,,,,,,,,,,,,,,,,,,,,,,,,America/Los_Angeles,34.059753,-118.57501,86.0,0.09584426879882812
2026-09-30T22:00,pressure_profile,ecmwf_ifs,,,,,,,,,,,,,,,,,,,,,,,,,,,,,,,,,,,,,,,,,,,,,,,,,America/Los_Angeles,34.059753,-118.57501,86.0,0.09584426879882812
2026-09-30T23:00,pressure_profile,ecmwf_ifs,,,,,,,,,,,,,,,,,,,,,,,,,,,,,,,,,,,,,,,,,,,,,,,,,America/Los_Angeles,34.059753,-118.57501,86.0,0.09584426879882812
2026-09-21T00:00,pressure_profile,cmc_gem_seamless,65.7,84,60.7,0,,377.297,60.0,94,58.2,41,,2565.617,64.2,11,8.5,0,,4927.822,49.5,4,-21.1,0,,10285.434,30.7,38,7.7,0,,14399.606,13.1,10,-33.4,0,,19087.926,-8.1,13,-45.5,0,,24594.148,-31.9,12,-66.7,0,,31342.604,America/Los_Angeles,34.066547,-118.52405,86.0,36.31019592285156
2026-09-21T01:00,pressure_profile,cmc_gem_seamless,65.3,83,60.0,0,,377.297,59.0,98,58.4,66,,2559.055,63.1,14,13.1,0,,4921.26,49.5,16,4.5,0,,10272.31,31.0,18,-8.2,0,,14383.202,12.7,10,-33.7,0,,19074.802,-9.2,13,-46.4,0,,24573.896,-31.9,14,-64.4,0,,31300.27,America/Los_Angeles,34.066547,-118.52405,86.0,36.31019592285156
2026-09-21T02:00,pressure_profile,cmc_gem_seamless,64.9,85,60.3,0,,370.735,57.8,100,57.8,100,,2555.775,61.5,22,22.3,0,,4908.137,49.0,23,13.1,0,,10255.905,31.0,10,-19.3,0,,14363.518,12.7,10,-33.7,0,,19051.838,-10.4,22,-39.1,0,,24545.542,-31.9,12,-66.7,0,,31247.354,America/Los_Angeles,34.066547,-118.52405,86.0,36.31019592285156
2026-09-21T03:00,pressure_profile,cmc_gem_seamless,64.6,89,61.3,0,,367.454,56.6,99,56.3,76,,2549.213,60.2,29,27.8,0,,4898.294,48.4,20,9.2,0,,10242.782,31.0,10,-19.3,0,,14343.832,12.3,10,-34.1,0,,19028.872,-10.4,23,-37.8,0,,24521.24,-33.7,12,-68.2,0,,31205.02,America/Los_Angeles,34.066547,-118.52405,86.0,36.31019592285156
2026-09-21T04:00,pressure_profile,cmc_gem_seamless,64.4,91,61.7,10,,367.454,56.6,98,56.1,66,,2545.932,59.2,33,30.1,0,,4891.733,47.6,16,3.0,0,,10232.939,30.7,13,-15.2,0,,14330.709,11.8,11,-32.0,0,,19005.906,-11.0,18,-42.5,0,,24492.888,-35.5,16,-65.4,0,,31162.686,America/Los_Angeles,34.066547,-118.52405,86.0,36.31019592285156
2026-09-21T05:00,pressure_profile,cmc_gem_seamless,67.1,92,64.7,15,,370.735,56.8,99,56.5,76,,2559.055,56.1,52,38.7,0,,4891.733,46.2,18,4.7,0,,10226.378,29.3,15,-12.7,0,,14314.305,10.2,13,-31.2,0,,18976.378,-11.5,20,-41.5,0,,24448.334,-36.4,14,-68.1,0,,31109.77,America/Los_Angeles,34.066547,-118.52405,86.0,36.31019592285156
2026-09-21T06:00,pressure_profile,cmc_gem_seamless,65.5,88,61.8,0,,370.735,56.8,97,56.0,58,,2552.494,57.0,46,36.4,0,,4888.452,44.6,33,17.5,0,,10219.816,29.0,15,-12.9,0,,14307.743,9.3,16,-28.2,0,,18963.254,-13.8,20,-43.4,0,,24411.878,-35.5,16,-65.4,0,,31062.146,America/Los_Angeles,34.066547,-118.52405,86.0,36.31019592285156
2026-09-21T07:00,pressure_profile,cmc_gem_seamless,65.7,86,61.4,0,,383.858,56.8,96,55.7,52,,2565.617,56.1,51,38.2,0,,4898.294,42.7,56,27.9,0,,10219.816,28.7,15,-13.2,0,,14301.182,9.3,14,-30.0,0,,18956.694,-12.1,10,-53.5,0,,24403.778,-39.1,26,-61.1,0,,31056.854,America/Los_Angeles,34.066547,-118.52405,86.0,36.31019592285156
2026-09-21T08:00,pressure_profile,cmc_gem_seamless,65.8,88,62.2,0,,390.42,56.6,97,55.8,58,,2572.179,54.8,59,40.8,0,,4901.575,41.9,58,28.1,0,,10219.816,28.4,16,-11.9,0,,14297.9,9.3,13,-31.9,0,,18950.13,-12.1,42,-28.9,0,,24411.878,-40.9,46,-53.8,0,,31062.146,America/Los_Angeles,34.066547,-118.52405,86.0,36.31019592285156
2026-09-21T09:00,pressure_profile,cmc_gem_seamless,66.2,83,60.9,0,,390.42,57.0,98,56.4,66,,2572.179,54.2,60,40.6,0,,4901.575,41.6,49,23.8,0,,10216.535,28.4,15,-13.5,0,,14294.619,9.3,11,-34.0,0,,18953.412,-12.7,68,-20.1,0,,24407.83,-39.1,20,-65.1,0,,31056.854,America/Los_Angeles,34.066547,-118.52405,86.0,36.31019592285156
2026-09-21T10:00,pressure_profile,cmc_gem_seamless,66.6,82,60.9,0,,390.42,57.4,98,56.8,66,,2575.459,54.4,58,39.9,0,,4904.856,41.3,50,24.1,0,,10219.816,28.7,13,-16.8,0,,14297.9,9.3,13,-31.9,0,,18959.974,-12.7,73,-18.8,6,,24407.83,-37.3,12,-71.1,0,,31062.146,America/Los_Angeles,34.066547,-118.52405,86.0,36.31019592285156
2026-09-21T11:00,pressure_profile,cmc_gem_seamless,69.6,74,61.0,0,,410.105,58.6,89,55.3,20,,2601.706,49.6,94,47.9,49,,4931.103,41.0,54,25.9,0,,10239.501,27.0,18,-11.5,0,,14304.462,9.3,11,-34.0,0,,18956.694,-12.7,75,-18.3,9,,24407.83,-35.5,2,-94.0,0,,31072.728,America/Los_Angeles,34.066547,-118.52405,86.0,36.31019592285156
2026-09-21T12:00,pressure_profile,cmc_gem_seamless,69.6,69,59.0,0,,387.139,58.6,92,56.3,32,,2582.021,53.7,64,41.8,0,,4914.698,41.0,54,25.9,0,,10229.659,28.0,14,-15.5,0,,14297.9,9.3,17,-26.6,0,,18953.412,-12.7,20,-42.4,0,,24407.83,-34.6,4,-84.3,0,,31083.312,America/Los_Angeles,34.066547,-118.52405,86.0,36.31019592285156
2026-09-21T13:00,pressure_profile,cmc_gem_seamless,71.1,63,57.8,0,,370.735,60.7,81,54.9,0,,2572.179,53.9,62,41.2,0,,4908.137,41.3,56,26.6,0,,10223.098,27.7,14,-15.8,0,,14294.619,9.3,21,-22.4,0,,18943.57,-11.0,3,-69.4,0,,24403.778,-34.6,8,-74.8,0,,31093.894,America/Los_Angeles,34.066547,-118.52405,86.0,36.31019592285156
2026-09-21T14:00,pressure_profile,cmc_gem_seamless,72.0,59,56.9,0,,344.488,62.3,74,53.9,0,,2552.494,54.4,62,41.6,0,,4895.013,41.6,52,25.4,0,,10213.255,27.7,15,-14.0,0,,14284.777,9.3,17,-26.6,0,,18933.726,-10.4,3,-69.0,0,,24399.728,-32.8,6,-77.4,0,,31109.77,America/Los_Angeles,34.066547,-118.52405,86.0,36.31019592285156
2026-09-21T15:00,pressure_profile,cmc_gem_seamless,72.0,59,56.9,0,,324.803,62.5,72,53.4,0,,2532.808,56.3,53,39.4,0,,4881.89,42.1,44,22.0,0,,10206.693,27.7,14,-15.8,0,,14278.215,9.3,9,-39.1,0,,18930.448,-9.8,7,-58.1,0,,24399.728,-31.9,8,-72.6,0,,31130.938,America/Los_Angeles,34.066547,-118.52405,86.0,36.31019592285156
2026-09-21T16:00,pressure_profile,cmc_gem_seamless,72.0,59,56.9,0,,324.803,61.7,75,53.7,0,,2526.247,57.9,46,37.2,0,,4875.328,43.0,33,16.0,0,,10206.693,28.0,13,-17.4,0,,14278.215,9.7,9,-38.8,0,,18930.448,-8.1,5,-61.2,0,,24407.83,-31.0,8,-71.9,0,,31162.686,America/Los_Angeles,34.066547,-118.52405,86.0,36.31019592285156
2026-09-21T17:00,pressure_profile,cmc_gem_seamless,72.3,58,56.7,0,,341.207,61.7,74,53.4,0,,2545.932,55.9,61,42.6,0,,4891.733,43.0,38,18.9,0,,10213.255,27.4,14,-16.0,0,,14284.777,10.6,11,-33.0,0,,18940.29,-6.9,7,-55.9,0,,24424.03,-31.9,10,-69.4,0,,31194.438,America/Los_Angeles,34.066547,-118.52405,86.0,36.31019592285156
2026-09-21T18:00,pressure_profile,cmc_gem_seamless,70.7,63,57.5,0,,334.646,61.9,73,53.2,0,,2532.808,57.6,59,43.4,0,,4888.452,42.7,51,25.9,0,,10213.255,27.7,19,-9.5,0,,14284.777,10.6,11,-33.0,0,,18943.57,-5.2,8,-51.0,0,,24448.334,-32.8,16,-63.1,0,,31215.604,America/Los_Angeles,34.066547,-118.52405,86.0,36.31019592285156
2026-09-21T19:00,pressure_profile,cmc_gem_seamless,69.6,69,59.0,0,,341.207,62.3,74,53.9,0,,2539.37,57.9,57,42.7,0,,4891.733,42.7,49,24.8,0,,10216.535,27.7,26,-2.6,0,,14291.339,11.0,9,-37.8,0,,18953.412,-4.1,10,-47.0,0,,24468.586,-32.8,20,-59.7,0,,31236.772,America/Los_Angeles,34.066547,-118.52405,86.0,36.31019592285156
2026-09-21T20:00,pressure_profile,cmc_gem_seamless,68.7,74,60.1,0,,347.769,61.9,79,55.3,0,,2542.651,58.9,47,38.7,0,,4898.294,43.5,40,20.8,0,,10219.816,27.7,25,-3.6,0,,14297.9,11.8,9,-37.1,0,,18963.254,-4.1,13,-42.2,0,,24488.836,-32.8,22,-58.2,0,,31257.936,America/Los_Angeles,34.066547,-118.52405,86.0,36.31019592285156
2026-09-21T21:00,pressure_profile,cmc_gem_seamless,67.6,75,59.4,0,,360.892,62.1,79,55.5,0,,2555.775,60.2,36,33.2,0,,4914.698,43.8,40,21.0,0,,10232.939,28.0,24,-4.4,0,,14311.023,12.3,10,-34.1,0,,18979.658,-4.7,15,-40.6,0,,24509.088,-32.8,10,-70.1,0,,31273.812,America/Los_Angeles,34.066547,-118.52405,86.0,36.31019592285156
2026-09-21T22:00,pressure_profile,cmc_gem_seamless,66.0,76,58.2,0,,370.735,61.3,81,55.5,0,,2562.336,61.1,35,33.2,0,,4924.541,43.8,40,21.0,0,,10242.782,28.0,24,-4.4,0,,14320.866,12.7,9,-36.5,0,,18992.784,-4.7,17,-38.8,0,,24521.24,-32.8,4,-83.0,0,,31289.688,America/Los_Angeles,34.066547,-118.52405,86.0,36.31019592285156
2026-09-21T23:00,pressure_profile,cmc_gem_seamless,64.6,79,57.9,0,,374.016,60.9,80,54.7,0,,2562.336,60.9,46,40.0,0,,4921.26,43.8,36,18.2,0,,10242.782,28.4,25,-3.0,0,,14324.147,13.1,9,-36.2,0,,18996.062,-4.7,17,-38.8,0,,24525.292,-32.8,2,-92.1,0,,31289.688,America/Los_Angeles,34.066547,-118.52405,86.0,36.31019592285156
2026-09-22T00:00,pressure_profile,cmc_gem_seamless,63.3,82,57.7,0,,374.016,60.7,78,53.8,0,,2562.336,60.2,51,42.0,0,,4917.979,44.1,31,15.4,0,,10242.782,28.4,25,-3.0,0,,14320.866,13.1,7,-39.4,0,,18996.062,-4.7,17,-38.8,0,,24529.34,-32.8,4,-83.0,0,,31289.688,America/Los_Angeles,34.066547,-118.52405,86.0,36.31019592285156
2026-09-22T01:00,pressure_profile,cmc_gem_seamless,62.4,84,57.5,0,,367.454,60.4,77,53.1,0,,2552.494,60.5,50,41.7,0,,4908.137,44.9,22,8.5,0,,10236.221,28.7,24,-3.8,0,,14317.585,13.5,7,-39.0,0,,18996.062,-5.2,17,-39.3,0,,24529.34,-33.7,4,-83.6,0,,31284.394,America/Los_Angeles,34.066547,-118.52405,86.0,36.31019592285156
2026-09-22T02:00,pressure_profile,cmc_gem_seamless,61.9,84,57.0,0,,364.173,60.5,75,52.6,0,,2542.651,60.0,53,42.8,0,,4901.575,45.4,14,-0.4,0,,10226.378,28.7,23,-5.0,0,,14314.305,14.4,7,-38.4,0,,18996.062,-5.2,18,-37.6,0,,24529.34,-33.7,4,-83.6,0,,31268.522,America/Los_Angeles,34.066547,-118.52405,86.0,36.31019592285156
2026-09-22T03:00,pressure_profile,cmc_gem_seamless,61.5,84,56.6,0,,357.612,60.5,73,51.8,0,,2536.089,59.4,57,44.1,0,,4888.452,45.7,14,-0.2,0,,10219.816,28.7,24,-3.8,0,,14304.462,14.8,7,-38.1,0,,18992.784,-5.8,20,-36.6,0,,24521.24,-34.6,4,-84.3,0,,31257.936,America/Los_Angeles,34.066547,-118.52405,86.0,36.31019592285156
2026-09-22T04:00,pressure_profile,cmc_gem_seamless,61.3,83,56.1,0,,354.331,60.4,73,51.7,0,,2532.808,58.9,56,43.3,0,,4885.171,45.4,17,2.7,0,,10213.255,29.0,23,-4.7,0,,14297.9,14.8,7,-38.1,0,,18989.502,-6.4,23,-34.3,0,,24517.19,-34.6,4,-84.3,0,,31242.064,America/Los_Angeles,34.066547,-118.52405,86.0,36.31019592285156
2026-09-22T05:00,pressure_profile,cmc_gem_seamless,61.2,83,56.0,0,,354.331,61.1,69,50.9,0,,2532.808,59.4,52,41.7,0,,4888.452,44.9,19,4.9,0,,10216.535,29.3,20,-6.8,0,,14301.182,14.4,7,-38.4,0,,18992.784,-6.9,23,-34.8,0,,24517.19,-35.5,4,-85.0,0,,31236.772,America/Los_Angeles,34.066547,-118.52405,86.0,36.31019592285156
2026-09-22T06:00,pressure_profile,cmc_gem_seamless,60.8,83,55.6,0,,357.612,61.3,68,50.7,0,,2536.089,60.2,49,41.0,0,,4898.294,44.6,26,11.4,0,,10223.098,29.7,15,-12.4,0,,14311.023,13.9,7,-38.7,0,,19002.624,-6.9,20,-37.6,0,,24521.24,-35.5,4,-85.0,0,,31236.772,America/Los_Angeles,34.066547,-118.52405,86.0,36.31019592285156
2026-09-22T07:00,pressure_profile,cmc_gem_seamless,60.4,83,55.3,0,,370.735,61.3,69,51.1,0,,2545.932,60.2,49,41.0,0,,4904.856,44.6,29,14.2,0,,10236.221,29.7,16,-10.8,0,,14324.147,13.9,9,-35.5,0,,19012.466,-6.9,15,-42.5,0,,24525.292,-36.4,6,-80.2,0,,31236.772,America/Los_Angeles,34.066547,-118.52405,86.0,36.31019592285156
2026-09-22T08:00,pressure_profile,cmc_gem_seamless,61.2,82,55.6,0,,380.577,61.1,70,51.3,0,,2555.775,60.5,47,40.1,0,,4914.698,44.3,30,14.8,0,,10252.625,29.7,23,-4.1,0,,14337.271,13.9,9,-35.5,0,,19025.59,-6.9,13,-44.5,0,,24541.494,-36.4,6,-80.2,0,,31247.354,America/Los_Angeles,34.066547,-118.52405,86.0,36.31019592285156
2026-09-22T09:00,pressure_profile,cmc_gem_seamless,63.5,79,56.9,0,,380.577,61.1,72,52.0,0,,2562.336,61.5,44,39.4,0,,4924.541,44.6,29,14.2,0,,10262.467,29.7,26,-0.9,0,,14347.113,14.4,9,-35.2,0,,19038.714,-7.5,13,-45.0,0,,24553.644,-37.3,8,-76.9,0,,31252.646,America/Los_Angeles,34.066547,-118.52405,86.0,36.31019592285156
2026-09-22T10:00,pressure_profile,cmc_gem_seamless,66.2,74,57.7,0,,374.016,61.7,70,51.8,0,,2562.336,62.8,38,36.9,0,,4931.103,44.9,30,15.3,0,,10275.591,30.3,26,-0.3,0,,14363.518,14.4,9,-35.2,0,,19058.398,-7.5,12,-47.2,0,,24569.846,-38.2,22,-62.9,0,,31273.812,America/Los_Angeles,34.066547,-118.52405,86.0,36.31019592285156
2026-09-22T11:00,pressure_profile,cmc_gem_seamless,67.8,69,57.3,0,,360.892,62.3,71,52.8,0,,2559.055,64.4,33,34.6,0,,4934.384,44.9,32,16.9,0,,10282.152,31.3,21,-3.9,0,,14373.359,14.4,9,-35.2,0,,19074.802,-7.5,13,-45.0,0,,24586.046,-39.1,26,-61.1,0,,31284.394,America/Los_Angeles,34.066547,-118.52405,86.0,36.31019592285156
2026-09-22T12:00,pressure_profile,cmc_gem_seamless,68.5,71,58.8,0,,341.207,64.1,70,54.1,0,,2545.932,66.1,31,34.6,0,,4927.822,44.9,32,16.9,0,,10278.871,32.0,19,-5.9,0,,14376.641,14.4,10,-32.4,0,,19078.084,-7.5,15,-43.0,0,,24590.098,-39.1,26,-61.1,0,,31294.98,America/Los_Angeles,34.066547,-118.52405,86.0,36.31019592285156
2026-09-22T13:00,pressure_profile,cmc_gem_seamless,69.3,75,61.0,0,,324.803,66.7,67,55.3,0,,2526.247,67.0,32,36.1,0,,4917.979,45.4,27,13.1,0,,10272.31,32.0,19,-5.9,0,,14376.641,14.4,10,-32.4,0,,19078.084,-7.5,15,-43.0,0,,24594.148,-39.1,26,-61.1,0,,31289.688,America/Los_Angeles,34.066547,-118.52405,86.0,36.31019592285156
2026-09-22T14:00,pressure_profile,cmc_gem_seamless,69.8,75,61.5,0,,305.118,68.6,65,56.4,0,,2509.843,67.8,30,35.3,0,,4904.856,46.2,20,7.3,0,,10265.748,32.3,19,-5.7,0,,14370.079,14.4,10,-32.4,0,,19074.802,-7.5,17,-41.2,0,,24594.148,-39.1,20,-65.1,0,,31289.688,America/Los_Angeles,34.066547,-118.52405,86.0,36.31019592285156
2026-09-22T15:00,pressure_profile,cmc_gem_seamless,70.2,73,61.1,0,,285.433,70.0,66,58.1,0,,2493.438,68.3,31,36.5,0,,4895.013,46.8,13,-1.0,0,,10255.905,32.3,19,-5.7,0,,14363.518,14.8,9,-34.8,0,,19068.242,-7.5,17,-41.2,0,,24590.098,-38.2,12,-71.9,0,,31289.688,America/Los_Angeles,34.066547,-118.52405,86.0,36.31019592285156
2026-09-22T16:00,pressure_profile,cmc_gem_seamless,70.5,72,61.1,0,,265.748,70.8,64,58.0,0,,2480.315,68.7,33,38.4,0,,4885.171,46.8,11,-4.8,0,,10252.625,32.7,19,-5.4,0,,14360.236,15.2,9,-34.5,0,,19064.96,-7.5,15,-43.0,0,,24594.148,-38.2,10,-74.5,0,,31294.98,America/Los_Angeles,34.066547,-118.52405,86.0,36.31019592285156
2026-09-22T17:00,pressure_profile,cmc_gem_seamless,71.1,72,61.6,0,,252.625,71.8,62,58.1,0,,2473.754,68.9,36,40.9,0,,4878.609,47.3,14,1.1,0,,10252.625,32.3,20,-4.3,0,,14360.236,15.6,7,-37.4,0,,19068.242,-7.5,13,-45.0,0,,24598.198,-37.3,8,-76.9,0,,31300.27,America/Los_Angeles,34.066547,-118.52405,86.0,36.31019592285156
2026-09-22T18:00,pressure_profile,cmc_gem_seamless,71.4,71,61.5,0,,246.063,72.6,58,56.9,0,,2473.754,69.1,36,41.1,0,,4881.89,47.3,22,10.6,0,,10259.187,31.7,23,-2.4,0,,14366.798,16.0,7,-37.1,0,,19078.084,-7.5,13,-45.0,0,,24610.35,-37.3,8,-76.9,0,,31316.146,America/Los_Angeles,34.066547,-118.52405,86.0,36.31019592285156
2026-09-22T19:00,pressure_profile,cmc_gem_seamless,71.1,73,62.0,0,,249.344,73.9,46,51.9,0,,2477.034,69.6,34,40.0,0,,4885.171,47.1,32,18.9,0,,10265.748,31.7,25,-0.2,0,,14376.641,16.5,7,-36.8,0,,19087.926,-7.5,12,-47.2,0,,24622.502,-37.3,10,-73.8,0,,31326.728,America/Los_Angeles,34.066547,-118.52405,86.0,36.31019592285156
2026-09-22T20:00,pressure_profile,cmc_gem_seamless,69.8,79,63.0,0,,259.186,75.7,32,43.8,0,,2486.877,69.1,36,41.1,0,,4898.294,47.1,36,21.2,0,,10275.591,32.0,25,0.1,0,,14389.764,16.9,9,-33.2,0,,19104.33,-7.5,8,-52.8,0,,24634.652,-37.3,10,-73.8,0,,31342.604,America/Los_Angeles,34.066547,-118.52405,86.0,36.31019592285156
2026-09-22T21:00,pressure_profile,cmc_gem_seamless,68.5,81,62.5,0,,275.591,76.3,33,45.1,0,,2496.719,68.7,39,42.8,0,,4911.418,47.6,34,20.9,0,,10285.434,32.3,26,1.4,0,,14402.888,16.9,9,-33.2,0,,19117.456,-7.5,8,-52.8,0,,24646.802,-37.3,10,-73.8,0,,31358.478,America/Los_Angeles,34.066547,-118.52405,86.0,36.31019592285156
2026-09-22T22:00,pressure_profile,cmc_gem_seamless,67.1,82,61.4,0,,285.433,75.1,39,48.5,0,,2503.281,69.8,34,40.2,0,,4917.979,47.6,31,18.5,0,,10298.557,32.3,26,1.4,0,,14416.011,16.5,9,-33.5,0,,19124.016,-6.9,8,-52.3,0,,24654.904,-37.3,10,-73.8,0,,31369.062,America/Los_Angeles,34.066547,-118.52405,86.0,36.31019592285156
2026-09-22T23:00,pressure_profile,cmc_gem_seamless,65.7,83,60.4,0,,288.714,74.1,41,48.9,0,,2500.0,70.5,28,35.8,0,,4917.979,47.9,31,18.8,0,,10301.837,32.3,28,2.4,0,,14416.011,16.5,9,-33.5,0,,19127.296,-6.9,8,-52.3,0,,24654.904,-37.3,6,-80.9,0,,31374.356,America/Los_Angeles,34.066547,-118.52405,86.0,36.31019592285156
2026-09-23T00:00,pressure_profile,cmc_gem_seamless,64.9,86,60.7,0,,288.714,74.1,42,49.6,0,,2496.719,70.9,26,34.3,0,,4917.979,47.6,34,20.9,0,,10301.837,32.3,26,1.4,0,,14416.011,16.5,9,-33.5,0,,19127.296,-6.9,8,-52.3,0,,24654.904,-37.3,8,-76.9,0,,31374.356,America/Los_Angeles,34.066547,-118.52405,86.0,36.31019592285156
2026-09-23T01:00,pressure_profile,cmc_gem_seamless,64.6,86,60.3,0,,282.152,74.5,40,48.6,0,,2493.438,71.1,26,34.5,0,,4914.698,47.3,36,21.4,0,,10298.557,32.7,24,-0.4,0,,14412.729,16.0,10,-31.1,0,,19124.016,-6.9,8,-52.3,0,,24650.854,-37.3,8,-76.9,0,,31369.062,America/Los_Angeles,34.066547,-118.52405,86.0,36.31019592285156
2026-09-23T02:00,pressure_profile,cmc_gem_seamless,64.2,84,59.3,0,,282.152,74.3,39,47.8,0,,2490.158,71.1,25,33.5,0,,4911.418,46.8,37,21.7,0,,10295.275,33.0,23,-1.3,0,,14409.449,16.0,10,-31.1,0,,19120.734,-6.9,8,-52.3,0,,24646.802,-37.3,8,-76.9,0,,31363.772,America/Los_Angeles,34.066547,-118.52405,86.0,36.31019592285156
2026-09-23T03:00,pressure_profile,cmc_gem_seamless,63.7,83,58.4,0,,278.871,74.5,36,45.8,0,,2486.877,71.3,24,32.7,0,,4904.856,46.5,39,22.8,0,,10288.714,33.0,21,-2.5,0,,14402.888,15.6,10,-31.4,0,,19114.174,-6.9,8,-52.3,0,,24638.704,-37.3,10,-73.8,0,,31358.478,America/Los_Angeles,34.066547,-118.52405,86.0,36.31019592285156
2026-09-23T04:00,pressure_profile,cmc_gem_seamless,63.7,79,57.0,0,,275.591,75.1,31,42.4,0,,2483.596,71.3,23,31.6,0,,4904.856,46.2,39,22.6,0,,10282.152,33.0,21,-2.5,0,,14396.325,15.6,11,-29.0,0,,19107.612,-6.4,8,-51.9,0,,24634.652,-38.2,10,-74.5,0,,31358.478,America/Los_Angeles,34.066547,-118.52405,86.0,36.31019592285156
2026-09-23T05:00,pressure_profile,cmc_gem_seamless,63.9,73,55.0,0,,275.591,75.9,28,40.5,0,,2486.877,71.3,24,32.7,0,,4908.137,46.0,39,22.3,0,,10285.434,33.0,20,-3.8,0,,14396.325,16.0,11,-28.6,0,,19110.892,-6.4,8,-51.9,0,,24638.704,-38.2,10,-74.5,0,,31358.478,America/Los_Angeles,34.066547,-118.52405,86.0,36.31019592285156
2026-09-23T06:00,pressure_profile,cmc_gem_seamless,63.9,66,52.3,0,,278.871,76.9,26,39.4,0,,2493.438,71.1,25,33.5,0,,4914.698,46.2,38,21.9,0,,10288.714,33.0,20,-3.8,0,,14402.888,16.0,10,-31.1,0,,19117.456,-6.4,8,-51.9,0,,24646.802,-38.2,10,-74.5,0,,31369.062,America/Los_Angeles,34.066547,-118.52405,86.0,36.31019592285156
2026-09-23T07:00,pressure_profile,cmc_gem_seamless,64.0,59,49.4,0,,285.433,77.3,25,38.7,0,,2500.0,70.9,25,33.3,0,,4921.26,46.5,33,19.2,0,,10298.557,33.0,19,-5.1,0,,14412.729,16.0,10,-31.1,0,,19124.016,-6.4,8,-51.9,0,,24654.904,-38.2,8,-77.6,0,,31374.356,America/Los_Angeles,34.066547,-118.52405,86.0,36.31019592285156
2026-09-23T08:00,pressure_profile,cmc_gem_seamless,64.9,54,47.9,0,,295.276,77.5,26,39.9,0,,2513.123,71.1,24,32.5,0,,4934.384,46.8,28,15.2,0,,10311.68,33.0,19,-5.1,0,,14425.854,16.0,10,-31.1,0,,19140.42,-6.4,8,-51.9,0,,24671.106,-37.3,8,-76.9,0,,31384.938,America/Los_Angeles,34.066547,-118.52405,86.0,36.31019592285156
2026-09-23T09:00,pressure_profile,cmc_gem_seamless,67.5,53,49.7,0,,295.276,78.7,22,36.6,0,,2522.966,70.9,27,35.2,0,,4947.507,47.1,23,11.5,0,,10321.522,33.3,18,-6.3,0,,14435.695,16.0,10,-31.1,0,,19150.262,-6.9,8,-52.3,0,,24683.256,-38.2,8,-77.6,0,,31395.52,America/Los_Angeles,34.066547,-118.52405,86.0,36.31019592285156
2026-09-23T10:00,pressure_profile,cmc_gem_seamless,70.3,55,53.4,0,,295.276,80.0,20,35.4,0,,2532.808,70.5,27,34.9,0,,4954.069,47.3,22,10.6,0,,10331.365,33.3,16,-7.8,0,,14448.819,16.0,10,-31.1,0,,19163.386,-6.9,8,-52.3,0,,24691.358,-38.2,8,-77.6,0,,31400.812,America/Los_Angeles,34.066547,-118.52405,86.0,36.31019592285156
2026-09-23T11:00,pressure_profile,cmc_gem_seamless,72.0,57,55.9,0,,295.276,80.6,21,37.1,0,,2536.089,70.7,23,31.1,0,,4960.63,47.6,21,9.7,0,,10337.927,33.7,16,-7.5,0,,14455.381,16.0,10,-31.1,0,,19169.948,-6.9,8,-52.3,0,,24699.458,-38.2,8,-77.6,0,,31411.396,America/Los_Angeles,34.066547,-118.52405,86.0,36.31019592285156
2026-09-23T12:00,pressure_profile,cmc_gem_seamless,73.0,59,57.9,0,,288.714,80.6,22,38.3,0,,2536.089,70.9,23,31.2,0,,4960.63,47.6,19,7.2,0,,10337.927,34.0,15,-8.9,0,,14458.661,16.0,10,-31.1,0,,19176.51,-6.9,8,-52.3,0,,24703.508,-38.2,8,-77.6,0,,31416.69,America/Los_Angeles,34.066547,-118.52405,86.0,36.31019592285156
2026-09-23T13:00,pressure_profile,cmc_gem_seamless,74.1,61,59.8,0,,275.591,81.0,22,38.6,0,,2529.528,71.1,21,29.2,0,,4954.069,47.6,17,4.5,0,,10334.646,34.0,15,-8.9,0,,14455.381,16.0,10,-31.1,0,,19176.51,-6.9,8,-52.3,0,,24703.508,-38.2,8,-77.6,0,,31411.396,America/Los_Angeles,34.066547,-118.52405,86.0,36.31019592285156
2026-09-23T14:00,pressure_profile,cmc_gem_seamless,75.0,61,60.7,0,,259.186,82.0,21,38.2,0,,2516.404,71.3,20,28.2,0,,4944.226,47.9,23,12.2,0,,10328.084,34.0,14,-10.7,0,,14448.819,16.5,9,-33.5,0,,19166.666,-6.9,8,-52.3,0,,24699.458,-37.3,8,-76.9,0,,31406.106,America/Los_Angeles,34.066547,-118.52405,86.0,36.31019592285156
2026-09-23T15:00,pressure_profile,cmc_gem_seamless,76.1,61,61.7,0,,239.501,82.6,20,37.5,0,,2506.562,72.0,18,26.1,0,,4934.384,47.9,34,21.2,0,,10318.241,34.0,13,-12.6,0,,14442.258,16.5,9,-33.5,0,,19160.106,-6.9,8,-52.3,0,,24695.408,-38.2,8,-77.6,0,,31400.812,America/Los_Angeles,34.066547,-118.52405,86.0,36.31019592285156
2026-09-23T16:00,pressure_profile,cmc_gem_seamless,77.0,61,62.5,0,,226.378,83.4,16,32.5,0,,2493.438,72.6,19,28.0,0,,4924.541,47.3,46,27.4,0,,10314.961,34.0,13,-12.6,0,,14435.695,16.5,7,-36.8,0,,19153.542,-6.9,7,-55.9,0,,24687.308,-38.2,8,-77.6,0,,31395.52,America/Los_Angeles,34.066547,-118.52405,86.0,36.31019592285156
2026-09-23T17:00,pressure_profile,cmc_gem_seamless,77.5,60,62.6,0,,216.535,84.2,14,29.8,0,,2486.877,73.1,20,29.6,0,,4921.26,47.1,52,30.4,0,,10314.961,33.7,14,-10.9,0,,14435.695,16.5,7,-36.8,0,,19153.542,-6.9,7,-55.9,0,,24687.308,-38.2,8,-77.6,0,,31395.52,America/Los_Angeles,34.066547,-118.52405,86.0,36.31019592285156
2026-09-23T18:00,pressure_profile,cmc_gem_seamless,77.7,59,62.3,0,,216.535,84.6,13,28.3,0,,2486.877,73.7,16,24.7,0,,4924.541,47.1,54,31.5,0,,10321.522,33.7,15,-9.2,0,,14442.258,16.5,7,-36.8,0,,19156.824,-6.9,7,-55.9,0,,24691.358,-38.2,8,-77.6,0,,31390.23,America/Los_Angeles,34.066547,-118.52405,86.0,36.31019592285156
2026-09-23T19:00,pressure_profile,cmc_gem_seamless,77.5,60,62.6,0,,223.097,84.2,14,29.8,0,,2496.719,74.1,10,14.1,0,,4931.103,47.1,53,31.0,0,,10331.365,33.3,16,-7.8,0,,14448.819,16.0,9,-33.9,0,,19163.386,-6.9,7,-55.9,0,,24691.358,-38.2,8,-77.6,0,,31395.52,America/Los_Angeles,34.066547,-118.52405,86.0,36.31019592285156
2026-09-23T20:00,pressure_profile,cmc_gem_seamless,77.4,49,56.7,0,,236.22,84.2,14,29.8,0,,2506.562,74.4,11,16.4,0,,4944.226,46.8,53,30.7,0,,10344.488,33.0,16,-8.1,0,,14458.661,16.0,9,-33.9,0,,19169.948,-6.9,7,-55.9,0,,24699.458,-38.2,8,-77.6,0,,31406.106,America/Los_Angeles,34.066547,-118.52405,86.0,36.31019592285156
2026-09-23T21:00,pressure_profile,cmc_gem_seamless,75.6,44,52.1,0,,252.625,83.8,14,29.5,0,,2522.966,73.9,16,24.9,0,,4957.349,46.8,54,31.2,0,,10360.893,32.7,16,-8.3,0,,14468.504,16.0,9,-33.9,0,,19179.792,-6.9,7,-55.9,0,,24707.56,-38.2,8,-77.6,0,,31416.69,America/Los_Angeles,34.066547,-118.52405,86.0,36.31019592285156
2026-09-23T22:00,pressure_profile,cmc_gem_seamless,71.2,51,52.2,0,,278.871,83.6,15,31.1,0,,2532.808,73.5,17,26.0,0,,4967.192,46.5,54,31.0,0,,10367.454,32.3,18,-7.1,0,,14471.785,16.0,9,-33.9,0,,19179.792,-7.5,7,-56.3,0,,24707.56,-38.2,8,-77.6,0,,31416.69,America/Los_Angeles,34.066547,-118.52405,86.0,36.31019592285156
2026-09-23T23:00,pressure_profile,cmc_gem_seamless,69.1,66,57.2,0,,298.556,83.0,19,36.5,0,,2536.089,73.7,16,24.7,0,,4967.192,46.5,52,29.9,0,,10367.454,32.3,18,-7.1,0,,14468.504,15.6,9,-34.2,0,,19176.51,-7.5,7,-56.3,0,,24703.508,-38.2,8,-77.6,0,,31411.396,America/Los_Angeles,34.066547,-118.52405,86.0,36.31019592285156
2026-09-24T00:00,pressure_profile,cmc_gem_seamless,68.2,82,62.5,0,,308.399,81.0,25,41.9,0,,2532.808,73.5,16,24.5,0,,4963.911,46.2,52,29.7,0,,10360.893,32.3,18,-7.1,0,,14465.224,15.6,9,-34.2,0,,19169.948,-7.5,5,-60.8,0,,24695.408,-38.2,8,-77.6,0,,31400.812,America/Los_Angeles,34.066547,-118.52405,86.0,36.31019592285156
2026-09-24T01:00,pressure_profile,cmc_gem_seamless,67.8,85,63.1,0,,308.399,79.3,30,45.1,0,,2526.247,73.5,16,24.5,0,,4957.349,46.2,52,29.7,0,,10357.611,32.0,15,-10.5,0,,14458.661,15.6,7,-37.4,0,,19163.386,-7.5,5,-60.8,0,,24687.308,-38.2,8,-77.6,0,,31384.938,America/Los_Angeles,34.066547,-118.52405,86.0,36.31019592285156
2026-09-24T02:00,pressure_profile,cmc_gem_seamless,67.3,84,62.3,0,,301.837,78.7,31,45.5,0,,2522.966,73.5,17,26.0,0,,4954.069,46.0,51,28.9,0,,10347.77,32.0,14,-12.3,0,,14452.1,15.6,7,-37.4,0,,19156.824,-7.5,5,-60.8,0,,24675.156,-38.2,8,-77.6,0,,31374.356,America/Los_Angeles,34.066547,-118.52405,86.0,36.31019592285156
2026-09-24T03:00,pressure_profile,cmc_gem_seamless,66.9,83,61.6,0,,295.276,78.5,31,45.3,0,,2516.404,73.3,18,27.2,0,,4947.507,46.0,50,28.4,0,,10341.207,31.7,16,-9.2,0,,14442.258,15.6,7,-37.4,0,,19143.702,-7.5,5,-60.8,0,,24667.056,-38.2,8,-77.6,0,,31363.772,America/Los_Angeles,34.066547,-118.52405,86.0,36.31019592285156
2026-09-24T04:00,pressure_profile,cmc_gem_seamless,66.4,80,60.0,0,,291.995,78.7,30,44.6,0,,2513.123,73.3,19,28.5,0,,4944.226,45.7,51,28.6,0,,10337.927,31.3,19,-6.5,0,,14435.695,15.2,7,-37.7,0,,19140.42,-7.5,5,-60.8,0,,24658.956,-38.2,8,-77.6,0,,31358.478,America/Los_Angeles,34.066547,-118.52405,86.0,36.31019592285156
2026-09-24T05:00,pressure_profile,cmc_gem_seamless,66.0,75,57.9,0,,295.276,78.9,29,43.9,0,,2516.404,73.1,20,29.6,0,,4944.226,45.4,52,28.9,0,,10337.927,31.3,15,-11.1,0,,14435.695,15.2,9,-34.5,0,,19137.138,-7.5,3,-66.9,0,,24654.904,-38.2,8,-77.6,0,,31358.478,America/Los_Angeles,34.066547,-118.52405,86.0,36.31019592285156
2026-09-24T06:00,pressure_profile,cmc_gem_seamless,65.5,70,55.4,0,,298.556,79.3,27,42.4,0,,2519.685,73.1,21,30.8,0,,4950.788,45.1,53,29.2,0,,10341.207,31.7,8,-24.3,0,,14435.695,15.2,9,-34.5,0,,19137.138,-7.5,3,-66.9,0,,24658.956,-38.2,6,-81.6,0,,31363.772,America/Los_Angeles,34.066547,-118.52405,86.0,36.31019592285156
2026-09-24T07:00,pressure_profile,cmc_gem_seamless,64.9,67,53.7,0,,305.118,79.6,26,41.7,0,,2529.528,73.1,21,30.8,0,,4960.63,45.1,52,28.7,0,,10351.05,31.3,6,-28.0,0,,14442.258,15.2,7,-37.7,0,,19146.982,-7.5,3,-66.9,0,,24671.106,-38.2,6,-81.6,0,,31374.356,America/Los_Angeles,34.066547,-118.52405,86.0,36.31019592285156
2026-09-24T08:00,pressure_profile,cmc_gem_seamless,65.3,62,51.9,0,,314.961,79.6,25,40.7,0,,2542.651,73.1,22,32.0,0,,4973.754,45.1,49,27.1,0,,10364.173,31.7,8,-24.3,0,,14455.381,15.2,7,-37.7,0,,19160.106,-7.5,2,-76.9,0,,24683.256,-38.2,6,-81.6,0,,31384.938,America/Los_Angeles,34.066547,-118.52405,86.0,36.31019592285156
2026-09-24T09:00,pressure_profile,cmc_gem_seamless,68.2,56,51.9,0,,321.522,79.6,24,39.7,0,,2552.494,72.8,23,32.9,0,,4983.596,45.4,41,23.1,0,,10374.016,31.7,6,-27.7,0,,14468.504,15.2,7,-37.7,0,,19169.948,-6.9,2,-76.6,0,,24691.358,-37.3,6,-80.9,0,,31400.812,America/Los_Angeles,34.066547,-118.52405,86.0,36.31019592285156
2026-09-24T10:00,pressure_profile,cmc_gem_seamless,71.1,59,56.0,0,,321.522,79.8,24,39.8,0,,2562.336,72.8,24,33.9,0,,4993.439,45.7,40,22.7,0,,10383.858,31.3,8,-24.6,0,,14478.347,15.2,7,-37.7,0,,19179.792,-6.9,2,-76.6,0,,24699.458,-37.3,8,-76.9,0,,31411.396,America/Los_Angeles,34.066547,-118.52405,86.0,36.31019592285156
2026-09-24T11:00,pressure_profile,cmc_gem_seamless,73.2,59,58.0,0,,321.522,80.4,23,39.2,0,,2568.898,73.1,24,34.1,0,,5000.0,45.7,42,24.0,0,,10390.42,31.3,8,-24.6,0,,14484.908,14.8,7,-38.1,0,,19186.352,-6.4,2,-76.2,0,,24711.61,-37.3,8,-76.9,0,,31427.272,America/Los_Angeles,34.066547,-118.52405,86.0,36.31019592285156
2026-09-24T12:00,pressure_profile,cmc_gem_seamless,74.1,61,59.8,0,,314.961,81.2,21,37.6,0,,2565.617,73.3,23,33.2,0,,5000.0,45.7,44,25.3,0,,10390.42,31.3,8,-24.6,0,,14488.189,15.2,7,-37.7,0,,19189.632,-6.4,2,-76.2,0,,24715.662,-37.3,8,-76.9,0,,31432.564,America/Los_Angeles,34.066547,-118.52405,86.0,36.31019592285156
2026-09-24T13:00,pressure_profile,cmc_gem_seamless,74.8,62,61.0,0,,305.118,82.0,20,37.0,0,,2559.055,73.5,22,32.3,0,,4993.439,46.0,46,26.1,0,,10387.14,31.3,9,-21.6,0,,14484.908,15.2,7,-37.7,0,,19186.352,-6.4,2,-76.2,0,,24715.662,-37.3,8,-76.9,0,,31437.854,America/Los_Angeles,34.066547,-118.52405,86.0,36.31019592285156
2026-09-24T14:00,pressure_profile,cmc_gem_seamless,75.7,61,61.3,0,,288.714,82.8,19,36.3,0,,2549.213,73.7,21,31.3,0,,4983.596,46.2,46,26.4,0,,10377.297,31.3,9,-21.6,0,,14478.347,15.2,6,-41.6,0,,19179.792,-5.8,2,-75.8,0,,24711.61,-37.3,8,-76.9,0,,31432.564,America/Los_Angeles,34.066547,-118.52405,86.0,36.31019592285156
2026-09-24T15:00,pressure_profile,cmc_gem_seamless,76.6,62,62.6,0,,272.31,83.6,18,35.6,0,,2536.089,73.9,21,31.5,0,,4970.473,46.8,43,25.6,0,,10370.735,31.0,11,-17.0,0,,14471.785,15.2,6,-41.6,0,,19173.228,-5.8,2,-75.8,0,,24707.56,-37.3,10,-73.8,0,,31432.564,America/Los_Angeles,34.066547,-118.52405,86.0,36.31019592285156
2026-09-24T16:00,pressure_profile,cmc_gem_seamless,77.0,64,63.9,0,,259.186,83.8,21,39.7,0,,2522.966,74.1,21,31.7,0,,4960.63,47.6,40,24.5,0,,10364.173,30.3,14,-13.6,0,,14468.504,15.6,6,-41.3,0,,19166.666,-5.8,3,-65.7,0,,24707.56,-36.4,12,-70.4,0,,31432.564,America/Los_Angeles,34.066547,-118.52405,86.0,36.31019592285156
2026-09-24T17:00,pressure_profile,cmc_gem_seamless,77.2,67,65.4,0,,249.344,83.4,29,47.8,0,,2516.404,74.1,21,31.7,0,,4957.349,47.6,39,23.8,0,,10360.893,30.3,16,-10.2,0,,14465.224,15.6,4,-46.2,0,,19166.666,-5.8,3,-65.7,0,,24711.61,-34.6,6,-78.8,0,,31443.146,America/Los_Angeles,34.066547,-118.52405,86.0,36.31019592285156
2026-09-24T18:00,pressure_profile,cmc_gem_seamless,77.4,65,64.7,0,,249.344,83.0,27,45.6,0,,2516.404,74.1,21,31.7,0,,4954.069,47.9,40,24.7,0,,10360.893,30.7,16,-10.0,0,,14465.224,16.0,4,-45.9,0,,19169.948,-5.8,3,-65.7,0,,24715.662,-34.6,12,-68.9,0,,31459.022,America/Los_Angeles,34.066547,-118.52405,86.0,36.31019592285156
2026-09-24T19:00,pressure_profile,cmc_gem_seamless,76.5,64,63.4,0,,255.906,83.2,19,36.7,0,,2522.966,73.9,20,30.3,0,,4957.349,47.6,41,25.1,0,,10364.173,30.7,18,-8.5,0,,14468.504,16.9,4,-45.3,0,,19176.51,-5.8,7,-55.0,0,,24727.812,-34.6,22,-59.8,0,,31474.894,America/Los_Angeles,34.066547,-118.52405,86.0,36.31019592285156
2026-09-24T20:00,pressure_profile,cmc_gem_seamless,75.6,58,59.7,0,,265.748,84.4,17,34.8,0,,2532.808,73.9,20,30.3,0,,4967.192,47.6,42,25.8,0,,10374.016,30.3,20,-6.0,0,,14475.065,17.7,3,-51.4,0,,19186.352,-5.2,10,-48.0,0,,24739.962,-33.7,30,-54.1,0,,31496.062,America/Los_Angeles,34.066547,-118.52405,86.0,36.31019592285156
2026-09-24T21:00,pressure_profile,cmc_gem_seamless,74.1,54,56.4,0,,278.871,84.6,18,36.4,0,,2542.651,73.5,20,30.0,0,,4980.315,47.6,42,25.8,0,,10383.858,30.0,24,-2.7,0,,14481.627,18.6,3,-50.8,0,,19196.196,-5.2,12,-45.4,0,,24752.114,-33.7,30,-54.1,0,,31517.228,America/Los_Angeles,34.066547,-118.52405,86.0,36.31019592285156
2026-09-24T22:00,pressure_profile,cmc_gem_seamless,72.1,59,57.0,0,,291.995,83.8,20,38.4,0,,2549.213,73.1,21,30.8,0,,4983.596,47.3,41,24.9,0,,10383.858,30.3,24,-2.4,0,,14481.627,18.6,3,-50.8,0,,19199.474,-4.7,12,-44.9,0,,24756.166,-33.7,28,-55.2,0,,31527.814,America/Los_Angeles,34.066547,-118.52405,86.0,36.31019592285156
2026-09-24T23:00,pressure_profile,cmc_gem_seamless,70.0,67,58.5,0,,298.556,83.0,23,41.4,0,,2545.932,72.8,22,31.8,0,,4980.315,47.3,39,23.5,0,,10377.297,31.7,16,-9.2,0,,14475.065,18.6,3,-50.8,0,,19199.474,-4.7,13,-42.7,0,,24752.114,-33.7,32,-53.1,0,,31527.814,America/Los_Angeles,34.066547,-118.52405,86.0,36.31019592285156
2026-09-25T00:00,pressure_profile,cmc_gem_seamless,68.5,77,61.0,0,,305.118,82.4,25,43.1,0,,2542.651,72.4,25,34.6,0,,4973.754,47.1,41,24.6,0,,10367.454,32.7,10,-18.0,0,,14468.504,18.6,4,-44.0,0,,19196.196,-5.2,15,-41.1,0,,24748.064,-33.7,28,-55.2,0,,31522.522,America/Los_Angeles,34.066547,-118.52405,86.0,36.31019592285156
2026-09-25T01:00,pressure_profile,cmc_gem_seamless,68.0,81,62.0,0,,308.399,81.2,27,44.1,0,,2539.37,72.2,27,36.4,0,,4970.473,46.8,42,25.0,0,,10360.893,33.3,6,-26.5,0,,14465.224,18.1,4,-44.4,0,,19192.914,-5.2,17,-39.3,0,,24739.962,-33.7,34,-52.1,0,,31511.94,America/Los_Angeles,34.066547,-118.52405,86.0,36.31019592285156
2026-09-25T02:00,pressure_profile,cmc_gem_seamless,67.6,82,61.9,0,,311.68,80.8,29,45.6,0,,2539.37,72.2,27,36.4,0,,4967.192,46.5,40,23.5,0,,10357.611,34.0,5,-30.1,0,,14461.942,17.7,6,-39.7,0,,19189.632,-5.8,17,-39.8,0,,24731.862,-33.7,32,-53.1,0,,31501.356,America/Los_Angeles,34.066547,-118.52405,86.0,36.31019592285156
2026-09-25T03:00,pressure_profile,cmc_gem_seamless,67.0,81,60.8,0,,314.14,79.4,31,46.2,0,,2539.37,72.0,27,36.2,0,,4966.372,46.5,36,20.7,0,,10355.972,34.0,6,-26.9,0,,14461.942,17.2,5,-41.4,0,,19183.89,-6.1,17,-39.6,0,,24723.762,-34.6,36,-52.2,0,,31482.834,America/Los_Angeles,34.066547,-118.52405,86.0,36.31019592285156
2026-09-25T04:00,pressure_profile,cmc_gem_seamless,66.7,75,58.6,0,,321.522,77.7,35,47.3,0,,2542.651,71.6,27,35.9,0,,4968.832,46.2,33,18.5,0,,10355.972,33.2,7,-25.5,0,,14457.021,16.9,6,-40.4,0,,19178.15,-6.4,18,-38.9,0,,24715.66,-34.6,28,-57.0,0,,31469.606,America/Los_Angeles,34.066547,-118.52405,86.0,36.31019592285156
2026-09-25T05:00,pressure_profile,cmc_gem_seamless,66.6,70,56.4,0,,331.365,76.5,36,47.6,0,,2550.853,71.4,27,35.9,0,,4973.754,46.0,32,17.9,0,,10358.432,32.5,7,-24.5,0,,14457.842,16.7,6,-40.5,0,,19172.408,-6.5,17,-40.1,0,,24707.56,-34.6,32,-55.0,0,,31460.342,America/Los_Angeles,34.066547,-118.52405,86.0,36.31019592285156
2026-09-25T06:00,pressure_profile,cmc_gem_seamless,65.7,65,53.6,0,,337.927,76.1,36,47.2,0,,2559.055,71.3,27,35.6,0,,4980.315,45.7,34,19.2,0,,10360.893,32.0,8,-24.1,0,,14455.381,16.5,6,-40.7,0,,19169.948,-6.4,17,-40.2,0,,24703.508,-34.6,36,-52.0,0,,31453.73,America/Los_Angeles,34.066547,-118.52405,86.0,36.31019592285156
2026-09-25T07:00,pressure_profile,cmc_gem_seamless,64.9,61,51.2,0,,337.927,76.3,36,47.4,0,,2559.055,71.1,27,35.4,0,,4980.315,45.4,36,19.7,0,,10360.893,32.0,6,-27.5,0,,14455.381,16.9,6,-40.4,0,,19169.948,-6.4,17,-40.2,0,,24707.56,-34.6,34,-52.9,0,,31464.312,America/Los_Angeles,34.066547,-118.52405,86.0,36.31019592285156
2026-09-25T08:00,pressure_profile,cmc_gem_seamless,65.1,59,50.4,0,,341.207,76.5,35,46.8,0,,2565.617,71.1,27,35.4,0,,4986.877,45.1,37,20.2,0,,10364.173,32.0,6,-27.5,0,,14458.661,16.9,7,-36.5,0,,19173.228,-5.8,17,-39.8,0,,24711.61,-34.6,30,-54.9,0,,31469.606,America/Los_Angeles,34.066547,-118.52405,86.0,36.31019592285156
2026-09-25T09:00,pressure_profile,cmc_gem_seamless,67.1,60,52.8,0,,347.769,76.9,34,46.4,0,,2575.459,71.1,28,36.3,0,,4996.719,45.1,38,20.9,0,,10377.297,32.3,5,-31.3,0,,14468.504,17.3,9,-32.9,0,,19186.352,-5.8,17,-39.8,0,,24723.762,-34.6,24,-58.4,0,,31480.188,America/Los_Angeles,34.066547,-118.52405,86.0,36.31019592285156
2026-09-25T10:00,pressure_profile,cmc_gem_seamless,70.2,62,56.5,0,,357.612,77.5,32,45.3,0,,2591.864,70.9,29,37.0,0,,5013.124,44.9,40,22.0,0,,10390.42,32.7,5,-31.1,0,,14481.627,17.3,11,-27.6,0,,19202.756,-5.8,17,-39.8,0,,24739.962,-34.6,16,-64.6,0,,31496.062,America/Los_Angeles,34.066547,-118.52405,86.0,36.31019592285156
2026-09-25T11:00,pressure_profile,cmc_gem_seamless,72.5,64,59.6,0,,357.612,78.1,31,45.0,0,,2598.425,70.9,29,37.0,0,,5019.685,44.9,42,23.3,0,,10400.263,33.0,4,-36.0,0,,14491.47,17.7,13,-25.1,0,,19212.598,-5.8,18,-38.1,0,,24752.114,-34.6,14,-66.6,0,,31506.646,America/Los_Angeles,34.066547,-118.52405,86.0,36.31019592285156
2026-09-25T12:00,pressure_profile,cmc_gem_seamless,73.8,65,61.3,0,,347.769,79.1,30,45.0,0,,2595.144,70.9,28,36.2,0,,5016.405,44.6,49,26.6,0,,10396.981,33.3,4,-35.8,0,,14491.47,17.7,14,-23.1,0,,19212.598,-5.8,20,-36.6,0,,24752.114,-34.6,20,-61.2,0,,31501.356,America/Los_Angeles,34.066547,-118.52405,86.0,36.31019592285156
2026-09-25T13:00,pressure_profile,cmc_gem_seamless,74.5,66,62.4,0,,331.365,80.0,29,44.9,0,,2582.021,71.1,27,35.4,0,,5009.843,44.3,56,29.4,0,,10387.14,33.3,4,-35.8,0,,14484.908,17.7,16,-21.3,0,,19206.038,-6.4,22,-35.6,0,,24748.064,-34.6,30,-54.9,0,,31496.062,America/Los_Angeles,34.066547,-118.52405,86.0,36.31019592285156
2026-09-25T14:00,pressure_profile,cmc_gem_seamless,75.0,66,62.9,0,,314.961,81.0,28,44.9,0,,2572.179,71.3,26,34.7,0,,5000.0,44.3,59,30.8,0,,10377.297,33.7,4,-35.5,0,,14478.347,17.7,17,-19.6,0,,19199.474,-6.4,23,-34.3,0,,24739.962,-34.6,38,-51.1,0,,31485.48,America/Los_Angeles,34.066547,-118.52405,86.0,36.31019592285156
2026-09-25T15:00,pressure_profile,cmc_gem_seamless,75.9,65,63.3,0,,298.556,81.6,27,44.4,0,,2562.336,71.5,25,33.9,0,,4990.158,44.6,54,29.2,0,,10367.454,34.0,4,-35.3,0,,14475.065,17.7,17,-19.6,0,,19196.196,-6.4,23,-34.3,0,,24735.914,-34.6,42,-49.5,0,,31480.188,America/Los_Angeles,34.066547,-118.52405,86.0,36.31019592285156
2026-09-25T16:00,pressure_profile,cmc_gem_seamless,76.6,63,63.1,0,,282.152,82.2,27,44.9,0,,2552.494,71.8,24,33.0,0,,4980.315,45.1,44,24.8,0,,10357.611,34.0,4,-35.3,0,,14468.504,17.7,17,-19.6,0,,19192.914,-6.9,25,-33.6,0,,24727.812,-34.6,46,-48.0,0,,31469.606,America/Los_Angeles,34.066547,-118.52405,86.0,36.31019592285156
2026-09-25T17:00,pressure_profile,cmc_gem_seamless,77.0,62,63.0,0,,272.31,82.6,25,43.2,0,,2542.651,71.8,23,32.0,0,,4973.754,45.4,37,20.4,0,,10351.05,34.3,4,-35.1,0,,14465.224,17.7,17,-19.6,0,,19189.632,-6.9,25,-33.6,0,,24723.762,-34.6,48,-47.2,0,,31464.312,America/Los_Angeles,34.066547,-118.52405,86.0,36.31019592285156
2026-09-25T18:00,pressure_profile,cmc_gem_seamless,76.8,61,62.4,0,,265.748,83.2,22,40.4,0,,2539.37,71.8,23,32.0,0,,4970.473,45.7,32,17.7,0,,10344.488,34.3,4,-35.1,0,,14458.661,17.7,17,-19.6,0,,19186.352,-6.9,25,-33.6,0,,24719.71,-34.6,54,-45.3,0,,31459.022,America/Los_Angeles,34.066547,-118.52405,86.0,36.31019592285156
2026-09-25T19:00,pressure_profile,cmc_gem_seamless,76.3,61,61.8,0,,265.748,83.6,18,35.6,0,,2536.089,71.8,24,33.0,0,,4967.192,46.0,29,15.4,0,,10341.207,34.3,4,-35.1,0,,14455.381,17.7,19,-18.1,0,,19183.07,-6.4,27,-31.9,0,,24719.71,-34.6,60,-43.5,0,,31459.022,America/Los_Angeles,34.066547,-118.52405,86.0,36.31019592285156
2026-09-25T20:00,pressure_profile,cmc_gem_seamless,75.4,62,61.5,0,,269.029,83.8,15,31.2,0,,2536.089,71.5,24,32.8,0,,4967.192,46.0,26,12.6,0,,10341.207,34.3,4,-35.1,0,,14452.1,17.7,19,-18.1,0,,19183.07,-6.4,28,-30.8,0,,24719.71,-34.6,60,-43.5,0,,31459.022,America/Los_Angeles,34.066547,-118.52405,86.0,36.31019592285156
2026-09-25T21:00,pressure_profile,cmc_gem_seamless,73.9,64,61.0,0,,278.871,83.8,14,29.5,0,,2542.651,71.3,24,32.7,0,,4973.754,46.0,22,9.4,0,,10344.488,34.3,4,-35.1,0,,14455.381,17.7,19,-18.1,0,,19189.632,-6.4,32,-28.8,0,,24723.762,-34.6,50,-46.6,0,,31464.312,America/Los_Angeles,34.066547,-118.52405,86.0,36.31019592285156
2026-09-25T22:00,pressure_profile,cmc_gem_seamless,72.1,67,60.6,0,,291.995,83.6,15,31.1,0,,2549.213,71.1,24,32.5,0,,4980.315,46.0,20,7.1,0,,10347.77,34.7,4,-34.8,0,,14461.942,17.7,19,-18.1,0,,19196.196,-6.4,35,-26.9,0,,24731.862,-35.5,36,-52.8,0,,31474.894,America/Los_Angeles,34.066547,-118.52405,86.0,36.31019592285156
2026-09-25T23:00,pressure_profile,cmc_gem_seamless,70.5,68,59.5,0,,305.118,83.0,16,32.2,0,,2555.775,70.9,24,32.3,0,,4983.596,45.7,19,5.6,0,,10347.77,34.7,4,-34.8,0,,14465.224,17.7,19,-18.1,0,,19199.474,-6.4,40,-24.4,0,,24735.914,-35.5,28,-56.8,0,,31480.188,America/Los_Angeles,34.066547,-118.52405,86.0,36.31019592285156
2026-09-26T00:00,pressure_profile,cmc_gem_seamless,69.3,67,57.8,0,,311.68,82.0,18,34.3,0,,2552.494,70.7,25,33.1,0,,4980.315,45.4,21,7.8,0,,10341.207,34.7,4,-34.8,0,,14458.661,17.7,19,-18.1,0,,19192.914,-6.4,45,-22.2,0,,24727.812,-35.5,30,-55.7,0,,31469.606,America/Los_Angeles,34.066547,-118.52405,86.0,36.31019592285156
2026-09-26T01:00,pressure_profile,cmc_gem_seamless,68.2,65,56.0,0,,311.68,80.6,21,37.1,0,,2545.932,70.5,25,32.9,0,,4973.754,44.9,27,12.6,0,,10331.365,34.7,4,-34.8,0,,14448.819,17.7,19,-18.1,0,,19183.07,-6.9,48,-21.4,0,,24719.71,-35.5,38,-51.9,0,,31459.022,America/Los_Angeles,34.066547,-118.52405,86.0,36.31019592285156
2026-09-26T02:00,pressure_profile,cmc_gem_seamless,67.3,62,53.8,0,,314.961,79.4,24,39.5,0,,2542.651,70.2,26,33.7,0,,4967.192,44.6,30,15.0,0,,10324.804,34.7,4,-34.8,0,,14438.977,17.7,19,-18.1,0,,19173.228,-6.9,52,-20.1,0,,24707.56,-35.5,44,-49.5,0,,31443.146,America/Los_Angeles,34.066547,-118.52405,86.0,36.31019592285156
2026-09-26T03:00,pressure_profile,cmc_gem_seamless,66.6,59,51.8,0,,321.522,78.3,27,41.5,0,,2542.651,69.8,26,33.4,0,,4963.911,44.3,32,16.5,0,,10321.522,34.7,4,-34.8,0,,14432.415,17.7,17,-19.6,0,,19166.666,-7.5,53,-20.0,0,,24699.458,-35.5,48,-48.1,0,,31432.564,America/Los_Angeles,34.066547,-118.52405,86.0,36.31019592285156
2026-09-26T04:00,pressure_profile,cmc_gem_seamless,65.8,56,49.7,0,,324.803,77.1,30,43.3,0,,2545.932,69.6,26,33.2,0,,4963.911,44.1,33,17.0,0,,10314.961,34.7,4,-34.8,0,,14429.134,17.3,17,-20.0,0,,19163.386,-7.5,53,-20.0,0,,24687.308,-34.6,52,-45.9,0,,31427.272,America/Los_Angeles,34.066547,-118.52405,86.0,36.31019592285156
2026-09-26T05:00,pressure_profile,cmc_gem_seamless,65.5,54,48.4,0,,331.365,76.5,32,44.4,0,,2549.213,69.1,26,32.8,0,,4963.911,43.8,33,16.8,0,,10314.961,34.7,4,-34.8,0,,14425.854,17.3,16,-21.6,0,,19160.106,-8.1,53,-20.6,0,,24683.256,-34.6,54,-45.3,0,,31421.978,America/Los_Angeles,34.066547,-118.52405,86.0,36.31019592285156
2026-09-26T06:00,pressure_profile,cmc_gem_seamless,65.1,55,48.6,0,,334.646,76.7,31,43.8,0,,2552.494,68.9,26,32.6,0,,4963.911,44.1,31,15.4,0,,10314.961,34.3,4,-35.1,0,,14425.854,17.3,16,-21.6,0,,19156.824,-8.1,50,-21.8,0,,24683.256,-34.6,56,-44.7,0,,31416.69,America/Los_Angeles,34.066547,-118.52405,86.0,36.31019592285156
2026-09-26T07:00,pressure_profile,cmc_gem_seamless,64.9,57,49.3,0,,334.646,77.3,28,41.6,0,,2552.494,68.7,27,33.4,0,,4967.192,44.3,28,13.1,0,,10314.961,34.3,4,-35.1,0,,14425.854,17.7,16,-21.3,0,,19156.824,-8.7,45,-24.3,0,,24683.256,-34.6,56,-44.7,0,,31416.69,America/Los_Angeles,34.066547,-118.52405,86.0,36.31019592285156
2026-09-26T08:00,pressure_profile,cmc_gem_seamless,65.7,58,50.5,0,,337.927,77.9,25,39.2,0,,2559.055,68.7,27,33.4,0,,4973.754,44.6,24,10.4,0,,10321.522,34.0,4,-35.3,0,,14429.134,17.7,16,-21.3,0,,19160.106,-8.7,43,-25.0,0,,24687.308,-34.6,58,-44.1,0,,31416.69,America/Los_Angeles,34.066547,-118.52405,86.0,36.31019592285156
2026-09-26T09:00,pressure_profile,cmc_gem_seamless,68.0,57,52.2,0,,341.207,78.3,23,37.4,0,,2572.179,68.7,27,33.4,0,,4983.596,44.9,22,8.5,0,,10334.646,33.7,4,-35.5,0,,14442.258,17.7,14,-23.1,0,,19169.948,-8.7,45,-24.3,0,,24695.408,-34.6,60,-43.5,0,,31421.978,America/Los_Angeles,34.066547,-118.52405,86.0,36.31019592285156
2026-09-26T10:00,pressure_profile,cmc_gem_seamless,71.1,56,54.6,0,,344.488,78.9,20,34.4,0,,2585.302,68.7,28,34.3,0,,5000.0,45.1,20,6.4,0,,10347.77,33.7,4,-35.5,0,,14461.942,17.3,11,-27.6,0,,19183.07,-9.2,50,-22.9,0,,24707.56,-35.5,62,-43.8,0,,31437.854,America/Los_Angeles,34.066547,-118.52405,86.0,36.31019592285156
2026-09-26T11:00,pressure_profile,cmc_gem_seamless,73.6,56,56.9,0,,344.488,79.3,19,33.4,0,,2591.864,68.7,28,34.3,0,,5006.562,45.4,18,4.1,0,,10357.611,33.3,4,-35.8,0,,14471.785,17.3,10,-30.1,0,,19192.914,-9.2,53,-21.6,0,,24715.662,-35.5,64,-43.3,0,,31443.146,America/Los_Angeles,34.066547,-118.52405,86.0,36.31019592285156
2026-09-26T12:00,pressure_profile,cmc_gem_seamless,74.7,58,58.9,0,,334.646,79.6,20,35.0,0,,2585.302,68.7,29,35.2,0,,5003.281,45.7,16,1.4,0,,10357.611,33.0,4,-36.0,0,,14471.785,17.3,10,-30.1,0,,19192.914,-9.2,57,-20.5,0,,24715.662,-35.5,62,-43.8,0,,31443.146,America/Los_Angeles,34.066547,-118.52405,86.0,36.31019592285156
2026-09-26T13:00,pressure_profile,cmc_gem_seamless,75.2,61,60.8,0,,321.522,80.0,22,37.8,0,,2575.459,68.9,29,35.4,0,,4993.439,46.2,12,-3.3,0,,10351.05,33.0,4,-36.0,0,,14461.942,17.7,11,-27.3,0,,19186.352,-9.2,60,-19.4,0,,24707.56,-34.6,58,-44.1,0,,31437.854,America/Los_Angeles,34.066547,-118.52405,86.0,36.31019592285156
2026-09-26T14:00,pressure_profile,cmc_gem_seamless,75.7,62,61.8,0,,305.118,80.4,24,40.3,0,,2562.336,69.1,30,36.4,0,,4983.596,46.5,10,-7.2,0,,10344.488,33.0,4,-36.0,0,,14455.381,17.7,13,-25.1,0,,19179.792,-9.2,60,-19.4,0,,24703.508,-34.6,56,-44.7,0,,31432.564,America/Los_Angeles,34.066547,-118.52405,86.0,36.31019592285156
2026-09-26T15:00,pressure_profile,cmc_gem_seamless,76.6,60,61.7,0,,288.714,80.6,25,41.6,0,,2552.494,69.4,30,36.6,0,,4973.754,46.8,8,-12.1,0,,10337.927,33.3,4,-35.8,0,,14448.819,17.7,11,-27.3,0,,19173.228,-9.2,53,-21.6,0,,24699.458,-34.6,56,-44.7,0,,31427.272,America/Los_Angeles,34.066547,-118.52405,86.0,36.31019592285156
2026-09-26T16:00,pressure_profile,cmc_gem_seamless,77.7,57,61.3,0,,275.591,80.8,25,41.7,0,,2542.651,69.6,31,37.6,0,,4963.911,47.1,7,-15.0,0,,10328.084,33.7,5,-30.3,0,,14438.977,17.3,10,-30.1,0,,19166.666,-8.7,43,-25.0,0,,24695.408,-35.5,58,-44.9,0,,31416.69,America/Los_Angeles,34.066547,-118.52405,86.0,36.31019592285156
2026-09-26T17:00,pressure_profile,cmc_gem_seamless,78.1,55,60.6,0,,265.748,81.0,25,41.9,0,,2536.089,69.8,31,37.8,0,,4957.349,47.3,6,-18.4,0,,10324.804,33.7,5,-30.3,0,,14435.695,17.3,10,-30.1,0,,19163.386,-8.7,38,-27.3,0,,24691.358,-35.5,58,-44.9,0,,31411.396,America/Los_Angeles,34.066547,-118.52405,86.0,36.31019592285156
2026-09-26T18:00,pressure_profile,cmc_gem_seamless,77.7,54,59.8,0,,265.748,81.4,24,41.2,0,,2536.089,69.8,31,37.8,0,,4957.349,47.3,6,-18.4,0,,10324.804,33.3,5,-30.6,0,,14435.695,17.3,11,-27.6,0,,19163.386,-8.7,42,-25.8,0,,24691.358,-35.5,54,-46.1,0,,31411.396,America/Los_Angeles,34.066547,-118.52405,86.0,36.31019592285156
2026-09-26T19:00,pressure_profile,cmc_gem_seamless,76.8,53,58.4,0,,272.31,81.6,23,40.2,0,,2539.37,69.6,32,38.4,0,,4960.63,47.3,7,-14.8,0,,10328.084,33.0,5,-30.8,0,,14438.977,17.3,13,-25.4,0,,19163.386,-8.1,48,-22.4,0,,24691.358,-36.4,46,-49.6,0,,31411.396,America/Los_Angeles,34.066547,-118.52405,86.0,36.31019592285156
2026-09-26T20:00,pressure_profile,cmc_gem_seamless,75.6,56,58.8,0,,282.152,81.2,23,39.9,0,,2542.651,69.4,32,38.2,0,,4963.911,47.3,7,-14.8,0,,10331.365,33.0,5,-30.8,0,,14442.258,17.3,14,-23.5,0,,19163.386,-8.1,52,-21.2,0,,24691.358,-36.4,40,-51.9,0,,31411.396,America/Los_Angeles,34.066547,-118.52405,86.0,36.31019592285156
2026-09-26T21:00,pressure_profile,cmc_gem_seamless,73.4,66,61.4,0,,298.556,79.8,26,41.9,0,,2549.213,69.1,32,38.0,0,,4967.192,47.3,7,-14.8,0,,10331.365,33.3,5,-30.6,0,,14445.538,17.3,14,-23.5,0,,19166.666,-8.7,47,-23.6,0,,24691.358,-36.4,34,-54.5,0,,31411.396,America/Los_Angeles,34.066547,-118.52405,86.0,36.31019592285156
2026-09-26T22:00,pressure_profile,cmc_gem_seamless,70.9,80,64.4,0,,321.522,77.9,32,45.6,0,,2555.775,68.7,31,36.9,0,,4970.473,47.3,7,-14.8,0,,10331.365,34.0,5,-30.1,0,,14445.538,16.9,13,-25.8,0,,19169.948,-8.7,38,-27.3,0,,24691.358,-35.5,30,-55.7,0,,31411.396,America/Los_Angeles,34.066547,-118.52405,86.0,36.31019592285156
2026-09-26T23:00,pressure_profile,cmc_gem_seamless,68.9,90,65.8,5,,337.927,75.9,37,47.8,0,,2559.055,68.3,31,36.5,0,,4970.473,47.3,7,-14.8,0,,10328.084,34.3,5,-29.9,0,,14445.538,16.9,11,-28.0,0,,19169.948,-9.2,32,-31.3,0,,24691.358,-35.5,24,-59.2,0,,31411.396,America/Los_Angeles,34.066547,-118.52405,86.0,36.31019592285156
2026-09-27T00:00,pressure_profile,cmc_gem_seamless,68.2,94,66.4,26,,344.488,74.1,43,50.2,0,,2559.055,67.8,31,36.1,0,,4967.192,47.3,7,-14.8,0,,10321.522,34.7,5,-29.6,0,,14438.977,16.9,10,-30.4,0,,19166.666,-9.2,27,-34.4,0,,24687.308,-35.5,18,-63.6,0,,31406.106,America/Los_Angeles,34.066547,-118.52405,86.0,36.31019592285156
2026-09-27T01:00,pressure_profile,cmc_gem_seamless,68.0,96,66.8,40,,344.488,72.6,48,51.8,0,,2555.775,67.6,31,35.9,0,,4960.63,47.3,6,-18.4,0,,10311.68,35.0,5,-29.4,0,,14432.415,17.3,10,-30.1,0,,19160.106,-9.2,23,-36.8,0,,24679.208,-34.6,10,-71.6,0,,31400.812,America/Los_Angeles,34.066547,-118.52405,86.0,36.31019592285156
2026-09-27T02:00,pressure_profile,cmc_gem_seamless,68.0,95,66.5,33,,341.207,71.4,52,52.8,0,,2552.494,67.2,31,35.5,0,,4954.069,47.3,6,-18.4,0,,10301.837,35.3,5,-29.1,0,,14422.572,17.3,10,-30.1,0,,19153.542,-9.2,18,-41.0,0,,24671.106,-34.6,6,-78.8,0,,31395.52,America/Los_Angeles,34.066547,-118.52405,86.0,36.31019592285156
2026-09-27T03:00,pressure_profile,cmc_gem_seamless,68.0,93,65.9,20,,337.927,70.8,53,52.8,0,,2545.932,66.8,31,35.2,0,,4947.507,47.3,6,-18.4,0,,10291.995,35.6,5,-28.9,0,,14412.729,17.3,11,-27.6,0,,19143.702,-8.7,12,-48.2,0,,24663.004,-34.6,4,-84.3,0,,31395.52,America/Los_Angeles,34.066547,-118.52405,86.0,36.31019592285156
2026-09-27T04:00,pressure_profile,cmc_gem_seamless,68.2,90,65.1,5,,334.646,70.6,52,52.1,0,,2539.37,66.5,32,35.8,0,,4937.664,47.1,4,-22.9,0,,10278.871,36.0,5,-28.7,0,,14399.606,17.3,11,-27.6,0,,19130.578,-7.5,3,-66.9,0,,24654.904,-33.7,6,-78.1,0,,31390.23,America/Los_Angeles,34.066547,-118.52405,86.0,36.31019592285156
2026-09-27T05:00,pressure_profile,cmc_gem_seamless,68.2,85,63.5,0,,331.365,70.6,51,51.6,0,,2536.089,66.1,32,35.4,0,,4934.384,47.1,4,-22.9,0,,10272.31,36.0,5,-28.7,0,,14393.045,17.3,13,-25.4,0,,19124.016,-6.9,3,-66.5,0,,24646.802,-33.7,10,-70.9,0,,31390.23,America/Los_Angeles,34.066547,-118.52405,86.0,36.31019592285156
2026-09-27T06:00,pressure_profile,cmc_gem_seamless,67.8,78,60.7,0,,331.365,70.6,50,51.1,0,,2536.089,65.7,32,35.0,0,,4934.384,47.3,4,-22.7,0,,10269.029,36.0,5,-28.7,0,,14393.045,16.9,13,-25.8,0,,19120.734,-7.5,17,-41.2,0,,24642.754,-33.7,20,-60.5,0,,31384.938,America/Los_Angeles,34.066547,-118.52405,86.0,36.31019592285156
2026-09-27T07:00,pressure_profile,cmc_gem_seamless,67.3,71,57.6,0,,334.646,70.8,49,50.7,0,,2539.37,65.5,31,34.0,0,,4937.664,47.6,4,-22.5,0,,10269.029,35.6,5,-28.9,0,,14393.045,16.9,13,-25.8,0,,19124.016,-8.1,37,-27.6,0,,24638.704,-33.7,34,-52.1,0,,31379.644,America/Los_Angeles,34.066547,-118.52405,86.0,36.31019592285156
2026-09-27T08:00,pressure_profile,cmc_gem_seamless,67.5,65,55.3,0,,337.927,71.0,49,50.9,0,,2545.932,65.2,31,33.8,0,,4940.945,47.9,4,-22.3,0,,10272.31,35.3,5,-29.1,0,,14396.325,16.5,13,-26.1,0,,19124.016,-8.7,55,-20.5,0,,24638.704,-33.7,42,-48.6,0,,31379.644,America/Los_Angeles,34.066547,-118.52405,86.0,36.31019592285156
2026-09-27T09:00,pressure_profile,cmc_gem_seamless,68.7,63,55.6,0,,341.207,70.8,50,51.2,0,,2552.494,65.0,30,32.8,0,,4947.507,47.9,4,-22.3,0,,10278.871,35.0,5,-29.4,0,,14399.606,16.0,13,-26.5,0,,19124.016,-8.7,67,-16.8,0,,24638.704,-33.7,40,-49.4,0,,31379.644,America/Los_Angeles,34.066547,-118.52405,86.0,36.31019592285156
2026-09-27T10:00,pressure_profile,cmc_gem_seamless,70.7,64,57.9,0,,344.488,70.6,52,52.1,0,,2562.336,65.0,30,32.8,0,,4954.069,47.6,4,-22.5,0,,10288.714,34.3,5,-29.9,0,,14406.168,16.0,14,-24.5,0,,19127.296,-8.1,73,-14.3,6,,24638.704,-33.7,36,-51.2,0,,31384.938,America/Los_Angeles,34.066547,-118.52405,86.0,36.31019592285156
2026-09-27T11:00,pressure_profile,cmc_gem_seamless,72.1,65,59.7,0,,344.488,70.4,53,52.4,0,,2565.617,65.0,29,32.0,0,,4957.349,47.3,4,-22.7,0,,10291.995,34.0,5,-30.1,0,,14406.168,15.6,16,-23.0,0,,19124.016,-7.5,78,-12.5,15,,24634.652,-33.7,34,-52.1,0,,31384.938,America/Los_Angeles,34.066547,-118.52405,86.0,36.31019592285156
2026-09-27T12:00,pressure_profile,cmc_gem_seamless,73.0,66,61.0,0,,337.927,70.6,53,52.6,0,,2562.336,65.0,29,32.0,0,,4954.069,47.3,4,-22.7,0,,10288.714,33.7,5,-30.3,0,,14399.606,15.2,16,-23.4,0,,19114.174,-6.9,78,-11.9,15,,24626.55,-33.7,42,-48.6,0,,31379.644,America/Los_Angeles,34.066547,-118.52405,86.0,36.31019592285156
2026-09-27T13:00,pressure_profile,cmc_gem_seamless,73.4,68,62.2,0,,324.803,71.0,53,53.0,0,,2552.494,64.8,29,31.8,0,,4947.507,47.3,6,-18.4,0,,10278.871,33.3,5,-30.6,0,,14393.045,14.8,17,-22.1,0,,19104.33,-6.9,77,-12.3,12,,24610.35,-32.8,54,-43.6,0,,31369.062,America/Los_Angeles,34.066547,-118.52405,86.0,36.31019592285156
2026-09-27T14:00,pressure_profile,cmc_gem_seamless,73.6,70,63.2,0,,311.68,71.4,52,52.8,0,,2542.651,64.8,29,31.8,0,,4937.664,47.1,6,-18.6,0,,10269.029,33.3,5,-30.6,0,,14379.921,14.4,20,-19.5,0,,19087.926,-6.4,75,-12.2,9,,24594.148,-32.8,64,-40.7,0,,31353.186,America/Los_Angeles,34.066547,-118.52405,86.0,36.31019592285156
2026-09-27T15:00,pressure_profile,cmc_gem_seamless,73.4,71,63.4,0,,298.556,72.2,48,51.4,0,,2526.247,64.6,30,32.4,0,,4924.541,46.8,6,-18.8,0,,10252.625,33.3,5,-30.6,0,,14363.518,13.9,27,-13.8,0,,19068.242,-6.4,77,-11.8,12,,24573.896,-32.8,70,-39.1,0,,31337.314,America/Los_Angeles,34.066547,-118.52405,86.0,36.31019592285156
2026-09-27T16:00,pressure_profile,cmc_gem_seamless,72.9,73,63.7,0,,282.152,73.1,42,48.7,0,,2509.843,64.6,31,33.3,0,,4904.856,46.2,7,-15.6,0,,10232.939,33.3,4,-35.8,0,,14340.552,13.1,37,-8.3,0,,19045.276,-6.4,80,-10.9,18,,24553.644,-33.7,72,-39.5,3,,31316.146,America/Los_Angeles,34.066547,-118.52405,86.0,36.31019592285156
2026-09-27T17:00,pressure_profile,cmc_gem_seamless,72.3,75,64.0,0,,272.31,73.3,39,46.9,0,,2496.719,64.4,32,33.9,0,,4891.733,46.0,7,-15.8,0,,10216.535,33.3,5,-30.6,0,,14324.147,12.7,43,-5.7,0,,19028.872,-6.4,77,-11.8,12,,24533.392,-33.7,68,-40.5,0,,31294.98,America/Los_Angeles,34.066547,-118.52405,86.0,36.31019592285156
2026-09-27T18:00,pressure_profile,cmc_gem_seamless,71.8,78,64.6,0,,272.31,72.6,40,46.9,0,,2493.438,64.2,31,32.9,0,,4885.171,46.0,7,-15.8,0,,10209.974,33.0,8,-23.3,0,,14317.585,12.7,43,-5.7,0,,19019.03,-6.4,60,-16.7,0,,24521.24,-33.7,56,-43.8,0,,31273.812,America/Los_Angeles,34.066547,-118.52405,86.0,36.31019592285156
2026-09-27T19:00,pressure_profile,cmc_gem_seamless,71.1,82,65.3,0,,275.591,71.4,43,47.7,0,,2493.438,63.9,30,31.9,0,,4885.171,46.0,7,-15.8,0,,10206.693,32.3,13,-13.9,0,,14314.305,12.7,40,-7.1,0,,19012.466,-6.9,37,-26.6,0,,24513.14,-33.7,36,-51.2,0,,31257.936,America/Los_Angeles,34.066547,-118.52405,86.0,36.31019592285156
2026-09-27T20:00,pressure_profile,cmc_gem_seamless,70.3,85,65.6,0,,278.871,69.8,47,48.7,0,,2493.438,63.7,28,30.0,0,,4881.89,46.0,9,-10.1,0,,10203.412,31.7,18,-7.6,0,,14307.743,13.1,36,-9.1,0,,19005.906,-7.5,18,-39.6,0,,24505.04,-33.7,22,-59.0,0,,31236.772,America/Los_Angeles,34.066547,-118.52405,86.0,36.31019592285156
2026-09-27T21:00,pressure_profile,cmc_gem_seamless,69.4,86,65.1,0,,282.152,68.2,53,50.4,0,,2490.158,63.5,25,27.0,0,,4875.328,45.7,14,-0.2,0,,10193.569,31.3,25,-0.5,0,,14297.9,13.1,27,-14.6,0,,18992.784,-8.1,10,-50.2,0,,24492.888,-33.7,14,-65.9,0,,31215.604,America/Los_Angeles,34.066547,-118.52405,86.0,36.31019592285156
2026-09-27T22:00,pressure_profile,cmc_gem_seamless,68.4,87,64.3,0,,282.152,66.3,62,52.9,0,,2486.877,63.1,21,22.5,0,,4865.486,45.1,22,8.7,0,,10183.728,30.7,33,4.6,0,,14284.777,13.5,17,-23.1,0,,18976.378,-8.7,7,-57.2,0,,24476.686,-32.8,10,-70.1,0,,31199.73,America/Los_Angeles,34.066547,-118.52405,86.0,36.31019592285156
2026-09-27T23:00,pressure_profile,cmc_gem_seamless,67.3,88,63.6,0,,285.433,64.5,69,54.1,0,,2483.596,62.6,16,15.8,0,,4855.643,44.6,29,14.2,0,,10173.885,30.7,35,6.2,0,,14271.653,13.5,9,-35.8,0,,18959.974,-9.2,5,-62.1,0,,24460.484,-32.8,8,-73.3,0,,31178.562,America/Los_Angeles,34.066547,-118.52405,86.0,36.31019592285156
2026-09-28T00:00,pressure_profile,cmc_gem_seamless,66.4,91,63.7,10,,285.433,62.7,75,54.7,0,,2480.315,62.0,11,6.8,0,,4845.801,44.1,37,19.2,0,,10164.042,31.0,26,0.3,0,,14255.249,13.9,4,-47.4,0,,18943.57,-9.2,5,-62.1,0,,24448.334,-32.8,6,-77.4,0,,31157.396,America/Los_Angeles,34.066547,-118.52405,86.0,36.31019592285156
2026-09-28T01:00,pressure_profile,cmc_gem_seamless,65.5,94,63.7,26,,288.714,60.9,81,55.1,0,,2477.034,61.5,5,-10.2,0,,4839.239,43.2,43,22.4,0,,10150.919,31.3,13,-14.7,0,,14238.846,14.4,3,-53.7,0,,18930.448,-9.2,5,-62.1,0,,24436.182,-33.7,8,-74.1,0,,31141.522,America/Los_Angeles,34.066547,-118.52405,86.0,36.31019592285156
2026-09-28T02:00,pressure_profile,cmc_gem_seamless,64.8,96,63.6,40,,285.433,59.6,86,55.4,10,,2473.754,60.9,1,-40.7,0,,4829.397,42.7,43,21.9,0,,10137.795,31.7,3,-43.9,0,,14222.441,14.8,1,-64.2,0,,18914.042,-9.2,7,-57.6,0,,24424.03,-34.6,8,-74.8,0,,31125.646,America/Los_Angeles,34.066547,-118.52405,86.0,36.31019592285156
2026-09-28T03:00,pressure_profile,cmc_gem_seamless,64.2,97,63.4,48,,275.591,58.6,89,55.3,20,,2463.911,60.5,0,,0,,4816.273,42.4,32,14.8,0,,10118.11,31.7,0,,0,,14199.476,15.2,1,-64.0,0,,18897.638,-8.7,7,-57.2,0,,24411.878,-35.5,10,-72.3,0,,31109.77,America/Los_Angeles,34.066547,-118.52405,86.0,36.31019592285156
2026-09-28T04:00,pressure_profile,cmc_gem_seamless,64.0,97,63.2,48,,265.748,58.2,90,55.3,24,,2450.787,60.2,0,,0,,4799.869,42.4,14,-2.8,0,,10095.145,31.7,0,,0,,14176.51,15.6,3,-52.8,0,,18881.234,-8.7,7,-57.2,0,,24399.728,-36.4,12,-70.4,0,,31093.894,America/Los_Angeles,34.066547,-118.52405,86.0,36.31019592285156
2026-09-28T05:00,pressure_profile,cmc_gem_seamless,63.9,97,63.0,48,,259.186,57.8,91,55.2,27,,2444.226,59.6,2,-29.2,0,,4790.027,42.1,1,-50.6,0,,10075.459,32.0,1,-55.1,0,,14160.105,16.0,4,-45.9,0,,18871.39,-8.1,7,-56.8,0,,24391.626,-37.3,12,-71.1,0,,31088.606,America/Los_Angeles,34.066547,-118.52405,86.0,36.31019592285156
2026-09-28T06:00,pressure_profile,cmc_gem_seamless,63.7,97,62.8,48,,262.467,57.6,92,55.3,32,,2447.507,58.3,11,3.9,0,,4790.027,41.6,0,,0,,10065.617,32.7,1,-54.7,0,,14153.543,16.5,4,-45.6,0,,18871.39,-8.1,7,-56.8,0,,24391.626,-37.3,12,-71.1,0,,31088.606,America/Los_Angeles,34.066547,-118.52405,86.0,36.31019592285156
2026-09-28T07:00,pressure_profile,cmc_gem_seamless,63.7,97,62.8,48,,272.31,57.6,93,55.6,36,,2457.349,56.5,23,19.2,0,,4796.588,41.0,1,-51.3,0,,10062.336,33.3,1,-54.3,0,,14156.824,16.5,4,-45.6,0,,18881.234,-8.7,8,-53.7,0,,24395.678,-37.3,10,-73.8,0,,31099.188,America/Los_Angeles,34.066547,-118.52405,86.0,36.31019592285156
2026-09-28T08:00,pressure_profile,cmc_gem_seamless,64.4,94,62.6,26,,282.152,57.8,92,55.5,32,,2467.192,55.5,33,26.8,0,,4803.15,40.5,3,-32.8,0,,10062.336,34.0,1,-53.8,0,,14160.105,16.9,4,-45.3,0,,18887.794,-8.7,8,-53.7,0,,24403.778,-37.3,8,-76.9,0,,31104.48,America/Los_Angeles,34.066547,-118.52405,86.0,36.31019592285156
2026-09-28T09:00,pressure_profile,cmc_gem_seamless,66.2,86,61.9,0,,288.714,58.4,88,54.8,16,,2477.034,55.0,37,29.2,0,,4809.712,40.2,3,-33.0,0,,10068.897,34.3,1,-53.6,0,,14163.386,16.9,4,-45.3,0,,18894.358,-8.7,7,-57.2,0,,24411.878,-37.3,8,-76.9,0,,31109.77,America/Los_Angeles,34.066547,-118.52405,86.0,36.31019592285156
2026-09-28T10:00,pressure_profile,cmc_gem_seamless,68.7,74,60.1,0,,291.995,59.4,82,53.9,0,,2483.596,55.0,38,29.9,0,,4819.554,39.9,3,-33.2,0,,10078.74,34.3,1,-53.6,0,,14169.947,17.3,4,-45.0,0,,18897.638,-8.7,7,-57.2,0,,24415.93,-37.3,8,-76.9,0,,31109.77,America/Los_Angeles,34.066547,-118.52405,86.0,36.31019592285156
2026-09-28T11:00,pressure_profile,cmc_gem_seamless,70.7,66,58.8,0,,288.714,60.4,77,53.1,0,,2486.877,55.2,40,31.3,0,,4826.116,40.2,4,-27.8,0,,10088.583,34.3,1,-53.6,0,,14176.51,17.3,4,-45.0,0,,18907.48,-8.7,5,-61.7,0,,24428.082,-37.3,8,-76.9,0,,31120.354,America/Los_Angeles,34.066547,-118.52405,86.0,36.31019592285156
2026-09-28T12:00,pressure_profile,cmc_gem_seamless,71.4,63,58.2,0,,278.871,61.5,74,53.2,0,,2480.315,55.7,45,34.7,0,,4826.116,41.0,9,-13.9,0,,10101.706,34.3,1,-53.6,0,,14189.633,17.3,4,-45.0,0,,18920.604,-8.7,5,-61.7,0,,24444.284,-36.4,8,-76.2,0,,31136.228,America/Los_Angeles,34.066547,-118.52405,86.0,36.31019592285156
2026-09-28T13:00,pressure_profile,cmc_gem_seamless,71.6,62,57.9,0,,262.467,62.9,71,53.4,0,,2470.473,56.3,50,37.9,0,,4822.835,42.1,16,-1.5,0,,10111.549,34.3,1,-53.6,0,,14202.756,17.7,3,-51.4,0,,18937.008,-8.1,5,-61.2,0,,24460.484,-36.4,8,-76.2,0,,31157.396,America/Los_Angeles,34.066547,-118.52405,86.0,36.31019592285156
2026-09-28T14:00,pressure_profile,cmc_gem_seamless,71.8,62,58.1,0,,249.344,64.1,67,52.9,0,,2460.63,57.4,52,39.9,0,,4819.554,43.2,20,4.8,0,,10121.392,34.3,1,-53.6,0,,14215.879,17.7,3,-51.4,0,,18950.13,-8.1,5,-61.2,0,,24476.686,-35.5,8,-75.5,0,,31178.562,America/Los_Angeles,34.066547,-118.52405,86.0,36.31019592285156
2026-09-28T15:00,pressure_profile,cmc_gem_seamless,72.0,60,57.3,0,,236.22,64.9,62,51.6,0,,2447.507,58.9,49,39.8,0,,4812.992,43.5,21,6.2,0,,10124.672,34.7,1,-53.4,0,,14222.441,17.7,3,-51.4,0,,18956.694,-8.1,5,-61.2,0,,24484.788,-35.5,10,-72.3,0,,31194.438,America/Los_Angeles,34.066547,-118.52405,86.0,36.31019592285156
2026-09-28T16:00,pressure_profile,cmc_gem_seamless,72.1,59,57.0,0,,223.097,65.7,56,49.5,0,,2437.664,60.9,43,38.2,0,,4806.431,43.8,21,6.4,0,,10121.392,34.7,3,-41.9,0,,14225.722,17.7,3,-51.4,0,,18959.974,-7.5,7,-56.3,0,,24492.888,-34.6,10,-71.6,0,,31205.02,America/Los_Angeles,34.066547,-118.52405,86.0,36.31019592285156
2026-09-28T17:00,pressure_profile,cmc_gem_seamless,72.0,58,56.4,0,,216.535,66.7,51,48.0,0,,2431.102,62.2,38,36.3,0,,4806.431,44.1,21,6.7,0,,10124.672,35.0,3,-41.7,0,,14232.283,17.7,4,-44.7,0,,18969.816,-7.5,8,-52.8,0,,24505.04,-34.6,12,-68.9,0,,31220.896,America/Los_Angeles,34.066547,-118.52405,86.0,36.31019592285156
2026-09-28T18:00,pressure_profile,cmc_gem_seamless,71.6,60,57.0,0,,219.816,68.2,47,47.2,0,,2434.383,62.6,35,34.6,0,,4816.273,44.9,22,8.5,0,,10137.795,35.0,3,-41.7,0,,14245.407,17.7,6,-39.7,0,,18986.22,-7.5,12,-47.2,0,,24521.24,-34.6,12,-68.9,0,,31242.064,America/Los_Angeles,34.066547,-118.52405,86.0,36.31019592285156
2026-09-28T19:00,pressure_profile,cmc_gem_seamless,70.9,62,57.2,0,,232.94,69.8,43,46.3,0,,2444.226,62.4,34,33.7,0,,4829.397,45.7,24,11.3,0,,10154.199,35.3,3,-41.5,0,,14258.53,17.7,7,-35.8,0,,19009.186,-6.9,13,-44.5,0,,24541.494,-34.6,10,-71.6,0,,31268.522,America/Los_Angeles,34.066547,-118.52405,86.0,36.31019592285156
2026-09-28T20:00,pressure_profile,cmc_gem_seamless,69.8,65,57.5,0,,242.782,71.0,40,45.4,0,,2454.068,62.4,32,32.2,0,,4839.239,46.2,26,12.8,0,,10167.323,35.3,3,-41.5,0,,14274.935,17.7,10,-29.8,0,,19025.59,-6.9,17,-40.7,0,,24557.694,-34.6,10,-71.6,0,,31289.688,America/Los_Angeles,34.066547,-118.52405,86.0,36.31019592285156
2026-09-28T21:00,pressure_profile,cmc_gem_seamless,68.2,68,57.2,0,,252.625,71.0,37,43.4,0,,2460.63,62.8,30,30.9,0,,4845.801,46.5,27,14.0,0,,10180.446,35.3,3,-41.5,0,,14288.058,17.7,13,-25.1,0,,19038.714,-6.4,18,-38.6,0,,24573.896,-34.6,10,-71.6,0,,31310.854,America/Los_Angeles,34.066547,-118.52405,86.0,36.31019592285156
2026-09-28T22:00,pressure_profile,cmc_gem_seamless,66.4,70,56.3,0,,259.186,70.4,34,40.7,0,,2463.911,63.3,28,29.6,0,,4849.082,46.5,27,14.0,0,,10190.289,35.6,3,-41.2,0,,14304.462,17.7,16,-21.3,0,,19048.556,-6.4,22,-35.6,0,,24590.098,-34.6,10,-71.6,0,,31332.022,America/Los_Angeles,34.066547,-118.52405,86.0,36.31019592285156
2026-09-28T23:00,pressure_profile,cmc_gem_seamless,64.9,71,55.3,0,,265.748,69.6,32,38.4,0,,2467.192,63.7,27,29.1,0,,4849.082,46.5,28,14.9,0,,10196.851,35.6,4,-34.1,0,,14314.305,17.7,17,-19.6,0,,19055.12,-5.8,22,-35.2,0,,24602.25,-34.6,10,-71.6,0,,31347.896,America/Los_Angeles,34.066547,-118.52405,86.0,36.31019592285156
2026-09-29T00:00,pressure_profile,cmc_gem_seamless,64.0,69,53.7,0,,269.029,68.6,31,36.8,0,,2467.192,64.4,26,28.7,0,,4849.082,46.5,28,14.9,0,,10203.412,35.6,5,-28.9,0,,14317.585,17.7,19,-18.1,0,,19061.68,-5.2,20,-36.1,0,,24610.35,-34.6,12,-68.9,0,,31358.478,America/Los_Angeles,34.066547,-118.52405,86.0,36.31019592285156
2026-09-29T01:00,pressure_profile,cmc_gem_seamless,63.5,65,51.5,0,,272.31,67.6,30,35.1,0,,2463.911,64.8,26,29.1,0,,4849.082,46.2,29,15.6,0,,10206.693,36.0,6,-24.5,0,,14317.585,17.7,20,-16.6,0,,19064.96,-4.7,18,-37.1,0,,24614.4,-35.5,12,-69.7,0,,31363.772,America/Los_Angeles,34.066547,-118.52405,86.0,36.31019592285156
2026-09-29T02:00,pressure_profile,cmc_gem_seamless,63.1,61,49.5,0,,272.31,67.0,30,34.6,0,,2460.63,65.5,26,29.7,0,,4845.801,46.2,29,15.6,0,,10206.693,36.0,8,-21.0,0,,14317.585,17.7,20,-16.6,0,,19064.96,-4.1,15,-40.2,0,,24618.452,-35.5,14,-67.4,0,,31369.062,America/Los_Angeles,34.066547,-118.52405,86.0,36.31019592285156
2026-09-29T03:00,pressure_profile,cmc_gem_seamless,62.8,57,47.3,0,,265.748,67.2,30,34.7,0,,2454.068,65.9,26,30.0,0,,4839.239,46.2,29,15.6,0,,10203.412,36.0,9,-18.1,0,,14317.585,18.1,20,-16.3,0,,19061.68,-3.5,12,-44.0,0,,24622.502,-35.5,14,-67.4,0,,31374.356,America/Los_Angeles,34.066547,-118.52405,86.0,36.31019592285156
2026-09-29T04:00,pressure_profile,cmc_gem_seamless,62.6,52,44.7,0,,255.906,68.0,30,35.4,0,,2444.226,66.5,26,30.6,0,,4835.958,46.2,29,15.6,0,,10196.851,36.3,10,-15.2,0,,14317.585,18.1,20,-16.3,0,,19058.398,-3.5,8,-49.6,0,,24622.502,-35.5,16,-65.4,0,,31379.644,America/Los_Angeles,34.066547,-118.52405,86.0,36.31019592285156
2026-09-29T05:00,pressure_profile,cmc_gem_seamless,62.4,48,42.5,0,,249.344,68.8,30,36.1,0,,2440.945,67.0,26,31.0,0,,4832.677,46.5,28,14.9,0,,10193.569,36.3,11,-12.8,0,,14320.866,18.6,20,-15.9,0,,19058.398,-2.9,7,-52.8,0,,24630.602,-35.5,16,-65.4,0,,31390.23,America/Los_Angeles,34.066547,-118.52405,86.0,36.31019592285156
2026-09-29T06:00,pressure_profile,cmc_gem_seamless,61.9,46,40.9,0,,252.625,69.2,29,35.6,0,,2444.226,67.4,25,30.4,0,,4835.958,46.8,27,14.3,0,,10200.131,36.3,13,-10.7,0,,14330.709,18.6,19,-17.4,0,,19064.96,-2.9,5,-57.4,0,,24642.754,-35.5,16,-65.4,0,,31406.106,America/Los_Angeles,34.066547,-118.52405,86.0,36.31019592285156
2026-09-29T07:00,pressure_profile,cmc_gem_seamless,61.5,45,40.0,0,,259.186,69.6,28,35.1,0,,2450.787,67.6,24,29.5,0,,4845.801,47.3,26,13.8,0,,10209.974,36.0,14,-9.1,0,,14343.832,18.6,19,-17.4,0,,19074.802,-2.4,5,-56.9,0,,24663.004,-35.5,14,-67.4,0,,31421.978,America/Los_Angeles,34.066547,-118.52405,86.0,36.31019592285156
2026-09-29T08:00,pressure_profile,cmc_gem_seamless,62.1,45,40.5,0,,265.748,70.2,27,34.6,0,,2457.349,68.1,23,28.9,0,,4855.643,47.6,24,13.0,0,,10223.098,36.0,15,-7.3,0,,14356.955,18.6,17,-18.9,0,,19087.926,-2.4,5,-56.9,0,,24679.208,-35.5,14,-67.4,0,,31437.854,America/Los_Angeles,34.066547,-118.52405,86.0,36.31019592285156
2026-09-29T09:00,pressure_profile,cmc_gem_seamless,64.8,45,42.9,0,,269.029,71.0,26,34.4,0,,2467.192,68.5,22,28.1,0,,4865.486,47.9,23,12.2,0,,10239.501,36.0,16,-5.6,0,,14370.079,19.0,16,-20.3,0,,19104.33,-2.4,5,-56.9,0,,24695.408,-35.5,14,-67.4,0,,31453.73,America/Los_Angeles,34.066547,-118.52405,86.0,36.31019592285156
2026-09-29T10:00,pressure_profile,cmc_gem_seamless,68.5,45,46.4,0,,265.748,72.2,25,34.4,0,,2473.754,69.1,21,27.5,0,,4878.609,47.9,22,11.1,0,,10255.905,35.6,18,-4.4,0,,14383.202,19.4,14,-21.7,0,,19120.734,-2.4,7,-52.4,0,,24707.56,-35.5,12,-69.7,0,,31469.606,America/Los_Angeles,34.066547,-118.52405,86.0,36.31019592285156
2026-09-29T11:00,pressure_profile,cmc_gem_seamless,71.6,45,49.1,0,,259.186,73.3,24,34.4,0,,2477.034,69.6,20,26.7,0,,4885.171,48.2,21,10.1,0,,10265.748,35.6,19,-2.9,0,,14393.045,19.8,14,-21.4,0,,19133.86,-2.4,7,-52.4,0,,24719.71,-35.5,12,-69.7,0,,31480.188,America/Los_Angeles,34.066547,-118.52405,86.0,36.31019592285156
2026-09-29T12:00,pressure_profile,cmc_gem_seamless,73.2,46,51.2,0,,239.501,74.9,23,34.6,0,,2467.192,70.0,20,27.1,0,,4878.609,48.4,20,9.2,0,,10262.467,35.6,20,-1.5,0,,14393.045,20.2,14,-21.1,0,,19137.138,-2.4,7,-52.4,0,,24723.762,-35.5,12,-69.7,0,,31485.48,America/Los_Angeles,34.066547,-118.52405,86.0,36.31019592285156
2026-09-29T13:00,pressure_profile,cmc_gem_seamless,74.3,47,52.8,0,,216.535,76.9,23,36.3,0,,2454.068,70.5,20,27.4,0,,4868.767,48.4,20,9.2,0,,10252.625,36.0,20,-1.3,0,,14389.764,20.7,16,-18.9,0,,19133.86,-1.8,7,-51.9,0,,24719.71,-35.5,12,-69.7,0,,31485.48,America/Los_Angeles,34.066547,-118.52405,86.0,36.31019592285156
2026-09-29T14:00,pressure_profile,cmc_gem_seamless,75.2,49,54.7,0,,193.57,78.5,22,36.5,0,,2440.945,70.9,20,27.8,0,,4858.924,48.7,19,8.1,0,,10246.063,36.0,20,-1.3,0,,14386.483,20.7,16,-18.9,0,,19130.578,-1.8,7,-51.9,0,,24719.71,-35.5,12,-69.7,0,,31485.48,America/Los_Angeles,34.066547,-118.52405,86.0,36.31019592285156
2026-09-29T15:00,pressure_profile,cmc_gem_seamless,76.3,50,56.3,0,,177.165,79.6,22,37.4,0,,2431.102,71.3,20,28.2,0,,4852.363,49.0,18,7.0,0,,10242.782,36.3,20,-1.0,0,,14383.202,20.7,16,-18.9,0,,19130.578,-1.8,7,-51.9,0,,24719.71,-35.5,12,-69.7,0,,31485.48,America/Los_Angeles,34.066547,-118.52405,86.0,36.31019592285156
2026-09-29T16:00,pressure_profile,cmc_gem_seamless,77.0,52,58.0,0,,164.042,80.6,21,37.1,0,,2421.26,71.5,21,29.5,0,,4845.801,49.0,18,7.0,0,,10239.501,36.3,19,-2.4,0,,14376.641,20.2,17,-17.5,0,,19127.296,-1.8,7,-51.9,0,,24715.662,-35.5,12,-69.7,0,,31485.48,America/Los_Angeles,34.066547,-118.52405,86.0,36.31019592285156
2026-09-29T17:00,pressure_profile,cmc_gem_seamless,77.2,54,59.3,0,,157.48,81.2,21,37.6,0,,2414.698,71.8,22,30.9,0,,4842.52,49.3,18,7.2,0,,10236.221,36.6,19,-2.1,0,,14376.641,20.2,17,-17.5,0,,19127.296,-1.8,7,-51.9,0,,24715.662,-35.5,12,-69.7,0,,31485.48,America/Los_Angeles,34.066547,-118.52405,86.0,36.31019592285156
2026-09-29T18:00,pressure_profile,cmc_gem_seamless,76.3,57,59.9,0,,154.199,81.6,21,37.9,0,,2411.417,71.8,23,32.0,0,,4839.239,49.3,19,8.6,0,,10236.221,36.6,19,-2.1,0,,14379.921,20.2,17,-17.5,0,,19127.296,-1.8,7,-51.9,0,,24719.71,-35.5,12,-69.7,0,,31490.77,America/Los_Angeles,34.066547,-118.52405,86.0,36.31019592285156
2026-09-29T19:00,pressure_profile,cmc_gem_seamless,74.8,60,60.0,0,,157.48,81.6,22,39.1,0,,2411.417,71.8,24,33.0,0,,4839.239,49.5,20,10.1,0,,10239.501,37.0,18,-3.3,0,,14386.483,19.8,17,-17.9,0,,19130.578,-1.8,7,-51.9,0,,24727.812,-35.5,12,-69.7,0,,31501.356,America/Los_Angeles,34.066547,-118.52405,86.0,36.31019592285156
2026-09-29T20:00,pressure_profile,cmc_gem_seamless,73.2,62,59.4,0,,164.042,81.4,22,38.9,0,,2414.698,71.8,25,34.0,0,,4842.52,49.5,21,11.3,0,,10242.782,37.0,18,-3.3,0,,14393.045,19.8,17,-17.9,0,,19133.86,-1.8,7,-51.9,0,,24735.914,-35.5,12,-69.7,0,,31506.646,America/Los_Angeles,34.066547,-118.52405,86.0,36.31019592285156
2026-09-29T21:00,pressure_profile,cmc_gem_seamless,71.4,64,58.6,0,,177.165,81.2,23,39.9,0,,2424.541,71.8,26,35.0,0,,4852.363,49.5,22,12.4,0,,10249.344,37.0,18,-3.3,0,,14399.606,19.8,17,-17.9,0,,19143.702,-1.8,7,-51.9,0,,24739.962,-35.5,12,-69.7,0,,31511.94,America/Los_Angeles,34.066547,-118.52405,86.0,36.31019592285156
2026-09-29T22:00,pressure_profile,cmc_gem_seamless,69.4,66,57.6,0,,193.57,80.8,23,39.6,0,,2437.664,71.8,27,36.0,0,,4865.486,49.3,23,13.3,0,,10259.187,37.0,16,-4.8,0,,14402.888,19.8,17,-17.9,0,,19153.542,-1.8,5,-56.5,0,,24748.064,-35.5,12,-69.7,0,,31522.522,America/Los_Angeles,34.066547,-118.52405,86.0,36.31019592285156
2026-09-29T23:00,pressure_profile,cmc_gem_seamless,68.0,66,56.2,0,,206.693,80.2,24,40.2,0,,2444.226,71.8,27,36.0,0,,4872.048,49.3,23,13.3,0,,10265.748,37.0,16,-4.8,0,,14406.168,19.8,17,-17.9,0,,19156.824,-1.8,5,-56.5,0,,24748.064,-35.5,12,-69.7,0,,31522.522,America/Los_Angeles,34.066547,-118.52405,86.0,36.31019592285156
2026-09-30T00:00,pressure_profile,cmc_gem_seamless,67.3,63,54.3,0,,206.693,79.6,25,40.7,0,,2440.945,71.8,27,36.0,0,,4868.767,49.3,23,13.3,0,,10262.467,36.6,16,-5.1,0,,14402.888,19.8,16,-19.6,0,,19150.262,-1.8,5,-56.5,0,,24744.014,-35.5,12,-69.7,0,,31517.228,America/Los_Angeles,34.066547,-118.52405,86.0,36.31019592285156
2026-09-30T01:00,pressure_profile,cmc_gem_seamless,67.1,58,51.8,0,,203.412,78.9,26,41.1,0,,2434.383,71.5,26,34.8,0,,4862.205,49.5,22,12.4,0,,10252.625,36.3,16,-5.3,0,,14393.045,20.2,16,-19.2,0,,19140.42,-2.4,5,-56.9,0,,24731.862,-35.5,12,-69.7,0,,31506.646,America/Los_Angeles,34.066547,-118.52405,86.0,36.31019592285156
2026-09-30T02:00,pressure_profile,cmc_gem_seamless,66.9,53,49.2,0,,200.131,78.3,27,41.5,0,,2427.822,71.5,25,33.9,0,,4855.643,49.5,21,11.3,0,,10246.063,36.0,16,-5.6,0,,14386.483,20.2,14,-21.1,0,,19130.578,-2.4,5,-56.9,0,,24723.762,-35.5,12,-69.7,0,,31496.062,America/Los_Angeles,34.066547,-118.52405,86.0,36.31019592285156
2026-09-30T03:00,pressure_profile,cmc_gem_seamless,66.6,48,46.3,0,,196.85,78.1,28,42.3,0,,2424.541,71.5,24,32.8,0,,4852.363,49.5,20,10.1,0,,10239.501,35.6,16,-5.9,0,,14379.921,20.2,13,-23.1,0,,19124.016,-2.4,5,-56.9,0,,24715.662,-35.5,12,-69.7,0,,31485.48,America/Los_Angeles,34.066547,-118.52405,86.0,36.31019592285156
2026-09-30T04:00,pressure_profile,cmc_gem_seamless,66.4,42,42.6,0,,193.57,78.1,28,42.3,0,,2421.26,71.5,23,31.8,0,,4845.801,49.3,18,7.2,0,,10236.221,35.3,16,-6.2,0,,14370.079,20.2,13,-23.1,0,,19117.456,-2.4,5,-56.9,0,,24707.56,-35.5,10,-72.3,0,,31480.188,America/Los_Angeles,34.066547,-118.52405,86.0,36.31019592285156
2026-09-30T05:00,pressure_profile,cmc_gem_seamless,66.2,38,39.8,0,,193.57,78.1,28,42.3,0,,2421.26,71.5,22,30.7,0,,4845.801,49.3,17,5.8,0,,10232.939,35.3,16,-6.2,0,,14366.798,20.2,11,-25.3,0,,19114.174,-2.4,5,-56.9,0,,24703.508,-35.5,10,-72.3,0,,31474.894,America/Los_Angeles,34.066547,-118.52405,86.0,36.31019592285156
2026-09-30T06:00,pressure_profile,cmc_gem_seamless,65.7,37,38.7,0,,196.85,77.9,28,42.2,0,,2424.541,71.5,21,29.5,0,,4845.801,49.3,16,4.3,0,,10232.939,35.3,16,-6.2,0,,14370.079,20.2,11,-25.3,0,,19114.174,-2.4,5,-56.9,0,,24707.56,-35.5,10,-72.3,0,,31480.188,America/Los_Angeles,34.066547,-118.52405,86.0,36.31019592285156
2026-09-30T07:00,pressure_profile,cmc_gem_seamless,65.3,37,38.4,0,,200.131,77.5,27,40.9,0,,2427.822,71.8,21,29.7,0,,4849.082,49.0,16,4.1,0,,10236.221,35.3,16,-6.2,0,,14379.921,20.2,10,-27.8,0,,19114.174,-2.4,5,-56.9,0,,24715.662,-35.5,8,-75.5,0,,31490.77,America/Los_Angeles,34.066547,-118.52405,86.0,36.31019592285156
2026-09-30T08:00,pressure_profile,cmc_gem_seamless,66.0,37,39.0,0,,203.412,77.5,26,39.9,0,,2434.383,71.8,20,28.5,0,,4855.643,49.0,14,2.5,0,,10242.782,35.6,16,-5.9,0,,14386.483,20.2,10,-27.8,0,,19120.734,-2.4,5,-56.9,0,,24723.762,-35.5,8,-75.5,0,,31501.356,America/Los_Angeles,34.066547,-118.52405,86.0,36.31019592285156
2026-09-30T09:00,pressure_profile,cmc_gem_seamless,69.1,37,41.7,0,,209.974,77.9,25,39.2,0,,2444.226,71.8,19,27.3,0,,4868.767,49.0,13,0.7,0,,10252.625,36.0,16,-5.6,0,,14393.045,20.2,10,-27.8,0,,19130.578,-2.4,5,-56.9,0,,24731.862,-35.5,8,-75.5,0,,31511.94,America/Los_Angeles,34.066547,-118.52405,86.0,36.31019592285156
2026-09-30T10:00,pressure_profile,cmc_gem_seamless,73.2,38,46.1,0,,216.535,78.5,24,38.7,0,,2457.349,72.0,18,26.1,0,,4881.89,48.7,13,0.5,0,,10265.748,36.0,15,-7.3,0,,14402.888,20.7,9,-30.3,0,,19146.982,-1.8,5,-56.5,0,,24744.014,-34.6,8,-74.8,0,,31522.522,America/Los_Angeles,34.066547,-118.52405,86.0,36.31019592285156
2026-09-30T11:00,pressure_profile,cmc_gem_seamless,76.6,39,49.8,0,,213.255,79.3,23,38.3,0,,2460.63,72.0,18,26.1,0,,4888.452,48.7,13,0.5,0,,10272.31,36.3,15,-7.0,0,,14406.168,20.7,9,-30.3,0,,19153.542,-1.8,5,-56.5,0,,24748.064,-34.6,8,-74.8,0,,31533.104,America/Los_Angeles,34.066547,-118.52405,86.0,36.31019592285156
2026-09-30T12:00,pressure_profile,cmc_gem_seamless,78.6,39,51.6,0,,196.85,80.2,22,37.9,0,,2450.787,72.2,18,26.3,0,,4881.89,48.7,14,2.2,0,,10265.748,36.3,15,-7.0,0,,14402.888,20.7,9,-30.3,0,,19150.262,-1.2,5,-56.1,0,,24748.064,-34.6,8,-74.8,0,,31533.104,America/Los_Angeles,34.066547,-118.52405,86.0,36.31019592285156
2026-09-30T13:00,pressure_profile,cmc_gem_seamless,79.9,40,53.4,0,,173.885,81.2,21,37.6,0,,2437.664,72.2,19,27.6,0,,4865.486,49.0,16,4.1,0,,10252.625,36.6,14,-8.5,0,,14396.325,20.7,7,-33.6,0,,19140.42,-1.2,5,-56.1,0,,24739.962,-34.6,8,-74.8,0,,31533.104,America/Los_Angeles,34.066547,-118.52405,86.0,36.31019592285156
2026-09-30T14:00,pressure_profile,cmc_gem_seamless,80.8,40,54.2,0,,154.199,82.2,20,37.1,0,,2421.26,72.4,19,27.8,0,,4852.363,49.3,18,7.2,0,,10242.782,36.6,14,-8.5,0,,14386.483,20.7,7,-33.6,0,,19130.578,-0.6,5,-55.7,0,,24735.914,-34.6,8,-74.8,0,,31527.814,America/Los_Angeles,34.066547,-118.52405,86.0,36.31019592285156
2026-09-30T15:00,pressure_profile,cmc_gem_seamless,81.7,40,55.0,0,,137.795,83.2,19,36.7,0,,2408.137,72.6,19,28.0,0,,4842.52,49.5,20,10.1,0,,10236.221,36.6,14,-8.5,0,,14376.641,21.1,7,-33.3,0,,19124.016,-0.6,5,-55.7,0,,24731.862,-34.6,8,-74.8,0,,31522.522,America/Los_Angeles,34.066547,-118.52405,86.0,36.31019592285156
2026-09-30T16:00,pressure_profile,cmc_gem_seamless,82.4,41,56.3,0,,118.11,84.2,19,37.5,0,,2395.013,72.8,20,29.4,0,,4829.397,49.8,21,11.5,0,,10229.659,36.6,13,-10.5,0,,14370.079,21.1,6,-37.2,0,,19120.734,-0.1,3,-61.6,0,,24723.762,-33.7,8,-74.1,0,,31522.522,America/Los_Angeles,34.066547,-118.52405,86.0,36.31019592285156
2026-09-30T17:00,pressure_profile,cmc_gem_seamless,82.4,41,56.3,0,,108.268,84.8,18,36.6,0,,2385.171,73.1,20,29.6,0,,4822.835,49.8,23,13.8,0,,10226.378,36.6,13,-10.5,0,,14363.518,21.5,6,-36.9,0,,19117.456,-0.1,3,-61.6,0,,24723.762,-33.7,8,-74.1,0,,31522.522,America/Los_Angeles,34.066547,-118.52405,86.0,36.31019592285156
2026-09-30T18:00,pressure_profile,cmc_gem_seamless,81.7,42,56.4,0,,104.987,85.0,18,36.7,0,,2381.89,73.3,20,29.8,0,,4819.554,49.8,26,15.9,0,,10223.098,37.0,13,-10.2,0,,14363.518,21.5,6,-36.9,0,,19117.456,-0.1,3,-61.6,0,,24727.812,-32.8,8,-73.3,0,,31527.814,America/Los_Angeles,34.066547,-118.52405,86.0,36.31019592285156
2026-09-30T19:00,pressure_profile,cmc_gem_seamless,80.4,43,55.9,0,,104.987,85.0,17,35.3,0,,2378.609,73.5,21,31.2,0,,4819.554,49.5,27,16.6,0,,10223.098,37.0,11,-12.3,0,,14366.798,21.9,4,-41.6,0,,19117.456,-0.1,3,-61.6,0,,24731.862,-32.8,6,-77.4,0,,31533.104,America/Los_Angeles,34.066547,-118.52405,86.0,36.31019592285156
2026-09-30T20:00,pressure_profile,cmc_gem_seamless,79.0,44,55.2,0,,108.268,84.8,17,35.1,0,,2381.89,73.5,21,31.2,0,,4819.554,49.3,29,18.2,0,,10226.378,37.3,11,-12.1,0,,14370.079,21.9,4,-41.6,0,,19120.734,-0.1,3,-61.6,0,,24739.962,-31.9,6,-76.7,0,,31543.688,America/Los_Angeles,34.066547,-118.52405,86.0,36.31019592285156
2026-09-30T21:00,pressure_profile,cmc_gem_seamless,77.2,45,54.2,0,,118.11,84.8,17,35.1,0,,2388.452,73.5,21,31.2,0,,4826.116,49.0,31,19.7,0,,10232.939,37.3,11,-12.1,0,,14373.359,21.9,4,-41.6,0,,19127.296,-0.1,3,-61.6,0,,24748.064,-31.0,6,-76.0,0,,31554.274,America/Los_Angeles,34.066547,-118.52405,86.0,36.31019592285156
2026-09-30T22:00,pressure_profile,cmc_gem_seamless,74.8,46,52.7,0,,131.234,84.8,18,36.6,0,,2398.294,73.5,22,32.3,0,,4835.958,49.0,32,20.5,0,,10239.501,37.6,10,-14.1,0,,14379.921,21.9,4,-41.6,0,,19140.42,-0.1,3,-61.6,0,,24752.114,-31.0,4,-81.6,0,,31559.562,America/Los_Angeles,34.066547,-118.52405,86.0,36.31019592285156
2026-09-30T23:00,pressure_profile,cmc_gem_seamless,72.9,46,50.9,0,,141.076,84.4,18,36.2,0,,2401.575,73.5,22,32.3,0,,4839.239,48.7,33,21.1,0,,10242.782,37.6,10,-14.1,0,,14379.921,21.9,4,-41.6,0,,19143.702,-0.1,3,-61.6,0,,24756.166,-30.1,4,-81.0,0,,31564.856,America/Los_Angeles,34.066547,-118.52405,86.0,36.31019592285156
2026-09-21T00:00,pressure_profile,cma_grapes_global,65.3,89.0,62.0,0.0,0.0,370.735,58.4,86.0,54.2,0.0,0.0,2555.775,63.3,16.0,16.3,0.0,0.0,4917.979,49.0,16.0,4.1,0.0,0.01,10275.591,29.3,68.0,19.9,0.0,0.0,14393.045,13.5,3.0,-54.3,0.0,-0.01,19071.522,-7.5,13.0,-45.0,0.0,-0.01,24573.896,-32.8,18.0,-61.3,0.0,0.0,31316.146,America/Los_Angeles,34.0625,-118.5,86.0,5.251288414001465
2026-09-21T01:00,pressure_profile,cma_grapes_global,64.8,90.0,61.8,0.0,0.0,370.735,59.0,78.0,52.1,0.0,0.0,2552.494,62.8,18.0,18.7,0.0,0.0,4914.698,48.7,19.0,8.1,0.0,0.04,10269.029,29.3,43.0,9.3,0.0,0.0,14376.641,13.5,4.0,-47.7,0.0,-0.02,19058.398,-8.7,17.0,-42.2,0.0,-0.02,24561.746,-32.8,18.0,-61.3,0.0,0.0,31284.394,America/Los_Angeles,34.0625,-118.5,86.0,5.251288414001465
2026-09-21T02:00,pressure_profile,cma_grapes_global,64.4,91.0,61.7,0.0,0.0,367.454,59.4,73.0,50.7,0.0,0.0,2549.213,62.2,20.0,20.6,0.0,0.0,4911.418,48.4,26.0,14.7,0.0,0.05,10259.187,29.3,23.0,-4.4,0.0,0.01,14363.518,13.1,7.0,-39.4,0.0,-0.02,19045.276,-9.2,18.0,-41.0,0.0,-0.02,24545.542,-33.7,18.0,-62.1,0.0,0.0,31252.646,America/Los_Angeles,34.0625,-118.5,86.0,5.251288414001465
2026-09-21T03:00,pressure_profile,cma_grapes_global,64.0,91.0,61.4,0.0,0.0,370.735,58.8,73.0,50.1,0.0,0.0,2552.494,61.1,24.0,24.0,0.0,0.0,4904.856,47.6,40.0,24.5,0.0,0.04,10252.625,29.3,18.0,-9.6,0.0,0.01,14350.394,12.3,10.0,-34.1,0.0,-0.02,19025.59,-9.8,20.0,-40.0,0.0,-0.02,24517.19,-34.6,18.0,-62.9,0.0,0.0,31210.312,America/Los_Angeles,34.0625,-118.5,86.0,5.251288414001465
2026-09-21T04:00,pressure_profile,cma_grapes_global,63.7,90.0,60.7,0.0,0.0,377.297,57.8,76.0,50.3,0.0,0.0,2552.494,59.6,28.0,26.4,0.0,0.0,4901.575,46.5,58.0,32.4,0.0,0.01,10242.782,29.0,19.0,-8.4,0.0,0.0,14340.552,11.4,14.0,-28.3,0.0,-0.01,19009.186,-10.4,20.0,-40.5,0.0,-0.01,24484.788,-34.6,16.0,-64.6,0.0,0.0,31167.978,America/Los_Angeles,34.0625,-118.5,86.0,5.251288414001465
2026-09-21T05:00,pressure_profile,cma_grapes_global,63.5,89.0,60.2,0.0,0.0,380.577,57.2,78.0,50.4,0.0,0.0,2555.775,58.5,31.0,28.0,0.0,0.0,4895.013,45.4,68.0,35.4,0.0,0.0,10236.221,29.0,20.0,-7.1,0.0,0.0,14327.428,11.0,17.0,-25.2,0.0,0.0,18989.502,-11.0,22.0,-39.6,0.0,0.0,24456.434,-35.5,16.0,-65.4,0.0,0.0,31125.646,America/Los_Angeles,34.0625,-118.5,86.0,5.251288414001465
2026-09-21T06:00,pressure_profile,cma_grapes_global,63.7,87.0,59.7,0.0,0.0,383.858,57.2,78.0,50.4,0.0,0.0,2559.055,58.1,33.0,29.1,0.0,0.0,4901.575,44.9,61.0,32.3,0.0,0.01,10232.939,28.7,20.0,-7.4,0.0,0.02,14320.866,11.0,16.0,-26.8,0.0,0.01,18982.94,-11.5,25.0,-37.6,0.0,0.0,24448.334,-36.4,20.0,-62.8,0.0,0.0,31104.48,America/Los_Angeles,34.0625,-118.5,86.0,5.251288414001465
2026-09-21T07:00,pressure_profile,cma_grapes_global,64.0,85.0,59.4,0.0,0.0,387.139,57.6,77.0,50.4,0.0,-0.01,2565.617,58.1,34.0,29.8,0.0,0.0,4904.856,44.3,46.0,24.6,0.0,0.04,10229.659,28.7,19.0,-8.7,0.0,0.05,14314.305,11.0,14.0,-28.6,0.0,0.03,18979.658,-12.7,30.0,-35.4,0.0,-0.01,24436.182,-37.3,26.0,-59.6,0.0,0.0,31078.022,America/Los_Angeles,34.0625,-118.5,86.0,5.251288414001465
2026-09-21T08:00,pressure_profile,cma_grapes_global,64.8,81.0,58.8,0.0,0.0,390.42,58.0,76.0,50.5,0.0,-0.01,2568.898,58.1,34.0,29.8,0.0,0.0,4911.418,43.8,34.0,17.5,0.0,0.05,10226.378,28.4,19.0,-9.0,0.0,0.06,14307.743,11.0,13.0,-30.5,0.0,0.04,18973.098,-13.2,35.0,-33.1,0.0,-0.01,24428.082,-37.3,30.0,-57.3,0.0,0.0,31056.854,America/Los_Angeles,34.0625,-118.5,86.0,5.251288414001465
2026-09-21T09:00,pressure_profile,cma_grapes_global,66.2,73.0,57.3,0.0,0.0,390.42,58.0,74.0,49.7,0.0,-0.01,2572.179,58.3,32.0,28.5,0.0,0.0,4914.698,43.5,33.0,16.5,0.0,0.04,10229.659,28.0,19.0,-9.3,0.0,0.05,14307.743,10.6,14.0,-29.0,0.0,0.03,18969.816,-13.2,40.0,-30.7,0.0,-0.01,24419.98,-37.3,28.0,-58.4,0.0,0.0,31056.854,America/Los_Angeles,34.0625,-118.5,86.0,5.251288414001465
2026-09-21T10:00,pressure_profile,cma_grapes_global,68.0,62.0,54.5,0.0,0.0,390.42,57.8,72.0,48.8,0.0,-0.01,2572.179,58.7,29.0,26.5,0.0,0.0,4917.979,43.2,36.0,17.8,0.0,0.02,10229.659,27.7,19.0,-9.5,0.0,0.02,14304.462,10.2,19.0,-24.4,0.0,0.01,18963.254,-13.2,43.0,-29.2,0.0,0.0,24415.93,-37.3,26.0,-59.6,0.0,0.0,31056.854,America/Los_Angeles,34.0625,-118.5,86.0,5.251288414001465
2026-09-21T11:00,pressure_profile,cma_grapes_global,70.0,54.0,52.6,0.0,0.0,390.42,58.2,70.0,48.4,0.0,0.0,2575.459,58.9,27.0,25.0,0.0,0.0,4921.26,43.0,39.0,19.6,0.0,0.0,10232.939,27.4,19.0,-9.8,0.0,0.0,14304.462,9.7,20.0,-23.4,0.0,0.0,18959.974,-13.2,43.0,-29.2,0.0,0.0,24407.83,-36.4,22.0,-61.3,0.0,0.0,31056.854,America/Los_Angeles,34.0625,-118.5,86.0,5.251288414001465
2026-09-21T12:00,pressure_profile,cma_grapes_global,72.1,50.0,52.5,0.0,0.01,374.016,59.8,67.0,48.8,0.0,0.05,2568.898,58.9,27.0,25.0,0.0,-0.01,4914.698,42.7,43.0,21.9,0.0,0.0,10229.659,27.4,20.0,-8.5,0.0,-0.01,14297.9,9.7,20.0,-23.4,0.0,-0.01,18956.694,-13.2,37.0,-32.3,0.0,0.0,24407.83,-35.5,20.0,-62.0,0.0,0.01,31067.436,America/Los_Angeles,34.0625,-118.5,86.0,5.251288414001465
2026-09-21T13:00,pressure_profile,cma_grapes_global,74.3,49.0,53.9,0.0,0.02,360.892,61.7,65.0,49.8,0.0,0.12,2562.336,58.7,28.0,25.7,0.0,-0.01,4911.418,42.4,49.0,24.5,0.0,0.01,10223.098,27.4,23.0,-6.1,0.0,-0.01,14294.619,9.7,19.0,-24.8,0.0,-0.02,18950.13,-12.7,25.0,-38.6,0.0,0.0,24403.778,-34.6,16.0,-64.6,0.0,0.03,31078.022,America/Los_Angeles,34.0625,-118.5,86.0,5.251288414001465
2026-09-21T14:00,pressure_profile,cma_grapes_global,75.6,49.0,55.1,0.0,0.03,344.488,63.1,65.0,51.2,0.0,0.15,2555.775,58.9,28.0,25.9,0.0,-0.02,4904.856,42.4,52.0,26.1,0.0,0.02,10219.816,27.4,24.0,-5.0,0.0,-0.02,14288.058,9.7,17.0,-26.3,0.0,-0.02,18946.85,-12.1,17.0,-45.0,0.0,0.0,24403.778,-33.7,14.0,-65.9,0.0,0.03,31088.606,America/Los_Angeles,34.0625,-118.5,86.0,5.251288414001465
2026-09-21T15:00,pressure_profile,cma_grapes_global,75.2,52.0,56.4,0.0,0.03,331.365,62.9,70.0,53.0,0.0,0.12,2539.37,60.2,26.0,25.2,0.0,-0.03,4891.733,42.7,52.0,26.4,0.0,0.01,10213.255,27.7,21.0,-7.0,0.0,-0.03,14284.777,10.2,14.0,-29.3,0.0,-0.02,18943.57,-11.5,12.0,-50.5,0.0,0.0,24407.83,-32.8,12.0,-67.4,0.0,0.01,31120.354,America/Los_Angeles,34.0625,-118.5,86.0,5.251288414001465
2026-09-21T16:00,pressure_profile,cma_grapes_global,74.1,56.0,57.4,0.0,0.03,318.242,62.1,77.0,54.8,0.0,0.06,2522.966,61.8,23.0,23.6,0.0,-0.04,4878.609,43.0,49.0,25.0,0.0,0.0,10206.693,28.0,16.0,-12.2,0.0,-0.05,14278.215,10.2,13.0,-31.2,0.0,-0.01,18940.29,-10.4,10.0,-52.1,0.0,0.0,24411.878,-31.9,12.0,-66.7,0.0,0.0,31146.81,America/Los_Angeles,34.0625,-118.5,86.0,5.251288414001465
2026-09-21T17:00,pressure_profile,cma_grapes_global,72.7,61.0,58.5,0.0,0.03,305.118,61.3,82.0,55.8,0.0,0.01,2506.562,62.8,21.0,22.3,0.0,-0.04,4865.486,43.2,46.0,23.6,0.0,-0.01,10200.131,28.4,14.0,-15.2,0.0,-0.06,14274.935,10.6,10.0,-35.4,0.0,-0.01,18937.008,-9.2,10.0,-51.2,0.0,-0.01,24415.93,-31.0,12.0,-66.0,0.0,-0.01,31178.562,America/Los_Angeles,34.0625,-118.5,86.0,5.251288414001465
2026-09-21T18:00,pressure_profile,cma_grapes_global,71.2,65.0,58.9,0.0,0.02,311.68,61.1,83.0,55.9,0.0,0.0,2509.843,62.6,21.0,22.1,0.0,-0.04,4868.767,43.5,40.0,20.8,0.0,-0.01,10200.131,28.7,16.0,-11.6,0.0,-0.06,14278.215,10.6,9.0,-38.1,0.0,-0.02,18940.29,-7.5,12.0,-47.2,0.0,-0.02,24432.13,-31.0,16.0,-61.6,0.0,-0.03,31199.73,America/Los_Angeles,34.0625,-118.5,86.0,5.251288414001465
2026-09-21T19:00,pressure_profile,cma_grapes_global,69.6,70.0,59.4,0.0,0.02,318.242,61.1,83.0,55.9,0.0,0.0,2516.404,61.8,23.0,23.6,0.0,-0.03,4875.328,43.8,33.0,16.8,0.0,0.0,10203.412,28.7,23.0,-5.0,0.0,-0.05,14281.496,10.6,7.0,-41.3,0.0,-0.03,18946.85,-5.2,15.0,-41.1,0.0,-0.05,24448.334,-31.9,20.0,-58.9,0.0,-0.06,31220.896,America/Los_Angeles,34.0625,-118.5,86.0,5.251288414001465
2026-09-21T20:00,pressure_profile,cma_grapes_global,68.2,73.0,59.2,0.0,0.01,324.803,61.1,82.0,55.6,0.0,0.01,2519.685,61.1,25.0,25.0,0.0,-0.02,4878.609,43.8,31.0,15.2,0.0,0.0,10203.412,28.7,25.0,-2.8,0.0,-0.05,14284.777,11.0,7.0,-41.0,0.0,-0.04,18950.13,-4.1,17.0,-38.3,0.0,-0.06,24464.536,-31.9,22.0,-57.4,0.0,-0.06,31242.064,America/Los_Angeles,34.0625,-118.5,86.0,5.251288414001465
2026-09-21T21:00,pressure_profile,cma_grapes_global,67.3,75.0,59.1,0.0,0.01,328.084,61.1,80.0,54.9,0.0,0.01,2519.685,61.3,28.0,27.9,0.0,-0.02,4881.89,43.8,36.0,18.2,0.0,-0.01,10209.974,28.7,23.0,-5.0,0.0,-0.05,14288.058,11.4,7.0,-40.6,0.0,-0.03,18956.694,-3.5,18.0,-36.2,0.0,-0.04,24476.686,-31.9,18.0,-60.6,0.0,-0.04,31247.354,America/Los_Angeles,34.0625,-118.5,86.0,5.251288414001465
2026-09-21T22:00,pressure_profile,cma_grapes_global,66.6,76.0,58.8,0.0,0.01,328.084,61.1,78.0,54.2,0.0,0.01,2516.404,62.0,32.0,31.8,0.0,-0.01,4881.89,43.5,43.0,22.7,0.0,-0.02,10213.255,28.7,18.0,-10.1,0.0,-0.06,14294.619,12.3,7.0,-40.0,0.0,-0.02,18963.254,-4.1,18.0,-36.7,0.0,-0.01,24484.788,-32.8,12.0,-67.4,0.0,0.0,31257.936,America/Los_Angeles,34.0625,-118.5,86.0,5.251288414001465
2026-09-21T23:00,pressure_profile,cma_grapes_global,65.8,77.0,58.4,0.0,0.01,331.365,60.9,77.0,53.7,0.0,0.01,2516.404,62.4,35.0,34.4,0.0,-0.01,4885.171,43.5,50.0,26.1,0.0,-0.03,10219.816,28.7,14.0,-14.9,0.0,-0.06,14297.9,12.7,7.0,-39.7,0.0,-0.01,18969.816,-4.1,18.0,-36.7,0.0,0.01,24496.938,-32.8,8.0,-73.3,0.0,0.01,31263.228,America/Los_Angeles,34.0625,-118.5,86.0,5.251288414001465
2026-09-22T00:00,pressure_profile,cma_grapes_global,65.1,79.0,58.4,0.0,0.01,334.646,60.4,78.0,53.5,0.0,0.01,2516.404,62.6,36.0,35.3,0.0,-0.01,4885.171,43.5,52.0,27.1,0.0,-0.03,10219.816,29.0,15.0,-12.9,0.0,-0.05,14297.9,13.1,7.0,-39.4,0.0,-0.02,18973.098,-4.7,18.0,-37.1,0.0,0.0,24500.988,-32.8,6.0,-77.4,0.0,0.0,31257.936,America/Los_Angeles,34.0625,-118.5,86.0,5.251288414001465
2026-09-22T01:00,pressure_profile,cma_grapes_global,64.6,81.0,58.6,0.0,0.0,334.646,59.8,80.0,53.6,0.0,0.0,2519.685,62.8,36.0,35.5,0.0,0.0,4885.171,43.2,53.0,27.4,0.0,-0.02,10216.535,29.3,18.0,-9.6,0.0,-0.02,14297.9,13.1,7.0,-39.4,0.0,-0.03,18973.098,-4.7,18.0,-37.1,0.0,-0.02,24500.988,-32.8,4.0,-83.0,0.0,-0.01,31257.936,America/Los_Angeles,34.0625,-118.5,86.0,5.251288414001465
2026-09-22T02:00,pressure_profile,cma_grapes_global,64.0,83.0,58.8,0.0,0.0,337.927,59.4,81.0,53.5,0.0,0.0,2519.685,62.8,36.0,35.5,0.0,0.0,4885.171,43.2,51.0,26.4,0.0,-0.02,10216.535,29.3,20.0,-6.8,0.0,-0.01,14297.9,13.1,7.0,-39.4,0.0,-0.04,18976.378,-5.2,18.0,-37.6,0.0,-0.04,24505.04,-32.8,4.0,-83.0,0.0,-0.03,31252.646,America/Los_Angeles,34.0625,-118.5,86.0,5.251288414001465
2026-09-22T03:00,pressure_profile,cma_grapes_global,63.5,84.0,58.6,0.0,0.0,337.927,59.6,80.0,53.4,0.0,0.0,2516.404,62.6,36.0,35.3,0.0,0.0,4881.89,43.2,44.0,23.0,0.0,-0.02,10213.255,29.0,23.0,-4.7,0.0,-0.01,14294.619,13.5,7.0,-39.0,0.0,-0.04,18976.378,-5.8,20.0,-36.6,0.0,-0.04,24500.988,-32.8,4.0,-83.0,0.0,-0.03,31242.064,America/Los_Angeles,34.0625,-118.5,86.0,5.251288414001465
2026-09-22T04:00,pressure_profile,cma_grapes_global,63.1,85.0,58.6,0.0,0.0,334.646,60.0,77.0,52.7,0.0,-0.01,2516.404,62.2,36.0,34.9,0.0,-0.01,4881.89,43.5,37.0,18.7,0.0,-0.01,10209.974,28.7,24.0,-3.8,0.0,-0.01,14291.339,13.5,6.0,-42.9,1.0,-0.03,18973.098,-5.8,20.0,-36.6,0.0,-0.02,24496.938,-32.8,4.0,-83.0,0.0,-0.01,31231.478,America/Los_Angeles,34.0625,-118.5,86.0,5.251288414001465
2026-09-22T05:00,pressure_profile,cma_grapes_global,62.8,86.0,58.5,0.0,0.0,334.646,60.5,74.0,52.2,0.0,-0.01,2513.123,62.0,36.0,34.7,0.0,-0.01,4878.609,43.5,30.0,14.1,0.0,-0.01,10206.693,28.7,24.0,-3.8,0.0,-0.02,14288.058,13.9,6.0,-42.6,1.0,-0.02,18973.098,-6.4,20.0,-37.1,0.0,-0.01,24492.888,-33.7,6.0,-78.1,0.0,0.0,31220.896,America/Los_Angeles,34.0625,-118.5,86.0,5.251288414001465
2026-09-22T06:00,pressure_profile,cma_grapes_global,62.2,88.0,58.6,0.0,0.0,341.207,61.1,71.0,51.7,0.0,-0.01,2519.685,62.0,37.0,35.4,0.0,-0.01,4888.452,43.5,29.0,13.2,0.0,-0.02,10216.535,29.0,21.0,-5.9,0.0,-0.02,14297.9,13.9,7.0,-38.7,1.0,-0.01,18986.22,-6.9,17.0,-40.7,0.0,0.0,24500.988,-34.6,8.0,-74.8,0.0,0.0,31220.896,America/Los_Angeles,34.0625,-118.5,86.0,5.251288414001465
2026-09-22T07:00,pressure_profile,cma_grapes_global,62.1,90.0,59.1,0.0,0.0,347.769,61.9,67.0,50.8,0.0,-0.01,2526.247,62.4,38.0,36.5,0.0,-0.02,4895.013,43.2,30.0,13.9,0.0,-0.02,10229.659,29.7,18.0,-9.3,0.0,-0.03,14311.023,13.9,11.0,-30.3,3.0,0.0,19002.624,-6.9,13.0,-44.5,0.0,0.0,24505.04,-35.5,10.0,-72.3,0.0,0.0,31220.896,America/Los_Angeles,34.0625,-118.5,86.0,5.251288414001465
2026-09-22T08:00,pressure_profile,cma_grapes_global,62.8,88.0,59.2,0.0,0.0,354.331,62.5,64.0,50.2,0.0,-0.01,2532.808,62.8,38.0,36.9,0.0,-0.02,4904.856,43.2,32.0,15.5,0.0,-0.03,10239.501,30.3,15.0,-11.9,0.0,-0.03,14320.866,13.9,13.0,-28.2,3.0,0.0,19015.748,-7.5,10.0,-49.8,0.0,0.0,24513.14,-36.4,12.0,-70.4,0.0,0.0,31220.896,America/Los_Angeles,34.0625,-118.5,86.0,5.251288414001465
2026-09-22T09:00,pressure_profile,cma_grapes_global,65.5,80.0,59.1,0.0,0.0,347.769,62.9,63.0,50.1,0.0,-0.01,2532.808,63.5,37.0,36.8,0.0,-0.02,4908.137,43.2,34.0,17.0,0.0,-0.03,10246.063,31.0,14.0,-13.1,0.0,-0.03,14330.709,13.9,13.0,-28.2,3.0,0.0,19028.872,-8.1,8.0,-53.2,2.0,-0.01,24529.34,-37.3,16.0,-66.9,0.0,0.0,31231.478,America/Los_Angeles,34.0625,-118.5,86.0,5.251288414001465
2026-09-22T10:00,pressure_profile,cma_grapes_global,69.4,68.0,58.4,0.0,0.01,344.488,63.1,63.0,50.3,0.0,-0.02,2536.089,64.4,35.0,36.1,0.0,-0.02,4914.698,43.2,37.0,18.5,0.0,-0.03,10255.905,31.3,14.0,-12.8,0.0,-0.02,14343.832,14.4,13.0,-27.8,3.0,-0.01,19045.276,-8.1,8.0,-53.2,2.0,-0.02,24541.494,-38.2,22.0,-62.9,0.0,-0.01,31247.354,America/Los_Angeles,34.0625,-118.5,86.0,5.251288414001465
2026-09-22T11:00,pressure_profile,cma_grapes_global,72.5,59.0,57.4,0.0,0.02,337.927,63.3,64.0,50.9,0.0,-0.02,2536.089,65.2,33.0,35.4,0.0,-0.02,4917.979,43.5,38.0,19.4,0.0,-0.03,10262.467,32.0,14.0,-12.3,0.0,-0.02,14353.675,14.4,11.0,-30.0,3.0,-0.01,19058.398,-8.7,10.0,-50.7,3.0,-0.04,24557.694,-38.2,26.0,-60.3,0.0,-0.01,31257.936,America/Los_Angeles,34.0625,-118.5,86.0,5.251288414001465
2026-09-22T12:00,pressure_profile,cma_grapes_global,74.1,57.0,57.9,0.0,0.03,321.522,63.7,68.0,52.9,0.0,-0.02,2522.966,66.3,31.0,34.8,0.0,-0.03,4911.418,43.8,37.0,19.0,0.0,-0.03,10259.187,32.7,14.0,-11.7,0.0,-0.02,14353.675,14.8,10.0,-32.1,3.0,-0.01,19058.398,-8.7,12.0,-48.2,3.0,-0.02,24561.746,-38.2,28.0,-59.2,0.0,-0.01,31263.228,America/Los_Angeles,34.0625,-118.5,86.0,5.251288414001465
2026-09-22T13:00,pressure_profile,cma_grapes_global,75.0,58.0,59.2,0.0,0.04,301.837,64.1,74.0,55.6,0.0,-0.02,2509.843,67.4,29.0,34.0,0.0,-0.04,4904.856,44.3,33.0,17.2,0.0,-0.03,10252.625,33.0,14.0,-11.5,0.0,-0.01,14350.394,14.8,7.0,-38.1,1.0,-0.02,19061.68,-8.7,17.0,-42.2,3.0,-0.01,24569.846,-38.2,30.0,-58.1,0.0,-0.01,31263.228,America/Los_Angeles,34.0625,-118.5,86.0,5.251288414001465
2026-09-22T14:00,pressure_profile,cma_grapes_global,75.7,59.0,60.4,0.0,0.05,285.433,64.7,78.0,57.7,0.0,-0.01,2496.719,68.3,28.0,33.9,0.0,-0.05,4898.294,44.6,34.0,18.2,0.0,-0.03,10249.344,33.3,14.0,-11.2,0.0,-0.01,14350.394,15.2,6.0,-41.6,1.0,-0.02,19061.68,-8.7,18.0,-40.5,3.0,0.0,24573.896,-38.2,28.0,-59.2,0.0,-0.01,31268.522,America/Los_Angeles,34.0625,-118.5,86.0,5.251288414001465
2026-09-22T15:00,pressure_profile,cma_grapes_global,76.8,58.0,60.9,0.0,0.05,265.748,65.3,78.0,58.2,0.0,0.0,2480.315,68.9,28.0,34.5,0.0,-0.06,4885.171,44.9,43.0,23.9,0.0,-0.02,10242.782,33.7,15.0,-9.2,0.0,-0.01,14343.832,15.6,6.0,-41.3,1.0,-0.02,19058.398,-8.7,20.0,-39.0,3.0,0.0,24573.896,-38.2,22.0,-62.9,0.0,-0.01,31268.522,America/Los_Angeles,34.0625,-118.5,86.0,5.251288414001465
2026-09-22T16:00,pressure_profile,cma_grapes_global,77.9,56.0,60.9,0.0,0.04,246.063,65.9,76.0,58.1,0.0,0.01,2467.192,69.1,29.0,35.5,0.0,-0.07,4872.048,44.9,54.0,29.4,1.0,0.01,10236.221,33.7,15.0,-9.2,0.0,-0.02,14337.271,15.6,6.0,-41.3,0.0,-0.02,19055.12,-8.1,20.0,-38.5,3.0,0.0,24569.846,-37.3,16.0,-66.9,0.0,-0.01,31268.522,America/Los_Angeles,34.0625,-118.5,86.0,5.251288414001465
2026-09-22T17:00,pressure_profile,cma_grapes_global,78.1,56.0,61.1,0.0,0.03,226.378,66.8,71.0,57.1,0.0,0.02,2450.787,69.6,30.0,36.8,0.0,-0.07,4858.924,45.1,60.0,32.1,1.0,0.02,10229.659,33.7,16.0,-7.5,0.0,-0.03,14330.709,16.0,7.0,-37.1,0.0,-0.02,19051.838,-8.1,18.0,-40.0,3.0,0.0,24569.846,-37.3,10.0,-73.8,0.0,-0.01,31268.522,America/Los_Angeles,34.0625,-118.5,86.0,5.251288414001465
2026-09-22T18:00,pressure_profile,cma_grapes_global,76.8,58.0,60.9,0.0,0.03,232.94,68.8,62.0,55.3,0.0,0.02,2454.068,70.0,30.0,37.2,0.0,-0.05,4865.486,46.0,52.0,29.4,1.0,0.03,10239.501,33.7,16.0,-7.5,0.0,-0.04,14343.832,16.0,9.0,-33.9,1.0,-0.01,19064.96,-8.1,15.0,-43.5,2.0,0.0,24586.046,-37.3,10.0,-73.8,0.0,-0.01,31284.394,America/Los_Angeles,34.0625,-118.5,86.0,5.251288414001465
2026-09-22T19:00,pressure_profile,cma_grapes_global,74.8,61.0,60.5,0.0,0.02,236.22,71.2,51.0,52.1,0.0,0.01,2457.349,70.7,29.0,36.9,0.0,-0.02,4868.767,47.1,39.0,23.3,1.0,0.03,10249.344,33.3,18.0,-6.3,1.0,-0.04,14356.955,16.5,9.0,-33.5,1.0,0.01,19078.084,-8.1,12.0,-47.7,2.0,0.0,24602.25,-37.3,10.0,-73.8,0.0,-0.03,31305.562,America/Los_Angeles,34.0625,-118.5,86.0,5.251288414001465
2026-09-22T20:00,pressure_profile,cma_grapes_global,72.7,65.0,60.2,0.0,0.02,242.782,73.0,43.0,49.1,0.0,0.0,2460.63,70.9,28.0,36.2,0.0,0.0,4875.328,47.6,29.0,16.8,1.0,0.02,10259.187,33.3,16.0,-7.8,1.0,-0.04,14370.079,16.5,10.0,-30.8,3.0,0.02,19091.208,-8.1,8.0,-53.2,0.0,0.0,24618.452,-37.3,12.0,-71.1,0.0,-0.03,31321.44,America/Los_Angeles,34.0625,-118.5,86.0,5.251288414001465
2026-09-22T21:00,pressure_profile,cma_grapes_global,70.7,70.0,60.4,0.0,0.02,255.906,73.3,40.0,47.6,0.0,0.0,2470.473,70.9,28.0,36.2,0.0,0.0,4885.171,47.6,28.0,15.9,1.0,0.0,10269.029,33.7,14.0,-10.9,1.0,-0.03,14379.921,16.5,11.0,-28.3,3.0,0.03,19104.33,-8.1,8.0,-53.2,0.0,-0.01,24630.602,-37.3,12.0,-71.1,0.0,-0.03,31332.022,America/Los_Angeles,34.0625,-118.5,86.0,5.251288414001465
2026-09-22T22:00,pressure_profile,cma_grapes_global,68.7,75.0,60.5,0.0,0.01,269.029,73.0,39.0,46.5,0.0,-0.01,2480.315,70.7,28.0,36.0,0.0,-0.01,4891.733,47.3,31.0,18.3,0.0,-0.02,10278.871,34.7,10.0,-16.5,1.0,-0.03,14393.045,16.0,11.0,-28.6,3.0,0.03,19117.456,-8.1,10.0,-50.2,2.0,-0.01,24638.704,-38.2,14.0,-69.7,2.0,-0.04,31347.896,America/Los_Angeles,34.0625,-118.5,86.0,5.251288414001465
2026-09-22T23:00,pressure_profile,cma_grapes_global,67.1,79.0,60.4,0.0,0.01,282.152,72.8,38.0,45.7,0.0,-0.01,2490.158,70.7,28.0,36.0,0.0,-0.02,4901.575,47.1,33.0,19.7,0.0,-0.03,10288.714,35.0,8.0,-21.8,1.0,-0.02,14402.888,16.0,11.0,-28.6,3.0,0.03,19130.578,-8.1,12.0,-47.7,2.0,-0.02,24650.854,-38.2,14.0,-69.7,2.0,-0.04,31358.478,America/Los_Angeles,34.0625,-118.5,86.0,5.251288414001465
2026-09-23T00:00,pressure_profile,cma_grapes_global,66.4,81.0,60.4,0.0,0.01,285.433,72.8,37.0,45.0,0.0,-0.01,2490.158,70.7,28.0,36.0,0.0,-0.02,4901.575,47.1,31.0,18.0,0.0,-0.03,10288.714,35.0,8.0,-21.8,1.0,-0.02,14402.888,16.0,10.0,-31.1,3.0,0.02,19127.296,-8.1,13.0,-45.5,2.0,-0.02,24646.802,-38.2,14.0,-69.7,2.0,-0.04,31353.186,America/Los_Angeles,34.0625,-118.5,86.0,5.251288414001465
2026-09-23T01:00,pressure_profile,cma_grapes_global,66.0,83.0,60.7,0.0,0.01,285.433,72.8,37.0,45.0,0.0,-0.01,2493.438,70.9,29.0,37.0,0.0,-0.01,4904.856,47.3,27.0,14.7,0.0,-0.01,10285.434,34.7,9.0,-19.1,0.0,-0.03,14402.888,15.6,10.0,-31.4,1.0,0.0,19127.296,-7.5,13.0,-45.0,3.0,-0.02,24646.802,-38.2,14.0,-69.7,2.0,-0.03,31347.896,America/Los_Angeles,34.0625,-118.5,86.0,5.251288414001465
2026-09-23T02:00,pressure_profile,cma_grapes_global,66.0,83.0,60.7,0.0,0.01,288.714,73.0,36.0,44.4,0.0,-0.01,2493.438,70.9,29.0,37.0,0.0,-0.01,4904.856,47.3,23.0,11.7,0.0,0.0,10285.434,34.3,10.0,-16.7,0.0,-0.03,14402.888,15.6,9.0,-34.2,1.0,-0.01,19124.016,-7.5,15.0,-43.0,3.0,-0.02,24642.754,-38.2,14.0,-69.7,2.0,-0.01,31342.604,America/Los_Angeles,34.0625,-118.5,86.0,5.251288414001465
2026-09-23T03:00,pressure_profile,cma_grapes_global,66.0,83.0,60.7,0.0,0.01,285.433,73.3,35.0,44.0,0.0,-0.01,2490.158,70.9,29.0,37.0,0.0,0.0,4904.856,47.1,23.0,11.5,0.0,0.01,10282.152,34.0,10.0,-17.0,0.0,-0.02,14399.606,16.0,9.0,-33.9,1.0,-0.02,19120.734,-7.5,15.0,-43.0,3.0,-0.01,24638.704,-38.2,14.0,-69.7,2.0,0.0,31337.314,America/Los_Angeles,34.0625,-118.5,86.0,5.251288414001465
2026-09-23T04:00,pressure_profile,cma_grapes_global,66.0,82.0,60.4,0.0,0.0,278.871,73.7,34.0,43.6,0.0,-0.01,2490.158,70.7,29.0,36.9,0.0,0.0,4901.575,46.8,26.0,13.3,0.0,0.01,10282.152,33.7,10.0,-17.3,0.0,-0.02,14399.606,16.0,10.0,-31.1,0.0,-0.03,19117.456,-7.5,15.0,-43.0,3.0,0.0,24638.704,-38.2,16.0,-67.7,2.0,0.0,31337.314,America/Los_Angeles,34.0625,-118.5,86.0,5.251288414001465
2026-09-23T05:00,pressure_profile,cma_grapes_global,66.4,80.0,60.0,0.0,0.0,275.591,74.3,32.0,42.6,0.0,-0.01,2486.877,70.7,29.0,36.9,0.0,0.0,4901.575,46.8,26.0,13.3,0.0,0.01,10278.871,33.7,10.0,-17.3,0.0,-0.01,14396.325,16.5,10.0,-30.8,0.0,-0.04,19114.174,-7.5,15.0,-43.0,3.0,0.01,24634.652,-38.2,16.0,-67.7,2.0,0.0,31332.022,America/Los_Angeles,34.0625,-118.5,86.0,5.251288414001465
2026-09-23T06:00,pressure_profile,cma_grapes_global,66.6,77.0,59.1,0.0,0.0,282.152,75.1,30.0,41.6,0.0,-0.01,2496.719,70.5,27.0,34.9,0.0,-0.01,4914.698,47.1,21.0,9.2,0.0,0.01,10288.714,33.7,10.0,-17.3,0.0,-0.01,14406.168,16.5,10.0,-30.8,0.0,-0.04,19124.016,-7.5,15.0,-43.0,3.0,0.01,24646.802,-38.2,16.0,-67.7,2.0,-0.01,31342.604,America/Los_Angeles,34.0625,-118.5,86.0,5.251288414001465
2026-09-23T07:00,pressure_profile,cma_grapes_global,66.9,73.0,58.0,0.0,0.0,291.995,75.9,28.0,40.5,0.0,-0.01,2509.843,70.2,25.0,32.8,0.0,-0.03,4924.541,47.6,14.0,1.4,0.0,0.0,10295.275,33.7,10.0,-17.3,0.0,-0.01,14416.011,16.0,10.0,-31.1,0.0,-0.03,19137.138,-8.1,15.0,-43.5,3.0,0.01,24654.904,-38.2,14.0,-69.7,2.0,-0.01,31353.186,America/Los_Angeles,34.0625,-118.5,86.0,5.251288414001465
2026-09-23T08:00,pressure_profile,cma_grapes_global,68.5,67.0,57.2,0.0,0.0,298.556,76.9,26.0,39.4,0.0,-0.01,2519.685,70.2,23.0,30.7,0.0,-0.04,4937.664,48.2,10.0,-6.0,0.0,0.0,10305.118,34.0,10.0,-17.0,0.0,-0.01,14425.854,16.0,10.0,-31.1,0.0,-0.02,19146.982,-8.1,15.0,-43.5,3.0,0.01,24667.056,-38.2,14.0,-69.7,2.0,-0.03,31363.772,America/Los_Angeles,34.0625,-118.5,86.0,5.251288414001465
2026-09-23T09:00,pressure_profile,cma_grapes_global,72.7,57.0,56.6,0.0,0.01,298.556,78.1,24.0,38.3,0.0,-0.01,2529.528,70.2,22.0,29.6,0.0,-0.04,4947.507,48.2,11.0,-3.8,0.0,0.0,10314.961,34.3,10.0,-16.7,0.0,-0.01,14438.977,16.0,10.0,-31.1,0.0,-0.01,19160.106,-8.1,15.0,-43.5,3.0,0.0,24679.208,-38.2,14.0,-69.7,2.0,-0.03,31374.356,America/Los_Angeles,34.0625,-118.5,86.0,5.251288414001465
2026-09-23T10:00,pressure_profile,cma_grapes_global,78.1,45.0,55.0,0.0,0.01,298.556,79.1,21.0,35.8,0.0,-0.02,2536.089,70.2,22.0,29.6,0.0,-0.03,4957.349,48.2,13.0,0.1,0.0,-0.01,10328.084,34.7,9.0,-19.1,0.0,0.0,14452.1,16.0,10.0,-31.1,0.0,-0.01,19173.228,-8.1,13.0,-45.5,3.0,0.0,24691.358,-38.2,12.0,-71.9,2.0,-0.03,31384.938,America/Los_Angeles,34.0625,-118.5,86.0,5.251288414001465
2026-09-23T11:00,pressure_profile,cma_grapes_global,82.4,37.0,53.5,0.0,0.02,298.556,80.0,19.0,34.1,0.0,-0.02,2545.932,70.5,22.0,29.8,0.0,-0.02,4967.192,48.2,17.0,4.9,0.0,-0.01,10337.927,34.7,9.0,-19.1,0.0,0.0,14465.224,16.0,10.0,-31.1,0.0,-0.01,19186.352,-8.1,13.0,-45.5,3.0,-0.01,24703.508,-38.2,12.0,-71.9,2.0,-0.03,31395.52,America/Los_Angeles,34.0625,-118.5,86.0,5.251288414001465
2026-09-23T12:00,pressure_profile,cma_grapes_global,84.4,35.0,53.8,0.0,0.03,285.433,80.4,18.0,33.0,0.0,-0.03,2532.808,70.9,21.0,29.0,0.0,-0.02,4957.349,48.2,19.0,7.7,0.0,-0.01,10334.646,34.7,9.0,-19.1,0.0,0.0,14458.661,16.0,10.0,-31.1,0.0,-0.01,19179.792,-8.1,13.0,-45.5,3.0,-0.01,24699.458,-38.2,12.0,-71.9,2.0,-0.01,31390.23,America/Los_Angeles,34.0625,-118.5,86.0,5.251288414001465
2026-09-23T13:00,pressure_profile,cma_grapes_global,84.9,36.0,55.0,0.0,0.04,272.31,80.6,17.0,31.8,0.0,-0.04,2522.966,71.8,21.0,29.7,0.0,-0.03,4947.507,47.9,21.0,9.9,0.0,0.0,10331.365,34.7,10.0,-16.5,0.0,-0.01,14455.381,16.0,10.0,-31.1,0.0,-0.02,19176.51,-8.1,12.0,-47.7,3.0,-0.02,24695.408,-38.2,10.0,-74.5,2.0,-0.01,31390.23,America/Los_Angeles,34.0625,-118.5,86.0,5.251288414001465
2026-09-23T14:00,pressure_profile,cma_grapes_global,85.5,37.0,56.2,0.0,0.04,259.186,80.8,17.0,31.9,0.0,-0.04,2509.843,72.4,20.0,29.1,0.0,-0.03,4937.664,47.9,23.0,12.2,0.0,0.0,10328.084,34.3,10.0,-16.7,0.0,-0.01,14448.819,16.0,10.0,-31.1,0.0,-0.03,19169.948,-8.1,12.0,-47.7,3.0,-0.02,24691.358,-38.2,10.0,-74.5,2.0,0.0,31384.938,America/Los_Angeles,34.0625,-118.5,86.0,5.251288414001465
2026-09-23T15:00,pressure_profile,cma_grapes_global,86.2,36.0,56.1,0.0,0.04,249.344,81.8,15.0,29.6,0.0,-0.02,2503.281,73.1,20.0,29.6,0.0,-0.03,4934.384,48.2,27.0,15.4,0.0,0.01,10331.365,34.0,10.0,-17.0,0.0,-0.01,14452.1,16.0,10.0,-31.1,0.0,-0.04,19169.948,-8.1,10.0,-50.2,3.0,-0.02,24691.358,-38.2,10.0,-74.5,2.0,0.0,31384.938,America/Los_Angeles,34.0625,-118.5,86.0,5.251288414001465
2026-09-23T16:00,pressure_profile,cma_grapes_global,86.7,34.0,55.0,0.0,0.03,239.501,82.8,14.0,28.7,0.0,0.01,2496.719,73.7,20.0,30.1,0.0,-0.02,4927.822,48.4,29.0,17.5,0.0,0.02,10334.646,33.7,10.0,-17.3,0.0,0.0,14452.1,15.6,9.0,-34.2,0.0,-0.04,19166.666,-8.1,10.0,-50.2,3.0,-0.04,24687.308,-38.2,10.0,-74.5,2.0,0.0,31390.23,America/Los_Angeles,34.0625,-118.5,86.0,5.251288414001465
2026-09-23T17:00,pressure_profile,cma_grapes_global,86.5,34.0,54.9,0.0,0.02,229.659,83.0,15.0,30.6,0.0,0.03,2490.158,74.1,20.0,30.5,0.0,-0.01,4924.541,48.7,32.0,20.3,0.0,0.02,10337.927,33.3,11.0,-15.2,0.0,0.0,14455.381,15.6,9.0,-34.2,0.0,-0.05,19166.666,-8.1,8.0,-53.2,3.0,-0.04,24687.308,-38.2,10.0,-74.5,2.0,0.0,31390.23,America/Los_Angeles,34.0625,-118.5,86.0,5.251288414001465
2026-09-23T18:00,pressure_profile,cma_grapes_global,85.3,35.0,54.5,0.0,0.02,239.501,81.6,22.0,39.1,0.0,0.04,2496.719,74.1,19.0,29.2,0.0,0.0,4927.822,49.0,36.0,22.9,1.0,0.02,10341.207,33.0,15.0,-9.7,0.0,0.01,14458.661,15.6,7.0,-37.4,0.0,-0.05,19169.948,-8.1,8.0,-53.2,3.0,-0.02,24691.358,-38.2,10.0,-74.5,2.0,-0.01,31390.23,America/Los_Angeles,34.0625,-118.5,86.0,5.251288414001465
2026-09-23T19:00,pressure_profile,cma_grapes_global,83.5,38.0,55.2,0.0,0.01,249.344,79.3,31.0,46.0,0.0,0.05,2503.281,73.7,19.0,28.9,0.0,0.0,4931.103,49.0,39.0,25.0,1.0,0.01,10347.77,32.7,19.0,-5.4,0.0,0.02,14465.224,15.6,7.0,-37.4,0.0,-0.05,19173.228,-7.5,7.0,-56.3,3.0,-0.01,24695.408,-38.2,12.0,-71.9,4.0,-0.01,31395.52,America/Los_Angeles,34.0625,-118.5,86.0,5.251288414001465
2026-09-23T20:00,pressure_profile,cma_grapes_global,80.8,44.0,56.8,0.0,0.01,259.186,77.3,38.0,49.7,0.0,0.05,2509.843,73.5,18.0,27.4,0.0,0.01,4934.384,49.0,41.0,26.4,2.0,0.01,10351.05,32.3,23.0,-1.9,0.0,0.02,14468.504,15.6,6.0,-41.3,0.0,-0.05,19176.51,-7.5,7.0,-56.3,3.0,0.0,24699.458,-38.2,12.0,-71.9,4.0,-0.03,31395.52,America/Los_Angeles,34.0625,-118.5,86.0,5.251288414001465
2026-09-23T21:00,pressure_profile,cma_grapes_global,76.8,55.0,59.4,0.0,0.01,278.871,76.3,40.0,50.2,0.0,0.04,2516.404,73.5,18.0,27.4,0.0,0.01,4940.945,48.7,42.0,26.8,1.0,0.01,10354.331,32.3,24.0,-0.7,0.0,0.0,14471.785,15.6,6.0,-41.3,0.0,-0.04,19179.792,-7.5,7.0,-56.3,3.0,0.01,24699.458,-38.2,12.0,-71.9,4.0,-0.03,31395.52,America/Los_Angeles,34.0625,-118.5,86.0,5.251288414001465
2026-09-23T22:00,pressure_profile,cma_grapes_global,72.0,68.0,60.8,0.0,0.01,298.556,75.9,38.0,48.5,0.0,0.02,2526.247,73.7,18.0,27.6,0.0,0.01,4950.788,48.4,42.0,26.5,1.0,0.01,10360.893,32.3,24.0,-0.7,1.0,-0.02,14475.065,15.2,6.0,-41.6,0.0,-0.02,19183.07,-8.1,8.0,-53.2,3.0,0.04,24699.458,-37.3,10.0,-73.8,4.0,-0.01,31395.52,America/Los_Angeles,34.0625,-118.5,86.0,5.251288414001465
2026-09-23T23:00,pressure_profile,cma_grapes_global,68.5,78.0,61.4,0.0,0.01,318.242,75.5,37.0,47.4,0.0,0.0,2532.808,73.7,18.0,27.6,0.0,0.01,4957.349,48.2,41.0,25.6,0.0,0.01,10364.173,32.3,25.0,0.4,1.0,-0.03,14478.347,15.2,6.0,-41.6,0.0,-0.01,19186.352,-8.7,8.0,-53.7,3.0,0.04,24699.458,-37.3,10.0,-73.8,4.0,-0.01,31395.52,America/Los_Angeles,34.0625,-118.5,86.0,5.251288414001465
2026-09-24T00:00,pressure_profile,cma_grapes_global,67.5,83.0,62.1,0.0,0.0,318.242,75.1,36.0,46.3,0.0,-0.01,2532.808,73.3,19.0,28.5,0.0,0.01,4954.069,48.2,40.0,25.0,0.0,0.0,10360.893,32.0,29.0,3.1,1.0,-0.02,14475.065,15.2,7.0,-37.7,0.0,-0.01,19179.792,-8.7,8.0,-53.7,3.0,0.02,24691.358,-37.3,10.0,-73.8,4.0,-0.01,31384.938,America/Los_Angeles,34.0625,-118.5,86.0,5.251288414001465
2026-09-24T01:00,pressure_profile,cma_grapes_global,67.6,84.0,62.6,0.0,0.0,318.242,74.7,34.0,44.5,0.0,-0.01,2532.808,72.8,21.0,30.6,0.0,0.01,4954.069,48.2,38.0,23.6,0.0,0.0,10357.611,32.0,34.0,6.6,0.0,0.01,14471.785,14.8,10.0,-32.1,0.0,-0.01,19176.51,-9.2,8.0,-54.1,2.0,0.0,24683.256,-38.2,10.0,-74.5,4.0,-0.01,31379.644,America/Los_Angeles,34.0625,-118.5,86.0,5.251288414001465
2026-09-24T02:00,pressure_profile,cma_grapes_global,68.4,82.0,62.7,0.0,-0.01,318.242,74.7,33.0,43.7,0.0,-0.01,2532.808,72.4,22.0,31.4,0.0,0.01,4950.788,48.2,37.0,22.9,0.0,-0.01,10354.331,31.7,36.0,7.9,0.0,0.02,14468.504,14.8,13.0,-27.5,0.0,-0.01,19169.948,-9.2,8.0,-54.1,2.0,-0.02,24675.156,-38.2,10.0,-74.5,4.0,-0.01,31369.062,America/Los_Angeles,34.0625,-118.5,86.0,5.251288414001465
2026-09-24T03:00,pressure_profile,cma_grapes_global,69.4,75.0,61.2,0.0,-0.01,308.399,75.1,32.0,43.2,0.0,-0.01,2529.528,72.2,23.0,32.3,0.0,0.01,4947.507,48.2,38.0,23.6,0.0,-0.02,10351.05,31.7,35.0,7.1,0.0,0.01,14461.942,14.4,14.0,-25.9,0.0,-0.01,19163.386,-9.2,8.0,-54.1,2.0,-0.04,24667.056,-38.2,10.0,-74.5,4.0,-0.01,31363.772,America/Los_Angeles,34.0625,-118.5,86.0,5.251288414001465
2026-09-24T04:00,pressure_profile,cma_grapes_global,71.1,64.0,58.3,0.0,-0.01,301.837,75.7,30.0,42.1,0.0,0.0,2522.966,72.2,23.0,32.3,0.0,0.0,4944.226,47.9,40.0,24.7,0.0,-0.02,10347.77,31.3,31.0,4.3,0.0,0.0,14458.661,13.9,16.0,-24.4,0.0,0.0,19160.106,-9.2,8.0,-54.1,2.0,-0.05,24658.956,-37.3,8.0,-76.9,4.0,-0.01,31353.186,America/Los_Angeles,34.0625,-118.5,86.0,5.251288414001465
2026-09-24T05:00,pressure_profile,cma_grapes_global,72.0,58.0,56.4,0.0,-0.01,291.995,76.1,29.0,41.5,0.0,0.0,2519.685,72.2,23.0,32.3,0.0,0.0,4940.945,47.9,41.0,25.4,0.0,-0.02,10344.488,31.3,29.0,2.5,0.0,-0.01,14452.1,13.9,17.0,-22.8,0.0,0.0,19153.542,-9.2,8.0,-54.1,2.0,-0.06,24650.854,-37.3,8.0,-76.9,4.0,-0.01,31347.896,America/Los_Angeles,34.0625,-118.5,86.0,5.251288414001465
2026-09-24T06:00,pressure_profile,cma_grapes_global,71.1,62.0,57.4,0.0,0.0,305.118,75.9,28.0,40.5,0.0,0.0,2529.528,72.0,24.0,33.2,0.0,0.0,4950.788,47.6,40.0,24.5,0.0,-0.01,10351.05,31.3,31.0,4.3,0.0,-0.01,14458.661,13.9,17.0,-22.8,0.0,0.0,19160.106,-9.2,8.0,-54.1,2.0,-0.06,24658.956,-37.3,8.0,-76.9,4.0,-0.04,31353.186,America/Los_Angeles,34.0625,-118.5,86.0,5.251288414001465
2026-09-24T07:00,pressure_profile,cma_grapes_global,69.4,70.0,59.2,0.0,0.0,318.242,75.5,28.0,40.1,0.0,0.01,2539.37,72.0,24.0,33.2,0.0,0.01,4957.349,47.6,38.0,23.1,0.0,0.0,10357.611,31.0,36.0,7.3,0.0,-0.01,14465.224,14.4,16.0,-24.1,0.0,-0.01,19163.386,-9.2,8.0,-54.1,2.0,-0.05,24663.004,-38.2,10.0,-74.5,4.0,-0.07,31363.772,America/Los_Angeles,34.0625,-118.5,86.0,5.251288414001465
2026-09-24T08:00,pressure_profile,cma_grapes_global,69.4,74.0,60.8,0.0,0.01,331.365,75.3,28.0,40.0,0.0,0.01,2549.213,71.8,25.0,34.0,0.0,0.01,4967.192,47.3,37.0,22.1,0.0,0.01,10364.173,31.0,38.0,8.0,0.0,-0.01,14471.785,14.8,14.0,-25.5,0.0,-0.01,19169.948,-9.2,8.0,-54.1,2.0,-0.04,24671.106,-38.2,10.0,-74.5,4.0,-0.09,31369.062,America/Los_Angeles,34.0625,-118.5,86.0,5.251288414001465
2026-09-24T09:00,pressure_profile,cma_grapes_global,72.3,68.0,61.2,0.0,0.01,334.646,75.7,27.0,39.4,0.0,0.01,2559.055,71.5,26.0,34.8,0.0,0.01,4977.034,47.1,38.0,22.6,0.0,0.01,10370.735,31.0,34.0,5.7,0.0,-0.01,14478.347,14.8,13.0,-27.5,0.0,-0.01,19179.792,-8.7,7.0,-57.2,2.0,-0.04,24683.256,-38.2,10.0,-74.5,4.0,-0.07,31384.938,America/Los_Angeles,34.0625,-118.5,86.0,5.251288414001465
2026-09-24T10:00,pressure_profile,cma_grapes_global,76.8,56.0,59.9,0.0,0.02,334.646,76.1,26.0,38.7,0.0,0.0,2565.617,71.5,27.0,35.8,0.0,0.01,4983.596,47.1,40.0,24.0,0.0,0.01,10377.297,31.3,29.0,2.5,0.0,0.0,14488.189,15.2,13.0,-27.1,0.0,-0.02,19189.632,-8.7,7.0,-57.2,3.0,-0.02,24695.408,-37.3,12.0,-71.1,4.0,-0.03,31395.52,America/Los_Angeles,34.0625,-118.5,86.0,5.251288414001465
2026-09-24T11:00,pressure_profile,cma_grapes_global,80.8,47.0,58.7,0.0,0.02,337.927,76.5,26.0,39.1,0.0,-0.01,2575.459,71.5,28.0,36.7,0.0,0.01,4993.439,47.1,40.0,24.0,0.0,0.01,10383.858,31.7,24.0,-1.3,0.0,0.0,14494.751,15.2,11.0,-29.3,0.0,-0.02,19199.474,-8.1,5.0,-61.2,3.0,-0.02,24707.56,-37.3,12.0,-71.1,4.0,-0.01,31411.396,America/Los_Angeles,34.0625,-118.5,86.0,5.251288414001465
2026-09-24T12:00,pressure_profile,cma_grapes_global,83.5,41.0,57.3,0.0,0.02,324.803,76.3,30.0,42.6,0.0,-0.02,2568.898,71.8,28.0,36.9,0.0,0.0,4986.877,47.3,36.0,21.4,0.0,0.0,10380.577,31.7,21.0,-3.6,0.0,0.0,14491.47,15.2,11.0,-29.3,0.0,-0.02,19196.196,-8.1,5.0,-61.2,3.0,-0.02,24707.56,-37.3,14.0,-68.9,2.0,-0.03,31411.396,America/Los_Angeles,34.0625,-118.5,86.0,5.251288414001465
2026-09-24T13:00,pressure_profile,cma_grapes_global,85.5,38.0,57.0,0.0,0.03,308.399,75.7,37.0,47.6,0.0,-0.03,2559.055,72.0,27.0,36.2,0.0,-0.01,4983.596,47.9,28.0,16.1,0.0,0.0,10377.297,32.0,19.0,-5.9,0.0,0.0,14488.189,15.6,10.0,-31.4,0.0,-0.01,19196.196,-7.5,3.0,-66.9,3.0,-0.04,24707.56,-37.3,16.0,-66.9,2.0,-0.04,31416.69,America/Los_Angeles,34.0625,-118.5,86.0,5.251288414001465
2026-09-24T14:00,pressure_profile,cma_grapes_global,86.5,36.0,56.4,0.0,0.03,295.276,75.9,40.0,49.9,0.0,-0.03,2552.494,72.2,26.0,35.4,0.0,-0.02,4977.034,48.2,23.0,12.4,0.0,-0.01,10374.016,32.0,18.0,-7.4,0.0,0.0,14484.908,15.6,10.0,-31.4,0.0,-0.01,19192.914,-7.5,3.0,-66.9,3.0,-0.04,24707.56,-37.3,18.0,-65.2,0.0,-0.06,31416.69,America/Los_Angeles,34.0625,-118.5,86.0,5.251288414001465
2026-09-24T15:00,pressure_profile,cma_grapes_global,86.7,37.0,57.3,0.0,0.03,285.433,77.3,37.0,49.0,0.0,-0.03,2542.651,72.4,25.0,34.6,0.0,-0.02,4967.192,48.2,24.0,13.4,0.0,-0.02,10367.454,32.3,16.0,-8.6,0.0,-0.01,14481.627,15.6,10.0,-31.4,0.0,-0.01,19189.632,-6.9,3.0,-66.5,3.0,-0.04,24711.61,-37.3,20.0,-63.6,0.0,-0.06,31421.978,America/Los_Angeles,34.0625,-118.5,86.0,5.251288414001465
2026-09-24T16:00,pressure_profile,cma_grapes_global,85.8,41.0,59.4,0.0,0.04,275.591,79.3,32.0,46.8,0.0,-0.02,2532.808,72.8,24.0,33.9,0.0,-0.01,4960.63,48.4,29.0,17.5,0.0,-0.03,10364.173,32.3,14.0,-12.0,0.0,-0.02,14475.065,15.6,10.0,-31.4,0.0,0.0,19189.632,-6.9,5.0,-60.4,3.0,-0.02,24711.61,-37.3,22.0,-62.1,2.0,-0.04,31421.978,America/Los_Angeles,34.0625,-118.5,86.0,5.251288414001465
2026-09-24T17:00,pressure_profile,cma_grapes_global,84.2,46.0,61.2,0.0,0.04,265.748,80.2,29.0,45.1,0.0,-0.01,2522.966,73.1,24.0,34.1,0.0,0.0,4950.788,48.4,31.0,19.2,0.0,-0.03,10357.611,32.7,13.0,-13.6,0.0,-0.03,14471.785,15.6,10.0,-31.4,0.0,0.0,19186.352,-6.4,5.0,-59.9,3.0,-0.02,24715.662,-37.3,24.0,-60.8,2.0,-0.03,31427.272,America/Los_Angeles,34.0625,-118.5,86.0,5.251288414001465
2026-09-24T18:00,pressure_profile,cma_grapes_global,81.3,52.0,62.0,0.0,0.04,275.591,79.6,33.0,48.0,0.0,0.0,2522.966,73.1,24.0,34.1,0.0,0.0,4950.788,48.7,29.0,17.8,0.0,-0.03,10357.611,33.0,11.0,-15.5,0.0,-0.02,14475.065,16.0,9.0,-33.9,0.0,0.01,19189.632,-6.4,5.0,-59.9,3.0,-0.01,24727.812,-36.4,22.0,-61.3,2.0,-0.01,31443.146,America/Los_Angeles,34.0625,-118.5,86.0,5.251288414001465
2026-09-24T19:00,pressure_profile,cma_grapes_global,77.7,59.0,62.3,0.0,0.03,282.152,78.3,39.0,51.3,0.0,0.01,2526.247,73.1,25.0,35.1,0.0,0.0,4947.507,49.3,24.0,14.4,0.0,-0.02,10357.611,33.3,9.0,-20.1,0.0,0.0,14478.347,16.0,7.0,-37.1,0.0,0.02,19196.196,-5.8,7.0,-55.0,2.0,-0.01,24735.914,-36.4,18.0,-64.4,4.0,0.0,31453.73,America/Los_Angeles,34.0625,-118.5,86.0,5.251288414001465
2026-09-24T20:00,pressure_profile,cma_grapes_global,74.5,65.0,61.9,0.0,0.02,291.995,76.9,44.0,53.3,0.0,0.02,2526.247,72.8,26.0,36.0,0.0,0.0,4947.507,49.5,22.0,12.4,0.0,-0.01,10357.611,33.7,8.0,-22.8,0.0,0.02,14481.627,16.5,6.0,-40.7,0.0,0.02,19199.474,-5.8,7.0,-55.0,2.0,0.0,24748.064,-35.5,18.0,-63.6,4.0,0.0,31469.606,America/Los_Angeles,34.0625,-118.5,86.0,5.251288414001465
2026-09-24T21:00,pressure_profile,cma_grapes_global,72.3,69.0,61.6,0.0,0.01,305.118,75.7,44.0,52.3,0.0,0.01,2532.808,72.6,26.0,35.8,0.0,0.0,4954.069,49.3,24.0,14.4,0.0,-0.01,10360.893,33.7,6.0,-26.2,0.0,0.03,14484.908,16.9,4.0,-45.3,0.0,0.01,19202.756,-5.8,7.0,-55.0,2.0,0.0,24752.114,-35.5,20.0,-62.0,4.0,-0.01,31474.894,America/Los_Angeles,34.0625,-118.5,86.0,5.251288414001465
2026-09-24T22:00,pressure_profile,cma_grapes_global,70.7,72.0,61.2,0.0,0.01,318.242,74.7,42.0,50.1,0.0,-0.01,2542.651,72.4,26.0,35.6,0.0,0.0,4957.349,49.0,29.0,18.0,0.0,-0.02,10364.173,33.3,6.0,-26.5,0.0,0.04,14488.189,16.9,4.0,-45.3,1.0,-0.01,19206.038,-5.8,5.0,-59.5,3.0,0.01,24756.166,-35.5,26.0,-58.0,4.0,-0.03,31485.48,America/Los_Angeles,34.0625,-118.5,86.0,5.251288414001465
2026-09-24T23:00,pressure_profile,cma_grapes_global,69.6,73.0,60.6,0.0,0.0,331.365,73.9,40.0,48.1,0.0,-0.02,2549.213,72.0,26.0,35.2,0.0,0.0,4963.911,48.7,32.0,20.3,0.0,-0.02,10367.454,33.3,6.0,-26.5,0.0,0.04,14491.47,17.3,4.0,-45.0,1.0,-0.02,19209.318,-5.8,5.0,-59.5,3.0,0.01,24760.214,-35.5,32.0,-54.7,4.0,-0.03,31490.77,America/Los_Angeles,34.0625,-118.5,86.0,5.251288414001465
2026-09-25T00:00,pressure_profile,cma_grapes_global,69.4,71.0,59.6,0.0,0.0,324.803,73.9,38.0,46.7,0.0,-0.02,2545.932,71.3,26.0,34.7,0.0,0.0,4957.349,48.7,31.0,19.5,0.0,-0.01,10360.893,33.3,8.0,-23.0,0.0,0.04,14484.908,17.3,4.0,-45.0,1.0,-0.02,19202.756,-5.8,5.0,-59.5,2.0,0.01,24752.114,-35.5,40.0,-51.1,4.0,-0.01,31485.48,America/Los_Angeles,34.0625,-118.5,86.0,5.251288414001465
2026-09-25T01:00,pressure_profile,cma_grapes_global,69.8,68.0,58.8,0.0,0.0,321.522,74.1,35.0,44.7,0.0,-0.02,2539.37,70.7,27.0,35.1,0.0,0.01,4950.788,49.0,29.0,18.0,0.0,0.01,10354.331,33.7,8.0,-22.8,0.0,0.04,14475.065,17.7,4.0,-44.7,1.0,-0.01,19192.914,-5.8,7.0,-55.0,2.0,0.01,24744.014,-35.5,48.0,-48.1,4.0,0.0,31485.48,America/Los_Angeles,34.0625,-118.5,86.0,5.251288414001465
2026-09-25T02:00,pressure_profile,cma_grapes_global,70.2,65.0,57.8,0.0,0.0,314.961,74.3,33.0,43.4,0.0,-0.01,2536.089,70.0,27.0,34.5,0.0,0.01,4944.226,49.0,28.0,17.1,0.0,0.02,10347.77,33.7,9.0,-19.8,0.0,0.04,14468.504,17.7,4.0,-44.7,1.0,0.0,19186.352,-5.8,8.0,-51.4,0.0,0.01,24735.914,-35.5,54.0,-46.1,4.0,0.01,31480.188,America/Los_Angeles,34.0625,-118.5,86.0,5.251288414001465
2026-09-25T03:00,pressure_profile,cma_grapes_global,70.2,64.0,57.4,0.0,0.0,314.961,74.1,33.0,43.2,0.0,-0.01,2532.808,69.6,27.0,34.1,0.0,0.01,4940.945,48.7,29.0,17.8,0.0,0.03,10341.207,33.7,9.0,-19.8,0.0,0.02,14461.942,17.7,4.0,-44.7,1.0,0.0,19179.792,-5.8,12.0,-45.8,0.0,0.02,24727.812,-35.5,56.0,-45.5,4.0,0.03,31474.894,America/Los_Angeles,34.0625,-118.5,86.0,5.251288414001465
2026-09-25T04:00,pressure_profile,cma_grapes_global,70.0,64.0,57.2,0.0,0.0,314.961,73.9,33.0,43.0,0.0,0.0,2532.808,69.4,26.0,33.0,0.0,0.0,4940.945,48.4,32.0,20.1,0.0,0.04,10337.927,33.7,8.0,-22.8,0.0,0.0,14452.1,17.7,4.0,-44.7,1.0,0.0,19173.228,-6.4,15.0,-42.1,0.0,0.05,24719.71,-35.5,56.0,-45.5,4.0,0.03,31464.312,America/Los_Angeles,34.0625,-118.5,86.0,5.251288414001465
2026-09-25T05:00,pressure_profile,cma_grapes_global,69.8,65.0,57.5,0.0,0.0,314.961,73.7,34.0,43.6,0.0,0.0,2529.528,69.1,25.0,31.8,0.0,0.0,4937.664,48.2,34.0,21.4,0.0,0.04,10331.365,33.7,8.0,-22.8,0.0,-0.01,14445.538,17.7,4.0,-44.7,1.0,0.0,19166.666,-6.4,18.0,-38.6,0.0,0.06,24711.61,-35.5,56.0,-45.5,4.0,0.03,31459.022,America/Los_Angeles,34.0625,-118.5,86.0,5.251288414001465
2026-09-25T06:00,pressure_profile,cma_grapes_global,69.3,67.0,57.8,0.0,0.0,321.522,73.5,35.0,44.2,0.0,0.0,2536.089,69.1,24.0,30.8,0.0,0.0,4944.226,47.9,36.0,21.9,0.0,0.04,10334.646,34.0,8.0,-22.5,0.0,-0.01,14452.1,17.7,4.0,-44.7,1.0,0.0,19173.228,-6.4,22.0,-35.6,0.0,0.05,24715.662,-35.5,58.0,-44.9,6.0,0.01,31464.312,America/Los_Angeles,34.0625,-118.5,86.0,5.251288414001465
2026-09-25T07:00,pressure_profile,cma_grapes_global,68.7,69.0,58.1,0.0,0.0,328.084,73.3,35.0,44.0,0.0,0.0,2542.651,69.1,22.0,28.7,0.0,0.0,4947.507,47.6,37.0,22.4,0.0,0.03,10337.927,34.3,6.0,-25.7,0.0,0.0,14455.381,17.3,6.0,-40.0,0.0,0.01,19179.792,-6.4,25.0,-33.1,0.0,0.02,24723.762,-35.5,58.0,-44.9,6.0,0.01,31469.606,America/Los_Angeles,34.0625,-118.5,86.0,5.251288414001465
2026-09-25T08:00,pressure_profile,cma_grapes_global,69.4,68.0,58.4,0.0,0.0,334.646,73.1,36.0,44.6,0.0,0.0,2549.213,69.1,20.0,26.4,0.0,0.0,4954.069,47.6,36.0,21.7,0.0,0.03,10341.207,34.7,6.0,-25.5,0.0,0.01,14461.942,17.3,6.0,-40.0,0.0,0.01,19186.352,-6.4,27.0,-31.9,0.0,0.0,24727.812,-35.5,58.0,-44.9,8.0,0.0,31474.894,America/Los_Angeles,34.0625,-118.5,86.0,5.251288414001465
2026-09-25T09:00,pressure_profile,cma_grapes_global,72.5,63.0,59.2,0.0,0.01,334.646,73.1,36.0,44.6,0.0,0.0,2555.775,69.4,18.0,24.0,0.0,0.0,4960.63,47.6,29.0,16.8,0.0,0.03,10344.488,35.0,6.0,-25.2,0.0,0.01,14468.504,17.3,7.0,-36.1,0.0,0.01,19196.196,-6.4,30.0,-29.8,0.0,-0.01,24739.962,-35.5,54.0,-46.1,6.0,0.0,31485.48,America/Los_Angeles,34.0625,-118.5,86.0,5.251288414001465
2026-09-25T10:00,pressure_profile,cma_grapes_global,76.6,55.0,59.3,0.0,0.01,331.365,73.3,37.0,45.5,0.0,-0.01,2559.055,69.6,16.0,21.4,0.0,0.0,4963.911,47.9,20.0,8.7,0.0,0.02,10351.05,35.0,5.0,-29.4,0.0,0.01,14475.065,17.7,9.0,-32.6,0.0,0.0,19202.756,-5.8,32.0,-28.3,0.0,-0.01,24752.114,-35.5,48.0,-48.1,4.0,0.0,31490.77,America/Los_Angeles,34.0625,-118.5,86.0,5.251288414001465
2026-09-25T11:00,pressure_profile,cma_grapes_global,80.1,49.0,59.2,0.0,0.02,331.365,73.3,38.0,46.2,0.0,-0.01,2565.617,69.8,15.0,20.0,0.0,0.0,4970.473,48.2,13.0,0.1,0.0,0.02,10354.331,35.3,5.0,-29.1,0.0,0.01,14481.627,17.7,9.0,-32.6,0.0,0.0,19212.598,-5.8,32.0,-28.3,0.0,-0.01,24764.266,-35.5,46.0,-48.8,2.0,0.0,31501.356,America/Los_Angeles,34.0625,-118.5,86.0,5.251288414001465
2026-09-25T12:00,pressure_profile,cma_grapes_global,82.0,45.0,58.6,0.0,0.03,318.242,73.1,42.0,48.7,0.0,-0.02,2555.775,70.0,14.0,18.6,0.0,-0.01,4963.911,48.4,9.0,-8.2,0.0,0.02,10347.77,35.6,5.0,-28.9,0.0,0.01,14475.065,17.7,9.0,-32.6,0.0,0.0,19206.038,-5.8,27.0,-31.4,0.0,0.0,24760.214,-35.5,54.0,-46.1,6.0,0.01,31496.062,America/Los_Angeles,34.0625,-118.5,86.0,5.251288414001465
2026-09-25T13:00,pressure_profile,cma_grapes_global,83.5,42.0,58.0,0.0,0.03,308.399,73.1,46.0,51.1,0.0,-0.03,2549.213,70.2,13.0,17.0,0.0,-0.02,4954.069,48.7,7.0,-13.8,0.0,0.01,10337.927,35.6,4.0,-34.1,0.0,0.02,14468.504,18.1,7.0,-35.5,0.0,0.01,19202.756,-5.2,18.0,-37.6,0.0,0.01,24752.114,-35.5,64.0,-43.3,12.0,0.03,31496.062,America/Los_Angeles,34.0625,-118.5,86.0,5.251288414001465
2026-09-25T14:00,pressure_profile,cma_grapes_global,84.0,40.0,57.1,0.0,0.04,295.276,73.3,47.0,51.9,0.0,-0.03,2539.37,70.5,13.0,17.2,0.0,-0.02,4947.507,49.3,6.0,-17.0,0.0,0.01,10331.365,36.0,4.0,-33.9,0.0,0.02,14461.942,18.1,7.0,-35.5,0.0,0.01,19196.196,-5.2,13.0,-43.1,0.0,0.02,24748.064,-35.5,70.0,-41.7,16.0,0.04,31490.77,America/Los_Angeles,34.0625,-118.5,86.0,5.251288414001465
2026-09-25T15:00,pressure_profile,cma_grapes_global,84.0,40.0,57.1,0.0,0.04,282.152,74.3,40.0,48.4,0.0,-0.02,2526.247,70.5,13.0,17.2,0.0,-0.01,4934.384,49.8,4.0,-20.9,0.0,0.0,10318.241,36.3,4.0,-33.6,0.0,0.02,14455.381,18.1,7.0,-35.5,0.0,0.01,19186.352,-5.2,12.0,-45.4,0.0,0.01,24739.962,-35.5,64.0,-43.3,12.0,0.03,31485.48,America/Los_Angeles,34.0625,-118.5,86.0,5.251288414001465
2026-09-25T16:00,pressure_profile,cma_grapes_global,83.1,40.0,56.3,0.0,0.04,269.029,75.9,29.0,41.4,0.0,-0.01,2509.843,70.5,13.0,17.2,0.0,0.01,4921.26,50.4,4.0,-20.5,0.0,-0.01,10308.399,36.6,4.0,-33.4,0.0,0.03,14445.538,17.7,6.0,-39.7,0.0,0.02,19179.792,-4.7,13.0,-42.7,0.0,0.0,24735.914,-35.5,52.0,-46.8,8.0,0.01,31480.188,America/Los_Angeles,34.0625,-118.5,86.0,5.251288414001465
2026-09-25T17:00,pressure_profile,cma_grapes_global,81.7,44.0,57.7,0.0,0.04,255.906,76.7,21.0,33.8,0.0,0.0,2496.719,70.2,12.0,15.2,0.0,0.02,4908.137,50.9,4.0,-20.1,0.0,-0.01,10295.275,37.0,4.0,-33.2,0.0,0.03,14438.977,17.7,6.0,-39.7,0.0,0.02,19169.948,-4.7,13.0,-42.7,0.0,-0.01,24727.812,-35.5,42.0,-50.3,4.0,0.0,31474.894,America/Los_Angeles,34.0625,-118.5,86.0,5.251288414001465
2026-09-25T18:00,pressure_profile,cma_grapes_global,79.0,52.0,59.9,0.0,0.03,262.467,76.5,21.0,33.7,0.0,0.02,2496.719,69.8,11.0,12.9,0.0,0.03,4904.856,51.2,4.0,-19.9,0.0,0.0,10291.995,37.0,5.0,-27.9,0.0,0.04,14438.977,18.1,6.0,-39.4,0.0,0.01,19169.948,-4.1,12.0,-44.5,0.0,-0.02,24731.862,-35.5,38.0,-51.9,4.0,0.0,31485.48,America/Los_Angeles,34.0625,-118.5,86.0,5.251288414001465
2026-09-25T19:00,pressure_profile,cma_grapes_global,75.4,63.0,61.9,0.0,0.03,265.748,75.5,24.0,36.2,0.0,0.03,2496.719,69.4,9.0,8.0,0.0,0.04,4901.575,51.4,3.0,-25.2,0.0,0.01,10291.995,37.0,5.0,-27.9,0.0,0.06,14438.977,18.6,4.0,-44.0,0.0,0.0,19173.228,-4.1,10.0,-47.0,0.0,-0.04,24735.914,-35.5,34.0,-53.7,4.0,0.01,31490.77,America/Los_Angeles,34.0625,-118.5,86.0,5.251288414001465
2026-09-25T20:00,pressure_profile,cma_grapes_global,72.5,71.0,62.6,0.0,0.02,272.31,74.5,27.0,38.3,0.0,0.04,2496.719,68.9,8.0,5.1,0.0,0.04,4898.294,51.7,3.0,-25.0,0.0,0.02,10288.714,37.0,6.0,-23.8,0.0,0.06,14438.977,19.0,4.0,-43.7,0.0,0.0,19173.228,-3.5,8.0,-49.6,0.0,-0.02,24739.962,-35.5,38.0,-51.9,4.0,0.03,31501.356,America/Los_Angeles,34.0625,-118.5,86.0,5.251288414001465
2026-09-25T21:00,pressure_profile,cma_grapes_global,70.5,74.0,61.8,0.0,0.01,285.433,73.3,28.0,38.3,0.0,0.03,2503.281,68.3,8.0,4.6,0.0,0.03,4901.575,51.7,3.0,-25.0,0.0,0.01,10288.714,37.0,8.0,-20.3,0.0,0.04,14438.977,19.4,4.0,-43.4,0.0,0.01,19176.51,-3.5,7.0,-53.2,0.0,0.01,24739.962,-35.5,52.0,-46.8,12.0,0.06,31506.646,America/Los_Angeles,34.0625,-118.5,86.0,5.251288414001465
2026-09-25T22:00,pressure_profile,cma_grapes_global,69.3,75.0,61.0,0.0,0.01,295.276,72.2,28.0,37.3,0.0,0.01,2509.843,67.8,9.0,6.9,0.0,0.01,4904.856,51.4,3.0,-25.2,0.0,0.0,10288.714,36.6,8.0,-20.5,0.0,0.01,14438.977,19.4,3.0,-50.2,0.0,0.02,19176.51,-3.5,3.0,-64.0,0.0,0.06,24744.014,-35.5,70.0,-41.7,20.0,0.09,31506.646,America/Los_Angeles,34.0625,-118.5,86.0,5.251288414001465
2026-09-25T23:00,pressure_profile,cma_grapes_global,68.4,75.0,60.1,0.0,0.0,308.399,71.2,28.0,36.4,0.0,-0.01,2516.404,67.2,10.0,8.7,0.0,-0.01,4908.137,51.4,3.0,-25.2,0.0,-0.01,10288.714,36.6,8.0,-20.5,0.0,-0.01,14438.977,19.4,3.0,-50.2,0.0,0.03,19179.792,-3.5,3.0,-64.0,0.0,0.1,24744.014,-35.5,84.0,-38.6,28.0,0.1,31511.94,America/Los_Angeles,34.0625,-118.5,86.0,5.251288414001465
2026-09-26T00:00,pressure_profile,cma_grapes_global,68.0,73.0,59.0,0.0,0.0,301.837,71.0,27.0,35.3,0.0,-0.01,2509.843,66.8,10.0,8.4,0.0,-0.01,4901.575,51.7,3.0,-25.0,0.0,-0.01,10282.152,36.6,8.0,-20.5,0.0,-0.01,14432.415,19.0,3.0,-50.5,0.0,0.03,19173.228,-4.1,3.0,-64.5,0.0,0.08,24731.862,-35.5,90.0,-37.4,24.0,0.09,31501.356,America/Los_Angeles,34.0625,-118.5,86.0,5.251288414001465
2026-09-26T01:00,pressure_profile,cma_grapes_global,68.2,69.0,57.6,0.0,0.0,298.556,71.0,26.0,34.4,0.0,-0.01,2506.562,66.3,11.0,10.2,0.0,-0.01,4895.013,52.5,3.0,-24.4,0.0,-0.01,10272.31,36.3,6.0,-24.3,0.0,0.01,14422.572,19.0,3.0,-50.5,0.0,0.03,19163.386,-4.1,7.0,-53.7,0.0,0.05,24723.762,-34.6,92.0,-36.1,20.0,0.06,31485.48,America/Los_Angeles,34.0625,-118.5,86.0,5.251288414001465
2026-09-26T02:00,pressure_profile,cma_grapes_global,68.2,67.0,56.8,0.0,0.0,291.995,71.0,26.0,34.4,0.0,0.0,2500.0,65.9,11.0,9.8,0.0,-0.01,4888.452,52.8,3.0,-24.2,0.0,-0.01,10265.748,36.3,5.0,-28.4,0.0,0.02,14416.011,18.6,3.0,-50.8,0.0,0.03,19156.824,-4.7,10.0,-47.5,0.0,0.02,24711.61,-34.6,90.0,-36.5,16.0,0.03,31474.894,America/Los_Angeles,34.0625,-118.5,86.0,5.251288414001465
2026-09-26T03:00,pressure_profile,cma_grapes_global,67.8,67.0,56.5,0.0,0.0,291.995,70.6,27.0,35.0,0.0,0.0,2496.719,65.7,11.0,9.7,0.0,0.0,4885.171,52.8,3.0,-24.2,0.0,0.0,10259.187,36.3,4.0,-33.6,0.0,0.02,14409.449,18.6,3.0,-50.8,0.0,0.02,19150.262,-4.7,18.0,-37.1,0.0,0.02,24703.508,-34.6,78.0,-39.0,12.0,0.03,31469.606,America/Los_Angeles,34.0625,-118.5,86.0,5.251288414001465
2026-09-26T04:00,pressure_profile,cma_grapes_global,67.5,69.0,56.9,0.0,0.0,288.714,70.2,28.0,35.6,0.0,0.01,2493.438,65.5,11.0,9.5,0.0,0.0,4878.609,52.5,3.0,-24.4,0.0,0.0,10255.905,36.3,4.0,-33.6,0.0,0.01,14402.888,18.6,3.0,-50.8,0.0,0.02,19143.702,-4.7,28.0,-29.3,2.0,0.02,24699.458,-34.6,62.0,-42.9,8.0,0.04,31459.022,America/Los_Angeles,34.0625,-118.5,86.0,5.251288414001465
2026-09-26T05:00,pressure_profile,cma_grapes_global,67.3,69.0,56.8,0.0,0.0,288.714,69.8,29.0,36.1,0.0,0.01,2490.158,65.5,11.0,9.5,0.0,0.01,4875.328,52.3,3.0,-24.6,0.0,0.01,10249.344,36.3,3.0,-40.8,0.0,0.01,14396.325,18.6,3.0,-50.8,0.0,0.01,19137.138,-4.7,35.0,-25.4,2.0,0.02,24691.358,-34.6,52.0,-45.9,4.0,0.04,31453.73,America/Los_Angeles,34.0625,-118.5,86.0,5.251288414001465
2026-09-26T06:00,pressure_profile,cma_grapes_global,66.9,68.0,56.0,0.0,0.0,295.276,69.8,28.0,35.2,0.0,0.01,2496.719,65.2,11.0,9.3,0.0,0.01,4881.89,52.0,3.0,-24.8,0.0,0.01,10252.625,36.6,3.0,-40.5,0.0,0.01,14399.606,18.6,3.0,-50.8,0.0,0.0,19140.42,-4.7,38.0,-23.7,2.0,0.02,24695.408,-34.6,52.0,-45.9,4.0,0.04,31459.022,America/Los_Angeles,34.0625,-118.5,86.0,5.251288414001465
2026-09-26T07:00,pressure_profile,cma_grapes_global,66.7,67.0,55.4,0.0,0.0,298.556,70.0,26.0,33.5,0.0,0.0,2503.281,65.2,11.0,9.3,0.0,0.01,4888.452,52.0,4.0,-19.3,0.0,0.01,10259.187,36.6,3.0,-40.5,0.0,0.01,14402.888,18.6,4.0,-44.0,0.0,-0.01,19146.982,-4.7,38.0,-23.7,0.0,0.01,24699.458,-34.6,58.0,-44.1,4.0,0.03,31459.022,America/Los_Angeles,34.0625,-118.5,86.0,5.251288414001465
2026-09-26T08:00,pressure_profile,cma_grapes_global,67.6,63.0,54.6,0.0,0.0,305.118,70.0,26.0,33.5,0.0,0.0,2509.843,65.2,11.0,9.3,0.0,0.01,4895.013,51.7,4.0,-19.5,0.0,0.01,10262.467,37.0,3.0,-40.3,0.0,0.01,14406.168,18.6,4.0,-44.0,0.0,-0.01,19150.262,-4.7,38.0,-23.7,0.0,0.01,24703.508,-34.6,60.0,-43.5,4.0,0.01,31464.312,America/Los_Angeles,34.0625,-118.5,86.0,5.251288414001465
2026-09-26T09:00,pressure_profile,cma_grapes_global,71.1,54.0,53.6,0.0,0.0,308.399,69.4,28.0,34.9,0.0,0.0,2519.685,65.5,11.0,9.5,0.0,0.0,4904.856,51.7,4.0,-19.5,0.0,0.01,10275.591,37.3,3.0,-40.1,0.0,0.01,14419.291,18.6,4.0,-44.0,0.0,-0.01,19163.386,-4.7,35.0,-25.4,0.0,0.0,24719.71,-34.6,56.0,-44.7,4.0,0.0,31485.48,America/Los_Angeles,34.0625,-118.5,86.0,5.251288414001465
2026-09-26T10:00,pressure_profile,cma_grapes_global,75.7,43.0,51.7,0.0,0.01,314.961,68.8,32.0,37.8,0.0,-0.01,2529.528,65.7,10.0,7.6,0.0,-0.01,4911.418,51.7,4.0,-19.5,0.0,0.0,10285.434,37.6,3.0,-39.9,0.0,0.01,14429.134,19.0,4.0,-43.7,0.0,0.0,19176.51,-4.1,30.0,-27.8,0.0,-0.01,24731.862,-33.7,50.0,-45.7,4.0,-0.01,31501.356,America/Los_Angeles,34.0625,-118.5,86.0,5.251288414001465
2026-09-26T11:00,pressure_profile,cma_grapes_global,78.1,38.0,50.4,,0.01,,68.4,34.0,39.0,,-0.01,,65.7,10.0,7.6,,-0.01,,51.7,4.0,-19.5,,0.0,,37.6,3.0,-39.9,,0.01,,19.0,4.0,-43.7,,0.0,,-4.1,28.0,-28.8,,-0.01,,-33.7,48.0,-46.4,,-0.01,,America/Los_Angeles,34.0625,-118.5,86.0,5.251288414001465
2026-09-26T12:00,pressure_profile,cma_grapes_global,78.8,36.0,49.6,,0.01,,68.2,35.0,39.5,,-0.01,,65.7,10.0,7.6,,-0.01,,51.7,4.0,-19.5,,0.0,,37.6,3.0,-39.9,,0.01,,19.0,4.0,-43.7,,0.0,,-4.1,28.0,-28.8,,-0.01,,-33.7,48.0,-46.4,,-0.01,,America/Los_Angeles,34.0625,-118.5,86.0,5.251288414001465
2026-09-26T13:00,pressure_profile,cma_grapes_global,78.4,37.0,50.0,,0.01,,68.4,34.0,39.0,,-0.01,,65.7,10.0,7.6,,-0.01,,51.7,4.0,-19.5,,0.0,,37.6,3.0,-39.9,,0.01,,19.0,4.0,-43.7,,0.0,,-4.1,28.0,-28.8,,-0.01,,-33.7,48.0,-46.4,,-0.01,,America/Los_Angeles,34.0625,-118.5,86.0,5.251288414001465
2026-09-26T14:00,pressure_profile,cma_grapes_global,,,,,,,,,,,,,,,,,,,,,,,,,,,,,,,,,,,,,,,,,,,,,,,,,America/Los_Angeles,34.0625,-118.5,86.0,5.251288414001465
2026-09-26T15:00,pressure_profile,cma_grapes_global,,,,,,,,,,,,,,,,,,,,,,,,,,,,,,,,,,,,,,,,,,,,,,,,,America/Los_Angeles,34.0625,-118.5,86.0,5.251288414001465
2026-09-26T16:00,pressure_profile,cma_grapes_global,,,,,,,,,,,,,,,,,,,,,,,,,,,,,,,,,,,,,,,,,,,,,,,,,America/Los_Angeles,34.0625,-118.5,86.0,5.251288414001465
2026-09-26T17:00,pressure_profile,cma_grapes_global,,,,,,,,,,,,,,,,,,,,,,,,,,,,,,,,,,,,,,,,,,,,,,,,,America/Los_Angeles,34.0625,-118.5,86.0,5.251288414001465
2026-09-26T18:00,pressure_profile,cma_grapes_global,,,,,,,,,,,,,,,,,,,,,,,,,,,,,,,,,,,,,,,,,,,,,,,,,America/Los_Angeles,34.0625,-118.5,86.0,5.251288414001465
2026-09-26T19:00,pressure_profile,cma_grapes_global,,,,,,,,,,,,,,,,,,,,,,,,,,,,,,,,,,,,,,,,,,,,,,,,,America/Los_Angeles,34.0625,-118.5,86.0,5.251288414001465
2026-09-26T20:00,pressure_profile,cma_grapes_global,,,,,,,,,,,,,,,,,,,,,,,,,,,,,,,,,,,,,,,,,,,,,,,,,America/Los_Angeles,34.0625,-118.5,86.0,5.251288414001465
2026-09-26T21:00,pressure_profile,cma_grapes_global,,,,,,,,,,,,,,,,,,,,,,,,,,,,,,,,,,,,,,,,,,,,,,,,,America/Los_Angeles,34.0625,-118.5,86.0,5.251288414001465
2026-09-26T22:00,pressure_profile,cma_grapes_global,,,,,,,,,,,,,,,,,,,,,,,,,,,,,,,,,,,,,,,,,,,,,,,,,America/Los_Angeles,34.0625,-118.5,86.0,5.251288414001465
2026-09-26T23:00,pressure_profile,cma_grapes_global,,,,,,,,,,,,,,,,,,,,,,,,,,,,,,,,,,,,,,,,,,,,,,,,,America/Los_Angeles,34.0625,-118.5,86.0,5.251288414001465
2026-09-27T00:00,pressure_profile,cma_grapes_global,,,,,,,,,,,,,,,,,,,,,,,,,,,,,,,,,,,,,,,,,,,,,,,,,America/Los_Angeles,34.0625,-118.5,86.0,5.251288414001465
2026-09-27T01:00,pressure_profile,cma_grapes_global,,,,,,,,,,,,,,,,,,,,,,,,,,,,,,,,,,,,,,,,,,,,,,,,,America/Los_Angeles,34.0625,-118.5,86.0,5.251288414001465
2026-09-27T02:00,pressure_profile,cma_grapes_global,,,,,,,,,,,,,,,,,,,,,,,,,,,,,,,,,,,,,,,,,,,,,,,,,America/Los_Angeles,34.0625,-118.5,86.0,5.251288414001465
2026-09-27T03:00,pressure_profile,cma_grapes_global,,,,,,,,,,,,,,,,,,,,,,,,,,,,,,,,,,,,,,,,,,,,,,,,,America/Los_Angeles,34.0625,-118.5,86.0,5.251288414001465
2026-09-27T04:00,pressure_profile,cma_grapes_global,,,,,,,,,,,,,,,,,,,,,,,,,,,,,,,,,,,,,,,,,,,,,,,,,America/Los_Angeles,34.0625,-118.5,86.0,5.251288414001465
2026-09-27T05:00,pressure_profile,cma_grapes_global,,,,,,,,,,,,,,,,,,,,,,,,,,,,,,,,,,,,,,,,,,,,,,,,,America/Los_Angeles,34.0625,-118.5,86.0,5.251288414001465
2026-09-27T06:00,pressure_profile,cma_grapes_global,,,,,,,,,,,,,,,,,,,,,,,,,,,,,,,,,,,,,,,,,,,,,,,,,America/Los_Angeles,34.0625,-118.5,86.0,5.251288414001465
2026-09-27T07:00,pressure_profile,cma_grapes_global,,,,,,,,,,,,,,,,,,,,,,,,,,,,,,,,,,,,,,,,,,,,,,,,,America/Los_Angeles,34.0625,-118.5,86.0,5.251288414001465
2026-09-27T08:00,pressure_profile,cma_grapes_global,,,,,,,,,,,,,,,,,,,,,,,,,,,,,,,,,,,,,,,,,,,,,,,,,America/Los_Angeles,34.0625,-118.5,86.0,5.251288414001465
2026-09-27T09:00,pressure_profile,cma_grapes_global,,,,,,,,,,,,,,,,,,,,,,,,,,,,,,,,,,,,,,,,,,,,,,,,,America/Los_Angeles,34.0625,-118.5,86.0,5.251288414001465
2026-09-27T10:00,pressure_profile,cma_grapes_global,,,,,,,,,,,,,,,,,,,,,,,,,,,,,,,,,,,,,,,,,,,,,,,,,America/Los_Angeles,34.0625,-118.5,86.0,5.251288414001465
2026-09-27T11:00,pressure_profile,cma_grapes_global,,,,,,,,,,,,,,,,,,,,,,,,,,,,,,,,,,,,,,,,,,,,,,,,,America/Los_Angeles,34.0625,-118.5,86.0,5.251288414001465
2026-09-27T12:00,pressure_profile,cma_grapes_global,,,,,,,,,,,,,,,,,,,,,,,,,,,,,,,,,,,,,,,,,,,,,,,,,America/Los_Angeles,34.0625,-118.5,86.0,5.251288414001465
2026-09-27T13:00,pressure_profile,cma_grapes_global,,,,,,,,,,,,,,,,,,,,,,,,,,,,,,,,,,,,,,,,,,,,,,,,,America/Los_Angeles,34.0625,-118.5,86.0,5.251288414001465
2026-09-27T14:00,pressure_profile,cma_grapes_global,,,,,,,,,,,,,,,,,,,,,,,,,,,,,,,,,,,,,,,,,,,,,,,,,America/Los_Angeles,34.0625,-118.5,86.0,5.251288414001465
2026-09-27T15:00,pressure_profile,cma_grapes_global,,,,,,,,,,,,,,,,,,,,,,,,,,,,,,,,,,,,,,,,,,,,,,,,,America/Los_Angeles,34.0625,-118.5,86.0,5.251288414001465
2026-09-27T16:00,pressure_profile,cma_grapes_global,,,,,,,,,,,,,,,,,,,,,,,,,,,,,,,,,,,,,,,,,,,,,,,,,America/Los_Angeles,34.0625,-118.5,86.0,5.251288414001465
2026-09-27T17:00,pressure_profile,cma_grapes_global,,,,,,,,,,,,,,,,,,,,,,,,,,,,,,,,,,,,,,,,,,,,,,,,,America/Los_Angeles,34.0625,-118.5,86.0,5.251288414001465
2026-09-27T18:00,pressure_profile,cma_grapes_global,,,,,,,,,,,,,,,,,,,,,,,,,,,,,,,,,,,,,,,,,,,,,,,,,America/Los_Angeles,34.0625,-118.5,86.0,5.251288414001465
2026-09-27T19:00,pressure_profile,cma_grapes_global,,,,,,,,,,,,,,,,,,,,,,,,,,,,,,,,,,,,,,,,,,,,,,,,,America/Los_Angeles,34.0625,-118.5,86.0,5.251288414001465
2026-09-27T20:00,pressure_profile,cma_grapes_global,,,,,,,,,,,,,,,,,,,,,,,,,,,,,,,,,,,,,,,,,,,,,,,,,America/Los_Angeles,34.0625,-118.5,86.0,5.251288414001465
2026-09-27T21:00,pressure_profile,cma_grapes_global,,,,,,,,,,,,,,,,,,,,,,,,,,,,,,,,,,,,,,,,,,,,,,,,,America/Los_Angeles,34.0625,-118.5,86.0,5.251288414001465
2026-09-27T22:00,pressure_profile,cma_grapes_global,,,,,,,,,,,,,,,,,,,,,,,,,,,,,,,,,,,,,,,,,,,,,,,,,America/Los_Angeles,34.0625,-118.5,86.0,5.251288414001465
2026-09-27T23:00,pressure_profile,cma_grapes_global,,,,,,,,,,,,,,,,,,,,,,,,,,,,,,,,,,,,,,,,,,,,,,,,,America/Los_Angeles,34.0625,-118.5,86.0,5.251288414001465
2026-09-28T00:00,pressure_profile,cma_grapes_global,,,,,,,,,,,,,,,,,,,,,,,,,,,,,,,,,,,,,,,,,,,,,,,,,America/Los_Angeles,34.0625,-118.5,86.0,5.251288414001465
2026-09-28T01:00,pressure_profile,cma_grapes_global,,,,,,,,,,,,,,,,,,,,,,,,,,,,,,,,,,,,,,,,,,,,,,,,,America/Los_Angeles,34.0625,-118.5,86.0,5.251288414001465
2026-09-28T02:00,pressure_profile,cma_grapes_global,,,,,,,,,,,,,,,,,,,,,,,,,,,,,,,,,,,,,,,,,,,,,,,,,America/Los_Angeles,34.0625,-118.5,86.0,5.251288414001465
2026-09-28T03:00,pressure_profile,cma_grapes_global,,,,,,,,,,,,,,,,,,,,,,,,,,,,,,,,,,,,,,,,,,,,,,,,,America/Los_Angeles,34.0625,-118.5,86.0,5.251288414001465
2026-09-28T04:00,pressure_profile,cma_grapes_global,,,,,,,,,,,,,,,,,,,,,,,,,,,,,,,,,,,,,,,,,,,,,,,,,America/Los_Angeles,34.0625,-118.5,86.0,5.251288414001465
2026-09-28T05:00,pressure_profile,cma_grapes_global,,,,,,,,,,,,,,,,,,,,,,,,,,,,,,,,,,,,,,,,,,,,,,,,,America/Los_Angeles,34.0625,-118.5,86.0,5.251288414001465
2026-09-28T06:00,pressure_profile,cma_grapes_global,,,,,,,,,,,,,,,,,,,,,,,,,,,,,,,,,,,,,,,,,,,,,,,,,America/Los_Angeles,34.0625,-118.5,86.0,5.251288414001465
2026-09-28T07:00,pressure_profile,cma_grapes_global,,,,,,,,,,,,,,,,,,,,,,,,,,,,,,,,,,,,,,,,,,,,,,,,,America/Los_Angeles,34.0625,-118.5,86.0,5.251288414001465
2026-09-28T08:00,pressure_profile,cma_grapes_global,,,,,,,,,,,,,,,,,,,,,,,,,,,,,,,,,,,,,,,,,,,,,,,,,America/Los_Angeles,34.0625,-118.5,86.0,5.251288414001465
2026-09-28T09:00,pressure_profile,cma_grapes_global,,,,,,,,,,,,,,,,,,,,,,,,,,,,,,,,,,,,,,,,,,,,,,,,,America/Los_Angeles,34.0625,-118.5,86.0,5.251288414001465
2026-09-28T10:00,pressure_profile,cma_grapes_global,,,,,,,,,,,,,,,,,,,,,,,,,,,,,,,,,,,,,,,,,,,,,,,,,America/Los_Angeles,34.0625,-118.5,86.0,5.251288414001465
2026-09-28T11:00,pressure_profile,cma_grapes_global,,,,,,,,,,,,,,,,,,,,,,,,,,,,,,,,,,,,,,,,,,,,,,,,,America/Los_Angeles,34.0625,-118.5,86.0,5.251288414001465
2026-09-28T12:00,pressure_profile,cma_grapes_global,,,,,,,,,,,,,,,,,,,,,,,,,,,,,,,,,,,,,,,,,,,,,,,,,America/Los_Angeles,34.0625,-118.5,86.0,5.251288414001465
2026-09-28T13:00,pressure_profile,cma_grapes_global,,,,,,,,,,,,,,,,,,,,,,,,,,,,,,,,,,,,,,,,,,,,,,,,,America/Los_Angeles,34.0625,-118.5,86.0,5.251288414001465
2026-09-28T14:00,pressure_profile,cma_grapes_global,,,,,,,,,,,,,,,,,,,,,,,,,,,,,,,,,,,,,,,,,,,,,,,,,America/Los_Angeles,34.0625,-118.5,86.0,5.251288414001465
2026-09-28T15:00,pressure_profile,cma_grapes_global,,,,,,,,,,,,,,,,,,,,,,,,,,,,,,,,,,,,,,,,,,,,,,,,,America/Los_Angeles,34.0625,-118.5,86.0,5.251288414001465
2026-09-28T16:00,pressure_profile,cma_grapes_global,,,,,,,,,,,,,,,,,,,,,,,,,,,,,,,,,,,,,,,,,,,,,,,,,America/Los_Angeles,34.0625,-118.5,86.0,5.251288414001465
2026-09-28T17:00,pressure_profile,cma_grapes_global,,,,,,,,,,,,,,,,,,,,,,,,,,,,,,,,,,,,,,,,,,,,,,,,,America/Los_Angeles,34.0625,-118.5,86.0,5.251288414001465
2026-09-28T18:00,pressure_profile,cma_grapes_global,,,,,,,,,,,,,,,,,,,,,,,,,,,,,,,,,,,,,,,,,,,,,,,,,America/Los_Angeles,34.0625,-118.5,86.0,5.251288414001465
2026-09-28T19:00,pressure_profile,cma_grapes_global,,,,,,,,,,,,,,,,,,,,,,,,,,,,,,,,,,,,,,,,,,,,,,,,,America/Los_Angeles,34.0625,-118.5,86.0,5.251288414001465
2026-09-28T20:00,pressure_profile,cma_grapes_global,,,,,,,,,,,,,,,,,,,,,,,,,,,,,,,,,,,,,,,,,,,,,,,,,America/Los_Angeles,34.0625,-118.5,86.0,5.251288414001465
2026-09-28T21:00,pressure_profile,cma_grapes_global,,,,,,,,,,,,,,,,,,,,,,,,,,,,,,,,,,,,,,,,,,,,,,,,,America/Los_Angeles,34.0625,-118.5,86.0,5.251288414001465
2026-09-28T22:00,pressure_profile,cma_grapes_global,,,,,,,,,,,,,,,,,,,,,,,,,,,,,,,,,,,,,,,,,,,,,,,,,America/Los_Angeles,34.0625,-118.5,86.0,5.251288414001465
2026-09-28T23:00,pressure_profile,cma_grapes_global,,,,,,,,,,,,,,,,,,,,,,,,,,,,,,,,,,,,,,,,,,,,,,,,,America/Los_Angeles,34.0625,-118.5,86.0,5.251288414001465
2026-09-29T00:00,pressure_profile,cma_grapes_global,,,,,,,,,,,,,,,,,,,,,,,,,,,,,,,,,,,,,,,,,,,,,,,,,America/Los_Angeles,34.0625,-118.5,86.0,5.251288414001465
2026-09-29T01:00,pressure_profile,cma_grapes_global,,,,,,,,,,,,,,,,,,,,,,,,,,,,,,,,,,,,,,,,,,,,,,,,,America/Los_Angeles,34.0625,-118.5,86.0,5.251288414001465
2026-09-29T02:00,pressure_profile,cma_grapes_global,,,,,,,,,,,,,,,,,,,,,,,,,,,,,,,,,,,,,,,,,,,,,,,,,America/Los_Angeles,34.0625,-118.5,86.0,5.251288414001465
2026-09-29T03:00,pressure_profile,cma_grapes_global,,,,,,,,,,,,,,,,,,,,,,,,,,,,,,,,,,,,,,,,,,,,,,,,,America/Los_Angeles,34.0625,-118.5,86.0,5.251288414001465
2026-09-29T04:00,pressure_profile,cma_grapes_global,,,,,,,,,,,,,,,,,,,,,,,,,,,,,,,,,,,,,,,,,,,,,,,,,America/Los_Angeles,34.0625,-118.5,86.0,5.251288414001465
2026-09-29T05:00,pressure_profile,cma_grapes_global,,,,,,,,,,,,,,,,,,,,,,,,,,,,,,,,,,,,,,,,,,,,,,,,,America/Los_Angeles,34.0625,-118.5,86.0,5.251288414001465
2026-09-29T06:00,pressure_profile,cma_grapes_global,,,,,,,,,,,,,,,,,,,,,,,,,,,,,,,,,,,,,,,,,,,,,,,,,America/Los_Angeles,34.0625,-118.5,86.0,5.251288414001465
2026-09-29T07:00,pressure_profile,cma_grapes_global,,,,,,,,,,,,,,,,,,,,,,,,,,,,,,,,,,,,,,,,,,,,,,,,,America/Los_Angeles,34.0625,-118.5,86.0,5.251288414001465
2026-09-29T08:00,pressure_profile,cma_grapes_global,,,,,,,,,,,,,,,,,,,,,,,,,,,,,,,,,,,,,,,,,,,,,,,,,America/Los_Angeles,34.0625,-118.5,86.0,5.251288414001465
2026-09-29T09:00,pressure_profile,cma_grapes_global,,,,,,,,,,,,,,,,,,,,,,,,,,,,,,,,,,,,,,,,,,,,,,,,,America/Los_Angeles,34.0625,-118.5,86.0,5.251288414001465
2026-09-29T10:00,pressure_profile,cma_grapes_global,,,,,,,,,,,,,,,,,,,,,,,,,,,,,,,,,,,,,,,,,,,,,,,,,America/Los_Angeles,34.0625,-118.5,86.0,5.251288414001465
2026-09-29T11:00,pressure_profile,cma_grapes_global,,,,,,,,,,,,,,,,,,,,,,,,,,,,,,,,,,,,,,,,,,,,,,,,,America/Los_Angeles,34.0625,-118.5,86.0,5.251288414001465
2026-09-29T12:00,pressure_profile,cma_grapes_global,,,,,,,,,,,,,,,,,,,,,,,,,,,,,,,,,,,,,,,,,,,,,,,,,America/Los_Angeles,34.0625,-118.5,86.0,5.251288414001465
2026-09-29T13:00,pressure_profile,cma_grapes_global,,,,,,,,,,,,,,,,,,,,,,,,,,,,,,,,,,,,,,,,,,,,,,,,,America/Los_Angeles,34.0625,-118.5,86.0,5.251288414001465
2026-09-29T14:00,pressure_profile,cma_grapes_global,,,,,,,,,,,,,,,,,,,,,,,,,,,,,,,,,,,,,,,,,,,,,,,,,America/Los_Angeles,34.0625,-118.5,86.0,5.251288414001465
2026-09-29T15:00,pressure_profile,cma_grapes_global,,,,,,,,,,,,,,,,,,,,,,,,,,,,,,,,,,,,,,,,,,,,,,,,,America/Los_Angeles,34.0625,-118.5,86.0,5.251288414001465
2026-09-29T16:00,pressure_profile,cma_grapes_global,,,,,,,,,,,,,,,,,,,,,,,,,,,,,,,,,,,,,,,,,,,,,,,,,America/Los_Angeles,34.0625,-118.5,86.0,5.251288414001465
2026-09-29T17:00,pressure_profile,cma_grapes_global,,,,,,,,,,,,,,,,,,,,,,,,,,,,,,,,,,,,,,,,,,,,,,,,,America/Los_Angeles,34.0625,-118.5,86.0,5.251288414001465
2026-09-29T18:00,pressure_profile,cma_grapes_global,,,,,,,,,,,,,,,,,,,,,,,,,,,,,,,,,,,,,,,,,,,,,,,,,America/Los_Angeles,34.0625,-118.5,86.0,5.251288414001465
2026-09-29T19:00,pressure_profile,cma_grapes_global,,,,,,,,,,,,,,,,,,,,,,,,,,,,,,,,,,,,,,,,,,,,,,,,,America/Los_Angeles,34.0625,-118.5,86.0,5.251288414001465
2026-09-29T20:00,pressure_profile,cma_grapes_global,,,,,,,,,,,,,,,,,,,,,,,,,,,,,,,,,,,,,,,,,,,,,,,,,America/Los_Angeles,34.0625,-118.5,86.0,5.251288414001465
2026-09-29T21:00,pressure_profile,cma_grapes_global,,,,,,,,,,,,,,,,,,,,,,,,,,,,,,,,,,,,,,,,,,,,,,,,,America/Los_Angeles,34.0625,-118.5,86.0,5.251288414001465
2026-09-29T22:00,pressure_profile,cma_grapes_global,,,,,,,,,,,,,,,,,,,,,,,,,,,,,,,,,,,,,,,,,,,,,,,,,America/Los_Angeles,34.0625,-118.5,86.0,5.251288414001465
2026-09-29T23:00,pressure_profile,cma_grapes_global,,,,,,,,,,,,,,,,,,,,,,,,,,,,,,,,,,,,,,,,,,,,,,,,,America/Los_Angeles,34.0625,-118.5,86.0,5.251288414001465
2026-09-30T00:00,pressure_profile,cma_grapes_global,,,,,,,,,,,,,,,,,,,,,,,,,,,,,,,,,,,,,,,,,,,,,,,,,America/Los_Angeles,34.0625,-118.5,86.0,5.251288414001465
2026-09-30T01:00,pressure_profile,cma_grapes_global,,,,,,,,,,,,,,,,,,,,,,,,,,,,,,,,,,,,,,,,,,,,,,,,,America/Los_Angeles,34.0625,-118.5,86.0,5.251288414001465
2026-09-30T02:00,pressure_profile,cma_grapes_global,,,,,,,,,,,,,,,,,,,,,,,,,,,,,,,,,,,,,,,,,,,,,,,,,America/Los_Angeles,34.0625,-118.5,86.0,5.251288414001465
2026-09-30T03:00,pressure_profile,cma_grapes_global,,,,,,,,,,,,,,,,,,,,,,,,,,,,,,,,,,,,,,,,,,,,,,,,,America/Los_Angeles,34.0625,-118.5,86.0,5.251288414001465
2026-09-30T04:00,pressure_profile,cma_grapes_global,,,,,,,,,,,,,,,,,,,,,,,,,,,,,,,,,,,,,,,,,,,,,,,,,America/Los_Angeles,34.0625,-118.5,86.0,5.251288414001465
2026-09-30T05:00,pressure_profile,cma_grapes_global,,,,,,,,,,,,,,,,,,,,,,,,,,,,,,,,,,,,,,,,,,,,,,,,,America/Los_Angeles,34.0625,-118.5,86.0,5.251288414001465
2026-09-30T06:00,pressure_profile,cma_grapes_global,,,,,,,,,,,,,,,,,,,,,,,,,,,,,,,,,,,,,,,,,,,,,,,,,America/Los_Angeles,34.0625,-118.5,86.0,5.251288414001465
2026-09-30T07:00,pressure_profile,cma_grapes_global,,,,,,,,,,,,,,,,,,,,,,,,,,,,,,,,,,,,,,,,,,,,,,,,,America/Los_Angeles,34.0625,-118.5,86.0,5.251288414001465
2026-09-30T08:00,pressure_profile,cma_grapes_global,,,,,,,,,,,,,,,,,,,,,,,,,,,,,,,,,,,,,,,,,,,,,,,,,America/Los_Angeles,34.0625,-118.5,86.0,5.251288414001465
2026-09-30T09:00,pressure_profile,cma_grapes_global,,,,,,,,,,,,,,,,,,,,,,,,,,,,,,,,,,,,,,,,,,,,,,,,,America/Los_Angeles,34.0625,-118.5,86.0,5.251288414001465
2026-09-30T10:00,pressure_profile,cma_grapes_global,,,,,,,,,,,,,,,,,,,,,,,,,,,,,,,,,,,,,,,,,,,,,,,,,America/Los_Angeles,34.0625,-118.5,86.0,5.251288414001465
2026-09-30T11:00,pressure_profile,cma_grapes_global,,,,,,,,,,,,,,,,,,,,,,,,,,,,,,,,,,,,,,,,,,,,,,,,,America/Los_Angeles,34.0625,-118.5,86.0,5.251288414001465
2026-09-30T12:00,pressure_profile,cma_grapes_global,,,,,,,,,,,,,,,,,,,,,,,,,,,,,,,,,,,,,,,,,,,,,,,,,America/Los_Angeles,34.0625,-118.5,86.0,5.251288414001465
2026-09-30T13:00,pressure_profile,cma_grapes_global,,,,,,,,,,,,,,,,,,,,,,,,,,,,,,,,,,,,,,,,,,,,,,,,,America/Los_Angeles,34.0625,-118.5,86.0,5.251288414001465
2026-09-30T14:00,pressure_profile,cma_grapes_global,,,,,,,,,,,,,,,,,,,,,,,,,,,,,,,,,,,,,,,,,,,,,,,,,America/Los_Angeles,34.0625,-118.5,86.0,5.251288414001465
2026-09-30T15:00,pressure_profile,cma_grapes_global,,,,,,,,,,,,,,,,,,,,,,,,,,,,,,,,,,,,,,,,,,,,,,,,,America/Los_Angeles,34.0625,-118.5,86.0,5.251288414001465
2026-09-30T16:00,pressure_profile,cma_grapes_global,,,,,,,,,,,,,,,,,,,,,,,,,,,,,,,,,,,,,,,,,,,,,,,,,America/Los_Angeles,34.0625,-118.5,86.0,5.251288414001465
2026-09-30T17:00,pressure_profile,cma_grapes_global,,,,,,,,,,,,,,,,,,,,,,,,,,,,,,,,,,,,,,,,,,,,,,,,,America/Los_Angeles,34.0625,-118.5,86.0,5.251288414001465
2026-09-30T18:00,pressure_profile,cma_grapes_global,,,,,,,,,,,,,,,,,,,,,,,,,,,,,,,,,,,,,,,,,,,,,,,,,America/Los_Angeles,34.0625,-118.5,86.0,5.251288414001465
2026-09-30T19:00,pressure_profile,cma_grapes_global,,,,,,,,,,,,,,,,,,,,,,,,,,,,,,,,,,,,,,,,,,,,,,,,,America/Los_Angeles,34.0625,-118.5,86.0,5.251288414001465
2026-09-30T20:00,pressure_profile,cma_grapes_global,,,,,,,,,,,,,,,,,,,,,,,,,,,,,,,,,,,,,,,,,,,,,,,,,America/Los_Angeles,34.0625,-118.5,86.0,5.251288414001465
2026-09-30T21:00,pressure_profile,cma_grapes_global,,,,,,,,,,,,,,,,,,,,,,,,,,,,,,,,,,,,,,,,,,,,,,,,,America/Los_Angeles,34.0625,-118.5,86.0,5.251288414001465
2026-09-30T22:00,pressure_profile,cma_grapes_global,,,,,,,,,,,,,,,,,,,,,,,,,,,,,,,,,,,,,,,,,,,,,,,,,America/Los_Angeles,34.0625,-118.5,86.0,5.251288414001465
2026-09-30T23:00,pressure_profile,cma_grapes_global,,,,,,,,,,,,,,,,,,,,,,,,,,,,,,,,,,,,,,,,,,,,,,,,,America/Los_Angeles,34.0625,-118.5,86.0,5.251288414001465
