time,temperature_2m__count,temperature_2m__mean,temperature_2m__median,temperature_2m__std,temperature_2m__min,temperature_2m__max,cloud_cover__count,cloud_cover__mean,cloud_cover__median,cloud_cover__std,cloud_cover__min,cloud_cover__max,cloud_cover_low__count,cloud_cover_low__mean,cloud_cover_low__median,cloud_cover_low__std,cloud_cover_low__min,cloud_cover_low__max,cloud_cover_mid__count,cloud_cover_mid__mean,cloud_cover_mid__median,cloud_cover_mid__std,cloud_cover_mid__min,cloud_cover_mid__max,cloud_cover_high__count,cloud_cover_high__mean,cloud_cover_high__median,cloud_cover_high__std,cloud_cover_high__min,cloud_cover_high__max,precipitation_probability__count,precipitation_probability__mean,precipitation_probability__median,precipitation_probability__std,precipitation_probability__min,precipitation_probability__max,shortwave_radiation_instant__count,shortwave_radiation_instant__mean,shortwave_radiation_instant__median,shortwave_radiation_instant__std,shortwave_radiation_instant__min,shortwave_radiation_instant__max,direct_normal_irradiance_instant__count,direct_normal_irradiance_instant__mean,direct_normal_irradiance_instant__median,direct_normal_irradiance_instant__std,direct_normal_irradiance_instant__min,direct_normal_irradiance_instant__max,diffuse_radiation_instant__count,diffuse_radiation_instant__mean,diffuse_radiation_instant__median,diffuse_radiation_instant__std,diffuse_radiation_instant__min,diffuse_radiation_instant__max,sun_score_0_100__count,sun_score_0_100__mean,sun_score_0_100__median,sun_score_0_100__std,sun_score_0_100__min,sun_score_0_100__max,deterministic_agreement_0_100
2026-09-21T00:00,12,65.00833333333333,64.94999999999999,2.0308790453815107,62.4,68.0,12,48.0,60.0,37.2192521052308,0.0,100.0,11,54.72727272727273,58.0,31.151535785867477,1.0,100.0,11,2.5454545454545454,0.0,8.442317648177381,0.0,28.0,11,0.0,0.0,0.0,0.0,0.0,6,0.0,0.0,0.0,0.0,0.0,11,0.0,0.0,0.0,0.0,0.0,11,0.0,0.0,0.0,0.0,0.0,11,0.0,0.0,0.0,0.0,0.0,11,0.0,0.0,0.0,0.0,0.0,68.7
2026-09-21T01:00,12,64.73333333333333,64.9,2.185212006911797,61.5,67.6,12,52.166666666666664,63.0,37.50838290141003,1.0,100.0,11,59.90909090909091,64.0,30.657640305328602,1.0,100.0,11,2.8181818181818183,0.0,9.346851681910673,0.0,31.0,11,0.0,0.0,0.0,0.0,0.0,6,0.0,0.0,0.0,0.0,0.0,11,0.0,0.0,0.0,0.0,0.0,11,0.0,0.0,0.0,0.0,0.0,11,0.0,0.0,0.0,0.0,0.0,11,0.0,0.0,0.0,0.0,0.0,68.2
2026-09-21T02:00,12,64.675,65.1,1.9900319778152529,60.9,67.0,12,69.33333333333333,81.0,32.469099529282055,2.0,100.0,11,65.54545454545455,74.0,30.836224270697073,2.0,100.0,11,3.1818181818181817,0.0,10.552897060221728,0.0,35.0,11,0.0,0.0,0.0,0.0,0.0,6,0.0,0.0,0.0,0.0,0.0,11,0.0,0.0,0.0,0.0,0.0,11,0.0,0.0,0.0,0.0,0.0,11,0.0,0.0,0.0,0.0,0.0,11,0.0,0.0,0.0,0.0,0.0,70.6
2026-09-21T03:00,12,64.95,64.94999999999999,1.8549687573943385,60.6,67.1,12,74.33333333333333,85.5,30.12499214132929,1.0,100.0,11,69.81818181818181,75.0,30.235139099459033,1.0,100.0,11,3.0,0.0,9.9498743710662,0.0,33.0,11,0.0,0.0,0.0,0.0,0.0,6,1.1666666666666667,0.5,1.4719601443879746,0.0,3.0,11,0.0,0.0,0.0,0.0,0.0,11,0.0,0.0,0.0,0.0,0.0,11,0.0,0.0,0.0,0.0,0.0,11,0.0,0.0,0.0,0.0,0.0,72.7
2026-09-21T04:00,12,65.04166666666667,65.05,1.9988443630955275,60.7,67.3,12,66.16666666666667,76.0,34.601191081268055,1.0,100.0,11,68.45454545454545,64.0,29.93781433693394,1.0,100.0,11,4.818181818181818,0.0,15.98010126262147,0.0,53.0,11,0.0,0.0,0.0,0.0,0.0,6,1.0,1.0,1.0954451150103321,0.0,2.0,11,0.0,0.0,0.0,0.0,0.0,11,0.0,0.0,0.0,0.0,0.0,11,0.0,0.0,0.0,0.0,0.0,11,0.0,0.0,0.0,0.0,0.0,69.0
2026-09-21T05:00,12,66.20833333333333,66.35,2.1236582216600297,61.2,68.6,12,80.5,92.0,29.65100028973421,0.0,100.0,11,71.54545454545455,84.0,29.977870626058937,0.0,100.0,11,2.4545454545454546,0.0,8.140806303599618,0.0,27.0,11,0.0,0.0,0.0,0.0,0.0,6,0.8333333333333334,0.0,2.041241452319315,0.0,5.0,11,0.0,0.0,0.0,0.0,0.0,11,0.0,0.0,0.0,0.0,0.0,11,0.0,0.0,0.0,0.0,0.0,11,0.0,0.0,0.0,0.0,0.0,72.2
2026-09-21T06:00,12,65.525,65.15,2.123943587677495,62.1,68.2,12,64.5,88.0,39.736632972611055,0.0,100.0,11,68.27272727272727,85.0,33.16049127829957,0.0,100.0,11,2.0,0.0,6.6332495807108005,0.0,22.0,11,0.09090909090909091,0.0,0.30151134457776363,0.0,1.0,6,2.1666666666666665,0.0,5.307227776030219,0.0,13.0,11,0.0,0.0,0.0,0.0,0.0,11,0.0,0.0,0.0,0.0,0.0,11,0.0,0.0,0.0,0.0,0.0,11,0.0,0.0,0.0,0.0,0.0,68.4
2026-09-21T07:00,12,65.90833333333333,66.1,2.050036954581918,63.0,68.7,12,69.0,73.0,29.52040896489318,0.0,100.0,11,63.27272727272727,63.0,33.83811729127645,0.0,100.0,11,0.0,0.0,0.0,0.0,0.0,11,1.3636363636363635,0.0,3.640679257301507,0.0,12.0,6,3.8333333333333335,0.0,9.38971068066885,0.0,23.0,11,8.890909090909092,8.3,10.977017313045884,0.0,31.1,11,14.345454545454546,0.0,47.578490174371105,0.0,157.8,11,8.136363636363637,0.0,11.302147824840437,0.0,31.1,11,3.7454545454545456,0.0,5.508604839042938,0.0,13.8,66.2
2026-09-21T08:00,12,66.99166666666667,66.8,1.443769267220256,65.1,69.7,12,72.58333333333333,77.0,29.604847064238818,0.0,100.0,11,58.45454545454545,60.0,35.342223009775815,0.0,100.0,11,1.0,0.0,3.3166247903554,0.0,11.0,11,26.818181818181817,0.0,42.93906888095778,0.0,100.0,6,5.166666666666667,0.5,11.68617416722285,0.0,29.0,11,90.26363636363637,73.3,51.16059563232767,26.6,158.1,11,122.65454545454546,104.1,113.73780693890984,0.0,289.7,11,70.68181818181819,60.0,34.639047855904415,23.2,110.9,11,19.527272727272727,11.8,18.27353774774282,0.0,46.2,55.9
2026-09-21T09:00,12,68.00833333333334,68.0,1.3820000877077552,65.6,70.7,12,74.75,87.5,32.462915905551505,0.0,100.0,11,58.63636363636363,45.0,32.277771692831365,0.0,100.0,11,1.6363636363636365,0.0,5.4272042023997455,0.0,18.0,11,26.90909090909091,6.0,41.38225355259074,0.0,100.0,6,5.5,1.5,10.634848376916334,0.0,27.0,11,188.0272727272727,223.5,85.03604048765547,65.6,305.4,11,148.50909090909093,187.9,123.98751916661173,0.0,371.2,11,133.9181818181818,161.6,48.12389880676374,54.3,170.9,11,26.827272727272728,36.0,20.930651729417832,0.0,59.2,48.3
2026-09-21T10:00,12,68.99166666666666,69.19999999999999,1.5715992626697928,66.2,71.6,12,67.08333333333333,72.5,33.20311686720043,0.0,100.0,11,56.36363636363637,46.0,33.37445947808811,0.0,100.0,11,5.454545454545454,0.0,16.50068869086158,0.0,55.0,11,27.454545454545453,6.0,40.267514540541576,0.0,100.0,6,3.6666666666666665,0.5,8.01664934163062,0.0,20.0,11,273.1909090909091,229.0,115.06935695088815,107.6,491.2,11,154.9181818181818,92.4,166.61471614585443,0.0,525.1,11,188.83636363636361,198.1,47.09091786591705,102.9,272.5,11,26.318181818181817,20.9,23.011684778903877,3.1,71.5,38.7
2026-09-21T11:00,12,70.525,70.8,1.9363156204033933,65.9,72.5,12,72.66666666666667,97.5,37.41495406757555,0.0,100.0,11,61.81818181818182,68.0,36.12704854210535,0.0,100.0,11,9.181818181818182,0.0,30.12247726140127,0.0,100.0,11,21.90909090909091,9.0,36.06509266716098,0.0,100.0,6,2.6666666666666665,0.5,5.573747990954261,0.0,14.0,11,419.2545454545454,445.1,165.99127304552107,144.0,684.4,11,264.8636363636364,188.0,230.07178998185447,0.0,755.9,11,237.0272727272727,272.5,65.13834647746428,144.0,340.0,11,43.07272727272727,44.9,24.867733749141305,0.0,82.8,22.9
2026-09-21T12:00,12,71.33333333333333,71.8,2.2947898827693596,67.5,74.4,12,51.0,53.5,32.54647027363686,0.0,100.0,11,47.27272727272727,58.0,38.533338576071785,0.0,100.0,11,0.0,0.0,0.0,0.0,0.0,11,0.8181818181818182,0.0,2.7136021011998728,0.0,9.0,6,1.5,0.0,3.6742346141747673,0.0,9.0,11,472.79999999999995,570.9,204.01616112455406,135.2,756.9,11,275.0636363636364,334.4,219.90603571856442,0.6,665.3,11,256.90909090909093,281.6,59.375642388869444,134.7,308.6,11,43.88181818181818,57.3,28.230261004171325,2.3,83.1,22.6
2026-09-21T13:00,12,73.26666666666667,72.75,1.9956012232969385,70.2,76.5,12,40.0,28.0,38.60522809625189,0.0,100.0,11,39.0,22.0,41.80908992073375,0.0,100.0,11,0.0,0.0,0.0,0.0,0.0,11,0.7272727272727273,0.0,2.412090756622109,0.0,8.0,6,0.6666666666666666,0.0,1.632993161855452,0.0,4.0,11,648.0181818181819,677.7,122.36302397523374,408.6,799.2,11,444.1272727272728,477.5,166.6237683579932,169.9,683.3,11,280.06363636363636,289.0,38.2780426021831,221.9,331.3,11,65.81818181818181,68.9,13.638608300102925,42.8,85.0,35.1
2026-09-21T14:00,12,74.025,73.25,2.2029422474169724,70.9,77.6,12,23.666666666666668,14.5,27.61861471522203,0.0,100.0,11,22.818181818181817,12.0,29.427260089305566,0.0,100.0,11,0.0,0.0,0.0,0.0,0.0,11,0.5454545454545454,0.0,1.8090680674665818,0.0,6.0,6,0.0,0.0,0.0,0.0,0.0,11,670.9454545454545,678.7,99.96758838379931,493.6,814.5,11,506.9636363636364,561.7,192.3649566460964,156.8,760.5,11,257.22727272727275,220.3,64.72438629927811,193.9,384.9,11,71.87272727272726,75.3,15.263164213824792,42.3,90.5,40.3
2026-09-21T15:00,12,74.27499999999999,73.85,2.0369875261812873,70.7,77.3,12,10.25,6.0,11.6940155635265,0.0,38.0,11,9.636363636363637,5.0,12.060453783110544,0.0,38.0,11,0.0,0.0,0.0,0.0,0.0,11,0.2727272727272727,0.0,0.9045340337332909,0.0,3.0,6,0.0,0.0,0.0,0.0,0.0,11,657.5727272727273,683.7,42.29825270407969,576.2,693.1,11,654.209090909091,672.6,89.8306457123119,466.6,776.5,11,167.9363636363636,176.1,35.18020104340714,108.0,227.6,11,83.68181818181819,85.4,6.826978567685442,68.6,92.6,70.4
2026-09-21T16:00,12,73.76666666666667,74.0,1.8317072678655542,70.5,75.8,12,8.833333333333334,2.0,11.543068233464801,0.0,30.0,11,8.545454545454545,2.0,12.061207537917888,0.0,30.0,11,0.0,0.0,0.0,0.0,0.0,11,0.09090909090909091,0.0,0.30151134457776363,0.0,1.0,6,0.0,0.0,0.0,0.0,0.0,11,518.0909090909091,525.0,31.500617598563217,459.1,550.6,11,612.6636363636364,628.5,80.17261717977372,453.7,759.2,11,132.16363636363636,142.6,29.44833688775218,70.6,174.3,11,81.14545454545454,83.1,5.517130347628852,68.7,88.1,73.6
2026-09-21T17:00,12,73.175,73.25,1.7431032932414185,70.0,75.4,12,6.416666666666667,0.0,10.578351249203022,0.0,27.0,11,6.636363636363637,0.0,11.065918193017037,0.0,27.0,11,0.0,0.0,0.0,0.0,0.0,11,0.0,0.0,0.0,0.0,0.0,6,0.0,0.0,0.0,0.0,0.0,11,328.95454545454544,328.9,24.14110037410738,274.1,364.1,11,485.46363636363634,487.0,73.17375585177071,359.7,632.7,11,101.37272727272726,113.1,22.410715781031662,55.4,123.2,11,72.83636363636364,73.5,4.776876118819227,62.5,78.5,76.3
2026-09-21T18:00,12,71.2,71.35,1.4503917965971653,68.5,74.2,12,4.0,0.0,6.536610186271836,0.0,20.0,11,3.4545454545454546,0.0,6.470913944160228,0.0,20.0,11,0.0,0.0,0.0,0.0,0.0,11,0.0,0.0,0.0,0.0,0.0,6,0.0,0.0,0.0,0.0,0.0,11,131.24545454545452,133.1,10.950558308722321,110.7,142.5,11,263.58181818181816,258.7,64.70579291194596,151.4,393.8,11,58.53636363636363,67.4,13.642966886075238,32.4,68.8,11,57.96363636363637,58.5,4.662890246890382,47.5,66.6,82.8
2026-09-21T19:00,12,69.23333333333333,68.85,1.7073814790934998,66.7,72.8,12,2.8333333333333335,1.0,4.9696045815506995,0.0,17.0,11,2.3636363636363638,0.0,4.863593882567238,0.0,16.0,11,0.09090909090909091,0.0,0.30151134457776363,0.0,1.0,11,0.0,0.0,0.0,0.0,0.0,6,0.0,0.0,0.0,0.0,0.0,11,0.0,0.0,0.0,0.0,0.0,11,0.0,0.0,0.0,0.0,0.0,11,0.0,0.0,0.0,0.0,0.0,11,22.09090909090909,21.5,15.447488763255633,0.0,40.3,91.1
2026-09-21T20:00,12,68.05,68.35,1.9621416870348583,65.4,71.0,12,2.5833333333333335,0.0,4.737823307909414,0.0,15.0,11,1.8181818181818181,0.0,4.238353024894972,0.0,14.0,11,0.09090909090909091,0.0,0.30151134457776363,0.0,1.0,11,0.0,0.0,0.0,0.0,0.0,6,0.0,0.0,0.0,0.0,0.0,11,0.0,0.0,0.0,0.0,0.0,11,0.0,0.0,0.0,0.0,0.0,11,0.0,0.0,0.0,0.0,0.0,11,0.0,0.0,0.0,0.0,0.0,90.5
2026-09-21T21:00,12,67.28333333333332,67.7,2.403343630457492,63.8,70.1,12,5.5,0.0,11.696930444273907,0.0,39.0,11,4.7272727272727275,0.0,12.017411610583277,0.0,39.0,11,0.09090909090909091,0.0,0.30151134457776363,0.0,1.0,11,0.0,0.0,0.0,0.0,0.0,6,0.0,0.0,0.0,0.0,0.0,11,0.0,0.0,0.0,0.0,0.0,11,0.0,0.0,0.0,0.0,0.0,11,0.0,0.0,0.0,0.0,0.0,11,0.0,0.0,0.0,0.0,0.0,84.1
2026-09-21T22:00,12,66.30833333333332,66.45,2.7609149778925612,62.5,70.0,12,9.083333333333334,0.0,23.55441797329338,0.0,82.0,11,8.636363636363637,0.0,24.642535288694333,0.0,82.0,11,0.0,0.0,0.0,0.0,0.0,11,0.0,0.0,0.0,0.0,0.0,6,0.0,0.0,0.0,0.0,0.0,11,0.0,0.0,0.0,0.0,0.0,11,0.0,0.0,0.0,0.0,0.0,11,0.0,0.0,0.0,0.0,0.0,11,0.0,0.0,0.0,0.0,0.0,74.5
2026-09-21T23:00,12,65.425,65.45,3.025985940002187,61.0,69.4,12,5.166666666666667,0.0,10.249907612296123,0.0,32.0,11,4.181818181818182,0.0,10.13724007625529,0.0,32.0,11,0.0,0.0,0.0,0.0,0.0,11,0.0,0.0,0.0,0.0,0.0,6,0.0,0.0,0.0,0.0,0.0,11,0.0,0.0,0.0,0.0,0.0,11,0.0,0.0,0.0,0.0,0.0,11,0.0,0.0,0.0,0.0,0.0,11,0.0,0.0,0.0,0.0,0.0,83.2
2026-09-22T00:00,12,64.71666666666667,64.95,3.0652994317130884,60.1,69.1,12,3.1666666666666665,0.0,5.9974742158426135,0.0,19.0,11,2.272727272727273,0.0,5.159281133857876,0.0,17.0,11,0.0,0.0,0.0,0.0,0.0,11,0.0,0.0,0.0,0.0,0.0,6,0.0,0.0,0.0,0.0,0.0,11,0.0,0.0,0.0,0.0,0.0,11,0.0,0.0,0.0,0.0,0.0,11,0.0,0.0,0.0,0.0,0.0,11,0.0,0.0,0.0,0.0,0.0,86.1
2026-09-22T01:00,12,64.10000000000001,64.1,2.9954510967010077,59.6,68.5,12,3.6666666666666665,0.0,7.302967433402214,0.0,25.0,11,3.272727272727273,0.0,7.072353343702633,0.0,23.0,11,0.0,0.0,0.0,0.0,0.0,11,0.0,0.0,0.0,0.0,0.0,6,0.0,0.0,0.0,0.0,0.0,11,0.0,0.0,0.0,0.0,0.0,11,0.0,0.0,0.0,0.0,0.0,11,0.0,0.0,0.0,0.0,0.0,11,0.0,0.0,0.0,0.0,0.0,85.4
2026-09-22T02:00,12,63.43333333333334,63.349999999999994,2.9561440896525846,59.1,68.2,12,4.833333333333333,0.0,9.232682396921506,0.0,31.0,11,4.545454545454546,0.0,9.43783488267978,0.0,30.0,11,0.0,0.0,0.0,0.0,0.0,11,0.0,0.0,0.0,0.0,0.0,6,0.0,0.0,0.0,0.0,0.0,11,0.0,0.0,0.0,0.0,0.0,11,0.0,0.0,0.0,0.0,0.0,11,0.0,0.0,0.0,0.0,0.0,11,0.0,0.0,0.0,0.0,0.0,84.2
2026-09-22T03:00,12,62.949999999999996,62.95,2.8845986013497846,58.9,67.8,12,7.75,2.5,11.725070265344797,0.0,37.0,11,7.818181818181818,0.0,12.4323624610786,0.0,37.0,11,0.09090909090909091,0.0,0.30151134457776363,0.0,1.0,11,0.0,0.0,0.0,0.0,0.0,6,0.0,0.0,0.0,0.0,0.0,11,0.0,0.0,0.0,0.0,0.0,11,0.0,0.0,0.0,0.0,0.0,11,0.0,0.0,0.0,0.0,0.0,11,0.0,0.0,0.0,0.0,0.0,82.6
2026-09-22T04:00,12,62.63333333333333,62.8,2.884230899007196,58.7,67.4,12,15.083333333333334,1.0,24.592897471843493,0.0,80.0,11,15.636363636363637,0.0,25.846751158599126,0.0,80.0,11,0.09090909090909091,0.0,0.30151134457776363,0.0,1.0,11,0.0,0.0,0.0,0.0,0.0,6,0.0,0.0,0.0,0.0,0.0,11,0.0,0.0,0.0,0.0,0.0,11,0.0,0.0,0.0,0.0,0.0,11,0.0,0.0,0.0,0.0,0.0,11,0.0,0.0,0.0,0.0,0.0,73.4
2026-09-22T05:00,12,62.40833333333333,63.150000000000006,2.945399597317618,58.2,66.9,12,14.583333333333334,4.0,18.695932145466262,0.0,50.0,11,14.727272727272727,3.0,19.834772038472785,0.0,50.0,11,0.18181818181818182,0.0,0.6030226891555273,0.0,2.0,11,0.0,0.0,0.0,0.0,0.0,6,0.0,0.0,0.0,0.0,0.0,11,0.0,0.0,0.0,0.0,0.0,11,0.0,0.0,0.0,0.0,0.0,11,0.0,0.0,0.0,0.0,0.0,11,0.0,0.0,0.0,0.0,0.0,77.4
2026-09-22T06:00,12,62.4,63.150000000000006,2.882549376696075,58.0,66.5,12,7.25,1.5,13.33570054743691,0.0,43.0,11,6.7272727272727275,0.0,13.986356988800974,0.0,42.0,11,0.18181818181818182,0.0,0.6030226891555273,0.0,2.0,11,0.0,0.0,0.0,0.0,0.0,6,0.3333333333333333,0.0,0.816496580927726,0.0,2.0,11,0.0,0.0,0.0,0.0,0.0,11,0.0,0.0,0.0,0.0,0.0,11,0.0,0.0,0.0,0.0,0.0,11,0.0,0.0,0.0,0.0,0.0,81.5
2026-09-22T07:00,12,62.5,62.75,3.214173158202443,57.8,66.5,12,8.333333333333334,2.0,12.078029138844958,0.0,39.0,11,6.909090909090909,1.0,12.723635844007369,0.0,38.0,11,0.2727272727272727,0.0,0.904534033733291,0.0,3.0,11,0.0,0.0,0.0,0.0,0.0,6,0.6666666666666666,0.0,1.632993161855452,0.0,4.0,9,18.188888888888886,17.6,11.134680557210032,0.0,40.7,11,33.8,0.0,66.82345396640315,0.0,170.6,11,8.31818181818182,8.9,20.576774197226257,-27.3,40.7,11,9.636363636363637,9.2,8.21489777505146,0.0,25.8,73.1
2026-09-22T08:00,12,65.075,65.75,2.7196674261922005,61.1,68.4,12,6.833333333333333,2.5,10.443208609455528,0.0,33.0,11,8.181818181818182,3.0,10.656624060350275,0.0,32.0,11,0.2727272727272727,0.0,0.904534033733291,0.0,3.0,11,0.09090909090909091,0.0,0.30151134457776363,0.0,1.0,6,0.8333333333333334,0.0,2.041241452319315,0.0,5.0,11,181.96363636363637,182.5,23.322618752072962,135.5,215.4,11,567.6090909090909,497.5,231.3458253547941,206.3,912.9,11,93.04545454545455,103.2,26.47770245456972,58.6,120.6,11,65.76363636363637,64.4,14.786836898219487,36.1,87.1,57.7
2026-09-22T09:00,12,68.26666666666667,68.05000000000001,1.3206977035803538,66.5,70.4,12,12.833333333333334,7.0,16.579468866003754,0.0,59.0,11,14.909090909090908,11.0,16.717981609360297,0.0,59.0,11,0.2727272727272727,0.0,0.904534033733291,0.0,3.0,11,0.18181818181818182,0.0,0.40451991747794525,0.0,1.0,6,0.6666666666666666,0.0,1.632993161855452,0.0,4.0,11,377.8636363636364,388.3,34.74332375370188,303.3,417.2,11,670.5727272727272,669.8,165.05796006802638,370.2,907.7,11,135.6181818181818,160.3,35.177743480269406,84.7,169.6,11,77.18181818181819,79.0,9.28416050936413,59.1,89.8,62.7
2026-09-22T10:00,12,70.70833333333333,70.9,1.1007917260964604,68.2,72.2,12,8.583333333333334,5.0,9.049945588317929,0.0,23.0,11,7.454545454545454,2.0,9.081449623971235,0.0,23.0,11,0.2727272727272727,0.0,0.904534033733291,0.0,3.0,11,0.2727272727272727,0.0,0.6466697906828632,0.0,2.0,6,0.3333333333333333,0.0,0.816496580927726,0.0,2.0,11,550.7454545454545,577.5,52.2685252065976,454.8,608.3,11,716.9181818181819,772.5,151.82305370517233,493.5,917.5,11,162.60000000000002,174.3,39.064229161728,92.8,204.8,11,82.66363636363636,84.0,8.98145564229682,67.7,93.8,67.7
2026-09-22T11:00,12,72.73333333333335,72.65,1.6433520805372286,69.3,75.1,12,9.75,5.5,11.917328864839103,0.0,41.0,11,8.727272727272727,3.0,12.402345819165898,0.0,41.0,11,0.2727272727272727,0.0,0.904534033733291,0.0,3.0,11,0.36363636363636365,0.0,0.9244162777371754,0.0,3.0,6,0.0,0.0,0.0,0.0,0.0,11,702.0818181818182,725.7,43.13065773163719,632.5,745.2,11,767.9181818181819,812.5,118.46747923528902,589.4,939.1,11,176.29090909090908,184.8,45.59196101387731,94.2,229.0,11,87.7909090909091,92.3,6.91121618030496,77.0,95.3,68.5
2026-09-22T12:00,12,73.825,74.30000000000001,1.9212330321010946,70.0,76.1,12,7.25,3.0,10.225858488077264,0.0,35.0,11,6.636363636363637,0.0,10.800673379680799,0.0,35.0,11,0.2727272727272727,0.0,0.904534033733291,0.0,3.0,11,0.36363636363636365,0.0,0.9244162777371754,0.0,3.0,6,0.0,0.0,0.0,0.0,0.0,11,799.4545454545456,815.3,40.23720575875923,724.7,841.2,11,792.5727272727273,803.1,108.3085877565495,610.9,940.5,11,180.16363636363639,197.2,52.37864589176152,92.5,247.4,11,90.47272727272728,92.5,6.434452720953181,79.3,98.3,70.3
2026-09-22T13:00,12,74.18333333333334,75.1,1.94039983383619,70.7,76.8,12,6.25,3.0,8.540012774101582,0.0,26.0,11,6.090909090909091,0.0,9.071433684424369,0.0,26.0,11,0.18181818181818182,0.0,0.6030226891555273,0.0,2.0,11,0.36363636363636365,0.0,0.9244162777371754,0.0,3.0,6,0.0,0.0,0.0,0.0,0.0,11,810.9818181818181,839.3,47.97432267748695,729.8,864.4,11,752.0181818181817,770.3,120.46773691060874,591.4,921.1,11,190.67272727272723,208.0,59.745026419093506,90.3,250.5,11,88.60909090909091,91.1,7.48898585196347,77.4,98.5,69.1
2026-09-22T14:00,12,74.275,74.0,1.9517474687618277,71.2,77.4,12,4.666666666666667,2.5,6.596601512532913,0.0,23.0,11,4.818181818181818,4.0,6.690563232167854,0.0,23.0,11,0.18181818181818182,0.0,0.6030226891555273,0.0,2.0,11,0.36363636363636365,0.0,0.9244162777371754,0.0,3.0,6,0.0,0.0,0.0,0.0,0.0,11,770.6272727272727,787.0,31.607723452001107,728.9,812.3,11,718.6090909090909,726.4,98.79682641204073,588.3,866.6,11,187.0272727272727,201.1,55.11194227949312,93.1,264.6,11,87.75454545454545,88.5,6.834817281590437,78.2,97.0,74.9
2026-09-22T15:00,12,74.275,73.6,2.200877924002977,70.9,78.4,12,3.5,1.5,5.680909018170178,0.0,20.0,11,2.909090909090909,0.0,5.974186897889043,0.0,20.0,11,0.18181818181818182,0.0,0.6030226891555273,0.0,2.0,11,0.2727272727272727,0.0,0.904534033733291,0.0,3.0,6,0.0,0.0,0.0,0.0,0.0,11,671.7727272727273,692.8,33.590566857648895,606.1,706.6,11,692.5909090909091,703.6,81.34247911817604,544.1,816.8,11,156.45454545454547,169.1,40.15548190811221,84.7,201.1,11,86.68181818181819,87.8,5.865631795777534,75.1,94.8,76.3
2026-09-22T16:00,12,74.39999999999999,73.9,2.509980079602234,70.3,79.2,12,2.0,0.0,3.330301651638946,0.0,11.0,11,1.2727272727272727,0.0,3.289100457295554,0.0,11.0,11,0.2727272727272727,0.0,0.904534033733291,0.0,3.0,11,0.36363636363636365,0.0,1.2060453783110545,0.0,4.0,6,0.0,0.0,0.0,0.0,0.0,11,524.0454545454545,529.7,23.39655374777934,484.6,564.0,11,637.6090909090907,631.1,56.73021160802164,545.2,736.6,11,125.35454545454546,136.7,28.03805855034773,74.0,157.9,11,83.42727272727274,83.5,3.8691319204935115,77.2,90.3,80.9
2026-09-22T17:00,12,74.33333333333333,74.55,2.6070998632522113,69.6,78.8,12,1.5833333333333333,0.0,2.7784342658585555,0.0,9.0,11,0.9090909090909091,0.0,2.7001683449201996,0.0,9.0,11,0.36363636363636365,0.0,0.9244162777371754,0.0,3.0,11,0.36363636363636365,0.0,1.2060453783110545,0.0,4.0,6,0.0,0.0,0.0,0.0,0.0,11,333.3454545454546,328.6,23.539046864151633,298.9,387.9,11,504.96363636363634,489.2,70.34837983532064,439.9,625.5,11,99.1,111.0,23.251580591435072,54.5,118.9,11,74.72727272727273,74.9,4.558747834458693,70.2,83.5,79.6
2026-09-22T18:00,12,73.38333333333333,73.95,2.5153468343291565,68.7,76.9,12,1.5,0.0,2.4308621740219887,0.0,6.0,11,0.7272727272727273,0.0,1.8488325554743505,0.0,6.0,11,0.2727272727272727,0.0,0.904534033733291,0.0,3.0,11,0.36363636363636365,0.0,1.2060453783110545,0.0,4.0,6,0.0,0.0,0.0,0.0,0.0,11,129.13636363636365,134.3,12.132293495235988,109.2,146.2,11,270.0454545454545,262.5,61.16650004105781,191.2,387.3,11,55.98181818181818,65.2,13.918535711907213,30.8,66.0,11,58.9,59.3,4.489097904924775,52.2,68.3,82.6
2026-09-22T19:00,12,71.24166666666666,70.6,2.24518002247778,67.3,75.2,12,1.0833333333333333,0.0,1.9286515936521478,0.0,6.0,11,0.36363636363636365,0.0,0.9244162777371753,0.0,3.0,11,0.2727272727272727,0.0,0.904534033733291,0.0,3.0,11,0.2727272727272727,0.0,0.904534033733291,0.0,3.0,6,0.0,0.0,0.0,0.0,0.0,11,0.0,0.0,0.0,0.0,0.0,11,0.0,0.0,0.0,0.0,0.0,11,0.0,0.0,0.0,0.0,0.0,11,23.718181818181815,26.4,14.938260821248114,0.0,41.5,91.6
2026-09-22T20:00,12,69.70833333333333,69.80000000000001,2.4618759784630404,66.3,73.9,12,1.0833333333333333,0.0,2.1933093855190746,0.0,7.0,11,0.2727272727272727,0.0,0.9045340337332909,0.0,3.0,11,0.2727272727272727,0.0,0.904534033733291,0.0,3.0,11,0.2727272727272727,0.0,0.904534033733291,0.0,3.0,6,0.0,0.0,0.0,0.0,0.0,11,0.0,0.0,0.0,0.0,0.0,11,0.0,0.0,0.0,0.0,0.0,11,0.0,0.0,0.0,0.0,0.0,11,0.0,0.0,0.0,0.0,0.0,90.7
2026-09-22T21:00,12,68.37499999999999,68.5,2.656766660982688,64.3,73.0,12,1.1666666666666667,0.0,2.28963408483195,0.0,7.0,11,0.36363636363636365,0.0,1.2060453783110545,0.0,4.0,11,0.2727272727272727,0.0,0.904534033733291,0.0,3.0,11,0.2727272727272727,0.0,0.904534033733291,0.0,3.0,6,0.0,0.0,0.0,0.0,0.0,11,0.0,0.0,0.0,0.0,0.0,11,0.0,0.0,0.0,0.0,0.0,11,0.0,0.0,0.0,0.0,0.0,11,0.0,0.0,0.0,0.0,0.0,90.1
2026-09-22T22:00,12,67.18333333333334,67.65,2.589781785589221,63.2,72.1,12,3.8333333333333335,0.0,9.053711778585454,0.0,30.0,11,2.727272727272727,0.0,9.045340337332908,0.0,30.0,11,0.2727272727272727,0.0,0.904534033733291,0.0,3.0,11,0.2727272727272727,0.0,0.904534033733291,0.0,3.0,6,0.0,0.0,0.0,0.0,0.0,11,0.0,0.0,0.0,0.0,0.0,11,0.0,0.0,0.0,0.0,0.0,11,0.0,0.0,0.0,0.0,0.0,11,0.0,0.0,0.0,0.0,0.0,85.4
2026-09-22T23:00,12,66.35833333333333,66.7,2.6116725164793038,62.4,71.6,12,5.083333333333333,0.0,10.714971118048151,0.0,34.0,11,3.3636363636363638,0.0,10.181087636129327,0.0,34.0,11,0.2727272727272727,0.0,0.904534033733291,0.0,3.0,11,0.2727272727272727,0.0,0.904534033733291,0.0,3.0,6,0.0,0.0,0.0,0.0,0.0,11,0.0,0.0,0.0,0.0,0.0,11,0.0,0.0,0.0,0.0,0.0,11,0.0,0.0,0.0,0.0,0.0,11,0.0,0.0,0.0,0.0,0.0,84.2
2026-09-23T00:00,12,65.675,65.80000000000001,2.541697714663816,62.1,71.0,12,5.0,0.0,8.38830354503438,0.0,26.0,11,3.5454545454545454,0.0,7.916610845098253,0.0,26.0,11,0.2727272727272727,0.0,0.904534033733291,0.0,3.0,11,0.2727272727272727,0.0,0.904534033733291,0.0,3.0,6,0.0,0.0,0.0,0.0,0.0,11,0.0,0.0,0.0,0.0,0.0,11,0.0,0.0,0.0,0.0,0.0,11,0.0,0.0,0.0,0.0,0.0,11,0.0,0.0,0.0,0.0,0.0,86.1
2026-09-23T01:00,12,65.175,64.8,2.568028957639057,62.0,70.7,12,6.75,0.0,10.064564299832085,0.0,28.0,11,5.181818181818182,0.0,9.662486034330728,0.0,28.0,11,0.18181818181818182,0.0,0.6030226891555273,0.0,2.0,11,0.2727272727272727,0.0,0.904534033733291,0.0,3.0,6,0.0,0.0,0.0,0.0,0.0,11,0.0,0.0,0.0,0.0,0.0,11,0.0,0.0,0.0,0.0,0.0,11,0.0,0.0,0.0,0.0,0.0,11,0.0,0.0,0.0,0.0,0.0,84.8
2026-09-23T02:00,12,64.63333333333334,63.949999999999996,2.683055698040555,61.4,70.3,12,7.916666666666667,0.0,11.500658742661289,0.0,30.0,11,6.090909090909091,0.0,10.84854410005827,0.0,30.0,11,0.18181818181818182,0.0,0.6030226891555273,0.0,2.0,11,0.2727272727272727,0.0,0.904534033733291,0.0,3.0,6,0.0,0.0,0.0,0.0,0.0,11,0.0,0.0,0.0,0.0,0.0,11,0.0,0.0,0.0,0.0,0.0,11,0.0,0.0,0.0,0.0,0.0,11,0.0,0.0,0.0,0.0,0.0,83.4
2026-09-23T03:00,12,64.05000000000003,63.35,2.707733033705162,60.7,69.8,12,9.5,1.5,12.288205727444508,0.0,33.0,11,7.818181818181818,0.0,11.99014747047076,0.0,33.0,11,0.18181818181818182,0.0,0.6030226891555273,0.0,2.0,11,0.2727272727272727,0.0,0.904534033733291,0.0,3.0,6,0.0,0.0,0.0,0.0,0.0,11,0.0,0.0,0.0,0.0,0.0,11,0.0,0.0,0.0,0.0,0.0,11,0.0,0.0,0.0,0.0,0.0,11,0.0,0.0,0.0,0.0,0.0,82.8
2026-09-23T04:00,12,63.73333333333332,62.95,2.7880698221768627,60.3,69.6,12,13.333333333333334,2.0,16.148928100275842,0.0,38.0,11,11.454545454545455,0.0,16.256467244537706,0.0,38.0,11,0.18181818181818182,0.0,0.6030226891555273,0.0,2.0,11,0.36363636363636365,0.0,1.2060453783110545,0.0,4.0,6,0.0,0.0,0.0,0.0,0.0,11,0.0,0.0,0.0,0.0,0.0,11,0.0,0.0,0.0,0.0,0.0,11,0.0,0.0,0.0,0.0,0.0,11,0.0,0.0,0.0,0.0,0.0,79.8
2026-09-23T05:00,12,63.67500000000001,62.9,2.7333379526938044,60.6,69.4,12,13.5,2.0,16.795562184425656,0.0,42.0,11,11.545454545454545,0.0,16.86631931610235,0.0,42.0,11,0.18181818181818182,0.0,0.6030226891555273,0.0,2.0,11,0.36363636363636365,0.0,1.2060453783110545,0.0,4.0,6,0.0,0.0,0.0,0.0,0.0,11,0.0,0.0,0.0,0.0,0.0,11,0.0,0.0,0.0,0.0,0.0,11,0.0,0.0,0.0,0.0,0.0,11,0.0,0.0,0.0,0.0,0.0,79.5
2026-09-23T06:00,12,63.86666666666665,63.95,2.763506775271175,60.8,69.4,12,13.333333333333334,2.0,16.609599269060883,0.0,43.0,11,11.727272727272727,0.0,17.03579120024021,0.0,43.0,11,0.18181818181818182,0.0,0.6030226891555273,0.0,2.0,11,0.36363636363636365,0.0,1.2060453783110545,0.0,4.0,6,0.0,0.0,0.0,0.0,0.0,11,0.0,0.0,0.0,0.0,0.0,11,0.0,0.0,0.0,0.0,0.0,11,0.0,0.0,0.0,0.0,0.0,11,0.0,0.0,0.0,0.0,0.0,79.5
2026-09-23T07:00,12,64.35,64.80000000000001,3.1961624716923485,60.8,69.6,12,12.583333333333334,2.0,15.837001170063923,0.0,45.0,11,11.0,0.0,16.211107303327555,0.0,45.0,11,0.18181818181818182,0.0,0.6030226891555273,0.0,2.0,11,0.45454545454545453,0.0,1.2135597524338357,0.0,4.0,6,0.0,0.0,0.0,0.0,0.0,11,24.1,18.8,16.27206194678474,0.0,46.4,11,32.23636363636364,0.0,71.73154498165047,0.0,180.0,11,22.40909090909091,18.7,17.308116855709898,0.0,46.4,11,14.818181818181818,15.1,9.627337968703308,0.0,27.3,69.3
2026-09-23T08:00,12,67.5,67.45,2.3832750575625963,64.4,71.4,12,11.583333333333334,0.0,18.007363813594466,0.0,46.0,11,10.272727272727273,0.0,18.740815932562324,0.0,46.0,11,0.18181818181818182,0.0,0.6030226891555273,0.0,2.0,11,0.45454545454545453,0.0,1.2135597524338357,0.0,4.0,6,0.0,0.0,0.0,0.0,0.0,11,173.02727272727273,179.0,35.89445892917431,126.4,236.8,11,534.3181818181818,570.0,299.206326197097,175.6,1066.1,11,90.60909090909091,99.3,25.26707163663627,50.6,125.3,11,60.01818181818182,64.2,21.246967698088977,30.6,89.7,49.7
2026-09-23T09:00,12,71.825,72.0,2.058739685076549,67.5,74.3,12,12.0,0.0,19.371957239079567,0.0,54.0,11,10.545454545454545,0.0,20.1611687972877,0.0,54.0,11,0.18181818181818182,0.0,0.6030226891555273,0.0,2.0,11,0.45454545454545453,0.0,1.2135597524338357,0.0,4.0,6,0.0,0.0,0.0,0.0,0.0,11,383.67272727272723,401.3,54.725589826133266,256.9,438.0,11,691.4545454545455,758.3,221.81059651710225,251.9,954.6,11,135.65454545454543,158.8,42.04917035177659,70.9,183.5,11,78.08181818181818,82.2,13.725656135997157,49.9,93.2,49.9
2026-09-23T10:00,12,75.75,76.1,2.966939040952346,69.7,79.1,12,7.916666666666667,0.0,12.695441797127126,0.0,40.0,11,6.636363636363637,0.0,13.116956409721938,0.0,40.0,11,0.18181818181818182,0.0,0.6030226891555273,0.0,2.0,11,0.5454545454545454,0.0,1.2933395813657265,0.0,4.0,6,0.0,0.0,0.0,0.0,0.0,10,581.24,592.65,35.91710208552776,493.9,624.7,10,805.3699999999999,800.2,136.5952093677601,542.9,996.9,10,147.48999999999998,171.1,47.29656905574065,77.9,201.6,10,87.52000000000001,89.30000000000001,6.749288028295203,72.8,96.2,63.0
2026-09-23T11:00,12,78.04166666666667,79.1,3.839852822305781,70.5,83.7,12,7.416666666666667,0.0,11.88167675137825,0.0,36.0,11,6.090909090909091,0.0,12.300036954859488,0.0,36.0,11,0.18181818181818182,0.0,0.6030226891555273,0.0,2.0,11,0.5454545454545454,0.0,1.2933395813657265,0.0,4.0,6,0.0,0.0,0.0,0.0,0.0,10,723.11,735.05,38.59175070170077,631.5,771.3,10,837.9200000000001,836.15,119.56540562479692,593.5,990.6,10,151.96999999999997,162.89999999999998,50.967485277925526,81.2,227.1,10,91.31,92.65,5.759909335706209,77.2,97.3,62.2
2026-09-23T12:00,12,79.375,80.6,4.188973621306297,71.3,85.8,12,7.0,1.5,10.962746835616436,0.0,35.0,11,5.7272727272727275,0.0,11.393778206467855,0.0,35.0,11,0.18181818181818182,0.0,0.6030226891555273,0.0,2.0,11,0.5454545454545454,0.0,1.2933395813657265,0.0,4.0,6,0.0,0.0,0.0,0.0,0.0,10,811.0699999999999,830.75,46.12088102656615,726.8,855.8,10,832.3,845.8,120.31814308555278,621.5,971.8,10,163.54000000000002,188.7,58.0300918106766,82.1,243.3,10,92.3,95.4,6.544038848023786,80.0,98.7,60.6
2026-09-23T13:00,12,80.14999999999999,80.8,4.358794662414247,72.5,86.5,12,7.166666666666667,2.0,10.55576820625777,0.0,35.0,11,6.090909090909091,0.0,11.166508366132588,0.0,35.0,11,0.18181818181818182,0.0,0.6030226891555273,0.0,2.0,11,0.5454545454545454,0.0,1.2933395813657265,0.0,4.0,6,0.0,0.0,0.0,0.0,0.0,10,834.2,841.6,34.212635742433626,763.8,874.2,10,821.5600000000001,851.85,112.31045464346684,633.4,948.3,10,159.6,155.05,64.20311518921804,81.3,243.8,10,92.37,94.80000000000001,5.811492445529332,81.5,98.8,62.9
2026-09-23T14:00,12,80.50833333333333,80.35,4.838568220480365,72.0,86.9,12,7.75,2.0,11.266402184451707,0.0,34.0,11,6.818181818181818,0.0,11.973455489692038,0.0,34.0,11,0.18181818181818182,0.0,0.6030226891555273,0.0,2.0,11,0.5454545454545454,0.0,1.2933395813657265,0.0,4.0,6,0.0,0.0,0.0,0.0,0.0,10,797.77,808.15,28.918661794765,735.4,822.7,10,800.8599999999999,794.05,86.94483819577155,632.4,911.2,10,150.62,158.7,52.35733632134724,80.4,224.5,10,92.53999999999999,93.2,5.132510756605064,82.0,98.8,64.1
2026-09-23T15:00,12,80.78333333333335,80.0,5.153962876596352,71.8,87.6,12,7.416666666666667,1.5,10.95825411885184,0.0,34.0,11,6.454545454545454,0.0,11.639275203926026,0.0,34.0,11,0.18181818181818182,0.0,0.6030226891555273,0.0,2.0,11,0.45454545454545453,0.0,1.2135597524338357,0.0,4.0,6,0.0,0.0,0.0,0.0,0.0,10,688.7,688.95,20.053096186541005,643.8,716.4,10,749.43,767.5999999999999,76.48426199770337,612.0,838.9,10,134.34,132.6,43.47968107825386,84.7,191.2,10,90.26,91.1,4.924586841102059,81.2,96.7,65.6
2026-09-23T16:00,12,80.51666666666667,80.45,5.545814692726459,70.8,88.1,12,7.5,1.0,11.429626574668292,0.0,35.0,11,6.454545454545454,0.0,12.102591758492364,0.0,35.0,11,0.09090909090909091,0.0,0.30151134457776363,0.0,1.0,11,0.45454545454545453,0.0,1.2135597524338357,0.0,4.0,6,0.0,0.0,0.0,0.0,0.0,10,525.5600000000001,528.3,25.25061935434015,469.1,552.8,10,663.3100000000002,664.35,53.97555928380918,562.3,727.0,10,113.88,115.0,31.019234176376575,74.8,153.6,10,84.35,84.9,3.3270774629461877,78.5,89.1,65.6
2026-09-23T17:00,12,79.825,80.6,5.722860854820455,69.4,87.1,12,10.0,3.0,15.46844294920233,0.0,48.0,11,9.0,0.0,16.419500601419035,0.0,48.0,11,0.09090909090909091,0.0,0.30151134457776363,0.0,1.0,11,0.45454545454545453,0.0,1.2135597524338357,0.0,4.0,6,0.0,0.0,0.0,0.0,0.0,10,318.46999999999997,327.15,36.72988640814937,219.8,350.1,10,488.43,512.0,102.5987009880946,264.4,601.6,10,94.27,105.15,25.64484136993031,55.1,119.4,10,72.26,73.85,7.890951217129091,52.5,79.6,55.7
2026-09-23T18:00,11,78.69090909090909,78.5,4.587473061600371,69.7,84.2,11,8.363636363636363,2.0,11.307278428275543,0.0,33.0,10,6.7,0.0,11.63376312482098,0.0,33.0,10,0.1,0.0,0.31622776601683794,0.0,1.0,10,0.5,0.0,1.2692955176439846,0.0,4.0,6,0.3333333333333333,0.0,0.5163977794943222,0.0,1.0,8,134.76250000000002,135.5,7.0835700240566775,120.1,145.6,8,308.84999999999997,290.5,51.369195883469736,267.3,401.4,8,52.6625,64.15,16.22008785426269,28.6,64.4,8,61.6875,60.85,2.013836069367542,59.6,65.3,71.5
2026-09-23T19:00,11,75.39999999999999,74.7,3.3902802244062276,68.2,79.6,11,11.727272727272727,1.0,15.944220953630246,0.0,41.0,10,10.0,0.0,16.539514973407037,0.0,41.0,10,0.2,0.0,0.6324555320336759,0.0,2.0,10,0.5,0.0,1.2692955176439846,0.0,4.0,6,0.3333333333333333,0.0,0.5163977794943222,0.0,1.0,8,0.0,0.0,0.0,0.0,0.0,8,0.0,0.0,0.0,0.0,0.0,8,0.0,0.0,0.0,0.0,0.0,8,35.6625,36.65,8.355483657027708,17.4,42.9,78.0
2026-09-23T20:00,11,73.14545454545454,73.4,2.500945275836176,67.7,76.7,11,13.909090909090908,1.0,20.23588172259635,0.0,58.0,10,11.9,0.0,20.946757903471998,0.0,58.0,10,0.2,0.0,0.6324555320336759,0.0,2.0,10,0.5,0.0,1.2692955176439846,0.0,4.0,6,0.3333333333333333,0.0,0.5163977794943222,0.0,1.0,8,0.0,0.0,0.0,0.0,0.0,8,0.0,0.0,0.0,0.0,0.0,8,0.0,0.0,0.0,0.0,0.0,8,0.0,0.0,0.0,0.0,0.0,77.7
2026-09-23T21:00,11,71.30000000000001,72.0,2.0159365069366615,66.8,73.7,11,14.454545454545455,1.0,21.96526183027936,0.0,62.0,10,12.0,0.0,22.38551118717442,0.0,62.0,10,0.2,0.0,0.6324555320336759,0.0,2.0,10,0.5,0.0,1.2692955176439846,0.0,4.0,6,0.3333333333333333,0.0,0.5163977794943222,0.0,1.0,8,0.0,0.0,0.0,0.0,0.0,8,0.0,0.0,0.0,0.0,0.0,8,0.0,0.0,0.0,0.0,0.0,8,0.0,0.0,0.0,0.0,0.0,78.0
2026-09-23T22:00,11,69.86363636363636,69.7,1.8337244761810492,66.0,72.5,11,15.909090909090908,3.0,21.84241078935448,0.0,59.0,10,13.0,0.0,22.100779272334364,0.0,59.0,10,0.1,0.0,0.31622776601683794,0.0,1.0,10,0.5,0.0,1.2692955176439846,0.0,4.0,6,0.3333333333333333,0.0,0.5163977794943222,0.0,1.0,8,0.0,0.0,0.0,0.0,0.0,8,0.0,0.0,0.0,0.0,0.0,8,0.0,0.0,0.0,0.0,0.0,8,0.0,0.0,0.0,0.0,0.0,78.7
2026-09-23T23:00,11,68.56363636363636,68.6,1.8741786079628189,65.7,72.3,11,15.727272727272727,4.0,21.1617150018183,0.0,56.0,10,12.5,1.5,20.849993338661342,0.0,56.0,10,0.1,0.0,0.31622776601683794,0.0,1.0,10,0.5,0.0,1.2692955176439846,0.0,4.0,6,0.3333333333333333,0.0,0.5163977794943222,0.0,1.0,8,0.0,0.0,0.0,0.0,0.0,8,0.0,0.0,0.0,0.0,0.0,8,0.0,0.0,0.0,0.0,0.0,8,0.0,0.0,0.0,0.0,0.0,79.0
2026-09-24T00:00,11,67.69090909090909,67.3,1.9786129209395908,65.8,72.3,11,17.0,7.0,24.40491753725056,0.0,77.0,10,13.7,3.5,24.476973305991535,0.0,77.0,10,0.1,0.0,0.31622776601683794,0.0,1.0,10,0.5,0.0,1.2692955176439846,0.0,4.0,6,0.0,0.0,0.0,0.0,0.0,8,0.0,0.0,0.0,0.0,0.0,8,0.0,0.0,0.0,0.0,0.0,8,0.0,0.0,0.0,0.0,0.0,8,0.0,0.0,0.0,0.0,0.0,76.4
2026-09-24T01:00,11,67.22727272727273,66.7,2.4503432041617756,64.6,72.3,11,12.181818181818182,4.0,15.164551967125055,0.0,41.0,10,8.7,0.0,12.428014948315582,0.0,33.0,10,0.1,0.0,0.31622776601683794,0.0,1.0,10,0.5,0.0,1.2692955176439846,0.0,4.0,6,0.0,0.0,0.0,0.0,0.0,8,0.0,0.0,0.0,0.0,0.0,8,0.0,0.0,0.0,0.0,0.0,8,0.0,0.0,0.0,0.0,0.0,8,0.0,0.0,0.0,0.0,0.0,81.5
2026-09-24T02:00,11,66.66363636363636,66.2,2.619264296428575,63.9,71.9,11,10.545454545454545,1.0,14.855057296177867,0.0,41.0,10,7.0,0.0,11.254628677422753,0.0,27.0,10,0.1,0.0,0.31622776601683794,0.0,1.0,10,0.4,0.0,1.2649110640673518,0.0,4.0,6,0.0,0.0,0.0,0.0,0.0,8,0.0,0.0,0.0,0.0,0.0,8,0.0,0.0,0.0,0.0,0.0,8,0.0,0.0,0.0,0.0,0.0,8,0.0,0.0,0.0,0.0,0.0,81.2
2026-09-24T03:00,11,66.01818181818182,64.7,2.7418308415429866,63.4,71.6,11,12.181818181818182,1.0,16.94590323245227,0.0,43.0,10,8.6,0.0,13.993649353268152,0.0,36.0,10,0.1,0.0,0.31622776601683794,0.0,1.0,10,0.4,0.0,1.2649110640673518,0.0,4.0,6,0.0,0.0,0.0,0.0,0.0,8,0.0,0.0,0.0,0.0,0.0,8,0.0,0.0,0.0,0.0,0.0,8,0.0,0.0,0.0,0.0,0.0,8,0.0,0.0,0.0,0.0,0.0,79.3
2026-09-24T04:00,11,65.51818181818182,64.5,2.6543617620129263,62.7,71.0,11,13.727272727272727,1.0,19.032030417645455,0.0,46.0,10,10.3,0.0,16.885562537926365,0.0,44.0,10,0.0,0.0,0.0,0.0,0.0,10,0.4,0.0,1.2649110640673518,0.0,4.0,6,0.0,0.0,0.0,0.0,0.0,8,0.0,0.0,0.0,0.0,0.0,8,0.0,0.0,0.0,0.0,0.0,8,0.0,0.0,0.0,0.0,0.0,8,0.0,0.0,0.0,0.0,0.0,78.1
2026-09-24T05:00,11,65.38181818181819,64.8,2.671635522229103,62.2,70.7,11,14.727272727272727,0.0,20.499223932095134,0.0,49.0,10,11.4,0.0,18.898559615895483,0.0,47.0,10,0.0,0.0,0.0,0.0,0.0,10,0.4,0.0,1.2649110640673518,0.0,4.0,6,0.0,0.0,0.0,0.0,0.0,8,0.0,0.0,0.0,0.0,0.0,8,0.0,0.0,0.0,0.0,0.0,8,0.0,0.0,0.0,0.0,0.0,8,0.0,0.0,0.0,0.0,0.0,77.0
2026-09-24T06:00,10,65.59,65.85,2.926678056166152,62.0,70.3,10,12.4,2.0,18.42823919966311,0.0,48.0,9,8.0,0.0,16.64331697709324,0.0,46.0,9,0.0,0.0,0.0,0.0,0.0,9,0.4444444444444444,0.0,1.3333333333333333,0.0,4.0,6,0.0,0.0,0.0,0.0,0.0,7,0.0,0.0,0.0,0.0,0.0,7,0.0,0.0,0.0,0.0,0.0,7,0.0,0.0,0.0,0.0,0.0,7,0.0,0.0,0.0,0.0,0.0,77.7
2026-09-24T07:00,10,66.15,66.65,3.111359117099081,62.3,70.1,10,11.9,2.0,16.189502771858066,0.0,43.0,9,7.0,0.0,14.849242404917497,0.0,42.0,9,0.0,0.0,0.0,0.0,0.0,9,0.5555555555555556,0.0,1.3333333333333335,0.0,4.0,6,0.0,0.0,0.0,0.0,0.0,7,32.97142857142857,29.2,14.228459073949209,19.3,49.0,7,53.55714285714286,0.0,91.48318346637734,0.0,190.5,7,30.185714285714283,29.2,17.662807305317067,9.7,49.0,7,21.685714285714287,21.9,6.633608513076568,11.2,29.1,67.6
2026-09-24T08:00,10,68.69999999999999,69.35,2.4326483054025307,63.8,71.4,10,10.6,2.0,13.961852790132596,0.0,36.0,9,5.666666666666667,0.0,12.206555615733702,0.0,35.0,9,0.0,0.0,0.0,0.0,0.0,9,0.5555555555555556,0.0,1.3333333333333335,0.0,4.0,6,0.0,0.0,0.0,0.0,0.0,7,183.54285714285714,174.4,23.114847835886568,159.3,228.2,7,582.3857142857144,525.4,159.68982882003294,331.3,780.4,7,95.08571428571429,109.1,27.461574886340642,55.9,122.8,7,67.25714285714285,66.4,8.48525331439927,54.0,79.3,63.2
2026-09-24T09:00,10,72.86,73.35,1.8774687451163814,68.2,74.6,10,8.1,2.0,10.857153299911435,0.0,28.0,9,4.111111111111111,0.0,9.439868172337532,0.0,28.0,9,0.0,0.0,0.0,0.0,0.0,9,0.5555555555555556,0.0,1.3333333333333335,0.0,4.0,6,0.0,0.0,0.0,0.0,0.0,7,367.40000000000003,358.7,28.191369837830393,318.1,402.0,7,655.5571428571428,654.7,167.52755850051318,424.2,899.7,7,133.9,159.8,39.99991666657985,73.5,167.1,7,75.65714285714286,74.7,8.241734676400991,63.1,89.9,65.7
2026-09-24T10:00,10,76.75999999999999,76.75,2.4613456121037185,73.3,80.3,10,5.4,1.5,7.904991390816874,0.0,21.0,9,2.7777777777777777,0.0,6.960204339273701,0.0,21.0,9,0.0,0.0,0.0,0.0,0.0,9,0.6666666666666666,0.0,1.414213562373095,0.0,4.0,6,0.0,0.0,0.0,0.0,0.0,7,572.4,575.8,57.19224889207747,480.4,638.7,7,787.3571428571429,885.5,159.63414272582642,516.4,947.5,7,150.54285714285714,164.8,46.3863793637334,80.3,203.9,7,85.60000000000001,84.7,8.479976415061538,70.9,94.8,62.8
2026-09-24T11:00,10,79.05000000000001,78.8,3.0758016118656877,74.7,83.2,10,4.0,0.0,6.0553007081949835,0.0,16.0,9,2.5555555555555554,0.0,5.547772325697745,0.0,16.0,9,0.0,0.0,0.0,0.0,0.0,9,0.6666666666666666,0.0,1.414213562373095,0.0,4.0,6,0.0,0.0,0.0,0.0,0.0,7,677.6714285714286,668.4,40.279180490079234,615.3,734.5,7,737.5857142857142,691.0,146.59612805904786,566.2,959.2,7,177.1142857142857,206.6,60.796639944748826,83.4,231.3,7,84.47142857142856,83.4,6.050541101343551,75.3,93.2,65.8
2026-09-24T12:00,10,80.46000000000001,80.25,3.6709671750098742,75.3,85.0,10,5.0,0.0,8.069145624606803,0.0,24.0,9,4.0,0.0,8.48528137423857,0.0,24.0,9,0.0,0.0,0.0,0.0,0.0,9,0.6666666666666666,0.0,1.414213562373095,0.0,4.0,6,0.0,0.0,0.0,0.0,0.0,7,802.7428571428572,810.1,59.143944664489446,710.1,871.3,7,821.9142857142858,896.1,132.9817835716786,596.7,951.4,7,166.1142857142857,177.6,60.569035779332786,84.2,248.1,7,90.92857142857143,92.1,7.3597360201106605,78.2,98.4,61.3
2026-09-24T13:00,10,81.08000000000001,81.0,4.081339649347178,75.5,87.1,10,4.9,1.5,7.622335600063802,0.0,24.0,9,3.6666666666666665,0.0,8.18535277187245,0.0,24.0,9,0.3333333333333333,0.0,0.9999999999999999,0.0,3.0,9,0.6666666666666666,0.0,1.414213562373095,0.0,4.0,6,0.0,0.0,0.0,0.0,0.0,7,829.9285714285716,823.0,58.67781279398299,748.6,904.1,7,811.6999999999998,864.7,119.10099355868809,612.9,930.4,7,166.48571428571427,177.4,59.38033986013184,83.3,247.7,7,91.97142857142856,94.8,6.971062636765951,80.0,98.6,61.7
2026-09-24T14:00,10,81.1,80.4,4.640881142388558,75.4,88.2,10,6.9,2.0,10.1920448280891,0.0,29.0,9,3.0,0.0,7.035623639735144,0.0,21.0,9,3.2222222222222223,0.0,9.666666666666666,0.0,29.0,9,0.6666666666666666,0.0,1.414213562373095,0.0,4.0,6,0.0,0.0,0.0,0.0,0.0,7,755.2571428571429,762.3,26.375042315470413,718.6,787.6,7,720.1714285714286,690.2,86.34552129450051,614.7,848.2,7,176.31428571428572,207.5,50.46277269999569,105.6,227.5,7,87.95714285714287,86.1,5.941059709865781,80.8,97.2,65.9
2026-09-24T15:00,10,81.42999999999999,80.95,4.619776329361981,75.2,88.2,10,4.4,0.0,8.435375246872871,0.0,27.0,9,3.4444444444444446,0.0,8.931840671316175,0.0,27.0,9,0.0,0.0,0.0,0.0,0.0,9,0.5555555555555556,0.0,1.3333333333333335,0.0,4.0,6,0.0,0.0,0.0,0.0,0.0,7,663.9142857142858,665.6,20.028931455224832,634.1,689.1,7,704.2857142857144,685.0,71.79453155989505,601.3,819.2,7,146.14285714285717,173.3,42.88278042691328,86.5,192.1,7,87.42857142857143,86.5,4.657865850978784,80.4,93.7,69.6
2026-09-24T16:00,10,80.85,80.55000000000001,4.47219806756762,74.8,87.1,10,4.5,0.0,9.348202441586771,0.0,30.0,9,3.4444444444444446,0.0,9.60613230065971,0.0,29.0,9,0.1111111111111111,0.0,0.3333333333333333,0.0,1.0,9,0.5555555555555556,0.0,1.3333333333333335,0.0,4.0,6,0.0,0.0,0.0,0.0,0.0,7,517.6714285714286,521.5,17.734778852649434,494.9,537.1,7,647.4571428571428,645.2,55.676232425900125,554.2,727.3,7,118.97142857142858,139.7,32.363854029133286,78.2,153.6,7,83.10000000000001,84.0,2.4159194247049443,77.9,84.7,71.3
2026-09-24T17:00,10,79.64999999999999,79.1,4.105619455223675,74.1,84.9,10,5.0,1.0,7.211102550927977,0.0,19.0,9,2.2222222222222223,0.0,6.300352723811933,0.0,19.0,9,1.8888888888888888,0.0,5.301991240195623,0.0,16.0,9,0.5555555555555556,0.0,1.3333333333333335,0.0,4.0,6,0.0,0.0,0.0,0.0,0.0,7,319.9857142857143,318.7,12.495523007785417,308.3,342.6,7,499.54285714285714,514.2,69.62180829651145,423.4,587.1,7,93.22857142857144,110.5,27.94803000127881,58.1,117.6,7,73.18571428571428,71.8,3.308790600520875,69.6,77.0,73.3
2026-09-24T18:00,10,77.75999999999999,76.6,3.7217677997902467,73.0,82.3,10,3.7,0.5,6.684143758012524,0.0,20.0,9,2.3333333333333335,0.0,6.6332495807108,0.0,20.0,9,0.1111111111111111,0.0,0.3333333333333333,0.0,1.0,9,0.5555555555555556,0.0,1.3333333333333335,0.0,4.0,6,0.0,0.0,0.0,0.0,0.0,7,119.91428571428573,125.0,16.67017582105126,100.6,144.3,7,267.87142857142857,269.9,91.37623167041696,148.7,383.2,7,50.14285714285715,61.8,15.487398871648002,28.3,63.0,7,57.48571428571428,59.3,6.888015817691034,48.0,66.1,72.1
2026-09-24T19:00,10,74.49000000000001,73.8,3.154696674977028,69.7,79.5,10,6.5,0.0,14.462595433277757,0.0,46.0,9,5.444444444444445,0.0,15.240661986205776,0.0,46.0,9,0.2222222222222222,0.0,0.6666666666666666,0.0,2.0,9,0.5555555555555556,0.0,1.3333333333333335,0.0,4.0,6,0.0,0.0,0.0,0.0,0.0,7,0.0,0.0,0.0,0.0,0.0,7,0.0,0.0,0.0,0.0,0.0,7,0.0,0.0,0.0,0.0,0.0,7,37.15714285714286,36.5,6.758662871420933,26.2,44.2,79.8
2026-09-24T20:00,10,72.39,72.1,2.6417376436311355,68.2,76.7,10,6.6,2.0,11.577756451249286,0.0,36.0,9,4.555555555555555,0.0,11.907047399661167,0.0,36.0,9,0.2222222222222222,0.0,0.6666666666666666,0.0,2.0,9,1.0,0.0,1.9999999999999998,0.0,5.0,6,0.0,0.0,0.0,0.0,0.0,7,0.0,0.0,0.0,0.0,0.0,7,0.0,0.0,0.0,0.0,0.0,7,0.0,0.0,0.0,0.0,0.0,7,0.0,0.0,0.0,0.0,0.0,83.5
2026-09-24T21:00,10,70.89999999999999,70.75,2.353720459187965,67.1,73.9,10,16.0,2.5,29.80305726300948,0.0,95.0,9,14.666666666666666,0.0,31.697791721190924,0.0,95.0,9,0.2222222222222222,0.0,0.6666666666666666,0.0,2.0,9,0.4444444444444444,0.0,1.3333333333333333,0.0,4.0,6,0.0,0.0,0.0,0.0,0.0,7,0.0,0.0,0.0,0.0,0.0,7,0.0,0.0,0.0,0.0,0.0,7,0.0,0.0,0.0,0.0,0.0,7,0.0,0.0,0.0,0.0,0.0,71.4
2026-09-24T22:00,10,69.66,70.0,1.913809464567115,66.7,72.5,10,22.0,5.0,34.44480286551869,0.0,97.0,9,19.555555555555557,0.0,36.993618068226006,0.0,97.0,9,0.3333333333333333,0.0,1.0,0.0,3.0,9,1.0,0.0,1.9999999999999998,0.0,5.0,6,0.0,0.0,0.0,0.0,0.0,7,0.0,0.0,0.0,0.0,0.0,7,0.0,0.0,0.0,0.0,0.0,7,0.0,0.0,0.0,0.0,0.0,7,0.0,0.0,0.0,0.0,0.0,69.4
2026-09-24T23:00,10,68.52000000000001,68.5,1.8558017135459266,65.8,72.1,10,19.8,5.5,30.414908624992886,0.0,95.0,9,16.444444444444443,0.0,31.992620676927636,0.0,95.0,9,0.3333333333333333,0.0,1.0,0.0,3.0,9,1.0,0.0,1.9999999999999998,0.0,5.0,6,0.0,0.0,0.0,0.0,0.0,7,0.0,0.0,0.0,0.0,0.0,7,0.0,0.0,0.0,0.0,0.0,7,0.0,0.0,0.0,0.0,0.0,7,0.0,0.0,0.0,0.0,0.0,72.5
2026-09-25T00:00,10,67.78,67.19999999999999,1.9814697126684089,65.5,71.8,10,19.0,11.5,27.30486322169653,0.0,87.0,9,14.0,0.0,29.141894241795608,0.0,90.0,9,0.3333333333333333,0.0,1.0,0.0,3.0,9,2.4444444444444446,0.0,5.981452814975453,0.0,18.0,6,0.0,0.0,0.0,0.0,0.0,7,0.0,0.0,0.0,0.0,0.0,7,0.0,0.0,0.0,0.0,0.0,7,0.0,0.0,0.0,0.0,0.0,7,0.0,0.0,0.0,0.0,0.0,74.3
2026-09-25T01:00,10,67.27000000000001,66.65,2.0352722995543684,64.7,71.2,10,15.5,5.0,21.900025367818895,0.0,63.0,9,11.777777777777779,0.0,22.459840703897356,0.0,68.0,9,0.4444444444444444,0.0,1.3333333333333333,0.0,4.0,9,1.0,0.0,1.9999999999999998,0.0,5.0,6,0.0,0.0,0.0,0.0,0.0,7,0.0,0.0,0.0,0.0,0.0,7,0.0,0.0,0.0,0.0,0.0,7,0.0,0.0,0.0,0.0,0.0,7,0.0,0.0,0.0,0.0,0.0,78.0
2026-09-25T02:00,10,66.72999999999999,65.85,2.296881944433949,63.9,70.9,10,15.4,4.5,19.43193248238579,0.0,48.0,9,10.88888888888889,0.0,17.29482902809713,0.0,48.0,9,0.4444444444444444,0.0,1.3333333333333333,0.0,4.0,9,1.0,0.0,1.9999999999999998,0.0,5.0,6,0.0,0.0,0.0,0.0,0.0,7,0.0,0.0,0.0,0.0,0.0,7,0.0,0.0,0.0,0.0,0.0,7,0.0,0.0,0.0,0.0,0.0,7,0.0,0.0,0.0,0.0,0.0,78.9
2026-09-25T03:00,10,66.23,65.5,2.544296453726343,62.7,70.9,10,24.3,21.0,20.45075385733576,0.0,54.0,9,11.666666666666666,1.0,14.491376746189438,0.0,32.0,9,0.3333333333333333,0.0,1.0,0.0,3.0,9,5.111111111111111,0.0,13.896442390450554,0.0,42.0,6,0.0,0.0,0.0,0.0,0.0,7,0.0,0.0,0.0,0.0,0.0,7,0.0,0.0,0.0,0.0,0.0,7,0.0,0.0,0.0,0.0,0.0,7,0.0,0.0,0.0,0.0,0.0,77.4
2026-09-25T04:00,10,65.8,65.6,2.7333333333333396,61.4,70.7,10,30.8,27.0,26.28391988354181,0.0,70.0,9,12.222222222222221,1.0,15.650701084757973,0.0,38.0,9,0.2222222222222222,0.0,0.6666666666666666,0.0,2.0,9,7.555555555555555,0.0,20.833333333333336,0.0,63.0,6,0.0,0.0,0.0,0.0,0.0,7,0.0,0.0,0.0,0.0,0.0,7,0.0,0.0,0.0,0.0,0.0,7,0.0,0.0,0.0,0.0,0.0,7,0.0,0.0,0.0,0.0,0.0,72.7
2026-09-25T05:00,10,65.9,65.85,2.6436506745197788,61.4,70.7,10,36.3,34.5,35.19485442188642,0.0,100.0,9,13.555555555555555,0.0,18.54124531356451,0.0,41.0,9,0.1111111111111111,0.0,0.3333333333333333,0.0,1.0,9,11.777777777777779,0.0,33.11260250183371,0.0,100.0,6,0.0,0.0,0.0,0.0,0.0,7,0.0,0.0,0.0,0.0,0.0,7,0.0,0.0,0.0,0.0,0.0,7,0.0,0.0,0.0,0.0,0.0,7,0.0,0.0,0.0,0.0,0.0,66.7
2026-09-25T06:00,9,66.72222222222223,66.6,2.3450894320781113,63.1,70.7,9,40.888888888888886,35.0,36.6006982325626,0.0,100.0,8,17.0,14.0,18.415831698374557,0.0,39.0,8,0.125,0.0,0.3535533905932738,0.0,1.0,8,14.75,1.0,34.68943849152279,0.0,100.0,6,0.0,0.0,0.0,0.0,0.0,6,0.0,0.0,0.0,0.0,0.0,6,0.0,0.0,0.0,0.0,0.0,6,0.0,0.0,0.0,0.0,0.0,6,0.0,0.0,0.0,0.0,0.0,67.7
2026-09-25T07:00,9,67.71111111111111,68.2,2.2407835931011153,63.6,70.9,9,40.55555555555556,30.0,37.61353184397575,0.0,100.0,8,20.125,11.5,26.243026284547074,0.0,74.0,8,0.0,0.0,0.0,0.0,0.0,8,16.375,2.0,34.42564451103276,0.0,100.0,6,0.0,0.0,0.0,0.0,0.0,6,14.9,15.4,14.59246380841837,0.0,38.0,6,0.0,0.0,0.0,0.0,0.0,6,14.9,15.4,14.59246380841837,0.0,38.0,6,8.166666666666666,8.3,8.04951344285272,0.0,19.7,66.0
2026-09-25T08:00,9,69.39999999999999,70.3,2.3542514733987154,65.2,71.9,9,39.333333333333336,27.0,37.686204372422544,0.0,100.0,8,20.25,8.5,31.958678678211072,0.0,94.0,8,0.0,0.0,0.0,0.0,0.0,8,18.125,3.5,34.37373374291148,0.0,100.0,6,0.0,0.0,0.0,0.0,0.0,5,164.12,153.6,44.507381410278455,109.1,231.4,6,415.68333333333334,364.4,280.3914365073703,0.0,757.8,6,168.4333333333333,102.05,195.97589307531337,56.3,564.9,6,55.98333333333333,53.349999999999994,20.497552699448452,27.3,80.1,36.5
2026-09-25T09:00,9,72.16666666666667,72.9,2.2599778759979086,68.2,74.9,9,31.77777777777778,19.0,30.654435966829407,0.0,84.0,8,15.0,5.0,25.472674434718137,0.0,75.0,8,0.0,0.0,0.0,0.0,0.0,8,15.125,5.5,25.726237301911947,0.0,76.0,6,0.0,0.0,0.0,0.0,0.0,5,369.64,378.1,38.118997888192176,310.9,408.9,6,581.1833333333333,686.55,330.08699711843644,0.0,912.4,6,314.59999999999997,139.0,470.82825743576603,72.4,1272.9,6,68.78333333333333,74.94999999999999,22.690210811419686,27.3,92.0,40.7
2026-09-25T10:00,9,75.35555555555555,75.8,2.4759397766863778,70.6,77.9,9,17.11111111111111,12.0,14.886608448908405,0.0,41.0,8,7.75,2.0,13.024701806293193,0.0,38.0,8,0.625,0.0,1.7677669529663687,0.0,5.0,8,7.0,6.5,7.230886134196436,0.0,19.0,6,0.0,0.0,0.0,0.0,0.0,5,545.24,563.7,44.87959447232119,474.9,585.0,6,635.9,722.4,349.2276678615255,0.0,944.6,6,420.45000000000005,159.7,692.6866816967106,81.4,1830.9,6,74.14999999999999,84.35,24.186339119428556,27.3,94.2,50.4
2026-09-25T11:00,9,77.95555555555558,79.5,3.0410159121217655,73.2,81.6,9,12.777777777777779,13.0,11.670237548758143,0.0,36.0,8,2.25,0.0,3.654742515847438,0.0,9.0,8,0.0,0.0,0.0,0.0,0.0,8,8.625,9.0,8.634441002668988,0.0,22.0,6,0.0,0.0,0.0,0.0,0.0,5,680.5799999999999,685.3,45.39258750060418,613.3,730.2,6,650.9833333333333,737.05,347.9015229438737,0.0,952.7,6,500.9666666666667,175.55,854.6865710110736,86.7,2241.8,6,77.39999999999999,86.65,25.517915275351157,27.3,95.2,50.9
2026-09-25T12:00,9,79.64444444444445,81.2,3.3317079370463714,75.2,83.8,9,24.0,8.0,32.60751447136074,0.0,100.0,8,1.375,0.0,2.669269563007828,0.0,7.0,8,0.0,0.0,0.0,0.0,0.0,8,24.25,12.5,34.24595909425978,0.0,100.0,6,0.0,0.0,0.0,0.0,0.0,5,761.1600000000001,764.7,35.39495726794988,712.2,809.0,6,615.6166666666667,675.3,322.8858461850979,0.0,923.1,6,550.7166666666667,232.05,882.2662827438588,97.7,2347.5,6,77.36666666666666,86.65,25.019965361020517,27.3,92.5,36.4
2026-09-25T13:00,9,80.85555555555557,81.6,3.610786310179238,75.6,85.2,9,23.77777777777778,12.0,28.455130371243158,0.0,83.0,8,2.0,0.0,4.898979485566357,0.0,14.0,8,0.0,0.0,0.0,0.0,0.0,8,24.5,15.5,29.847230070094323,0.0,82.0,6,0.0,0.0,0.0,0.0,0.0,5,798.3199999999999,792.6,32.4982614919629,751.4,834.7,6,647.3166666666666,744.75,333.4175965162407,0.0,893.9,6,538.5333333333334,185.1,913.5824618865375,107.3,2399.8,6,79.91666666666667,88.85,26.53740127945211,27.3,98.1,38.9
2026-09-25T14:00,9,81.30000000000001,81.6,3.955692101263698,75.7,86.2,9,31.22222222222222,16.0,40.08359320775077,0.0,100.0,8,2.25,0.0,5.970163912561961,0.0,17.0,8,0.0,0.0,0.0,0.0,0.0,8,33.5,19.0,42.530661208793155,0.0,100.0,6,0.0,0.0,0.0,0.0,0.0,5,754.3,757.6,22.338867473531337,722.2,779.3,6,611.85,719.7,307.6270452999866,0.0,805.1,6,518.2666666666665,174.9,861.1342349870121,124.9,2274.2,6,78.81666666666666,87.8,25.74400253780804,27.3,96.1,34.5
2026-09-25T15:00,9,81.2,80.9,4.416729559300628,75.7,87.6,9,31.22222222222222,24.0,33.70748350803489,3.0,100.0,8,2.25,0.0,4.862392121462145,0.0,14.0,8,0.0,0.0,0.0,0.0,0.0,8,33.375,24.5,35.72489128244979,0.0,100.0,6,0.0,0.0,0.0,0.0,0.0,5,650.28,649.4,14.352943948890774,630.8,666.6,6,561.5333333333334,680.6500000000001,277.54409859816275,0.0,707.8,6,474.45,162.8,775.5739339353793,131.9,2057.0,6,76.10000000000001,85.55,24.111905772874945,27.3,90.2,35.1
2026-09-25T16:00,9,80.57777777777778,79.6,4.820471392347894,75.5,88.5,9,30.11111111111111,27.0,31.473975139964626,3.0,100.0,8,1.75,0.0,3.284161123592186,0.0,8.0,8,0.0,0.0,0.0,0.0,0.0,8,31.625,26.5,33.78054173633099,0.0,100.0,6,0.0,0.0,0.0,0.0,0.0,5,498.34,496.2,16.15636097640804,481.9,525.2,6,498.45,594.5,245.52381350899543,0.0,633.0,6,377.6666666666667,137.39999999999998,599.5417672411712,116.8,1601.2,6,71.7,79.69999999999999,21.844541652321297,27.3,83.9,35.7
2026-09-25T17:00,9,79.4111111111111,77.5,4.956925570463119,74.8,88.1,9,28.0,10.0,32.4037034920393,0.0,88.0,8,1.5,0.0,3.2071349029490928,0.0,9.0,8,0.0,0.0,0.0,0.0,0.0,8,28.875,16.5,34.71696785640787,0.0,86.0,6,0.0,0.0,0.0,0.0,0.0,5,316.46,318.7,20.31423146466535,289.1,345.5,6,412.75,486.45000000000005,205.13914058511605,0.0,530.1,6,250.0666666666667,98.1,382.0575960070244,78.6,1029.4,6,65.73333333333333,71.45,19.17432310843506,27.3,78.4,38.0
2026-09-25T18:00,9,77.67777777777778,76.9,4.488813255688459,73.6,85.6,9,30.333333333333332,28.0,31.15284898689043,0.0,100.0,8,1.875,0.0,4.911720676097125,0.0,14.0,8,0.0,0.0,0.0,0.0,0.0,8,31.875,29.0,34.177843700268745,0.0,100.0,6,0.0,0.0,0.0,0.0,0.0,5,122.62,125.1,17.4329286122556,98.6,144.1,6,240.33333333333334,279.79999999999995,128.23588681280552,0.0,355.0,6,98.63333333333333,53.75,122.13786745586589,34.0,346.9,6,54.96666666666667,57.6,15.05571873630305,27.3,67.6,48.5
2026-09-25T19:00,9,75.34444444444443,73.0,3.9271844593522447,72.0,81.9,9,21.77777777777778,18.0,21.781745670272723,0.0,72.0,8,2.375,0.0,6.7175144212722016,0.0,19.0,8,0.0,0.0,0.0,0.0,0.0,8,22.375,17.5,24.38346922463191,0.0,71.0,6,0.0,0.0,0.0,0.0,0.0,6,0.0,0.0,0.0,0.0,0.0,6,0.0,0.0,0.0,0.0,0.0,6,0.0,0.0,0.0,0.0,0.0,6,37.98333333333333,38.05,6.532202283048702,27.8,46.7,72.2
2026-09-25T20:00,9,73.23333333333333,72.0,3.6626493143624916,68.7,78.9,9,24.666666666666668,19.0,31.240998703626616,0.0,100.0,8,3.0,0.0,8.48528137423857,0.0,24.0,8,0.0,0.0,0.0,0.0,0.0,8,24.25,11.5,34.29598060581277,0.0,100.0,6,0.0,0.0,0.0,0.0,0.0,6,0.0,0.0,0.0,0.0,0.0,6,0.0,0.0,0.0,0.0,0.0,6,0.0,0.0,0.0,0.0,0.0,6,0.0,0.0,0.0,0.0,0.0,66.2
2026-09-25T21:00,9,71.63333333333334,71.2,3.279862802008647,66.5,75.7,9,27.333333333333332,19.0,27.358728040608902,0.0,91.0,8,5.625,0.0,10.979689040613646,0.0,29.0,8,0.0,0.0,0.0,0.0,0.0,8,24.125,14.5,31.311510891135775,0.0,91.0,6,0.0,0.0,0.0,0.0,0.0,6,0.0,0.0,0.0,0.0,0.0,6,0.0,0.0,0.0,0.0,0.0,6,0.0,0.0,0.0,0.0,0.0,6,0.0,0.0,0.0,0.0,0.0,70.2
2026-09-25T22:00,9,70.3777777777778,70.5,2.9638563467962555,65.2,74.3,9,31.88888888888889,35.0,26.42652287212813,0.0,68.0,8,9.75,0.0,24.099496141739444,0.0,69.0,8,0.0,0.0,0.0,0.0,0.0,8,22.75,16.5,25.5049014897137,0.0,66.0,6,0.0,0.0,0.0,0.0,0.0,6,0.0,0.0,0.0,0.0,0.0,6,0.0,0.0,0.0,0.0,0.0,6,0.0,0.0,0.0,0.0,0.0,6,0.0,0.0,0.0,0.0,0.0,71.9
2026-09-25T23:00,9,69.3111111111111,70.0,2.8175541008312655,64.2,73.7,9,45.55555555555556,51.0,36.871774811877145,0.0,100.0,8,12.5,0.0,34.150925526048546,0.0,97.0,8,0.0,0.0,0.0,0.0,0.0,8,34.25,39.0,33.67385590378048,0.0,94.0,6,0.0,0.0,0.0,0.0,0.0,6,0.0,0.0,0.0,0.0,0.0,6,0.0,0.0,0.0,0.0,0.0,6,0.0,0.0,0.0,0.0,0.0,6,0.0,0.0,0.0,0.0,0.0,66.2
2026-09-26T00:00,9,68.38888888888889,68.8,2.7633514273633617,63.4,73.2,9,51.333333333333336,55.0,34.249087579087416,0.0,100.0,8,15.875,2.5,34.39866068821368,0.0,100.0,8,0.0,0.0,0.0,0.0,0.0,8,40.25,38.0,33.00108223333636,0.0,100.0,6,0.0,0.0,0.0,0.0,0.0,6,0.0,0.0,0.0,0.0,0.0,6,0.0,0.0,0.0,0.0,0.0,6,0.0,0.0,0.0,0.0,0.0,6,0.0,0.0,0.0,0.0,0.0,66.9
2026-09-26T01:00,9,67.63333333333333,67.1,2.7708302004994834,62.9,72.7,9,50.44444444444444,53.0,31.213423038458597,0.0,100.0,8,18.75,4.5,32.97076627213005,0.0,96.0,8,0.0,0.0,0.0,0.0,0.0,8,38.375,38.5,28.759780944923765,0.0,82.0,6,0.0,0.0,0.0,0.0,0.0,6,0.0,0.0,0.0,0.0,0.0,6,0.0,0.0,0.0,0.0,0.0,6,0.0,0.0,0.0,0.0,0.0,6,0.0,0.0,0.0,0.0,0.0,69.0
2026-09-26T02:00,9,67.0111111111111,66.0,2.9148089321791057,62.4,72.5,9,58.0,52.0,35.25265947414464,0.0,98.0,8,22.0,7.0,32.59710767186912,0.0,92.0,8,0.0,0.0,0.0,0.0,0.0,8,46.625,43.5,36.58624839237513,0.0,98.0,6,0.0,0.0,0.0,0.0,0.0,6,0.0,0.0,0.0,0.0,0.0,6,0.0,0.0,0.0,0.0,0.0,6,0.0,0.0,0.0,0.0,0.0,6,0.0,0.0,0.0,0.0,0.0,65.9
2026-09-26T03:00,9,66.47777777777779,65.6,3.089408429528933,61.5,72.3,9,63.666666666666664,74.0,34.34748899119119,7.0,100.0,8,23.0,9.0,32.780656316971886,0.0,94.0,8,0.0,0.0,0.0,0.0,0.0,8,51.0,54.5,39.078675222464454,0.0,100.0,6,0.0,0.0,0.0,0.0,0.0,6,0.0,0.0,0.0,0.0,0.0,6,0.0,0.0,0.0,0.0,0.0,6,0.0,0.0,0.0,0.0,0.0,6,0.0,0.0,0.0,0.0,0.0,65.8
2026-09-26T04:00,9,66.15555555555557,65.5,3.139311672608787,60.7,71.9,9,63.44444444444444,59.0,32.404132109621116,17.0,100.0,8,23.625,10.5,34.02073947294083,0.0,98.0,8,0.0,0.0,0.0,0.0,0.0,8,48.125,45.5,39.04004354505768,0.0,100.0,6,0.0,0.0,0.0,0.0,0.0,6,0.0,0.0,0.0,0.0,0.0,6,0.0,0.0,0.0,0.0,0.0,6,0.0,0.0,0.0,0.0,0.0,6,0.0,0.0,0.0,0.0,0.0,67.0
2026-09-26T05:00,9,66.22222222222223,65.9,3.0982970232765634,60.7,71.9,9,62.0,60.0,33.21144381083123,24.0,100.0,8,23.375,10.5,34.82584221112658,0.0,100.0,8,0.0,0.0,0.0,0.0,0.0,8,44.625,39.5,40.924800374764025,0.0,100.0,6,0.0,0.0,0.0,0.0,0.0,6,0.0,0.0,0.0,0.0,0.0,6,0.0,0.0,0.0,0.0,0.0,6,0.0,0.0,0.0,0.0,0.0,6,0.0,0.0,0.0,0.0,0.0,66.6
2026-09-26T06:00,9,66.76666666666667,67.0,2.8583211855912913,61.9,71.8,9,59.22222222222222,56.0,34.884730820868384,19.0,100.0,8,22.0,7.0,34.73573705237055,0.0,100.0,8,0.0,0.0,0.0,0.0,0.0,8,42.625,34.5,41.21004558530429,0.0,100.0,6,0.0,0.0,0.0,0.0,0.0,6,0.0,0.0,0.0,0.0,0.0,6,0.0,0.0,0.0,0.0,0.0,6,0.0,0.0,0.0,0.0,0.0,6,0.0,0.0,0.0,0.0,0.0,66.2
2026-09-26T07:00,9,67.78888888888889,68.7,2.840089982925034,63.9,71.9,9,51.333333333333336,48.0,33.12853754695489,12.0,100.0,8,19.75,3.5,34.58633090852925,0.0,100.0,8,0.0,0.0,0.0,0.0,0.0,8,35.375,29.0,35.14840984007263,0.0,91.0,6,0.0,0.0,0.0,0.0,0.0,6,14.016666666666666,10.95,15.238427302929484,0.0,40.2,6,0.0,0.0,0.0,0.0,0.0,6,14.016666666666666,10.95,15.238427302929484,0.0,40.2,6,8.033333333333333,5.85,8.74314969943136,0.0,22.2,65.3
2026-09-26T08:00,9,69.74444444444445,70.7,3.136921704119783,65.1,74.1,9,46.44444444444444,41.0,35.57777083767022,4.0,100.0,8,16.0,0.0,31.627293818563015,0.0,91.0,8,0.0,0.0,0.0,0.0,0.0,8,31.625,22.0,34.25091239660631,0.0,87.0,6,0.0,0.0,0.0,0.0,0.0,6,177.8166666666667,169.2,38.112434541323466,135.8,224.5,6,553.4666666666667,638.1,191.25916100063455,229.8,705.4,6,95.55,92.25,23.38552971390642,63.5,121.6,6,64.08333333333333,65.0,14.607178600491833,39.7,78.8,40.8
2026-09-26T09:00,9,72.96666666666667,72.2,2.944061820003108,68.2,77.2,9,43.333333333333336,36.0,28.12027738127773,4.0,84.0,8,10.625,0.0,21.843191158802785,0.0,63.0,8,0.0,0.0,0.0,0.0,0.0,8,34.75,35.0,31.806333601074755,0.0,84.0,6,0.0,0.0,0.0,0.0,0.0,5,365.1,380.0,39.41053158738156,298.7,396.8,6,568.0833333333334,687.45,323.775498867142,0.0,854.7,6,301.35,137.25,431.2919695519498,88.9,1179.4,6,68.33333333333333,76.9,22.252700210686044,27.3,87.8,40.2
2026-09-26T10:00,9,76.67777777777778,76.6,2.6494234173579048,72.7,80.0,9,43.44444444444444,30.0,35.53558466914225,3.0,100.0,8,4.5,0.0,9.350324669687755,0.0,27.0,8,0.0,0.0,0.0,0.0,0.0,8,42.75,45.0,40.002678481750266,0.0,100.0,6,0.0,0.0,0.0,0.0,0.0,5,531.5200000000001,548.0,35.640384397478094,468.3,550.9,6,575.2333333333333,704.5,299.8453779311375,0.0,798.9,6,421.3333333333333,174.95,627.4329531246082,127.4,1700.9,6,72.1,80.0,23.029893616775567,27.3,89.6,36.8
2026-09-26T11:00,9,79.32222222222222,79.5,2.8756641744898594,75.4,82.9,8,46.375,42.0,44.03225278945293,0.0,100.0,7,0.2857142857142857,0.0,0.7559289460184545,0.0,2.0,7,0.0,0.0,0.0,0.0,0.0,7,52.285714285714285,62.0,44.12752083720652,0.0,100.0,6,0.0,0.0,0.0,0.0,0.0,5,642.3199999999999,667.0,42.98868455768332,577.6,676.4,6,539.7,603.9,287.9416051910526,0.0,767.2,6,519.6833333333333,223.85000000000002,767.5215890557521,156.1,2084.0,6,72.28333333333333,79.45,23.164750520276854,27.3,88.6,35.0
2026-09-26T12:00,9,80.74444444444445,80.5,3.180845450155945,76.0,84.2,8,46.875,41.0,45.13610369917697,0.0,100.0,7,1.0,0.0,2.6457513110645907,0.0,7.0,7,0.0,0.0,0.0,0.0,0.0,7,52.857142857142854,63.0,45.18269791055189,0.0,100.0,6,0.0,0.0,0.0,0.0,0.0,5,727.0199999999999,741.8,63.39567808612824,623.8,796.5,6,539.6333333333333,619.8499999999999,295.1112648928649,0.0,839.2,6,620.3833333333333,253.35000000000002,957.8882260820761,152.9,2573.0,6,73.64999999999999,83.55000000000001,24.27762344217407,27.3,94.1,31.3
2026-09-26T13:00,9,81.43333333333334,81.5,3.524202037341218,76.2,85.9,8,48.625,42.0,46.040161039807714,0.0,100.0,7,1.7142857142857142,0.0,4.535573676110727,0.0,12.0,7,0.0,0.0,0.0,0.0,0.0,7,54.0,65.0,46.836595378685104,0.0,100.0,6,0.0,0.0,0.0,0.0,0.0,4,770.0250000000001,767.0999999999999,19.685421847990362,749.3,796.6,5,541.2,655.0,307.5611240062697,0.0,769.7,5,703.52,232.5,1076.8649390708194,173.6,2629.0,5,74.28,83.1,26.44828916962305,27.3,89.9,36.3
2026-09-26T14:00,8,81.9125,82.4,4.09265456990587,76.1,86.9,8,37.625,15.0,42.19322051162789,0.0,100.0,7,2.2857142857142856,0.0,6.047431568147636,0.0,16.0,7,0.0,0.0,0.0,0.0,0.0,7,40.0,16.0,44.78466999617912,0.0,100.0,6,0.0,0.0,0.0,0.0,0.0,4,736.6500000000001,723.75,49.50168347305648,692.0,807.1,5,561.9399999999999,646.0,337.9755065089776,0.0,914.7,5,640.06,215.5,1035.2914048711114,79.4,2489.2,5,74.12,82.5,27.24962385061489,27.3,98.7,30.3
2026-09-26T15:00,8,81.9375,82.2,4.3830639967949345,75.9,87.7,8,38.0,32.0,35.68112746456952,0.0,93.0,7,2.142857142857143,0.0,5.669467095138408,0.0,15.0,7,0.0,0.0,0.0,0.0,0.0,7,39.714285714285715,36.0,36.77732220501417,0.0,93.0,6,0.0,0.0,0.0,0.0,0.0,4,612.675,611.6,70.68811191895475,530.3,697.2,5,483.78000000000003,539.2,315.6108236420291,0.0,852.7,5,499.48,196.8,731.0294775178357,78.0,1803.0,5,69.4,75.8,26.223748778540415,27.3,97.0,26.5
2026-09-26T16:00,8,81.36249999999998,80.85,4.5572352207388755,75.6,87.8,8,31.625,28.5,31.85654227492817,0.0,85.0,7,1.5714285714285714,0.0,4.157609203101499,0.0,11.0,7,0.0,0.0,0.0,0.0,0.0,7,32.42857142857143,27.0,33.57507578972405,0.0,85.0,6,0.0,0.0,0.0,0.0,0.0,4,469.79999999999995,464.8,56.05978951084278,412.2,537.4,5,434.8,447.9,288.5158141246334,0.0,783.6,5,392.14,165.7,564.9316710895221,62.2,1399.2,5,65.56,69.8,23.348297582479116,27.3,88.1,30.2
2026-09-26T17:00,8,80.3125,79.25,4.573038221076723,74.8,86.9,8,24.25,7.5,32.43785266805258,0.0,78.0,7,1.2857142857142858,0.0,3.401680257083045,0.0,9.0,7,0.0,0.0,0.0,0.0,0.0,7,23.714285714285715,5.0,35.30209760393984,0.0,78.0,6,0.0,0.0,0.0,0.0,0.0,4,299.15,296.25,33.3720941306755,266.9,337.2,5,362.62,359.7,237.61899545280468,0.0,650.7,5,257.4,115.7,357.48057989211105,48.3,894.8,5,60.48,63.8,19.437386655618088,27.3,75.7,34.1
2026-09-26T18:00,8,78.5625,77.7,4.278162990283165,73.7,85.2,8,28.125,16.0,33.66404398082407,0.0,85.0,7,1.7142857142857142,0.0,4.111540089159037,0.0,11.0,7,0.7142857142857143,0.0,1.889822365046136,0.0,5.0,7,28.285714285714285,9.0,36.31672840310319,0.0,85.0,6,0.0,0.0,0.0,0.0,0.0,4,113.65,117.30000000000001,14.972530402930122,93.1,126.9,5,215.3,275.6,140.0490985333358,0.0,354.8,5,140.5,53.9,210.83876541091777,32.9,517.2,5,52.160000000000004,54.9,15.596089253399391,27.3,67.3,46.5
2026-09-26T19:00,8,76.24999999999999,74.94999999999999,3.923191120940782,72.3,82.7,8,34.875,20.5,37.53260487324892,0.0,93.0,7,2.2857142857142856,0.0,5.219012860502955,0.0,14.0,7,1.4285714285714286,0.0,3.779644730092272,0.0,10.0,7,34.285714285714285,6.0,41.628172694759996,0.0,93.0,6,0.0,0.0,0.0,0.0,0.0,5,0.0,0.0,0.0,0.0,0.0,5,0.0,0.0,0.0,0.0,0.0,5,0.0,0.0,0.0,0.0,0.0,5,31.7,33.1,6.834105647412837,22.7,40.2,62.7
2026-09-26T20:00,8,74.0125,72.5,3.5457973111034695,70.6,79.7,8,41.0,28.0,42.210357564397455,0.0,100.0,7,2.857142857142857,0.0,5.984105932344765,0.0,16.0,7,2.142857142857143,0.0,5.669467095138408,0.0,15.0,7,40.285714285714285,11.0,46.70015805010473,0.0,100.0,6,0.16666666666666666,0.0,0.408248290463863,0.0,1.0,5,0.0,0.0,0.0,0.0,0.0,5,0.0,0.0,0.0,0.0,0.0,5,0.0,0.0,0.0,0.0,0.0,5,0.0,0.0,0.0,0.0,0.0,63.9
2026-09-26T21:00,8,72.1625,71.44999999999999,3.1084849318323178,68.5,76.5,8,48.0,40.5,38.607919246851786,0.0,100.0,7,6.857142857142857,0.0,10.93051647801651,0.0,29.0,7,1.4285714285714286,0.0,3.779644730092272,0.0,10.0,7,46.714285714285715,37.0,43.24239542283431,0.0,100.0,6,0.16666666666666666,0.0,0.408248290463863,0.0,1.0,5,0.0,0.0,0.0,0.0,0.0,5,0.0,0.0,0.0,0.0,0.0,5,0.0,0.0,0.0,0.0,0.0,5,0.0,0.0,0.0,0.0,0.0,65.3
2026-09-26T22:00,8,70.625,70.55,2.8115831839019085,66.9,74.7,8,57.25,68.5,38.60699418499192,0.0,100.0,7,12.142857142857142,0.0,24.956152023289246,0.0,68.0,7,0.7142857142857143,0.0,1.889822365046136,0.0,5.0,7,55.0,68.0,42.04362813395945,0.0,100.0,6,0.16666666666666666,0.0,0.408248290463863,0.0,1.0,5,0.0,0.0,0.0,0.0,0.0,5,0.0,0.0,0.0,0.0,0.0,5,0.0,0.0,0.0,0.0,0.0,5,0.0,0.0,0.0,0.0,0.0,66.2
2026-09-26T23:00,8,69.41250000000001,69.05,2.7740828600252225,65.7,73.9,8,64.0,81.5,41.969376590897454,0.0,100.0,7,16.0,0.0,35.92121007612819,0.0,97.0,7,0.0,0.0,0.0,0.0,0.0,7,61.285714285714285,68.0,44.1841385028394,0.0,100.0,6,0.3333333333333333,0.0,0.816496580927726,0.0,2.0,5,0.0,0.0,0.0,0.0,0.0,5,0.0,0.0,0.0,0.0,0.0,5,0.0,0.0,0.0,0.0,0.0,5,0.0,0.0,0.0,0.0,0.0,66.3
2026-09-27T00:00,8,68.575,68.15,2.615202805574684,65.4,73.1,8,67.625,81.0,36.09486508790808,12.0,100.0,7,16.714285714285715,2.0,36.97167512981744,0.0,100.0,7,0.14285714285714285,0.0,0.37796447300922725,0.0,1.0,7,61.714285714285715,72.0,43.49986316344105,0.0,100.0,6,0.3333333333333333,0.0,0.816496580927726,0.0,2.0,5,0.0,0.0,0.0,0.0,0.0,5,0.0,0.0,0.0,0.0,0.0,5,0.0,0.0,0.0,0.0,0.0,5,0.0,0.0,0.0,0.0,0.0,66.8
2026-09-27T01:00,8,67.98750000000001,67.7,2.4327747238786537,65.2,72.4,8,70.875,76.5,28.989838121067773,15.0,100.0,7,17.142857142857142,2.0,36.489398329873715,0.0,99.0,7,0.2857142857142857,0.0,0.7559289460184545,0.0,2.0,7,59.857142857142854,72.0,40.51924880608627,0.0,100.0,6,0.3333333333333333,0.0,0.816496580927726,0.0,2.0,5,0.0,0.0,0.0,0.0,0.0,5,0.0,0.0,0.0,0.0,0.0,5,0.0,0.0,0.0,0.0,0.0,5,0.0,0.0,0.0,0.0,0.0,71.7
2026-09-27T02:00,8,67.55,67.4,2.265896227607457,64.7,71.8,8,72.5,76.0,26.032946158940327,19.0,100.0,7,17.285714285714285,1.0,34.53362750380314,0.0,94.0,7,0.42857142857142855,0.0,1.1338934190276817,0.0,3.0,7,57.42857142857143,72.0,38.23548588618145,0.0,100.0,6,0.3333333333333333,0.0,0.816496580927726,0.0,2.0,5,0.0,0.0,0.0,0.0,0.0,5,0.0,0.0,0.0,0.0,0.0,5,0.0,0.0,0.0,0.0,0.0,5,0.0,0.0,0.0,0.0,0.0,74.3
2026-09-27T03:00,8,67.025,67.15,2.3383449580541233,64.3,71.2,8,71.5,80.5,27.62504040074615,22.0,100.0,7,18.571428571428573,0.0,36.75983833323692,0.0,100.0,7,0.7142857142857143,0.0,1.889822365046136,0.0,5.0,7,56.142857142857146,75.0,38.381543183447654,0.0,100.0,6,0.5,0.0,1.224744871391589,0.0,3.0,5,0.0,0.0,0.0,0.0,0.0,5,0.0,0.0,0.0,0.0,0.0,5,0.0,0.0,0.0,0.0,0.0,5,0.0,0.0,0.0,0.0,0.0,73.0
2026-09-27T04:00,8,66.875,67.15,2.211495938434949,64.4,70.8,8,68.75,80.5,31.981021157644644,18.0,100.0,7,19.0,0.0,36.34097778908359,0.0,99.0,7,1.0,0.0,2.6457513110645907,0.0,7.0,7,52.714285714285715,77.0,40.14853374539052,0.0,100.0,6,0.5,0.0,1.224744871391589,0.0,3.0,5,0.0,0.0,0.0,0.0,0.0,5,0.0,0.0,0.0,0.0,0.0,5,0.0,0.0,0.0,0.0,0.0,5,0.0,0.0,0.0,0.0,0.0,70.2
2026-09-27T05:00,8,67.05,67.4,2.022728002334614,64.6,70.7,8,64.5,76.5,35.59293669897362,0.0,100.0,7,18.142857142857142,0.0,33.74625199647398,0.0,92.0,7,1.2857142857142858,0.0,3.401680257083045,0.0,9.0,7,49.0,73.0,42.10304818735416,0.0,100.0,6,0.5,0.0,1.224744871391589,0.0,3.0,5,0.0,0.0,0.0,0.0,0.0,5,0.0,0.0,0.0,0.0,0.0,5,0.0,0.0,0.0,0.0,0.0,5,0.0,0.0,0.0,0.0,0.0,68.7
2026-09-27T06:00,8,67.4625,67.35,1.8585228389388007,64.9,70.9,8,55.25,64.0,29.769351449339396,0.0,86.0,7,16.428571428571427,2.0,29.54576756410943,0.0,81.0,7,1.7142857142857142,0.0,4.535573676110727,0.0,12.0,7,41.714285714285715,65.0,34.86504594248269,0.0,76.0,6,1.0,1.0,1.0954451150103321,0.0,3.0,5,0.0,0.0,0.0,0.0,0.0,5,0.0,0.0,0.0,0.0,0.0,5,0.0,0.0,0.0,0.0,0.0,5,0.0,0.0,0.0,0.0,0.0,72.9
2026-09-27T07:00,8,68.275,67.94999999999999,2.08994189939748,65.8,71.3,8,43.25,42.5,26.884674338472365,0.0,82.0,7,13.571428571428571,5.0,23.100195835080008,0.0,64.0,7,2.2857142857142856,0.0,6.047431568147636,0.0,16.0,7,32.857142857142854,35.0,29.41331088372843,0.0,73.0,6,1.1666666666666667,1.0,1.1690451944500122,0.0,3.0,5,8.76,0.0,13.996535285562636,0.0,32.1,5,0.0,0.0,0.0,0.0,0.0,5,8.76,0.0,13.996535285562636,0.0,32.1,5,5.619999999999999,0.0,8.73681864296152,0.0,19.9,72.3
2026-09-27T08:00,8,69.725,69.8,2.4117273003862962,66.4,73.6,8,31.25,29.5,28.04970078781081,0.0,79.0,7,10.285714285714286,7.0,16.418630532764556,0.0,46.0,7,3.0,0.0,7.937253933193772,0.0,21.0,7,23.285714285714285,9.0,27.158266302756303,0.0,69.0,6,1.3333333333333333,1.0,1.3662601021279464,0.0,3.0,4,170.625,169.65,8.365155906098423,161.6,181.6,5,488.12000000000006,565.2,325.0921207904,0.0,881.7,5,179.61999999999998,88.3,221.9345781981708,51.9,574.8,5,57.739999999999995,64.9,17.6752086267744,27.3,70.4,46.3
2026-09-27T09:00,8,72.13749999999999,71.3,2.123297637436368,69.9,76.2,8,23.5,18.5,26.246088143895708,0.0,77.0,7,6.285714285714286,4.0,9.60406659900353,0.0,27.0,7,3.5714285714285716,0.0,9.44911182523068,0.0,25.0,7,17.714285714285715,5.0,24.157223113831368,0.0,66.0,6,1.3333333333333333,1.0,1.3662601021279464,0.0,3.0,4,368.0,382.6,49.96218570078776,295.8,411.0,5,599.6200000000001,804.8,407.11910665062135,0.0,990.7,5,321.2,103.1,479.9838799376496,66.2,1177.3,5,67.92,76.5,25.795387184533595,27.3,89.5,42.7
2026-09-27T10:00,8,74.9625,74.95,2.061162986554639,71.9,78.6,8,16.25,7.5,25.041394301664365,0.0,74.0,7,2.7142857142857144,2.0,3.9036002917941324,0.0,11.0,7,4.142857142857143,0.0,10.960969717267588,0.0,29.0,7,12.428571428571429,2.0,22.795154038063608,0.0,63.0,6,1.3333333333333333,1.0,1.3662601021279464,0.0,3.0,4,533.875,561.05,81.93677949085703,414.0,599.4,5,611.3399999999999,843.1,413.2710647988799,0.0,991.0,5,445.2,117.1,704.3241725228519,76.9,1701.8,5,71.46000000000001,85.2,27.964852940789804,27.3,92.6,39.3
2026-09-27T11:00,8,77.075,78.0,2.5866415069959525,72.7,80.3,8,11.625,0.0,25.66229863883147,0.0,73.0,7,0.14285714285714285,0.0,0.37796447300922725,0.0,1.0,7,4.571428571428571,0.0,12.094863136295272,0.0,32.0,7,8.714285714285714,0.0,23.055832853562862,0.0,61.0,6,1.3333333333333333,1.0,1.3662601021279464,0.0,3.0,4,661.1,695.4000000000001,102.43495497143542,511.2,742.4,5,611.9200000000001,835.8,413.7258597187273,0.0,986.5,5,536.78,132.3,868.8817163457867,82.4,2086.5,5,73.6,92.6,29.35447155034476,27.3,93.8,34.4
2026-09-27T12:00,8,77.7125,77.7,2.909313861180528,73.2,81.4,8,11.5,0.0,25.13961017995307,0.0,72.0,7,0.0,0.0,0.0,0.0,0.0,7,4.857142857142857,0.0,12.850792082313726,0.0,34.0,7,8.714285714285714,0.0,23.055832853562862,0.0,61.0,6,1.3333333333333333,1.0,1.3662601021279464,0.0,3.0,4,753.625,800.55,119.97784170420805,575.6,837.8,5,633.2,895.0,431.3902003986646,0.0,993.1,5,588.96,117.5,987.7179825233517,79.0,2349.4,5,75.76,95.4,31.095867892695974,27.3,98.4,31.3
2026-09-27T13:00,8,78.075,77.6,3.1079391426290397,73.5,82.4,8,12.375,0.0,24.96819405334944,0.0,72.0,7,0.0,0.0,0.0,0.0,0.0,7,5.0,0.0,13.228756555322953,0.0,35.0,7,8.714285714285714,0.0,23.055832853562862,0.0,61.0,6,1.5,1.0,1.224744871391589,0.0,3.0,4,774.1500000000001,821.4,118.99295497353337,597.4,856.4,5,618.52,877.0,419.12720264855153,0.0,963.2,5,600.8,116.3,1009.4969316446683,80.2,2399.8,5,75.94,95.8,31.132025311566224,27.3,98.5,30.9
2026-09-27T14:00,8,78.1875,77.45,3.291303476045408,73.6,83.2,8,12.875,0.0,25.272444056153898,0.0,73.0,7,0.0,0.0,0.0,0.0,0.0,7,5.0,0.0,13.228756555322953,0.0,35.0,7,8.857142857142858,0.0,23.433797326572087,0.0,62.0,6,1.5,1.0,1.224744871391589,0.0,3.0,4,731.5500000000001,776.45,110.23927007499034,567.5,805.8,5,593.9200000000001,838.2,399.5214287119028,0.0,919.2,5,569.28,112.2,954.4148139043108,78.4,2270.5,5,75.74,95.1,30.996499802397043,27.3,98.3,31.4
2026-09-27T15:00,8,78.0625,77.15,3.5580642811185177,73.3,83.5,8,12.375,0.0,25.2809216604142,0.0,73.0,7,0.0,0.0,0.0,0.0,0.0,7,5.142857142857143,0.0,13.60672102833218,0.0,36.0,7,9.0,0.0,23.811761799581316,0.0,63.0,6,1.5,1.0,1.224744871391589,0.0,3.0,4,633.65,677.4000000000001,98.88773095451897,485.8,694.0,5,563.12,802.0,378.8186267859594,0.0,866.4,5,512.96,97.4,868.7981975119424,68.7,2062.5,5,73.98,93.7,29.80800228126669,27.3,94.4,32.1
2026-09-27T16:00,8,77.675,76.65,3.7089659706485003,72.9,83.2,8,11.75,0.0,25.755720585088334,0.0,74.0,7,0.0,0.0,0.0,0.0,0.0,7,5.285714285714286,0.0,13.984685501341408,0.0,37.0,7,9.285714285714286,0.0,24.56769074559977,0.0,65.0,6,1.6666666666666667,1.5,1.2110601416389968,0.0,3.0,4,481.70000000000005,516.7,79.6278008403263,362.9,530.5,5,501.38,702.5,340.3304232653907,0.0,778.6,5,403.12,87.6,669.1024824344922,62.2,1597.0,5,69.6,85.8,27.065568532731767,27.3,89.8,34.0
2026-09-27T17:00,8,76.93749999999999,75.8,3.7935801032797496,72.1,82.6,8,11.25,0.0,26.28823745653992,0.0,75.0,7,0.0,0.0,0.0,0.0,0.0,7,5.571428571428571,0.0,14.740614447359862,0.0,39.0,7,9.428571428571429,0.0,24.945655218608998,0.0,66.0,6,1.6666666666666667,1.5,1.2110601416389968,0.0,3.0,4,298.7,321.25,52.935369398289204,220.5,331.8,5,407.41999999999996,554.9,284.44464663621284,0.0,643.4,5,262.98,67.9,421.4823329630793,48.1,1015.1,5,63.2,74.4,23.465080438813754,27.3,83.7,37.0
2026-09-27T18:00,8,75.56249999999999,74.30000000000001,3.6355143082807784,71.1,81.7,8,11.375,0.0,26.634765144181664,0.0,76.0,7,0.0,0.0,0.0,0.0,0.0,7,6.0,0.0,15.874507866387544,0.0,42.0,7,9.571428571428571,0.0,25.323619691618223,0.0,67.0,6,1.8333333333333333,2.0,0.9831920802501751,0.0,3.0,5,119.66,117.0,32.6784026537406,81.6,171.4,5,292.4,348.3,104.8089690818491,113.4,364.1,5,47.86,38.1,23.36349716973039,27.7,85.8,5,60.14,61.1,9.957559942074164,44.3,69.4,54.6
2026-09-27T19:00,8,73.7125,72.5,3.44111173895879,69.7,80.2,8,11.75,0.0,27.34828278756404,0.0,78.0,7,0.0,0.0,0.0,0.0,0.0,7,6.571428571428571,0.0,17.386365758424454,0.0,46.0,7,9.714285714285714,0.0,25.70158416462745,0.0,68.0,6,1.8333333333333333,2.0,1.1690451944500122,0.0,3.0,5,0.0,0.0,0.0,0.0,0.0,5,0.0,0.0,0.0,0.0,0.0,5,0.0,0.0,0.0,0.0,0.0,5,30.360000000000003,35.1,9.786623523973935,15.1,38.2,69.7
2026-09-27T20:00,8,71.83749999999999,70.65,3.3678893347953944,68.5,78.5,8,12.125,0.0,28.063384889007445,0.0,80.0,7,0.0,0.0,0.0,0.0,0.0,7,7.285714285714286,0.0,19.27618812347059,0.0,51.0,7,10.0,0.0,26.457513110645905,0.0,70.0,6,1.6666666666666667,2.0,1.3662601021279464,0.0,3.0,5,0.0,0.0,0.0,0.0,0.0,5,0.0,0.0,0.0,0.0,0.0,5,0.0,0.0,0.0,0.0,0.0,5,0.0,0.0,0.0,0.0,0.0,69.4
2026-09-27T21:00,8,70.2375,69.1,3.4234224729897758,67.1,76.7,8,14.875,0.0,28.39234051641393,0.0,82.0,7,0.0,0.0,0.0,0.0,0.0,7,8.0,0.0,21.166010488516726,0.0,56.0,7,10.142857142857142,0.0,26.835477583655134,0.0,71.0,6,2.0,2.0,1.0954451150103321,0.0,3.0,5,0.0,0.0,0.0,0.0,0.0,5,0.0,0.0,0.0,0.0,0.0,5,0.0,0.0,0.0,0.0,0.0,5,0.0,0.0,0.0,0.0,0.0,69.0
2026-09-27T22:00,8,68.8875,67.95,3.5958060888445313,65.2,75.1,8,18.375,0.0,30.43464895711559,0.0,84.0,7,0.0,0.0,0.0,0.0,0.0,7,8.571428571428571,0.0,22.677868380553633,0.0,60.0,7,10.428571428571429,0.0,27.591406529673588,0.0,73.0,6,2.5,2.5,1.51657508881031,0.0,4.0,5,0.0,0.0,0.0,0.0,0.0,5,0.0,0.0,0.0,0.0,0.0,5,0.0,0.0,0.0,0.0,0.0,5,0.0,0.0,0.0,0.0,0.0,67.0
2026-09-27T23:00,8,67.7875,67.0,3.793391810579474,63.7,73.8,8,21.125,0.0,33.146589999145135,0.0,86.0,7,0.0,0.0,0.0,0.0,0.0,7,9.142857142857142,0.0,24.189726272590544,0.0,64.0,7,10.571428571428571,0.0,27.969371002682816,0.0,74.0,6,2.6666666666666665,2.5,1.7511900715418263,0.0,5.0,5,0.0,0.0,0.0,0.0,0.0,5,0.0,0.0,0.0,0.0,0.0,5,0.0,0.0,0.0,0.0,0.0,5,0.0,0.0,0.0,0.0,0.0,64.5
2026-09-28T00:00,8,66.975,66.65,3.9737531737281206,62.3,72.9,8,22.375,1.5,33.71704740504847,0.0,88.0,7,1.8571428571428572,0.0,3.7606990231680526,0.0,10.0,7,9.571428571428571,0.0,25.323619691618223,0.0,67.0,7,10.714285714285714,0.0,28.34733547569204,0.0,75.0,6,2.5,2.5,1.51657508881031,0.0,4.0,5,0.0,0.0,0.0,0.0,0.0,5,0.0,0.0,0.0,0.0,0.0,5,0.0,0.0,0.0,0.0,0.0,5,0.0,0.0,0.0,0.0,0.0,63.5
2026-09-28T01:00,8,66.275,66.5,4.200255094294019,61.0,72.2,8,22.625,3.5,33.019204368713325,0.0,89.0,7,2.4285714285714284,0.0,4.2370250120079485,0.0,10.0,7,10.0,0.0,26.457513110645905,0.0,70.0,7,11.0,0.0,29.103264421710495,0.0,77.0,6,2.0,2.0,1.0954451150103321,0.0,3.0,5,0.0,0.0,0.0,0.0,0.0,5,0.0,0.0,0.0,0.0,0.0,5,0.0,0.0,0.0,0.0,0.0,5,0.0,0.0,0.0,0.0,0.0,63.3
2026-09-28T02:00,8,65.675,66.35,4.41579955549227,59.8,71.6,8,23.0,6.0,32.72831888659815,0.0,91.0,7,1.7142857142857142,0.0,4.535573676110727,0.0,12.0,7,10.428571428571429,0.0,27.591406529673588,0.0,73.0,7,11.142857142857142,0.0,29.481228894719724,0.0,78.0,6,1.5,2.0,1.224744871391589,0.0,3.0,5,0.0,0.0,0.0,0.0,0.0,5,0.0,0.0,0.0,0.0,0.0,5,0.0,0.0,0.0,0.0,0.0,5,0.0,0.0,0.0,0.0,0.0,62.8
2026-09-28T03:00,8,65.05,65.6,4.538092739718496,59.0,71.1,8,23.875,12.5,31.57954808325884,0.0,92.0,7,3.5714285714285716,0.0,6.425396041156863,0.0,16.0,7,10.857142857142858,0.0,28.72529994870127,0.0,76.0,7,11.285714285714286,0.0,29.859193367728956,0.0,79.0,6,1.3333333333333333,1.5,1.2110601416389968,0.0,3.0,5,0.0,0.0,0.0,0.0,0.0,5,0.0,0.0,0.0,0.0,0.0,5,0.0,0.0,0.0,0.0,0.0,5,0.0,0.0,0.0,0.0,0.0,63.3
2026-09-28T04:00,8,64.53750000000001,64.69999999999999,4.591898922481389,58.7,71.0,8,24.625,19.5,30.9651301582003,0.0,93.0,7,5.571428571428571,0.0,9.519403742832196,0.0,20.0,7,11.142857142857142,0.0,29.481228894719724,0.0,78.0,7,11.428571428571429,0.0,30.237157840738178,0.0,80.0,6,1.1666666666666667,1.0,1.3291601358251257,0.0,3.0,5,0.0,0.0,0.0,0.0,0.0,5,0.0,0.0,0.0,0.0,0.0,5,0.0,0.0,0.0,0.0,0.0,5,0.0,0.0,0.0,0.0,0.0,63.5
2026-09-28T05:00,8,64.41250000000001,63.9,4.508860324801759,59.3,71.2,8,25.125,21.5,31.15600148561154,0.0,94.0,7,7.285714285714286,0.0,12.52616309588702,0.0,28.0,7,11.428571428571429,0.0,30.237157840738178,0.0,80.0,7,11.714285714285714,0.0,30.99308678675663,0.0,82.0,6,1.1666666666666667,1.0,1.3291601358251257,0.0,3.0,5,0.0,0.0,0.0,0.0,0.0,5,0.0,0.0,0.0,0.0,0.0,5,0.0,0.0,0.0,0.0,0.0,5,0.0,0.0,0.0,0.0,0.0,63.7
2026-09-28T06:00,7,65.55714285714286,63.6,3.846148351644426,60.9,71.1,7,23.142857142857142,15.0,34.03639508638056,0.0,95.0,6,3.1666666666666665,0.0,7.756717518813398,0.0,19.0,6,13.666666666666666,0.0,33.47635981803676,0.0,82.0,6,14.0,0.0,34.292856398964496,0.0,84.0,6,1.8333333333333333,1.5,2.041241452319315,0.0,4.0,5,0.0,0.0,0.0,0.0,0.0,5,0.0,0.0,0.0,0.0,0.0,5,0.0,0.0,0.0,0.0,0.0,5,0.0,0.0,0.0,0.0,0.0,63.7
2026-09-28T07:00,7,66.44285714285714,65.7,3.2474898731467183,63.5,71.0,7,20.857142857142858,9.0,34.81584204270891,0.0,96.0,6,1.5,0.0,3.6742346141747673,0.0,9.0,6,14.0,0.0,34.292856398964496,0.0,84.0,6,14.333333333333334,0.0,35.10935297989222,0.0,86.0,6,2.1666666666666665,2.5,2.041241452319315,0.0,4.0,5,4.8,0.0,6.586349520030044,0.0,12.6,5,0.0,0.0,0.0,0.0,0.0,5,4.8,0.0,6.586349520030044,0.0,12.6,5,1.9,0.0,4.2485291572496005,0.0,9.5,64.1
2026-09-28T08:00,7,67.95714285714284,68.0,2.7116152276562318,64.7,71.9,7,18.571428571428573,0.0,35.45352423881695,0.0,96.0,6,0.0,0.0,0.0,0.0,0.0,6,14.166666666666666,0.0,34.701104689428355,0.0,85.0,6,14.833333333333334,0.0,36.33409785128381,0.0,89.0,6,2.1666666666666665,2.5,2.041241452319315,0.0,4.0,4,150.82500000000002,177.85000000000002,55.69532445965879,67.3,180.3,5,514.1,646.7,478.62954881620084,0.0,1038.2,5,161.74,63.7,234.17953155645353,29.8,579.2,5,50.84,65.2,36.26379737424089,0.0,88.4,33.8
2026-09-28T09:00,7,70.38571428571429,70.0,2.385671513731215,67.3,74.9,7,17.714285714285715,0.0,35.8734548364771,0.0,97.0,6,0.0,0.0,0.0,0.0,0.0,6,14.5,0.0,35.51760127035608,0.0,87.0,6,15.166666666666666,0.0,37.150594432211534,0.0,91.0,6,2.1666666666666665,2.5,2.041241452319315,0.0,4.0,4,329.475,395.95000000000005,143.69164612692927,114.4,411.6,5,571.24,838.4,511.5144993057381,0.0,1003.9,5,320.06,99.4,529.728102898081,65.0,1267.1,5,57.42,77.1,41.53585198355753,0.0,93.2,22.6
2026-09-28T10:00,7,73.18571428571428,72.9,2.908853480570752,70.4,78.9,7,16.857142857142858,0.0,36.02049681051319,0.0,97.0,6,0.0,0.0,0.0,0.0,0.0,6,14.666666666666666,0.0,35.92584956081994,0.0,88.0,6,15.5,0.0,37.96709101313926,0.0,93.0,6,2.5,3.0,2.16794833886788,0.0,5.0,4,479.375,576.3,213.84359354444078,159.5,605.4,5,569.64,863.7,509.6498827626668,0.0,1012.6,5,452.12,113.7,773.3735268290478,74.7,1834.8,5,59.96,85.7,43.48365210053084,0.0,94.5,15.9
2026-09-28T11:00,7,75.21428571428571,74.9,3.7966777457089886,71.4,81.7,7,16.0,0.0,36.15245496505044,0.0,97.0,6,0.0,0.0,0.0,0.0,0.0,6,14.666666666666666,0.0,35.92584956081994,0.0,88.0,6,15.666666666666666,0.0,38.37533930360313,0.0,94.0,6,2.6666666666666665,3.0,2.4221202832779936,0.0,6.0,4,593.5,713.4000000000001,264.929814605051,197.1,750.1,5,566.02,879.2,508.3536878984945,0.0,1007.8,5,548.4399999999999,119.2,952.8225296454738,79.1,2251.6,5,61.86,93.1,45.062878292448204,0.0,95.3,13.1
2026-09-28T12:00,7,76.11428571428573,75.9,4.1066728509539026,71.9,82.1,7,15.428571428571429,0.0,36.202472948944354,0.0,97.0,6,0.0,0.0,0.0,0.0,0.0,6,14.666666666666666,0.0,35.92584956081994,0.0,88.0,6,15.666666666666666,0.0,38.37533930360313,0.0,94.0,6,2.3333333333333335,2.5,2.250925735484551,0.0,6.0,4,673.875,814.05,302.12512170732623,221.3,846.1,5,582.1800000000001,912.8,524.5959797787247,0.0,1014.2,5,544.06,114.3,948.4463152967594,74.8,2238.1,5,63.760000000000005,95.3,46.77048214419005,0.0,99.1,12.2
2026-09-28T13:00,7,76.37142857142855,76.7,4.184381390247266,72.0,82.3,7,14.714285714285714,0.0,36.353423890624505,0.0,97.0,6,0.0,0.0,0.0,0.0,0.0,6,14.5,0.0,35.51760127035608,0.0,87.0,6,15.666666666666666,0.0,38.37533930360313,0.0,94.0,6,2.3333333333333335,2.0,2.6583202716502514,0.0,7.0,4,690.0999999999999,833.8,308.0763433523147,228.5,864.3,5,565.3,893.7,510.0509680414302,0.0,984.0,5,555.8,114.3,968.2883661389308,75.2,2285.1,5,63.839999999999996,95.5,46.83991887268807,0.0,99.1,11.9
2026-09-28T14:00,7,76.38571428571427,77.0,4.2588842715076485,71.9,82.8,7,14.142857142857142,0.0,36.11291814770522,0.0,96.0,6,0.0,0.0,0.0,0.0,0.0,6,14.5,0.0,35.51760127035608,0.0,87.0,6,15.5,0.0,37.96709101313926,0.0,93.0,6,2.3333333333333335,2.0,2.6583202716502514,0.0,7.0,4,650.3499999999999,786.8,290.77361755610957,214.6,813.2,5,539.9399999999999,854.7,486.7620291271701,0.0,938.6,5,527.3,111.2,914.2930547696401,74.5,2160.4,5,63.760000000000005,95.3,46.77048214419005,0.0,99.1,11.7
2026-09-28T15:00,7,76.31428571428572,77.0,4.196994389412727,71.7,82.7,7,14.0,0.0,36.166282640050255,0.0,96.0,6,0.0,0.0,0.0,0.0,0.0,6,14.166666666666666,0.0,34.701104689428355,0.0,85.0,6,15.333333333333334,0.0,37.558842722675394,0.0,92.0,6,2.3333333333333335,2.0,2.6583202716502514,0.0,7.0,4,562.325,684.8,254.51812476390228,180.7,699.0,5,510.84,823.1,459.1513181947755,0.0,881.7,5,496.55999999999995,97.4,878.0264705576933,66.8,2065.7,5,62.46,94.3,45.59378247085889,0.0,95.8,11.9
2026-09-28T16:00,7,75.97142857142856,76.7,3.999880950609359,71.4,81.9,7,13.857142857142858,0.0,35.78839929096471,0.0,95.0,6,0.0,0.0,0.0,0.0,0.0,6,13.833333333333334,0.0,33.88460810850063,0.0,83.0,6,15.166666666666666,0.0,37.150594432211534,0.0,91.0,6,2.3333333333333335,1.5,3.141125063837266,0.0,8.0,4,426.05,519.95,197.43107658117046,130.1,534.2,5,455.64,716.0,409.12574228469174,0.0,792.7,5,387.91999999999996,89.2,675.5281615151215,61.2,1595.7,5,58.660000000000004,86.5,42.2501242601723,0.0,91.7,12.5
2026-09-28T17:00,7,75.32857142857142,76.2,3.7209829730481574,70.8,80.5,7,13.857142857142858,0.0,35.35735930669678,0.0,94.0,6,0.0,0.0,0.0,0.0,0.0,6,13.5,0.0,33.0681115275729,0.0,81.0,6,14.833333333333334,0.0,36.33409785128381,0.0,89.0,6,2.3333333333333335,1.5,3.141125063837266,0.0,8.0,4,261.575,319.15,124.53426235377957,75.3,332.7,5,371.7,557.7,335.31625370685504,0.0,657.8,5,249.35999999999999,68.5,424.1464346189886,47.2,1007.9,5,53.02,74.8,37.39100159129199,0.0,84.9,21.1
2026-09-28T18:00,7,74.21428571428571,75.1,3.188222373794195,70.0,78.0,7,13.857142857142858,0.0,34.93054332733542,0.0,93.0,6,0.0,0.0,0.0,0.0,0.0,6,13.0,0.0,31.843366656181317,0.0,78.0,6,14.5,0.0,35.51760127035608,0.0,87.0,6,2.3333333333333335,1.5,3.141125063837266,0.0,8.0,4,89.875,108.95,43.34177161430606,25.3,116.3,5,200.52000000000004,276.1,184.85715295871026,0.0,377.8,5,91.44000000000001,30.2,138.55218511449036,24.3,339.1,5,43.84,59.0,26.253818769847562,5.8,67.4,40.6
2026-09-28T19:00,7,72.65714285714286,73.4,2.6707409351820606,69.0,76.2,7,14.142857142857142,0.0,34.844552761412466,0.0,93.0,6,0.0,0.0,0.0,0.0,0.0,6,12.5,0.0,30.618621784789728,0.0,75.0,6,14.333333333333334,0.0,35.10935297989222,0.0,86.0,6,2.3333333333333335,1.5,3.141125063837266,0.0,8.0,5,0.0,0.0,0.0,0.0,0.0,5,0.0,0.0,0.0,0.0,0.0,5,0.0,0.0,0.0,0.0,0.0,5,31.360000000000003,36.7,15.819386840203387,4.4,45.7,66.8
2026-09-28T20:00,7,71.17142857142858,71.4,2.4506558888824617,67.9,75.4,7,14.428571428571429,0.0,34.369837274647004,0.0,92.0,6,0.0,0.0,0.0,0.0,0.0,6,11.833333333333334,0.0,28.985628622934275,0.0,71.0,6,14.0,0.0,34.292856398964496,0.0,84.0,6,2.3333333333333335,1.5,3.141125063837266,0.0,8.0,5,0.0,0.0,0.0,0.0,0.0,5,0.0,0.0,0.0,0.0,0.0,5,0.0,0.0,0.0,0.0,0.0,5,0.0,0.0,0.0,0.0,0.0,67.8
2026-09-28T21:00,7,69.92857142857143,69.7,2.7614695880480538,66.8,75.6,7,14.857142857142858,0.0,33.92358359326921,0.0,91.0,6,0.0,0.0,0.0,0.0,0.0,6,11.166666666666666,0.0,27.352635461078822,0.0,67.0,6,13.666666666666666,0.0,33.47635981803676,0.0,82.0,6,2.5,2.0,3.0166206257996713,0.0,8.0,5,0.0,0.0,0.0,0.0,0.0,5,0.0,0.0,0.0,0.0,0.0,5,0.0,0.0,0.0,0.0,0.0,5,0.0,0.0,0.0,0.0,0.0,67.1
2026-09-28T22:00,7,68.94285714285715,67.7,3.48657288410704,65.7,76.4,7,15.428571428571429,0.0,33.20570805778801,0.0,89.0,6,0.0,0.0,0.0,0.0,0.0,6,10.333333333333334,0.0,25.311394008759507,0.0,62.0,6,13.0,0.0,31.843366656181317,0.0,78.0,6,3.0,3.0,2.9664793948382653,0.0,8.0,5,0.0,0.0,0.0,0.0,0.0,5,0.0,0.0,0.0,0.0,0.0,5,0.0,0.0,0.0,0.0,0.0,5,0.0,0.0,0.0,0.0,0.0,65.4
2026-09-28T23:00,7,68.1,66.3,4.067759416025812,64.8,76.8,7,15.142857142857142,0.0,31.450641601449995,0.0,84.0,6,0.0,0.0,0.0,0.0,0.0,6,9.333333333333334,0.0,22.86190426597633,0.0,56.0,6,12.166666666666666,0.0,29.802125203862,0.0,73.0,6,3.1666666666666665,3.0,3.0605010483034745,0.0,8.0,5,0.0,0.0,0.0,0.0,0.0,5,0.0,0.0,0.0,0.0,0.0,5,0.0,0.0,0.0,0.0,0.0,5,0.0,0.0,0.0,0.0,0.0,64.8
2026-09-29T00:00,7,67.28571428571429,65.2,4.256927127803405,64.3,76.4,7,14.142857142857142,0.0,28.9046050046734,0.0,77.0,6,0.16666666666666666,0.0,0.408248290463863,0.0,1.0,6,8.0,0.0,19.595917942265423,0.0,48.0,6,11.0,0.0,26.94438717061496,0.0,66.0,6,3.0,2.0,3.286335345030997,0.0,8.0,5,0.0,0.0,0.0,0.0,0.0,5,0.0,0.0,0.0,0.0,0.0,5,0.0,0.0,0.0,0.0,0.0,5,0.0,0.0,0.0,0.0,0.0,66.1
2026-09-29T01:00,7,66.48571428571428,64.5,4.379280219179318,63.6,75.8,7,12.571428571428571,0.0,25.244518499779595,0.0,67.0,6,0.3333333333333333,0.0,0.816496580927726,0.0,2.0,6,6.5,0.0,15.921683328090658,0.0,39.0,6,9.333333333333334,0.0,22.86190426597633,0.0,56.0,6,3.0,2.0,3.286335345030997,0.0,8.0,5,0.0,0.0,0.0,0.0,0.0,5,0.0,0.0,0.0,0.0,0.0,5,0.0,0.0,0.0,0.0,0.0,5,0.0,0.0,0.0,0.0,0.0,68.3
2026-09-29T02:00,7,65.82857142857144,64.0,4.509513752691562,62.5,75.4,7,10.857142857142858,0.0,21.25581153025035,0.0,56.0,6,0.6666666666666666,0.0,1.632993161855452,0.0,4.0,6,4.833333333333333,0.0,11.839200423452027,0.0,29.0,6,7.5,0.0,18.371173070873837,0.0,45.0,6,2.8333333333333335,2.0,3.125166662222459,0.0,8.0,5,0.0,0.0,0.0,0.0,0.0,5,0.0,0.0,0.0,0.0,0.0,5,0.0,0.0,0.0,0.0,0.0,5,0.0,0.0,0.0,0.0,0.0,70.7
2026-09-29T03:00,7,65.34285714285714,63.4,4.681829109389168,61.8,75.3,7,11.285714285714286,0.0,16.819772944506767,0.0,44.0,6,3.0,0.0,5.291502622129181,0.0,13.0,6,3.1666666666666665,0.0,7.756717518813398,0.0,19.0,6,5.666666666666667,0.0,13.880441875771343,0.0,34.0,6,2.8333333333333335,2.0,2.8577380332470415,0.0,8.0,5,0.0,0.0,0.0,0.0,0.0,5,0.0,0.0,0.0,0.0,0.0,5,0.0,0.0,0.0,0.0,0.0,5,0.0,0.0,0.0,0.0,0.0,73.4
2026-09-29T04:00,7,65.25714285714287,63.1,4.780117551852028,61.8,75.5,7,12.0,0.0,15.264337522473747,0.0,34.0,6,5.333333333333333,0.0,10.03327796219494,0.0,25.0,6,1.8333333333333333,0.0,4.490731195102493,0.0,11.0,6,4.0,0.0,9.797958971132712,0.0,24.0,6,2.5,2.0,2.8106938645110393,0.0,8.0,5,0.0,0.0,0.0,0.0,0.0,5,0.0,0.0,0.0,0.0,0.0,5,0.0,0.0,0.0,0.0,0.0,5,0.0,0.0,0.0,0.0,0.0,74.2
2026-09-29T05:00,7,65.57142857142857,63.0,4.701671435321091,62.6,75.7,7,13.0,0.0,16.663332999933317,0.0,38.0,6,7.5,0.0,15.201973556088038,0.0,38.0,6,0.8333333333333334,0.0,2.0412414523193148,0.0,5.0,6,2.8333333333333335,0.0,6.940220937885671,0.0,17.0,6,2.5,2.0,2.949576240750525,0.0,8.0,5,0.0,0.0,0.0,0.0,0.0,5,0.0,0.0,0.0,0.0,0.0,5,0.0,0.0,0.0,0.0,0.0,5,0.0,0.0,0.0,0.0,0.0,73.4
2026-09-29T06:00,6,67.18333333333334,65.95,4.548149806972799,63.0,75.9,6,7.833333333333333,0.0,12.335585379975557,0.0,27.0,5,1.4,0.0,3.1304951684997055,0.0,7.0,5,0.4,0.0,0.8944271909999159,0.0,2.0,5,2.4,0.0,5.366563145999495,0.0,12.0,5,1.2,2.0,1.0954451150103321,0.0,2.0,4,0.0,0.0,0.0,0.0,0.0,4,0.0,0.0,0.0,0.0,0.0,4,0.0,0.0,0.0,0.0,0.0,4,0.0,0.0,0.0,0.0,0.0,77.0
2026-09-29T07:00,6,69.1,68.5,4.156921938165303,63.3,76.2,6,6.666666666666667,0.0,10.801234497346433,0.0,25.0,5,1.0,0.0,2.23606797749979,0.0,5.0,5,0.0,0.0,0.0,0.0,0.0,5,1.6,0.0,3.5777087639996634,0.0,8.0,5,1.2,1.0,0.8366600265340756,0.0,2.0,4,6.125,0.0,12.250000000000002,0.0,24.5,4,0.0,0.0,0.0,0.0,0.0,4,6.125,0.0,12.250000000000002,0.0,24.5,4,4.375,0.0,8.75,0.0,17.5,77.6
2026-09-29T08:00,6,71.66666666666667,72.4,4.146162884724463,65.0,77.5,6,5.833333333333333,0.0,9.683318990236078,0.0,23.0,5,0.8,0.0,1.7888543819998317,0.0,4.0,5,0.0,0.0,0.0,0.0,0.0,5,1.2,0.0,2.6832815729997477,0.0,6.0,5,1.0,1.0,1.0,0.0,2.0,4,196.45,196.0,20.53184518416859,178.2,215.6,4,810.425,769.45,186.01059781636096,658.5,1044.3,4,79.375,85.25,46.04797317291319,28.2,118.8,4,76.875,76.9,9.512228971171796,65.2,88.5,58.7
2026-09-29T09:00,6,75.13333333333334,75.95,4.244840004837248,69.3,80.9,6,4.833333333333333,0.0,8.256310717667223,0.0,20.0,5,0.4,0.0,0.8944271909999159,0.0,2.0,5,0.0,0.0,0.0,0.0,0.0,5,1.0,0.0,2.23606797749979,0.0,5.0,5,1.0,1.0,1.0,0.0,2.0,3,406.56666666666666,403.7,4.9652123150307945,403.7,412.3,4,681.15,853.55,474.43496568725493,0.0,1017.5,4,387.75,111.0,586.5829040581846,63.8,1265.2,4,70.325,80.3,29.442641978373246,27.3,93.4,55.1
2026-09-29T10:00,6,78.75,79.05,4.519623878156238,72.7,85.4,6,3.6666666666666665,0.0,6.501281924871945,0.0,16.0,5,0.2,0.0,0.4472135954999579,0.0,1.0,5,0.2,0.0,0.4472135954999579,0.0,1.0,5,0.6,0.0,1.3416407864998738,0.0,3.0,5,1.2,2.0,1.0954451150103321,0.0,2.0,3,583.7666666666668,587.6,22.990940244655775,559.1,604.6,4,677.45,844.25,468.2086465099365,0.0,1021.3,4,543.575,133.05,862.6476699672932,72.4,1835.8,4,73.425,85.8,31.041303129862317,27.3,94.8,53.0
2026-09-29T11:00,6,81.43333333333334,81.25,4.926526836085096,73.9,88.7,6,2.8333333333333335,0.0,5.23131595936115,0.0,13.0,5,0.0,0.0,0.0,0.0,0.0,5,0.2,0.0,0.4472135954999579,0.0,1.0,5,0.4,0.0,0.8944271909999159,0.0,2.0,5,1.2,2.0,1.0954451150103321,0.0,2.0,3,717.2999999999998,724.5,34.96054919477095,679.3,748.1,4,668.7,830.05,461.695058092099,0.0,1014.7,4,658.425,151.8,1065.0384637029156,75.9,2254.2,4,75.625,89.85,32.44208943127225,27.3,95.5,51.0
2026-09-29T12:00,6,82.86666666666667,83.2,4.898026813592042,74.7,89.6,6,2.0,0.0,3.9999999999999996,0.0,10.0,5,0.0,0.0,0.0,0.0,0.0,5,0.8,0.0,1.3038404810405297,0.0,3.0,5,0.2,0.0,0.4472135954999579,0.0,1.0,5,0.8,1.0,0.8366600265340756,0.0,2.0,3,805.8666666666667,819.3,45.366985058887664,755.3,843.0,4,677.2249999999999,846.3,470.6655810303815,0.0,1016.3,4,707.175,146.64999999999998,1171.3441178833825,73.8,2461.6,4,77.55,91.9,33.95894580224775,27.3,99.1,50.5
2026-09-29T13:00,6,83.64999999999999,84.55,4.768542754343298,75.0,89.3,6,1.5,0.0,3.2093613071762426,0.0,8.0,5,0.0,0.0,0.0,0.0,0.0,5,1.4,0.0,3.1304951684997055,0.0,7.0,5,0.0,0.0,0.0,0.0,0.0,5,1.0,1.0,1.224744871391589,0.0,3.0,3,825.2666666666668,838.2,44.72519796863218,775.5,862.1,4,658.025,822.3,456.5239853136598,0.0,987.5,4,722.1999999999999,150.7,1195.7410533500413,74.2,2513.2,4,77.425,91.65,33.90490377511785,27.3,99.1,51.6
2026-09-29T14:00,6,83.98333333333333,85.3,4.597571822893759,75.2,88.7,6,1.1666666666666667,0.0,2.401388487243717,0.0,6.0,5,0.0,0.0,0.0,0.0,0.0,5,1.8,0.0,4.024922359499621,0.0,9.0,5,0.0,0.0,0.0,0.0,0.0,5,1.0,1.0,1.224744871391589,0.0,3.0,3,780.0,790.9,38.621367143072504,737.1,812.0,4,633.075,793.85,436.9562249241908,0.0,944.6,4,683.25,142.7,1129.3650295630725,72.5,2375.1,4,77.3,91.4,33.84070527239841,27.3,99.1,53.6
2026-09-29T15:00,6,84.06666666666666,85.35,4.476903691913272,75.3,88.2,6,1.6666666666666667,0.0,2.8751811537130436,0.0,7.0,5,0.0,0.0,0.0,0.0,0.0,5,2.2,0.0,4.919349550499538,0.0,11.0,5,0.0,0.0,0.0,0.0,0.0,5,1.0,1.0,1.224744871391589,0.0,3.0,3,674.0333333333334,683.9,30.6165532569121,639.7,698.5,4,598.5,751.0,411.51896675609015,0.0,892.0,4,531.825,126.95,853.6880865788551,63.0,1810.4,4,75.8,89.8,32.75454166982039,27.3,96.3,54.7
2026-09-29T16:00,6,83.76666666666668,84.8,4.355073669487877,75.2,87.6,6,2.1666666666666665,0.0,3.3714487489307423,0.0,7.0,5,0.0,0.0,0.0,0.0,0.0,5,2.6,0.0,5.813776741499454,0.0,13.0,5,0.0,0.0,0.0,0.0,0.0,5,1.2,1.0,1.6431676725154982,0.0,4.0,3,516.7666666666667,525.0,21.18592299932511,492.7,532.6,4,541.025,680.8,371.4071923105421,0.0,802.5,4,416.125,106.2,653.2320178670567,57.6,1394.5,4,71.8,84.05,29.974989574643722,27.3,91.8,56.0
2026-09-29T17:00,6,82.93333333333334,84.1,4.095200442794792,74.8,86.3,6,2.6666666666666665,0.0,4.1311822359545785,0.0,8.0,5,0.0,0.0,0.0,0.0,0.0,5,3.0,0.0,6.708203932499369,0.0,15.0,5,0.0,0.0,0.0,0.0,0.0,5,1.2,1.0,1.6431676725154982,0.0,4.0,3,323.6333333333334,328.0,9.440515522646695,312.8,330.1,4,446.37500000000006,561.15,308.00829399005914,0.0,663.2,4,270.325,79.95,404.62428972237115,45.5,875.9,4,65.60000000000001,75.1,25.9484103559351,27.3,84.9,57.9
2026-09-29T18:00,6,81.23333333333333,82.15,3.5477692521733477,74.2,84.1,6,2.6666666666666665,0.0,4.320493798938573,0.0,10.0,5,0.0,0.0,0.0,0.0,0.0,5,3.0,0.0,6.708203932499369,0.0,15.0,5,0.0,0.0,0.0,0.0,0.0,5,1.0,0.0,1.7320508075688772,0.0,4.0,3,113.76666666666667,112.2,2.8005951748393283,112.1,117.0,4,246.625,309.4,169.74267534516278,0.0,367.7,4,111.475,41.95,150.41188727402277,25.7,336.3,4,54.025000000000006,60.8,18.298155644763764,27.1,67.4,68.5
2026-09-29T19:00,6,78.83333333333334,79.85,3.0832882879592454,73.2,81.4,6,2.6666666666666665,0.0,5.202563470700446,0.0,13.0,5,0.0,0.0,0.0,0.0,0.0,5,2.6,0.0,5.813776741499454,0.0,13.0,5,0.0,0.0,0.0,0.0,0.0,5,1.0,0.0,1.4142135623730951,0.0,3.0,4,0.0,0.0,0.0,0.0,0.0,4,0.0,0.0,0.0,0.0,0.0,4,0.0,0.0,0.0,0.0,0.0,4,37.1,36.7,6.060253020020423,30.1,44.9,86.6
2026-09-29T20:00,6,76.35,76.85,2.885654171933985,72.1,79.1,6,3.0,0.0,6.870225614927067,0.0,17.0,5,0.0,0.0,0.0,0.0,0.0,5,2.6,0.0,5.813776741499454,0.0,13.0,5,0.0,0.0,0.0,0.0,0.0,5,1.0,0.0,1.4142135623730951,0.0,3.0,4,0.0,0.0,0.0,0.0,0.0,4,0.0,0.0,0.0,0.0,0.0,4,0.0,0.0,0.0,0.0,0.0,4,0.0,0.0,0.0,0.0,0.0,86.1
2026-09-29T21:00,6,74.2,73.85,3.0522123124055454,71.0,78.0,6,3.6666666666666665,0.0,8.500980335624043,0.0,21.0,5,0.0,0.0,0.0,0.0,0.0,5,2.6,0.0,5.813776741499454,0.0,13.0,5,0.2,0.0,0.4472135954999579,0.0,1.0,5,1.0,0.0,1.7320508075688772,0.0,4.0,4,0.0,0.0,0.0,0.0,0.0,4,0.0,0.0,0.0,0.0,0.0,4,0.0,0.0,0.0,0.0,0.0,4,0.0,0.0,0.0,0.0,0.0,84.4
2026-09-29T22:00,6,72.35000000000001,71.7,3.492706686797501,68.4,77.3,6,4.333333333333333,0.0,10.132456102380441,0.0,25.0,5,0.0,0.0,0.0,0.0,0.0,5,2.2,0.0,4.919349550499538,0.0,11.0,5,0.2,0.0,0.4472135954999579,0.0,1.0,5,1.2,0.0,2.16794833886788,0.0,5.0,4,0.0,0.0,0.0,0.0,0.0,4,0.0,0.0,0.0,0.0,0.0,4,0.0,0.0,0.0,0.0,0.0,4,0.0,0.0,0.0,0.0,0.0,81.8
2026-09-29T23:00,6,70.94999999999999,70.4,3.918545648579327,66.0,76.8,6,5.0,0.0,11.29601699715435,0.0,28.0,5,0.0,0.0,0.0,0.0,0.0,5,2.2,0.0,4.919349550499538,0.0,11.0,5,0.2,0.0,0.4472135954999579,0.0,1.0,5,1.0,0.0,2.23606797749979,0.0,5.0,4,0.0,0.0,0.0,0.0,0.0,4,0.0,0.0,0.0,0.0,0.0,4,0.0,0.0,0.0,0.0,0.0,4,0.0,0.0,0.0,0.0,0.0,79.7
2026-09-30T00:00,6,69.81666666666666,69.4,4.124762619432377,64.4,76.2,6,5.666666666666667,0.0,12.468627296806439,0.0,31.0,5,0.0,0.0,0.0,0.0,0.0,5,2.6,0.0,5.813776741499454,0.0,13.0,5,0.2,0.0,0.4472135954999579,0.0,1.0,5,2.2,2.0,1.7888543819998317,0.0,5.0,4,0.0,0.0,0.0,0.0,0.0,4,0.0,0.0,0.0,0.0,0.0,4,0.0,0.0,0.0,0.0,0.0,4,0.0,0.0,0.0,0.0,0.0,78.2
2026-09-30T01:00,6,68.88333333333333,68.5,4.290648746596095,63.1,75.8,6,6.333333333333333,0.0,14.094916341243984,0.0,35.0,5,0.2,0.0,0.4472135954999579,0.0,1.0,5,3.0,0.0,6.708203932499369,0.0,15.0,5,0.2,0.0,0.4472135954999579,0.0,1.0,5,2.4,2.0,1.6733200530681511,0.0,4.0,4,0.0,0.0,0.0,0.0,0.0,4,0.0,0.0,0.0,0.0,0.0,4,0.0,0.0,0.0,0.0,0.0,4,0.0,0.0,0.0,0.0,0.0,76.5
2026-09-30T02:00,6,68.14999999999999,67.75,4.489432035347009,62.1,75.7,6,8.5,2.0,15.280706789936126,0.0,39.0,5,2.4,0.0,4.33589667773576,0.0,10.0,5,3.6,0.0,7.503332592921629,0.0,17.0,5,0.4,0.0,0.8944271909999159,0.0,2.0,5,2.6,2.0,2.1908902300206643,0.0,6.0,4,0.0,0.0,0.0,0.0,0.0,4,0.0,0.0,0.0,0.0,0.0,4,0.0,0.0,0.0,0.0,0.0,4,0.0,0.0,0.0,0.0,0.0,75.1
2026-09-30T03:00,6,67.85,67.30000000000001,4.835183553909825,61.7,76.4,6,12.5,2.5,17.941571837495175,0.0,41.0,5,3.4,0.0,6.54217089351845,0.0,15.0,5,4.4,0.0,9.289779329994873,0.0,21.0,5,0.4,0.0,0.8944271909999159,0.0,2.0,5,2.2,2.0,1.7888543819998317,0.0,5.0,4,0.0,0.0,0.0,0.0,0.0,4,0.0,0.0,0.0,0.0,0.0,4,0.0,0.0,0.0,0.0,0.0,4,0.0,0.0,0.0,0.0,0.0,72.1
2026-09-30T04:00,6,68.0,67.30000000000001,5.115075757014749,61.9,77.3,6,17.833333333333332,3.0,25.848920029019908,0.0,58.0,5,4.6,0.0,8.706319543871567,0.0,20.0,5,5.4,0.0,11.523888232710346,0.0,26.0,5,1.6,0.0,2.6076809620810595,0.0,6.0,5,1.8,2.0,1.4832396974191326,0.0,4.0,4,0.0,0.0,0.0,0.0,0.0,4,0.0,0.0,0.0,0.0,0.0,4,0.0,0.0,0.0,0.0,0.0,4,0.0,0.0,0.0,0.0,0.0,65.6
2026-09-30T05:00,6,68.68333333333334,67.9,5.2082306656547654,62.7,78.2,6,21.5,3.0,33.20090360216119,0.0,80.0,5,2.6,0.0,4.33589667773576,0.0,10.0,5,5.4,0.0,11.523888232710346,0.0,26.0,5,3.4,0.0,6.54217089351845,0.0,15.0,5,1.4,2.0,1.3416407864998738,0.0,3.0,4,0.0,0.0,0.0,0.0,0.0,4,0.0,0.0,0.0,0.0,0.0,4,0.0,0.0,0.0,0.0,0.0,4,0.0,0.0,0.0,0.0,0.0,60.0
2026-09-30T06:00,6,69.93333333333332,69.25,4.91718076408288,64.7,78.6,6,23.0,3.0,37.218275080933026,0.0,92.0,5,0.6,0.0,1.3416407864998738,0.0,3.0,5,4.2,0.0,8.843076387773658,0.0,20.0,5,3.4,0.0,6.54217089351845,0.0,15.0,5,1.6,2.0,1.6733200530681511,0.0,4.0,4,0.0,0.0,0.0,0.0,0.0,4,0.0,0.0,0.0,0.0,0.0,4,0.0,0.0,0.0,0.0,0.0,4,0.0,0.0,0.0,0.0,0.0,59.6
2026-09-30T07:00,6,71.93333333333334,71.4,4.6594706423226535,67.0,79.0,6,23.5,3.5,39.04740708420983,0.0,98.0,5,0.6,0.0,0.8944271909999159,0.0,2.0,5,3.6,0.0,7.503332592921629,0.0,17.0,5,1.6,0.0,2.6076809620810595,0.0,6.0,5,2.0,2.0,1.8708286933869707,0.0,5.0,4,6.6,0.0,13.200000000000001,0.0,26.4,4,0.0,0.0,0.0,0.0,0.0,4,6.6,0.0,13.200000000000001,0.0,26.4,4,5.15,0.0,10.3,0.0,20.6,58.6
2026-09-30T08:00,6,74.73333333333333,74.35,4.620245303732981,69.3,80.0,6,21.333333333333332,3.0,36.494748480660434,0.0,92.0,5,0.6,0.0,0.8944271909999159,0.0,2.0,5,3.2,0.0,6.610597552415364,0.0,15.0,5,0.4,0.0,0.8944271909999159,0.0,2.0,5,2.2,2.0,2.280350850198276,0.0,6.0,4,193.60000000000002,191.8,25.224326882330615,170.0,220.8,4,805.675,774.45,171.38112255049174,648.0,1025.8,4,78.35,82.25,47.10714736994095,28.5,120.4,4,76.875,77.75,10.082121139257687,63.8,88.2,39.9
2026-09-30T09:00,6,78.23333333333333,78.15,4.691126375047541,72.6,83.5,6,16.166666666666668,3.5,26.049312211009845,0.0,66.0,5,0.6,0.0,0.8944271909999159,0.0,2.0,5,2.8,0.0,5.718391382198319,0.0,13.0,5,0.4,0.0,0.8944271909999159,0.0,2.0,5,2.2,2.0,2.280350850198276,0.0,6.0,3,399.09999999999997,399.2,0.2645751311064521,398.8,399.3,4,672.425,848.0,467.59906882570533,0.0,993.7,4,296.45000000000005,110.85,406.54310554560715,61.4,902.7,4,69.725,79.25,29.179716128388456,27.3,93.1,41.7
2026-09-30T10:00,6,81.83333333333333,82.55000000000001,5.054371045606628,73.9,87.2,6,8.666666666666666,3.0,11.63901484949077,0.0,28.0,5,0.4,0.0,0.894427190999916,0.0,2.0,5,2.4,0.0,4.8270073544588685,0.0,11.0,5,0.4,0.0,0.8944271909999159,0.0,2.0,5,2.4,2.0,2.1908902300206643,0.0,6.0,3,574.1333333333333,582.2,17.82591746119487,553.7,586.5,4,667.4499999999999,838.7,460.02461890642326,0.0,992.4,4,412.775,133.15,601.3547781190956,72.5,1312.3,4,72.875,84.85,30.725274612279712,27.3,94.5,48.4
2026-09-30T11:00,6,84.4,86.19999999999999,5.6302753041037,74.8,89.7,6,3.5,1.0,5.856620185738529,0.0,15.0,5,0.4,0.0,0.894427190999916,0.0,2.0,5,2.0,0.0,3.9370039370059056,0.0,9.0,5,0.4,0.0,0.8944271909999159,0.0,2.0,5,2.4,2.0,2.1908902300206643,0.0,6.0,3,706.5666666666667,718.1,29.633989494047835,672.9,728.7,4,659.4,824.3499999999999,454.10131762269384,0.0,988.9,4,498.075,151.9,743.9670170780422,77.0,1611.5,4,75.1,88.9,32.09070478087593,27.3,95.3,49.1
2026-09-30T12:00,6,85.53333333333335,87.80000000000001,5.8939517020982315,75.3,91.1,6,3.3333333333333335,1.0,5.465040408511785,0.0,14.0,5,0.4,0.0,0.894427190999916,0.0,2.0,5,2.0,0.0,3.9370039370059056,0.0,9.0,5,0.4,0.0,0.8944271909999159,0.0,2.0,5,2.8,2.0,1.7888543819998317,2.0,6.0,3,795.1,816.2,41.85008960563888,746.9,822.2,4,668.9000000000001,840.25,464.6483616671859,0.0,995.1,4,652.25,148.55,1059.8057133267398,72.8,2239.1,4,76.925,91.5,33.792738371825784,26.9,97.8,46.9
2026-09-30T13:00,6,85.89999999999999,88.25,5.969254559825708,75.6,91.7,6,3.1666666666666665,1.0,5.076087732365022,0.0,13.0,5,0.4,0.0,0.894427190999916,0.0,2.0,5,2.4,0.0,4.8270073544588685,0.0,11.0,5,0.4,0.0,0.8944271909999159,0.0,2.0,5,3.0,2.0,2.0,1.0,6.0,3,813.7666666666668,834.1,40.34567304350413,767.3,839.9,4,650.075,817.25,450.5189405933266,0.0,965.8,4,665.525,151.85,1081.7084122658316,73.2,2285.2,4,76.875,91.5,33.995232508887675,26.6,97.9,47.1
2026-09-30T14:00,6,86.05,88.30000000000001,6.0652287673260945,75.7,91.8,6,3.1666666666666665,0.5,5.52871293039046,0.0,14.0,5,0.2,0.0,0.447213595499958,0.0,1.0,5,2.8,0.0,5.718391382198319,0.0,13.0,5,0.4,0.0,0.8944271909999159,0.0,2.0,5,3.4,2.0,2.4083189157584592,1.0,6.0,3,767.7666666666665,785.8,34.399467050135094,728.1,789.4,4,624.375,788.25,430.5141915972883,0.0,921.0,4,629.0250000000001,143.4,1020.1420370876467,72.5,2156.8,4,76.625,91.25,34.11767625928433,26.2,97.8,47.3
2026-09-30T15:00,6,86.23333333333333,89.30000000000001,6.339295439295023,75.5,91.3,6,7.0,2.5,9.2951600308978,0.0,22.0,5,0.2,0.0,0.447213595499958,0.0,1.0,5,3.2,0.0,6.610597552415364,0.0,15.0,5,0.4,0.0,0.8944271909999159,0.0,2.0,5,3.8,2.0,3.03315017762062,1.0,8.0,3,661.5666666666667,677.0,27.33977566355172,630.0,677.7,4,588.575,744.25,404.2890251210554,0.0,865.8,4,627.275,126.85,1043.284363201136,64.8,2190.6,4,74.825,88.55,33.12002163847924,25.8,96.4,44.8
2026-09-30T16:00,6,86.28333333333335,89.6,6.720243051160177,75.2,91.9,6,12.166666666666666,2.0,20.595306908775765,0.0,52.0,5,0.0,0.0,0.0,0.0,0.0,5,6.0,0.0,12.864680330268607,0.0,29.0,5,0.4,0.0,0.8944271909999159,0.0,2.0,5,3.8,2.0,3.6331804249169903,0.0,9.0,3,504.4666666666667,513.6,19.113433321445264,482.5,517.3,4,529.5,672.0999999999999,363.38223218350487,0.0,773.8,4,414.275,105.65,649.1457174625741,59.3,1386.5,4,70.7,82.44999999999999,30.40076753417036,25.7,92.2,36.6
2026-09-30T17:00,6,85.88333333333334,89.1,6.947061729009371,74.8,92.8,6,15.0,2.0,26.884940022250372,0.0,68.0,5,0.0,0.0,0.0,0.0,0.0,5,8.0,0.0,17.334935823359714,0.0,39.0,5,0.4,0.0,0.8944271909999159,0.0,2.0,5,4.0,2.0,4.0,0.0,10.0,4,374.0,317.79999999999995,121.79690745937133,304.0,556.4,4,434.95000000000005,552.1,300.29745808670003,0.0,635.6,4,189.625,78.4,246.04818464411937,45.3,556.4,4,64.425,73.44999999999999,26.545982119082854,25.5,85.3,17.2
2026-09-30T18:00,6,84.66666666666666,87.30000000000001,6.8424167270538785,74.2,92.5,6,13.5,2.5,22.178818724179155,0.0,56.0,5,0.0,0.0,0.0,0.0,0.0,5,7.2,0.0,15.546703830716016,0.0,35.0,5,0.8,0.0,1.0954451150103321,0.0,2.0,5,4.2,3.0,3.03315017762062,1.0,9.0,4,111.975,107.9,11.400986799395925,103.6,128.5,4,312.625,323.0,40.996940942790694,256.7,347.8,4,40.075,39.6,17.253284711420413,23.6,57.5,4,62.849999999999994,63.75,4.61483116339771,56.8,67.1,57.1
2026-09-30T19:00,6,82.75,84.55000000000001,6.584451381854076,73.3,91.4,6,9.333333333333334,2.5,12.80104162428459,0.0,29.0,5,0.0,0.0,0.0,0.0,0.0,5,5.4,0.0,11.523888232710346,0.0,26.0,5,1.2,0.0,1.7888543819998317,0.0,4.0,5,4.0,3.0,2.345207879911715,2.0,8.0,4,0.0,0.0,0.0,0.0,0.0,4,0.0,0.0,0.0,0.0,0.0,4,0.0,0.0,0.0,0.0,0.0,4,28.75,31.3,9.480330514632215,15.7,36.7,70.3
2026-09-30T20:00,6,80.64999999999999,81.75,6.45995356020459,72.2,90.3,6,6.666666666666667,3.5,9.500877152487904,0.0,25.0,5,0.0,0.0,0.0,0.0,0.0,5,4.4,0.0,8.763560920082657,0.0,20.0,5,1.8,0.0,3.03315017762062,0.0,7.0,5,3.6,3.0,1.3416407864998738,3.0,6.0,4,0.0,0.0,0.0,0.0,0.0,4,0.0,0.0,0.0,0.0,0.0,4,0.0,0.0,0.0,0.0,0.0,4,0.0,0.0,0.0,0.0,0.0,73.0
2026-09-30T21:00,6,78.63333333333334,79.05,6.437908563086821,71.2,89.3,6,5.833333333333333,1.5,10.571975532825768,0.0,27.0,5,0.0,0.0,0.0,0.0,0.0,5,4.4,0.0,8.763560920082657,0.0,20.0,5,2.4,0.0,3.9115214431215892,0.0,9.0,5,3.2,3.0,0.8366600265340756,2.0,4.0,4,0.0,0.0,0.0,0.0,0.0,4,0.0,0.0,0.0,0.0,0.0,4,0.0,0.0,0.0,0.0,0.0,4,0.0,0.0,0.0,0.0,0.0,72.3
2026-09-30T22:00,6,76.75,76.6,6.481589311272352,70.2,88.2,6,6.5,2.0,11.726039399558575,0.0,30.0,5,0.0,0.0,0.0,0.0,0.0,5,4.6,0.0,8.706319543871567,0.0,20.0,5,2.8,0.0,4.764451699828638,0.0,11.0,5,2.8,3.0,1.4832396974191326,1.0,5.0,4,0.0,0.0,0.0,0.0,0.0,4,0.0,0.0,0.0,0.0,0.0,4,0.0,0.0,0.0,0.0,0.0,4,0.0,0.0,0.0,0.0,0.0,71.4
2026-09-30T23:00,6,75.25,74.75,6.5384248867751005,69.4,87.2,6,7.0,2.0,12.505998560690786,0.0,32.0,5,0.0,0.0,0.0,0.0,0.0,5,4.6,0.0,8.706319543871567,0.0,20.0,5,3.0,0.0,5.196152422706632,0.0,12.0,5,2.4,3.0,2.5099800796022267,0.0,6.0,4,0.0,0.0,0.0,0.0,0.0,4,0.0,0.0,0.0,0.0,0.0,4,0.0,0.0,0.0,0.0,0.0,4,0.0,0.0,0.0,0.0,0.0,70.6
2026-10-01T00:00,6,74.05,73.4,6.567115043913881,67.8,86.2,6,9.0,5.5,12.774975538137051,0.0,34.0,5,0.0,0.0,0.0,0.0,0.0,5,5.2,0.0,9.549869109050658,0.0,22.0,5,2.8,0.0,4.764451699828638,0.0,11.0,5,2.4,3.0,2.5099800796022267,0.0,6.0,4,0.0,0.0,0.0,0.0,0.0,4,0.0,0.0,0.0,0.0,0.0,4,0.0,0.0,0.0,0.0,0.0,4,0.0,0.0,0.0,0.0,0.0,70.4
2026-10-01T01:00,6,72.95,72.3,6.578677678682853,66.3,85.2,6,11.833333333333334,5.5,14.86494758371743,0.0,36.0,5,0.2,0.0,0.4472135954999579,0.0,1.0,5,5.2,0.0,9.549869109050658,0.0,22.0,5,2.4,0.0,3.9115214431215892,0.0,9.0,5,2.4,3.0,2.5099800796022267,0.0,6.0,4,0.0,0.0,0.0,0.0,0.0,4,0.0,0.0,0.0,0.0,0.0,4,0.0,0.0,0.0,0.0,0.0,4,0.0,0.0,0.0,0.0,0.0,68.8
2026-10-01T02:00,6,72.06666666666668,71.55000000000001,6.666833331250053,64.8,84.4,6,14.166666666666666,5.5,18.093276836069986,0.0,38.0,5,0.2,0.0,0.4472135954999579,0.0,1.0,5,6.0,0.0,10.8397416943394,0.0,25.0,5,2.2,0.0,3.1937438845342623,0.0,7.0,5,2.4,3.0,2.5099800796022267,0.0,6.0,4,0.0,0.0,0.0,0.0,0.0,4,0.0,0.0,0.0,0.0,0.0,4,0.0,0.0,0.0,0.0,0.0,4,0.0,0.0,0.0,0.0,0.0,66.2
2026-10-01T03:00,6,71.41666666666667,70.9,6.780978297168241,63.7,83.9,6,16.0,6.0,20.75572210259137,0.0,45.0,5,0.4,0.0,0.8944271909999159,0.0,2.0,5,6.2,0.0,10.825894882179487,0.0,25.0,5,1.6,0.0,2.1908902300206643,0.0,4.0,5,2.2,3.0,2.16794833886788,0.0,5.0,4,0.0,0.0,0.0,0.0,0.0,4,0.0,0.0,0.0,0.0,0.0,4,0.0,0.0,0.0,0.0,0.0,4,0.0,0.0,0.0,0.0,0.0,64.0
2026-10-01T04:00,6,71.21666666666665,70.65,6.8735483315873065,63.2,83.8,6,17.333333333333332,6.5,22.659802882343584,0.0,51.0,5,0.4,0.0,0.8944271909999159,0.0,2.0,5,8.2,0.0,15.20526224699857,0.0,35.0,5,1.2,0.0,1.7888543819998317,0.0,4.0,5,2.2,3.0,2.16794833886788,0.0,5.0,4,0.0,0.0,0.0,0.0,0.0,4,0.0,0.0,0.0,0.0,0.0,4,0.0,0.0,0.0,0.0,0.0,4,0.0,0.0,0.0,0.0,0.0,62.3
2026-10-01T05:00,6,71.49999999999999,70.80000000000001,6.801470429252782,63.5,83.8,6,18.333333333333332,7.0,24.146773421446323,0.0,56.0,5,0.4,0.0,0.8944271909999159,0.0,2.0,5,9.8,0.0,18.253766734567417,0.0,42.0,5,0.8,0.0,1.7888543819998317,0.0,4.0,5,2.0,3.0,1.8708286933869707,0.0,4.0,4,0.0,0.0,0.0,0.0,0.0,4,0.0,0.0,0.0,0.0,0.0,4,0.0,0.0,0.0,0.0,0.0,4,0.0,0.0,0.0,0.0,0.0,61.5
2026-10-01T06:00,5,73.0,73.6,7.04166173569847,65.0,83.7,5,11.2,2.0,16.754103974847474,0.0,39.0,5,0.4,0.0,0.8944271909999159,0.0,2.0,5,11.6,4.0,19.51409746824075,0.0,46.0,5,0.8,0.0,1.7888543819998317,0.0,4.0,5,1.4,1.0,1.51657508881031,0.0,4.0,3,0.0,0.0,0.0,0.0,0.0,3,0.0,0.0,0.0,0.0,0.0,3,0.0,0.0,0.0,0.0,0.0,3,0.0,0.0,0.0,0.0,0.0,66.0
2026-10-01T07:00,5,74.96,76.4,6.414280941773598,67.6,83.8,5,11.4,5.0,15.565988564816564,0.0,37.0,5,0.4,0.0,0.8944271909999159,0.0,2.0,5,12.0,9.0,17.363755354185336,0.0,42.0,5,0.8,0.0,1.7888543819998317,0.0,4.0,5,1.4,1.0,1.140175425099138,0.0,3.0,3,9.566666666666666,0.0,16.569952725742258,0.0,28.7,3,0.0,0.0,0.0,0.0,0.0,3,9.566666666666666,0.0,16.569952725742258,0.0,28.7,3,8.1,0.0,14.029611541307908,0.0,24.3,66.5
2026-10-01T08:00,5,77.53999999999999,79.7,6.259632577076702,70.9,85.1,5,11.8,9.0,14.446452851824906,0.0,35.0,4,0.25,0.0,0.5,0.0,1.0,4,6.25,5.0,7.5,0.0,15.0,4,1.0,0.0,2.0,0.0,4.0,5,1.6,1.0,1.3416407864998738,0.0,3.0,3,176.26666666666665,160.7,31.031328256027553,156.1,212.0,3,760.8333333333334,794.7,89.3508440549575,659.5,828.3,3,68.39999999999999,48.2,42.743771476087595,39.5,117.5,3,74.46666666666667,76.9,10.464384039843594,63.0,83.5,56.9
2026-10-01T09:00,5,80.58,83.0,6.8327885961736,72.7,88.5,5,12.0,12.0,13.2664991614216,0.0,32.0,4,0.25,0.0,0.5,0.0,1.0,4,7.75,5.0,10.012492197250394,0.0,21.0,4,1.0,0.0,2.0,0.0,4.0,5,1.8,1.0,1.6431676725154984,0.0,4.0,3,377.09999999999997,384.5,13.60404351654317,361.4,385.4,3,815.8333333333334,814.1,145.30775386514418,671.4,962.0,3,102.06666666666668,88.4,48.85533065422169,61.5,156.3,3,81.39999999999999,80.3,5.828378848359122,76.2,87.7,52.8
2026-10-01T10:00,5,83.54,86.1,7.857035064195651,73.9,93.0,5,11.8,15.0,12.19426094521517,0.0,29.0,4,0.0,0.0,0.0,0.0,0.0,4,9.0,5.5,11.86029791643813,0.0,25.0,4,1.0,0.0,2.0,0.0,4.0,5,1.8,1.0,1.9235384061671346,0.0,5.0,3,545.3000000000001,533.0,22.0006818076168,532.2,570.7,3,816.3000000000001,800.2,144.0264906189136,681.0,967.7,3,124.73333333333333,122.0,53.6522444389173,72.5,179.7,3,85.5,85.0,3.4770677301427453,82.3,89.2,49.3
2026-10-01T11:00,5,85.56,88.2,8.635565991873378,74.7,96.2,5,11.4,15.0,11.260550608207398,0.0,26.0,4,0.0,0.0,0.0,0.0,0.0,4,9.5,5.5,12.767145334803704,0.0,27.0,4,1.0,0.0,2.0,0.0,4.0,5,2.0,1.0,1.7320508075688772,1.0,5.0,3,673.7666666666668,666.1,32.387857807106265,645.9,709.3,3,811.2999999999998,797.2,146.55957832908769,672.3,964.4,3,141.70000000000002,144.3,63.439971626727576,77.0,203.8,3,88.43333333333334,90.2,5.181055233572915,82.6,92.5,47.8
2026-10-01T12:00,5,86.48,89.7,8.826777441399551,75.1,97.0,5,10.6,14.0,9.864076236526156,0.0,23.0,4,0.25,0.0,0.5,0.0,1.0,4,8.75,5.0,11.81453906563152,0.0,25.0,4,1.0,0.0,2.0,0.0,4.0,5,2.6,2.0,1.3416407864998738,2.0,5.0,3,769.7999999999998,791.2,46.18181460271997,716.8,801.4,3,851.6999999999999,927.6,170.34297754823942,656.6,970.9,3,131.43333333333334,96.7,80.8071985242239,73.8,223.8,3,92.2,96.1,8.637708029332787,82.3,98.2,44.5
2026-10-01T13:00,5,86.76,90.8,8.664467669741752,75.3,96.4,5,9.2,12.0,7.981227975693966,0.0,19.0,4,0.5,0.0,1.0,0.0,2.0,4,7.5,4.5,9.9498743710662,0.0,21.0,4,1.0,0.0,2.0,0.0,4.0,5,2.4,2.0,0.8944271909999159,2.0,4.0,3,789.2333333333332,814.9,46.90174126120832,735.1,817.7,3,831.2666666666668,912.8,165.42648921298348,640.9,940.1,3,132.63333333333333,94.2,83.56472541289976,75.2,228.5,3,92.23333333333333,96.5,8.99407212186634,81.9,98.3,46.2
2026-10-01T14:00,5,86.74,90.7,8.581841294267806,75.3,95.9,5,7.6,9.0,6.06630035524124,0.0,15.0,4,0.75,0.0,1.5,0.0,3.0,4,5.75,4.0,7.22841614740048,0.0,15.0,4,1.0,0.0,2.0,0.0,4.0,5,2.2,2.0,0.44721359549995787,2.0,3.0,3,745.9333333333334,767.9,42.45118765515672,697.0,772.9,3,801.6999999999999,881.1,151.5924800245712,626.9,897.1,3,125.36666666666667,90.8,75.44337832661878,73.4,211.9,3,92.10000000000001,96.5,9.132907532653553,81.6,98.2,49.6
2026-10-01T15:00,5,86.57999999999998,90.1,8.74139576955534,75.1,96.1,5,6.2,5.0,4.8166378315169185,0.0,12.0,4,1.0,0.0,2.0,0.0,4.0,4,3.75,3.0,4.5,0.0,9.0,4,1.0,0.0,2.0,0.0,4.0,5,1.8,2.0,0.4472135954999579,1.0,2.0,3,644.1333333333333,657.8,34.77604539526212,604.6,670.0,3,759.4666666666666,829.9,133.6777593069742,605.3,843.2,3,110.16666666666667,86.1,61.06687590939407,64.8,179.6,3,89.96666666666665,93.9,8.055639846302297,80.7,95.3,53.4
2026-10-01T16:00,5,86.17999999999999,89.0,8.902920869018214,74.8,96.2,5,5.0,5.0,4.06201920231798,0.0,9.0,4,1.25,0.0,2.5,0.0,5.0,4,2.25,2.0,2.6299556396765835,0.0,5.0,4,1.0,0.0,2.0,0.0,4.0,5,1.4,2.0,0.8944271909999159,0.0,2.0,3,491.2666666666667,497.2,24.446131254931437,464.4,512.2,3,685.4666666666667,751.7,115.15278256878267,552.5,752.2,3,92.33333333333333,74.0,45.18155966025669,59.2,143.8,3,84.60000000000001,84.8,6.602272336097618,77.9,91.1,57.2
2026-10-01T17:00,5,85.46,87.7,8.994887436760955,74.3,96.1,5,4.4,5.0,4.277849927241488,0.0,9.0,4,1.25,0.0,2.5,0.0,5.0,4,1.0,0.0,2.0,0.0,4.0,4,1.0,0.0,2.0,0.0,4.0,5,1.2,2.0,1.0954451150103321,0.0,2.0,3,304.06666666666666,302.9,11.89299513719455,292.8,316.5,3,562.9333333333333,614.9,99.06292612947252,448.7,625.2,3,68.3,53.8,32.84524318679952,45.2,105.9,3,76.56666666666666,73.3,6.633500835406093,72.2,84.2,60.4
2026-10-01T18:00,5,84.26,85.9,8.912238775975426,73.7,95.3,5,4.8,5.0,4.868264577855234,0.0,11.0,4,1.25,0.0,2.5,0.0,5.0,4,1.0,0.0,2.0,0.0,4.0,4,1.0,0.0,2.0,0.0,4.0,5,1.2,2.0,1.0954451150103321,0.0,2.0,3,100.73333333333333,101.2,4.219399641339199,96.3,104.7,3,294.40000000000003,315.5,42.93285455219583,245.0,322.7,3,34.6,29.8,13.934489585198301,23.7,50.3,3,60.833333333333336,60.8,4.250098038084924,56.6,65.1,66.6
2026-10-01T19:00,5,82.52,83.5,8.781343860708335,72.7,94.1,5,5.4,4.0,6.308724118235001,0.0,15.0,4,1.0,0.0,2.0,0.0,4.0,4,1.0,0.0,2.0,0.0,4.0,4,1.0,0.0,2.0,0.0,4.0,5,1.4,2.0,1.3416407864998738,0.0,3.0,3,0.0,0.0,0.0,0.0,0.0,3,0.0,0.0,0.0,0.0,0.0,3,0.0,0.0,0.0,0.0,0.0,3,31.933333333333334,34.9,5.400308633155453,25.7,35.2,70.5
2026-10-01T20:00,5,80.5,80.7,8.689073598491385,71.6,92.8,5,6.0,3.0,7.968688725254614,0.0,19.0,4,0.75,0.0,1.5,0.0,3.0,4,1.0,0.0,2.0,0.0,4.0,4,1.0,0.0,2.0,0.0,4.0,5,1.6,2.0,1.140175425099138,0.0,3.0,3,0.0,0.0,0.0,0.0,0.0,3,0.0,0.0,0.0,0.0,0.0,3,0.0,0.0,0.0,0.0,0.0,3,0.0,0.0,0.0,0.0,0.0,69.3
2026-10-01T21:00,5,78.47999999999999,77.9,8.759109543783548,70.5,91.7,5,7.2,2.0,10.61602562167217,0.0,25.0,4,0.5,0.0,1.0,0.0,2.0,4,1.25,0.0,2.5,0.0,5.0,4,0.75,0.0,1.5,0.0,3.0,5,1.8,2.0,1.0954451150103321,0.0,3.0,3,0.0,0.0,0.0,0.0,0.0,3,0.0,0.0,0.0,0.0,0.0,3,0.0,0.0,0.0,0.0,0.0,3,0.0,0.0,0.0,0.0,0.0,67.4
2026-10-01T22:00,5,76.54,75.3,8.826834087032566,68.7,90.4,5,7.8,1.0,12.437845472588894,0.0,29.0,4,0.25,0.0,0.5,0.0,1.0,4,1.25,0.0,2.5,0.0,5.0,4,0.75,0.0,1.5,0.0,3.0,5,2.0,2.0,1.4142135623730951,0.0,4.0,3,0.0,0.0,0.0,0.0,0.0,3,0.0,0.0,0.0,0.0,0.0,3,0.0,0.0,0.0,0.0,0.0,3,0.0,0.0,0.0,0.0,0.0,66.1
2026-10-01T23:00,5,75.08,73.3,8.88718178051963,67.1,89.4,5,8.6,0.0,14.310835055998654,0.0,33.0,4,0.0,0.0,0.0,0.0,0.0,4,1.5,0.0,3.0,0.0,6.0,4,0.75,0.0,1.5,0.0,3.0,5,2.2,2.0,1.4832396974191326,0.0,4.0,3,0.0,0.0,0.0,0.0,0.0,3,0.0,0.0,0.0,0.0,0.0,3,0.0,0.0,0.0,0.0,0.0,3,0.0,0.0,0.0,0.0,0.0,64.8
2026-10-02T00:00,5,73.92,71.7,9.041681259588842,65.7,88.7,5,9.4,0.0,15.614096195425466,0.0,36.0,4,0.0,0.0,0.0,0.0,0.0,4,1.75,0.0,3.5,0.0,7.0,4,0.75,0.0,1.5,0.0,3.0,5,1.8,1.0,1.6431676725154984,0.0,4.0,3,0.0,0.0,0.0,0.0,0.0,3,0.0,0.0,0.0,0.0,0.0,3,0.0,0.0,0.0,0.0,0.0,3,0.0,0.0,0.0,0.0,0.0,63.8
2026-10-02T01:00,5,72.78,70.1,9.321319649062573,64.0,88.1,5,10.0,0.0,16.492422502470642,0.0,38.0,4,0.25,0.0,0.5,0.0,1.0,4,2.0,0.0,4.0,0.0,8.0,4,0.75,0.0,1.5,0.0,3.0,5,1.6,1.0,1.3416407864998738,0.0,3.0,3,0.0,0.0,0.0,0.0,0.0,3,0.0,0.0,0.0,0.0,0.0,3,0.0,0.0,0.0,0.0,0.0,3,0.0,0.0,0.0,0.0,0.0,63.2
2026-10-02T02:00,5,71.84,68.7,9.547931713203646,62.7,87.6,5,11.0,0.0,17.832554500127006,0.0,41.0,4,0.25,0.0,0.5,0.0,1.0,4,2.25,0.0,4.5,0.0,9.0,4,0.75,0.0,1.5,0.0,3.0,5,1.6,1.0,1.3416407864998738,0.0,3.0,3,0.0,0.0,0.0,0.0,0.0,3,0.0,0.0,0.0,0.0,0.0,3,0.0,0.0,0.0,0.0,0.0,3,0.0,0.0,0.0,0.0,0.0,62.3
2026-10-02T03:00,5,71.12,67.8,9.591246008731089,61.7,86.9,5,11.4,0.0,18.297540818372287,0.0,42.0,4,0.5,0.0,1.0,0.0,2.0,4,2.5,0.0,5.0,0.0,10.0,4,0.75,0.0,1.5,0.0,3.0,5,1.6,1.0,1.3416407864998738,0.0,3.0,3,0.0,0.0,0.0,0.0,0.0,3,0.0,0.0,0.0,0.0,0.0,3,0.0,0.0,0.0,0.0,0.0,3,0.0,0.0,0.0,0.0,0.0,61.9
2026-10-02T04:00,5,70.82000000000001,67.6,9.466097400724335,61.3,86.3,5,11.8,0.0,18.7669923003128,0.0,43.0,4,0.5,0.0,1.0,0.0,2.0,4,2.75,0.0,5.5,0.0,11.0,4,0.75,0.0,1.5,0.0,3.0,5,1.4,1.0,1.140175425099138,0.0,3.0,3,0.0,0.0,0.0,0.0,0.0,3,0.0,0.0,0.0,0.0,0.0,3,0.0,0.0,0.0,0.0,0.0,3,0.0,0.0,0.0,0.0,0.0,61.6
2026-10-02T05:00,5,71.08,68.1,9.051077283948027,61.9,85.8,5,11.8,0.0,18.41738309315414,0.0,42.0,4,0.5,0.0,1.0,0.0,2.0,4,2.75,0.0,5.5,0.0,11.0,4,0.75,0.0,1.5,0.0,3.0,5,1.4,1.0,1.140175425099138,0.0,3.0,3,0.0,0.0,0.0,0.0,0.0,3,0.0,0.0,0.0,0.0,0.0,3,0.0,0.0,0.0,0.0,0.0,3,0.0,0.0,0.0,0.0,0.0,61.8
2026-10-02T06:00,5,72.14,69.9,8.28148537401353,63.8,85.5,5,11.8,2.0,17.29739864835172,0.0,40.0,4,1.0,1.0,1.1547005383792515,0.0,2.0,4,2.75,0.0,5.5,0.0,11.0,4,0.75,0.0,1.5,0.0,3.0,5,1.4,1.0,1.140175425099138,0.0,3.0,3,0.0,0.0,0.0,0.0,0.0,3,0.0,0.0,0.0,0.0,0.0,3,0.0,0.0,0.0,0.0,0.0,3,0.0,0.0,0.0,0.0,0.0,62.6
2026-10-02T07:00,5,74.06,73.0,7.308419801844989,66.9,85.5,5,11.4,4.0,15.42076522096099,0.0,36.0,4,1.5,1.0,1.9148542155126764,0.0,4.0,4,2.75,0.0,5.5,0.0,11.0,4,1.0,0.0,2.0,0.0,4.0,5,1.4,1.0,1.140175425099138,0.0,3.0,3,10.5,0.0,18.186533479473212,0.0,31.5,3,0.0,0.0,0.0,0.0,0.0,3,10.5,0.0,18.186533479473212,0.0,31.5,3,9.066666666666666,0.0,15.70392732195782,0.0,27.2,63.6
2026-10-02T08:00,5,76.56,76.7,6.672930390765367,70.3,86.5,5,10.8,7.0,13.065221008463652,0.0,31.0,4,2.0,0.5,3.366501646120693,0.0,7.0,4,2.5,0.0,5.0,0.0,10.0,4,1.0,0.0,2.0,0.0,4.0,5,1.4,1.0,1.140175425099138,0.0,3.0,3,182.0333333333333,173.8,25.084723106570927,162.1,210.2,3,839.9666666666666,809.8,198.77430249741366,658.0,1052.1,3,64.23333333333333,48.6,46.84894164581878,27.2,116.9,3,76.03333333333335,76.9,12.622334702159243,63.0,88.2,46.5
2026-10-02T09:00,5,79.43999999999998,80.4,6.85295556676096,71.6,89.3,5,10.2,10.0,10.963576058932597,0.0,26.0,4,2.75,0.5,4.856267428111154,0.0,10.0,4,2.5,0.0,5.0,0.0,10.0,4,1.25,0.0,2.5,0.0,5.0,5,1.4,1.0,1.140175425099138,0.0,3.0,3,391.40000000000003,386.0,11.311940593903396,383.8,404.4,3,890.7666666666668,971.9,186.9096127365667,677.0,1023.4,3,93.83333333333333,64.2,53.59387402803918,61.6,155.7,3,83.23333333333333,80.7,8.97236497994444,75.8,93.2,50.5
2026-10-02T10:00,5,82.2,83.6,7.564390259630977,72.8,93.0,5,9.4,12.0,9.20869154657707,0.0,21.0,4,3.0,0.0,6.0,0.0,12.0,4,2.25,0.0,4.5,0.0,9.0,4,1.25,0.0,2.5,0.0,5.0,5,1.4,1.0,1.140175425099138,0.0,3.0,3,564.8000000000001,569.9,28.988445974215274,533.6,590.9,3,880.9,971.9,164.06693755903407,691.5,979.3,3,113.8,91.0,56.27761544344252,72.5,177.9,3,87.43333333333334,84.6,6.343763341529487,83.0,94.7,49.4
2026-10-02T11:00,5,84.02000000000001,85.4,8.076632961822645,73.6,95.5,5,8.6,13.0,8.018728078691781,0.0,17.0,4,3.25,0.0,6.500000000000001,0.0,13.0,4,2.0,0.0,4.0,0.0,8.0,4,1.25,0.0,2.5,0.0,5.0,5,1.4,1.0,1.140175425099138,0.0,3.0,3,696.7333333333332,708.4,39.61026802905192,652.6,729.2,3,871.0,951.5,153.9407353496793,693.5,968.0,3,128.46666666666667,109.6,63.053733698594996,77.0,198.8,3,90.46666666666665,92.0,5.85263473431696,84.0,95.4,48.4
2026-10-02T12:00,5,84.67999999999999,86.4,7.903606771594854,74.0,95.5,5,7.6,12.0,6.985699678629192,0.0,14.0,4,3.0,0.0,6.0,0.0,12.0,4,1.75,0.0,3.5,0.0,7.0,4,1.25,0.0,2.5,0.0,5.0,5,1.4,1.0,1.140175425099138,0.0,3.0,3,782.2666666666668,799.3,47.879049001972966,728.2,819.3,3,881.5666666666666,972.9,169.04642360408963,686.5,985.3,3,124.8,85.3,78.58594021833677,73.8,215.3,3,93.16666666666667,97.0,7.612051847782784,84.4,98.1,46.8
2026-10-02T13:00,5,84.76000000000002,86.5,7.4654537705353174,74.2,94.4,5,6.4,10.0,5.89915248150105,0.0,12.0,4,2.5,0.0,5.0,0.0,10.0,4,1.5,0.0,3.0,0.0,6.0,4,1.25,0.0,2.5,0.0,5.0,5,1.2,1.0,1.0954451150103321,0.0,3.0,3,800.0666666666666,815.5,44.40904562511264,750.0,834.7,3,856.6333333333333,942.2,155.5371445453894,677.1,950.6,3,126.96666666666665,88.2,78.7635914197247,75.1,217.6,3,93.26666666666667,97.3,7.689169872836287,84.4,98.1,50.7
2026-10-02T14:00,5,84.48,85.9,7.132811507393138,74.2,93.4,5,5.0,7.0,4.636809247747852,0.0,9.0,4,1.75,0.0,3.5,0.0,7.0,4,1.25,0.0,2.5,0.0,5.0,4,1.0,0.0,2.0,0.0,4.0,5,1.2,1.0,1.0954451150103321,0.0,3.0,3,753.6666666666666,765.6,37.93485644276692,711.2,784.2,3,822.1999999999999,899.4,138.24210646543258,662.6,904.6,3,120.90000000000002,87.9,70.09101226262894,73.4,201.4,3,93.10000000000001,97.2,7.804485889538144,84.1,98.0,55.3
2026-10-02T15:00,5,84.1,85.0,7.145628033979943,74.0,93.2,5,3.8,4.0,3.768288736283355,0.0,8.0,4,1.0,0.0,2.0,0.0,4.0,4,1.0,0.0,2.0,0.0,4.0,4,1.0,0.0,2.0,0.0,4.0,5,1.2,1.0,1.0954451150103321,0.0,3.0,3,647.0666666666667,655.5,31.21639526488181,612.5,673.2,3,773.2333333333332,842.7,123.97488993071673,630.1,846.9,3,107.0,84.2,58.06065793633414,63.8,173.0,3,90.76666666666667,93.4,7.3145972775904315,82.5,96.4,58.2
2026-10-02T16:00,5,83.6,83.9,7.213875518748574,73.9,93.3,5,2.8,2.0,3.03315017762062,0.0,6.0,4,0.5,0.0,1.0,0.0,2.0,4,0.75,0.0,1.5,0.0,3.0,4,0.75,0.0,1.5,0.0,3.0,5,1.0,1.0,1.224744871391589,0.0,3.0,3,490.3,493.9,23.210342522246417,465.5,511.5,3,691.8333333333334,753.0,110.65325721971918,564.1,758.4,3,91.03333333333335,73.1,43.749438091629635,59.1,140.9,3,85.06666666666666,84.3,6.6830631699343765,78.8,92.1,61.0
2026-10-02T17:00,5,82.85999999999999,82.5,7.131128942881342,73.9,93.0,5,2.0,0.0,2.7386127875258306,0.0,5.0,4,0.0,0.0,0.0,0.0,0.0,4,0.5,0.0,1.0,0.0,2.0,4,0.75,0.0,1.5,0.0,3.0,5,1.0,1.0,1.224744871391589,0.0,3.0,3,299.3333333333333,298.7,12.561979674133084,287.1,312.2,3,560.6,612.6,102.5202906745782,442.5,626.7,3,67.33333333333333,52.0,32.80751946327752,45.0,105.0,3,76.43333333333334,72.7,7.349376390778563,71.7,84.9,63.8
2026-10-02T18:00,4,83.65,82.3,6.436614016701644,77.5,92.5,4,1.0,0.0,2.0,0.0,4.0,4,0.0,0.0,0.0,0.0,0.0,4,0.25,0.0,0.5,0.0,1.0,4,0.75,0.0,1.5,0.0,3.0,3,1.0,0.0,1.7320508075688772,0.0,3.0,3,95.93333333333332,97.1,3.21299444962692,92.3,98.4,3,288.0,314.1,49.421756342728244,231.0,318.9,3,32.63333333333333,26.5,13.581727921488243,23.2,48.2,3,60.53333333333333,59.6,5.262445565830905,55.8,66.2,73.1
2026-10-02T19:00,4,81.675,79.94999999999999,7.149067538264467,75.1,91.7,4,0.75,0.0,1.5,0.0,3.0,4,0.0,0.0,0.0,0.0,0.0,4,0.25,0.0,0.5,0.0,1.0,4,0.5,0.0,1.0,0.0,2.0,3,1.3333333333333333,1.0,1.5275252316519468,0.0,3.0,3,0.0,0.0,0.0,0.0,0.0,3,0.0,0.0,0.0,0.0,0.0,3,0.0,0.0,0.0,0.0,0.0,3,30.733333333333334,33.4,6.0575022355202925,23.8,35.0,76.6
2026-10-02T20:00,4,79.25,77.19999999999999,7.772387020729215,72.3,90.3,4,0.5,0.0,1.0,0.0,2.0,4,0.0,0.0,0.0,0.0,0.0,4,0.25,0.0,0.5,0.0,1.0,4,0.5,0.0,1.0,0.0,2.0,3,1.3333333333333333,1.0,1.5275252316519468,0.0,3.0,3,0.0,0.0,0.0,0.0,0.0,3,0.0,0.0,0.0,0.0,0.0,3,0.0,0.0,0.0,0.0,0.0,3,0.0,0.0,0.0,0.0,0.0,75.0
2026-10-02T21:00,4,76.625,74.44999999999999,8.028023833214911,69.5,88.1,4,0.25,0.0,0.5,0.0,1.0,4,0.0,0.0,0.0,0.0,0.0,4,0.0,0.0,0.0,0.0,0.0,4,0.5,0.0,1.0,0.0,2.0,3,1.3333333333333333,1.0,1.5275252316519468,0.0,3.0,3,0.0,0.0,0.0,0.0,0.0,3,0.0,0.0,0.0,0.0,0.0,3,0.0,0.0,0.0,0.0,0.0,3,0.0,0.0,0.0,0.0,0.0,74.6
2026-10-02T22:00,4,74.15,72.0,7.849203781276164,67.2,85.4,4,0.5,0.0,1.0,0.0,2.0,4,0.0,0.0,0.0,0.0,0.0,4,0.0,0.0,0.0,0.0,0.0,4,0.25,0.0,0.5,0.0,1.0,3,1.6666666666666667,2.0,1.5275252316519465,0.0,3.0,3,0.0,0.0,0.0,0.0,0.0,3,0.0,0.0,0.0,0.0,0.0,3,0.0,0.0,0.0,0.0,0.0,3,0.0,0.0,0.0,0.0,0.0,74.8
2026-10-02T23:00,4,72.125,70.05000000000001,7.502166353794088,65.5,82.9,4,0.75,0.0,1.5,0.0,3.0,4,0.25,0.0,0.5,0.0,1.0,4,0.0,0.0,0.0,0.0,0.0,4,0.25,0.0,0.5,0.0,1.0,3,1.6666666666666667,2.0,1.5275252316519465,0.0,3.0,3,0.0,0.0,0.0,0.0,0.0,3,0.0,0.0,0.0,0.0,0.0,3,0.0,0.0,0.0,0.0,0.0,3,0.0,0.0,0.0,0.0,0.0,75.5
2026-10-03T00:00,4,70.55,68.65,6.930367955599472,64.4,80.5,4,1.5,0.0,3.0,0.0,6.0,4,1.0,0.0,2.0,0.0,4.0,4,0.0,0.0,0.0,0.0,0.0,4,0.25,0.0,0.5,0.0,1.0,3,1.6666666666666667,2.0,1.5275252316519465,0.0,3.0,3,0.0,0.0,0.0,0.0,0.0,3,0.0,0.0,0.0,0.0,0.0,3,0.0,0.0,0.0,0.0,0.0,3,0.0,0.0,0.0,0.0,0.0,76.2
2026-10-03T01:00,4,69.075,67.25,6.322117261382194,63.6,78.2,4,2.75,0.0,5.5,0.0,11.0,4,2.25,0.0,4.5,0.0,9.0,4,0.0,0.0,0.0,0.0,0.0,4,0.25,0.0,0.5,0.0,1.0,3,1.3333333333333333,2.0,1.1547005383792517,0.0,2.0,3,0.0,0.0,0.0,0.0,0.0,3,0.0,0.0,0.0,0.0,0.0,3,0.0,0.0,0.0,0.0,0.0,3,0.0,0.0,0.0,0.0,0.0,76.3
2026-10-03T02:00,4,68.07499999999999,66.19999999999999,5.997985773018583,63.1,76.8,4,4.0,0.0,8.0,0.0,16.0,4,3.75,0.0,7.5,0.0,15.0,4,0.0,0.0,0.0,0.0,0.0,4,0.25,0.0,0.5,0.0,1.0,3,1.3333333333333333,2.0,1.1547005383792517,0.0,2.0,3,0.0,0.0,0.0,0.0,0.0,3,0.0,0.0,0.0,0.0,0.0,3,0.0,0.0,0.0,0.0,0.0,3,0.0,0.0,0.0,0.0,0.0,75.5
2026-10-03T03:00,4,67.725,65.6,6.037866621028762,63.1,76.6,4,5.5,0.0,11.0,0.0,22.0,4,5.25,0.0,10.5,0.0,21.0,4,0.0,0.0,0.0,0.0,0.0,4,0.25,0.0,0.5,0.0,1.0,3,1.0,1.0,1.0,0.0,2.0,3,0.0,0.0,0.0,0.0,0.0,3,0.0,0.0,0.0,0.0,0.0,3,0.0,0.0,0.0,0.0,0.0,3,0.0,0.0,0.0,0.0,0.0,73.3
2026-10-03T04:00,4,67.975,65.4,6.275547784855113,63.8,77.3,4,6.5,0.0,13.0,0.0,26.0,4,6.25,0.0,12.5,0.0,25.0,4,0.0,0.0,0.0,0.0,0.0,4,0.25,0.0,0.5,0.0,1.0,3,1.0,1.0,1.0,0.0,2.0,3,0.0,0.0,0.0,0.0,0.0,3,0.0,0.0,0.0,0.0,0.0,3,0.0,0.0,0.0,0.0,0.0,3,0.0,0.0,0.0,0.0,0.0,71.1
2026-10-03T05:00,4,68.75,66.0,6.14952572697006,65.1,77.9,4,7.0,0.0,14.0,0.0,28.0,4,6.75,0.0,13.5,0.0,27.0,4,0.0,0.0,0.0,0.0,0.0,4,0.25,0.0,0.5,0.0,1.0,3,0.6666666666666666,0.0,1.1547005383792517,0.0,2.0,3,0.0,0.0,0.0,0.0,0.0,3,0.0,0.0,0.0,0.0,0.0,3,0.0,0.0,0.0,0.0,0.0,3,0.0,0.0,0.0,0.0,0.0,70.8
2026-10-03T06:00,4,70.225,68.25,5.282912706705142,66.4,78.0,4,7.0,0.0,14.0,0.0,28.0,4,6.5,0.0,13.0,0.0,26.0,4,0.0,0.0,0.0,0.0,0.0,4,0.25,0.0,0.5,0.0,1.0,3,0.6666666666666666,0.0,1.1547005383792517,0.0,2.0,3,0.0,0.0,0.0,0.0,0.0,3,0.0,0.0,0.0,0.0,0.0,3,0.0,0.0,0.0,0.0,0.0,3,0.0,0.0,0.0,0.0,0.0,73.5
2026-10-03T07:00,4,72.525,71.80000000000001,4.060685492212696,68.4,78.1,4,6.25,0.0,12.5,0.0,25.0,4,6.0,0.0,12.0,0.0,24.0,4,0.0,0.0,0.0,0.0,0.0,4,0.5,0.0,1.0,0.0,2.0,3,0.6666666666666666,0.0,1.1547005383792517,0.0,2.0,3,5.8,0.0,10.045894683899487,0.0,17.4,3,0.0,0.0,0.0,0.0,0.0,3,5.8,0.0,10.045894683899487,0.0,17.4,3,5.566666666666666,0.0,9.64174949546675,0.0,16.7,77.0
2026-10-03T08:00,4,75.4,75.9,3.2372828112477343,71.0,78.8,4,5.5,0.0,11.0,0.0,22.0,4,5.0,0.0,10.0,0.0,20.0,4,0.0,0.0,0.0,0.0,0.0,4,0.5,0.0,1.0,0.0,2.0,3,0.6666666666666666,0.0,1.1547005383792517,0.0,2.0,3,175.20000000000002,166.3,28.030519081886446,152.7,206.6,3,800.5333333333333,747.0,185.29361384929956,647.9,1006.7,3,64.06666666666666,49.1,46.01329518012521,27.4,115.7,3,74.8,75.3,13.257073583562851,61.3,87.8,59.6
2026-10-03T09:00,4,78.625,80.05000000000001,3.299873734958159,73.7,80.7,4,4.5,0.0,9.0,0.0,18.0,4,4.0,0.0,8.0,0.0,16.0,4,0.0,0.0,0.0,0.0,0.0,4,0.5,0.0,1.0,0.0,2.0,3,0.6666666666666666,0.0,1.1547005383792517,0.0,2.0,3,381.3333333333333,379.3,8.729452063751358,373.8,390.9,3,867.1666666666666,935.5,172.65840070304526,670.8,995.2,3,94.16666666666667,64.2,52.94641945715814,63.0,155.3,3,82.8,79.5,9.01498752079003,75.9,93.0,64.8
2026-10-03T10:00,4,81.525,83.15,3.696281915655247,76.0,83.8,4,3.75,0.0,7.5,0.0,15.0,4,3.0,0.0,6.0,0.0,12.0,4,0.0,0.0,0.0,0.0,0.0,4,0.75,0.0,1.5,0.0,3.0,3,0.6666666666666666,0.0,1.1547005383792517,0.0,2.0,3,553.2666666666667,555.3,21.821167093749438,530.5,574.0,3,863.1999999999999,942.3,149.47150230060578,690.8,956.5,3,114.0,88.7,55.185958358988394,76.0,177.3,3,87.16666666666667,84.5,6.6161418767536535,82.3,94.7,65.1
2026-10-03T11:00,4,83.6,85.25,4.040627014049511,77.6,86.3,4,3.0,0.0,6.0,0.0,12.0,4,2.25,0.0,4.5,0.0,9.0,4,0.0,0.0,0.0,0.0,0.0,4,0.75,0.0,1.5,0.0,3.0,3,0.6666666666666666,0.0,1.1547005383792517,0.0,2.0,3,684.5333333333333,692.2,29.84783632582655,651.6,709.8,3,857.3333333333334,931.7,137.46964513423805,698.7,941.6,3,128.23333333333335,106.4,60.76663009689885,81.4,196.9,3,90.43333333333334,91.9,5.937451754189949,83.9,95.5,65.2
2026-10-03T12:00,4,84.55000000000001,86.1,4.054215912684805,78.6,87.4,4,2.5,0.0,5.0,0.0,10.0,4,1.75,0.0,3.5,0.0,7.0,4,0.0,0.0,0.0,0.0,0.0,4,0.75,0.0,1.5,0.0,3.0,3,0.6666666666666666,0.0,1.1547005383792517,0.0,2.0,3,770.8000000000001,782.7,37.109702235399304,729.2,800.5,3,872.7666666666668,949.9,153.2271951493381,696.3,972.1,3,123.26666666666665,80.1,76.59271070626325,78.0,211.7,3,93.36666666666667,97.1,7.529497548530925,84.7,98.3,63.3
2026-10-03T13:00,4,85.0,86.45,3.947150871198112,79.3,87.8,4,2.25,0.5,3.8622100754188224,0.0,8.0,4,1.5,0.5,2.380476142847617,0.0,5.0,4,0.0,0.0,0.0,0.0,0.0,4,0.5,0.0,1.0,0.0,2.0,3,0.3333333333333333,0.0,0.5773502691896258,0.0,1.0,3,790.6,799.3,32.24267358641344,754.9,817.6,3,852.4,921.4,137.10692907362483,694.5,941.3,3,124.3,82.2,75.61990478703342,79.1,211.6,3,93.73333333333335,97.4,7.234178138070233,85.4,98.4,66.7
2026-10-03T14:00,4,84.95,86.2,3.725139818405029,79.7,87.7,4,1.75,0.5,2.8722813232690148,0.0,6.0,4,1.25,0.5,1.892969448600091,0.0,4.0,4,0.0,0.0,0.0,0.0,0.0,4,0.25,0.0,0.5,0.0,1.0,3,0.3333333333333333,0.0,0.5773502691896258,0.0,1.0,3,746.9333333333333,749.9,25.97736193945279,719.6,771.3,3,821.4333333333334,879.0,116.64108767211201,687.2,898.1,3,118.33333333333333,84.0,65.44442935295054,77.2,193.8,3,93.7,97.2,7.036334272900916,85.6,98.3,71.0
2026-10-03T15:00,4,84.55,85.45,3.4645827069552455,79.8,87.5,4,1.25,0.5,1.892969448600091,0.0,4.0,4,1.0,0.5,1.4142135623730951,0.0,3.0,4,0.0,0.0,0.0,0.0,0.0,4,0.0,0.0,0.0,0.0,0.0,3,0.3333333333333333,0.0,0.5773502691896258,0.0,1.0,3,643.8333333333334,643.9,20.700080515141323,623.1,664.5,3,776.9666666666667,829.3,101.03550531042707,660.5,841.1,3,104.76666666666667,80.4,52.93773071575068,68.4,165.5,3,91.26666666666667,92.8,6.047589051294192,84.6,96.4,74.8
2026-10-03T16:00,4,83.775,84.35,3.2325170790989914,79.5,86.9,4,1.5,1.0,1.9148542155126762,0.0,4.0,4,1.0,1.0,1.1547005383792515,0.0,2.0,4,0.0,0.0,0.0,0.0,0.0,4,0.25,0.0,0.5,0.0,1.0,3,0.0,0.0,0.0,0.0,0.0,3,488.1666666666667,481.9,15.29520622068673,477.0,505.6,3,696.8666666666667,732.5,85.88552458553967,598.9,759.2,3,89.36666666666667,70.4,39.88888734138034,62.5,135.2,3,85.63333333333333,83.3,5.765703195043373,81.4,92.2,77.8
2026-10-03T17:00,4,82.675,82.9,3.1234329404252144,78.8,86.1,4,1.75,1.0,2.362907813126304,0.0,5.0,4,1.0,1.0,1.1547005383792515,0.0,2.0,4,0.0,0.0,0.0,0.0,0.0,4,0.5,0.0,1.0,0.0,2.0,3,0.0,0.0,0.0,0.0,0.0,3,297.7666666666667,296.9,11.424680885404774,286.8,309.6,3,564.6333333333333,585.7,78.15915386781857,478.1,630.1,3,66.9,51.1,30.80568129420286,47.2,102.4,3,77.10000000000001,74.7,7.2062472896785845,71.4,85.2,79.1
2026-10-03T18:00,4,81.05000000000001,81.0,3.1299627260826335,77.4,84.8,4,2.5,1.0,3.785938897200182,0.0,8.0,4,1.0,1.0,1.1547005383792515,0.0,2.0,4,0.0,0.0,0.0,0.0,0.0,4,1.5,0.0,3.0,0.0,6.0,3,0.0,0.0,0.0,0.0,0.0,3,93.06666666666666,95.7,8.366799467737549,83.7,99.8,3,284.0,283.5,37.75248336202534,246.5,322.0,3,32.06666666666667,26.0,13.467120454400536,22.7,47.5,3,60.9,61.8,6.496922348312316,54.0,66.9,82.6
2026-10-03T19:00,4,78.85,78.45,3.128897569432401,75.5,83.0,4,3.75,1.0,6.238322424070968,0.0,13.0,4,1.25,1.0,1.5000000000000002,0.0,3.0,4,0.0,0.0,0.0,0.0,0.0,4,2.75,0.0,5.5,0.0,11.0,3,0.0,0.0,0.0,0.0,0.0,3,0.0,0.0,0.0,0.0,0.0,3,0.0,0.0,0.0,0.0,0.0,3,0.0,0.0,0.0,0.0,0.0,3,30.633333333333336,31.4,4.202776859807492,26.1,34.4,85.8
2026-10-03T20:00,4,76.52499999999999,76.0,3.2107891034240548,73.2,80.9,4,5.25,1.0,9.21502396451939,0.0,19.0,4,1.5,1.0,1.9148542155126762,0.0,4.0,4,0.0,0.0,0.0,0.0,0.0,4,4.25,0.0,8.5,0.0,17.0,3,0.0,0.0,0.0,0.0,0.0,3,0.0,0.0,0.0,0.0,0.0,3,0.0,0.0,0.0,0.0,0.0,3,0.0,0.0,0.0,0.0,0.0,3,0.0,0.0,0.0,0.0,0.0,83.4
2026-10-03T21:00,4,74.325,73.95,3.4538625720585143,70.8,78.6,4,6.75,0.5,12.84198842339716,0.0,26.0,4,1.75,0.5,2.8722813232690148,0.0,6.0,4,0.0,0.0,0.0,0.0,0.0,4,5.75,0.0,11.5,0.0,23.0,3,0.0,0.0,0.0,0.0,0.0,3,0.0,0.0,0.0,0.0,0.0,3,0.0,0.0,0.0,0.0,0.0,3,0.0,0.0,0.0,0.0,0.0,3,0.0,0.0,0.0,0.0,0.0,80.0
2026-10-03T22:00,4,72.57499999999999,72.5,4.116126820203669,68.6,76.7,4,8.0,0.5,15.340577998671801,0.0,31.0,4,2.25,0.5,3.8622100754188224,0.0,8.0,4,0.0,0.0,0.0,0.0,0.0,4,7.0,0.0,14.0,0.0,28.0,3,0.0,0.0,0.0,0.0,0.0,3,0.0,0.0,0.0,0.0,0.0,3,0.0,0.0,0.0,0.0,0.0,3,0.0,0.0,0.0,0.0,0.0,3,0.0,0.0,0.0,0.0,0.0,76.2
2026-10-03T23:00,4,71.25,71.35,4.629254799641084,66.9,75.4,4,9.0,0.5,17.33974240485327,0.0,35.0,4,2.75,0.5,4.856267428111155,0.0,10.0,4,0.0,0.0,0.0,0.0,0.0,4,7.5,0.0,15.0,0.0,30.0,3,0.0,0.0,0.0,0.0,0.0,3,0.0,0.0,0.0,0.0,0.0,3,0.0,0.0,0.0,0.0,0.0,3,0.0,0.0,0.0,0.0,0.0,3,0.0,0.0,0.0,0.0,0.0,73.1
2026-10-04T00:00,4,70.275,70.1,5.099264652869085,65.5,75.4,4,9.5,0.5,18.33939293797189,0.0,37.0,4,3.5,0.5,6.3508529610858835,0.0,13.0,4,0.0,0.0,0.0,0.0,0.0,4,7.25,0.0,14.5,0.0,29.0,3,0.0,0.0,0.0,0.0,0.0,3,0.0,0.0,0.0,0.0,0.0,3,0.0,0.0,0.0,0.0,0.0,3,0.0,0.0,0.0,0.0,0.0,3,0.0,0.0,0.0,0.0,0.0,71.0
2026-10-04T01:00,4,69.375,69.0,5.443880356265501,64.1,75.4,4,9.5,0.0,19.0,0.0,38.0,4,4.5,0.0,9.0,0.0,18.0,4,0.0,0.0,0.0,0.0,0.0,4,6.5,0.0,13.0,0.0,26.0,3,0.0,0.0,0.0,0.0,0.0,3,0.0,0.0,0.0,0.0,0.0,3,0.0,0.0,0.0,0.0,0.0,3,0.0,0.0,0.0,0.0,0.0,3,0.0,0.0,0.0,0.0,0.0,69.4
2026-10-04T02:00,4,68.7,68.2,5.7259642564957325,63.0,75.4,4,9.75,0.0,19.5,0.0,39.0,4,5.75,0.0,11.5,0.0,23.0,4,0.0,0.0,0.0,0.0,0.0,4,5.5,0.0,11.0,0.0,22.0,3,0.0,0.0,0.0,0.0,0.0,3,0.0,0.0,0.0,0.0,0.0,3,0.0,0.0,0.0,0.0,0.0,3,0.0,0.0,0.0,0.0,0.0,3,0.0,0.0,0.0,0.0,0.0,68.2
2026-10-04T03:00,4,68.275,67.94999999999999,5.732582315152573,62.2,75.0,4,9.75,0.0,19.5,0.0,39.0,4,7.0,0.0,14.0,0.0,28.0,4,0.0,0.0,0.0,0.0,0.0,4,4.25,0.0,8.5,0.0,17.0,3,0.0,0.0,0.0,0.0,0.0,3,0.0,0.0,0.0,0.0,0.0,3,0.0,0.0,0.0,0.0,0.0,3,0.0,0.0,0.0,0.0,0.0,3,0.0,0.0,0.0,0.0,0.0,68.2
2026-10-04T04:00,4,68.3,68.3,5.5341364878964265,62.0,74.6,4,9.5,0.0,19.0,0.0,38.0,4,7.75,0.0,15.5,0.0,31.0,4,0.0,0.0,0.0,0.0,0.0,4,3.25,0.0,6.5,0.0,13.0,3,0.0,0.0,0.0,0.0,0.0,3,0.0,0.0,0.0,0.0,0.0,3,0.0,0.0,0.0,0.0,0.0,3,0.0,0.0,0.0,0.0,0.0,3,0.0,0.0,0.0,0.0,0.0,69.1
2026-10-04T05:00,4,68.89999999999999,69.35,5.324784815683474,62.4,74.5,4,9.5,0.0,19.0,0.0,38.0,4,8.0,0.0,16.0,0.0,32.0,4,0.0,0.0,0.0,0.0,0.0,4,3.0,0.0,6.0,0.0,12.0,3,0.0,0.0,0.0,0.0,0.0,3,0.0,0.0,0.0,0.0,0.0,3,0.0,0.0,0.0,0.0,0.0,3,0.0,0.0,0.0,0.0,0.0,3,0.0,0.0,0.0,0.0,0.0,69.8
2026-10-04T06:00,4,70.425,71.65,5.012235030403101,63.8,74.6,4,9.75,0.5,18.83923211457056,0.0,38.0,4,7.75,0.5,14.84082207965583,0.0,30.0,4,0.0,0.0,0.0,0.0,0.0,4,3.25,0.0,6.5,0.0,13.0,3,0.6666666666666666,1.0,0.5773502691896258,0.0,1.0,3,0.0,0.0,0.0,0.0,0.0,3,0.0,0.0,0.0,0.0,0.0,3,0.0,0.0,0.0,0.0,0.0,3,0.0,0.0,0.0,0.0,0.0,70.9
2026-10-04T07:00,4,72.875,73.85,4.818281159639125,66.3,77.5,4,10.0,1.0,18.69046102516825,0.0,38.0,4,7.0,1.0,12.701705922171767,0.0,26.0,4,0.0,0.0,0.0,0.0,0.0,4,4.25,0.0,8.5,0.0,17.0,3,1.3333333333333333,1.0,0.5773502691896258,1.0,2.0,3,6.5,0.0,11.258330249197702,0.0,19.5,3,0.0,0.0,0.0,0.0,0.0,3,6.5,0.0,11.258330249197702,0.0,19.5,3,7.066666666666666,0.0,12.239825706820065,0.0,21.2,70.0
2026-10-04T08:00,4,75.95,76.5,5.102613709332371,69.2,81.6,4,10.0,1.5,18.05547008526779,0.0,37.0,4,5.75,1.5,9.604686356149273,0.0,20.0,4,0.0,0.0,0.0,0.0,0.0,4,5.25,0.0,10.5,0.0,21.0,3,2.0,2.0,1.0,1.0,3.0,3,180.46666666666667,166.1,35.78272395071863,154.1,221.2,3,826.7000000000002,762.1,151.87926125709203,717.8,1000.2,3,66.83333333333333,49.5,48.387326164330815,29.5,121.5,3,76.56666666666666,80.4,13.56257104436077,61.5,87.8,51.0
2026-10-04T09:00,4,79.5,79.9,5.505149104853256,72.4,85.8,4,10.25,2.5,17.327723451163457,0.0,36.0,4,4.75,2.5,6.601767440112787,0.0,14.0,4,0.0,0.0,0.0,0.0,0.0,4,6.25,0.0,12.5,0.0,25.0,3,2.3333333333333335,2.0,1.5275252316519465,1.0,4.0,3,392.70000000000005,391.6,14.980320423809324,378.3,408.2,3,909.0333333333333,961.3,127.41139404830848,763.8,1002.0,3,94.26666666666667,64.4,52.86041366971445,63.1,155.3,3,84.89999999999999,86.0,8.801704380402697,75.6,93.1,55.6
2026-10-04T10:00,4,82.9,83.55000000000001,5.892933621437353,75.1,89.4,4,10.25,3.0,16.740669042783207,0.0,35.0,4,3.75,3.0,4.5,0.0,9.0,4,0.0,0.0,0.0,0.0,0.0,4,7.25,0.0,14.5,0.0,29.0,3,3.3333333333333335,3.0,1.5275252316519465,2.0,5.0,3,568.1666666666666,566.5,6.658328118479389,562.5,575.5,3,903.4333333333334,958.6,103.00040452994996,784.6,967.1,3,111.33333333333333,92.3,49.853819646375484,73.8,167.9,3,89.13333333333333,88.9,5.253887449625594,84.0,94.5,58.4
2026-10-04T11:00,4,85.30000000000001,86.1,6.117188896870853,77.1,91.9,4,9.75,3.0,15.75595125658873,0.0,33.0,4,2.75,2.5,3.2015621187164243,0.0,6.0,4,0.0,0.0,0.0,0.0,0.0,4,7.5,0.0,15.0,0.0,30.0,3,3.3333333333333335,3.0,1.5275252316519465,2.0,5.0,3,699.4666666666667,701.0,12.371472561232716,686.4,711.0,3,892.8666666666667,933.6,99.37209534539025,779.6,965.4,3,123.16666666666667,109.6,53.16449316351407,78.1,181.8,3,92.13333333333333,91.4,2.8711205710198415,89.7,95.3,58.0
2026-10-04T12:00,4,86.4,87.1,6.050344342817744,78.4,93.0,4,9.0,3.0,14.2828568570857,0.0,30.0,4,2.25,1.5,2.8722813232690143,0.0,6.0,4,0.0,0.0,0.0,0.0,0.0,4,7.25,0.0,14.5,0.0,29.0,3,3.3333333333333335,3.0,1.5275252316519465,2.0,5.0,3,786.7333333333332,800.3,24.6325665194136,758.3,801.6,3,908.8000000000001,978.5,128.33210821926056,760.7,987.2,3,115.90000000000002,80.1,69.40922128939353,71.7,195.9,3,94.89999999999999,97.0,4.900000000000006,89.3,98.4,54.6
2026-10-04T13:00,4,86.9,87.25,5.944745579080735,79.5,93.6,4,7.75,2.5,12.39287429668087,0.0,26.0,4,1.5,0.5,2.380476142847616,0.0,5.0,4,0.0,0.0,0.0,0.0,0.0,4,6.5,0.0,13.0,0.0,26.0,3,2.6666666666666665,2.0,1.1547005383792517,2.0,4.0,3,801.7666666666668,812.2,22.7236294049461,775.7,817.4,3,878.2666666666668,944.8,118.0212410260684,742.0,948.0,3,118.86666666666667,83.1,68.99393693168504,75.1,198.4,3,94.8,97.1,5.150728103870359,88.9,98.4,57.6
2026-10-04T14:00,4,87.075,87.25,5.723853597009619,80.3,93.5,4,6.0,1.5,10.099504938362077,0.0,21.0,4,0.75,0.0,1.5,0.0,3.0,4,0.0,0.0,0.0,0.0,0.0,4,5.25,0.0,10.5,0.0,21.0,3,2.3333333333333335,2.0,0.5773502691896257,2.0,3.0,3,752.7333333333332,755.4,16.85892444177068,734.7,768.1,3,837.5333333333333,890.1,97.88086295764523,724.6,897.9,3,115.53333333333335,84.9,59.045434483398736,78.1,183.6,3,94.43333333333334,96.9,5.2538874496255925,88.4,98.0,62.8
2026-10-04T15:00,4,87.075,87.35,5.34688382767633,80.7,92.9,4,4.75,1.0,8.220908303425682,0.0,17.0,4,0.5,0.0,1.0,0.0,2.0,4,0.0,0.0,0.0,0.0,0.0,4,4.25,0.0,8.5,0.0,17.0,3,1.6666666666666667,2.0,0.5773502691896257,1.0,2.0,3,640.2666666666667,636.5,16.57417670152377,625.9,658.4,3,775.1999999999999,792.8,72.03110439247752,696.0,836.8,3,106.06666666666666,81.3,44.552702873488315,79.4,157.5,3,91.13333333333333,90.2,4.375309512861161,87.3,95.9,67.9
2026-10-04T16:00,4,86.775,87.25,4.976193324218825,80.6,92.0,4,3.75,0.5,6.849574196011505,0.0,14.0,4,0.25,0.0,0.5,0.0,1.0,4,0.0,0.0,0.0,0.0,0.0,4,3.25,0.0,6.5,0.0,13.0,3,1.3333333333333333,1.0,0.5773502691896257,1.0,2.0,3,486.3,489.3,14.239030865898142,470.8,498.8,3,696.4666666666667,704.0,58.46514631242559,634.6,750.8,3,91.09999999999998,72.0,33.86458326925048,71.1,130.2,3,85.56666666666666,84.2,5.186842327788006,81.2,91.3,71.7
2026-10-04T17:00,4,86.1,86.75,4.786787370808667,79.9,91.0,4,3.0,0.0,6.0,0.0,12.0,4,0.0,0.0,0.0,0.0,0.0,4,0.0,0.0,0.0,0.0,0.0,4,2.75,0.0,5.5,0.0,11.0,3,0.6666666666666666,0.0,1.1547005383792517,0.0,2.0,3,297.1333333333334,301.5,11.395759445220534,284.2,305.7,3,567.6333333333333,577.3,54.34862770423308,509.1,616.5,3,67.89999999999999,51.7,28.842156646131716,50.8,101.2,3,77.3,77.4,6.650563885867128,70.6,83.9,73.7
2026-10-04T18:00,4,84.775,85.7,4.726785376976623,78.3,89.4,4,3.0,0.0,6.0,0.0,12.0,4,0.25,0.0,0.5,0.0,1.0,4,0.0,0.0,0.0,0.0,0.0,4,2.5,0.0,5.0,0.0,10.0,3,0.6666666666666666,0.0,1.1547005383792517,0.0,2.0,3,91.46666666666665,88.5,8.450049309520821,84.9,101.0,3,286.5333333333333,298.4,24.64494539116151,258.2,303.0,3,31.366666666666664,25.4,14.12881216993606,21.2,47.5,3,61.26666666666667,63.8,5.096403960964367,55.4,64.6,77.3
2026-10-04T19:00,4,82.80000000000001,84.05,4.833908011812667,75.9,87.2,4,3.25,0.0,6.5,0.0,13.0,4,0.5,0.0,1.0,0.0,2.0,4,0.0,0.0,0.0,0.0,0.0,4,2.75,0.0,5.5,0.0,11.0,3,0.3333333333333333,0.0,0.5773502691896258,0.0,1.0,3,0.0,0.0,0.0,0.0,0.0,3,0.0,0.0,0.0,0.0,0.0,3,0.0,0.0,0.0,0.0,0.0,3,30.400000000000002,30.0,3.1192947920964462,27.5,33.7,80.3
2026-10-04T20:00,4,80.4,82.0,5.237047514264757,72.9,84.7,4,3.75,0.0,7.5,0.0,15.0,4,1.0,0.0,2.0,0.0,4.0,4,0.0,0.0,0.0,0.0,0.0,4,3.0,0.0,6.0,0.0,12.0,3,0.3333333333333333,0.0,0.5773502691896258,0.0,1.0,3,0.0,0.0,0.0,0.0,0.0,3,0.0,0.0,0.0,0.0,0.0,3,0.0,0.0,0.0,0.0,0.0,3,0.0,0.0,0.0,0.0,0.0,78.3
2026-10-04T21:00,4,77.85,79.65,5.590766196745008,70.0,82.1,4,4.5,0.0,9.0,0.0,18.0,4,1.5,0.0,3.0,0.0,6.0,4,0.0,0.0,0.0,0.0,0.0,4,3.25,0.0,6.5,0.0,13.0,3,0.3333333333333333,0.0,0.5773502691896258,0.0,1.0,3,0.0,0.0,0.0,0.0,0.0,3,0.0,0.0,0.0,0.0,0.0,3,0.0,0.0,0.0,0.0,0.0,3,0.0,0.0,0.0,0.0,0.0,76.1
2026-10-04T22:00,4,75.375,77.30000000000001,5.901059226952396,67.2,79.7,4,5.25,0.0,10.5,0.0,21.0,4,2.25,0.0,4.5,0.0,9.0,4,0.0,0.0,0.0,0.0,0.0,4,3.5,0.0,7.0,0.0,14.0,3,0.0,0.0,0.0,0.0,0.0,3,0.0,0.0,0.0,0.0,0.0,3,0.0,0.0,0.0,0.0,0.0,3,0.0,0.0,0.0,0.0,0.0,3,0.0,0.0,0.0,0.0,0.0,74.1
2026-10-04T23:00,4,73.57499999999999,75.5,6.140778995100428,65.1,78.2,4,6.0,0.0,12.0,0.0,24.0,4,3.0,0.0,6.0,0.0,12.0,4,0.0,0.0,0.0,0.0,0.0,4,3.75,0.0,7.5,0.0,15.0,3,0.0,0.0,0.0,0.0,0.0,3,0.0,0.0,0.0,0.0,0.0,3,0.0,0.0,0.0,0.0,0.0,3,0.0,0.0,0.0,0.0,0.0,3,0.0,0.0,0.0,0.0,0.0,72.2
