time,source,model,temperature_2m,relative_humidity_2m,dew_point_2m,apparent_temperature,wet_bulb_temperature_2m,pressure_msl,surface_pressure,visibility,weather_code,cloud_cover,cloud_cover_low,cloud_cover_mid,cloud_cover_high,precipitation_probability,precipitation,rain,showers,snowfall,wind_speed_10m,wind_direction_10m,wind_gusts_10m,uv_index,uv_index_clear_sky,sunshine_duration,is_day,cape,lifted_index,convective_inhibition,freezing_level_height,boundary_layer_height,total_column_integrated_water_vapour,evapotranspiration,et0_fao_evapotranspiration,vapour_pressure_deficit,shortwave_radiation,direct_radiation,diffuse_radiation,direct_normal_irradiance,terrestrial_radiation,shortwave_radiation_instant,direct_radiation_instant,diffuse_radiation_instant,direct_normal_irradiance_instant,terrestrial_radiation_instant,relative_humidity_925hPa,relative_humidity_850hPa,relative_humidity_700hPa,relative_humidity_500hPa,relative_humidity_300hPa,cloud_cover_925hPa,cloud_cover_850hPa,cloud_cover_700hPa,cloud_cover_500hPa,cloud_cover_300hPa,geopotential_height_925hPa,geopotential_height_850hPa,geopotential_height_700hPa,geopotential_height_500hPa,geopotential_height_300hPa,timezone,latitude_grid,longitude_grid,elevation_m,generationtime_ms,uv_transmission,uv_attenuation,clearness_index,clearness_index_instant,direct_fraction,diffuse_fraction,direct_fraction_instant,diffuse_fraction_instant,sunshine_fraction,ghi_balance_error,ghi_balance_error_instant,upper_air_rh_max,upper_air_cloud_max,sun_score_0_100,sun_score_evidence_weight,air__pm10,air__pm2_5,air__carbon_monoxide,air__carbon_dioxide,air__nitrogen_dioxide,air__sulphur_dioxide,air__ozone,air__methane,air__aerosol_optical_depth,air__dust,air__uv_index,air__uv_index_clear_sky,air__us_aqi,air__us_aqi_pm2_5,air__us_aqi_pm10,air__us_aqi_ozone,time_utc,sza,solar_elevation_deg,solar_azimuth_deg,clear_ghi,clear_dni,clear_dhi,ghi,dni,dhi,kt,cloud,temp_c,rh,pressure_kpa,aod55,cams_cycle,aod340,aod380,ozone_du,cams_forecast_albedo,albedo,predicted_uva_wm2,predicted_uvb_wm2,tan_calibration_tier,tan_score_absolute_0_100,absolute_tan_intensity_label,local_tan_score_0_100,atmospheric_quality_percentile_0_100,local_tan_label,ensemble_strong_sun_support_0_100,deterministic_agreement_0_100,sun_window_confidence_0_100,tan_forecast_confidence_0_100,uv_input_disagree,humidity_context_pct,wet_bulb_context_f,wind_context_mph,precipitation_context_probability_pct,skin_plane_standard,sun_compass,torso_lift_deg,sun_posture_guidance,outdoor_feasibility_0_100,outdoor_blocked,outdoor_block_reason,outdoor_flags,minimum_tan_temperature_f,overall_components_unblocked_0_100,overall_tan_opportunity_0_100,fitzpatrick_type,fitzpatrick_label,skin_response_note,personal_uv_risk_context
2026-09-21T00:00,deterministic,best_match,68.0,80,61.6,70.5,63.6,1013.0,1002.9,57086.612,3,100,100,0,0,0,0.0,0.0,0.0,0.0,3.8,263,4.5,0.0,0.0,0.0,0,0.0,2.9,0.0,14009.187,1624.016,20.4,0.0,0.001,0.47,0.0,0.0,0.0,0.0,0.0,0.0,0.0,0.0,0.0,0.0,98,11,11,19,16,66,0,0,0,0,2562.336,4927.822,10282.152,19084.646,31337.314,America/Los_Angeles,34.03202,-118.52633,86.0,52.09648609161377,,,,,,,,,0.0,0.0,0.0,98.0,66.0,0.0,0.6,16.8,13.5,133.0,443.0,23.2,4.1,62.0,1376.0,0.27,1.0,0.0,0.0,69.0,69.0,20.0,42.0,2026-09-21 07:00:00+00:00,143.56569253658185,-53.56569253658186,339.8294030546049,0.0,0.0,0.0,0.0,0.0,0.0,,100,20.0,80,100.28999999999999,0.27,2026-09-21T12:00Z,,,,,0.2,0.0,0.0,nasa_power_ml_plus_cams_spectral,0.0,low,0.0,,poor locally,,,,,False,80,63.6,3.8,0,horizontal environmental reference,NNW,,sun below horizon — no direct-sun posture,100.0,False,,,50.0,0.0,0.0,,not specified,Environmental scores are skin-type independent.,not personalized
2026-09-21T01:00,deterministic,best_match,67.6,80,61.2,69.4,63.2,1013.2,1003.1,56430.444,3,100,100,0,0,0,0.0,0.0,0.0,0.0,4.9,246,7.4,0.0,0.0,0.0,0,10.0,2.8,0.0,13845.145,2165.354,22.7,0.0,0.001,0.46,0.0,0.0,0.0,0.0,0.0,0.0,0.0,0.0,0.0,0.0,99,14,19,9,18,76,0,0,0,0,2568.898,4927.822,10282.152,19074.802,31289.688,America/Los_Angeles,34.03202,-118.52633,86.0,52.09648609161377,,,,,,,,,0.0,0.0,0.0,99.0,76.0,0.0,0.6,18.5,14.9,132.0,444.0,23.5,4.3,61.0,1378.0,0.29,1.0,0.0,0.0,69.0,69.0,20.0,39.0,2026-09-21 08:00:00+00:00,145.1832229086813,-55.183222908681294,5.584604057449155,0.0,0.0,0.0,0.0,0.0,0.0,,100,19.777777777777775,80,100.31,0.29,2026-09-21T12:00Z,,,,,0.2,0.0,0.0,nasa_power_ml_plus_cams_spectral,0.0,low,0.0,,poor locally,,,,,False,80,63.2,4.9,0,horizontal environmental reference,N,,sun below horizon — no direct-sun posture,98.8,False,,cold,50.0,0.0,0.0,,not specified,Environmental scores are skin-type independent.,not personalized
2026-09-21T02:00,deterministic,best_match,66.0,85,61.3,69.2,62.7,1013.0,1002.9,49868.764,3,100,100,0,0,0,0.0,0.0,0.0,0.0,1.6,278,2.2,0.0,0.0,0.0,0,0.0,3.3,0.0,13976.378,2230.971,22.5,0.0,0.0,0.33,0.0,0.0,0.0,0.0,0.0,0.0,0.0,0.0,0.0,0.0,99,23,23,17,18,76,0,0,0,0,2559.055,4908.137,10259.187,19051.838,31257.936,America/Los_Angeles,34.03202,-118.52633,86.0,52.09648609161377,,,,,,,,,0.0,0.0,0.0,99.0,76.0,0.0,0.6,20.4,16.9,133.0,445.0,23.5,4.7,60.0,1384.0,0.31,1.0,0.0,0.0,68.0,68.0,20.0,36.0,2026-09-21 09:00:00+00:00,141.3542275439312,-51.354227543931195,29.98664215407689,0.0,0.0,0.0,0.0,0.0,0.0,,100,18.88888888888889,85,100.28999999999999,0.31,2026-09-21T12:00Z,,,,,0.2,0.0,0.0,nasa_power_ml_plus_cams_spectral,0.0,low,0.0,,poor locally,,,,,False,85,62.7,1.6,0,horizontal environmental reference,NNE,,sun below horizon — no direct-sun posture,93.9,False,,cold,50.0,0.0,0.0,,not specified,Environmental scores are skin-type independent.,not personalized
2026-09-21T03:00,deterministic,best_match,66.2,85,61.6,70.0,63.0,1012.8,1002.7,50196.852,3,100,100,0,0,3,0.0,0.0,0.0,0.0,0.7,198,2.7,0.0,0.0,0.0,0,10.0,2.1,1.0,13943.569,2116.142,23.4,0.0,0.0,0.33,0.0,0.0,0.0,0.0,0.0,0.0,0.0,0.0,0.0,0.0,99,33,29,20,16,76,0,0,0,0,2555.775,4904.856,10252.625,19035.434,31226.19,America/Los_Angeles,34.03202,-118.52633,86.0,52.09648609161377,,,,,,,,,0.0,0.0,0.0,99.0,76.0,0.0,0.6,23.1,19.4,136.0,446.0,22.6,5.4,59.0,1396.0,0.33,1.0,0.0,0.0,68.0,68.0,20.0,33.0,2026-09-21 10:00:00+00:00,133.42402106206947,-43.424021062069464,48.91299035563776,0.0,0.0,0.0,0.0,0.0,0.0,,100,19.000000000000004,85,100.27000000000001,0.33,2026-09-21T12:00Z,,,,,0.2,0.0,0.0,nasa_power_ml_plus_cams_spectral,0.0,low,0.0,,poor locally,,,,,False,85,63.0,0.7,3,horizontal environmental reference,NE,,sun below horizon — no direct-sun posture,93.7,False,,cold,50.0,0.0,0.0,,not specified,Environmental scores are skin-type independent.,not personalized
2026-09-21T04:00,deterministic,best_match,66.8,81,60.8,69.4,62.6,1013.1,1003.0,55774.276,3,100,100,0,0,2,0.0,0.0,0.0,0.0,2.5,280,3.1,0.0,0.0,0.0,0,0.0,2.3,9.0,13451.443,1689.633,24.2,0.0,0.0,0.43,0.0,0.0,0.0,0.0,0.0,0.0,0.0,0.0,0.0,0.0,99,48,27,16,14,76,0,0,0,0,2562.336,4908.137,10249.344,19012.466,31178.562,America/Los_Angeles,34.03202,-118.52633,86.0,52.09648609161377,,,,,,,,,0.0,0.0,0.0,99.0,76.0,0.0,0.6,25.8,21.5,139.0,447.0,21.5,6.4,58.0,1410.0,0.35,2.0,0.0,0.0,67.0,67.0,19.0,31.0,2026-09-21 11:00:00+00:00,123.12626768432503,-33.12626768432503,62.877881451497046,0.0,0.0,0.0,0.0,0.0,0.0,,100,19.333333333333332,81,100.3,0.35,2026-09-21T12:00Z,0.1636334,0.15332265,274.07956,0.16587067,0.16587067,0.0,0.0,nasa_power_ml_plus_cams_spectral,0.0,low,0.0,,poor locally,,,,,False,81,62.6,2.5,2,horizontal environmental reference,ENE,,sun below horizon — no direct-sun posture,95.8,False,,cold,50.0,0.0,0.0,,not specified,Environmental scores are skin-type independent.,not personalized
2026-09-21T05:00,deterministic,best_match,66.9,81,60.9,70.1,62.7,1013.0,1002.9,56430.444,3,100,100,0,0,0,0.0,0.0,0.0,0.0,1.2,292,2.2,0.0,0.0,0.0,0,10.0,1.1,7.0,13451.443,1656.824,24.6,0.0,0.0,0.43,0.0,0.0,0.0,0.0,0.0,0.0,0.0,0.0,0.0,0.0,99,70,31,19,18,76,0,0,0,0,2559.055,4895.013,10219.816,18963.254,31093.894,America/Los_Angeles,34.03202,-118.52633,86.0,52.09648609161377,,,,,,,,,0.0,0.0,0.0,99.0,76.0,0.0,0.6,18.4,14.8,144.0,448.0,17.6,3.9,59.0,1425.0,0.27,1.0,0.0,0.0,66.0,66.0,19.0,30.0,2026-09-21 12:00:00+00:00,111.58738407336324,-21.587384073363236,73.70993005033176,0.0,0.0,0.0,0.0,0.0,0.0,,100,19.388888888888893,81,100.28999999999999,0.27,2026-09-21T12:00Z,0.1636334,0.15332265,274.07956,0.16587067,0.16587067,0.0,0.0,nasa_power_ml_plus_cams_spectral,0.0,low,0.0,,poor locally,,,,,False,81,62.7,1.2,0,horizontal environmental reference,ENE,,sun below horizon — no direct-sun posture,96.6,False,,cold,50.0,0.0,0.0,,not specified,Environmental scores are skin-type independent.,not personalized
2026-09-21T06:00,deterministic,best_match,68.0,74,59.4,71.1,62.2,1013.1,1003.0,67585.304,3,100,100,0,0,0,0.0,0.0,0.0,0.0,0.0,270,4.5,0.0,0.0,0.0,0,10.0,1.6,12.0,13615.485,2919.948,23.1,0.0,0.0,0.61,0.0,0.0,0.0,0.0,0.0,0.0,0.0,0.0,0.0,0.0,98,65,40,16,20,66,0,0,0,0,2562.336,4895.013,10219.816,18956.694,31062.146,America/Los_Angeles,34.03202,-118.52633,86.0,52.09648609161377,,,,,,,,,0.0,0.0,0.0,98.0,66.0,0.0,0.6,20.3,17.1,151.0,450.0,20.0,4.1,55.0,1441.0,0.28,1.0,0.0,0.0,65.0,65.0,19.0,29.0,2026-09-21 13:00:00+00:00,99.43205107320037,-9.432051073200364,82.85794310040194,0.0,0.0,0.0,0.0,0.0,0.0,,100,20.0,74,100.3,0.28,2026-09-21T12:00Z,0.16618049,0.1560087,273.75403,0.16562521,0.16562521,0.0,0.0,nasa_power_ml_plus_cams_spectral,0.0,low,0.0,0.0,poor locally,,,,,False,74,62.2,0.0,0,horizontal environmental reference,E,,sun below horizon — no direct-sun posture,100.0,False,,,50.0,0.0,0.0,,not specified,Environmental scores are skin-type independent.,not personalized
2026-09-21T07:00,deterministic,best_match,68.0,70,57.8,69.9,61.3,1013.5,1003.4,74803.152,3,100,100,0,0,0,0.0,0.0,0.0,0.0,1.5,117,3.6,0.0,0.0,0.0,1,10.0,1.7,15.0,13517.061,2181.759,22.9,0.0,0.001,0.7,0.8,0.5,0.3,9.6,8.4,6.3,4.2,2.1,80.0,70.3,97,70,34,13,20,58,0,0,0,0,2575.459,4901.575,10223.098,18959.974,31051.56,America/Los_Angeles,34.03202,-118.52633,86.0,52.09648609161377,,,0.09523809523809523,0.08961593172119488,0.625,0.37499999999999994,0.6666666666666667,0.33333333333333337,0.0,0.0,-8.881784197001252e-16,97.0,58.0,7.1,0.85,21.6,18.8,158.0,453.0,23.2,4.4,51.0,1458.0,0.28,1.0,0.05,0.05,65.0,65.0,18.0,28.0,2026-09-21 14:00:00+00:00,86.80933844388552,3.1906615561144833,91.33876727804841,6.289466150971999,20.378679308801942,5.155213889856944,0.8,9.6,0.3,0.09523809523809523,100,20.0,70,100.34,0.28,2026-09-21T12:00Z,0.15446481,0.14538893,273.59943,0.16542178,0.16542178,0.752,0.0,nasa_power_ml_plus_cams_spectral,0.4,low,1.1,7.8,poor locally,19.3,66.2,35.7,35.7,False,70,61.3,1.5,0,horizontal environmental reference,E,86.8,"sun low 3° (E) — face E, lift torso ~87° toward the sun if comfortable",100.0,False,,,50.0,1.2,1.2,,not specified,Environmental scores are skin-type independent.,not personalized
2026-09-21T08:00,deterministic,best_match,68.4,71,58.6,70.6,61.9,1013.9,1003.8,69881.888,3,100,100,11,94,1,0.0,0.0,0.0,0.0,1.6,188,4.9,0.2,0.55,0.0,1,40.0,1.8,5.0,13320.21,3756.562,23.2,0.0,0.001,0.69,13.5,0.3,13.3,1.6,215.6,22.5,0.4,22.0,2.6,358.7,94,70,34,10,52,41,0,0,0,0,2585.302,4904.856,10223.098,18956.694,31025.102,America/Los_Angeles,34.03202,-118.52633,86.0,52.09648609161377,0.36363636363636365,0.6363636363636364,0.06261595547309833,0.06272651240591023,0.022222222222222223,0.9851851851851853,0.017777777777777778,0.9777777777777777,0.0,-0.10000000000000142,0.10000000000000142,94.0,41.0,2.7,1.0,21.2,18.4,162.0,454.0,24.4,4.8,50.0,1462.0,0.29,1.0,0.3,0.6,64.0,64.0,18.0,27.0,2026-09-21 15:00:00+00:00,74.62390391282128,15.376096087178716,99.98201509305687,171.63069914643597,401.5089813201475,65.16903815754786,13.5,1.6,13.3,0.06261595547309833,100,20.222222222222225,71,100.38,0.29,2026-09-21T12:00Z,0.16040584,0.15134877,273.59525,0.16530514,0.16530514,2.514,0.0,nasa_power_ml_plus_cams_spectral,2.1,low,7.5,1.1,poor locally,19.7,55.9,32.4,32.4,False,71,61.9,1.6,1,horizontal environmental reference,E,74.6,"sun low 15° (E) — face E, lift torso ~75° toward the sun if comfortable",99.8,False,,,50.0,3.6,3.6,,not specified,Environmental scores are skin-type independent.,not personalized
2026-09-21T09:00,deterministic,best_match,69.2,73,60.2,71.6,63.1,1014.2,1004.1,68241.472,3,96,96,18,6,3,0.0,0.0,0.0,0.0,2.6,211,6.7,0.7,1.85,0.0,1,50.0,1.6,0.0,13156.168,4117.454,22.9,0.0,0.003,0.66,93.8,18.8,75.0,51.6,493.6,118.3,23.7,94.7,65.1,623.1,90,79,43,9,44,24,4,0,0,0,2595.144,4917.979,10223.098,18953.412,31040.978,America/Los_Angeles,34.03202,-118.52633,86.0,52.09648609161377,0.37837837837837834,0.6216216216216217,0.19003241491085898,0.1898571657839833,0.2004264392324094,0.7995735607675907,0.2003381234150465,0.8005071851225698,0.0,0.0,-0.10000000000000853,90.0,24.0,11.0,1.0,18.3,15.1,158.0,452.0,21.8,5.3,55.0,1446.0,0.28,1.0,0.75,1.9,63.0,63.0,18.0,26.0,2026-09-21 16:00:00+00:00,62.64887016481578,27.351129835184217,109.67327805727246,382.4443898428614,616.9537752226655,98.98969163340661,93.8,51.6,75.0,0.19003241491085898,96,20.666666666666668,73,100.41,0.28,2026-09-21T12:00Z,0.16928329,0.15968296,273.72134,0.16534996,0.16534996,6.726,0.166,nasa_power_ml_plus_cams_spectral,6.2,low,19.3,0.3,poor locally,19.8,48.3,29.8,29.8,False,73,63.1,2.6,3,horizontal environmental reference,ESE,62.6,"sun low 27° (ESE) — face ESE, lift torso ~63° toward the sun if comfortable",99.2,False,,,50.0,6.9,6.8,,not specified,Environmental scores are skin-type independent.,not personalized
2026-09-21T10:00,deterministic,best_match,69.9,79,63.1,72.5,65.2,1014.4,1004.3,58398.948,2,55,53,55,0,1,0.0,0.0,0.0,0.0,4.9,246,6.7,1.8,3.55,3600.0,1,70.0,0.4,244.0,12992.126,2739.501,24.4,0.0,0.007,0.52,258.8,138.8,120.0,255.0,738.5,296.3,158.9,137.4,292.0,845.6,88,73,51,10,26,16,0,0,0,0,2601.706,4924.541,10229.659,18956.694,31051.56,America/Los_Angeles,34.03202,-118.52633,86.0,52.09648609161377,0.5070422535211268,0.49295774647887325,0.3504400812457685,0.35040208136234624,0.536321483771252,0.46367851622874806,0.5362807964900439,0.4637192035099561,1.0,0.0,0.0,88.0,16.0,42.7,1.0,16.9,13.4,150.0,449.0,17.2,5.7,65.0,1418.0,0.24,1.0,2.05,3.9,63.0,63.0,18.0,26.0,2026-09-21 17:00:00+00:00,51.45906561263594,38.54093438736406,121.61428920632261,568.4154468030333,721.44556712859,118.90175708652009,258.8,255.0,120.0,0.3504400812457685,55,21.05555555555556,79,100.42999999999999,0.24,2026-09-21T12:00Z,0.17156115,0.16153845,274.36554,0.16534996,0.16534996,16.571,0.3966,nasa_power_ml_plus_cams_spectral,15.6,low,35.6,1.1,below typical locally,20.5,38.7,26.9,26.9,False,79,65.2,4.9,1,horizontal environmental reference,ESE,51.5,"sun 39° up (ESE) — lay flat, or lift torso ~52° toward ESE to face it",99.8,False,,,50.0,14.7,14.7,,not specified,Environmental scores are skin-type independent.,not personalized
2026-09-21T11:00,deterministic,best_match,72.5,70,62.2,74.3,65.5,1014.4,1004.4,71194.224,3,100,100,0,0,1,0.0,0.0,0.0,0.0,6.4,241,9.2,2.3,5.1,3600.0,1,30.0,1.2,3.0,12992.126,3412.074,25.1,0.0,0.014,0.82,565.5,417.3,148.3,606.8,933.4,612.4,451.9,160.5,657.1,1010.8,95,77,32,10,10,46,0,0,0,0,2601.706,4924.541,10232.939,18946.85,31067.436,America/Los_Angeles,34.03202,-118.52633,86.0,52.09648609161377,0.45098039215686275,0.5490196078431373,0.605849582172702,0.6058567471309854,0.7379310344827587,0.2622458001768347,0.73791639451339,0.2620836054866101,1.0,-0.10000000000002274,0.0,95.0,46.0,57.6,1.0,17.9,14.2,143.0,446.0,13.1,6.0,75.0,1395.0,0.22,1.0,3.35,5.95,63.0,63.0,17.0,26.0,2026-09-21 18:00:00+00:00,41.868712225145586,48.131287774854414,137.55951113369986,708.6152828661793,775.325512186011,131.24888740366646,565.5,606.8,148.3,0.605849582172702,100,22.5,70,100.44,0.22,2026-09-21T12:00Z,0.16127656,0.15154375,276.39893,0.16534996,0.16534996,33.828,0.8827,nasa_power_ml_plus_cams_spectral,27.1,low-moderate,50.4,1.8,typical-to-good locally,22.0,22.9,22.3,22.3,False,70,65.5,6.4,1,horizontal environmental reference,SE,41.9,"sun 48° up (SE) — lay flat, or lift torso ~42° toward SE to face it",99.8,False,,,50.0,22.0,22.0,,not specified,Environmental scores are skin-type independent.,not personalized
2026-09-21T12:00,deterministic,best_match,72.0,67,60.4,73.3,64.3,1014.2,1004.2,76771.656,3,100,100,0,0,0,0.0,0.0,0.0,0.0,5.4,218,9.2,2.75,6.3,2845.11,1,20.0,0.8,7.0,12828.084,3395.67,25.2,0.0,0.012,0.88,445.0,121.5,323.5,154.8,1065.2,462.7,126.3,336.4,161.0,1107.7,89,73,44,16,4,20,0,0,0,0,2598.425,4927.822,10232.939,18937.008,31056.854,America/Los_Angeles,34.03202,-118.52633,86.0,52.09648609161377,0.4365079365079365,0.5634920634920635,0.417761922643635,0.41771237699738195,0.27303370786516856,0.7269662921348314,0.2729630430084288,0.7270369569915712,0.7903083333333334,0.0,0.0,89.0,20.0,37.8,1.0,18.0,14.1,139.0,443.0,10.3,5.9,87.0,1382.0,0.22,1.0,4.35,7.3,62.0,62.0,17.0,27.0,2026-09-21 19:00:00+00:00,35.32403369686116,54.67596630313884,159.34115069702773,791.1904290678526,800.744465111045,137.86692281188357,445.0,154.8,323.5,0.417761922643635,100,22.22222222222222,67,100.42,0.22,2026-09-21T12:00Z,0.15776148,0.14757733,278.0665,0.1653058,0.1653058,30.139,0.9039,nasa_power_ml_plus_cams_spectral,26.6,low-moderate,49.6,0.6,below typical locally,25.1,22.6,24.2,24.2,False,67,64.3,5.4,0,horizontal environmental reference,SSE,35.3,"sun 55° up (SSE) — lay flat, or lift torso ~35° toward SSE to face it",100.0,False,,,50.0,19.7,19.7,,not specified,Environmental scores are skin-type independent.,not personalized
2026-09-21T13:00,deterministic,best_match,72.7,72,63.2,73.9,66.2,1013.6,1003.6,67257.216,3,93,93,0,0,0,0.0,0.0,0.0,0.0,8.4,254,8.9,4.1,6.85,3600.0,1,40.0,-0.1,251.0,12893.701,2312.992,26.8,0.0,0.013,0.77,504.5,225.5,279.0,272.2,1124.8,506.5,226.4,280.1,273.3,1129.4,89,75,49,24,8,20,0,0,0,0,2585.302,4917.979,10229.659,18940.29,31078.022,America/Los_Angeles,34.03202,-118.52633,86.0,52.09648609161377,0.5985401459854014,0.4014598540145986,0.44852418207681366,0.44846821321055425,0.44697720515361744,0.5530227948463825,0.4469891411648569,0.5530108588351432,1.0,0.0,0.0,89.0,20.0,54.4,1.0,18.3,14.2,135.0,440.0,7.9,5.5,100.0,1372.0,0.21,2.0,6.2,7.55,62.0,62.0,17.0,29.0,2026-09-21 20:00:00+00:00,33.71117043425927,56.28882956574073,185.82469332664138,809.7204560508416,805.9426310294832,139.30035589535487,504.5,272.2,279.0,0.44852418207681366,93,22.611111111111114,72,100.36,0.21,2026-09-21T12:00Z,0.16682377,0.15582128,279.4224,0.16537827,0.16537827,33.757,0.9931,nasa_power_ml_plus_cams_spectral,33.2,low-moderate,57.0,1.6,typical-to-good locally,33.6,35.1,34.1,34.1,False,72,66.2,8.4,0,horizontal environmental reference,S,33.7,"sun 56° up (S) — lay flat on back, face up",100.0,False,,,50.0,26.7,26.7,,not specified,Environmental scores are skin-type independent.,not personalized
2026-09-21T14:00,deterministic,best_match,73.2,70,62.8,74.7,66.1,1013.1,1003.1,72178.48,1,30,30,0,0,0,0.0,0.0,0.0,0.0,8.3,256,8.7,5.5,6.7,3600.0,1,10.0,-0.3,7.0,13057.743,1968.504,22.7,0.0,0.015,0.84,595.5,316.5,279.0,387.7,1108.2,577.4,306.9,270.5,376.0,1074.5,82,64,41,21,10,0,0,0,0,0,2572.179,4908.137,10219.816,18930.448,31088.606,America/Los_Angeles,34.03202,-118.52633,86.0,52.09648609161377,0.8208955223880596,0.17910447761194037,0.5373578776394152,0.5373662168450442,0.5314861460957179,0.46851385390428213,0.5315206096293731,0.46847939037062697,1.0,0.0,0.0,82.0,0.0,72.8,1.0,18.7,14.4,133.0,438.0,6.3,5.2,109.0,1366.0,0.22,2.0,5.75,6.55,61.0,61.0,17.0,31.0,2026-09-21 21:00:00+00:00,37.680956747611,52.319043252389,210.77898611143152,762.7895809147265,792.4353105818097,135.63508564968197,595.5,387.7,279.0,0.5373578776394152,30,22.888888888888893,70,100.31,0.22,2026-09-21T12:00Z,0.17864004,0.16682708,280.5541,0.16556644,0.16556644,37.222,1.0458,nasa_power_ml_plus_cams_spectral,39.9,moderate,66.8,10.1,typical-to-good locally,36.7,40.3,38.0,38.0,False,70,66.1,8.3,0,horizontal environmental reference,SSW,37.7,"sun 52° up (SSW) — lay flat, or lift torso ~38° toward SSW to face it",100.0,False,,,50.0,37.3,37.3,,not specified,Environmental scores are skin-type independent.,not personalized
2026-09-21T15:00,deterministic,best_match,73.9,70,63.5,75.3,66.8,1012.3,1002.3,70209.976,0,12,12,0,0,0,0.0,0.0,0.0,0.0,10.6,257,11.4,5.75,5.9,3600.0,1,30.0,-0.5,237.0,13156.168,1870.079,23.1,0.0,0.016,0.86,665.8,504.8,161.0,674.2,1016.3,620.2,470.2,150.0,628.1,946.8,77,55,43,19,6,0,0,0,0,0,2552.494,4891.733,10209.974,18923.884,31104.48,America/Los_Angeles,34.03202,-118.52633,86.0,52.09648609161377,0.9745762711864406,0.025423728813559365,0.6551215192364459,0.6550485847063795,0.7581856413337339,0.24181435866626616,0.7581425346662366,0.2418574653337633,1.0,0.0,0.0,77.0,0.0,87.7,1.0,18.8,14.3,133.0,437.0,5.3,5.0,113.0,1363.0,0.21,2.0,4.1,4.65,61.0,61.0,17.0,34.0,2026-09-21 22:00:00+00:00,45.78194098185536,44.21805901814464,229.8672840802107,653.9608962387751,756.1527970080411,126.62671769664962,665.8,674.2,161.0,0.6551215192364459,12,23.277777777777782,70,100.22999999999999,0.21,2026-09-21T12:00Z,0.19003269,0.1775865,281.14108,0.16579914,0.16579914,38.325,0.9383,nasa_power_ml_plus_cams_spectral,41.4,moderate,69.5,55.1,typical-to-good locally,40.8,70.4,51.2,51.2,False,70,66.8,10.6,0,horizontal environmental reference,SW,45.8,"sun 44° up (SW) — lay flat, or lift torso ~46° toward SW to face it",100.0,False,,,50.0,47.5,47.5,,not specified,Environmental scores are skin-type independent.,not personalized
2026-09-21T16:00,deterministic,best_match,73.3,68,62.1,73.3,65.7,1012.2,1002.2,75131.232,0,15,15,0,0,0,0.0,0.0,0.0,0.0,10.6,263,12.3,4.5,4.5,3600.0,1,0.0,0.0,0.0,13188.977,2280.184,23.3,0.0,0.014,0.89,577.0,452.0,125.0,717.2,855.6,509.1,398.8,110.3,632.8,754.9,77,54,36,23,10,0,0,0,0,0,2549.213,4891.733,10209.974,18930.448,31136.228,America/Los_Angeles,34.03202,-118.52633,86.0,52.09648609161377,1.0,0.0,0.674380551659654,0.6743939594648298,0.7833622183708839,0.21663778162911612,0.7833431545865253,0.21665684541347474,1.0,0.0,0.0,77.0,0.0,82.4,1.0,18.7,14.2,135.0,437.0,5.0,4.8,114.0,1363.0,0.2,2.0,2.45,2.55,61.0,61.0,16.0,38.0,2026-09-21 23:00:00+00:00,56.20880751830999,33.79119248169001,243.80776209602442,491.88731156968106,684.2351295272414,111.33771711434804,577.0,717.2,125.0,0.674380551659654,15,22.944444444444443,68,100.22,0.2,2026-09-21T12:00Z,0.19216864,0.17969017,281.08105,0.16601592,0.16601592,31.051,0.5891,nasa_power_ml_plus_cams_spectral,33.0,low-moderate,56.8,85.3,typical-to-good locally,45.9,73.6,55.6,55.6,False,68,65.7,10.6,0,horizontal environmental reference,WSW,56.2,"sun 34° up (WSW) — lay flat, or lift torso ~56° toward WSW to face it",100.0,False,,,50.0,42.6,42.6,,not specified,Environmental scores are skin-type independent.,not personalized
2026-09-21T17:00,deterministic,best_match,72.6,68,61.5,71.6,65.1,1011.8,1001.8,77427.824,1,27,27,0,0,0,0.0,0.0,0.0,0.0,11.9,269,14.1,2.8,2.8,3600.0,1,0.0,0.3,0.0,13188.977,2132.546,24.0,0.0,0.011,0.88,408.5,307.8,100.8,656.0,636.9,328.3,247.4,81.0,527.3,511.9,78,60,32,13,10,0,0,0,0,0,2536.089,4885.171,10206.693,18930.448,31167.978,America/Los_Angeles,34.03202,-118.52633,86.0,52.09648609161377,1.0,0.0,0.6413879729941906,0.641336198476265,0.7534883720930233,0.2467564259485924,0.7535790435577215,0.2467255558939994,1.0,-0.10000000000002274,-0.0999999999999659,78.0,0.0,69.9,1.0,17.5,13.3,136.0,438.0,5.6,4.6,111.0,1364.0,0.19,2.0,0.95,0.95,60.0,60.0,16.0,42.0,2026-09-22 00:00:00+00:00,67.82325759551524,22.176742404484756,254.57624497109094,291.58948739443537,542.8427877096926,86.6853753456466,408.5,656.0,100.8,0.6413879729941906,27,22.555555555555554,68,100.17999999999999,0.19,2026-09-21T12:00Z,0.1876312,0.1753534,280.058,0.166089,0.166089,19.876,0.2493,nasa_power_ml_plus_cams_spectral,20.9,low-moderate,40.4,96.2,below typical locally,34.4,76.3,49.1,49.1,False,68,65.1,11.9,0,horizontal environmental reference,WSW,67.8,"sun low 22° (WSW) — face WSW, lift torso ~68° toward the sun if comfortable",100.0,False,,,50.0,30.6,30.6,,not specified,Environmental scores are skin-type independent.,not personalized
2026-09-21T18:00,deterministic,best_match,70.6,70,60.3,69.3,63.7,1011.9,1001.9,73490.816,0,5,5,0,0,0,0.0,0.0,0.0,0.0,11.2,267,13.4,1.2,1.2,3600.0,1,0.0,0.7,0.0,13090.552,1738.845,22.8,0.0,0.006,0.77,185.5,109.8,75.8,397.2,375.1,115.9,68.6,47.3,248.2,234.4,79,55,38,9,14,0,0,0,0,0,2536.089,4885.171,10203.412,18927.166,31173.272,America/Los_Angeles,34.03202,-118.52633,86.0,52.09648609161377,1.0,0.0,0.49453479072247397,0.49445392491467577,0.5919137466307277,0.4086253369272237,0.5918895599654874,0.40811044003451247,1.0,-0.09999999999999432,1.4210854715202004e-14,79.0,0.0,52.0,1.0,15.5,11.9,134.0,438.0,7.1,4.3,103.0,1366.0,0.18,2.0,0.15,0.2,61.0,61.0,17.0,45.0,2026-09-22 01:00:00+00:00,79.98417484241716,10.015825157582839,263.6704459742591,83.46861951797219,240.79098570283665,41.590208898341174,185.5,397.2,75.8,0.49453479072247397,5,21.444444444444443,70,100.19,0.18,2026-09-21T12:00Z,0.18692234,0.17489527,279.94778,0.166089,0.166089,7.23,0.0367,nasa_power_ml_plus_cams_spectral,8.2,low,21.7,98.7,poor locally,34.6,82.8,51.5,51.5,False,70,63.7,11.2,0,horizontal environmental reference,W,80.0,"sun low 10° (W) — face W, lift torso ~80° toward the sun if comfortable",100.0,False,,,50.0,16.0,16.0,,not specified,Environmental scores are skin-type independent.,not personalized
2026-09-21T19:00,deterministic,best_match,68.4,80,62.0,68.1,63.9,1012.1,1002.0,58398.948,0,1,1,0,0,0,0.0,0.0,0.0,0.0,10.6,278,14.3,0.2,0.2,2880.7,0,40.0,-0.1,182.0,13057.743,1525.591,23.3,0.0,0.002,0.47,37.3,18.8,18.5,173.4,94.0,0.0,0.0,0.0,0.0,0.0,74,59,39,9,18,0,0,0,0,0,2542.651,4888.452,10203.412,18930.448,31205.02,America/Los_Angeles,34.03202,-118.52633,86.0,52.09648609161377,1.0,0.0,0.39680851063829786,,0.5040214477211796,0.49597855227882043,,,0.8001944444444444,0.0,0.0,74.0,0.0,36.6,1.0,14.2,10.9,132.0,439.0,9.4,4.0,91.0,1369.0,0.18,1.0,0.0,0.0,61.0,61.0,17.0,47.0,2026-09-22 02:00:00+00:00,92.4960793408033,-2.4960793408033024,272.1184415601018,0.0,0.0,0.0,37.3,173.4,18.5,0.39680851063829786,1,20.222222222222225,80,100.2,0.18,2026-09-21T12:00Z,0.19233634,0.18015678,280.3843,0.166089,0.166089,0.0,0.0,nasa_power_ml_plus_cams_spectral,0.6,low,1.6,42.3,poor locally,,,,,False,80,63.9,10.6,0,horizontal environmental reference,W,,sun below horizon — no direct-sun posture,100.0,False,,,50.0,0.0,0.0,,not specified,Environmental scores are skin-type independent.,not personalized
2026-09-21T20:00,deterministic,best_match,68.0,76,60.2,68.7,62.7,1012.3,1002.2,64960.628,0,4,4,0,0,0,0.0,0.0,0.0,0.0,6.7,270,8.7,0.0,0.0,0.0,0,0.0,0.7,0.0,13090.552,1033.465,22.8,0.0,0.001,0.56,0.0,0.0,0.0,0.0,0.0,0.0,0.0,0.0,0.0,0.0,76,48,38,11,18,0,0,0,0,0,2545.932,4895.013,10216.535,18950.13,31242.064,America/Los_Angeles,34.03202,-118.52633,86.0,52.09648609161377,,,,,,,,,0.0,0.0,0.0,76.0,0.0,0.0,0.6,13.4,10.4,135.0,441.0,12.6,3.7,80.0,1374.0,0.17,1.0,0.0,0.0,61.0,61.0,17.0,48.0,2026-09-22 03:00:00+00:00,104.84921399269497,-14.849213992694967,280.749712744482,0.0,0.0,0.0,0.0,0.0,0.0,,4,20.0,76,100.22,0.17,2026-09-21T12:00Z,0.1988722,0.18633361,280.782,0.166089,0.166089,0.0,0.0,nasa_power_ml_plus_cams_spectral,0.0,low,0.0,,poor locally,,,,,False,76,62.7,6.7,0,horizontal environmental reference,W,,sun below horizon — no direct-sun posture,100.0,False,,,50.0,0.0,0.0,,not specified,Environmental scores are skin-type independent.,not personalized
2026-09-21T21:00,deterministic,best_match,69.1,67,57.7,70.6,61.7,1012.6,1002.5,81692.912,1,39,39,0,0,0,0.0,0.0,0.0,0.0,2.5,350,7.2,0.0,0.0,0.0,0,0.0,2.7,0.0,13221.785,2099.738,25.7,0.0,0.0,0.8,0.0,0.0,0.0,0.0,0.0,0.0,0.0,0.0,0.0,0.0,91,49,32,11,16,27,0,0,0,0,2555.775,4901.575,10223.098,18966.536,31252.646,America/Los_Angeles,34.03202,-118.52633,86.0,52.09648609161377,,,,,,,,,0.0,0.0,0.0,91.0,27.0,0.0,0.6,13.3,10.4,145.0,446.0,16.5,3.6,70.0,1382.0,0.17,1.0,0.0,0.0,61.0,61.0,17.0,48.0,2026-09-22 04:00:00+00:00,116.8271493984082,-26.8271493984082,290.4436112511233,0.0,0.0,0.0,0.0,0.0,0.0,,39,20.611111111111107,67,100.25,0.17,2026-09-21T12:00Z,0.21010193,0.19664446,280.87686,0.166089,0.166089,0.0,0.0,nasa_power_ml_plus_cams_spectral,0.0,low,0.0,,poor locally,,,,,False,67,61.7,2.5,0,horizontal environmental reference,WNW,,sun below horizon — no direct-sun posture,100.0,False,,,50.0,0.0,0.0,,not specified,Environmental scores are skin-type independent.,not personalized
2026-09-21T22:00,deterministic,best_match,68.2,70,58.1,68.6,61.5,1013.2,1003.1,74475.064,3,82,82,0,0,0,0.0,0.0,0.0,0.0,5.4,343,7.4,0.0,0.0,0.0,0,0.0,2.9,0.0,13156.168,1181.102,26.0,0.0,0.001,0.71,0.0,0.0,0.0,0.0,0.0,0.0,0.0,0.0,0.0,0.0,90,47,27,10,12,24,0,0,0,0,2575.459,4921.26,10242.782,18986.22,31263.228,America/Los_Angeles,34.03202,-118.52633,86.0,52.09648609161377,,,,,,,,,0.0,0.0,0.0,90.0,24.0,0.0,0.6,13.7,11.0,159.0,454.0,21.2,3.6,61.0,1392.0,0.18,1.0,0.0,0.0,61.0,61.0,16.0,46.0,2026-09-22 05:00:00+00:00,127.97654013528096,-37.976540135280956,302.38199673654606,0.0,0.0,0.0,0.0,0.0,0.0,,82,20.111111111111114,70,100.31,0.18,2026-09-21T12:00Z,0.21233577,0.19842716,280.8243,0.166089,0.166089,0.0,0.0,nasa_power_ml_plus_cams_spectral,0.0,low,0.0,,poor locally,,,,,False,70,61.5,5.4,0,horizontal environmental reference,WNW,,sun below horizon — no direct-sun posture,100.0,False,,,50.0,0.0,0.0,,not specified,Environmental scores are skin-type independent.,not personalized
2026-09-21T23:00,deterministic,best_match,67.1,72,57.8,67.7,61.0,1012.6,1002.5,71194.224,1,32,32,0,0,0,0.0,0.0,0.0,0.0,4.8,332,5.8,0.0,0.0,0.0,0,0.0,3.1,0.0,13024.935,1115.486,27.1,0.0,0.001,0.64,0.0,0.0,0.0,0.0,0.0,0.0,0.0,0.0,0.0,0.0,88,49,30,9,6,16,0,0,0,0,2555.775,4908.137,10226.378,18969.816,31247.354,America/Los_Angeles,34.03202,-118.52633,86.0,52.09648609161377,,,,,,,,,0.0,0.0,0.0,88.0,16.0,0.0,0.6,15.1,12.4,175.0,461.0,27.3,3.6,51.0,1406.0,0.18,1.0,0.0,0.0,61.0,61.0,16.0,43.0,2026-09-22 06:00:00+00:00,137.49503920844748,-47.49503920844749,318.2599598655901,0.0,0.0,0.0,0.0,0.0,0.0,,32,19.499999999999996,72,100.25,0.18,2026-09-21T12:00Z,0.21472469,0.20044059,281.36356,0.166089,0.166089,0.0,0.0,nasa_power_ml_plus_cams_spectral,0.0,low,0.0,,poor locally,,,,,False,72,61.0,4.8,0,horizontal environmental reference,NW,,sun below horizon — no direct-sun posture,97.2,False,,cold,50.0,0.0,0.0,,not specified,Environmental scores are skin-type independent.,not personalized
2026-09-22T00:00,deterministic,best_match,65.5,74,57.0,65.9,59.9,1013.2,1003.1,67585.304,0,5,5,0,0,0,0.0,0.0,0.0,0.0,4.5,354,4.5,0.0,0.0,0.0,0,0.0,3.4,0.0,13188.977,1197.507,27.3,0.0,0.001,0.56,0.0,0.0,0.0,0.0,0.0,0.0,0.0,0.0,0.0,0.0,89,54,31,9,4,20,0,0,0,0,2572.179,4921.26,10239.501,18989.502,31257.936,America/Los_Angeles,34.03202,-118.52633,86.0,52.09648609161377,,,,,,,,,0.0,0.0,0.0,89.0,20.0,0.0,0.6,17.2,14.4,192.0,468.0,35.7,3.7,40.0,1421.0,0.19,1.0,0.0,0.0,60.0,60.0,16.0,39.0,2026-09-22 07:00:00+00:00,143.96353081855682,-53.963530818556826,339.78496191178397,0.0,0.0,0.0,0.0,0.0,0.0,,5,18.61111111111111,74,100.31,0.19,2026-09-21T12:00Z,0.21459255,0.2000383,282.56406,0.166089,0.166089,0.0,0.0,nasa_power_ml_plus_cams_spectral,0.0,low,0.0,,poor locally,,,,,False,74,59.9,4.5,0,horizontal environmental reference,NNW,,sun below horizon — no direct-sun posture,92.4,False,,cold,50.0,0.0,0.0,,not specified,Environmental scores are skin-type independent.,not personalized
2026-09-22T01:00,deterministic,best_match,64.6,74,56.1,65.1,59.0,1013.2,1003.0,66929.132,0,5,5,0,0,0,0.0,0.0,0.0,0.0,3.4,349,3.4,0.0,0.0,0.0,0,0.0,3.0,0.0,13385.827,1410.761,26.1,0.0,0.001,0.54,0.0,0.0,0.0,0.0,0.0,0.0,0.0,0.0,0.0,0.0,90,51,31,10,4,24,0,0,0,0,2568.898,4917.979,10236.221,18992.784,31252.646,America/Los_Angeles,34.03202,-118.52633,86.0,52.09648609161377,,,,,,,,,0.0,0.0,0.0,90.0,24.0,0.0,0.6,19.4,16.4,210.0,474.0,45.3,3.8,30.0,1439.0,0.21,1.0,0.0,0.0,61.0,61.0,16.0,35.0,2026-09-22 08:00:00+00:00,145.56336944119974,-55.56336944119973,5.796235733576168,0.0,0.0,0.0,0.0,0.0,0.0,,5,18.111111111111107,74,100.3,0.21,2026-09-21T12:00Z,0.22090016,0.20572254,284.09882,0.166089,0.166089,0.0,0.0,nasa_power_ml_plus_cams_spectral,0.0,low,0.0,,poor locally,,,,,False,74,59.0,3.4,0,horizontal environmental reference,N,,sun below horizon — no direct-sun posture,89.6,False,,cold,50.0,0.0,0.0,,not specified,Environmental scores are skin-type independent.,not personalized
2026-09-22T02:00,deterministic,best_match,63.9,76,56.2,65.0,58.8,1012.6,1002.4,64632.548,0,7,7,0,0,0,0.0,0.0,0.0,0.0,2.1,347,2.2,0.0,0.0,0.0,0,0.0,3.2,0.0,13615.485,1361.549,25.0,0.0,0.0,0.49,0.0,0.0,0.0,0.0,0.0,0.0,0.0,0.0,0.0,0.0,91,51,28,10,4,27,0,0,0,0,2552.494,4901.575,10223.098,18982.94,31247.354,America/Los_Angeles,34.03202,-118.52633,86.0,52.09648609161377,,,,,,,,,0.0,0.0,0.0,91.0,27.0,0.0,0.6,23.0,20.0,229.0,482.0,53.9,4.0,20.0,1467.0,0.23,1.0,0.0,0.0,61.0,61.0,17.0,30.0,2026-09-22 09:00:00+00:00,141.67072918934983,-51.67072918934983,30.376301795961012,0.0,0.0,0.0,0.0,0.0,0.0,,7,17.72222222222222,76,100.24,0.23,2026-09-21T12:00Z,0.2250263,0.20905514,285.5486,0.166089,0.166089,0.0,0.0,nasa_power_ml_plus_cams_spectral,0.0,low,0.0,,poor locally,,,,,False,76,58.8,2.1,0,horizontal environmental reference,NNE,,sun below horizon — no direct-sun posture,87.5,False,,cold,50.0,0.0,0.0,,not specified,Environmental scores are skin-type independent.,not personalized
2026-09-22T03:00,deterministic,best_match,63.4,75,55.3,63.3,58.0,1012.7,1002.5,65616.796,1,22,22,0,0,0,0.0,0.0,0.0,0.0,4.1,9,4.0,0.0,0.0,0.0,0,0.0,3.7,0.0,13713.911,1246.719,24.3,0.0,0.001,0.5,0.0,0.0,0.0,0.0,0.0,0.0,0.0,0.0,0.0,0.0,93,54,21,10,4,36,0,0,0,0,2555.775,4901.575,10223.098,18992.784,31242.064,America/Los_Angeles,34.03202,-118.52633,86.0,52.09648609161377,,,,,,,,,0.0,0.0,0.0,93.0,36.0,0.0,0.6,26.5,23.5,250.0,492.0,61.1,4.2,11.0,1518.0,0.25,1.0,0.0,0.0,61.0,61.0,17.0,26.0,2026-09-22 10:00:00+00:00,133.67148767022243,-43.67148767022243,49.34434787004977,0.0,0.0,0.0,0.0,0.0,0.0,,22,17.444444444444443,75,100.25,0.25,2026-09-21T12:00Z,0.22757773,0.21081977,286.74408,0.166089,0.166089,0.0,0.0,nasa_power_ml_plus_cams_spectral,0.0,low,0.0,,poor locally,,,,,False,75,58.0,4.1,0,horizontal environmental reference,NE,,sun below horizon — no direct-sun posture,85.9,False,,cold,50.0,0.0,0.0,,not specified,Environmental scores are skin-type independent.,not personalized
2026-09-22T04:00,deterministic,best_match,63.5,75,55.5,64.4,58.2,1012.7,1002.5,66601.048,3,80,80,0,0,0,0.0,0.0,0.0,0.0,2.1,13,2.0,0.0,0.0,0.0,0,0.0,3.8,0.0,13615.485,1640.42,24.1,0.0,0.0,0.5,0.0,0.0,0.0,0.0,0.0,0.0,0.0,0.0,0.0,0.0,95,53,20,10,4,46,0,0,0,0,2552.494,4901.575,10223.098,18989.502,31231.478,America/Los_Angeles,34.03202,-118.52633,86.0,52.09648609161377,,,,,,,,,0.0,0.0,0.0,95.0,46.0,0.0,0.6,30.0,26.8,270.0,504.0,67.3,4.5,4.0,1580.0,0.28,1.0,0.0,0.0,61.0,61.0,17.0,21.0,2026-09-22 11:00:00+00:00,123.32278651811232,-33.32278651811232,63.292635372661266,0.0,0.0,0.0,0.0,0.0,0.0,,80,17.5,75,100.25,0.28,2026-09-21T12:00Z,0.23566392,0.21801907,287.51074,0.16604578,0.16604578,0.0,0.0,nasa_power_ml_plus_cams_spectral,0.0,low,0.0,,poor locally,,,,,False,75,58.2,2.1,0,horizontal environmental reference,ENE,,sun below horizon — no direct-sun posture,86.2,False,,cold,50.0,0.0,0.0,,not specified,Environmental scores are skin-type independent.,not personalized
2026-09-22T05:00,deterministic,best_match,63.6,76,55.9,64.8,58.5,1012.9,1002.7,64632.548,1,35,35,0,0,0,0.0,0.0,0.0,0.0,1.8,353,1.8,0.0,0.0,0.0,0,0.0,3.9,0.0,13615.485,1837.27,23.5,0.0,0.0,0.48,0.0,0.0,0.0,0.0,0.0,0.0,0.0,0.0,0.0,0.0,92,51,21,9,4,32,0,0,0,0,2555.775,4911.418,10232.939,18996.062,31236.772,America/Los_Angeles,34.03202,-118.52633,86.0,52.09648609161377,,,,,,,,,0.0,0.0,0.0,92.0,32.0,0.0,0.6,33.5,30.4,283.0,510.0,70.5,4.8,0.0,1623.0,0.31,1.0,0.0,0.0,62.0,62.0,17.0,17.0,2026-09-22 12:00:00+00:00,111.75211853515842,-21.75211853515842,74.10068172728927,0.0,0.0,0.0,0.0,0.0,0.0,,35,17.555555555555557,76,100.27000000000001,0.31,2026-09-21T12:00Z,0.24734691,0.22887072,287.24835,0.16527045,0.16527045,0.0,0.0,nasa_power_ml_plus_cams_spectral,0.0,low,0.0,,poor locally,,,,,False,76,58.5,1.8,0,horizontal environmental reference,ENE,,sun below horizon — no direct-sun posture,86.6,False,,cold,50.0,0.0,0.0,,not specified,Environmental scores are skin-type independent.,not personalized
2026-09-22T06:00,deterministic,best_match,62.6,76,55.0,63.2,57.6,1012.8,1002.6,62007.876,0,3,3,0,0,0,0.0,0.0,0.0,0.0,2.5,333,2.5,0.0,0.0,0.0,0,0.0,3.9,0.0,13746.72,1443.57,23.2,0.0,0.0,0.47,0.0,0.0,0.0,0.0,0.0,0.0,0.0,0.0,0.0,0.0,87,49,23,7,4,13,0,0,0,0,2555.775,4911.418,10236.221,19005.906,31231.478,America/Los_Angeles,34.03202,-118.52633,86.0,52.09648609161377,,,,,,,,,0.0,0.0,0.0,87.0,13.0,0.0,0.6,37.4,34.2,284.0,508.0,70.3,5.1,0.0,1635.0,0.34,1.0,0.0,0.0,63.0,63.0,17.0,13.0,2026-09-22 13:00:00+00:00,99.58032306084247,-9.580323060842474,83.23327266466265,0.0,0.0,0.0,0.0,0.0,0.0,,3,17.0,76,100.26,0.34,2026-09-21T12:00Z,0.25122038,0.2324602,286.629,0.1650238,0.1650238,0.0,0.0,nasa_power_ml_plus_cams_spectral,0.0,low,0.0,0.0,poor locally,,,,,False,76,57.6,2.5,0,horizontal environmental reference,E,,sun below horizon — no direct-sun posture,83.5,False,,cold,50.0,0.0,0.0,,not specified,Environmental scores are skin-type independent.,not personalized
2026-09-22T07:00,deterministic,best_match,62.0,76,54.4,61.9,57.0,1013.0,1002.8,60039.372,0,1,1,0,0,0,0.0,0.0,0.0,0.0,3.6,330,3.6,0.0,0.0,0.0,1,0.0,3.9,0.0,13746.72,1263.123,23.9,0.0,0.001,0.46,0.0,0.0,0.0,0.0,7.6,0.0,0.0,0.0,0.0,66.9,82,48,29,4,6,0,0,0,0,0,2559.055,4917.979,10242.782,19015.748,31226.19,America/Los_Angeles,34.03202,-118.52633,86.0,52.09648609161377,,,0.0,0.0,,,,,0.0,0.0,0.0,82.0,0.0,0.0,0.75,41.7,38.6,277.0,502.0,67.2,5.5,0.0,1628.0,0.36,1.0,0.05,0.05,64.0,64.0,18.0,9.0,2026-09-22 14:00:00+00:00,86.94713868402735,3.0528613159726543,91.71092572634097,5.598388906965185,18.00461171220628,4.639512377610569,0.0,0.0,0.0,0.0,1,16.666666666666668,76,100.28,0.36,2026-09-21T12:00Z,0.26668173,0.24713667,285.79193,0.16482031,0.16482031,0.0,0.0,nasa_power_ml_plus_cams_spectral,0.0,low,0.0,0.0,poor locally,33.1,73.1,47.1,47.1,False,76,57.0,3.6,0,horizontal environmental reference,E,86.9,"sun low 3° (E) — face E, lift torso ~87° toward the sun if comfortable",81.7,False,,cold,50.0,0.5,0.4,,not specified,Environmental scores are skin-type independent.,not personalized
2026-09-22T08:00,deterministic,best_match,66.9,79,60.1,69.4,62.2,1013.1,1003.0,60039.372,0,3,3,0,0,0,0.0,0.0,0.0,0.0,2.2,323,3.1,0.55,0.55,3600.0,1,0.0,3.9,0.0,13746.72,902.231,23.9,0.0,0.002,0.47,101.0,56.3,44.8,359.9,212.3,169.1,94.2,74.9,602.5,355.4,78,45,31,7,6,0,0,0,0,0,2562.336,4924.541,10252.625,19022.31,31231.478,America/Los_Angeles,34.03202,-118.52633,86.0,52.09648609161377,1.0,0.0,0.47574187470560525,0.475801913337085,0.5574257425742574,0.4435643564356435,0.5570668243642816,0.44293317563571855,1.0,-0.09999999999999432,-2.842170943040401e-14,78.0,0.0,56.5,1.0,44.5,41.8,264.0,494.0,60.8,6.2,8.0,1610.0,0.36,1.0,0.6,0.6,66.0,66.0,19.0,6.0,2026-09-22 15:00:00+00:00,74.7760879929913,15.223912007008702,100.36380649233996,169.1004653355443,397.83764978970135,64.63152141588053,101.0,359.9,44.8,0.47574187470560525,3,19.388888888888893,79,100.3,0.36,2026-09-21T12:00Z,0.2945404,0.2738859,285.2361,0.16470462,0.16470462,5.518,0.0349,nasa_power_ml_plus_cams_spectral,5.0,low,18.0,43.1,poor locally,41.4,57.7,47.1,47.1,False,79,62.2,2.2,0,horizontal environmental reference,E,74.8,"sun low 15° (E) — face E, lift torso ~75° toward the sun if comfortable",96.6,False,,cold,50.0,10.5,10.1,,not specified,Environmental scores are skin-type independent.,not personalized
2026-09-22T09:00,deterministic,best_match,69.4,76,61.5,71.6,64.0,1012.9,1002.8,61679.788,0,9,9,0,0,0,0.0,0.0,0.0,0.0,4.2,245,4.7,1.85,1.85,3600.0,1,0.0,3.3,0.0,13713.911,1509.186,23.8,0.0,0.007,0.59,300.5,212.3,88.3,587.9,490.3,379.9,268.3,111.6,743.2,619.8,76,44,32,7,8,0,0,0,0,0,2559.055,4924.541,10252.625,19028.872,31236.772,America/Los_Angeles,34.03202,-118.52633,86.0,52.09648609161377,1.0,0.0,0.6128900673057311,0.6129396579541788,0.7064891846921797,0.29384359400998333,0.7062384838115294,0.29376151618847063,1.0,-0.10000000000002274,0.0,76.0,0.0,70.1,1.0,32.8,28.4,244.0,485.0,48.8,7.5,26.0,1579.0,0.35,2.0,1.8,1.85,68.0,68.0,20.0,4.0,2026-09-22 16:00:00+00:00,62.82334108626502,27.176658913734986,110.07646049805459,379.62475722005945,615.136786250111,98.66991282386482,300.5,587.9,88.3,0.6128900673057311,9,20.777777777777782,76,100.28,0.35,2026-09-21T12:00Z,0.33313707,0.3104025,284.9669,0.16474885,0.16474885,16.114,0.2407,nasa_power_ml_plus_cams_spectral,15.5,low,35.6,43.6,below typical locally,55.3,62.7,57.9,57.9,False,76,64.0,4.2,0,horizontal environmental reference,ESE,62.8,"sun low 27° (ESE) — face ESE, lift torso ~63° toward the sun if comfortable",100.0,False,,,50.0,23.7,23.7,,not specified,Environmental scores are skin-type independent.,not personalized
2026-09-22T10:00,deterministic,best_match,70.7,75,62.3,72.6,64.9,1012.7,1002.7,62664.044,0,7,7,0,0,0,0.0,0.0,0.0,0.0,5.6,233,5.8,3.55,3.55,3600.0,1,0.0,2.9,0.0,13615.485,1673.228,24.7,0.0,0.012,0.64,502.3,385.0,117.3,711.4,735.1,575.4,441.1,134.3,815.0,842.1,76,44,34,10,14,0,0,0,0,0,2555.775,4924.541,10259.187,19032.152,31236.772,America/Los_Angeles,34.03202,-118.52633,86.0,52.09648609161377,1.0,0.0,0.6833083934158618,0.683291770573566,0.7664742185944654,0.23352578140553454,0.7665971498088288,0.23340285019117138,1.0,0.0,-1.1368683772161603e-13,76.0,0.0,82.4,1.0,31.7,26.1,219.0,474.0,33.5,9.0,51.0,1536.0,0.33,2.0,3.5,3.8,69.0,69.0,20.0,4.0,2026-09-22 17:00:00+00:00,51.67276483081179,38.32723516918821,122.04389923009722,565.3848121443821,720.3597624602896,118.65226472828022,502.3,711.4,117.3,0.6833083934158618,7,21.500000000000004,75,100.27000000000001,0.33,2026-09-21T12:00Z,0.36373022,0.33975282,284.9461,0.16474885,0.16474885,26.805,0.6099,nasa_power_ml_plus_cams_spectral,27.4,low-moderate,51.0,34.8,typical-to-good locally,65.1,67.7,66.0,66.0,False,75,64.9,5.6,0,horizontal environmental reference,ESE,51.7,"sun 38° up (ESE) — lay flat, or lift torso ~52° toward ESE to face it",100.0,False,,,50.0,35.1,35.1,,not specified,Environmental scores are skin-type independent.,not personalized
2026-09-22T11:00,deterministic,best_match,71.3,76,63.3,74.0,65.8,1012.7,1002.7,60695.54,0,8,8,0,0,0,0.0,0.0,0.0,0.0,7.5,243,8.1,5.15,5.15,3600.0,1,0.0,2.6,0.0,13615.485,1640.42,25.5,0.0,0.015,0.63,656.8,504.5,152.3,737.0,929.8,711.3,546.4,164.9,798.2,1007.1,75,41,38,9,20,0,0,0,0,0,2562.336,4937.664,10272.31,19045.276,31252.646,America/Los_Angeles,34.03202,-118.52633,86.0,52.09648609161377,1.0,0.0,0.706388470638847,0.7062853738456955,0.7681181485992692,0.23188185140073084,0.768170954590187,0.23182904540981303,1.0,0.0,0.0,75.0,0.0,90.4,1.0,32.4,25.8,193.0,463.0,21.3,9.8,73.0,1493.0,0.31,3.0,5.5,5.8,70.0,70.0,21.0,6.0,2026-09-22 18:00:00+00:00,42.14230456170297,47.85769543829703,137.99280357579113,705.3186255491177,774.5331048657762,131.01733357802186,656.8,737.0,152.3,0.706388470638847,8,21.833333333333332,76,100.27000000000001,0.31,2026-09-21T12:00Z,0.4139879,0.3875053,284.98547,0.16474885,0.16474885,36.871,1.0059,nasa_power_ml_plus_cams_spectral,38.6,moderate,65.3,24.1,typical-to-good locally,86.0,68.5,79.9,79.9,False,76,65.8,7.5,0,horizontal environmental reference,SE,42.1,"sun 48° up (SE) — lay flat, or lift torso ~42° toward SE to face it",100.0,False,,,50.0,44.4,44.4,,not specified,Environmental scores are skin-type independent.,not personalized
2026-09-22T12:00,deterministic,best_match,71.6,77,64.0,74.8,66.3,1012.6,1002.6,57414.7,0,10,10,0,0,0,0.0,0.0,0.0,0.0,9.6,248,10.7,6.3,6.3,3600.0,1,0.0,2.1,0.0,13943.569,1624.016,25.7,0.0,0.017,0.61,772.5,617.8,154.8,790.6,1061.3,803.2,642.3,160.9,822.1,1103.5,71,40,38,7,22,0,0,0,0,0,2562.336,4944.226,10282.152,19064.96,31268.522,America/Los_Angeles,34.03202,-118.52633,86.0,52.09648609161377,1.0,0.0,0.7278809007820598,0.7278658812868147,0.7997411003236246,0.2003883495145631,0.799676294820717,0.20032370517928286,1.0,-0.09999999999990905,1.1368683772161603e-13,71.0,0.0,95.8,1.0,32.6,25.7,166.0,453.0,15.0,9.4,90.0,1447.0,0.28,3.0,7.1,7.1,71.0,71.0,21.0,9.0,2026-09-22 19:00:00+00:00,35.670402356403514,54.329597643596486,159.6810964928261,787.5625448327621,800.0333089598781,137.62759545478286,772.5,790.6,154.8,0.7278809007820598,10,21.999999999999996,77,100.26,0.28,2026-09-21T12:00Z,0.44290194,0.415043,285.24475,0.16469032,0.16469032,44.848,1.2544,nasa_power_ml_plus_cams_spectral,47.0,moderate,79.5,29.7,good locally,98.7,70.3,88.8,88.8,False,77,66.3,9.6,0,horizontal environmental reference,SSE,35.7,"sun 54° up (SSE) — lay flat, or lift torso ~36° toward SSE to face it",100.0,False,,,50.0,53.4,53.4,,not specified,Environmental scores are skin-type independent.,not personalized
2026-09-22T13:00,deterministic,best_match,71.3,81,65.1,74.1,66.9,1012.3,1002.3,52821.524,0,19,19,0,0,0,0.0,0.0,0.0,0.0,11.0,252,12.5,6.85,6.85,3600.0,1,0.0,1.7,0.0,14238.846,1607.612,25.8,0.0,0.016,0.5,753.8,528.0,225.8,640.1,1120.5,756.7,530.0,226.7,642.5,1124.8,68,40,36,7,18,0,0,0,0,0,2555.775,4944.226,10285.434,19078.084,31279.106,America/Los_Angeles,34.03202,-118.52633,86.0,52.09648609161377,1.0,0.0,0.672735385988398,0.6727418207681366,0.7004510480233485,0.29954895197665166,0.7004096735826615,0.2995903264173384,1.0,0.0,0.0,68.0,0.0,89.1,1.0,30.9,24.2,139.0,443.0,11.8,8.3,104.0,1401.0,0.26,3.0,7.25,7.25,72.0,72.0,22.0,14.0,2026-09-22 20:00:00+00:00,34.106007680900234,55.893992319099766,185.9235016119261,805.712049927763,805.1633854063949,139.03552288631886,753.8,640.1,225.8,0.672735385988398,19,21.833333333333332,81,100.22999999999999,0.26,2026-09-21T12:00Z,0.4086575,0.3824767,286.11804,0.1647771,0.1647771,44.797,1.2802,nasa_power_ml_plus_cams_spectral,48.8,moderate,82.5,29.2,good locally,99.3,69.1,88.7,88.7,False,81,66.9,11.0,0,horizontal environmental reference,S,34.1,"sun 56° up (S) — lay flat on back, face up",100.0,False,,,50.0,54.9,54.9,,not specified,Environmental scores are skin-type independent.,not personalized
2026-09-22T14:00,deterministic,best_match,71.5,81,65.3,74.1,67.1,1011.8,1001.8,52493.436,1,23,23,0,0,0,0.0,0.0,0.0,0.0,12.0,255,14.1,6.55,6.7,3600.0,1,0.0,1.5,0.0,14271.653,1591.207,26.3,0.0,0.016,0.5,777.1,534.4,242.8,657.9,1103.3,753.3,518.0,235.3,637.7,1069.5,65,40,36,7,16,0,0,0,0,0,2542.651,4934.384,10278.871,19074.802,31279.106,America/Los_Angeles,34.03202,-118.52633,86.0,52.09648609161377,0.9776119402985074,0.022388059701492602,0.7043415208918699,0.7043478260869565,0.6876849826277184,0.31244370093939006,0.6876410460639851,0.3123589539360149,1.0,-0.10000000000002274,0.0,65.0,0.0,88.9,1.0,28.4,21.9,120.0,437.0,9.5,7.0,112.0,1370.0,0.25,3.0,6.15,6.15,72.0,72.0,22.0,20.0,2026-09-22 21:00:00+00:00,38.070566950866315,51.929433049133685,210.6414400295914,758.3785788389338,791.4257636144149,135.3271493130428,777.1,657.9,242.8,0.7043415208918699,23,21.944444444444446,81,100.17999999999999,0.25,2026-09-21T12:00Z,0.36039385,0.3363582,287.11853,0.16496527,0.16496527,45.273,1.2119,nasa_power_ml_plus_cams_spectral,48.1,moderate,81.4,51.4,good locally,99.5,74.9,90.9,90.9,False,81,67.1,12.0,0,horizontal environmental reference,SSW,38.1,"sun 52° up (SSW) — lay flat, or lift torso ~38° toward SSW to face it",100.0,False,,,50.0,57.6,57.6,,not specified,Environmental scores are skin-type independent.,not personalized
2026-09-22T15:00,deterministic,best_match,70.9,80,64.4,71.4,66.4,1011.4,1001.4,53477.692,1,20,20,0,0,0,0.0,0.0,0.0,0.0,13.6,261,16.6,5.55,5.85,3600.0,1,0.0,1.7,0.0,14337.271,1541.995,27.2,0.0,0.014,0.52,664.9,453.7,211.3,609.5,1011.0,619.1,422.4,196.7,567.5,941.3,64,41,34,7,12,0,0,0,0,0,2532.808,4927.822,10275.591,19074.802,31284.394,America/Los_Angeles,34.03202,-118.52633,86.0,52.09648609161377,0.9487179487179488,0.05128205128205121,0.6576656775469831,0.6577074259003506,0.6823582493608061,0.31779214919536775,0.682280730092069,0.3177192699079308,1.0,-0.10000000000002274,1.1368683772161603e-13,64.0,0.0,83.8,1.0,24.0,18.3,115.0,436.0,7.2,5.6,113.0,1367.0,0.23,3.0,4.3,4.3,73.0,73.0,23.0,27.0,2026-09-22 22:00:00+00:00,46.13891166850611,43.86108833149389,229.6204761180379,649.1619827561732,754.6582828205164,126.24996446153159,664.9,609.5,211.3,0.6576656775469831,20,21.611111111111114,80,100.14,0.23,2026-09-21T12:00Z,0.32012892,0.29850465,287.58463,0.16519737,0.16519737,38.067,0.9038,nasa_power_ml_plus_cams_spectral,40.6,moderate,68.6,52.8,typical-to-good locally,71.0,76.3,72.9,72.9,False,80,66.4,13.6,0,horizontal environmental reference,SW,46.1,"sun 44° up (SW) — lay flat, or lift torso ~46° toward SW to face it",100.0,False,,,50.0,49.2,49.2,,not specified,Environmental scores are skin-type independent.,not personalized
2026-09-22T16:00,deterministic,best_match,70.3,79,63.5,70.1,65.5,1010.8,1000.8,56102.364,0,11,11,0,0,0,0.0,0.0,0.0,0.0,12.3,258,15.2,4.3,4.45,3600.0,1,0.0,3.0,0.0,13845.145,1394.357,24.3,0.0,0.012,0.53,568.0,448.0,120.0,716.1,849.8,500.6,394.8,105.8,631.1,748.9,57,26,39,7,12,0,0,0,0,0,2516.404,4917.979,10272.31,19064.96,31294.98,America/Los_Angeles,34.03202,-118.52633,86.0,52.09648609161377,0.9662921348314606,0.03370786516853941,0.6683925629559897,0.6684470556816665,0.7887323943661971,0.2112676056338028,0.7886536156612065,0.21134638433879344,1.0,0.0,0.0,57.0,0.0,81.0,1.0,21.2,15.7,120.0,438.0,5.7,4.1,108.0,1380.0,0.21,3.0,2.35,2.35,73.0,73.0,23.0,33.0,2026-09-22 23:00:00+00:00,56.534592192945205,33.465407807054795,243.53201856391973,486.770759098311,681.7352060294188,110.8391773583703,568.0,716.1,120.0,0.6683925629559897,11,21.27777777777778,79,100.08,0.21,2026-09-21T12:00Z,0.3267123,0.304915,287.2405,0.16540146,0.16540146,30.516,0.5486,nasa_power_ml_plus_cams_spectral,32.0,low-moderate,56.0,83.5,typical-to-good locally,53.6,80.9,63.2,63.2,False,79,65.5,12.3,0,horizontal environmental reference,WSW,56.5,"sun 33° up (WSW) — lay flat, or lift torso ~56° toward WSW to face it",100.0,False,,,50.0,42.4,42.4,,not specified,Environmental scores are skin-type independent.,not personalized
2026-09-22T17:00,deterministic,best_match,69.6,81,63.5,69.7,65.3,1010.4,1000.4,54133.86,0,9,9,0,0,0,0.0,0.0,0.0,0.0,11.1,256,14.1,2.75,2.75,3600.0,1,0.0,2.9,0.0,13713.911,1295.932,25.0,0.0,0.008,0.47,380.0,260.0,120.0,560.0,630.7,304.6,208.4,96.2,448.8,505.5,55,26,44,9,8,0,0,0,0,0,2513.123,4911.418,10269.029,19061.68,31294.98,America/Los_Angeles,34.03202,-118.52633,86.0,52.09648609161377,1.0,0.0,0.6025051530045981,0.6025717111770524,0.6842105263157895,0.3157894736842105,0.6841759684832567,0.31582403151674326,1.0,0.0,0.0,55.0,0.0,67.3,1.0,20.0,14.4,126.0,440.0,6.1,3.0,100.0,1390.0,0.2,3.0,0.9,0.9,73.0,73.0,23.0,39.0,2026-09-23 00:00:00+00:00,68.12745053472902,21.872549465270975,254.298820475332,286.35786551449064,538.0277603744242,85.91927585130838,380.0,560.0,120.0,0.6025051530045981,9,20.888888888888886,81,100.03999999999999,0.2,2026-09-21T12:00Z,0.3398219,0.31750742,286.99814,0.16548759,0.16548759,18.102,0.2149,nasa_power_ml_plus_cams_spectral,19.7,low,39.1,93.5,below typical locally,35.0,79.6,50.6,50.6,False,81,65.3,11.1,0,horizontal environmental reference,WSW,68.1,"sun low 22° (WSW) — face WSW, lift torso ~68° toward the sun if comfortable",100.0,False,,,50.0,29.4,29.4,,not specified,Environmental scores are skin-type independent.,not personalized
2026-09-22T18:00,deterministic,best_match,68.7,80,62.3,68.4,64.2,1010.3,1000.2,55774.276,0,6,6,0,0,0,0.0,0.0,0.0,0.0,10.8,263,13.6,1.2,1.2,3600.0,1,0.0,3.2,0.0,13910.762,1164.698,25.4,0.0,0.005,0.48,181.0,106.0,75.0,390.7,368.6,111.8,65.5,46.3,241.3,227.7,49,27,50,9,12,0,0,0,0,0,2509.843,4914.698,10272.31,19068.242,31305.562,America/Los_Angeles,34.03202,-118.52633,86.0,52.09648609161377,1.0,0.0,0.4910472056429734,0.49099692577953447,0.585635359116022,0.4143646408839779,0.5858676207513417,0.4141323792486583,1.0,0.0,0.0,50.0,0.0,51.7,1.0,19.2,13.7,131.0,441.0,7.9,2.5,90.0,1388.0,0.19,3.0,0.15,0.15,73.0,73.0,23.0,44.0,2026-09-23 01:00:00+00:00,80.27516695161637,9.724833048383633,263.39635451320333,79.10836702581427,230.84608316972125,40.11463481070751,181.0,390.7,75.0,0.4910472056429734,6,20.388888888888893,80,100.02000000000001,0.19,2026-09-21T12:00Z,0.3243466,0.30290523,287.54825,0.16548789,0.16548789,7.089,0.033,nasa_power_ml_plus_cams_spectral,8.1,low,21.6,99.1,poor locally,35.0,82.6,51.7,51.7,False,80,64.2,10.8,0,horizontal environmental reference,W,80.3,"sun low 10° (W) — face W, lift torso ~80° toward the sun if comfortable",100.0,False,,,50.0,15.9,15.9,,not specified,Environmental scores are skin-type independent.,not personalized
2026-09-22T19:00,deterministic,best_match,67.3,83,62.0,68.1,63.6,1010.8,1000.7,52493.436,0,3,3,0,0,0,0.0,0.0,0.0,0.0,8.2,261,11.6,0.15,0.15,0.0,0,0.0,3.1,0.0,14107.611,639.764,25.2,0.0,0.002,0.39,0.0,0.0,0.0,0.0,88.6,0.0,0.0,0.0,0.0,0.0,43,31,46,7,12,0,0,0,0,0,2522.966,4927.822,10291.995,19094.488,31337.314,America/Los_Angeles,34.03202,-118.52633,86.0,52.09648609161377,1.0,0.0,0.0,,,,,,0.0,0.0,0.0,46.0,0.0,17.4,0.9,18.9,13.7,139.0,442.0,11.5,2.4,77.0,1382.0,0.19,2.0,0.0,0.0,74.0,74.0,23.0,46.0,2026-09-23 02:00:00+00:00,92.7872414447939,-2.7872414447939007,271.845552950655,0.0,0.0,0.0,0.0,0.0,0.0,0.0,3,19.61111111111111,83,100.07000000000001,0.19,2026-09-21T12:00Z,0.31426644,0.29364198,287.77722,0.16548789,0.16548789,0.0,0.0,nasa_power_ml_plus_cams_spectral,0.4,low,1.0,28.4,poor locally,,,,,False,83,63.6,8.2,0,horizontal environmental reference,W,,sun below horizon — no direct-sun posture,97.9,False,,cold,50.0,0.0,0.0,,not specified,Environmental scores are skin-type independent.,not personalized
2026-09-22T20:00,deterministic,best_match,66.8,87,62.8,68.7,63.9,1011.2,1001.1,47900.26,0,3,3,0,0,0,0.0,0.0,0.0,0.0,6.3,268,8.9,0.0,0.0,0.0,0,0.0,2.8,0.0,14271.653,492.126,25.1,0.0,0.001,0.29,0.0,0.0,0.0,0.0,0.0,0.0,0.0,0.0,0.0,0.0,42,34,43,7,8,0,0,0,0,0,2536.089,4940.945,10301.837,19110.892,31358.478,America/Los_Angeles,34.03202,-118.52633,86.0,52.09648609161377,,,,,,,,,0.0,0.0,0.0,43.0,0.0,0.0,0.6,18.9,14.1,150.0,445.0,18.7,2.5,62.0,1381.0,0.19,2.0,0.0,0.0,74.0,74.0,24.0,46.0,2026-09-23 03:00:00+00:00,105.14681774005552,-15.146817740055527,280.47479380116636,0.0,0.0,0.0,0.0,0.0,0.0,,3,19.333333333333332,87,100.11,0.19,2026-09-21T12:00Z,0.29232422,0.27283087,287.58017,0.16548818,0.16548818,0.0,0.0,nasa_power_ml_plus_cams_spectral,0.0,low,0.0,,poor locally,,,,,False,87,63.9,6.3,0,horizontal environmental reference,W,,sun below horizon — no direct-sun posture,96.3,False,,cold,50.0,0.0,0.0,,not specified,Environmental scores are skin-type independent.,not personalized
2026-09-22T21:00,deterministic,best_match,65.8,89,62.5,68.2,63.4,1011.5,1001.4,45931.756,0,4,4,0,0,0,0.0,0.0,0.0,0.0,4.7,262,6.9,0.0,0.0,0.0,0,0.0,2.6,0.0,14665.354,377.297,24.7,0.0,0.0,0.24,0.0,0.0,0.0,0.0,0.0,0.0,0.0,0.0,0.0,0.0,42,36,42,7,6,0,0,0,0,0,2542.651,4950.788,10311.68,19130.578,31379.644,America/Los_Angeles,34.03202,-118.52633,86.0,52.09648609161377,,,,,,,,,0.0,0.0,0.0,42.0,0.0,0.0,0.6,19.4,14.8,167.0,451.0,32.9,2.7,43.0,1385.0,0.19,2.0,0.0,0.0,74.0,74.0,24.0,44.0,2026-09-23 04:00:00+00:00,117.14054953793837,-27.140549537938377,290.1667553489878,0.0,0.0,0.0,0.0,0.0,0.0,,4,18.77777777777778,89,100.14,0.19,2026-09-21T12:00Z,0.27479282,0.25602302,287.22366,0.16548789,0.16548789,0.0,0.0,nasa_power_ml_plus_cams_spectral,0.0,low,0.0,,poor locally,,,,,False,89,63.4,4.7,0,horizontal environmental reference,WNW,,sun below horizon — no direct-sun posture,93.3,False,,cold,50.0,0.0,0.0,,not specified,Environmental scores are skin-type independent.,not personalized
2026-09-22T22:00,deterministic,best_match,64.8,87,60.8,67.5,62.0,1011.7,1001.6,46259.844,1,30,30,0,0,0,0.0,0.0,0.0,0.0,2.4,68,2.9,0.0,0.0,0.0,0,0.0,2.7,0.0,14632.546,869.423,25.5,0.0,0.0,0.27,0.0,0.0,0.0,0.0,0.0,0.0,0.0,0.0,0.0,0.0,44,37,44,7,6,0,0,0,0,0,2545.932,4950.788,10311.68,19127.296,31379.644,America/Los_Angeles,34.03202,-118.52633,86.0,52.09648609161377,,,,,,,,,0.0,0.0,0.0,44.0,0.0,0.0,0.6,21.0,16.5,188.0,459.0,50.6,3.1,22.0,1394.0,0.18,1.0,0.0,0.0,74.0,74.0,24.0,41.0,2026-09-23 05:00:00+00:00,128.31587553148216,-38.31587553148218,302.11544945729355,0.0,0.0,0.0,0.0,0.0,0.0,,30,18.22222222222222,87,100.16,0.18,2026-09-21T12:00Z,0.254849,0.23708937,286.788,0.16548759,0.16548759,0.0,0.0,nasa_power_ml_plus_cams_spectral,0.0,low,0.0,,poor locally,,,,,False,87,62.0,2.4,0,horizontal environmental reference,WNW,,sun below horizon — no direct-sun posture,90.2,False,,cold,50.0,0.0,0.0,,not specified,Environmental scores are skin-type independent.,not personalized
2026-09-22T23:00,deterministic,best_match,64.6,94,62.9,67.1,63.3,1011.7,1001.6,41010.5,1,34,34,0,0,0,0.0,0.0,0.0,0.0,4.9,51,5.4,0.0,0.0,0.0,0,0.0,3.5,0.0,14599.737,672.572,24.8,0.0,0.0,0.12,0.0,0.0,0.0,0.0,0.0,0.0,0.0,0.0,0.0,0.0,45,36,42,9,8,0,0,0,0,0,2542.651,4950.788,10314.961,19130.578,31374.356,America/Los_Angeles,34.03202,-118.52633,86.0,52.09648609161377,,,,,,,,,0.0,0.0,0.0,45.0,0.0,0.0,0.6,24.0,19.7,209.0,467.0,63.3,3.4,7.0,1411.0,0.19,1.0,0.0,0.0,75.0,75.0,24.0,36.0,2026-09-23 06:00:00+00:00,137.86796868732898,-47.867968687328975,318.04981922838783,0.0,0.0,0.0,0.0,0.0,0.0,,34,18.111111111111107,94,100.16,0.19,2026-09-21T12:00Z,0.22314584,0.20722759,286.66855,0.16548818,0.16548818,0.0,0.0,nasa_power_ml_plus_cams_spectral,0.0,low,0.0,,poor locally,,,,,False,94,63.3,4.9,0,horizontal environmental reference,NW,,sun below horizon — no direct-sun posture,89.6,False,,cold,50.0,0.0,0.0,,not specified,Environmental scores are skin-type independent.,not personalized
2026-09-23T00:00,deterministic,best_match,64.0,94,62.2,66.4,62.7,1011.7,1001.5,40682.416,1,26,26,0,0,0,0.0,0.0,0.0,0.0,4.5,33,4.7,0.0,0.0,0.0,0,0.0,3.4,0.0,14566.93,606.955,24.3,0.0,0.0,0.12,0.0,0.0,0.0,0.0,0.0,0.0,0.0,0.0,0.0,0.0,45,32,41,9,8,0,0,0,0,0,2542.651,4950.788,10314.961,19127.296,31363.772,America/Los_Angeles,34.03202,-118.52633,86.0,52.09648609161377,,,,,,,,,0.0,0.0,0.0,45.0,0.0,0.0,0.6,27.4,23.4,231.0,477.0,66.5,3.5,1.0,1439.0,0.2,1.0,0.0,0.0,75.0,75.0,25.0,30.0,2026-09-23 07:00:00+00:00,144.36148543093228,-54.36148543093228,339.73891796399965,0.0,0.0,0.0,0.0,0.0,0.0,,26,17.77777777777778,94,100.15,0.2,2026-09-21T12:00Z,0.22090589,0.20513612,286.8989,0.16548818,0.16548818,0.0,0.0,nasa_power_ml_plus_cams_spectral,0.0,low,0.0,,poor locally,,,,,False,94,62.7,4.5,0,horizontal environmental reference,NNW,,sun below horizon — no direct-sun posture,87.8,False,,cold,50.0,0.0,0.0,,not specified,Environmental scores are skin-type independent.,not personalized
2026-09-23T01:00,deterministic,best_match,63.7,92,61.4,65.7,62.0,1011.9,1001.7,42322.836,1,28,28,0,0,0,0.0,0.0,0.0,0.0,4.7,31,4.7,0.0,0.0,0.0,0,0.0,3.7,0.0,14632.546,574.147,24.1,0.0,0.0,0.16,0.0,0.0,0.0,0.0,0.0,0.0,0.0,0.0,0.0,0.0,49,30,38,9,8,0,0,0,0,0,2542.651,4950.788,10314.961,19127.296,31363.772,America/Los_Angeles,34.03202,-118.52633,86.0,52.09648609161377,,,,,,,,,0.0,0.0,0.0,49.0,0.0,0.0,0.6,30.2,26.4,252.0,488.0,64.6,3.4,0.0,1475.0,0.21,1.0,0.0,0.0,76.0,76.0,25.0,23.0,2026-09-23 08:00:00+00:00,145.94342506254438,-55.94342506254438,6.011359180141426,0.0,0.0,0.0,0.0,0.0,0.0,,28,17.611111111111114,92,100.17,0.21,2026-09-21T12:00Z,0.21796595,0.20248348,286.97806,0.16548818,0.16548818,0.0,0.0,nasa_power_ml_plus_cams_spectral,0.0,low,0.0,,poor locally,,,,,False,92,62.0,4.7,0,horizontal environmental reference,N,,sun below horizon — no direct-sun posture,86.9,False,,cold,50.0,0.0,0.0,,not specified,Environmental scores are skin-type independent.,not personalized
2026-09-23T02:00,deterministic,best_match,63.3,91,60.6,64.8,61.3,1012.5,1002.3,43963.252,0,19,19,0,0,0,0.0,0.0,0.0,0.0,4.9,39,5.1,0.0,0.0,0.0,0,0.0,4.3,0.0,14501.312,557.743,23.7,0.0,0.0,0.18,0.0,0.0,0.0,0.0,0.0,0.0,0.0,0.0,0.0,0.0,50,29,39,7,8,0,0,0,0,0,2559.055,4963.911,10328.084,19133.86,31379.644,America/Los_Angeles,34.03202,-118.52633,86.0,52.09648609161377,,,,,,,,,0.0,0.0,0.0,50.0,0.0,0.0,0.6,32.5,28.9,264.0,495.0,62.3,3.4,0.0,1514.0,0.22,1.0,0.0,0.0,77.0,77.0,25.0,18.0,2026-09-23 09:00:00+00:00,141.98630914568588,-51.986309145685865,30.771033487579246,0.0,0.0,0.0,0.0,0.0,0.0,,19,17.38888888888889,91,100.22999999999999,0.22,2026-09-21T12:00Z,0.2157348,0.20050722,286.6955,0.16548818,0.16548818,0.0,0.0,nasa_power_ml_plus_cams_spectral,0.0,low,0.0,,poor locally,,,,,False,91,61.3,4.9,0,horizontal environmental reference,NNE,,sun below horizon — no direct-sun posture,85.6,False,,cold,50.0,0.0,0.0,,not specified,Environmental scores are skin-type independent.,not personalized
2026-09-23T03:00,deterministic,best_match,62.8,90,59.8,64.1,60.7,1012.2,1002.0,43963.252,0,18,18,0,0,0,0.0,0.0,0.0,0.0,5.0,36,4.9,0.0,0.0,0.0,0,0.0,4.8,0.0,14534.121,508.53,22.5,0.0,0.0,0.2,0.0,0.0,0.0,0.0,0.0,0.0,0.0,0.0,0.0,0.0,46,27,36,6,8,0,0,0,0,0,2549.213,4960.63,10321.522,19133.86,31379.644,America/Los_Angeles,34.03202,-118.52633,86.0,52.09648609161377,,,,,,,,,0.0,0.0,0.0,46.0,0.0,0.0,0.6,34.3,31.1,258.0,496.0,61.0,3.4,0.0,1557.0,0.23,1.0,0.0,0.0,78.0,78.0,26.0,12.0,2026-09-23 10:00:00+00:00,133.91775289791934,-43.917752897919335,49.779057095012945,0.0,0.0,0.0,0.0,0.0,0.0,,18,17.11111111111111,90,100.2,0.23,2026-09-21T12:00Z,0.20916139,0.19437602,286.3632,0.16548818,0.16548818,0.0,0.0,nasa_power_ml_plus_cams_spectral,0.0,low,0.0,,poor locally,,,,,False,90,60.7,5.0,0,horizontal environmental reference,NE,,sun below horizon — no direct-sun posture,84.1,False,,cold,50.0,0.0,0.0,,not specified,Environmental scores are skin-type independent.,not personalized
2026-09-23T04:00,deterministic,best_match,62.5,88,58.9,63.5,59.9,1011.7,1001.5,45275.588,1,24,24,0,0,0,0.0,0.0,0.0,0.0,4.6,29,4.7,0.0,0.0,0.0,0,0.0,4.8,0.0,14534.121,426.509,21.6,0.0,0.0,0.23,0.0,0.0,0.0,0.0,0.0,0.0,0.0,0.0,0.0,0.0,40,27,32,6,8,0,0,0,0,0,2539.37,4950.788,10311.68,19120.734,31369.062,America/Los_Angeles,34.03202,-118.52633,86.0,52.09648609161377,,,,,,,,,0.0,0.0,0.0,40.0,0.0,0.0,0.6,36.0,32.8,243.0,492.0,59.4,3.3,0.0,1602.0,0.24,2.0,0.0,0.0,78.0,78.0,26.0,8.0,2026-09-23 11:00:00+00:00,123.51837337624937,-33.51837337624937,63.70915181779924,0.0,0.0,0.0,0.0,0.0,0.0,,24,16.944444444444446,88,100.15,0.24,2026-09-21T12:00Z,0.19902962,0.18487301,286.13446,0.16544467,0.16544467,0.0,0.0,nasa_power_ml_plus_cams_spectral,0.0,low,0.0,,poor locally,,,,,False,88,59.9,4.6,0,horizontal environmental reference,ENE,,sun below horizon — no direct-sun posture,83.2,False,,cold,50.0,0.0,0.0,,not specified,Environmental scores are skin-type independent.,not personalized
2026-09-23T05:00,deterministic,best_match,61.8,84,56.9,62.7,58.5,1011.3,1001.1,46587.924,0,19,19,0,0,0,0.0,0.0,0.0,0.0,3.3,42,3.4,0.0,0.0,0.0,0,0.0,4.6,0.0,14435.695,672.572,19.6,0.0,0.0,0.3,0.0,0.0,0.0,0.0,0.0,0.0,0.0,0.0,0.0,0.0,35,26,27,6,8,0,0,0,0,0,2529.528,4944.226,10305.118,19114.174,31358.478,America/Los_Angeles,34.03202,-118.52633,86.0,52.09648609161377,,,,,,,,,0.0,0.0,0.0,35.0,0.0,0.0,0.6,36.0,32.8,233.0,490.0,57.7,3.4,0.0,1639.0,0.24,2.0,0.0,0.0,79.0,79.0,26.0,4.0,2026-09-23 12:00:00+00:00,111.91639309643163,-21.916393096431637,74.4922705716055,0.0,0.0,0.0,0.0,0.0,0.0,,19,16.555555555555554,84,100.11,0.24,2026-09-21T12:00Z,0.19373368,0.17992903,285.56845,0.16466963,0.16466963,0.0,0.0,nasa_power_ml_plus_cams_spectral,0.0,low,0.0,,poor locally,,,,,False,84,58.5,3.3,0,horizontal environmental reference,ENE,,sun below horizon — no direct-sun posture,81.1,False,,cold,50.0,0.0,0.0,,not specified,Environmental scores are skin-type independent.,not personalized
2026-09-23T06:00,deterministic,best_match,61.3,84,56.4,62.1,57.9,1011.3,1001.1,44619.42,1,21,21,0,0,0,0.0,0.0,0.0,0.0,2.9,9,2.9,0.0,0.0,0.0,0,0.0,4.6,0.0,14534.121,524.934,19.8,0.0,0.0,0.3,0.0,0.0,0.0,0.0,0.0,0.0,0.0,0.0,0.0,0.0,33,24,26,6,10,0,0,0,0,0,2536.089,4947.507,10308.399,19124.016,31369.062,America/Los_Angeles,34.03202,-118.52633,86.0,52.09648609161377,,,,,,,,,0.0,0.0,0.0,33.0,0.0,0.0,0.6,36.8,33.8,237.0,491.0,56.9,3.7,0.0,1664.0,0.24,2.0,0.0,0.0,79.0,79.0,26.0,2.0,2026-09-23 13:00:00+00:00,99.72865387840469,-9.72865387840468,83.60888981454377,0.0,0.0,0.0,0.0,0.0,0.0,,21,16.27777777777778,84,100.11,0.24,2026-09-21T12:00Z,0.19203535,0.17839554,285.2089,0.16442299,0.16442299,0.0,0.0,nasa_power_ml_plus_cams_spectral,0.0,low,0.0,0.0,poor locally,,,,,False,84,57.9,2.9,0,horizontal environmental reference,E,,sun below horizon — no direct-sun posture,79.5,False,,cold,50.0,0.0,0.0,,not specified,Environmental scores are skin-type independent.,not personalized
2026-09-23T07:00,deterministic,best_match,61.0,85,56.5,62.3,57.9,1012.2,1002.0,42322.836,1,23,23,0,0,0,0.0,0.0,0.0,0.0,1.8,7,2.0,0.0,0.0,0.0,1,0.0,4.1,0.0,14501.312,524.934,20.1,0.0,0.001,0.28,0.0,0.0,0.0,0.0,6.8,0.0,0.0,0.0,0.0,63.5,30,25,27,6,8,0,0,0,0,0,2562.336,4977.034,10334.646,19143.702,31395.52,America/Los_Angeles,34.03202,-118.52633,86.0,52.09648609161377,,,0.0,0.0,,,,,0.0,0.0,0.0,30.0,0.0,0.0,0.75,39.0,36.1,246.0,492.0,56.2,4.0,0.0,1681.0,0.23,1.0,0.05,0.05,79.0,79.0,26.0,0.0,2026-09-23 14:00:00+00:00,87.0851404204818,2.914859579518197,92.08295061827675,4.951507254508575,15.791270982937604,4.14849025581582,0.0,0.0,0.0,0.0,23,16.11111111111111,85,100.2,0.23,2026-09-21T12:00Z,0.191315,0.17762221,284.79507,0.16422045,0.16422045,0.003,0.0,nasa_power_ml_plus_cams_spectral,0.0,low,0.0,0.0,poor locally,34.3,69.3,46.6,46.6,False,85,57.9,1.8,0,horizontal environmental reference,E,87.1,"sun low 3° (E) — face E, lift torso ~87° toward the sun if comfortable",78.6,False,,cold,50.0,0.5,0.4,,not specified,Environmental scores are skin-type independent.,not personalized
2026-09-23T08:00,deterministic,best_match,65.3,93,63.2,69.5,63.7,1012.8,1002.7,40354.332,1,46,46,0,0,0,0.0,0.0,0.0,0.0,1.0,27,2.2,0.55,0.55,3600.0,1,0.0,3.9,0.0,14435.695,328.084,19.4,0.0,0.002,0.15,112.0,52.0,60.0,338.2,208.9,188.7,87.6,101.1,570.0,352.1,28,26,23,6,8,0,0,0,0,0,2575.459,4993.439,10351.05,19156.824,31411.396,America/Los_Angeles,34.03202,-118.52633,86.0,52.09648609161377,1.0,0.0,0.5361416945907133,0.5359272933825617,0.4642857142857143,0.5357142857142857,0.4642289348171701,0.5357710651828299,1.0,0.0,0.0,28.0,0.0,53.8,1.0,41.4,39.0,251.0,492.0,53.3,4.5,6.0,1689.0,0.23,1.0,0.6,0.6,79.0,79.0,26.0,0.0,2026-09-23 15:00:00+00:00,74.92936267313627,15.070637326863732,100.74498545656672,166.5534624183391,394.0971446626355,64.08438460281045,112.0,338.2,60.0,0.5361416945907133,46,18.5,93,100.27000000000001,0.23,2026-09-21T12:00Z,0.19066603,0.17706087,284.4313,0.1640895,0.1640895,6.083,0.041,nasa_power_ml_plus_cams_spectral,5.3,low,18.3,44.7,poor locally,45.9,49.7,47.2,47.2,False,93,63.7,1.0,0,horizontal environmental reference,E,74.9,"sun low 15° (E) — face E, lift torso ~75° toward the sun if comfortable",91.8,False,,cold,50.0,11.0,10.1,,not specified,Environmental scores are skin-type independent.,not personalized
2026-09-23T09:00,deterministic,best_match,67.5,90,64.5,72.1,65.3,1013.0,1002.9,43963.252,2,54,54,0,0,0,0.0,0.0,0.0,0.0,1.7,203,1.6,1.85,1.85,3600.0,1,0.0,3.4,0.0,14402.888,885.827,19.1,0.0,0.006,0.23,272.0,127.0,145.0,354.4,487.0,344.3,160.8,183.5,448.6,616.4,25,27,23,6,8,0,0,0,0,0,2588.583,5006.562,10360.893,19166.666,31421.978,America/Los_Angeles,34.03202,-118.52633,86.0,52.09648609161377,1.0,0.0,0.5585215605749486,0.5585658663205711,0.46691176470588236,0.5330882352941176,0.46703456288120826,0.5329654371187917,1.0,0.0,0.0,27.0,0.0,57.5,1.0,32.0,28.3,251.0,490.0,46.5,5.1,23.0,1696.0,0.22,2.0,1.9,1.9,78.0,78.0,26.0,0.0,2026-09-23 16:00:00+00:00,62.99941611128444,27.00058388871556,110.47827670796846,376.77177289542004,613.2776590028227,98.34397342707814,272.0,354.4,145.0,0.5585215605749486,54,19.72222222222222,90,100.28999999999999,0.22,2026-09-21T12:00Z,0.20371616,0.18917558,284.24557,0.16414708,0.16414708,15.45,0.2315,nasa_power_ml_plus_cams_spectral,15.1,low,35.3,42.8,below typical locally,68.6,49.9,62.1,62.1,False,90,65.3,1.7,0,horizontal environmental reference,ESE,63.0,"sun low 27° (ESE) — face ESE, lift torso ~63° toward the sun if comfortable",98.5,False,,cold,50.0,23.5,23.1,,not specified,Environmental scores are skin-type independent.,not personalized
2026-09-23T10:00,deterministic,best_match,69.7,86,65.3,73.4,66.5,1013.1,1003.0,47572.18,1,22,22,0,0,0,0.0,0.0,0.0,0.0,4.4,221,4.5,3.55,3.55,3600.0,1,0.0,2.9,0.0,14370.079,1017.06,20.1,0.0,0.011,0.35,493.0,323.0,170.0,600.0,731.6,565.1,370.2,194.8,687.7,838.5,24,28,29,6,8,0,0,0,0,0,2595.144,5013.124,10370.735,19173.228,31421.978,America/Los_Angeles,34.03202,-118.52633,86.0,52.09648609161377,1.0,0.0,0.6738655002733734,0.6739415623136553,0.6551724137931034,0.3448275862068966,0.6551052910989205,0.3447177490709609,1.0,0.0,0.10000000000002274,29.0,0.0,77.3,1.0,34.0,28.8,247.0,486.0,37.5,5.8,47.0,1695.0,0.2,3.0,3.9,3.9,78.0,78.0,26.0,2.0,2026-09-23 17:00:00+00:00,51.8884661986291,38.1115338013709,122.47078378663463,562.3113790593044,719.2446670495743,118.39768832679721,493.0,600.0,170.0,0.6738655002733734,22,20.944444444444446,86,100.3,0.2,2026-09-21T12:00Z,0.21871011,0.20314604,284.2528,0.16414708,0.16414708,28.393,0.6364,nasa_power_ml_plus_cams_spectral,28.3,low-moderate,52.4,39.7,typical-to-good locally,69.3,63.0,67.1,67.1,False,86,66.5,4.4,0,horizontal environmental reference,ESE,51.9,"sun 38° up (ESE) — lay flat, or lift torso ~52° toward ESE to face it",100.0,False,,,50.0,36.5,36.5,,not specified,Environmental scores are skin-type independent.,not personalized
2026-09-23T11:00,deterministic,best_match,70.5,86,66.1,75.4,67.3,1013.0,1003.0,46916.012,1,24,24,0,0,0,0.0,0.0,0.0,0.0,5.2,230,5.4,5.1,5.1,3600.0,1,0.0,2.3,0.0,14304.462,1148.294,20.5,0.0,0.015,0.36,656.0,538.0,118.0,789.5,926.1,710.6,582.8,127.8,855.2,1003.2,24,26,33,4,8,0,0,0,0,0,2598.425,5016.405,10374.016,19176.51,31416.69,America/Los_Angeles,34.03202,-118.52633,86.0,52.09648609161377,1.0,0.0,0.7083468307958104,0.7083333333333334,0.8201219512195121,0.1798780487804878,0.8201519842386714,0.17984801576132844,1.0,0.0,1.1368683772161603e-13,33.0,0.0,91.1,1.0,34.7,28.8,234.0,480.0,29.7,6.3,67.0,1666.0,0.2,4.0,5.95,5.95,79.0,79.0,26.0,4.0,2026-09-23 18:00:00+00:00,42.417917679191454,47.582082320808546,138.42118121464102,701.9732696254171,773.7169669293112,130.7810245288556,656.0,789.5,118.0,0.7083468307958104,24,21.38888888888889,86,100.3,0.2,2026-09-21T12:00Z,0.24307221,0.22625063,284.3075,0.16414708,0.16414708,37.711,1.0224,nasa_power_ml_plus_cams_spectral,38.9,moderate,66.3,27.0,typical-to-good locally,94.1,62.2,82.9,82.9,False,86,67.3,5.2,0,horizontal environmental reference,SE,42.4,"sun 48° up (SE) — lay flat, or lift torso ~42° toward SE to face it",100.0,False,,,50.0,45.5,45.5,,not specified,Environmental scores are skin-type independent.,not personalized
2026-09-23T12:00,deterministic,best_match,71.3,84,66.2,76.4,67.6,1012.8,1002.8,48884.516,1,20,20,0,0,0,0.0,0.0,0.0,0.0,6.2,249,6.3,6.3,6.3,3600.0,1,0.0,1.9,0.0,14370.079,1213.911,19.5,0.0,0.016,0.42,714.0,517.0,197.0,664.6,1057.3,742.4,537.6,204.8,691.0,1099.3,23,24,29,4,8,0,0,0,0,0,2598.425,5016.405,10377.297,19179.792,31416.69,America/Los_Angeles,34.03202,-118.52633,86.0,52.09648609161377,1.0,0.0,0.6753050222264259,0.6753388519967252,0.7240896358543417,0.2759103641456583,0.7241379310344828,0.27586206896551724,1.0,0.0,-1.1368683772161603e-13,29.0,0.0,90.5,1.0,33.9,27.6,201.0,468.0,24.3,6.5,81.0,1583.0,0.19,4.0,7.25,7.25,79.0,79.0,26.0,8.0,2026-09-23 19:00:00+00:00,36.01802940090283,53.98197059909717,160.0147580457426,783.8833428149709,799.3004068121438,137.38360054973305,714.0,664.6,197.0,0.6753050222264259,20,21.833333333333332,84,100.28,0.19,2026-09-21T12:00Z,0.25057372,0.23340245,284.307,0.1640895,0.1640895,43.379,1.2413,nasa_power_ml_plus_cams_spectral,46.2,moderate,78.7,27.2,good locally,100.0,60.6,86.2,86.2,False,84,67.6,6.2,0,horizontal environmental reference,SSE,36.0,"sun 54° up (SSE) — lay flat, or lift torso ~36° toward SSE to face it",100.0,False,,,50.0,52.1,52.1,,not specified,Environmental scores are skin-type independent.,not personalized
2026-09-23T13:00,deterministic,best_match,72.5,81,66.3,78.2,68.1,1012.8,1002.8,51837.268,0,14,14,0,0,0,0.0,0.0,0.0,0.0,7.8,252,8.3,6.8,6.8,3600.0,1,0.0,1.7,0.0,14304.462,1197.507,18.9,0.0,0.019,0.52,845.0,736.0,109.0,896.3,1116.0,848.1,738.7,109.4,899.6,1120.1,23,23,27,6,8,0,0,0,0,0,2598.425,5019.685,10383.858,19183.07,31421.978,America/Los_Angeles,34.03202,-118.52633,86.0,52.09648609161377,1.0,0.0,0.757168458781362,0.7571645388804572,0.8710059171597633,0.1289940828402367,0.8710057776205636,0.1289942223794364,1.0,0.0,0.0,27.0,0.0,97.6,1.0,31.9,25.6,159.0,453.0,20.1,6.6,92.0,1472.0,0.19,3.0,7.35,7.35,79.0,79.0,26.0,13.0,2026-09-23 20:00:00+00:00,34.501086573483974,55.498913426516026,186.01952724679535,801.6530217427486,804.3618421291427,138.7660026791366,845.0,896.3,109.0,0.757168458781362,14,22.5,81,100.28,0.19,2026-09-21T12:00Z,0.2571019,0.23929667,284.59244,0.16417629,0.16417629,49.204,1.44,nasa_power_ml_plus_cams_spectral,51.2,strong,87.1,47.9,good locally,100.0,62.9,87.0,87.0,False,81,68.1,7.8,0,horizontal environmental reference,S,34.5,"sun 55° up (S) — lay flat on back, face up",100.0,False,,,50.0,59.6,59.6,,not specified,Environmental scores are skin-type independent.,not personalized
2026-09-23T14:00,deterministic,best_match,72.0,82,66.2,76.7,67.9,1013.0,1003.0,50853.02,0,16,16,0,0,0,0.0,0.0,0.0,0.0,9.0,256,10.1,6.65,6.65,3600.0,1,0.0,1.8,0.0,14238.846,1230.315,18.9,0.0,0.018,0.48,803.0,665.0,138.0,822.8,1098.4,778.1,644.3,133.7,797.2,1064.3,21,23,27,6,8,0,0,0,0,0,2608.268,5032.809,10396.981,19196.196,31432.564,America/Los_Angeles,34.03202,-118.52633,86.0,52.09648609161377,1.0,0.0,0.7310633648943918,0.7310908578408344,0.8281444582814446,0.1718555417185554,0.8280426680375272,0.17182881377714945,1.0,0.0,0.10000000000002274,27.0,0.0,95.3,1.0,30.2,23.8,130.0,443.0,16.6,6.5,100.0,1393.0,0.19,3.0,6.25,6.25,79.0,79.0,26.0,18.0,2026-09-23 21:00:00+00:00,38.46033085995662,51.53966914004338,210.50548987516817,753.9209481977663,790.3905226627186,135.01436611039014,803.0,822.8,138.0,0.7310633648943918,16,22.22222222222222,82,100.3,0.19,2026-09-21T12:00Z,0.22007623,0.20395991,285.18036,0.16436541,0.16436541,46.665,1.2599,nasa_power_ml_plus_cams_spectral,49.2,moderate,83.8,59.3,good locally,100.0,64.1,87.4,87.4,False,82,67.9,9.0,0,horizontal environmental reference,SSW,38.5,"sun 52° up (SSW) — lay flat, or lift torso ~38° toward SSW to face it",100.0,False,,,50.0,59.2,59.2,,not specified,Environmental scores are skin-type independent.,not personalized
2026-09-23T15:00,deterministic,best_match,73.8,74,64.4,77.0,67.4,1012.1,1002.1,39353.676,0,12,12,0,0,0,0.0,0.0,0.0,0.0,9.4,246,10.2,5.75,5.8,3600.0,1,0.0,1.7,16.0,14320.866,1193.406,18.03,0.0,0.017,0.8,746.8,649.0,97.8,877.2,1005.7,694.7,603.8,90.9,816.1,935.7,21,22,23,6,9,0,0,0,0,0,2581.201,5006.562,10377.297,19180.612,31424.628,America/Los_Angeles,34.03202,-118.52633,86.0,52.09648609161377,0.9913793103448276,0.008620689655172376,0.7425673660137218,0.7424388158597841,0.8690412426352437,0.1309587573647563,0.869152152008061,0.13084784799193896,1.0,0.0,1.1368683772161603e-13,23.0,0.0,95.2,1.0,28.9,22.8,126.0,441.0,12.9,6.1,108.0,1379.0,0.19,3.0,4.3,4.35,79.0,79.0,26.0,24.0,2026-09-23 22:00:00+00:00,46.4962798653967,43.5037201346033,229.37596531544227,644.3236884441785,753.1298588090295,125.86783457012393,746.8,877.2,97.8,0.7425673660137218,12,23.22222222222222,74,100.21000000000001,0.19,2026-09-21T12:00Z,0.19257902,0.17820469,285.34457,0.16459715,0.16459715,41.157,1.0053,nasa_power_ml_plus_cams_spectral,43.1,moderate,73.4,67.8,typical-to-good locally,79.7,65.6,74.8,74.8,False,74,67.4,9.4,0,horizontal environmental reference,SW,46.5,"sun 44° up (SW) — lay flat, or lift torso ~46° toward SW to face it",100.0,False,,,50.0,53.1,53.1,,not specified,Environmental scores are skin-type independent.,not personalized
2026-09-23T16:00,deterministic,best_match,74.8,68,62.9,75.8,66.9,1010.6,1000.6,28805.776,1,12,12,0,0,0,0.0,0.0,0.0,0.0,9.1,239,9.7,4.2,4.4,3600.0,1,5.0,1.9,29.0,14320.866,1082.677,17.35,0.0,0.014,1.0,560.0,465.5,94.5,749.9,844.0,492.8,409.7,83.2,660.0,742.9,19,18,24,7,10,0,0,0,0,0,2541.011,4968.832,10349.409,19156.824,31400.812,America/Los_Angeles,34.03202,-118.52633,86.0,52.09648609161377,0.9545454545454545,0.045454545454545525,0.6635071090047393,0.6633463454031499,0.83125,0.16875,0.8313717532467532,0.16883116883116883,1.0,0.0,-0.0999999999999659,24.0,0.0,81.3,1.0,28.7,22.5,136.0,443.0,9.9,5.5,113.0,1396.0,0.19,3.0,2.3,2.35,80.0,80.0,27.0,30.0,2026-09-23 23:00:00+00:00,56.86077748031551,33.13922251968449,243.2578140779753,481.62568862583953,679.1821086821271,110.33360322836364,560.0,749.9,94.5,0.6635071090047393,12,23.77777777777778,68,100.06,0.19,2026-09-21T12:00Z,0.17883009,0.16539705,284.81625,0.16480058,0.16480058,30.348,0.5689,nasa_power_ml_plus_cams_spectral,31.6,low-moderate,55.9,83.6,typical-to-good locally,63.2,65.6,64.0,64.0,False,68,66.9,9.1,0,horizontal environmental reference,WSW,56.9,"sun 33° up (WSW) — lay flat, or lift torso ~57° toward WSW to face it",100.0,False,,,50.0,42.2,42.2,,not specified,Environmental scores are skin-type independent.,not personalized
2026-09-23T17:00,deterministic,best_match,75.8,64,62.2,76.8,66.8,1009.3,999.4,71538.712,1,16,16,0,0,0,0.0,0.0,0.0,0.0,7.8,224,8.6,2.6,2.75,3600.0,1,15.0,1.8,35.3,14214.239,885.827,17.0,0.0,0.01,1.14,375.5,293.0,82.5,638.5,624.4,300.0,234.1,65.9,510.1,499.1,17,16,22,8,9,0,0,0,0,0,2506.562,4939.305,10326.443,19137.958,31391.55,America/Los_Angeles,34.03202,-118.52633,86.0,52.09648609161377,0.9454545454545454,0.054545454545454564,0.6013773222293401,0.6010819475055099,0.7802929427430093,0.2197070572569907,0.7803333333333333,0.21966666666666668,1.0,0.0,0.0,22.0,0.0,67.7,1.0,28.4,22.1,144.0,445.0,10.0,5.0,112.0,1409.0,0.18,3.0,0.85,0.85,80.0,80.0,27.0,37.0,2026-09-24 00:00:00+00:00,68.43184576416796,21.568154235832036,254.02212281939882,281.1157234712524,533.1095795913258,85.14052982773342,375.5,638.5,82.5,0.6013773222293401,16,24.333333333333332,64,99.94,0.18,2026-09-21T12:00Z,0.16600026,0.15344606,284.08566,0.16488642,0.16488642,18.103,0.2227,nasa_power_ml_plus_cams_spectral,19.2,low,38.7,93.2,below typical locally,35.0,55.7,42.2,42.2,False,64,66.8,7.8,0,horizontal environmental reference,WSW,68.4,"sun low 22° (WSW) — face WSW, lift torso ~68° toward the sun if comfortable",100.0,False,,,50.0,28.1,28.1,,not specified,Environmental scores are skin-type independent.,not personalized
2026-09-23T18:00,deterministic,best_match,76.1,64,63.0,77.7,67.3,1008.3,998.4,79199.48,0,0,0,0,0,1,0.0,0.0,0.0,0.0,7.1,198,7.4,1.15,1.15,3600.0,1,20.0,0.8,376.0,14173.229,754.593,18.0,0.0,0.007,1.11,222.0,175.0,47.0,658.8,362.0,135.3,106.6,28.6,401.4,220.9,17,17,27,9,10,0,0,0,0,0,2480.315,4914.698,10311.68,19124.016,31379.644,America/Los_Angeles,34.03202,-118.52633,86.0,52.09648609161377,1.0,0.0,0.6132596685082873,0.612494341330919,0.7882882882882883,0.21171171171171171,0.7878787878787877,0.2113821138211382,1.0,0.0,0.10000000000002274,27.0,0.0,59.7,1.0,28.1,21.8,145.0,444.0,15.0,4.6,100.0,1399.0,0.18,3.0,0.15,0.15,81.0,81.0,27.0,42.0,2026-09-24 01:00:00+00:00,80.56597684602954,9.43402315397045,263.1223233940002,74.80558282404554,220.7872845005568,38.6159469466114,222.0,658.8,47.0,0.6132596685082873,0,24.499999999999996,64,99.84,0.18,2026-09-21T12:00Z,0.15457363,0.14286368,283.92575,0.16488642,0.16488642,7.87,0.047,nasa_power_ml_plus_cams_spectral,8.4,low,22.2,99.9,poor locally,35.0,71.5,47.8,47.8,False,64,67.3,7.1,1,horizontal environmental reference,W,80.6,"sun low 9° (W) — face W, lift torso ~81° toward the sun if comfortable",99.8,False,,,50.0,16.2,16.2,,not specified,Environmental scores are skin-type independent.,not personalized
2026-09-23T19:00,deterministic,best_match,74.1,69,63.3,76.2,66.7,1008.8,998.9,79199.48,0,0,0,0,0,1,0.0,0.0,0.0,0.0,6.3,182,7.6,0.15,0.15,2700.51,0,10.0,0.9,176.0,14074.804,738.189,20.2,0.0,0.002,0.89,34.0,21.0,13.0,204.5,83.4,0.0,0.0,0.0,0.0,0.0,24,18,33,9,10,0,0,0,0,0,2486.877,4914.698,10314.961,19127.296,31384.938,America/Los_Angeles,34.03202,-118.52633,86.0,52.09648609161377,1.0,0.0,0.40767386091127095,,0.6176470588235294,0.38235294117647056,,,0.7501416666666667,0.0,0.0,33.0,0.0,37.1,1.0,27.5,21.6,145.0,444.0,23.2,4.2,82.0,1385.0,0.18,3.0,0.0,0.0,81.0,81.0,28.0,45.0,2026-09-24 02:00:00+00:00,93.07806329935597,-3.0780632993559727,271.5721216278925,0.0,0.0,0.0,34.0,204.5,13.0,0.40767386091127095,0,23.388888888888886,69,99.89,0.18,2026-09-21T12:00Z,0.14302255,0.13233857,284.17795,0.16488642,0.16488642,0.0,0.0,nasa_power_ml_plus_cams_spectral,0.4,low,0.9,28.7,poor locally,,,,,False,69,66.7,6.3,1,horizontal environmental reference,W,,sun below horizon — no direct-sun posture,99.8,False,,,50.0,0.0,0.0,,not specified,Environmental scores are skin-type independent.,not personalized
2026-09-23T20:00,deterministic,best_match,73.4,71,63.4,75.7,66.6,1009.6,999.6,79199.48,0,0,0,0,0,1,0.0,0.0,0.0,0.0,5.8,178,7.2,0.0,0.0,0.0,0,20.0,0.9,164.0,13943.569,836.614,22.0,0.0,0.001,0.81,0.0,0.0,0.0,0.0,0.0,0.0,0.0,0.0,0.0,0.0,33,18,40,9,12,0,0,0,0,0,2496.719,4924.541,10324.804,19133.86,31395.52,America/Los_Angeles,34.03202,-118.52633,86.0,52.09648609161377,,,,,,,,,0.0,0.0,0.0,40.0,0.0,0.0,0.6,26.8,21.8,148.0,445.0,31.6,4.0,64.0,1378.0,0.19,3.0,0.0,0.0,82.0,82.0,28.0,46.0,2026-09-24 03:00:00+00:00,105.44381439805464,-15.443814398054636,280.1986730081145,0.0,0.0,0.0,0.0,0.0,0.0,,0,23.000000000000004,71,99.96000000000001,0.19,2026-09-21T12:00Z,0.13456024,0.124775365,285.0234,0.16488642,0.16488642,0.0,0.0,nasa_power_ml_plus_cams_spectral,0.0,low,0.0,,poor locally,,,,,False,71,66.6,5.8,1,horizontal environmental reference,W,,sun below horizon — no direct-sun posture,99.8,False,,,50.0,0.0,0.0,,not specified,Environmental scores are skin-type independent.,not personalized
2026-09-23T21:00,deterministic,best_match,72.8,73,63.7,75.6,66.5,1010.5,1000.5,79199.48,0,0,0,0,0,1,0.0,0.0,0.0,0.0,5.1,180,5.6,0.0,0.0,0.0,0,0.0,1.1,175.0,13910.762,918.635,23.7,0.0,0.001,0.74,0.0,0.0,0.0,0.0,0.0,0.0,0.0,0.0,0.0,0.0,38,18,44,10,14,0,0,0,0,0,2516.404,4937.664,10341.207,19146.982,31406.106,America/Los_Angeles,34.03202,-118.52633,86.0,52.09648609161377,,,,,,,,,0.0,0.0,0.0,44.0,0.0,0.0,0.6,27.0,22.1,159.0,450.0,39.6,4.1,48.0,1386.0,0.2,3.0,0.0,0.0,83.0,83.0,28.0,45.0,2026-09-24 04:00:00+00:00,117.45314986705222,-27.453149867052215,289.88786137180983,0.0,0.0,0.0,0.0,0.0,0.0,,0,22.666666666666668,73,100.05,0.2,2026-09-21T12:00Z,0.12760197,0.118606105,286.28873,0.16488642,0.16488642,0.0,0.0,nasa_power_ml_plus_cams_spectral,0.0,low,0.0,,poor locally,,,,,False,73,66.5,5.1,1,horizontal environmental reference,WNW,,sun below horizon — no direct-sun posture,99.8,False,,,50.0,0.0,0.0,,not specified,Environmental scores are skin-type independent.,not personalized
2026-09-23T22:00,deterministic,best_match,72.5,73,63.3,75.8,66.2,1010.9,1000.9,79199.48,0,0,0,0,0,1,0.0,0.0,0.0,0.0,3.4,176,4.5,0.0,0.0,0.0,0,0.0,1.1,35.0,14009.187,885.827,24.1,0.0,0.001,0.74,0.0,0.0,0.0,0.0,0.0,0.0,0.0,0.0,0.0,0.0,38,19,48,11,16,0,0,0,0,0,2526.247,4947.507,10347.77,19153.542,31406.106,America/Los_Angeles,34.03202,-118.52633,86.0,52.09648609161377,,,,,,,,,0.0,0.0,0.0,48.0,0.0,0.0,0.6,26.3,21.9,173.0,457.0,47.8,4.3,33.0,1403.0,0.22,2.0,0.0,0.0,83.0,83.0,28.0,42.0,2026-09-24 05:00:00+00:00,128.65439246828964,-38.65439246828966,301.84581599404623,0.0,0.0,0.0,0.0,0.0,0.0,,0,22.5,73,100.09,0.22,2026-09-21T12:00Z,0.12419321,0.115672395,286.8551,0.16488642,0.16488642,0.0,0.0,nasa_power_ml_plus_cams_spectral,0.0,low,0.0,,poor locally,,,,,False,73,66.2,3.4,1,horizontal environmental reference,WNW,,sun below horizon — no direct-sun posture,99.8,False,,,50.0,0.0,0.0,,not specified,Environmental scores are skin-type independent.,not personalized
2026-09-23T23:00,deterministic,best_match,72.3,73,63.2,76.2,66.0,1010.8,1000.8,79199.48,0,0,0,0,0,1,0.0,0.0,0.0,0.0,1.8,166,3.4,0.0,0.0,0.0,0,0.0,1.0,33.0,13845.145,754.593,24.0,0.0,0.0,0.73,0.0,0.0,0.0,0.0,0.0,0.0,0.0,0.0,0.0,0.0,38,19,50,11,20,0,0,0,0,0,2522.966,4944.226,10341.207,19143.702,31395.52,America/Los_Angeles,34.03202,-118.52633,86.0,52.09648609161377,,,,,,,,,0.0,0.0,0.0,50.0,0.0,0.0,0.6,25.7,22.1,185.0,464.0,55.0,4.5,21.0,1422.0,0.24,2.0,0.0,0.0,84.0,84.0,29.0,38.0,2026-09-24 06:00:00+00:00,138.24038428827976,-48.24038428827975,317.83590235828774,0.0,0.0,0.0,0.0,0.0,0.0,,0,22.38888888888889,73,100.08,0.24,2026-09-21T12:00Z,0.12381549,0.11549711,286.89706,0.16488642,0.16488642,0.0,0.0,nasa_power_ml_plus_cams_spectral,0.0,low,0.0,,poor locally,,,,,False,73,66.0,1.8,1,horizontal environmental reference,NW,,sun below horizon — no direct-sun posture,99.8,False,,,50.0,0.0,0.0,,not specified,Environmental scores are skin-type independent.,not personalized
2026-09-24T00:00,deterministic,best_match,72.3,72,62.8,76.7,65.8,1010.6,1000.6,79199.48,0,0,0,0,0,0,0.0,0.0,0.0,0.0,0.3,135,1.8,0.0,0.0,0.0,0,0.0,1.1,32.0,13582.678,574.147,23.3,0.0,0.0,0.76,0.0,0.0,0.0,0.0,0.0,0.0,0.0,0.0,0.0,0.0,37,20,49,11,22,0,0,0,0,0,2519.685,4937.664,10334.646,19130.578,31384.938,America/Los_Angeles,34.03202,-118.52633,86.0,52.09648609161377,,,,,,,,,0.0,0.0,0.0,49.0,0.0,0.0,0.6,27.0,23.5,192.0,469.0,61.1,4.5,12.0,1441.0,0.24,2.0,0.0,0.0,84.0,84.0,29.0,33.0,2026-09-24 07:00:00+00:00,144.75944123709553,-54.759441237095515,339.69109696020917,0.0,0.0,0.0,0.0,0.0,0.0,,0,22.38888888888889,72,100.06,0.24,2026-09-21T12:00Z,0.124710165,0.11650231,286.55466,0.16488642,0.16488642,0.0,0.0,nasa_power_ml_plus_cams_spectral,0.0,low,0.0,,poor locally,,,,,False,72,65.8,0.3,0,horizontal environmental reference,NNW,,sun below horizon — no direct-sun posture,100.0,False,,,50.0,0.0,0.0,,not specified,Environmental scores are skin-type independent.,not personalized
2026-09-24T01:00,deterministic,best_match,72.3,71,62.4,76.4,65.6,1010.5,1000.5,79199.48,0,0,0,0,0,0,0.0,0.0,0.0,0.0,0.7,162,1.6,0.0,0.0,0.0,0,0.0,1.4,33.0,13418.636,426.509,23.3,0.0,0.0,0.79,0.0,0.0,0.0,0.0,0.0,0.0,0.0,0.0,0.0,0.0,36,20,47,10,20,0,0,0,0,0,2516.404,4937.664,10331.365,19124.016,31369.062,America/Los_Angeles,34.03202,-118.52633,86.0,52.09648609161377,,,,,,,,,0.0,0.0,0.0,47.0,0.0,0.0,0.6,30.5,26.7,196.0,474.0,66.2,4.5,5.0,1462.0,0.24,2.0,0.0,0.0,84.0,84.0,29.0,27.0,2026-09-24 08:00:00+00:00,146.32330131973885,-56.323301319738846,6.2299029244963435,0.0,0.0,0.0,0.0,0.0,0.0,,0,22.38888888888889,71,100.05,0.24,2026-09-21T12:00Z,0.12553282,0.117296144,285.9349,0.16488642,0.16488642,0.0,0.0,nasa_power_ml_plus_cams_spectral,0.0,low,0.0,,poor locally,,,,,False,71,65.6,0.7,0,horizontal environmental reference,N,,sun below horizon — no direct-sun posture,100.0,False,,,50.0,0.0,0.0,,not specified,Environmental scores are skin-type independent.,not personalized
2026-09-24T02:00,deterministic,best_match,71.9,73,62.8,75.8,65.7,1010.2,1000.2,79199.48,0,0,0,0,0,0,0.0,0.0,0.0,0.0,1.6,188,1.3,0.0,0.0,0.0,0,0.0,1.5,167.0,13287.401,344.488,23.6,0.0,0.0,0.72,0.0,0.0,0.0,0.0,0.0,0.0,0.0,0.0,0.0,0.0,36,21,46,10,18,0,0,0,0,0,2513.123,4931.103,10324.804,19114.174,31353.186,America/Los_Angeles,34.03202,-118.52633,86.0,52.09648609161377,,,,,,,,,0.0,0.0,0.0,46.0,0.0,0.0,0.6,33.5,29.6,202.0,478.0,69.7,4.5,1.0,1483.0,0.25,2.0,0.0,0.0,84.0,84.0,29.0,21.0,2026-09-24 09:00:00+00:00,142.300901157865,-52.30090115786502,31.170745424278778,0.0,0.0,0.0,0.0,0.0,0.0,,0,22.16666666666667,73,100.02000000000001,0.25,2026-09-21T12:00Z,0.12204008,0.11402775,285.46927,0.16488642,0.16488642,0.0,0.0,nasa_power_ml_plus_cams_spectral,0.0,low,0.0,,poor locally,,,,,False,73,65.7,1.6,0,horizontal environmental reference,NNE,,sun below horizon — no direct-sun posture,100.0,False,,,50.0,0.0,0.0,,not specified,Environmental scores are skin-type independent.,not personalized
2026-09-24T03:00,deterministic,best_match,71.6,74,62.9,75.3,65.6,1009.9,999.9,79199.48,0,0,0,0,0,0,0.0,0.0,0.0,0.0,1.9,201,2.2,0.0,0.0,0.0,0,10.0,1.4,175.0,13287.401,278.871,24.0,0.0,0.0,0.69,0.0,0.0,0.0,0.0,0.0,0.0,0.0,0.0,0.0,0.0,36,23,47,10,14,0,0,0,0,0,2503.281,4921.26,10314.961,19101.05,31332.022,America/Los_Angeles,34.03202,-118.52633,86.0,52.09648609161377,,,,,,,,,0.0,0.0,0.0,47.0,0.0,0.0,0.6,36.1,32.1,210.0,483.0,71.2,4.5,0.0,1500.0,0.25,2.0,0.0,0.0,84.0,84.0,29.0,15.0,2026-09-24 10:00:00+00:00,134.1627873096273,-44.162787309627305,50.216974640322064,0.0,0.0,0.0,0.0,0.0,0.0,,0,21.999999999999996,74,99.99,0.25,2026-09-21T12:00Z,0.120960906,0.11313762,284.67172,0.16488642,0.16488642,0.0,0.0,nasa_power_ml_plus_cams_spectral,0.0,low,0.0,,poor locally,,,,,False,74,65.6,1.9,0,horizontal environmental reference,NE,,sun below horizon — no direct-sun posture,100.0,False,,,50.0,0.0,0.0,,not specified,Environmental scores are skin-type independent.,not personalized
2026-09-24T04:00,deterministic,best_match,71.0,76,63.1,74.6,65.5,1009.8,999.8,79199.48,0,0,0,0,0,0,0.0,0.0,0.0,0.0,2.6,218,3.4,0.0,0.0,0.0,0,10.0,1.3,167.0,13287.401,278.871,24.5,0.0,0.0,0.62,0.0,0.0,0.0,0.0,0.0,0.0,0.0,0.0,0.0,0.0,39,25,49,10,12,0,0,0,0,0,2496.719,4914.698,10308.399,19091.208,31321.44,America/Los_Angeles,34.03202,-118.52633,86.0,52.09648609161377,,,,,,,,,0.0,0.0,0.0,49.0,0.0,0.0,0.6,39.2,35.3,219.0,488.0,71.1,4.5,0.0,1517.0,0.25,2.0,0.0,0.0,84.0,84.0,29.0,11.0,2026-09-24 11:00:00+00:00,123.71302897353809,-33.713028973538094,64.12728571548553,0.0,0.0,0.0,0.0,0.0,0.0,,0,21.666666666666668,76,99.97999999999999,0.25,2026-09-21T12:00Z,0.12329908,0.11552782,284.3384,0.1648432,0.1648432,0.0,0.0,nasa_power_ml_plus_cams_spectral,0.0,low,0.0,,poor locally,,,,,False,76,65.5,2.6,0,horizontal environmental reference,ENE,,sun below horizon — no direct-sun posture,100.0,False,,,50.0,0.0,0.0,,not specified,Environmental scores are skin-type independent.,not personalized
2026-09-24T05:00,deterministic,best_match,70.7,78,63.5,74.2,65.7,1010.1,1000.1,79199.48,0,0,0,0,0,0,0.0,0.0,0.0,0.0,3.0,216,2.7,0.0,0.0,0.0,0,10.0,1.2,166.0,13320.21,295.276,24.9,0.0,0.0,0.56,0.0,0.0,0.0,0.0,0.0,0.0,0.0,0.0,0.0,0.0,40,26,51,9,10,0,0,0,0,0,2503.281,4917.979,10311.68,19091.208,31321.44,America/Los_Angeles,34.03202,-118.52633,86.0,52.09648609161377,,,,,,,,,0.0,0.0,0.0,51.0,0.0,0.0,0.6,40.6,36.6,229.0,492.0,69.9,4.5,0.0,1541.0,0.25,2.0,0.0,0.0,84.0,84.0,29.0,7.0,2026-09-24 12:00:00+00:00,112.08022608965757,-22.08022608965757,74.88456312199975,0.0,0.0,0.0,0.0,0.0,0.0,,0,21.500000000000004,78,100.01,0.25,2026-09-21T12:00Z,0.12330331,0.11567554,283.5341,0.16406816,0.16406816,0.0,0.0,nasa_power_ml_plus_cams_spectral,0.0,low,0.0,,poor locally,,,,,False,78,65.7,3.0,0,horizontal environmental reference,ENE,,sun below horizon — no direct-sun posture,100.0,False,,,50.0,0.0,0.0,,not specified,Environmental scores are skin-type independent.,not personalized
2026-09-24T06:00,deterministic,best_match,70.3,79,63.5,73.8,65.6,1010.4,1000.4,79199.48,0,0,0,0,0,0,0.0,0.0,0.0,0.0,3.4,217,2.5,0.0,0.0,0.0,0,10.0,1.0,166.0,13320.21,360.892,25.4,0.0,0.0,0.53,0.0,0.0,0.0,0.0,0.0,0.0,0.0,0.0,0.0,0.0,41,27,52,9,10,0,0,0,0,0,2513.123,4927.822,10318.241,19097.77,31326.728,America/Los_Angeles,34.03202,-118.52633,86.0,52.09648609161377,,,,,,,,,0.0,0.0,0.0,52.0,0.0,0.0,0.6,42.5,38.5,243.0,497.0,68.1,4.6,0.0,1590.0,0.25,2.0,0.0,0.0,84.0,84.0,29.0,4.0,2026-09-24 13:00:00+00:00,99.87707015107789,-9.877070151077884,83.98466876908287,0.0,0.0,0.0,0.0,0.0,0.0,,0,21.27777777777778,79,100.03999999999999,0.25,2026-09-21T12:00Z,0.12428879,0.11683442,282.66888,0.16382217,0.16382217,0.0,0.0,nasa_power_ml_plus_cams_spectral,0.0,low,0.0,0.0,poor locally,,,,,False,79,65.6,3.4,0,horizontal environmental reference,E,,sun below horizon — no direct-sun posture,100.0,False,,,50.0,0.0,0.0,,not specified,Environmental scores are skin-type independent.,not personalized
2026-09-24T07:00,deterministic,best_match,70.1,80,63.7,73.9,65.6,1010.7,1000.7,79199.48,0,0,0,0,0,0,0.0,0.0,0.0,0.0,2.7,204,1.6,0.0,0.0,0.0,1,0.0,0.9,161.0,13353.019,344.488,25.4,0.0,0.0,0.5,2.0,1.0,1.0,19.1,6.1,19.3,9.7,9.7,184.4,60.1,42,27,47,9,10,0,0,0,0,0,2522.966,4937.664,10328.084,19104.33,31332.022,America/Los_Angeles,34.03202,-118.52633,86.0,52.09648609161377,,,0.3278688524590164,0.3211314475873544,0.5,0.5,0.5025906735751294,0.5025906735751294,0.0,0.0,-0.09999999999999787,47.0,0.0,18.3,0.85,44.6,40.9,259.0,503.0,65.3,4.7,0.0,1647.0,0.26,2.0,0.05,0.05,85.0,85.0,29.0,2.0,2026-09-24 14:00:00+00:00,87.22334045125338,2.7766595487466157,92.45471647240265,4.349057468661368,13.740946337738636,3.683406394068198,2.0,19.1,1.0,0.3278688524590164,0,21.166666666666664,80,100.07000000000001,0.26,2026-09-21T12:00Z,0.12505314,0.117554575,282.17004,0.16361964,0.16361964,0.709,0.0,nasa_power_ml_plus_cams_spectral,0.4,low,0.9,6.3,poor locally,31.8,67.6,44.3,44.3,False,80,65.6,2.7,0,horizontal environmental reference,E,87.2,"sun low 3° (E) — face E, lift torso ~87° toward the sun if comfortable",100.0,False,,,50.0,1.2,1.2,,not specified,Environmental scores are skin-type independent.,not personalized
2026-09-24T08:00,deterministic,best_match,71.4,76,63.4,75.4,65.9,1011.2,1001.2,79199.48,0,0,0,0,0,0,0.0,0.0,0.0,0.0,2.1,193,1.8,0.5,0.5,3600.0,1,0.0,0.8,160.0,13418.636,508.53,24.5,0.0,0.002,0.63,103.0,70.0,33.0,460.9,205.5,174.4,118.5,55.9,780.4,348.7,42,26,42,9,12,0,0,0,0,0,2536.089,4950.788,10337.927,19117.456,31342.604,America/Los_Angeles,34.03202,-118.52633,86.0,52.09648609161377,1.0,0.0,0.5012165450121655,0.5001433897332951,0.6796116504854369,0.32038834951456313,0.6794724770642202,0.3205275229357798,1.0,0.0,0.0,42.0,0.0,62.3,1.0,46.7,43.3,261.0,502.0,60.6,5.1,7.0,1665.0,0.26,2.0,0.6,0.6,85.0,85.0,30.0,1.0,2026-09-24 15:00:00+00:00,75.08375024479524,14.916249755204754,101.12541899375083,163.98952095233346,390.28556464996916,63.52733987600712,103.0,460.9,33.0,0.5012165450121655,0,21.888888888888893,76,100.12,0.26,2026-09-21T12:00Z,0.12906392,0.12134312,281.77063,0.16348869,0.16348869,5.608,0.0352,nasa_power_ml_plus_cams_spectral,4.9,low,17.9,43.3,poor locally,38.2,63.2,47.0,47.0,False,76,65.9,2.1,0,horizontal environmental reference,E,75.1,"sun low 15° (E) — face E, lift torso ~75° toward the sun if comfortable",100.0,False,,,50.0,10.4,10.4,,not specified,Environmental scores are skin-type independent.,not personalized
2026-09-24T09:00,deterministic,best_match,73.9,69,63.1,77.4,66.6,1011.6,1001.6,79199.48,0,0,0,0,0,0,0.0,0.0,0.0,0.0,2.8,162,2.7,1.85,1.85,3600.0,1,0.0,0.8,0.0,13517.061,721.785,23.7,0.0,0.008,0.89,311.0,253.0,58.0,710.1,483.6,394.0,320.5,73.5,899.7,613.0,42,27,41,9,12,0,0,0,0,0,2549.213,4960.63,10347.77,19130.578,31353.186,America/Los_Angeles,34.03202,-118.52633,86.0,52.09648609161377,1.0,0.0,0.6430934656741109,0.6427406199021207,0.8135048231511254,0.1864951768488746,0.8134517766497462,0.1865482233502538,1.0,0.0,0.0,42.0,0.0,74.7,1.0,34.0,29.8,242.0,492.0,52.6,6.1,24.0,1611.0,0.25,2.0,1.9,1.9,86.0,86.0,30.0,1.0,2026-09-24 16:00:00+00:00,63.17710464466274,26.82289535533726,110.87857945353994,373.88511770555164,611.3752178413965,98.0117217665059,311.0,710.1,58.0,0.6430934656741109,0,23.277777777777782,69,100.16,0.25,2026-09-21T12:00Z,0.14263168,0.13399595,281.1178,0.16353226,0.16353226,16.892,0.2495,nasa_power_ml_plus_cams_spectral,16.0,low,36.1,46.2,below typical locally,52.5,65.7,57.1,57.1,False,69,66.6,2.8,0,horizontal environmental reference,ESE,63.2,"sun low 27° (ESE) — face ESE, lift torso ~63° toward the sun if comfortable",100.0,False,,,50.0,24.3,24.3,,not specified,Environmental scores are skin-type independent.,not personalized
2026-09-24T10:00,deterministic,best_match,76.6,61,62.2,79.1,67.0,1011.6,1001.7,79199.48,0,0,0,0,0,0,0.0,0.0,0.0,0.0,4.3,159,2.2,3.5,3.5,3600.0,1,20.0,0.5,342.0,13615.485,1066.273,23.3,0.0,0.013,1.22,513.0,443.0,70.0,826.5,728.1,588.1,507.9,80.3,947.5,834.9,40,29,37,9,12,0,0,0,0,0,2552.494,4967.192,10354.331,19140.42,31363.772,America/Los_Angeles,34.03202,-118.52633,86.0,52.09648609161377,1.0,0.0,0.7045735475896168,0.7043957360162895,0.8635477582846004,0.1364522417153996,0.8636286345859547,0.13654140452304028,1.0,0.0,-0.09999999999990905,40.0,0.0,84.7,1.0,35.9,30.6,210.0,476.0,42.6,7.3,47.0,1517.0,0.24,3.0,3.85,3.85,86.0,86.0,30.0,2.0,2026-09-24 17:00:00+00:00,52.10615379655423,37.89384620344577,122.89478340723866,559.1950246353106,718.0995776210723,118.13794396037565,513.0,826.5,70.0,0.7045735475896168,0,24.777777777777775,61,100.17,0.24,2026-09-21T12:00Z,0.16630802,0.1560303,280.66934,0.16353226,0.16353226,28.027,0.618,nasa_power_ml_plus_cams_spectral,27.9,low-moderate,52.2,38.9,typical-to-good locally,65.3,62.8,64.4,64.4,False,61,67.0,4.3,0,horizontal environmental reference,ESE,52.1,"sun 38° up (ESE) — lay flat, or lift torso ~52° toward ESE to face it",100.0,False,,,50.0,35.9,35.9,,not specified,Environmental scores are skin-type independent.,not personalized
2026-09-24T11:00,deterministic,best_match,79.0,55,61.4,82.2,67.5,1011.5,1001.6,79199.48,0,0,0,0,0,0,0.0,0.0,0.0,0.0,5.0,188,2.5,5.05,5.05,3600.0,1,80.0,0.0,273.0,13779.527,1328.74,23.3,0.0,0.018,1.52,678.0,601.0,77.0,885.5,922.4,734.5,651.0,83.4,959.2,999.3,37,30,33,9,10,0,0,0,0,0,2555.775,4970.473,10357.611,19143.702,31369.062,America/Los_Angeles,34.03202,-118.52633,86.0,52.09648609161377,1.0,0.0,0.7350390286209887,0.7350145101571101,0.8864306784660767,0.11356932153392331,0.8863172226004085,0.11354663036078966,1.0,0.0,0.10000000000002274,37.0,0.0,93.2,1.0,36.6,30.6,180.0,462.0,34.0,8.2,68.0,1441.0,0.23,3.0,5.9,5.9,86.0,86.0,30.0,5.0,2026-09-24 18:00:00+00:00,42.695496982295126,47.304503017704874,138.84450900592373,698.5794238012479,772.876627895901,130.53991848981138,678.0,885.5,77.0,0.7350390286209887,0,26.11111111111111,55,100.16,0.23,2026-09-21T12:00Z,0.19492337,0.1828787,280.76956,0.16353226,0.16353226,38.495,1.0418,nasa_power_ml_plus_cams_spectral,39.2,moderate,67.3,29.7,typical-to-good locally,84.2,65.8,77.8,77.8,False,55,67.5,5.0,0,horizontal environmental reference,SE,42.7,"sun 47° up (SE) — lay flat, or lift torso ~43° toward SE to face it",100.0,False,,,50.0,45.8,45.8,,not specified,Environmental scores are skin-type independent.,not personalized
2026-09-24T12:00,deterministic,best_match,80.9,51,61.1,84.6,68.1,1011.2,1001.4,79199.48,0,0,0,0,0,0,0.0,0.0,0.0,0.0,6.3,207,3.8,6.25,6.25,3600.0,1,120.0,-0.2,231.0,13845.145,1509.186,23.3,0.0,0.022,1.77,790.0,709.0,81.0,915.1,1053.2,821.3,737.1,84.2,951.4,1095.0,38,31,30,9,10,0,0,0,0,0,2549.213,4967.192,10351.05,19140.42,31363.772,America/Los_Angeles,34.03202,-118.52633,86.0,52.09648609161377,1.0,0.0,0.750094948727687,0.7500456621004565,0.8974683544303798,0.10253164556962026,0.8974796055034702,0.1025203944965299,1.0,0.0,-1.1368683772161603e-13,38.0,0.0,98.4,1.0,36.6,29.9,155.0,452.0,28.0,8.5,83.0,1403.0,0.21,3.0,7.25,7.25,86.0,86.0,30.0,8.0,2026-09-24 19:00:00+00:00,36.36682649558267,53.63317350441733,160.34208789890977,780.1534470194175,798.5454233304155,137.13493098927165,790.0,915.1,81.0,0.750094948727687,0,27.16666666666667,51,100.14,0.21,2026-09-21T12:00Z,0.21337289,0.20012209,280.87064,0.16348904,0.16348904,46.074,1.2937,nasa_power_ml_plus_cams_spectral,47.6,moderate,81.8,38.6,good locally,97.6,61.3,84.9,84.9,False,51,68.1,6.3,0,horizontal environmental reference,SSE,36.4,"sun 54° up (SSE) — lay flat, or lift torso ~36° toward SSE to face it",100.0,False,,,50.0,55.1,55.1,,not specified,Environmental scores are skin-type independent.,not personalized
2026-09-24T13:00,deterministic,best_match,80.8,52,61.5,83.9,68.2,1010.9,1001.1,79199.48,0,0,0,0,0,0,0.0,0.0,0.0,0.0,8.8,216,5.4,6.8,6.8,3600.0,1,90.0,0.1,254.0,13976.378,1591.207,23.4,0.0,0.023,1.72,841.0,758.0,83.0,927.3,1111.5,843.8,760.6,83.3,930.4,1115.4,40,32,29,9,10,0,0,0,0,0,2542.651,4957.349,10344.488,19137.138,31363.772,America/Los_Angeles,34.03202,-118.52633,86.0,52.09648609161377,1.0,0.0,0.7566351776878093,0.7564999103460641,0.901307966706302,0.09869203329369798,0.901398435648258,0.09872007584735719,1.0,0.0,-0.10000000000002274,40.0,0.0,98.6,1.0,35.6,28.6,132.0,444.0,23.4,8.5,96.0,1382.0,0.19,3.0,7.45,7.45,86.0,86.0,30.0,13.0,2026-09-24 20:00:00+00:00,34.89630619670804,55.10369380329196,186.11269735430466,797.5444585355935,803.5377592660143,138.49182026373728,841.0,927.3,83.0,0.7566351776878093,0,27.11111111111111,52,100.11,0.19,2026-09-21T12:00Z,0.22992949,0.21574573,280.96616,0.16357642,0.16357642,48.709,1.4516,nasa_power_ml_plus_cams_spectral,50.9,strong,87.2,48.3,good locally,99.1,61.7,86.0,86.0,False,52,68.2,8.8,0,horizontal environmental reference,S,34.9,"sun 55° up (S) — lay flat on back, face up",100.0,False,,,50.0,59.4,59.4,,not specified,Environmental scores are skin-type independent.,not personalized
2026-09-24T14:00,deterministic,best_match,79.0,56,61.9,81.7,67.8,1010.5,1000.6,8464.567,0,0,0,0,0,0,0.0,0.0,0.0,0.0,9.3,217,7.4,6.55,6.6,3600.0,1,40.0,0.3,291.0,14041.995,1328.74,22.8,0.0,0.022,1.49,804.0,691.0,113.0,859.5,1093.5,778.6,669.2,109.4,832.4,1059.1,35,31,30,9,10,0,0,0,0,0,2529.528,4947.507,10337.927,19130.578,31363.772,America/Los_Angeles,34.03202,-118.52633,86.0,52.09648609161377,0.9924242424242424,0.007575757575757569,0.7352537722908093,0.7351524879614768,0.8594527363184079,0.14054726368159204,0.8594913948111996,0.1405086051888004,1.0,0.0,0.0,35.0,0.0,97.2,1.0,33.5,26.4,116.0,439.0,19.4,8.1,105.0,1368.0,0.17,3.0,6.4,6.4,86.0,86.0,30.0,19.0,2026-09-24 21:00:00+00:00,38.8501239611552,51.1498760388448,210.37099468090096,749.4182529169628,789.3294205719238,134.69679119607952,804.0,859.5,113.0,0.7352537722908093,0,26.11111111111111,56,100.06,0.17,2026-09-21T12:00Z,0.25113413,0.23587711,280.93542,0.1637646,0.1637646,46.94,1.3114,nasa_power_ml_plus_cams_spectral,49.1,moderate,84.3,61.2,good locally,97.9,65.9,86.7,86.7,False,56,67.8,9.3,0,horizontal environmental reference,SSW,38.9,"sun 51° up (SSW) — lay flat, or lift torso ~39° toward SSW to face it",100.0,False,,,50.0,59.3,59.3,,not specified,Environmental scores are skin-type independent.,not personalized
2026-09-24T15:00,deterministic,best_match,79.0,56,61.9,81.4,67.8,1010.2,1000.3,7349.082,0,0,0,0,0,0,0.0,0.0,0.0,0.0,8.1,214,9.2,5.6,5.75,3600.0,1,40.0,0.1,314.0,14041.995,1148.294,21.6,0.0,0.019,1.49,716.0,611.0,105.0,831.1,1000.2,665.6,568.0,97.6,772.6,930.0,32,32,32,9,10,0,0,0,0,0,2522.966,4944.226,10334.646,19127.296,31363.772,America/Los_Angeles,34.03202,-118.52633,86.0,52.09648609161377,0.9739130434782608,0.026086956521739202,0.7158568286342731,0.7156989247311828,0.8533519553072626,0.14664804469273743,0.8533653846153846,0.14663461538461536,1.0,0.0,0.0,32.0,0.0,93.1,1.0,30.2,23.4,112.0,437.0,15.2,7.3,111.0,1362.0,0.15,3.0,4.45,4.5,87.0,87.0,30.0,25.0,2026-09-24 22:00:00+00:00,46.85390481369351,43.14609518630649,229.13366131589703,639.4480373632185,751.5674168881216,125.48040908908695,716.0,831.1,105.0,0.7158568286342731,0,26.11111111111111,56,100.03,0.15,2026-09-21T12:00Z,0.26459762,0.24904713,280.65158,0.16401064,0.16401064,41.057,0.9971,nasa_power_ml_plus_cams_spectral,42.5,moderate,72.9,67.0,typical-to-good locally,70.0,69.6,69.9,69.9,False,56,67.8,8.1,0,horizontal environmental reference,SW,46.9,"sun 43° up (SW) — lay flat, or lift torso ~47° toward SW to face it",100.0,False,,,50.0,52.0,52.0,,not specified,Environmental scores are skin-type independent.,not personalized
2026-09-24T16:00,deterministic,best_match,78.1,59,62.6,79.1,67.8,1009.9,1000.0,79199.48,0,0,0,0,0,0,0.0,0.0,0.0,0.0,8.7,220,9.8,4.2,4.35,3600.0,1,130.0,-0.4,300.0,14041.995,1049.869,20.7,0.0,0.016,1.34,578.0,489.0,89.0,794.1,838.1,508.0,429.8,78.2,697.9,736.7,31,33,34,9,10,0,0,0,0,0,2516.404,4937.664,10331.365,19124.016,31363.772,America/Los_Angeles,34.03202,-118.52633,86.0,52.09648609161377,0.9655172413793105,0.0344827586206895,0.689655172413793,0.6895615583005293,0.8460207612456747,0.15397923875432526,0.8460629921259842,0.15393700787401576,1.0,0.0,0.0,34.0,0.0,83.6,1.0,27.6,21.1,115.0,439.0,11.6,6.3,112.0,1363.0,0.14,3.0,2.4,2.45,87.0,87.0,30.0,31.0,2026-09-24 23:00:00+00:00,57.18722046785059,32.81277953214941,242.9851107733274,476.45455429394974,676.5757327249202,109.82108692092072,578.0,794.1,89.0,0.689655172413793,0,25.61111111111111,59,100.0,0.14,2026-09-21T12:00Z,0.27030697,0.2547597,280.04227,0.16419882,0.16419882,31.074,0.5943,nasa_power_ml_plus_cams_spectral,32.0,low-moderate,56.7,86.3,typical-to-good locally,56.9,71.3,61.9,61.9,False,59,67.8,8.7,0,horizontal environmental reference,WSW,57.2,"sun 33° up (WSW) — lay flat, or lift torso ~57° toward WSW to face it",100.0,False,,,50.0,42.5,42.5,,not specified,Environmental scores are skin-type independent.,not personalized
2026-09-24T17:00,deterministic,best_match,77.3,62,63.3,78.3,67.9,1009.6,999.7,79199.48,0,0,0,0,0,0,0.0,0.0,0.0,0.0,8.9,221,7.8,2.6,2.7,3600.0,1,180.0,-0.6,424.0,14041.995,984.252,21.4,0.0,0.011,1.22,403.0,330.0,73.0,727.0,618.1,321.0,262.9,58.1,579.1,492.6,31,32,36,9,10,0,0,0,0,0,2509.843,4931.103,10328.084,19124.016,31369.062,America/Los_Angeles,34.03202,-118.52633,86.0,52.09648609161377,0.9629629629629629,0.03703703703703709,0.651998058566575,0.6516443361753959,0.8188585607940446,0.18114143920595532,0.8190031152647974,0.1809968847352025,1.0,0.0,0.0,36.0,0.0,71.8,1.0,25.4,19.2,120.0,440.0,10.5,5.3,109.0,1365.0,0.12,3.0,0.9,0.9,87.0,87.0,30.0,37.0,2026-09-25 00:00:00+00:00,68.73630186345197,21.263698136548026,253.74614050802975,275.8660452033764,528.0880575207627,84.34918132824521,403.0,727.0,73.0,0.651998058566575,0,25.166666666666668,62,99.97,0.12,2026-09-21T12:00Z,0.26954925,0.2544243,279.47687,0.16427225,0.16427225,19.955,0.2384,nasa_power_ml_plus_cams_spectral,20.2,low-moderate,40.2,97.6,below typical locally,34.6,73.3,48.1,48.1,False,62,67.9,8.9,0,horizontal environmental reference,WSW,68.7,"sun low 21° (WSW) — face WSW, lift torso ~69° toward the sun if comfortable",100.0,False,,,50.0,29.9,29.9,,not specified,Environmental scores are skin-type independent.,not personalized
2026-09-24T18:00,deterministic,best_match,76.6,65,64.0,78.5,68.1,1009.6,999.7,79199.48,0,0,0,0,0,0,0.0,0.0,0.0,0.0,7.5,207,7.8,1.15,1.15,3600.0,1,80.0,-0.1,320.0,14041.995,820.21,22.7,0.0,0.007,1.09,213.0,166.0,47.0,637.0,355.3,128.1,99.9,28.3,383.2,214.1,35,32,33,9,8,0,0,0,0,0,2506.562,4927.822,10321.522,19120.734,31379.644,America/Los_Angeles,34.03202,-118.52633,86.0,52.09648609161377,1.0,0.0,0.5994933858710948,0.5983185427370388,0.7793427230046949,0.22065727699530516,0.7798594847775177,0.22092115534738488,1.0,0.0,-0.10000000000002274,35.0,0.0,59.1,1.0,23.2,17.5,125.0,441.0,12.7,4.5,98.0,1365.0,0.11,3.0,0.15,0.15,86.0,86.0,30.0,42.0,2026-09-25 01:00:00+00:00,80.85645557658373,9.14354442341628,262.8483517691979,70.56637001620392,210.63005575859984,37.09547440787931,213.0,637.0,47.0,0.5994933858710948,0,24.777777777777775,65,99.97,0.11,2026-09-21T12:00Z,0.25974378,0.24520771,279.8305,0.16427225,0.16427225,7.977,0.0466,nasa_power_ml_plus_cams_spectral,8.5,low,22.7,100.0,poor locally,34.7,72.1,47.8,47.8,False,65,68.1,7.5,0,horizontal environmental reference,W,80.9,"sun low 9° (W) — face W, lift torso ~81° toward the sun if comfortable",100.0,False,,,50.0,16.3,16.3,,not specified,Environmental scores are skin-type independent.,not personalized
2026-09-24T19:00,deterministic,best_match,74.3,70,63.9,76.9,67.2,1009.8,999.9,79199.48,0,0,0,0,0,0,0.0,0.0,0.0,0.0,5.6,203,6.0,0.15,0.15,2616.0,0,0.0,0.6,0.0,14041.995,656.168,23.6,0.0,0.002,0.87,31.0,18.0,13.0,179.8,78.3,0.0,0.0,0.0,0.0,0.0,38,31,29,9,8,0,0,0,0,0,2509.843,4927.822,10318.241,19124.016,31400.812,America/Los_Angeles,34.03202,-118.52633,86.0,52.09648609161377,1.0,0.0,0.3959131545338442,,0.5806451612903226,0.41935483870967744,,,0.7266666666666667,0.0,0.0,38.0,0.0,36.4,1.0,21.8,16.5,131.0,442.0,17.4,3.8,82.0,1366.0,0.11,3.0,0.0,0.0,86.0,86.0,30.0,45.0,2026-09-25 02:00:00+00:00,93.36840425344424,-3.3684042534442447,271.2981484924434,0.0,0.0,0.0,31.0,179.8,13.0,0.3959131545338442,0,23.5,70,99.99,0.11,2026-09-21T12:00Z,0.22611764,0.21277106,280.191,0.16427225,0.16427225,0.0,0.0,nasa_power_ml_plus_cams_spectral,0.4,low,0.9,29.8,poor locally,,,,,False,70,67.2,5.6,0,horizontal environmental reference,W,,sun below horizon — no direct-sun posture,100.0,False,,,50.0,0.0,0.0,,not specified,Environmental scores are skin-type independent.,not personalized
2026-09-24T20:00,deterministic,best_match,73.7,71,63.8,77.0,66.9,1010.4,1000.4,79199.48,0,5,0,0,5,0,0.0,0.0,0.0,0.0,4.1,186,5.4,0.0,0.0,0.0,0,0.0,0.8,0.0,13943.569,606.955,23.6,0.0,0.001,0.82,0.0,0.0,0.0,0.0,0.0,0.0,0.0,0.0,0.0,0.0,40,31,27,7,10,0,0,0,0,0,2522.966,4937.664,10328.084,19130.578,31411.396,America/Los_Angeles,34.03202,-118.52633,86.0,52.09648609161377,,,,,,,,,0.0,0.0,0.0,40.0,0.0,0.0,0.6,21.7,16.6,136.0,443.0,24.4,3.3,65.0,1368.0,0.12,3.0,0.0,0.0,86.0,86.0,30.0,46.0,2026-09-25 03:00:00+00:00,105.74006049980687,-15.740060499806871,279.9213450049502,0.0,0.0,0.0,0.0,0.0,0.0,,5,23.166666666666668,71,100.03999999999999,0.12,2026-09-21T12:00Z,0.18762955,0.17590201,280.6846,0.16427225,0.16427225,0.0,0.0,nasa_power_ml_plus_cams_spectral,0.0,low,0.0,,poor locally,,,,,False,71,66.9,4.1,0,horizontal environmental reference,W,,sun below horizon — no direct-sun posture,100.0,False,,,50.0,0.0,0.0,,not specified,Environmental scores are skin-type independent.,not personalized
2026-09-24T21:00,deterministic,best_match,73.2,73,64.0,76.5,66.9,1011.0,1001.0,79199.48,0,0,0,0,0,0,0.0,0.0,0.0,0.0,4.3,183,3.4,0.0,0.0,0.0,0,0.0,1.4,0.0,14009.187,590.551,23.1,0.0,0.001,0.75,0.0,0.0,0.0,0.0,0.0,0.0,0.0,0.0,0.0,0.0,41,29,24,7,16,0,0,0,0,0,2536.089,4950.788,10341.207,19146.982,31437.854,America/Los_Angeles,34.03202,-118.52633,86.0,52.09648609161377,,,,,,,,,0.0,0.0,0.0,41.0,0.0,0.0,0.6,21.9,17.0,138.0,444.0,35.6,3.2,47.0,1370.0,0.13,3.0,0.0,0.0,85.0,85.0,30.0,45.0,2026-09-25 04:00:00+00:00,117.76480243409941,-27.764802434099416,289.6069047031953,0.0,0.0,0.0,0.0,0.0,0.0,,0,22.888888888888893,73,100.1,0.13,2026-09-21T12:00Z,0.16411845,0.153526,281.0623,0.16427225,0.16427225,0.0,0.0,nasa_power_ml_plus_cams_spectral,0.0,low,0.0,,poor locally,,,,,False,73,66.9,4.3,0,horizontal environmental reference,WNW,,sun below horizon — no direct-sun posture,100.0,False,,,50.0,0.0,0.0,,not specified,Environmental scores are skin-type independent.,not personalized
2026-09-24T22:00,deterministic,best_match,72.5,75,64.1,75.9,66.7,1011.1,1001.1,79199.48,0,6,0,0,5,0,0.0,0.0,0.0,0.0,4.0,180,3.8,0.0,0.0,0.0,0,0.0,1.6,0.0,14304.462,590.551,22.9,0.0,0.001,0.68,0.0,0.0,0.0,0.0,0.0,0.0,0.0,0.0,0.0,0.0,44,29,27,6,30,0,0,0,0,0,2536.089,4947.507,10337.927,19156.824,31459.022,America/Los_Angeles,34.03202,-118.52633,86.0,52.09648609161377,,,,,,,,,0.0,0.0,0.0,44.0,0.0,0.0,0.6,24.0,19.1,138.0,446.0,49.1,3.4,28.0,1373.0,0.13,3.0,0.0,0.0,85.0,85.0,29.0,42.0,2026-09-25 05:00:00+00:00,128.99193944229506,-38.991939442295056,301.57302638715174,0.0,0.0,0.0,0.0,0.0,0.0,,6,22.5,75,100.11,0.13,2026-09-21T12:00Z,0.14085916,0.13146263,280.8121,0.16427225,0.16427225,0.0,0.0,nasa_power_ml_plus_cams_spectral,0.0,low,0.0,,poor locally,,,,,False,75,66.7,4.0,0,horizontal environmental reference,WNW,,sun below horizon — no direct-sun posture,100.0,False,,,50.0,0.0,0.0,,not specified,Environmental scores are skin-type independent.,not personalized
2026-09-24T23:00,deterministic,best_match,72.1,75,63.8,75.9,66.3,1011.2,1001.2,79199.48,0,6,0,0,5,0,0.0,0.0,0.0,0.0,2.8,162,2.9,0.0,0.0,0.0,0,0.0,1.8,0.0,14370.079,524.934,23.0,0.0,0.0,0.67,0.0,0.0,0.0,0.0,0.0,0.0,0.0,0.0,0.0,0.0,45,27,29,7,54,0,0,0,0,0,2536.089,4947.507,10337.927,19156.824,31459.022,America/Los_Angeles,34.03202,-118.52633,86.0,52.09648609161377,,,,,,,,,0.0,0.0,0.0,54.0,0.0,0.0,0.6,27.2,22.4,137.0,448.0,59.5,3.6,14.0,1378.0,0.14,3.0,0.0,0.0,85.0,85.0,29.0,38.0,2026-09-25 06:00:00+00:00,138.61214135019296,-48.612141350192964,317.61805787329246,0.0,0.0,0.0,0.0,0.0,0.0,,6,22.277777777777775,75,100.12,0.14,2026-09-21T12:00Z,0.12707527,0.11866375,280.90115,0.16427225,0.16427225,0.0,0.0,nasa_power_ml_plus_cams_spectral,0.0,low,0.0,,poor locally,,,,,False,75,66.3,2.8,0,horizontal environmental reference,NW,,sun below horizon — no direct-sun posture,100.0,False,,,50.0,0.0,0.0,,not specified,Environmental scores are skin-type independent.,not personalized
2026-09-25T00:00,deterministic,best_match,71.8,75,63.4,75.3,66.0,1011.1,1001.1,79199.48,0,19,0,0,18,0,0.0,0.0,0.0,0.0,2.9,157,2.7,0.0,0.0,0.0,0,0.0,2.0,0.0,14238.846,524.934,23.1,0.0,0.0,0.66,0.0,0.0,0.0,0.0,0.0,0.0,0.0,0.0,0.0,0.0,45,27,29,7,38,0,0,0,0,0,2532.808,4944.226,10331.365,19146.982,31453.73,America/Los_Angeles,34.03202,-118.52633,86.0,52.09648609161377,,,,,,,,,0.0,0.0,0.0,45.0,0.0,0.0,0.6,30.2,25.3,135.0,450.0,64.1,3.7,6.0,1386.0,0.14,3.0,0.0,0.0,85.0,85.0,29.0,32.0,2026-09-25 07:00:00+00:00,145.1572835195198,-55.15728351951982,339.6413130668578,0.0,0.0,0.0,0.0,0.0,0.0,,19,22.11111111111111,75,100.11,0.14,2026-09-21T12:00Z,0.120457314,0.112590045,281.46835,0.16427225,0.16427225,0.0,0.0,nasa_power_ml_plus_cams_spectral,0.0,low,0.0,,poor locally,,,,,False,75,66.0,2.9,0,horizontal environmental reference,NNW,,sun below horizon — no direct-sun posture,100.0,False,,,50.0,0.0,0.0,,not specified,Environmental scores are skin-type independent.,not personalized
2026-09-25T01:00,deterministic,best_match,71.2,76,63.3,74.7,65.7,1011.2,1001.2,79199.48,0,6,0,0,5,0,0.0,0.0,0.0,0.0,2.9,184,3.8,0.0,0.0,0.0,0,0.0,2.1,0.0,14271.653,524.934,22.8,0.0,0.0,0.63,0.0,0.0,0.0,0.0,0.0,0.0,0.0,0.0,0.0,0.0,46,27,29,6,28,0,0,0,0,0,2532.808,4940.945,10324.804,19140.42,31443.146,America/Los_Angeles,34.03202,-118.52633,86.0,52.09648609161377,,,,,,,,,0.0,0.0,0.0,46.0,0.0,0.0,0.6,33.4,28.6,132.0,453.0,65.5,3.9,3.0,1395.0,0.15,2.0,0.0,0.0,85.0,85.0,30.0,26.0,2026-09-25 08:00:00+00:00,146.70291242165092,-56.70291242165092,6.451787029091292,0.0,0.0,0.0,0.0,0.0,0.0,,6,21.77777777777778,76,100.12,0.15,2026-09-21T12:00Z,0.12321484,0.11529139,282.1586,0.16427225,0.16427225,0.0,0.0,nasa_power_ml_plus_cams_spectral,0.0,low,0.0,,poor locally,,,,,False,76,65.7,2.9,0,horizontal environmental reference,N,,sun below horizon — no direct-sun posture,100.0,False,,,50.0,0.0,0.0,,not specified,Environmental scores are skin-type independent.,not personalized
2026-09-25T02:00,deterministic,best_match,70.9,77,63.3,74.5,65.6,1011.1,1001.1,79199.48,0,5,0,0,5,0,0.0,0.0,0.0,0.0,2.7,235,2.2,0.0,0.0,0.0,0,0.0,2.1,0.0,14337.271,492.126,22.5,0.0,0.0,0.59,0.0,0.0,0.0,0.0,0.0,0.0,0.0,0.0,0.0,0.0,45,26,30,7,30,0,0,0,0,0,2529.528,4937.664,10321.522,19133.86,31437.854,America/Los_Angeles,34.03202,-118.52633,86.0,52.09648609161377,,,,,,,,,0.0,0.0,0.0,45.0,0.0,0.0,0.6,36.6,31.7,129.0,454.0,66.0,4.0,1.0,1401.0,0.16,2.0,0.0,0.0,85.0,85.0,30.0,20.0,2026-09-25 09:00:00+00:00,142.61444334193877,-52.61444334193876,31.5753386306302,0.0,0.0,0.0,0.0,0.0,0.0,,5,21.611111111111114,77,100.11,0.16,2026-09-21T12:00Z,0.12273939,0.11487019,282.7747,0.16427225,0.16427225,0.0,0.0,nasa_power_ml_plus_cams_spectral,0.0,low,0.0,,poor locally,,,,,False,77,65.6,2.7,0,horizontal environmental reference,NNE,,sun below horizon — no direct-sun posture,100.0,False,,,50.0,0.0,0.0,,not specified,Environmental scores are skin-type independent.,not personalized
2026-09-25T03:00,deterministic,best_match,70.9,77,63.3,74.9,65.6,1010.9,1000.9,79199.48,1,44,0,0,42,0,0.0,0.0,0.0,0.0,1.7,247,0.9,0.0,0.0,0.0,0,0.0,2.2,0.0,14829.396,410.105,22.4,0.0,0.0,0.59,0.0,0.0,0.0,0.0,0.0,0.0,0.0,0.0,0.0,0.0,44,26,30,7,48,0,0,0,0,0,2522.966,4931.103,10308.399,19130.578,31432.564,America/Los_Angeles,34.03202,-118.52633,86.0,52.09648609161377,,,,,,,,,0.0,0.0,0.0,48.0,0.0,0.0,0.6,39.5,34.5,125.0,454.0,66.5,4.0,0.0,1398.0,0.17,2.0,0.0,0.0,85.0,85.0,30.0,14.0,2026-09-25 10:00:00+00:00,134.40656663480428,-44.40656663480429,50.657952636120456,0.0,0.0,0.0,0.0,0.0,0.0,,44,21.611111111111114,77,100.09,0.17,2026-09-21T12:00Z,0.12255692,0.11445579,283.28094,0.16427225,0.16427225,0.0,0.0,nasa_power_ml_plus_cams_spectral,0.0,low,0.0,,poor locally,,,,,False,77,65.6,1.7,0,horizontal environmental reference,NE,,sun below horizon — no direct-sun posture,100.0,False,,,50.0,0.0,0.0,,not specified,Environmental scores are skin-type independent.,not personalized
2026-09-25T04:00,deterministic,best_match,70.7,77,63.1,74.5,65.4,1011.0,1001.0,79199.48,2,67,0,0,63,0,0.0,0.0,0.0,0.0,2.0,243,0.9,0.0,0.0,0.0,0,0.0,2.4,0.0,15026.247,328.084,22.6,0.0,0.0,0.59,0.0,0.0,0.0,0.0,0.0,0.0,0.0,0.0,0.0,0.0,45,27,31,7,74,0,0,0,0,2,2526.247,4931.103,10308.399,19130.578,31432.564,America/Los_Angeles,34.03202,-118.52633,86.0,52.09648609161377,,,,,,,,,0.0,0.0,0.0,74.0,2.0,0.0,0.6,42.4,37.6,121.0,452.0,66.0,4.0,0.0,1392.0,0.17,2.0,0.0,0.0,85.0,85.0,30.0,10.0,2026-09-25 11:00:00+00:00,123.90675887820944,-33.90675887820945,64.54689009781055,0.0,0.0,0.0,0.0,0.0,0.0,,67,21.500000000000004,77,100.1,0.17,2026-09-21T12:00Z,0.1276523,0.11908327,284.24472,0.16422808,0.16422808,0.0,0.0,nasa_power_ml_plus_cams_spectral,0.0,low,0.0,,poor locally,,,,,False,77,65.4,2.0,0,horizontal environmental reference,ENE,,sun below horizon — no direct-sun posture,100.0,False,,,50.0,0.0,0.0,,not specified,Environmental scores are skin-type independent.,not personalized
2026-09-25T05:00,deterministic,best_match,70.7,76,62.7,74.3,65.2,1011.1,1001.1,79199.48,3,100,0,0,100,0,0.0,0.0,0.0,0.0,2.2,217,2.2,0.0,0.0,0.0,0,0.0,2.6,0.0,15157.48,262.467,22.3,0.0,0.0,0.62,0.0,0.0,0.0,0.0,0.0,0.0,0.0,0.0,0.0,0.0,46,27,33,6,58,0,0,0,0,0,2529.528,4931.103,10305.118,19130.578,31427.272,America/Los_Angeles,34.03202,-118.52633,86.0,52.09648609161377,,,,,,,,,0.0,0.0,0.0,58.0,0.0,0.0,0.6,43.4,39.3,121.0,452.0,64.7,3.9,0.0,1390.0,0.17,2.0,0.0,0.0,85.0,85.0,30.0,6.0,2026-09-25 12:00:00+00:00,112.2436400153085,-22.2436400153085,75.27742523256347,0.0,0.0,0.0,0.0,0.0,0.0,,100,21.500000000000004,76,100.11,0.17,2026-09-21T12:00Z,0.13095936,0.12198521,284.665,0.1634674,0.1634674,0.0,0.0,nasa_power_ml_plus_cams_spectral,0.0,low,0.0,,poor locally,,,,,False,76,65.2,2.2,0,horizontal environmental reference,ENE,,sun below horizon — no direct-sun posture,100.0,False,,,50.0,0.0,0.0,,not specified,Environmental scores are skin-type independent.,not personalized
2026-09-25T06:00,deterministic,best_match,70.7,76,62.7,74.0,65.2,1011.2,1001.2,79199.48,3,100,0,0,100,0,0.0,0.0,0.0,0.0,2.9,219,2.0,0.0,0.0,0.0,0,0.0,2.8,0.0,15321.522,295.276,22.6,0.0,0.0,0.62,0.0,0.0,0.0,0.0,0.0,0.0,0.0,0.0,0.0,0.0,45,27,38,7,76,0,0,0,0,2,2532.808,4934.384,10308.399,19140.42,31432.564,America/Los_Angeles,34.03202,-118.52633,86.0,52.09648609161377,,,,,,,,,0.0,0.0,0.0,76.0,2.0,0.0,0.6,43.7,40.0,128.0,454.0,62.9,3.7,0.0,1401.0,0.18,2.0,0.0,0.0,86.0,86.0,30.0,3.0,2026-09-25 13:00:00+00:00,100.0256019422751,-10.025601942275108,84.36048352059788,0.0,0.0,0.0,0.0,0.0,0.0,,100,21.500000000000004,76,100.12,0.18,2026-09-21T12:00Z,0.13695133,0.12754127,284.95975,0.16322136,0.16322136,0.0,0.0,nasa_power_ml_plus_cams_spectral,0.0,low,0.0,0.0,poor locally,,,,,False,76,65.2,2.9,0,horizontal environmental reference,E,,sun below horizon — no direct-sun posture,100.0,False,,,50.0,0.0,0.0,,not specified,Environmental scores are skin-type independent.,not personalized
2026-09-25T07:00,deterministic,best_match,70.9,75,62.5,74.2,65.1,1011.6,1001.6,79199.48,3,100,0,0,100,0,0.0,0.0,0.0,0.0,2.5,225,1.8,0.0,0.0,0.0,1,0.0,2.9,0.0,15321.522,278.871,22.9,0.0,0.001,0.64,1.0,0.0,1.0,0.0,5.4,10.2,0.0,10.2,0.0,56.6,45,28,40,7,78,0,0,0,0,4,2542.651,4944.226,10314.961,19150.262,31443.146,America/Los_Angeles,34.03202,-118.52633,86.0,52.09648609161377,,,0.18518518518518517,0.1802120141342756,0.0,1.0,0.0,1.0,0.0,0.0,0.0,78.0,4.0,4.1,0.85,43.7,40.5,140.0,457.0,60.3,3.5,0.0,1417.0,0.18,1.0,0.05,0.05,86.0,86.0,30.0,1.0,2026-09-25 14:00:00+00:00,87.36173509536584,2.6382649046341515,92.82609775077628,3.7911027522802585,11.854882254177147,3.2454208738941066,1.0,0.0,1.0,0.18518518518518517,100,21.611111111111114,75,100.16,0.18,2026-09-21T12:00Z,0.14123708,0.13135841,285.3096,0.16301787,0.16301787,0.828,0.0038,nasa_power_ml_plus_cams_spectral,0.4,low,0.8,6.4,poor locally,31.5,66.0,43.6,43.6,False,75,65.1,2.5,0,horizontal environmental reference,E,87.4,"sun low 3° (E) — face E, lift torso ~87° toward the sun if comfortable",100.0,False,,,50.0,1.2,1.2,,not specified,Environmental scores are skin-type independent.,not personalized
2026-09-25T08:00,deterministic,best_match,71.9,72,62.4,75.7,65.5,1011.8,1001.8,79199.48,3,100,0,0,100,0,0.0,0.0,0.0,0.0,1.4,198,1.6,0.4,0.5,3600.0,1,0.0,2.8,0.0,15321.522,377.297,23.0,0.0,0.002,0.75,64.0,31.0,33.0,206.9,202.1,109.1,52.8,56.3,352.7,345.3,44,27,38,9,98,0,0,0,0,76,2549.213,4950.788,10321.522,19160.106,31453.73,America/Los_Angeles,34.03202,-118.52633,86.0,52.09648609161377,0.8,0.19999999999999996,0.3166749134092034,0.3159571387199536,0.484375,0.515625,0.48395967002749773,0.5160403299725023,1.0,0.0,0.0,98.0,76.0,43.2,1.0,42.6,40.4,148.0,458.0,55.1,3.7,7.0,1425.0,0.18,1.0,0.65,0.65,86.0,86.0,30.0,1.0,2026-09-25 15:00:00+00:00,75.23927493849312,14.760725061506875,101.5049742094941,161.4084563279388,386.4009217772922,62.960084653917605,64.0,206.9,33.0,0.3166749134092034,100,22.16666666666667,72,100.17999999999999,0.18,2026-09-21T12:00Z,0.1452904,0.13485599,285.90402,0.16288728,0.16288728,4.42,0.0371,nasa_power_ml_plus_cams_spectral,3.9,low,16.1,35.9,poor locally,38.9,36.5,38.1,38.1,False,72,65.5,1.4,0,horizontal environmental reference,ESE,75.2,"sun low 15° (ESE) — face ESE, lift torso ~75° toward the sun if comfortable",100.0,False,,,50.0,8.5,8.5,,not specified,Environmental scores are skin-type independent.,not personalized
2026-09-25T09:00,deterministic,best_match,74.5,65,61.9,77.5,66.1,1012.1,1002.1,79199.48,3,84,0,0,76,0,0.0,0.0,0.0,0.0,2.7,156,1.8,1.75,1.8,3600.0,1,0.0,2.7,0.0,15288.714,672.572,23.3,0.0,0.007,1.02,298.0,221.0,77.0,625.0,480.2,378.1,280.4,97.7,793.0,609.5,44,28,37,10,90,0,0,0,0,8,2559.055,4957.349,10328.084,19163.386,31469.606,America/Los_Angeles,34.03202,-118.52633,86.0,52.09648609161377,0.9722222222222222,0.02777777777777779,0.6205747605164514,0.6203445447087778,0.7416107382550335,0.25838926174496646,0.7416027505950805,0.2583972494049193,1.0,0.0,5.684341886080802e-14,90.0,8.0,71.3,1.0,33.5,28.7,150.0,456.0,45.3,4.6,25.0,1419.0,0.16,1.0,2.0,2.0,85.0,85.0,30.0,1.0,2026-09-25 16:00:00+00:00,63.35641729936428,26.643582700635715,111.27722202484244,370.96445511069925,609.4282393233078,97.67299965864362,298.0,625.0,77.0,0.6205747605164514,84,23.61111111111111,65,100.21000000000001,0.16,2026-09-21T12:00Z,0.15160973,0.14077179,286.71378,0.16291744,0.16291744,16.876,0.2442,nasa_power_ml_plus_cams_spectral,15.6,low,35.9,45.6,below typical locally,50.5,40.7,47.1,47.1,False,65,66.1,2.7,0,horizontal environmental reference,ESE,63.4,"sun low 27° (ESE) — face ESE, lift torso ~63° toward the sun if comfortable",100.0,False,,,50.0,23.2,23.2,,not specified,Environmental scores are skin-type independent.,not personalized
2026-09-25T10:00,deterministic,best_match,77.2,58,61.2,79.5,66.7,1012.2,1002.3,79199.48,0,13,0,5,10,0,0.0,0.0,0.0,0.0,3.7,166,2.5,3.45,3.45,3600.0,1,0.0,2.5,0.0,15255.905,1017.06,23.4,0.0,0.013,1.34,510.0,439.0,71.0,823.5,724.5,585.0,503.5,81.4,944.6,831.2,42,27,38,10,66,0,0,0,0,0,2565.617,4970.473,10337.927,19173.228,31485.48,America/Los_Angeles,34.03202,-118.52633,86.0,52.09648609161377,1.0,0.0,0.7039337474120083,0.7038017324350336,0.8607843137254902,0.1392156862745098,0.8606837606837607,0.13914529914529916,1.0,0.0,0.10000000000002274,66.0,0.0,84.4,1.0,31.1,25.7,150.0,453.0,33.1,5.8,49.0,1405.0,0.15,2.0,4.1,4.1,85.0,85.0,30.0,2.0,2026-09-25 17:00:00+00:00,52.32581224113043,37.67418775886957,123.31574027676203,556.0356230871212,716.9237712182722,117.87294534735042,510.0,823.5,71.0,0.7039337474120083,13,25.111111111111114,58,100.22999999999999,0.15,2026-09-21T12:00Z,0.15833071,0.14675823,287.62314,0.16293144,0.16293144,29.226,0.6195,nasa_power_ml_plus_cams_spectral,28.4,low-moderate,53.1,41.8,typical-to-good locally,59.7,50.4,56.4,56.4,False,58,66.7,3.7,0,horizontal environmental reference,ESE,52.3,"sun 38° up (ESE) — lay flat, or lift torso ~52° toward ESE to face it",100.0,False,,,50.0,35.9,35.9,,not specified,Environmental scores are skin-type independent.,not personalized
2026-09-25T11:00,deterministic,best_match,79.5,53,60.9,82.8,67.4,1012.2,1002.3,79199.48,0,17,0,0,14,0,0.0,0.0,0.0,0.0,4.3,180,2.2,5.05,5.05,3600.0,1,0.0,2.5,0.0,15321.522,1345.144,23.1,0.0,0.018,1.62,674.0,594.0,80.0,879.3,918.6,730.2,643.6,86.7,952.7,995.4,39,26,36,20,74,0,0,0,0,0,2572.179,4977.034,10347.77,19186.352,31490.77,America/Los_Angeles,34.03202,-118.52633,86.0,52.09648609161377,1.0,0.0,0.733725234051818,0.733574442435202,0.8813056379821959,0.11869436201780416,0.8814023555190359,0.11873459326211996,1.0,0.0,-0.10000000000002274,74.0,0.0,93.2,1.0,30.2,24.4,147.0,449.0,23.2,6.7,69.0,1393.0,0.14,2.0,6.2,6.2,85.0,85.0,30.0,5.0,2026-09-25 18:00:00+00:00,42.97498830152255,47.02501169847745,139.26265501392425,695.1373102601807,772.0116109373913,130.29397360076848,674.0,879.3,80.0,0.733725234051818,17,26.38888888888889,53,100.22999999999999,0.14,2026-09-21T12:00Z,0.16489632,0.1525702,288.90625,0.16293144,0.16293144,39.837,1.0603,nasa_power_ml_plus_cams_spectral,39.9,moderate,69.1,34.9,typical-to-good locally,76.5,50.9,67.5,67.5,False,53,67.4,4.3,0,horizontal environmental reference,SE,43.0,"sun 47° up (SE) — lay flat, or lift torso ~43° toward SE to face it",100.0,False,,,50.0,46.3,46.3,,not specified,Environmental scores are skin-type independent.,not personalized
2026-09-25T12:00,deterministic,best_match,81.3,48,59.7,84.4,67.5,1011.7,1001.9,79199.48,3,100,0,0,100,0,0.0,0.0,0.0,0.0,4.8,193,2.0,5.75,6.2,3600.0,1,0.0,2.3,0.0,15288.714,1574.803,22.7,0.0,0.02,1.9,719.0,479.0,240.0,621.1,1049.0,747.5,498.0,249.5,645.7,1090.7,40,26,33,40,84,0,0,0,0,4,2562.336,4970.473,10341.207,19183.07,31490.77,America/Los_Angeles,34.03202,-118.52633,86.0,52.09648609161377,0.9274193548387096,0.07258064516129037,0.6854146806482364,0.6853396901072706,0.6662030598052852,0.3337969401947149,0.6662207357859532,0.3337792642140468,1.0,0.0,0.0,84.0,4.0,87.7,1.0,30.3,24.2,141.0,446.0,17.9,7.2,82.0,1387.0,0.13,2.0,7.6,7.6,84.0,84.0,30.0,9.0,2026-09-25 19:00:00+00:00,36.716706364770985,53.283293635229015,160.66303937156977,776.3735102052868,797.7680250322248,136.8815811756332,719.0,621.1,240.0,0.6854146806482364,100,27.38888888888889,48,100.19,0.13,2026-09-21T12:00Z,0.16131882,0.1490281,290.23422,0.16287297,0.16287297,44.009,1.2306,nasa_power_ml_plus_cams_spectral,44.7,moderate,77.3,23.9,good locally,90.9,36.4,71.8,71.8,False,48,67.5,4.8,0,horizontal environmental reference,SSE,36.7,"sun 53° up (SSE) — lay flat, or lift torso ~37° toward SSE to face it",100.0,False,,,50.0,48.9,48.9,,not specified,Environmental scores are skin-type independent.,not personalized
2026-09-25T13:00,deterministic,best_match,82.7,45,59.2,86.1,67.8,1011.2,1001.4,79199.48,2,56,0,0,55,0,0.0,0.0,0.0,0.0,6.4,205,3.6,6.7,6.75,3600.0,1,0.0,2.2,0.0,15452.756,1722.441,22.0,0.0,0.024,2.1,832.0,725.0,107.0,891.1,1107.0,834.7,727.3,107.3,893.9,1110.6,38,25,31,40,80,0,0,0,0,4,2552.494,4963.911,10337.927,19186.352,31496.062,America/Los_Angeles,34.03202,-118.52633,86.0,52.09648609161377,0.9925925925925926,0.007407407407407418,0.7515808491418248,0.7515757248334235,0.8713942307692307,0.12860576923076922,0.8713310171319035,0.12854917934587276,1.0,0.0,0.10000000000013642,80.0,4.0,98.1,1.0,30.9,24.3,134.0,442.0,15.0,7.3,91.0,1382.0,0.12,2.0,7.65,7.75,84.0,84.0,29.0,13.0,2026-09-25 20:00:00+00:00,35.291566658357794,54.708433341642206,186.20293785809739,793.3874887701069,802.6909038211759,138.2130034728541,832.0,891.1,107.0,0.7515808491418248,56,28.166666666666668,45,100.14,0.12,2026-09-21T12:00Z,0.1567798,0.14477313,291.28394,0.16297466,0.16297466,49.81,1.4015,nasa_power_ml_plus_cams_spectral,51.2,strong,88.4,53.6,good locally,90.7,38.9,72.6,72.6,False,45,67.8,6.4,0,horizontal environmental reference,S,35.3,"sun 55° up (S) — lay flat, or lift torso ~35° toward S to face it",100.0,False,,,50.0,58.8,58.8,,not specified,Environmental scores are skin-type independent.,not personalized
2026-09-25T14:00,deterministic,best_match,82.0,47,59.8,84.6,67.8,1010.6,1000.8,79199.48,3,100,0,0,100,0,0.0,0.0,0.0,0.0,7.8,213,5.8,6.45,6.55,3600.0,1,0.0,2.3,0.0,15616.798,1607.612,21.5,0.0,0.023,1.98,805.0,663.0,142.0,828.9,1088.4,779.3,641.9,137.5,802.5,1053.9,36,24,27,34,46,0,0,0,0,0,2539.37,4950.788,10324.804,19179.792,31485.48,America/Los_Angeles,34.03202,-118.52633,86.0,52.09648609161377,0.984732824427481,0.015267175572518998,0.7396177875780963,0.7394439700161305,0.8236024844720496,0.1763975155279503,0.8236879250609521,0.17644039522648533,1.0,0.0,-0.10000000000002274,46.0,0.0,96.1,1.0,30.9,24.2,127.0,440.0,12.7,7.2,98.0,1378.0,0.11,2.0,6.45,6.6,84.0,84.0,29.0,19.0,2026-09-25 21:00:00+00:00,39.23982258655036,50.76017741344964,210.23781246992388,744.8721072978899,788.2423077158743,134.3744838498884,805.0,828.9,142.0,0.7396177875780963,100,27.77777777777778,47,100.08,0.11,2026-09-21T12:00Z,0.15274614,0.14101195,291.84778,0.16316283,0.16316283,47.468,1.2637,nasa_power_ml_plus_cams_spectral,49.0,moderate,84.9,63.1,good locally,90.2,34.5,70.7,70.7,False,47,67.8,7.8,0,horizontal environmental reference,SSW,39.2,"sun 51° up (SSW) — lay flat, or lift torso ~39° toward SSW to face it",100.0,False,,,50.0,57.7,57.7,,not specified,Environmental scores are skin-type independent.,not personalized
2026-09-25T15:00,deterministic,best_match,80.9,49,60.0,82.3,67.5,1010.1,1000.3,2165.354,45,100,0,0,100,0,0.0,0.0,0.0,0.0,8.5,215,7.4,5.55,5.7,3600.0,1,0.0,2.2,0.0,15682.415,1394.357,20.9,0.0,0.02,1.84,712.0,548.0,164.0,749.9,994.7,661.5,509.1,152.4,696.7,924.2,37,24,24,33,26,0,0,0,0,0,2526.247,4937.664,10314.961,19173.228,31480.188,America/Los_Angeles,34.03202,-118.52633,86.0,52.09648609161377,0.9736842105263157,0.026315789473684292,0.7157937066452197,0.7157541657649859,0.7696629213483146,0.2303370786516854,0.7696145124716554,0.23038548752834467,1.0,0.0,0.0,37.0,0.0,90.2,1.0,29.5,23.0,122.0,439.0,10.0,6.7,104.0,1373.0,0.11,2.0,4.45,4.6,84.0,84.0,29.0,24.0,2026-09-25 22:00:00+00:00,47.2116459235988,42.7883540764012,228.89347004038632,634.5371082959971,749.9708802244062,125.0877747509648,712.0,749.9,164.0,0.7157937066452197,100,27.16666666666667,49,100.03,0.11,2026-09-21T12:00Z,0.14761078,0.13621971,291.54678,0.16340983,0.16340983,40.724,0.9304,nasa_power_ml_plus_cams_spectral,42.1,moderate,72.8,66.8,typical-to-good locally,59.2,35.1,50.8,50.8,False,49,67.5,8.5,0,horizontal environmental reference,SW,47.2,"sun 43° up (SW) — lay flat, or lift torso ~47° toward SW to face it",100.0,False,,,50.0,49.2,49.2,,not specified,Environmental scores are skin-type independent.,not personalized
2026-09-25T16:00,deterministic,best_match,79.1,53,60.5,79.5,67.1,1009.7,999.8,4265.092,3,100,0,0,100,0,0.0,0.0,0.0,0.0,8.1,222,8.9,4.1,4.3,3600.0,1,0.0,2.4,0.0,15715.224,1115.486,20.6,0.0,0.016,1.6,566.0,412.0,154.0,674.2,832.1,496.8,361.6,135.2,591.8,730.6,36,24,21,31,18,0,0,0,0,0,2513.123,4931.103,10305.118,19169.948,31474.894,America/Los_Angeles,34.03202,-118.52633,86.0,52.09648609161377,0.9534883720930232,0.04651162790697683,0.6802067059247686,0.6799890500958117,0.7279151943462897,0.27208480565371024,0.7278582930756844,0.2721417069243156,1.0,0.0,0.0,36.0,0.0,79.1,1.0,26.5,20.7,118.0,440.0,7.8,5.8,107.0,1369.0,0.1,2.0,2.4,2.45,83.0,83.0,29.0,30.0,2026-09-25 23:00:00+00:00,57.513777654229585,32.486222345770415,242.71386646106322,471.2598641544693,673.9160324703832,109.30172885956677,566.0,674.2,154.0,0.6802067059247686,100,26.166666666666664,53,99.97999999999999,0.1,2026-09-21T12:00Z,0.14011443,0.12922236,290.31204,0.163598,0.163598,30.744,0.5501,nasa_power_ml_plus_cams_spectral,31.5,low-moderate,56.4,86.0,typical-to-good locally,41.9,35.7,39.7,39.7,False,53,67.1,8.1,0,horizontal environmental reference,WSW,57.5,"sun 32° up (WSW) — lay flat, or lift torso ~58° toward WSW to face it",100.0,False,,,50.0,39.4,39.4,,not specified,Environmental scores are skin-type independent.,not personalized
2026-09-25T17:00,deterministic,best_match,77.5,56,60.6,77.8,66.5,1009.4,999.5,79199.48,3,88,0,0,86,0,0.0,0.0,0.0,0.0,7.8,217,9.4,2.55,2.65,3600.0,1,0.0,2.5,0.0,15748.031,935.039,20.5,0.0,0.012,1.42,390.0,291.0,99.0,648.1,611.8,309.7,231.1,78.6,514.7,486.1,32,23,17,29,18,0,0,0,0,0,2506.562,4927.822,10301.837,19173.228,31480.188,America/Los_Angeles,34.03202,-118.52633,86.0,52.09648609161377,0.9622641509433962,0.037735849056603765,0.6374632232755802,0.6371117054104093,0.7461538461538462,0.25384615384615383,0.7462060058120762,0.2537939941879238,1.0,0.0,0.0,32.0,0.0,69.0,1.0,22.9,17.9,126.5,440.0,7.5,5.0,106.0,1367.0,0.09,2.0,0.9,0.9,83.0,83.0,29.0,36.0,2026-09-26 00:00:00+00:00,69.04067638390455,20.959323616095443,253.47085827613665,270.6118657717134,522.9631569102015,83.54528989780212,390.0,648.1,99.0,0.6374632232755802,88,25.27777777777778,56,99.95,0.09,2026-09-21T12:00Z,0.13594688,0.12531906,289.01154,0.16367084,0.16367084,18.925,0.213,nasa_power_ml_plus_cams_spectral,19.5,low,39.5,96.6,below typical locally,27.9,38.0,31.4,31.4,False,56,66.5,7.8,0,horizontal environmental reference,WSW,69.0,"sun low 21° (WSW) — face WSW, lift torso ~69° toward the sun if comfortable",100.0,False,,,50.0,27.3,27.3,,not specified,Environmental scores are skin-type independent.,not personalized
2026-09-25T18:00,deterministic,best_match,77.2,56,60.3,78.2,66.2,1009.2,999.3,79199.48,3,100,0,0,100,0,0.0,0.0,0.0,0.0,5.7,222,8.3,1.05,1.1,3600.0,1,0.0,2.4,0.0,15813.648,656.168,19.8,0.0,0.006,1.4,191.0,122.0,69.0,477.4,348.6,113.4,72.4,41.0,283.4,207.3,28,23,13,27,18,0,0,0,0,0,2506.562,4927.822,10305.118,19179.792,31496.062,America/Los_Angeles,34.03202,-118.52633,86.0,52.09648609161377,0.9545454545454545,0.045454545454545525,0.5479059093516925,0.5470332850940666,0.6387434554973822,0.3612565445026178,0.6384479717813051,0.36155202821869487,1.0,0.0,0.0,28.0,0.0,53.1,1.0,19.4,15.1,135.5,440.0,8.6,4.1,98.0,1366.0,0.08,2.0,0.15,0.15,83.0,83.0,29.0,41.0,2026-09-26 01:00:00+00:00,81.14645221940238,8.853547780597617,262.5744357200299,66.3969857287422,200.3919081504109,35.554796831656645,191.0,477.4,69.0,0.5479059093516925,100,25.111111111111114,56,99.92999999999999,0.08,2026-09-21T12:00Z,0.13567846,0.1250676,288.82828,0.16367084,0.16367084,7.469,0.0315,nasa_power_ml_plus_cams_spectral,7.8,low,21.4,100.0,poor locally,27.6,48.5,34.9,34.9,False,56,66.2,5.7,0,horizontal environmental reference,W,81.1,"sun low 9° (W) — face W, lift torso ~81° toward the sun if comfortable",100.0,False,,,50.0,14.7,14.7,,not specified,Environmental scores are skin-type independent.,not personalized
2026-09-25T19:00,deterministic,best_match,76.4,58,60.6,78.0,66.1,1009.7,999.8,79199.48,0,12,0,0,10,0,0.0,0.0,0.0,0.0,5.0,216,7.4,0.15,0.15,2531.34,0,0.0,2.5,0.0,15944.882,508.53,19.7,0.0,0.002,1.31,29.0,17.0,12.0,174.3,73.4,0.0,0.0,0.0,0.0,0.0,28,23,11,29,14,0,0,0,0,0,2519.685,4937.664,10314.961,19192.914,31506.646,America/Los_Angeles,34.03202,-118.52633,86.0,52.09648609161377,1.0,0.0,0.3950953678474114,,0.5862068965517241,0.41379310344827586,,,0.70315,0.0,0.0,29.0,0.0,36.2,1.0,17.2,13.5,148.5,440.0,11.6,3.2,85.0,1367.0,0.08,1.0,0.0,0.0,83.0,83.0,29.0,44.0,2026-09-26 02:00:00+00:00,93.65812243664301,-3.6581224366430147,271.02363196737133,0.0,0.0,0.0,29.0,174.3,12.0,0.3950953678474114,12,24.66666666666667,58,99.97999999999999,0.08,2026-09-21T12:00Z,0.13449731,0.12405278,288.3969,0.16367084,0.16367084,0.0,0.0,nasa_power_ml_plus_cams_spectral,0.4,low,0.8,32.2,poor locally,,,,,False,58,66.1,5.0,0,horizontal environmental reference,W,,sun below horizon — no direct-sun posture,100.0,False,,,50.0,0.0,0.0,,not specified,Environmental scores are skin-type independent.,not personalized
2026-09-25T20:00,deterministic,best_match,75.9,60,61.0,77.9,66.1,1010.1,1000.2,79199.48,0,19,0,0,19,0,0.0,0.0,0.0,0.0,4.2,198,4.9,0.0,0.0,0.0,0,0.0,3.1,0.0,16010.499,410.105,19.9,0.0,0.002,1.22,0.0,0.0,0.0,0.0,0.0,0.0,0.0,0.0,0.0,0.0,28,24,10,27,14,0,0,0,0,0,2532.808,4947.507,10324.804,19206.038,31522.522,America/Los_Angeles,34.03202,-118.52633,86.0,52.09648609161377,,,,,,,,,0.0,0.0,0.0,28.0,0.0,0.0,0.6,16.8,13.3,170.0,,19.1,2.6,69.0,,0.08,1.0,0.0,0.0,83.0,83.0,29.0,45.0,2026-09-26 03:00:00+00:00,106.03541139268413,-16.035411392684125,279.6428023928912,0.0,0.0,0.0,0.0,0.0,0.0,,19,24.388888888888893,60,100.02000000000001,0.08,2026-09-21T12:00Z,0.13487457,0.12456228,287.84055,0.16367084,0.16367084,0.0,0.0,nasa_power_ml_plus_cams_spectral,0.0,low,0.0,,poor locally,,,,,False,60,66.1,4.2,0,horizontal environmental reference,W,,sun below horizon — no direct-sun posture,100.0,False,,,50.0,0.0,0.0,,not specified,Environmental scores are skin-type independent.,not personalized
2026-09-25T21:00,deterministic,best_match,75.0,63,61.6,77.3,66.1,1010.7,1000.8,79199.48,0,10,0,0,10,0,0.0,0.0,0.0,0.0,4.1,174,3.8,0.0,0.0,0.0,0,0.0,3.7,0.0,16043.308,410.105,20.1,0.0,0.001,1.1,0.0,0.0,0.0,0.0,0.0,0.0,0.0,0.0,0.0,0.0,29,25,9,24,14,0,0,0,0,0,2545.932,4957.349,10334.646,19215.878,31543.688,America/Los_Angeles,34.03202,-118.52633,86.0,52.09648609161377,,,,,,,,,0.0,0.0,0.0,29.0,0.0,0.0,0.6,17.3,14.0,191.0,,35.2,2.6,48.0,,0.09,1.0,0.0,0.0,83.0,83.0,28.0,44.0,2026-09-26 04:00:00+00:00,118.0753581153212,-28.0753581153212,289.3238588215374,0.0,0.0,0.0,0.0,0.0,0.0,,10,23.88888888888889,63,100.08,0.09,2026-09-21T12:00Z,0.13736509,0.12700373,287.19403,0.16367084,0.16367084,0.0,0.0,nasa_power_ml_plus_cams_spectral,0.0,low,0.0,,poor locally,,,,,False,63,66.1,4.1,0,horizontal environmental reference,WNW,,sun below horizon — no direct-sun posture,100.0,False,,,50.0,0.0,0.0,,not specified,Environmental scores are skin-type independent.,not personalized
2026-09-25T22:00,deterministic,best_match,74.3,65,61.8,76.9,65.9,1011.2,1001.2,79199.48,0,8,0,0,5,0,0.0,0.0,0.0,0.0,3.6,150,4.7,0.0,0.0,0.0,0,0.0,3.7,0.0,16076.115,410.105,19.8,0.0,0.001,1.01,0.0,0.0,0.0,0.0,0.0,0.0,0.0,0.0,0.0,0.0,32,26,9,23,14,0,0,0,0,0,2552.494,4960.63,10334.646,19222.442,31554.274,America/Los_Angeles,34.03202,-118.52633,86.0,52.09648609161377,,,,,,,,,0.0,0.0,0.0,32.0,0.0,0.0,0.6,19.8,16.6,219.0,,55.7,2.9,25.0,,0.09,1.0,0.0,0.0,82.0,82.0,28.0,41.0,2026-09-26 05:00:00+00:00,129.32836371940533,-39.32836371940533,301.297007863481,0.0,0.0,0.0,0.0,0.0,0.0,,8,23.5,65,100.12,0.09,2026-09-21T12:00Z,0.14110935,0.13054755,286.73428,0.16367084,0.16367084,0.0,0.0,nasa_power_ml_plus_cams_spectral,0.0,low,0.0,,poor locally,,,,,False,65,65.9,3.6,0,horizontal environmental reference,WNW,,sun below horizon — no direct-sun posture,100.0,False,,,50.0,0.0,0.0,,not specified,Environmental scores are skin-type independent.,not personalized
2026-09-25T23:00,deterministic,best_match,73.7,67,62.1,76.6,65.9,1011.2,1001.2,79199.48,3,94,0,0,94,0,0.0,0.0,0.0,0.0,3.3,138,3.8,0.0,0.0,0.0,0,0.0,3.8,0.0,16108.924,410.105,19.5,0.0,0.001,0.94,0.0,0.0,0.0,0.0,0.0,0.0,0.0,0.0,0.0,0.0,33,26,8,21,16,0,0,0,0,0,2549.213,4957.349,10328.084,19219.16,31554.274,America/Los_Angeles,34.03202,-118.52633,86.0,52.09648609161377,,,,,,,,,0.0,0.0,0.0,33.0,0.0,0.0,0.6,23.4,20.3,244.0,,70.7,3.2,7.0,,0.1,1.0,0.0,0.0,82.0,82.0,28.0,37.0,2026-09-26 06:00:00+00:00,138.98309412393047,-48.983094123930464,317.3961275952769,0.0,0.0,0.0,0.0,0.0,0.0,,94,23.166666666666668,67,100.12,0.1,2026-09-21T12:00Z,0.14572275,0.13490129,286.4257,0.16367084,0.16367084,0.0,0.0,nasa_power_ml_plus_cams_spectral,0.0,low,0.0,,poor locally,,,,,False,67,65.9,3.3,0,horizontal environmental reference,NW,,sun below horizon — no direct-sun posture,100.0,False,,,50.0,0.0,0.0,,not specified,Environmental scores are skin-type independent.,not personalized
2026-09-26T00:00,deterministic,best_match,73.2,68,62.0,76.1,65.7,1011.2,1001.2,79199.48,3,100,0,0,100,0,0.0,0.0,0.0,0.0,3.0,163,2.7,0.0,0.0,0.0,0,0.0,3.8,0.0,16108.924,442.913,19.0,0.0,0.001,0.89,0.0,0.0,0.0,0.0,0.0,0.0,0.0,0.0,0.0,0.0,33,26,8,20,18,0,0,0,0,0,2542.651,4950.788,10318.241,19215.878,31554.274,America/Los_Angeles,34.03202,-118.52633,86.0,52.09648609161377,,,,,,,,,0.0,0.0,0.0,33.0,0.0,0.0,0.6,26.2,23.1,260.0,,75.0,3.3,0.0,,0.12,1.0,0.0,0.0,82.0,82.0,28.0,32.0,2026-09-26 07:00:00+00:00,145.5548979813971,-55.55489798139709,339.58936828124035,0.0,0.0,0.0,0.0,0.0,0.0,,100,22.888888888888893,68,100.12,0.12,2026-09-21T12:00Z,0.15175536,0.14055893,285.913,0.16367084,0.16367084,0.0,0.0,nasa_power_ml_plus_cams_spectral,0.0,low,0.0,,poor locally,,,,,False,68,65.7,3.0,0,horizontal environmental reference,NNW,,sun below horizon — no direct-sun posture,100.0,False,,,50.0,0.0,0.0,,not specified,Environmental scores are skin-type independent.,not personalized
2026-09-26T01:00,deterministic,best_match,72.7,69,61.9,76.1,65.4,1010.8,1000.8,79199.48,1,33,0,0,30,0,0.0,0.0,0.0,0.0,1.6,196,0.9,0.0,0.0,0.0,0,0.0,4.2,0.0,16141.732,344.488,18.4,0.0,0.0,0.85,0.0,0.0,0.0,0.0,0.0,0.0,0.0,0.0,0.0,0.0,32,26,8,19,20,0,0,0,0,0,2532.808,4940.945,10308.399,19206.038,31548.98,America/Los_Angeles,34.03202,-118.52633,86.0,52.09648609161377,,,,,,,,,0.0,0.0,0.0,32.0,0.0,0.0,0.6,28.8,25.7,272.0,,73.6,3.3,0.0,,0.14,1.0,0.0,0.0,82.0,82.0,28.0,25.0,2026-09-26 08:00:00+00:00,147.0821753539666,-57.0821753539666,6.676922641178237,0.0,0.0,0.0,0.0,0.0,0.0,,33,22.611111111111114,69,100.08,0.14,2026-09-21T12:00Z,0.16210687,0.15023524,285.0223,0.16367084,0.16367084,0.0,0.0,nasa_power_ml_plus_cams_spectral,0.0,low,0.0,,poor locally,,,,,False,69,65.4,1.6,0,horizontal environmental reference,N,,sun below horizon — no direct-sun posture,100.0,False,,,50.0,0.0,0.0,,not specified,Environmental scores are skin-type independent.,not personalized
2026-09-26T02:00,deterministic,best_match,72.5,68,61.3,75.9,65.0,1010.8,1000.8,79199.48,1,49,0,0,46,0,0.0,0.0,0.0,0.0,1.1,217,0.4,0.0,0.0,0.0,0,0.0,4.5,0.0,16141.732,278.871,18.0,0.0,0.0,0.87,0.0,0.0,0.0,0.0,0.0,0.0,0.0,0.0,0.0,0.0,31,26,8,17,20,0,0,0,0,0,2532.808,4937.664,10305.118,19202.756,31554.274,America/Los_Angeles,34.03202,-118.52633,86.0,52.09648609161377,,,,,,,,,0.0,0.0,0.0,31.0,0.0,0.0,0.6,31.9,28.8,288.0,,72.1,3.4,0.0,,0.16,1.0,0.0,0.0,82.0,82.0,28.0,19.0,2026-09-26 09:00:00+00:00,142.92687832866716,-52.92687832866716,31.984706824754653,0.0,0.0,0.0,0.0,0.0,0.0,,49,22.5,68,100.08,0.16,2026-09-21T12:00Z,0.16572927,0.15348467,284.2924,0.16367084,0.16367084,0.0,0.0,nasa_power_ml_plus_cams_spectral,0.0,low,0.0,,poor locally,,,,,False,68,65.0,1.1,0,horizontal environmental reference,NNE,,sun below horizon — no direct-sun posture,100.0,False,,,50.0,0.0,0.0,,not specified,Environmental scores are skin-type independent.,not personalized
2026-09-26T03:00,deterministic,best_match,72.3,68,61.2,75.7,64.8,1010.6,1000.6,79199.48,3,100,0,0,100,0,0.0,0.0,0.0,0.0,1.0,207,0.4,0.0,0.0,0.0,0,0.0,4.8,0.0,16141.732,229.659,17.3,0.0,0.0,0.87,0.0,0.0,0.0,0.0,0.0,0.0,0.0,0.0,0.0,0.0,31,26,7,17,22,0,0,0,0,0,2526.247,4931.103,10298.557,19202.756,31548.98,America/Los_Angeles,34.03202,-118.52633,86.0,52.09648609161377,,,,,,,,,0.0,0.0,0.0,31.0,0.0,0.0,0.6,35.7,32.7,312.0,,72.1,3.6,0.0,,0.16,1.0,0.0,0.0,81.0,81.0,27.0,14.0,2026-09-26 10:00:00+00:00,134.64907184571197,-44.64907184571198,51.101838827155916,0.0,0.0,0.0,0.0,0.0,0.0,,100,22.38888888888889,68,100.06,0.16,2026-09-21T12:00Z,0.16986695,0.15747434,284.03897,0.16367084,0.16367084,0.0,0.0,nasa_power_ml_plus_cams_spectral,0.0,low,0.0,,poor locally,,,,,False,68,64.8,1.0,0,horizontal environmental reference,NE,,sun below horizon — no direct-sun posture,100.0,False,,,50.0,0.0,0.0,,not specified,Environmental scores are skin-type independent.,not personalized
2026-09-26T04:00,deterministic,best_match,71.9,68,60.8,75.2,64.5,1010.6,1000.6,79199.48,3,100,0,0,100,0,0.0,0.0,0.0,0.0,1.1,191,0.7,0.0,0.0,0.0,0,0.0,5.2,0.0,16141.732,213.255,17.0,0.0,0.0,0.86,0.0,0.0,0.0,0.0,0.0,0.0,0.0,0.0,0.0,0.0,30,27,7,17,20,0,0,0,0,0,2526.247,4931.103,10298.557,19202.756,31548.98,America/Los_Angeles,34.03202,-118.52633,86.0,52.09648609161377,,,,,,,,,0.0,0.0,0.0,30.0,0.0,0.0,0.6,39.7,36.7,340.0,,71.9,3.8,0.0,,0.17,1.0,0.0,0.0,81.0,81.0,27.0,9.0,2026-09-26 11:00:00+00:00,124.09957351946424,-34.09957351946424,64.96781621506796,0.0,0.0,0.0,0.0,0.0,0.0,,100,22.16666666666667,68,100.06,0.17,2026-09-21T12:00Z,0.16386843,0.15211634,284.3123,0.16362756,0.16362756,0.0,0.0,nasa_power_ml_plus_cams_spectral,0.0,low,0.0,,poor locally,,,,,False,68,64.5,1.1,0,horizontal environmental reference,ENE,,sun below horizon — no direct-sun posture,100.0,False,,,50.0,0.0,0.0,,not specified,Environmental scores are skin-type independent.,not personalized
2026-09-26T05:00,deterministic,best_match,71.9,67,60.4,75.2,64.3,1010.8,1000.8,79199.48,3,100,0,0,100,0,0.0,0.0,0.0,0.0,0.6,45,0.9,0.0,0.0,0.0,0,0.0,5.7,0.0,16141.732,147.638,16.4,0.0,0.0,0.88,0.0,0.0,0.0,0.0,0.0,0.0,0.0,0.0,0.0,0.0,30,27,7,16,18,0,0,0,0,0,2532.808,4937.664,10301.837,19202.756,31554.274,America/Los_Angeles,34.03202,-118.52633,86.0,52.09648609161377,,,,,,,,,0.0,0.0,0.0,30.0,0.0,0.0,0.6,42.8,40.0,359.0,,71.7,4.0,0.0,,0.18,1.0,0.0,0.0,81.0,81.0,27.0,5.0,2026-09-26 12:00:00+00:00,112.40666150739048,-22.406661507390474,75.67072214533539,0.0,0.0,0.0,0.0,0.0,0.0,,100,22.16666666666667,67,100.08,0.18,2026-09-21T12:00Z,0.15325496,0.14246581,284.32498,0.16286689,0.16286689,0.0,0.0,nasa_power_ml_plus_cams_spectral,0.0,low,0.0,,poor locally,,,,,False,67,64.3,0.6,0,horizontal environmental reference,ENE,,sun below horizon — no direct-sun posture,100.0,False,,,50.0,0.0,0.0,,not specified,Environmental scores are skin-type independent.,not personalized
2026-09-26T06:00,deterministic,best_match,71.8,66,59.8,74.7,63.9,1011.0,1001.0,79199.48,3,100,0,0,100,0,0.0,0.0,0.0,0.0,1.0,333,1.3,0.0,0.0,0.0,0,0.0,6.0,0.0,16141.732,65.617,16.1,0.0,0.0,0.9,0.0,0.0,0.0,0.0,0.0,0.0,0.0,0.0,0.0,0.0,29,27,7,16,14,0,0,0,0,0,2539.37,4940.945,10305.118,19206.038,31564.856,America/Los_Angeles,34.03202,-118.52633,86.0,52.09648609161377,,,,,,,,,0.0,0.0,0.0,29.0,0.0,0.0,0.6,,,,,,,,,,,,,81.0,81.0,27.0,2.0,2026-09-26 13:00:00+00:00,100.17428269436593,-10.174282694365921,84.73620786987556,0.0,0.0,0.0,0.0,0.0,0.0,,100,22.11111111111111,66,100.1,,2026-09-21T12:00Z,0.15325496,0.14246581,284.32498,0.16286689,0.16286689,0.0,0.0,nasa_power_ml_plus_cams_spectral,0.0,low,0.0,0.0,poor locally,,,,,False,66,63.9,1.0,0,horizontal environmental reference,E,,sun below horizon — no direct-sun posture,100.0,False,,,50.0,0.0,0.0,,not specified,Environmental scores are skin-type independent.,not personalized
2026-09-26T07:00,deterministic,best_match,71.9,64,59.1,74.5,63.5,1011.3,1001.3,79199.48,2,65,0,0,62,0,0.0,0.0,0.0,0.0,1.1,307,1.3,0.0,0.0,0.0,1,0.0,6.1,0.0,16174.541,49.213,15.8,0.0,0.0,0.96,1.0,0.0,1.0,0.0,4.8,10.9,0.0,10.9,0.0,53.2,29,27,7,16,10,0,0,0,0,0,2549.213,4950.788,10314.961,19215.878,31575.438,America/Los_Angeles,34.03202,-118.52633,86.0,52.09648609161377,,,0.20833333333333334,0.20488721804511278,0.0,1.0,0.0,1.0,0.0,0.0,0.0,29.0,0.0,4.6,0.85,,,,,,,,,,,,,,,,,2026-09-26 14:00:00+00:00,87.50031977793222,2.4996802220677785,93.19696886991721,3.27751344188925,10.133168488941063,2.8355673415258913,1.0,0.0,1.0,0.20833333333333334,65,22.16666666666667,64,100.13,,2026-09-21T12:00Z,,,,,0.2,0.829,0.0097,nasa_power_ml_plus_cams_spectral,0.4,low,0.8,6.5,poor locally,27.7,65.3,40.9,40.9,False,64,63.5,1.1,0,horizontal environmental reference,E,87.5,"sun low 2° (E) — face E, lift torso ~88° toward the sun if comfortable",100.0,False,,,50.0,1.2,1.2,,not specified,Environmental scores are skin-type independent.,not personalized
2026-09-26T08:00,deterministic,best_match,74.1,58,58.4,76.5,64.0,1011.7,1001.7,79199.48,2,63,0,0,54,0,0.0,0.0,0.0,0.0,0.9,284,1.3,0.5,0.5,3600.0,1,0.0,6.1,0.0,16174.541,213.255,15.6,0.0,0.002,1.21,98.0,61.0,37.0,410.8,198.7,168.3,104.7,63.5,705.4,341.9,30,27,7,17,16,0,0,0,0,0,2559.055,4960.63,10324.804,19225.722,31591.312,America/Los_Angeles,34.03202,-118.52633,86.0,52.09648609161377,1.0,0.0,0.4932058379466533,0.492249195671249,0.6224489795918368,0.37755102040816324,0.6221033868092691,0.37730243612596553,1.0,0.0,0.10000000000002274,30.0,0.0,59.8,1.0,,,,,,,,,,,,,,,,,2026-09-26 15:00:00+00:00,75.39596283188118,14.604037168118824,101.8835183070679,158.8100717759488,382.4411418070637,62.38230147163634,98.0,410.8,37.0,0.4932058379466533,63,23.388888888888886,58,100.17,,2026-09-21T12:00Z,,,,,0.2,5.574,0.0443,nasa_power_ml_plus_cams_spectral,4.9,low,18.0,44.1,poor locally,36.4,40.8,37.9,37.9,False,58,64.0,0.9,0,horizontal environmental reference,ESE,75.4,"sun low 15° (ESE) — face ESE, lift torso ~75° toward the sun if comfortable",100.0,False,,,50.0,10.1,10.1,,not specified,Environmental scores are skin-type independent.,not personalized
2026-09-26T09:00,deterministic,best_match,77.2,50,57.1,78.9,64.5,1012.0,1002.1,79199.48,2,60,0,0,57,0,0.0,0.0,0.0,0.0,1.2,202,0.9,1.8,1.8,3600.0,1,0.0,6.0,0.0,16108.924,590.551,15.5,0.0,0.007,1.59,306.0,236.0,70.0,672.7,476.7,388.8,299.9,88.9,854.7,606.0,29,26,7,17,40,0,0,0,0,0,2568.898,4970.473,10334.646,19232.284,31612.478,America/Los_Angeles,34.03202,-118.52633,86.0,52.09648609161377,1.0,0.0,0.6419131529263687,0.6415841584158416,0.7712418300653595,0.22875816993464052,0.7713477366255144,0.2286522633744856,1.0,0.0,5.684341886080802e-14,40.0,0.0,74.1,1.0,,,,,,,,,,,,,,,,,2026-09-26 16:00:00+00:00,63.537365802934204,26.462634197065796,111.67405823295996,368.009432988376,607.4354515009207,97.32764238346908,306.0,672.7,70.0,0.6419131529263687,60,25.111111111111114,50,100.21000000000001,,2026-09-21T12:00Z,,,,,0.2,17.555,0.2607,nasa_power_ml_plus_cams_spectral,16.2,low,36.5,48.1,below typical locally,47.3,40.2,44.8,44.8,False,50,64.5,1.2,0,horizontal environmental reference,ESE,63.5,"sun low 26° (ESE) — face ESE, lift torso ~64° toward the sun if comfortable",100.0,False,,,50.0,23.8,23.8,,not specified,Environmental scores are skin-type independent.,not personalized
2026-09-26T10:00,deterministic,best_match,79.5,44,55.7,80.2,64.8,1012.2,1002.3,79199.48,3,100,0,0,100,0,0.0,0.0,0.0,0.0,2.7,175,1.8,3.3,3.45,3600.0,1,0.0,5.8,0.0,16174.541,918.635,15.2,0.0,0.013,1.93,480.0,334.0,146.0,630.0,720.9,550.8,383.3,167.5,723.0,827.5,29,26,6,17,56,0,0,0,0,0,2575.459,4977.034,10344.488,19245.406,31633.646,America/Los_Angeles,34.03202,-118.52633,86.0,52.09648609161377,0.9565217391304347,0.0434782608695653,0.6658343736995422,0.665619335347432,0.6958333333333333,0.30416666666666664,0.6958968772694264,0.3041031227305737,1.0,0.0,0.0,56.0,0.0,77.6,1.0,,,,,,,,,,,,,,,,,2026-09-26 17:00:00+00:00,52.54742660425655,37.45257339574345,123.73349821508458,552.8330471917686,715.7165052166897,117.602603907814,480.0,630.0,146.0,0.6658343736995422,100,26.38888888888889,44,100.22999999999999,,2026-09-21T12:00Z,,,,,0.2,28.841,0.6298,nasa_power_ml_plus_cams_spectral,27.7,low-moderate,52.6,40.0,typical-to-good locally,57.5,36.8,50.3,50.3,False,44,64.8,2.7,0,horizontal environmental reference,ESE,52.5,"sun 37° up (ESE) — lay flat, or lift torso ~52° toward ESE to face it",100.0,False,,,50.0,34.6,34.6,,not specified,Environmental scores are skin-type independent.,not personalized
2026-09-26T11:00,deterministic,best_match,80.9,40,54.4,80.5,64.7,1012.2,1002.4,79199.48,3,100,0,0,100,0,0.0,0.0,0.0,0.0,4.8,191,2.9,4.45,5.05,3600.0,1,0.0,5.5,0.0,16207.35,1312.336,15.1,0.0,0.017,2.16,571.0,326.0,245.0,484.9,914.7,618.7,353.3,265.5,525.4,991.3,30,25,6,19,56,0,0,0,0,0,2582.021,4983.596,10351.05,19251.968,31644.23,America/Los_Angeles,34.03202,-118.52633,86.0,52.09648609161377,0.8811881188118813,0.1188118811881187,0.6242483874494369,0.6241299303944317,0.5709281961471103,0.4290718038528897,0.5710360433166316,0.42912558590593175,1.0,0.0,-0.09999999999990905,56.0,0.0,75.5,1.0,,,,,,,,,,,,,,,,,2026-09-26 18:00:00+00:00,43.256337829602295,46.743662170397705,139.67549031095734,691.6471657731964,771.1214332105155,130.0431479926433,571.0,484.9,245.0,0.6242483874494369,100,27.16666666666667,40,100.24,,2026-09-21T12:00Z,,,,,0.2,35.384,0.9586,nasa_power_ml_plus_cams_spectral,35.4,moderate,62.4,16.0,typical-to-good locally,74.1,35.0,60.4,60.4,False,40,64.7,4.8,0,horizontal environmental reference,SE,43.3,"sun 47° up (SE) — lay flat, or lift torso ~43° toward SE to face it",100.0,False,,,50.0,38.6,38.6,,not specified,Environmental scores are skin-type independent.,not personalized
2026-09-26T12:00,deterministic,best_match,82.0,38,53.9,82.3,64.9,1012.0,1002.2,79199.48,3,100,0,0,100,0,0.0,0.0,0.0,0.0,5.8,203,3.6,5.6,6.2,3600.0,1,0.0,5.6,0.0,16240.157,1574.803,14.9,0.0,0.021,2.32,699.0,422.0,277.0,549.7,1044.8,726.6,438.7,288.0,571.4,1086.2,29,24,6,17,66,0,0,0,0,0,2575.459,4977.034,10344.488,19248.688,31649.524,America/Los_Angeles,34.03202,-118.52633,86.0,52.09648609161377,0.9032258064516128,0.09677419354838723,0.6690275650842267,0.668937580556067,0.6037195994277539,0.39628040057224606,0.6037709881640517,0.3963666391412056,1.0,0.0,-0.10000000000002274,66.0,0.0,83.9,1.0,,,,,,,,,,,,,,,,,2026-09-26 19:00:00+00:00,37.06758270687204,52.93241729312796,160.97756648394216,772.5442145710529,796.9678808206484,136.62354710640636,699.0,549.7,277.0,0.6690275650842267,100,27.77777777777778,38,100.22,,2026-09-21T12:00Z,,,,,0.2,43.074,1.2162,nasa_power_ml_plus_cams_spectral,43.7,moderate,76.4,21.6,good locally,90.6,31.3,69.8,69.8,False,38,64.9,5.8,0,horizontal environmental reference,SSE,37.1,"sun 53° up (SSE) — lay flat, or lift torso ~37° toward SSE to face it",100.0,False,,,50.0,47.5,47.5,,not specified,Environmental scores are skin-type independent.,not personalized
2026-09-26T13:00,deterministic,best_match,82.4,37,53.5,82.7,64.9,1011.6,1001.8,79199.48,3,100,0,0,100,0,0.0,0.0,0.0,0.0,7.0,211,4.3,6.15,6.75,3600.0,1,0.0,5.8,0.0,16272.966,1689.633,14.7,0.0,0.023,2.38,767.0,504.0,263.0,622.4,1102.3,769.3,505.5,263.8,624.3,1105.8,28,23,6,16,74,0,0,0,0,2,2565.617,4973.754,10341.207,19245.406,31654.812,America/Los_Angeles,34.03202,-118.52633,86.0,52.09648609161377,0.9111111111111112,0.0888888888888888,0.6958178354349995,0.6956954241273287,0.6571056062581486,0.3428943937418514,0.657090861822436,0.3429091381775641,1.0,0.0,0.0,74.0,2.0,88.3,1.0,,,,,,,,,,,,,,,,,2026-09-26 20:00:00+00:00,35.68676900378176,54.31323099621824,186.29017369438807,789.1832824687131,801.8210524742954,137.9295830624162,767.0,622.4,263.0,0.6958178354349995,100,28.000000000000004,37,100.17999999999999,,2026-09-21T12:00Z,,,,,0.2,46.686,1.32,nasa_power_ml_plus_cams_spectral,47.6,moderate,83.3,33.8,good locally,91.7,36.3,72.3,72.3,False,37,64.9,7.0,0,horizontal environmental reference,S,35.7,"sun 54° up (S) — lay flat, or lift torso ~36° toward S to face it",100.0,False,,,50.0,53.3,53.3,,not specified,Environmental scores are skin-type independent.,not personalized
2026-09-26T14:00,deterministic,best_match,82.2,36,52.6,83.1,64.4,1011.2,1001.4,79199.48,0,9,0,0,5,0,0.0,0.0,0.0,0.0,6.7,217,5.1,6.55,6.6,3600.0,1,0.0,6.0,0.0,16305.774,1574.803,13.9,0.0,0.024,2.4,834.0,752.0,82.0,945.2,1083.3,807.1,727.7,79.4,914.7,1048.5,27,22,6,14,78,0,0,0,0,2,2559.055,4967.192,10334.646,19242.126,31660.106,America/Los_Angeles,34.03202,-118.52633,86.0,52.09648609161377,0.9924242424242424,0.007575757575757569,0.7698698421489892,0.7697663328564617,0.9016786570743405,0.09832134292565947,0.9016230950315947,0.09837690496840541,1.0,0.0,0.0,78.0,2.0,98.7,1.0,,,,,,,,,,,,,,,,,2026-09-26 21:00:00+00:00,39.629303877921025,50.370696122078975,210.10580063992967,740.2841755079892,787.1290530775492,134.04750756132216,834.0,945.2,82.0,0.7698698421489892,9,27.888888888888893,36,100.14,,2026-09-21T12:00Z,,,,,0.2,48.331,1.2779,nasa_power_ml_plus_cams_spectral,49.9,moderate,87.0,69.7,good locally,89.9,30.3,69.0,69.0,False,36,64.4,6.7,0,horizontal environmental reference,SSW,39.6,"sun 50° up (SSW) — lay flat, or lift torso ~40° toward SSW to face it",100.0,False,,,50.0,58.9,58.9,,not specified,Environmental scores are skin-type independent.,not personalized
2026-09-26T15:00,deterministic,best_match,82.0,35,51.7,81.5,63.9,1010.8,1001.0,79199.48,1,42,0,0,36,0,0.0,0.0,0.0,0.0,7.2,219,6.9,5.7,5.7,3600.0,1,0.0,6.0,0.0,16305.774,1459.974,13.2,0.0,0.022,2.43,751.0,667.0,84.0,918.4,989.1,697.2,619.2,78.0,852.7,918.4,25,21,6,11,76,0,0,0,0,2,2552.494,4960.63,10331.365,19238.846,31665.398,America/Los_Angeles,34.03202,-118.52633,86.0,52.09648609161377,1.0,0.0,0.7592761095945809,0.7591463414634148,0.8881491344873502,0.1118508655126498,0.8881239242685026,0.11187607573149741,1.0,0.0,0.0,76.0,2.0,97.0,1.0,,,,,,,,,,,,,,,,,2026-09-26 22:00:00+00:00,47.569362807253306,42.430637192746694,228.65529416832248,629.5930335979396,748.3402050591534,124.69002408641649,751.0,918.4,84.0,0.7592761095945809,42,27.77777777777778,35,100.1,,2026-09-21T12:00Z,,,,,0.2,42.532,1.0061,nasa_power_ml_plus_cams_spectral,43.7,moderate,76.4,77.2,good locally,60.6,26.5,48.7,48.7,False,35,63.9,7.2,0,horizontal environmental reference,SW,47.6,"sun 42° up (SW) — lay flat, or lift torso ~48° toward SW to face it",100.0,False,,,50.0,51.1,51.1,,not specified,Environmental scores are skin-type independent.,not personalized
2026-09-26T16:00,deterministic,best_match,80.8,38,52.8,78.9,63.9,1010.4,1000.6,79199.48,1,33,0,0,31,0,0.0,0.0,0.0,0.0,7.9,220,8.9,4.3,4.3,3600.0,1,0.0,5.8,0.0,16305.774,1181.102,12.8,0.0,0.018,2.22,613.0,542.0,71.0,893.9,826.1,537.4,475.1,62.2,783.6,724.4,23,19,6,9,70,0,0,0,0,0,2542.651,4954.069,10328.084,19238.846,31665.398,America/Los_Angeles,34.03202,-118.52633,86.0,52.09648609161377,1.0,0.0,0.7420409151434451,0.7418553285477637,0.8841761827079935,0.11582381729200653,0.8840714551544474,0.11574246371417939,1.0,0.0,0.09999999999990905,70.0,0.0,88.0,1.0,,,,,,,,,,,,,,,,,2026-09-26 23:00:00+00:00,57.8403050257769,32.1596949742231,242.4440350463588,466.04417826755844,671.2030250460081,108.77563800303614,613.0,893.9,71.0,0.7420409151434451,33,27.11111111111111,38,100.06,,2026-09-21T12:00Z,,,,,0.2,32.501,0.6188,nasa_power_ml_plus_cams_spectral,33.2,low-moderate,59.0,93.2,typical-to-good locally,47.0,30.2,41.1,41.1,False,38,63.9,7.9,0,horizontal environmental reference,WSW,57.8,"sun 32° up (WSW) — lay flat, or lift torso ~58° toward WSW to face it",100.0,False,,,50.0,41.4,41.4,,not specified,Environmental scores are skin-type independent.,not personalized
2026-09-26T17:00,deterministic,best_match,79.5,43,55.1,77.7,64.5,1010.2,1000.3,79199.48,0,6,0,0,5,0,0.0,0.0,0.0,0.0,7.9,220,9.8,2.65,2.65,3600.0,1,0.0,5.8,0.0,16305.774,935.039,12.7,0.0,0.013,1.96,426.0,365.0,61.0,822.0,605.4,337.2,289.0,48.3,650.7,479.5,21,18,6,6,64,0,0,0,0,0,2536.089,4947.507,10324.804,19235.564,31670.688,America/Los_Angeles,34.03202,-118.52633,86.0,52.09648609161377,1.0,0.0,0.7036669970267592,0.7032325338894682,0.8568075117370892,0.1431924882629108,0.8570581257413998,0.14323843416370105,1.0,0.0,-0.10000000000002274,64.0,0.0,75.7,1.0,,,,,,,,,,,,,,,,,2026-09-27 00:00:00+00:00,69.34482593662467,20.65517406337533,253.19625744162795,265.35626847984156,517.7350027917231,82.72893173613068,426.0,822.0,61.0,0.7036669970267592,6,26.38888888888889,43,100.03,,2026-09-21T12:00Z,,,,,0.2,21.002,0.2286,nasa_power_ml_plus_cams_spectral,21.0,low-moderate,42.0,99.8,below typical locally,28.9,34.1,30.7,30.7,False,43,64.5,7.9,0,horizontal environmental reference,WSW,69.3,"sun low 21° (WSW) — face WSW, lift torso ~69° toward the sun if comfortable",100.0,False,,,50.0,28.8,28.8,,not specified,Environmental scores are skin-type independent.,not personalized
2026-09-26T18:00,deterministic,best_match,78.5,45,55.4,77.5,64.2,1010.4,1000.5,79199.48,1,33,0,0,32,0,0.0,0.0,0.0,0.0,6.5,218,8.9,1.15,1.15,3600.0,1,0.0,5.9,0.0,16305.774,738.189,12.4,0.0,0.007,1.83,192.0,124.0,68.0,495.1,341.9,112.4,72.6,39.8,289.7,200.5,20,18,6,4,60,0,0,0,0,0,2545.932,4954.069,10331.365,19245.406,31681.27,America/Los_Angeles,34.03202,-118.52633,86.0,52.09648609161377,1.0,0.0,0.5615677098566833,0.5605985037406485,0.6458333333333334,0.3541666666666667,0.6459074733096084,0.35409252669039143,1.0,0.0,1.4210854715202004e-14,60.0,0.0,54.8,1.0,,,,,,,,,,,,,,,,,2026-09-27 01:00:00+00:00,81.43581388705297,8.564186112947027,262.30056858535045,62.30383139144042,190.0925278831507,33.99577069706325,192.0,495.1,68.0,0.5615677098566833,33,25.833333333333336,45,100.05,,2026-09-21T12:00Z,,,,,0.2,7.479,0.0492,nasa_power_ml_plus_cams_spectral,8.2,low,22.3,100.0,poor locally,29.0,46.5,35.1,35.1,False,45,64.2,6.5,0,horizontal environmental reference,W,81.4,"sun low 9° (W) — face W, lift torso ~81° toward the sun if comfortable",100.0,False,,,50.0,15.2,15.2,,not specified,Environmental scores are skin-type independent.,not personalized
2026-09-26T19:00,deterministic,best_match,77.4,47,55.6,77.4,63.9,1010.9,1001.0,79199.48,2,70,0,0,70,0,0.0,0.0,0.0,0.0,4.3,215,6.9,0.15,0.15,2446.65,0,0.0,6.2,0.0,16305.774,541.339,12.1,0.0,0.003,1.7,24.0,14.0,10.0,147.4,68.6,0.0,0.0,0.0,0.0,0.0,21,18,6,3,56,0,0,0,0,0,2552.494,4963.911,10337.927,19255.25,31686.562,America/Los_Angeles,34.03202,-118.52633,86.0,52.09648609161377,1.0,0.0,0.34985422740524785,,0.5833333333333334,0.4166666666666667,,,0.679625,0.0,0.0,56.0,0.0,35.1,1.0,,,,,,,,,,,,,,,,,2026-09-27 02:00:00+00:00,93.94707483806306,-3.947074838063061,270.7485683336492,0.0,0.0,0.0,24.0,147.4,10.0,0.34985422740524785,70,25.222222222222225,47,100.1,,2026-09-21T12:00Z,,,,,0.2,0.0,0.0,nasa_power_ml_plus_cams_spectral,0.4,low,0.8,35.5,poor locally,,,,,False,47,63.9,4.3,0,horizontal environmental reference,W,,sun below horizon — no direct-sun posture,100.0,False,,,50.0,0.0,0.0,,not specified,Environmental scores are skin-type independent.,not personalized
2026-09-26T20:00,deterministic,best_match,76.4,49,55.9,77.1,63.6,1011.3,1001.4,79199.48,3,97,0,0,97,0,0.0,0.0,0.0,0.0,2.9,203,5.4,0.0,0.0,0.0,0,0.0,6.4,0.0,16305.774,410.105,12.0,0.0,0.001,1.59,0.0,0.0,0.0,0.0,0.0,0.0,0.0,0.0,0.0,0.0,21,19,6,3,50,0,0,0,0,0,2562.336,4970.473,10344.488,19265.092,31697.146,America/Los_Angeles,34.03202,-118.52633,86.0,52.09648609161377,,,,,,,,,0.0,0.0,0.0,50.0,0.0,0.0,0.6,,,,,,,,,,,,,,,,,2026-09-27 03:00:00+00:00,106.3297213027053,-16.329721302705295,279.3630361107039,0.0,0.0,0.0,0.0,0.0,0.0,,97,24.66666666666667,49,100.14,,2026-09-21T12:00Z,,,,,0.2,0.0,0.0,nasa_power_ml_plus_cams_spectral,0.0,low,0.0,,poor locally,,,,,False,49,63.6,2.9,0,horizontal environmental reference,W,,sun below horizon — no direct-sun posture,100.0,False,,,50.0,0.0,0.0,,not specified,Environmental scores are skin-type independent.,not personalized
2026-09-26T21:00,deterministic,best_match,75.5,52,56.7,76.5,63.7,1011.6,1001.7,79199.48,3,100,0,0,100,0,0.0,0.0,0.0,0.0,2.9,189,4.5,0.0,0.0,0.0,0,0.0,6.6,0.0,16305.774,360.892,12.1,0.0,0.001,1.45,0.0,0.0,0.0,0.0,0.0,0.0,0.0,0.0,0.0,0.0,22,19,6,3,42,0,0,0,0,0,2565.617,4973.754,10347.77,19265.092,31697.146,America/Los_Angeles,34.03202,-118.52633,86.0,52.09648609161377,,,,,,,,,0.0,0.0,0.0,42.0,0.0,0.0,0.6,,,,,,,,,,,,,,,,,2026-09-27 04:00:00+00:00,118.38466664770768,-28.38466664770767,289.0386957498231,0.0,0.0,0.0,0.0,0.0,0.0,,100,24.166666666666668,52,100.17,,2026-09-21T12:00Z,,,,,0.2,0.0,0.0,nasa_power_ml_plus_cams_spectral,0.0,low,0.0,,poor locally,,,,,False,52,63.7,2.9,0,horizontal environmental reference,WNW,,sun below horizon — no direct-sun posture,100.0,False,,,50.0,0.0,0.0,,not specified,Environmental scores are skin-type independent.,not personalized
2026-09-26T22:00,deterministic,best_match,74.7,54,57.0,75.5,63.5,1011.9,1001.9,79199.48,3,100,0,0,100,0,0.0,0.0,0.0,0.0,3.6,184,4.0,0.0,0.0,0.0,0,0.0,6.8,0.0,16272.966,360.892,12.3,0.0,0.001,1.35,0.0,0.0,0.0,0.0,0.0,0.0,0.0,0.0,0.0,0.0,23,20,6,4,32,0,0,0,0,0,2572.179,4973.754,10347.77,19265.092,31697.146,America/Los_Angeles,34.03202,-118.52633,86.0,52.09648609161377,,,,,,,,,0.0,0.0,0.0,32.0,0.0,0.0,0.6,,,,,,,,,,,,,,,,,2026-09-27 05:00:00+00:00,129.66351130730203,-39.663511307302045,301.0176853806324,0.0,0.0,0.0,0.0,0.0,0.0,,100,23.722222222222225,54,100.19,,2026-09-21T12:00Z,,,,,0.2,0.0,0.0,nasa_power_ml_plus_cams_spectral,0.0,low,0.0,,poor locally,,,,,False,54,63.5,3.6,0,horizontal environmental reference,WNW,,sun below horizon — no direct-sun posture,100.0,False,,,50.0,0.0,0.0,,not specified,Environmental scores are skin-type independent.,not personalized
2026-09-26T23:00,deterministic,best_match,73.9,57,57.7,74.8,63.6,1012.0,1002.0,79199.48,3,100,0,0,100,0,0.0,0.0,0.0,0.0,4.0,180,3.6,0.0,0.0,0.0,0,0.0,6.9,0.0,16272.966,360.892,12.4,0.0,0.001,1.23,0.0,0.0,0.0,0.0,0.0,0.0,0.0,0.0,0.0,0.0,24,20,6,6,26,0,0,0,0,0,2575.459,4977.034,10351.05,19265.092,31697.146,America/Los_Angeles,34.03202,-118.52633,86.0,52.09648609161377,,,,,,,,,0.0,0.0,0.0,26.0,0.0,0.0,0.6,,,,,,,,,,,,,,,,,2026-09-27 06:00:00+00:00,139.35309563391954,-49.353095633919544,317.16994703322575,0.0,0.0,0.0,0.0,0.0,0.0,,100,23.277777777777782,57,100.2,,2026-09-21T12:00Z,,,,,0.2,0.0,0.0,nasa_power_ml_plus_cams_spectral,0.0,low,0.0,,poor locally,,,,,False,57,63.6,4.0,0,horizontal environmental reference,NW,,sun below horizon — no direct-sun posture,100.0,False,,,50.0,0.0,0.0,,not specified,Environmental scores are skin-type independent.,not personalized
2026-09-27T00:00,deterministic,best_match,73.1,60,58.4,74.4,63.6,1011.9,1001.9,79199.48,3,92,0,0,92,0,0.0,0.0,0.0,0.0,3.6,180,3.4,0.0,0.0,0.0,0,0.0,6.8,0.0,16272.966,344.488,12.4,0.0,0.001,1.11,0.0,0.0,0.0,0.0,0.0,0.0,0.0,0.0,0.0,0.0,24,20,6,7,24,0,0,0,0,0,2565.617,4967.192,10341.207,19255.25,31681.27,America/Los_Angeles,34.03202,-118.52633,86.0,52.09648609161377,,,,,,,,,0.0,0.0,0.0,24.0,0.0,0.0,0.6,,,,,,,,,,,,,,,,,2026-09-27 07:00:00+00:00,145.9521705195857,-55.95217051958571,339.53505246226814,0.0,0.0,0.0,0.0,0.0,0.0,,92,22.833333333333332,60,100.19,,2026-09-21T12:00Z,,,,,0.2,0.0,0.0,nasa_power_ml_plus_cams_spectral,0.0,low,0.0,,poor locally,,,,,False,60,63.6,3.6,0,horizontal environmental reference,NNW,,sun below horizon — no direct-sun posture,100.0,False,,,50.0,0.0,0.0,,not specified,Environmental scores are skin-type independent.,not personalized
2026-09-27T01:00,deterministic,best_match,72.4,62,58.6,74.1,63.5,1011.6,1001.6,79199.48,3,80,0,0,80,0,0.0,0.0,0.0,0.0,2.7,180,3.1,0.0,0.0,0.0,0,0.0,6.6,0.0,16305.774,328.084,12.3,0.0,0.001,1.03,0.0,0.0,0.0,0.0,0.0,0.0,0.0,0.0,0.0,0.0,25,20,6,7,24,0,0,0,0,0,2559.055,4957.349,10331.365,19245.406,31660.106,America/Los_Angeles,34.03202,-118.52633,86.0,52.09648609161377,,,,,,,,,0.0,0.0,0.0,25.0,0.0,0.0,0.6,,,,,,,,,,,,,,,,,2026-09-27 08:00:00+00:00,147.46100964214395,-57.461009642143964,6.905211993388207,0.0,0.0,0.0,0.0,0.0,0.0,,80,22.44444444444445,62,100.16,,2026-09-21T12:00Z,,,,,0.2,0.0,0.0,nasa_power_ml_plus_cams_spectral,0.0,low,0.0,,poor locally,,,,,False,62,63.5,2.7,0,horizontal environmental reference,N,,sun below horizon — no direct-sun posture,100.0,False,,,50.0,0.0,0.0,,not specified,Environmental scores are skin-type independent.,not personalized
2026-09-27T02:00,deterministic,best_match,71.8,64,58.9,74.0,63.4,1011.4,1001.4,79199.48,2,65,0,0,65,0,0.0,0.0,0.0,0.0,1.8,187,2.7,0.0,0.0,0.0,0,0.0,6.4,0.0,16305.774,295.276,12.3,0.0,0.0,0.96,0.0,0.0,0.0,0.0,0.0,0.0,0.0,0.0,0.0,0.0,25,20,6,9,26,0,0,0,0,0,2549.213,4947.507,10321.522,19235.564,31644.23,America/Los_Angeles,34.03202,-118.52633,86.0,52.09648609161377,,,,,,,,,0.0,0.0,0.0,26.0,0.0,0.0,0.6,,,,,,,,,,,,,,,,,2026-09-27 09:00:00+00:00,143.23815297657916,-53.23815297657915,32.39873648818468,0.0,0.0,0.0,0.0,0.0,0.0,,65,22.11111111111111,64,100.14,,2026-09-21T12:00Z,,,,,0.2,0.0,0.0,nasa_power_ml_plus_cams_spectral,0.0,low,0.0,,poor locally,,,,,False,64,63.4,1.8,0,horizontal environmental reference,NNE,,sun below horizon — no direct-sun posture,100.0,False,,,50.0,0.0,0.0,,not specified,Environmental scores are skin-type independent.,not personalized
2026-09-27T03:00,deterministic,best_match,71.2,65,58.9,73.6,63.1,1011.4,1001.4,79199.48,1,43,0,0,43,0,0.0,0.0,0.0,0.0,1.3,211,2.0,0.0,0.0,0.0,0,0.0,6.3,0.0,16272.966,246.063,12.5,0.0,0.0,0.91,0.0,0.0,0.0,0.0,0.0,0.0,0.0,0.0,0.0,0.0,26,20,6,9,32,0,0,0,0,0,2545.932,4944.226,10314.961,19225.722,31623.064,America/Los_Angeles,34.03202,-118.52633,86.0,52.09648609161377,,,,,,,,,0.0,0.0,0.0,32.0,0.0,0.0,0.6,,,,,,,,,,,,,,,,,2026-09-27 10:00:00+00:00,134.89028877615644,-44.89028877615644,51.54847669046467,0.0,0.0,0.0,0.0,0.0,0.0,,43,21.77777777777778,65,100.14,,2026-09-21T12:00Z,,,,,0.2,0.0,0.0,nasa_power_ml_plus_cams_spectral,0.0,low,0.0,,poor locally,,,,,False,65,63.1,1.3,0,horizontal environmental reference,NE,,sun below horizon — no direct-sun posture,100.0,False,,,50.0,0.0,0.0,,not specified,Environmental scores are skin-type independent.,not personalized
2026-09-27T04:00,deterministic,best_match,70.8,66,58.9,73.1,62.9,1011.4,1001.4,79199.48,0,18,0,0,18,0,0.0,0.0,0.0,0.0,1.5,243,1.1,0.0,0.0,0.0,0,0.0,6.2,0.0,16240.157,196.85,12.8,0.0,0.0,0.87,0.0,0.0,0.0,0.0,0.0,0.0,0.0,0.0,0.0,0.0,26,20,7,9,40,0,0,0,0,0,2545.932,4937.664,10308.399,19219.16,31607.19,America/Los_Angeles,34.03202,-118.52633,86.0,52.09648609161377,,,,,,,,,0.0,0.0,0.0,40.0,0.0,0.0,0.6,,,,,,,,,,,,,,,,,2026-09-27 11:00:00+00:00,124.29148773452509,-34.29148773452509,65.38991357821743,0.0,0.0,0.0,0.0,0.0,0.0,,18,21.555555555555554,66,100.14,,2026-09-21T12:00Z,,,,,0.2,0.0,0.0,nasa_power_ml_plus_cams_spectral,0.0,low,0.0,,poor locally,,,,,False,66,62.9,1.5,0,horizontal environmental reference,ENE,,sun below horizon — no direct-sun posture,100.0,False,,,50.0,0.0,0.0,,not specified,Environmental scores are skin-type independent.,not personalized
2026-09-27T05:00,deterministic,best_match,70.7,65,58.3,72.7,62.6,1011.5,1001.5,79199.48,0,0,0,0,0,0,0.0,0.0,0.0,0.0,1.8,256,0.7,0.0,0.0,0.0,0,0.0,6.1,0.0,16207.35,180.446,12.9,0.0,0.0,0.9,0.0,0.0,0.0,0.0,0.0,0.0,0.0,0.0,0.0,0.0,27,20,7,9,46,0,0,0,0,0,2542.651,4934.384,10301.837,19209.318,31586.02,America/Los_Angeles,34.03202,-118.52633,86.0,52.09648609161377,,,,,,,,,0.0,0.0,0.0,46.0,0.0,0.0,0.6,,,,,,,,,,,,,,,,,2026-09-27 12:00:00+00:00,112.56932083960578,-22.569320839605776,76.06431845178952,0.0,0.0,0.0,0.0,0.0,0.0,,0,21.500000000000004,65,100.15,,2026-09-21T12:00Z,,,,,0.2,0.0,0.0,nasa_power_ml_plus_cams_spectral,0.0,low,0.0,,poor locally,,,,,False,65,62.6,1.8,0,horizontal environmental reference,ENE,,sun below horizon — no direct-sun posture,100.0,False,,,50.0,0.0,0.0,,not specified,Environmental scores are skin-type independent.,not personalized
2026-09-27T06:00,deterministic,best_match,70.9,63,57.6,72.6,62.3,1011.7,1001.7,79199.48,0,0,0,0,0,1,0.0,0.0,0.0,0.0,1.8,263,0.7,0.0,0.0,0.0,0,0.0,6.2,0.0,16141.732,147.638,12.7,0.0,0.0,0.95,0.0,0.0,0.0,0.0,0.0,0.0,0.0,0.0,0.0,0.0,27,19,7,10,44,0,0,0,0,0,2549.213,4937.664,10308.399,19212.598,31575.438,America/Los_Angeles,34.03202,-118.52633,86.0,52.09648609161377,,,,,,,,,0.0,0.0,0.0,44.0,0.0,0.0,0.6,,,,,,,,,,,,,,,,,2026-09-27 13:00:00+00:00,100.3231487109843,-10.323148710984302,85.11171533444423,0.0,0.0,0.0,0.0,0.0,0.0,,0,21.611111111111114,63,100.17,,2026-09-21T12:00Z,,,,,0.2,0.0,0.0,nasa_power_ml_plus_cams_spectral,0.0,low,0.0,0.0,poor locally,,,,,False,63,62.3,1.8,1,horizontal environmental reference,E,,sun below horizon — no direct-sun posture,99.8,False,,,50.0,0.0,0.0,,not specified,Environmental scores are skin-type independent.,not personalized
2026-09-27T07:00,deterministic,best_match,71.3,60,56.7,72.8,62.0,1011.9,1001.9,79199.48,0,0,0,0,0,1,0.0,0.0,0.0,0.0,1.6,262,1.1,0.0,0.0,0.0,1,0.0,6.3,0.0,16076.115,147.638,12.2,0.0,0.001,1.05,0.0,0.0,0.0,0.0,4.2,0.0,0.0,0.0,0.0,49.7,27,19,7,10,42,0,0,0,0,0,2555.775,4944.226,10311.68,19212.598,31570.148,America/Los_Angeles,34.03202,-118.52633,86.0,52.09648609161377,,,0.0,0.0,,,,,0.0,0.0,0.0,42.0,0.0,0.0,0.75,,,,,,,,,,,,,,,,,2026-09-27 14:00:00+00:00,87.6390881539349,2.3609118460650933,93.5672040839097,2.8079479778889174,8.574643174944686,2.4547239085208976,0.0,0.0,0.0,0.0,0,21.833333333333332,60,100.19,,2026-09-21T12:00Z,,,,,0.2,0.272,0.0,nasa_power_ml_plus_cams_spectral,0.1,low,0.0,0.0,poor locally,27.6,72.3,43.2,43.2,False,60,62.0,1.6,1,horizontal environmental reference,E,87.6,"sun low 2° (E) — face E, lift torso ~88° toward the sun if comfortable",99.8,False,,,50.0,0.5,0.5,,not specified,Environmental scores are skin-type independent.,not personalized
2026-09-27T08:00,deterministic,best_match,72.3,56,55.7,73.5,61.9,1012.1,1002.1,79199.48,0,0,0,0,0,1,0.0,0.0,0.0,0.0,1.5,243,1.6,0.6,0.6,3600.0,1,0.0,6.3,0.0,16010.499,295.276,12.0,0.0,0.002,1.19,105.0,75.0,30.0,509.8,195.2,181.6,129.7,51.9,881.7,338.4,28,18,7,11,42,0,0,0,0,0,2562.336,4947.507,10318.241,19215.878,31559.562,America/Los_Angeles,34.03202,-118.52633,86.0,52.09648609161377,1.0,0.0,0.5379098360655739,0.5366430260047281,0.7142857142857143,0.2857142857142857,0.7142070484581498,0.28579295154185025,1.0,0.0,0.0,42.0,0.0,65.3,1.0,,,,,,,,,,,,,,,,,2026-09-27 15:00:00+00:00,75.55384128892554,14.446158711074457,102.26091846480881,156.1941695254461,378.404077627255,61.79365970996528,105.0,509.8,30.0,0.5379098360655739,0,22.38888888888889,56,100.21000000000001,,2026-09-21T12:00Z,,,,,0.2,5.777,0.0341,nasa_power_ml_plus_cams_spectral,5.3,low,18.5,46.5,poor locally,32.3,46.3,37.2,37.2,False,56,61.9,1.5,1,horizontal environmental reference,ESE,75.6,"sun low 14° (ESE) — face ESE, lift torso ~76° toward the sun if comfortable",99.8,False,,,50.0,10.6,10.6,,not specified,Environmental scores are skin-type independent.,not personalized
2026-09-27T09:00,deterministic,best_match,74.4,51,55.1,74.9,62.4,1012.3,1002.3,79199.48,0,0,0,0,0,1,0.0,0.0,0.0,0.0,2.4,214,2.2,2.1,2.1,3600.0,1,0.0,6.1,0.0,16010.499,754.593,12.1,0.0,0.008,1.42,323.0,271.0,52.0,778.6,473.2,411.0,344.8,66.2,990.7,602.4,29,18,7,11,54,0,0,0,0,0,2565.617,4950.788,10321.522,19219.16,31554.274,America/Los_Angeles,34.03202,-118.52633,86.0,52.09648609161377,1.0,0.0,0.6825866441251057,0.6822709163346614,0.8390092879256966,0.1609907120743034,0.8389294403892944,0.1610705596107056,1.0,0.0,0.0,54.0,0.0,76.8,1.0,,,,,,,,,,,,,,,,,2026-09-27 16:00:00+00:00,63.71996241955313,26.280037580446873,112.06894231043032,365.0196939608792,605.3955395790639,96.97547973942721,323.0,778.6,52.0,0.6825866441251057,0,23.55555555555556,51,100.22999999999999,,2026-09-21T12:00Z,,,,,0.2,18.05,0.241,nasa_power_ml_plus_cams_spectral,17.5,low,37.8,53.2,below typical locally,44.4,42.7,43.8,43.8,False,51,62.4,2.4,1,horizontal environmental reference,ESE,63.7,"sun low 26° (ESE) — face ESE, lift torso ~64° toward the sun if comfortable",99.8,False,,,50.0,25.2,25.1,,not specified,Environmental scores are skin-type independent.,not personalized
2026-09-27T10:00,deterministic,best_match,76.9,46,54.5,76.5,63.2,1012.5,1002.6,79199.48,0,0,0,0,0,1,0.0,0.0,0.0,0.0,4.2,198,2.9,3.6,3.6,3600.0,1,0.0,5.9,0.0,16043.308,1377.953,12.3,0.0,0.014,1.7,522.0,455.0,67.0,863.1,717.3,599.4,522.4,76.9,991.0,823.8,31,17,7,11,72,0,0,0,0,2,2572.179,4957.349,10328.084,19222.442,31548.98,America/Los_Angeles,34.03202,-118.52633,86.0,52.09648609161377,1.0,0.0,0.7277289836888332,0.7276037873270211,0.8716475095785441,0.12835249042145594,0.8715382048715382,0.12829496162829498,1.0,0.0,0.10000000000002274,72.0,2.0,85.5,1.0,,,,,,,,,,,,,,,,,2026-09-27 17:00:00+00:00,52.770981831686996,37.229018168313004,124.14790262504118,549.5871777506603,714.4770210772465,117.32682960075903,522.0,863.1,67.0,0.7277289836888332,0,24.94444444444445,46,100.26,,2026-09-21T12:00Z,,,,,0.2,30.857,0.6112,nasa_power_ml_plus_cams_spectral,29.9,low-moderate,55.5,49.4,typical-to-good locally,50.8,39.3,46.8,46.8,False,46,63.2,4.2,1,horizontal environmental reference,SE,52.8,"sun 37° up (SE) — lay flat, or lift torso ~53° toward SE to face it",99.8,False,,,50.0,36.9,36.8,,not specified,Environmental scores are skin-type independent.,not personalized
2026-09-27T11:00,deterministic,best_match,78.8,42,53.8,78.9,63.6,1012.5,1002.6,79199.48,0,0,0,0,0,1,0.0,0.0,0.0,0.0,5.9,198,3.8,4.95,4.95,3600.0,1,0.0,5.7,0.0,16043.308,1837.27,12.6,0.0,0.019,1.95,685.0,609.0,76.0,910.2,910.8,742.4,660.0,82.4,986.5,987.2,32,17,7,10,78,0,0,0,0,2,2575.459,4960.63,10331.365,19225.722,31543.688,America/Los_Angeles,34.03202,-118.52633,86.0,52.09648609161377,1.0,0.0,0.7520860781730347,0.7520259319286872,0.8890510948905109,0.11094890510948906,0.8890086206896552,0.11099137931034483,1.0,0.0,0.0,78.0,2.0,92.9,1.0,,,,,,,,,,,,,,,,,2026-09-27 18:00:00+00:00,43.539491552548895,46.460508447451105,140.08288898471812,688.109249870634,770.205608662373,129.7874004688373,685.0,910.2,76.0,0.7520860781730347,0,26.0,42,100.26,,2026-09-21T12:00Z,,,,,0.2,41.602,1.0491,nasa_power_ml_plus_cams_spectral,40.6,moderate,71.5,41.8,typical-to-good locally,61.7,34.4,52.1,52.1,False,42,63.6,5.9,1,horizontal environmental reference,SE,43.5,"sun 46° up (SE) — lay flat, or lift torso ~44° toward SE to face it",99.8,False,,,50.0,46.0,45.9,,not specified,Environmental scores are skin-type independent.,not personalized
2026-09-27T12:00,deterministic,best_match,79.2,41,53.5,79.9,63.6,1012.1,1002.2,79199.48,0,0,0,0,0,1,0.0,0.0,0.0,0.0,7.1,204,5.1,6.3,6.3,3600.0,1,0.0,5.6,0.0,16010.499,2001.312,12.9,0.0,0.022,2.01,806.0,730.0,76.0,955.3,1040.5,837.8,758.8,79.0,993.1,1081.8,31,16,7,9,66,0,0,0,0,2,2562.336,4947.507,10321.522,19212.598,31522.522,America/Los_Angeles,34.03202,-118.52633,86.0,52.09648609161377,1.0,0.0,0.77462758289284,0.7744499907561472,0.9057071960297767,0.09429280397022333,0.9057054189544044,0.09429458104559561,1.0,0.0,0.0,66.0,2.0,98.8,1.0,,,,,,,,,,,,,,,,,2026-09-27 19:00:00+00:00,37.41936964118338,52.58063035881662,161.28562423729772,768.6662782368884,796.1446642745195,136.36082692225023,806.0,955.3,76.0,0.77462758289284,0,26.222222222222225,41,100.22,,2026-09-21T12:00Z,,,,,0.2,48.065,1.2663,nasa_power_ml_plus_cams_spectral,48.9,moderate,86.2,54.5,good locally,74.3,31.3,59.2,59.2,False,41,63.6,7.1,1,horizontal environmental reference,SSE,37.4,"sun 53° up (SSE) — lay flat, or lift torso ~37° toward SSE to face it",99.8,False,,,50.0,55.4,55.3,,not specified,Environmental scores are skin-type independent.,not personalized
2026-09-27T13:00,deterministic,best_match,78.9,42,53.8,79.5,63.6,1011.4,1001.5,79199.48,0,0,0,0,0,1,0.0,0.0,0.0,0.0,8.4,212,6.9,6.7,6.7,3600.0,1,0.0,5.5,0.0,15977.69,2017.717,13.2,0.0,0.024,1.95,854.0,774.0,80.0,960.5,1097.6,856.4,776.2,80.2,963.2,1100.8,29,15,8,9,42,0,0,0,0,0,2545.932,4937.664,10308.399,19199.474,31506.646,America/Los_Angeles,34.03202,-118.52633,86.0,52.09648609161377,1.0,0.0,0.778061224489796,0.7779796511627907,0.9063231850117096,0.0936768149882904,0.9063521718822981,0.09364782811770202,1.0,0.0,-1.1368683772161603e-13,42.0,0.0,98.8,1.0,,,,,,,,,,,,,,,,,2026-09-27 20:00:00+00:00,36.081814760949506,53.918185239050494,186.37432962359534,784.9330557919682,800.9279936469906,137.641593144019,854.0,960.5,80.0,0.778061224489796,0,26.05555555555556,42,100.15,,2026-09-21T12:00Z,,,,,0.2,50.336,1.3711,nasa_power_ml_plus_cams_spectral,51.5,strong,90.2,61.7,excellent locally,72.7,30.9,58.1,58.1,False,42,63.6,8.4,1,horizontal environmental reference,S,36.1,"sun 54° up (S) — lay flat, or lift torso ~36° toward S to face it",99.8,False,,,50.0,58.1,58.0,,not specified,Environmental scores are skin-type independent.,not personalized
2026-09-27T14:00,deterministic,best_match,78.6,43,54.2,78.8,63.7,1010.8,1000.9,79199.48,0,0,0,0,0,1,0.0,0.0,0.0,0.0,9.1,216,8.3,6.35,6.35,3600.0,1,0.0,5.5,0.0,15944.882,1952.1,13.5,0.0,0.023,1.9,833.0,752.0,81.0,950.2,1078.2,805.8,727.5,78.4,919.2,1043.1,28,15,8,7,24,0,0,0,0,0,2532.808,4924.541,10298.557,19186.352,31485.48,America/Los_Angeles,34.03202,-118.52633,86.0,52.09648609161377,1.0,0.0,0.7725839361899461,0.7725050330744895,0.9027611044417767,0.09723889555822329,0.9028294862248697,0.09729461404815092,1.0,0.0,-0.10000000000002274,28.0,0.0,98.7,1.0,,,,,,,,,,,,,,,,,2026-09-27 21:00:00+00:00,40.01844551002636,49.98155448997364,209.97481703887556,735.6561741779547,785.9895463671444,133.71593037151354,833.0,950.2,81.0,0.7725839361899461,0,25.888888888888886,43,100.09,,2026-09-21T12:00Z,,,,,0.2,48.486,1.2629,nasa_power_ml_plus_cams_spectral,49.3,moderate,86.8,69.3,good locally,70.2,31.4,56.6,56.6,False,43,63.7,9.1,1,horizontal environmental reference,SSW,40.0,"sun 50° up (SSW) — lay flat, or lift torso ~40° toward SSW to face it",99.8,False,,,50.0,56.7,56.6,,not specified,Environmental scores are skin-type independent.,not personalized
2026-09-27T15:00,deterministic,best_match,78.7,43,54.3,78.0,63.8,1010.3,1000.4,79199.48,0,0,0,0,0,1,0.0,0.0,0.0,0.0,9.3,217,9.2,5.25,5.25,3600.0,1,0.0,5.6,0.0,15879.266,1837.27,13.7,0.0,0.021,1.91,748.0,674.0,74.0,933.9,983.5,694.0,625.3,68.7,866.4,912.6,28,16,8,6,14,0,0,0,0,0,2519.685,4911.418,10288.714,19173.228,31474.894,America/Los_Angeles,34.03202,-118.52633,86.0,52.09648609161377,1.0,0.0,0.7605490594814438,0.7604646066184527,0.9010695187165776,0.09893048128342247,0.9010086455331412,0.09899135446685879,1.0,0.0,0.0,28.0,0.0,94.7,1.0,,,,,,,,,,,,,,,,,2026-09-27 22:00:00+00:00,47.926915189732014,42.073084810267986,228.41903429715748,624.6179997819978,746.6753832992725,124.28725572058124,748.0,933.9,74.0,0.7605490594814438,0,25.944444444444446,43,100.03999999999999,,2026-09-21T12:00Z,,,,,0.2,42.35,0.9747,nasa_power_ml_plus_cams_spectral,42.1,moderate,74.1,71.3,typical-to-good locally,49.9,32.1,43.7,43.7,False,43,63.8,9.3,1,horizontal environmental reference,SW,47.9,"sun 42° up (SW) — lay flat, or lift torso ~48° toward SW to face it",99.8,False,,,50.0,48.6,48.5,,not specified,Environmental scores are skin-type independent.,not personalized
2026-09-27T16:00,deterministic,best_match,78.7,43,54.3,76.9,63.8,1009.7,999.8,79199.48,0,0,0,0,0,1,0.0,0.0,0.0,0.0,8.6,217,9.6,4.0,4.0,3600.0,1,0.0,5.8,0.0,15813.648,1656.824,14.0,0.0,0.018,1.91,606.0,535.0,71.0,889.4,820.1,530.5,468.4,62.2,778.6,718.1,27,17,8,4,10,0,0,0,0,0,2506.562,4901.575,10275.591,19163.386,31459.022,America/Los_Angeles,34.03202,-118.52633,86.0,52.09648609161377,1.0,0.0,0.7389342763077673,0.7387550480434479,0.8828382838283828,0.11716171617161716,0.8829406220546654,0.1172478793590952,1.0,0.0,-0.10000000000002274,27.0,0.0,86.2,1.0,,,,,,,,,,,,,,,,,2026-09-27 23:00:00+00:00,58.16665808715294,31.833341912847057,242.17556756460849,460.81010745990244,668.436794689586,108.24293224691525,606.0,889.4,71.0,0.7389342763077673,0,25.944444444444446,43,99.97999999999999,,2026-09-21T12:00Z,,,,,0.2,32.013,0.5856,nasa_power_ml_plus_cams_spectral,31.9,low-moderate,57.8,90.0,typical-to-good locally,43.6,34.0,40.2,40.2,False,43,63.8,8.6,1,horizontal environmental reference,WSW,58.2,"sun 32° up (WSW) — lay flat, or lift torso ~58° toward WSW to face it",99.8,False,,,50.0,40.1,40.0,,not specified,Environmental scores are skin-type independent.,not personalized
2026-09-27T17:00,deterministic,best_match,78.4,43,54.1,76.3,63.6,1009.4,999.5,79199.48,0,0,0,0,0,1,0.0,0.0,0.0,0.0,8.0,216,9.4,2.55,2.55,3600.0,1,0.0,6.1,0.0,15748.031,1443.57,14.4,0.0,0.013,1.89,419.0,358.0,61.0,815.4,598.9,330.7,282.5,48.1,643.4,472.9,27,18,8,4,8,0,0,0,0,0,2493.438,4888.452,10265.748,19150.262,31448.438,America/Los_Angeles,34.03202,-118.52633,86.0,52.09648609161377,1.0,0.0,0.6996159625980966,0.6993021780503278,0.8544152744630071,0.14558472553699284,0.8542485636528576,0.14544904747505294,1.0,0.0,0.0999999999999659,27.0,0.0,74.7,1.0,,,,,,,,,,,,,,,,,2026-09-28 00:00:00+00:00,69.64860628823197,20.351393711768022,252.9223168335493,260.10238169278153,512.4038944840189,81.90020090416681,419.0,815.4,61.0,0.6996159625980966,0,25.777777777777782,43,99.95,,2026-09-21T12:00Z,,,,,0.2,20.674,0.1985,nasa_power_ml_plus_cams_spectral,20.5,low-moderate,41.6,99.8,below typical locally,28.3,37.0,31.3,31.3,False,43,63.6,8.0,1,horizontal environmental reference,WSW,69.6,"sun low 20° (WSW) — face WSW, lift torso ~70° toward the sun if comfortable",99.8,False,,,50.0,28.5,28.4,,not specified,Environmental scores are skin-type independent.,not personalized
2026-09-27T18:00,deterministic,best_match,77.4,44,53.8,75.7,63.0,1009.3,999.4,79199.48,0,0,0,0,0,2,0.0,0.0,0.0,0.0,6.9,216,8.1,1.15,1.15,3600.0,1,0.0,6.4,0.0,15846.457,1148.294,15.2,0.0,0.008,1.8,203.0,155.0,48.0,631.7,335.2,117.0,89.4,27.7,364.1,193.7,26,19,8,7,14,0,0,0,0,0,2493.438,4888.452,10265.748,19153.542,31469.606,America/Los_Angeles,34.03202,-118.52633,86.0,52.09648609161377,1.0,0.0,0.6056085918854416,0.6040268456375839,0.7635467980295566,0.23645320197044334,0.7641025641025642,0.23675213675213674,1.0,0.0,-0.10000000000000853,26.0,0.0,58.2,1.0,,,,,,,,,,,,,,,,,2026-09-28 01:00:00+00:00,81.72438576009479,8.275614239905204,262.0267418381518,58.29343951149134,179.75389447820282,32.42055658330659,203.0,631.7,48.0,0.6056085918854416,0,25.222222222222225,44,99.94,,2026-09-21T12:00Z,,,,,0.2,7.569,0.0415,nasa_power_ml_plus_cams_spectral,8.2,low,22.6,100.0,poor locally,28.7,54.6,37.8,37.8,False,44,63.0,6.9,2,horizontal environmental reference,W,81.7,"sun low 8° (W) — face W, lift torso ~82° toward the sun if comfortable",99.5,False,,,50.0,15.4,15.3,,not specified,Environmental scores are skin-type independent.,not personalized
2026-09-27T19:00,deterministic,best_match,76.1,46,53.8,74.8,62.5,1009.4,999.5,79199.48,0,0,0,0,0,2,0.0,0.0,0.0,0.0,5.8,216,5.8,0.15,0.15,2362.03,0,0.0,6.8,0.0,15912.073,820.21,16.3,0.0,0.003,1.66,25.0,19.0,6.0,205.6,64.0,0.0,0.0,0.0,0.0,0.0,24,19,7,11,22,0,0,0,0,0,2493.438,4888.452,10262.467,19160.106,31496.062,America/Los_Angeles,34.03202,-118.52633,86.0,52.09648609161377,1.0,0.0,0.390625,,0.76,0.24,,,0.6561194444444445,0.0,0.0,24.0,0.0,37.1,1.0,,,,,,,,,,,,,,,,,2026-09-28 02:00:00+00:00,94.235117426902,-4.235117426901998,270.4729526180755,0.0,0.0,0.0,25.0,205.6,6.0,0.390625,0,24.499999999999996,46,99.95,,2026-09-21T12:00Z,,,,,0.2,0.0,0.0,nasa_power_ml_plus_cams_spectral,0.4,low,0.8,40.1,poor locally,,,,,False,46,62.5,5.8,2,horizontal environmental reference,W,,sun below horizon — no direct-sun posture,99.5,False,,,50.0,0.0,0.0,,not specified,Environmental scores are skin-type independent.,not personalized
2026-09-27T20:00,deterministic,best_match,74.8,48,53.8,74.1,62.0,1009.5,999.6,79199.48,0,0,0,0,0,2,0.0,0.0,0.0,0.0,4.5,213,4.3,0.0,0.0,0.0,0,0.0,7.1,0.0,16010.499,590.551,17.1,0.0,0.002,1.53,0.0,0.0,0.0,0.0,0.0,0.0,0.0,0.0,0.0,0.0,24,20,7,14,30,0,0,0,0,0,2493.438,4888.452,10262.467,19163.386,31517.228,America/Los_Angeles,34.03202,-118.52633,86.0,52.09648609161377,,,,,,,,,0.0,0.0,0.0,30.0,0.0,0.0,0.6,,,,,,,,,,,,,,,,,2026-09-28 03:00:00+00:00,106.62284342789357,-16.622843427893567,279.0820363908413,0.0,0.0,0.0,0.0,0.0,0.0,,0,23.77777777777778,48,99.96000000000001,,2026-09-21T12:00Z,,,,,0.2,0.0,0.0,nasa_power_ml_plus_cams_spectral,0.0,low,0.0,,poor locally,,,,,False,48,62.0,4.5,2,horizontal environmental reference,W,,sun below horizon — no direct-sun posture,99.5,False,,,50.0,0.0,0.0,,not specified,Environmental scores are skin-type independent.,not personalized
2026-09-27T21:00,deterministic,best_match,74.0,49,53.6,73.6,61.6,1009.6,999.7,79199.48,0,0,0,0,0,2,0.0,0.0,0.0,0.0,3.7,197,3.8,0.0,0.0,0.0,0,0.0,7.3,0.0,16141.732,524.934,17.5,0.0,0.002,1.46,0.0,0.0,0.0,0.0,0.0,0.0,0.0,0.0,0.0,0.0,25,21,7,14,34,0,0,0,0,0,2490.158,4885.171,10259.187,19166.666,31522.522,America/Los_Angeles,34.03202,-118.52633,86.0,52.09648609161377,,,,,,,,,0.0,0.0,0.0,34.0,0.0,0.0,0.6,,,,,,,,,,,,,,,,,2026-09-28 04:00:00+00:00,118.69257666267089,-28.692576662670888,288.7513871516491,0.0,0.0,0.0,0.0,0.0,0.0,,0,23.333333333333336,49,99.97,,2026-09-21T12:00Z,,,,,0.2,0.0,0.0,nasa_power_ml_plus_cams_spectral,0.0,low,0.0,,poor locally,,,,,False,49,61.6,3.7,2,horizontal environmental reference,WNW,,sun below horizon — no direct-sun posture,99.5,False,,,50.0,0.0,0.0,,not specified,Environmental scores are skin-type independent.,not personalized
2026-09-27T22:00,deterministic,best_match,73.3,50,53.5,73.0,61.2,1009.6,999.6,79199.48,0,0,0,0,0,2,0.0,0.0,0.0,0.0,3.4,172,3.8,0.0,0.0,0.0,0,0.0,7.5,0.0,16305.774,557.743,17.8,0.0,0.001,1.4,0.0,0.0,0.0,0.0,0.0,0.0,0.0,0.0,0.0,0.0,28,22,7,13,36,0,0,0,0,0,2486.877,4881.89,10259.187,19169.948,31533.104,America/Los_Angeles,34.03202,-118.52633,86.0,52.09648609161377,,,,,,,,,0.0,0.0,0.0,36.0,0.0,0.0,0.6,,,,,,,,,,,,,,,,,2026-09-28 05:00:00+00:00,129.99722686426801,-39.99722686426801,300.7349829176257,0.0,0.0,0.0,0.0,0.0,0.0,,0,22.944444444444443,50,99.96000000000001,,2026-09-21T12:00Z,,,,,0.2,0.0,0.0,nasa_power_ml_plus_cams_spectral,0.0,low,0.0,,poor locally,,,,,False,50,61.2,3.4,2,horizontal environmental reference,WNW,,sun below horizon — no direct-sun posture,99.5,False,,,50.0,0.0,0.0,,not specified,Environmental scores are skin-type independent.,not personalized
2026-09-27T23:00,deterministic,best_match,72.7,51,53.5,72.3,60.9,1009.5,999.5,79199.48,0,0,0,0,0,2,0.0,0.0,0.0,0.0,3.3,152,3.8,0.0,0.0,0.0,0,0.0,7.7,0.0,16437.008,557.743,17.8,0.0,0.001,1.34,0.0,0.0,0.0,0.0,0.0,0.0,0.0,0.0,0.0,0.0,30,23,8,11,36,0,0,0,0,0,2483.596,4878.609,10255.905,19173.228,31538.396,America/Los_Angeles,34.03202,-118.52633,86.0,52.09648609161377,,,,,,,,,0.0,0.0,0.0,36.0,0.0,0.0,0.6,,,,,,,,,,,,,,,,,2026-09-28 06:00:00+00:00,139.7219973696549,-49.7219973696549,316.93934673631225,0.0,0.0,0.0,0.0,0.0,0.0,,0,22.611111111111114,51,99.95,,2026-09-21T12:00Z,,,,,0.2,0.0,0.0,nasa_power_ml_plus_cams_spectral,0.0,low,0.0,,poor locally,,,,,False,51,60.9,3.3,2,horizontal environmental reference,NW,,sun below horizon — no direct-sun posture,99.5,False,,,50.0,0.0,0.0,,not specified,Environmental scores are skin-type independent.,not personalized
2026-09-28T00:00,deterministic,best_match,72.0,53,54.0,72.3,60.9,1009.1,999.1,79199.48,0,0,0,0,0,2,0.0,0.0,0.0,0.0,2.4,131,3.1,0.0,0.0,0.0,0,0.0,8.0,0.0,16437.008,508.53,17.7,0.0,0.001,1.26,0.0,0.0,0.0,0.0,0.0,0.0,0.0,0.0,0.0,0.0,31,24,10,11,30,0,0,0,0,0,2470.473,4865.486,10242.782,19163.386,31533.104,America/Los_Angeles,34.03202,-118.52633,86.0,52.09648609161377,,,,,,,,,0.0,0.0,0.0,31.0,0.0,0.0,0.6,,,,,,,,,,,,,,,,,2026-09-28 07:00:00+00:00,146.34898666450383,-56.34898666450383,339.478144212637,0.0,0.0,0.0,0.0,0.0,0.0,,0,22.22222222222222,53,99.91,,2026-09-21T12:00Z,,,,,0.2,0.0,0.0,nasa_power_ml_plus_cams_spectral,0.0,low,0.0,,poor locally,,,,,False,53,60.9,2.4,2,horizontal environmental reference,NNW,,sun below horizon — no direct-sun posture,99.5,False,,,50.0,0.0,0.0,,not specified,Environmental scores are skin-type independent.,not personalized
2026-09-28T01:00,deterministic,best_match,71.4,55,54.4,72.2,60.8,1008.6,998.6,79199.48,0,0,0,0,0,2,0.0,0.0,0.0,0.0,1.3,90,2.2,0.0,0.0,0.0,0,0.0,8.3,0.0,16437.008,426.509,17.3,0.0,0.0,1.18,0.0,0.0,0.0,0.0,0.0,0.0,0.0,0.0,0.0,0.0,32,25,12,13,20,0,0,0,0,0,2457.349,4849.082,10232.939,19153.542,31522.522,America/Los_Angeles,34.03202,-118.52633,86.0,52.09648609161377,,,,,,,,,0.0,0.0,0.0,32.0,0.0,0.0,0.6,,,,,,,,,,,,,,,,,2026-09-28 08:00:00+00:00,147.83933662416683,-57.83933662416683,7.136548956307024,0.0,0.0,0.0,0.0,0.0,0.0,,0,21.888888888888893,55,99.86,,2026-09-21T12:00Z,,,,,0.2,0.0,0.0,nasa_power_ml_plus_cams_spectral,0.0,low,0.0,,poor locally,,,,,False,55,60.8,1.3,2,horizontal environmental reference,N,,sun below horizon — no direct-sun posture,99.5,False,,,50.0,0.0,0.0,,not specified,Environmental scores are skin-type independent.,not personalized
2026-09-28T02:00,deterministic,best_match,71.0,56,54.6,72.0,60.8,1008.2,998.2,79199.48,0,0,0,0,0,2,0.0,0.0,0.0,0.0,1.1,37,1.6,0.0,0.0,0.0,0,0.0,8.5,0.0,16437.008,344.488,16.7,0.0,0.0,1.14,0.0,0.0,0.0,0.0,0.0,0.0,0.0,0.0,0.0,0.0,33,26,14,13,12,0,0,0,0,0,2444.226,4835.958,10219.816,19143.702,31517.228,America/Los_Angeles,34.03202,-118.52633,86.0,52.09648609161377,,,,,,,,,0.0,0.0,0.0,33.0,0.0,0.0,0.6,,,,,,,,,,,,,,,,,2026-09-28 09:00:00+00:00,143.54821751980398,-53.54821751980397,32.81730709897653,0.0,0.0,0.0,0.0,0.0,0.0,,0,21.666666666666668,56,99.82000000000001,,2026-09-21T12:00Z,,,,,0.2,0.0,0.0,nasa_power_ml_plus_cams_spectral,0.0,low,0.0,,poor locally,,,,,False,56,60.8,1.1,2,horizontal environmental reference,NNE,,sun below horizon — no direct-sun posture,99.5,False,,,50.0,0.0,0.0,,not specified,Environmental scores are skin-type independent.,not personalized
2026-09-28T03:00,deterministic,best_match,71.0,55,54.0,72.0,60.4,1007.9,997.9,79199.48,0,0,0,0,0,2,0.0,0.0,0.0,0.0,0.4,360,1.6,0.0,0.0,0.0,0,0.0,8.7,0.0,16371.392,246.063,15.6,0.0,0.0,1.16,0.0,0.0,0.0,0.0,0.0,0.0,0.0,0.0,0.0,0.0,34,26,16,11,10,0,0,0,0,0,2437.664,4829.397,10216.535,19137.138,31511.94,America/Los_Angeles,34.03202,-118.52633,86.0,52.09648609161377,,,,,,,,,0.0,0.0,0.0,34.0,0.0,0.0,0.6,,,,,,,,,,,,,,,,,2026-09-28 10:00:00+00:00,135.1302071681522,-45.13020716815218,51.99770548210836,0.0,0.0,0.0,0.0,0.0,0.0,,0,21.666666666666668,55,99.78999999999999,,2026-09-21T12:00Z,,,,,0.2,0.0,0.0,nasa_power_ml_plus_cams_spectral,0.0,low,0.0,,poor locally,,,,,False,55,60.4,0.4,2,horizontal environmental reference,NE,,sun below horizon — no direct-sun posture,99.5,False,,,50.0,0.0,0.0,,not specified,Environmental scores are skin-type independent.,not personalized
2026-09-28T04:00,deterministic,best_match,71.0,52,52.5,71.4,59.8,1007.6,997.6,79199.48,0,0,0,0,0,2,0.0,0.0,0.0,0.0,1.0,243,2.0,0.0,0.0,0.0,0,0.0,8.8,0.0,16305.774,131.234,14.2,0.0,0.0,1.25,0.0,0.0,0.0,0.0,0.0,0.0,0.0,0.0,0.0,0.0,35,27,16,10,10,0,0,0,0,0,2434.383,4826.116,10209.974,19133.86,31511.94,America/Los_Angeles,34.03202,-118.52633,86.0,52.09648609161377,,,,,,,,,0.0,0.0,0.0,35.0,0.0,0.0,0.6,,,,,,,,,,,,,,,,,2026-09-28 11:00:00+00:00,124.4825197526401,-34.4825197526401,65.81302984082117,0.0,0.0,0.0,0.0,0.0,0.0,,0,21.666666666666668,52,99.76,,2026-09-21T12:00Z,,,,,0.2,0.0,0.0,nasa_power_ml_plus_cams_spectral,0.0,low,0.0,,poor locally,,,,,False,52,59.8,1.0,2,horizontal environmental reference,ENE,,sun below horizon — no direct-sun posture,99.5,False,,,50.0,0.0,0.0,,not specified,Environmental scores are skin-type independent.,not personalized
2026-09-28T05:00,deterministic,best_match,71.2,50,51.6,70.9,59.4,1007.6,997.6,79199.48,0,0,0,0,0,2,0.0,0.0,0.0,0.0,2.1,229,2.2,0.0,0.0,0.0,0,0.0,8.9,0.0,16240.157,82.021,12.8,0.0,0.001,1.31,0.0,0.0,0.0,0.0,0.0,0.0,0.0,0.0,0.0,0.0,35,26,16,9,10,0,0,0,0,0,2427.822,4819.554,10206.693,19127.296,31506.646,America/Los_Angeles,34.03202,-118.52633,86.0,52.09648609161377,,,,,,,,,0.0,0.0,0.0,35.0,0.0,0.0,0.6,,,,,,,,,,,,,,,,,2026-09-28 12:00:00+00:00,112.73165087852513,-22.731650878525123,76.45807786527507,0.0,0.0,0.0,0.0,0.0,0.0,,0,21.77777777777778,50,99.76,,2026-09-21T12:00Z,,,,,0.2,0.0,0.0,nasa_power_ml_plus_cams_spectral,0.0,low,0.0,,poor locally,,,,,False,50,59.4,2.1,2,horizontal environmental reference,ENE,,sun below horizon — no direct-sun posture,99.5,False,,,50.0,0.0,0.0,,not specified,Environmental scores are skin-type independent.,not personalized
2026-09-28T06:00,deterministic,best_match,71.1,48,50.4,70.3,58.8,1007.9,997.9,79199.48,0,0,0,0,0,4,0.0,0.0,0.0,0.0,2.4,229,1.8,0.0,0.0,0.0,0,0.0,9.1,0.0,16305.774,82.021,11.5,0.0,0.001,1.35,0.0,0.0,0.0,0.0,0.0,0.0,0.0,0.0,0.0,0.0,34,24,16,7,10,0,0,0,0,0,2437.664,4829.397,10213.255,19137.138,31517.228,America/Los_Angeles,34.03202,-118.52633,86.0,52.09648609161377,,,,,,,,,0.0,0.0,0.0,34.0,0.0,0.0,0.6,,,,,,,,,,,,,,,,,2026-09-28 13:00:00+00:00,100.4722380881464,-10.472238088146394,85.48687886573089,0.0,0.0,0.0,0.0,0.0,0.0,,0,21.72222222222222,48,99.78999999999999,,2026-09-21T12:00Z,,,,,0.2,0.0,0.0,nasa_power_ml_plus_cams_spectral,0.0,low,0.0,0.0,poor locally,,,,,False,48,58.8,2.4,4,horizontal environmental reference,E,,sun below horizon — no direct-sun posture,98.8,False,,,50.0,0.0,0.0,,not specified,Environmental scores are skin-type independent.,not personalized
2026-09-28T07:00,deterministic,best_match,71.0,46,49.2,69.8,58.2,1008.3,998.3,79199.48,0,0,0,0,0,4,0.0,0.0,0.0,0.0,2.4,221,1.1,0.0,0.0,0.0,1,0.0,9.3,0.0,16338.583,131.234,10.3,0.0,0.002,1.4,0.0,0.0,0.0,0.0,3.6,0.0,0.0,0.0,0.0,46.2,31,22,14,6,12,0,0,0,0,0,2444.226,4835.958,10223.098,19143.702,31533.104,America/Los_Angeles,34.03202,-118.52633,86.0,52.09648609161377,,,0.0,0.0,,,,,0.0,0.0,0.0,31.0,0.0,0.0,0.75,,,,,,,,,,,,,,,,,2026-09-28 14:00:00+00:00,87.77803071097301,2.221969289026993,93.93667718057856,2.381834529015478,7.176812284295064,2.103582626587831,0.0,0.0,0.0,0.0,0,21.666666666666668,46,99.83,,2026-09-21T12:00Z,,,,,0.2,0.355,0.0,nasa_power_ml_plus_cams_spectral,0.2,low,0.0,0.0,poor locally,31.7,64.1,43.0,43.0,False,46,58.2,2.4,4,horizontal environmental reference,E,87.8,"sun low 2° (E) — face E, lift torso ~88° toward the sun if comfortable",98.8,False,,,50.0,0.5,0.5,,not specified,Environmental scores are skin-type independent.,not personalized
2026-09-28T08:00,deterministic,best_match,71.9,43,48.2,70.5,58.2,1008.7,998.7,79199.48,0,0,0,0,0,4,0.0,0.0,0.0,0.0,2.2,225,0.9,0.6,0.6,3600.0,1,0.0,9.5,0.0,16404.199,360.892,9.4,0.0,0.003,1.53,102.0,72.0,30.0,494.0,191.8,177.8,125.5,52.3,860.9,334.9,29,20,14,6,14,0,0,0,0,0,2454.068,4845.801,10229.659,19153.542,31543.688,America/Los_Angeles,34.03202,-118.52633,86.0,52.09648609161377,1.0,0.0,0.5318039624608968,0.5309047476858765,0.7058823529411765,0.29411764705882354,0.7058492688413948,0.2941507311586051,1.0,0.0,0.0,29.0,0.0,64.5,1.0,,,,,,,,,,,,,,,,,2026-09-28 15:00:00+00:00,75.71293784543745,14.287062154562548,102.63704154533968,153.56057147507403,374.28753889921956,61.193819668570185,102.0,494.0,30.0,0.5318039624608968,0,22.16666666666667,43,99.87,,2026-09-21T12:00Z,,,,,0.2,5.692,0.0344,nasa_power_ml_plus_cams_spectral,5.3,low,18.5,47.0,poor locally,38.8,33.8,37.0,37.0,False,43,58.2,2.2,4,horizontal environmental reference,ESE,75.7,"sun low 14° (ESE) — face ESE, lift torso ~76° toward the sun if comfortable",98.8,False,,,50.0,10.6,10.5,,not specified,Environmental scores are skin-type independent.,not personalized
2026-09-28T09:00,deterministic,best_match,74.9,36,46.2,73.1,58.6,1008.9,999.0,79199.48,0,0,0,0,0,4,0.0,0.0,0.0,0.0,1.8,240,1.1,2.1,2.1,3600.0,1,0.0,9.9,0.0,16535.434,967.848,8.8,0.0,0.008,1.89,323.0,272.0,51.0,787.8,469.7,411.6,346.6,65.0,1003.9,598.8,26,18,13,6,16,0,0,0,0,0,2460.63,4852.363,10236.221,19166.666,31559.562,America/Los_Angeles,34.03202,-118.52633,86.0,52.09648609161377,1.0,0.0,0.68767298275495,0.6873747494989981,0.8421052631578947,0.15789473684210525,0.8420796890184645,0.15792031098153547,1.0,0.0,0.0,26.0,0.0,76.4,1.0,,,,,,,,,,,,,,,,,2026-09-28 16:00:00+00:00,63.90421881023345,26.095781189766548,112.46172867621317,361.9948957085742,603.3071594594421,96.61633841832213,323.0,787.8,51.0,0.68767298275495,0,23.83333333333334,36,99.9,,2026-09-21T12:00Z,,,,,0.2,17.868,0.2334,nasa_power_ml_plus_cams_spectral,17.4,low,37.9,53.7,below typical locally,56.9,22.6,44.9,44.9,False,36,58.6,1.8,4,horizontal environmental reference,ESE,63.9,"sun low 26° (ESE) — face ESE, lift torso ~64° toward the sun if comfortable",98.8,False,,,50.0,25.2,24.9,,not specified,Environmental scores are skin-type independent.,not personalized
2026-09-28T10:00,deterministic,best_match,78.9,27,42.1,76.3,58.6,1008.9,999.1,79199.48,0,0,0,0,0,4,0.0,0.0,0.0,0.0,1.3,270,1.6,3.55,3.55,3600.0,1,0.0,10.3,0.0,16666.666,1755.249,8.5,0.0,0.013,2.46,527.0,462.0,65.0,881.5,713.6,605.4,530.7,74.7,1012.6,819.9,23,17,13,6,16,0,0,0,0,0,2467.192,4858.924,10246.063,19183.07,31570.148,America/Los_Angeles,34.03202,-118.52633,86.0,52.09648609161377,1.0,0.0,0.7385089686098655,0.7383827296011709,0.8766603415559773,0.12333965844402277,0.8766105054509417,0.12338949454905848,1.0,0.0,-1.1368683772161603e-13,23.0,0.0,85.0,1.0,,,,,,,,,,,,,,,,,2026-09-28 17:00:00+00:00,52.9964615873879,37.0035384126121,124.55880038159762,546.2979224374648,713.2045526963658,117.04553269176449,527.0,881.5,65.0,0.7385089686098655,0,26.05555555555556,27,99.91,,2026-09-21T12:00Z,,,,,0.2,30.473,0.6005,nasa_power_ml_plus_cams_spectral,29.5,low-moderate,55.3,48.4,typical-to-good locally,59.7,15.9,44.4,44.4,False,27,58.6,1.3,4,horizontal environmental reference,SE,53.0,"sun 37° up (SE) — lay flat, or lift torso ~53° toward SE to face it",98.8,False,,,50.0,36.2,35.8,,not specified,Environmental scores are skin-type independent.,not personalized
2026-09-28T11:00,deterministic,best_match,81.7,22,39.1,80.0,58.6,1008.8,999.0,79199.48,0,0,0,0,0,4,0.0,0.0,0.0,0.0,1.8,263,2.2,4.9,4.9,3600.0,1,0.0,10.4,0.0,16797.9,2214.567,8.5,0.0,0.018,2.88,692.0,619.0,73.0,929.8,906.8,750.1,671.0,79.1,1007.8,983.1,21,16,12,6,16,0,0,0,0,0,2473.754,4865.486,10252.625,19196.196,31586.02,America/Los_Angeles,34.03202,-118.52633,86.0,52.09648609161377,1.0,0.0,0.7631230701367446,0.7629946088902452,0.8945086705202312,0.10549132947976879,0.8945473936808426,0.10545260631915744,1.0,0.0,0.0,21.0,0.0,92.4,1.0,,,,,,,,,,,,,,,,,2026-09-28 18:00:00+00:00,43.82439411081742,46.17560588918258,140.48472823757334,684.5238612586887,769.2636538600183,129.526691897432,692.0,929.8,73.0,0.7631230701367446,0,27.611111111111114,22,99.9,,2026-09-21T12:00Z,,,,,0.2,40.701,1.0173,nasa_power_ml_plus_cams_spectral,39.9,moderate,70.9,40.0,typical-to-good locally,78.7,13.1,55.7,55.7,False,22,58.6,1.8,4,horizontal environmental reference,SE,43.8,"sun 46° up (SE) — lay flat, or lift torso ~44° toward SE to face it",98.8,False,,,50.0,45.7,45.2,,not specified,Environmental scores are skin-type independent.,not personalized
2026-09-28T12:00,deterministic,best_match,82.1,24,41.8,81.2,59.7,1008.4,998.6,79199.48,0,0,0,0,0,3,0.0,0.0,0.0,0.0,4.3,231,3.4,6.25,6.25,3600.0,1,0.0,10.0,0.0,16830.708,2066.929,8.8,0.0,0.023,2.85,814.0,742.0,72.0,975.7,1036.2,846.1,771.3,74.8,1014.2,1077.2,21,16,12,6,14,0,0,0,0,0,2460.63,4858.924,10249.344,19192.914,31586.02,America/Los_Angeles,34.03202,-118.52633,86.0,52.09648609161377,1.0,0.0,0.7855626326963906,0.7854623096917935,0.9115479115479116,0.08845208845208845,0.9115943741874483,0.08840562581255171,1.0,0.0,1.1368683772161603e-13,21.0,0.0,98.6,1.0,,,,,,,,,,,,,,,,,2026-09-28 19:00:00+00:00,37.77198062515227,52.22801937484773,161.58716925628823,764.7404686315208,795.2980581296059,136.0934220146438,814.0,975.7,72.0,0.7855626326963906,0,27.833333333333332,24,99.86,,2026-09-21T12:00Z,,,,,0.2,47.542,1.2464,nasa_power_ml_plus_cams_spectral,48.4,moderate,86.1,54.7,good locally,85.9,12.2,60.1,60.1,False,24,59.7,4.3,3,horizontal environmental reference,SSE,37.8,"sun 52° up (SSE) — lay flat, or lift torso ~38° toward SSE to face it",99.2,False,,,50.0,55.2,54.7,,not specified,Environmental scores are skin-type independent.,not personalized
2026-09-28T13:00,deterministic,best_match,81.2,29,45.9,79.8,61.1,1007.9,998.1,79199.48,0,0,0,0,0,3,0.0,0.0,0.0,0.0,8.1,222,4.9,6.65,6.65,3600.0,1,0.0,9.3,0.0,16830.708,1624.016,9.3,0.0,0.025,2.58,862.0,787.0,75.0,981.4,1092.9,864.3,789.1,75.2,984.0,1095.8,22,16,12,4,14,0,0,0,0,0,2447.507,4855.643,10246.063,19192.914,31586.02,America/Los_Angeles,34.03202,-118.52633,86.0,52.09648609161377,1.0,0.0,0.7887272394546618,0.7887388209527286,0.9129930394431555,0.08700696055684455,0.9129931736665511,0.08700682633344904,1.0,0.0,-1.1368683772161603e-13,22.0,0.0,98.6,1.0,,,,,,,,,,,,,,,,,2026-09-28 20:00:00+00:00,36.47660506376563,53.52339493623437,186.45533165564262,780.6380810012408,800.0115312488076,137.34907205119362,862.0,981.4,75.0,0.7887272394546618,0,27.333333333333336,29,99.81,,2026-09-21T12:00Z,,,,,0.2,49.851,1.3477,nasa_power_ml_plus_cams_spectral,51.1,strong,90.2,62.2,excellent locally,87.4,11.9,61.0,61.0,False,29,61.1,8.1,3,horizontal environmental reference,S,36.5,"sun 54° up (S) — lay flat, or lift torso ~36° toward S to face it",99.2,False,,,50.0,58.3,57.8,,not specified,Environmental scores are skin-type independent.,not personalized
2026-09-28T14:00,deterministic,best_match,80.4,33,48.7,78.2,61.9,1007.3,997.5,79199.48,0,0,0,0,0,3,0.0,0.0,0.0,0.0,10.7,217,6.3,6.3,6.3,3600.0,1,0.0,8.7,0.0,16863.518,1230.315,9.8,0.0,0.025,2.37,841.0,764.0,77.0,970.6,1073.0,813.2,738.8,74.5,938.6,1037.7,23,16,12,4,12,0,0,0,0,0,2434.383,4849.082,10242.782,19189.632,31586.02,America/Los_Angeles,34.03202,-118.52633,86.0,52.09648609161377,1.0,0.0,0.7837837837837838,0.7836561626674377,0.9084423305588585,0.09155766944114149,0.9085095917363502,0.09161337924249877,1.0,0.0,-0.09999999999990905,23.0,0.0,98.5,1.0,,,,,,,,,,,,,,,,,2026-09-28 21:00:00+00:00,40.4071251331185,49.5928748668815,209.84472176040674,730.9898788212804,784.8237014741702,133.37982553791278,841.0,970.6,77.0,0.7837837837837838,0,26.888888888888893,33,99.75,,2026-09-21T12:00Z,,,,,0.2,48.189,1.2675,nasa_power_ml_plus_cams_spectral,49.0,moderate,87.0,70.2,good locally,86.5,11.7,60.3,60.3,False,33,61.9,10.7,3,horizontal environmental reference,SSW,40.4,"sun 50° up (SSW) — lay flat, or lift torso ~40° toward SSW to face it",99.2,False,,,50.0,57.1,56.6,,not specified,Environmental scores are skin-type independent.,not personalized
2026-09-28T15:00,deterministic,best_match,80.0,34,49.1,77.1,61.9,1006.7,996.9,79199.48,0,0,0,0,0,3,0.0,0.0,0.0,0.0,10.7,216,7.6,5.2,5.2,3600.0,1,0.0,8.4,0.0,16929.134,1066.273,10.0,0.0,0.023,2.3,754.0,682.0,72.0,951.0,977.9,699.0,632.3,66.8,881.7,906.7,22,16,12,4,12,0,0,0,0,0,2421.26,4839.239,10236.221,19186.352,31586.02,America/Los_Angeles,34.03202,-118.52633,86.0,52.09648609161377,1.0,0.0,0.7710399836384089,0.7709275394286974,0.9045092838196287,0.09549071618037135,0.9045779685264663,0.0955650929899857,1.0,0.0,-0.09999999999990905,22.0,0.0,94.3,1.0,,,,,,,,,,,,,,,,,2026-09-28 22:00:00+00:00,48.2841626550105,41.7158373449895,228.18459078858382,619.6142505643514,744.9764462220827,123.87957490457148,754.0,951.0,72.0,0.7710399836384089,0,26.666666666666668,34,99.69,,2026-09-21T12:00Z,,,,,0.2,42.409,0.9287,nasa_power_ml_plus_cams_spectral,41.9,moderate,74.4,72.6,typical-to-good locally,63.2,11.9,45.2,45.2,False,34,61.9,10.7,3,horizontal environmental reference,SW,48.3,"sun 42° up (SW) — lay flat, or lift torso ~48° toward SW to face it",99.2,False,,,50.0,48.8,48.4,,not specified,Environmental scores are skin-type independent.,not personalized
2026-09-28T16:00,deterministic,best_match,79.5,34,48.7,75.9,61.6,1006.0,996.2,79199.48,0,0,0,0,0,3,0.0,0.0,0.0,0.0,9.2,214,8.7,3.9,3.9,3600.0,1,0.0,8.2,0.0,17027.558,967.848,10.2,0.0,0.019,2.27,611.0,541.0,70.0,906.6,814.0,534.2,473.0,61.2,792.7,711.8,21,16,11,4,12,0,0,0,0,0,2411.417,4829.397,10232.939,19183.07,31586.02,America/Los_Angeles,34.03202,-118.52633,86.0,52.09648609161377,1.0,0.0,0.7506142506142506,0.7504917111548188,0.8854337152209493,0.11456628477905073,0.8854361662298764,0.11456383377012354,1.0,0.0,0.0,21.0,0.0,85.9,1.0,,,,,,,,,,,,,,,,,2026-09-28 23:00:00+00:00,58.492691816394995,31.50730818360501,241.90841385471714,455.5603132705008,665.6174979448022,107.70373898094658,611.0,906.6,70.0,0.7506142506142506,0,26.38888888888889,34,99.62,,2026-09-21T12:00Z,,,,,0.2,32.033,0.5924,nasa_power_ml_plus_cams_spectral,31.6,low-moderate,57.7,90.0,typical-to-good locally,57.6,12.5,41.8,41.8,False,34,61.6,9.2,3,horizontal environmental reference,WSW,58.5,"sun 32° up (WSW) — lay flat, or lift torso ~58° toward WSW to face it",99.2,False,,,50.0,40.0,39.7,,not specified,Environmental scores are skin-type independent.,not personalized
2026-09-28T17:00,deterministic,best_match,78.8,35,48.8,75.3,61.3,1005.6,995.8,79199.48,0,0,0,0,0,3,0.0,0.0,0.0,0.0,7.6,212,8.9,2.4,2.4,3600.0,1,0.0,8.2,0.0,17093.176,869.423,10.4,0.0,0.013,2.18,423.0,363.0,60.0,836.2,592.5,332.7,285.5,47.2,657.8,466.3,20,16,11,4,12,0,0,0,0,0,2398.294,4819.554,10226.378,19179.792,31586.02,America/Los_Angeles,34.03202,-118.52633,86.0,52.09648609161377,1.0,0.0,0.7139240506329114,0.7134891700621917,0.8581560283687943,0.14184397163120568,0.8581304478509167,0.14186955214908328,1.0,0.0,0.0,20.0,0.0,74.2,1.0,,,,,,,,,,,,,,,,,2026-09-29 00:00:00+00:00,69.95187243652333,20.048127563476672,252.64901430881105,254.8533758438989,506.9703183831361,81.05921065344882,423.0,836.2,60.0,0.7139240506329114,0,26.0,35,99.58,,2026-09-21T12:00Z,,,,,0.2,20.789,0.1966,nasa_power_ml_plus_cams_spectral,20.1,low-moderate,41.3,99.7,below typical locally,32.8,21.1,28.7,28.7,False,35,61.3,7.6,3,horizontal environmental reference,WSW,70.0,"sun low 20° (WSW) — face WSW, lift torso ~70° toward the sun if comfortable",99.2,False,,,50.0,27.7,27.5,,not specified,Environmental scores are skin-type independent.,not personalized
2026-09-28T18:00,deterministic,best_match,77.6,39,50.7,75.3,61.7,1005.6,995.8,79199.48,0,0,0,0,0,3,0.0,0.0,0.0,0.0,5.9,209,7.6,1.05,1.05,3600.0,1,0.0,8.6,0.0,17093.176,721.785,10.8,0.0,0.007,1.97,205.0,160.0,45.0,665.8,328.5,116.3,90.8,25.5,377.8,186.8,21,16,11,4,14,0,0,0,0,0,2404.856,4826.116,10236.221,19192.914,31601.896,America/Los_Angeles,34.03202,-118.52633,86.0,52.09648609161377,1.0,0.0,0.624048706240487,0.6225910064239828,0.7804878048780488,0.21951219512195122,0.7807394668959587,0.21926053310404128,1.0,0.0,0.0,21.0,0.0,58.4,1.0,,,,,,,,,,,,,,,,,2026-09-29 01:00:00+00:00,82.01201112988196,7.98798887011805,261.7529465292778,54.372456497257105,169.40038189999896,30.831647001034423,205.0,665.8,45.0,0.624048706240487,0,25.333333333333332,39,99.58,,2026-09-21T12:00Z,,,,,0.2,7.491,0.0432,nasa_power_ml_plus_cams_spectral,7.8,low,22.0,100.0,poor locally,33.4,40.6,35.9,35.9,False,39,61.7,5.9,3,horizontal environmental reference,W,82.0,"sun low 8° (W) — face W, lift torso ~82° toward the sun if comfortable",99.2,False,,,50.0,14.8,14.7,,not specified,Environmental scores are skin-type independent.,not personalized
2026-09-28T19:00,deterministic,best_match,76.2,43,52.1,75.1,61.7,1005.8,995.9,79199.48,0,0,0,0,0,3,0.0,0.0,0.0,0.0,4.0,207,5.4,0.1,0.1,2277.57,0,0.0,9.3,0.0,17093.176,557.743,11.3,0.0,0.002,1.76,23.0,17.0,6.0,189.2,59.5,0.0,0.0,0.0,0.0,0.0,22,17,11,3,16,0,0,0,0,0,2411.417,4835.958,10246.063,19202.756,31612.478,America/Los_Angeles,34.03202,-118.52633,86.0,52.09648609161377,1.0,0.0,0.3865546218487395,,0.7391304347826086,0.2608695652173913,,,0.6326583333333334,0.0,0.0,22.0,0.0,36.1,1.0,,,,,,,,,,,,,,,,,2026-09-29 02:00:00+00:00,94.52210530674807,-4.522105306748075,270.1967800451499,0.0,0.0,0.0,23.0,189.2,6.0,0.3865546218487395,0,24.555555555555557,43,99.59,,2026-09-21T12:00Z,,,,,0.2,0.0,0.0,nasa_power_ml_plus_cams_spectral,0.3,low,0.4,21.5,poor locally,,,,,False,43,61.7,4.0,3,horizontal environmental reference,W,,sun below horizon — no direct-sun posture,99.2,False,,,50.0,0.0,0.0,,not specified,Environmental scores are skin-type independent.,not personalized
2026-09-28T20:00,deterministic,best_match,75.4,46,53.2,75.3,61.9,1006.1,996.2,79199.48,0,0,0,0,0,3,0.0,0.0,0.0,0.0,2.6,195,3.8,0.0,0.0,0.0,0,0.0,9.7,0.0,17093.176,410.105,11.7,0.0,0.001,1.62,0.0,0.0,0.0,0.0,0.0,0.0,0.0,0.0,0.0,0.0,23,17,11,3,18,0,0,0,0,0,2417.979,4842.52,10255.905,19215.878,31628.354,America/Los_Angeles,34.03202,-118.52633,86.0,52.09648609161377,,,,,,,,,0.0,0.0,0.0,23.0,0.0,0.0,0.6,,,,,,,,,,,,,,,,,2026-09-29 03:00:00+00:00,106.91463006424908,-16.914630064249085,278.7997943077238,0.0,0.0,0.0,0.0,0.0,0.0,,0,24.111111111111114,46,99.62,,2026-09-21T12:00Z,,,,,0.2,0.0,0.0,nasa_power_ml_plus_cams_spectral,0.0,low,0.0,,poor locally,,,,,False,46,61.9,2.6,3,horizontal environmental reference,W,,sun below horizon — no direct-sun posture,99.2,False,,,50.0,0.0,0.0,,not specified,Environmental scores are skin-type independent.,not personalized
2026-09-28T21:00,deterministic,best_match,75.6,45,52.8,75.7,61.8,1006.4,996.5,79199.48,0,0,0,0,0,3,0.0,0.0,0.0,0.0,1.9,159,3.6,0.0,0.0,0.0,0,0.0,9.7,0.0,17093.176,295.276,11.8,0.0,0.001,1.67,0.0,0.0,0.0,0.0,0.0,0.0,0.0,0.0,0.0,0.0,24,18,11,3,22,0,0,0,0,0,2424.541,4849.082,10262.467,19222.442,31633.646,America/Los_Angeles,34.03202,-118.52633,86.0,52.09648609161377,,,,,,,,,0.0,0.0,0.0,24.0,0.0,0.0,0.6,,,,,,,,,,,,,,,,,2026-09-29 04:00:00+00:00,118.99893572490402,-28.998935724904022,288.4619060789412,0.0,0.0,0.0,0.0,0.0,0.0,,0,24.22222222222222,45,99.65,,2026-09-21T12:00Z,,,,,0.2,0.0,0.0,nasa_power_ml_plus_cams_spectral,0.0,low,0.0,,poor locally,,,,,False,45,61.8,1.9,3,horizontal environmental reference,WNW,,sun below horizon — no direct-sun posture,99.2,False,,,50.0,0.0,0.0,,not specified,Environmental scores are skin-type independent.,not personalized
2026-09-28T22:00,deterministic,best_match,76.4,41,50.9,75.6,61.3,1006.8,996.9,79199.48,0,0,0,0,0,3,0.0,0.0,0.0,0.0,2.6,128,4.0,0.0,0.0,0.0,0,0.0,9.6,0.0,17060.368,196.85,11.7,0.0,0.001,1.83,0.0,0.0,0.0,0.0,0.0,0.0,0.0,0.0,0.0,0.0,25,19,10,3,24,0,0,0,0,0,2427.822,4852.363,10265.748,19232.284,31638.938,America/Los_Angeles,34.03202,-118.52633,86.0,52.09648609161377,,,,,,,,,0.0,0.0,0.0,25.0,0.0,0.0,0.6,,,,,,,,,,,,,,,,,2026-09-29 05:00:00+00:00,130.3293535611802,-40.3293535611802,300.44882552652757,0.0,0.0,0.0,0.0,0.0,0.0,,0,24.66666666666667,41,99.69,,2026-09-21T12:00Z,,,,,0.2,0.0,0.0,nasa_power_ml_plus_cams_spectral,0.0,low,0.0,,poor locally,,,,,False,41,61.3,2.6,3,horizontal environmental reference,WNW,,sun below horizon — no direct-sun posture,99.2,False,,,50.0,0.0,0.0,,not specified,Environmental scores are skin-type independent.,not personalized
2026-09-28T23:00,deterministic,best_match,76.8,39,50.0,75.6,61.0,1007.0,997.1,79199.48,0,0,0,0,0,3,0.0,0.0,0.0,0.0,2.9,113,4.0,0.0,0.0,0.0,0,0.0,9.5,0.0,17060.368,114.829,11.6,0.0,0.001,1.92,0.0,0.0,0.0,0.0,0.0,0.0,0.0,0.0,0.0,0.0,25,19,10,3,28,0,0,0,0,0,2434.383,4858.924,10272.31,19238.846,31644.23,America/Los_Angeles,34.03202,-118.52633,86.0,52.09648609161377,,,,,,,,,0.0,0.0,0.0,28.0,0.0,0.0,0.6,,,,,,,,,,,,,,,,,2026-09-29 06:00:00+00:00,140.08964882626913,-50.08964882626912,316.7041545361833,0.0,0.0,0.0,0.0,0.0,0.0,,0,24.88888888888889,39,99.71000000000001,,2026-09-21T12:00Z,,,,,0.2,0.0,0.0,nasa_power_ml_plus_cams_spectral,0.0,low,0.0,,poor locally,,,,,False,39,61.0,2.9,3,horizontal environmental reference,NW,,sun below horizon — no direct-sun posture,99.2,False,,,50.0,0.0,0.0,,not specified,Environmental scores are skin-type independent.,not personalized
2026-09-29T00:00,deterministic,best_match,76.4,39,49.7,75.5,60.7,1006.9,997.0,79199.48,0,0,0,0,0,2,0.0,0.0,0.0,0.0,2.0,96,3.4,0.0,0.0,0.0,0,0.0,9.7,0.0,17093.176,65.617,11.5,0.0,0.001,1.9,0.0,0.0,0.0,0.0,0.0,0.0,0.0,0.0,0.0,0.0,25,19,10,3,32,0,0,0,0,0,2427.822,4852.363,10265.748,19232.284,31633.646,America/Los_Angeles,34.03202,-118.52633,86.0,52.09648609161377,,,,,,,,,0.0,0.0,0.0,32.0,0.0,0.0,0.6,,,,,,,,,,,,,,,,,2026-09-29 07:00:00+00:00,146.74523070900776,-56.74523070900775,339.41841263074105,0.0,0.0,0.0,0.0,0.0,0.0,,0,24.66666666666667,39,99.7,,2026-09-21T12:00Z,,,,,0.2,0.0,0.0,nasa_power_ml_plus_cams_spectral,0.0,low,0.0,,poor locally,,,,,False,39,60.7,2.0,2,horizontal environmental reference,NNW,,sun below horizon — no direct-sun posture,99.5,False,,,50.0,0.0,0.0,,not specified,Environmental scores are skin-type independent.,not personalized
2026-09-29T01:00,deterministic,best_match,75.8,39,49.1,75.2,60.2,1006.6,996.7,79199.48,0,0,0,0,0,2,0.0,0.0,0.0,0.0,0.9,45,2.5,0.0,0.0,0.0,0,0.0,10.0,0.0,17125.984,49.213,11.4,0.0,0.0,1.86,0.0,0.0,0.0,0.0,0.0,0.0,0.0,0.0,0.0,0.0,24,19,11,3,34,0,0,0,0,0,2424.541,4845.801,10255.905,19222.442,31628.354,America/Los_Angeles,34.03202,-118.52633,86.0,52.09648609161377,,,,,,,,,0.0,0.0,0.0,34.0,0.0,0.0,0.6,,,,,,,,,,,,,,,,,2026-09-29 08:00:00+00:00,148.21707826154812,-58.21707826154813,7.370820141892409,0.0,0.0,0.0,0.0,0.0,0.0,,0,24.333333333333332,39,99.67,,2026-09-21T12:00Z,,,,,0.2,0.0,0.0,nasa_power_ml_plus_cams_spectral,0.0,low,0.0,,poor locally,,,,,False,39,60.2,0.9,2,horizontal environmental reference,N,,sun below horizon — no direct-sun posture,99.5,False,,,50.0,0.0,0.0,,not specified,Environmental scores are skin-type independent.,not personalized
2026-09-29T02:00,deterministic,best_match,75.4,39,48.7,74.3,59.9,1006.4,996.5,79199.48,0,0,0,0,0,2,0.0,0.0,0.0,0.0,1.6,344,1.6,0.0,0.0,0.0,0,0.0,10.3,0.0,17158.792,32.808,11.2,0.0,0.0,1.83,0.0,0.0,0.0,0.0,0.0,0.0,0.0,0.0,0.0,0.0,23,18,11,3,36,0,0,0,0,0,2417.979,4839.239,10249.344,19215.878,31617.772,America/Los_Angeles,34.03202,-118.52633,86.0,52.09648609161377,,,,,,,,,0.0,0.0,0.0,36.0,0.0,0.0,0.6,,,,,,,,,,,,,,,,,2026-09-29 09:00:00+00:00,143.85702418951686,-53.85702418951686,33.24029151330126,0.0,0.0,0.0,0.0,0.0,0.0,,0,24.111111111111114,39,99.65,,2026-09-21T12:00Z,,,,,0.2,0.0,0.0,nasa_power_ml_plus_cams_spectral,0.0,low,0.0,,poor locally,,,,,False,39,59.9,1.6,2,horizontal environmental reference,NNE,,sun below horizon — no direct-sun posture,99.5,False,,,50.0,0.0,0.0,,not specified,Environmental scores are skin-type independent.,not personalized
2026-09-29T03:00,deterministic,best_match,75.3,36,46.5,73.4,58.9,1006.3,996.4,79199.48,0,0,0,0,0,2,0.0,0.0,0.0,0.0,2.3,343,1.1,0.0,0.0,0.0,0,0.0,10.6,0.0,17125.984,32.808,10.9,0.0,0.001,1.92,0.0,0.0,0.0,0.0,0.0,0.0,0.0,0.0,0.0,0.0,23,17,11,3,38,0,0,0,0,0,2417.979,4839.239,10249.344,19212.598,31612.478,America/Los_Angeles,34.03202,-118.52633,86.0,52.09648609161377,,,,,,,,,0.0,0.0,0.0,38.0,0.0,0.0,0.6,,,,,,,,,,,,,,,,,2026-09-29 10:00:00+00:00,135.36881919037432,-45.368819190374325,52.449360221598795,0.0,0.0,0.0,0.0,0.0,0.0,,0,24.055555555555554,36,99.64,,2026-09-21T12:00Z,,,,,0.2,0.0,0.0,nasa_power_ml_plus_cams_spectral,0.0,low,0.0,,poor locally,,,,,False,36,58.9,2.3,2,horizontal environmental reference,NE,,sun below horizon — no direct-sun posture,99.5,False,,,50.0,0.0,0.0,,not specified,Environmental scores are skin-type independent.,not personalized
2026-09-29T04:00,deterministic,best_match,75.5,32,43.5,72.5,57.8,1006.2,996.3,79199.48,0,0,0,0,0,2,0.0,0.0,0.0,0.0,3.2,348,0.9,0.0,0.0,0.0,0,0.0,11.0,0.0,17125.984,32.808,10.6,0.0,0.002,2.05,0.0,0.0,0.0,0.0,0.0,0.0,0.0,0.0,0.0,0.0,23,17,12,3,38,0,0,0,0,0,2414.698,4835.958,10246.063,19209.318,31612.478,America/Los_Angeles,34.03202,-118.52633,86.0,52.09648609161377,,,,,,,,,0.0,0.0,0.0,38.0,0.0,0.0,0.6,,,,,,,,,,,,,,,,,2026-09-29 11:00:00+00:00,124.67268967237803,-34.672689672378034,66.23701053925862,0.0,0.0,0.0,0.0,0.0,0.0,,0,24.166666666666668,32,99.63,,2026-09-21T12:00Z,,,,,0.2,0.0,0.0,nasa_power_ml_plus_cams_spectral,0.0,low,0.0,,poor locally,,,,,False,32,57.8,3.2,2,horizontal environmental reference,ENE,,sun below horizon — no direct-sun posture,99.5,False,,,50.0,0.0,0.0,,not specified,Environmental scores are skin-type independent.,not personalized
2026-09-29T05:00,deterministic,best_match,75.7,29,41.2,72.0,57.0,1006.2,996.3,79199.48,0,0,0,0,0,2,0.0,0.0,0.0,0.0,3.6,349,0.9,0.0,0.0,0.0,0,0.0,11.3,0.0,17093.176,32.808,10.3,0.0,0.002,2.16,0.0,0.0,0.0,0.0,0.0,0.0,0.0,0.0,0.0,0.0,22,16,12,3,38,0,0,0,0,0,2414.698,4835.958,10246.063,19206.038,31607.19,America/Los_Angeles,34.03202,-118.52633,86.0,52.09648609161377,,,,,,,,,0.0,0.0,0.0,38.0,0.0,0.0,0.6,,,,,,,,,,,,,,,,,2026-09-29 12:00:00+00:00,112.89368554973112,-22.893685549731114,76.85186283431824,0.0,0.0,0.0,0.0,0.0,0.0,,0,24.277777777777782,29,99.63,,2026-09-21T12:00Z,,,,,0.2,0.0,0.0,nasa_power_ml_plus_cams_spectral,0.0,low,0.0,,poor locally,,,,,False,29,57.0,3.6,2,horizontal environmental reference,ENE,,sun below horizon — no direct-sun posture,99.5,False,,,50.0,0.0,0.0,,not specified,Environmental scores are skin-type independent.,not personalized
2026-09-29T06:00,deterministic,best_match,75.9,27,39.5,71.6,56.4,1006.5,996.6,79199.48,0,0,0,0,0,2,0.0,0.0,0.0,0.0,4.3,348,1.1,0.0,0.0,0.0,0,0.0,11.6,0.0,17060.368,0.0,9.9,0.0,0.003,2.23,0.0,0.0,0.0,0.0,0.0,0.0,0.0,0.0,0.0,0.0,21,15,12,3,40,0,0,0,0,0,2424.541,4845.801,10255.905,19212.598,31612.478,America/Los_Angeles,34.03202,-118.52633,86.0,52.09648609161377,,,,,,,,,0.0,0.0,0.0,40.0,0.0,0.0,0.6,,,,,,,,,,,,,,,,,2026-09-29 13:00:00+00:00,100.62158917259595,-10.621589172595947,85.86157041209248,0.0,0.0,0.0,0.0,0.0,0.0,,0,24.388888888888893,27,99.66,,2026-09-21T12:00Z,,,,,0.2,0.0,0.0,nasa_power_ml_plus_cams_spectral,0.0,low,0.0,0.0,poor locally,,,,,False,27,56.4,4.3,2,horizontal environmental reference,E,,sun below horizon — no direct-sun posture,99.5,False,,,50.0,0.0,0.0,,not specified,Environmental scores are skin-type independent.,not personalized
2026-09-29T07:00,deterministic,best_match,76.2,25,37.8,71.3,55.9,1006.8,996.9,79199.48,0,0,0,0,0,2,0.0,0.0,0.0,0.0,4.9,344,1.6,0.0,0.0,0.0,1,0.0,11.9,0.0,16994.75,0.0,9.5,0.0,0.005,2.31,0.0,0.0,0.0,0.0,3.1,0.0,0.0,0.0,0.0,42.7,19,15,11,3,40,0,0,0,0,0,2434.383,4858.924,10265.748,19219.16,31617.772,America/Los_Angeles,34.03202,-118.52633,86.0,52.09648609161377,,,0.0,0.0,,,,,0.0,0.0,0.0,40.0,0.0,0.0,0.75,,,,,,,,,,,,,,,,,2026-09-29 14:00:00+00:00,87.9171329496933,2.0828670503067066,94.30526104395642,1.9983529293063198,5.935788394527532,1.7826174033914104,0.0,0.0,0.0,0.0,0,24.555555555555557,25,99.69,,2026-09-21T12:00Z,,,,,0.2,0.314,0.0,nasa_power_ml_plus_cams_spectral,0.2,low,0.0,0.0,poor locally,32.6,77.6,48.3,48.3,False,25,55.9,4.9,2,horizontal environmental reference,E,87.9,"sun low 2° (E) — face E, lift torso ~88° toward the sun if comfortable",99.5,False,,,50.0,0.6,0.6,,not specified,Environmental scores are skin-type independent.,not personalized
2026-09-29T08:00,deterministic,best_match,77.5,23,36.8,72.6,56.1,1007.2,997.3,79199.48,0,0,0,0,0,2,0.0,0.0,0.0,0.0,4.5,340,2.0,0.55,0.55,3600.0,1,0.0,11.8,0.0,16961.944,82.021,9.2,0.0,0.005,2.48,102.0,72.0,30.0,498.7,188.3,179.2,126.5,52.7,875.9,331.4,18,14,11,3,42,0,0,0,0,0,2444.226,4868.767,10275.591,19225.722,31623.064,America/Los_Angeles,34.03202,-118.52633,86.0,52.09648609161377,1.0,0.0,0.5416887944768985,0.5407362703681352,0.7058823529411765,0.29411764705882354,0.7059151785714286,0.29408482142857145,1.0,0.0,0.0,42.0,0.0,64.8,1.0,,,,,,,,,,,,,,,,,2026-09-29 15:00:00+00:00,75.87327862516099,14.126721374839004,103.01175370038663,150.9091478115739,370.08933683620745,60.58243880696564,102.0,498.7,30.0,0.5416887944768985,0,25.27777777777778,23,99.72999999999999,,2026-09-21T12:00Z,,,,,0.2,5.567,0.0291,nasa_power_ml_plus_cams_spectral,5.1,low,18.3,46.4,poor locally,41.4,58.7,47.5,47.5,False,23,56.1,4.5,2,horizontal environmental reference,ESE,75.9,"sun low 14° (ESE) — face ESE, lift torso ~76° toward the sun if comfortable",99.5,False,,,50.0,10.8,10.7,,not specified,Environmental scores are skin-type independent.,not personalized
2026-09-29T09:00,deterministic,best_match,80.9,20,36.1,76.7,57.2,1007.6,997.8,79199.48,0,0,0,0,0,2,0.0,0.0,0.0,0.0,2.7,336,2.2,2.1,2.1,3600.0,1,0.0,11.2,0.0,16961.944,442.913,9.1,0.0,0.009,2.89,323.0,273.0,50.0,797.2,466.1,412.3,348.4,63.8,1017.5,595.2,17,13,11,3,42,0,0,0,0,0,2454.068,4878.609,10285.434,19235.564,31633.646,America/Los_Angeles,34.03202,-118.52633,86.0,52.09648609161377,1.0,0.0,0.6929843381248659,0.6927083333333333,0.8452012383900929,0.15479876160990713,0.8450157652195003,0.1547416929420325,1.0,0.0,0.10000000000002274,42.0,0.0,76.9,1.0,,,,,,,,,,,,,,,,,2026-09-29 16:00:00+00:00,64.09014441926637,25.909855580733637,112.85227164538531,358.93473981780755,601.1689586066909,96.25004557407487,323.0,797.2,50.0,0.6929843381248659,0,27.16666666666667,20,99.78,,2026-09-21T12:00Z,,,,,0.2,17.764,0.2274,nasa_power_ml_plus_cams_spectral,17.3,low,37.9,53.9,below typical locally,60.9,55.1,58.9,58.9,False,20,57.2,2.7,2,horizontal environmental reference,ESE,64.1,"sun low 26° (ESE) — face ESE, lift torso ~64° toward the sun if comfortable",99.5,False,,,50.0,26.2,26.1,,not specified,Environmental scores are skin-type independent.,not personalized
2026-09-29T10:00,deterministic,best_match,85.4,16,34.1,81.7,58.2,1007.9,998.2,79199.48,0,0,0,0,0,2,0.0,0.0,0.0,0.0,0.5,243,2.2,3.55,3.55,3600.0,1,0.0,10.2,0.0,16929.134,918.635,9.1,0.0,0.013,3.5,526.0,463.0,63.0,888.5,709.8,604.6,532.2,72.4,1021.3,816.1,16,13,10,3,44,0,0,0,0,0,2460.63,4888.452,10298.557,19248.688,31649.524,America/Los_Angeles,34.03202,-118.52633,86.0,52.09648609161377,1.0,0.0,0.741053817976895,0.7408405832618552,0.8802281368821293,0.11977186311787072,0.8802514058881906,0.11974859411180946,1.0,0.0,0.0,44.0,0.0,85.4,1.0,,,,,,,,,,,,,,,,,2026-09-29 17:00:00+00:00,53.22384663421704,36.77615336578296,124.96603973993888,542.9652424660817,711.8983388878364,116.75862632812101,526.0,888.5,63.0,0.741053817976895,0,29.66666666666667,16,99.82000000000001,,2026-09-21T12:00Z,,,,,0.2,30.463,0.6187,nasa_power_ml_plus_cams_spectral,29.5,low-moderate,55.6,48.9,typical-to-good locally,62.1,53.0,58.9,58.9,False,16,58.2,0.5,2,horizontal environmental reference,SE,53.2,"sun 37° up (SE) — lay flat, or lift torso ~53° toward SE to face it",99.5,False,,,50.0,37.9,37.7,,not specified,Environmental scores are skin-type independent.,not personalized
2026-09-29T11:00,deterministic,best_match,88.7,14,33.4,85.7,59.1,1008.0,998.3,79199.48,0,0,0,0,0,2,0.0,0.0,0.0,0.0,2.5,185,2.5,4.9,4.9,3600.0,1,0.0,9.5,0.0,16929.134,1328.74,9.1,0.0,0.02,3.97,690.0,620.0,70.0,936.0,902.8,748.1,672.2,75.9,1014.7,978.9,15,12,10,3,42,0,0,0,0,0,2470.473,4898.294,10308.399,19258.532,31660.106,America/Los_Angeles,34.03202,-118.52633,86.0,52.09648609161377,1.0,0.0,0.7642888790429775,0.7642251506793339,0.8985507246376812,0.10144927536231885,0.8985429755380298,0.10145702446197033,1.0,0.0,0.0,42.0,0.0,92.8,1.0,,,,,,,,,,,,,,,,,2026-09-29 18:00:00+00:00,44.1109872151524,45.8890127848476,140.88088864734675,680.8913610363195,768.295096506965,129.26098720957873,690.0,936.0,70.0,0.7642888790429775,0,31.500000000000004,14,99.83,,2026-09-21T12:00Z,,,,,0.2,40.897,1.0408,nasa_power_ml_plus_cams_spectral,40.1,moderate,72.0,42.9,typical-to-good locally,83.6,51.0,72.2,72.2,False,14,59.1,2.5,2,horizontal environmental reference,SE,44.1,"sun 46° up (SE) — lay flat, or lift torso ~44° toward SE to face it",99.5,False,,,50.0,48.1,47.9,,not specified,Environmental scores are skin-type independent.,not personalized
2026-09-29T12:00,deterministic,best_match,89.6,14,34.1,87.3,59.6,1007.7,998.1,79199.48,0,0,0,0,0,1,0.0,0.0,0.0,0.0,3.9,193,2.9,6.25,6.25,3600.0,1,0.0,9.2,0.0,16863.518,1624.016,9.2,0.0,0.024,4.09,811.0,740.0,71.0,977.7,1031.8,843.0,769.2,73.8,1016.3,1072.6,15,11,10,3,38,0,0,0,0,0,2463.911,4891.733,10305.118,19255.25,31660.106,America/Los_Angeles,34.03202,-118.52633,86.0,52.09648609161377,1.0,0.0,0.786005039736383,0.7859407048293866,0.9124537607891492,0.08754623921085081,0.9124555160142349,0.08754448398576511,1.0,0.0,0.0,38.0,0.0,98.9,1.0,,,,,,,,,,,,,,,,,2026-09-29 19:00:00+00:00,38.1253269865148,51.8746730134852,161.88216077201957,760.7676213542259,794.4277606432507,135.82133859270698,811.0,977.7,71.0,0.786005039736383,0,32.0,14,99.81,,2026-09-21T12:00Z,,,,,0.2,47.843,1.285,nasa_power_ml_plus_cams_spectral,48.6,moderate,87.1,58.1,good locally,90.4,50.5,76.4,76.4,False,14,59.6,3.9,1,horizontal environmental reference,SSE,38.1,"sun 52° up (SSE) — lay flat, or lift torso ~38° toward SSE to face it",99.8,False,,,50.0,57.8,57.7,,not specified,Environmental scores are skin-type independent.,not personalized
2026-09-29T13:00,deterministic,best_match,89.3,15,35.6,87.3,60.1,1007.2,997.6,79199.48,0,0,0,0,0,1,0.0,0.0,0.0,0.0,5.1,203,3.6,6.65,6.65,3600.0,1,0.0,9.2,0.0,16765.092,1820.866,9.4,0.0,0.026,4.01,860.0,786.0,74.0,985.1,1088.0,862.1,787.9,74.2,987.5,1090.8,15,11,10,3,34,0,0,0,0,0,2454.068,4885.171,10301.837,19248.688,31654.812,America/Los_Angeles,34.03202,-118.52633,86.0,52.09648609161377,1.0,0.0,0.7904411764705882,0.7903373670700404,0.913953488372093,0.08604651162790698,0.9139310984804546,0.0860689015195453,1.0,0.0,0.0,34.0,0.0,99.0,1.0,,,,,,,,,,,,,,,,,2026-09-29 20:00:00+00:00,36.871039489347716,53.128960510652284,186.5331089456411,776.2997004895756,799.0714898168709,137.05206354626205,860.0,985.1,74.0,0.7904411764705882,0,31.833333333333332,15,99.76,,2026-09-21T12:00Z,,,,,0.2,50.15,1.3571,nasa_power_ml_plus_cams_spectral,51.3,strong,91.2,66.2,excellent locally,90.2,51.6,76.7,76.7,False,15,60.1,5.1,1,horizontal environmental reference,S,36.9,"sun 53° up (S) — lay flat, or lift torso ~37° toward S to face it",99.8,False,,,50.0,60.9,60.8,,not specified,Environmental scores are skin-type independent.,not personalized
2026-09-29T14:00,deterministic,best_match,88.7,17,38.3,86.4,60.8,1006.8,997.1,79199.48,0,0,0,0,0,1,0.0,0.0,0.0,0.0,6.0,211,4.5,6.35,6.35,3600.0,1,0.0,9.0,0.0,16699.475,1853.675,9.5,0.0,0.026,3.83,840.0,765.0,75.0,977.3,1067.7,812.0,739.5,72.5,944.6,1032.2,15,10,10,3,28,0,0,0,0,0,2447.507,4878.609,10298.557,19245.406,31654.812,America/Los_Angeles,34.03202,-118.52633,86.0,52.09648609161377,1.0,0.0,0.7867378477100309,0.7866692501453206,0.9107142857142857,0.08928571428571429,0.9107142857142857,0.08928571428571429,1.0,0.0,0.0,28.0,0.0,98.9,1.0,,,,,,,,,,,,,,,,,2026-09-29 21:00:00+00:00,40.79521964050476,49.20478035949524,209.7153794445216,726.2871328845836,783.6314609566805,133.03927243351416,840.0,977.3,75.0,0.7867378477100309,0,31.500000000000004,17,99.71000000000001,,2026-09-21T12:00Z,,,,,0.2,48.314,1.2614,nasa_power_ml_plus_cams_spectral,49.2,moderate,88.0,73.4,good locally,89.3,53.6,76.8,76.8,False,17,60.8,6.0,1,horizontal environmental reference,SSW,40.8,"sun 49° up (SSW) — lay flat, or lift torso ~41° toward SSW to face it",99.8,False,,,50.0,59.7,59.6,,not specified,Environmental scores are skin-type independent.,not personalized
2026-09-29T15:00,deterministic,best_match,88.2,18,39.4,85.0,61.1,1006.6,996.9,79199.48,0,0,0,0,0,1,0.0,0.0,0.0,0.0,6.5,218,5.8,5.2,5.2,3600.0,1,0.0,8.5,0.0,16666.666,1574.803,9.4,0.0,0.024,3.74,754.0,686.0,68.0,962.8,972.2,698.5,635.5,63.0,892.0,900.8,15,9,9,3,22,0,0,0,0,0,2444.226,4875.328,10298.557,19242.126,31654.812,America/Los_Angeles,34.03202,-118.52633,86.0,52.09648609161377,1.0,0.0,0.7755605842419255,0.7754218472468917,0.9098143236074271,0.09018567639257294,0.9098067287043665,0.0901932712956335,1.0,0.0,0.0,22.0,0.0,94.8,1.0,,,,,,,,,,,,,,,,,2026-09-29 22:00:00+00:00,48.64096431402932,41.35903568597068,227.95186609856532,614.5840911516965,743.2434688834784,123.46709418094252,754.0,962.8,68.0,0.7755605842419255,0,31.222222222222225,18,99.69,,2026-09-21T12:00Z,,,,,0.2,42.43,0.9276,nasa_power_ml_plus_cams_spectral,41.9,moderate,75.2,75.0,good locally,64.7,54.7,61.2,61.2,False,18,61.1,6.5,1,horizontal environmental reference,SW,48.6,"sun 41° up (SW) — lay flat, or lift torso ~49° toward SW to face it",99.8,False,,,50.0,51.3,51.2,,not specified,Environmental scores are skin-type independent.,not personalized
2026-09-29T16:00,deterministic,best_match,87.6,20,41.6,83.3,61.7,1006.5,996.8,79199.48,0,0,0,0,0,1,0.0,0.0,0.0,0.0,6.8,224,7.4,3.9,3.9,3600.0,1,0.0,8.0,0.0,16633.857,1115.486,9.1,0.0,0.02,3.57,610.0,544.0,66.0,919.1,807.9,532.6,475.0,57.6,802.5,705.5,14,9,8,3,18,0,0,0,0,0,2437.664,4872.048,10295.275,19242.126,31660.106,America/Los_Angeles,34.03202,-118.52633,86.0,52.09648609161377,1.0,0.0,0.755043941081817,0.754925584691708,0.8918032786885246,0.10819672131147541,0.8918512955313556,0.10814870446864439,1.0,0.0,0.0,18.0,0.0,86.6,1.0,,,,,,,,,,,,,,,,,2026-09-29 23:00:00+00:00,58.81826061449927,31.181739385500727,241.6425246758235,450.29750792138026,662.7453691378917,107.15819568174174,610.0,919.1,66.0,0.755043941081817,0,30.888888888888886,20,99.67999999999999,,2026-09-21T12:00Z,,,,,0.2,31.771,0.5873,nasa_power_ml_plus_cams_spectral,31.4,low-moderate,57.8,90.7,typical-to-good locally,60.6,56.0,59.0,59.0,False,20,61.7,6.8,1,horizontal environmental reference,WSW,58.8,"sun 31° up (WSW) — lay flat, or lift torso ~59° toward WSW to face it",99.8,False,,,50.0,42.1,42.0,,not specified,Environmental scores are skin-type independent.,not personalized
2026-09-29T17:00,deterministic,best_match,86.3,22,43.0,81.8,61.8,1006.5,996.8,79199.48,0,0,0,0,0,1,0.0,0.0,0.0,0.0,6.6,225,8.1,2.45,2.45,3600.0,1,0.0,7.7,0.0,16601.051,738.189,9.1,0.0,0.015,3.35,421.0,363.0,58.0,846.0,586.0,330.1,284.6,45.5,663.2,459.7,14,8,7,3,14,0,0,0,0,0,2434.383,4868.767,10295.275,19238.846,31660.106,America/Los_Angeles,34.03202,-118.52633,86.0,52.09648609161377,1.0,0.0,0.7184300341296929,0.7180770067435285,0.8622327790973872,0.1377672209026128,0.8621629809148743,0.13783701908512572,1.0,0.0,0.0,14.0,0.0,75.1,1.0,,,,,,,,,,,,,,,,,2026-09-30 00:00:00+00:00,70.25447872739333,19.745521272606663,252.37632867207085,249.61245953399225,501.43496036632826,80.20609470023007,421.0,846.0,58.0,0.7184300341296929,0,30.166666666666668,22,99.67999999999999,,2026-09-21T12:00Z,,,,,0.2,20.684,0.18,nasa_power_ml_plus_cams_spectral,20.2,low-moderate,41.9,100.0,below typical locally,33.2,57.9,41.8,41.8,False,22,61.8,6.6,1,horizontal environmental reference,WSW,70.3,"sun low 20° (WSW) — face WSW, lift torso ~70° toward the sun if comfortable",99.8,False,,,50.0,29.5,29.4,,not specified,Environmental scores are skin-type independent.,not personalized
2026-09-29T18:00,deterministic,best_match,84.1,26,45.5,80.3,62.0,1006.8,997.1,79199.48,0,0,0,0,0,0,0.0,0.0,0.0,0.0,6.2,221,7.4,1.05,1.05,3600.0,1,0.0,7.8,0.0,16633.857,541.339,9.4,0.0,0.009,2.95,201.0,155.0,46.0,658.9,321.7,112.2,86.5,25.7,367.7,180.0,15,8,4,3,12,0,0,0,0,0,2444.226,4875.328,10305.118,19248.688,31675.98,America/Los_Angeles,34.03202,-118.52633,86.0,52.09648609161377,1.0,0.0,0.6248057196145478,0.6233333333333333,0.7711442786069652,0.22885572139303484,0.7709447415329768,0.22905525846702315,1.0,0.0,0.0,15.0,0.0,58.6,1.0,,,,,,,,,,,,,,,,,2026-09-30 01:00:00+00:00,82.29853149689589,7.701468503104103,261.47917510619754,50.54762028440198,159.05883366648777,29.231893958260784,201.0,658.9,46.0,0.6248057196145478,0,28.944444444444443,26,99.71000000000001,,2026-09-21T12:00Z,,,,,0.2,7.416,0.0408,nasa_power_ml_plus_cams_spectral,7.8,low,22.2,100.0,poor locally,33.2,68.5,45.6,45.6,False,26,62.0,6.2,0,horizontal environmental reference,W,82.3,"sun low 8° (W) — face W, lift torso ~82° toward the sun if comfortable",100.0,False,,,50.0,15.3,15.3,,not specified,Environmental scores are skin-type independent.,not personalized
2026-09-29T19:00,deterministic,best_match,81.4,32,48.7,78.8,62.3,1007.2,997.4,79199.48,0,0,0,0,0,0,0.0,0.0,0.0,0.0,5.4,210,6.0,0.1,0.1,2193.39,0,0.0,8.2,0.0,16699.475,426.509,9.8,0.0,0.004,2.49,21.0,16.0,5.0,183.3,55.2,0.0,0.0,0.0,0.0,0.0,16,7,3,3,10,0,0,0,0,0,2454.068,4881.89,10311.68,19255.25,31686.562,America/Los_Angeles,34.03202,-118.52633,86.0,52.09648609161377,1.0,0.0,0.3804347826086956,,0.7619047619047619,0.23809523809523808,,,0.609275,0.0,0.0,16.0,0.0,36.5,1.0,,,,,,,,,,,,,,,,,2026-09-30 02:00:00+00:00,94.80789295273237,-4.807892952732376,269.9200478562559,0.0,0.0,0.0,21.0,183.3,5.0,0.3804347826086956,0,27.44444444444445,32,99.74,,2026-09-21T12:00Z,,,,,0.2,0.0,0.0,nasa_power_ml_plus_cams_spectral,0.3,low,0.4,25.5,poor locally,,,,,False,32,62.3,5.4,0,horizontal environmental reference,W,,sun below horizon — no direct-sun posture,100.0,False,,,50.0,0.0,0.0,,not specified,Environmental scores are skin-type independent.,not personalized
2026-09-29T20:00,deterministic,best_match,79.1,36,49.9,77.3,61.9,1007.7,997.9,79199.48,0,0,0,0,0,0,0.0,0.0,0.0,0.0,4.5,198,4.7,0.0,0.0,0.0,0,0.0,8.6,0.0,16732.283,344.488,10.3,0.0,0.003,2.18,0.0,0.0,0.0,0.0,0.0,0.0,0.0,0.0,0.0,0.0,17,7,4,3,10,0,0,0,0,0,2463.911,4888.452,10321.522,19265.092,31702.44,America/Los_Angeles,34.03202,-118.52633,86.0,52.09648609161377,,,,,,,,,0.0,0.0,0.0,17.0,0.0,0.0,0.6,,,,,,,,,,,,,,,,,2026-09-30 03:00:00+00:00,107.2049328233522,-17.20493282335219,278.516303709683,0.0,0.0,0.0,0.0,0.0,0.0,,0,26.166666666666664,36,99.78999999999999,,2026-09-21T12:00Z,,,,,0.2,0.0,0.0,nasa_power_ml_plus_cams_spectral,0.0,low,0.0,,poor locally,,,,,False,36,61.9,4.5,0,horizontal environmental reference,W,,sun below horizon — no direct-sun posture,100.0,False,,,50.0,0.0,0.0,,not specified,Environmental scores are skin-type independent.,not personalized
2026-09-29T21:00,deterministic,best_match,78.0,39,51.0,76.9,62.0,1008.2,998.3,79199.48,0,0,0,0,0,0,0.0,0.0,0.0,0.0,3.4,180,3.4,0.0,0.0,0.0,0,0.0,8.9,0.0,16765.092,278.871,10.9,0.0,0.002,2.0,0.0,0.0,0.0,0.0,0.0,0.0,0.0,0.0,0.0,0.0,18,7,11,3,10,0,0,0,0,0,2473.754,4895.013,10328.084,19271.654,31713.022,America/Los_Angeles,34.03202,-118.52633,86.0,52.09648609161377,,,,,,,,,0.0,0.0,0.0,18.0,0.0,0.0,0.6,,,,,,,,,,,,,,,,,2026-09-30 04:00:00+00:00,119.30359046069495,-29.303590460694956,288.1702291504131,0.0,0.0,0.0,0.0,0.0,0.0,,0,25.555555555555557,39,99.83,,2026-09-21T12:00Z,,,,,0.2,0.0,0.0,nasa_power_ml_plus_cams_spectral,0.0,low,0.0,,poor locally,,,,,False,39,62.0,3.4,0,horizontal environmental reference,WNW,,sun below horizon — no direct-sun posture,100.0,False,,,50.0,0.0,0.0,,not specified,Environmental scores are skin-type independent.,not personalized
2026-09-29T22:00,deterministic,best_match,77.3,41,51.8,76.9,62.1,1008.7,998.8,79199.48,0,0,0,0,0,0,0.0,0.0,0.0,0.0,2.4,146,1.8,0.0,0.0,0.0,0,0.0,9.2,0.0,16797.9,246.063,11.5,0.0,0.001,1.89,0.0,0.0,0.0,0.0,0.0,0.0,0.0,0.0,0.0,0.0,18,8,20,3,8,0,0,0,0,0,2480.315,4904.856,10337.927,19278.214,31723.604,America/Los_Angeles,34.03202,-118.52633,86.0,52.09648609161377,,,,,,,,,0.0,0.0,0.0,20.0,0.0,0.0,0.6,,,,,,,,,,,,,,,,,2026-09-30 05:00:00+00:00,130.659733009386,-40.65973300938602,300.15914190488525,0.0,0.0,0.0,0.0,0.0,0.0,,0,25.166666666666668,41,99.88,,2026-09-21T12:00Z,,,,,0.2,0.0,0.0,nasa_power_ml_plus_cams_spectral,0.0,low,0.0,,poor locally,,,,,False,41,62.1,2.4,0,horizontal environmental reference,WNW,,sun below horizon — no direct-sun posture,100.0,False,,,50.0,0.0,0.0,,not specified,Environmental scores are skin-type independent.,not personalized
2026-09-29T23:00,deterministic,best_match,76.8,42,52.0,76.5,61.9,1008.9,999.0,79199.48,0,0,0,0,0,0,0.0,0.0,0.0,0.0,2.2,114,0.9,0.0,0.0,0.0,0,0.0,9.5,0.0,16830.708,213.255,12.0,0.0,0.001,1.83,0.0,0.0,0.0,0.0,0.0,0.0,0.0,0.0,0.0,0.0,18,8,28,3,8,0,0,0,0,0,2490.158,4911.418,10344.488,19284.778,31734.19,America/Los_Angeles,34.03202,-118.52633,86.0,52.09648609161377,,,,,,,,,0.0,0.0,0.0,28.0,0.0,0.0,0.6,,,,,,,,,,,,,,,,,2026-09-30 06:00:00+00:00,140.45589704637604,-50.45589704637603,316.4641984348896,0.0,0.0,0.0,0.0,0.0,0.0,,0,24.88888888888889,42,99.9,,2026-09-21T12:00Z,,,,,0.2,0.0,0.0,nasa_power_ml_plus_cams_spectral,0.0,low,0.0,,poor locally,,,,,False,42,61.9,2.2,0,horizontal environmental reference,NW,,sun below horizon — no direct-sun posture,100.0,False,,,50.0,0.0,0.0,,not specified,Environmental scores are skin-type independent.,not personalized
2026-09-30T00:00,deterministic,best_match,76.2,42,51.4,76.0,61.4,1008.7,998.8,79199.48,0,0,0,0,0,2,0.0,0.0,0.0,0.0,1.4,108,1.1,0.0,0.0,0.0,0,0.0,10.0,0.0,16830.708,147.638,12.4,0.0,0.0,1.79,0.0,0.0,0.0,0.0,0.0,0.0,0.0,0.0,0.0,0.0,18,8,34,3,8,0,0,0,0,0,2483.596,4904.856,10341.207,19281.496,31734.19,America/Los_Angeles,34.03202,-118.52633,86.0,52.09648609161377,,,,,,,,,0.0,0.0,0.0,34.0,0.0,0.0,0.6,,,,,,,,,,,,,,,,,2026-09-30 07:00:00+00:00,147.1407847277299,-57.14078472772992,339.355619745142,0.0,0.0,0.0,0.0,0.0,0.0,,0,24.555555555555557,42,99.88,,2026-09-21T12:00Z,,,,,0.2,0.0,0.0,nasa_power_ml_plus_cams_spectral,0.0,low,0.0,,poor locally,,,,,False,42,61.4,1.4,2,horizontal environmental reference,NNW,,sun below horizon — no direct-sun posture,99.5,False,,,50.0,0.0,0.0,,not specified,Environmental scores are skin-type independent.,not personalized
2026-09-30T01:00,deterministic,best_match,75.8,42,51.1,75.9,61.1,1008.3,998.4,79199.48,0,0,0,0,0,2,0.0,0.0,0.0,0.0,0.5,207,2.0,0.0,0.0,0.0,0,0.0,10.6,0.0,16863.518,98.425,12.7,0.0,0.0,1.77,0.0,0.0,0.0,0.0,0.0,0.0,0.0,0.0,0.0,0.0,17,8,40,3,8,0,0,0,0,0,2477.034,4901.575,10337.927,19274.934,31734.19,America/Los_Angeles,34.03202,-118.52633,86.0,52.09648609161377,,,,,,,,,0.0,0.0,0.0,40.0,0.0,0.0,0.6,,,,,,,,,,,,,,,,,2026-09-30 08:00:00+00:00,148.59415572786446,-58.594155727864454,7.607906457077888,0.0,0.0,0.0,0.0,0.0,0.0,,0,24.333333333333332,42,99.84,,2026-09-21T12:00Z,,,,,0.2,0.0,0.0,nasa_power_ml_plus_cams_spectral,0.0,low,0.0,,poor locally,,,,,False,42,61.1,0.5,2,horizontal environmental reference,N,,sun below horizon — no direct-sun posture,99.5,False,,,50.0,0.0,0.0,,not specified,Environmental scores are skin-type independent.,not personalized
2026-09-30T02:00,deterministic,best_match,75.7,40,49.7,75.2,60.5,1007.9,998.0,79199.48,0,0,0,0,0,2,0.0,0.0,0.0,0.0,1.1,281,2.7,0.0,0.0,0.0,0,0.0,11.0,0.0,16863.518,49.213,13.0,0.0,0.0,1.82,0.0,0.0,0.0,0.0,0.0,0.0,0.0,0.0,0.0,0.0,16,8,44,3,8,0,0,0,0,0,2470.473,4895.013,10334.646,19271.654,31734.19,America/Los_Angeles,34.03202,-118.52633,86.0,52.09648609161377,,,,,,,,,0.0,0.0,0.0,44.0,0.0,0.0,0.6,,,,,,,,,,,,,,,,,2026-09-30 09:00:00+00:00,144.16452556512763,-54.16452556512764,33.667556517636456,0.0,0.0,0.0,0.0,0.0,0.0,,0,24.277777777777782,40,99.8,,2026-09-21T12:00Z,,,,,0.2,0.0,0.0,nasa_power_ml_plus_cams_spectral,0.0,low,0.0,,poor locally,,,,,False,40,60.5,1.1,2,horizontal environmental reference,NNE,,sun below horizon — no direct-sun posture,99.5,False,,,50.0,0.0,0.0,,not specified,Environmental scores are skin-type independent.,not personalized
2026-09-30T03:00,deterministic,best_match,76.4,36,47.4,74.7,59.7,1007.6,997.7,79199.48,0,0,0,0,0,2,0.0,0.0,0.0,0.0,2.3,331,2.9,0.0,0.0,0.0,0,0.0,11.2,0.0,16732.283,32.808,13.4,0.0,0.001,1.98,0.0,0.0,0.0,0.0,0.0,0.0,0.0,0.0,0.0,0.0,15,8,48,3,8,0,0,0,0,0,2467.192,4895.013,10334.646,19265.092,31734.19,America/Los_Angeles,34.03202,-118.52633,86.0,52.09648609161377,,,,,,,,,0.0,0.0,0.0,48.0,0.0,0.0,0.6,,,,,,,,,,,,,,,,,2026-09-30 10:00:00+00:00,135.6061176876703,-45.6061176876703,52.90327170985563,0.0,0.0,0.0,0.0,0.0,0.0,,0,24.66666666666667,36,99.77000000000001,,2026-09-21T12:00Z,,,,,0.2,0.0,0.0,nasa_power_ml_plus_cams_spectral,0.0,low,0.0,,poor locally,,,,,False,36,59.7,2.3,2,horizontal environmental reference,NE,,sun below horizon — no direct-sun posture,99.5,False,,,50.0,0.0,0.0,,not specified,Environmental scores are skin-type independent.,not personalized
2026-09-30T04:00,deterministic,best_match,77.3,30,43.5,74.0,58.5,1007.4,997.5,79199.48,0,0,0,0,0,2,0.0,0.0,0.0,0.0,4.1,351,2.9,0.0,0.0,0.0,0,0.0,11.4,0.0,16568.242,49.213,13.9,0.0,0.002,2.24,0.0,0.0,0.0,0.0,0.0,0.0,0.0,0.0,0.0,0.0,15,8,51,4,6,0,0,0,0,0,2463.911,4891.733,10334.646,19258.532,31728.896,America/Los_Angeles,34.03202,-118.52633,86.0,52.09648609161377,,,,,,,,,0.0,0.0,0.0,51.0,0.0,0.0,0.6,,,,,,,,,,,,,,,,,2026-09-30 11:00:00+00:00,124.86201767760605,-34.86201767760605,66.66169883560508,0.0,0.0,0.0,0.0,0.0,0.0,,0,25.166666666666668,30,99.75,,2026-09-21T12:00Z,,,,,0.2,0.0,0.0,nasa_power_ml_plus_cams_spectral,0.0,low,0.0,,poor locally,,,,,False,30,58.5,4.1,2,horizontal environmental reference,ENE,,sun below horizon — no direct-sun posture,99.5,False,,,50.0,0.0,0.0,,not specified,Environmental scores are skin-type independent.,not personalized
2026-09-30T05:00,deterministic,best_match,78.2,25,39.5,73.6,57.4,1007.4,997.6,79199.48,0,0,0,0,0,2,0.0,0.0,0.0,0.0,5.2,355,2.9,0.0,0.0,0.0,0,0.0,11.5,0.0,16437.008,49.213,14.3,0.0,0.004,2.48,0.0,0.0,0.0,0.0,0.0,0.0,0.0,0.0,0.0,0.0,14,8,53,4,6,0,0,0,0,0,2460.63,4891.733,10334.646,19251.968,31728.896,America/Los_Angeles,34.03202,-118.52633,86.0,52.09648609161377,,,,,,,,,0.0,0.0,0.0,53.0,0.0,0.0,0.6,,,,,,,,,,,,,,,,,2026-09-30 12:00:00+00:00,113.05545805170497,-23.055458051704974,77.24553416157244,0.0,0.0,0.0,0.0,0.0,0.0,,0,25.666666666666668,25,99.76,,2026-09-21T12:00Z,,,,,0.2,0.0,0.0,nasa_power_ml_plus_cams_spectral,0.0,low,0.0,,poor locally,,,,,False,25,57.4,5.2,2,horizontal environmental reference,ENE,,sun below horizon — no direct-sun posture,99.5,False,,,50.0,0.0,0.0,,not specified,Environmental scores are skin-type independent.,not personalized
2026-09-30T06:00,deterministic,best_match,78.6,22,36.6,73.6,56.4,1007.6,997.8,79199.48,0,0,0,0,0,2,0.0,0.0,0.0,0.0,4.6,346,2.9,0.0,0.0,0.0,0,0.0,11.8,0.0,16141.732,16.404,14.6,0.0,0.003,2.61,0.0,0.0,0.0,0.0,0.0,0.0,0.0,0.0,0.0,0.0,14,8,54,4,6,0,0,0,0,0,2470.473,4904.856,10347.77,19258.532,31734.19,America/Los_Angeles,34.03202,-118.52633,86.0,52.09648609161377,,,,,,,,,0.0,0.0,0.0,54.0,0.0,0.0,0.6,,,,,,,,,,,,,,,,,2026-09-30 13:00:00+00:00,100.77123877351298,-10.771238773512973,86.2356605054174,0.0,0.0,0.0,0.0,0.0,0.0,,0,25.888888888888886,22,99.78,,2026-09-21T12:00Z,,,,,0.2,0.0,0.0,nasa_power_ml_plus_cams_spectral,0.0,low,0.0,0.0,poor locally,,,,,False,22,56.4,4.6,2,horizontal environmental reference,E,,sun below horizon — no direct-sun posture,99.5,False,,,50.0,0.0,0.0,,not specified,Environmental scores are skin-type independent.,not personalized
2026-09-30T07:00,deterministic,best_match,79.0,21,35.7,74.2,56.3,1008.0,998.2,79199.48,0,0,0,0,0,2,0.0,0.0,0.0,0.0,3.7,322,2.9,0.0,0.0,0.0,1,0.0,12.1,0.0,15813.648,0.0,14.9,0.0,0.004,2.67,0.0,0.0,0.0,0.0,2.6,0.0,0.0,0.0,0.0,39.2,14,9,54,6,6,0,0,0,0,0,2483.596,4914.698,10360.893,19265.092,31744.774,America/Los_Angeles,34.03202,-118.52633,86.0,52.09648609161377,,,0.0,0.0,,,,,0.0,0.0,0.0,54.0,0.0,0.0,0.75,,,,,,,,,,,,,,,,,2026-09-30 14:00:00+00:00,88.05637340054986,1.943626599450146,94.67282726141963,1.6564168917251565,4.846253122108196,1.492050508761204,0.0,0.0,0.0,0.0,0,26.11111111111111,21,99.82000000000001,,2026-09-21T12:00Z,,,,,0.2,0.311,0.0,nasa_power_ml_plus_cams_spectral,0.2,low,0.0,0.0,poor locally,32.9,58.6,41.9,41.9,False,21,56.3,3.7,2,horizontal environmental reference,E,88.1,"sun low 2° (E) — face E, lift torso ~88° toward the sun if comfortable",99.5,False,,,50.0,0.5,0.5,,not specified,Environmental scores are skin-type independent.,not personalized
2026-09-30T08:00,deterministic,best_match,80.0,19,34.1,75.2,56.1,1008.3,998.5,79199.48,0,0,0,0,0,2,0.0,0.0,0.0,0.0,3.1,291,2.9,0.55,0.55,3600.0,1,0.0,12.0,0.0,15518.373,49.213,15.1,0.0,0.004,2.84,96.0,69.0,27.0,482.6,184.7,170.0,122.2,47.8,854.6,327.9,14,9,53,6,6,0,0,0,0,0,2493.438,4927.822,10374.016,19271.654,31750.062,America/Los_Angeles,34.03202,-118.52633,86.0,52.09648609161377,1.0,0.0,0.5197617758527342,0.5184507471790181,0.71875,0.28125,0.7188235294117648,0.28117647058823525,1.0,0.0,0.0,53.0,0.0,64.5,1.0,,,,,,,,,,,,,,,,,2026-09-30 15:00:00+00:00,76.03488654065956,13.965113459340444,103.38492005098203,148.23984910155502,365.8073380992539,59.95917926685057,96.0,482.6,27.0,0.5197617758527342,0,26.666666666666668,19,99.85,,2026-09-21T12:00Z,,,,,0.2,5.158,0.0295,nasa_power_ml_plus_cams_spectral,4.8,low,18.0,45.5,poor locally,40.7,39.9,40.4,40.4,False,19,56.1,3.1,2,horizontal environmental reference,ESE,76.0,"sun low 14° (ESE) — face ESE, lift torso ~76° toward the sun if comfortable",99.5,False,,,50.0,10.1,10.0,,not specified,Environmental scores are skin-type independent.,not personalized
2026-09-30T09:00,deterministic,best_match,82.7,17,33.5,77.9,57.0,1008.5,998.7,79199.48,0,0,0,0,0,2,0.0,0.0,0.0,0.0,2.9,261,2.9,2.05,2.05,3600.0,1,0.0,11.2,0.0,15518.373,328.084,15.0,0.0,0.009,3.17,312.0,264.0,48.0,777.3,462.5,398.8,337.5,61.4,993.7,591.5,14,9,52,6,6,0,0,0,0,0,2500.0,4934.384,10383.858,19278.214,31760.648,America/Los_Angeles,34.03202,-118.52633,86.0,52.09648609161377,1.0,0.0,0.6745945945945946,0.674218089602705,0.8461538461538461,0.15384615384615385,0.8462888665997994,0.15396188565697091,1.0,0.0,-0.0999999999999659,52.0,0.0,76.3,1.0,,,,,,,,,,,,,,,,,2026-09-30 16:00:00+00:00,64.27774466600951,25.722255333990496,113.24042525792339,355.8390043224776,598.9796010191137,95.87643301360532,312.0,777.3,48.0,0.6745945945945946,0,28.166666666666668,17,99.87,,2026-09-21T12:00Z,,,,,0.2,17.034,0.2222,nasa_power_ml_plus_cams_spectral,16.7,low,37.6,52.8,below typical locally,59.2,41.7,53.1,53.1,False,17,57.0,2.9,2,horizontal environmental reference,ESE,64.3,"sun low 26° (ESE) — face ESE, lift torso ~64° toward the sun if comfortable",99.5,False,,,50.0,25.2,25.1,,not specified,Environmental scores are skin-type independent.,not personalized
2026-09-30T10:00,deterministic,best_match,86.2,15,33.1,81.1,58.1,1008.7,999.0,79199.48,0,0,0,0,0,2,0.0,0.0,0.0,0.0,3.3,228,3.1,3.55,3.55,3600.0,1,0.0,10.0,0.0,15518.373,705.381,14.8,0.0,0.015,3.63,510.0,447.0,63.0,862.9,706.0,586.5,514.1,72.5,992.4,812.1,13,10,51,7,6,0,0,0,0,0,2506.562,4944.226,10390.42,19288.058,31776.522,America/Los_Angeles,34.03202,-118.52633,86.0,52.09648609161377,1.0,0.0,0.7223796033994334,0.722201699298116,0.8764705882352941,0.12352941176470589,0.8765558397271953,0.12361466325660699,1.0,0.0,-0.10000000000002274,51.0,0.0,85.0,1.0,,,,,,,,,,,,,,,,,2026-09-30 17:00:00+00:00,53.45311304095314,36.54688695904686,125.36947043640924,539.5891825703103,710.5576381009341,116.46602950761826,510.0,862.9,63.0,0.7223796033994334,0,30.111111111111114,15,99.9,,2026-09-21T12:00Z,,,,,0.2,29.647,0.6186,nasa_power_ml_plus_cams_spectral,29.0,low-moderate,55.4,48.2,typical-to-good locally,61.7,48.4,57.0,57.0,False,15,58.1,3.3,2,horizontal environmental reference,SE,53.5,"sun 37° up (SE) — lay flat, or lift torso ~54° toward SE to face it",99.5,False,,,50.0,37.2,37.0,,not specified,Environmental scores are skin-type independent.,not personalized
2026-09-30T11:00,deterministic,best_match,88.7,14,33.4,84.6,59.1,1008.6,998.9,79199.48,0,0,0,0,0,2,0.0,0.0,0.0,0.0,4.3,215,3.6,4.9,4.9,3600.0,1,0.0,8.9,0.0,15518.373,1033.465,14.7,0.0,0.02,3.97,672.0,601.0,71.0,911.9,898.7,728.7,651.7,77.0,988.9,974.6,12,11,50,7,6,0,0,0,0,0,2513.123,4950.788,10400.263,19294.62,31787.106,America/Los_Angeles,34.03202,-118.52633,86.0,52.09648609161377,1.0,0.0,0.7477467452987648,0.7476913605581778,0.8943452380952381,0.1056547619047619,0.8943323727185398,0.10566762728146013,1.0,0.0,0.0,50.0,0.0,92.5,1.0,,,,,,,,,,,,,,,,,2026-09-30 18:00:00+00:00,44.39920794061412,45.60079205938588,141.27125469057313,677.2121983698759,767.2994852602848,128.99025765110616,672.0,911.9,71.0,0.7477467452987648,0,31.500000000000004,14,99.89,,2026-09-21T12:00Z,,,,,0.2,40.055,1.0114,nasa_power_ml_plus_cams_spectral,39.6,moderate,71.5,41.6,typical-to-good locally,79.4,49.1,68.8,68.8,False,14,59.1,4.3,2,horizontal environmental reference,SE,44.4,"sun 46° up (SE) — lay flat, or lift torso ~44° toward SE to face it",99.5,False,,,50.0,47.2,47.0,,not specified,Environmental scores are skin-type independent.,not personalized
2026-09-30T12:00,deterministic,best_match,89.3,14,33.9,86.0,59.5,1008.1,998.4,79199.48,0,0,0,0,0,2,0.0,0.0,0.0,0.0,5.6,217,4.3,6.2,6.2,3600.0,1,0.0,8.1,0.0,15452.756,1263.123,14.8,0.0,0.025,4.05,791.0,721.0,70.0,957.3,1027.3,822.2,749.4,72.8,995.1,1068.0,11,14,49,7,6,0,0,0,0,0,2496.719,4940.945,10390.42,19284.778,31781.814,America/Los_Angeles,34.03202,-118.52633,86.0,52.09648609161377,1.0,0.0,0.7699795580648302,0.7698501872659177,0.911504424778761,0.08849557522123894,0.9114570664072001,0.0885429335927998,1.0,0.0,1.1368683772161603e-13,49.0,0.0,98.6,1.0,,,,,,,,,,,,,,,,,2026-09-30 19:00:00+00:00,38.47931640350021,51.52068359649979,162.17056190256187,756.7486605686397,793.5334927485927,135.5445894053869,791.0,957.3,70.0,0.7699795580648302,0,31.833333333333332,14,99.84,,2026-09-21T12:00Z,,,,,0.2,47.111,1.2475,nasa_power_ml_plus_cams_spectral,48.0,moderate,86.8,57.5,good locally,89.3,46.9,74.5,74.5,False,14,59.5,5.6,2,horizontal environmental reference,SSE,38.5,"sun 52° up (SSE) — lay flat, or lift torso ~38° toward SSE to face it",99.5,False,,,50.0,57.1,56.8,,not specified,Environmental scores are skin-type independent.,not personalized
2026-09-30T13:00,deterministic,best_match,89.1,16,37.1,86.2,60.6,1007.3,997.6,79199.48,0,0,0,0,0,2,0.0,0.0,0.0,0.0,7.0,222,4.9,6.55,6.55,3600.0,1,0.0,7.5,0.0,15419.947,1427.165,15.1,0.0,0.027,3.94,838.0,765.0,73.0,963.6,1083.2,839.9,766.7,73.2,965.8,1085.7,10,18,48,7,8,0,0,0,0,0,2483.596,4927.822,10383.858,19278.214,31771.23,America/Los_Angeles,34.03202,-118.52633,86.0,52.09648609161377,1.0,0.0,0.7736336779911374,0.7736022842405821,0.9128878281622912,0.08711217183770883,0.9128467674723182,0.08715323252768187,1.0,0.0,-1.1368683772161603e-13,48.0,0.0,98.6,1.0,,,,,,,,,,,,,,,,,2026-09-30 20:00:00+00:00,37.26501491484171,52.73498508515829,186.6075958896264,771.9193413367647,798.1077200814923,136.75061809639578,838.0,963.6,73.0,0.7736336779911374,0,31.72222222222222,16,99.76,,2026-09-21T12:00Z,,,,,0.2,49.533,1.3091,nasa_power_ml_plus_cams_spectral,50.6,strong,90.7,64.7,excellent locally,90.9,47.1,75.6,75.6,False,16,60.6,7.0,2,horizontal environmental reference,S,37.3,"sun 53° up (S) — lay flat, or lift torso ~37° toward S to face it",99.5,False,,,50.0,60.1,59.8,,not specified,Environmental scores are skin-type independent.,not personalized
2026-09-30T14:00,deterministic,best_match,89.2,17,38.7,85.9,61.2,1006.6,997.0,79199.48,0,0,0,0,0,2,0.0,0.0,0.0,0.0,7.9,227,6.0,6.25,6.25,3600.0,1,0.0,6.8,0.0,15354.331,1541.995,15.4,0.0,0.027,3.9,817.0,742.0,75.0,953.2,1062.4,789.4,717.0,72.5,921.0,1026.7,9,22,47,10,8,0,0,0,0,0,2467.192,4917.979,10374.016,19268.374,31765.938,America/Los_Angeles,34.03202,-118.52633,86.0,52.09648609161377,1.0,0.0,0.7690135542168675,0.7688711405473848,0.9082007343941249,0.09179926560587515,0.9082847732455029,0.09184190524448949,1.0,0.0,-0.10000000000002274,47.0,0.0,98.5,1.0,,,,,,,,,,,,,,,,,2026-09-30 21:00:00+00:00,41.18260449857805,48.81739550142195,209.58666167997586,721.5498563784471,782.4128006404652,132.69435743746624,817.0,953.2,75.0,0.7690135542168675,0,31.777777777777782,17,99.7,,2026-09-21T12:00Z,,,,,0.2,47.415,1.2368,nasa_power_ml_plus_cams_spectral,48.3,moderate,87.3,71.7,good locally,90.2,47.3,75.2,75.2,False,17,61.2,7.9,2,horizontal environmental reference,SSW,41.2,"sun 49° up (SSW) — lay flat, or lift torso ~41° toward SSW to face it",99.5,False,,,50.0,58.7,58.4,,not specified,Environmental scores are skin-type independent.,not personalized
2026-09-30T15:00,deterministic,best_match,90.4,18,41.1,86.5,62.5,1006.1,996.5,79199.48,0,0,0,0,0,2,0.0,0.0,0.0,0.0,8.4,228,8.1,5.15,5.15,3600.0,1,0.0,5.9,0.0,15321.522,1624.016,15.8,0.0,0.025,4.0,732.0,662.0,70.0,935.1,966.4,677.7,612.9,64.8,865.8,894.9,10,24,47,19,8,0,0,0,0,0,2457.349,4911.418,10367.454,19261.81,31765.938,America/Los_Angeles,34.03202,-118.52633,86.0,52.09648609161377,1.0,0.0,0.7574503311258278,0.7572913174656387,0.9043715846994536,0.09562841530054644,0.9043824701195218,0.09561752988047807,1.0,0.0,1.1368683772161603e-13,47.0,0.0,94.0,1.0,,,,,,,,,,,,,,,,,2026-09-30 22:00:00+00:00,48.997178565471216,41.002821434528784,227.72076717003137,609.5298912149279,741.4765742333509,123.04993395681834,732.0,935.1,70.0,0.7574503311258278,0,32.44444444444445,18,99.65,,2026-09-21T12:00Z,,,,,0.2,40.831,0.9222,nasa_power_ml_plus_cams_spectral,40.9,moderate,74.0,72.2,typical-to-good locally,62.5,44.8,56.3,56.3,False,18,62.5,8.4,2,horizontal environmental reference,SW,49.0,"sun 41° up (SW) — lay flat, or lift torso ~49° toward SW to face it",99.5,False,,,50.0,49.6,49.4,,not specified,Environmental scores are skin-type independent.,not personalized
2026-09-30T16:00,deterministic,best_match,91.9,18,42.4,86.9,63.5,1005.6,996.0,79199.48,0,0,0,0,0,2,0.0,0.0,0.0,0.0,8.4,228,10.5,3.9,3.9,3600.0,1,0.0,5.1,0.0,15288.714,1640.42,16.3,0.0,0.022,4.19,589.0,521.0,68.0,887.5,801.7,513.6,454.3,59.3,773.8,699.2,11,26,47,30,10,0,0,0,0,0,2447.507,4901.575,10364.173,19255.25,31765.938,America/Los_Angeles,34.03202,-118.52633,86.0,52.09648609161377,1.0,0.0,0.7346887863290508,0.7345537757437071,0.8845500848896435,0.11544991511035653,0.8845404984423676,0.11545950155763239,1.0,0.0,0.0,47.0,0.0,85.3,1.0,,,,,,,,,,,,,,,,,2026-09-30 23:00:00+00:00,59.14321836836761,30.856781631632387,241.37785386510473,445.0244522878206,659.8207249217144,106.60645031638012,589.0,887.5,68.0,0.7346887863290508,0,33.277777777777786,18,99.6,,2026-09-21T12:00Z,,,,,0.2,30.685,0.5623,nasa_power_ml_plus_cams_spectral,30.8,low-moderate,57.5,90.0,typical-to-good locally,57.1,36.6,49.9,49.9,False,18,63.5,8.4,2,horizontal environmental reference,WSW,59.1,"sun 31° up (WSW) — lay flat, or lift torso ~59° toward WSW to face it",99.5,False,,,50.0,40.5,40.3,,not specified,Environmental scores are skin-type independent.,not personalized
2026-09-30T17:00,deterministic,best_match,92.8,18,43.1,87.8,64.1,1005.3,995.7,79199.48,0,0,0,0,0,2,0.0,0.0,0.0,0.0,7.7,232,11.9,2.45,2.45,3600.0,1,0.0,4.6,0.0,15255.905,1509.186,16.7,0.0,0.016,4.31,403.0,345.0,58.0,813.5,579.6,314.9,269.6,45.3,635.6,453.1,12,27,48,40,10,0,0,0,0,0,2437.664,4895.013,10357.611,19248.688,31765.938,America/Los_Angeles,34.03202,-118.52633,86.0,52.09648609161377,1.0,0.0,0.6953071083505866,0.6949900684175678,0.8560794044665012,0.14392059553349876,0.8561448078755162,0.14385519212448397,1.0,0.0,-5.684341886080802e-14,48.0,0.0,73.8,1.0,,,,,,,,,,,,,,,,,2026-10-01 00:00:00+00:00,70.55627910840417,19.443720891595838,252.1042416261815,244.38287301947682,495.7987157675226,79.34100813937658,403.0,813.5,58.0,0.6953071083505866,0,33.77777777777778,18,99.57000000000001,,2026-09-21T12:00Z,,,,,0.2,19.712,0.1842,nasa_power_ml_plus_cams_spectral,19.6,low,41.2,99.9,below typical locally,32.7,17.2,27.3,27.3,False,18,64.1,7.7,2,horizontal environmental reference,WSW,70.6,"sun low 19° (WSW) — face WSW, lift torso ~71° toward the sun if comfortable",99.5,False,,,50.0,27.1,27.0,,not specified,Environmental scores are skin-type independent.,not personalized
2026-09-30T18:00,deterministic,best_match,92.5,18,42.8,88.1,63.9,1005.3,995.7,79199.48,0,0,0,0,0,3,0.0,0.0,0.0,0.0,5.9,250,11.4,1.05,1.05,3600.0,1,0.0,4.9,0.0,15288.714,1099.081,16.9,0.0,0.009,4.26,189.0,146.0,43.0,634.3,315.0,103.6,80.1,23.6,347.8,173.2,12,28,49,44,10,0,0,0,0,0,2444.226,4901.575,10364.173,19255.25,31776.522,America/Los_Angeles,34.03202,-118.52633,86.0,52.09648609161377,1.0,0.0,0.6,0.5981524249422633,0.7724867724867724,0.2275132275132275,0.7731660231660231,0.22779922779922782,1.0,0.0,-0.09999999999999432,49.0,0.0,57.1,1.0,,,,,,,,,,,,,,,,,2026-10-01 01:00:00+00:00,82.58378681040236,7.416213189597646,261.20542325128594,46.825731012516286,148.75860022430365,27.624534970728018,189.0,634.3,43.0,0.6,0,33.611111111111114,18,99.57000000000001,,2026-09-21T12:00Z,,,,,0.2,7.246,0.0573,nasa_power_ml_plus_cams_spectral,7.7,low,22.3,100.0,poor locally,32.9,57.1,41.4,41.4,False,18,63.9,5.9,3,horizontal environmental reference,W,82.6,"sun low 7° (W) — face W, lift torso ~83° toward the sun if comfortable",99.2,False,,,50.0,15.0,14.9,,not specified,Environmental scores are skin-type independent.,not personalized
2026-09-30T19:00,deterministic,best_match,91.4,17,40.5,86.9,62.6,1005.4,995.8,79199.48,0,0,0,0,0,3,0.0,0.0,0.0,0.0,5.2,290,9.8,0.1,0.1,2109.57,0,0.0,5.6,0.0,15354.331,541.339,17.0,0.0,0.005,4.17,18.0,13.0,5.0,153.5,51.1,0.0,0.0,0.0,0.0,0.0,12,28,51,47,12,0,0,0,0,0,2447.507,4904.856,10367.454,19258.532,31787.106,America/Los_Angeles,34.03202,-118.52633,86.0,52.09648609161377,1.0,0.0,0.3522504892367906,,0.7222222222222222,0.2777777777777778,,,0.5859916666666667,0.0,0.0,51.0,0.0,34.8,1.0,,,,,,,,,,,,,,,,,2026-10-01 02:00:00+00:00,95.09233462318294,-5.092334623182936,269.6427571427648,0.0,0.0,0.0,18.0,153.5,5.0,0.3522504892367906,0,33.00000000000001,17,99.58,,2026-09-21T12:00Z,,,,,0.2,0.0,0.0,nasa_power_ml_plus_cams_spectral,0.3,low,0.4,31.8,poor locally,,,,,False,17,62.6,5.2,3,horizontal environmental reference,W,,sun below horizon — no direct-sun posture,99.2,False,,,50.0,0.0,0.0,,not specified,Environmental scores are skin-type independent.,not personalized
2026-09-30T20:00,deterministic,best_match,90.3,17,39.6,85.3,61.9,1005.6,996.0,79199.48,0,0,0,0,0,3,0.0,0.0,0.0,0.0,6.0,318,8.1,0.0,0.0,0.0,0,0.0,6.2,0.0,15387.14,131.234,17.1,0.0,0.005,4.03,0.0,0.0,0.0,0.0,0.0,0.0,0.0,0.0,0.0,0.0,12,28,52,50,14,0,0,0,0,0,2454.068,4911.418,10374.016,19265.092,31797.69,America/Los_Angeles,34.03202,-118.52633,86.0,52.09648609161377,,,,,,,,,0.0,0.0,0.0,52.0,0.0,0.0,0.6,,,,,,,,,,,,,,,,,2026-10-01 03:00:00+00:00,107.49360303593002,-17.493603035930025,278.23156316058754,0.0,0.0,0.0,0.0,0.0,0.0,,0,32.388888888888886,17,99.6,,2026-09-21T12:00Z,,,,,0.2,0.0,0.0,nasa_power_ml_plus_cams_spectral,0.0,low,0.0,,poor locally,,,,,False,17,61.9,6.0,3,horizontal environmental reference,W,,sun below horizon — no direct-sun posture,99.2,False,,,50.0,0.0,0.0,,not specified,Environmental scores are skin-type independent.,not personalized
2026-09-30T21:00,deterministic,best_match,89.3,17,38.8,84.1,61.2,1005.8,996.2,79199.48,0,0,0,0,0,3,0.0,0.0,0.0,0.0,6.1,332,6.3,0.0,0.0,0.0,0,0.0,6.6,0.0,15354.331,16.404,17.3,0.0,0.005,3.91,0.0,0.0,0.0,0.0,0.0,0.0,0.0,0.0,0.0,0.0,12,28,52,51,18,0,0,0,0,0,2457.349,4911.418,10374.016,19265.092,31797.69,America/Los_Angeles,34.03202,-118.52633,86.0,52.09648609161377,,,,,,,,,0.0,0.0,0.0,52.0,0.0,0.0,0.6,,,,,,,,,,,,,,,,,2026-10-01 04:00:00+00:00,119.6063868853314,-29.606386885331396,287.87633874985215,0.0,0.0,0.0,0.0,0.0,0.0,,0,31.833333333333332,17,99.62,,2026-09-21T12:00Z,,,,,0.2,0.0,0.0,nasa_power_ml_plus_cams_spectral,0.0,low,0.0,,poor locally,,,,,False,17,61.2,6.1,3,horizontal environmental reference,WNW,,sun below horizon — no direct-sun posture,99.2,False,,,50.0,0.0,0.0,,not specified,Environmental scores are skin-type independent.,not personalized
2026-09-30T22:00,deterministic,best_match,88.2,17,37.9,83.1,60.5,1006.1,996.4,79199.48,0,0,0,0,0,3,0.0,0.0,0.0,0.0,5.4,341,4.5,0.0,0.0,0.0,0,0.0,7.0,0.0,15354.331,49.213,17.5,0.0,0.005,3.78,0.0,0.0,0.0,0.0,0.0,0.0,0.0,0.0,0.0,0.0,12,28,51,53,22,0,0,0,0,0,2457.349,4914.698,10377.297,19265.092,31792.396,America/Los_Angeles,34.03202,-118.52633,86.0,52.09648609161377,,,,,,,,,0.0,0.0,0.0,53.0,0.0,0.0,0.6,,,,,,,,,,,,,,,,,2026-10-01 05:00:00+00:00,130.98820540097404,-40.98820540097404,299.86586703080945,0.0,0.0,0.0,0.0,0.0,0.0,,0,31.222222222222225,17,99.64,,2026-09-21T12:00Z,,,,,0.2,0.0,0.0,nasa_power_ml_plus_cams_spectral,0.0,low,0.0,,poor locally,,,,,False,17,60.5,5.4,3,horizontal environmental reference,WNW,,sun below horizon — no direct-sun posture,99.2,False,,,50.0,0.0,0.0,,not specified,Environmental scores are skin-type independent.,not personalized
2026-09-30T23:00,deterministic,best_match,87.2,17,37.1,82.3,59.9,1006.2,996.5,79199.48,0,0,0,0,0,3,0.0,0.0,0.0,0.0,4.7,352,3.4,0.0,0.0,0.0,0,0.0,7.4,0.0,15321.522,82.021,17.7,0.0,0.004,3.66,0.0,0.0,0.0,0.0,0.0,0.0,0.0,0.0,0.0,0.0,12,28,51,56,26,0,0,0,0,0,2460.63,4914.698,10377.297,19265.092,31792.396,America/Los_Angeles,34.03202,-118.52633,86.0,52.09648609161377,,,,,,,,,0.0,0.0,0.0,56.0,0.0,0.0,0.6,,,,,,,,,,,,,,,,,2026-10-01 06:00:00+00:00,140.8205863864405,-50.82058638644051,316.21930967735454,0.0,0.0,0.0,0.0,0.0,0.0,,0,30.666666666666668,17,99.65,,2026-09-21T12:00Z,,,,,0.2,0.0,0.0,nasa_power_ml_plus_cams_spectral,0.0,low,0.0,,poor locally,,,,,False,17,59.9,4.7,3,horizontal environmental reference,NW,,sun below horizon — no direct-sun posture,99.2,False,,,50.0,0.0,0.0,,not specified,Environmental scores are skin-type independent.,not personalized
2026-10-01T00:00,deterministic,best_match,86.2,18,37.7,81.7,59.7,1006.0,996.3,79199.48,0,0,0,0,0,3,0.0,0.0,0.0,0.0,3.8,7,3.1,0.0,0.0,0.0,0,0.0,7.7,0.0,15288.714,65.617,17.6,0.0,0.003,3.5,0.0,0.0,0.0,0.0,0.0,0.0,0.0,0.0,0.0,0.0,12,28,51,61,28,0,0,0,1,0,2450.787,4904.856,10364.173,19255.25,31776.522,America/Los_Angeles,34.03202,-118.52633,86.0,52.09648609161377,,,,,,,,,0.0,0.0,0.0,61.0,1.0,0.0,0.6,,,,,,,,,,,,,,,,,2026-10-01 07:00:00+00:00,147.53552778939184,-57.53552778939185,339.289523235513,0.0,0.0,0.0,0.0,0.0,0.0,,0,30.111111111111114,18,99.63,,2026-09-21T12:00Z,,,,,0.2,0.0,0.0,nasa_power_ml_plus_cams_spectral,0.0,low,0.0,,poor locally,,,,,False,18,59.7,3.8,3,horizontal environmental reference,NNW,,sun below horizon — no direct-sun posture,99.2,False,,,50.0,0.0,0.0,,not specified,Environmental scores are skin-type independent.,not personalized
2026-10-01T01:00,deterministic,best_match,85.2,20,39.6,81.3,60.1,1005.6,995.9,79199.48,0,0,0,0,0,3,0.0,0.0,0.0,0.0,3.3,28,3.6,0.0,0.0,0.0,0,0.0,8.0,0.0,15288.714,65.617,17.4,0.0,0.002,3.31,0.0,0.0,0.0,0.0,0.0,0.0,0.0,0.0,0.0,0.0,13,29,51,70,26,0,0,0,1,0,2437.664,4891.733,10354.331,19242.126,31760.648,America/Los_Angeles,34.03202,-118.52633,86.0,52.09648609161377,,,,,,,,,0.0,0.0,0.0,70.0,1.0,0.0,0.6,,,,,,,,,,,,,,,,,2026-10-01 08:00:00+00:00,148.9704881412112,-58.97048814121121,7.847684947443611,0.0,0.0,0.0,0.0,0.0,0.0,,0,29.555555555555557,20,99.59,,2026-09-21T12:00Z,,,,,0.2,0.0,0.0,nasa_power_ml_plus_cams_spectral,0.0,low,0.0,,poor locally,,,,,False,20,60.1,3.3,3,horizontal environmental reference,N,,sun below horizon — no direct-sun posture,99.2,False,,,50.0,0.0,0.0,,not specified,Environmental scores are skin-type independent.,not personalized
2026-10-01T02:00,deterministic,best_match,84.4,21,40.2,80.7,60.0,1005.2,995.5,79199.48,0,0,0,0,0,3,0.0,0.0,0.0,0.0,3.2,45,4.0,0.0,0.0,0.0,0,0.0,8.4,0.0,15255.905,49.213,17.7,0.0,0.002,3.18,0.0,0.0,0.0,0.0,0.0,0.0,0.0,0.0,0.0,0.0,13,29,51,77,26,0,0,0,3,0,2427.822,4881.89,10341.207,19232.284,31744.774,America/Los_Angeles,34.03202,-118.52633,86.0,52.09648609161377,,,,,,,,,0.0,0.0,0.0,77.0,3.0,0.0,0.6,,,,,,,,,,,,,,,,,2026-10-01 09:00:00+00:00,144.47067303808404,-54.47067303808403,34.09896360170819,0.0,0.0,0.0,0.0,0.0,0.0,,0,29.111111111111114,21,99.55,,2026-09-21T12:00Z,,,,,0.2,0.0,0.0,nasa_power_ml_plus_cams_spectral,0.0,low,0.0,,poor locally,,,,,False,21,60.0,3.2,3,horizontal environmental reference,NE,,sun below horizon — no direct-sun posture,99.2,False,,,50.0,0.0,0.0,,not specified,Environmental scores are skin-type independent.,not personalized
2026-10-01T03:00,deterministic,best_match,83.9,20,38.6,79.8,59.2,1004.8,995.1,79199.48,0,0,0,0,0,3,0.0,0.0,0.0,0.0,3.4,37,4.0,0.0,0.0,0.0,0,0.0,9.0,0.0,15223.098,32.808,18.8,0.0,0.002,3.18,0.0,0.0,0.0,0.0,0.0,0.0,0.0,0.0,0.0,0.0,13,29,52,83,24,0,0,0,6,0,2417.979,4868.767,10331.365,19222.442,31728.896,America/Los_Angeles,34.03202,-118.52633,86.0,52.09648609161377,,,,,,,,,0.0,0.0,0.0,83.0,6.0,0.0,0.6,,,,,,,,,,,,,,,,,2026-10-01 10:00:00+00:00,135.84209452498988,-45.84209452498988,53.35926675856189,0.0,0.0,0.0,0.0,0.0,0.0,,0,28.83333333333334,20,99.51,,2026-09-21T12:00Z,,,,,0.2,0.0,0.0,nasa_power_ml_plus_cams_spectral,0.0,low,0.0,,poor locally,,,,,False,20,59.2,3.4,3,horizontal environmental reference,NE,,sun below horizon — no direct-sun posture,99.2,False,,,50.0,0.0,0.0,,not specified,Environmental scores are skin-type independent.,not personalized
2026-10-01T04:00,deterministic,best_match,83.8,19,37.2,79.4,58.7,1004.5,994.8,79199.48,0,0,0,0,0,3,0.0,0.0,0.0,0.0,3.5,18,3.8,0.0,0.0,0.0,0,0.0,9.6,0.0,15190.289,32.808,20.3,0.0,0.002,3.21,0.0,0.0,0.0,0.0,0.0,0.0,0.0,0.0,0.0,0.0,14,30,52,87,22,0,0,0,9,0,2408.137,4858.924,10318.241,19212.598,31707.728,America/Los_Angeles,34.03202,-118.52633,86.0,52.09648609161377,,,,,,,,,0.0,0.0,0.0,87.0,9.0,0.0,0.6,,,,,,,,,,,,,,,,,2026-10-01 11:00:00+00:00,125.05052234102241,-35.050522341022415,67.08693547390988,0.0,0.0,0.0,0.0,0.0,0.0,,0,28.77777777777778,19,99.47999999999999,,2026-09-21T12:00Z,,,,,0.2,0.0,0.0,nasa_power_ml_plus_cams_spectral,0.0,low,0.0,,poor locally,,,,,False,19,58.7,3.5,3,horizontal environmental reference,ENE,,sun below horizon — no direct-sun posture,99.2,False,,,50.0,0.0,0.0,,not specified,Environmental scores are skin-type independent.,not personalized
2026-10-01T05:00,deterministic,best_match,83.8,18,35.8,78.8,58.2,1004.3,994.6,79199.48,0,0,0,0,0,3,0.0,0.0,0.0,0.0,4.3,3,3.6,0.0,0.0,0.0,0,0.0,10.0,0.0,15157.48,32.808,21.5,0.0,0.003,3.25,0.0,0.0,0.0,0.0,0.0,0.0,0.0,0.0,0.0,0.0,14,30,53,90,22,0,0,0,11,0,2398.294,4845.801,10308.399,19202.756,31691.856,America/Los_Angeles,34.03202,-118.52633,86.0,52.09648609161377,,,,,,,,,0.0,0.0,0.0,90.0,11.0,0.0,0.6,,,,,,,,,,,,,,,,,2026-10-01 12:00:00+00:00,113.21699915491945,-23.216999154919456,77.63895084633651,0.0,0.0,0.0,0.0,0.0,0.0,,0,28.77777777777778,18,99.46000000000001,,2026-09-21T12:00Z,,,,,0.2,0.0,0.0,nasa_power_ml_plus_cams_spectral,0.0,low,0.0,,poor locally,,,,,False,18,58.2,4.3,3,horizontal environmental reference,ENE,,sun below horizon — no direct-sun posture,99.2,False,,,50.0,0.0,0.0,,not specified,Environmental scores are skin-type independent.,not personalized
2026-10-01T06:00,deterministic,best_match,83.7,17,34.3,78.1,57.6,1004.3,994.6,79199.48,0,0,0,0,0,1,0.0,0.0,0.0,0.0,5.2,355,3.6,0.0,0.0,0.0,0,0.0,10.2,0.0,15157.48,32.808,22.2,0.0,0.004,3.28,0.0,0.0,0.0,0.0,0.0,0.0,0.0,0.0,0.0,0.0,14,30,54,94,22,0,0,0,27,0,2401.575,4852.363,10311.68,19206.038,31686.562,America/Los_Angeles,34.03202,-118.52633,86.0,52.09648609161377,,,,,,,,,0.0,0.0,0.0,94.0,27.0,0.0,0.6,,,,,,,,,,,,,,,,,2026-10-01 13:00:00+00:00,100.92122046553665,-10.921220465536653,86.60901808443685,0.0,0.0,0.0,0.0,0.0,0.0,,0,28.722222222222225,17,99.46000000000001,,2026-09-21T12:00Z,,,,,0.2,0.0,0.0,nasa_power_ml_plus_cams_spectral,0.0,low,0.0,0.0,poor locally,,,,,False,17,57.6,5.2,1,horizontal environmental reference,E,,sun below horizon — no direct-sun posture,99.8,False,,,50.0,0.0,0.0,,not specified,Environmental scores are skin-type independent.,not personalized
2026-10-01T07:00,deterministic,best_match,83.8,17,34.4,77.8,57.7,1004.5,994.8,79199.48,0,0,0,0,0,1,0.0,0.0,0.0,0.0,6.1,352,3.6,0.0,0.0,0.0,1,0.0,10.2,0.0,15157.48,32.808,22.6,0.0,0.007,3.29,0.0,0.0,0.0,0.0,2.1,0.0,0.0,0.0,0.0,35.6,15,31,54,99,24,0,0,0,43,0,2408.137,4855.643,10318.241,19206.038,31686.562,America/Los_Angeles,34.03202,-118.52633,86.0,52.09648609161377,,,0.0,0.0,,,,,0.0,0.0,0.0,99.0,43.0,0.0,0.75,,,,,,,,,,,,,,,,,2026-10-01 14:00:00+00:00,88.1957218309148,1.8042781690852003,95.03924598939773,1.3546573646648816,3.9014506620955474,1.2318186678998242,0.0,0.0,0.0,0.0,0,28.77777777777778,17,99.47999999999999,,2026-09-21T12:00Z,,,,,0.2,0.31,0.0,nasa_power_ml_plus_cams_spectral,0.2,low,0.0,0.0,poor locally,32.3,66.5,44.3,44.3,False,17,57.7,6.1,1,horizontal environmental reference,E,88.2,"sun low 2° (E) — face E, lift torso ~88° toward the sun if comfortable",99.8,False,,,50.0,0.5,0.5,,not specified,Environmental scores are skin-type independent.,not personalized
2026-10-01T08:00,deterministic,best_match,85.1,16,33.9,78.9,57.9,1004.7,995.0,79199.48,0,0,0,0,0,1,0.0,0.0,0.0,0.0,6.2,345,3.6,0.55,0.55,3600.0,1,0.0,9.8,0.0,15157.48,147.638,22.9,0.0,0.007,3.46,90.0,63.0,27.0,445.0,181.1,160.7,112.5,48.2,794.7,324.3,15,31,56,97,26,0,0,0,59,0,2411.417,4862.205,10321.522,19209.318,31681.27,America/Los_Angeles,34.03202,-118.52633,86.0,52.09648609161377,1.0,0.0,0.4969630038652678,0.4955288313290163,0.7,0.3,0.7000622277535782,0.29993777224642193,1.0,0.0,0.0,97.0,59.0,62.8,1.0,,,,,,,,,,,,,,,,,2026-10-01 15:00:00+00:00,76.19777961304501,13.802220386954978,103.7564046572221,145.55273606353362,361.4395189951567,59.32371538728182,90.0,445.0,27.0,0.4969630038652678,0,29.499999999999996,16,99.5,,2026-09-21T12:00Z,,,,,0.2,5.157,0.0303,nasa_power_ml_plus_cams_spectral,4.8,low,18.1,45.9,poor locally,41.1,56.9,46.6,46.6,False,16,57.9,6.2,1,horizontal environmental reference,ESE,76.2,"sun low 14° (ESE) — face ESE, lift torso ~76° toward the sun if comfortable",99.8,False,,,50.0,10.3,10.3,,not specified,Environmental scores are skin-type independent.,not personalized
2026-10-01T09:00,deterministic,best_match,88.5,15,35.0,82.9,59.6,1004.8,995.2,79199.48,0,0,0,0,0,1,0.0,0.0,0.0,0.0,5.3,338,3.4,2.05,2.05,3600.0,1,0.0,8.6,0.0,15124.672,393.701,23.0,0.0,0.011,3.91,301.0,253.0,48.0,751.3,458.8,385.4,323.9,61.5,962.0,587.8,15,31,56,89,28,0,0,0,39,0,2414.698,4865.486,10324.804,19212.598,31686.562,America/Los_Angeles,34.03202,-118.52633,86.0,52.09648609161377,1.0,0.0,0.6560592850915431,0.6556651922422593,0.840531561461794,0.15946843853820597,0.8404255319148936,0.1595744680851064,1.0,0.0,0.0,89.0,39.0,76.1,1.0,,,,,,,,,,,,,,,,,2026-10-01 16:00:00+00:00,64.46701928745635,25.53298071254365,113.62604343335016,352.707573865171,596.7377918773238,95.49534124823356,301.0,751.3,48.0,0.6560592850915431,0,31.38888888888889,15,99.52000000000001,,2026-09-21T12:00Z,,,,,0.2,17.007,0.2301,nasa_power_ml_plus_cams_spectral,16.7,low,37.8,53.7,below typical locally,59.4,52.8,57.1,57.1,False,15,59.6,5.3,1,horizontal environmental reference,ESE,64.5,"sun low 26° (ESE) — face ESE, lift torso ~64° toward the sun if comfortable",99.8,False,,,50.0,25.5,25.4,,not specified,Environmental scores are skin-type independent.,not personalized
2026-10-01T10:00,deterministic,best_match,93.0,13,34.9,88.0,61.1,1004.9,995.3,79199.48,0,0,0,0,0,1,0.0,0.0,0.0,0.0,4.0,317,3.1,3.55,3.55,3600.0,1,0.0,7.0,0.0,15124.672,754.593,23.0,0.0,0.016,4.6,496.0,433.0,63.0,841.0,702.2,570.7,498.2,72.5,967.7,808.2,16,32,57,77,30,0,0,0,20,0,2414.698,4868.767,10331.365,19215.878,31691.856,America/Los_Angeles,34.03202,-118.52633,86.0,52.09648609161377,1.0,0.0,0.7063514668185702,0.7061370947785202,0.8729838709677419,0.12701612903225806,0.872963027860522,0.12703697213947782,1.0,0.0,0.0,77.0,20.0,84.9,1.0,,,,,,,,,,,,,,,,,2026-10-01 17:00:00+00:00,53.68423059927419,36.31576940072581,125.76894413368638,536.1698981503621,709.181742564717,116.1676698528862,496.0,841.0,63.0,0.7063514668185702,0,33.88888888888889,13,99.53,,2026-09-21T12:00Z,,,,,0.2,28.715,0.6226,nasa_power_ml_plus_cams_spectral,28.5,low-moderate,55.2,47.2,typical-to-good locally,62.4,49.3,57.8,57.8,False,13,61.1,4.0,1,horizontal environmental reference,SE,53.7,"sun 36° up (SE) — lay flat, or lift torso ~54° toward SE to face it",99.8,False,,,50.0,36.8,36.7,,not specified,Environmental scores are skin-type independent.,not personalized
2026-10-01T11:00,deterministic,best_match,96.2,13,37.4,93.1,63.1,1004.8,995.3,79199.48,0,0,0,0,0,1,0.0,0.0,0.0,0.0,3.3,286,3.6,4.95,4.95,3600.0,1,0.0,5.8,0.0,15091.863,1213.911,23.1,0.0,0.02,5.08,654.0,583.0,71.0,889.2,894.5,709.3,632.3,77.0,964.4,970.3,16,32,56,63,30,0,0,0,0,0,2417.979,4872.048,10334.646,19219.16,31697.146,America/Los_Angeles,34.03202,-118.52633,86.0,52.09648609161377,1.0,0.0,0.7311347121296814,0.7310110275172627,0.8914373088685015,0.10856269113149847,0.8914422670238263,0.1085577329761737,1.0,0.0,0.0,63.0,0.0,92.5,1.0,,,,,,,,,,,,,,,,,2026-10-01 18:00:00+00:00,44.688987295962725,45.311012704037275,141.6557155912933,673.4869330276384,766.2763989234994,128.7144828180925,654.0,889.2,71.0,0.7311347121296814,0,35.66666666666667,13,99.53,,2026-09-21T12:00Z,,,,,0.2,39.533,0.9656,nasa_power_ml_plus_cams_spectral,39.4,moderate,71.7,42.1,typical-to-good locally,76.5,47.8,66.5,66.5,False,13,63.1,3.3,1,horizontal environmental reference,SE,44.7,"sun 45° up (SE) — lay flat, or lift torso ~45° toward SE to face it",99.8,False,,,50.0,46.9,46.8,,not specified,Environmental scores are skin-type independent.,not personalized
2026-10-01T12:00,deterministic,best_match,97.0,14,39.9,95.3,64.2,1004.2,994.7,79199.48,0,0,0,0,0,2,0.0,0.0,0.0,0.0,4.0,251,5.1,6.25,6.25,3600.0,1,0.0,5.2,0.0,15190.289,1968.504,23.4,0.0,0.025,5.13,771.0,700.0,71.0,934.0,1022.8,801.4,727.6,73.8,970.9,1063.3,17,32,53,47,30,0,0,0,0,0,2398.294,4852.363,10318.241,19212.598,31681.27,America/Los_Angeles,34.03202,-118.52633,86.0,52.09648609161377,1.0,0.0,0.7538130621822449,0.7536913382864666,0.9079118028534371,0.09208819714656291,0.9079111554779137,0.09208884452208635,1.0,0.0,0.0,53.0,0.0,98.2,1.0,,,,,,,,,,,,,,,,,2026-10-01 19:00:00+00:00,38.83385172737361,51.16614827262639,162.45234109904663,752.6846159243553,792.615004506071,135.26319522298888,771.0,934.0,71.0,0.7538130621822449,0,36.111111111111114,14,99.47,,2026-09-21T12:00Z,,,,,0.2,46.579,1.24,nasa_power_ml_plus_cams_spectral,47.9,moderate,87.3,59.1,good locally,90.2,44.5,74.2,74.2,False,14,64.2,4.0,2,horizontal environmental reference,SSE,38.8,"sun 51° up (SSE) — lay flat, or lift torso ~39° toward SSE to face it",99.5,False,,,50.0,57.2,56.9,,not specified,Environmental scores are skin-type independent.,not personalized
2026-10-01T13:00,deterministic,best_match,96.4,16,42.9,95.0,65.2,1003.4,993.9,79199.48,0,0,0,0,0,2,0.0,0.0,0.0,0.0,5.9,230,7.4,6.65,6.65,3600.0,1,0.0,5.0,0.0,15255.905,2837.927,23.9,0.0,0.027,4.93,816.0,741.0,75.0,938.2,1078.3,817.7,742.5,75.2,940.1,1080.6,18,31,51,29,28,0,0,0,0,0,2375.328,4832.677,10298.557,19202.756,31670.688,America/Los_Angeles,34.03202,-118.52633,86.0,52.09648609161377,1.0,0.0,0.7567467309654086,0.7567092356098465,0.9080882352941176,0.09191176470588236,0.9080347315641433,0.09196526843585667,1.0,0.0,0.0,51.0,0.0,98.3,1.0,,,,,,,,,,,,,,,,,2026-10-01 20:00:00+00:00,37.65842473596805,52.34157526403195,186.6787341050991,767.498526098409,797.1201036976831,136.44479388132572,816.0,938.2,75.0,0.7567467309654086,0,35.777777777777786,16,99.39,,2026-09-21T12:00Z,,,,,0.2,48.836,1.3296,nasa_power_ml_plus_cams_spectral,50.5,strong,91.0,66.3,excellent locally,92.8,46.2,76.5,76.5,False,16,65.2,5.9,2,horizontal environmental reference,S,37.7,"sun 52° up (S) — lay flat, or lift torso ~38° toward S to face it",99.5,False,,,50.0,60.3,60.0,,not specified,Environmental scores are skin-type independent.,not personalized
2026-10-01T14:00,deterministic,best_match,95.9,18,45.6,94.1,66.2,1002.6,993.1,79199.48,0,0,0,0,0,2,0.0,0.0,0.0,0.0,7.4,224,9.4,6.3,6.3,3600.0,1,0.0,5.1,0.0,15354.331,3313.649,24.2,0.0,0.028,4.74,795.0,719.0,76.0,928.8,1057.1,767.9,694.5,73.4,897.1,1021.1,18,30,49,16,28,0,0,0,0,0,2355.643,4812.992,10282.152,19196.196,31654.812,America/Los_Angeles,34.03202,-118.52633,86.0,52.09648609161377,1.0,0.0,0.7520575158452371,0.752032122221134,0.9044025157232705,0.09559748427672957,0.9044146373225681,0.09558536267743196,1.0,0.0,0.0,49.0,0.0,98.1,1.0,,,,,,,,,,,,,,,,,2026-10-01 21:00:00+00:00,41.569153405282485,48.430846594717515,209.4584490917262,716.7800504440804,781.167733130684,132.34517451729914,795.0,928.8,76.0,0.7520575158452371,0,35.50000000000001,18,99.31,,2026-09-21T12:00Z,,,,,0.2,46.676,1.2286,nasa_power_ml_plus_cams_spectral,48.1,moderate,87.6,72.6,good locally,92.4,49.6,77.4,77.4,False,18,66.2,7.4,2,horizontal environmental reference,SSW,41.6,"sun 48° up (SSW) — lay flat, or lift torso ~42° toward SSW to face it",99.5,False,,,50.0,58.9,58.6,,not specified,Environmental scores are skin-type independent.,not personalized
2026-10-01T15:00,deterministic,best_match,96.1,19,47.2,93.3,66.9,1001.9,992.4,79199.48,0,0,0,0,0,2,0.0,0.0,0.0,0.0,8.5,225,11.2,5.2,5.2,3600.0,1,0.0,5.4,0.0,15583.989,3067.585,24.2,0.0,0.026,4.7,711.0,641.0,70.0,911.4,960.7,657.8,593.0,64.8,843.2,888.9,17,30,50,10,34,0,0,0,0,0,2342.52,4799.869,10269.029,19189.632,31638.938,America/Los_Angeles,34.03202,-118.52633,86.0,52.09648609161377,1.0,0.0,0.7400853544290621,0.7400157498031275,0.9015471167369902,0.09845288326300984,0.9014898145332929,0.09851018546670721,1.0,0.0,0.0,50.0,0.0,93.7,1.0,,,,,,,,,,,,,,,,,2026-10-01 22:00:00+00:00,49.35266313513856,40.64733686486144,227.4912074465435,604.4540836413503,739.6759357015857,122.62822271628744,711.0,911.4,70.0,0.7400853544290621,0,35.61111111111111,19,99.24,,2026-09-21T12:00Z,,,,,0.2,40.008,0.9121,nasa_power_ml_plus_cams_spectral,40.5,moderate,74.1,72.6,typical-to-good locally,64.4,53.4,60.6,60.6,False,19,66.9,8.5,2,horizontal environmental reference,SW,49.4,"sun 41° up (SW) — lay flat, or lift torso ~49° toward SW to face it",99.5,False,,,50.0,49.9,49.6,,not specified,Environmental scores are skin-type independent.,not personalized
2026-10-01T16:00,deterministic,best_match,96.2,19,47.3,91.7,67.0,1001.2,991.7,79199.48,0,0,0,0,0,2,0.0,0.0,0.0,0.0,9.5,229,12.8,3.9,3.9,3600.0,1,0.0,6.0,0.0,15813.648,2411.417,24.1,0.0,0.023,4.73,571.0,503.0,68.0,863.9,795.6,497.2,438.0,59.2,752.2,692.9,16,29,51,7,42,0,0,0,0,0,2326.116,4786.746,10259.187,19183.07,31628.354,America/Los_Angeles,34.03202,-118.52633,86.0,52.09648609161377,1.0,0.0,0.7176973353443942,0.7175638620291528,0.8809106830122592,0.1190893169877408,0.8809332260659695,0.11906677393403058,1.0,0.0,0.0,51.0,0.0,84.4,1.0,,,,,,,,,,,,,,,,,2026-10-01 23:00:00+00:00,59.46741876371986,30.53258123628014,241.11436012865732,439.74394948664366,656.8439663123821,106.0486612765888,571.0,863.9,68.0,0.7176973353443942,0,35.66666666666667,19,99.17,,2026-09-21T12:00Z,,,,,0.2,30.367,0.5391,nasa_power_ml_plus_cams_spectral,30.6,low-moderate,57.7,90.9,typical-to-good locally,57.1,57.2,57.1,57.1,False,19,67.0,9.5,2,horizontal environmental reference,WSW,59.5,"sun 31° up (WSW) — lay flat, or lift torso ~60° toward WSW to face it",99.5,False,,,50.0,41.2,41.0,,not specified,Environmental scores are skin-type independent.,not personalized
2026-10-01T17:00,deterministic,best_match,96.1,19,47.2,91.4,66.9,1000.8,991.3,79199.48,0,0,0,0,0,2,0.0,0.0,0.0,0.0,9.2,236,13.2,2.45,2.45,3600.0,1,0.0,6.6,0.0,16043.308,1788.058,24.0,0.0,0.018,4.7,389.0,331.0,58.0,789.7,573.1,302.9,257.7,45.2,614.9,446.5,14,28,52,7,46,0,0,0,0,0,2312.992,4773.622,10246.063,19176.51,31612.478,America/Los_Angeles,34.03202,-118.52633,86.0,52.09648609161377,1.0,0.0,0.6787646135054964,0.6783874580067188,0.8508997429305912,0.14910025706940874,0.8507758336084517,0.1492241663915484,1.0,0.0,0.0,52.0,0.0,72.9,1.0,,,,,,,,,,,,,,,,,2026-10-02 00:00:00+00:00,70.85712761192305,19.142872388076956,251.8327393646784,239.16787743537145,490.06269461886103,78.46412766214658,389.0,789.7,58.0,0.6787646135054964,0,35.61111111111111,19,99.13,,2026-09-21T12:00Z,,,,,0.2,18.718,0.1797,nasa_power_ml_plus_cams_spectral,19.0,low,40.5,99.7,below typical locally,33.3,60.4,42.8,42.8,False,19,66.9,9.2,2,horizontal environmental reference,WSW,70.9,"sun low 19° (WSW) — face WSW, lift torso ~71° toward the sun if comfortable",99.5,False,,,50.0,28.4,28.3,,not specified,Environmental scores are skin-type independent.,not personalized
2026-10-01T18:00,deterministic,best_match,95.3,19,46.5,91.2,66.3,1000.8,991.3,79199.48,0,0,0,0,0,2,0.0,0.0,0.0,0.0,7.4,254,11.4,1.05,1.05,3600.0,1,0.0,7.1,0.0,16371.392,1295.932,24.0,0.0,0.011,4.59,179.0,135.0,44.0,599.6,308.3,96.3,72.7,23.7,322.7,166.4,12,25,52,7,46,0,0,0,0,0,2316.273,4773.622,10246.063,19183.07,31612.478,America/Los_Angeles,34.03202,-118.52633,86.0,52.09648609161377,1.0,0.0,0.58060330846578,0.5787259615384615,0.7541899441340782,0.24581005586592178,0.754932502596054,0.24610591900311526,1.0,0.0,-0.10000000000000853,52.0,0.0,56.2,1.0,,,,,,,,,,,,,,,,,2026-10-02 01:00:00+00:00,82.86761591825858,7.132384081741427,260.9316913674246,43.21361339533258,138.5315262320215,26.013216075713252,179.0,599.6,44.0,0.58060330846578,0,35.166666666666664,19,99.13,,2026-09-21T12:00Z,,,,,0.2,7.213,0.0556,nasa_power_ml_plus_cams_spectral,7.7,low,22.5,100.0,poor locally,33.1,66.6,44.8,44.8,False,19,66.3,7.4,2,horizontal environmental reference,W,82.9,"sun low 7° (W) — face W, lift torso ~83° toward the sun if comfortable",99.5,False,,,50.0,15.2,15.1,,not specified,Environmental scores are skin-type independent.,not personalized
2026-10-01T19:00,deterministic,best_match,94.1,20,46.9,90.6,66.1,1000.9,991.4,79199.48,0,0,0,0,0,2,0.0,0.0,0.0,0.0,6.4,288,8.3,0.1,0.1,2026.21,0,0.0,7.7,0.0,16666.666,820.21,24.1,0.0,0.007,4.37,16.0,12.0,4.0,146.0,47.2,0.0,0.0,0.0,0.0,0.0,10,22,52,7,44,0,0,0,0,0,2316.273,4776.903,10242.782,19189.632,31612.478,America/Los_Angeles,34.03202,-118.52633,86.0,52.09648609161377,1.0,0.0,0.3389830508474576,,0.75,0.25,,,0.5628361111111111,0.0,0.0,52.0,0.0,34.8,1.0,,,,,,,,,,,,,,,,,2026-10-02 02:00:00+00:00,95.37528500106751,-5.375285001067511,269.3649143169438,0.0,0.0,0.0,16.0,146.0,4.0,0.3389830508474576,0,34.5,20,99.14,,2026-09-21T12:00Z,,,,,0.2,0.0,0.0,nasa_power_ml_plus_cams_spectral,0.3,low,0.4,43.0,poor locally,,,,,False,20,66.1,6.4,2,horizontal environmental reference,W,,sun below horizon — no direct-sun posture,99.5,False,,,50.0,0.0,0.0,,not specified,Environmental scores are skin-type independent.,not personalized
2026-10-01T20:00,deterministic,best_match,92.8,20,45.9,88.7,65.3,1001.1,991.6,79199.48,0,0,0,0,0,2,0.0,0.0,0.0,0.0,7.1,316,5.8,0.0,0.0,0.0,0,0.0,8.2,0.0,16994.75,459.318,24.0,0.0,0.006,4.21,0.0,0.0,0.0,0.0,0.0,0.0,0.0,0.0,0.0,0.0,9,19,48,9,40,0,0,0,0,0,2319.554,4776.903,10242.782,19196.196,31612.478,America/Los_Angeles,34.03202,-118.52633,86.0,52.09648609161377,,,,,,,,,0.0,0.0,0.0,48.0,0.0,0.0,0.6,,,,,,,,,,,,,,,,,2026-10-02 03:00:00+00:00,107.78049240741143,-17.780492407411426,277.94557750628906,0.0,0.0,0.0,0.0,0.0,0.0,,0,33.77777777777778,20,99.16,,2026-09-21T12:00Z,,,,,0.2,0.0,0.0,nasa_power_ml_plus_cams_spectral,0.0,low,0.0,,poor locally,,,,,False,20,65.3,7.1,2,horizontal environmental reference,W,,sun below horizon — no direct-sun posture,99.5,False,,,50.0,0.0,0.0,,not specified,Environmental scores are skin-type independent.,not personalized
2026-10-01T21:00,deterministic,best_match,91.7,20,44.9,87.3,64.5,1001.1,991.6,79199.48,0,0,0,0,0,2,0.0,0.0,0.0,0.0,7.3,326,4.5,0.0,0.0,0.0,0,0.0,8.6,0.0,16961.944,295.276,23.5,0.0,0.006,4.06,0.0,0.0,0.0,0.0,0.0,0.0,0.0,0.0,0.0,0.0,9,16,36,10,32,0,0,0,0,0,2316.273,4770.342,10236.221,19196.196,31607.19,America/Los_Angeles,34.03202,-118.52633,86.0,52.09648609161377,,,,,,,,,0.0,0.0,0.0,36.0,0.0,0.0,0.6,,,,,,,,,,,,,,,,,2026-10-02 04:00:00+00:00,119.9071710174358,-29.9071710174358,287.5802248326043,0.0,0.0,0.0,0.0,0.0,0.0,,0,33.16666666666667,20,99.16,,2026-09-21T12:00Z,,,,,0.2,0.0,0.0,nasa_power_ml_plus_cams_spectral,0.0,low,0.0,,poor locally,,,,,False,20,64.5,7.3,2,horizontal environmental reference,WNW,,sun below horizon — no direct-sun posture,99.5,False,,,50.0,0.0,0.0,,not specified,Environmental scores are skin-type independent.,not personalized
2026-10-01T22:00,deterministic,best_match,90.4,20,43.9,86.0,63.6,1001.1,991.5,79199.48,0,0,0,0,0,2,0.0,0.0,0.0,0.0,6.6,332,3.8,0.0,0.0,0.0,0,0.0,9.0,0.0,16961.944,229.659,22.9,0.0,0.006,3.9,0.0,0.0,0.0,0.0,0.0,0.0,0.0,0.0,0.0,0.0,11,14,19,11,22,0,0,0,0,0,2309.712,4767.061,10229.659,19192.914,31601.896,America/Los_Angeles,34.03202,-118.52633,86.0,52.09648609161377,,,,,,,,,0.0,0.0,0.0,22.0,0.0,0.0,0.6,,,,,,,,,,,,,,,,,2026-10-02 05:00:00+00:00,131.31460999059044,-41.31460999059044,299.5689444132386,0.0,0.0,0.0,0.0,0.0,0.0,,0,32.44444444444445,20,99.15,,2026-09-21T12:00Z,,,,,0.2,0.0,0.0,nasa_power_ml_plus_cams_spectral,0.0,low,0.0,,poor locally,,,,,False,20,63.6,6.6,2,horizontal environmental reference,WNW,,sun below horizon — no direct-sun posture,99.5,False,,,50.0,0.0,0.0,,not specified,Environmental scores are skin-type independent.,not personalized
2026-10-01T23:00,deterministic,best_match,89.4,20,43.1,85.2,62.9,1001.1,991.5,79199.48,0,0,0,0,0,2,0.0,0.0,0.0,0.0,5.8,337,3.1,0.0,0.0,0.0,0,0.0,9.4,0.0,16929.134,196.85,22.3,0.0,0.005,3.78,0.0,0.0,0.0,0.0,0.0,0.0,0.0,0.0,0.0,0.0,12,11,7,13,14,0,0,0,0,0,2306.431,4760.499,10223.098,19192.914,31596.606,America/Los_Angeles,34.03202,-118.52633,86.0,52.09648609161377,,,,,,,,,0.0,0.0,0.0,14.0,0.0,0.0,0.6,,,,,,,,,,,,,,,,,2026-10-02 06:00:00+00:00,141.18355868076367,-51.18355868076366,315.9693255007451,0.0,0.0,0.0,0.0,0.0,0.0,,0,31.888888888888893,20,99.15,,2026-09-21T12:00Z,,,,,0.2,0.0,0.0,nasa_power_ml_plus_cams_spectral,0.0,low,0.0,,poor locally,,,,,False,20,62.9,5.8,2,horizontal environmental reference,NW,,sun below horizon — no direct-sun posture,99.5,False,,,50.0,0.0,0.0,,not specified,Environmental scores are skin-type independent.,not personalized
2026-10-02T00:00,deterministic,best_match,88.7,19,41.1,84.4,61.9,1000.9,991.3,79199.48,0,0,0,0,0,1,0.0,0.0,0.0,0.0,5.0,350,2.5,0.0,0.0,0.0,0,0.0,9.8,0.0,17027.558,131.234,21.9,0.0,0.004,3.74,0.0,0.0,0.0,0.0,0.0,0.0,0.0,0.0,0.0,0.0,13,8,3,13,10,0,0,0,0,0,2296.588,4747.376,10213.255,19189.632,31596.606,America/Los_Angeles,34.03202,-118.52633,86.0,52.09648609161377,,,,,,,,,0.0,0.0,0.0,13.0,0.0,0.0,0.6,,,,,,,,,,,,,,,,,2026-10-02 07:00:00+00:00,147.92933562257966,-57.929335622579664,339.2198790088385,0.0,0.0,0.0,0.0,0.0,0.0,,0,31.500000000000004,19,99.13,,2026-09-21T12:00Z,,,,,0.2,0.0,0.0,nasa_power_ml_plus_cams_spectral,0.0,low,0.0,,poor locally,,,,,False,19,61.9,5.0,1,horizontal environmental reference,NNW,,sun below horizon — no direct-sun posture,99.8,False,,,50.0,0.0,0.0,,not specified,Environmental scores are skin-type independent.,not personalized
2026-10-02T01:00,deterministic,best_match,88.1,18,39.3,83.7,61.0,1000.7,991.1,79199.48,0,0,0,0,0,1,0.0,0.0,0.0,0.0,4.5,9,2.0,0.0,0.0,0.0,0,0.0,10.1,0.0,17158.792,82.021,21.7,0.0,0.004,3.72,0.0,0.0,0.0,0.0,0.0,0.0,0.0,0.0,0.0,0.0,15,5,3,11,10,0,0,0,0,0,2286.745,4734.252,10200.131,19186.352,31591.312,America/Los_Angeles,34.03202,-118.52633,86.0,52.09648609161377,,,,,,,,,0.0,0.0,0.0,15.0,0.0,0.0,0.6,,,,,,,,,,,,,,,,,2026-10-02 08:00:00+00:00,149.34599176671207,-59.34599176671209,8.090030709335224,0.0,0.0,0.0,0.0,0.0,0.0,,0,31.166666666666664,18,99.11,,2026-09-21T12:00Z,,,,,0.2,0.0,0.0,nasa_power_ml_plus_cams_spectral,0.0,low,0.0,,poor locally,,,,,False,18,61.0,4.5,1,horizontal environmental reference,N,,sun below horizon — no direct-sun posture,99.8,False,,,50.0,0.0,0.0,,not specified,Environmental scores are skin-type independent.,not personalized
2026-10-02T02:00,deterministic,best_match,87.6,17,37.4,82.8,60.1,1000.6,991.0,79199.48,0,0,0,0,0,1,0.0,0.0,0.0,0.0,4.4,24,2.0,0.0,0.0,0.0,0,0.0,10.8,0.0,17257.218,49.213,21.5,0.0,0.004,3.71,0.0,0.0,0.0,0.0,0.0,0.0,0.0,0.0,0.0,0.0,16,4,4,10,10,0,0,0,0,0,2276.903,4721.129,10190.289,19183.07,31591.312,America/Los_Angeles,34.03202,-118.52633,86.0,52.09648609161377,,,,,,,,,0.0,0.0,0.0,16.0,0.0,0.0,0.6,,,,,,,,,,,,,,,,,2026-10-02 09:00:00+00:00,144.77541572117119,-54.77541572117118,34.534369995525026,0.0,0.0,0.0,0.0,0.0,0.0,,0,30.888888888888886,17,99.1,,2026-09-21T12:00Z,,,,,0.2,0.0,0.0,nasa_power_ml_plus_cams_spectral,0.0,low,0.0,,poor locally,,,,,False,17,60.1,4.4,1,horizontal environmental reference,NE,,sun below horizon — no direct-sun posture,99.8,False,,,50.0,0.0,0.0,,not specified,Environmental scores are skin-type independent.,not personalized
2026-10-02T03:00,deterministic,best_match,86.9,17,36.8,81.9,59.7,1000.5,990.9,79199.48,0,0,0,0,0,1,0.0,0.0,0.0,0.0,4.7,25,2.2,0.0,0.0,0.0,0,0.0,11.9,0.0,17388.452,32.808,21.5,0.0,0.004,3.62,0.0,0.0,0.0,0.0,0.0,0.0,0.0,0.0,0.0,0.0,16,5,4,9,10,0,0,0,0,0,2276.903,4717.848,10183.728,19183.07,31591.312,America/Los_Angeles,34.03202,-118.52633,86.0,52.09648609161377,,,,,,,,,0.0,0.0,0.0,16.0,0.0,0.0,0.6,,,,,,,,,,,,,,,,,2026-10-02 10:00:00+00:00,136.07673933978816,-46.07673933978816,53.81716877538372,0.0,0.0,0.0,0.0,0.0,0.0,,0,30.500000000000004,17,99.09,,2026-09-21T12:00Z,,,,,0.2,0.0,0.0,nasa_power_ml_plus_cams_spectral,0.0,low,0.0,,poor locally,,,,,False,17,59.7,4.7,1,horizontal environmental reference,NE,,sun below horizon — no direct-sun posture,99.8,False,,,50.0,0.0,0.0,,not specified,Environmental scores are skin-type independent.,not personalized
2026-10-02T04:00,deterministic,best_match,86.3,17,36.3,81.1,59.2,1000.6,991.0,79199.48,0,0,0,0,0,1,0.0,0.0,0.0,0.0,5.0,18,2.9,0.0,0.0,0.0,0,0.0,13.3,0.0,17552.494,32.808,21.6,0.0,0.004,3.55,0.0,0.0,0.0,0.0,0.0,0.0,0.0,0.0,0.0,0.0,15,7,6,6,10,0,0,0,0,0,2273.622,4717.848,10180.446,19179.792,31591.312,America/Los_Angeles,34.03202,-118.52633,86.0,52.09648609161377,,,,,,,,,0.0,0.0,0.0,15.0,0.0,0.0,0.6,,,,,,,,,,,,,,,,,2026-10-02 11:00:00+00:00,125.23821931019228,-35.23821931019227,67.5125591182798,0.0,0.0,0.0,0.0,0.0,0.0,,0,30.166666666666668,17,99.1,,2026-09-21T12:00Z,,,,,0.2,0.0,0.0,nasa_power_ml_plus_cams_spectral,0.0,low,0.0,,poor locally,,,,,False,17,59.2,5.0,1,horizontal environmental reference,ENE,,sun below horizon — no direct-sun posture,99.8,False,,,50.0,0.0,0.0,,not specified,Environmental scores are skin-type independent.,not personalized
2026-10-02T05:00,deterministic,best_match,85.8,17,36.0,80.5,59.0,1000.7,991.1,79199.48,0,0,0,0,0,1,0.0,0.0,0.0,0.0,5.0,13,4.0,0.0,0.0,0.0,0,0.0,14.6,0.0,17683.726,49.213,21.6,0.0,0.004,3.5,0.0,0.0,0.0,0.0,0.0,0.0,0.0,0.0,0.0,0.0,14,9,7,4,12,0,0,0,0,0,2273.622,4714.567,10173.885,19179.792,31591.312,America/Los_Angeles,34.03202,-118.52633,86.0,52.09648609161377,,,,,,,,,0.0,0.0,0.0,14.0,0.0,0.0,0.6,,,,,,,,,,,,,,,,,2026-10-02 12:00:00+00:00,113.37833586878936,-23.37833586878936,78.03197031668583,0.0,0.0,0.0,0.0,0.0,0.0,,0,29.88888888888889,17,99.11,,2026-09-21T12:00Z,,,,,0.2,0.0,0.0,nasa_power_ml_plus_cams_spectral,0.0,low,0.0,,poor locally,,,,,False,17,59.0,5.0,1,horizontal environmental reference,ENE,,sun below horizon — no direct-sun posture,99.8,False,,,50.0,0.0,0.0,,not specified,Environmental scores are skin-type independent.,not personalized
2026-10-02T06:00,deterministic,best_match,85.5,17,35.7,80.1,58.8,1001.1,991.4,79199.48,0,0,0,0,0,1,0.0,0.0,0.0,0.0,5.2,10,5.8,0.0,0.0,0.0,0,0.0,16.1,0.0,17650.918,32.808,21.4,0.0,0.004,3.47,0.0,0.0,0.0,0.0,0.0,0.0,0.0,0.0,0.0,0.0,13,11,7,4,14,0,0,0,0,0,2286.745,4727.691,10183.728,19192.914,31612.478,America/Los_Angeles,34.03202,-118.52633,86.0,52.09648609161377,,,,,,,,,0.0,0.0,0.0,14.0,0.0,0.0,0.6,,,,,,,,,,,,,,,,,2026-10-02 13:00:00+00:00,101.07156325976511,-11.071563259765114,86.9815107114004,0.0,0.0,0.0,0.0,0.0,0.0,,0,29.722222222222225,17,99.14,,2026-09-21T12:00Z,,,,,0.2,0.0,0.0,nasa_power_ml_plus_cams_spectral,0.0,low,0.0,0.0,poor locally,,,,,False,17,58.8,5.2,1,horizontal environmental reference,E,,sun below horizon — no direct-sun posture,99.8,False,,,50.0,0.0,0.0,,not specified,Environmental scores are skin-type independent.,not personalized
2026-10-02T07:00,deterministic,best_match,85.5,17,35.7,80.1,58.8,1001.6,991.9,79199.48,0,0,0,0,0,1,0.0,0.0,0.0,0.0,5.2,7,8.1,0.0,0.0,0.0,1,0.0,17.5,0.0,17650.918,0.0,21.1,0.0,0.006,3.47,0.0,0.0,0.0,0.0,1.7,0.0,0.0,0.0,0.0,32.0,12,13,8,4,16,0,0,0,0,0,2299.869,4740.814,10196.851,19202.756,31633.646,America/Los_Angeles,34.03202,-118.52633,86.0,52.09648609161377,,,0.0,0.0,,,,,0.0,0.0,0.0,16.0,0.0,0.0,0.75,,,,,,,,,,,,,,,,,2026-10-02 14:00:00+00:00,88.3351379479024,1.6648620520975976,95.40438622302463,1.0914092085429572,3.093223473159618,1.00154105825306,0.0,0.0,0.0,0.0,0,29.722222222222225,17,99.19,,2026-09-21T12:00Z,,,,,0.2,0.319,0.0,nasa_power_ml_plus_cams_spectral,0.2,low,0.0,0.0,poor locally,33.2,63.6,43.8,43.8,False,17,58.8,5.2,1,horizontal environmental reference,E,88.3,"sun low 2° (E) — face E, lift torso ~88° toward the sun if comfortable",99.8,False,,,50.0,0.5,0.5,,not specified,Environmental scores are skin-type independent.,not personalized
2026-10-02T08:00,deterministic,best_match,86.5,17,36.5,81.6,59.4,1002.0,992.4,79199.48,0,0,0,0,0,1,0.0,0.0,0.0,0.0,4.5,6,9.6,0.55,0.55,3600.0,1,0.0,18.1,0.0,17618.112,98.425,20.9,0.0,0.005,3.58,90.0,63.0,27.0,449.5,177.5,162.1,113.5,48.6,809.8,320.6,11,15,8,6,16,0,0,0,0,0,2312.992,4753.937,10206.693,19215.878,31654.812,America/Los_Angeles,34.03202,-118.52633,86.0,52.09648609161377,1.0,0.0,0.5070422535211268,0.5056144728633811,0.7,0.3,0.7001850709438618,0.2998149290561382,1.0,0.0,0.0,16.0,0.0,63.3,1.0,,,,,,,,,,,,,,,,,2026-10-02 15:00:00+00:00,76.36196969552911,13.638030304470892,104.12607090203323,142.84800213692878,356.98401178446795,58.67574002320461,90.0,449.5,27.0,0.5070422535211268,0,30.27777777777778,17,99.24,,2026-09-21T12:00Z,,,,,0.2,5.184,0.0346,nasa_power_ml_plus_cams_spectral,4.8,low,18.1,46.3,poor locally,44.8,46.5,45.4,45.4,False,17,59.4,4.5,1,horizontal environmental reference,ESE,76.4,"sun low 14° (ESE) — face ESE, lift torso ~76° toward the sun if comfortable",99.8,False,,,50.0,10.3,10.3,,not specified,Environmental scores are skin-type independent.,not personalized
2026-10-02T09:00,deterministic,best_match,89.3,17,38.8,85.6,61.2,1002.3,992.7,79199.48,0,0,0,0,0,1,0.0,0.0,0.0,0.0,2.6,15,10.1,2.05,2.05,3600.0,1,0.0,17.3,0.0,17650.918,393.701,20.9,0.0,0.009,3.91,301.0,253.0,48.0,757.8,455.1,386.0,324.5,61.6,971.9,584.0,11,17,8,6,16,0,0,0,0,0,2326.116,4767.061,10219.816,19232.284,31675.98,America/Los_Angeles,34.03202,-118.52633,86.0,52.09648609161377,1.0,0.0,0.6613931004174907,0.660958904109589,0.840531561461794,0.15946843853820597,0.8406735751295337,0.15958549222797927,1.0,0.0,-0.10000000000002274,17.0,0.0,76.2,1.0,,,,,,,,,,,,,,,,,2026-10-02 16:00:00+00:00,64.65796112373606,25.342038876263945,114.00898055054802,349.540462273245,594.442297773603,95.10662271862336,301.0,757.8,48.0,0.6613931004174907,0,31.833333333333332,17,99.27000000000001,,2026-09-21T12:00Z,,,,,0.2,16.873,0.2272,nasa_power_ml_plus_cams_spectral,16.6,low,37.8,54.1,below typical locally,59.8,50.5,56.5,56.5,False,17,61.2,2.6,1,horizontal environmental reference,ESE,64.7,"sun low 25° (ESE) — face ESE, lift torso ~65° toward the sun if comfortable",99.8,False,,,50.0,25.4,25.3,,not specified,Environmental scores are skin-type independent.,not personalized
2026-10-02T10:00,deterministic,best_match,93.0,16,40.2,90.2,63.0,1002.5,993.0,79199.48,0,0,0,0,0,1,0.0,0.0,0.0,0.0,0.9,104,9.8,3.55,3.55,3600.0,1,0.0,15.7,0.0,17650.918,820.21,21.1,0.0,0.013,4.44,495.0,432.0,63.0,844.2,698.3,569.9,497.4,72.5,971.9,804.1,10,20,8,7,14,0,0,0,0,0,2335.958,4776.903,10232.939,19251.968,31691.856,America/Los_Angeles,34.03202,-118.52633,86.0,52.09648609161377,1.0,0.0,0.7088643849348418,0.708742693694814,0.8727272727272727,0.12727272727272726,0.8727846990700123,0.12721530092998773,1.0,0.0,0.0,20.0,0.0,84.9,1.0,,,,,,,,,,,,,,,,,2026-10-02 17:00:00+00:00,53.9171617375551,36.0828382624449,126.16431527685688,532.7076748498685,707.769989536982,115.86348572148916,495.0,844.2,63.0,0.7088643849348418,0,33.88888888888889,16,99.3,,2026-09-21T12:00Z,,,,,0.2,28.682,0.6204,nasa_power_ml_plus_cams_spectral,28.5,low-moderate,55.4,47.8,typical-to-good locally,62.4,49.4,57.8,57.8,False,16,63.0,0.9,1,horizontal environmental reference,SE,53.9,"sun 36° up (SE) — lay flat, or lift torso ~54° toward SE to face it",99.8,False,,,50.0,36.9,36.8,,not specified,Environmental scores are skin-type independent.,not personalized
2026-10-02T11:00,deterministic,best_match,95.5,16,42.2,93.7,64.7,1002.4,992.9,79199.48,0,0,0,0,0,1,0.0,0.0,0.0,0.0,2.6,165,9.4,4.9,4.9,3600.0,1,0.0,14.3,0.0,17683.726,1148.294,21.4,0.0,0.02,4.8,653.0,582.0,71.0,892.4,890.4,708.4,631.3,77.0,968.0,966.0,10,20,8,7,14,0,0,0,0,0,2349.081,4790.027,10246.063,19268.374,31713.022,America/Los_Angeles,34.03202,-118.52633,86.0,52.09648609161377,1.0,0.0,0.7333782569631626,0.7333333333333333,0.891271056661562,0.10872894333843798,0.8911631846414455,0.10869565217391304,1.0,0.0,0.10000000000002274,20.0,0.0,92.3,1.0,,,,,,,,,,,,,,,,,2026-10-02 18:00:00+00:00,44.98024935554997,45.01975064445003,142.03416647757717,669.7162505026515,765.2254534422373,128.43365210756383,653.0,892.4,71.0,0.7333782569631626,0,35.27777777777778,16,99.28999999999999,,2026-09-21T12:00Z,,,,,0.2,39.535,0.9646,nasa_power_ml_plus_cams_spectral,39.3,moderate,72.1,43.2,typical-to-good locally,71.0,48.4,63.1,63.1,False,16,64.7,2.6,1,horizontal environmental reference,SE,45.0,"sun 45° up (SE) — lay flat, or lift torso ~45° toward SE to face it",99.8,False,,,50.0,46.7,46.6,,not specified,Environmental scores are skin-type independent.,not personalized
2026-10-02T12:00,deterministic,best_match,95.5,17,43.8,94.9,65.3,1001.8,992.3,79199.48,0,0,0,0,0,1,0.0,0.0,0.0,0.0,3.6,191,8.9,6.2,6.2,3600.0,1,0.0,13.3,0.0,17716.536,1361.549,21.9,0.0,0.024,4.74,769.0,698.0,71.0,936.1,1018.3,799.3,725.5,73.8,972.9,1058.5,9,17,8,6,14,0,0,0,0,0,2335.958,4783.465,10242.782,19265.092,31707.728,America/Los_Angeles,34.03202,-118.52633,86.0,52.09648609161377,1.0,0.0,0.7551802022979476,0.7551251771374586,0.9076723016905072,0.09232769830949285,0.9076692105592394,0.09233078944076066,1.0,0.0,0.0,17.0,0.0,98.4,1.0,,,,,,,,,,,,,,,,,2026-10-02 19:00:00+00:00,39.18883041256483,50.81116958743517,162.72747361379902,748.5766323334749,791.6720796726962,134.97718577878015,769.0,936.1,71.0,0.7551802022979476,0,35.27777777777778,17,99.22999999999999,,2026-09-21T12:00Z,,,,,0.2,46.053,1.2377,nasa_power_ml_plus_cams_spectral,47.4,moderate,86.9,58.1,good locally,88.9,46.8,74.2,74.2,False,17,65.3,3.6,1,horizontal environmental reference,SSE,39.2,"sun 51° up (SSE) — lay flat, or lift torso ~39° toward SSE to face it",99.8,False,,,50.0,56.7,56.6,,not specified,Environmental scores are skin-type independent.,not personalized
2026-10-02T13:00,deterministic,best_match,94.4,19,45.8,94.1,65.7,1001.0,991.5,79199.48,0,0,0,0,0,1,0.0,0.0,0.0,0.0,4.8,214,8.1,6.6,6.6,3600.0,1,0.0,12.4,0.0,17749.344,1492.782,22.4,0.0,0.026,4.46,814.0,739.0,75.0,940.5,1073.3,815.5,740.4,75.1,942.2,1075.4,8,12,7,4,14,0,0,0,0,0,2326.116,4776.903,10239.501,19265.092,31707.728,America/Los_Angeles,34.03202,-118.52633,86.0,52.09648609161377,1.0,0.0,0.7584086462312495,0.7583224846568718,0.9078624078624079,0.09213759213759214,0.9079092581238504,0.0920907418761496,1.0,0.0,0.0,14.0,0.0,98.5,1.0,,,,,,,,,,,,,,,,,2026-10-02 20:00:00+00:00,38.05115865943889,51.94884134056111,186.7464740188338,763.0388768545755,796.1085561893914,136.1346572905751,814.0,940.5,75.0,0.7584086462312495,0,34.66666666666667,19,99.15,,2026-09-21T12:00Z,,,,,0.2,48.572,1.3366,nasa_power_ml_plus_cams_spectral,50.2,strong,91.1,67.1,excellent locally,91.0,50.7,76.9,76.9,False,19,65.7,4.8,1,horizontal environmental reference,S,38.1,"sun 52° up (S) — lay flat, or lift torso ~38° toward S to face it",99.8,False,,,50.0,60.2,60.1,,not specified,Environmental scores are skin-type independent.,not personalized
2026-10-02T14:00,deterministic,best_match,93.4,20,46.3,92.5,65.6,1000.4,990.9,79199.48,0,0,0,0,0,1,0.0,0.0,0.0,0.0,5.9,223,7.4,6.25,6.25,3600.0,1,0.0,11.7,0.0,17782.152,1509.186,22.9,0.0,0.026,4.28,793.0,717.0,76.0,931.5,1051.7,765.6,692.3,73.4,899.4,1015.5,7,9,7,3,14,0,0,0,0,0,2312.992,4770.342,10236.221,19261.81,31702.44,America/Los_Angeles,34.03202,-118.52633,86.0,52.09648609161377,1.0,0.0,0.754017305315204,0.7539143279172822,0.9041614123581336,0.09583858764186633,0.9042580982236154,0.0958725182863114,1.0,0.0,-0.09999999999990905,14.0,0.0,98.4,1.0,,,,,,,,,,,,,,,,,2026-10-02 21:00:00+00:00,41.95473841582966,48.04526158417034,209.33063278583901,711.9797957120527,779.8963094410631,131.99182531717634,793.0,931.5,76.0,0.754017305315204,0,34.111111111111114,20,99.09,,2026-09-21T12:00Z,,,,,0.2,46.299,1.216,nasa_power_ml_plus_cams_spectral,47.7,moderate,87.5,72.7,good locally,90.4,55.3,78.1,78.1,False,20,65.6,5.9,1,horizontal environmental reference,SSW,42.0,"sun 48° up (SSW) — lay flat, or lift torso ~42° toward SSW to face it",99.8,False,,,50.0,58.7,58.6,,not specified,Environmental scores are skin-type independent.,not personalized
2026-10-02T15:00,deterministic,best_match,93.2,20,46.2,91.1,65.5,1000.1,990.6,79199.48,0,0,0,0,0,2,0.0,0.0,0.0,0.0,6.5,224,6.5,5.15,5.15,3600.0,1,0.0,11.1,0.0,17782.152,1377.953,23.2,0.0,0.024,4.25,709.0,640.0,69.0,916.1,954.9,655.5,591.7,63.8,846.9,882.9,6,8,7,3,14,0,0,0,0,0,2312.992,4770.342,10239.501,19268.374,31702.44,America/Los_Angeles,34.03202,-118.52633,86.0,52.09648609161377,1.0,0.0,0.7424861242014871,0.7424396873938158,0.9026798307475318,0.09732016925246827,0.9026697177726927,0.0973302822273074,1.0,0.0,0.0,14.0,0.0,93.6,1.0,,,,,,,,,,,,,,,,,2026-10-02 22:00:00+00:00,49.70727548171562,40.29272451828438,227.26310821336122,599.3591575451451,737.8417774815816,122.20209671851217,709.0,916.1,69.0,0.7424861242014871,0,34.0,20,99.06,,2026-09-21T12:00Z,,,,,0.2,39.939,0.9075,nasa_power_ml_plus_cams_spectral,40.3,moderate,74.2,73.4,typical-to-good locally,64.6,58.2,62.4,62.4,False,20,65.5,6.5,2,horizontal environmental reference,SW,49.7,"sun 40° up (SW) — lay flat, or lift torso ~50° toward SW to face it",99.5,False,,,50.0,50.1,49.8,,not specified,Environmental scores are skin-type independent.,not personalized
2026-10-02T16:00,deterministic,best_match,93.3,20,46.2,89.6,65.6,1000.0,990.5,79199.48,0,0,0,0,0,2,0.0,0.0,0.0,0.0,6.8,224,5.6,3.9,3.9,3600.0,1,0.0,10.6,0.0,17814.96,1148.294,23.4,0.0,0.02,4.26,568.0,500.0,68.0,866.0,789.4,493.9,434.7,59.1,753.0,686.6,6,9,7,4,16,0,0,0,0,0,2309.712,4773.622,10246.063,19274.934,31707.728,America/Los_Angeles,34.03202,-118.52633,86.0,52.09648609161377,1.0,0.0,0.719533823156828,0.7193416836586076,0.8802816901408451,0.11971830985915492,0.8801376796922454,0.11965985017209962,1.0,0.0,0.0999999999999659,16.0,0.0,84.5,1.0,,,,,,,,,,,,,,,,,2026-10-02 23:00:00+00:00,59.79071588544266,30.20928411455734,240.8520081894589,434.4588333482217,653.8155774818684,105.48499672968512,568.0,866.0,68.0,0.719533823156828,0,34.05555555555556,20,99.05,,2026-09-21T12:00Z,,,,,0.2,30.297,0.537,nasa_power_ml_plus_cams_spectral,30.6,low-moderate,58.0,92.4,typical-to-good locally,57.7,61.0,58.9,58.9,False,20,65.6,6.8,2,horizontal environmental reference,WSW,59.8,"sun 30° up (WSW) — lay flat, or lift torso ~60° toward WSW to face it",99.5,False,,,50.0,41.5,41.3,,not specified,Environmental scores are skin-type independent.,not personalized
2026-10-02T17:00,deterministic,best_match,93.0,20,46.0,89.2,65.4,1000.2,990.7,79199.48,0,0,0,0,0,3,0.0,0.0,0.0,0.0,6.5,224,5.8,2.45,2.45,3600.0,1,0.0,10.7,0.0,17814.96,902.231,23.5,0.0,0.015,4.23,385.0,327.0,58.0,789.5,566.6,298.7,253.7,45.0,612.6,439.9,6,9,7,6,16,0,0,0,0,0,2309.712,4773.622,10249.344,19281.496,31707.728,America/Los_Angeles,34.03202,-118.52633,86.0,52.09648609161377,1.0,0.0,0.6794917049064596,0.6790179586269607,0.8493506493506493,0.15064935064935064,0.8493471710746568,0.15065282892534315,1.0,0.0,0.0,16.0,0.0,72.7,1.0,,,,,,,,,,,,,,,,,2026-10-03 00:00:00+00:00,71.15687908226926,18.843120917730747,251.5618135607382,233.97073950917692,484.22822113914407,77.57565094705683,385.0,789.5,58.0,0.6794917049064596,0,33.88888888888889,20,99.07000000000001,,2026-09-21T12:00Z,,,,,0.2,18.402,0.1832,nasa_power_ml_plus_cams_spectral,18.8,low,40.5,99.8,below typical locally,34.4,63.8,44.7,44.7,False,20,65.4,6.5,3,horizontal environmental reference,WSW,71.2,"sun low 19° (WSW) — face WSW, lift torso ~71° toward the sun if comfortable",99.2,False,,,50.0,28.4,28.2,,not specified,Environmental scores are skin-type independent.,not personalized
2026-10-02T18:00,deterministic,best_match,92.5,21,46.9,89.3,65.6,1000.7,991.2,79199.48,0,0,0,0,0,3,0.0,0.0,0.0,0.0,5.4,232,8.5,1.05,1.05,3600.0,1,0.0,11.6,0.0,17880.578,623.36,23.5,0.0,0.008,4.11,175.0,131.0,44.0,595.1,301.7,92.3,69.1,23.2,314.1,159.7,6,9,8,6,14,0,0,0,0,0,2326.116,4790.027,10265.748,19297.9,31723.604,America/Los_Angeles,34.03202,-118.52633,86.0,52.09648609161377,1.0,0.0,0.580046403712297,0.5779586725109581,0.7485714285714286,0.25142857142857145,0.7486457204767063,0.2513542795232936,1.0,0.0,0.0,14.0,0.0,55.7,1.0,,,,,,,,,,,,,,,,,2026-10-03 01:00:00+00:00,83.14985721125547,6.850142788744534,260.6579854738918,39.7180706701641,128.41187749147332,24.40201065153842,175.0,595.1,44.0,0.580046403712297,0,33.611111111111114,21,99.12,,2026-09-21T12:00Z,,,,,0.2,7.218,0.056,nasa_power_ml_plus_cams_spectral,7.7,low,22.8,100.0,poor locally,34.5,73.1,48.0,48.0,False,21,65.6,5.4,3,horizontal environmental reference,W,83.1,"sun low 7° (W) — face W, lift torso ~83° toward the sun if comfortable",99.2,False,,,50.0,15.4,15.3,,not specified,Environmental scores are skin-type independent.,not personalized
2026-10-02T19:00,deterministic,best_match,91.7,22,47.4,89.3,65.5,1001.5,991.9,79199.48,0,0,0,0,0,3,0.0,0.0,0.0,0.0,4.0,251,12.3,0.1,0.1,1813.98,0,0.0,12.9,0.0,17946.196,328.084,23.6,0.0,0.004,3.95,14.0,10.0,4.0,125.6,43.4,0.0,0.0,0.0,0.0,0.0,7,9,8,4,12,0,0,0,0,0,2345.801,4806.431,10285.434,19317.586,31734.19,America/Los_Angeles,34.03202,-118.52633,86.0,52.09648609161377,1.0,0.0,0.3225806451612903,,0.7142857142857143,0.2857142857142857,,,0.5038833333333333,0.0,0.0,12.0,0.0,33.3,1.0,,,,,,,,,,,,,,,,,2026-10-03 02:00:00+00:00,95.65660004880556,-5.656600048805551,269.0865319929529,0.0,0.0,0.0,14.0,125.6,4.0,0.3225806451612903,0,33.16666666666667,22,99.19,,2026-09-21T12:00Z,,,,,0.2,0.0,0.0,nasa_power_ml_plus_cams_spectral,0.3,low,0.4,3.1,poor locally,,,,,False,22,65.5,4.0,3,horizontal environmental reference,W,,sun below horizon — no direct-sun posture,99.2,False,,,50.0,0.0,0.0,,not specified,Environmental scores are skin-type independent.,not personalized
2026-10-02T20:00,deterministic,best_match,90.3,24,48.6,88.8,65.6,1002.2,992.6,79199.48,0,0,0,0,0,3,0.0,0.0,0.0,0.0,2.7,261,15.0,0.0,0.0,0.0,0,0.0,14.1,0.0,18011.81,147.638,23.7,0.0,0.002,3.69,0.0,0.0,0.0,0.0,0.0,0.0,0.0,0.0,0.0,0.0,7,9,9,3,10,0,0,0,0,0,2362.205,4822.835,10301.837,19333.99,31750.062,America/Los_Angeles,34.03202,-118.52633,86.0,52.09648609161377,,,,,,,,,0.0,0.0,0.0,10.0,0.0,0.0,0.6,,,,,,,,,,,,,,,,,2026-10-03 03:00:00+00:00,108.06545389704827,-18.06545389704827,277.65835882451086,0.0,0.0,0.0,0.0,0.0,0.0,,0,32.388888888888886,24,99.26,,2026-09-21T12:00Z,,,,,0.2,0.0,0.0,nasa_power_ml_plus_cams_spectral,0.0,low,0.0,,poor locally,,,,,False,24,65.6,2.7,3,horizontal environmental reference,W,,sun below horizon — no direct-sun posture,99.2,False,,,50.0,0.0,0.0,,not specified,Environmental scores are skin-type independent.,not personalized
2026-10-02T21:00,deterministic,best_match,88.1,28,50.9,87.9,65.8,1002.7,993.1,79199.48,0,0,0,0,0,3,0.0,0.0,0.0,0.0,1.4,189,15.9,0.0,0.0,0.0,0,0.0,14.8,0.0,18011.81,164.042,24.1,0.0,0.0,3.27,0.0,0.0,0.0,0.0,0.0,0.0,0.0,0.0,0.0,0.0,6,8,10,3,12,0,0,0,0,0,2372.047,4832.677,10308.399,19343.832,31755.356,America/Los_Angeles,34.03202,-118.52633,86.0,52.09648609161377,,,,,,,,,0.0,0.0,0.0,12.0,0.0,0.0,0.6,,,,,,,,,,,,,,,,,2026-10-03 04:00:00+00:00,120.2057897560955,-30.2057897560955,287.2818860758323,0.0,0.0,0.0,0.0,0.0,0.0,,0,31.166666666666664,28,99.31,,2026-09-21T12:00Z,,,,,0.2,0.0,0.0,nasa_power_ml_plus_cams_spectral,0.0,low,0.0,,poor locally,,,,,False,28,65.8,1.4,3,horizontal environmental reference,WNW,,sun below horizon — no direct-sun posture,99.2,False,,,50.0,0.0,0.0,,not specified,Environmental scores are skin-type independent.,not personalized
2026-10-02T22:00,deterministic,best_match,85.4,34,53.9,84.8,66.2,1003.1,993.4,79199.48,0,0,0,0,0,3,0.0,0.0,0.0,0.0,4.3,141,15.9,0.0,0.0,0.0,0,0.0,15.3,0.0,18011.81,278.871,24.6,0.0,0.003,2.75,0.0,0.0,0.0,0.0,0.0,0.0,0.0,0.0,0.0,0.0,6,8,11,3,14,0,0,0,0,0,2381.89,4839.239,10311.68,19350.394,31760.648,America/Los_Angeles,34.03202,-118.52633,86.0,52.09648609161377,,,,,,,,,0.0,0.0,0.0,14.0,0.0,0.0,0.6,,,,,,,,,,,,,,,,,2026-10-03 05:00:00+00:00,131.63878590423886,-41.638785904238865,299.2683276437047,0.0,0.0,0.0,0.0,0.0,0.0,,0,29.66666666666667,34,99.34,,2026-09-21T12:00Z,,,,,0.2,0.0,0.0,nasa_power_ml_plus_cams_spectral,0.0,low,0.0,,poor locally,,,,,False,34,66.2,4.3,3,horizontal environmental reference,WNW,,sun below horizon — no direct-sun posture,99.2,False,,,50.0,0.0,0.0,,not specified,Environmental scores are skin-type independent.,not personalized
2026-10-02T23:00,deterministic,best_match,82.9,40,56.1,82.3,66.3,1003.5,993.8,79199.48,0,0,0,0,0,3,0.0,0.0,0.0,0.0,6.2,136,15.0,0.0,0.0,0.0,0,0.0,15.7,0.0,18011.81,377.297,25.2,0.0,0.004,2.31,0.0,0.0,0.0,0.0,0.0,0.0,0.0,0.0,0.0,0.0,5,7,11,3,16,0,0,0,0,0,2391.733,4849.082,10318.241,19360.236,31765.938,America/Los_Angeles,34.03202,-118.52633,86.0,52.09648609161377,,,,,,,,,0.0,0.0,0.0,16.0,0.0,0.0,0.6,,,,,,,,,,,,,,,,,2026-10-03 06:00:00+00:00,141.54465383967596,-51.54465383967596,315.7140912289226,0.0,0.0,0.0,0.0,0.0,0.0,,0,28.277777777777782,40,99.38,,2026-09-21T12:00Z,,,,,0.2,0.0,0.0,nasa_power_ml_plus_cams_spectral,0.0,low,0.0,,poor locally,,,,,False,40,66.3,6.2,3,horizontal environmental reference,NW,,sun below horizon — no direct-sun posture,99.2,False,,,50.0,0.0,0.0,,not specified,Environmental scores are skin-type independent.,not personalized
2026-10-03T00:00,deterministic,best_match,80.5,47,58.4,81.0,66.5,1003.8,994.0,79199.48,0,0,0,0,0,3,0.0,0.0,0.0,0.0,5.3,144,12.5,0.0,0.0,0.0,0,0.0,16.2,0.0,17913.386,393.701,25.7,0.0,0.003,1.88,0.0,0.0,0.0,0.0,0.0,0.0,0.0,0.0,0.0,0.0,5,7,10,3,16,0,0,0,0,0,2395.013,4849.082,10318.241,19356.956,31760.648,America/Los_Angeles,34.03202,-118.52633,86.0,52.09648609161377,,,,,,,,,0.0,0.0,0.0,16.0,0.0,0.0,0.6,,,,,,,,,,,,,,,,,2026-10-03 07:00:00+00:00,148.3220808208695,-58.3220808208695,339.146443293987,0.0,0.0,0.0,0.0,0.0,0.0,,0,26.944444444444446,47,99.4,,2026-09-21T12:00Z,,,,,0.2,0.0,0.0,nasa_power_ml_plus_cams_spectral,0.0,low,0.0,,poor locally,,,,,False,47,66.5,5.3,3,horizontal environmental reference,NNW,,sun below horizon — no direct-sun posture,99.2,False,,,50.0,0.0,0.0,,not specified,Environmental scores are skin-type independent.,not personalized
2026-10-03T01:00,deterministic,best_match,78.2,54,60.2,80.4,66.6,1004.0,994.2,79199.48,0,0,0,0,0,2,0.0,0.0,0.0,0.0,3.2,172,9.2,0.0,0.0,0.0,0,0.0,16.6,0.0,17847.77,377.297,26.3,0.0,0.001,1.52,0.0,0.0,0.0,0.0,0.0,0.0,0.0,0.0,0.0,0.0,5,7,9,3,14,0,0,0,0,0,2401.575,4852.363,10314.961,19353.674,31755.356,America/Los_Angeles,34.03202,-118.52633,86.0,52.09648609161377,,,,,,,,,0.0,0.0,0.0,14.0,0.0,0.0,0.6,,,,,,,,,,,,,,,,,2026-10-03 08:00:00+00:00,149.7205798246329,-59.72057982463289,8.334818679173225,0.0,0.0,0.0,0.0,0.0,0.0,,0,25.666666666666668,54,99.42,,2026-09-21T12:00Z,,,,,0.2,0.0,0.0,nasa_power_ml_plus_cams_spectral,0.0,low,0.0,,poor locally,,,,,False,54,66.6,3.2,2,horizontal environmental reference,N,,sun below horizon — no direct-sun posture,99.5,False,,,50.0,0.0,0.0,,not specified,Environmental scores are skin-type independent.,not personalized
2026-10-03T02:00,deterministic,best_match,76.8,58,60.9,79.5,66.4,1004.2,994.4,79199.48,0,0,0,0,0,2,0.0,0.0,0.0,0.0,2.6,211,6.7,0.0,0.0,0.0,0,0.0,16.9,0.0,17749.344,344.488,26.8,0.0,0.001,1.32,0.0,0.0,0.0,0.0,0.0,0.0,0.0,0.0,0.0,0.0,5,7,8,4,14,0,0,0,0,0,2404.856,4852.363,10314.961,19350.394,31750.062,America/Los_Angeles,34.03202,-118.52633,86.0,52.09648609161377,,,,,,,,,0.0,0.0,0.0,14.0,0.0,0.0,0.6,,,,,,,,,,,,,,,,,2026-10-03 09:00:00+00:00,145.0786999663177,-55.07869996631772,34.97362987645516,0.0,0.0,0.0,0.0,0.0,0.0,,0,24.88888888888889,58,99.44,,2026-09-21T12:00Z,,,,,0.2,0.0,0.0,nasa_power_ml_plus_cams_spectral,0.0,low,0.0,,poor locally,,,,,False,58,66.4,2.6,2,horizontal environmental reference,NE,,sun below horizon — no direct-sun posture,99.5,False,,,50.0,0.0,0.0,,not specified,Environmental scores are skin-type independent.,not personalized
2026-10-03T03:00,deterministic,best_match,76.6,58,60.7,79.3,66.2,1004.4,994.6,79199.48,0,0,0,0,0,1,0.0,0.0,0.0,0.0,2.4,229,6.0,0.0,0.0,0.0,0,0.0,17.2,0.0,17650.918,295.276,27.4,0.0,0.001,1.31,0.0,0.0,0.0,0.0,0.0,0.0,0.0,0.0,0.0,0.0,5,7,7,6,14,0,0,0,0,0,2408.137,4855.643,10314.961,19343.832,31750.062,America/Los_Angeles,34.03202,-118.52633,86.0,52.09648609161377,,,,,,,,,0.0,0.0,0.0,14.0,0.0,0.0,0.6,,,,,,,,,,,,,,,,,2026-10-03 10:00:00+00:00,136.3100388740911,-46.310038874091106,54.276798669949926,0.0,0.0,0.0,0.0,0.0,0.0,,0,24.777777777777775,58,99.46000000000001,,2026-09-21T12:00Z,,,,,0.2,0.0,0.0,nasa_power_ml_plus_cams_spectral,0.0,low,0.0,,poor locally,,,,,False,58,66.2,2.4,1,horizontal environmental reference,NE,,sun below horizon — no direct-sun posture,99.8,False,,,50.0,0.0,0.0,,not specified,Environmental scores are skin-type independent.,not personalized
2026-10-03T04:00,deterministic,best_match,77.3,55,59.8,79.8,66.0,1004.7,994.9,79199.48,0,0,0,0,0,1,0.0,0.0,0.0,0.0,1.9,234,6.5,0.0,0.0,0.0,0,0.0,17.3,0.0,17585.302,229.659,27.9,0.0,0.001,1.44,0.0,0.0,0.0,0.0,0.0,0.0,0.0,0.0,0.0,0.0,5,6,7,9,12,0,0,0,0,0,2414.698,4855.643,10318.241,19340.55,31755.356,America/Los_Angeles,34.03202,-118.52633,86.0,52.09648609161377,,,,,,,,,0.0,0.0,0.0,12.0,0.0,0.0,0.6,,,,,,,,,,,,,,,,,2026-10-03 11:00:00+00:00,125.42512054114627,-35.42512054114628,67.93840706339608,0.0,0.0,0.0,0.0,0.0,0.0,,0,25.166666666666668,55,99.49,,2026-09-21T12:00Z,,,,,0.2,0.0,0.0,nasa_power_ml_plus_cams_spectral,0.0,low,0.0,,poor locally,,,,,False,55,66.0,1.9,1,horizontal environmental reference,ENE,,sun below horizon — no direct-sun posture,99.8,False,,,50.0,0.0,0.0,,not specified,Environmental scores are skin-type independent.,not personalized
2026-10-03T05:00,deterministic,best_match,77.9,53,59.4,80.4,66.0,1005.0,995.2,79199.48,0,0,0,0,0,0,0.0,0.0,0.0,0.0,1.6,225,6.9,0.0,0.0,0.0,0,0.0,17.5,0.0,17486.876,196.85,28.4,0.0,0.0,1.53,0.0,0.0,0.0,0.0,0.0,0.0,0.0,0.0,0.0,0.0,5,6,7,10,12,0,0,0,0,0,2417.979,4858.924,10318.241,19333.99,31755.356,America/Los_Angeles,34.03202,-118.52633,86.0,52.09648609161377,,,,,,,,,0.0,0.0,0.0,12.0,0.0,0.0,0.6,,,,,,,,,,,,,,,,,2026-10-03 12:00:00+00:00,113.53949063729674,-23.539490637296737,78.42444904359786,0.0,0.0,0.0,0.0,0.0,0.0,,0,25.500000000000004,53,99.52000000000001,,2026-09-21T12:00Z,,,,,0.2,0.0,0.0,nasa_power_ml_plus_cams_spectral,0.0,low,0.0,,poor locally,,,,,False,53,66.0,1.6,0,horizontal environmental reference,ENE,,sun below horizon — no direct-sun posture,100.0,False,,,50.0,0.0,0.0,,not specified,Environmental scores are skin-type independent.,not personalized
2026-10-03T06:00,deterministic,best_match,78.0,53,59.5,80.4,66.1,1005.5,995.7,79199.48,0,0,0,0,0,0,0.0,0.0,0.0,0.0,1.7,203,7.4,0.0,0.0,0.0,0,0.0,17.7,0.0,17421.26,180.446,28.8,0.0,0.0,1.54,0.0,0.0,0.0,0.0,0.0,0.0,0.0,0.0,0.0,0.0,5,6,7,11,12,0,0,0,0,0,2431.102,4868.767,10328.084,19340.55,31760.648,America/Los_Angeles,34.03202,-118.52633,86.0,52.09648609161377,,,,,,,,,0.0,0.0,0.0,12.0,0.0,0.0,0.6,,,,,,,,,,,,,,,,,2026-10-03 13:00:00+00:00,101.22229079529026,-11.222290795290267,87.35300517079816,0.0,0.0,0.0,0.0,0.0,0.0,,0,25.555555555555557,53,99.57000000000001,,2026-09-21T12:00Z,,,,,0.2,0.0,0.0,nasa_power_ml_plus_cams_spectral,0.0,low,0.0,0.0,poor locally,,,,,False,53,66.1,1.7,0,horizontal environmental reference,E,,sun below horizon — no direct-sun posture,100.0,False,,,50.0,0.0,0.0,,not specified,Environmental scores are skin-type independent.,not personalized
2026-10-03T07:00,deterministic,best_match,78.1,54,60.1,80.5,66.4,1006.2,996.4,79199.48,0,0,0,0,0,0,0.0,0.0,0.0,0.0,2.2,186,8.1,0.0,0.0,0.0,1,0.0,17.9,0.0,17355.642,196.85,29.2,0.0,0.002,1.51,0.0,0.0,0.0,0.0,1.4,0.0,0.0,0.0,0.0,28.4,5,5,7,11,10,0,0,0,0,0,2440.945,4875.328,10341.207,19343.832,31771.23,America/Los_Angeles,34.03202,-118.52633,86.0,52.09648609161377,,,0.0,0.0,,,,,0.0,0.0,0.0,11.0,0.0,0.0,0.75,,,,,,,,,,,,,,,,,2026-10-03 14:00:00+00:00,88.47457080718002,1.5254291928199917,95.76811643921121,0.8647043909691252,2.4121025514182914,0.8004927333405791,0.0,0.0,0.0,0.0,0,25.61111111111111,54,99.64,,2026-09-21T12:00Z,,,,,0.2,0.509,0.0,nasa_power_ml_plus_cams_spectral,0.3,low,0.4,3.2,poor locally,34.0,77.0,49.0,49.0,False,54,66.4,2.2,0,horizontal environmental reference,E,88.5,"sun low 2° (E) — face E, lift torso ~88° toward the sun if comfortable",100.0,False,,,50.0,0.9,0.9,,not specified,Environmental scores are skin-type independent.,not personalized
2026-10-03T08:00,deterministic,best_match,78.8,53,60.2,80.9,66.8,1006.7,996.9,79199.48,0,0,0,0,0,0,0.0,0.0,0.0,0.0,3.1,180,8.7,0.55,0.55,3600.0,1,0.0,17.8,0.0,17290.028,295.276,29.3,0.0,0.003,1.58,84.0,57.0,27.0,410.9,173.9,152.7,103.6,49.1,747.0,317.0,5,5,7,11,10,0,0,0,0,0,2454.068,4885.171,10351.05,19350.394,31776.522,America/Los_Angeles,34.03202,-118.52633,86.0,52.09648609161377,1.0,0.0,0.48303622771707877,0.48170347003154573,0.6785714285714286,0.32142857142857145,0.6784544859201048,0.32154551407989523,1.0,0.0,0.0,11.0,0.0,61.4,1.0,,,,,,,,,,,,,,,,,2026-10-03 15:00:00+00:00,76.52746174669883,13.472538253301167,104.49378224413101,140.12598640567717,352.4391382118587,58.01496896578662,84.0,410.9,27.0,0.48303622771707877,0,26.0,53,99.69,,2026-09-21T12:00Z,,,,,0.2,5.348,0.044,nasa_power_ml_plus_cams_spectral,4.9,low,18.3,47.5,poor locally,47.5,59.6,51.7,51.7,False,53,66.8,3.1,0,horizontal environmental reference,ESE,76.5,"sun low 13° (ESE) — face ESE, lift torso ~76° toward the sun if comfortable",100.0,False,,,50.0,10.7,10.7,,not specified,Environmental scores are skin-type independent.,not personalized
2026-10-03T09:00,deterministic,best_match,80.7,50,60.3,82.6,67.6,1007.1,997.3,79199.48,0,0,0,0,0,0,0.0,0.0,0.0,0.0,3.8,183,9.6,2.05,2.05,3600.0,1,0.0,17.4,0.0,17290.028,557.743,29.1,0.0,0.008,1.79,291.0,241.0,50.0,728.3,451.4,373.8,309.6,64.2,935.5,580.2,5,5,7,11,10,0,0,0,0,0,2463.911,4895.013,10357.611,19356.956,31781.814,America/Los_Angeles,34.03202,-118.52633,86.0,52.09648609161377,1.0,0.0,0.6446610544971201,0.6442605997931747,0.8281786941580757,0.1718213058419244,0.8282504012841092,0.17174959871589085,1.0,0.0,0.0,11.0,0.0,75.9,1.0,,,,,,,,,,,,,,,,,2026-10-03 16:00:00+00:00,64.8505554907502,25.149444509249804,114.38909237244161,346.33782490587436,592.0919601224947,94.71014380836704,291.0,728.3,50.0,0.6446610544971201,0,27.055555555555557,50,99.72999999999999,,2026-09-21T12:00Z,,,,,0.2,16.834,0.2254,nasa_power_ml_plus_cams_spectral,16.6,low,38.0,55.0,below typical locally,63.1,64.8,63.7,63.7,False,50,67.6,3.8,0,horizontal environmental reference,ESE,64.9,"sun low 25° (ESE) — face ESE, lift torso ~65° toward the sun if comfortable",100.0,False,,,50.0,25.9,25.9,,not specified,Environmental scores are skin-type independent.,not personalized
2026-10-03T10:00,deterministic,best_match,83.1,46,60.2,84.7,68.4,1007.5,997.7,79199.48,0,0,0,0,0,0,0.0,0.0,0.0,0.0,4.5,186,10.3,3.5,3.5,3600.0,1,0.0,16.7,0.0,17290.028,885.827,28.8,0.0,0.014,2.09,482.0,416.0,66.0,818.0,694.3,555.3,479.2,76.0,942.3,800.1,4,6,6,10,10,0,0,0,0,0,2477.034,4901.575,10364.173,19363.518,31792.396,America/Los_Angeles,34.03202,-118.52633,86.0,52.09648609161377,1.0,0.0,0.6942243986749245,0.6940382452193475,0.8630705394190872,0.13692946058091288,0.8629569602016929,0.1368629569602017,1.0,0.0,0.09999999999990905,10.0,0.0,84.5,1.0,,,,,,,,,,,,,,,,,2026-10-03 17:00:00+00:00,54.151861062623055,35.848138937376945,126.55544223007911,529.202938241712,706.3217683517357,115.55342740363176,482.0,818.0,66.0,0.6942243986749245,0,28.388888888888886,46,99.77000000000001,,2026-09-21T12:00Z,,,,,0.2,28.611,0.6111,nasa_power_ml_plus_cams_spectral,28.3,low-moderate,55.4,47.6,typical-to-good locally,65.3,65.1,65.2,65.2,False,46,68.4,4.5,0,horizontal environmental reference,SE,54.2,"sun 36° up (SE) — lay flat, or lift torso ~54° toward SE to face it",100.0,False,,,50.0,37.4,37.4,,not specified,Environmental scores are skin-type independent.,not personalized
2026-10-03T11:00,deterministic,best_match,84.9,43,59.9,87.0,68.9,1007.5,997.8,79199.48,0,0,0,0,0,0,0.0,0.0,0.0,0.0,5.3,192,10.7,4.85,4.85,3600.0,1,0.0,16.1,0.0,17290.028,1131.89,28.5,0.0,0.019,2.33,638.0,563.0,75.0,867.9,886.1,692.2,610.8,81.4,941.6,961.6,4,6,6,10,10,0,0,0,0,0,2486.877,4911.418,10370.735,19370.078,31797.69,America/Los_Angeles,34.03202,-118.52633,86.0,52.09648609161377,1.0,0.0,0.720009028326374,0.7198419301164726,0.8824451410658307,0.11755485893416928,0.8824039295001443,0.11759607049985553,1.0,0.0,1.1368683772161603e-13,10.0,0.0,91.9,1.0,,,,,,,,,,,,,,,,,2026-10-03 18:00:00+00:00,45.27291105788184,44.72708894211816,142.40650964405125,665.9009679077172,764.1463059164721,128.14776541438357,638.0,867.9,75.0,0.720009028326374,0,29.388888888888893,43,99.78,,2026-09-21T12:00Z,,,,,0.2,38.948,0.9395,nasa_power_ml_plus_cams_spectral,38.8,moderate,71.9,42.7,typical-to-good locally,73.6,65.2,70.7,70.7,False,43,68.9,5.3,0,horizontal environmental reference,SE,45.3,"sun 45° up (SE) — lay flat, or lift torso ~45° toward SE to face it",100.0,False,,,50.0,47.0,47.0,,not specified,Environmental scores are skin-type independent.,not personalized
2026-10-03T12:00,deterministic,best_match,85.4,42,59.7,88.2,69.0,1007.1,997.4,79199.48,0,0,0,0,0,0,0.0,0.0,0.0,0.0,6.2,199,10.3,6.15,6.15,3600.0,1,0.0,15.5,0.0,17322.834,1213.911,28.5,0.0,0.022,2.42,753.0,678.0,75.0,913.9,1013.7,782.7,704.7,78.0,949.9,1053.7,4,6,6,10,10,0,0,0,0,0,2477.034,4901.575,10360.893,19363.518,31792.396,America/Los_Angeles,34.03202,-118.52633,86.0,52.09648609161377,1.0,0.0,0.7428233205090263,0.7428110467875106,0.900398406374502,0.099601593625498,0.9003449597546953,0.09965504024530471,1.0,0.0,0.0,10.0,0.0,98.3,1.0,,,,,,,,,,,,,,,,,2026-10-03 19:00:00+00:00,39.544144604085616,50.455855395914384,162.99594275500237,744.4259715068077,790.704537934881,134.68660007098856,753.0,913.9,75.0,0.7428233205090263,0,29.66666666666667,42,99.74,,2026-09-21T12:00Z,,,,,0.2,45.854,1.2263,nasa_power_ml_plus_cams_spectral,47.1,moderate,87.2,59.1,good locally,93.4,63.3,82.9,82.9,False,42,69.0,6.2,0,horizontal environmental reference,SSE,39.5,"sun 50° up (SSE) — lay flat, or lift torso ~40° toward SSE to face it",100.0,False,,,50.0,57.5,57.5,,not specified,Environmental scores are skin-type independent.,not personalized
2026-10-03T13:00,deterministic,best_match,85.4,43,60.3,88.4,69.3,1006.3,996.6,79199.48,0,0,0,0,0,0,0.0,0.0,0.0,0.0,7.0,207,9.6,6.55,6.55,3600.0,1,0.0,14.9,0.0,17355.642,1197.507,28.5,0.0,0.024,2.37,798.0,719.0,79.0,919.8,1068.3,799.3,720.2,79.1,921.4,1070.3,4,6,6,9,10,0,0,0,0,0,2463.911,4895.013,10354.331,19353.674,31781.814,America/Los_Angeles,34.03202,-118.52633,86.0,52.09648609161377,1.0,0.0,0.7469811850603764,0.7467999626273008,0.9010025062656641,0.09899749373433583,0.9010384086075317,0.0989615913924684,1.0,0.0,-1.1368683772161603e-13,10.0,0.0,98.4,1.0,,,,,,,,,,,,,,,,,2026-10-03 20:00:00+00:00,38.44310306175564,51.55689693824436,186.81077587194804,758.5421121379734,795.0730278747182,135.82028286810214,798.0,919.8,79.0,0.7469811850603764,0,29.66666666666667,43,99.66,,2026-09-21T12:00Z,,,,,0.2,48.389,1.3117,nasa_power_ml_plus_cams_spectral,49.9,moderate,91.2,67.9,excellent locally,94.6,66.7,84.8,84.8,False,43,69.3,7.0,0,horizontal environmental reference,S,38.4,"sun 52° up (S) — lay flat, or lift torso ~38° toward S to face it",100.0,False,,,50.0,61.0,61.0,,not specified,Environmental scores are skin-type independent.,not personalized
2026-10-03T14:00,deterministic,best_match,84.9,44,60.6,87.6,69.3,1005.7,996.0,79199.48,0,0,0,0,0,0,0.0,0.0,0.0,0.0,7.5,210,9.2,6.2,6.2,3600.0,1,0.0,14.4,0.0,17388.452,1131.89,28.5,0.0,0.023,2.29,777.0,697.0,80.0,910.7,1046.3,749.9,672.7,77.2,879.0,1009.9,4,6,6,9,10,0,0,0,0,0,2454.068,4885.171,10344.488,19347.114,31776.522,America/Los_Angeles,34.03202,-118.52633,86.0,52.09648609161377,1.0,0.0,0.7426168402943707,0.7425487672046738,0.8970398970398971,0.10296010296010295,0.8970529403920524,0.10294705960794773,1.0,0.0,-1.1368683772161603e-13,10.0,0.0,98.3,1.0,,,,,,,,,,,,,,,,,2026-10-03 21:00:00+00:00,42.339230489553835,47.660769510446165,209.20311503182305,707.1512447315122,778.598618695257,131.63441876104696,777.0,910.7,80.0,0.7426168402943707,0,29.388888888888893,44,99.6,,2026-09-21T12:00Z,,,,,0.2,45.967,1.2,nasa_power_ml_plus_cams_spectral,47.3,moderate,87.4,72.6,good locally,93.5,71.0,85.6,85.6,False,44,69.3,7.5,0,horizontal environmental reference,SSW,42.3,"sun 48° up (SSW) — lay flat, or lift torso ~42° toward SSW to face it",100.0,False,,,50.0,59.2,59.2,,not specified,Environmental scores are skin-type independent.,not personalized
2026-10-03T15:00,deterministic,best_match,84.2,45,60.6,86.1,69.0,1005.3,995.6,79199.48,0,0,0,0,0,0,0.0,0.0,0.0,0.0,7.4,213,9.4,5.05,5.05,3600.0,1,0.0,13.8,0.0,17388.452,1017.06,28.4,0.0,0.021,2.2,697.0,623.0,74.0,897.7,949.1,643.9,575.5,68.4,829.3,876.9,4,6,4,9,10,0,0,0,0,0,2447.507,4881.89,10344.488,19347.114,31776.522,America/Los_Angeles,34.03202,-118.52633,86.0,52.09648609161377,1.0,0.0,0.7343799388894742,0.734291253278595,0.8938307030129125,0.10616929698708752,0.8937723248951701,0.10622767510482996,1.0,0.0,0.0,10.0,0.0,92.8,1.0,,,,,,,,,,,,,,,,,2026-10-03 22:00:00+00:00,50.0608734824424,39.9391265175576,227.03639916091296,594.2476466631554,735.9743727873552,121.77169926434874,697.0,897.7,74.0,0.7343799388894742,0,29.000000000000004,45,99.56,,2026-09-21T12:00Z,,,,,0.2,39.733,0.8929,nasa_power_ml_plus_cams_spectral,39.9,moderate,74.0,73.2,typical-to-good locally,66.2,74.8,69.2,69.2,False,45,69.0,7.4,0,horizontal environmental reference,SW,50.1,"sun 40° up (SW) — lay flat, or lift torso ~50° toward SW to face it",100.0,False,,,50.0,50.5,50.5,,not specified,Environmental scores are skin-type independent.,not personalized
2026-10-03T16:00,deterministic,best_match,83.2,45,59.7,83.6,68.2,1005.0,995.3,79199.48,0,0,0,0,0,0,0.0,0.0,0.0,0.0,6.9,213,10.1,3.75,3.75,3600.0,1,0.0,13.3,0.0,17421.26,853.018,28.3,0.0,0.017,2.13,555.0,483.0,72.0,843.6,783.3,481.9,419.4,62.5,732.5,680.3,5,7,4,10,12,0,0,0,0,0,2444.226,4881.89,10347.77,19350.394,31776.522,America/Los_Angeles,34.03202,-118.52633,86.0,52.09648609161377,1.0,0.0,0.7085407889697435,0.7083639570777598,0.8702702702702703,0.12972972972972974,0.870305042539946,0.12969495746005397,1.0,0.0,0.0,12.0,0.0,83.3,1.0,,,,,,,,,,,,,,,,,2026-10-03 23:00:00+00:00,60.11296500303651,29.88703499696349,240.5907692220604,429.1719534378103,650.7361220014699,104.91563353807908,555.0,843.6,72.0,0.7085407889697435,0,28.444444444444446,45,99.53,,2026-09-21T12:00Z,,,,,0.2,30.113,0.5027,nasa_power_ml_plus_cams_spectral,30.0,low-moderate,57.6,91.8,typical-to-good locally,58.8,77.8,65.4,65.4,False,45,68.2,6.9,0,horizontal environmental reference,WSW,60.1,"sun low 30° (WSW) — face WSW, lift torso ~60° toward the sun if comfortable",100.0,False,,,50.0,41.6,41.6,,not specified,Environmental scores are skin-type independent.,not personalized
2026-10-03T17:00,deterministic,best_match,81.8,47,59.6,82.4,67.7,1005.0,995.2,79199.48,0,0,0,0,0,0,0.0,0.0,0.0,0.0,6.3,212,10.7,2.3,2.3,3600.0,1,0.0,13.2,0.0,17421.26,705.381,28.1,0.0,0.012,1.97,371.0,310.0,61.0,757.5,560.2,286.8,239.7,47.2,585.7,433.3,5,7,3,10,12,0,0,0,0,0,2437.664,4878.609,10347.77,19350.394,31776.522,America/Los_Angeles,34.03202,-118.52633,86.0,52.09648609161377,1.0,0.0,0.6622634773295251,0.6618970690053081,0.8355795148247979,0.16442048517520216,0.8357740585774058,0.16457461645746166,1.0,0.0,-0.0999999999999659,12.0,0.0,71.4,1.0,,,,,,,,,,,,,,,,,2026-10-04 00:00:00+00:00,71.45539002468871,18.544609975311285,251.29146169510727,228.7947139706707,478.2968292204249,76.67579551538267,371.0,757.5,61.0,0.6622634773295251,0,27.666666666666668,47,99.52000000000001,,2026-09-21T12:00Z,,,,,0.2,18.03,0.1727,nasa_power_ml_plus_cams_spectral,18.1,low,39.8,99.6,below typical locally,34.7,79.1,50.2,50.2,False,47,67.7,6.3,0,horizontal environmental reference,WSW,71.5,"sun low 19° (WSW) — face WSW, lift torso ~72° toward the sun if comfortable",100.0,False,,,50.0,28.2,28.2,,not specified,Environmental scores are skin-type independent.,not personalized
2026-10-03T18:00,deterministic,best_match,80.0,51,60.2,81.0,67.2,1005.4,995.6,79199.48,0,0,0,0,0,0,0.0,0.0,0.0,0.0,5.7,206,11.4,0.9,0.9,3600.0,1,0.0,13.7,0.0,17421.26,606.955,27.7,0.0,0.006,1.71,162.0,118.0,44.0,548.5,295.0,83.7,61.0,22.7,283.5,153.0,5,7,3,10,10,0,0,0,0,0,2450.787,4891.733,10354.331,19360.236,31781.814,America/Los_Angeles,34.03202,-118.52633,86.0,52.09648609161377,1.0,0.0,0.5491525423728814,0.5470588235294118,0.7283950617283951,0.2716049382716049,0.7287933094384706,0.27120669056152924,1.0,0.0,0.0,10.0,0.0,54.0,1.0,,,,,,,,,,,,,,,,,2026-10-04 01:00:00+00:00,83.43034934012223,6.569650659877772,260.3843174754645,36.34583129959824,118.43620033910373,22.795433234561706,162.0,548.5,44.0,0.5491525423728814,0,26.666666666666668,51,99.56,,2026-09-21T12:00Z,,,,,0.2,6.855,0.0442,nasa_power_ml_plus_cams_spectral,7.0,low,21.3,100.0,poor locally,34.7,82.6,51.5,51.5,False,51,67.2,5.7,0,horizontal environmental reference,W,83.4,"sun low 7° (W) — face W, lift torso ~83° toward the sun if comfortable",100.0,False,,,50.0,14.6,14.6,,not specified,Environmental scores are skin-type independent.,not personalized
2026-10-03T19:00,deterministic,best_match,77.9,55,60.4,79.4,66.5,1006.1,996.3,79199.48,0,0,0,0,0,0,0.0,0.0,0.0,0.0,4.8,193,11.9,0.05,0.05,1299.45,0,0.0,14.5,0.0,17421.26,557.743,27.2,0.0,0.002,1.47,12.0,8.0,4.0,103.7,39.8,0.0,0.0,0.0,0.0,0.0,5,6,3,10,8,0,0,0,0,0,2463.911,4901.575,10364.173,19366.798,31792.396,America/Los_Angeles,34.03202,-118.52633,86.0,52.09648609161377,1.0,0.0,0.30150753768844224,,0.6666666666666666,0.3333333333333333,,,0.3609583333333333,0.0,0.0,10.0,0.0,31.3,1.0,,,,,,,,,,,,,,,,,2026-10-04 02:00:00+00:00,95.93613794166617,-5.936137941666174,268.8076292411756,0.0,0.0,0.0,12.0,103.7,4.0,0.30150753768844224,0,25.500000000000004,55,99.63,,2026-09-21T12:00Z,,,,,0.2,0.0,0.0,nasa_power_ml_plus_cams_spectral,0.1,low,0.0,0.0,poor locally,,,,,False,55,66.5,4.8,0,horizontal environmental reference,W,,sun below horizon — no direct-sun posture,100.0,False,,,50.0,0.0,0.0,,not specified,Environmental scores are skin-type independent.,not personalized
2026-10-03T20:00,deterministic,best_match,76.3,59,60.9,78.1,66.2,1006.7,996.8,79199.48,0,0,0,0,0,0,0.0,0.0,0.0,0.0,4.5,183,11.6,0.0,0.0,0.0,0,0.0,15.3,0.0,17421.26,508.53,26.7,0.0,0.002,1.27,0.0,0.0,0.0,0.0,0.0,0.0,0.0,0.0,0.0,0.0,5,6,3,10,6,0,0,0,0,0,2477.034,4914.698,10370.735,19376.64,31797.69,America/Los_Angeles,34.03202,-118.52633,86.0,52.09648609161377,,,,,,,,,0.0,0.0,0.0,10.0,0.0,0.0,0.6,,,,,,,,,,,,,,,,,2026-10-04 03:00:00+00:00,108.3483426838269,-18.348342683826907,277.3699267234111,0.0,0.0,0.0,0.0,0.0,0.0,,0,24.61111111111111,59,99.67999999999999,,2026-09-21T12:00Z,,,,,0.2,0.0,0.0,nasa_power_ml_plus_cams_spectral,0.0,low,0.0,,poor locally,,,,,False,59,66.2,4.5,0,horizontal environmental reference,W,,sun below horizon — no direct-sun posture,100.0,False,,,50.0,0.0,0.0,,not specified,Environmental scores are skin-type independent.,not personalized
2026-10-03T21:00,deterministic,best_match,75.5,61,61.2,77.6,66.1,1007.2,997.3,79199.48,0,0,0,0,0,0,0.0,0.0,0.0,0.0,4.3,177,9.8,0.0,0.0,0.0,0,0.0,15.9,0.0,17388.452,508.53,26.3,0.0,0.001,1.18,0.0,0.0,0.0,0.0,0.0,0.0,0.0,0.0,0.0,0.0,5,6,3,10,6,0,0,0,0,0,2486.877,4921.26,10370.735,19376.64,31797.69,America/Los_Angeles,34.03202,-118.52633,86.0,52.09648609161377,,,,,,,,,0.0,0.0,0.0,10.0,0.0,0.0,0.6,,,,,,,,,,,,,,,,,2026-10-04 04:00:00+00:00,120.5020918717486,-30.5020918717486,286.9813303210259,0.0,0.0,0.0,0.0,0.0,0.0,,0,24.166666666666668,61,99.72999999999999,,2026-09-21T12:00Z,,,,,0.2,0.0,0.0,nasa_power_ml_plus_cams_spectral,0.0,low,0.0,,poor locally,,,,,False,61,66.1,4.3,0,horizontal environmental reference,WNW,,sun below horizon — no direct-sun posture,100.0,False,,,50.0,0.0,0.0,,not specified,Environmental scores are skin-type independent.,not personalized
2026-10-03T22:00,deterministic,best_match,75.5,62,61.5,77.8,66.2,1007.7,997.8,79199.48,0,0,0,0,0,0,0.0,0.0,0.0,0.0,3.8,173,7.4,0.0,0.0,0.0,0,0.0,16.4,0.0,17355.642,524.934,25.9,0.0,0.001,1.14,0.0,0.0,0.0,0.0,0.0,0.0,0.0,0.0,0.0,0.0,6,6,4,9,6,0,0,0,0,0,2496.719,4927.822,10374.016,19376.64,31797.69,America/Los_Angeles,34.03202,-118.52633,86.0,52.09648609161377,,,,,,,,,0.0,0.0,0.0,9.0,0.0,0.0,0.6,,,,,,,,,,,,,,,,,2026-10-04 05:00:00+00:00,131.9605731276147,-41.960573127614715,298.9639811731692,0.0,0.0,0.0,0.0,0.0,0.0,,0,24.166666666666668,62,99.78,,2026-09-21T12:00Z,,,,,0.2,0.0,0.0,nasa_power_ml_plus_cams_spectral,0.0,low,0.0,,poor locally,,,,,False,62,66.2,3.8,0,horizontal environmental reference,WNW,,sun below horizon — no direct-sun posture,100.0,False,,,50.0,0.0,0.0,,not specified,Environmental scores are skin-type independent.,not personalized
2026-10-03T23:00,deterministic,best_match,75.4,62,61.4,77.8,66.1,1008.1,998.2,79199.48,0,0,0,0,0,0,0.0,0.0,0.0,0.0,3.6,169,5.8,0.0,0.0,0.0,0,0.0,16.8,0.0,17322.834,524.934,25.6,0.0,0.001,1.14,0.0,0.0,0.0,0.0,0.0,0.0,0.0,0.0,0.0,0.0,6,6,4,9,6,0,0,0,0,0,2506.562,4934.384,10374.016,19376.64,31797.69,America/Los_Angeles,34.03202,-118.52633,86.0,52.09648609161377,,,,,,,,,0.0,0.0,0.0,9.0,0.0,0.0,0.6,,,,,,,,,,,,,,,,,2026-10-04 06:00:00+00:00,141.90371073004786,-51.903710730047855,315.45346155665356,0.0,0.0,0.0,0.0,0.0,0.0,,0,24.111111111111114,62,99.82000000000001,,2026-09-21T12:00Z,,,,,0.2,0.0,0.0,nasa_power_ml_plus_cams_spectral,0.0,low,0.0,,poor locally,,,,,False,62,66.1,3.6,0,horizontal environmental reference,NW,,sun below horizon — no direct-sun posture,100.0,False,,,50.0,0.0,0.0,,not specified,Environmental scores are skin-type independent.,not personalized
2026-10-04T00:00,deterministic,best_match,75.4,62,61.4,77.9,66.1,1008.2,998.3,79199.48,0,0,0,0,0,0,0.0,0.0,0.0,0.0,3.5,165,5.8,0.0,0.0,0.0,0,0.0,17.0,0.0,17257.218,508.53,25.3,0.0,0.001,1.14,0.0,0.0,0.0,0.0,0.0,0.0,0.0,0.0,0.0,0.0,6,6,4,9,6,0,0,0,0,0,2503.281,4931.103,10367.454,19363.518,31787.106,America/Los_Angeles,34.03202,-118.52633,86.0,52.09648609161377,,,,,,,,,0.0,0.0,0.0,9.0,0.0,0.0,0.6,,,,,,,,,,,,,,,,,2026-10-04 07:00:00+00:00,148.71363346545206,-58.713633465452055,339.0689740310032,0.0,0.0,0.0,0.0,0.0,0.0,,0,24.111111111111114,62,99.83,,2026-09-21T12:00Z,,,,,0.2,0.0,0.0,nasa_power_ml_plus_cams_spectral,0.0,low,0.0,,poor locally,,,,,False,62,66.1,3.5,0,horizontal environmental reference,NNW,,sun below horizon — no direct-sun posture,100.0,False,,,50.0,0.0,0.0,,not specified,Environmental scores are skin-type independent.,not personalized
2026-10-04T01:00,deterministic,best_match,75.4,61,61.0,77.8,65.9,1008.2,998.3,79199.48,0,0,0,0,0,0,0.0,0.0,0.0,0.0,3.3,164,6.7,0.0,0.0,0.0,0,0.0,17.1,0.0,17191.602,475.722,25.1,0.0,0.001,1.17,0.0,0.0,0.0,0.0,0.0,0.0,0.0,0.0,0.0,0.0,6,6,4,9,6,0,0,0,0,0,2503.281,4927.822,10357.611,19353.674,31771.23,America/Los_Angeles,34.03202,-118.52633,86.0,52.09648609161377,,,,,,,,,0.0,0.0,0.0,9.0,0.0,0.0,0.6,,,,,,,,,,,,,,,,,2026-10-04 08:00:00+00:00,150.09416282752255,-60.09416282752254,8.581925037062774,0.0,0.0,0.0,0.0,0.0,0.0,,0,24.111111111111114,61,99.83,,2026-09-21T12:00Z,,,,,0.2,0.0,0.0,nasa_power_ml_plus_cams_spectral,0.0,low,0.0,,poor locally,,,,,False,61,65.9,3.3,0,horizontal environmental reference,N,,sun below horizon — no direct-sun posture,100.0,False,,,50.0,0.0,0.0,,not specified,Environmental scores are skin-type independent.,not personalized
2026-10-04T02:00,deterministic,best_match,75.4,61,61.0,77.9,65.9,1008.2,998.3,79199.48,0,0,0,0,0,0,0.0,0.0,0.0,0.0,3.0,163,7.4,0.0,0.0,0.0,0,0.0,17.2,0.0,17125.984,442.913,24.8,0.0,0.001,1.17,0.0,0.0,0.0,0.0,0.0,0.0,0.0,0.0,0.0,0.0,6,6,4,9,6,0,0,0,0,0,2500.0,4924.541,10351.05,19340.55,31760.648,America/Los_Angeles,34.03202,-118.52633,86.0,52.09648609161377,,,,,,,,,0.0,0.0,0.0,9.0,0.0,0.0,0.6,,,,,,,,,,,,,,,,,2026-10-04 09:00:00+00:00,145.38046944631154,-55.38046944631153,35.41659554934222,0.0,0.0,0.0,0.0,0.0,0.0,,0,24.111111111111114,61,99.83,,2026-09-21T12:00Z,,,,,0.2,0.0,0.0,nasa_power_ml_plus_cams_spectral,0.0,low,0.0,,poor locally,,,,,False,61,65.9,3.0,0,horizontal environmental reference,NE,,sun below horizon — no direct-sun posture,100.0,False,,,50.0,0.0,0.0,,not specified,Environmental scores are skin-type independent.,not personalized
2026-10-04T03:00,deterministic,best_match,75.0,62,61.1,77.8,65.8,1008.2,998.3,79199.48,0,0,0,0,0,0,0.0,0.0,0.0,0.0,2.4,158,7.8,0.0,0.0,0.0,0,0.0,17.3,0.0,17060.368,410.105,24.4,0.0,0.001,1.13,0.0,0.0,0.0,0.0,0.0,0.0,0.0,0.0,0.0,0.0,6,6,4,9,6,0,0,0,0,0,2496.719,4921.26,10344.488,19327.428,31750.062,America/Los_Angeles,34.03202,-118.52633,86.0,52.09648609161377,,,,,,,,,0.0,0.0,0.0,9.0,0.0,0.0,0.6,,,,,,,,,,,,,,,,,2026-10-04 10:00:00+00:00,136.54197685963112,-46.54197685963112,54.73797591200747,0.0,0.0,0.0,0.0,0.0,0.0,,0,23.88888888888889,62,99.83,,2026-09-21T12:00Z,,,,,0.2,0.0,0.0,nasa_power_ml_plus_cams_spectral,0.0,low,0.0,,poor locally,,,,,False,62,65.8,2.4,0,horizontal environmental reference,NE,,sun below horizon — no direct-sun posture,100.0,False,,,50.0,0.0,0.0,,not specified,Environmental scores are skin-type independent.,not personalized
2026-10-04T04:00,deterministic,best_match,74.6,63,61.1,77.8,65.7,1008.2,998.3,79199.48,0,0,0,0,0,0,0.0,0.0,0.0,0.0,1.5,153,8.1,0.0,0.0,0.0,0,0.0,17.5,0.0,16994.75,377.297,24.0,0.0,0.0,1.08,0.0,0.0,0.0,0.0,0.0,0.0,0.0,0.0,0.0,0.0,7,7,4,10,8,0,0,0,0,0,2496.719,4914.698,10334.646,19317.586,31739.48,America/Los_Angeles,34.03202,-118.52633,86.0,52.09648609161377,,,,,,,,,0.0,0.0,0.0,10.0,0.0,0.0,0.6,,,,,,,,,,,,,,,,,2026-10-04 11:00:00+00:00,125.61123407458027,-35.61123407458027,68.3643161503357,0.0,0.0,0.0,0.0,0.0,0.0,,0,23.666666666666664,63,99.83,,2026-09-21T12:00Z,,,,,0.2,0.0,0.0,nasa_power_ml_plus_cams_spectral,0.0,low,0.0,,poor locally,,,,,False,63,65.7,1.5,0,horizontal environmental reference,ENE,,sun below horizon — no direct-sun posture,100.0,False,,,50.0,0.0,0.0,,not specified,Environmental scores are skin-type independent.,not personalized
2026-10-04T05:00,deterministic,best_match,74.5,63,61.0,77.9,65.6,1008.3,998.4,79199.48,0,0,0,0,0,0,0.0,0.0,0.0,0.0,0.8,146,8.5,0.0,0.0,0.0,0,0.0,17.6,0.0,16929.134,344.488,23.5,0.0,0.0,1.08,0.0,0.0,0.0,0.0,0.0,0.0,0.0,0.0,0.0,0.0,7,7,4,10,8,0,0,0,0,0,2493.438,4911.418,10328.084,19304.462,31728.896,America/Los_Angeles,34.03202,-118.52633,86.0,52.09648609161377,,,,,,,,,0.0,0.0,0.0,10.0,0.0,0.0,0.6,,,,,,,,,,,,,,,,,2026-10-04 12:00:00+00:00,113.70048107259387,-23.70048107259387,78.81624337065733,0.0,0.0,0.0,0.0,0.0,0.0,,0,23.61111111111111,63,99.84,,2026-09-21T12:00Z,,,,,0.2,0.0,0.0,nasa_power_ml_plus_cams_spectral,0.0,low,0.0,,poor locally,,,,,False,63,65.6,0.8,0,horizontal environmental reference,E,,sun below horizon — no direct-sun posture,100.0,False,,,50.0,0.0,0.0,,not specified,Environmental scores are skin-type independent.,not personalized
2026-10-04T06:00,deterministic,best_match,74.6,62,60.8,78.1,65.5,1008.6,998.7,79199.48,0,0,0,0,0,1,0.0,0.0,0.0,0.0,0.5,153,9.4,0.0,0.0,0.0,0,0.0,17.7,0.0,16830.708,295.276,23.0,0.0,0.0,1.11,0.0,0.0,0.0,0.0,0.0,0.0,0.0,0.0,0.0,0.0,7,7,4,10,8,0,0,0,0,0,2503.281,4917.979,10334.646,19304.462,31728.896,America/Los_Angeles,34.03202,-118.52633,86.0,52.09648609161377,,,,,,,,,0.0,0.0,0.0,10.0,0.0,0.0,0.6,,,,,,,,,,,,,,,,,2026-10-04 13:00:00+00:00,101.37342107140942,-11.37342107140942,87.72336827746392,0.0,0.0,0.0,0.0,0.0,0.0,,0,23.666666666666664,62,99.87,,2026-09-21T12:00Z,,,,,0.2,0.0,0.0,nasa_power_ml_plus_cams_spectral,0.0,low,0.0,0.0,poor locally,,,,,False,62,65.5,0.5,1,horizontal environmental reference,E,,sun below horizon — no direct-sun posture,99.8,False,,,50.0,0.0,0.0,,not specified,Environmental scores are skin-type independent.,not personalized
2026-10-04T07:00,deterministic,best_match,75.1,60,60.3,78.4,65.4,1009.1,999.2,79199.48,0,0,0,0,0,1,0.0,0.0,0.0,0.0,0.5,207,10.7,0.0,0.0,0.0,1,0.0,17.8,0.0,16732.283,246.063,22.4,0.0,0.001,1.19,0.0,0.0,0.0,0.0,1.0,0.0,0.0,0.0,0.0,24.8,7,8,4,9,10,0,0,0,0,0,2509.843,4927.822,10344.488,19307.742,31734.19,America/Los_Angeles,34.03202,-118.52633,86.0,52.09648609161377,,,0.0,0.0,,,,,0.0,0.0,0.0,10.0,0.0,0.0,0.75,,,,,,,,,,,,,,,,,2026-10-04 14:00:00+00:00,88.61395901542609,1.3860409845739157,96.13030544291422,0.6722753766990812,1.847462964288253,0.6275877982433251,0.0,0.0,0.0,,0,23.944444444444443,60,99.92,,2026-09-21T12:00Z,,,,,0.2,0.927,0.0122,nasa_power_ml_plus_cams_spectral,0.5,low,0.9,7.3,poor locally,33.5,70.0,46.3,46.3,False,60,65.4,0.5,1,horizontal environmental reference,E,88.6,"sun low 1° (E) — face E, lift torso ~89° toward the sun if comfortable",99.8,False,,,50.0,1.4,1.4,,not specified,Environmental scores are skin-type independent.,not personalized
2026-10-04T08:00,deterministic,best_match,76.4,57,60.1,79.4,65.8,1009.4,999.5,79199.48,0,0,0,0,0,2,0.0,0.0,0.0,0.0,1.0,207,10.7,0.55,0.55,3600.0,1,0.0,17.6,0.0,16633.857,295.276,21.7,0.0,0.002,1.34,84.0,57.0,27.0,415.3,170.3,154.1,104.6,49.5,762.1,313.3,7,8,4,9,10,0,0,0,0,0,2519.685,4934.384,10351.05,19307.742,31734.19,America/Los_Angeles,34.03202,-118.52633,86.0,52.09648609161377,1.0,0.0,0.49324721080446265,0.4918608362591765,0.6785714285714286,0.32142857142857145,0.6787800129785854,0.3212199870214147,1.0,0.0,0.0,10.0,0.0,61.6,1.0,,,,,,,,,,,,,,,,,2026-10-04 15:00:00+00:00,76.6942536537702,13.305746346229789,104.85940314769215,137.3871769586419,347.8034292097954,57.34114332470702,84.0,415.3,27.0,0.49324721080446265,0,24.66666666666667,57,99.95,,2026-09-21T12:00Z,,,,,0.2,5.258,0.039,nasa_power_ml_plus_cams_spectral,4.9,low,18.4,48.2,poor locally,47.6,51.0,48.8,48.8,False,57,65.8,1.0,2,horizontal environmental reference,ESE,76.7,"sun low 13° (ESE) — face ESE, lift torso ~77° toward the sun if comfortable",99.5,False,,,50.0,10.6,10.5,,not specified,Environmental scores are skin-type independent.,not personalized
2026-10-04T09:00,deterministic,best_match,79.4,51,59.7,81.9,66.8,1009.7,999.9,79199.48,0,0,0,0,0,2,0.0,0.0,0.0,0.0,1.9,201,8.7,2.0,2.0,3600.0,1,0.0,17.0,0.0,16633.857,508.53,20.9,0.0,0.007,1.68,294.0,245.0,49.0,747.0,447.6,378.3,315.3,63.1,961.3,576.3,8,8,4,9,10,0,0,0,0,0,2526.247,4937.664,10354.331,19307.742,31734.19,America/Los_Angeles,34.03202,-118.52633,86.0,52.09648609161377,1.0,0.0,0.6568364611260054,0.6564289432587195,0.8333333333333334,0.16666666666666666,0.8334655035685964,0.16679883690192968,1.0,0.0,-0.10000000000002274,10.0,0.0,75.6,1.0,,,,,,,,,,,,,,,,,2026-10-04 16:00:00+00:00,65.04478011691299,24.955219883087018,114.76623710338833,343.0999610670919,589.685701507483,94.30578563133281,294.0,747.0,49.0,0.6568364611260054,0,26.33333333333334,51,99.99,,2026-09-21T12:00Z,,,,,0.2,16.905,0.2228,nasa_power_ml_plus_cams_spectral,16.5,low,38.2,55.7,below typical locally,59.9,55.6,58.4,58.4,False,51,66.8,1.9,2,horizontal environmental reference,ESE,65.0,"sun low 25° (ESE) — face ESE, lift torso ~65° toward the sun if comfortable",99.5,False,,,50.0,25.5,25.4,,not specified,Environmental scores are skin-type independent.,not personalized
2026-10-04T10:00,deterministic,best_match,83.2,43,58.4,84.7,67.5,1009.8,1000.0,79199.48,0,0,0,0,0,3,0.0,0.0,0.0,0.0,2.9,203,5.6,3.45,3.45,3600.0,1,0.0,16.2,0.0,16633.857,836.614,20.0,0.0,0.014,2.21,488.0,424.0,64.0,839.0,690.3,562.5,488.7,73.8,967.1,795.9,8,9,6,9,10,0,0,0,0,0,2529.528,4937.664,10354.331,19311.024,31734.19,America/Los_Angeles,34.03202,-118.52633,86.0,52.09648609161377,1.0,0.0,0.7069390120237579,0.7067470787787411,0.8688524590163934,0.13114754098360656,0.8688,0.13119999999999998,1.0,0.0,0.0,10.0,0.0,84.0,1.0,,,,,,,,,,,,,,,,,2026-10-04 17:00:00+00:00,54.38827548407215,35.61172451592785,126.94218844233404,525.6562541293379,704.8365232576099,115.2374574306092,488.0,839.0,64.0,0.7069390120237579,0,28.444444444444446,43,100.0,,2026-09-21T12:00Z,,,,,0.2,28.604,0.6077,nasa_power_ml_plus_cams_spectral,28.1,low-moderate,55.7,47.9,typical-to-good locally,64.0,58.4,62.0,62.0,False,43,67.5,2.9,3,horizontal environmental reference,SE,54.4,"sun 36° up (SE) — lay flat, or lift torso ~54° toward SE to face it",99.2,False,,,50.0,37.0,36.7,,not specified,Environmental scores are skin-type independent.,not personalized
2026-10-04T11:00,deterministic,best_match,85.8,37,56.5,87.2,67.6,1009.7,1000.0,79199.48,0,0,0,0,0,3,0.0,0.0,0.0,0.0,4.1,202,3.8,4.8,4.8,3600.0,1,0.0,15.4,0.0,16633.857,1082.677,19.3,0.0,0.019,2.66,646.0,574.0,72.0,889.6,881.8,701.0,622.9,78.1,965.4,957.1,9,9,6,9,10,0,0,0,0,0,2536.089,4940.945,10357.611,19311.024,31734.19,America/Los_Angeles,34.03202,-118.52633,86.0,52.09648609161377,1.0,0.0,0.732592424586074,0.7324208546651343,0.8885448916408669,0.11145510835913312,0.8885877318116976,0.11141226818830241,1.0,0.0,0.0,10.0,0.0,91.4,1.0,,,,,,,,,,,,,,,,,2026-10-04 18:00:00+00:00,45.566882575868576,44.433117424131424,142.77265566014785,662.0420316462533,763.0386558223432,127.856833142798,646.0,889.6,72.0,0.732592424586074,0,29.88888888888889,37,100.0,,2026-09-21T12:00Z,,,,,0.2,39.175,0.9334,nasa_power_ml_plus_cams_spectral,38.7,moderate,72.5,44.3,typical-to-good locally,72.0,58.0,67.1,67.1,False,37,67.6,4.1,3,horizontal environmental reference,SE,45.6,"sun 44° up (SE) — lay flat, or lift torso ~46° toward SE to face it",99.2,False,,,50.0,46.8,46.4,,not specified,Environmental scores are skin-type independent.,not personalized
2026-10-04T12:00,deterministic,best_match,86.3,36,56.2,88.3,67.6,1009.0,999.3,79199.48,0,0,0,0,0,3,0.0,0.0,0.0,0.0,5.3,208,4.7,6.15,6.1,3600.0,1,0.0,14.7,0.0,16633.857,1230.315,19.0,0.0,0.023,2.74,770.0,701.0,69.0,949.8,1009.1,800.3,728.6,71.7,987.2,1048.9,9,9,6,9,10,0,0,0,0,0,2516.404,4924.541,10344.488,19294.62,31718.314,America/Los_Angeles,34.03202,-118.52633,86.0,52.09648609161377,1.0081967213114755,-0.00819672131147553,0.7630561886829849,0.7629897988368766,0.9103896103896104,0.08961038961038961,0.910408596776209,0.08959140322379108,1.0,0.0,-1.1368683772161603e-13,10.0,0.0,98.4,1.0,,,,,,,,,,,,,,,,,2026-10-04 19:00:00+00:00,39.899681736543826,50.100318263456174,163.25774070104444,740.2340066719806,789.7122351122268,134.39148612587178,770.0,949.8,69.0,0.7630561886829849,0,30.166666666666668,36,99.92999999999999,,2026-09-21T12:00Z,,,,,0.2,46.201,1.2264,nasa_power_ml_plus_cams_spectral,47.3,moderate,88.1,62.4,good locally,90.6,54.6,78.0,78.0,False,36,67.6,5.3,3,horizontal environmental reference,SSE,39.9,"sun 50° up (SSE) — lay flat, or lift torso ~40° toward SSE to face it",99.2,False,,,50.0,57.5,57.0,,not specified,Environmental scores are skin-type independent.,not personalized
2026-10-04T13:00,deterministic,best_match,85.5,38,57.0,87.7,67.7,1008.1,998.4,79199.48,0,0,0,0,0,2,0.0,0.0,0.0,0.0,6.6,213,6.7,6.5,6.5,3600.0,1,0.0,14.0,0.0,16601.051,1312.336,18.9,0.0,0.024,2.59,811.0,736.0,75.0,946.6,1063.3,812.2,737.1,75.1,948.0,1065.0,8,9,7,9,12,0,0,0,0,0,2493.438,4911.418,10331.365,19281.496,31707.728,America/Los_Angeles,34.03202,-118.52633,86.0,52.09648609161377,1.0,0.0,0.7627198344775699,0.7626291079812207,0.9075215782983971,0.09247842170160296,0.9075350898793401,0.09246491012065992,1.0,0.0,0.0,12.0,0.0,98.4,1.0,,,,,,,,,,,,,,,,,2026-10-04 20:00:00+00:00,38.834141727514464,51.165858272485536,186.87161004803482,754.0100386731544,794.0135032340555,135.50175284562977,811.0,946.6,75.0,0.7627198344775699,0,29.722222222222225,38,99.84,,2026-09-21T12:00Z,,,,,0.2,48.58,1.312,nasa_power_ml_plus_cams_spectral,49.9,moderate,91.8,70.4,excellent locally,92.0,57.6,80.0,80.0,False,38,67.7,6.6,2,horizontal environmental reference,S,38.8,"sun 51° up (S) — lay flat, or lift torso ~39° toward S to face it",99.5,False,,,50.0,60.7,60.4,,not specified,Environmental scores are skin-type independent.,not personalized
2026-10-04T14:00,deterministic,best_match,84.9,39,57.2,86.3,67.6,1007.3,997.6,79199.48,0,0,0,0,0,2,0.0,0.0,0.0,0.0,7.7,216,8.9,6.1,6.15,3600.0,1,0.0,13.2,0.0,16601.051,1312.336,18.8,0.0,0.024,2.5,783.0,702.0,81.0,922.6,1040.9,755.4,677.3,78.1,890.1,1004.3,8,9,7,9,12,0,0,0,0,0,2473.754,4895.013,10318.241,19265.092,31691.856,America/Los_Angeles,34.03202,-118.52633,86.0,52.09648609161377,0.9918699186991868,0.008130081300813163,0.7522336439619559,0.7521656875435627,0.896551724137931,0.10344827586206896,0.8966110669843791,0.10338893301562085,1.0,0.0,0.0,12.0,0.0,97.9,1.0,,,,,,,,,,,,,,,,,2026-10-04 21:00:00+00:00,42.72250026010588,47.27749973989412,209.07580920937798,702.296610892089,777.2747865796025,131.2730703579881,783.0,922.6,81.0,0.7522336439619559,0,29.388888888888893,39,99.76,,2026-09-21T12:00Z,,,,,0.2,46.169,1.2098,nasa_power_ml_plus_cams_spectral,47.1,moderate,87.8,74.0,good locally,89.5,62.8,80.2,80.2,False,39,67.6,7.7,2,horizontal environmental reference,SSW,42.7,"sun 47° up (SSW) — lay flat, or lift torso ~43° toward SSW to face it",99.5,False,,,50.0,58.6,58.3,,not specified,Environmental scores are skin-type independent.,not personalized
2026-10-04T15:00,deterministic,best_match,85.0,39,57.3,85.2,67.6,1006.9,997.2,79199.48,0,0,0,0,0,1,0.0,0.0,0.0,0.0,8.0,216,11.2,4.9,5.0,3600.0,1,0.0,12.2,0.0,16568.242,1164.698,18.4,0.0,0.021,2.51,678.0,592.0,86.0,858.8,943.3,625.9,546.5,79.4,792.8,871.0,8,9,7,9,12,0,0,0,0,0,2463.911,4888.452,10314.961,19261.81,31681.27,America/Los_Angeles,34.03202,-118.52633,86.0,52.09648609161377,0.9800000000000001,0.019999999999999907,0.7187533128379096,0.7185993111366246,0.8731563421828908,0.12684365781710916,0.87314267454865,0.12685732545135006,1.0,0.0,0.0,12.0,0.0,90.2,1.0,,,,,,,,,,,,,,,,,2026-10-04 22:00:00+00:00,50.413316215050656,39.586683784949344,226.81101827168652,589.122115843346,734.0740410672983,121.33717976380126,678.0,858.8,86.0,0.7187533128379096,0,29.444444444444446,39,99.72,,2026-09-21T12:00Z,,,,,0.2,38.746,0.8545,nasa_power_ml_plus_cams_spectral,38.8,moderate,72.6,69.5,typical-to-good locally,63.8,67.9,65.2,65.2,False,39,67.6,8.0,1,horizontal environmental reference,SW,50.4,"sun 40° up (SW) — lay flat, or lift torso ~50° toward SW to face it",99.8,False,,,50.0,48.8,48.7,,not specified,Environmental scores are skin-type independent.,not personalized
2026-10-04T16:00,deterministic,best_match,85.2,40,58.1,84.5,68.1,1006.7,997.0,79199.48,0,0,0,0,0,1,0.0,0.0,0.0,0.0,8.0,216,13.4,3.65,3.75,3600.0,1,0.0,11.2,0.0,16535.434,935.039,18.0,0.0,0.018,2.48,543.0,461.0,82.0,812.0,777.1,470.8,399.7,71.1,704.0,674.0,9,9,7,9,12,0,0,0,0,0,2454.068,4881.89,10311.68,19255.25,31675.98,America/Los_Angeles,34.03202,-118.52633,86.0,52.09648609161377,0.9733333333333333,0.026666666666666727,0.6987517693990477,0.6985163204747775,0.848987108655617,0.15101289134438306,0.8489804587935429,0.15101954120645708,1.0,0.0,5.684341886080802e-14,12.0,0.0,81.2,1.0,,,,,,,,,,,,,,,,,2026-10-04 23:00:00+00:00,60.43402336521487,29.565976634785134,240.33062069141477,423.88615961482276,647.606238171597,104.34075606210934,543.0,812.0,82.0,0.6987517693990477,0,29.555555555555557,40,99.7,,2026-09-21T12:00Z,,,,,0.2,29.521,0.4936,nasa_power_ml_plus_cams_spectral,29.3,low-moderate,57.1,90.4,typical-to-good locally,53.8,71.7,60.1,60.1,False,40,68.1,8.0,1,horizontal environmental reference,WSW,60.4,"sun low 30° (WSW) — face WSW, lift torso ~60° toward the sun if comfortable",99.8,False,,,50.0,40.4,40.3,,not specified,Environmental scores are skin-type independent.,not personalized
2026-10-04T17:00,deterministic,best_match,85.1,40,58.1,84.7,68.1,1006.6,996.9,79199.48,0,0,0,0,0,0,0.0,0.0,0.0,0.0,7.1,215,14.1,2.25,2.3,3600.0,1,0.0,10.3,0.0,16502.625,721.785,17.6,0.0,0.013,2.47,369.0,303.0,66.0,749.4,553.8,284.2,233.4,50.8,577.3,426.8,9,9,7,9,12,0,0,0,0,0,2444.226,4875.328,10308.399,19251.968,31665.398,America/Los_Angeles,34.03202,-118.52633,86.0,52.09648609161377,0.9782608695652175,0.021739130434782483,0.6663055254604551,0.6658856607310215,0.8211382113821138,0.17886178861788618,0.8212526389866291,0.17874736101337085,1.0,0.0,0.0,12.0,0.0,70.5,1.0,,,,,,,,,,,,,,,,,2026-10-05 00:00:00+00:00,71.75251940473805,18.247480595261955,251.02168684500415,223.64302674784426,472.2702570652882,75.76479754408413,369.0,749.4,66.0,0.6663055254604551,0,29.499999999999996,40,99.69,,2026-09-21T12:00Z,,,,,0.2,17.674,0.1552,nasa_power_ml_plus_cams_spectral,17.8,low,39.7,99.4,below typical locally,33.9,73.7,47.8,47.8,False,40,68.1,7.1,0,horizontal environmental reference,WSW,71.8,"sun low 18° (WSW) — face WSW, lift torso ~72° toward the sun if comfortable",100.0,False,,,50.0,27.7,27.7,,not specified,Environmental scores are skin-type independent.,not personalized
2026-10-04T18:00,deterministic,best_match,84.7,39,57.0,84.9,67.4,1006.8,997.1,79199.48,0,0,0,0,0,0,0.0,0.0,0.0,0.0,4.9,210,11.4,0.9,0.9,3600.0,1,0.0,9.5,0.0,16437.008,541.339,17.1,0.0,0.007,2.48,168.0,126.0,42.0,599.4,288.4,84.9,63.7,21.2,303.0,146.3,8,9,7,9,12,0,0,0,0,0,2457.349,4888.452,10314.961,19255.25,31665.398,America/Los_Angeles,34.03202,-118.52633,86.0,52.09648609161377,1.0,0.0,0.5825242718446603,0.5803144224196856,0.75,0.25,0.7502944640753828,0.24970553592461717,1.0,0.0,0.0,12.0,0.0,55.3,1.0,,,,,,,,,,,,,,,,,2026-10-05 01:00:00+00:00,83.70893182049342,6.291068179506587,260.11070491966257,33.10349002151675,108.64310769184706,21.19844764848589,168.0,599.4,42.0,0.5825242718446603,0,29.277777777777782,39,99.71000000000001,,2026-09-21T12:00Z,,,,,0.2,7.077,0.0513,nasa_power_ml_plus_cams_spectral,7.1,low,21.8,100.0,poor locally,33.7,77.3,49.0,49.0,False,39,67.4,4.9,0,horizontal environmental reference,W,83.7,"sun low 6° (W) — face W, lift torso ~84° toward the sun if comfortable",100.0,False,,,50.0,14.6,14.6,,not specified,Environmental scores are skin-type independent.,not personalized
2026-10-04T19:00,deterministic,best_match,84.1,39,56.5,85.2,66.9,1007.1,997.4,79199.48,0,0,0,0,0,0,0.0,0.0,0.0,0.0,2.2,186,7.2,0.05,0.05,1620.75,0,0.0,8.9,0.0,16338.583,360.892,16.6,0.0,0.001,2.43,12.0,9.0,3.0,120.6,36.4,0.0,0.0,0.0,0.0,0.0,7,9,8,10,10,0,0,0,0,0,2467.192,4898.294,10321.522,19258.532,31665.398,America/Los_Angeles,34.03202,-118.52633,86.0,52.09648609161377,1.0,0.0,0.32967032967032966,,0.75,0.25,,,0.4502083333333333,0.0,0.0,10.0,0.0,33.6,1.0,,,,,,,,,,,,,,,,,2026-10-05 02:00:00+00:00,96.21375989243195,-6.213759892431958,268.52823133357293,0.0,0.0,0.0,12.0,120.6,3.0,0.32967032967032966,0,28.944444444444443,39,99.74,,2026-09-21T12:00Z,,,,,0.2,0.0,0.0,nasa_power_ml_plus_cams_spectral,0.1,low,0.0,0.0,poor locally,,,,,False,39,66.9,2.2,0,horizontal environmental reference,W,,sun below horizon — no direct-sun posture,100.0,False,,,50.0,0.0,0.0,,not specified,Environmental scores are skin-type independent.,not personalized
2026-10-04T20:00,deterministic,best_match,83.1,39,55.6,84.1,66.1,1007.4,997.6,79199.48,0,0,0,0,0,0,0.0,0.0,0.0,0.0,1.9,126,4.0,0.0,0.0,0.0,0,0.0,8.7,0.0,16272.966,262.467,16.5,0.0,0.001,2.36,0.0,0.0,0.0,0.0,0.0,0.0,0.0,0.0,0.0,0.0,7,9,8,10,10,0,0,0,0,0,2480.315,4911.418,10328.084,19261.81,31665.398,America/Los_Angeles,34.03202,-118.52633,86.0,52.09648609161377,,,,,,,,,0.0,0.0,0.0,10.0,0.0,0.0,0.6,,,,,,,,,,,,,,,,,2026-10-05 03:00:00+00:00,108.62901702509765,-18.629017025097653,277.08030810819236,0.0,0.0,0.0,0.0,0.0,0.0,,0,28.388888888888886,39,99.76,,2026-09-21T12:00Z,,,,,0.2,0.0,0.0,nasa_power_ml_plus_cams_spectral,0.0,low,0.0,,poor locally,,,,,False,39,66.1,1.9,0,horizontal environmental reference,W,,sun below horizon — no direct-sun posture,100.0,False,,,50.0,0.0,0.0,,not specified,Environmental scores are skin-type independent.,not personalized
2026-10-04T21:00,deterministic,best_match,81.6,42,56.3,82.2,65.9,1007.7,997.9,79199.48,0,0,0,0,0,0,0.0,0.0,0.0,0.0,3.4,127,3.4,0.0,0.0,0.0,0,0.0,9.3,0.0,16240.157,278.871,17.2,0.0,0.002,2.13,0.0,0.0,0.0,0.0,0.0,0.0,0.0,0.0,0.0,0.0,7,9,8,10,10,0,0,0,0,0,2486.877,4914.698,10328.084,19258.532,31654.812,America/Los_Angeles,34.03202,-118.52633,86.0,52.09648609161377,,,,,,,,,0.0,0.0,0.0,10.0,0.0,0.0,0.6,,,,,,,,,,,,,,,,,2026-10-05 04:00:00+00:00,120.7959289132118,-30.795928913211792,286.6785744319715,0.0,0.0,0.0,0.0,0.0,0.0,,0,27.555555555555554,42,99.78999999999999,,2026-09-21T12:00Z,,,,,0.2,0.0,0.0,nasa_power_ml_plus_cams_spectral,0.0,low,0.0,,poor locally,,,,,False,42,65.9,3.4,0,horizontal environmental reference,WNW,,sun below horizon — no direct-sun posture,100.0,False,,,50.0,0.0,0.0,,not specified,Environmental scores are skin-type independent.,not personalized
2026-10-04T22:00,deterministic,best_match,79.7,47,57.7,80.1,65.8,1008.1,998.3,79199.48,0,0,0,0,0,0,0.0,0.0,0.0,0.0,4.9,137,3.8,0.0,0.0,0.0,0,0.0,10.5,0.0,16174.541,377.297,18.2,0.0,0.002,1.83,0.0,0.0,0.0,0.0,0.0,0.0,0.0,0.0,0.0,0.0,8,10,8,11,10,0,0,0,0,0,2496.719,4921.26,10324.804,19251.968,31638.938,America/Los_Angeles,34.03202,-118.52633,86.0,52.09648609161377,,,,,,,,,0.0,0.0,0.0,11.0,0.0,0.0,0.6,,,,,,,,,,,,,,,,,2026-10-05 05:00:00+00:00,132.27981346080753,-42.279813460807546,298.6558804209959,0.0,0.0,0.0,0.0,0.0,0.0,,0,26.500000000000004,47,99.83,,2026-09-21T12:00Z,,,,,0.2,0.0,0.0,nasa_power_ml_plus_cams_spectral,0.0,low,0.0,,poor locally,,,,,False,47,65.8,4.9,0,horizontal environmental reference,WNW,,sun below horizon — no direct-sun posture,100.0,False,,,50.0,0.0,0.0,,not specified,Environmental scores are skin-type independent.,not personalized
2026-10-04T23:00,deterministic,best_match,78.2,50,58.1,78.6,65.5,1008.3,998.4,79199.48,0,0,0,0,0,0,0.0,0.0,0.0,0.0,5.4,142,4.3,0.0,0.0,0.0,0,0.0,11.4,0.0,16141.732,410.105,19.1,0.0,0.003,1.65,0.0,0.0,0.0,0.0,0.0,0.0,0.0,0.0,0.0,0.0,9,10,8,11,10,0,0,0,0,0,2503.281,4924.541,10324.804,19248.688,31628.354,America/Los_Angeles,34.03202,-118.52633,86.0,52.09648609161377,,,,,,,,,0.0,0.0,0.0,11.0,0.0,0.0,0.6,,,,,,,,,,,,,,,,,2026-10-05 06:00:00+00:00,142.2605681088905,-52.26056810889052,315.1873010770795,0.0,0.0,0.0,0.0,0.0,0.0,,0,25.666666666666668,50,99.84,,2026-09-21T12:00Z,,,,,0.2,0.0,0.0,nasa_power_ml_plus_cams_spectral,0.0,low,0.0,,poor locally,,,,,False,50,65.5,5.4,0,horizontal environmental reference,NW,,sun below horizon — no direct-sun posture,100.0,False,,,50.0,0.0,0.0,,not specified,Environmental scores are skin-type independent.,not personalized
